season,seasontype,week,espn_id,date,neutral,home_id,home,home_abbr,away_id,away,away_abbr,home_score,away_score,completed,pulled_ct,fpi_home_margin,fpi_home_wp,fpi_last_modified,espn_pulled_ct,close_spread,close_total,open_spread,open_total,close_h_sp_price,close_a_sp_price,open_h_sp_price,open_a_sp_price,close_h_ml,close_a_ml,open_h_ml,open_a_ml,line_book,line_src,margin,gameday,game_id
2026,2,1,401864494,2026-08-29T19:00Z,0,30,30,USC,23,23,SJSU,42.0,26.0,1,2026-10-02T09:01:31-05:00,35.204,0.9842,2026-07-21T11:00Z,2026-10-02T09:04:02-05:00,-37.5,61.5,-35.5,57.5,-110.0,-110.0,-110.0,-110.0,-100000.0,5000.0,-50000.0,4000.0,DraftKings,espn_core_odds,16.0,2026-08-29,401864494
2026,2,1,401856766,2026-08-29T16:00Z,1,2628,2628,TCU,153,153,UNC,10.0,15.0,1,2026-10-02T09:01:31-05:00,0.526,0.5154,2026-07-21T11:00Z,2026-10-02T09:04:02-05:00,-7.5,46.5,-6.5,49.5,-102.0,-118.0,-109.0,-114.0,-305.0,245.0,-249.0,195.0,DraftKings,espn_core_odds,-5.0,2026-08-29,401856766
2026,2,1,401858202,2026-08-29T19:30Z,0,258,258,UVA,152,152,NCSU,34.0,8.0,1,2026-10-02T09:01:31-05:00,6.465,0.681,2026-07-21T11:00Z,2026-10-02T09:04:02-05:00,-4.0,50.5,-3.0,53.5,-108.0,-112.0,-108.0,-115.0,-175.0,145.0,-160.0,128.0,DraftKings,espn_core_odds,26.0,2026-08-29,401858202
2026,2,1,401864577,2026-08-29T21:30Z,0,2449,2449,NDSU,55,55,JXST,33.0,7.0,1,2026-10-02T09:01:31-05:00,3.28,0.595,2026-07-21T11:00Z,2026-10-02T09:04:02-05:00,-6.5,46.5,-10.0,48.5,-120.0,100.0,-108.0,-112.0,-285.0,230.0,-325.0,260.0,DraftKings,espn_core_odds,26.0,2026-08-29,401864577
2026,2,1,401866408,2026-08-29T22:30Z,0,2199,2199,EMU,16,16,SAC,28.0,17.0,1,2026-10-02T09:01:31-05:00,-2.01,0.4413,2026-07-21T11:00Z,2026-10-02T09:04:02-05:00,-9.5,52.5,-8.5,52.5,-108.0,-112.0,-108.0,-112.0,-355.0,280.0,-325.0,260.0,DraftKings,espn_core_odds,11.0,2026-08-29,401866408
2026,2,1,401858201,2026-08-29T23:00Z,0,24,24,STAN,62,62,HAW,37.0,27.0,1,2026-10-02T09:01:31-05:00,3.66,0.6057,2026-07-21T11:00Z,2026-10-02T09:04:02-05:00,-4.5,48.5,-3.0,50.5,-110.0,-110.0,-108.0,-112.0,-205.0,170.0,-175.0,154.0,DraftKings,espn_core_odds,10.0,2026-08-29,401858201
2026,2,1,401864570,2026-08-29T23:00Z,0,52,52,FSU,166,166,NMSU,34.0,17.0,1,2026-10-02T09:01:31-05:00,29.815,0.9706,2026-07-21T11:00Z,2026-10-02T09:04:02-05:00,-30.5,53.5,-28.5,53.5,-118.0,-102.0,-112.0,-108.0,-8000.0,2200.0,-10000.0,3000.0,DraftKings,espn_core_odds,17.0,2026-08-29,401864570
2026,2,1,401862693,2026-08-30T02:00Z,0,2439,2439,UNLV,235,235,MEM,21.0,27.0,1,2026-10-02T09:01:31-05:00,7.443,0.7054,2026-07-21T11:00Z,2026-10-02T09:04:02-05:00,-4.5,55.5,-3.0,60.5,-115.0,-105.0,-105.0,-115.0,-192.0,160.0,-175.0,160.0,DraftKings,espn_core_odds,-6.0,2026-08-29,401862693
2026,2,1,401856768,2026-09-04T01:00Z,0,254,254,UTAH,70,70,IDHO,66.0,14.0,1,2026-10-02T09:01:31-05:00,31.084,0.9746,2026-09-03T11:00Z,2026-10-02T09:04:02-05:00,-38.5,60.5,-32.5,56.5,-102.0,-118.0,-112.0,-108.0,-100000.0,5000.0,-50000.0,4000.0,DraftKings,espn_core_odds,52.0,2026-09-03,401856768
2026,2,1,401856663,2026-09-04T00:00Z,0,142,142,MIZ,2029,2029,UAPB,54.0,14.0,1,2026-10-02T09:01:31-05:00,58.522,0.999,2026-09-03T11:00Z,2026-10-02T09:04:02-05:00,-55.5,62.5,-54.5,60.5,-125.0,105.0,-108.0,-112.0,,,,,DraftKings,espn_core_odds,40.0,2026-09-03,401856663
2026,2,1,401858423,2026-09-03T22:00Z,0,164,164,RUTG,113,113,MASS,21.0,37.0,1,2026-10-02T09:01:31-05:00,21.686,0.9272,2026-09-03T11:00Z,2026-10-02T09:04:02-05:00,-29.5,55.5,-30.5,55.5,-110.0,-110.0,-110.0,-110.0,-8000.0,2200.0,-10000.0,3000.0,DraftKings,espn_core_odds,-16.0,2026-09-03,401858423
2026,2,1,401856767,2026-09-03T23:00Z,0,2116,2116,UCF,2065,2065,BCU,73.0,6.0,1,2026-10-02T09:01:31-05:00,41.843,0.9927,2026-09-03T11:00Z,2026-10-02T09:04:03-05:00,-43.5,58.5,-41.5,59.5,-110.0,-110.0,-110.0,-110.0,,,,,DraftKings,espn_core_odds,67.0,2026-09-03,401856767
2026,2,1,401858204,2026-09-03T23:00Z,0,154,154,WAKE,2006,2006,AKR,38.0,16.0,1,2026-10-02T09:01:31-05:00,23.62,0.9411,2026-09-03T11:00Z,2026-10-02T09:04:03-05:00,-27.5,50.5,-22.5,49.5,-115.0,-105.0,-110.0,-110.0,-3600.0,1500.0,-2400.0,1200.0,DraftKings,espn_core_odds,22.0,2026-09-03,401858204
2026,2,1,401864424,2026-09-03T23:00Z,0,48,48,DEL,2771,2771,MRMK,42.0,7.0,1,2026-10-02T09:01:31-05:00,31.17,0.9748,2026-09-03T11:00Z,2026-10-02T09:04:03-05:00,-31.5,56.5,-27.5,55.5,-112.0,-108.0,-110.0,-110.0,-6500.0,2000.0,-8000.0,2200.0,DraftKings,espn_core_odds,35.0,2026-09-03,401864424
2026,2,1,401864425,2026-09-03T23:00Z,0,338,338,KENN,2698,2698,WES,47.0,0.0,1,2026-10-02T09:01:31-05:00,19.675,0.9096,2026-09-03T11:00Z,2026-10-02T09:04:03-05:00,-22.5,50.5,-21.5,51.5,-112.0,-108.0,-108.0,-112.0,-4000.0,1600.0,-2800.0,1300.0,DraftKings,espn_core_odds,47.0,2026-09-03,401864425
2026,2,1,401866409,2026-09-03T23:00Z,0,2084,2084,BUFF,399,399,ALB,21.0,17.0,1,2026-10-02T09:01:31-05:00,20.415,0.9164,2026-09-03T11:00Z,2026-10-02T09:04:03-05:00,-18.5,47.5,-24.5,48.5,-108.0,-112.0,-110.0,-110.0,-1050.0,675.0,-1800.0,1000.0,DraftKings,espn_core_odds,4.0,2026-09-03,401866409
2026,2,1,401856776,2026-09-04T00:00Z,0,59,59,GT,38,38,COLO,13.0,14.0,1,2026-10-02T09:01:31-05:00,2.938,0.5853,2026-09-03T11:00Z,2026-10-02T09:04:03-05:00,-6.5,53.5,-7.0,51.5,-110.0,-110.0,-110.0,-110.0,-238.0,195.0,-290.0,235.0,DraftKings,espn_core_odds,-1.0,2026-09-03,401856776
2026,2,1,401858422,2026-09-04T00:00Z,0,135,135,MINN,2197,2197,EIU,59.0,7.0,1,2026-10-02T09:01:31-05:00,33.839,0.9815,2026-09-03T11:00Z,2026-10-02T09:04:03-05:00,-42.5,52.5,-43.5,51.5,-115.0,-105.0,-110.0,-110.0,,,,,DraftKings,espn_core_odds,52.0,2026-09-03,401858422
2026,2,1,401858424,2026-09-04T01:00Z,0,356,356,ILL,5,5,UAB,42.0,23.0,1,2026-10-02T09:01:31-05:00,25.367,0.9515,2026-09-03T11:00Z,2026-10-02T09:04:03-05:00,-25.5,53.5,-27.5,56.5,-108.0,-112.0,-108.0,-112.0,-3600.0,1500.0,-6500.0,2000.0,DraftKings,espn_core_odds,19.0,2026-09-03,401858424
2026,2,1,401858206,2026-09-05T01:00Z,0,24,24,STAN,2390,2390,MIA,6.0,45.0,1,2026-10-02T09:01:31-05:00,-21.43,0.0749,2026-09-04T11:00Z,2026-10-02T09:04:03-05:00,24.5,46.5,21.5,48.5,-112.0,-108.0,-110.0,-110.0,1600.0,-4000.0,1100.0,-2100.0,DraftKings,espn_core_odds,-39.0,2026-09-04,401858206
2026,2,1,401856664,2026-09-05T00:00Z,0,201,201,OU,2638,2638,UTEP,51.0,0.0,1,2026-10-02T09:01:31-05:00,38.784,0.9895,2026-09-04T11:00Z,2026-10-02T09:04:03-05:00,-40.5,51.5,-40.5,50.5,-110.0,-110.0,-105.0,-115.0,,,,,DraftKings,espn_core_odds,51.0,2026-09-04,401856664
2026,2,1,401858436,2026-09-05T01:00Z,0,30,30,USC,278,278,FRES,39.0,0.0,1,2026-10-02T09:01:31-05:00,17.58,0.8872,2026-09-04T11:00Z,2026-10-02T09:04:03-05:00,-21.5,51.5,-23.5,51.5,-112.0,-108.0,-108.0,-112.0,-2100.0,1100.0,-2800.0,1300.0,DraftKings,espn_core_odds,39.0,2026-09-04,401858436
2026,2,1,401864495,2026-09-04T22:30Z,0,2199,2199,EMU,23,23,SJSU,21.0,27.0,1,2026-10-02T09:01:31-05:00,0.64,0.5188,2026-09-04T11:00Z,2026-10-02T09:04:03-05:00,-1.5,54.5,-3.5,53.5,-108.0,-112.0,-112.0,-108.0,-115.0,-105.0,-162.0,136.0,DraftKings,espn_core_odds,-6.0,2026-09-04,401864495
2026,2,1,401858435,2026-09-04T23:00Z,0,2509,2509,PUR,282,282,INST,44.0,19.0,1,2026-10-02T09:01:31-05:00,32.542,0.9785,2026-09-04T11:00Z,2026-10-02T09:04:03-05:00,-35.5,55.5,-33.5,56.5,-102.0,-118.0,-110.0,-110.0,,,,,DraftKings,espn_core_odds,25.0,2026-09-04,401858435
2026,2,1,401866623,2026-09-04T23:00Z,0,2247,2247,GAST,2448,2448,NCAT,59.0,10.0,1,2026-10-02T09:01:31-05:00,30.197,0.9719,2026-09-04T11:00Z,2026-10-02T09:04:03-05:00,-28.5,58.5,-28.5,63.5,-105.0,-115.0,-108.0,-112.0,-4000.0,1600.0,-4500.0,1700.0,DraftKings,espn_core_odds,49.0,2026-09-04,401866623
2026,2,1,401856769,2026-09-05T00:00Z,0,2305,2305,KU,2341,2341,LIU,51.0,6.0,1,2026-10-02T09:01:31-05:00,39.365,0.9902,2026-09-04T11:00Z,2026-10-02T09:04:03-05:00,-44.5,57.5,-38.5,53.5,-115.0,-105.0,-105.0,-115.0,,,,,DraftKings,espn_core_odds,45.0,2026-09-04,401856769
2026,2,1,401858429,2026-09-05T00:00Z,0,127,127,MSU,2649,2649,TOL,30.0,20.0,1,2026-10-02T09:01:31-05:00,5.412,0.6536,2026-09-04T11:00Z,2026-10-02T09:04:03-05:00,-10.0,48.5,-10.5,49.5,-110.0,-110.0,-108.0,-112.0,-395.0,310.0,-395.0,310.0,DraftKings,espn_core_odds,10.0,2026-09-04,401858429
2026,2,1,401858432,2026-09-05T16:30Z,0,194,194,OSU,2050,2050,BALL,56.0,3.0,1,2026-10-02T09:01:31-05:00,50.482,0.9973,2026-09-05T11:00Z,2026-10-02T09:04:03-05:00,-50.5,55.5,-49.5,56.5,-108.0,-112.0,-108.0,-112.0,,,,,DraftKings,espn_core_odds,53.0,2026-09-05,401858432
2026,2,1,401858433,2026-09-05T19:30Z,0,2483,2483,ORE,68,68,BOIS,34.0,27.0,1,2026-10-02T09:01:31-05:00,24.667,0.9475,2026-09-05T11:00Z,2026-10-02T09:04:03-05:00,-24.5,53.5,-24.5,52.5,-115.0,-105.0,-112.0,-108.0,-2800.0,1300.0,-3600.0,1500.0,DraftKings,espn_core_odds,7.0,2026-09-05,401858433
2026,2,1,401856658,2026-09-05T19:00Z,0,61,61,UGA,2634,2634,TNST,63.0,3.0,1,2026-10-02T09:01:31-05:00,61.895,0.9993,2026-09-05T11:00Z,2026-10-02T09:04:03-05:00,-49.5,55.5,-44.5,56.5,-108.0,-112.0,-110.0,-110.0,,,,,DraftKings,espn_core_odds,60.0,2026-09-05,401856658
2026,2,1,401856667,2026-09-05T19:30Z,0,251,251,TEX,326,326,TXST,59.0,7.0,1,2026-10-02T09:01:31-05:00,34.959,0.9837,2026-09-05T11:00Z,2026-10-02T09:04:03-05:00,-29.5,61.5,-30.5,59.5,-112.0,-108.0,-110.0,-110.0,-8000.0,2200.0,-9000.0,2500.0,DraftKings,espn_core_odds,52.0,2026-09-05,401856667
2026,2,1,401858425,2026-09-05T16:00Z,0,84,84,IU,249,249,UNT,52.0,16.0,1,2026-10-02T09:01:31-05:00,33.87,0.9815,2026-09-05T11:00Z,2026-10-02T09:04:03-05:00,-39.5,57.5,-40.5,55.5,-110.0,-110.0,-108.0,-112.0,,,,,DraftKings,espn_core_odds,36.0,2026-09-05,401858425
2026,2,1,401856668,2026-09-05T23:00Z,0,245,245,TA&M,2623,2623,MOST,50.0,0.0,1,2026-10-02T09:01:31-05:00,34.351,0.9825,2026-09-05T11:00Z,2026-10-02T09:04:03-05:00,-38.5,53.5,-38.5,52.5,-112.0,-108.0,-110.0,-110.0,,,,,DraftKings,espn_core_odds,50.0,2026-09-05,401856668
2026,2,1,401856660,2026-09-06T01:40Z,0,99,99,LSU,228,228,CLEM,51.0,10.0,1,2026-10-02T09:01:31-05:00,9.517,0.7533,2026-09-05T11:00Z,2026-10-02T09:04:03-05:00,-10.0,48.5,-10.5,50.5,-112.0,-108.0,-109.0,-114.0,-410.0,320.0,-453.0,328.0,DraftKings,espn_core_odds,41.0,2026-09-05,401856660
2026,2,1,401856770,2026-09-05T23:00Z,0,2641,2641,TTU,2000,2000,ACU,33.0,10.0,1,2026-10-02T09:01:31-05:00,40.663,0.9916,2026-09-05T11:00Z,2026-10-02T09:04:03-05:00,-45.5,61.5,-42.5,59.5,-112.0,-108.0,-112.0,-108.0,,,,,DraftKings,espn_core_odds,23.0,2026-09-05,401856770
2026,2,1,401856634,2026-09-05T16:00Z,0,333,333,ALA,151,151,ECU,48.0,10.0,1,2026-10-02T09:01:31-05:00,24.401,0.946,2026-09-05T11:00Z,2026-10-02T09:04:04-05:00,-28.5,52.5,-25.5,54.5,100.0,-120.0,-112.0,-108.0,-6500.0,2000.0,-4000.0,1600.0,DraftKings,espn_core_odds,38.0,2026-09-05,401856634
2026,2,1,401856775,2026-09-06T00:00Z,0,252,252,BYU,3101,3101,UTU,63.0,7.0,1,2026-10-02T09:01:31-05:00,49.433,0.997,2026-09-05T11:00Z,2026-10-02T09:04:04-05:00,-50.5,61.5,-47.5,54.5,-115.0,-105.0,-110.0,-110.0,,,,,DraftKings,espn_core_odds,56.0,2026-09-05,401856775
2026,2,1,401858428,2026-09-05T23:30Z,0,130,130,MICH,2711,2711,WMU,13.0,12.0,1,2026-10-02T09:01:31-05:00,22.986,0.9368,2026-09-05T11:00Z,2026-10-02T09:04:04-05:00,-27.5,50.5,-26.5,47.5,-115.0,-105.0,-110.0,-110.0,-8000.0,2200.0,-8000.0,2200.0,DraftKings,espn_core_odds,1.0,2026-09-05,401858428
2026,2,1,401858434,2026-09-05T19:30Z,0,213,213,PSU,276,276,MRSH,45.0,0.0,1,2026-10-02T09:01:31-05:00,25.948,0.9545,2026-09-05T11:00Z,2026-10-02T09:04:04-05:00,-23.5,53.5,-23.5,54.5,-108.0,-112.0,-108.0,-112.0,-2100.0,1100.0,-2400.0,1200.0,DraftKings,espn_core_odds,45.0,2026-09-05,401858434
2026,2,1,401856666,2026-09-05T19:30Z,0,2633,2633,TENN,231,231,FUR,56.0,9.0,1,2026-10-02T09:01:31-05:00,46.524,0.9958,2026-09-05T11:00Z,2026-10-02T09:04:04-05:00,-49.5,66.5,-46.5,66.5,-105.0,-115.0,-112.0,-108.0,,,,,DraftKings,espn_core_odds,47.0,2026-09-05,401856666
2026,2,1,401858426,2026-09-05T20:15Z,0,2294,2294,IOWA,2459,2459,NIU,40.0,0.0,1,2026-10-02T09:01:31-05:00,28.492,0.9659,2026-09-05T11:00Z,2026-10-02T09:04:04-05:00,-31.5,44.5,-29.5,43.5,-105.0,-115.0,-108.0,-112.0,-10000.0,3000.0,-9000.0,2500.0,DraftKings,espn_core_odds,40.0,2026-09-05,401858426
2026,2,1,401856778,2026-09-05T16:00Z,0,248,248,HOU,204,204,ORST,33.0,20.0,1,2026-10-02T09:01:31-05:00,20.071,0.9133,2026-09-05T11:00Z,2026-10-02T09:04:04-05:00,-21.0,50.5,-18.5,50.5,-105.0,-115.0,-108.0,-112.0,-1450.0,850.0,-1200.0,750.0,DraftKings,espn_core_odds,13.0,2026-09-05,401856778
2026,2,1,401856780,2026-09-05T16:00Z,0,277,277,WVU,324,324,CCU,31.0,24.0,1,2026-10-02T09:01:31-05:00,15.315,0.8578,2026-09-05T11:00Z,2026-10-02T09:04:04-05:00,-21.0,54.5,-17.5,58.5,-115.0,-105.0,-105.0,-115.0,-1800.0,1000.0,-1600.0,850.0,DraftKings,espn_core_odds,7.0,2026-09-05,401856780
2026,2,1,401858208,2026-09-05T16:00Z,0,183,183,SYR,160,160,UNH,66.0,3.0,1,2026-10-02T09:01:31-05:00,28.497,0.9659,2026-09-05T11:00Z,2026-10-02T09:04:04-05:00,-35.5,56.5,-32.5,55.5,-108.0,-112.0,-110.0,-110.0,-100000.0,5000.0,-100000.0,5000.0,DraftKings,espn_core_odds,63.0,2026-09-05,401858208
2026,2,1,401858430,2026-09-05T16:00Z,0,158,158,NEB,195,195,OHIO,49.0,21.0,1,2026-10-02T09:01:31-05:00,20.501,0.9172,2026-09-05T11:00Z,2026-10-02T09:04:04-05:00,-23.5,47.5,-23.5,47.5,-118.0,-102.0,-105.0,-115.0,-2100.0,1100.0,-2800.0,1300.0,DraftKings,espn_core_odds,28.0,2026-09-05,401858430
2026,2,1,401861962,2026-09-05T16:00Z,0,41,41,CONN,322,322,LAF,56.0,7.0,1,2026-10-02T09:01:31-05:00,18.286,0.8952,2026-09-05T11:00Z,2026-10-02T09:04:04-05:00,-21.5,51.5,-18.5,58.5,-105.0,-115.0,-112.0,-108.0,-1800.0,1000.0,-1100.0,700.0,DraftKings,espn_core_odds,49.0,2026-09-05,401861962
2026,2,1,401862701,2026-09-05T16:00Z,0,349,349,ARMY,2803,2803,BRY,59.0,3.0,1,2026-10-02T09:01:31-05:00,28.773,0.9669,2026-09-05T11:00Z,2026-10-02T09:04:04-05:00,-37.5,51.5,-36.5,51.5,-112.0,-108.0,-108.0,-112.0,,,,,DraftKings,espn_core_odds,56.0,2026-09-05,401862701
2026,2,1,401866410,2026-09-05T16:00Z,0,189,189,BGSU,2627,2627,TAR,13.0,20.0,1,2026-10-02T09:01:31-05:00,2.22,0.5648,2026-09-05T11:00Z,2026-10-02T09:04:04-05:00,-1.5,49.5,-1.5,47.5,-112.0,-108.0,-115.0,-105.0,-125.0,105.0,-125.0,105.0,DraftKings,espn_core_odds,-7.0,2026-09-05,401866410
2026,2,1,401869960,2026-09-05T16:00Z,0,256,256,JMU,2335,2335,LIB,20.0,13.0,1,2026-10-02T09:01:31-05:00,8.003,0.7189,2026-09-05T11:00Z,2026-10-02T09:04:04-05:00,-6.0,50.5,-6.0,50.5,-110.0,-110.0,-110.0,-110.0,-225.0,185.0,-250.0,205.0,DraftKings,espn_core_odds,7.0,2026-09-05,401869960
2026,2,1,401858207,2026-09-05T16:30Z,0,221,221,PITT,193,193,M-OH,59.0,14.0,1,2026-10-02T09:01:31-05:00,16.532,0.8743,2026-09-05T11:00Z,2026-10-02T09:04:04-05:00,-16.5,47.5,-16.5,50.5,-110.0,-110.0,-110.0,-110.0,-850.0,575.0,-750.0,525.0,DraftKings,espn_core_odds,45.0,2026-09-05,401858207
2026,2,1,401856665,2026-09-05T16:45Z,0,2579,2579,SC,2309,2309,KENT,57.0,0.0,1,2026-10-02T09:01:31-05:00,33.649,0.9811,2026-09-05T11:00Z,2026-10-02T09:04:04-05:00,-35.5,52.5,-33.5,52.5,-102.0,-118.0,-110.0,-110.0,-50000.0,4000.0,-20000.0,3500.0,DraftKings,espn_core_odds,57.0,2026-09-05,401856665
2026,2,1,401856659,2026-09-05T17:00Z,0,96,96,UK,2754,2754,YSU,45.0,13.0,1,2026-10-02T09:01:31-05:00,22.86,0.936,2026-09-05T11:00Z,2026-10-02T09:04:04-05:00,-22.5,61.5,-23.5,62.5,-110.0,-110.0,-108.0,-112.0,-2100.0,1100.0,-3200.0,1400.0,DraftKings,espn_core_odds,32.0,2026-09-05,401856659
2026,2,1,401856779,2026-09-05T17:00Z,0,66,66,ISU,2546,2546,SEMO,38.0,10.0,1,2026-10-02T09:01:31-05:00,29.12,0.9682,2026-09-05T11:00Z,2026-10-02T09:04:04-05:00,-29.5,52.5,-29.5,54.5,-118.0,-102.0,-110.0,-110.0,-9000.0,2500.0,-10000.0,3000.0,DraftKings,espn_core_odds,28.0,2026-09-05,401856779
2026,2,1,401864496,2026-09-05T17:00Z,0,2005,2005,AFA,2184,2184,DUQ,34.0,0.0,1,2026-10-02T09:01:31-05:00,27.401,0.9614,2026-09-05T11:00Z,2026-10-02T09:04:04-05:00,-31.5,55.5,-28.5,58.5,-110.0,-110.0,-112.0,-108.0,-4000.0,1600.0,-9000.0,2500.0,DraftKings,espn_core_odds,34.0,2026-09-05,401864496
2026,2,1,401862698,2026-09-05T18:00Z,0,218,218,TEM,227,227,URI,38.0,14.0,1,2026-10-02T09:01:31-05:00,14.194,0.8409,2026-09-05T11:00Z,2026-10-02T09:04:04-05:00,-14.5,51.5,-10.0,51.5,-110.0,-110.0,-112.0,-108.0,-675.0,490.0,-470.0,360.0,DraftKings,espn_core_odds,24.0,2026-09-05,401862698
2026,2,1,401856636,2026-09-05T19:30Z,1,2,2,AUB,239,239,BAY,17.0,16.0,1,2026-10-02T09:01:31-05:00,8.432,0.7289,2026-09-05T11:00Z,2026-10-02T09:04:04-05:00,-6.5,58.5,-6.5,59.5,-115.0,-105.0,-111.0,-112.0,-258.0,210.0,-269.0,209.0,DraftKings,espn_core_odds,1.0,2026-09-05,401856636
2026,2,1,401856777,2026-09-05T19:30Z,0,2132,2132,CIN,103,103,BC,34.0,15.0,1,2026-10-02T09:01:31-05:00,10.196,0.7678,2026-09-05T11:00Z,2026-10-02T09:04:04-05:00,-7.0,51.5,-9.5,54.5,-108.0,-112.0,-105.0,-115.0,-285.0,230.0,-265.0,215.0,DraftKings,espn_core_odds,19.0,2026-09-05,401856777
2026,2,1,401858209,2026-09-05T19:30Z,0,150,150,DUKE,2655,2655,TULN,17.0,3.0,1,2026-10-02T09:01:31-05:00,4.149,0.6193,2026-09-05T11:00Z,2026-10-02T09:04:04-05:00,-9.5,51.5,-8.5,53.5,-110.0,-110.0,-112.0,-108.0,-380.0,300.0,-455.0,350.0,DraftKings,espn_core_odds,14.0,2026-09-05,401858209
2026,2,1,401862694,2026-09-05T19:30Z,0,2429,2429,CLT,2643,2643,CIT,41.0,43.0,1,2026-10-02T09:01:31-05:00,22.761,0.9352,2026-09-05T11:00Z,2026-10-02T09:04:04-05:00,-20.5,49.5,-10.5,46.5,-108.0,-112.0,-112.0,-108.0,-1650.0,950.0,-535.0,400.0,DraftKings,espn_core_odds,-2.0,2026-09-05,401862694
2026,2,1,401862696,2026-09-05T19:30Z,0,2426,2426,NAVY,119,119,TOW,42.0,15.0,1,2026-10-02T09:01:31-05:00,30.144,0.9717,2026-09-05T11:00Z,2026-10-02T09:04:04-05:00,-31.5,50.5,-30.5,53.5,-112.0,-108.0,-110.0,-110.0,-100000.0,5000.0,-20000.0,3500.0,DraftKings,espn_core_odds,27.0,2026-09-05,401862696
2026,2,1,401862700,2026-09-05T19:30Z,0,2636,2636,UTSA,292,292,RGV,45.0,16.0,1,2026-10-02T09:01:31-05:00,16.344,0.8719,2026-09-05T11:00Z,2026-10-02T09:04:04-05:00,-28.5,59.5,-28.5,59.5,-102.0,-118.0,-112.0,-108.0,-6500.0,2000.0,-9000.0,2500.0,DraftKings,espn_core_odds,29.0,2026-09-05,401862700
2026,2,1,401864499,2026-09-05T19:30Z,0,2449,2449,NDSU,2230,2230,FOR,38.0,0.0,1,2026-10-02T09:01:31-05:00,38.441,0.9891,2026-09-05T11:00Z,2026-10-02T09:04:04-05:00,-41.5,54.5,-39.5,57.5,-105.0,-115.0,-115.0,-105.0,,,,,DraftKings,espn_core_odds,38.0,2026-09-05,401864499
2026,2,1,401866627,2026-09-05T19:30Z,0,2026,2026,APP,311,311,ME,55.0,3.0,1,2026-10-02T09:01:31-05:00,22.403,0.9327,2026-09-05T11:00Z,2026-10-02T09:04:04-05:00,-21.0,53.5,-17.5,53.5,-108.0,-112.0,-108.0,-112.0,-1450.0,850.0,-1450.0,850.0,DraftKings,espn_core_odds,52.0,2026-09-05,401866627
2026,2,1,401856772,2026-09-05T19:45Z,0,202,202,TLSA,197,197,OKST,24.0,10.0,1,2026-10-02T09:01:31-05:00,-11.022,0.2152999999999999,2026-09-05T11:00Z,2026-10-02T09:04:05-05:00,13.5,57.5,11.5,61.5,-112.0,-115.0,-108.0,-112.0,390.0,-520.0,390.0,-520.0,DraftKings,espn_core_odds,14.0,2026-09-05,401856772
2026,2,1,401856635,2026-09-05T20:15Z,0,8,8,ARK,2453,2453,UNA,31.0,14.0,1,2026-10-02T09:01:31-05:00,36.166,0.9858,2026-09-05T11:00Z,2026-10-02T09:04:05-05:00,-40.5,63.5,-40.5,63.5,-115.0,-105.0,-112.0,-108.0,,,,,DraftKings,espn_core_odds,17.0,2026-09-05,401856635
2026,2,1,401868356,2026-09-05T21:00Z,0,2572,2572,USM,2016,2016,ALCN,49.0,3.0,1,2026-10-02T09:01:31-05:00,32.097,0.9774,2026-09-05T11:00Z,2026-10-02T09:04:05-05:00,-20.5,51.5,-21.0,50.5,-105.0,-115.0,-108.0,-112.0,-1600.0,900.0,-2800.0,1300.0,DraftKings,espn_core_odds,46.0,2026-09-05,401868356
2026,2,1,401860878,2026-09-05T22:00Z,0,36,36,CSU,2751,2751,WYO,35.0,13.0,1,2026-10-02T09:01:31-05:00,2.691,0.5783,2026-09-05T11:00Z,2026-10-02T09:04:05-05:00,-2.5,45.5,-4.0,47.5,-108.0,-112.0,-110.0,-110.0,-130.0,110.0,-180.0,150.0,DraftKings,espn_core_odds,22.0,2026-09-05,401860878
2026,2,1,401867973,2026-09-05T22:00Z,0,295,295,ODU,2450,2450,NORF,31.0,10.0,1,2026-10-02T09:01:31-05:00,37.606,0.988,2026-09-05T11:00Z,2026-10-02T09:04:05-05:00,-41.5,52.5,-41.5,55.5,-112.0,-108.0,-108.0,-112.0,,,,,DraftKings,espn_core_odds,21.0,2026-09-05,401867973
2026,2,1,401856669,2026-09-05T23:00Z,0,238,238,VAN,2046,2046,APSU,28.0,9.0,1,2026-10-02T09:01:31-05:00,27.317,0.961,2026-09-05T11:00Z,2026-10-02T09:04:05-05:00,-29.5,57.5,-30.5,61.5,-108.0,-112.0,-112.0,-108.0,-6500.0,2000.0,-50000.0,4000.0,DraftKings,espn_core_odds,19.0,2026-09-05,401856669
2026,2,1,401856771,2026-09-05T23:00Z,0,2306,2306,KSU,2447,2447,NICH,71.0,3.0,1,2026-10-02T09:01:31-05:00,33.637,0.981,2026-09-05T11:00Z,2026-10-02T09:04:05-05:00,-41.5,55.5,-40.5,55.5,-110.0,-110.0,-112.0,-108.0,,,,,DraftKings,espn_core_odds,68.0,2026-09-05,401856771
2026,2,1,401860880,2026-09-05T23:00Z,0,328,328,USU,304,304,IDST,17.0,29.0,1,2026-10-02T09:01:31-05:00,17.331,0.8842,2026-09-05T11:00Z,2026-10-02T09:04:05-05:00,-15.5,59.5,-11.5,64.5,-110.0,-110.0,-108.0,-112.0,-675.0,490.0,-535.0,400.0,DraftKings,espn_core_odds,-12.0,2026-09-05,401860880
2026,2,1,401862695,2026-09-05T23:00Z,0,235,235,MEM,2032,2032,ARST,42.0,24.0,1,2026-10-02T09:01:31-05:00,9.898,0.7616,2026-09-05T11:00Z,2026-10-02T09:04:05-05:00,-10.5,52.5,-10.5,55.5,-108.0,-112.0,-108.0,-112.0,-395.0,310.0,-425.0,330.0,DraftKings,espn_core_odds,18.0,2026-09-05,401862695
2026,2,1,401862697,2026-09-05T23:00Z,0,242,242,RICE,2277,2277,HCU,31.0,3.0,1,2026-10-02T09:01:31-05:00,21.375,0.9247,2026-09-05T11:00Z,2026-10-02T09:04:05-05:00,-22.5,47.5,-23.5,47.5,-115.0,-105.0,-112.0,-108.0,-2400.0,1200.0,-5000.0,1800.0,DraftKings,espn_core_odds,28.0,2026-09-05,401862697
2026,2,1,401862699,2026-09-05T23:00Z,0,58,58,USF,2229,2229,FIU,19.0,9.0,1,2026-10-02T09:01:31-05:00,14.38,0.8438,2026-09-05T11:00Z,2026-10-02T09:04:05-05:00,-14.5,53.5,-12.5,54.5,-105.0,-115.0,-110.0,-110.0,-650.0,470.0,-440.0,340.0,DraftKings,espn_core_odds,10.0,2026-09-05,401862699
2026,2,1,401868140,2026-09-05T23:00Z,0,55,55,JXST,2198,2198,EKU,49.0,7.0,1,2026-10-02T09:01:31-05:00,15.302,0.8576,2026-09-05T11:00Z,2026-10-02T09:04:05-05:00,-22.5,51.5,-19.5,52.5,-112.0,-108.0,-112.0,-108.0,-2100.0,1100.0,-1800.0,1000.0,DraftKings,espn_core_odds,42.0,2026-09-05,401868140
2026,2,1,401868170,2026-09-05T23:00Z,0,290,290,GASO,2127,2127,CHSO,31.0,0.0,1,2026-10-02T09:01:31-05:00,27.08,0.96,2026-09-05T11:00Z,2026-10-02T09:04:05-05:00,-28.5,51.5,-25.5,51.5,-108.0,-112.0,-110.0,-110.0,-5000.0,1800.0,-8000.0,2200.0,DraftKings,espn_core_odds,31.0,2026-09-05,401868170
2026,2,1,401868316,2026-09-05T23:00Z,0,6,6,USA,2545,2545,SELA,39.0,14.0,1,2026-10-02T09:01:31-05:00,14.975,0.8528,2026-09-05T11:00Z,2026-10-02T09:04:05-05:00,-13.5,53.5,-12.5,52.5,-112.0,-108.0,-110.0,-110.0,-575.0,425.0,-485.0,370.0,DraftKings,espn_core_odds,25.0,2026-09-05,401868316
2026,2,1,401870763,2026-09-05T23:00Z,0,2653,2653,TROY,2534,2534,SHSU,24.0,21.0,1,2026-10-02T09:01:31-05:00,14.212,0.8412,2026-09-05T11:00Z,2026-10-02T09:04:05-05:00,-15.5,52.5,-17.5,50.5,-115.0,-105.0,-108.0,-112.0,-800.0,550.0,-1200.0,750.0,DraftKings,espn_core_odds,3.0,2026-09-05,401870763
2026,2,1,401856662,2026-09-05T23:30Z,0,344,344,MSST,2433,2433,ULM,62.0,13.0,1,2026-10-02T09:01:31-05:00,26.719,0.9583,2026-09-05T11:00Z,2026-10-02T09:04:05-05:00,-28.5,54.5,-28.5,54.5,-105.0,-115.0,-105.0,-115.0,-4000.0,1600.0,-6500.0,2000.0,DraftKings,espn_core_odds,49.0,2026-09-05,401856662
2026,2,1,401858211,2026-09-05T23:30Z,0,259,259,VT,2678,2678,VMI,73.0,3.0,1,2026-10-02T09:01:31-05:00,52.609,0.9979,2026-09-05T11:00Z,2026-10-02T09:04:05-05:00,-54.5,60.5,-50.5,57.5,-108.0,-112.0,-112.0,-108.0,,,,,DraftKings,espn_core_odds,70.0,2026-09-05,401858211
2026,2,1,401869129,2026-09-05T23:30Z,0,2348,2348,LT,2466,2466,NWST,80.0,6.0,1,2026-10-02T09:01:31-05:00,39.19,0.99,2026-09-05T11:00Z,2026-10-02T09:04:05-05:00,-44.5,56.5,-41.5,52.5,-115.0,-105.0,-112.0,-108.0,,,,,DraftKings,espn_core_odds,74.0,2026-09-05,401869129
2026,2,1,401856637,2026-09-05T23:45Z,0,57,57,FLA,2226,2226,FAU,66.0,21.0,1,2026-10-02T09:01:31-05:00,28.37,0.9654,2026-09-05T11:00Z,2026-10-02T09:04:05-05:00,-26.5,59.5,-25.5,56.5,-108.0,-112.0,-115.0,-105.0,-2400.0,1200.0,-3600.0,1500.0,DraftKings,espn_core_odds,45.0,2026-09-05,401856637
2026,2,1,401867866,2026-09-05T23:45Z,0,2393,2393,MTSU,93,93,MUR,38.0,14.0,1,2026-10-02T09:01:31-05:00,24.566,0.9469999999999998,2026-09-05T11:00Z,2026-10-02T09:04:05-05:00,-22.5,55.5,-20.5,59.5,-110.0,-110.0,-105.0,-115.0,-1800.0,1000.0,-1800.0,1000.0,DraftKings,espn_core_odds,24.0,2026-09-05,401867866
2026,2,1,401858427,2026-09-06T00:00Z,0,120,120,MD,2261,2261,HAMP,62.0,0.0,1,2026-10-02T09:01:31-05:00,43.292,0.9938,2026-09-05T11:00Z,2026-10-02T09:04:05-05:00,-45.5,56.5,-45.5,56.5,-115.0,-105.0,-112.0,-108.0,,,,,DraftKings,espn_core_odds,62.0,2026-09-05,401858427
2026,2,1,401858431,2026-09-06T00:00Z,0,77,77,NU,2571,2571,SDST,34.0,18.0,1,2026-10-02T09:01:31-05:00,10.045,0.7646999999999999,2026-09-05T11:00Z,2026-10-02T09:04:05-05:00,-14.0,49.5,-11.5,46.5,100.0,-120.0,-110.0,-110.0,-535.0,400.0,-575.0,425.0,DraftKings,espn_core_odds,16.0,2026-09-05,401858431
2026,2,1,401869142,2026-09-06T00:00Z,0,309,309,UL,2320,2320,LAM,38.0,7.0,1,2026-10-02T09:01:31-05:00,18.86,0.9014,2026-09-05T11:00Z,2026-10-02T09:04:05-05:00,-20.5,48.5,-18.5,48.5,-110.0,-110.0,-112.0,-108.0,-1200.0,750.0,-2100.0,1100.0,DraftKings,espn_core_odds,31.0,2026-09-05,401869142
2026,2,1,401870790,2026-09-06T01:00Z,0,166,166,NMSU,2385,2385,MERC,51.0,14.0,1,2026-10-02T09:01:31-05:00,27.287,0.9609,2026-09-05T11:00Z,2026-10-02T09:04:05-05:00,-29.5,52.5,-24.5,50.5,-110.0,-110.0,-108.0,-112.0,-8000.0,2200.0,-4500.0,1700.0,DraftKings,espn_core_odds,37.0,2026-09-05,401870790
2026,2,1,401856773,2026-09-06T01:30Z,0,12,12,ARIZ,2464,2464,NAU,35.0,7.0,1,2026-10-02T09:01:31-05:00,30.086,0.9715,2026-09-05T11:00Z,2026-10-02T09:04:05-05:00,-33.5,59.5,-31.5,56.5,-112.0,-108.0,-108.0,-112.0,-8000.0,2200.0,-10000.0,3000.0,DraftKings,espn_core_odds,28.0,2026-09-05,401856773
2026,2,1,401860879,2026-09-06T01:30Z,0,21,21,SDSU,2502,2502,PRST,53.0,20.0,1,2026-10-02T09:01:31-05:00,35.001,0.9838,2026-09-05T11:00Z,2026-10-02T09:04:06-05:00,-38.5,61.5,-38.5,57.5,-105.0,-115.0,-112.0,-108.0,,,,,DraftKings,espn_core_odds,33.0,2026-09-05,401860879
2026,2,1,401856774,2026-09-06T02:00Z,0,9,9,ASU,2415,2415,MORG,70.0,7.0,1,2026-10-02T09:01:31-05:00,45.259,0.9951,2026-09-05T11:00Z,2026-10-02T09:04:06-05:00,-43.5,52.5,-41.5,52.5,-115.0,-105.0,-105.0,-115.0,,,,,DraftKings,espn_core_odds,63.0,2026-09-05,401856774
2026,2,1,401864497,2026-09-06T02:00Z,0,62,62,HAW,2439,2439,UNLV,6.0,21.0,1,2026-10-02T09:01:31-05:00,0.611,0.5179,2026-09-05T11:00Z,2026-10-02T09:04:06-05:00,2.5,55.5,1.5,57.5,-115.0,-105.0,-110.0,-110.0,105.0,-125.0,105.0,-125.0,DraftKings,espn_core_odds,-15.0,2026-09-05,401864497
2026,2,1,401864498,2026-09-06T02:00Z,0,167,167,UNM,2117,2117,CMU,38.0,7.0,1,2026-10-02T09:01:31-05:00,13.182,0.8244,2026-09-05T11:00Z,2026-10-02T09:04:06-05:00,-11.5,47.5,-12.5,49.5,-105.0,-115.0,-108.0,-112.0,-470.0,360.0,-485.0,370.0,DraftKings,espn_core_odds,31.0,2026-09-05,401864498
2026,2,1,401866411,2026-09-06T02:00Z,0,16,16,SAC,2400,2400,MVSU,52.0,0.0,1,2026-10-02T09:01:31-05:00,34.688,0.9832,2026-09-05T11:00Z,2026-10-02T09:04:06-05:00,-38.5,56.5,-35.5,57.5,-102.0,-118.0,-110.0,-110.0,,,,,DraftKings,espn_core_odds,52.0,2026-09-05,401866411
2026,2,1,401858210,2026-09-06T02:30Z,0,25,25,CAL,26,26,UCLA,24.0,45.0,1,2026-10-02T09:01:31-05:00,2.717,0.579,2026-09-05T11:00Z,2026-10-02T09:04:06-05:00,2.5,53.5,-1.5,53.5,-105.0,-115.0,-112.0,-108.0,120.0,-142.0,-115.0,-105.0,DraftKings,espn_core_odds,-21.0,2026-09-05,401858210
2026,2,1,401864432,2026-09-06T02:30Z,0,2440,2440,NEV,98,98,WKU,49.0,14.0,1,2026-10-02T09:01:31-05:00,-3.461,0.3998999999999999,2026-09-05T11:00Z,2026-10-02T09:04:06-05:00,1.5,51.5,4.5,53.5,-118.0,-102.0,-112.0,-108.0,-108.0,-112.0,120.0,-142.0,DraftKings,espn_core_odds,35.0,2026-09-05,401864432
2026,2,1,401858438,2026-09-06T23:30Z,1,87,87,ND,275,275,WIS,41.0,13.0,1,2026-10-02T09:01:31-05:00,23.949,0.9432,2026-09-06T11:00Z,2026-10-02T09:04:06-05:00,-21.0,45.5,-20.5,47.5,-115.0,-105.0,-110.0,-113.0,-1800.0,1000.0,-2400.0,970.0,DraftKings,espn_core_odds,28.0,2026-09-06,401858438
2026,2,1,401856661,2026-09-06T23:30Z,1,145,145,MISS,97,97,LOU,41.0,38.0,1,2026-10-02T09:01:31-05:00,8.758,0.7364,2026-09-06T11:00Z,2026-10-02T09:04:06-05:00,-6.5,54.5,-7.0,53.5,-112.0,-108.0,-113.0,-110.0,-245.0,200.0,-297.0,228.0,DraftKings,espn_core_odds,3.0,2026-09-06,401856661
2026,2,1,401858437,2026-09-06T20:00Z,0,264,264,WASH,265,265,WSU,24.0,10.0,1,2026-10-02T09:01:31-05:00,16.878,0.8787,2026-09-06T11:00Z,2026-10-02T09:04:06-05:00,-23.5,51.5,-21.5,50.5,-118.0,-120.0,-108.0,-112.0,-2800.0,1300.0,-1800.0,1000.0,DraftKings,espn_core_odds,14.0,2026-09-06,401858437
2026,2,1,401858212,2026-09-07T23:30Z,0,52,52,FSU,2567,2567,SMU,24.0,27.0,1,2026-10-02T09:01:31-05:00,-1.664,0.4513,2026-09-07T11:00Z,2026-10-02T09:04:06-05:00,3.0,52.5,2.5,52.5,-105.0,-115.0,-109.0,-114.0,130.0,-155.0,116.0,-144.0,DraftKings,espn_core_odds,-3.0,2026-09-07,401858212
2026,2,2,401858213,2026-09-11T00:00Z,0,2390,2390,MIA,50,50,FAMU,77.0,7.0,1,2026-10-02T09:01:31-05:00,66.548,0.9996,2026-09-10T11:00Z,2026-10-02T09:04:06-05:00,-59.5,66.5,-55.5,62.5,-110.0,-110.0,-108.0,-112.0,,,,,DraftKings,espn_core_odds,70.0,2026-09-10,401858213
2026,2,2,401856678,2026-09-12T00:00Z,0,2305,2305,KU,142,142,MIZ,21.0,38.0,1,2026-10-02T09:01:31-05:00,-4.625,0.3676,2026-09-11T11:00Z,2026-10-02T09:04:06-05:00,4.0,51.5,7.0,53.5,-110.0,-110.0,-110.0,-110.0,164.0,-198.0,195.0,-238.0,DraftKings,espn_core_odds,-17.0,2026-09-11,401856678
2026,2,2,401858215,2026-09-11T23:00Z,0,97,97,LOU,222,222,VILL,59.0,13.0,1,2026-10-02T09:01:31-05:00,34.682,0.9832,2026-09-11T11:00Z,2026-10-02T09:04:06-05:00,-39.5,56.5,-36.5,55.5,-112.0,-108.0,-108.0,-112.0,,,,,DraftKings,espn_core_odds,46.0,2026-09-11,401858215
2026,2,2,401858220,2026-09-11T23:00Z,0,258,258,UVA,2450,2450,NORF,59.0,3.0,1,2026-10-02T09:01:31-05:00,51.321,0.9976,2026-09-11T11:00Z,2026-10-02T09:04:06-05:00,-47.5,56.5,-44.5,54.5,-112.0,-108.0,-110.0,-110.0,,,,,DraftKings,espn_core_odds,56.0,2026-09-11,401858220
2026,2,2,401858222,2026-09-11T23:00Z,0,152,152,NCSU,257,257,RICH,73.0,0.0,1,2026-10-02T09:01:31-05:00,27.101,0.9601,2026-09-11T11:00Z,2026-10-02T09:04:06-05:00,-33.5,50.5,-30.5,48.5,-112.0,-108.0,-112.0,-108.0,-6500.0,2000.0,-10000.0,3000.0,DraftKings,espn_core_odds,73.0,2026-09-11,401858222
2026,2,2,401858214,2026-09-11T23:30Z,0,103,103,BC,164,164,RUTG,28.0,21.0,1,2026-10-02T09:01:31-05:00,4.245,0.622,2026-09-11T11:00Z,2026-10-02T09:04:06-05:00,-3.0,53.5,-3.5,55.5,-102.0,-118.0,-110.0,-110.0,-148.0,124.0,-180.0,140.0,DraftKings,espn_core_odds,7.0,2026-09-11,401858214
2026,2,2,401856682,2026-09-12T23:30Z,0,251,251,TEX,194,194,OSU,24.0,23.0,1,2026-10-02T09:01:31-05:00,3.346,0.5969,2026-09-12T11:00Z,2026-10-02T09:04:06-05:00,-2.5,50.5,0.0,47.5,-112.0,-108.0,-110.0,-110.0,-142.0,120.0,-118.0,-102.0,DraftKings,espn_core_odds,1.0,2026-09-12,401856682
2026,2,2,401856673,2026-09-12T16:45Z,0,61,61,UGA,98,98,WKU,70.0,20.0,1,2026-10-02T09:01:31-05:00,40.728,0.9917,2026-09-12T11:00Z,2026-10-02T09:04:06-05:00,-40.5,55.5,-35.5,52.5,-110.0,-110.0,-110.0,-110.0,,,,,DraftKings,espn_core_odds,50.0,2026-09-12,401856673
2026,2,2,401859184,2026-09-12T19:30Z,0,87,87,ND,242,242,RICE,52.0,0.0,1,2026-10-02T09:01:31-05:00,44.128,0.9944,2026-09-12T11:00Z,2026-10-02T09:04:06-05:00,-44.5,54.5,-44.5,52.5,-112.0,-108.0,-108.0,-112.0,,,,,DraftKings,espn_core_odds,52.0,2026-09-12,401859184
2026,2,2,401858439,2026-09-12T16:00Z,0,84,84,IU,47,47,HOW,55.0,0.0,1,2026-10-02T09:01:31-05:00,62.592,0.9994,2026-09-12T11:00Z,2026-10-02T09:04:06-05:00,-57.5,67.5,-56.5,64.5,-115.0,-105.0,-112.0,-108.0,,,,,DraftKings,espn_core_odds,55.0,2026-09-12,401858439
2026,2,2,401856782,2026-09-12T17:30Z,0,197,197,OKST,2483,2483,ORE,39.0,31.0,1,2026-10-02T09:01:31-05:00,-21.994,0.0704,2026-09-12T11:00Z,2026-10-02T09:04:06-05:00,24.5,55.5,20.5,60.5,-108.0,-112.0,-110.0,-110.0,1200.0,-2400.0,600.0,-900.0,DraftKings,espn_core_odds,8.0,2026-09-12,401856782
2026,2,2,401867796,2026-09-12T23:30Z,0,99,99,LSU,2348,2348,LT,45.0,14.0,1,2026-10-02T09:01:31-05:00,34.26,0.9824,2026-09-12T11:00Z,2026-10-02T09:04:06-05:00,-34.5,54.5,-31.5,55.5,-112.0,-108.0,-108.0,-112.0,-20000.0,3500.0,-10000.0,3000.0,DraftKings,espn_core_odds,31.0,2026-09-12,401867796
2026,2,2,401856676,2026-09-12T23:45Z,0,145,145,MISS,2429,2429,CLT,41.0,9.0,1,2026-10-02T09:01:31-05:00,37.01,0.9872,2026-09-12T11:00Z,2026-10-02T09:04:06-05:00,-44.5,59.5,-46.5,61.5,-115.0,-105.0,-115.0,-105.0,,,,,DraftKings,espn_core_odds,32.0,2026-09-12,401856676
2026,2,2,401856683,2026-09-12T16:00Z,0,245,245,TA&M,9,9,ASU,48.0,20.0,1,2026-10-02T09:01:31-05:00,17.511,0.8864,2026-09-12T11:00Z,2026-10-02T09:04:06-05:00,-15.5,51.5,-14.5,51.5,-108.0,-112.0,-110.0,-110.0,-800.0,550.0,-650.0,470.0,DraftKings,espn_core_odds,28.0,2026-09-12,401856683
2026,2,2,401856679,2026-09-12T16:00Z,0,130,130,MICH,201,201,OU,17.0,10.0,1,2026-10-02T09:01:31-05:00,-5.102,0.3547,2026-09-12T11:00Z,2026-10-02T09:04:06-05:00,5.5,43.5,-2.5,45.5,-110.0,-110.0,-110.0,-110.0,190.0,-230.0,-142.0,120.0,DraftKings,espn_core_odds,7.0,2026-09-12,401856679
2026,2,2,401856674,2026-09-12T19:30Z,0,96,96,UK,333,333,ALA,17.0,45.0,1,2026-10-02T09:01:31-05:00,-14.503,0.1543,2026-09-12T11:00Z,2026-10-02T09:04:06-05:00,9.5,47.5,10.5,48.5,-112.0,-108.0,-110.0,-110.0,300.0,-380.0,320.0,-410.0,DraftKings,espn_core_odds,-28.0,2026-09-12,401856674
2026,2,2,401856783,2026-09-12T23:30Z,0,204,204,ORST,2641,2641,TTU,24.0,35.0,1,2026-10-02T09:01:31-05:00,-23.481,0.0597999999999999,2026-09-12T11:00Z,2026-10-02T09:04:06-05:00,25.5,52.5,27.5,49.5,-110.0,-110.0,-108.0,-112.0,1300.0,-2800.0,1800.0,-5000.0,DraftKings,espn_core_odds,-11.0,2026-09-12,401856783
2026,2,2,401858445,2026-09-13T03:00Z,0,30,30,USC,309,309,UL,49.0,30.0,1,2026-10-02T09:01:31-05:00,30.171,0.9718,2026-09-13T11:00Z,2026-10-02T09:04:07-05:00,-30.5,58.5,-28.5,63.5,-115.0,-105.0,-110.0,-110.0,-6500.0,2000.0,-8000.0,2200.0,DraftKings,espn_core_odds,19.0,2026-09-12,401858445
2026,2,2,401856810,2026-09-12T19:30Z,0,252,252,BYU,12,12,ARIZ,28.0,17.0,1,2026-10-02T09:01:31-05:00,10.178,0.7675,2026-09-12T11:00Z,2026-10-02T09:04:07-05:00,-6.5,49.5,-6.5,51.5,-112.0,-108.0,-110.0,-110.0,-258.0,210.0,-298.0,240.0,DraftKings,espn_core_odds,11.0,2026-09-12,401856810
2026,2,2,401858442,2026-09-12T16:00Z,0,218,218,TEM,213,213,PSU,9.0,27.0,1,2026-10-02T09:01:31-05:00,-23.685,0.0585,2026-09-12T11:00Z,2026-10-02T09:04:07-05:00,24.5,49.5,21.5,51.5,-118.0,-102.0,-112.0,-108.0,1500.0,-3600.0,1100.0,-2100.0,DraftKings,espn_core_odds,-18.0,2026-09-12,401858442
2026,2,2,401858223,2026-09-12T20:00Z,0,2567,2567,SMU,302,302,UCD,56.0,10.0,1,2026-10-02T09:01:31-05:00,29.829,0.9707,2026-09-12T11:00Z,2026-10-02T09:04:07-05:00,-32.5,59.5,-24.5,57.5,-108.0,-112.0,-105.0,-115.0,-3200.0,1400.0,-2400.0,1200.0,DraftKings,espn_core_odds,46.0,2026-09-12,401858223
2026,2,2,401856681,2026-09-12T23:00Z,0,59,59,GT,2633,2633,TENN,24.0,45.0,1,2026-10-02T09:01:31-05:00,-9.985,0.2366,2026-09-12T11:00Z,2026-10-02T09:04:07-05:00,12.5,55.5,8.5,56.5,-112.0,-108.0,-110.0,-110.0,370.0,-485.0,350.0,-455.0,DraftKings,espn_core_odds,-21.0,2026-09-12,401856681
2026,2,2,401858446,2026-09-12T19:30Z,0,264,264,WASH,328,328,USU,16.0,14.0,1,2026-10-02T09:01:31-05:00,23.527,0.9405,2026-09-12T11:00Z,2026-10-02T09:04:07-05:00,-28.5,55.5,-24.5,56.5,-108.0,-112.0,-112.0,-108.0,-6500.0,2000.0,-2400.0,1200.0,DraftKings,espn_core_odds,2.0,2026-09-12,401858446
2026,2,2,401856670,2026-09-13T02:30Z,0,254,254,UTAH,8,8,ARK,43.0,10.0,1,2026-10-02T09:01:31-05:00,12.78,0.8175,2026-09-12T11:00Z,2026-10-02T09:04:07-05:00,-13.5,55.5,-11.5,53.5,-120.0,100.0,-110.0,-110.0,-625.0,455.0,-395.0,310.0,DraftKings,espn_core_odds,33.0,2026-09-12,401856670
2026,2,2,401856788,2026-09-12T23:30Z,0,2294,2294,IOWA,66,66,ISU,16.0,13.0,1,2026-10-02T09:01:31-05:00,14.534,0.8462,2026-09-12T11:00Z,2026-10-02T09:04:07-05:00,-14.0,42.5,-11.5,41.5,-108.0,-112.0,-110.0,-110.0,-650.0,470.0,-650.0,470.0,DraftKings,espn_core_odds,3.0,2026-09-12,401856788
2026,2,2,401856787,2026-09-12T23:00Z,0,248,248,HOU,2582,2582,SOU,77.0,6.0,1,2026-10-02T09:01:31-05:00,49.145,0.9969,2026-09-12T11:00Z,2026-10-02T09:04:07-05:00,-51.5,61.5,-51.5,60.5,-118.0,-102.0,-112.0,-108.0,,,,,DraftKings,espn_core_odds,71.0,2026-09-12,401856787
2026,2,2,401856781,2026-09-12T16:00Z,0,2306,2306,KSU,265,265,WSU,34.0,7.0,1,2026-10-02T09:01:31-05:00,17.247,0.8832,2026-09-12T11:00Z,2026-10-02T09:04:07-05:00,-17.5,48.5,-16.5,51.5,-112.0,-108.0,-112.0,-108.0,-1000.0,650.0,-1000.0,650.0,DraftKings,espn_core_odds,27.0,2026-09-12,401856781
2026,2,2,401858218,2026-09-12T16:00Z,0,153,153,UNC,2193,2193,ETSU,35.0,3.0,1,2026-10-02T09:01:31-05:00,35.947,0.9855000000000002,2026-09-12T11:00Z,2026-10-02T09:04:07-05:00,-36.5,55.5,-34.5,54.5,-108.0,-112.0,-115.0,-105.0,-100000.0,5000.0,-100000.0,5000.0,DraftKings,espn_core_odds,32.0,2026-09-12,401858218
2026,2,2,401858221,2026-09-12T16:00Z,0,259,259,VT,295,295,ODU,44.0,21.0,1,2026-10-02T09:01:31-05:00,18.442,0.8969,2026-09-12T11:00Z,2026-10-02T09:04:07-05:00,-17.5,47.5,-14.0,51.5,-115.0,-105.0,-110.0,-110.0,-950.0,625.0,-500.0,380.0,DraftKings,espn_core_odds,23.0,2026-09-12,401858221
2026,2,2,401858224,2026-09-12T16:00Z,0,2509,2509,PUR,154,154,WAKE,36.0,38.0,1,2026-10-02T09:01:31-05:00,-3.497,0.3987999999999999,2026-09-12T11:00Z,2026-10-02T09:04:07-05:00,2.5,51.5,3.5,49.5,-102.0,-118.0,-115.0,-105.0,120.0,-142.0,130.0,-155.0,DraftKings,espn_core_odds,-2.0,2026-09-12,401858224
2026,2,2,401862702,2026-09-12T16:00Z,0,349,349,ARMY,58,58,USF,24.0,28.0,1,2026-10-02T09:01:31-05:00,3.733,0.6078,2026-09-12T11:00Z,2026-10-02T09:04:07-05:00,-3.0,45.5,-1.5,52.5,-118.0,-102.0,-108.0,-112.0,-166.0,140.0,-118.0,-102.0,DraftKings,espn_core_odds,-4.0,2026-09-12,401862702
2026,2,2,401864571,2026-09-12T16:00Z,0,151,151,ECU,2026,2026,APP,24.0,27.0,1,2026-10-02T09:01:31-05:00,4.347,0.6248,2026-09-12T11:00Z,2026-10-02T09:04:07-05:00,-6.5,55.5,-11.5,56.5,-108.0,-112.0,-112.0,-108.0,-250.0,205.0,-455.0,350.0,DraftKings,espn_core_odds,-3.0,2026-09-12,401864571
2026,2,2,401866416,2026-09-12T16:00Z,0,2309,2309,KENT,2747,2747,WOF,36.0,15.0,1,2026-10-02T09:01:31-05:00,6.034,0.6699,2026-09-12T11:00Z,2026-10-02T09:04:07-05:00,-10.0,45.5,-11.5,47.5,-110.0,-110.0,-108.0,-112.0,-455.0,350.0,-440.0,340.0,DraftKings,espn_core_odds,21.0,2026-09-12,401866416
2026,2,2,401867929,2026-09-12T16:00Z,0,256,256,JMU,2681,2681,WAG,87.0,3.0,1,2026-10-02T09:01:31-05:00,41.356,0.9922,2026-09-12T11:00Z,2026-10-02T09:04:07-05:00,-46.5,56.5,-45.5,54.5,-112.0,-108.0,-108.0,-112.0,,,,,DraftKings,espn_core_odds,84.0,2026-09-12,401867929
2026,2,2,401868187,2026-09-12T16:00Z,0,2335,2335,LIB,2241,2241,GWEB,24.0,23.0,1,2026-10-02T09:01:31-05:00,21.461,0.9254,2026-09-12T11:00Z,2026-10-02T09:04:07-05:00,-28.5,55.5,-25.5,55.5,-110.0,-110.0,-108.0,-112.0,-3200.0,1400.0,-3600.0,1500.0,DraftKings,espn_core_odds,1.0,2026-09-12,401868187
2026,2,2,401856791,2026-09-12T17:00Z,0,277,277,WVU,2630,2630,UTM,52.0,7.0,1,2026-10-02T09:01:31-05:00,29.966,0.9711,2026-09-12T11:00Z,2026-10-02T09:04:07-05:00,-41.5,57.5,-40.5,55.5,-108.0,-112.0,-108.0,-112.0,,,,,DraftKings,espn_core_odds,45.0,2026-09-12,401856791
2026,2,2,401866415,2026-09-12T17:00Z,0,2117,2117,CMU,2142,2142,COLG,13.0,10.0,1,2026-10-02T09:01:31-05:00,13.651,0.8321999999999999,2026-09-12T11:00Z,2026-10-02T09:04:07-05:00,-18.5,48.5,-23.5,49.5,-108.0,-112.0,-118.0,-102.0,-1600.0,900.0,-2800.0,1300.0,DraftKings,espn_core_odds,3.0,2026-09-12,401866415
2026,2,2,401866417,2026-09-12T17:00Z,0,193,193,M-OH,107,107,HC,45.0,7.0,1,2026-10-02T09:01:31-05:00,22.417,0.9328,2026-09-12T11:00Z,2026-10-02T09:04:07-05:00,-30.5,46.5,-30.5,49.5,-112.0,-108.0,-105.0,-115.0,-6500.0,2000.0,-8000.0,2200.0,DraftKings,espn_core_odds,38.0,2026-09-12,401866417
2026,2,2,401866413,2026-09-12T18:00Z,0,2050,2050,BALL,2619,2619,STBK,41.0,17.0,1,2026-10-02T09:01:31-05:00,14.701,0.8487,2026-09-12T11:00Z,2026-10-02T09:04:07-05:00,-13.5,52.5,-14.5,57.5,-115.0,-105.0,-112.0,-108.0,-600.0,440.0,-850.0,575.0,DraftKings,espn_core_odds,24.0,2026-09-12,401866413
2026,2,2,401856677,2026-09-12T19:30Z,0,135,135,MINN,344,344,MSST,13.0,38.0,1,2026-10-02T09:01:31-05:00,-3.797,0.3903999999999999,2026-09-12T11:00Z,2026-10-02T09:04:07-05:00,1.5,53.5,-2.5,53.5,-118.0,-102.0,-110.0,-110.0,-110.0,-110.0,-130.0,110.0,DraftKings,espn_core_odds,-25.0,2026-09-12,401856677
2026,2,2,401856785,2026-09-12T19:30Z,0,38,38,COLO,2692,2692,WEB,52.0,21.0,1,2026-10-02T09:01:31-05:00,32.927,0.9794,2026-09-12T11:00Z,2026-10-02T09:04:07-05:00,-38.5,57.5,-33.5,53.5,-112.0,-108.0,-110.0,-110.0,-8000.0,2200.0,-9000.0,2500.0,DraftKings,espn_core_odds,31.0,2026-09-12,401856785
2026,2,2,401856790,2026-09-12T19:30Z,0,221,221,PITT,2116,2116,UCF,12.0,7.0,1,2026-10-02T09:01:31-05:00,9.9,0.7616,2026-09-12T11:00Z,2026-10-02T09:04:07-05:00,-7.5,55.5,-8.5,51.5,-108.0,-112.0,-110.0,-110.0,-298.0,240.0,-285.0,230.0,DraftKings,espn_core_odds,5.0,2026-09-12,401856790
2026,2,2,401858216,2026-09-12T19:30Z,0,183,183,SYR,25,25,CAL,18.0,21.0,1,2026-10-02T09:01:31-05:00,11.638,0.7966,2026-09-12T11:00Z,2026-10-02T09:04:08-05:00,-4.0,56.5,1.5,52.5,-112.0,-108.0,-108.0,-112.0,-198.0,164.0,100.0,-120.0,DraftKings,espn_core_odds,-3.0,2026-09-12,401858216
2026,2,2,401858217,2026-09-12T19:30Z,0,356,356,ILL,150,150,DUKE,27.0,31.0,1,2026-10-02T09:01:31-05:00,3.967,0.6143,2026-09-12T11:00Z,2026-10-02T09:04:08-05:00,-6.0,51.5,-8.5,56.5,-115.0,-105.0,-110.0,-110.0,-250.0,205.0,-310.0,250.0,DraftKings,espn_core_odds,-4.0,2026-09-12,401858217
2026,2,2,401858440,2026-09-12T19:30Z,0,127,127,MSU,2199,2199,EMU,35.0,7.0,1,2026-10-02T09:01:31-05:00,19.737,0.9102,2026-09-12T11:00Z,2026-10-02T09:04:08-05:00,-17.5,49.5,-15.5,51.5,-108.0,-112.0,-108.0,-112.0,-850.0,575.0,-800.0,550.0,DraftKings,espn_core_odds,28.0,2026-09-12,401858440
2026,2,2,401858444,2026-09-12T19:30Z,0,41,41,CONN,120,120,MD,14.0,38.0,1,2026-10-02T09:01:31-05:00,-8.752,0.2637,2026-09-12T11:00Z,2026-10-02T09:04:08-05:00,11.5,52.5,12.5,53.5,-112.0,-108.0,-112.0,-108.0,350.0,-455.0,320.0,-410.0,DraftKings,espn_core_odds,-24.0,2026-09-12,401858444
2026,2,2,401860884,2026-09-12T19:30Z,0,326,326,TXST,2636,2636,UTSA,26.0,31.0,1,2026-10-02T09:01:31-05:00,-2.315,0.4325,2026-09-12T11:00Z,2026-10-02T09:04:08-05:00,-1.5,65.5,-1.5,64.5,-112.0,-108.0,-110.0,-110.0,-122.0,102.0,-118.0,-102.0,DraftKings,espn_core_odds,-5.0,2026-09-12,401860884
2026,2,2,401862708,2026-09-12T19:30Z,0,5,5,UAB,2433,2433,ULM,26.0,20.0,1,2026-10-02T09:01:31-05:00,12.824,0.8183,2026-09-12T11:00Z,2026-10-02T09:04:08-05:00,-9.5,53.5,-7.5,54.5,-112.0,-108.0,-112.0,-108.0,-375.0,295.0,-290.0,235.0,DraftKings,espn_core_odds,6.0,2026-09-12,401862708
2026,2,2,401866412,2026-09-12T19:30Z,0,2006,2006,AKR,2523,2523,RMU,45.0,10.0,1,2026-10-02T09:01:31-05:00,23.514,0.9404,2026-09-12T11:00Z,2026-10-02T09:04:08-05:00,-26.5,45.5,-27.5,41.5,-115.0,-105.0,-108.0,-112.0,-2800.0,1300.0,-5000.0,1800.0,DraftKings,espn_core_odds,35.0,2026-09-12,401866412
2026,2,2,401866419,2026-09-12T19:30Z,0,2649,2649,TOL,2115,2115,CCSU,63.0,10.0,1,2026-10-02T09:01:31-05:00,35.318,0.9844000000000002,2026-09-12T11:00Z,2026-10-02T09:04:08-05:00,-36.5,52.5,-33.5,55.5,-120.0,100.0,-115.0,-105.0,-50000.0,4000.0,-9000.0,2500.0,DraftKings,espn_core_odds,53.0,2026-09-12,401866419
2026,2,2,401866420,2026-09-12T19:30Z,0,113,113,MASS,2529,2529,SHU,37.0,10.0,1,2026-10-02T09:01:31-05:00,24.655,0.9475,2026-09-12T11:00Z,2026-10-02T09:04:08-05:00,-23.5,53.5,-23.5,53.5,-112.0,-108.0,-110.0,-110.0,-2400.0,1200.0,-2400.0,1200.0,DraftKings,espn_core_odds,27.0,2026-09-12,401866420
2026,2,2,401862705,2026-09-12T19:45Z,0,249,249,UNT,2439,2439,UNLV,44.0,6.0,1,2026-10-02T09:01:31-05:00,-6.394,0.3208,2026-09-12T11:00Z,2026-10-02T09:04:08-05:00,3.0,58.5,6.5,61.5,-120.0,100.0,-110.0,-110.0,124.0,-148.0,185.0,-225.0,DraftKings,espn_core_odds,38.0,2026-09-12,401862705
2026,2,2,401864506,2026-09-12T20:00Z,0,2751,2751,WYO,2458,2458,UNCO,21.0,13.0,1,2026-10-02T09:01:31-05:00,15.766,0.8641,2026-09-12T11:00Z,2026-10-02T09:04:08-05:00,-23.5,44.5,-22.5,47.5,-108.0,-112.0,-112.0,-108.0,-1800.0,1000.0,-3200.0,1400.0,DraftKings,espn_core_odds,8.0,2026-09-12,401864506
2026,2,2,401865252,2026-09-12T20:00Z,0,167,167,UNM,2385,2385,MERC,70.0,7.0,1,2026-10-02T09:01:31-05:00,42.462,0.9932,2026-09-12T11:00Z,2026-10-02T09:04:08-05:00,-42.5,54.5,-40.5,51.5,-112.0,-108.0,-108.0,-112.0,,,,,DraftKings,espn_core_odds,63.0,2026-09-12,401865252
2026,2,2,401868326,2026-09-12T20:00Z,0,2653,2653,TROY,2011,2011,ALST,34.0,17.0,1,2026-10-02T09:01:31-05:00,22.011,0.9297,2026-09-12T11:00Z,2026-10-02T09:04:08-05:00,-23.5,52.5,-23.5,51.5,-118.0,-102.0,-115.0,-108.0,-2100.0,1100.0,-1650.0,950.0,DraftKings,espn_core_odds,17.0,2026-09-12,401868326
2026,2,2,401856684,2026-09-12T20:15Z,0,238,238,VAN,48,48,DEL,35.0,26.0,1,2026-10-02T09:01:31-05:00,15.31,0.8576999999999999,2026-09-12T11:00Z,2026-10-02T09:04:08-05:00,-20.5,54.5,-21.5,55.5,-115.0,-105.0,-110.0,-110.0,-1350.0,800.0,-1800.0,1000.0,DraftKings,espn_core_odds,9.0,2026-09-12,401856684
2026,2,2,401856672,2026-09-12T21:30Z,0,57,57,FLA,2097,2097,CAM,52.0,3.0,1,2026-10-02T09:01:31-05:00,44.724,0.9948,2026-09-12T11:00Z,2026-10-02T09:04:08-05:00,-51.5,66.5,-49.5,65.5,-110.0,-110.0,-112.0,-108.0,,,,,DraftKings,espn_core_odds,49.0,2026-09-12,401856672
2026,2,2,401860881,2026-09-12T22:00Z,0,68,68,BOIS,235,235,MEM,38.0,20.0,1,2026-10-02T09:01:31-05:00,9.676,0.7568,2026-09-12T11:00Z,2026-10-02T09:04:08-05:00,-9.5,54.5,-6.5,52.5,-108.0,-112.0,-110.0,-110.0,-360.0,285.0,-270.0,220.0,DraftKings,espn_core_odds,18.0,2026-09-12,401860881
2026,2,2,401866414,2026-09-12T22:00Z,0,2229,2229,FIU,2084,2084,BUFF,33.0,20.0,1,2026-10-02T09:01:31-05:00,1.877,0.5548,2026-09-12T11:00Z,2026-10-02T09:04:08-05:00,-8.5,47.5,-10.5,51.5,-105.0,-105.0,-110.0,-110.0,-345.0,275.0,-395.0,310.0,DraftKings,espn_core_odds,13.0,2026-09-12,401866414
2026,2,2,401866418,2026-09-12T22:00Z,0,195,195,OHIO,55,55,JXST,29.0,27.0,1,2026-10-02T09:01:31-05:00,2.458,0.5716,2026-09-12T11:00Z,2026-10-02T09:04:08-05:00,-1.5,48.5,-2.5,48.5,-112.0,-108.0,-110.0,-110.0,-125.0,105.0,-125.0,105.0,DraftKings,espn_core_odds,2.0,2026-09-12,401866418
2026,2,2,401866421,2026-09-12T22:30Z,0,2711,2711,WMU,2405,2405,MONM,49.0,14.0,1,2026-10-02T09:01:31-05:00,27.269,0.9608,2026-09-12T11:00Z,2026-10-02T09:04:08-05:00,-29.5,54.5,-25.5,52.5,-110.0,-110.0,-108.0,-112.0,-5000.0,1800.0,-3600.0,1500.0,DraftKings,espn_core_odds,35.0,2026-09-12,401866421
2026,2,2,401856680,2026-09-12T23:00Z,0,2579,2579,SC,119,119,TOW,45.0,9.0,1,2026-10-02T09:01:31-05:00,46.699,0.9958,2026-09-12T11:00Z,2026-10-02T09:04:08-05:00,-44.5,57.5,-43.5,54.5,-112.0,-108.0,-112.0,-108.0,,,,,DraftKings,espn_core_odds,36.0,2026-09-12,401856680
2026,2,2,401856786,2026-09-12T23:00Z,0,2132,2132,CIN,2717,2717,WCU,62.0,10.0,1,2026-10-02T09:01:31-05:00,30.951,0.9742,2026-09-12T11:00Z,2026-10-02T09:04:08-05:00,-36.5,61.5,-36.5,60.5,-108.0,-112.0,-108.0,-112.0,,,,,DraftKings,espn_core_odds,52.0,2026-09-12,401856786
2026,2,2,401858441,2026-09-12T23:00Z,0,158,158,NEB,189,189,BGSU,56.0,7.0,1,2026-10-02T09:01:31-05:00,29.966,0.9711,2026-09-12T11:00Z,2026-10-02T09:04:08-05:00,-30.5,48.5,-25.5,48.5,-115.0,-105.0,-108.0,-112.0,-9000.0,2500.0,-4500.0,1700.0,DraftKings,espn_core_odds,49.0,2026-09-12,401858441
2026,2,2,401860882,2026-09-12T23:00Z,0,36,36,CSU,253,253,SUU,58.0,24.0,1,2026-10-02T09:01:31-05:00,13.101,0.823,2026-09-12T11:00Z,2026-10-02T09:04:08-05:00,-19.5,57.5,-20.5,56.5,-112.0,-108.0,-108.0,-112.0,-1350.0,800.0,-2100.0,1100.0,DraftKings,espn_core_odds,34.0,2026-09-12,401860882
2026,2,2,401862707,2026-09-12T23:00Z,0,2534,2534,SHSU,202,202,TLSA,17.0,23.0,1,2026-10-02T09:01:31-05:00,-11.554,0.205,2026-09-12T11:00Z,2026-10-02T09:04:08-05:00,12.5,51.5,10.5,53.5,-112.0,-108.0,-115.0,-105.0,360.0,-470.0,330.0,-425.0,DraftKings,espn_core_odds,-6.0,2026-09-12,401862707
2026,2,2,401864503,2026-09-12T23:00Z,0,2459,2459,NIU,2287,2287,ILST,24.0,28.0,1,2026-10-02T09:01:31-05:00,-3.082,0.4106,2026-09-12T11:00Z,2026-10-02T09:04:08-05:00,2.5,47.5,4.5,48.5,100.0,-120.0,-115.0,-105.0,124.0,-148.0,145.0,-175.0,DraftKings,espn_core_odds,-4.0,2026-09-12,401864503
2026,2,2,401864575,2026-09-12T23:00Z,0,2655,2655,TULN,6,6,USA,28.0,24.0,1,2026-10-02T09:01:31-05:00,11.59,0.7957,2026-09-12T11:00Z,2026-10-02T09:04:08-05:00,-9.5,48.5,-10.0,55.5,-112.0,-108.0,-108.0,-112.0,-360.0,285.0,-380.0,300.0,DraftKings,espn_core_odds,4.0,2026-09-12,401864575
2026,2,2,401868241,2026-09-12T23:00Z,0,2032,2032,ARST,2698,2698,WES,52.0,7.0,1,2026-10-02T09:01:31-05:00,20.184,0.9144,2026-09-12T11:00Z,2026-10-02T09:04:09-05:00,-31.5,56.5,-31.5,56.5,-112.0,-108.0,-110.0,-110.0,-10000.0,3000.0,-10000.0,3000.0,DraftKings,espn_core_odds,45.0,2026-09-12,401868241
2026,2,2,401869955,2026-09-12T23:00Z,0,338,338,KENN,2247,2247,GAST,17.0,31.0,1,2026-10-02T09:01:31-05:00,9.637,0.7559999999999999,2026-09-12T11:00Z,2026-10-02T09:04:09-05:00,-7.5,55.5,-9.5,50.5,-105.0,-115.0,-112.0,-108.0,-325.0,260.0,-340.0,270.0,DraftKings,espn_core_odds,-14.0,2026-09-12,401869955
2026,2,2,401871045,2026-09-12T23:00Z,0,276,276,MRSH,2393,2393,MTSU,28.0,26.0,1,2026-10-02T09:01:31-05:00,4.191,0.6205,2026-09-12T11:00Z,2026-10-02T09:04:09-05:00,-11.5,56.5,-17.5,57.5,-112.0,-108.0,-110.0,-110.0,-455.0,350.0,-1000.0,650.0,DraftKings,espn_core_odds,2.0,2026-09-12,401871045
2026,2,2,401871046,2026-09-12T23:00Z,0,2623,2623,MOST,2815,2815,LIN,48.0,14.0,1,2026-10-02T09:01:31-05:00,17.835,0.8902,2026-09-12T11:00Z,2026-10-02T09:04:09-05:00,-16.5,53.5,-19.5,52.5,-112.0,-108.0,-110.0,-110.0,-900.0,600.0,-1650.0,950.0,DraftKings,espn_core_odds,34.0,2026-09-12,401871046
2026,2,2,401858443,2026-09-12T23:15Z,0,26,26,UCLA,21,21,SDSU,28.0,10.0,1,2026-10-02T09:01:31-05:00,6.105,0.6718,2026-09-12T11:00Z,2026-10-02T09:04:09-05:00,-13.5,53.5,-8.5,48.5,-108.0,-112.0,-110.0,-110.0,-535.0,400.0,-360.0,285.0,DraftKings,espn_core_odds,18.0,2026-09-12,401858443
2026,2,2,401858447,2026-09-12T23:15Z,0,275,275,WIS,2710,2710,WIU,36.0,9.0,1,2026-10-02T09:01:31-05:00,40.952,0.9919,2026-09-12T11:00Z,2026-10-02T09:04:09-05:00,-43.5,53.5,-38.5,48.5,-112.0,-108.0,-105.0,-115.0,,,,,DraftKings,espn_core_odds,27.0,2026-09-12,401858447
2026,2,2,401862703,2026-09-12T23:30Z,0,2226,2226,FAU,2426,2426,NAVY,38.0,30.0,1,2026-10-02T09:01:31-05:00,-12.493,0.1876,2026-09-12T11:00Z,2026-10-02T09:04:09-05:00,4.5,59.5,6.5,57.5,-108.0,-112.0,-105.0,-115.0,170.0,-205.0,205.0,-250.0,DraftKings,espn_core_odds,8.0,2026-09-12,401862703
2026,2,2,401868008,2026-09-12T23:30Z,0,324,324,CCU,2230,2230,FOR,45.0,7.0,1,2026-10-02T09:01:31-05:00,28.476,0.9658,2026-09-12T11:00Z,2026-10-02T09:04:09-05:00,-36.5,54.5,-31.5,52.5,-112.0,-108.0,-112.0,-108.0,-100000.0,5000.0,-6500.0,2000.0,DraftKings,espn_core_odds,38.0,2026-09-12,401868008
2026,2,2,401856789,2026-09-13T00:00Z,0,2628,2628,TCU,2755,2755,GRAM,63.0,7.0,1,2026-10-02T09:01:31-05:00,42.842,0.9935,2026-09-12T11:00Z,2026-10-02T09:04:09-05:00,-44.5,56.5,-43.5,53.5,-115.0,-105.0,-108.0,-112.0,,,,,DraftKings,espn_core_odds,56.0,2026-09-12,401856789
2026,2,2,401856784,2026-09-13T00:08Z,0,239,239,BAY,2504,2504,PV,44.0,3.0,1,2026-10-02T09:01:31-05:00,35.11,0.984,2026-09-12T11:00Z,2026-10-02T09:04:09-05:00,-37.5,55.5,-37.5,56.5,-112.0,-108.0,-108.0,-112.0,,,,,DraftKings,espn_core_odds,41.0,2026-09-12,401856784
2026,2,2,401856671,2026-09-13T00:50Z,0,2,2,AUB,2572,2572,USM,43.0,8.0,1,2026-10-02T09:01:31-05:00,16.721,0.8767,2026-09-12T11:00Z,2026-10-02T09:04:09-05:00,-32.5,56.5,-29.5,52.5,-102.0,-118.0,-108.0,-112.0,-9000.0,2500.0,-5000.0,1800.0,DraftKings,espn_core_odds,35.0,2026-09-12,401856671
2026,2,2,401864504,2026-09-13T01:00Z,0,23,23,SJSU,13,13,CP,30.0,20.0,1,2026-10-02T09:01:31-05:00,20.091,0.9135,2026-09-12T11:00Z,2026-10-02T09:04:09-05:00,-21.5,58.5,-20.5,56.5,-110.0,-110.0,-110.0,-110.0,-2100.0,1100.0,-2100.0,1100.0,DraftKings,espn_core_odds,10.0,2026-09-12,401864504
2026,2,2,401864505,2026-09-13T01:00Z,0,2638,2638,UTEP,2640,2640,TXSO,51.0,10.0,1,2026-10-02T09:01:31-05:00,20.605,0.9181,2026-09-12T11:00Z,2026-10-02T09:04:09-05:00,-27.5,53.5,-25.5,52.5,-108.0,-112.0,-108.0,-112.0,-4500.0,1700.0,-6500.0,2000.0,DraftKings,espn_core_odds,41.0,2026-09-12,401864505
2026,2,2,401858219,2026-09-13T01:30Z,0,228,228,CLEM,290,290,GASO,22.0,7.0,1,2026-10-02T09:01:31-05:00,17.298,0.8839,2026-09-12T11:00Z,2026-10-02T09:04:09-05:00,-20.5,54.5,-26.5,57.5,-105.0,-115.0,-108.0,-112.0,-1450.0,850.0,-4500.0,1700.0,DraftKings,espn_core_odds,15.0,2026-09-12,401858219
2026,2,2,401864502,2026-09-13T02:00Z,0,2005,2005,AFA,2449,2449,NDSU,32.0,38.0,1,2026-10-02T09:01:31-05:00,-3.664,0.3942,2026-09-12T11:00Z,2026-10-02T09:04:09-05:00,1.5,48.5,6.5,49.5,-105.0,-115.0,-115.0,-105.0,102.0,-122.0,200.0,-245.0,DraftKings,espn_core_odds,-6.0,2026-09-12,401864502
2026,2,2,401860883,2026-09-13T02:30Z,0,278,278,FRES,16,16,SAC,49.0,3.0,1,2026-10-02T09:01:31-05:00,14.558,0.8466,2026-09-12T11:00Z,2026-10-02T09:04:09-05:00,-17.5,43.5,-18.5,48.5,-110.0,-110.0,-108.0,-112.0,-950.0,625.0,-1050.0,675.0,DraftKings,espn_core_odds,46.0,2026-09-12,401860883
2026,2,2,401864500,2026-09-13T02:30Z,0,2440,2440,NEV,147,147,MTST,7.0,20.0,1,2026-10-02T09:01:31-05:00,2.949,0.5857,2026-09-12T11:00Z,2026-10-02T09:04:09-05:00,4.5,51.5,4.5,49.5,-105.0,-115.0,-112.0,-108.0,180.0,-218.0,164.0,-198.0,DraftKings,espn_core_odds,-13.0,2026-09-12,401864500
2026,2,2,401864578,2026-09-13T03:59Z,0,62,62,HAW,166,166,NMSU,29.0,19.0,1,2026-10-02T09:01:31-05:00,10.587,0.7759,2026-09-13T11:00Z,2026-10-02T09:04:09-05:00,-7.5,50.5,-11.5,51.5,-115.0,-105.0,-112.0,-108.0,-340.0,270.0,-395.0,310.0,DraftKings,espn_core_odds,10.0,2026-09-12,401864578
2026,2,3,401858225,2026-09-17T23:30Z,0,221,221,PITT,183,183,SYR,27.0,13.0,1,2026-10-02T09:01:31-05:00,13.184,0.8245,2026-09-17T11:00Z,2026-10-02T09:04:09-05:00,-10.5,51.5,-10.5,59.5,-112.0,-108.0,-108.0,-112.0,-425.0,330.0,-375.0,295.0,DraftKings,espn_core_odds,14.0,2026-09-17,401858225
2026,2,3,401858226,2026-09-18T23:30Z,0,154,154,WAKE,2390,2390,MIA,20.0,33.0,1,2026-10-02T09:01:31-05:00,-20.456,0.0832,2026-09-18T11:00Z,2026-10-02T09:04:09-05:00,20.5,55.5,19.5,50.5,-110.0,-110.0,-110.0,-110.0,900.0,-1600.0,750.0,-1200.0,DraftKings,espn_core_odds,-13.0,2026-09-18,401858226
2026,2,3,401856811,2026-09-19T00:00Z,0,2641,2641,TTU,248,248,HOU,28.0,26.0,1,2026-10-02T09:01:31-05:00,9.619,0.7556,2026-09-18T11:00Z,2026-10-02T09:04:09-05:00,-7.5,52.5,-12.5,53.5,-112.0,-108.0,-110.0,-110.0,-325.0,260.0,-290.0,235.0,DraftKings,espn_core_odds,2.0,2026-09-18,401856811
2026,2,3,401858455,2026-09-19T02:30Z,0,2483,2483,ORE,2502,2502,PRST,84.0,0.0,1,2026-10-02T09:01:31-05:00,49.152,0.9969,2026-09-18T11:00Z,2026-10-02T09:04:09-05:00,-58.5,71.5,-57.5,66.5,-110.0,-110.0,-112.0,-108.0,,,,,DraftKings,espn_core_odds,84.0,2026-09-18,401858455
2026,2,3,401856693,2026-09-20T00:00Z,0,251,251,TEX,2636,2636,UTSA,30.0,6.0,1,2026-10-02T09:01:31-05:00,37.585,0.988,2026-09-19T11:00Z,2026-10-02T09:04:09-05:00,-29.5,58.5,-29.5,57.5,-112.0,-108.0,-115.0,-105.0,-5000.0,1800.0,-5000.0,1800.0,DraftKings,espn_core_odds,24.0,2026-09-19,401856693
2026,2,3,401856686,2026-09-19T16:00Z,0,8,8,ARK,61,61,UGA,17.0,45.0,1,2026-10-02T09:01:31-05:00,-27.21,0.0395,2026-09-19T11:00Z,2026-10-02T09:04:09-05:00,24.5,54.5,17.5,52.5,-110.0,-110.0,-110.0,-110.0,1300.0,-2800.0,600.0,-900.0,DraftKings,espn_core_odds,-28.0,2026-09-19,401856686
2026,2,3,401858453,2026-09-19T23:30Z,0,87,87,ND,127,127,MSU,27.0,10.0,1,2026-10-02T09:01:31-05:00,27.906,0.9635,2026-09-19T11:00Z,2026-10-02T09:04:10-05:00,-28.5,51.5,-29.5,53.5,-112.0,-108.0,-105.0,-115.0,-3600.0,1500.0,-8000.0,2200.0,DraftKings,espn_core_odds,17.0,2026-09-19,401858453
2026,2,3,401858449,2026-09-19T20:00Z,0,84,84,IU,98,98,WKU,38.0,0.0,1,2026-10-02T09:01:31-05:00,43.444,0.9939,2026-09-19T11:00Z,2026-10-02T09:04:10-05:00,-44.5,59.5,-44.5,59.5,-120.0,100.0,-108.0,-112.0,,,,,DraftKings,espn_core_odds,38.0,2026-09-19,401858449
2026,2,3,401858454,2026-09-19T16:00Z,0,194,194,OSU,2309,2309,KENT,59.0,3.0,1,2026-10-02T09:01:31-05:00,56.483,0.9987,2026-09-19T11:00Z,2026-10-02T09:04:10-05:00,-52.5,58.5,-52.5,56.5,-102.0,-118.0,-118.0,-102.0,,,,,DraftKings,espn_core_odds,56.0,2026-09-19,401858454
2026,2,3,401856688,2026-09-19T23:30Z,0,145,145,MISS,99,99,LSU,32.0,24.0,1,2026-10-02T09:01:31-05:00,-5.368,0.3476000000000001,2026-09-19T11:00Z,2026-10-02T09:04:10-05:00,3.0,58.5,-1.5,57.5,-115.0,-105.0,-110.0,-110.0,124.0,-148.0,-115.0,-105.0,DraftKings,espn_core_odds,8.0,2026-09-19,401856688
2026,2,3,401856694,2026-09-19T19:40Z,0,245,245,TA&M,96,96,UK,21.0,31.0,1,2026-10-02T09:01:31-05:00,22.939,0.9365,2026-09-19T11:00Z,2026-10-02T09:04:10-05:00,-16.5,48.5,-15.5,48.5,-115.0,-105.0,-108.0,-112.0,-850.0,575.0,-600.0,440.0,DraftKings,espn_core_odds,-10.0,2026-09-19,401856694
2026,2,3,401856685,2026-09-19T21:15Z,0,333,333,ALA,52,52,FSU,50.0,36.0,1,2026-10-02T09:01:31-05:00,17.84,0.8902,2026-09-19T11:00Z,2026-10-02T09:04:10-05:00,-18.5,50.5,-15.5,52.5,-112.0,-108.0,-110.0,-110.0,-1350.0,800.0,-650.0,470.0,DraftKings,espn_core_odds,14.0,2026-09-19,401856685
2026,2,3,401856795,2026-09-20T00:15Z,0,36,36,CSU,252,252,BYU,23.0,41.0,1,2026-10-02T09:01:31-05:00,-19.655,0.0906,2026-09-19T11:00Z,2026-10-02T09:04:10-05:00,17.5,54.5,21.0,52.5,-108.0,-112.0,-110.0,-110.0,575.0,-850.0,950.0,-1650.0,DraftKings,espn_core_odds,-18.0,2026-09-19,401856795
2026,2,3,401858457,2026-09-19T19:30Z,0,164,164,RUTG,30,30,USC,35.0,42.0,1,2026-10-02T09:01:31-05:00,-26.661,0.042,2026-09-19T11:00Z,2026-10-02T09:04:10-05:00,21.0,59.5,24.5,57.5,-102.0,-118.0,-108.0,-112.0,1100.0,-2100.0,1400.0,-3200.0,DraftKings,espn_core_odds,-7.0,2026-09-19,401858457
2026,2,3,401858456,2026-09-19T16:00Z,0,213,213,PSU,2084,2084,BUFF,55.0,13.0,1,2026-10-02T09:01:31-05:00,34.687,0.9832,2026-09-19T11:00Z,2026-10-02T09:04:10-05:00,-39.5,48.5,-39.5,48.5,-108.0,-112.0,-108.0,-112.0,,,,,DraftKings,espn_core_odds,42.0,2026-09-19,401858456
2026,2,3,401856692,2026-09-19T23:45Z,0,2633,2633,TENN,338,338,KENN,42.0,9.0,1,2026-10-02T09:01:31-05:00,32.147,0.9775,2026-09-19T11:00Z,2026-10-02T09:04:10-05:00,-35.5,60.5,-34.5,59.5,-108.0,-112.0,-110.0,-110.0,-20000.0,3500.0,-50000.0,4000.0,DraftKings,espn_core_odds,33.0,2026-09-19,401856692
2026,2,3,401858230,2026-09-19T19:30Z,0,97,97,LOU,2567,2567,SMU,41.0,31.0,1,2026-10-02T09:01:31-05:00,1.024,0.53,2026-09-19T11:00Z,2026-10-02T09:04:10-05:00,-3.0,57.5,-1.5,56.5,-110.0,-110.0,-110.0,-110.0,-155.0,130.0,-112.0,-108.0,DraftKings,espn_core_odds,10.0,2026-09-19,401858230
2026,2,3,401856801,2026-09-19T19:30Z,0,254,254,UTAH,328,328,USU,33.0,0.0,1,2026-10-02T09:01:31-05:00,25.077,0.9499,2026-09-19T11:00Z,2026-10-02T09:04:10-05:00,-26.5,55.5,-27.5,57.5,-108.0,-112.0,-115.0,-105.0,-3600.0,1500.0,-6500.0,2000.0,DraftKings,espn_core_odds,33.0,2026-09-19,401856801
2026,2,3,401858471,2026-09-19T20:00Z,0,2294,2294,IOWA,2460,2460,UNI,55.0,0.0,1,2026-10-02T09:01:31-05:00,31.409,0.9755,2026-09-19T11:00Z,2026-10-02T09:04:10-05:00,-37.5,48.5,-40.5,49.5,-105.0,-115.0,-108.0,-112.0,,,,,DraftKings,espn_core_odds,55.0,2026-09-19,401858471
2026,2,3,401858450,2026-09-19T19:30Z,0,130,130,MICH,2638,2638,UTEP,52.0,17.0,1,2026-10-02T09:01:31-05:00,36.984,0.9871,2026-09-19T11:00Z,2026-10-02T09:04:10-05:00,-34.5,48.5,-36.5,49.5,-105.0,-115.0,-110.0,-110.0,,,,,DraftKings,espn_core_odds,35.0,2026-09-19,401858450
2026,2,3,401856689,2026-09-19T23:00Z,0,142,142,MIZ,2653,2653,TROY,27.0,17.0,1,2026-10-02T09:01:31-05:00,25.16,0.9503,2026-09-19T11:00Z,2026-10-02T09:04:10-05:00,-26.5,49.5,-27.5,49.5,-108.0,-112.0,-110.0,-110.0,-4500.0,1700.0,-8000.0,2200.0,DraftKings,espn_core_odds,10.0,2026-09-19,401856689
2026,2,3,401856690,2026-09-19T23:30Z,0,201,201,OU,167,167,UNM,14.0,6.0,1,2026-10-02T09:01:31-05:00,18.422,0.8967,2026-09-19T11:00Z,2026-10-02T09:04:10-05:00,-21.5,45.5,-23.5,48.5,-108.0,-112.0,-110.0,-105.0,-2100.0,1100.0,-3200.0,1400.0,DraftKings,espn_core_odds,8.0,2026-09-19,401856690
2026,2,3,401856802,2026-09-19T23:30Z,1,258,258,UVA,277,277,WVU,27.0,38.0,1,2026-10-02T09:01:31-05:00,14.3,0.8426,2026-09-19T11:00Z,2026-10-02T09:04:10-05:00,-10.5,51.5,-8.5,50.5,-115.0,-105.0,-108.0,-112.0,-410.0,320.0,-298.0,240.0,DraftKings,espn_core_odds,-11.0,2026-09-19,401856802
2026,2,3,401869940,2026-09-19T15:30Z,0,48,48,DEL,324,324,CCU,22.0,14.0,1,2026-10-02T09:01:31-05:00,8.573,0.7322,2026-09-19T11:00Z,2026-10-02T09:04:10-05:00,-4.5,56.5,-4.5,58.5,-115.0,-105.0,-112.0,-108.0,-205.0,170.0,-180.0,150.0,DraftKings,espn_core_odds,8.0,2026-09-19,401869940
2026,2,3,401856792,2026-09-19T16:00Z,0,2306,2306,KSU,2655,2655,TULN,31.0,20.0,1,2026-10-02T09:01:31-05:00,15.018,0.8535,2026-09-19T11:00Z,2026-10-02T09:04:10-05:00,-20.5,49.5,-20.5,49.5,-108.0,-112.0,-112.0,-108.0,-1450.0,850.0,-1800.0,1000.0,DraftKings,espn_core_odds,11.0,2026-09-19,401856792
2026,2,3,401856798,2026-09-19T16:00Z,0,66,66,ISU,189,189,BGSU,55.0,7.0,1,2026-10-02T09:01:31-05:00,23.562,0.9407,2026-09-19T11:00Z,2026-10-02T09:04:10-05:00,-22.5,43.5,-22.5,45.5,-112.0,-108.0,-112.0,-108.0,-2100.0,1100.0,-2800.0,1300.0,DraftKings,espn_core_odds,48.0,2026-09-19,401856798
2026,2,3,401856812,2026-09-19T16:00Z,1,2305,2305,KU,9,9,ASU,17.0,24.0,1,2026-10-02T09:01:31-05:00,-1.303,0.4619,2026-09-19T11:00Z,2026-10-02T09:04:10-05:00,5.5,50.5,5.5,56.5,-110.0,-110.0,-110.0,-110.0,180.0,-218.0,170.0,-205.0,DraftKings,espn_core_odds,-7.0,2026-09-19,401856812
2026,2,3,401858228,2026-09-19T16:00Z,0,59,59,GT,2382,2382,MER,44.0,11.0,1,2026-10-02T09:01:31-05:00,21.543,0.926,2026-09-19T11:00Z,2026-10-02T09:04:10-05:00,-38.5,58.5,-38.5,58.5,-115.0,-105.0,-112.0,-108.0,,,,,DraftKings,espn_core_odds,33.0,2026-09-19,401858228
2026,2,3,401858229,2026-09-19T16:00Z,0,228,228,CLEM,153,153,UNC,28.0,20.0,1,2026-10-02T09:01:31-05:00,1.098,0.5322,2026-09-19T11:00Z,2026-10-02T09:04:10-05:00,-3.0,44.5,-9.5,44.5,-105.0,-115.0,-112.0,-108.0,-148.0,124.0,-410.0,320.0,DraftKings,espn_core_odds,8.0,2026-09-19,401858229
2026,2,3,401858451,2026-09-19T16:00Z,0,135,135,MINN,2006,2006,AKR,41.0,7.0,1,2026-10-02T09:01:31-05:00,17.618,0.8876,2026-09-19T11:00Z,2026-10-02T09:04:10-05:00,-22.5,48.5,-26.5,48.5,-112.0,-108.0,-112.0,-108.0,-3200.0,1400.0,-6500.0,2000.0,DraftKings,espn_core_odds,34.0,2026-09-19,401858451
2026,2,3,401860889,2026-09-19T16:00Z,0,326,326,TXST,249,249,UNT,49.0,35.0,1,2026-10-02T09:01:31-05:00,-7.363,0.2966,2026-09-19T11:00Z,2026-10-02T09:04:11-05:00,-3.0,62.5,-3.0,63.5,-118.0,-102.0,-108.0,-112.0,-162.0,136.0,-142.0,120.0,DraftKings,espn_core_odds,14.0,2026-09-19,401860889
2026,2,3,401858460,2026-09-19T16:30Z,0,275,275,WIS,2199,2199,EMU,54.0,10.0,1,2026-10-02T09:01:31-05:00,23.95,0.9432,2026-09-19T11:00Z,2026-10-02T09:04:11-05:00,-23.5,43.5,-24.5,45.5,-108.0,-112.0,-108.0,-112.0,-2400.0,1200.0,-3200.0,1400.0,DraftKings,espn_core_odds,44.0,2026-09-19,401858460
2026,2,3,401856695,2026-09-19T16:45Z,0,238,238,VAN,152,152,NCSU,35.0,31.0,1,2026-10-02T09:01:31-05:00,6.61,0.6847,2026-09-19T11:00Z,2026-10-02T09:04:11-05:00,-3.0,50.5,-4.0,54.5,-108.0,-112.0,-112.0,-108.0,-155.0,130.0,-175.0,150.0,DraftKings,espn_core_odds,4.0,2026-09-19,401856695
2026,2,3,401864508,2026-09-19T17:00Z,0,2117,2117,CMU,2751,2751,WYO,24.0,10.0,1,2026-10-02T09:01:31-05:00,1.716,0.5502,2026-09-19T11:00Z,2026-10-02T09:04:11-05:00,1.5,39.5,-2.5,39.5,-115.0,-105.0,-112.0,-108.0,-105.0,-115.0,-130.0,110.0,DraftKings,espn_core_odds,14.0,2026-09-19,401864508
2026,2,3,401858227,2026-09-19T18:00Z,0,103,103,BC,311,311,ME,22.0,16.0,1,2026-10-02T09:01:31-05:00,29.306,0.9689,2026-09-19T11:00Z,2026-10-02T09:04:11-05:00,-37.5,54.5,-38.5,53.5,-115.0,-105.0,-110.0,-110.0,,,,,DraftKings,espn_core_odds,6.0,2026-09-19,401858227
2026,2,3,401858448,2026-09-19T18:00Z,0,356,356,ILL,79,79,SIU,48.0,10.0,1,2026-10-02T09:01:31-05:00,27.909,0.9635,2026-09-19T11:00Z,2026-10-02T09:04:11-05:00,-34.5,55.5,-41.5,54.5,-120.0,100.0,-112.0,-108.0,,,,,DraftKings,espn_core_odds,38.0,2026-09-19,401858448
2026,2,3,401862774,2026-09-19T19:00Z,0,2649,2649,TOL,218,218,TEM,49.0,48.0,1,2026-10-02T09:01:31-05:00,7.017,0.6949,2026-09-19T11:00Z,2026-10-02T09:04:11-05:00,-4.5,48.5,-4.0,52.5,-110.0,-110.0,-108.0,-112.0,-198.0,164.0,-170.0,142.0,DraftKings,espn_core_odds,1.0,2026-09-19,401862774
2026,2,3,401856797,2026-09-19T19:30Z,0,2132,2132,CIN,193,193,M-OH,35.0,31.0,1,2026-10-02T09:01:31-05:00,22.142,0.9307,2026-09-19T11:00Z,2026-10-02T09:04:11-05:00,-14.5,50.5,-15.5,49.5,-108.0,-112.0,-108.0,-112.0,-650.0,470.0,-750.0,525.0,DraftKings,espn_core_odds,4.0,2026-09-19,401856797
2026,2,3,401858233,2026-09-19T19:30Z,0,25,25,CAL,2681,2681,WAG,49.0,7.0,1,2026-10-02T09:01:31-05:00,46.873,0.9959,2026-09-19T11:00Z,2026-10-02T09:04:11-05:00,-58.5,65.5,-58.5,65.5,-110.0,-110.0,-110.0,-110.0,,,,,DraftKings,espn_core_odds,42.0,2026-09-19,401858233
2026,2,3,401860890,2026-09-19T19:30Z,0,265,265,WSU,2184,2184,DUQ,48.0,7.0,1,2026-10-02T09:01:31-05:00,32.959,0.9795,2026-09-19T11:00Z,2026-10-02T09:04:11-05:00,-38.5,51.5,-37.5,53.5,-105.0,-115.0,-115.0,-105.0,,,,,DraftKings,espn_core_odds,41.0,2026-09-19,401860890
2026,2,3,401866424,2026-09-19T19:30Z,0,113,113,MASS,284,284,STO,36.0,14.0,1,2026-10-02T09:01:31-05:00,27.97,0.9638,2026-09-19T11:00Z,2026-10-02T09:04:11-05:00,-30.5,50.5,-33.5,49.5,-120.0,100.0,-110.0,-110.0,-20000.0,3500.0,-20000.0,3500.0,DraftKings,espn_core_odds,22.0,2026-09-19,401866424
2026,2,3,401858231,2026-09-19T20:00Z,0,150,150,DUKE,24,24,STAN,35.0,7.0,1,2026-10-02T09:01:31-05:00,15.617,0.862,2026-09-19T11:00Z,2026-10-02T09:04:11-05:00,-9.5,51.5,-10.0,50.5,-112.0,-108.0,-108.0,-112.0,-375.0,295.0,-410.0,320.0,DraftKings,espn_core_odds,28.0,2026-09-19,401858231
2026,2,3,401866422,2026-09-19T20:00Z,0,2335,2335,LIB,2050,2050,BALL,51.0,15.0,1,2026-10-02T09:01:31-05:00,11.366,0.7914,2026-09-19T11:00Z,2026-10-02T09:04:11-05:00,-14.5,49.5,-14.5,55.5,-108.0,-112.0,-112.0,-108.0,-650.0,470.0,-850.0,575.0,DraftKings,espn_core_odds,36.0,2026-09-19,401866422
2026,2,3,401867804,2026-09-19T20:00Z,0,239,239,BAY,2348,2348,LT,36.0,19.0,1,2026-10-02T09:01:31-05:00,17.788,0.8896,2026-09-19T11:00Z,2026-10-02T09:04:11-05:00,-20.5,50.5,-17.5,55.5,-108.0,-112.0,-110.0,-110.0,-1350.0,800.0,-1200.0,750.0,DraftKings,espn_core_odds,17.0,2026-09-19,401867804
2026,2,3,401868317,2026-09-19T20:30Z,0,2433,2433,ULM,2545,2545,SELA,35.0,38.0,1,2026-10-02T09:01:31-05:00,3.127,0.5907,2026-09-19T11:00Z,2026-10-02T09:04:11-05:00,-9.5,48.5,-10.5,48.5,-118.0,-102.0,-108.0,-112.0,,,,,DraftKings,espn_core_odds,-3.0,2026-09-19,401868317
2026,2,3,401856691,2026-09-19T21:35Z,0,2579,2579,SC,344,344,MSST,34.0,41.0,1,2026-10-02T09:01:31-05:00,5.071,0.6445000000000001,2026-09-19T11:00Z,2026-10-02T09:04:11-05:00,-3.0,59.5,-7.5,54.5,-112.0,-108.0,-108.0,-112.0,-155.0,130.0,-298.0,240.0,DraftKings,espn_core_odds,-7.0,2026-09-19,401856691
2026,2,3,401862710,2026-09-19T22:00Z,0,295,295,ODU,151,151,ECU,17.0,20.0,1,2026-10-02T09:01:31-05:00,-0.886,0.4741,2026-09-19T11:00Z,2026-10-02T09:04:11-05:00,-2.5,48.5,-2.5,49.5,-110.0,-110.0,-112.0,-108.0,-130.0,110.0,-130.0,110.0,DraftKings,espn_core_odds,-3.0,2026-09-19,401862710
2026,2,3,401862771,2026-09-19T22:00Z,0,2226,2226,FAU,2229,2229,FIU,16.0,10.0,1,2026-10-02T09:01:31-05:00,0.419,0.5123,2026-09-19T11:00Z,2026-10-02T09:04:11-05:00,-5.5,62.5,-7.5,62.5,-105.0,-115.0,-105.0,-115.0,-218.0,180.0,-278.0,225.0,DraftKings,espn_core_odds,6.0,2026-09-19,401862771
2026,2,3,401871047,2026-09-19T22:30Z,0,2623,2623,MOST,276,276,MRSH,24.0,30.0,1,2026-10-02T09:01:31-05:00,4.659,0.6333,2026-09-19T11:00Z,2026-10-02T09:04:11-05:00,4.0,52.5,4.5,53.5,-110.0,-110.0,-112.0,-108.0,160.0,-192.0,150.0,-180.0,DraftKings,espn_core_odds,-6.0,2026-09-19,401871047
2026,2,3,401856687,2026-09-19T23:00Z,0,2,2,AUB,57,57,FLA,39.0,44.0,1,2026-10-02T09:01:31-05:00,-0.188,0.4945,2026-09-19T11:00Z,2026-10-02T09:04:11-05:00,2.5,53.5,0.0,53.5,-110.0,-110.0,-110.0,-110.0,114.0,-135.0,-110.0,-110.0,DraftKings,espn_core_odds,-5.0,2026-09-19,401856687
2026,2,3,401856800,2026-09-19T23:00Z,0,2116,2116,UCF,2247,2247,GAST,44.0,30.0,1,2026-10-02T09:01:31-05:00,17.114,0.8816000000000002,2026-09-19T11:00Z,2026-10-02T09:04:11-05:00,-17.5,50.5,-21.0,49.5,-102.0,-118.0,-108.0,-112.0,-1050.0,675.0,-1800.0,1000.0,DraftKings,espn_core_odds,14.0,2026-09-19,401856800
2026,2,3,401856803,2026-09-19T23:00Z,0,197,197,OKST,93,93,MUR,59.0,0.0,1,2026-10-02T09:01:31-05:00,44.06,0.9943,2026-09-19T11:00Z,2026-10-02T09:04:11-05:00,-56.5,70.5,-56.5,70.5,-105.0,-115.0,-108.0,-112.0,,,,,DraftKings,espn_core_odds,59.0,2026-09-19,401856803
2026,2,3,401861963,2026-09-19T23:00Z,0,2572,2572,USM,41,41,CONN,20.0,48.0,1,2026-10-02T09:01:31-05:00,7.043,0.6956,2026-09-19T11:00Z,2026-10-02T09:04:11-05:00,3.5,54.5,2.5,55.5,-112.0,-108.0,-110.0,-110.0,140.0,-166.0,114.0,-135.0,DraftKings,espn_core_odds,-28.0,2026-09-19,401861963
2026,2,3,401862772,2026-09-19T23:00Z,0,235,235,MEM,2630,2630,UTM,45.0,21.0,1,2026-10-02T09:01:31-05:00,31.1,0.9746,2026-09-19T11:00Z,2026-10-02T09:04:11-05:00,-33.5,58.5,-34.5,57.5,-110.0,-110.0,-110.0,-110.0,-3200.0,1400.0,-50000.0,4000.0,DraftKings,espn_core_odds,24.0,2026-09-19,401862772
2026,2,3,401862773,2026-09-19T23:00Z,0,242,242,RICE,2711,2711,WMU,21.0,28.0,1,2026-10-02T09:01:31-05:00,-13.125,0.1766,2026-09-19T11:00Z,2026-10-02T09:04:12-05:00,8.5,43.5,11.5,45.5,-112.0,-108.0,-115.0,-105.0,280.0,-355.0,380.0,-500.0,DraftKings,espn_core_odds,-7.0,2026-09-19,401862773
2026,2,3,401862777,2026-09-19T23:00Z,0,58,58,USF,2169,2169,DSU,59.0,17.0,1,2026-10-02T09:01:31-05:00,38.323,0.989,2026-09-19T11:00Z,2026-10-02T09:04:12-05:00,-37.5,59.5,-36.5,61.5,-105.0,-115.0,-110.0,-110.0,,,,,DraftKings,espn_core_odds,42.0,2026-09-19,401862777
2026,2,3,401864443,2026-09-19T23:00Z,0,2393,2393,MTSU,2440,2440,NEV,27.0,20.0,1,2026-10-02T09:01:31-05:00,-7.345,0.297,2026-09-19T11:00Z,2026-10-02T09:04:12-05:00,3.5,50.5,6.5,49.5,-105.0,-115.0,-112.0,-108.0,150.0,-180.0,180.0,-218.0,DraftKings,espn_core_odds,7.0,2026-09-19,401864443
2026,2,3,401866423,2026-09-19T23:00Z,0,6,6,USA,195,195,OHIO,41.0,36.0,1,2026-10-02T09:01:31-05:00,4.327,0.6243,2026-09-19T11:00Z,2026-10-02T09:04:12-05:00,-7.0,49.5,-3.5,53.5,-105.0,-115.0,-110.0,-110.0,-270.0,220.0,-155.0,130.0,DraftKings,espn_core_odds,5.0,2026-09-19,401866423
2026,2,3,401869948,2026-09-19T23:00Z,0,55,55,JXST,290,290,GASO,31.0,27.0,1,2026-10-02T09:01:31-05:00,0.869,0.5255,2026-09-19T11:00Z,2026-10-02T09:04:12-05:00,-3.5,51.5,-2.5,53.5,-108.0,-112.0,-112.0,-108.0,-175.0,145.0,-130.0,110.0,DraftKings,espn_core_odds,4.0,2026-09-19,401869948
2026,2,3,401870764,2026-09-19T23:00Z,0,2534,2534,SHSU,2447,2447,NICH,59.0,0.0,1,2026-10-02T09:01:31-05:00,14.307,0.8427,2026-09-19T11:00Z,2026-10-02T09:04:12-05:00,-21.0,50.5,-17.5,49.5,-110.0,-110.0,-108.0,-112.0,,,,,DraftKings,espn_core_odds,59.0,2026-09-19,401870764
2026,2,3,401858452,2026-09-19T23:15Z,0,158,158,NEB,155,155,UND,34.0,7.0,1,2026-10-02T09:01:31-05:00,28.386,0.9655,2026-09-19T11:00Z,2026-10-02T09:04:12-05:00,-27.5,56.5,-24.5,51.5,-108.0,-112.0,-105.0,-115.0,-2400.0,1200.0,-3200.0,1400.0,DraftKings,espn_core_odds,27.0,2026-09-19,401858452
2026,2,3,401858459,2026-09-19T23:15Z,0,264,264,WASH,331,331,EWU,48.0,16.0,1,2026-10-02T09:01:31-05:00,33.232,0.9801,2026-09-19T11:00Z,2026-10-02T09:04:12-05:00,-42.5,58.5,-42.5,56.5,-110.0,-110.0,-112.0,-108.0,,,,,DraftKings,espn_core_odds,32.0,2026-09-19,401858459
2026,2,3,401856796,2026-09-19T23:30Z,0,77,77,NU,38,38,COLO,41.0,7.0,1,2026-10-02T09:01:31-05:00,-0.067,0.498,2026-09-19T11:00Z,2026-10-02T09:04:12-05:00,-3.5,47.5,-4.5,45.5,-110.0,-110.0,100.0,-120.0,-175.0,145.0,-162.0,136.0,DraftKings,espn_core_odds,34.0,2026-09-19,401856796
2026,2,3,401858232,2026-09-19T23:30Z,0,120,120,MD,259,259,VT,26.0,35.0,1,2026-10-02T09:01:31-05:00,-2.855,0.417,2026-09-19T11:00Z,2026-10-02T09:04:12-05:00,2.5,53.5,1.5,53.5,-108.0,-112.0,-112.0,-108.0,114.0,-135.0,-105.0,-115.0,DraftKings,espn_core_odds,-9.0,2026-09-19,401858232
2026,2,3,401856799,2026-09-20T00:00Z,0,2628,2628,TCU,2032,2032,ARST,31.0,7.0,1,2026-10-02T09:01:31-05:00,18.405,0.8965,2026-09-19T11:00Z,2026-10-02T09:04:12-05:00,-18.5,56.5,-20.5,57.5,-115.0,-105.0,-112.0,-108.0,-1200.0,750.0,-1450.0,850.0,DraftKings,espn_core_odds,24.0,2026-09-19,401856799
2026,2,3,401862775,2026-09-20T00:00Z,0,202,202,TLSA,2837,2837,ETAM,42.0,0.0,1,2026-10-02T09:01:31-05:00,32.166,0.9775,2026-09-19T11:00Z,2026-10-02T09:04:12-05:00,-41.5,55.5,-41.5,56.5,-102.0,-118.0,-108.0,-112.0,,,,,DraftKings,espn_core_odds,42.0,2026-09-19,401862775
2026,2,3,401862776,2026-09-20T00:00Z,0,309,309,UL,5,5,UAB,21.0,14.0,1,2026-10-02T09:01:31-05:00,13.867,0.8356999999999999,2026-09-19T11:00Z,2026-10-02T09:04:12-05:00,-7.0,55.5,-10.0,59.5,-108.0,-112.0,-110.0,-110.0,-278.0,225.0,-375.0,295.0,DraftKings,espn_core_odds,7.0,2026-09-19,401862776
2026,2,3,401864574,2026-09-20T01:30Z,0,2026,2026,APP,2429,2429,CLT,26.0,21.0,1,2026-10-02T09:01:31-05:00,15.281,0.8573,2026-09-19T11:00Z,2026-10-02T09:04:12-05:00,-16.5,52.5,-19.5,53.5,-108.0,-112.0,-105.0,-115.0,-1000.0,650.0,-950.0,625.0,DraftKings,espn_core_odds,5.0,2026-09-19,401864574
2026,2,3,401860885,2026-09-20T02:00Z,0,68,68,BOIS,233,233,SDAK,38.0,24.0,1,2026-10-02T09:01:31-05:00,23.847,0.9426,2026-09-19T11:00Z,2026-10-02T09:04:12-05:00,-28.5,61.5,-23.5,55.5,-108.0,-112.0,-110.0,-110.0,-3200.0,1400.0,-3200.0,1400.0,DraftKings,espn_core_odds,14.0,2026-09-19,401860885
2026,2,3,401860887,2026-09-20T02:00Z,0,21,21,SDSU,256,256,JMU,13.0,26.0,1,2026-10-02T09:01:31-05:00,2.969,0.5862,2026-09-19T11:00Z,2026-10-02T09:04:12-05:00,-3.0,46.5,-1.5,46.5,-105.0,-115.0,-115.0,-105.0,-142.0,120.0,-120.0,100.0,DraftKings,espn_core_odds,-13.0,2026-09-19,401860887
2026,2,3,401856793,2026-09-20T02:30Z,0,12,12,ARIZ,2459,2459,NIU,42.0,17.0,1,2026-10-02T09:01:31-05:00,28.716,0.9667,2026-09-19T11:00Z,2026-10-02T09:04:12-05:00,-34.5,50.5,-35.5,49.5,-110.0,-110.0,-112.0,-108.0,-6500.0,2000.0,-100000.0,5000.0,DraftKings,espn_core_odds,25.0,2026-09-19,401856793
2026,2,3,401864507,2026-09-20T02:30Z,0,16,16,SAC,2449,2449,NDSU,10.0,31.0,1,2026-10-02T09:01:31-05:00,-23.652,0.0587,2026-09-19T11:00Z,2026-10-02T09:04:12-05:00,26.5,50.5,23.5,53.5,-105.0,-115.0,-110.0,-110.0,1800.0,-5000.0,1400.0,-3200.0,DraftKings,espn_core_odds,-21.0,2026-09-19,401864507
2026,2,3,401858458,2026-09-20T03:00Z,0,26,26,UCLA,2509,2509,PUR,52.0,38.0,1,2026-10-02T09:01:31-05:00,11.512,0.7942,2026-09-19T11:00Z,2026-10-02T09:04:12-05:00,-13.5,53.5,-14.0,53.5,-115.0,-105.0,-110.0,-110.0,-575.0,425.0,-700.0,500.0,DraftKings,espn_core_odds,14.0,2026-09-19,401858458
2026,2,3,401860886,2026-09-20T03:00Z,0,204,204,ORST,149,149,MONT,52.0,17.0,1,2026-10-02T09:01:31-05:00,11.31,0.7903,2026-09-19T11:00Z,2026-10-02T09:04:12-05:00,-17.5,55.5,-17.5,52.5,-105.0,-115.0,-110.0,-110.0,-850.0,575.0,-750.0,525.0,DraftKings,espn_core_odds,35.0,2026-09-19,401860886
2026,2,3,401860888,2026-09-20T03:00Z,0,23,23,SJSU,278,278,FRES,10.0,26.0,1,2026-10-02T09:01:31-05:00,-8.503,0.2694,2026-09-19T11:00Z,2026-10-02T09:04:12-05:00,4.0,47.5,7.5,52.5,-108.0,-112.0,-110.0,-110.0,160.0,-192.0,225.0,-278.0,DraftKings,espn_core_odds,-16.0,2026-09-19,401860888
2026,2,4,401869941,2026-09-24T23:30Z,0,324,324,CCU,2335,2335,LIB,17.0,34.0,1,2026-10-02T09:01:31-05:00,-1.918,0.444,2026-09-24T11:00Z,2026-10-02T09:04:12-05:00,2.5,50.5,-1.5,54.5,-105.0,-115.0,-110.0,-110.0,120.0,-142.0,-120.0,100.0,DraftKings,espn_core_odds,-17.0,2026-09-24,401869941
2026,2,4,401858461,2026-09-26T00:00Z,0,84,84,IU,77,77,NU,29.0,23.0,1,2026-10-02T09:01:31-05:00,18.255,0.8949000000000001,2026-09-25T11:00Z,2026-10-02T09:04:13-05:00,-20.5,49.5,-23.5,47.5,-115.0,-105.0,-110.0,-110.0,-1650.0,950.0,-4000.0,1600.0,DraftKings,espn_core_odds,6.0,2026-09-25,401858461
2026,2,4,401862779,2026-09-25T20:00Z,0,218,218,TEM,349,349,ARMY,17.0,21.0,1,2026-10-02T09:01:31-05:00,-1.243,0.4636,2026-09-25T11:00Z,2026-10-02T09:04:13-05:00,4.0,48.5,3.0,49.5,-112.0,-108.0,-110.0,-110.0,164.0,-198.0,130.0,-155.0,DraftKings,espn_core_odds,-4.0,2026-09-25,401862779
2026,2,4,401858468,2026-09-25T23:00Z,0,164,164,RUTG,47,47,HOW,58.0,7.0,1,2026-10-02T09:01:31-05:00,32.593,0.9786,2026-09-25T11:00Z,2026-10-02T09:04:13-05:00,-42.5,57.5,-41.5,55.5,-102.0,-118.0,-120.0,100.0,,,,,DraftKings,espn_core_odds,51.0,2026-09-25,401858468
2026,2,4,401862778,2026-09-25T23:00Z,0,5,5,UAB,2426,2426,NAVY,24.0,20.0,1,2026-10-02T09:01:31-05:00,-8.639,0.2663,2026-09-25T11:00Z,2026-10-02T09:04:13-05:00,6.5,50.5,11.5,53.5,-110.0,-110.0,-110.0,-110.0,205.0,-250.0,380.0,-500.0,DraftKings,espn_core_odds,4.0,2026-09-25,401862778
2026,2,4,401858234,2026-09-26T02:30Z,0,25,25,CAL,228,228,CLEM,10.0,24.0,1,2026-10-02T09:01:31-05:00,-3.6,0.3959,2026-09-25T11:00Z,2026-10-02T09:04:13-05:00,2.5,52.5,1.5,47.5,-105.0,-115.0,-115.0,-105.0,120.0,-142.0,-105.0,-115.0,DraftKings,espn_core_odds,-14.0,2026-09-25,401858234
2026,2,4,401856704,2026-09-26T16:00Z,0,2633,2633,TENN,251,251,TEX,17.0,20.0,1,2026-10-02T09:01:31-05:00,-7.192,0.3007,2026-09-26T11:00Z,2026-10-02T09:04:13-05:00,5.5,54.5,7.0,56.5,-115.0,-105.0,-110.0,-110.0,170.0,-205.0,210.0,-258.0,DraftKings,espn_core_odds,-3.0,2026-09-26,401856704
2026,2,4,401856700,2026-09-26T19:30Z,0,61,61,UGA,201,201,OU,41.0,13.0,1,2026-10-02T09:01:31-05:00,13.73,0.8335000000000001,2026-09-26T11:00Z,2026-10-02T09:04:13-05:00,-11.5,43.5,-10.0,52.5,-108.0,-112.0,-110.0,-110.0,-520.0,390.0,-395.0,310.0,DraftKings,espn_core_odds,28.0,2026-09-26,401856700
2026,2,4,401858467,2026-09-26T18:00Z,0,2509,2509,PUR,87,87,ND,10.0,49.0,1,2026-10-02T09:01:31-05:00,-27.964,0.0362,2026-09-26T11:00Z,2026-10-02T09:04:13-05:00,27.5,57.5,27.5,56.5,-110.0,-110.0,-105.0,-115.0,1700.0,-4500.0,2000.0,-6500.0,DraftKings,espn_core_odds,-39.0,2026-09-26,401858467
2026,2,4,401856699,2026-09-26T19:30Z,0,57,57,FLA,145,145,MISS,52.0,28.0,1,2026-10-02T09:01:31-05:00,1.073,0.5314,2026-09-26T11:00Z,2026-10-02T09:04:13-05:00,-4.0,58.5,-1.5,57.5,-112.0,-108.0,-108.0,-112.0,-175.0,145.0,-115.0,-105.0,DraftKings,espn_core_odds,24.0,2026-09-26,401856699
2026,2,4,401858238,2026-09-26T22:30Z,0,2390,2390,MIA,2117,2117,CMU,52.0,3.0,1,2026-10-02T09:01:31-05:00,45.669,0.9953,2026-09-26T11:00Z,2026-10-02T09:04:13-05:00,-41.5,52.5,-42.5,54.5,-105.0,-115.0,-110.0,-110.0,,,,,DraftKings,espn_core_odds,49.0,2026-09-26,401858238
2026,2,4,401858465,2026-09-26T16:00Z,0,194,194,OSU,356,356,ILL,42.0,19.0,1,2026-10-02T09:01:31-05:00,25.365,0.9515,2026-09-26T11:00Z,2026-10-02T09:04:13-05:00,-25.5,53.5,-27.5,54.5,-112.0,-108.0,-110.0,-110.0,-4000.0,1600.0,-6500.0,2000.0,DraftKings,espn_core_odds,23.0,2026-09-26,401858465
2026,2,4,401856696,2026-09-26T23:10Z,0,333,333,ALA,2579,2579,SC,49.0,18.0,1,2026-10-02T09:01:31-05:00,13.011,0.8215,2026-09-26T11:00Z,2026-10-02T09:04:13-05:00,-12.5,53.5,-11.5,46.5,-110.0,-110.0,-108.0,-112.0,-520.0,390.0,-455.0,350.0,DraftKings,espn_core_odds,31.0,2026-09-26,401856696
2026,2,4,401856702,2026-09-26T23:30Z,0,99,99,LSU,245,245,TA&M,35.0,6.0,1,2026-10-02T09:01:31-05:00,4.501,0.629,2026-09-26T11:00Z,2026-10-02T09:04:13-05:00,-8.5,52.5,-3.0,57.5,-108.0,-112.0,-110.0,-110.0,-375.0,295.0,-162.0,136.0,DraftKings,espn_core_odds,29.0,2026-09-26,401856702
2026,2,4,401856805,2026-09-26T16:00Z,0,2641,2641,TTU,2534,2534,SHSU,49.0,14.0,1,2026-10-02T09:01:31-05:00,28.618,0.9663,2026-09-26T11:00Z,2026-10-02T09:04:13-05:00,-34.5,55.5,-37.5,54.5,-112.0,-108.0,-110.0,-110.0,,,,,DraftKings,espn_core_odds,35.0,2026-09-26,401856805
2026,2,4,401858469,2026-09-26T23:30Z,0,30,30,USC,2483,2483,ORE,27.0,41.0,1,2026-10-02T09:01:31-05:00,-1.092,0.468,2026-09-26T11:00Z,2026-10-02T09:04:13-05:00,3.5,60.5,5.5,58.5,-110.0,-110.0,-110.0,-110.0,154.0,-185.0,195.0,-238.0,DraftKings,espn_core_odds,-14.0,2026-09-26,401858469
2026,2,4,401858466,2026-09-26T21:00Z,0,213,213,PSU,275,275,WIS,20.0,24.0,1,2026-10-02T09:01:31-05:00,16.643,0.8757,2026-09-26T11:00Z,2026-10-02T09:04:13-05:00,-9.5,43.5,-11.5,42.5,-112.0,-108.0,-105.0,-115.0,-380.0,300.0,-455.0,350.0,DraftKings,espn_core_odds,-4.0,2026-09-26,401858466
2026,2,4,401856816,2026-09-26T19:30Z,0,66,66,ISU,254,254,UTAH,17.0,31.0,1,2026-10-02T09:01:31-05:00,-9.755,0.2415,2026-09-26T11:00Z,2026-10-02T09:04:13-05:00,7.5,46.5,11.5,49.5,-112.0,-108.0,-110.0,-110.0,260.0,-325.0,370.0,-485.0,DraftKings,espn_core_odds,-14.0,2026-09-26,401856816
2026,2,4,401858243,2026-09-26T16:00Z,0,97,97,LOU,154,154,WAKE,27.0,30.0,1,2026-10-02T09:01:31-05:00,11.863,0.8009,2026-09-26T11:00Z,2026-10-02T09:04:13-05:00,-11.5,57.5,-13.5,58.5,-110.0,-110.0,-110.0,-110.0,-485.0,370.0,-650.0,470.0,DraftKings,espn_core_odds,-3.0,2026-09-26,401858243
2026,2,4,401858463,2026-09-26T19:30Z,0,130,130,MICH,2294,2294,IOWA,19.0,20.0,1,2026-10-02T09:01:31-05:00,5.297,0.6506000000000001,2026-09-26T11:00Z,2026-10-02T09:04:14-05:00,-4.5,39.5,-4.5,39.5,-110.0,-110.0,-110.0,-110.0,-205.0,170.0,-192.0,160.0,DraftKings,espn_core_odds,-1.0,2026-09-26,401858463
2026,2,4,401856703,2026-09-26T23:45Z,0,344,344,MSST,142,142,MIZ,31.0,24.0,1,2026-10-02T09:01:31-05:00,6.202,0.6743000000000001,2026-09-26T11:00Z,2026-10-02T09:04:14-05:00,-3.5,58.5,-1.5,56.5,-112.0,-108.0,-105.0,-115.0,-175.0,145.0,-115.0,-105.0,DraftKings,espn_core_odds,7.0,2026-09-26,401856703
2026,2,4,401858241,2026-09-27T01:00Z,0,2567,2567,SMU,2623,2623,MOST,34.0,24.0,1,2026-10-02T09:01:31-05:00,29.369,0.9691,2026-09-26T11:00Z,2026-10-02T09:04:14-05:00,-30.5,60.5,-34.5,59.5,-112.0,-108.0,-110.0,-110.0,-9000.0,2500.0,-20000.0,3500.0,DraftKings,espn_core_odds,10.0,2026-09-26,401858241
2026,2,4,401856806,2026-09-26T20:00Z,0,290,290,GASO,248,248,HOU,28.0,42.0,1,2026-10-02T09:01:31-05:00,-16.695,0.1235999999999999,2026-09-26T11:00Z,2026-10-02T09:04:14-05:00,17.5,56.5,19.5,55.5,-112.0,-108.0,-110.0,-110.0,625.0,-950.0,900.0,-1600.0,DraftKings,espn_core_odds,-14.0,2026-09-26,401856806
2026,2,4,401856813,2026-09-26T16:00Z,0,239,239,BAY,38,38,COLO,23.0,13.0,1,2026-10-02T09:01:31-05:00,11.731,0.7984,2026-09-26T11:00Z,2026-10-02T09:04:14-05:00,-8.5,54.5,-8.5,53.5,-105.0,-115.0,-110.0,-110.0,-345.0,275.0,-290.0,235.0,DraftKings,espn_core_odds,10.0,2026-09-26,401856813
2026,2,4,401858236,2026-09-26T16:00Z,0,221,221,PITT,2083,2083,BUCK,59.0,0.0,1,2026-10-02T09:01:31-05:00,49.777,0.9971,2026-09-26T11:00Z,2026-10-02T09:04:14-05:00,-54.5,63.5,-53.5,61.5,-110.0,-110.0,-110.0,-110.0,,,,,DraftKings,espn_core_odds,59.0,2026-09-26,401858236
2026,2,4,401858242,2026-09-26T16:00Z,0,103,103,BC,259,259,VT,14.0,21.0,1,2026-10-02T09:01:31-05:00,-15.478,0.1399,2026-09-26T11:00Z,2026-10-02T09:04:14-05:00,14.5,45.5,14.0,54.5,-108.0,-112.0,-110.0,-110.0,500.0,-700.0,490.0,-675.0,DraftKings,espn_core_odds,-7.0,2026-09-26,401858242
2026,2,4,401860893,2026-09-26T16:00Z,0,2649,2649,TOL,21,21,SDSU,41.0,16.0,1,2026-10-02T09:01:31-05:00,5.584,0.6582000000000001,2026-09-26T11:00Z,2026-10-02T09:04:14-05:00,-2.5,50.5,1.5,48.5,-118.0,-102.0,-110.0,-110.0,-142.0,120.0,-102.0,-118.0,DraftKings,espn_core_odds,25.0,2026-09-26,401860893
2026,2,4,401860896,2026-09-26T16:00Z,0,2636,2636,UTSA,36,36,CSU,59.0,45.0,1,2026-10-02T09:01:31-05:00,7.56,0.7082999999999999,2026-09-26T11:00Z,2026-10-02T09:04:14-05:00,-14.5,56.5,-11.5,57.5,-105.0,-115.0,-110.0,-110.0,-675.0,490.0,-575.0,425.0,DraftKings,espn_core_odds,14.0,2026-09-26,401860896
2026,2,4,401864512,2026-09-26T16:00Z,0,2006,2006,AKR,2439,2439,UNLV,10.0,38.0,1,2026-10-02T09:01:31-05:00,-9.807,0.2404,2026-09-26T11:00Z,2026-10-02T09:04:14-05:00,13.5,52.5,14.0,49.5,-112.0,-108.0,-110.0,-110.0,410.0,-550.0,470.0,-650.0,DraftKings,espn_core_odds,-28.0,2026-09-26,401864512
2026,2,4,401866425,2026-09-26T16:00Z,0,2309,2309,KENT,2050,2050,BALL,26.0,13.0,1,2026-10-02T09:01:31-05:00,-0.035,0.499,2026-09-26T11:00Z,2026-10-02T09:04:14-05:00,-2.5,51.5,-4.5,51.5,-115.0,-105.0,-110.0,-110.0,-142.0,120.0,-185.0,154.0,DraftKings,espn_core_odds,13.0,2026-09-26,401866425
2026,2,4,401864576,2026-09-26T16:45Z,0,96,96,UK,6,6,USA,45.0,21.0,1,2026-10-02T09:01:31-05:00,19.268,0.9056,2026-09-26T11:00Z,2026-10-02T09:04:14-05:00,-20.5,54.5,-19.5,55.5,-115.0,-105.0,-110.0,-110.0,-1600.0,900.0,-1650.0,950.0,DraftKings,espn_core_odds,24.0,2026-09-26,401864576
2026,2,4,401866427,2026-09-26T17:00Z,0,2199,2199,EMU,2815,2815,LIN,29.0,3.0,1,2026-10-02T09:01:31-05:00,15.125,0.855,2026-09-26T11:00Z,2026-10-02T09:04:14-05:00,-24.5,53.5,-25.5,50.5,-102.0,-118.0,-110.0,-110.0,-2400.0,1200.0,-2400.0,1200.0,DraftKings,espn_core_odds,26.0,2026-09-26,401866427
2026,2,4,401858462,2026-09-26T17:30Z,0,120,120,MD,26,26,UCLA,3.0,54.0,1,2026-10-02T09:01:31-05:00,2.691,0.5783,2026-09-26T11:00Z,2026-10-02T09:04:14-05:00,2.5,55.5,1.5,51.5,-102.0,-118.0,-112.0,-108.0,124.0,-148.0,-102.0,-118.0,DraftKings,espn_core_odds,-51.0,2026-09-26,401858462
2026,2,4,401864511,2026-09-26T18:00Z,0,2247,2247,GAST,2459,2459,NIU,35.0,14.0,1,2026-10-02T09:01:31-05:00,11.341,0.7909,2026-09-26T11:00Z,2026-10-02T09:04:14-05:00,-8.5,56.5,-8.5,54.5,-110.0,-110.0,-110.0,-110.0,-345.0,275.0,-380.0,300.0,DraftKings,espn_core_odds,21.0,2026-09-26,401864511
2026,2,4,401858237,2026-09-26T19:00Z,0,52,52,FSU,2110,2110,CARK,34.0,7.0,1,2026-10-02T09:01:31-05:00,41.928,0.9927,2026-09-26T11:00Z,2026-10-02T09:04:14-05:00,-45.5,62.5,-42.5,59.5,-108.0,-112.0,-110.0,-110.0,,,,,DraftKings,espn_core_odds,27.0,2026-09-26,401858237
2026,2,4,401864510,2026-09-26T19:00Z,0,2751,2751,WYO,62,62,HAW,27.0,10.0,1,2026-10-02T09:01:31-05:00,-7.143,0.302,2026-09-26T11:00Z,2026-10-02T09:04:14-05:00,2.5,44.5,5.5,44.5,-115.0,-105.0,-110.0,-110.0,105.0,-125.0,170.0,-205.0,DraftKings,espn_core_odds,17.0,2026-09-26,401864510
2026,2,4,401856815,2026-09-26T19:30Z,0,2116,2116,UCF,2628,2628,TCU,21.0,13.0,1,2026-10-02T09:01:31-05:00,0.584,0.5171,2026-09-26T11:00Z,2026-10-02T09:04:14-05:00,3.5,48.5,3.0,50.5,-112.0,-108.0,-110.0,-110.0,142.0,-170.0,130.0,-155.0,DraftKings,espn_core_odds,8.0,2026-09-26,401856815
2026,2,4,401858244,2026-09-26T19:30Z,0,150,150,DUKE,2729,2729,W&M,62.0,7.0,1,2026-10-02T09:01:31-05:00,40.202,0.9911,2026-09-26T11:00Z,2026-10-02T09:04:14-05:00,-43.5,61.5,-43.5,60.5,-110.0,-110.0,-110.0,-110.0,,,,,DraftKings,espn_core_odds,55.0,2026-09-26,401858244
2026,2,4,401860897,2026-09-26T19:30Z,0,2711,2711,WMU,68,68,BOIS,7.0,32.0,1,2026-10-02T09:01:31-05:00,-4.941,0.359,2026-09-26T11:00Z,2026-10-02T09:04:14-05:00,8.5,50.5,7.5,47.5,-112.0,-108.0,-108.0,-112.0,240.0,-298.0,240.0,-298.0,DraftKings,espn_core_odds,-25.0,2026-09-26,401860897
2026,2,4,401861970,2026-09-26T19:30Z,0,193,193,M-OH,41,41,CONN,24.0,21.0,1,2026-10-02T09:01:31-05:00,-0.093,0.4973,2026-09-26T11:00Z,2026-10-02T09:04:14-05:00,-2.5,52.5,-3.0,50.5,-115.0,-105.0,-110.0,-110.0,-142.0,120.0,-148.0,124.0,DraftKings,espn_core_odds,3.0,2026-09-26,401861970
2026,2,4,401864579,2026-09-26T19:30Z,0,166,166,NMSU,167,167,UNM,18.0,42.0,1,2026-10-02T09:01:31-05:00,-15.092,0.1455,2026-09-26T11:00Z,2026-10-02T09:04:14-05:00,11.5,47.5,12.5,49.5,-110.0,-110.0,-110.0,-110.0,350.0,-455.0,410.0,-550.0,DraftKings,espn_core_odds,-24.0,2026-09-26,401864579
2026,2,4,401866426,2026-09-26T19:30Z,0,2084,2084,BUFF,2523,2523,RMU,31.0,28.0,1,2026-10-02T09:01:31-05:00,24.796,0.9483,2026-09-26T11:00Z,2026-10-02T09:04:14-05:00,-27.5,46.5,-28.5,44.5,-118.0,-102.0,-110.0,-110.0,-3200.0,1400.0,-6500.0,2000.0,DraftKings,espn_core_odds,3.0,2026-09-26,401866426
2026,2,4,401866428,2026-09-26T19:30Z,0,195,195,OHIO,284,284,STO,35.0,7.0,1,2026-10-02T09:01:31-05:00,29.067,0.968,2026-09-26T11:00Z,2026-10-02T09:04:14-05:00,-32.5,53.5,-34.5,50.5,-112.0,-108.0,-110.0,-110.0,-5000.0,1800.0,-50000.0,4000.0,DraftKings,espn_core_odds,28.0,2026-09-26,401866428
2026,2,4,401868188,2026-09-26T19:30Z,0,276,276,MRSH,2241,2241,GWEB,36.0,35.0,1,2026-10-02T09:01:31-05:00,14.77,0.8498,2026-09-26T11:00Z,2026-10-02T09:04:15-05:00,-24.5,56.5,-23.5,50.5,-115.0,-105.0,-110.0,-110.0,-2100.0,1100.0,-2400.0,1200.0,DraftKings,espn_core_odds,1.0,2026-09-26,401868188
2026,2,4,401862781,2026-09-26T20:00Z,0,151,151,ECU,2428,2428,NCCU,42.0,9.0,1,2026-10-02T09:01:31-05:00,30.64,0.9733000000000002,2026-09-26T11:00Z,2026-10-02T09:04:15-05:00,-37.5,58.5,-34.5,54.5,-110.0,-110.0,-110.0,-110.0,-100000.0,5000.0,-50000.0,4000.0,DraftKings,espn_core_odds,33.0,2026-09-26,401862781
2026,2,4,401856698,2026-09-26T20:15Z,0,2,2,AUB,238,238,VAN,21.0,15.0,1,2026-10-02T09:01:31-05:00,9.485,0.7526,2026-09-26T11:00Z,2026-10-02T09:04:15-05:00,-10.0,54.5,-8.5,50.5,-108.0,-112.0,-110.0,-110.0,-395.0,310.0,-340.0,270.0,DraftKings,espn_core_odds,6.0,2026-09-26,401856698
2026,2,4,401858464,2026-09-26T21:00Z,0,127,127,MSU,158,158,NEB,13.0,31.0,1,2026-10-02T09:01:31-05:00,-7.845,0.2849,2026-09-26T11:00Z,2026-10-02T09:04:15-05:00,6.0,48.5,5.5,52.5,-112.0,-108.0,-110.0,-110.0,185.0,-225.0,170.0,-205.0,DraftKings,espn_core_odds,-18.0,2026-09-26,401858464
2026,2,4,401862785,2026-09-26T21:00Z,0,189,189,BGSU,58,58,USF,6.0,14.0,1,2026-10-02T09:01:31-05:00,-22.364,0.0676,2026-09-26T11:00Z,2026-10-02T09:04:15-05:00,17.5,48.5,15.5,51.5,-108.0,-112.0,-110.0,-110.0,675.0,-1050.0,600.0,-900.0,DraftKings,espn_core_odds,-8.0,2026-09-26,401862785
2026,2,4,401858239,2026-09-26T22:00Z,0,258,258,UVA,48,48,DEL,42.0,3.0,1,2026-10-02T09:01:31-05:00,16.625,0.8755,2026-09-26T11:00Z,2026-10-02T09:04:15-05:00,-19.5,52.5,-20.5,54.5,-115.0,-105.0,-110.0,-110.0,-1450.0,850.0,-1450.0,850.0,DraftKings,espn_core_odds,39.0,2026-09-26,401858239
2026,2,4,401860892,2026-09-26T22:00Z,0,326,326,TXST,2916,2916,UIW,63.0,10.0,1,2026-10-02T09:01:31-05:00,17.733,0.889,2026-09-26T11:00Z,2026-10-02T09:04:15-05:00,-30.5,66.5,-29.5,63.5,-112.0,-108.0,-110.0,-110.0,-2800.0,1300.0,-4500.0,1700.0,DraftKings,espn_core_odds,53.0,2026-09-26,401860892
2026,2,4,401867909,2026-09-26T22:00Z,0,2229,2229,FIU,2341,2341,LIU,20.0,3.0,1,2026-10-02T09:01:31-05:00,27.844,0.9633,2026-09-26T11:00Z,2026-10-02T09:04:15-05:00,-37.5,54.5,-35.5,50.5,-108.0,-112.0,-110.0,-110.0,-4500.0,1700.0,-10000.0,3000.0,DraftKings,espn_core_odds,17.0,2026-09-26,401867909
2026,2,4,401869961,2026-09-26T22:00Z,0,295,295,ODU,256,256,JMU,20.0,46.0,1,2026-10-02T09:01:31-05:00,-9.6,0.2448,2026-09-26T11:00Z,2026-10-02T09:04:15-05:00,7.0,44.5,4.5,50.5,-112.0,-108.0,-110.0,-110.0,215.0,-265.0,145.0,-175.0,DraftKings,espn_core_odds,-26.0,2026-09-26,401869961
2026,2,4,401862780,2026-09-26T22:30Z,0,2429,2429,CLT,309,309,UL,7.0,34.0,1,2026-10-02T09:01:31-05:00,-7.546,0.2921,2026-09-26T11:00Z,2026-10-02T09:04:15-05:00,9.5,49.5,14.5,52.5,-112.0,-108.0,-110.0,-110.0,310.0,-395.0,470.0,-650.0,DraftKings,espn_core_odds,-27.0,2026-09-26,401862780
2026,2,4,401856814,2026-09-26T23:00Z,0,2132,2132,CIN,2306,2306,KSU,31.0,26.0,1,2026-10-02T09:01:31-05:00,-2.866,0.4167,2026-09-26T11:00Z,2026-10-02T09:04:15-05:00,6.0,55.5,6.0,52.5,-112.0,-108.0,-110.0,-110.0,195.0,-238.0,185.0,-225.0,DraftKings,espn_core_odds,5.0,2026-09-26,401856814
2026,2,4,401856881,2026-09-26T23:00Z,0,277,277,WVU,197,197,OKST,24.0,41.0,1,2026-10-02T09:01:31-05:00,2.917,0.5847,2026-09-26T11:00Z,2026-10-02T09:04:15-05:00,-1.5,60.5,2.5,57.5,-112.0,-108.0,-110.0,-110.0,-125.0,105.0,110.0,-130.0,DraftKings,espn_core_odds,-17.0,2026-09-26,401856881
2026,2,4,401862784,2026-09-26T23:00Z,0,2655,2655,TULN,2572,2572,USM,24.0,21.0,1,2026-10-02T09:01:31-05:00,15.228,0.8565,2026-09-26T11:00Z,2026-10-02T09:04:15-05:00,-17.5,52.5,-17.5,53.5,-115.0,-105.0,-102.0,-118.0,-1050.0,675.0,-1200.0,750.0,DraftKings,espn_core_odds,3.0,2026-09-26,401862784
2026,2,4,401869931,2026-09-26T23:00Z,0,2032,2032,ARST,338,338,KENN,17.0,14.0,1,2026-10-02T09:01:31-05:00,3.114,0.5903,2026-09-26T11:00Z,2026-10-02T09:04:15-05:00,-6.5,53.5,-5.5,53.5,-108.0,-112.0,-105.0,-115.0,-238.0,195.0,-185.0,154.0,DraftKings,espn_core_odds,3.0,2026-09-26,401869931
2026,2,4,401870745,2026-09-26T23:00Z,0,98,98,WKU,2385,2385,MERC,52.0,7.0,1,2026-10-02T09:01:31-05:00,26.689,0.9582,2026-09-26T11:00Z,2026-10-02T09:04:15-05:00,-39.5,58.5,-38.5,56.5,-108.0,-112.0,-110.0,-110.0,,,,,DraftKings,espn_core_odds,45.0,2026-09-26,401870745
2026,2,4,401871048,2026-09-26T23:00Z,0,55,55,JXST,2393,2393,MTSU,23.0,13.0,1,2026-10-02T09:01:31-05:00,6.646,0.6856,2026-09-26T11:00Z,2026-10-02T09:04:15-05:00,-7.0,50.5,-9.5,54.5,-115.0,-105.0,-110.0,-110.0,-285.0,230.0,-325.0,260.0,DraftKings,espn_core_odds,10.0,2026-09-26,401871048
2026,2,4,401856804,2026-09-26T23:30Z,0,265,265,WSU,12,12,ARIZ,24.0,34.0,1,2026-10-02T09:01:31-05:00,-10.483,0.2262,2026-09-26T11:00Z,2026-10-02T09:04:15-05:00,11.5,47.5,13.5,48.5,-110.0,-110.0,-110.0,-110.0,330.0,-425.0,425.0,-575.0,DraftKings,espn_core_odds,-10.0,2026-09-26,401856804
2026,2,4,401860894,2026-09-26T23:30Z,0,328,328,USU,2653,2653,TROY,21.0,10.0,1,2026-10-02T09:01:31-05:00,0.79,0.5231,2026-09-26T11:00Z,2026-10-02T09:04:15-05:00,-3.0,47.5,-2.5,52.5,-105.0,-115.0,-110.0,-110.0,-148.0,124.0,-130.0,110.0,DraftKings,espn_core_odds,11.0,2026-09-26,401860894
2026,2,4,401862783,2026-09-26T23:30Z,0,249,249,UNT,2277,2277,HCU,63.0,14.0,1,2026-10-02T09:01:31-05:00,28.068,0.9641999999999998,2026-09-26T11:00Z,2026-10-02T09:04:15-05:00,-38.5,60.5,-37.5,58.5,-105.0,-115.0,-110.0,-110.0,-100000.0,5000.0,-100000.0,5000.0,DraftKings,espn_core_odds,49.0,2026-09-26,401862783
2026,2,4,401864572,2026-09-26T23:30Z,0,152,152,NCSU,2026,2026,APP,41.0,31.0,1,2026-10-02T09:01:31-05:00,9.387,0.7505,2026-09-26T11:00Z,2026-10-02T09:04:15-05:00,-12.5,56.5,-14.0,55.5,-112.0,-108.0,-110.0,-110.0,-535.0,400.0,-535.0,400.0,DraftKings,espn_core_odds,10.0,2026-09-26,401864572
2026,2,4,401856697,2026-09-27T00:00Z,0,8,8,ARK,202,202,TLSA,34.0,6.0,1,2026-10-02T09:01:31-05:00,1.404,0.5411,2026-09-26T11:00Z,2026-10-02T09:04:15-05:00,-7.0,51.5,-8.5,52.5,-105.0,-115.0,-105.0,-115.0,-278.0,225.0,-285.0,230.0,DraftKings,espn_core_odds,28.0,2026-09-26,401856697
2026,2,4,401862782,2026-09-27T00:00Z,0,2433,2433,ULM,2226,2226,FAU,17.0,45.0,1,2026-10-02T09:01:31-05:00,-9.369,0.2499,2026-09-26T11:00Z,2026-10-02T09:04:15-05:00,11.5,58.5,13.5,59.5,-105.0,-115.0,-110.0,-110.0,370.0,-485.0,440.0,-600.0,DraftKings,espn_core_odds,-28.0,2026-09-26,401862782
2026,2,4,401860895,2026-09-27T01:00Z,0,2638,2638,UTEP,204,204,ORST,7.0,33.0,1,2026-10-02T09:01:31-05:00,-13.58,0.1689,2026-09-26T11:00Z,2026-10-02T09:04:15-05:00,11.5,56.5,12.5,55.5,-115.0,-105.0,-110.0,-110.0,350.0,-455.0,425.0,-575.0,DraftKings,espn_core_odds,-26.0,2026-09-26,401860895
2026,2,4,401866429,2026-09-27T01:00Z,0,16,16,SAC,113,113,MASS,6.0,35.0,1,2026-10-02T09:01:31-05:00,-9.819,0.2401,2026-09-26T11:00Z,2026-10-02T09:04:15-05:00,6.0,49.5,6.0,50.5,-110.0,-110.0,-110.0,-110.0,180.0,-218.0,185.0,-225.0,DraftKings,espn_core_odds,-29.0,2026-09-26,401866429
2026,2,4,401860891,2026-09-27T02:00Z,0,278,278,FRES,242,242,RICE,38.0,24.0,1,2026-10-02T09:01:31-05:00,17.358,0.8846,2026-09-26T11:00Z,2026-10-02T09:04:16-05:00,-12.5,43.5,-13.5,43.5,-108.0,-112.0,-110.0,-110.0,-500.0,380.0,-520.0,390.0,DraftKings,espn_core_odds,14.0,2026-09-26,401860891
2026,2,4,401858240,2026-09-27T02:30Z,0,24,24,STAN,59,59,GT,34.0,27.0,1,2026-10-02T09:01:31-05:00,-6.517,0.3176,2026-09-26T11:00Z,2026-10-02T09:04:16-05:00,3.0,48.5,4.5,48.5,-108.0,-112.0,-110.0,-110.0,130.0,-155.0,150.0,-180.0,DraftKings,espn_core_odds,7.0,2026-09-26,401858240
2026,2,4,401864509,2026-09-27T02:30Z,0,2440,2440,NEV,2005,2005,AFA,33.0,36.0,1,2026-10-02T09:01:31-05:00,-1.135,0.4668,2026-09-26T11:00Z,2026-10-02T09:04:16-05:00,4.5,50.5,4.5,48.5,-108.0,-112.0,-110.0,-110.0,185.0,-225.0,170.0,-205.0,DraftKings,espn_core_odds,-3.0,2026-09-26,401864509
2026,2,4,401858470,2026-09-27T03:00Z,0,264,264,WASH,135,135,MINN,24.0,27.0,1,2026-10-02T09:01:31-05:00,8.612,0.7331,2026-09-26T11:00Z,2026-10-02T09:04:16-05:00,-12.5,44.5,-9.5,44.5,-108.0,-112.0,-110.0,-110.0,-455.0,350.0,-410.0,320.0,DraftKings,espn_core_odds,-3.0,2026-09-26,401858470
2026,2,5,401858245,2026-10-02T23:00Z,0,259,259,VT,221,221,PITT,,,0,2026-10-02T09:01:31-05:00,-2.672,0.4223,2026-10-02T11:00Z,2026-10-02T09:04:16-05:00,-2.5,54.5,-5.5,56.5,-115.0,-105.0,-110.0,-110.0,-135.0,114.0,-205.0,170.0,DraftKings,espn_core_odds,,2026-10-02,401858245
2026,2,5,401871050,2026-10-02T23:00Z,0,48,48,DEL,2335,2335,LIB,,,0,2026-10-02T09:01:31-05:00,-5.347,0.3481,2026-10-02T11:00Z,2026-10-02T09:04:16-05:00,6.5,49.5,7.0,50.5,102.0,-122.0,-110.0,-110.0,220.0,-270.0,190.0,-230.0,DraftKings,espn_core_odds,,2026-10-02,401871050
2026,2,5,401858476,2026-10-03T00:00Z,0,77,77,NU,213,213,PSU,,,0,2026-10-02T09:01:31-05:00,-2.085,0.4391,2026-10-02T11:00Z,2026-10-02T09:04:16-05:00,2.5,45.5,7.0,48.5,-102.0,-118.0,-110.0,-110.0,120.0,-142.0,225.0,-278.0,DraftKings,espn_core_odds,,2026-10-02,401858476
2026,2,5,401871049,2026-10-02T00:00Z,0,166,166,NMSU,98,98,WKU,34.0,13.0,1,2026-10-02T09:01:31-05:00,0.459,0.5135,2026-10-01T11:00Z,2026-10-02T09:04:16-05:00,-1.5,55.5,-1.5,53.5,-115.0,-105.0,-108.0,-112.0,-125.0,105.0,-112.0,-108.0,DraftKings,espn_core_odds,21.0,2026-10-01,401871049
2026,2,5,401862786,2026-10-02T01:00Z,0,202,202,TLSA,249,249,UNT,44.0,45.0,1,2026-10-02T09:01:31-05:00,-3.14,0.4089,2026-10-01T11:00Z,2026-10-02T09:04:16-05:00,3.0,56.5,1.5,57.5,-118.0,-102.0,-115.0,-105.0,124.0,-148.0,-108.0,-112.0,DraftKings,espn_core_odds,-1.0,2026-10-01,401862786
2026,2,5,401862787,2026-10-03T15:00Z,0,2429,2429,CLT,235,235,MEM,,,0,2026-10-02T09:01:31-05:00,-18.313,0.1045,2026-10-02T11:00Z,2026-10-02T09:04:16-05:00,20.5,52.5,21.5,54.5,-110.0,-110.0,-110.0,-110.0,850.0,-1450.0,1300.0,-2800.0,DraftKings,espn_core_odds,,2026-10-03,401862787
2026,2,5,401858250,2026-10-03T16:00Z,0,153,153,UNC,87,87,ND,,,0,2026-10-02T09:01:31-05:00,-20.049,0.0869,2026-10-02T11:00Z,2026-10-02T09:04:16-05:00,21.5,46.5,24.5,55.5,-108.0,-112.0,-115.0,-105.0,1000.0,-1800.0,1200.0,-2400.0,DraftKings,espn_core_odds,,2026-10-03,401858250
2026,2,5,401856707,2026-10-03T16:00Z,0,344,344,MSST,333,333,ALA,,,0,2026-10-02T09:01:31-05:00,-9.058,0.2568,2026-10-02T11:00Z,2026-10-02T09:04:16-05:00,6.0,60.5,3.0,58.5,-115.0,-105.0,-110.0,-110.0,180.0,-218.0,130.0,-155.0,DraftKings,espn_core_odds,,2026-10-03,401856707
2026,2,5,401856819,2026-10-03T16:00Z,0,248,248,HOU,2116,2116,UCF,,,0,2026-10-02T09:01:31-05:00,8.153,0.7224,2026-10-02T11:00Z,2026-10-02T09:04:16-05:00,-11.5,50.5,-12.5,51.5,-108.0,-112.0,-110.0,-110.0,-455.0,350.0,-440.0,340.0,DraftKings,espn_core_odds,,2026-10-03,401856819
2026,2,5,401858246,2026-10-03T16:00Z,0,2567,2567,SMU,103,103,BC,,,0,2026-10-02T09:01:31-05:00,18.407,0.8966,2026-10-02T11:00Z,2026-10-02T09:04:16-05:00,-21.5,55.5,-21.0,56.5,-105.0,-115.0,-110.0,-110.0,-1800.0,1000.0,-2100.0,1100.0,DraftKings,espn_core_odds,,2026-10-03,401858246
2026,2,5,401856807,2026-10-03T16:00Z,0,2305,2305,KU,2393,2393,MTSU,,,0,2026-10-02T09:01:31-05:00,18.038,0.8925,2026-10-02T11:00Z,2026-10-02T09:04:16-05:00,-19.5,50.5,-21.5,52.5,-112.0,-108.0,-110.0,-110.0,-1350.0,800.0,-2800.0,1300.0,DraftKings,espn_core_odds,,2026-10-03,401856807
2026,2,5,401856822,2026-10-03T16:00Z,0,66,66,ISU,277,277,WVU,,,0,2026-10-02T09:01:31-05:00,4.264,0.6225,2026-10-02T11:00Z,2026-10-02T09:04:16-05:00,-3.0,53.5,-1.5,53.5,-118.0,-102.0,-108.0,-112.0,-155.0,130.0,-115.0,-105.0,DraftKings,espn_core_odds,,2026-10-03,401856822
2026,2,5,401858251,2026-10-03T16:00Z,0,154,154,WAKE,24,24,STAN,,,0,2026-10-02T09:01:31-05:00,16.863,0.8785,2026-10-02T11:00Z,2026-10-02T09:04:16-05:00,-14.0,53.5,-12.5,54.5,-110.0,-110.0,-110.0,-110.0,-600.0,440.0,-470.0,360.0,DraftKings,espn_core_odds,,2026-10-03,401858251
2026,2,5,401858252,2026-10-03T16:00Z,0,41,41,CONN,183,183,SYR,,,0,2026-10-02T09:01:31-05:00,-7.596,0.2909,2026-10-02T11:00Z,2026-10-02T09:04:16-05:00,7.0,50.5,6.5,53.5,-112.0,-108.0,-115.0,-105.0,215.0,-265.0,170.0,-205.0,DraftKings,espn_core_odds,,2026-10-03,401858252
2026,2,5,401858474,2026-10-03T16:00Z,0,135,135,MINN,130,130,MICH,,,0,2026-10-02T09:01:31-05:00,-9.642,0.2439,2026-10-02T11:00Z,2026-10-02T09:04:16-05:00,5.5,43.5,8.5,44.5,-110.0,-110.0,-110.0,-110.0,185.0,-225.0,270.0,-340.0,DraftKings,espn_core_odds,,2026-10-03,401858474
2026,2,5,401862791,2026-10-03T16:00Z,0,2005,2005,AFA,2426,2426,NAVY,,,0,2026-10-02T09:01:31-05:00,5.232,0.6488,2026-10-02T11:00Z,2026-10-02T09:04:16-05:00,-3.5,45.5,-1.5,49.5,-102.0,-118.0,-105.0,-115.0,-166.0,140.0,-115.0,-105.0,DraftKings,espn_core_odds,,2026-10-03,401862791
2026,2,5,401858479,2026-10-03T16:30Z,0,275,275,WIS,127,127,MSU,,,0,2026-10-02T09:01:31-05:00,6.15,0.6729,2026-10-02T11:00Z,2026-10-02T09:04:16-05:00,-10.0,43.5,-10.0,44.5,-105.0,-115.0,-110.0,-110.0,-380.0,300.0,-360.0,285.0,DraftKings,espn_core_odds,,2026-10-03,401858479
2026,2,5,401856705,2026-10-03T16:45Z,0,61,61,UGA,238,238,VAN,,,0,2026-10-02T09:01:31-05:00,25.76,0.9536,2026-10-02T11:00Z,2026-10-02T09:04:16-05:00,-25.5,50.5,-23.5,57.5,-108.0,-112.0,-110.0,-110.0,-2800.0,1300.0,-3200.0,1400.0,DraftKings,espn_core_odds,,2026-10-03,401856705
2026,2,5,401866432,2026-10-03T17:00Z,0,2084,2084,BUFF,2711,2711,WMU,,,0,2026-10-02T09:01:31-05:00,-14.393,0.156,2026-10-02T11:00Z,2026-10-02T09:04:17-05:00,14.0,46.5,16.5,51.5,-112.0,-108.0,-110.0,-110.0,440.0,-600.0,550.0,-800.0,DraftKings,espn_core_odds,,2026-10-03,401866432
2026,2,5,401866431,2026-10-03T18:00Z,0,2050,2050,BALL,2649,2649,TOL,,,0,2026-10-02T09:01:31-05:00,-23.416,0.0602,2026-10-02T11:00Z,2026-10-02T09:04:17-05:00,20.5,52.5,17.5,51.5,-108.0,-112.0,-115.0,-105.0,800.0,-1350.0,800.0,-1350.0,DraftKings,espn_core_odds,,2026-10-03,401866431
2026,2,5,401858473,2026-10-03T19:30Z,0,2294,2294,IOWA,194,194,OSU,,,0,2026-10-02T09:01:31-05:00,-13.461,0.1709,2026-10-02T11:00Z,2026-10-02T09:04:17-05:00,14.0,45.5,14.0,44.5,-108.0,-112.0,-110.0,-110.0,455.0,-625.0,500.0,-700.0,DraftKings,espn_core_odds,,2026-10-03,401858473
2026,2,5,401856708,2026-10-03T19:30Z,0,142,142,MIZ,57,57,FLA,,,0,2026-10-02T09:01:31-05:00,-7.277,0.2986,2026-10-02T11:00Z,2026-10-02T09:04:17-05:00,5.5,57.5,2.5,53.5,-110.0,-110.0,-110.0,-110.0,180.0,-218.0,110.0,-130.0,DraftKings,espn_core_odds,,2026-10-03,401856708
2026,2,5,401856710,2026-10-03T19:30Z,0,2633,2633,TENN,2,2,AUB,,,0,2026-10-02T09:01:31-05:00,7.632,0.71,2026-10-02T11:00Z,2026-10-02T09:04:17-05:00,-7.0,53.5,-7.5,57.5,-110.0,-110.0,-110.0,-110.0,-285.0,230.0,-285.0,230.0,DraftKings,espn_core_odds,,2026-10-03,401856710
2026,2,5,401858247,2026-10-03T19:30Z,0,2439,2439,UNLV,25,25,CAL,,,0,2026-10-02T09:01:31-05:00,1.358,0.5397,2026-10-02T11:00Z,2026-10-02T09:04:17-05:00,-2.5,53.5,-1.5,52.5,-118.0,-102.0,-108.0,-112.0,-142.0,120.0,-115.0,-105.0,DraftKings,espn_core_odds,,2026-10-03,401858247
2026,2,5,401858248,2026-10-03T19:30Z,0,152,152,NCSU,97,97,LOU,,,0,2026-10-02T09:01:31-05:00,-6.128,0.3276,2026-10-02T11:00Z,2026-10-02T09:04:17-05:00,3.5,58.5,7.5,59.5,-112.0,-108.0,-110.0,-110.0,154.0,-185.0,250.0,-310.0,DraftKings,espn_core_odds,,2026-10-03,401858248
2026,2,5,401858253,2026-10-03T19:30Z,0,52,52,FSU,258,258,UVA,,,0,2026-10-02T09:01:31-05:00,-2.429,0.4292,2026-10-02T11:00Z,2026-10-02T09:04:17-05:00,2.5,51.5,1.5,51.5,-105.0,-115.0,-110.0,-110.0,124.0,-148.0,-102.0,-118.0,DraftKings,espn_core_odds,,2026-10-03,401858253
2026,2,5,401862793,2026-10-03T19:30Z,0,5,5,UAB,2535,2535,SAM,,,0,2026-10-02T09:01:31-05:00,20.038,0.913,2026-10-02T11:00Z,2026-10-02T09:04:17-05:00,-30.5,52.5,-30.5,50.5,-110.0,-110.0,-110.0,-110.0,-8000.0,2200.0,-10000.0,3000.0,DraftKings,espn_core_odds,,2026-10-03,401862793
2026,2,5,401864515,2026-10-03T19:30Z,0,2449,2449,NDSU,2751,2751,WYO,,,0,2026-10-02T09:01:31-05:00,20.256,0.915,2026-10-02T11:00Z,2026-10-02T09:04:17-05:00,-17.5,44.5,-21.0,47.5,-112.0,-108.0,-105.0,-115.0,-1100.0,700.0,-1800.0,1000.0,DraftKings,espn_core_odds,,2026-10-03,401864515
2026,2,5,401866430,2026-10-03T19:30Z,0,2117,2117,CMU,2006,2006,AKR,,,0,2026-10-02T09:01:31-05:00,6.159,0.6732,2026-10-02T11:00Z,2026-10-02T09:04:17-05:00,-6.5,47.5,-5.5,46.5,-112.0,-108.0,-110.0,-110.0,-250.0,205.0,-225.0,185.0,DraftKings,espn_core_odds,,2026-10-03,401866430
2026,2,5,401866433,2026-10-03T19:30Z,0,113,113,MASS,2199,2199,EMU,,,0,2026-10-02T09:01:31-05:00,13.446,0.8288,2026-10-02T11:00Z,2026-10-02T09:04:17-05:00,-6.0,48.5,-2.5,48.5,-108.0,-112.0,-110.0,-110.0,-218.0,180.0,-130.0,124.0,DraftKings,espn_core_odds,,2026-10-03,401866433
2026,2,5,401866434,2026-10-03T19:30Z,0,2309,2309,KENT,195,195,OHIO,,,0,2026-10-02T09:01:31-05:00,-10.183,0.2324,2026-10-02T11:00Z,2026-10-02T09:04:17-05:00,3.5,50.5,5.5,52.5,-112.0,-108.0,-110.0,-110.0,145.0,-175.0,164.0,-198.0,DraftKings,espn_core_odds,,2026-10-03,401866434
2026,2,5,401866477,2026-10-03T19:30Z,0,193,193,M-OH,189,189,BGSU,,,0,2026-10-02T09:01:31-05:00,16.519,0.8741,2026-10-02T11:00Z,2026-10-02T09:04:17-05:00,-13.5,43.5,-15.5,50.5,-110.0,-110.0,-110.0,-110.0,-575.0,425.0,-850.0,575.0,DraftKings,espn_core_odds,,2026-10-03,401866477
2026,2,5,401869956,2026-10-03T19:30Z,0,2247,2247,GAST,295,295,ODU,,,0,2026-10-02T09:01:31-05:00,5.225,0.6486,2026-10-02T11:00Z,2026-10-02T09:04:17-05:00,-2.5,51.5,1.5,52.5,-112.0,-108.0,-110.0,-110.0,-135.0,114.0,-105.0,-115.0,DraftKings,espn_core_odds,,2026-10-03,401869956
2026,2,5,401869962,2026-10-03T19:45Z,0,256,256,JMU,276,276,MRSH,,,0,2026-10-02T09:01:31-05:00,22.117,0.9305,2026-10-02T11:00Z,2026-10-02T09:04:17-05:00,-19.5,56.5,-13.5,55.5,-105.0,-115.0,-115.0,-105.0,-1200.0,750.0,-700.0,500.0,DraftKings,espn_core_odds,,2026-10-03,401869962
2026,2,5,401858475,2026-10-03T20:00Z,0,158,158,NEB,120,120,MD,,,0,2026-10-02T09:01:31-05:00,21.712,0.9274,2026-10-02T11:00Z,2026-10-02T09:04:17-05:00,-14.5,52.5,-12.5,53.5,-112.0,-108.0,-110.0,-110.0,-700.0,500.0,-550.0,410.0,DraftKings,espn_core_odds,,2026-10-03,401858475
2026,2,5,401864514,2026-10-03T20:00Z,0,167,167,UNM,2638,2638,UTEP,,,0,2026-10-02T09:01:31-05:00,29.204,0.9685,2026-10-02T11:00Z,2026-10-02T09:04:17-05:00,-22.5,47.5,-21.0,53.5,-112.0,-108.0,-110.0,-110.0,-2100.0,1100.0,-2100.0,1100.0,DraftKings,espn_core_odds,,2026-10-03,401864514
2026,2,5,401856709,2026-10-03T20:15Z,0,2579,2579,SC,96,96,UK,,,0,2026-10-02T09:01:31-05:00,2.699,0.5785,2026-10-02T11:00Z,2026-10-02T09:04:17-05:00,-3.0,54.5,-7.0,49.5,-112.0,-108.0,-110.0,-110.0,-155.0,130.0,-270.0,220.0,DraftKings,espn_core_odds,,2026-10-03,401856709
2026,2,5,401858472,2026-10-03T20:15Z,0,356,356,ILL,2509,2509,PUR,,,0,2026-10-02T09:01:31-05:00,12.402,0.8108,2026-10-02T11:00Z,2026-10-02T09:04:17-05:00,-10.0,62.5,-10.0,60.5,-110.0,-110.0,-110.0,-110.0,-375.0,295.0,-410.0,320.0,DraftKings,espn_core_odds,,2026-10-03,401858472
2026,2,5,401860899,2026-10-03T22:00Z,0,36,36,CSU,204,204,ORST,,,0,2026-10-02T09:01:31-05:00,-3.859,0.3887,2026-10-02T11:00Z,2026-10-02T09:04:17-05:00,6.5,62.5,3.5,59.5,-108.0,-112.0,-110.0,-110.0,190.0,-230.0,154.0,-185.0,DraftKings,espn_core_odds,,2026-10-03,401860899
2026,2,5,401862790,2026-10-03T22:00Z,0,2226,2226,FAU,2640,2640,TXSO,,,0,2026-10-02T09:01:31-05:00,33.108,0.9799,2026-10-02T11:00Z,2026-10-02T09:04:17-05:00,-44.5,61.5,-43.5,60.5,-108.0,-112.0,-110.0,-110.0,,,,,DraftKings,espn_core_odds,,2026-10-03,401862790
2026,2,5,401856818,2026-10-03T23:00Z,0,2628,2628,TCU,252,252,BYU,,,0,2026-10-02T09:01:31-05:00,-7.418,0.2952,2026-10-02T11:00Z,2026-10-02T09:04:17-05:00,6.5,47.5,5.5,52.5,-112.0,-108.0,-110.0,-110.0,190.0,-230.0,164.0,-198.0,DraftKings,espn_core_odds,,2026-10-03,401856818
2026,2,5,401856711,2026-10-03T23:00Z,0,245,245,TA&M,8,8,ARK,,,0,2026-10-02T09:01:31-05:00,15.977,0.867,2026-10-02T11:00Z,2026-10-02T09:04:17-05:00,-14.0,50.5,-14.5,51.5,-108.0,-112.0,-110.0,-110.0,-625.0,455.0,-700.0,500.0,DraftKings,espn_core_odds,,2026-10-03,401856711
2026,2,5,401862788,2026-10-03T23:00Z,0,242,242,RICE,2636,2636,UTSA,,,0,2026-10-02T09:01:31-05:00,-12.407,0.1891,2026-10-02T11:00Z,2026-10-02T09:04:18-05:00,12.5,55.5,12.5,52.5,-112.0,-108.0,-110.0,-110.0,390.0,-520.0,360.0,-470.0,DraftKings,espn_core_odds,,2026-10-03,401862788
2026,2,5,401869942,2026-10-03T23:00Z,0,324,324,CCU,290,290,GASO,,,0,2026-10-02T09:01:31-05:00,-2.183,0.4363,2026-10-02T11:00Z,2026-10-02T09:04:18-05:00,1.5,53.5,-1.5,52.5,-105.0,-115.0,-105.0,-115.0,105.0,-125.0,-112.0,-108.0,DraftKings,espn_core_odds,,2026-10-03,401869942
2026,2,5,401871089,2026-10-03T23:00Z,0,6,6,USA,2433,2433,ULM,,,0,2026-10-02T09:01:31-05:00,18.783,0.9006000000000001,2026-10-02T11:00Z,2026-10-02T09:04:18-05:00,-14.0,57.5,-14.5,55.5,-115.0,-105.0,-110.0,-110.0,-625.0,455.0,-800.0,550.0,DraftKings,espn_core_odds,,2026-10-03,401871089
2026,2,5,401858249,2026-10-03T23:30Z,0,228,228,CLEM,2390,2390,MIA,,,0,2026-10-02T09:01:31-05:00,-16.519,0.1259,2026-10-02T11:00Z,2026-10-02T09:04:18-05:00,16.5,47.5,7.0,55.5,-105.0,-115.0,-110.0,-110.0,550.0,-800.0,285.0,-360.0,DraftKings,espn_core_odds,,2026-10-03,401858249
2026,2,5,401856821,2026-10-03T23:30Z,0,38,38,COLO,2641,2641,TTU,,,0,2026-10-02T09:01:31-05:00,-16.182,0.1303,2026-10-02T11:00Z,2026-10-02T09:04:18-05:00,13.5,50.5,14.5,50.5,-115.0,-105.0,-105.0,-115.0,400.0,-535.0,550.0,-800.0,DraftKings,espn_core_odds,,2026-10-03,401856821
2026,2,5,401858478,2026-10-03T23:30Z,0,30,30,USC,264,264,WASH,,,0,2026-10-02T09:01:31-05:00,14.017,0.8381000000000001,2026-10-02T11:00Z,2026-10-02T09:04:18-05:00,-8.5,58.5,-10.0,57.5,-112.0,-108.0,-110.0,-110.0,-360.0,285.0,-360.0,285.0,DraftKings,espn_core_odds,,2026-10-03,401858478
2026,2,5,401860898,2026-10-03T23:30Z,0,68,68,BOIS,328,328,USU,,,0,2026-10-02T09:01:31-05:00,21.215,0.9234,2026-10-02T11:00Z,2026-10-02T09:04:18-05:00,-18.5,51.5,-20.5,49.5,-110.0,-110.0,-110.0,-110.0,-1350.0,800.0,-1800.0,1000.0,DraftKings,espn_core_odds,,2026-10-03,401860898
2026,2,5,401862792,2026-10-03T23:30Z,0,58,58,USF,218,218,TEM,,,0,2026-10-02T09:01:31-05:00,6.696,0.6869,2026-10-02T11:00Z,2026-10-02T09:04:18-05:00,-6.5,48.5,-6.5,52.5,-112.0,-108.0,-110.0,-110.0,-250.0,205.0,-225.0,185.0,DraftKings,espn_core_odds,,2026-10-03,401862792
2026,2,5,401869842,2026-10-03T23:30Z,0,2348,2348,LT,349,349,ARMY,,,0,2026-10-02T09:01:31-05:00,-0.34,0.49,2026-10-02T11:00Z,2026-10-02T09:04:18-05:00,1.5,47.5,3.5,44.5,-105.0,-115.0,-110.0,-110.0,105.0,-125.0,145.0,-175.0,DraftKings,espn_core_odds,,2026-10-03,401869842
2026,2,5,401856706,2026-10-03T23:45Z,0,99,99,LSU,2377,2377,MCN,,,0,2026-10-02T09:01:31-05:00,53.848,0.9982,2026-10-02T11:00Z,2026-10-02T09:04:18-05:00,-52.5,61.5,-53.5,60.5,-115.0,-105.0,-110.0,-110.0,,,,,DraftKings,espn_core_odds,,2026-10-03,401856706
2026,2,5,401858477,2026-10-04T00:00Z,0,164,164,RUTG,84,84,IU,,,0,2026-10-02T09:01:31-05:00,-26.423,0.0431,2026-10-02T11:00Z,2026-10-02T09:04:18-05:00,24.5,56.5,23.5,53.5,-112.0,-108.0,-102.0,-118.0,1200.0,-2400.0,1300.0,-2800.0,DraftKings,espn_core_odds,,2026-10-03,401858477
2026,2,5,401869932,2026-10-04T00:00Z,0,309,309,UL,2032,2032,ARST,,,0,2026-10-02T09:01:31-05:00,9.574,0.7546,2026-10-02T11:00Z,2026-10-02T09:04:18-05:00,-6.5,47.5,-4.0,49.5,-110.0,-110.0,-110.0,-110.0,-245.0,200.0,-175.0,145.0,DraftKings,espn_core_odds,,2026-10-03,401869932
2026,2,5,401860921,2026-10-04T01:30Z,0,265,265,WSU,278,278,FRES,,,0,2026-10-02T09:01:31-05:00,-4.073,0.3827999999999999,2026-10-02T11:00Z,2026-10-02T09:04:18-05:00,-1.5,45.5,-1.5,45.5,-115.0,-105.0,-110.0,-110.0,-122.0,102.0,-118.0,-102.0,DraftKings,espn_core_odds,,2026-10-03,401860921
2026,2,5,401856817,2026-10-04T02:30Z,0,9,9,ASU,239,239,BAY,,,0,2026-10-02T09:01:31-05:00,-0.806,0.4764,2026-10-02T11:00Z,2026-10-02T09:04:18-05:00,-3.5,49.5,-3.5,51.5,-115.0,-105.0,-115.0,-105.0,-185.0,154.0,-180.0,150.0,DraftKings,espn_core_odds,,2026-10-03,401856817
2026,2,5,401860900,2026-10-04T02:30Z,0,21,21,SDSU,326,326,TXST,,,0,2026-10-02T09:01:31-05:00,-0.657,0.4808,2026-10-02T11:00Z,2026-10-02T09:04:18-05:00,8.5,57.5,4.5,60.5,-112.0,-108.0,-110.0,-110.0,260.0,-325.0,150.0,-180.0,DraftKings,espn_core_odds,,2026-10-03,401860900
2026,2,5,401856820,2026-10-04T03:00Z,0,12,12,ARIZ,2132,2132,CIN,,,0,2026-10-02T09:01:31-05:00,2.122,0.5619,2026-10-02T11:00Z,2026-10-02T09:04:18-05:00,-6.5,55.5,-8.5,54.5,-115.0,-105.0,-112.0,-108.0,-250.0,205.0,-285.0,230.0,DraftKings,espn_core_odds,,2026-10-03,401856820
2026,2,5,401864513,2026-10-04T03:59Z,0,62,62,HAW,23,23,SJSU,,,0,2026-10-02T09:01:31-05:00,6.122,0.6722,2026-10-02T11:00Z,2026-10-02T09:04:18-05:00,-3.0,50.5,-5.5,52.5,-115.0,-105.0,-110.0,-110.0,-155.0,130.0,-180.0,150.0,DraftKings,espn_core_odds,,2026-10-03,401864513
2026,2,6,401871090,2026-10-07T00:00Z,0,2653,2653,TROY,2572,2572,USM,,,0,2026-10-02T09:01:31-05:00,,,,,,,,,,,,,,,,,,,,2026-10-06,401871090
2026,2,6,401871051,2026-10-07T23:00Z,0,338,338,KENN,55,55,JXST,,,0,2026-10-02T09:01:31-05:00,,,,,,,,,,,,,,,,,,,,2026-10-07,401871051
2026,2,6,401871066,2026-10-07T23:30Z,0,2229,2229,FIU,166,166,NMSU,,,0,2026-10-02T09:01:31-05:00,,,,,,,,,,,,,,,,,,,,2026-10-07,401871066
2026,2,6,401870766,2026-10-08T23:00Z,0,2335,2335,LIB,2534,2534,SHSU,,,0,2026-10-02T09:01:31-05:00,,,,,,,,,,,,,,,,,,,,2026-10-08,401870766
2026,2,6,401871052,2026-10-08T23:00Z,0,98,98,WKU,2623,2623,MOST,,,0,2026-10-02T09:01:31-05:00,,,,,,,,,,,,,,,,,,,,2026-10-08,401871052
2026,2,6,401862794,2026-10-08T23:30Z,0,2636,2636,UTSA,58,58,USF,,,0,2026-10-02T09:01:31-05:00,,,,,,,,,,,,,,,,,,,,2026-10-08,401862794
2026,2,6,401869933,2026-10-08T23:30Z,0,2032,2032,ARST,6,6,USA,,,0,2026-10-02T09:01:31-05:00,,,,,,,,,,,,,,,,,,,,2026-10-08,401869933
2026,2,6,401858254,2026-10-09T23:00Z,0,97,97,LOU,52,52,FSU,,,0,2026-10-02T09:01:31-05:00,,,,,,,,,,,,,,,,,,,,2026-10-09,401858254
2026,2,6,401858487,2026-10-10T01:00Z,0,264,264,WASH,2294,2294,IOWA,,,0,2026-10-02T09:01:31-05:00,,,,,,,,,,,,,,,,,,,,2026-10-09,401858487
2026,2,6,401860922,2026-10-10T01:00Z,0,328,328,USU,265,265,WSU,,,0,2026-10-02T09:01:31-05:00,,,,,,,,,,,,,,,,,,,,2026-10-09,401860922
2026,2,6,401864519,2026-10-10T01:00Z,0,23,23,SJSU,2751,2751,WYO,,,0,2026-10-02T09:01:31-05:00,,,,,,,,,,,,,,,,,,,,2026-10-09,401864519
2026,2,6,401856826,2026-10-10T02:15Z,0,252,252,BYU,66,66,ISU,,,0,2026-10-02T09:01:31-05:00,,,,,,,,,,,,,,,,,,,,2026-10-09,401856826
2026,2,6,401856714,2026-10-10T04:00Z,0,57,57,FLA,2579,2579,SC,,,0,2026-10-02T09:01:31-05:00,,,,,,,,,,,,,,,,,,,,2026-10-09,401856714
2026,2,6,401856716,2026-10-10T04:00Z,0,142,142,MIZ,245,245,TA&M,,,0,2026-10-02T09:01:31-05:00,,,,,,,,,,,,,,,,,,,,2026-10-09,401856716
2026,2,6,401862798,2026-10-10T04:00Z,0,235,235,MEM,5,5,UAB,,,0,2026-10-02T09:01:31-05:00,,,,,,,,,,,,,,,,,,,,2026-10-09,401862798
2026,2,6,401869949,2026-10-10T04:00Z,0,290,290,GASO,256,256,JMU,,,0,2026-10-02T09:01:31-05:00,,,,,,,,,,,,,,,,,,,,2026-10-09,401869949
2026,2,6,401858481,2026-10-10T16:00Z,0,158,158,NEB,84,84,IU,,,0,2026-10-02T09:01:31-05:00,,,,,,,,,,,,,,,,,,,,2026-10-10,401858481
2026,2,6,401856824,2026-10-10T16:00Z,0,197,197,OKST,2116,2116,UCF,,,0,2026-10-02T09:01:31-05:00,,,,,,,,,,,,,,,,,,,,2026-10-10,401856824
2026,2,6,401856823,2026-10-10T16:00Z,0,277,277,WVU,12,12,ARIZ,,,0,2026-10-02T09:01:31-05:00,,,,,,,,,,,,,,,,,,,,2026-10-10,401856823
2026,2,6,401858256,2026-10-10T16:00Z,0,221,221,PITT,153,153,UNC,,,0,2026-10-02T09:01:31-05:00,,,,,,,,,,,,,,,,,,,,2026-10-10,401858256
2026,2,6,401858260,2026-10-10T16:00Z,0,152,152,NCSU,154,154,WAKE,,,0,2026-10-02T09:01:31-05:00,,,,,,,,,,,,,,,,,,,,2026-10-10,401858260
2026,2,6,401862795,2026-10-10T16:00Z,0,349,349,ARMY,2655,2655,TULN,,,0,2026-10-02T09:01:31-05:00,,,,,,,,,,,,,,,,,,,,2026-10-10,401862795
2026,2,6,401866436,2026-10-10T16:00Z,0,189,189,BGSU,16,16,SAC,,,0,2026-10-02T09:01:31-05:00,,,,,,,,,,,,,,,,,,,,2026-10-10,401866436
2026,2,6,401858482,2026-10-10T16:30Z,0,77,77,NU,2050,2050,BALL,,,0,2026-10-02T09:01:31-05:00,,,,,,,,,,,,,,,,,,,,2026-10-10,401858482
2026,2,6,401869843,2026-10-10T17:00Z,0,2026,2026,APP,295,295,ODU,,,0,2026-10-02T09:01:31-05:00,,,,,,,,,,,,,,,,,,,,2026-10-10,401869843
2026,2,6,401866440,2026-10-10T18:00Z,0,113,113,MASS,193,193,M-OH,,,0,2026-10-02T09:01:31-05:00,,,,,,,,,,,,,,,,,,,,2026-10-10,401866440
2026,2,6,401856717,2026-10-10T19:30Z,1,201,201,OU,251,251,TEX,,,0,2026-10-02T09:01:31-05:00,,,,,,,,,,,,,,,,,,,,2026-10-10,401856717
2026,2,6,401858257,2026-10-10T19:30Z,0,87,87,ND,24,24,STAN,,,0,2026-10-02T09:01:31-05:00,,,,,,,,,,,,,,,,,,,,2026-10-10,401858257
2026,2,6,401856718,2026-10-10T19:30Z,0,238,238,VAN,145,145,MISS,,,0,2026-10-02T09:01:31-05:00,,,,,,,,,,,,,,,,,,,,2026-10-10,401856718
2026,2,6,401858484,2026-10-10T19:30Z,0,2483,2483,ORE,26,26,UCLA,,,0,2026-10-02T09:01:31-05:00,,,,,,,,,,,,,,,,,,,,2026-10-10,401858484
2026,2,6,401856825,2026-10-10T19:30Z,0,2306,2306,KSU,248,248,HOU,,,0,2026-10-02T09:01:31-05:00,,,,,,,,,,,,,,,,,,,,2026-10-10,401856825
2026,2,6,401858255,2026-10-10T19:30Z,0,59,59,GT,150,150,DUKE,,,0,2026-10-02T09:01:31-05:00,,,,,,,,,,,,,,,,,,,,2026-10-10,401858255
2026,2,6,401858259,2026-10-10T19:30Z,0,25,25,CAL,259,259,VT,,,0,2026-10-02T09:01:31-05:00,,,,,,,,,,,,,,,,,,,,2026-10-10,401858259
2026,2,6,401858480,2026-10-10T19:30Z,0,127,127,MSU,356,356,ILL,,,0,2026-10-02T09:01:31-05:00,,,,,,,,,,,,,,,,,,,,2026-10-10,401858480
2026,2,6,401862796,2026-10-10T19:30Z,0,249,249,UNT,2429,2429,CLT,,,0,2026-10-02T09:01:31-05:00,,,,,,,,,,,,,,,,,,,,2026-10-10,401862796
2026,2,6,401862799,2026-10-10T19:30Z,0,2426,2426,NAVY,202,202,TLSA,,,0,2026-10-02T09:01:31-05:00,,,,,,,,,,,,,,,,,,,,2026-10-10,401862799
2026,2,6,401866435,2026-10-10T19:30Z,0,2006,2006,AKR,2199,2199,EMU,,,0,2026-10-02T09:01:31-05:00,,,,,,,,,,,,,,,,,,,,2026-10-10,401866435
2026,2,6,401866437,2026-10-10T19:30Z,0,2649,2649,TOL,2084,2084,BUFF,,,0,2026-10-02T09:01:31-05:00,,,,,,,,,,,,,,,,,,,,2026-10-10,401866437
2026,2,6,401866438,2026-10-10T19:30Z,0,195,195,OHIO,2117,2117,CMU,,,0,2026-10-02T09:01:31-05:00,,,,,,,,,,,,,,,,,,,,2026-10-10,401866438
2026,2,6,401866439,2026-10-10T19:30Z,0,2711,2711,WMU,2309,2309,KENT,,,0,2026-10-02T09:01:31-05:00,,,,,,,,,,,,,,,,,,,,2026-10-10,401866439
2026,2,6,401861964,2026-10-10T19:45Z,0,218,218,TEM,41,41,CONN,,,0,2026-10-02T09:01:31-05:00,,,,,,,,,,,,,,,,,,,,2026-10-10,401861964
2026,2,6,401862797,2026-10-10T20:00Z,0,151,151,ECU,242,242,RICE,,,0,2026-10-02T09:01:31-05:00,,,,,,,,,,,,,,,,,,,,2026-10-10,401862797
2026,2,6,401858483,2026-10-10T20:15Z,0,194,194,OSU,120,120,MD,,,0,2026-10-02T09:01:31-05:00,,,,,,,,,,,,,,,,,,,,2026-10-10,401858483
2026,2,6,401856713,2026-10-10T20:15Z,0,8,8,ARK,2633,2633,TENN,,,0,2026-10-02T09:01:31-05:00,,,,,,,,,,,,,,,,,,,,2026-10-10,401856713
2026,2,6,401860902,2026-10-10T22:00Z,0,204,204,ORST,21,21,SDSU,,,0,2026-10-02T09:01:31-05:00,,,,,,,,,,,,,,,,,,,,2026-10-10,401860902
2026,2,6,401856715,2026-10-10T23:00Z,0,96,96,UK,99,99,LSU,,,0,2026-10-02T09:01:31-05:00,,,,,,,,,,,,,,,,,,,,2026-10-10,401856715
2026,2,6,401864517,2026-10-10T23:00Z,0,2638,2638,UTEP,2440,2440,NEV,,,0,2026-10-02T09:01:31-05:00,,,,,,,,,,,,,,,,,,,,2026-10-10,401864517
2026,2,6,401864518,2026-10-10T23:00Z,0,2439,2439,UNLV,2449,2449,NDSU,,,0,2026-10-02T09:01:31-05:00,,,,,,,,,,,,,,,,,,,,2026-10-10,401864518
2026,2,6,401869943,2026-10-10T23:00Z,0,276,276,MRSH,324,324,CCU,,,0,2026-10-02T09:01:31-05:00,,,,,,,,,,,,,,,,,,,,2026-10-10,401869943
2026,2,6,401856712,2026-10-10T23:30Z,0,333,333,ALA,61,61,UGA,,,0,2026-10-02T09:01:31-05:00,,,,,,,,,,,,,,,,,,,,2026-10-10,401856712
2026,2,6,401858485,2026-10-10T23:30Z,0,213,213,PSU,30,30,USC,,,0,2026-10-02T09:01:31-05:00,,,,,,,,,,,,,,,,,,,,2026-10-10,401858485
2026,2,6,401858258,2026-10-10T23:30Z,0,258,258,UVA,183,183,SYR,,,0,2026-10-02T09:01:31-05:00,,,,,,,,,,,,,,,,,,,,2026-10-10,401858258
2026,2,6,401864516,2026-10-10T23:30Z,0,2459,2459,NIU,2005,2005,AFA,,,0,2026-10-02T09:01:31-05:00,,,,,,,,,,,,,,,,,,,,2026-10-10,401864516
2026,2,6,401869965,2026-10-10T23:30Z,0,2348,2348,LT,309,309,UL,,,0,2026-10-02T09:01:31-05:00,,,,,,,,,,,,,,,,,,,,2026-10-10,401869965
2026,2,6,401858486,2026-10-11T00:00Z,0,2509,2509,PUR,135,135,MINN,,,0,2026-10-02T09:01:31-05:00,,,,,,,,,,,,,,,,,,,,2026-10-10,401858486
2026,2,6,401856827,2026-10-11T02:15Z,0,254,254,UTAH,2305,2305,KU,,,0,2026-10-02T09:01:31-05:00,,,,,,,,,,,,,,,,,,,,2026-10-10,401856827
2026,2,6,401860901,2026-10-11T02:30Z,0,278,278,FRES,68,68,BOIS,,,0,2026-10-02T09:01:31-05:00,,,,,,,,,,,,,,,,,,,,2026-10-10,401860901
2026,2,6,401856808,2026-10-11T02:30Z,0,9,9,ASU,62,62,HAW,,,0,2026-10-02T09:01:31-05:00,,,,,,,,,,,,,,,,,,,,2026-10-10,401856808
2026,2,7,401871067,2026-10-13T23:00Z,0,2393,2393,MTSU,48,48,DEL,,,0,2026-10-02T09:01:31-05:00,,,,,,,,,,,,,,,,,,,,2026-10-13,401871067
2026,2,7,401871053,2026-10-14T00:00Z,0,55,55,JXST,2229,2229,FIU,,,0,2026-10-02T09:01:31-05:00,,,,,,,,,,,,,,,,,,,,2026-10-13,401871053
2026,2,7,401871054,2026-10-14T23:30Z,0,2623,2623,MOST,338,338,KENN,,,0,2026-10-02T09:01:31-05:00,,,,,,,,,,,,,,,,,,,,2026-10-14,401871054
2026,2,7,401871068,2026-10-15T00:00Z,0,2534,2534,SHSU,98,98,WKU,,,0,2026-10-02T09:01:31-05:00,,,,,,,,,,,,,,,,,,,,2026-10-14,401871068
2026,2,7,401862800,2026-10-15T23:30Z,0,5,5,UAB,151,151,ECU,,,0,2026-10-02T09:01:31-05:00,,,,,,,,,,,,,,,,,,,,2026-10-15,401862800
2026,2,7,401869950,2026-10-15T23:30Z,0,295,295,ODU,290,290,GASO,,,0,2026-10-02T09:01:31-05:00,,,,,,,,,,,,,,,,,,,,2026-10-15,401869950
2026,2,7,401860923,2026-10-16T00:00Z,0,326,326,TXST,36,36,CSU,,,0,2026-10-02T09:01:31-05:00,,,,,,,,,,,,,,,,,,,,2026-10-15,401860923
2026,2,7,401862801,2026-10-16T23:30Z,0,2655,2655,TULN,235,235,MEM,,,0,2026-10-02T09:01:31-05:00,,,,,,,,,,,,,,,,,,,,2026-10-16,401862801
2026,2,7,401858493,2026-10-17T00:00Z,0,2509,2509,PUR,264,264,WASH,,,0,2026-10-02T09:01:31-05:00,,,,,,,,,,,,,,,,,,,,2026-10-16,401858493
2026,2,7,401869844,2026-10-17T00:00Z,0,324,324,CCU,2026,2026,APP,,,0,2026-10-02T09:01:31-05:00,,,,,,,,,,,,,,,,,,,,2026-10-16,401869844
2026,2,7,401856724,2026-10-17T04:00Z,0,251,251,TEX,57,57,FLA,,,0,2026-10-02T09:01:31-05:00,,,,,,,,,,,,,,,,,,,,2026-10-16,401856724
2026,2,7,401856719,2026-10-17T04:00Z,0,61,61,UGA,2,2,AUB,,,0,2026-10-02T09:01:31-05:00,,,,,,,,,,,,,,,,,,,,2026-10-16,401856719
2026,2,7,401856809,2026-10-17T04:00Z,0,252,252,BYU,87,87,ND,,,0,2026-10-02T09:01:31-05:00,,,,,,,,,,,,,,,,,,,,2026-10-16,401856809
2026,2,7,401858263,2026-10-17T04:00Z,0,2390,2390,MIA,52,52,FSU,,,0,2026-10-02T09:01:31-05:00,,,,,,,,,,,,,,,,,,,,2026-10-16,401858263
2026,2,7,401858488,2026-10-17T04:00Z,0,84,84,IU,194,194,OSU,,,0,2026-10-02T09:01:31-05:00,,,,,,,,,,,,,,,,,,,,2026-10-16,401858488
2026,2,7,401856723,2026-10-17T04:00Z,0,2633,2633,TENN,333,333,ALA,,,0,2026-10-02T09:01:31-05:00,,,,,,,,,,,,,,,,,,,,2026-10-16,401856723
2026,2,7,401856721,2026-10-17T04:00Z,0,145,145,MISS,142,142,MIZ,,,0,2026-10-02T09:01:31-05:00,,,,,,,,,,,,,,,,,,,,2026-10-16,401856721
2026,2,7,401856720,2026-10-17T04:00Z,0,99,99,LSU,344,344,MSST,,,0,2026-10-02T09:01:31-05:00,,,,,,,,,,,,,,,,,,,,2026-10-16,401856720
2026,2,7,401856828,2026-10-17T04:00Z,0,2641,2641,TTU,9,9,ASU,,,0,2026-10-02T09:01:31-05:00,,,,,,,,,,,,,,,,,,,,2026-10-16,401856828
2026,2,7,401856833,2026-10-17T04:00Z,0,38,38,COLO,254,254,UTAH,,,0,2026-10-02T09:01:31-05:00,,,,,,,,,,,,,,,,,,,,2026-10-16,401856833
2026,2,7,401858492,2026-10-17T04:00Z,0,2483,2483,ORE,158,158,NEB,,,0,2026-10-02T09:01:31-05:00,,,,,,,,,,,,,,,,,,,,2026-10-16,401858492
2026,2,7,401856831,2026-10-17T04:00Z,0,248,248,HOU,197,197,OKST,,,0,2026-10-02T09:01:31-05:00,,,,,,,,,,,,,,,,,,,,2026-10-16,401856831
2026,2,7,401858268,2026-10-17T04:00Z,0,2567,2567,SMU,258,258,UVA,,,0,2026-10-02T09:01:31-05:00,,,,,,,,,,,,,,,,,,,,2026-10-16,401858268
2026,2,7,401858494,2026-10-17T04:00Z,0,26,26,UCLA,275,275,WIS,,,0,2026-10-02T09:01:31-05:00,,,,,,,,,,,,,,,,,,,,2026-10-16,401858494
2026,2,7,401856722,2026-10-17T04:00Z,0,201,201,OU,96,96,UK,,,0,2026-10-02T09:01:31-05:00,,,,,,,,,,,,,,,,,,,,2026-10-16,401856722
2026,2,7,401856726,2026-10-17T04:00Z,0,238,238,VAN,8,8,ARK,,,0,2026-10-02T09:01:31-05:00,,,,,,,,,,,,,,,,,,,,2026-10-16,401856726
2026,2,7,401856829,2026-10-17T04:00Z,0,277,277,WVU,2132,2132,CIN,,,0,2026-10-02T09:01:31-05:00,,,,,,,,,,,,,,,,,,,,2026-10-16,401856829
2026,2,7,401856830,2026-10-17T04:00Z,0,2306,2306,KSU,2305,2305,KU,,,0,2026-10-02T09:01:31-05:00,,,,,,,,,,,,,,,,,,,,2026-10-16,401856830
2026,2,7,401856832,2026-10-17T04:00Z,0,239,239,BAY,2628,2628,TCU,,,0,2026-10-02T09:01:31-05:00,,,,,,,,,,,,,,,,,,,,2026-10-16,401856832
2026,2,7,401858261,2026-10-17T04:00Z,0,228,228,CLEM,2127,2127,CHSO,,,0,2026-10-02T09:01:31-05:00,,,,,,,,,,,,,,,,,,,,2026-10-16,401858261
2026,2,7,401858264,2026-10-17T04:00Z,0,259,259,VT,59,59,GT,,,0,2026-10-02T09:01:31-05:00,,,,,,,,,,,,,,,,,,,,2026-10-16,401858264
2026,2,7,401858265,2026-10-17T04:00Z,0,183,183,SYR,97,97,LOU,,,0,2026-10-02T09:01:31-05:00,,,,,,,,,,,,,,,,,,,,2026-10-16,401858265
2026,2,7,401858266,2026-10-17T04:00Z,0,150,150,DUKE,153,153,UNC,,,0,2026-10-02T09:01:31-05:00,,,,,,,,,,,,,,,,,,,,2026-10-16,401858266
2026,2,7,401858267,2026-10-17T04:00Z,0,103,103,BC,221,221,PITT,,,0,2026-10-02T09:01:31-05:00,,,,,,,,,,,,,,,,,,,,2026-10-16,401858267
2026,2,7,401858269,2026-10-17T04:00Z,0,25,25,CAL,154,154,WAKE,,,0,2026-10-02T09:01:31-05:00,,,,,,,,,,,,,,,,,,,,2026-10-16,401858269
2026,2,7,401858489,2026-10-17T04:00Z,0,120,120,MD,164,164,RUTG,,,0,2026-10-02T09:01:31-05:00,,,,,,,,,,,,,,,,,,,,2026-10-16,401858489
2026,2,7,401858490,2026-10-17T04:00Z,0,130,130,MICH,213,213,PSU,,,0,2026-10-02T09:01:31-05:00,,,,,,,,,,,,,,,,,,,,2026-10-16,401858490
2026,2,7,401858491,2026-10-17T04:00Z,0,127,127,MSU,77,77,NU,,,0,2026-10-02T09:01:31-05:00,,,,,,,,,,,,,,,,,,,,2026-10-16,401858491
2026,2,7,401862803,2026-10-17T04:00Z,0,218,218,TEM,2429,2429,CLT,,,0,2026-10-02T09:01:31-05:00,,,,,,,,,,,,,,,,,,,,2026-10-16,401862803
2026,2,7,401862804,2026-10-17T04:00Z,0,2636,2636,UTSA,2426,2426,NAVY,,,0,2026-10-02T09:01:31-05:00,,,,,,,,,,,,,,,,,,,,2026-10-16,401862804
2026,2,7,401862805,2026-10-17T04:00Z,0,242,242,RICE,202,202,TLSA,,,0,2026-10-02T09:01:31-05:00,,,,,,,,,,,,,,,,,,,,2026-10-16,401862805
2026,2,7,401862806,2026-10-17T04:00Z,0,58,58,USF,2309,2309,KENT,,,0,2026-10-02T09:01:31-05:00,,,,,,,,,,,,,,,,,,,,2026-10-16,401862806
2026,2,7,401864521,2026-10-17T04:00Z,0,62,62,HAW,167,167,UNM,,,0,2026-10-02T09:01:31-05:00,,,,,,,,,,,,,,,,,,,,2026-10-16,401864521
2026,2,7,401866441,2026-10-17T04:00Z,0,189,189,BGSU,2050,2050,BALL,,,0,2026-10-02T09:01:31-05:00,,,,,,,,,,,,,,,,,,,,2026-10-16,401866441
2026,2,7,401866442,2026-10-17T04:00Z,0,2084,2084,BUFF,113,113,MASS,,,0,2026-10-02T09:01:31-05:00,,,,,,,,,,,,,,,,,,,,2026-10-16,401866442
2026,2,7,401866443,2026-10-17T04:00Z,0,2117,2117,CMU,2711,2711,WMU,,,0,2026-10-02T09:01:31-05:00,,,,,,,,,,,,,,,,,,,,2026-10-16,401866443
2026,2,7,401866444,2026-10-17T04:00Z,0,2199,2199,EMU,2649,2649,TOL,,,0,2026-10-02T09:01:31-05:00,,,,,,,,,,,,,,,,,,,,2026-10-16,401866444
2026,2,7,401866445,2026-10-17T04:00Z,0,16,16,SAC,195,195,OHIO,,,0,2026-10-02T09:01:31-05:00,,,,,,,,,,,,,,,,,,,,2026-10-16,401866445
2026,2,7,401866478,2026-10-17T04:00Z,0,193,193,M-OH,2006,2006,AKR,,,0,2026-10-02T09:01:31-05:00,,,,,,,,,,,,,,,,,,,,2026-10-16,401866478
2026,2,7,401869934,2026-10-17T04:00Z,0,2572,2572,USM,2032,2032,ARST,,,0,2026-10-02T09:01:31-05:00,,,,,,,,,,,,,,,,,,,,2026-10-16,401869934
2026,2,7,401869957,2026-10-17T04:00Z,0,256,256,JMU,2247,2247,GAST,,,0,2026-10-02T09:01:31-05:00,,,,,,,,,,,,,,,,,,,,2026-10-16,401869957
2026,2,7,401869966,2026-10-17T04:00Z,0,309,309,UL,2653,2653,TROY,,,0,2026-10-02T09:01:31-05:00,,,,,,,,,,,,,,,,,,,,2026-10-16,401869966
2026,2,7,401871091,2026-10-17T04:00Z,0,2433,2433,ULM,2348,2348,LT,,,0,2026-10-02T09:01:31-05:00,,,,,,,,,,,,,,,,,,,,2026-10-16,401871091
2026,2,7,401862802,2026-10-17T16:00Z,0,349,349,ARMY,2226,2226,FAU,,,0,2026-10-02T09:01:31-05:00,,,,,,,,,,,,,,,,,,,,2026-10-17,401862802
2026,2,7,401856725,2026-10-17T17:00Z,0,245,245,TA&M,2643,2643,CIT,,,0,2026-10-02T09:01:31-05:00,,,,,,,,,,,,,,,,,,,,2026-10-17,401856725
2026,2,7,401864522,2026-10-17T19:30Z,0,2751,2751,WYO,2459,2459,NIU,,,0,2026-10-02T09:01:31-05:00,,,,,,,,,,,,,,,,,,,,2026-10-17,401864522
2026,2,7,401864524,2026-10-17T19:30Z,0,2005,2005,AFA,2439,2439,UNLV,,,0,2026-10-02T09:01:31-05:00,,,,,,,,,,,,,,,,,,,,2026-10-17,401864524
2026,2,7,401860903,2026-10-17T22:00Z,0,204,204,ORST,265,265,WSU,,,0,2026-10-02T09:01:31-05:00,,,,,,,,,,,,,,,,,,,,2026-10-17,401860903
2026,2,7,401864520,2026-10-17T23:00Z,0,2449,2449,NDSU,2440,2440,NEV,,,0,2026-10-02T09:01:31-05:00,,,,,,,,,,,,,,,,,,,,2026-10-17,401864520
2026,2,7,401858262,2026-10-17T23:30Z,0,24,24,STAN,2210,2210,ELON,,,0,2026-10-02T09:01:31-05:00,,,,,,,,,,,,,,,,,,,,2026-10-17,401858262
2026,2,7,401864523,2026-10-18T01:00Z,0,2638,2638,UTEP,23,23,SJSU,,,0,2026-10-02T09:01:31-05:00,,,,,,,,,,,,,,,,,,,,2026-10-17,401864523
2026,2,7,401860904,2026-10-18T02:30Z,0,21,21,SDSU,278,278,FRES,,,0,2026-10-02T09:01:31-05:00,,,,,,,,,,,,,,,,,,,,2026-10-17,401860904
2026,2,8,401871055,2026-10-20T23:00Z,0,2229,2229,FIU,2393,2393,MTSU,,,0,2026-10-02T09:01:31-05:00,,,,,,,,,,,,,,,,,,,,2026-10-20,401871055
2026,2,8,401871069,2026-10-20T23:00Z,0,48,48,DEL,2623,2623,MOST,,,0,2026-10-02T09:01:31-05:00,,,,,,,,,,,,,,,,,,,,2026-10-20,401871069
2026,2,8,401871092,2026-10-20T23:30Z,0,276,276,MRSH,6,6,USA,,,0,2026-10-02T09:01:31-05:00,,,,,,,,,,,,,,,,,,,,2026-10-20,401871092
2026,2,8,401871070,2026-10-22T00:00Z,0,2534,2534,SHSU,166,166,NMSU,,,0,2026-10-02T09:01:31-05:00,,,,,,,,,,,,,,,,,,,,2026-10-21,401871070
2026,2,8,401869845,2026-10-22T23:00Z,0,2026,2026,APP,256,256,JMU,,,0,2026-10-02T09:01:31-05:00,,,,,,,,,,,,,,,,,,,,2026-10-22,401869845
2026,2,8,401871056,2026-10-22T23:00Z,0,338,338,KENN,2335,2335,LIB,,,0,2026-10-02T09:01:31-05:00,,,,,,,,,,,,,,,,,,,,2026-10-22,401871056
2026,2,8,401862807,2026-10-22T23:30Z,0,235,235,MEM,151,151,ECU,,,0,2026-10-02T09:01:31-05:00,,,,,,,,,,,,,,,,,,,,2026-10-22,401862807
2026,2,8,401858271,2026-10-23T23:00Z,0,258,258,UVA,150,150,DUKE,,,0,2026-10-02T09:01:31-05:00,,,,,,,,,,,,,,,,,,,,2026-10-23,401858271
2026,2,8,401861965,2026-10-23T23:00Z,0,41,41,CONN,113,113,MASS,,,0,2026-10-02T09:01:31-05:00,,,,,,,,,,,,,,,,,,,,2026-10-23,401861965
2026,2,8,401862808,2026-10-24T00:30Z,0,202,202,TLSA,349,349,ARMY,,,0,2026-10-02T09:01:31-05:00,,,,,,,,,,,,,,,,,,,,2026-10-23,401862808
2026,2,8,401864525,2026-10-24T01:00Z,0,2751,2751,WYO,2005,2005,AFA,,,0,2026-10-02T09:01:31-05:00,,,,,,,,,,,,,,,,,,,,2026-10-23,401864525
2026,2,8,401858272,2026-10-24T02:30Z,0,24,24,STAN,152,152,NCSU,,,0,2026-10-02T09:01:31-05:00,,,,,,,,,,,,,,,,,,,,2026-10-23,401858272
2026,2,8,401856732,2026-10-24T04:00Z,0,251,251,TEX,145,145,MISS,,,0,2026-10-02T09:01:31-05:00,,,,,,,,,,,,,,,,,,,,2026-10-23,401856732
2026,2,8,401858274,2026-10-24T04:00Z,0,2390,2390,MIA,221,221,PITT,,,0,2026-10-02T09:01:31-05:00,,,,,,,,,,,,,,,,,,,,2026-10-23,401858274
2026,2,8,401858496,2026-10-24T04:00Z,0,130,130,MICH,84,84,IU,,,0,2026-10-02T09:01:31-05:00,,,,,,,,,,,,,,,,,,,,2026-10-23,401858496
2026,2,8,401856727,2026-10-24T04:00Z,0,333,333,ALA,245,245,TA&M,,,0,2026-10-02T09:01:31-05:00,,,,,,,,,,,,,,,,,,,,2026-10-23,401856727
2026,2,8,401856835,2026-10-24T04:00Z,0,2116,2116,UCF,252,252,BYU,,,0,2026-10-02T09:01:31-05:00,,,,,,,,,,,,,,,,,,,,2026-10-23,401856835
2026,2,8,401856840,2026-10-24T04:00Z,0,2132,2132,CIN,2641,2641,TTU,,,0,2026-10-02T09:01:31-05:00,,,,,,,,,,,,,,,,,,,,2026-10-23,401856840
2026,2,8,401856837,2026-10-24T04:00Z,0,254,254,UTAH,248,248,HOU,,,0,2026-10-02T09:01:31-05:00,,,,,,,,,,,,,,,,,,,,2026-10-23,401856837
2026,2,8,401858497,2026-10-24T04:00Z,0,135,135,MINN,2294,2294,IOWA,,,0,2026-10-02T09:01:31-05:00,,,,,,,,,,,,,,,,,,,,2026-10-23,401858497
2026,2,8,401858495,2026-10-24T04:00Z,0,356,356,ILL,2483,2483,ORE,,,0,2026-10-02T09:01:31-05:00,,,,,,,,,,,,,,,,,,,,2026-10-23,401858495
2026,2,8,401856730,2026-10-24T04:00Z,0,344,344,MSST,201,201,OU,,,0,2026-10-02T09:01:31-05:00,,,,,,,,,,,,,,,,,,,,2026-10-23,401856730
2026,2,8,401856731,2026-10-24T04:00Z,0,2579,2579,SC,2633,2633,TENN,,,0,2026-10-02T09:01:31-05:00,,,,,,,,,,,,,,,,,,,,2026-10-23,401856731
2026,2,8,401858500,2026-10-24T04:00Z,0,275,275,WIS,30,30,USC,,,0,2026-10-02T09:01:31-05:00,,,,,,,,,,,,,,,,,,,,2026-10-23,401858500
2026,2,8,401856836,2026-10-24T04:00Z,0,197,197,OKST,38,38,COLO,,,0,2026-10-02T09:01:31-05:00,,,,,,,,,,,,,,,,,,,,2026-10-23,401856836
2026,2,8,401858270,2026-10-24T04:00Z,0,2567,2567,SMU,25,25,CAL,,,0,2026-10-02T09:01:31-05:00,,,,,,,,,,,,,,,,,,,,2026-10-23,401858270
2026,2,8,401858499,2026-10-24T04:00Z,0,26,26,UCLA,127,127,MSU,,,0,2026-10-02T09:01:31-05:00,,,,,,,,,,,,,,,,,,,,2026-10-23,401858499
2026,2,8,401856729,2026-10-24T04:00Z,0,96,96,UK,238,238,VAN,,,0,2026-10-02T09:01:31-05:00,,,,,,,,,,,,,,,,,,,,2026-10-23,401856729
2026,2,8,401856834,2026-10-24T04:00Z,0,2305,2305,KU,239,239,BAY,,,0,2026-10-02T09:01:31-05:00,,,,,,,,,,,,,,,,,,,,2026-10-23,401856834
2026,2,8,401856838,2026-10-24T04:00Z,0,12,12,ARIZ,66,66,ISU,,,0,2026-10-02T09:01:31-05:00,,,,,,,,,,,,,,,,,,,,2026-10-23,401856838
2026,2,8,401856839,2026-10-24T04:00Z,0,9,9,ASU,2306,2306,KSU,,,0,2026-10-02T09:01:31-05:00,,,,,,,,,,,,,,,,,,,,2026-10-23,401856839
2026,2,8,401856841,2026-10-24T04:00Z,0,2628,2628,TCU,277,277,WVU,,,0,2026-10-02T09:01:31-05:00,,,,,,,,,,,,,,,,,,,,2026-10-23,401856841
2026,2,8,401858273,2026-10-24T04:00Z,0,59,59,GT,103,103,BC,,,0,2026-10-02T09:01:31-05:00,,,,,,,,,,,,,,,,,,,,2026-10-23,401858273
2026,2,8,401858275,2026-10-24T04:00Z,0,153,153,UNC,183,183,SYR,,,0,2026-10-02T09:01:31-05:00,,,,,,,,,,,,,,,,,,,,2026-10-23,401858275
2026,2,8,401858276,2026-10-24T04:00Z,0,228,228,CLEM,259,259,VT,,,0,2026-10-02T09:01:31-05:00,,,,,,,,,,,,,,,,,,,,2026-10-23,401858276
2026,2,8,401858498,2026-10-24T04:00Z,0,77,77,NU,164,164,RUTG,,,0,2026-10-02T09:01:31-05:00,,,,,,,,,,,,,,,,,,,,2026-10-23,401858498
2026,2,8,401862809,2026-10-24T04:00Z,0,2226,2226,FAU,242,242,RICE,,,0,2026-10-02T09:01:31-05:00,,,,,,,,,,,,,,,,,,,,2026-10-23,401862809
2026,2,8,401862811,2026-10-24T04:00Z,0,2655,2655,TULN,2636,2636,UTSA,,,0,2026-10-02T09:01:31-05:00,,,,,,,,,,,,,,,,,,,,2026-10-23,401862811
2026,2,8,401864526,2026-10-24T04:00Z,0,2459,2459,NIU,62,62,HAW,,,0,2026-10-02T09:01:31-05:00,,,,,,,,,,,,,,,,,,,,2026-10-23,401864526
2026,2,8,401866446,2026-10-24T04:00Z,0,2309,2309,KENT,2006,2006,AKR,,,0,2026-10-02T09:01:31-05:00,,,,,,,,,,,,,,,,,,,,2026-10-23,401866446
2026,2,8,401866447,2026-10-24T04:00Z,0,2050,2050,BALL,16,16,SAC,,,0,2026-10-02T09:01:31-05:00,,,,,,,,,,,,,,,,,,,,2026-10-23,401866447
2026,2,8,401866448,2026-10-24T04:00Z,0,2084,2084,BUFF,189,189,BGSU,,,0,2026-10-02T09:01:31-05:00,,,,,,,,,,,,,,,,,,,,2026-10-23,401866448
2026,2,8,401866449,2026-10-24T04:00Z,0,195,195,OHIO,2199,2199,EMU,,,0,2026-10-02T09:01:31-05:00,,,,,,,,,,,,,,,,,,,,2026-10-23,401866449
2026,2,8,401866450,2026-10-24T04:00Z,0,2649,2649,TOL,2711,2711,WMU,,,0,2026-10-02T09:01:31-05:00,,,,,,,,,,,,,,,,,,,,2026-10-23,401866450
2026,2,8,401866476,2026-10-24T04:00Z,0,2117,2117,CMU,193,193,M-OH,,,0,2026-10-02T09:01:31-05:00,,,,,,,,,,,,,,,,,,,,2026-10-23,401866476
2026,2,8,401869967,2026-10-24T04:00Z,0,2572,2572,USM,309,309,UL,,,0,2026-10-02T09:01:31-05:00,,,,,,,,,,,,,,,,,,,,2026-10-23,401869967
2026,2,8,401871093,2026-10-24T04:00Z,0,2348,2348,LT,295,295,ODU,,,0,2026-10-02T09:01:31-05:00,,,,,,,,,,,,,,,,,,,,2026-10-23,401871093
2026,2,8,401871094,2026-10-24T04:00Z,0,2653,2653,TROY,2433,2433,ULM,,,0,2026-10-02T09:01:31-05:00,,,,,,,,,,,,,,,,,,,,2026-10-23,401871094
2026,2,8,401856728,2026-10-24T16:00Z,0,2,2,AUB,99,99,LSU,,,0,2026-10-02T09:01:31-05:00,,,,,,,,,,,,,,,,,,,,2026-10-24,401856728
2026,2,8,401862810,2026-10-24T19:30Z,0,2426,2426,NAVY,249,249,UNT,,,0,2026-10-02T09:01:31-05:00,,,,,,,,,,,,,,,,,,,,2026-10-24,401862810
2026,2,8,401864528,2026-10-24T21:00Z,0,2440,2440,NEV,23,23,SJSU,,,0,2026-10-02T09:01:31-05:00,,,,,,,,,,,,,,,,,,,,2026-10-24,401864528
2026,2,8,401860907,2026-10-24T22:00Z,0,265,265,WSU,68,68,BOIS,,,0,2026-10-02T09:01:31-05:00,,,,,,,,,,,,,,,,,,,,2026-10-24,401860907
2026,2,8,401860905,2026-10-24T22:30Z,0,36,36,CSU,21,21,SDSU,,,0,2026-10-02T09:01:31-05:00,,,,,,,,,,,,,,,,,,,,2026-10-24,401860905
2026,2,8,401869935,2026-10-24T23:00Z,0,2032,2032,ARST,2247,2247,GAST,,,0,2026-10-02T09:01:31-05:00,,,,,,,,,,,,,,,,,,,,2026-10-24,401869935
2026,2,8,401860906,2026-10-24T23:30Z,0,326,326,TXST,328,328,USU,,,0,2026-10-02T09:01:31-05:00,,,,,,,,,,,,,,,,,,,,2026-10-24,401860906
2026,2,8,401864527,2026-10-25T02:00Z,0,167,167,UNM,2449,2449,NDSU,,,0,2026-10-02T09:01:31-05:00,,,,,,,,,,,,,,,,,,,,2026-10-24,401864527
2026,2,9,401871071,2026-10-27T23:00Z,0,98,98,WKU,48,48,DEL,,,0,2026-10-02T09:01:31-05:00,,,,,,,,,,,,,,,,,,,,2026-10-27,401871071
2026,2,9,401871072,2026-10-28T00:00Z,0,2623,2623,MOST,2534,2534,SHSU,,,0,2026-10-02T09:01:31-05:00,,,,,,,,,,,,,,,,,,,,2026-10-27,401871072
2026,2,9,401871058,2026-10-28T23:00Z,0,2393,2393,MTSU,338,338,KENN,,,0,2026-10-02T09:01:31-05:00,,,,,,,,,,,,,,,,,,,,2026-10-28,401871058
2026,2,9,401871057,2026-10-29T00:00Z,0,166,166,NMSU,55,55,JXST,,,0,2026-10-02T09:01:31-05:00,,,,,,,,,,,,,,,,,,,,2026-10-28,401871057
2026,2,9,401862812,2026-10-29T23:30Z,0,249,249,UNT,2226,2226,FAU,,,0,2026-10-02T09:01:31-05:00,,,,,,,,,,,,,,,,,,,,2026-10-29,401862812
2026,2,9,401869963,2026-10-29T23:30Z,0,256,256,JMU,2653,2653,TROY,,,0,2026-10-02T09:01:31-05:00,,,,,,,,,,,,,,,,,,,,2026-10-29,401869963
2026,2,9,401862813,2026-10-30T23:00Z,0,2429,2429,CLT,2655,2655,TULN,,,0,2026-10-02T09:01:31-05:00,,,,,,,,,,,,,,,,,,,,2026-10-30,401862813
2026,2,9,401856844,2026-10-30T23:30Z,0,2116,2116,UCF,239,239,BAY,,,0,2026-10-02T09:01:31-05:00,,,,,,,,,,,,,,,,,,,,2026-10-30,401856844
2026,2,9,401866451,2026-10-31T02:30Z,0,16,16,SAC,2309,2309,KENT,,,0,2026-10-02T09:01:31-05:00,,,,,,,,,,,,,,,,,,,,2026-10-30,401866451
2026,2,9,401856737,2026-10-31T04:00Z,0,251,251,TEX,344,344,MSST,,,0,2026-10-02T09:01:31-05:00,,,,,,,,,,,,,,,,,,,,2026-10-30,401856737
2026,2,9,401858282,2026-10-31T04:00Z,0,153,153,UNC,2390,2390,MIA,,,0,2026-10-02T09:01:31-05:00,,,,,,,,,,,,,,,,,,,,2026-10-30,401858282
2026,2,9,401858509,2026-10-31T04:00Z,0,30,30,USC,194,194,OSU,,,0,2026-10-02T09:01:31-05:00,,,,,,,,,,,,,,,,,,,,2026-10-30,401858509
2026,2,9,401858501,2026-10-31T04:00Z,0,84,84,IU,135,135,MINN,,,0,2026-10-02T09:01:31-05:00,,,,,,,,,,,,,,,,,,,,2026-10-30,401858501
2026,2,9,401856735,2026-10-31T04:00Z,0,145,145,MISS,2,2,AUB,,,0,2026-10-02T09:01:31-05:00,,,,,,,,,,,,,,,,,,,,2026-10-30,401856735
2026,2,9,401856843,2026-10-31T04:00Z,0,252,252,BYU,9,9,ASU,,,0,2026-10-02T09:01:31-05:00,,,,,,,,,,,,,,,,,,,,2026-10-30,401856843
2026,2,9,401856842,2026-10-31T04:00Z,0,2641,2641,TTU,12,12,ARIZ,,,0,2026-10-02T09:01:31-05:00,,,,,,,,,,,,,,,,,,,,2026-10-30,401856842
2026,2,9,401856848,2026-10-31T04:00Z,0,2132,2132,CIN,254,254,UTAH,,,0,2026-10-02T09:01:31-05:00,,,,,,,,,,,,,,,,,,,,2026-10-30,401856848
2026,2,9,401858502,2026-10-31T04:00Z,0,2294,2294,IOWA,275,275,WIS,,,0,2026-10-02T09:01:31-05:00,,,,,,,,,,,,,,,,,,,,2026-10-30,401858502
2026,2,9,401858505,2026-10-31T04:00Z,0,2483,2483,ORE,77,77,NU,,,0,2026-10-02T09:01:31-05:00,,,,,,,,,,,,,,,,,,,,2026-10-30,401858505
2026,2,9,401856847,2026-10-31T04:00Z,0,66,66,ISU,197,197,OKST,,,0,2026-10-02T09:01:31-05:00,,,,,,,,,,,,,,,,,,,,2026-10-30,401856847
2026,2,9,401858278,2026-10-31T04:00Z,0,183,183,SYR,2567,2567,SMU,,,0,2026-10-02T09:01:31-05:00,,,,,,,,,,,,,,,,,,,,2026-10-30,401858278
2026,2,9,401858508,2026-10-31T04:00Z,0,26,26,UCLA,2440,2440,NEV,,,0,2026-10-02T09:01:31-05:00,,,,,,,,,,,,,,,,,,,,2026-10-30,401858508
2026,2,9,401856733,2026-10-31T04:00Z,0,8,8,ARK,142,142,MIZ,,,0,2026-10-02T09:01:31-05:00,,,,,,,,,,,,,,,,,,,,2026-10-30,401856733
2026,2,9,401856736,2026-10-31T04:00Z,0,201,201,OU,2579,2579,SC,,,0,2026-10-02T09:01:31-05:00,,,,,,,,,,,,,,,,,,,,2026-10-30,401856736
2026,2,9,401856845,2026-10-31T04:00Z,0,2628,2628,TCU,2305,2305,KU,,,0,2026-10-02T09:01:31-05:00,,,,,,,,,,,,,,,,,,,,2026-10-30,401856845
2026,2,9,401856846,2026-10-31T04:00Z,0,38,38,COLO,2306,2306,KSU,,,0,2026-10-02T09:01:31-05:00,,,,,,,,,,,,,,,,,,,,2026-10-30,401856846
2026,2,9,401858277,2026-10-31T04:00Z,0,152,152,NCSU,25,25,CAL,,,0,2026-10-02T09:01:31-05:00,,,,,,,,,,,,,,,,,,,,2026-10-30,401858277
2026,2,9,401858279,2026-10-31T04:00Z,0,150,150,DUKE,103,103,BC,,,0,2026-10-02T09:01:31-05:00,,,,,,,,,,,,,,,,,,,,2026-10-30,401858279
2026,2,9,401858280,2026-10-31T04:00Z,0,52,52,FSU,228,228,CLEM,,,0,2026-10-02T09:01:31-05:00,,,,,,,,,,,,,,,,,,,,2026-10-30,401858280
2026,2,9,401858281,2026-10-31T04:00Z,0,221,221,PITT,59,59,GT,,,0,2026-10-02T09:01:31-05:00,,,,,,,,,,,,,,,,,,,,2026-10-30,401858281
2026,2,9,401858283,2026-10-31T04:00Z,0,97,97,LOU,24,24,STAN,,,0,2026-10-02T09:01:31-05:00,,,,,,,,,,,,,,,,,,,,2026-10-30,401858283
2026,2,9,401858284,2026-10-31T04:00Z,0,154,154,WAKE,258,258,UVA,,,0,2026-10-02T09:01:31-05:00,,,,,,,,,,,,,,,,,,,,2026-10-30,401858284
2026,2,9,401858503,2026-10-31T04:00Z,0,120,120,MD,356,356,ILL,,,0,2026-10-02T09:01:31-05:00,,,,,,,,,,,,,,,,,,,,2026-10-30,401858503
2026,2,9,401858504,2026-10-31T04:00Z,0,158,158,NEB,264,264,WASH,,,0,2026-10-02T09:01:31-05:00,,,,,,,,,,,,,,,,,,,,2026-10-30,401858504
2026,2,9,401858506,2026-10-31T04:00Z,0,213,213,PSU,2509,2509,PUR,,,0,2026-10-02T09:01:31-05:00,,,,,,,,,,,,,,,,,,,,2026-10-30,401858506
2026,2,9,401858507,2026-10-31T04:00Z,0,164,164,RUTG,130,130,MICH,,,0,2026-10-02T09:01:31-05:00,,,,,,,,,,,,,,,,,,,,2026-10-30,401858507
2026,2,9,401860924,2026-10-31T04:00Z,0,278,278,FRES,204,204,ORST,,,0,2026-10-02T09:01:31-05:00,,,,,,,,,,,,,,,,,,,,2026-10-30,401860924
2026,2,9,401862814,2026-10-31T04:00Z,0,235,235,MEM,349,349,ARMY,,,0,2026-10-02T09:01:31-05:00,,,,,,,,,,,,,,,,,,,,2026-10-30,401862814
2026,2,9,401862815,2026-10-31T04:00Z,0,151,151,ECU,218,218,TEM,,,0,2026-10-02T09:01:31-05:00,,,,,,,,,,,,,,,,,,,,2026-10-30,401862815
2026,2,9,401862816,2026-10-31T04:00Z,0,58,58,USF,5,5,UAB,,,0,2026-10-02T09:01:31-05:00,,,,,,,,,,,,,,,,,,,,2026-10-30,401862816
2026,2,9,401864529,2026-10-31T04:00Z,0,23,23,SJSU,167,167,UNM,,,0,2026-10-02T09:01:31-05:00,,,,,,,,,,,,,,,,,,,,2026-10-30,401864529
2026,2,9,401869846,2026-10-31T04:00Z,0,290,290,GASO,2026,2026,APP,,,0,2026-10-02T09:01:31-05:00,,,,,,,,,,,,,,,,,,,,2026-10-30,401869846
2026,2,9,401869944,2026-10-31T04:00Z,0,2247,2247,GAST,324,324,CCU,,,0,2026-10-02T09:01:31-05:00,,,,,,,,,,,,,,,,,,,,2026-10-30,401869944
2026,2,9,401871095,2026-10-31T04:00Z,0,2433,2433,ULM,2572,2572,USM,,,0,2026-10-02T09:01:31-05:00,,,,,,,,,,,,,,,,,,,,2026-10-30,401871095
2026,2,9,401871096,2026-10-31T04:00Z,0,295,295,ODU,276,276,MRSH,,,0,2026-10-02T09:01:31-05:00,,,,,,,,,,,,,,,,,,,,2026-10-30,401871096
2026,2,9,401871097,2026-10-31T04:00Z,0,6,6,USA,2348,2348,LT,,,0,2026-10-02T09:01:31-05:00,,,,,,,,,,,,,,,,,,,,2026-10-30,401871097
2026,2,9,401859185,2026-10-31T16:00Z,1,2426,2426,NAVY,87,87,ND,,,0,2026-10-02T09:01:31-05:00,,,,,,,,,,,,,,,,,,,,2026-10-31,401859185
2026,2,9,401866452,2026-10-31T16:00Z,0,2711,2711,WMU,189,189,BGSU,,,0,2026-10-02T09:01:31-05:00,,,,,,,,,,,,,,,,,,,,2026-10-31,401866452
2026,2,9,401861966,2026-10-31T19:00Z,0,2005,2005,AFA,41,41,CONN,,,0,2026-10-02T09:01:31-05:00,,,,,,,,,,,,,,,,,,,,2026-10-31,401861966
2026,2,9,401856734,2026-10-31T19:30Z,1,61,61,UGA,57,57,FLA,,,0,2026-10-02T09:01:31-05:00,,,,,,,,,,,,,,,,,,,,2026-10-31,401856734
2026,2,9,401860910,2026-10-31T19:30Z,0,328,328,USU,36,36,CSU,,,0,2026-10-02T09:01:31-05:00,,,,,,,,,,,,,,,,,,,,2026-10-31,401860910
2026,2,9,401864531,2026-10-31T19:30Z,0,2449,2449,NDSU,2638,2638,UTEP,,,0,2026-10-02T09:01:31-05:00,,,,,,,,,,,,,,,,,,,,2026-10-31,401864531
2026,2,9,401871059,2026-10-31T19:30Z,0,2335,2335,LIB,2229,2229,FIU,,,0,2026-10-02T09:01:31-05:00,,,,,,,,,,,,,,,,,,,,2026-10-31,401871059
2026,2,9,401860909,2026-10-31T23:00Z,0,21,21,SDSU,265,265,WSU,,,0,2026-10-02T09:01:31-05:00,,,,,,,,,,,,,,,,,,,,2026-10-31,401860909
2026,2,9,401860908,2026-11-01T02:00Z,0,68,68,BOIS,326,326,TXST,,,0,2026-10-02T09:01:31-05:00,,,,,,,,,,,,,,,,,,,,2026-10-31,401860908
2026,2,9,401864530,2026-11-01T02:30Z,0,2439,2439,UNLV,2459,2459,NIU,,,0,2026-10-02T09:01:31-05:00,,,,,,,,,,,,,,,,,,,,2026-10-31,401864530
2026,2,10,401866453,2026-11-04T00:00Z,0,2006,2006,AKR,195,195,OHIO,,,0,2026-10-02T09:01:31-05:00,,,,,,,,,,,,,,,,,,,,2026-11-03,401866453
2026,2,10,401866454,2026-11-04T00:00Z,0,193,193,M-OH,2084,2084,BUFF,,,0,2026-10-02T09:01:31-05:00,,,,,,,,,,,,,,,,,,,,2026-11-03,401866454
2026,2,10,401866455,2026-11-04T05:00Z,0,113,113,MASS,2050,2050,BALL,,,0,2026-10-02T09:01:31-05:00,,,,,,,,,,,,,,,,,,,,2026-11-03,401866455
2026,2,10,401866456,2026-11-04T05:00Z,1,2199,2199,EMU,2117,2117,CMU,,,0,2026-10-02T09:01:31-05:00,,,,,,,,,,,,,,,,,,,,2026-11-03,401866456
2026,2,10,401866457,2026-11-04T05:00Z,0,16,16,SAC,2649,2649,TOL,,,0,2026-10-02T09:01:31-05:00,,,,,,,,,,,,,,,,,,,,2026-11-03,401866457
2026,2,10,401862817,2026-11-06T01:00Z,0,2226,2226,FAU,2636,2636,UTSA,,,0,2026-10-02T09:01:31-05:00,,,,,,,,,,,,,,,,,,,,2026-11-05,401862817
2026,2,10,401869964,2026-11-06T01:00Z,0,2572,2572,USM,256,256,JMU,,,0,2026-10-02T09:01:31-05:00,,,,,,,,,,,,,,,,,,,,2026-11-05,401869964
2026,2,10,401858288,2026-11-07T00:00Z,0,2567,2567,SMU,259,259,VT,,,0,2026-10-02T09:01:31-05:00,,,,,,,,,,,,,,,,,,,,2026-11-06,401858288
2026,2,10,401862818,2026-11-07T00:30Z,0,151,151,ECU,58,58,USF,,,0,2026-10-02T09:01:31-05:00,,,,,,,,,,,,,,,,,,,,2026-11-06,401862818
2026,2,10,401858510,2026-11-07T01:00Z,0,356,356,ILL,158,158,NEB,,,0,2026-10-02T09:01:31-05:00,,,,,,,,,,,,,,,,,,,,2026-11-06,401858510
2026,2,10,401864533,2026-11-07T02:00Z,0,2440,2440,NEV,167,167,UNM,,,0,2026-10-02T09:01:31-05:00,,,,,,,,,,,,,,,,,,,,2026-11-06,401864533
2026,2,10,401856855,2026-11-07T03:15Z,0,12,12,ARIZ,2628,2628,TCU,,,0,2026-10-02T09:01:31-05:00,,,,,,,,,,,,,,,,,,,,2026-11-06,401856855
2026,2,10,401856743,2026-11-07T05:00Z,0,142,142,MIZ,251,251,TEX,,,0,2026-10-02T09:01:31-05:00,,,,,,,,,,,,,,,,,,,,2026-11-06,401856743
2026,2,10,401856741,2026-11-07T05:00Z,0,145,145,MISS,61,61,UGA,,,0,2026-10-02T09:01:31-05:00,,,,,,,,,,,,,,,,,,,,2026-11-06,401856741
2026,2,10,401858514,2026-11-07T05:00Z,0,194,194,OSU,2483,2483,ORE,,,0,2026-10-02T09:01:31-05:00,,,,,,,,,,,,,,,,,,,,2026-11-06,401858514
2026,2,10,401856740,2026-11-07T05:00Z,0,99,99,LSU,333,333,ALA,,,0,2026-10-02T09:01:31-05:00,,,,,,,,,,,,,,,,,,,,2026-11-06,401856740
2026,2,10,401856739,2026-11-07T05:00Z,0,57,57,FLA,201,201,OU,,,0,2026-10-02T09:01:31-05:00,,,,,,,,,,,,,,,,,,,,2026-11-06,401856739
2026,2,10,401856849,2026-11-07T05:00Z,0,254,254,UTAH,252,252,BYU,,,0,2026-10-02T09:01:31-05:00,,,,,,,,,,,,,,,,,,,,2026-11-06,401856849
2026,2,10,401856856,2026-11-07T05:00Z,0,2641,2641,TTU,277,277,WVU,,,0,2026-10-02T09:01:31-05:00,,,,,,,,,,,,,,,,,,,,2026-11-06,401856856
2026,2,10,401858513,2026-11-07T05:00Z,0,77,77,NU,2294,2294,IOWA,,,0,2026-10-02T09:01:31-05:00,,,,,,,,,,,,,,,,,,,,2026-11-06,401858513
2026,2,10,401856742,2026-11-07T05:00Z,0,344,344,MSST,238,238,VAN,,,0,2026-10-02T09:01:31-05:00,,,,,,,,,,,,,,,,,,,,2026-11-06,401856742
2026,2,10,401856745,2026-11-07T05:00Z,0,2633,2633,TENN,96,96,UK,,,0,2026-10-02T09:01:31-05:00,,,,,,,,,,,,,,,,,,,,2026-11-06,401856745
2026,2,10,401856854,2026-11-07T05:00Z,0,2306,2306,KSU,197,197,OKST,,,0,2026-10-02T09:01:31-05:00,,,,,,,,,,,,,,,,,,,,2026-11-06,401856854
2026,2,10,401856851,2026-11-07T05:00Z,0,248,248,HOU,2132,2132,CIN,,,0,2026-10-02T09:01:31-05:00,,,,,,,,,,,,,,,,,,,,2026-11-06,401856851
2026,2,10,401858512,2026-11-07T05:00Z,0,135,135,MINN,26,26,UCLA,,,0,2026-10-02T09:01:31-05:00,,,,,,,,,,,,,,,,,,,,2026-11-06,401858512
2026,2,10,401856738,2026-11-07T05:00Z,0,2,2,AUB,8,8,ARK,,,0,2026-10-02T09:01:31-05:00,,,,,,,,,,,,,,,,,,,,2026-11-06,401856738
2026,2,10,401856744,2026-11-07T05:00Z,0,2579,2579,SC,245,245,TA&M,,,0,2026-10-02T09:01:31-05:00,,,,,,,,,,,,,,,,,,,,2026-11-06,401856744
2026,2,10,401856850,2026-11-07T05:00Z,0,2305,2305,KU,2116,2116,UCF,,,0,2026-10-02T09:01:31-05:00,,,,,,,,,,,,,,,,,,,,2026-11-06,401856850
2026,2,10,401856852,2026-11-07T05:00Z,0,9,9,ASU,38,38,COLO,,,0,2026-10-02T09:01:31-05:00,,,,,,,,,,,,,,,,,,,,2026-11-06,401856852
2026,2,10,401856853,2026-11-07T05:00Z,0,239,239,BAY,66,66,ISU,,,0,2026-10-02T09:01:31-05:00,,,,,,,,,,,,,,,,,,,,2026-11-06,401856853
2026,2,10,401858285,2026-11-07T05:00Z,0,183,183,SYR,228,228,CLEM,,,0,2026-10-02T09:01:31-05:00,,,,,,,,,,,,,,,,,,,,2026-11-06,401858285
2026,2,10,401858286,2026-11-07T05:00Z,0,152,152,NCSU,150,150,DUKE,,,0,2026-10-02T09:01:31-05:00,,,,,,,,,,,,,,,,,,,,2026-11-06,401858286
2026,2,10,401858287,2026-11-07T05:00Z,0,59,59,GT,97,97,LOU,,,0,2026-10-02T09:01:31-05:00,,,,,,,,,,,,,,,,,,,,2026-11-06,401858287
2026,2,10,401858289,2026-11-07T05:00Z,0,103,103,BC,52,52,FSU,,,0,2026-10-02T09:01:31-05:00,,,,,,,,,,,,,,,,,,,,2026-11-06,401858289
2026,2,10,401858290,2026-11-07T05:00Z,0,154,154,WAKE,2771,2771,MRMK,,,0,2026-10-02T09:01:31-05:00,,,,,,,,,,,,,,,,,,,,2026-11-06,401858290
2026,2,10,401858511,2026-11-07T05:00Z,0,130,130,MICH,127,127,MSU,,,0,2026-10-02T09:01:31-05:00,,,,,,,,,,,,,,,,,,,,2026-11-06,401858511
2026,2,10,401858515,2026-11-07T05:00Z,0,2509,2509,PUR,120,120,MD,,,0,2026-10-02T09:01:31-05:00,,,,,,,,,,,,,,,,,,,,2026-11-06,401858515
2026,2,10,401858516,2026-11-07T05:00Z,0,264,264,WASH,213,213,PSU,,,0,2026-10-02T09:01:31-05:00,,,,,,,,,,,,,,,,,,,,2026-11-06,401858516
2026,2,10,401858517,2026-11-07T05:00Z,0,275,275,WIS,164,164,RUTG,,,0,2026-10-02T09:01:31-05:00,,,,,,,,,,,,,,,,,,,,2026-11-06,401858517
2026,2,10,401862819,2026-11-07T05:00Z,0,5,5,UAB,2429,2429,CLT,,,0,2026-10-02T09:01:31-05:00,,,,,,,,,,,,,,,,,,,,2026-11-06,401862819
2026,2,10,401862821,2026-11-07T05:00Z,0,249,249,UNT,242,242,RICE,,,0,2026-10-02T09:01:31-05:00,,,,,,,,,,,,,,,,,,,,2026-11-06,401862821
2026,2,10,401862822,2026-11-07T05:00Z,0,2655,2655,TULN,202,202,TLSA,,,0,2026-10-02T09:01:31-05:00,,,,,,,,,,,,,,,,,,,,2026-11-06,401862822
2026,2,10,401864532,2026-11-07T05:00Z,0,2638,2638,UTEP,62,62,HAW,,,0,2026-10-02T09:01:31-05:00,,,,,,,,,,,,,,,,,,,,2026-11-06,401864532
2026,2,10,401864534,2026-11-07T05:00Z,0,23,23,SJSU,2459,2459,NIU,,,0,2026-10-02T09:01:31-05:00,,,,,,,,,,,,,,,,,,,,2026-11-06,401864534
2026,2,10,401869927,2026-11-07T05:00Z,0,2026,2026,APP,2247,2247,GAST,,,0,2026-10-02T09:01:31-05:00,,,,,,,,,,,,,,,,,,,,2026-11-06,401869927
2026,2,10,401869945,2026-11-07T05:00Z,0,324,324,CCU,295,295,ODU,,,0,2026-10-02T09:01:31-05:00,,,,,,,,,,,,,,,,,,,,2026-11-06,401869945
2026,2,10,401869951,2026-11-07T05:00Z,0,290,290,GASO,276,276,MRSH,,,0,2026-10-02T09:01:31-05:00,,,,,,,,,,,,,,,,,,,,2026-11-06,401869951
2026,2,10,401869968,2026-11-07T05:00Z,0,309,309,UL,6,6,USA,,,0,2026-10-02T09:01:31-05:00,,,,,,,,,,,,,,,,,,,,2026-11-06,401869968
2026,2,10,401871098,2026-11-07T05:00Z,0,2653,2653,TROY,2348,2348,LT,,,0,2026-10-02T09:01:31-05:00,,,,,,,,,,,,,,,,,,,,2026-11-06,401871098
2026,2,10,401858292,2026-11-07T17:00Z,0,41,41,CONN,153,153,UNC,,,0,2026-10-02T09:01:31-05:00,,,,,,,,,,,,,,,,,,,,2026-11-07,401858292
2026,2,10,401869936,2026-11-07T20:00Z,0,2032,2032,ARST,2433,2433,ULM,,,0,2026-10-02T09:01:31-05:00,,,,,,,,,,,,,,,,,,,,2026-11-07,401869936
2026,2,10,401871073,2026-11-07T20:00Z,0,338,338,KENN,48,48,DEL,,,0,2026-10-02T09:01:31-05:00,,,,,,,,,,,,,,,,,,,,2026-11-07,401871073
2026,2,10,401862820,2026-11-07T20:30Z,0,2426,2426,NAVY,218,218,TEM,,,0,2026-10-02T09:01:31-05:00,,,,,,,,,,,,,,,,,,,,2026-11-07,401862820
2026,2,10,401871076,2026-11-07T20:30Z,0,2393,2393,MTSU,98,98,WKU,,,0,2026-10-02T09:01:31-05:00,,,,,,,,,,,,,,,,,,,,2026-11-07,401871076
2026,2,10,401871074,2026-11-07T21:00Z,0,2229,2229,FIU,2623,2623,MOST,,,0,2026-10-02T09:01:31-05:00,,,,,,,,,,,,,,,,,,,,2026-11-07,401871074
2026,2,10,401870795,2026-11-07T22:00Z,0,166,166,NMSU,2335,2335,LIB,,,0,2026-10-02T09:01:31-05:00,,,,,,,,,,,,,,,,,,,,2026-11-07,401870795
2026,2,10,401860911,2026-11-07T23:00Z,0,36,36,CSU,68,68,BOIS,,,0,2026-10-02T09:01:31-05:00,,,,,,,,,,,,,,,,,,,,2026-11-07,401860911
2026,2,10,401871075,2026-11-08T00:00Z,0,55,55,JXST,2534,2534,SHSU,,,0,2026-10-02T09:01:31-05:00,,,,,,,,,,,,,,,,,,,,2026-11-07,401871075
2026,2,10,401858291,2026-11-08T00:30Z,0,87,87,ND,2390,2390,MIA,,,0,2026-10-02T09:01:31-05:00,,,,,,,,,,,,,,,,,,,,2026-11-07,401858291
2026,2,10,401862823,2026-11-08T00:30Z,0,349,349,ARMY,2005,2005,AFA,,,0,2026-10-02T09:01:31-05:00,,,,,,,,,,,,,,,,,,,,2026-11-07,401862823
2026,2,10,401860913,2026-11-08T02:30Z,0,328,328,USU,278,278,FRES,,,0,2026-10-02T09:01:31-05:00,,,,,,,,,,,,,,,,,,,,2026-11-07,401860913
2026,2,10,401860912,2026-11-08T03:30Z,0,204,204,ORST,326,326,TXST,,,0,2026-10-02T09:01:31-05:00,,,,,,,,,,,,,,,,,,,,2026-11-07,401860912
2026,2,10,401864535,2026-11-08T03:30Z,0,2439,2439,UNLV,2751,2751,WYO,,,0,2026-10-02T09:01:31-05:00,,,,,,,,,,,,,,,,,,,,2026-11-07,401864535
2026,2,11,401866458,2026-11-11T00:00Z,0,2006,2006,AKR,2711,2711,WMU,,,0,2026-10-02T09:01:31-05:00,,,,,,,,,,,,,,,,,,,,2026-11-10,401866458
2026,2,11,401866459,2026-11-11T00:00Z,0,189,189,BGSU,2309,2309,KENT,,,0,2026-10-02T09:01:31-05:00,,,,,,,,,,,,,,,,,,,,2026-11-10,401866459
2026,2,11,401866460,2026-11-11T00:00Z,0,193,193,M-OH,195,195,OHIO,,,0,2026-10-02T09:01:31-05:00,,,,,,,,,,,,,,,,,,,,2026-11-10,401866460
2026,2,11,401866461,2026-11-11T05:00Z,0,2050,2050,BALL,2084,2084,BUFF,,,0,2026-10-02T09:01:31-05:00,,,,,,,,,,,,,,,,,,,,2026-11-10,401866461
2026,2,11,401866462,2026-11-11T05:00Z,0,2117,2117,CMU,16,16,SAC,,,0,2026-10-02T09:01:31-05:00,,,,,,,,,,,,,,,,,,,,2026-11-10,401866462
2026,2,11,401866463,2026-11-11T05:00Z,0,2649,2649,TOL,113,113,MASS,,,0,2026-10-02T09:01:31-05:00,,,,,,,,,,,,,,,,,,,,2026-11-10,401866463
2026,2,11,401862824,2026-11-13T01:00Z,0,58,58,USF,235,235,MEM,,,0,2026-10-02T09:01:31-05:00,,,,,,,,,,,,,,,,,,,,2026-11-12,401862824
2026,2,11,401869969,2026-11-13T02:00Z,0,2433,2433,ULM,309,309,UL,,,0,2026-10-02T09:01:31-05:00,,,,,,,,,,,,,,,,,,,,2026-11-12,401869969
2026,2,11,401858293,2026-11-14T00:00Z,0,221,221,PITT,52,52,FSU,,,0,2026-10-02T09:01:31-05:00,,,,,,,,,,,,,,,,,,,,2026-11-13,401858293
2026,2,11,401858526,2026-11-14T02:00Z,0,26,26,UCLA,356,356,ILL,,,0,2026-10-02T09:01:31-05:00,,,,,,,,,,,,,,,,,,,,2026-11-13,401858526
2026,2,11,401856860,2026-11-14T03:15Z,0,38,38,COLO,248,248,HOU,,,0,2026-10-02T09:01:31-05:00,,,,,,,,,,,,,,,,,,,,2026-11-13,401856860
2026,2,11,401856885,2026-11-14T05:00Z,0,99,99,LSU,251,251,TEX,,,0,2026-10-02T09:01:31-05:00,,,,,,,,,,,,,,,,,,,,2026-11-13,401856885
2026,2,11,401856883,2026-11-14T05:00Z,0,61,61,UGA,142,142,MIZ,,,0,2026-10-02T09:01:31-05:00,,,,,,,,,,,,,,,,,,,,2026-11-13,401856883
2026,2,11,401858296,2026-11-14T05:00Z,0,2390,2390,MIA,150,150,DUKE,,,0,2026-10-02T09:01:31-05:00,,,,,,,,,,,,,,,,,,,,2026-11-13,401858296
2026,2,11,401858522,2026-11-14T05:00Z,0,194,194,OSU,77,77,NU,,,0,2026-10-02T09:01:31-05:00,,,,,,,,,,,,,,,,,,,,2026-11-13,401858522
2026,2,11,401858518,2026-11-14T05:00Z,0,84,84,IU,30,30,USC,,,0,2026-10-02T09:01:31-05:00,,,,,,,,,,,,,,,,,,,,2026-11-13,401858518
2026,2,11,401856889,2026-11-14T05:00Z,0,238,238,VAN,333,333,ALA,,,0,2026-10-02T09:01:31-05:00,,,,,,,,,,,,,,,,,,,,2026-11-13,401856889
2026,2,11,401856884,2026-11-14T05:00Z,0,96,96,UK,57,57,FLA,,,0,2026-10-02T09:01:31-05:00,,,,,,,,,,,,,,,,,,,,2026-11-13,401856884
2026,2,11,401856887,2026-11-14T05:00Z,0,201,201,OU,145,145,MISS,,,0,2026-10-02T09:01:31-05:00,,,,,,,,,,,,,,,,,,,,2026-11-13,401856887
2026,2,11,401856858,2026-11-14T05:00Z,0,252,252,BYU,239,239,BAY,,,0,2026-10-02T09:01:31-05:00,,,,,,,,,,,,,,,,,,,,2026-11-13,401856858
2026,2,11,401856863,2026-11-14T05:00Z,0,197,197,OKST,2641,2641,TTU,,,0,2026-10-02T09:01:31-05:00,,,,,,,,,,,,,,,,,,,,2026-11-13,401856863
2026,2,11,401856864,2026-11-14T05:00Z,0,12,12,ARIZ,254,254,UTAH,,,0,2026-10-02T09:01:31-05:00,,,,,,,,,,,,,,,,,,,,2026-11-13,401856864
2026,2,11,401858519,2026-11-14T05:00Z,0,2294,2294,IOWA,2509,2509,PUR,,,0,2026-10-02T09:01:31-05:00,,,,,,,,,,,,,,,,,,,,2026-11-13,401858519
2026,2,11,401858523,2026-11-14T05:00Z,0,2483,2483,ORE,130,130,MICH,,,0,2026-10-02T09:01:31-05:00,,,,,,,,,,,,,,,,,,,,2026-11-13,401858523
2026,2,11,401856886,2026-11-14T05:00Z,0,344,344,MSST,2,2,AUB,,,0,2026-10-02T09:01:31-05:00,,,,,,,,,,,,,,,,,,,,2026-11-13,401856886
2026,2,11,401856888,2026-11-14T05:00Z,0,245,245,TA&M,2633,2633,TENN,,,0,2026-10-02T09:01:31-05:00,,,,,,,,,,,,,,,,,,,,2026-11-13,401856888
2026,2,11,401858301,2026-11-14T05:00Z,0,2567,2567,SMU,154,154,WAKE,,,0,2026-10-02T09:01:31-05:00,,,,,,,,,,,,,,,,,,,,2026-11-13,401858301
2026,2,11,401856857,2026-11-14T05:00Z,0,2116,2116,UCF,9,9,ASU,,,0,2026-10-02T09:01:31-05:00,,,,,,,,,,,,,,,,,,,,2026-11-13,401856857
2026,2,11,401856859,2026-11-14T05:00Z,0,66,66,ISU,2132,2132,CIN,,,0,2026-10-02T09:01:31-05:00,,,,,,,,,,,,,,,,,,,,2026-11-13,401856859
2026,2,11,401856861,2026-11-14T05:00Z,0,277,277,WVU,2305,2305,KU,,,0,2026-10-02T09:01:31-05:00,,,,,,,,,,,,,,,,,,,,2026-11-13,401856861
2026,2,11,401856862,2026-11-14T05:00Z,0,2628,2628,TCU,2306,2306,KSU,,,0,2026-10-02T09:01:31-05:00,,,,,,,,,,,,,,,,,,,,2026-11-13,401856862
2026,2,11,401856882,2026-11-14T05:00Z,0,8,8,ARK,2579,2579,SC,,,0,2026-10-02T09:01:31-05:00,,,,,,,,,,,,,,,,,,,,2026-11-13,401856882
2026,2,11,401858295,2026-11-14T05:00Z,0,258,258,UVA,25,25,CAL,,,0,2026-10-02T09:01:31-05:00,,,,,,,,,,,,,,,,,,,,2026-11-13,401858295
2026,2,11,401858297,2026-11-14T05:00Z,0,228,228,CLEM,59,59,GT,,,0,2026-10-02T09:01:31-05:00,,,,,,,,,,,,,,,,,,,,2026-11-13,401858297
2026,2,11,401858298,2026-11-14T05:00Z,0,153,153,UNC,97,97,LOU,,,0,2026-10-02T09:01:31-05:00,,,,,,,,,,,,,,,,,,,,2026-11-13,401858298
2026,2,11,401858299,2026-11-14T05:00Z,0,259,259,VT,24,24,STAN,,,0,2026-10-02T09:01:31-05:00,,,,,,,,,,,,,,,,,,,,2026-11-13,401858299
2026,2,11,401858300,2026-11-14T05:00Z,0,152,152,NCSU,183,183,SYR,,,0,2026-10-02T09:01:31-05:00,,,,,,,,,,,,,,,,,,,,2026-11-13,401858300
2026,2,11,401858520,2026-11-14T05:00Z,0,120,120,MD,275,275,WIS,,,0,2026-10-02T09:01:31-05:00,,,,,,,,,,,,,,,,,,,,2026-11-13,401858520
2026,2,11,401858521,2026-11-14T05:00Z,0,127,127,MSU,264,264,WASH,,,0,2026-10-02T09:01:31-05:00,,,,,,,,,,,,,,,,,,,,2026-11-13,401858521
2026,2,11,401858524,2026-11-14T05:00Z,0,213,213,PSU,135,135,MINN,,,0,2026-10-02T09:01:31-05:00,,,,,,,,,,,,,,,,,,,,2026-11-13,401858524
2026,2,11,401858525,2026-11-14T05:00Z,0,164,164,RUTG,158,158,NEB,,,0,2026-10-02T09:01:31-05:00,,,,,,,,,,,,,,,,,,,,2026-11-13,401858525
2026,2,11,401862825,2026-11-14T05:00Z,0,2429,2429,CLT,151,151,ECU,,,0,2026-10-02T09:01:31-05:00,,,,,,,,,,,,,,,,,,,,2026-11-13,401862825
2026,2,11,401862826,2026-11-14T05:00Z,0,202,202,TLSA,2226,2226,FAU,,,0,2026-10-02T09:01:31-05:00,,,,,,,,,,,,,,,,,,,,2026-11-13,401862826
2026,2,11,401862827,2026-11-14T05:00Z,0,2636,2636,UTSA,249,249,UNT,,,0,2026-10-02T09:01:31-05:00,,,,,,,,,,,,,,,,,,,,2026-11-13,401862827
2026,2,11,401862828,2026-11-14T05:00Z,0,242,242,RICE,2655,2655,TULN,,,0,2026-10-02T09:01:31-05:00,,,,,,,,,,,,,,,,,,,,2026-11-13,401862828
2026,2,11,401862829,2026-11-14T05:00Z,0,218,218,TEM,5,5,UAB,,,0,2026-10-02T09:01:31-05:00,,,,,,,,,,,,,,,,,,,,2026-11-13,401862829
2026,2,11,401864536,2026-11-14T05:00Z,0,2459,2459,NIU,2440,2440,NEV,,,0,2026-10-02T09:01:31-05:00,,,,,,,,,,,,,,,,,,,,2026-11-13,401864536
2026,2,11,401864540,2026-11-14T05:00Z,0,2638,2638,UTEP,2751,2751,WYO,,,0,2026-10-02T09:01:31-05:00,,,,,,,,,,,,,,,,,,,,2026-11-13,401864540
2026,2,11,401869928,2026-11-14T05:00Z,0,276,276,MRSH,2026,2026,APP,,,0,2026-10-02T09:01:31-05:00,,,,,,,,,,,,,,,,,,,,2026-11-13,401869928
2026,2,11,401869937,2026-11-14T05:00Z,0,324,324,CCU,2032,2032,ARST,,,0,2026-10-02T09:01:31-05:00,,,,,,,,,,,,,,,,,,,,2026-11-13,401869937
2026,2,11,401869952,2026-11-14T05:00Z,0,2247,2247,GAST,290,290,GASO,,,0,2026-10-02T09:01:31-05:00,,,,,,,,,,,,,,,,,,,,2026-11-13,401869952
2026,2,11,401871099,2026-11-14T05:00Z,0,2348,2348,LT,2572,2572,USM,,,0,2026-10-02T09:01:31-05:00,,,,,,,,,,,,,,,,,,,,2026-11-13,401871099
2026,2,11,401871100,2026-11-14T05:00Z,0,6,6,USA,2653,2653,TROY,,,0,2026-10-02T09:01:31-05:00,,,,,,,,,,,,,,,,,,,,2026-11-13,401871100
2026,2,11,401861967,2026-11-14T17:00Z,0,41,41,CONN,256,256,JMU,,,0,2026-10-02T09:01:31-05:00,,,,,,,,,,,,,,,,,,,,2026-11-14,401861967
2026,2,11,401870769,2026-11-14T19:00Z,0,2534,2534,SHSU,338,338,KENN,,,0,2026-10-02T09:01:31-05:00,,,,,,,,,,,,,,,,,,,,2026-11-14,401870769
2026,2,11,401870796,2026-11-14T20:00Z,0,2623,2623,MOST,166,166,NMSU,,,0,2026-10-02T09:01:31-05:00,,,,,,,,,,,,,,,,,,,,2026-11-14,401870796
2026,2,11,401871060,2026-11-14T20:00Z,0,48,48,DEL,2229,2229,FIU,,,0,2026-10-02T09:01:31-05:00,,,,,,,,,,,,,,,,,,,,2026-11-14,401871060
2026,2,11,401858294,2026-11-14T20:30Z,0,87,87,ND,103,103,BC,,,0,2026-10-02T09:01:31-05:00,,,,,,,,,,,,,,,,,,,,2026-11-14,401858294
2026,2,11,401870752,2026-11-14T20:30Z,0,98,98,WKU,55,55,JXST,,,0,2026-10-02T09:01:31-05:00,,,,,,,,,,,,,,,,,,,,2026-11-14,401870752
2026,2,11,401871061,2026-11-14T20:30Z,0,2335,2335,LIB,2393,2393,MTSU,,,0,2026-10-02T09:01:31-05:00,,,,,,,,,,,,,,,,,,,,2026-11-14,401871061
2026,2,11,401860916,2026-11-14T21:00Z,0,326,326,TXST,278,278,FRES,,,0,2026-10-02T09:01:31-05:00,,,,,,,,,,,,,,,,,,,,2026-11-14,401860916
2026,2,11,401860914,2026-11-14T23:00Z,0,68,68,BOIS,204,204,ORST,,,0,2026-10-02T09:01:31-05:00,,,,,,,,,,,,,,,,,,,,2026-11-14,401860914
2026,2,11,401864538,2026-11-15T00:00Z,0,2005,2005,AFA,23,23,SJSU,,,0,2026-10-02T09:01:31-05:00,,,,,,,,,,,,,,,,,,,,2026-11-14,401864538
2026,2,11,401864539,2026-11-15T00:30Z,0,167,167,UNM,2439,2439,UNLV,,,0,2026-10-02T09:01:31-05:00,,,,,,,,,,,,,,,,,,,,2026-11-14,401864539
2026,2,11,401860915,2026-11-15T02:30Z,0,21,21,SDSU,328,328,USU,,,0,2026-10-02T09:01:31-05:00,,,,,,,,,,,,,,,,,,,,2026-11-14,401860915
2026,2,11,401860917,2026-11-15T03:30Z,0,265,265,WSU,36,36,CSU,,,0,2026-10-02T09:01:31-05:00,,,,,,,,,,,,,,,,,,,,2026-11-14,401860917
2026,2,11,401864537,2026-11-15T04:59Z,0,62,62,HAW,2449,2449,NDSU,,,0,2026-10-02T09:01:31-05:00,,,,,,,,,,,,,,,,,,,,2026-11-14,401864537
2026,2,12,401866464,2026-11-18T00:00Z,0,195,195,OHIO,2050,2050,BALL,,,0,2026-10-02T09:01:31-05:00,,,,,,,,,,,,,,,,,,,,2026-11-17,401866464
2026,2,12,401866465,2026-11-18T00:00Z,0,2711,2711,WMU,2199,2199,EMU,,,0,2026-10-02T09:01:31-05:00,,,,,,,,,,,,,,,,,,,,2026-11-17,401866465
2026,2,12,401866466,2026-11-18T00:00Z,0,2309,2309,KENT,193,193,M-OH,,,0,2026-10-02T09:01:31-05:00,,,,,,,,,,,,,,,,,,,,2026-11-17,401866466
2026,2,12,401866467,2026-11-18T05:00Z,0,113,113,MASS,2006,2006,AKR,,,0,2026-10-02T09:01:31-05:00,,,,,,,,,,,,,,,,,,,,2026-11-17,401866467
2026,2,12,401866469,2026-11-18T05:00Z,0,2084,2084,BUFF,2117,2117,CMU,,,0,2026-10-02T09:01:31-05:00,,,,,,,,,,,,,,,,,,,,2026-11-17,401866469
2026,2,12,401862830,2026-11-20T00:30Z,0,218,218,TEM,242,242,RICE,,,0,2026-10-02T09:01:31-05:00,,,,,,,,,,,,,,,,,,,,2026-11-19,401862830
2026,2,12,401856869,2026-11-20T23:00Z,0,2116,2116,UCF,66,66,ISU,,,0,2026-10-02T09:01:31-05:00,,,,,,,,,,,,,,,,,,,,2026-11-20,401856869
2026,2,12,401858303,2026-11-21T00:30Z,0,150,150,DUKE,228,228,CLEM,,,0,2026-10-02T09:01:31-05:00,,,,,,,,,,,,,,,,,,,,2026-11-20,401858303
2026,2,12,401866468,2026-11-21T00:30Z,0,2649,2649,TOL,189,189,BGSU,,,0,2026-10-02T09:01:31-05:00,,,,,,,,,,,,,,,,,,,,2026-11-20,401866468
2026,2,12,401858529,2026-11-21T01:00Z,0,127,127,MSU,2483,2483,ORE,,,0,2026-10-02T09:01:31-05:00,,,,,,,,,,,,,,,,,,,,2026-11-20,401858529
2026,2,12,401864545,2026-11-21T01:00Z,0,2005,2005,AFA,2638,2638,UTEP,,,0,2026-10-02T09:01:31-05:00,,,,,,,,,,,,,,,,,,,,2026-11-20,401864545
2026,2,12,401856755,2026-11-21T05:00Z,0,251,251,TEX,8,8,ARK,,,0,2026-10-02T09:01:31-05:00,,,,,,,,,,,,,,,,,,,,2026-11-20,401856755
2026,2,12,401856753,2026-11-21T05:00Z,0,2579,2579,SC,61,61,UGA,,,0,2026-10-02T09:01:31-05:00,,,,,,,,,,,,,,,,,,,,2026-11-20,401856753
2026,2,12,401858302,2026-11-21T05:00Z,0,2390,2390,MIA,259,259,VT,,,0,2026-10-02T09:01:31-05:00,,,,,,,,,,,,,,,,,,,,2026-11-20,401858302
2026,2,12,401858531,2026-11-21T05:00Z,0,158,158,NEB,194,194,OSU,,,0,2026-10-02T09:01:31-05:00,,,,,,,,,,,,,,,,,,,,2026-11-20,401858531
2026,2,12,401858535,2026-11-21T05:00Z,0,264,264,WASH,84,84,IU,,,0,2026-10-02T09:01:31-05:00,,,,,,,,,,,,,,,,,,,,2026-11-20,401858535
2026,2,12,401856748,2026-11-21T05:00Z,0,57,57,FLA,238,238,VAN,,,0,2026-10-02T09:01:31-05:00,,,,,,,,,,,,,,,,,,,,2026-11-20,401856748
2026,2,12,401856866,2026-11-21T05:00Z,0,2305,2305,KU,252,252,BYU,,,0,2026-10-02T09:01:31-05:00,,,,,,,,,,,,,,,,,,,,2026-11-20,401856866
2026,2,12,401856754,2026-11-21T05:00Z,0,2633,2633,TENN,99,99,LSU,,,0,2026-10-02T09:01:31-05:00,,,,,,,,,,,,,,,,,,,,2026-11-20,401856754
2026,2,12,401856871,2026-11-21T05:00Z,0,239,239,BAY,2641,2641,TTU,,,0,2026-10-02T09:01:31-05:00,,,,,,,,,,,,,,,,,,,,2026-11-20,401856871
2026,2,12,401856872,2026-11-21T05:00Z,0,2628,2628,TCU,254,254,UTAH,,,0,2026-10-02T09:01:31-05:00,,,,,,,,,,,,,,,,,,,,2026-11-20,401856872
2026,2,12,401858527,2026-11-21T05:00Z,0,356,356,ILL,2294,2294,IOWA,,,0,2026-10-02T09:01:31-05:00,,,,,,,,,,,,,,,,,,,,2026-11-20,401858527
2026,2,12,401858534,2026-11-21T05:00Z,0,30,30,USC,120,120,MD,,,0,2026-10-02T09:01:31-05:00,,,,,,,,,,,,,,,,,,,,2026-11-20,401858534
2026,2,12,401856870,2026-11-21T05:00Z,0,9,9,ASU,197,197,OKST,,,0,2026-10-02T09:01:31-05:00,,,,,,,,,,,,,,,,,,,,2026-11-20,401856870
2026,2,12,401856868,2026-11-21T05:00Z,0,277,277,WVU,248,248,HOU,,,0,2026-10-02T09:01:31-05:00,,,,,,,,,,,,,,,,,,,,2026-11-20,401856868
2026,2,12,401858528,2026-11-21T05:00Z,0,130,130,MICH,26,26,UCLA,,,0,2026-10-02T09:01:31-05:00,,,,,,,,,,,,,,,,,,,,2026-11-20,401858528
2026,2,12,401856751,2026-11-21T05:00Z,0,142,142,MIZ,96,96,UK,,,0,2026-10-02T09:01:31-05:00,,,,,,,,,,,,,,,,,,,,2026-11-20,401856751
2026,2,12,401856752,2026-11-21T05:00Z,0,201,201,OU,245,245,TA&M,,,0,2026-10-02T09:01:31-05:00,,,,,,,,,,,,,,,,,,,,2026-11-20,401856752
2026,2,12,401856865,2026-11-21T05:00Z,0,2306,2306,KSU,12,12,ARIZ,,,0,2026-10-02T09:01:31-05:00,,,,,,,,,,,,,,,,,,,,2026-11-20,401856865
2026,2,12,401856867,2026-11-21T05:00Z,0,2132,2132,CIN,38,38,COLO,,,0,2026-10-02T09:01:31-05:00,,,,,,,,,,,,,,,,,,,,2026-11-20,401856867
2026,2,12,401858304,2026-11-21T05:00Z,0,52,52,FSU,152,152,NCSU,,,0,2026-10-02T09:01:31-05:00,,,,,,,,,,,,,,,,,,,,2026-11-20,401858304
2026,2,12,401858305,2026-11-21T05:00Z,0,258,258,UVA,153,153,UNC,,,0,2026-10-02T09:01:31-05:00,,,,,,,,,,,,,,,,,,,,2026-11-20,401858305
2026,2,12,401858306,2026-11-21T05:00Z,0,97,97,LOU,221,221,PITT,,,0,2026-10-02T09:01:31-05:00,,,,,,,,,,,,,,,,,,,,2026-11-20,401858306
2026,2,12,401858308,2026-11-21T05:00Z,0,25,25,CAL,24,24,STAN,,,0,2026-10-02T09:01:31-05:00,,,,,,,,,,,,,,,,,,,,2026-11-20,401858308
2026,2,12,401858309,2026-11-21T05:00Z,0,103,103,BC,183,183,SYR,,,0,2026-10-02T09:01:31-05:00,,,,,,,,,,,,,,,,,,,,2026-11-20,401858309
2026,2,12,401858310,2026-11-21T05:00Z,0,59,59,GT,154,154,WAKE,,,0,2026-10-02T09:01:31-05:00,,,,,,,,,,,,,,,,,,,,2026-11-20,401858310
2026,2,12,401858530,2026-11-21T05:00Z,0,135,135,MINN,77,77,NU,,,0,2026-10-02T09:01:31-05:00,,,,,,,,,,,,,,,,,,,,2026-11-20,401858530
2026,2,12,401858532,2026-11-21T05:00Z,0,213,213,PSU,164,164,RUTG,,,0,2026-10-02T09:01:31-05:00,,,,,,,,,,,,,,,,,,,,2026-11-20,401858532
2026,2,12,401858533,2026-11-21T05:00Z,0,2509,2509,PUR,275,275,WIS,,,0,2026-10-02T09:01:31-05:00,,,,,,,,,,,,,,,,,,,,2026-11-20,401858533
2026,2,12,401862832,2026-11-21T05:00Z,0,202,202,TLSA,2429,2429,CLT,,,0,2026-10-02T09:01:31-05:00,,,,,,,,,,,,,,,,,,,,2026-11-20,401862832
2026,2,12,401862833,2026-11-21T05:00Z,0,2226,2226,FAU,58,58,USF,,,0,2026-10-02T09:01:31-05:00,,,,,,,,,,,,,,,,,,,,2026-11-20,401862833
2026,2,12,401862835,2026-11-21T05:00Z,0,2655,2655,TULN,249,249,UNT,,,0,2026-10-02T09:01:31-05:00,,,,,,,,,,,,,,,,,,,,2026-11-20,401862835
2026,2,12,401862836,2026-11-21T05:00Z,0,5,5,UAB,2636,2636,UTSA,,,0,2026-10-02T09:01:31-05:00,,,,,,,,,,,,,,,,,,,,2026-11-20,401862836
2026,2,12,401864541,2026-11-21T05:00Z,0,2440,2440,NEV,62,62,HAW,,,0,2026-10-02T09:01:31-05:00,,,,,,,,,,,,,,,,,,,,2026-11-20,401864541
2026,2,12,401869929,2026-11-21T05:00Z,0,2026,2026,APP,2433,2433,ULM,,,0,2026-10-02T09:01:31-05:00,,,,,,,,,,,,,,,,,,,,2026-11-20,401869929
2026,2,12,401869938,2026-11-21T05:00Z,0,2348,2348,LT,2032,2032,ARST,,,0,2026-10-02T09:01:31-05:00,,,,,,,,,,,,,,,,,,,,2026-11-20,401869938
2026,2,12,401869946,2026-11-21T05:00Z,0,309,309,UL,324,324,CCU,,,0,2026-10-02T09:01:31-05:00,,,,,,,,,,,,,,,,,,,,2026-11-20,401869946
2026,2,12,401869953,2026-11-21T05:00Z,0,2653,2653,TROY,290,290,GASO,,,0,2026-10-02T09:01:31-05:00,,,,,,,,,,,,,,,,,,,,2026-11-20,401869953
2026,2,12,401869958,2026-11-21T05:00Z,0,276,276,MRSH,2247,2247,GAST,,,0,2026-10-02T09:01:31-05:00,,,,,,,,,,,,,,,,,,,,2026-11-20,401869958
2026,2,12,401871101,2026-11-21T05:00Z,0,2572,2572,USM,6,6,USA,,,0,2026-10-02T09:01:31-05:00,,,,,,,,,,,,,,,,,,,,2026-11-20,401871101
2026,2,12,401856749,2026-11-21T17:00Z,0,145,145,MISS,2747,2747,WOF,,,0,2026-10-02T09:01:31-05:00,,,,,,,,,,,,,,,,,,,,2026-11-21,401856749
2026,2,12,401862831,2026-11-21T17:00Z,0,349,349,ARMY,151,151,ECU,,,0,2026-10-02T09:01:31-05:00,,,,,,,,,,,,,,,,,,,,2026-11-21,401862831
2026,2,12,401862834,2026-11-21T17:00Z,0,2426,2426,NAVY,235,235,MEM,,,0,2026-10-02T09:01:31-05:00,,,,,,,,,,,,,,,,,,,,2026-11-21,401862834
2026,2,12,401856750,2026-11-21T18:00Z,0,344,344,MSST,2635,2635,TNTC,,,0,2026-10-02T09:01:31-05:00,,,,,,,,,,,,,,,,,,,,2026-11-21,401856750
2026,2,12,401871080,2026-11-21T18:00Z,0,2335,2335,LIB,98,98,WKU,,,0,2026-10-02T09:01:31-05:00,,,,,,,,,,,,,,,,,,,,2026-11-21,401871080
2026,2,12,401856746,2026-11-21T19:00Z,0,333,333,ALA,236,236,UTC,,,0,2026-10-02T09:01:31-05:00,,,,,,,,,,,,,,,,,,,,2026-11-21,401856746
2026,2,12,401871079,2026-11-21T19:00Z,0,55,55,JXST,2623,2623,MOST,,,0,2026-10-02T09:01:31-05:00,,,,,,,,,,,,,,,,,,,,2026-11-21,401871079
2026,2,12,401871081,2026-11-21T19:00Z,0,2534,2534,SHSU,2393,2393,MTSU,,,0,2026-10-02T09:01:31-05:00,,,,,,,,,,,,,,,,,,,,2026-11-21,401871081
2026,2,12,401871077,2026-11-21T20:00Z,0,166,166,NMSU,48,48,DEL,,,0,2026-10-02T09:01:31-05:00,,,,,,,,,,,,,,,,,,,,2026-11-21,401871077
2026,2,12,401871078,2026-11-21T20:00Z,0,338,338,KENN,2229,2229,FIU,,,0,2026-10-02T09:01:31-05:00,,,,,,,,,,,,,,,,,,,,2026-11-21,401871078
2026,2,12,401856747,2026-11-21T20:30Z,0,2,2,AUB,2535,2535,SAM,,,0,2026-10-02T09:01:31-05:00,,,,,,,,,,,,,,,,,,,,2026-11-21,401856747
2026,2,12,401861968,2026-11-21T20:30Z,0,41,41,CONN,295,295,ODU,,,0,2026-10-02T09:01:31-05:00,,,,,,,,,,,,,,,,,,,,2026-11-21,401861968
2026,2,12,401864543,2026-11-21T21:00Z,0,2449,2449,NDSU,2459,2459,NIU,,,0,2026-10-02T09:01:31-05:00,,,,,,,,,,,,,,,,,,,,2026-11-21,401864543
2026,2,12,401860920,2026-11-21T23:00Z,0,326,326,TXST,265,265,WSU,,,0,2026-10-02T09:01:31-05:00,,,,,,,,,,,,,,,,,,,,2026-11-21,401860920
2026,2,12,401864544,2026-11-22T00:00Z,0,23,23,SJSU,2439,2439,UNLV,,,0,2026-10-02T09:01:31-05:00,,,,,,,,,,,,,,,,,,,,2026-11-21,401864544
2026,2,12,401858307,2026-11-22T00:30Z,0,87,87,ND,2567,2567,SMU,,,0,2026-10-02T09:01:31-05:00,,,,,,,,,,,,,,,,,,,,2026-11-21,401858307
2026,2,12,401860918,2026-11-22T00:30Z,0,278,278,FRES,36,36,CSU,,,0,2026-10-02T09:01:31-05:00,,,,,,,,,,,,,,,,,,,,2026-11-21,401860918
2026,2,12,401864542,2026-11-22T02:00Z,0,2751,2751,WYO,167,167,UNM,,,0,2026-10-02T09:01:31-05:00,,,,,,,,,,,,,,,,,,,,2026-11-21,401864542
2026,2,12,401860925,2026-11-22T02:30Z,0,68,68,BOIS,21,21,SDSU,,,0,2026-10-02T09:01:31-05:00,,,,,,,,,,,,,,,,,,,,2026-11-21,401860925
2026,2,12,401860919,2026-11-22T03:30Z,0,204,204,ORST,328,328,USU,,,0,2026-10-02T09:01:31-05:00,,,,,,,,,,,,,,,,,,,,2026-11-21,401860919
2026,2,13,401866471,2026-11-24T05:00Z,0,2711,2711,WMU,193,193,M-OH,,,0,2026-10-02T09:01:31-05:00,,,,,,,,,,,,,,,,,,,,2026-11-23,401866471
2026,2,13,401866470,2026-11-25T00:00Z,0,2199,2199,EMU,2309,2309,KENT,,,0,2026-10-02T09:01:31-05:00,,,,,,,,,,,,,,,,,,,,2026-11-24,401866470
2026,2,13,401856879,2026-11-27T01:00Z,0,2641,2641,TTU,2628,2628,TCU,,,0,2026-10-02T09:01:31-05:00,,,,,,,,,,,,,,,,,,,,2026-11-26,401856879
2026,2,13,401862837,2026-11-27T05:00Z,0,151,151,ECU,2226,2226,FAU,,,0,2026-10-02T09:01:31-05:00,,,,,,,,,,,,,,,,,,,,2026-11-26,401862837
2026,2,13,401862838,2026-11-27T05:00Z,0,235,235,MEM,218,218,TEM,,,0,2026-10-02T09:01:31-05:00,,,,,,,,,,,,,,,,,,,,2026-11-26,401862838
2026,2,13,401862839,2026-11-27T05:00Z,0,58,58,USF,2655,2655,TULN,,,0,2026-10-02T09:01:31-05:00,,,,,,,,,,,,,,,,,,,,2026-11-26,401862839
2026,2,13,401856762,2026-11-27T17:00Z,0,145,145,MISS,344,344,MSST,,,0,2026-10-02T09:01:31-05:00,,,,,,,,,,,,,,,,,,,,2026-11-27,401856762
2026,2,13,401858536,2026-11-27T17:00Z,0,2294,2294,IOWA,158,158,NEB,,,0,2026-10-02T09:01:31-05:00,,,,,,,,,,,,,,,,,,,,2026-11-27,401858536
2026,2,13,401866472,2026-11-27T17:00Z,0,2006,2006,AKR,2084,2084,BUFF,,,0,2026-10-02T09:01:31-05:00,,,,,,,,,,,,,,,,,,,,2026-11-27,401866472
2026,2,13,401866473,2026-11-27T17:00Z,0,195,195,OHIO,2649,2649,TOL,,,0,2026-10-02T09:01:31-05:00,,,,,,,,,,,,,,,,,,,,2026-11-27,401866473
2026,2,13,401869930,2026-11-27T20:00Z,0,6,6,USA,2026,2026,APP,,,0,2026-10-02T09:01:31-05:00,,,,,,,,,,,,,,,,,,,,2026-11-27,401869930
2026,2,13,401856759,2026-11-27T20:30Z,0,52,52,FSU,57,57,FLA,,,0,2026-10-02T09:01:31-05:00,,,,,,,,,,,,,,,,,,,,2026-11-27,401856759
2026,2,13,401864549,2026-11-27T20:30Z,0,23,23,SJSU,2449,2449,NDSU,,,0,2026-10-02T09:01:31-05:00,,,,,,,,,,,,,,,,,,,,2026-11-27,401864549
2026,2,13,401856756,2026-11-28T00:30Z,0,245,245,TA&M,251,251,TEX,,,0,2026-10-02T09:01:31-05:00,,,,,,,,,,,,,,,,,,,,2026-11-27,401856756
2026,2,13,401858544,2026-11-28T00:30Z,0,275,275,WIS,135,135,MINN,,,0,2026-10-02T09:01:31-05:00,,,,,,,,,,,,,,,,,,,,2026-11-27,401858544
2026,2,13,401856880,2026-11-28T02:00Z,0,254,254,UTAH,277,277,WVU,,,0,2026-10-02T09:01:31-05:00,,,,,,,,,,,,,,,,,,,,2026-11-27,401856880
2026,2,13,401856760,2026-11-28T05:00Z,0,61,61,UGA,59,59,GT,,,0,2026-10-02T09:01:31-05:00,,,,,,,,,,,,,,,,,,,,2026-11-27,401856760
2026,2,13,401858314,2026-11-28T05:00Z,0,183,183,SYR,87,87,ND,,,0,2026-10-02T09:01:31-05:00,,,,,,,,,,,,,,,,,,,,2026-11-27,401858314
2026,2,13,401858311,2026-11-28T05:00Z,0,2390,2390,MIA,103,103,BC,,,0,2026-10-02T09:01:31-05:00,,,,,,,,,,,,,,,,,,,,2026-11-27,401858311
2026,2,13,401858538,2026-11-28T05:00Z,0,84,84,IU,2509,2509,PUR,,,0,2026-10-02T09:01:31-05:00,,,,,,,,,,,,,,,,,,,,2026-11-27,401858538
2026,2,13,401856757,2026-11-28T05:00Z,0,333,333,ALA,2,2,AUB,,,0,2026-10-02T09:01:31-05:00,,,,,,,,,,,,,,,,,,,,2026-11-27,401856757
2026,2,13,401856876,2026-11-28T05:00Z,0,252,252,BYU,2132,2132,CIN,,,0,2026-10-02T09:01:31-05:00,,,,,,,,,,,,,,,,,,,,2026-11-27,401856876
2026,2,13,401856758,2026-11-28T05:00Z,0,8,8,ARK,99,99,LSU,,,0,2026-10-02T09:01:31-05:00,,,,,,,,,,,,,,,,,,,,2026-11-27,401856758
2026,2,13,401858541,2026-11-28T05:00Z,0,2483,2483,ORE,264,264,WASH,,,0,2026-10-02T09:01:31-05:00,,,,,,,,,,,,,,,,,,,,2026-11-27,401858541
2026,2,13,401856765,2026-11-28T05:00Z,0,238,238,VAN,2633,2633,TENN,,,0,2026-10-02T09:01:31-05:00,,,,,,,,,,,,,,,,,,,,2026-11-27,401856765
2026,2,13,401858543,2026-11-28T05:00Z,0,26,26,UCLA,30,30,USC,,,0,2026-10-02T09:01:31-05:00,,,,,,,,,,,,,,,,,,,,2026-11-27,401858543
2026,2,13,401856877,2026-11-28T05:00Z,0,197,197,OKST,2305,2305,KU,,,0,2026-10-02T09:01:31-05:00,,,,,,,,,,,,,,,,,,,,2026-11-27,401856877
2026,2,13,401856874,2026-11-28T05:00Z,0,248,248,HOU,239,239,BAY,,,0,2026-10-02T09:01:31-05:00,,,,,,,,,,,,,,,,,,,,2026-11-27,401856874
2026,2,13,401858316,2026-11-28T05:00Z,0,24,24,STAN,2567,2567,SMU,,,0,2026-10-02T09:01:31-05:00,,,,,,,,,,,,,,,,,,,,2026-11-27,401858316
2026,2,13,401856761,2026-11-28T05:00Z,0,96,96,UK,97,97,LOU,,,0,2026-10-02T09:01:31-05:00,,,,,,,,,,,,,,,,,,,,2026-11-27,401856761
2026,2,13,401856763,2026-11-28T05:00Z,0,142,142,MIZ,201,201,OU,,,0,2026-10-02T09:01:31-05:00,,,,,,,,,,,,,,,,,,,,2026-11-27,401856763
2026,2,13,401856764,2026-11-28T05:00Z,0,228,228,CLEM,2579,2579,SC,,,0,2026-10-02T09:01:31-05:00,,,,,,,,,,,,,,,,,,,,2026-11-27,401856764
2026,2,13,401856873,2026-11-28T05:00Z,0,12,12,ARIZ,9,9,ASU,,,0,2026-10-02T09:01:31-05:00,,,,,,,,,,,,,,,,,,,,2026-11-27,401856873
2026,2,13,401856875,2026-11-28T05:00Z,0,38,38,COLO,2116,2116,UCF,,,0,2026-10-02T09:01:31-05:00,,,,,,,,,,,,,,,,,,,,2026-11-27,401856875
2026,2,13,401856878,2026-11-28T05:00Z,0,66,66,ISU,2306,2306,KSU,,,0,2026-10-02T09:01:31-05:00,,,,,,,,,,,,,,,,,,,,2026-11-27,401856878
2026,2,13,401858312,2026-11-28T05:00Z,0,154,154,WAKE,150,150,DUKE,,,0,2026-10-02T09:01:31-05:00,,,,,,,,,,,,,,,,,,,,2026-11-27,401858312
2026,2,13,401858313,2026-11-28T05:00Z,0,153,153,UNC,152,152,NCSU,,,0,2026-10-02T09:01:31-05:00,,,,,,,,,,,,,,,,,,,,2026-11-27,401858313
2026,2,13,401858315,2026-11-28T05:00Z,0,25,25,CAL,221,221,PITT,,,0,2026-10-02T09:01:31-05:00,,,,,,,,,,,,,,,,,,,,2026-11-27,401858315
2026,2,13,401858317,2026-11-28T05:00Z,0,259,259,VT,258,258,UVA,,,0,2026-10-02T09:01:31-05:00,,,,,,,,,,,,,,,,,,,,2026-11-27,401858317
2026,2,13,401858537,2026-11-28T05:00Z,0,77,77,NU,356,356,ILL,,,0,2026-10-02T09:01:31-05:00,,,,,,,,,,,,,,,,,,,,2026-11-27,401858537
2026,2,13,401858539,2026-11-28T05:00Z,0,120,120,MD,213,213,PSU,,,0,2026-10-02T09:01:31-05:00,,,,,,,,,,,,,,,,,,,,2026-11-27,401858539
2026,2,13,401858542,2026-11-28T05:00Z,0,164,164,RUTG,127,127,MSU,,,0,2026-10-02T09:01:31-05:00,,,,,,,,,,,,,,,,,,,,2026-11-27,401858542
2026,2,13,401860926,2026-11-28T05:00Z,0,36,36,CSU,-2,-2,TBD,,,0,2026-10-02T09:01:31-05:00,,,,,,,,,,,,,,,,,,,,2026-11-27,401860926
2026,2,13,401860927,2026-11-28T05:00Z,0,278,278,FRES,-2,-2,TBD,,,0,2026-10-02T09:01:31-05:00,,,,,,,,,,,,,,,,,,,,2026-11-27,401860927
2026,2,13,401860928,2026-11-28T05:00Z,0,328,328,USU,-2,-2,TBD,,,0,2026-10-02T09:01:31-05:00,,,,,,,,,,,,,,,,,,,,2026-11-27,401860928
2026,2,13,401860929,2026-11-28T05:00Z,0,265,265,WSU,-2,-2,TBD,,,0,2026-10-02T09:01:31-05:00,,,,,,,,,,,,,,,,,,,,2026-11-27,401860929
2026,2,13,401861969,2026-11-28T05:00Z,0,2751,2751,WYO,41,41,CONN,,,0,2026-10-02T09:01:31-05:00,,,,,,,,,,,,,,,,,,,,2026-11-27,401861969
2026,2,13,401862840,2026-11-28T05:00Z,0,2636,2636,UTSA,202,202,TLSA,,,0,2026-10-02T09:01:31-05:00,,,,,,,,,,,,,,,,,,,,2026-11-27,401862840
2026,2,13,401862841,2026-11-28T05:00Z,0,242,242,RICE,349,349,ARMY,,,0,2026-10-02T09:01:31-05:00,,,,,,,,,,,,,,,,,,,,2026-11-27,401862841
2026,2,13,401862842,2026-11-28T05:00Z,0,2429,2429,CLT,2426,2426,NAVY,,,0,2026-10-02T09:01:31-05:00,,,,,,,,,,,,,,,,,,,,2026-11-27,401862842
2026,2,13,401862843,2026-11-28T05:00Z,0,249,249,UNT,5,5,UAB,,,0,2026-10-02T09:01:31-05:00,,,,,,,,,,,,,,,,,,,,2026-11-27,401862843
2026,2,13,401864550,2026-11-28T05:00Z,0,2459,2459,NIU,2638,2638,UTEP,,,0,2026-10-02T09:01:31-05:00,,,,,,,,,,,,,,,,,,,,2026-11-27,401864550
2026,2,13,401869947,2026-11-28T05:00Z,0,256,256,JMU,324,324,CCU,,,0,2026-10-02T09:01:31-05:00,,,,,,,,,,,,,,,,,,,,2026-11-27,401869947
2026,2,13,401869954,2026-11-28T05:00Z,0,290,290,GASO,2348,2348,LT,,,0,2026-10-02T09:01:31-05:00,,,,,,,,,,,,,,,,,,,,2026-11-27,401869954
2026,2,13,401869959,2026-11-28T05:00Z,0,2247,2247,GAST,309,309,UL,,,0,2026-10-02T09:01:31-05:00,,,,,,,,,,,,,,,,,,,,2026-11-27,401869959
2026,2,13,401871102,2026-11-28T05:00Z,0,2433,2433,ULM,276,276,MRSH,,,0,2026-10-02T09:01:31-05:00,,,,,,,,,,,,,,,,,,,,2026-11-27,401871102
2026,2,13,401871103,2026-11-28T05:00Z,0,295,295,ODU,2572,2572,USM,,,0,2026-10-02T09:01:31-05:00,,,,,,,,,,,,,,,,,,,,2026-11-27,401871103
2026,2,13,401858540,2026-11-28T17:00Z,0,194,194,OSU,130,130,MICH,,,0,2026-10-02T09:01:31-05:00,,,,,,,,,,,,,,,,,,,,2026-11-28,401858540
2026,2,13,401866474,2026-11-28T17:00Z,0,2050,2050,BALL,2117,2117,CMU,,,0,2026-10-02T09:01:31-05:00,,,,,,,,,,,,,,,,,,,,2026-11-28,401866474
2026,2,13,401866475,2026-11-28T17:00Z,0,189,189,BGSU,113,113,MASS,,,0,2026-10-02T09:01:31-05:00,,,,,,,,,,,,,,,,,,,,2026-11-28,401866475
2026,2,13,401870804,2026-11-28T18:00Z,0,98,98,WKU,338,338,KENN,,,0,2026-10-02T09:01:31-05:00,,,,,,,,,,,,,,,,,,,,2026-11-28,401870804
2026,2,13,401871063,2026-11-28T19:00Z,0,2623,2623,MOST,2335,2335,LIB,,,0,2026-10-02T09:01:31-05:00,,,,,,,,,,,,,,,,,,,,2026-11-28,401871063
2026,2,13,401871082,2026-11-28T19:00Z,0,2229,2229,FIU,2534,2534,SHSU,,,0,2026-10-02T09:01:31-05:00,,,,,,,,,,,,,,,,,,,,2026-11-28,401871082
2026,2,13,401871083,2026-11-28T19:00Z,0,2393,2393,MTSU,166,166,NMSU,,,0,2026-10-02T09:01:31-05:00,,,,,,,,,,,,,,,,,,,,2026-11-28,401871083
2026,2,13,401869939,2026-11-28T20:00Z,0,2032,2032,ARST,2653,2653,TROY,,,0,2026-10-02T09:01:31-05:00,,,,,,,,,,,,,,,,,,,,2026-11-28,401869939
2026,2,13,401871062,2026-11-28T20:30Z,0,48,48,DEL,55,55,JXST,,,0,2026-10-02T09:01:31-05:00,,,,,,,,,,,,,,,,,,,,2026-11-28,401871062
2026,2,13,401864546,2026-11-28T21:30Z,0,167,167,UNM,2005,2005,AFA,,,0,2026-10-02T09:01:31-05:00,,,,,,,,,,,,,,,,,,,,2026-11-28,401864546
2026,2,13,401864548,2026-11-29T02:00Z,0,2439,2439,UNLV,2440,2440,NEV,,,0,2026-10-02T09:01:31-05:00,,,,,,,,,,,,,,,,,,,,2026-11-28,401864548
2026,2,13,401864547,2026-11-29T04:00Z,0,62,62,HAW,16,16,SAC,,,0,2026-10-02T09:01:31-05:00,,,,,,,,,,,,,,,,,,,,2026-11-28,401864547
2026,2,14,401869535,2026-12-04T05:00Z,0,-1,-1,TBD,-2,-2,TBD,,,0,2026-10-02T09:01:31-05:00,,,,,,,,,,,,,,,,,,,,2026-12-03,401869535
2026,2,14,401869546,2026-12-05T00:00Z,0,-1,-1,TBD,-2,-2,TBD,,,0,2026-10-02T09:01:31-05:00,,,,,,,,,,,,,,,,,,,,2026-12-04,401869546
2026,2,14,401869533,2026-12-05T01:00Z,1,-1,-1,TBD,-2,-2,TBD,,,0,2026-10-02T09:01:31-05:00,,,,,,,,,,,,,,,,,,,,2026-12-04,401869533
2026,2,14,401869542,2026-12-05T01:00Z,0,-1,-1,TBD,-2,-2,TBD,,,0,2026-10-02T09:01:31-05:00,,,,,,,,,,,,,,,,,,,,2026-12-04,401869542
2026,2,14,401874049,2026-12-05T02:00Z,0,-1,-1,TBD,-2,-2,TBD,,,0,2026-10-02T09:01:31-05:00,,,,,,,,,,,,,,,,,,,,2026-12-04,401874049
2026,2,14,401858318,2026-12-05T17:00Z,1,-1,-1,TBD,-2,-2,TBD,,,0,2026-10-02T09:01:31-05:00,,,,,,,,,,,,,,,,,,,,2026-12-05,401858318
2026,2,14,401869536,2026-12-05T17:00Z,1,-1,-1,TBD,-2,-2,TBD,,,0,2026-10-02T09:01:31-05:00,,,,,,,,,,,,,,,,,,,,2026-12-05,401869536
2026,2,14,401869545,2026-12-05T21:00Z,1,-1,-1,TBD,-2,-2,TBD,,,0,2026-10-02T09:01:31-05:00,,,,,,,,,,,,,,,,,,,,2026-12-05,401869545
2026,2,14,401869532,2026-12-06T01:00Z,0,-1,-1,TBD,-2,-2,TBD,,,0,2026-10-02T09:01:31-05:00,,,,,,,,,,,,,,,,,,,,2026-12-05,401869532
2026,2,14,401869534,2026-12-06T01:00Z,1,-1,-1,TBD,-2,-2,TBD,,,0,2026-10-02T09:01:31-05:00,,,,,,,,,,,,,,,,,,,,2026-12-05,401869534
2026,2,15,401862844,2026-12-12T20:00Z,1,349,349,ARMY,2426,2426,NAVY,,,0,2026-10-02T09:01:31-05:00,,,,,,,,,,,,,,,,,,,,2026-12-12,401862844
2026,3,99,401874421,2026-12-12T17:00Z,1,-1,-1,TBD,-2,-2,TBD,,,0,2026-10-02T09:01:31-05:00,,,,,,,,,,,,,,,,,,,,2026-12-12,401874421
2026,3,99,401874403,2026-12-15T22:30Z,1,-1,-1,TBD,-2,-2,TBD,,,0,2026-10-02T09:01:31-05:00,,,,,,,,,,,,,,,,,,,,2026-12-15,401874403
2026,3,99,401874404,2026-12-16T02:00Z,1,-1,-1,TBD,-2,-2,TBD,,,0,2026-10-02T09:01:31-05:00,,,,,,,,,,,,,,,,,,,,2026-12-15,401874404
2026,3,99,401874405,2026-12-18T16:00Z,1,-1,-1,TBD,-2,-2,TBD,,,0,2026-10-02T09:01:31-05:00,,,,,,,,,,,,,,,,,,,,2026-12-18,401874405
2026,3,99,401874406,2026-12-18T19:30Z,1,-1,-1,TBD,-2,-2,TBD,,,0,2026-10-02T09:01:31-05:00,,,,,,,,,,,,,,,,,,,,2026-12-18,401874406
2026,3,99,401874295,2026-12-19T01:00Z,0,-1,-1,TBD,-2,-2,TBD,,,0,2026-10-02T09:01:31-05:00,,,,,,,,,,,,,,,,,,,,2026-12-18,401874295
2026,3,99,401874296,2026-12-19T17:00Z,0,-1,-1,TBD,-2,-2,TBD,,,0,2026-10-02T09:01:31-05:00,,,,,,,,,,,,,,,,,,,,2026-12-19,401874296
2026,3,99,401874297,2026-12-19T20:30Z,0,-1,-1,TBD,-2,-2,TBD,,,0,2026-10-02T09:01:31-05:00,,,,,,,,,,,,,,,,,,,,2026-12-19,401874297
2026,3,99,401874298,2026-12-20T00:30Z,0,-1,-1,TBD,-2,-2,TBD,,,0,2026-10-02T09:01:31-05:00,,,,,,,,,,,,,,,,,,,,2026-12-19,401874298
2026,3,99,401874407,2026-12-21T16:00Z,1,-1,-1,TBD,-2,-2,TBD,,,0,2026-10-02T09:01:31-05:00,,,,,,,,,,,,,,,,,,,,2026-12-21,401874407
2026,3,99,401874408,2026-12-21T19:30Z,1,-1,-1,TBD,-2,-2,TBD,,,0,2026-10-02T09:01:31-05:00,,,,,,,,,,,,,,,,,,,,2026-12-21,401874408
2026,3,99,401874409,2026-12-22T18:30Z,1,-1,-1,TBD,-2,-2,TBD,,,0,2026-10-02T09:01:31-05:00,,,,,,,,,,,,,,,,,,,,2026-12-22,401874409
2026,3,99,401874410,2026-12-22T22:00Z,1,-1,-1,TBD,-2,-2,TBD,,,0,2026-10-02T09:01:31-05:00,,,,,,,,,,,,,,,,,,,,2026-12-22,401874410
2026,3,99,401874411,2026-12-23T01:30Z,1,-1,-1,TBD,-2,-2,TBD,,,0,2026-10-02T09:01:31-05:00,,,,,,,,,,,,,,,,,,,,2026-12-22,401874411
2026,3,99,401874412,2026-12-23T19:00Z,1,-1,-1,TBD,-2,-2,TBD,,,0,2026-10-02T09:01:31-05:00,,,,,,,,,,,,,,,,,,,,2026-12-23,401874412
2026,3,99,401874413,2026-12-23T22:30Z,1,-1,-1,TBD,-2,-2,TBD,,,0,2026-10-02T09:01:31-05:00,,,,,,,,,,,,,,,,,,,,2026-12-23,401874413
2026,3,99,401915245,2026-12-24T00:30Z,1,-1,-1,TBD,-2,-2,TBD,,,0,2026-10-02T09:01:31-05:00,,,,,,,,,,,,,,,,,,,,2026-12-23,401915245
2026,3,99,401874414,2026-12-24T02:00Z,0,-1,-1,TBD,-2,-2,TBD,,,0,2026-10-02T09:01:31-05:00,,,,,,,,,,,,,,,,,,,,2026-12-23,401874414
2026,3,99,401874415,2026-12-24T19:30Z,1,-1,-1,TBD,-2,-2,TBD,,,0,2026-10-02T09:01:31-05:00,,,,,,,,,,,,,,,,,,,,2026-12-24,401874415
2026,3,99,401874416,2026-12-25T00:00Z,1,-1,-1,TBD,-2,-2,TBD,,,0,2026-10-02T09:01:31-05:00,,,,,,,,,,,,,,,,,,,,2026-12-24,401874416
2026,3,99,401874417,2026-12-26T17:00Z,1,-1,-1,TBD,-2,-2,TBD,,,0,2026-10-02T09:01:31-05:00,,,,,,,,,,,,,,,,,,,,2026-12-26,401874417
2026,3,99,401874418,2026-12-26T19:00Z,1,-1,-1,TBD,-2,-2,TBD,,,0,2026-10-02T09:01:31-05:00,,,,,,,,,,,,,,,,,,,,2026-12-26,401874418
2026,3,99,401874419,2026-12-26T20:30Z,1,-1,-1,TBD,-2,-2,TBD,,,0,2026-10-02T09:01:31-05:00,,,,,,,,,,,,,,,,,,,,2026-12-26,401874419
2026,3,99,401874420,2026-12-26T22:30Z,1,-1,-1,TBD,-2,-2,TBD,,,0,2026-10-02T09:01:31-05:00,,,,,,,,,,,,,,,,,,,,2026-12-26,401874420
2026,3,99,401874422,2026-12-27T00:30Z,1,-1,-1,TBD,-2,-2,TBD,,,0,2026-10-02T09:01:31-05:00,,,,,,,,,,,,,,,,,,,,2026-12-26,401874422
2026,3,99,401874423,2026-12-28T19:00Z,1,-1,-1,TBD,-2,-2,TBD,,,0,2026-10-02T09:01:31-05:00,,,,,,,,,,,,,,,,,,,,2026-12-28,401874423
2026,3,99,401915453,2026-12-28T22:00Z,1,-1,-1,TBD,-2,-2,TBD,,,0,2026-10-02T09:01:31-05:00,,,,,,,,,,,,,,,,,,,,2026-12-28,401915453
2026,3,99,401874424,2026-12-29T19:00Z,1,-1,-1,TBD,-2,-2,TBD,,,0,2026-10-02T09:01:31-05:00,,,,,,,,,,,,,,,,,,,,2026-12-29,401874424
2026,3,99,401874425,2026-12-29T22:30Z,1,-1,-1,TBD,-2,-2,TBD,,,0,2026-10-02T09:01:31-05:00,,,,,,,,,,,,,,,,,,,,2026-12-29,401874425
2026,3,99,401874426,2026-12-30T02:00Z,1,-1,-1,TBD,-2,-2,TBD,,,0,2026-10-02T09:01:31-05:00,,,,,,,,,,,,,,,,,,,,2026-12-29,401874426
2026,3,99,401874427,2026-12-30T16:30Z,1,-1,-1,TBD,-2,-2,TBD,,,0,2026-10-02T09:01:31-05:00,,,,,,,,,,,,,,,,,,,,2026-12-30,401874427
2026,3,99,401874428,2026-12-30T20:00Z,1,-1,-1,TBD,-2,-2,TBD,,,0,2026-10-02T09:01:31-05:00,,,,,,,,,,,,,,,,,,,,2026-12-30,401874428
2026,3,99,401874299,2026-12-31T00:30Z,1,-1,-1,TBD,-2,-2,TBD,,,0,2026-10-02T09:01:31-05:00,,,,,,,,,,,,,,,,,,,,2026-12-30,401874299
2026,3,99,401874429,2026-12-31T17:00Z,1,-1,-1,TBD,-2,-2,TBD,,,0,2026-10-02T09:01:31-05:00,,,,,,,,,,,,,,,,,,,,2026-12-31,401874429
2026,3,99,401874396,2026-12-31T19:00Z,1,-1,-1,TBD,-2,-2,TBD,,,0,2026-10-02T09:01:31-05:00,,,,,,,,,,,,,,,,,,,,2026-12-31,401874396
2026,3,99,401874430,2026-12-31T20:45Z,1,-1,-1,TBD,-2,-2,TBD,,,0,2026-10-02T09:01:31-05:00,,,,,,,,,,,,,,,,,,,,2026-12-31,401874430
2026,3,99,401874431,2027-01-01T00:30Z,1,-1,-1,TBD,-2,-2,TBD,,,0,2026-10-02T09:01:31-05:00,,,,,,,,,,,,,,,,,,,,2026-12-31,401874431
2026,3,99,401874320,2027-01-01T05:00Z,1,-1,-1,TBD,-2,-2,TBD,,,0,2026-10-02T09:01:31-05:00,,,,,,,,,,,,,,,,,,,,2026-12-31,401874320
2026,3,99,401874321,2027-01-01T05:00Z,1,-1,-1,TBD,-2,-2,TBD,,,0,2026-10-02T09:01:31-05:00,,,,,,,,,,,,,,,,,,,,2026-12-31,401874321
2026,3,99,401874342,2027-01-01T05:00Z,1,-1,-1,TBD,-2,-2,TBD,,,0,2026-10-02T09:01:31-05:00,,,,,,,,,,,,,,,,,,,,2026-12-31,401874342
2026,3,99,401874432,2027-01-02T17:00Z,1,-1,-1,TBD,-2,-2,TBD,,,0,2026-10-02T09:01:31-05:00,,,,,,,,,,,,,,,,,,,,2027-01-02,401874432
2026,3,99,401874433,2027-01-02T20:30Z,1,-1,-1,TBD,-2,-2,TBD,,,0,2026-10-02T09:01:31-05:00,,,,,,,,,,,,,,,,,,,,2027-01-02,401874433
2026,3,99,401923399,2027-01-02T21:30Z,1,-1,-1,TBD,-2,-2,TBD,,,0,2026-10-02T09:01:31-05:00,,,,,,,,,,,,,,,,,,,,2027-01-02,401923399
2026,3,99,401874395,2027-01-03T00:30Z,1,-1,-1,TBD,-2,-2,TBD,,,0,2026-10-02T09:01:31-05:00,,,,,,,,,,,,,,,,,,,,2027-01-02,401874395
2026,3,99,401874300,2027-01-15T00:30Z,1,-1,-1,TBD,-2,-2,TBD,,,0,2026-10-02T09:01:31-05:00,,,,,,,,,,,,,,,,,,,,2027-01-14,401874300
2026,3,99,401874301,2027-01-16T00:30Z,1,-1,-1,TBD,-2,-2,TBD,,,0,2026-10-02T09:01:31-05:00,,,,,,,,,,,,,,,,,,,,2027-01-15,401874301
2026,3,99,401874322,2027-01-26T00:30Z,1,-1,-1,TBD,-2,-2,TBD,,,0,2026-10-02T09:01:31-05:00,,,,,,,,,,,,,,,,,,,,2027-01-25,401874322
