away,date_utc,espn_id,home,season,away_name,away_score,espn_home_win_pct,espn_pred_last_modified,home_name,home_score,ml_away,ml_away_close,ml_away_open,ml_home,ml_home_close,ml_home_open,neutral,odds_provider,odds_providers_n,over_price,periods,sp_price_away,sp_price_home,spread_home,status_detail,total,under_price
LAD,2024-03-20T10:05Z,401568469,SD,2024,Los Angeles Dodgers,5,38.896016259999996,2024-03-18T16:22Z,San Diego Padres,2,-190,-190,-195,158,158,162,True,Caesars Sportsbook (New Jersey),9,-115,9,,,1.5,Final,8.5,-105
SD,2024-03-21T10:05Z,401568470,LAD,2024,San Diego Padres,15,46.036024749999996,2024-03-20T11:07Z,Los Angeles Dodgers,11,170,170,140,-200,-200,-165,True,ESPN BET,10,-130,9,,,1.5,Final,8.5,110
LAA,2024-03-28T19:05Z,401568471,BAL,2024,Los Angeles Angels,3,57.52918777,2024-03-26T11:07Z,Baltimore Orioles,11,155,160,140,-185,-190,-165,False,ESPN BET,10,-125,9,,,-1.5,Final,7.5,105
DET,2024-03-28T20:10Z,401568477,CHW,2024,Detroit Tigers,1,45.31120542,2024-03-26T11:07Z,Chicago White Sox,0,-165,-165,-155,140,140,135,False,ESPN BET,10,-125,9,,,1.5,Final,7.5,105
MIN,2024-03-28T20:10Z,401568479,KC,2024,Minnesota Twins,4,48.80277383,2024-03-26T11:07Z,Kansas City Royals,1,-125,-125,-130,105,105,110,False,ESPN BET,10,-105,9,,,1.5,Final,8.5,-115
NYY,2024-03-28T20:10Z,401568480,HOU,2024,New York Yankees,5,58.58666935,2024-03-26T11:07Z,Houston Astros,4,130,130,130,-150,-150,-150,False,ESPN BET,10,-130,9,,,-1.5,Final,8.5,110
PIT,2024-03-28T20:10Z,401568481,MIA,2024,Pittsburgh Pirates,6,57.185722770000005,2024-03-26T11:07Z,Miami Marlins,5,110,110,120,-130,-130,-140,False,ESPN BET,10,-105,12,,,1.5,Final/12,7.5,-115
SF,2024-03-28T20:10Z,401568482,SD,2024,San Francisco Giants,4,54.12670775,2024-03-26T11:07Z,San Diego Padres,6,-110,-110,105,-110,-110,-125,False,ESPN BET,10,100,9,,,1.5,Final,7.5,-120
STL,2024-03-28T20:10Z,401568483,LAD,2024,St. Louis Cardinals,1,69.11071152,2024-03-26T11:07Z,Los Angeles Dodgers,7,210,210,165,-250,-250,-195,False,ESPN BET,10,-120,9,,,-1.5,Final,8.5,100
TOR,2024-03-28T20:10Z,401568484,TB,2024,Toronto Blue Jays,8,54.94563144,2024-03-26T11:07Z,Tampa Bay Rays,2,125,125,110,-145,-145,-130,False,ESPN BET,10,-110,9,,,-1.5,Final,7.5,-110
WSH,2024-03-28T20:10Z,401568485,CIN,2024,Washington Nationals,2,65.51754251,2024-03-26T11:07Z,Cincinnati Reds,8,130,130,140,-150,-150,-165,False,ESPN BET,10,-110,9,,,-1.5,Final,9.5,-110
CHC,2024-03-28T23:35Z,401568474,TEX,2024,Chicago Cubs,3,52.31692885,2024-03-26T11:07Z,Texas Rangers,4,100,100,100,-120,-120,-120,False,ESPN BET,10,100,10,,,1.5,Final/10,8.5,-120
CLE,2024-03-29T02:07Z,401568475,OAK,2024,Cleveland Guardians,8,45.98881079,2024-03-26T11:07Z,Oakland Athletics,0,-145,-145,-155,125,125,135,False,ESPN BET,10,-105,9,,,1.5,Final,7.5,-115
BOS,2024-03-29T02:10Z,401568473,SEA,2024,Boston Red Sox,6,65.18951144,2024-03-26T11:07Z,Seattle Mariners,4,130,125,140,-150,-145,-165,False,ESPN BET,10,-115,9,,,-1.5,Final,7.5,-105
COL,2024-03-29T02:10Z,401568476,ARI,2024,Colorado Rockies,1,69.41753236,2024-03-26T11:07Z,Arizona Diamondbacks,16,190,190,200,-225,-225,-240,False,ESPN BET,10,-105,9,,,-1.5,Final,8.5,-115
MIL,2024-03-29T17:40Z,401651936,NYM,2024,Milwaukee Brewers,3,54.8116669,2024-03-30T11:08Z,New York Mets,1,-105,-105,-110,-115,-115,-110,False,ESPN BET,10,105,9,,,1.5,Final,7.5,-125
ATL,2024-03-29T19:05Z,401651937,PHI,2024,Atlanta Braves,9,52.40565230000001,2024-03-30T11:08Z,Philadelphia Phillies,3,-130,-130,-130,110,110,110,False,ESPN BET,10,-135,9,,,1.5,Final,6.5,115
TOR,2024-03-29T22:50Z,401568493,TB,2024,Toronto Blue Jays,2,52.29612477,2024-03-29T20:35Z,Tampa Bay Rays,8,105,110,110,-125,-130,-130,False,ESPN BET,10,-125,9,,,-1.5,Final,7.5,105
PIT,2024-03-29T23:10Z,401568490,MIA,2024,Pittsburgh Pirates,7,64.78750879,2024-03-29T20:35Z,Miami Marlins,2,115,115,115,-135,-135,-135,False,ESPN BET,10,100,9,,,-1.5,Final,8.5,-120
NYY,2024-03-30T00:10Z,401568489,HOU,2024,New York Yankees,7,59.45167139,2024-03-29T20:35Z,Houston Astros,1,100,100,105,-125,-125,-125,False,ESPN BET,10,105,9,,,1.5,Final,9.5,-125
BOS,2024-03-30T01:40Z,401568486,SEA,2024,Boston Red Sox,0,60.52108343,2024-03-29T20:35Z,Seattle Mariners,1,125,125,140,-145,-145,-165,False,ESPN BET,10,-105,9,,,-1.5,Final,7.5,-115
CLE,2024-03-30T01:40Z,401568487,OAK,2024,Cleveland Guardians,6,41.705144680000004,2024-03-29T20:35Z,Oakland Athletics,4,-130,-130,-140,110,110,120,False,ESPN BET,10,-115,9,,,1.5,Final,7.5,-105
COL,2024-03-30T01:40Z,401568488,ARI,2024,Colorado Rockies,3,71.22465793,2024-03-29T20:35Z,Arizona Diamondbacks,7,190,190,180,-225,-225,-215,False,ESPN BET,10,-105,9,,,-1.5,Final,9.5,-115
SF,2024-03-30T01:40Z,401568491,SD,2024,San Francisco Giants,8,62.29042422,2024-03-29T20:35Z,San Diego Padres,3,120,120,130,-140,-140,-150,False,ESPN BET,10,-110,9,,,-1.5,Final,7.5,-110
STL,2024-03-30T02:10Z,401568492,LAD,2024,St. Louis Cardinals,3,62.84192368,2024-03-29T20:35Z,Los Angeles Dodgers,6,175,175,175,-210,-210,-210,False,ESPN BET,10,-125,9,,,-1.5,Final,8.5,105
MIL,2024-03-30T17:40Z,401568501,NYM,2024,Milwaukee Brewers,7,39.61587904,2024-03-30T11:08Z,New York Mets,6,110,110,110,-130,-130,-130,False,ESPN BET,10,-110,9,,,-1.5,Final,7.5,-110
DET,2024-03-30T18:10Z,401568500,CHW,2024,Detroit Tigers,7,49.647072609999995,2024-03-30T11:08Z,Chicago White Sox,6,-130,-130,-135,110,110,115,False,ESPN BET,10,-120,10,,,1.5,Final/10,8.5,100
LAA,2024-03-30T20:05Z,401568494,BAL,2024,Los Angeles Angels,4,56.260989689999995,2024-03-30T11:08Z,Baltimore Orioles,13,145,145,140,-170,-170,-165,False,ESPN BET,10,-110,9,,,-1.5,Final,8.5,-110
ATL,2024-03-30T20:05Z,401568495,PHI,2024,Atlanta Braves,12,47.81669944,2024-03-30T11:08Z,Philadelphia Phillies,4,-135,-135,-140,115,115,120,False,ESPN BET,10,100,9,,,1.5,Final,8.5,-120
CLE,2024-03-30T20:07Z,401568498,OAK,2024,Cleveland Guardians,12,39.08367396,2024-03-30T11:08Z,Oakland Athletics,3,-135,-135,-145,115,115,125,False,ESPN BET,10,100,9,,,1.5,Final,7.5,-120
MIN,2024-03-30T20:10Z,401568502,KC,2024,Minnesota Twins,5,49.44976274,2024-03-30T11:08Z,Kansas City Royals,1,-120,-120,-135,100,100,115,False,ESPN BET,10,100,9,,,1.5,Final,8.5,-120
PIT,2024-03-30T20:10Z,401568504,MIA,2024,Pittsburgh Pirates,9,44.92979608,2024-03-30T11:08Z,Miami Marlins,3,-105,-105,100,-120,-120,-120,False,ESPN BET,10,-120,9,,,1.5,Final,8.5,100
TOR,2024-03-30T20:10Z,401568507,TB,2024,Toronto Blue Jays,1,51.12357751,2024-03-30T11:08Z,Tampa Bay Rays,5,110,110,115,-130,-130,-135,False,ESPN BET,10,-105,9,,,-1.5,Final,8.5,-115
WSH,2024-03-30T20:10Z,401568508,CIN,2024,Washington Nationals,7,67.27033139000001,2024-03-30T11:08Z,Cincinnati Reds,6,155,155,140,-185,-185,-165,False,ESPN BET,10,-110,9,,,-1.5,Final,10.5,-110
CHC,2024-03-30T23:05Z,401568497,TEX,2024,Chicago Cubs,2,53.79475009,2024-03-30T11:08Z,Texas Rangers,11,105,105,105,-125,-125,-125,False,ESPN BET,10,-110,9,,,1.5,Final,9.5,-110
NYY,2024-03-30T23:15Z,401568503,HOU,2024,New York Yankees,5,50.20101177,2024-03-30T11:08Z,Houston Astros,3,110,110,105,-130,-130,-125,False,ESPN BET,10,-130,9,,,-1.5,Final,8.5,110
SF,2024-03-30T23:15Z,401568505,SD,2024,San Francisco Giants,9,53.76688227,2024-03-30T11:08Z,San Diego Padres,6,110,110,110,-130,-130,-130,False,ESPN BET,10,105,9,,,-1.5,Final,7.5,-125
COL,2024-03-31T00:10Z,401568499,ARI,2024,Colorado Rockies,9,67.77822045,2024-03-30T11:08Z,Arizona Diamondbacks,4,155,155,150,-185,-185,-175,False,ESPN BET,10,-115,9,,,-1.5,Final,9.5,-105
STL,2024-03-31T01:10Z,401568506,LAD,2024,St. Louis Cardinals,6,62.32252663,2024-03-30T11:08Z,Los Angeles Dodgers,5,195,195,170,-230,-230,-200,False,ESPN BET,10,-115,10,,,-1.5,Final/10,8.5,-105
BOS,2024-03-31T01:40Z,401568496,SEA,2024,Boston Red Sox,3,59.68722173,2024-03-30T11:08Z,Seattle Mariners,4,130,130,130,-150,-150,-150,False,ESPN BET,10,100,10,,,-1.5,Final/10,7.5,-120
LAA,2024-03-31T17:35Z,401568509,BAL,2024,Los Angeles Angels,4,57.26458084,2024-03-31T11:06Z,Baltimore Orioles,1,125,125,130,-150,-150,-150,False,ESPN BET,10,-115,9,,,-1.5,Final,8.5,-105
ATL,2024-03-31T17:35Z,401568510,PHI,2024,Atlanta Braves,4,47.17853711,2024-03-31T11:06Z,Philadelphia Phillies,5,-140,-140,-125,120,120,105,False,ESPN BET,9,-125,9,,,1.5,Final,7.5,105
MIL,2024-03-31T17:40Z,401568516,NYM,2024,Milwaukee Brewers,4,55.048613440000004,2024-03-31T11:06Z,New York Mets,1,120,120,105,-140,-140,-125,False,ESPN BET,10,100,9,,,-1.5,Final,8.5,-120
PIT,2024-03-31T17:40Z,401568519,MIA,2024,Pittsburgh Pirates,9,58.14956451,2024-03-31T11:06Z,Miami Marlins,7,125,125,110,-145,-145,-130,False,ESPN BET,10,-115,10,,,-1.5,Final/10,8.5,-105
TOR,2024-03-31T17:40Z,401568522,TB,2024,Toronto Blue Jays,9,54.61509403,2024-03-31T11:06Z,Tampa Bay Rays,2,-120,-120,-120,100,100,100,False,ESPN BET,10,100,9,,,1.5,Final,8.5,-120
WSH,2024-03-31T17:40Z,401568523,CIN,2024,Washington Nationals,5,65.23754461,2024-03-31T11:06Z,Cincinnati Reds,6,145,145,140,-170,-170,-165,False,ESPN BET,10,-105,9,,,-1.5,Final,9.5,-115
DET,2024-03-31T18:10Z,401568515,CHW,2024,Detroit Tigers,3,57.33060880000001,2024-03-31T11:06Z,Chicago White Sox,2,-145,-145,-150,125,125,130,False,ESPN BET,10,-125,9,,,1.5,Final,7.5,105
MIN,2024-03-31T18:10Z,401568517,KC,2024,Minnesota Twins,0,43.10096763,2024-03-31T11:06Z,Kansas City Royals,11,-125,-125,-120,105,105,100,False,ESPN BET,10,110,9,,,1.5,Final,9.5,-130
NYY,2024-03-31T18:10Z,401568518,HOU,2024,New York Yankees,4,49.455221890000004,2024-03-31T11:06Z,Houston Astros,3,100,100,105,-120,-120,-125,False,ESPN BET,10,-110,9,,,1.5,Final,9.5,-110
CHC,2024-03-31T18:35Z,401568512,TEX,2024,Chicago Cubs,9,61.4652184,2024-03-31T11:06Z,Texas Rangers,5,115,115,115,-135,-135,-135,False,ESPN BET,10,105,9,,,-1.5,Final,9.5,-125
CLE,2024-03-31T20:07Z,401568513,OAK,2024,Cleveland Guardians,3,54.56163483,2024-03-31T11:06Z,Oakland Athletics,4,-125,-125,-110,105,105,-110,False,ESPN BET,10,-110,9,,,1.5,Final,8.5,-110
BOS,2024-03-31T20:10Z,401568511,SEA,2024,Boston Red Sox,5,61.271318539999996,2024-03-31T11:06Z,Seattle Mariners,1,100,100,125,-120,-120,-145,False,ESPN BET,10,-120,9,,,1.5,Final,7.5,100
COL,2024-03-31T20:10Z,401568514,ARI,2024,Colorado Rockies,1,63.198158459999995,2024-03-31T11:06Z,Arizona Diamondbacks,5,170,170,170,-200,-200,-200,False,ESPN BET,10,110,9,,,-1.5,Final,9.5,-130
SF,2024-03-31T20:10Z,401568520,SD,2024,San Francisco Giants,4,65.04209919,2024-03-31T11:06Z,San Diego Padres,13,135,135,110,-155,-155,-130,False,ESPN BET,9,-125,9,,,-1.5,Final,8.5,105
STL,2024-03-31T23:00Z,401568521,LAD,2024,St. Louis Cardinals,4,46.447475170000004,2024-03-31T11:06Z,Los Angeles Dodgers,5,145,145,150,-170,-170,-175,False,ESPN BET,10,-125,9,,,-1.5,Final,8.5,100
ATL,2024-04-01T18:10Z,401568525,CHW,2024,Atlanta Braves,9,33.46486174,2024-04-01T11:07Z,Chicago White Sox,0,-300,-300,-200,250,250,170,False,ESPN BET,10,105,8,,,2.5,Final/8,9.5,-125
COL,2024-04-01T18:20Z,401568529,CHC,2024,Colorado Rockies,0,63.92225982000001,2024-04-01T11:07Z,Chicago Cubs,5,190,190,160,-225,-225,-190,False,ESPN BET,10,105,9,,,-1.5,Final,7.5,-125
PIT,2024-04-01T20:05Z,401568533,WSH,2024,Pittsburgh Pirates,8,50.60200113,2024-04-01T11:07Z,Washington Nationals,4,-110,-110,100,-110,-110,-120,False,ESPN BET,10,-110,9,,,1.5,Final,8.5,-110
KC,2024-04-01T22:35Z,401568531,BAL,2024,Kansas City Royals,4,57.65250642,2024-04-01T11:07Z,Baltimore Orioles,6,135,135,125,-160,-160,-145,False,ESPN BET,10,105,9,,,-1.5,Final,8.5,-125
LAA,2024-04-01T22:40Z,401568524,MIA,2024,Los Angeles Angels,7,51.10251451,2024-04-01T11:07Z,Miami Marlins,4,-105,-105,-105,-115,-115,-115,False,ESPN BET,10,-115,9,,,1.5,Final,8.5,-105
CIN,2024-04-01T22:40Z,401568527,PHI,2024,Cincinnati Reds,6,59.012674239999996,2024-04-01T11:07Z,Philadelphia Phillies,3,115,115,125,-135,-135,-145,False,ESPN BET,10,-105,10,,,-1.5,Final/10,8.5,-115
TEX,2024-04-01T22:50Z,401568536,TB,2024,Texas Rangers,9,57.750401790000005,2024-04-01T11:07Z,Tampa Bay Rays,3,110,110,100,-130,-130,-120,False,ESPN BET,10,-110,9,,,-1.5,Final,8.5,-110
DET,2024-04-01T23:10Z,401568530,NYM,2024,Detroit Tigers,5,65.12999124,2024-04-01T11:07Z,New York Mets,0,120,120,115,-140,-140,-135,False,ESPN BET,10,-105,10,,,-1.5,Final/10,7.5,-115
TOR,2024-04-02T00:10Z,401568537,HOU,2024,Toronto Blue Jays,0,43.6335791,2024-04-01T11:07Z,Houston Astros,10,125,115,130,-145,-135,-150,False,ESPN BET,10,-130,9,,,-1.5,Final,8.5,105
BOS,2024-04-02T01:40Z,401568526,OAK,2024,Boston Red Sox,9,57.941409369999995,2024-04-01T11:07Z,Oakland Athletics,0,-160,-150,-140,135,130,120,False,ESPN BET,10,-110,9,,,1.5,Final,8.5,-110
CLE,2024-04-02T01:40Z,401568528,SEA,2024,Cleveland Guardians,4,52.81068221,2024-04-01T11:07Z,Seattle Mariners,5,-120,-120,-120,100,100,100,False,ESPN BET,10,-125,9,,,1.5,Final,7.5,105
NYY,2024-04-02T01:40Z,401568532,ARI,2024,New York Yankees,5,47.615249250000005,2024-04-01T11:07Z,Arizona Diamondbacks,2,-125,-125,-125,105,105,105,False,ESPN BET,10,-115,9,,,1.5,Final,9.5,-105
STL,2024-04-02T01:40Z,401568535,SD,2024,St. Louis Cardinals,6,56.09235188,2024-04-01T11:07Z,San Diego Padres,2,110,110,-105,-130,-130,-115,False,ESPN BET,10,105,9,,,1.5,Final,8.5,-125
SF,2024-04-02T02:10Z,401568534,LAD,2024,San Francisco Giants,3,60.55798691,2024-04-01T11:07Z,Los Angeles Dodgers,8,170,165,190,-200,-195,-225,False,ESPN BET,10,-110,9,,,-1.5,Final,8.5,-110
MIN,2024-04-02T20:10Z,401568546,MIL,2024,Minnesota Twins,2,63.09746972,2024-04-02T11:08Z,Milwaukee Brewers,3,100,100,-115,-120,-120,-105,False,ESPN BET,10,-115,9,,,1.5,Final,8.5,-105
KC,2024-04-02T22:35Z,401568545,BAL,2024,Kansas City Royals,4,65.75902886,2024-04-02T11:08Z,Baltimore Orioles,1,140,140,135,-165,-165,-155,False,ESPN BET,10,-105,9,,,-1.5,Final,8.5,-115
LAA,2024-04-02T22:40Z,401568538,MIA,2024,Los Angeles Angels,3,61.62882316,2024-04-02T11:08Z,Miami Marlins,1,125,125,120,-145,-145,-140,False,ESPN BET,10,-120,9,,,-1.5,Final,8.5,100
CIN,2024-04-02T22:40Z,401568541,PHI,2024,Cincinnati Reds,4,52.64005643,2024-04-02T11:08Z,Philadelphia Phillies,9,115,115,115,-135,-135,-135,False,ESPN BET,10,-110,9,,,-1.5,Final,8.5,-110
TEX,2024-04-02T22:50Z,401568550,TB,2024,Texas Rangers,2,55.66870334,2024-04-02T11:08Z,Tampa Bay Rays,5,135,135,125,-155,-155,-145,False,ESPN BET,10,-110,9,,,-1.5,Final,8.5,-110
ATL,2024-04-02T23:40Z,401568539,CHW,2024,Atlanta Braves,2,39.33746798,2024-04-02T11:08Z,Chicago White Sox,3,-195,-195,-215,165,165,180,False,ESPN BET,10,-125,9,,,1.5,Final,8.5,105
COL,2024-04-02T23:40Z,401568543,CHC,2024,Colorado Rockies,2,73.56331931,2024-04-02T11:08Z,Chicago Cubs,12,160,155,165,-190,-185,-195,False,ESPN BET,10,-105,9,,,-1.5,Final,8.5,-115
TOR,2024-04-03T00:10Z,401568551,HOU,2024,Toronto Blue Jays,2,56.28326388,2024-04-02T11:08Z,Houston Astros,1,120,120,135,-140,-140,-155,False,ESPN BET,10,-120,9,,,-1.5,Final,8.5,100
BOS,2024-04-03T01:40Z,401568540,OAK,2024,Boston Red Sox,5,44.67578543,2024-04-02T11:08Z,Oakland Athletics,4,-150,-150,-145,130,130,125,False,ESPN BET,10,-105,11,,,1.5,Final/11,8.5,-115
CLE,2024-04-03T01:40Z,401568542,SEA,2024,Cleveland Guardians,5,53.580766499999996,2024-04-02T11:08Z,Seattle Mariners,2,100,100,110,-120,-120,-130,False,ESPN BET,10,-115,9,,,1.5,Final,7.5,-105
NYY,2024-04-03T01:40Z,401568547,ARI,2024,New York Yankees,0,57.182186040000005,2024-04-02T11:08Z,Arizona Diamondbacks,7,-115,-115,100,-105,-105,-120,False,ESPN BET,10,100,9,,,1.5,Final,8.5,-120
STL,2024-04-03T01:40Z,401568549,SD,2024,St. Louis Cardinals,5,64.85591236,2024-04-02T11:08Z,San Diego Padres,2,135,135,115,-155,-155,-135,False,ESPN BET,10,-115,9,,,-1.5,Final,7.5,-105
SF,2024-04-03T02:10Z,401568548,LAD,2024,San Francisco Giants,4,65.78167828,2024-04-02T11:08Z,Los Angeles Dodgers,5,135,135,165,-155,-155,-195,False,ESPN BET,10,-110,9,,,-1.5,Final,8.5,-110
KC,2024-04-03T17:05Z,401568559,BAL,2024,Kansas City Royals,3,60.19068989,2024-04-03T11:08Z,Baltimore Orioles,4,135,135,130,-155,-155,-150,False,ESPN BET,10,100,9,,,-1.5,Final,7.5,-120
LAA,2024-04-03T17:10Z,401568552,MIA,2024,Los Angeles Angels,10,57.35721621,2024-04-03T11:08Z,Miami Marlins,2,-105,-105,-110,-115,-115,-110,False,ESPN BET,10,-120,9,,,1.5,Final,8.5,100
MIN,2024-04-03T17:10Z,401568560,MIL,2024,Minnesota Twins,7,48.24210989,2024-04-03T11:08Z,Milwaukee Brewers,3,-110,-110,-110,-110,-110,-110,False,ESPN BET,10,-120,9,,,1.5,Final,8.5,100
TEX,2024-04-03T17:10Z,401568565,TB,2024,Texas Rangers,4,53.34816107,2024-04-03T11:08Z,Tampa Bay Rays,1,105,105,105,-125,-125,-125,False,ESPN BET,10,-110,9,,,-1.5,Final,7.5,-110
BOS,2024-04-03T19:37Z,401568554,OAK,2024,Boston Red Sox,1,37.1512179,2024-04-03T11:08Z,Oakland Athletics,0,-170,-170,-140,145,145,120,False,ESPN BET,10,-115,9,,,1.5,Final,7.5,-105
NYY,2024-04-03T19:40Z,401568561,ARI,2024,New York Yankees,6,63.72045439,2024-04-03T11:08Z,Arizona Diamondbacks,5,-125,-125,-120,105,105,100,False,ESPN BET,10,-125,11,,,1.5,Final/11,8.5,105
CIN,2024-04-03T20:05Z,401568555,PHI,2024,Cincinnati Reds,4,60.82931651,2024-04-03T11:08Z,Philadelphia Phillies,1,150,150,150,-175,-175,-175,False,ESPN BET,10,-110,9,,,-1.5,Final,7.5,-110
CLE,2024-04-03T20:10Z,401568556,SEA,2024,Cleveland Guardians,8,59.85281757999999,2024-04-03T11:08Z,Seattle Mariners,0,130,130,135,-150,-150,-155,False,ESPN BET,10,100,9,,,-1.5,Final,7.5,-120
STL,2024-04-03T20:10Z,401568564,SD,2024,St. Louis Cardinals,2,59.35000121,2024-04-03T11:08Z,San Diego Padres,3,135,135,130,-155,-155,-150,False,ESPN BET,10,-105,9,,,-1.5,Final,8.5,-115
PIT,2024-04-03T22:45Z,401568562,WSH,2024,Pittsburgh Pirates,3,37.6356339,2024-04-03T11:08Z,Washington Nationals,5,-150,-150,-155,130,130,135,False,ESPN BET,10,-110,9,,,1.5,Final,8.5,-110
COL,2024-04-03T23:40Z,401568557,CHC,2024,Colorado Rockies,8,80.04613444,2024-04-03T11:08Z,Chicago Cubs,9,180,180,160,-215,-215,-190,False,ESPN BET,10,105,9,,,-1.5,Final,7.5,-125
TOR,2024-04-04T00:10Z,401568566,HOU,2024,Toronto Blue Jays,0,55.86323033,2024-04-03T11:08Z,Houston Astros,8,135,135,125,-155,-155,-145,False,ESPN BET,10,-130,9,,,-1.5,Final,8.5,110
SF,2024-04-04T02:10Z,401568563,LAD,2024,San Francisco Giants,4,71.24315365,2024-04-03T11:08Z,Los Angeles Dodgers,5,200,200,200,-240,-240,-240,False,ESPN BET,10,-110,9,,,-1.5,Final,8.5,-110
DET,2024-04-04T16:10Z,401652896,NYM,2024,Detroit Tigers,6,65.23568471,2024-04-04T11:06Z,New York Mets,3,120,120,110,-140,-140,-130,False,ESPN BET,10,-105,11,,,-1.5,Final/11,7.5,-115
PIT,2024-04-04T20:05Z,401568570,WSH,2024,Pittsburgh Pirates,7,47.079338910000004,2024-04-04T11:07Z,Washington Nationals,4,-125,-125,-125,105,105,105,False,ESPN BET,10,-110,9,,,1.5,Final,8.5,-110
CLE,2024-04-04T20:10Z,401568568,MIN,2024,Cleveland Guardians,4,55.00051044999999,2024-04-04T11:07Z,Minnesota Twins,2,145,145,120,-175,-175,-140,False,ESPN BET,10,110,9,,,-1.5,Final,7.5,-130
MIA,2024-04-04T20:15Z,401568569,STL,2024,Miami Marlins,5,66.5479026,2024-04-04T11:07Z,St. Louis Cardinals,8,125,125,125,-145,-145,-145,False,ESPN BET,10,100,9,,,-1.5,Final,8.5,-120
DET,2024-04-04T20:20Z,401652957,NYM,2024,Detroit Tigers,1,65.38135977,2024-04-04T11:06Z,New York Mets,2,105,105,105,-125,-125,-125,False,ESPN BET,10,-115,9,,,-1.5,Final,7.5,-105
CHW,2024-04-04T23:40Z,401568567,KC,2024,Chicago White Sox,1,65.31633413,2024-04-04T11:07Z,Kansas City Royals,10,160,160,145,-190,-190,-170,False,ESPN BET,10,105,9,,,-1.5,Final,8.5,-125
TOR,2024-04-05T17:05Z,401568583,NYY,2024,Toronto Blue Jays,3,62.00978231999999,2024-04-05T11:08Z,New York Yankees,0,130,130,140,-150,-150,-165,False,ESPN BET,10,-120,9,,,-1.5,Final,8.5,100
OAK,2024-04-05T17:10Z,401568578,DET,2024,Oakland Athletics,4,76.38212434,2024-04-05T11:08Z,Detroit Tigers,5,195,195,195,-230,-230,-230,False,ESPN BET,10,110,9,,,-1.5,Final,7.5,-130
LAD,2024-04-05T18:20Z,401568576,CHC,2024,Los Angeles Dodgers,7,41.657528389999996,2024-04-05T11:08Z,Chicago Cubs,9,-175,-175,-185,150,150,155,False,ESPN BET,10,-105,9,,,1.5,Final,7.5,-115
TB,2024-04-05T20:10Z,401568582,COL,2024,Tampa Bay Rays,7,38.614250430000006,2024-04-05T11:08Z,Colorado Rockies,10,-165,-165,-175,140,140,150,False,ESPN BET,10,-110,9,,,1.5,Final,12.5,-110
BAL,2024-04-05T20:12Z,401568572,PIT,2024,Baltimore Orioles,5,51.54569667,2024-04-05T11:08Z,Pittsburgh Pirates,2,-120,-120,-135,100,100,115,False,ESPN BET,10,-110,9,,,1.5,Final,7.5,-110
SD,2024-04-05T20:35Z,401568580,SF,2024,San Diego Padres,2,57.465468249999994,2024-04-05T11:08Z,San Francisco Giants,3,100,100,100,-120,-120,-120,False,ESPN BET,10,-110,9,,,1.5,Final,7.5,-110
NYM,2024-04-05T22:40Z,401568577,CIN,2024,New York Mets,3,53.56737291,2024-04-05T11:08Z,Cincinnati Reds,2,110,110,100,-130,-130,-120,False,ESPN BET,9,-125,9,,,-1.5,Final,8.5,105
PHI,2024-04-05T22:45Z,401568579,WSH,2024,Philadelphia Phillies,4,42.66509811,2024-04-05T11:08Z,Washington Nationals,0,-190,-190,-175,160,160,150,False,ESPN BET,10,100,9,,,1.5,Final,8.5,-120
ARI,2024-04-05T23:20Z,401568571,ATL,2024,Arizona Diamondbacks,5,71.68962203,2024-04-05T11:08Z,Atlanta Braves,6,255,255,240,-320,-320,-290,False,ESPN BET,10,115,10,,,-2.5,Final/10,9.5,-135
CHW,2024-04-05T23:40Z,401568574,KC,2024,Chicago White Sox,1,57.55991069,2024-04-05T11:08Z,Kansas City Royals,2,160,165,145,-190,-195,-170,False,ESPN BET,10,-130,9,,,-1.5,Final,7.5,110
HOU,2024-04-06T00:05Z,401568575,TEX,2024,Houston Astros,2,50.914565720000006,2024-04-05T11:08Z,Texas Rangers,10,-140,-140,-130,120,120,110,False,ESPN BET,10,-120,9,,,1.5,Final,9.5,100
SEA,2024-04-06T00:10Z,401568581,MIL,2024,Seattle Mariners,5,57.83370686,2024-04-05T11:08Z,Milwaukee Brewers,6,110,110,100,-130,-130,-120,False,ESPN BET,10,-115,9,,,-1.5,Final,7.5,-105
BOS,2024-04-06T01:38Z,401568573,LAA,2024,Boston Red Sox,8,51.709237630000004,2024-04-05T11:08Z,Los Angeles Angels,6,-115,-120,100,-105,100,-120,False,ESPN BET,10,-120,9,,,1.5,Final,8.5,100
OAK,2024-04-06T17:10Z,401568593,DET,2024,Oakland Athletics,4,54.99309612,2024-04-06T11:08Z,Detroit Tigers,0,125,125,125,-145,-145,-145,False,ESPN BET,10,-105,9,,,-1.5,Final,8.5,-115
CLE,2024-04-06T18:10Z,401568588,MIN,2024,Cleveland Guardians,3,62.62528045,2024-04-06T11:08Z,Minnesota Twins,1,145,145,125,-170,-170,-145,False,ESPN BET,10,105,9,,,-1.5,Final,8.5,-125
MIA,2024-04-06T18:15Z,401568591,STL,2024,Miami Marlins,1,65.70793309,2024-04-06T11:08Z,St. Louis Cardinals,3,130,130,120,-150,-150,-140,False,ESPN BET,10,-120,9,,,-1.5,Final,7.5,100
BAL,2024-04-06T20:05Z,401568585,PIT,2024,Baltimore Orioles,4,47.01408328,2024-04-06T11:08Z,Pittsburgh Pirates,5,-135,-135,-130,115,115,110,False,ESPN BET,10,-125,11,,,1.5,Final/11,8.5,105
LAD,2024-04-06T20:05Z,401568590,CHC,2024,Los Angeles Dodgers,4,49.34994108,2024-04-06T11:08Z,Chicago Cubs,1,-155,-155,-175,135,135,150,False,ESPN BET,10,-120,9,,,1.5,Final,7.5,100
PHI,2024-04-06T20:05Z,401568594,WSH,2024,Philadelphia Phillies,5,42.13586307,2024-04-06T11:08Z,Washington Nationals,2,-190,-190,-170,160,160,145,False,ESPN BET,10,105,9,,,1.5,Final,8.5,-125
NYM,2024-04-06T20:10Z,401568592,CIN,2024,New York Mets,6,63.50871295,2024-04-06T11:08Z,Cincinnati Reds,9,105,105,100,-125,-125,-120,False,ESPN BET,10,100,9,,,-1.5,Final,9.5,-120
HOU,2024-04-06T23:05Z,401568589,TEX,2024,Houston Astros,2,55.96006292,2024-04-06T11:08Z,Texas Rangers,7,-110,-110,-120,-110,-110,100,False,ESPN BET,10,-125,9,,,1.5,Final,9.5,105
TOR,2024-04-06T23:05Z,401568598,NYY,2024,Toronto Blue Jays,8,49.62988593,2024-04-06T11:08Z,New York Yankees,9,100,100,105,-120,-120,-125,False,ESPN BET,10,100,9,,,1.5,Final,7.5,-120
CHW,2024-04-06T23:10Z,401568587,KC,2024,Chicago White Sox,0,68.75547564,2024-04-06T11:08Z,Kansas City Royals,3,190,190,160,-225,-225,-190,False,ESPN BET,10,110,9,,,-1.5,Final,9.5,-130
SEA,2024-04-06T23:10Z,401568596,MIL,2024,Seattle Mariners,5,64.00370554,2024-04-06T11:08Z,Milwaukee Brewers,3,100,100,-115,-120,-120,-105,False,ESPN BET,10,-125,9,,,1.5,Final,8.5,105
ARI,2024-04-06T23:20Z,401568584,ATL,2024,Arizona Diamondbacks,8,64.62290872,2024-04-06T11:08Z,Atlanta Braves,9,170,170,165,-200,-200,-195,False,ESPN BET,10,-130,9,,,-1.5,Final,8.5,110
TB,2024-04-07T00:10Z,401568597,COL,2024,Tampa Bay Rays,8,47.72063515,2024-04-06T11:08Z,Colorado Rockies,6,-135,-135,-135,115,115,115,False,ESPN BET,10,100,9,,,1.5,Final,11.5,-120
SD,2024-04-07T01:05Z,401568595,SF,2024,San Diego Padres,4,45.55242733,2024-04-06T11:08Z,San Francisco Giants,0,100,100,-105,-120,-120,-115,False,ESPN BET,10,-120,9,,,1.5,Final,7.5,100
BOS,2024-04-07T01:38Z,401568586,LAA,2024,Boston Red Sox,1,57.810020259999995,2024-04-06T11:08Z,Los Angeles Angels,2,100,100,100,-120,-120,-120,False,ESPN BET,10,110,9,,,1.5,Final,8.5,-130
ARI,2024-04-07T17:35Z,401568599,ATL,2024,Arizona Diamondbacks,2,70.44432063,2024-04-07T11:06Z,Atlanta Braves,5,210,210,180,-250,-250,-215,False,ESPN BET,10,105,9,,,-1.5,Final,9.5,-125
BAL,2024-04-07T17:35Z,401568600,PIT,2024,Baltimore Orioles,2,54.35705806,2024-04-07T11:06Z,Pittsburgh Pirates,3,-120,-120,-125,100,100,105,False,ESPN BET,10,-110,9,,,1.5,Final,8.5,-110
PHI,2024-04-07T17:35Z,401568609,WSH,2024,Philadelphia Phillies,2,43.24649855,2024-04-07T11:06Z,Washington Nationals,3,-150,-150,-155,130,130,135,False,ESPN BET,10,-110,9,,,1.5,Final,7.5,-110
TOR,2024-04-07T17:35Z,401568613,NYY,2024,Toronto Blue Jays,3,54.641055439999995,2024-04-07T11:06Z,New York Yankees,8,145,145,120,-170,-170,-140,False,ESPN BET,10,-105,9,,,-1.5,Final,8.5,-115
NYM,2024-04-07T17:40Z,401568607,CIN,2024,New York Mets,3,52.41133003,2024-04-07T11:06Z,Cincinnati Reds,1,-120,-120,-120,100,100,100,False,ESPN BET,10,-110,9,,,1.5,Final,8.5,-110
OAK,2024-04-07T17:40Z,401568608,DET,2024,Oakland Athletics,7,55.886156809999996,2024-04-07T11:06Z,Detroit Tigers,1,170,170,145,-200,-200,-170,False,ESPN BET,10,-115,9,,,-1.5,Final,7.5,-105
CHW,2024-04-07T18:10Z,401568602,KC,2024,Chicago White Sox,3,53.40677711,2024-04-07T11:06Z,Kansas City Royals,5,110,110,105,-130,-130,-125,False,ESPN BET,10,110,9,,,-1.5,Final,9.5,-130
SEA,2024-04-07T18:10Z,401568611,MIL,2024,Seattle Mariners,4,57.43464377000001,2024-04-07T11:06Z,Milwaukee Brewers,12,115,115,100,-135,-135,-120,False,ESPN BET,10,-125,9,,,-1.5,Final,8.5,105
MIA,2024-04-07T18:15Z,401568606,STL,2024,Miami Marlins,10,65.69012856,2024-04-07T11:06Z,St. Louis Cardinals,3,125,125,105,-145,-145,-125,False,ESPN BET,10,115,9,,,-1.5,Final,9.5,-135
LAD,2024-04-07T18:20Z,401568605,CHC,2024,Los Angeles Dodgers,1,60.06468747,2024-04-07T11:06Z,Chicago Cubs,8,-115,-115,-125,-105,-105,105,False,ESPN BET,10,-110,9,,,1.5,Final,8.5,-110
TB,2024-04-07T19:10Z,401568612,COL,2024,Tampa Bay Rays,3,44.12344527,2024-04-07T11:06Z,Colorado Rockies,2,-150,-150,-150,125,125,130,False,ESPN BET,10,105,9,,,1.5,Final,11.5,-125
SD,2024-04-07T20:05Z,401568610,SF,2024,San Diego Padres,2,61.632151820000004,2024-04-07T11:06Z,San Francisco Giants,3,145,145,145,-170,-170,-170,False,ESPN BET,10,-115,9,,,-1.5,Final,7.5,-105
BOS,2024-04-07T20:07Z,401568601,LAA,2024,Boston Red Sox,12,54.34485255,2024-04-07T11:06Z,Los Angeles Angels,2,-115,-115,105,-105,-105,-125,False,ESPN BET,10,-115,9,,,1.5,Final,8.5,-105
HOU,2024-04-07T23:00Z,401568604,TEX,2024,Houston Astros,3,58.19382877,2024-04-07T11:06Z,Texas Rangers,1,-105,-105,-120,-115,-115,100,False,ESPN BET,10,100,9,,,1.5,Final,10.5,-120
CHW,2024-04-08T21:10Z,401568615,CLE,2024,Chicago White Sox,0,61.50445653,2024-04-08T11:08Z,Cleveland Guardians,4,210,210,170,-255,-255,-200,False,ESPN BET,10,100,9,,,-1.5,Final,8.5,-120
MIA,2024-04-08T22:05Z,401568620,NYY,2024,Miami Marlins,0,59.26077176,2024-04-08T11:08Z,New York Yankees,7,130,130,130,-150,-150,-150,False,ESPN BET,10,105,9,,,-1.5,Final,8.5,-125
DET,2024-04-08T22:40Z,401568617,PIT,2024,Detroit Tigers,4,61.75722896,2024-04-08T11:08Z,Pittsburgh Pirates,7,105,105,105,-125,-125,-125,False,ESPN BET,10,-125,9,,,-1.5,Final,7.5,105
MIL,2024-04-08T22:40Z,401568621,CIN,2024,Milwaukee Brewers,8,49.30761355,2024-04-08T11:08Z,Cincinnati Reds,10,-115,-115,-105,-105,-105,-115,False,ESPN BET,10,-110,9,,,1.5,Final,9.5,-110
SEA,2024-04-08T23:07Z,401568624,TOR,2024,Seattle Mariners,2,58.03264815,2024-04-08T11:08Z,Toronto Blue Jays,5,100,100,100,-120,-120,-120,False,ESPN BET,10,105,9,,,1.5,Final,8.5,-125
NYM,2024-04-08T23:20Z,401568622,ATL,2024,New York Mets,8,70.29172985999999,2024-04-08T11:08Z,Atlanta Braves,7,190,190,175,-225,-225,-210,False,ESPN BET,10,-120,9,,,-1.5,Final,9.5,100
LAD,2024-04-08T23:40Z,401568619,MIN,2024,Los Angeles Dodgers,4,42.423508729999995,2024-04-08T11:08Z,Minnesota Twins,2,-135,-135,-145,115,115,125,False,ESPN BET,10,-115,9,,,1.5,Final,8.5,-105
PHI,2024-04-08T23:45Z,401568623,STL,2024,Philadelphia Phillies,5,59.93276892,2024-04-08T11:08Z,St. Louis Cardinals,3,-105,-105,100,-115,-115,-120,False,ESPN BET,10,-130,10,,,1.5,Final/10,8.5,110
HOU,2024-04-09T00:05Z,401568618,TEX,2024,Houston Astros,10,51.918650119999995,2024-04-08T11:08Z,Texas Rangers,5,110,110,-130,-130,-130,110,False,ESPN BET,10,-110,9,,,-1.5,Final,9.5,-110
ARI,2024-04-09T00:40Z,401568614,COL,2024,Arizona Diamondbacks,5,27.408946569999998,2024-04-08T11:08Z,Colorado Rockies,7,-175,-175,-170,150,150,145,False,ESPN BET,10,-110,9,,,1.5,Final,10.5,-110
TB,2024-04-09T01:38Z,401568625,LAA,2024,Tampa Bay Rays,1,48.632193969999996,2024-04-08T11:08Z,Los Angeles Angels,7,-145,-150,-140,125,130,120,False,ESPN BET,10,-115,9,,,1.5,Final,8.5,-105
CHC,2024-04-09T01:40Z,401568616,SD,2024,Chicago Cubs,8,55.60455629,2024-04-08T11:08Z,San Diego Padres,9,115,115,120,-135,-135,-140,False,ESPN BET,10,-105,9,,,-1.5,Final,7.5,-115
WSH,2024-04-09T01:45Z,401568626,SF,2024,Washington Nationals,8,76.43078639999999,2024-04-08T11:08Z,San Francisco Giants,1,175,175,175,-210,-210,-210,False,ESPN BET,10,100,9,,,-1.5,Final,7.5,-120
DET,2024-04-09T16:35Z,401568631,PIT,2024,Detroit Tigers,5,63.50622626,2024-04-09T11:07Z,Pittsburgh Pirates,3,100,100,100,-120,-120,-120,False,ESPN BET,10,-105,9,,,-1.5,Final,8.5,-115
BAL,2024-04-09T18:10Z,401568628,BOS,2024,Baltimore Orioles,7,48.60694378,2024-04-09T11:07Z,Boston Red Sox,1,-135,-135,-135,115,115,115,False,ESPN BET,10,100,9,,,1.5,Final,8.5,-120
CHW,2024-04-09T22:10Z,401568629,CLE,2024,Chicago White Sox,7,74.00908386,2024-04-09T11:07Z,Cleveland Guardians,5,190,190,165,-225,-225,-195,False,ESPN BET,10,-110,9,,,-1.5,Final,8.5,-110
MIL,2024-04-09T22:40Z,401568635,CIN,2024,Milwaukee Brewers,9,60.062551500000005,2024-04-09T11:07Z,Cincinnati Reds,5,115,115,125,-135,-135,-145,False,ESPN BET,10,105,9,,,-1.5,Final,9.5,-125
MIA,2024-04-09T23:05Z,401568634,NYY,2024,Miami Marlins,2,57.804444509999996,2024-04-09T11:07Z,New York Yankees,3,175,175,165,-210,-210,-195,False,ESPN BET,10,105,9,,,-1.5,Final,8.5,-125
SEA,2024-04-09T23:07Z,401568639,TOR,2024,Seattle Mariners,3,51.75064369,2024-04-09T11:07Z,Toronto Blue Jays,5,-105,-105,-115,-115,-115,-105,False,ESPN BET,10,100,9,,,1.5,Final,8.5,-120
NYM,2024-04-09T23:20Z,401568636,ATL,2024,New York Mets,5,66.84482582,2024-04-09T11:07Z,Atlanta Braves,6,160,160,160,-190,-190,-190,False,ESPN BET,10,-105,9,,,-1.5,Final,9.5,-115
HOU,2024-04-09T23:40Z,401568632,KC,2024,Houston Astros,3,53.945432770000004,2024-04-09T11:07Z,Kansas City Royals,4,-120,-120,-125,100,100,105,False,ESPN BET,10,-110,10,,,1.5,Final/10,8.5,-110
LAD,2024-04-09T23:40Z,401568633,MIN,2024,Los Angeles Dodgers,6,35.150543909999996,2024-04-09T11:07Z,Minnesota Twins,3,-185,-185,-185,155,155,155,False,ESPN BET,10,-125,9,,,1.5,Final,7.5,105
PHI,2024-04-09T23:45Z,401568638,STL,2024,Philadelphia Phillies,0,55.295223289999996,2024-04-09T11:07Z,St. Louis Cardinals,3,-135,-135,-125,115,115,105,False,ESPN BET,10,100,9,,,1.5,Final,7.5,-120
OAK,2024-04-10T00:05Z,401568637,TEX,2024,Oakland Athletics,4,73.82427405,2024-04-09T11:07Z,Texas Rangers,3,175,175,170,-210,-210,-200,False,ESPN BET,10,-120,9,,,-1.5,Final,8.5,100
ARI,2024-04-10T00:40Z,401568627,COL,2024,Arizona Diamondbacks,3,35.26361842,2024-04-09T11:07Z,Colorado Rockies,2,-185,-185,-175,155,155,150,False,ESPN BET,10,-125,9,,,1.5,Final,10.5,105
TB,2024-04-10T01:38Z,401568640,LAA,2024,Tampa Bay Rays,6,50.025757250000005,2024-04-09T11:07Z,Los Angeles Angels,4,-120,-120,-125,100,100,105,False,ESPN BET,10,-105,9,,,1.5,Final,8.5,-115
WSH,2024-04-10T01:45Z,401568641,SF,2024,Washington Nationals,5,65.82568547999999,2024-04-09T11:07Z,San Francisco Giants,3,155,155,145,-185,-185,-170,False,ESPN BET,10,-105,9,,,-1.5,Final,8.5,-115
CHC,2024-04-10T02:05Z,401568630,SD,2024,Chicago Cubs,5,58.19700562,2024-04-09T11:07Z,San Diego Padres,1,115,115,130,-135,-135,-150,False,ESPN BET,10,105,9,,,-1.5,Final,8.5,-125
LAD,2024-04-10T17:10Z,401568647,MIN,2024,Los Angeles Dodgers,2,50.022395190000005,2024-04-10T11:08Z,Minnesota Twins,3,-180,-180,-185,150,150,155,False,ESPN BET,10,-115,9,,,1.5,Final,8.5,-105
PHI,2024-04-10T17:15Z,401568652,STL,2024,Philadelphia Phillies,4,50.23709616000001,2024-04-10T11:08Z,St. Louis Cardinals,3,-140,-140,-125,120,120,105,False,ESPN BET,10,-120,9,,,1.5,Final,7.5,100
SEA,2024-04-10T19:07Z,401568653,TOR,2024,Seattle Mariners,6,56.55164964,2024-04-10T11:08Z,Toronto Blue Jays,1,105,105,-115,-125,-125,-105,False,ESPN BET,10,-105,10,,,1.5,Final/10,8.5,-115
ARI,2024-04-10T19:10Z,401568642,COL,2024,Arizona Diamondbacks,5,43.85274872,2024-04-10T11:08Z,Colorado Rockies,3,-115,-120,-140,-105,100,120,False,ESPN BET,10,-130,9,,,1.5,Final,10.5,110
WSH,2024-04-10T19:45Z,401568655,SF,2024,Washington Nationals,1,74.69987411,2024-04-10T11:08Z,San Francisco Giants,7,170,170,170,-200,-200,-200,False,ESPN BET,10,-105,9,,,-1.5,Final,8.5,-115
TB,2024-04-10T20:07Z,401568654,LAA,2024,Tampa Bay Rays,4,57.000593789999996,2024-04-10T11:08Z,Los Angeles Angels,2,-120,-120,-125,100,100,105,False,ESPN BET,10,105,9,,,1.5,Final,9.5,-125
CHW,2024-04-10T22:10Z,401568644,CLE,2024,Chicago White Sox,6,71.41274815999999,2024-04-10T11:08Z,Cleveland Guardians,7,220,220,190,-270,-270,-225,False,ESPN BET,10,-105,10,,,-1.5,Final/10,7.5,-115
CHC,2024-04-10T22:40Z,401568645,SD,2024,Chicago Cubs,2,61.152409,2024-04-10T11:08Z,San Diego Padres,10,125,135,120,-145,-155,-140,False,ESPN BET,10,-110,9,,,-1.5,Final,8.5,-110
MIL,2024-04-10T22:40Z,401568649,CIN,2024,Milwaukee Brewers,7,55.17002953,2024-04-10T11:08Z,Cincinnati Reds,2,120,120,115,-140,-140,-135,False,ESPN BET,10,-105,9,,,-1.5,Final,8.5,-115
MIA,2024-04-10T23:05Z,401568648,NYY,2024,Miami Marlins,5,77.42848271,2024-04-10T11:08Z,New York Yankees,2,175,175,170,-210,-210,-200,False,ESPN BET,10,-115,9,,,-1.5,Final,8.5,-105
BAL,2024-04-10T23:10Z,401568643,BOS,2024,Baltimore Orioles,7,59.69663884999999,2024-04-10T11:08Z,Boston Red Sox,5,-105,-105,-105,-115,-115,-115,False,ESPN BET,10,110,9,,,1.5,Final,9.5,-130
HOU,2024-04-10T23:40Z,401568646,KC,2024,Houston Astros,2,56.15331339,2024-04-10T11:08Z,Kansas City Royals,11,-125,-125,-135,105,105,115,False,ESPN BET,10,-110,9,,,1.5,Final,9.5,-110
OAK,2024-04-11T00:05Z,401568651,TEX,2024,Oakland Athletics,2,68.19749028999999,2024-04-10T11:08Z,Texas Rangers,6,160,160,155,-190,-190,-185,False,ESPN BET,10,115,9,,,-1.5,Final,9.5,-135
NYM,2024-04-11T16:20Z,401568660,ATL,2024,New York Mets,16,59.9875904,2024-04-11T11:07Z,Atlanta Braves,4,145,145,170,-170,-170,-200,False,ESPN BET,10,-125,9,,,-1.5,Final,9.5,105
HOU,2024-04-11T18:10Z,401568657,KC,2024,Houston Astros,3,52.709548289999994,2024-04-11T11:07Z,Kansas City Royals,13,-130,-130,-135,110,110,115,False,ESPN BET,10,-110,9,,,1.5,Final,8.5,-110
OAK,2024-04-11T18:35Z,401568661,TEX,2024,Oakland Athletics,1,68.60824722,2024-04-11T11:07Z,Texas Rangers,0,170,170,160,-200,-200,-190,False,ESPN BET,10,-105,9,,,-1.5,Final,9.5,-115
PIT,2024-04-11T22:40Z,401568662,PHI,2024,Pittsburgh Pirates,1,57.34176176,2024-04-11T11:07Z,Philadelphia Phillies,5,110,110,135,-130,-130,-155,False,ESPN BET,10,105,9,,,-1.5,Final,9.5,-125
BAL,2024-04-11T23:10Z,401568656,BOS,2024,Baltimore Orioles,9,51.69264708,2024-04-11T11:07Z,Boston Red Sox,4,-130,-130,-120,110,110,100,False,ESPN BET,10,105,10,,,1.5,Final/10,8.5,-125
MIN,2024-04-12T22:40Z,401568670,DET,2024,Minnesota Twins,2,56.57643897,2024-04-12T11:07Z,Detroit Tigers,8,100,100,105,-120,-120,-125,False,ESPN BET,10,105,9,,,1.5,Final,7.5,-125
PIT,2024-04-12T22:40Z,401568672,PHI,2024,Pittsburgh Pirates,5,62.37156863,2024-04-12T11:07Z,Philadelphia Phillies,2,130,130,140,-150,-150,-165,False,ESPN BET,10,110,9,,,-1.5,Final,9.5,-130
SF,2024-04-12T22:50Z,401568674,TB,2024,San Francisco Giants,1,55.00736841,2024-04-12T11:07Z,Tampa Bay Rays,2,100,100,-110,-120,-120,-110,False,ESPN BET,10,-110,9,,,1.5,Final,8.5,-110
MIL,2024-04-12T23:05Z,401568669,BAL,2024,Milwaukee Brewers,11,48.218682699999995,2024-04-12T11:07Z,Baltimore Orioles,1,-125,-125,100,105,105,-120,False,ESPN BET,10,100,9,,,1.5,Final,8.5,-120
COL,2024-04-12T23:07Z,401568667,TOR,2024,Colorado Rockies,12,68.5964471,2024-04-12T11:07Z,Toronto Blue Jays,4,195,195,180,-230,-230,-215,False,ESPN BET,10,-125,9,,,-1.5,Final,7.5,105
LAA,2024-04-12T23:10Z,401568663,BOS,2024,Los Angeles Angels,7,53.46283149999999,2024-04-12T11:07Z,Boston Red Sox,0,-105,-105,100,-115,-115,-120,False,ESPN BET,10,-135,9,,,1.5,Final,8.5,115
ATL,2024-04-12T23:10Z,401568664,MIA,2024,Atlanta Braves,8,41.55359147,2024-04-12T11:07Z,Miami Marlins,1,-200,-200,-200,170,170,170,False,ESPN BET,10,-125,9,,,1.5,Final,8.5,105
KC,2024-04-12T23:10Z,401568668,NYM,2024,Kansas City Royals,1,46.78154644,2024-04-12T11:07Z,New York Mets,6,120,120,100,-140,-140,-120,False,ESPN BET,10,-115,9,,,-1.5,Final,8.5,-105
CIN,2024-04-12T23:40Z,401568666,CHW,2024,Cincinnati Reds,11,36.915740559999996,2024-04-12T11:07Z,Chicago White Sox,1,-165,-165,-175,140,140,150,False,ESPN BET,10,100,9,,,1.5,Final,9.5,-120
TEX,2024-04-13T00:10Z,401568676,HOU,2024,Texas Rangers,12,51.914965290000005,2024-04-12T11:07Z,Houston Astros,8,105,105,120,-125,-125,-140,False,ESPN BET,10,110,9,,,-1.5,Final,9.5,-130
CHC,2024-04-13T01:40Z,401568665,SEA,2024,Chicago Cubs,2,56.723427969999996,2024-04-12T11:07Z,Seattle Mariners,4,105,105,105,-125,-125,-125,False,ESPN BET,10,-120,9,,,-1.5,Final,7.5,100
STL,2024-04-13T01:40Z,401568675,ARI,2024,St. Louis Cardinals,9,49.52378394,2024-04-12T11:07Z,Arizona Diamondbacks,6,100,100,100,-120,-120,-120,False,ESPN BET,10,-105,9,,,1.5,Final,9.5,-115
WSH,2024-04-13T01:40Z,401568677,OAK,2024,Washington Nationals,1,62.60517061,2024-04-12T11:07Z,Oakland Athletics,2,115,115,115,-135,-135,-135,False,ESPN BET,10,-120,10,,,-1.5,Final/10,7.5,100
SD,2024-04-13T02:10Z,401568673,LAD,2024,San Diego Padres,8,48.56854722,2024-04-12T11:07Z,Los Angeles Dodgers,7,170,170,175,-200,-200,-210,False,ESPN BET,10,105,11,,,-1.5,Final/11,8.5,-125
NYY,2024-04-13T16:10Z,401654406,CLE,2024,New York Yankees,3,46.2612847,2024-04-13T11:07Z,Cleveland Guardians,2,-130,-130,-140,110,110,120,False,ESPN BET,10,100,9,,,1.5,Final,8.5,-120
MIN,2024-04-13T17:10Z,401568685,DET,2024,Minnesota Twins,11,48.33842576,2024-04-13T11:07Z,Detroit Tigers,5,-125,-125,-125,105,105,105,False,ESPN BET,10,-115,12,,,1.5,Final/12,7.5,-105
KC,2024-04-13T17:40Z,401568683,NYM,2024,Kansas City Royals,11,67.49911742,2024-04-13T11:08Z,New York Mets,7,135,135,130,-155,-155,-150,False,ESPN BET,10,-105,9,,,-1.5,Final,8.5,-115
CIN,2024-04-13T18:10Z,401568681,CHW,2024,Cincinnati Reds,5,50.729355600000005,2024-04-13T11:08Z,Chicago White Sox,0,-130,-130,-130,110,110,110,False,ESPN BET,10,-115,9,,,1.5,Final,7.5,-105
COL,2024-04-13T19:07Z,401568682,TOR,2024,Colorado Rockies,3,60.89194119,2024-04-13T11:08Z,Toronto Blue Jays,5,160,160,160,-190,-190,-190,False,ESPN BET,10,-130,9,,,-1.5,Final,8.5,110
MIL,2024-04-13T20:05Z,401568684,BAL,2024,Milwaukee Brewers,11,44.64218763,2024-04-13T11:08Z,Baltimore Orioles,5,125,125,120,-145,-145,-140,False,ESPN BET,10,100,9,,,-1.5,Final,8.5,-120
PIT,2024-04-13T20:05Z,401568687,PHI,2024,Pittsburgh Pirates,3,51.28848291,2024-04-13T11:08Z,Philadelphia Phillies,4,135,135,125,-160,-160,-145,False,ESPN BET,10,-110,9,,,-1.5,Final,8.5,-110
TEX,2024-04-13T20:05Z,401568691,HOU,2024,Texas Rangers,2,56.41701399,2024-04-13T11:08Z,Houston Astros,9,115,115,120,-135,-135,-140,False,ESPN BET,10,-130,9,,,-1.5,Final,8.5,110
WSH,2024-04-13T20:07Z,401568692,OAK,2024,Washington Nationals,3,57.96769396,2024-04-13T11:08Z,Oakland Athletics,1,-135,-135,-130,115,115,110,False,ESPN BET,10,-120,9,,,1.5,Final,7.5,100
LAA,2024-04-13T20:10Z,401568678,BOS,2024,Los Angeles Angels,2,61.80496102000001,2024-04-13T11:08Z,Boston Red Sox,7,-115,-115,-105,-105,-105,-115,False,ESPN BET,10,-105,9,,,1.5,Final,10.5,-115
ATL,2024-04-13T20:10Z,401568679,MIA,2024,Atlanta Braves,1,34.60632452,2024-04-13T11:08Z,Miami Marlins,5,-210,-210,-195,175,175,165,False,ESPN BET,10,-115,9,,,1.5,Final,8.5,-105
SF,2024-04-13T20:10Z,401568689,TB,2024,San Francisco Giants,11,53.163323569999996,2024-04-13T11:08Z,Tampa Bay Rays,2,-105,-105,-110,-115,-115,-110,False,ESPN BET,10,-110,9,,,1.5,Final,7.5,-110
MIN,2024-04-13T21:05Z,401654220,DET,2024,Minnesota Twins,4,59.6547011,2024-04-13T11:07Z,Detroit Tigers,1,115,115,115,-135,-135,-135,False,ESPN BET,10,-120,9,,,-1.5,Final,8.5,100
NYY,2024-04-13T22:10Z,401568686,CLE,2024,New York Yankees,8,54.25298998,2024-04-13T11:07Z,Cleveland Guardians,2,-110,-110,-115,-110,-110,-105,False,ESPN BET,10,-125,9,,,1.5,Final,8.5,105
STL,2024-04-14T00:10Z,401568690,ARI,2024,St. Louis Cardinals,2,50.34486218999999,2024-04-13T11:08Z,Arizona Diamondbacks,4,100,100,100,-120,-120,-120,False,ESPN BET,10,-110,9,,,1.5,Final,10.5,-110
SD,2024-04-14T01:10Z,401568688,LAD,2024,San Diego Padres,2,47.02527764,2024-04-13T11:08Z,Los Angeles Dodgers,5,180,180,165,-215,-215,-195,False,ESPN BET,10,-120,9,,,-1.5,Final,8.5,100
CHC,2024-04-14T01:40Z,401568680,SEA,2024,Chicago Cubs,4,45.002674320000004,2024-04-13T11:08Z,Seattle Mariners,1,-140,-140,-130,120,120,110,False,ESPN BET,10,-125,9,,,1.5,Final,7.5,105
LAA,2024-04-14T17:35Z,401568693,BOS,2024,Los Angeles Angels,4,53.99344197,2024-04-14T11:06Z,Boston Red Sox,5,110,110,110,-130,-130,-130,False,ESPN BET,10,100,9,,,-1.5,Final,10.5,-120
MIL,2024-04-14T17:35Z,401568699,BAL,2024,Milwaukee Brewers,4,55.198895150000006,2024-04-14T11:06Z,Baltimore Orioles,6,190,190,160,-225,-225,-190,False,ESPN BET,10,-125,9,,,-1.5,Final,8.5,105
PIT,2024-04-14T17:35Z,401568702,PHI,2024,Pittsburgh Pirates,9,62.47065138,2024-04-14T11:06Z,Philadelphia Phillies,2,160,160,150,-190,-190,-175,False,ESPN BET,10,-125,9,,,-1.5,Final,8.5,105
COL,2024-04-14T17:37Z,401568697,TOR,2024,Colorado Rockies,0,76.16106289,2024-04-14T11:06Z,Toronto Blue Jays,5,220,220,200,-265,-265,-240,False,ESPN BET,10,-115,9,,,-1.5,Final,8.5,-105
ATL,2024-04-14T17:40Z,401568694,MIA,2024,Atlanta Braves,9,38.7104465,2024-04-14T11:06Z,Miami Marlins,7,-145,-145,-135,125,125,115,False,ESPN BET,10,-110,9,,,1.5,Final,8.5,-110
KC,2024-04-14T17:40Z,401568698,NYM,2024,Kansas City Royals,1,53.91534388,2024-04-14T11:06Z,New York Mets,2,-115,-115,-135,-105,-105,115,False,ESPN BET,10,100,9,,,1.5,Final,8.5,-120
MIN,2024-04-14T17:40Z,401568700,DET,2024,Minnesota Twins,3,50.407266539999995,2024-04-14T11:06Z,Detroit Tigers,4,110,110,-110,-130,-130,-110,False,ESPN BET,10,-105,9,,,-1.5,Final,8.5,-115
NYY,2024-04-14T17:40Z,401568701,CLE,2024,New York Yankees,7,52.423788019999996,2024-04-14T11:06Z,Cleveland Guardians,8,-125,-125,-140,105,105,120,False,ESPN BET,10,-115,10,,,1.5,Final/10,8.5,-105
SF,2024-04-14T17:40Z,401568704,TB,2024,San Francisco Giants,4,54.674569139999996,2024-04-14T11:06Z,Tampa Bay Rays,9,-120,-120,-125,100,100,105,False,ESPN BET,10,100,9,,,1.5,Final,8.5,-120
CIN,2024-04-14T18:10Z,401568696,CHW,2024,Cincinnati Reds,11,43.16880736,2024-04-14T11:06Z,Chicago White Sox,4,-150,-150,-175,130,130,150,False,ESPN BET,10,110,9,,,1.5,Final,9.5,-130
TEX,2024-04-14T18:10Z,401568706,HOU,2024,Texas Rangers,5,51.7226366,2024-04-14T11:06Z,Houston Astros,8,100,100,105,-120,-120,-125,False,ESPN BET,10,-110,9,,,1.5,Final,8.5,-110
WSH,2024-04-14T20:07Z,401568707,OAK,2024,Washington Nationals,6,54.505830450000005,2024-04-14T11:06Z,Oakland Athletics,7,125,125,105,-145,-145,-125,False,ESPN BET,10,-125,9,,,-1.5,Final,7.5,105
CHC,2024-04-14T20:10Z,401568695,SEA,2024,Chicago Cubs,3,50.00666507,2024-04-14T11:06Z,Seattle Mariners,2,125,125,120,-145,-145,-140,False,ESPN BET,10,110,9,,,-1.5,Final,7.5,-130
STL,2024-04-14T20:10Z,401568705,ARI,2024,St. Louis Cardinals,0,63.526787490000004,2024-04-14T11:06Z,Arizona Diamondbacks,5,120,120,125,-140,-140,-145,False,ESPN BET,10,-120,9,,,-1.5,Final,8.5,100
SD,2024-04-14T23:00Z,401568703,LAD,2024,San Diego Padres,6,58.29216595,2024-04-14T11:06Z,Los Angeles Dodgers,3,145,145,145,-165,-165,-170,False,ESPN BET,10,-110,9,,,-1.5,Final,8.5,-110
CLE,2024-04-15T15:10Z,401568712,BOS,2024,Cleveland Guardians,6,58.38889959,2024-04-15T11:07Z,Boston Red Sox,0,135,135,115,-160,-160,-135,False,ESPN BET,10,-110,9,,,-1.5,Final,9.5,-110
MIN,2024-04-15T22:35Z,401568715,BAL,2024,Minnesota Twins,4,59.85719335,2024-04-15T11:07Z,Baltimore Orioles,7,110,110,120,-130,-130,-140,False,ESPN BET,10,-130,9,,,-1.5,Final,8.5,110
COL,2024-04-15T22:40Z,401568713,PHI,2024,Colorado Rockies,1,67.7094676,2024-04-15T11:07Z,Philadelphia Phillies,2,220,220,225,-265,-265,-275,False,ESPN BET,10,-110,10,,,-1.5,Final/10,8.5,-110
SF,2024-04-15T22:40Z,401568719,MIA,2024,San Francisco Giants,4,54.30414544,2024-04-15T11:07Z,Miami Marlins,3,-120,-120,-125,100,100,105,False,ESPN BET,10,-110,9,,,1.5,Final,8.5,-110
TEX,2024-04-15T22:40Z,401568721,DET,2024,Texas Rangers,1,50.0836205,2024-04-15T11:07Z,Detroit Tigers,0,100,100,-120,-120,-120,100,False,ESPN BET,10,-115,9,,,1.5,Final,8.5,-105
LAA,2024-04-15T22:50Z,401568708,TB,2024,Los Angeles Angels,7,59.27816312,2024-04-15T11:07Z,Tampa Bay Rays,3,140,140,135,-165,-165,-155,False,ESPN BET,10,-110,9,,,-1.5,Final,8.5,-110
NYY,2024-04-15T23:07Z,401568716,TOR,2024,New York Yankees,1,50.64007925,2024-04-15T11:07Z,Toronto Blue Jays,3,100,100,-110,-120,-120,-110,False,ESPN BET,10,-115,9,,,1.5,Final,8.5,-105
PIT,2024-04-15T23:10Z,401568717,NYM,2024,Pittsburgh Pirates,3,58.29955832,2024-04-15T11:07Z,New York Mets,6,105,105,105,-125,-125,-125,False,ESPN BET,10,-105,9,,,-1.5,Final,8.5,-115
KC,2024-04-15T23:40Z,401568714,CHW,2024,Kansas City Royals,2,40.36980134,2024-04-15T11:07Z,Chicago White Sox,0,-180,-180,-185,150,150,155,False,ESPN BET,10,-120,9,,,1.5,Final,7.5,100
SD,2024-04-15T23:40Z,401568718,MIL,2024,San Diego Padres,7,55.665307819999995,2024-04-15T11:07Z,Milwaukee Brewers,3,100,100,-125,-120,-120,105,False,ESPN BET,10,-105,9,,,1.5,Final,8.5,-115
ATL,2024-04-16T00:10Z,401568709,HOU,2024,Atlanta Braves,6,46.63644641,2024-04-15T11:07Z,Houston Astros,1,-120,-120,-125,100,100,105,False,ESPN BET,10,105,9,,,1.5,Final,10.5,-125
CHC,2024-04-16T01:40Z,401568710,ARI,2024,Chicago Cubs,3,63.98147558,2024-04-15T11:07Z,Arizona Diamondbacks,2,130,130,135,-150,-150,-155,False,ESPN BET,10,-130,11,,,-1.5,Final/11,8.5,110
STL,2024-04-16T01:40Z,401568720,OAK,2024,St. Louis Cardinals,3,31.63543048,2024-04-15T11:07Z,Oakland Athletics,1,-170,-170,-165,145,145,140,False,ESPN BET,10,-105,9,,,1.5,Final,7.5,-115
CIN,2024-04-16T01:42Z,401568711,SEA,2024,Cincinnati Reds,3,45.4556387,2024-04-15T11:07Z,Seattle Mariners,9,120,120,135,-140,-140,-155,False,ESPN BET,10,110,9,,,-1.5,Final,7.5,-130
WSH,2024-04-16T02:10Z,401568722,LAD,2024,Washington Nationals,6,79.18608414,2024-04-15T11:07Z,Los Angeles Dodgers,4,330,330,290,-420,-420,-360,False,ESPN BET,10,-115,9,,,-2.5,Final,8.5,-105
TEX,2024-04-16T17:10Z,401568736,DET,2024,Texas Rangers,2,44.78856518,2024-04-16T11:07Z,Detroit Tigers,4,-120,-120,-130,100,100,110,False,ESPN BET,10,-130,9,,,1.5,Final,7.5,110
MIN,2024-04-16T22:35Z,401568730,BAL,2024,Minnesota Twins,3,55.646044090000004,2024-04-16T11:07Z,Baltimore Orioles,11,150,150,150,-175,-175,-175,False,ESPN BET,10,-105,9,,,-1.5,Final,8.5,-115
COL,2024-04-16T22:40Z,401568728,PHI,2024,Colorado Rockies,0,69.98396450999999,2024-04-16T11:07Z,Philadelphia Phillies,5,220,220,210,-270,-270,-250,False,ESPN BET,10,-105,9,,,-1.5,Final,8.5,-115
SF,2024-04-16T22:40Z,401568734,MIA,2024,San Francisco Giants,3,32.21923057,2024-04-16T11:07Z,Miami Marlins,6,-130,-130,-135,110,110,115,False,ESPN BET,10,-115,9,,,1.5,Final,8.5,-105
LAA,2024-04-16T22:50Z,401568723,TB,2024,Los Angeles Angels,6,55.77209646,2024-04-16T11:07Z,Tampa Bay Rays,7,130,130,145,-150,-150,-170,False,ESPN BET,10,100,13,,,-1.5,Final/13,8.5,-120
NYY,2024-04-16T23:07Z,401568731,TOR,2024,New York Yankees,4,57.954140009999996,2024-04-16T11:07Z,Toronto Blue Jays,5,-105,-105,-125,-115,-115,105,False,ESPN BET,10,100,9,,,1.5,Final,8.5,-120
CLE,2024-04-16T23:10Z,401568727,BOS,2024,Cleveland Guardians,10,48.55266681,2024-04-16T11:07Z,Boston Red Sox,7,100,100,-105,-120,-120,-115,False,ESPN BET,10,-105,11,,,-1.5,Final/11,8.5,-115
PIT,2024-04-16T23:10Z,401568732,NYM,2024,Pittsburgh Pirates,1,62.490406099999994,2024-04-16T11:07Z,New York Mets,3,-105,-105,110,-115,-115,-130,False,ESPN BET,10,110,9,,,1.5,Final,7.5,-130
SD,2024-04-16T23:40Z,401568733,MIL,2024,San Diego Padres,6,51.262854989999994,2024-04-16T11:07Z,Milwaukee Brewers,3,-120,-120,-135,100,100,115,False,ESPN BET,10,-110,9,,,1.5,Final,8.5,-110
ATL,2024-04-17T00:10Z,401568724,HOU,2024,Atlanta Braves,6,37.00449856,2024-04-16T11:07Z,Houston Astros,2,-110,-110,-115,-110,-110,-105,False,ESPN BET,10,-105,9,,,1.5,Final,9.5,-115
CHC,2024-04-17T01:40Z,401568725,ARI,2024,Chicago Cubs,11,56.677622019999994,2024-04-16T11:07Z,Arizona Diamondbacks,12,100,100,100,-120,-120,-120,False,ESPN BET,10,100,10,,,1.5,Final/10,10.5,-120
CIN,2024-04-17T01:40Z,401568726,SEA,2024,Cincinnati Reds,1,56.783632520000005,2024-04-16T11:07Z,Seattle Mariners,3,115,115,115,-135,-135,-135,False,ESPN BET,10,-125,9,,,-1.5,Final,6.5,105
STL,2024-04-17T01:40Z,401568735,OAK,2024,St. Louis Cardinals,3,47.10230492,2024-04-16T11:07Z,Oakland Athletics,2,-145,-145,-150,125,125,130,False,ESPN BET,10,100,9,,,1.5,Final,8.5,-120
WSH,2024-04-17T02:10Z,401568737,LAD,2024,Washington Nationals,2,74.96243029,2024-04-16T11:07Z,Los Angeles Dodgers,6,240,240,200,-290,-290,-240,False,ESPN BET,10,-105,9,,,-2.5,Final,9.5,-115
SF,2024-04-17T16:10Z,401568749,MIA,2024,San Francisco Giants,3,51.57939982999999,2024-04-17T11:08Z,Miami Marlins,1,-120,-120,-135,100,100,115,False,ESPN BET,10,110,9,,,1.5,Final,8.5,-130
MIN,2024-04-17T17:05Z,401568745,BAL,2024,Minnesota Twins,2,56.13063334,2024-04-17T11:08Z,Baltimore Orioles,4,100,100,-120,-120,-120,100,False,ESPN BET,10,-110,9,,,1.5,Final,8.5,-110
PIT,2024-04-17T17:10Z,401568747,NYM,2024,Pittsburgh Pirates,1,57.00529995,2024-04-17T11:08Z,New York Mets,9,140,140,110,-165,-165,-130,False,ESPN BET,10,-120,9,,,-1.5,Final,7.5,100
SD,2024-04-17T17:10Z,401568748,MIL,2024,San Diego Padres,0,48.71447508,2024-04-17T11:08Z,Milwaukee Brewers,1,-110,-110,-110,-110,-110,-110,False,ESPN BET,10,100,9,,,1.5,Final,8.5,-120
TEX,2024-04-17T17:10Z,401568751,DET,2024,Texas Rangers,5,62.0649636,2024-04-17T11:08Z,Detroit Tigers,4,125,125,125,-145,-145,-145,False,ESPN BET,10,-110,9,,,-1.5,Final,7.5,-110
ATL,2024-04-17T18:10Z,401568739,HOU,2024,Atlanta Braves,5,40.97959271,2024-04-17T11:08Z,Houston Astros,4,-135,-135,-130,115,115,110,False,ESPN BET,10,-105,10,,,1.5,Final/10,9.5,-115
KC,2024-04-17T18:10Z,401568744,CHW,2024,Kansas City Royals,4,44.22632885,2024-04-17T11:08Z,Chicago White Sox,2,-185,-185,-175,155,155,150,False,ESPN BET,10,-125,9,,,1.5,Final,8.5,105
NYY,2024-04-17T19:07Z,401568746,TOR,2024,New York Yankees,6,48.34037657,2024-04-17T11:08Z,Toronto Blue Jays,4,-105,-105,-125,-115,-115,105,False,ESPN BET,10,-105,9,,,1.5,Final,8.5,-115
WSH,2024-04-17T19:10Z,401568752,LAD,2024,Washington Nationals,2,69.75382573,2024-04-17T11:08Z,Los Angeles Dodgers,0,200,200,190,-240,-240,-225,False,ESPN BET,10,110,9,,,-1.5,Final,10.5,-130
STL,2024-04-17T19:37Z,401568750,OAK,2024,St. Louis Cardinals,3,46.97030018,2024-04-17T11:08Z,Oakland Athletics,6,-130,-130,-150,110,110,130,False,ESPN BET,10,-125,9,,,1.5,Final,7.5,105
CHC,2024-04-17T19:40Z,401568740,ARI,2024,Chicago Cubs,5,54.41676267,2024-04-17T11:08Z,Arizona Diamondbacks,3,110,110,105,-130,-130,-125,False,ESPN BET,10,-135,9,,,-1.5,Final,8.5,115
CIN,2024-04-17T20:10Z,401568741,SEA,2024,Cincinnati Reds,1,54.60725642999999,2024-04-17T11:08Z,Seattle Mariners,5,110,110,110,-130,-130,-130,False,ESPN BET,10,-105,9,,,-1.5,Final,7.5,-115
KC,2024-04-17T21:25Z,401655064,CHW,2024,Kansas City Royals,1,43.494849800000004,2024-04-17T11:08Z,Chicago White Sox,2,-170,-170,-170,145,145,145,False,ESPN BET,1,-125,9,,,1.5,Final,8.5,105
COL,2024-04-17T22:05Z,401568743,PHI,2024,Colorado Rockies,6,66.06028191,2024-04-17T11:08Z,Philadelphia Phillies,7,200,200,190,-240,-240,-225,False,ESPN BET,10,-120,9,,,-1.5,Final,7.5,100
LAA,2024-04-17T22:50Z,401568738,TB,2024,Los Angeles Angels,5,52.62706628,2024-04-17T11:08Z,Tampa Bay Rays,4,105,105,115,-125,-125,-135,False,ESPN BET,10,100,9,,,1.5,Final,8.5,-120
CLE,2024-04-17T23:10Z,401568742,BOS,2024,Cleveland Guardians,0,54.230271949999995,2024-04-17T11:08Z,Boston Red Sox,2,115,115,110,-135,-135,-130,False,ESPN BET,10,-105,9,,,-1.5,Final,8.5,-115
LAA,2024-04-18T17:10Z,401568753,TB,2024,Los Angeles Angels,1,59.530745259999996,2024-04-18T11:06Z,Tampa Bay Rays,2,125,125,120,-145,-145,-140,False,ESPN BET,10,-115,9,,,-1.5,Final,8.5,-105
TEX,2024-04-18T17:10Z,401568757,DET,2024,Texas Rangers,9,50.53629799,2024-04-18T11:06Z,Detroit Tigers,7,-115,-115,100,-105,-105,-120,False,ESPN BET,10,115,9,,,1.5,Final,9.5,-135
CLE,2024-04-18T17:35Z,401568755,BOS,2024,Cleveland Guardians,5,62.34994784,2024-04-18T11:06Z,Boston Red Sox,4,-110,-110,105,-110,-110,-125,False,Caesars Sportsbook (New Jersey),9,-105,9,,,-1.5,Final,8.5,-115
ARI,2024-04-19T01:45Z,401568754,SF,2024,Arizona Diamondbacks,0,64.09276502,2024-04-18T11:06Z,San Francisco Giants,5,130,130,145,-150,-150,-170,False,ESPN BET,10,-120,9,,,-1.5,Final,7.5,100
MIA,2024-04-19T18:20Z,401568765,CHC,2024,Miami Marlins,3,58.82664664,2024-04-19T11:08Z,Chicago Cubs,8,145,145,125,-170,-170,-145,False,ESPN BET,10,-105,9,,,-1.5,Final,9.5,-115
LAA,2024-04-19T22:40Z,401568758,CIN,2024,Los Angeles Angels,1,56.01760335,2024-04-19T11:08Z,Cincinnati Reds,7,120,120,105,-140,-140,-125,False,ESPN BET,10,-105,9,,,-1.5,Final,9.5,-115
BOS,2024-04-19T22:40Z,401568761,PIT,2024,Boston Red Sox,8,44.2121863,2024-04-19T11:08Z,Pittsburgh Pirates,1,-105,-105,105,-115,-115,-125,False,ESPN BET,10,100,9,,,1.5,Final,8.5,-120
CHW,2024-04-19T22:40Z,401568762,PHI,2024,Chicago White Sox,0,58.51783936,2024-04-19T11:08Z,Philadelphia Phillies,7,150,150,145,-175,-175,-170,False,ESPN BET,10,-105,9,,,-1.5,Final,7.5,-115
HOU,2024-04-19T22:45Z,401568764,WSH,2024,Houston Astros,5,44.85447198,2024-04-19T11:08Z,Washington Nationals,3,-150,-150,-170,130,130,145,False,ESPN BET,10,-105,9,,,1.5,Final,8.5,-115
TB,2024-04-19T23:05Z,401568770,NYY,2024,Tampa Bay Rays,3,63.69277311,2024-04-19T11:08Z,New York Yankees,5,150,150,130,-175,-175,-150,False,ESPN BET,10,-115,9,,,-1.5,Final,8.5,-105
OAK,2024-04-19T23:10Z,401568768,CLE,2024,Oakland Athletics,2,60.313255399999996,2024-04-19T11:08Z,Cleveland Guardians,10,140,140,145,-165,-165,-170,False,ESPN BET,10,-120,9,,,-1.5,Final,7.5,100
TEX,2024-04-19T23:20Z,401568771,ATL,2024,Texas Rangers,3,66.76887052000001,2024-04-19T11:08Z,Atlanta Braves,8,155,155,145,-185,-185,-170,False,ESPN BET,10,-105,9,,,-1.5,Final,9.5,-115
BAL,2024-04-19T23:40Z,401568760,KC,2024,Baltimore Orioles,4,47.777968,2024-04-19T11:08Z,Kansas City Royals,9,-135,-135,-135,115,115,115,False,ESPN BET,10,110,9,,,1.5,Final,9.5,-130
DET,2024-04-20T00:10Z,401568763,MIN,2024,Detroit Tigers,5,64.0022863,2024-04-19T11:08Z,Minnesota Twins,4,130,130,120,-155,-155,-140,False,ESPN BET,10,-120,9,,,-1.5,Final,6.5,100
MIL,2024-04-20T00:15Z,401568766,STL,2024,Milwaukee Brewers,2,40.29004333,2024-04-19T11:08Z,St. Louis Cardinals,1,-120,-120,-120,100,100,100,False,ESPN BET,10,100,10,,,1.5,Final/10,7.5,-120
TOR,2024-04-20T01:40Z,401568772,SD,2024,Toronto Blue Jays,5,59.3381047,2024-04-19T11:08Z,San Diego Padres,1,-110,-110,100,-110,-110,-120,False,ESPN BET,10,-105,9,,,1.5,Final,8.5,-115
NYM,2024-04-20T02:10Z,401568767,LAD,2024,New York Mets,9,53.57367165,2024-04-19T11:08Z,Los Angeles Dodgers,4,170,170,165,-200,-200,-195,False,ESPN BET,10,-110,9,,,-1.5,Final,8.5,-110
ARI,2024-04-20T02:15Z,401568759,SF,2024,Arizona Diamondbacks,17,53.45020391999999,2024-04-19T11:08Z,San Francisco Giants,1,110,110,115,-130,-130,-135,False,ESPN BET,10,105,9,,,-1.5,Final,7.5,-125
TB,2024-04-20T17:05Z,401568785,NYY,2024,Tampa Bay Rays,2,58.356413169999996,2024-04-20T11:07Z,New York Yankees,0,110,110,110,-130,-130,-130,False,ESPN BET,10,-125,10,,,-1.5,Final/10,8.5,105
DET,2024-04-20T18:10Z,401568778,MIN,2024,Detroit Tigers,3,56.35904531,2024-04-20T11:08Z,Minnesota Twins,4,120,120,105,-140,-140,-125,False,ESPN BET,10,110,9,,,-1.5,Final,7.5,-130
MIL,2024-04-20T18:15Z,401568781,STL,2024,Milwaukee Brewers,12,41.07265622,2024-04-20T11:08Z,St. Louis Cardinals,5,115,115,110,-135,-135,-130,False,ESPN BET,10,100,9,,,-1.5,Final,8.5,-120
MIA,2024-04-20T18:20Z,401568780,CHC,2024,Miami Marlins,3,68.19708796,2024-04-20T11:07Z,Chicago Cubs,2,120,120,115,-140,-140,-135,False,ESPN BET,10,105,9,,,-1.5,Final,8.5,-125
ARI,2024-04-20T20:05Z,401568774,SF,2024,Arizona Diamondbacks,3,41.20503914,2024-04-20T11:08Z,San Francisco Giants,7,-120,-120,-120,100,100,100,False,ESPN BET,10,-125,9,,,1.5,Final,7.5,105
BOS,2024-04-20T20:05Z,401568776,PIT,2024,Boston Red Sox,4,49.25066435,2024-04-20T11:08Z,Pittsburgh Pirates,2,100,100,105,-120,-120,-125,False,ESPN BET,10,-115,9,,,1.5,Final,7.5,-105
HOU,2024-04-20T20:05Z,401568779,WSH,2024,Houston Astros,4,39.72814923,2024-04-20T11:08Z,Washington Nationals,5,-175,-175,-190,150,150,160,False,ESPN BET,10,-105,10,,,1.5,Final/10,9.5,-115
NYM,2024-04-20T20:05Z,401568782,LAD,2024,New York Mets,6,40.42235718,2024-04-20T11:08Z,Los Angeles Dodgers,4,150,150,150,-175,-175,-175,False,ESPN BET,10,105,9,,,-1.5,Final,9.5,-125
CHW,2024-04-20T22:05Z,401568777,PHI,2024,Chicago White Sox,5,79.00580284,2024-04-20T11:08Z,Philadelphia Phillies,9,310,310,270,-390,-390,-340,False,ESPN BET,10,-125,9,,,-2.5,Final,7.5,105
OAK,2024-04-20T22:10Z,401568783,CLE,2024,Oakland Athletics,3,72.57153721,2024-04-20T11:07Z,Cleveland Guardians,6,155,155,135,-185,-185,-155,False,ESPN BET,10,100,9,,,-1.5,Final,7.5,-120
LAA,2024-04-20T22:40Z,401568773,CIN,2024,Los Angeles Angels,5,55.041277580000006,2024-04-20T11:08Z,Cincinnati Reds,7,105,105,105,-125,-125,-125,False,ESPN BET,10,110,9,,,-1.5,Final,9.5,-130
BAL,2024-04-20T23:10Z,401568775,KC,2024,Baltimore Orioles,9,53.44991287999999,2024-04-20T11:08Z,Kansas City Royals,7,-120,-120,-125,100,100,105,False,ESPN BET,10,115,9,,,1.5,Final,7.5,-135
TEX,2024-04-20T23:20Z,401568786,ATL,2024,Texas Rangers,2,59.978155040000004,2024-04-20T11:07Z,Atlanta Braves,5,120,120,130,-140,-140,-150,False,ESPN BET,10,105,9,,,-1.5,Final,9.5,-125
MIA,2024-04-20T23:40Z,401655505,CHC,2024,Miami Marlins,3,69.42691857,2024-04-20T11:07Z,Chicago Cubs,5,175,175,165,-210,-210,-195,False,ESPN BET,10,-105,9,,,-1.5,Final,8.5,-115
SEA,2024-04-21T00:10Z,401568784,COL,2024,Seattle Mariners,7,49.44950892,2024-04-20T11:07Z,Colorado Rockies,0,-175,-175,-200,150,150,170,False,ESPN BET,10,-115,9,,,1.5,Final,9.5,-105
TOR,2024-04-21T00:40Z,401568787,SD,2024,Toronto Blue Jays,5,53.1503239,2024-04-20T11:07Z,San Diego Padres,2,-125,-125,100,105,105,-120,False,ESPN BET,10,-125,9,,,1.5,Final,7.5,105
BOS,2024-04-21T17:35Z,401568791,PIT,2024,Boston Red Sox,6,50.54670923,2024-04-21T11:05Z,Pittsburgh Pirates,1,130,130,120,-155,-155,-140,False,ESPN BET,10,-125,9,,,-1.5,Final,7.5,105
CHW,2024-04-21T17:35Z,401568792,PHI,2024,Chicago White Sox,2,69.22701388,2024-04-21T11:05Z,Philadelphia Phillies,8,240,240,225,-300,-300,-275,False,ESPN BET,10,-115,9,,,-1.5,Final,7.5,-105
HOU,2024-04-21T17:35Z,401568794,WSH,2024,Houston Astros,0,42.29521397,2024-04-21T11:05Z,Washington Nationals,6,-165,-165,-210,140,140,175,False,ESPN BET,10,-125,9,,,1.5,Final,8.5,105
TB,2024-04-21T17:35Z,401568800,NYY,2024,Tampa Bay Rays,4,56.163022399999996,2024-04-21T11:05Z,New York Yankees,5,110,110,105,-130,-130,-125,False,ESPN BET,10,100,9,,,-1.5,Final,8.5,-120
LAA,2024-04-21T17:40Z,401568788,CIN,2024,Los Angeles Angels,0,59.42194629000001,2024-04-21T11:05Z,Cincinnati Reds,3,100,100,105,-120,-120,-125,False,ESPN BET,10,100,9,,,1.5,Final,9.5,-120
OAK,2024-04-21T17:40Z,401568798,CLE,2024,Oakland Athletics,2,76.45061636,2024-04-21T11:05Z,Cleveland Guardians,6,145,145,150,-170,-170,-175,False,ESPN BET,10,105,9,,,-1.5,Final,7.5,-125
BAL,2024-04-21T18:10Z,401568790,KC,2024,Baltimore Orioles,5,60.235002810000005,2024-04-21T11:05Z,Kansas City Royals,0,-110,-110,100,-110,-110,-120,False,ESPN BET,10,-125,9,,,1.5,Final,8.5,105
DET,2024-04-21T18:10Z,401568793,MIN,2024,Detroit Tigers,6,54.93633611999999,2024-04-21T11:05Z,Minnesota Twins,1,110,110,-105,-130,-130,-115,False,ESPN BET,10,-120,9,,,-1.5,Final,7.5,100
MIL,2024-04-21T18:15Z,401568796,STL,2024,Milwaukee Brewers,2,58.49157836,2024-04-21T11:05Z,St. Louis Cardinals,0,140,140,125,-165,-165,-145,False,ESPN BET,10,-105,9,,,-1.5,Final,7.5,-115
MIA,2024-04-21T18:20Z,401568795,CHC,2024,Miami Marlins,6,55.881649489999994,2024-04-21T11:05Z,Chicago Cubs,3,110,110,105,-130,-130,-125,False,ESPN BET,10,100,9,,,-1.5,Final,8.5,-120
SEA,2024-04-21T19:10Z,401568799,COL,2024,Seattle Mariners,1,40.43044436,2024-04-21T11:05Z,Colorado Rockies,2,-190,-190,-195,160,160,165,False,ESPN BET,10,105,10,,,1.5,Final/10,10.5,-125
ARI,2024-04-21T20:05Z,401568789,SF,2024,Arizona Diamondbacks,5,53.85738209000001,2024-04-21T11:05Z,San Francisco Giants,3,115,115,-105,-135,-135,-115,False,ESPN BET,10,105,9,,,-1.5,Final,8.5,-125
NYM,2024-04-21T20:10Z,401568797,LAD,2024,New York Mets,0,63.65476807,2024-04-21T11:05Z,Los Angeles Dodgers,10,220,220,165,-270,-270,-195,False,ESPN BET,10,-125,9,,,-1.5,Final,8.5,105
TOR,2024-04-21T20:10Z,401568802,SD,2024,Toronto Blue Jays,3,59.33649822,2024-04-21T11:05Z,San Diego Padres,6,-105,-105,105,-115,-115,-125,False,ESPN BET,10,-120,9,,,1.5,Final,7.5,100
TEX,2024-04-21T23:00Z,401568801,ATL,2024,Texas Rangers,6,62.63573964,2024-04-21T11:05Z,Atlanta Braves,4,135,135,125,-155,-155,-145,False,ESPN BET,10,-120,9,,,-1.5,Final,9.5,100
SEA,2024-04-22T00:10Z,401655667,COL,2024,Seattle Mariners,10,49.47430284,2024-04-21T11:05Z,Colorado Rockies,2,-125,-125,-140,105,105,120,False,ESPN BET,10,-115,9,,,1.5,Final,10.5,-105
OAK,2024-04-22T17:05Z,401568810,NYY,2024,Oakland Athletics,2,65.42730844,2024-04-22T11:07Z,New York Yankees,0,210,210,210,-250,-250,-250,False,ESPN BET,10,-110,9,,,-1.5,Final,8.5,-110
MIL,2024-04-22T22:40Z,401568808,PIT,2024,Milwaukee Brewers,2,48.3342156,2024-04-22T11:07Z,Pittsburgh Pirates,4,125,125,-115,-150,-150,-105,False,ESPN BET,10,105,9,,,-1.5,Final,7.5,-125
PHI,2024-04-22T22:40Z,401568811,CIN,2024,Philadelphia Phillies,7,52.295049950000006,2024-04-22T11:07Z,Cincinnati Reds,0,-110,-110,-120,-110,-110,100,False,ESPN BET,10,-130,9,,,1.5,Final,7.5,110
DET,2024-04-22T22:50Z,401568806,TB,2024,Detroit Tigers,7,47.76011869,2024-04-22T11:07Z,Tampa Bay Rays,1,-110,-110,-115,-110,-110,-105,False,ESPN BET,10,-110,9,,,1.5,Final,7.5,-110
MIA,2024-04-22T23:20Z,401568807,ATL,2024,Miami Marlins,0,72.84555059,2024-04-22T11:07Z,Atlanta Braves,3,185,185,180,-220,-220,-215,False,ESPN BET,10,-110,9,,,-1.5,Final,9.5,-110
CHW,2024-04-22T23:40Z,401568805,MIN,2024,Chicago White Sox,0,66.71685576,2024-04-22T11:07Z,Minnesota Twins,7,160,175,150,-190,-210,-175,False,ESPN BET,10,-115,9,,,-1.5,Final,8.5,-105
TOR,2024-04-22T23:40Z,401568813,KC,2024,Toronto Blue Jays,5,51.649354179999996,2024-04-22T11:07Z,Kansas City Royals,3,-115,-120,-115,-105,100,-105,False,ESPN BET,10,105,9,,,1.5,Final,9.5,-125
ARI,2024-04-22T23:45Z,401568803,STL,2024,Arizona Diamondbacks,3,50.903729070000004,2024-04-22T11:07Z,St. Louis Cardinals,5,-105,-105,-105,-115,-115,-115,False,ESPN BET,10,-120,9,,,1.5,Final,8.5,100
SD,2024-04-23T00:40Z,401568812,COL,2024,San Diego Padres,3,32.025812120000005,2024-04-22T11:07Z,Colorado Rockies,1,-175,-175,-195,150,150,165,False,ESPN BET,10,-120,9,,,1.5,Final,10.5,100
BAL,2024-04-23T01:38Z,401568804,LAA,2024,Baltimore Orioles,4,54.980919230000005,2024-04-22T11:07Z,Los Angeles Angels,2,-105,-105,100,-115,-115,-120,False,ESPN BET,10,-115,9,,,1.5,Final,8.5,-105
NYM,2024-04-23T01:45Z,401568809,SF,2024,New York Mets,2,46.134783559999995,2024-04-22T11:07Z,San Francisco Giants,5,-110,-110,105,-110,-110,-125,False,ESPN BET,10,100,9,,,1.5,Final,8.5,-120
BOS,2024-04-23T22:10Z,401568816,CLE,2024,Boston Red Sox,1,54.24911561,2024-04-23T11:07Z,Cleveland Guardians,4,105,105,-105,-125,-125,-115,False,ESPN BET,10,-115,9,,,-1.5,Final,8.5,-105
MIL,2024-04-23T22:40Z,401568822,PIT,2024,Milwaukee Brewers,1,40.68408703,2024-04-23T11:07Z,Pittsburgh Pirates,2,-120,-120,-120,100,100,100,False,ESPN BET,10,-115,9,,,1.5,Final,8.5,-105
PHI,2024-04-23T22:40Z,401568825,CIN,2024,Philadelphia Phillies,1,54.557995270000006,2024-04-23T11:07Z,Cincinnati Reds,8,-125,-125,-125,105,105,105,False,ESPN BET,10,100,9,,,1.5,Final,9.5,-120
LAD,2024-04-23T22:45Z,401568820,WSH,2024,Los Angeles Dodgers,4,32.1720618,2024-04-23T11:07Z,Washington Nationals,1,-210,-210,-215,175,175,180,False,ESPN BET,10,-125,9,,,2.5,Final,9.5,105
DET,2024-04-23T22:50Z,401568818,TB,2024,Detroit Tigers,4,62.115516969999995,2024-04-23T11:07Z,Tampa Bay Rays,2,140,140,130,-165,-165,-150,False,ESPN BET,10,-120,9,,,-1.5,Final,7.5,100
OAK,2024-04-23T23:05Z,401568824,NYY,2024,Oakland Athletics,3,67.93231582,2024-04-23T11:07Z,New York Yankees,4,175,175,180,-210,-210,-215,False,ESPN BET,10,100,9,,,-1.5,Final,8.5,-120
MIA,2024-04-23T23:20Z,401568821,ATL,2024,Miami Marlins,0,70.00861894,2024-04-23T11:07Z,Atlanta Braves,5,200,200,190,-240,-240,-225,False,ESPN BET,10,-105,9,,,-1.5,Final,8.5,-115
CHW,2024-04-23T23:40Z,401568817,MIN,2024,Chicago White Sox,5,70.15339399,2024-04-23T11:07Z,Minnesota Twins,6,250,250,220,-300,-300,-270,False,ESPN BET,10,120,9,,,-1.5,Final,7.5,-140
HOU,2024-04-23T23:40Z,401568819,CHC,2024,Houston Astros,2,59.26455864,2024-04-23T11:07Z,Chicago Cubs,7,-115,-120,-125,-105,100,105,False,ESPN BET,10,-110,9,,,1.5,Final,10.5,-110
TOR,2024-04-23T23:40Z,401568828,KC,2024,Toronto Blue Jays,2,53.78293612,2024-04-23T11:07Z,Kansas City Royals,3,-120,-120,-120,100,100,100,False,ESPN BET,10,100,9,,,1.5,Final,8.5,-120
ARI,2024-04-23T23:45Z,401568814,STL,2024,Arizona Diamondbacks,14,59.42909149,2024-04-23T11:07Z,St. Louis Cardinals,1,120,120,100,-140,-140,-120,False,ESPN BET,10,-120,9,,,-1.5,Final,8.5,100
SEA,2024-04-24T00:05Z,401568827,TEX,2024,Seattle Mariners,4,50.53298116,2024-04-23T11:07Z,Texas Rangers,0,-115,-115,-105,-105,-105,-115,False,ESPN BET,10,-135,9,,,1.5,Final,8.5,115
SD,2024-04-24T00:40Z,401568826,COL,2024,San Diego Padres,4,32.31125926,2024-04-23T11:07Z,Colorado Rockies,7,-150,-145,-165,130,125,140,False,ESPN BET,10,-105,9,,,1.5,Final,9.5,-115
BAL,2024-04-24T01:38Z,401568815,LAA,2024,Baltimore Orioles,4,42.2785509,2024-04-23T11:07Z,Los Angeles Angels,7,-150,-155,-145,130,135,125,False,ESPN BET,10,-115,9,,,1.5,Final,8.5,-105
NYM,2024-04-24T01:45Z,401568823,SF,2024,New York Mets,1,62.10123727,2024-04-23T11:07Z,San Francisco Giants,5,115,115,135,-135,-135,-155,False,ESPN BET,10,-135,9,,,-1.5,Final,6.5,115
ARI,2024-04-24T17:15Z,401568829,STL,2024,Arizona Diamondbacks,1,42.2005782,2024-04-24T11:07Z,St. Louis Cardinals,5,100,100,-120,-120,-120,100,False,ESPN BET,10,-125,9,,,1.5,Final,7.5,105
NYM,2024-04-24T19:45Z,401568838,SF,2024,New York Mets,8,50.2272438,2024-04-24T11:07Z,San Francisco Giants,2,-115,-115,105,-105,-105,-125,False,ESPN BET,10,-115,9,,,1.5,Final,7.5,-105
BAL,2024-04-24T20:07Z,401568830,LAA,2024,Baltimore Orioles,6,52.06251852,2024-04-24T11:07Z,Los Angeles Angels,5,-130,-130,-120,110,110,100,False,ESPN BET,10,-115,9,,,1.5,Final,9.5,-105
BOS,2024-04-24T22:10Z,401568831,CLE,2024,Boston Red Sox,8,59.74687446,2024-04-24T11:07Z,Cleveland Guardians,0,110,110,120,-130,-130,-140,False,ESPN BET,10,110,9,,,-1.5,Final,8.5,-130
MIL,2024-04-24T22:40Z,401568837,PIT,2024,Milwaukee Brewers,3,39.1196601,2024-04-24T11:07Z,Pittsburgh Pirates,2,-125,-125,-110,105,105,-110,False,ESPN BET,7,105,9,,,1.5,Final,8.5,-125
PHI,2024-04-24T22:40Z,401568840,CIN,2024,Philadelphia Phillies,4,59.41322623000001,2024-04-24T11:07Z,Cincinnati Reds,7,125,125,100,-145,-145,-120,False,ESPN BET,10,100,9,,,-1.5,Final,8.5,-120
LAD,2024-04-24T22:45Z,401568835,WSH,2024,Los Angeles Dodgers,11,41.44941118,2024-04-24T11:07Z,Washington Nationals,2,-185,-185,-195,155,155,165,False,ESPN BET,10,-115,9,,,1.5,Final,9.5,-105
DET,2024-04-24T22:50Z,401568833,TB,2024,Detroit Tigers,5,67.31655346,2024-04-24T11:07Z,Tampa Bay Rays,7,-115,-115,-105,-105,-105,-115,False,ESPN BET,10,100,9,,,1.5,Final,8.5,-120
OAK,2024-04-24T23:05Z,401568839,NYY,2024,Oakland Athletics,3,67.90335227,2024-04-24T11:07Z,New York Yankees,7,200,200,175,-240,-240,-210,False,ESPN BET,10,-105,9,,,-1.5,Final,8.5,-115
MIA,2024-04-24T23:20Z,401568836,ATL,2024,Miami Marlins,3,79.57687679,2024-04-24T11:07Z,Atlanta Braves,4,225,220,190,-275,-270,-225,False,ESPN BET,10,115,10,,,-1.5,Final/10,9.5,-135
CHW,2024-04-24T23:40Z,401568832,MIN,2024,Chicago White Sox,3,69.46811969,2024-04-24T11:07Z,Minnesota Twins,6,170,170,170,-200,-200,-200,False,ESPN BET,10,-120,9,,,-1.5,Final,6.5,100
HOU,2024-04-24T23:40Z,401568834,CHC,2024,Houston Astros,3,62.523417599999995,2024-04-24T11:07Z,Chicago Cubs,4,-115,-115,-105,-105,-105,-115,False,ESPN BET,10,-120,9,,,1.5,Final,7.5,100
TOR,2024-04-24T23:40Z,401568843,KC,2024,Toronto Blue Jays,2,53.400031940000005,2024-04-24T11:07Z,Kansas City Royals,3,-140,-140,-115,120,120,-105,False,ESPN BET,10,-110,9,,,1.5,Final,8.5,-110
SEA,2024-04-25T00:05Z,401568842,TEX,2024,Seattle Mariners,1,51.911013679999996,2024-04-24T11:07Z,Texas Rangers,5,120,120,105,-140,-140,-125,False,ESPN BET,10,-130,9,,,-1.5,Final,8.5,110
SD,2024-04-25T00:40Z,401568841,COL,2024,San Diego Padres,5,40.144871030000004,2024-04-24T11:07Z,Colorado Rockies,2,-145,-145,-125,125,125,105,False,ESPN BET,2,-120,9,,,1.5,Final,10.5,100
MIL,2024-04-25T16:35Z,401568848,PIT,2024,Milwaukee Brewers,7,40.884761590000004,2024-04-25T11:05Z,Pittsburgh Pirates,5,-145,-145,-120,125,125,100,False,ESPN BET,1,-120,9,,,1.5,Final,6.5,100
BOS,2024-04-25T17:10Z,401568844,CLE,2024,Boston Red Sox,4,62.74996025,2024-04-25T11:05Z,Cleveland Guardians,6,110,110,135,-130,-130,-155,False,ESPN BET,1,-105,9,,,-1.5,Final,7.5,-115
CHW,2024-04-25T17:10Z,401568845,MIN,2024,Chicago White Sox,3,66.65810845,2024-04-25T11:05Z,Minnesota Twins,6,180,180,200,-215,-215,-240,False,ESPN BET,1,105,9,,,-1.5,Final,8.5,-125
PHI,2024-04-25T17:10Z,401568850,CIN,2024,Philadelphia Phillies,5,49.696546839999996,2024-04-25T11:05Z,Cincinnati Reds,0,-185,-185,-145,155,155,125,False,ESPN BET,1,-125,9,,,1.5,Final,7.5,105
TOR,2024-04-25T18:10Z,401568853,KC,2024,Toronto Blue Jays,1,51.26074281,2024-04-25T11:05Z,Kansas City Royals,2,-110,-110,-110,-110,-110,-110,False,ESPN BET,1,-105,5,,,1.5,Final/5,7.5,-115
HOU,2024-04-25T18:20Z,401568846,CHC,2024,Houston Astros,1,59.925413000000006,2024-04-25T11:05Z,Chicago Cubs,3,-140,-140,-130,120,120,110,False,ESPN BET,1,105,9,,,1.5,Final,7.5,-125
SEA,2024-04-25T18:35Z,401568852,TEX,2024,Seattle Mariners,4,49.727491969999996,2024-04-25T11:05Z,Texas Rangers,3,-120,-120,-120,100,100,100,False,ESPN BET,1,115,9,,,1.5,Final,9.5,-135
SD,2024-04-25T19:10Z,401568851,COL,2024,San Diego Padres,9,37.60642084,2024-04-25T11:05Z,Colorado Rockies,10,-145,-150,-145,125,130,125,False,ESPN BET,1,-125,9,,,1.5,Final,10.5,105
LAD,2024-04-25T20:05Z,401568847,WSH,2024,Los Angeles Dodgers,2,41.47611901,2024-04-25T11:05Z,Washington Nationals,1,-185,-185,-210,155,155,175,False,ESPN BET,1,-115,9,,,1.5,Final,7.5,-105
OAK,2024-04-25T23:05Z,401568849,NYY,2024,Oakland Athletics,3,74.65604153,2024-04-25T11:05Z,New York Yankees,1,230,230,210,-280,-280,-250,False,ESPN BET,1,-110,9,,,-1.5,Final,7.5,-110
KC,2024-04-26T17:10Z,401568858,DET,2024,Kansas City Royals,8,48.079718129999996,2024-04-26T11:07Z,Detroit Tigers,0,110,110,100,-130,-130,-120,False,ESPN BET,1,-120,9,,,-1.5,Final,7.5,100
OAK,2024-04-26T23:05Z,401568862,BAL,2024,Oakland Athletics,3,76.78459384,2024-04-26T11:07Z,Baltimore Orioles,2,240,240,225,-290,-290,-275,False,ESPN BET,1,-105,10,,,-1.5,Final/10,7.5,-115
LAD,2024-04-26T23:07Z,401568859,TOR,2024,Los Angeles Dodgers,12,60.1259419,2024-04-26T11:07Z,Toronto Blue Jays,2,-125,-125,-125,105,105,105,False,ESPN BET,1,115,9,,,1.5,Final,9.5,-135
CHC,2024-04-26T23:10Z,401568855,BOS,2024,Chicago Cubs,7,56.286205980000005,2024-04-26T11:07Z,Boston Red Sox,1,-110,-110,100,-110,-110,-120,False,ESPN BET,1,-115,9,,,1.5,Final,7.5,-105
STL,2024-04-26T23:10Z,401568865,NYM,2024,St. Louis Cardinals,4,68.93804361,2024-04-26T11:07Z,New York Mets,2,,,,,,,False,,,,9,,,,Final,,
WSH,2024-04-26T23:10Z,401568867,MIA,2024,Washington Nationals,3,61.89153603999999,2024-04-26T11:07Z,Miami Marlins,1,105,105,145,-125,-125,-170,False,ESPN BET,1,-110,9,,,-1.5,Final,8.5,-110
CLE,2024-04-26T23:20Z,401568857,ATL,2024,Cleveland Guardians,2,62.28844358,2024-04-26T11:07Z,Atlanta Braves,6,220,220,170,-270,-270,-200,False,ESPN BET,1,-105,9,,,-1.5,Final,8.5,-115
TB,2024-04-26T23:40Z,401568866,CHW,2024,Tampa Bay Rays,4,31.29735127,2024-04-26T11:07Z,Chicago White Sox,9,-200,-200,-225,170,170,190,False,ESPN BET,1,-110,9,,,1.5,Final,7.5,-110
CIN,2024-04-27T00:05Z,401568856,TEX,2024,Cincinnati Reds,1,63.098174750000005,2024-04-26T11:07Z,Texas Rangers,2,135,135,140,-155,-155,-165,False,ESPN BET,1,-120,9,,,-1.5,Final,8.5,100
NYY,2024-04-27T00:10Z,401568861,MIL,2024,New York Yankees,6,57.87657408,2024-04-26T11:07Z,Milwaukee Brewers,7,-135,-135,-120,115,115,100,False,ESPN BET,1,-125,11,,,1.5,Final/11,8.5,105
MIN,2024-04-27T01:38Z,401568860,LAA,2024,Minnesota Twins,5,49.606841530000004,2024-04-26T11:07Z,Los Angeles Angels,3,-105,-105,-115,-115,-115,-105,False,ESPN BET,1,-105,9,,,1.5,Final,8.5,-115
ARI,2024-04-27T01:40Z,401568854,SEA,2024,Arizona Diamondbacks,1,41.55652213,2024-04-26T11:07Z,Seattle Mariners,6,-120,-120,-130,100,100,110,False,ESPN BET,1,-110,9,,,1.5,Final,7.5,-110
PHI,2024-04-27T01:40Z,401568863,SD,2024,Philadelphia Phillies,9,57.82456939,2024-04-26T11:07Z,San Diego Padres,3,-115,-115,-120,-105,-105,100,False,ESPN BET,1,100,9,,,1.5,Final,7.5,-120
PIT,2024-04-27T02:15Z,401568864,SF,2024,Pittsburgh Pirates,0,67.37894914,2024-04-26T11:07Z,San Francisco Giants,3,120,120,125,-140,-140,-145,False,ESPN BET,2,105,9,,,-1.5,Final,8.5,-125
LAD,2024-04-27T19:07Z,401568874,TOR,2024,Los Angeles Dodgers,4,40.51239657,2024-04-27T11:07Z,Toronto Blue Jays,2,-145,-145,-155,120,120,135,False,ESPN BET,1,-120,9,,,1.5,Final,7.5,100
CIN,2024-04-27T20:05Z,401568870,TEX,2024,Cincinnati Reds,8,52.91628748,2024-04-27T11:07Z,Texas Rangers,4,100,100,115,-120,-120,-135,False,ESPN BET,1,-110,9,,,1.5,Final,8.5,-110
OAK,2024-04-27T20:05Z,401568877,BAL,2024,Oakland Athletics,0,67.76435999,2024-04-27T11:07Z,Baltimore Orioles,7,170,170,145,-200,-200,-170,False,ESPN BET,1,100,9,,,-1.5,Final,8.5,-120
STL,2024-04-27T20:05Z,401568880,NYM,2024,St. Louis Cardinals,7,46.92753541,2024-04-27T11:07Z,New York Mets,4,-135,-135,-125,115,115,105,False,ESPN BET,1,-110,9,,,1.5,Final,7.5,-110
CHC,2024-04-27T20:10Z,401568869,BOS,2024,Chicago Cubs,0,53.62344309,2024-04-27T11:07Z,Boston Red Sox,17,-120,-120,-115,100,100,-105,False,ESPN BET,1,-130,9,,,1.5,Final,8.5,110
WSH,2024-04-27T20:10Z,401568882,MIA,2024,Washington Nationals,11,56.224297359999994,2024-04-27T11:07Z,Miami Marlins,4,120,120,120,-140,-140,-140,False,ESPN BET,1,-115,9,,,-1.5,Final,7.5,-105
HOU,2024-04-27T22:05Z,401568872,COL,2024,Houston Astros,12,38.15556695,2024-04-27T11:07Z,Colorado Rockies,4,,,,,,,True,,,,9,,,,Final,,
KC,2024-04-27T22:10Z,401568873,DET,2024,Kansas City Royals,5,49.79019558,2024-04-27T11:07Z,Detroit Tigers,6,-105,-105,-105,-115,-115,-115,False,ESPN BET,1,105,9,,,1.5,Final,8.5,-125
NYY,2024-04-27T23:10Z,401568876,MIL,2024,New York Yankees,15,58.97509515,2024-04-27T11:07Z,Milwaukee Brewers,3,-115,-115,-140,-105,-105,120,False,ESPN BET,1,-115,9,,,1.5,Final,8.5,-105
TB,2024-04-27T23:10Z,401568881,CHW,2024,Tampa Bay Rays,7,41.25557397,2024-04-27T11:07Z,Chicago White Sox,8,-215,-215,-240,180,180,200,False,ESPN BET,1,-115,10,,,1.5,Final/10,8.5,-105
CLE,2024-04-27T23:20Z,401568871,ATL,2024,Cleveland Guardians,4,57.77351224,2024-04-27T11:07Z,Atlanta Braves,2,140,140,150,-165,-165,-175,False,ESPN BET,1,-115,11,,,-1.5,Final/11,8.5,-105
PHI,2024-04-28T00:40Z,401568878,SD,2024,Philadelphia Phillies,5,58.38576044,2024-04-27T11:07Z,San Diego Padres,1,-105,-105,-105,-115,-115,-115,False,ESPN BET,1,100,9,,,1.5,Final,7.5,-120
PIT,2024-04-28T01:05Z,401568879,SF,2024,Pittsburgh Pirates,4,69.69973973,2024-04-27T11:07Z,San Francisco Giants,3,,,,,,,False,,,,10,,,,Final/10,,
MIN,2024-04-28T01:38Z,401568875,LAA,2024,Minnesota Twins,16,54.292562769999996,2024-04-27T11:07Z,Los Angeles Angels,5,-105,-105,105,-115,-115,-125,False,ESPN BET,1,-125,9,,,1.5,Final,8.5,105
ARI,2024-04-28T01:40Z,401568868,SEA,2024,Arizona Diamondbacks,1,55.22658843,2024-04-27T11:07Z,Seattle Mariners,3,130,130,135,-150,-150,-155,False,ESPN BET,1,110,9,,,-1.5,Final,7.5,-130
CLE,2024-04-28T17:35Z,401568886,ATL,2024,Cleveland Guardians,3,61.61672331,2024-04-28T11:05Z,Atlanta Braves,4,135,135,150,-155,-155,-175,False,ESPN BET,1,110,10,,,-1.5,Final/10,9.5,-130
OAK,2024-04-28T17:35Z,401568892,BAL,2024,Oakland Athletics,7,66.25915581000001,2024-04-28T11:05Z,Baltimore Orioles,6,170,170,150,-210,-210,-175,False,ESPN BET,1,-105,9,,,-1.5,Final,8.5,-115
LAD,2024-04-28T17:37Z,401568889,TOR,2024,Los Angeles Dodgers,1,53.11355654,2024-04-28T11:05Z,Toronto Blue Jays,3,-105,-105,100,-115,-115,-120,False,ESPN BET,1,-105,9,,,1.5,Final,8.5,-115
KC,2024-04-28T17:40Z,401568888,DET,2024,Kansas City Royals,1,63.128244290000005,2024-04-28T11:05Z,Detroit Tigers,4,145,145,130,-170,-170,-150,False,ESPN BET,1,105,9,,,-1.5,Final,7.5,-125
STL,2024-04-28T17:40Z,401568895,NYM,2024,St. Louis Cardinals,2,65.05029255,2024-04-28T11:05Z,New York Mets,4,115,115,100,-140,-140,-120,False,ESPN BET,1,100,11,,,-1.5,Final/11,8.5,-120
WSH,2024-04-28T17:40Z,401568897,MIA,2024,Washington Nationals,12,56.32160805,2024-04-28T11:05Z,Miami Marlins,9,115,115,125,-135,-135,-145,False,ESPN BET,1,-105,9,,,-1.5,Final,8.5,-115
NYY,2024-04-28T18:10Z,401568891,MIL,2024,New York Yankees,15,49.74325527,2024-04-28T11:05Z,Milwaukee Brewers,5,-130,-130,-135,110,110,115,False,ESPN BET,1,-105,9,,,1.5,Final,8.5,-115
TB,2024-04-28T18:10Z,401568896,CHW,2024,Tampa Bay Rays,2,47.08151447,2024-04-28T11:05Z,Chicago White Sox,4,-145,-145,-185,125,125,155,False,ESPN BET,1,100,9,,,1.5,Final,8.5,-120
CIN,2024-04-28T18:35Z,401568885,TEX,2024,Cincinnati Reds,3,49.9486522,2024-04-28T11:05Z,Texas Rangers,4,110,110,105,-130,-130,-125,False,ESPN BET,1,-135,9,,,-1.5,Final,8.5,115
HOU,2024-04-28T20:05Z,401568887,COL,2024,Houston Astros,8,31.26739295,2024-04-28T11:05Z,Colorado Rockies,2,,,,,,,True,,,,9,,,,Final,,
PIT,2024-04-28T20:05Z,401568894,SF,2024,Pittsburgh Pirates,2,57.68395224,2024-04-28T11:05Z,San Francisco Giants,3,-115,-110,100,-105,-110,-120,False,ESPN BET,1,100,9,,,1.5,Final,7.5,-120
MIN,2024-04-28T20:07Z,401568890,LAA,2024,Minnesota Twins,11,51.18602241,2024-04-28T11:05Z,Los Angeles Angels,5,-115,-115,-110,-105,-105,-110,False,ESPN BET,1,-120,9,,,1.5,Final,7.5,100
ARI,2024-04-28T20:10Z,401568883,SEA,2024,Arizona Diamondbacks,3,63.1931938,2024-04-28T11:05Z,Seattle Mariners,2,115,115,120,-135,-135,-140,False,ESPN BET,1,-115,9,,,-1.5,Final,6.5,-105
PHI,2024-04-28T20:10Z,401568893,SD,2024,Philadelphia Phillies,8,66.98031864000001,2024-04-28T11:05Z,San Diego Padres,6,115,115,110,-135,-135,-130,False,ESPN BET,1,100,9,,,-1.5,Final,8.5,-120
CHC,2024-04-28T23:00Z,401568884,BOS,2024,Chicago Cubs,4,59.12809695,2024-04-28T11:05Z,Boston Red Sox,5,130,130,105,-150,-150,-125,False,ESPN BET,1,105,9,,,-1.5,Final,9.5,-125
NYY,2024-04-29T22:35Z,401568904,BAL,2024,New York Yankees,0,51.96945743,2024-04-29T11:06Z,Baltimore Orioles,2,110,110,115,-130,-130,-135,False,ESPN BET,1,115,9,,,-1.5,Final,9.5,-135
WSH,2024-04-29T22:40Z,401568909,MIA,2024,Washington Nationals,7,58.950541560000005,2024-04-29T11:06Z,Miami Marlins,2,115,115,125,-135,-135,-145,False,ESPN BET,1,-105,9,,,-1.5,Final,8.5,-115
KC,2024-04-29T23:07Z,401568901,TOR,2024,Kansas City Royals,5,51.60883399,2024-04-29T11:06Z,Toronto Blue Jays,6,140,140,125,-165,-165,-145,False,ESPN BET,1,-115,9,,,-1.5,Final,8.5,-105
CHC,2024-04-29T23:10Z,401568899,NYM,2024,Chicago Cubs,3,52.28208727,2024-04-29T11:06Z,New York Mets,1,130,130,105,-150,-150,-125,False,ESPN BET,2,105,9,,,-1.5,Final,7.5,-130
MIN,2024-04-29T23:40Z,401568903,CHW,2024,Minnesota Twins,3,36.38770264,2024-04-29T11:06Z,Chicago White Sox,2,-165,-165,-155,140,140,135,False,ESPN BET,1,100,9,,,1.5,Final,7.5,-120
TB,2024-04-29T23:40Z,401568908,MIL,2024,Tampa Bay Rays,1,62.050297799999996,2024-04-29T11:06Z,Milwaukee Brewers,0,100,100,-105,-120,-120,-115,False,ESPN BET,1,110,9,,,1.5,Final,8.5,-130
PHI,2024-04-30T01:38Z,401568905,LAA,2024,Philadelphia Phillies,5,43.286319,2024-04-29T11:06Z,Los Angeles Angels,6,-150,-150,-135,130,130,115,False,ESPN BET,1,-130,9,,,1.5,Final,8.5,110
ATL,2024-04-30T01:40Z,401568898,SEA,2024,Atlanta Braves,1,47.89661795,2024-04-29T11:06Z,Seattle Mariners,2,-150,-150,-150,130,130,130,False,ESPN BET,1,110,9,,,1.5,Final,7.5,-130
CIN,2024-04-30T01:40Z,401568900,SD,2024,Cincinnati Reds,5,54.969649170000004,2024-04-29T11:06Z,San Diego Padres,2,-110,-110,100,-110,-110,-120,False,ESPN BET,1,-120,9,,,1.5,Final,7.5,100
LAD,2024-04-30T01:40Z,401568902,ARI,2024,Los Angeles Dodgers,8,43.8162967,2024-04-29T11:06Z,Arizona Diamondbacks,4,-140,-140,-140,120,120,120,False,ESPN BET,1,-110,9,,,1.5,Final,10.5,-110
PIT,2024-04-30T01:40Z,401568906,OAK,2024,Pittsburgh Pirates,1,53.930420489999996,2024-04-29T11:06Z,Oakland Athletics,5,-125,-125,-130,105,105,110,False,ESPN BET,2,-105,9,,,1.5,Final,7.5,-115
STL,2024-04-30T19:40Z,401657053,DET,2024,St. Louis Cardinals,2,50.89300114,2024-04-30T11:05Z,Detroit Tigers,1,110,,,-130,,,False,ESPN BET,1,-125,9,,,1.5,Final,8.5,105
NYY,2024-04-30T22:35Z,401568918,BAL,2024,New York Yankees,2,49.39284708,2024-04-30T11:06Z,Baltimore Orioles,4,-130,-130,-120,110,110,100,False,ESPN BET,1,-125,9,,,1.5,Final,8.5,105
COL,2024-04-30T22:40Z,401568914,MIA,2024,Colorado Rockies,6,56.04745309,2024-04-30T11:06Z,Miami Marlins,7,120,120,120,-140,-140,-140,False,ESPN BET,2,105,10,,,-1.5,Final/10,8.5,-125
STL,2024-04-30T22:40Z,401568922,DET,2024,St. Louis Cardinals,6,55.13012048,2024-04-30T11:05Z,Detroit Tigers,11,105,105,100,-125,-125,-120,False,ESPN BET,1,-125,9,,,1.5,Final,8.5,105
KC,2024-04-30T23:07Z,401568915,TOR,2024,Kansas City Royals,4,58.098991160000004,2024-04-30T11:06Z,Toronto Blue Jays,1,110,110,105,-130,-130,-125,False,ESPN BET,1,-110,9,,,-1.5,Final,7.5,-110
CHC,2024-04-30T23:10Z,401568911,NYM,2024,Chicago Cubs,2,55.32245868,2024-04-30T11:06Z,New York Mets,4,105,105,110,-125,-125,-130,False,ESPN BET,1,105,9,,,-1.5,Final,7.5,-125
SF,2024-04-30T23:10Z,401568921,BOS,2024,San Francisco Giants,0,46.693634169999996,2024-04-30T11:06Z,Boston Red Sox,4,-130,-130,-130,110,110,110,False,ESPN BET,1,-125,9,,,1.5,Final,7.5,105
MIN,2024-04-30T23:40Z,401568917,CHW,2024,Minnesota Twins,6,40.78787123,2024-04-30T11:06Z,Chicago White Sox,5,-185,-185,-165,160,160,140,False,ESPN BET,1,-115,9,,,1.5,Final,8.5,-105
TB,2024-04-30T23:40Z,401568923,MIL,2024,Tampa Bay Rays,2,68.04625056,2024-04-30T11:06Z,Milwaukee Brewers,8,155,155,125,-180,-180,-145,False,ESPN BET,1,-120,9,,,-1.5,Final,7.5,100
WSH,2024-05-01T00:05Z,401568924,TEX,2024,Washington Nationals,1,61.58113582,2024-04-30T11:06Z,Texas Rangers,7,135,135,130,-155,-155,-150,False,ESPN BET,1,-120,9,,,-1.5,Final,7.5,100
CLE,2024-05-01T00:10Z,401568913,HOU,2024,Cleveland Guardians,9,54.49500309999999,2024-04-30T11:06Z,Houston Astros,10,135,135,130,-155,-155,-150,False,ESPN BET,1,-140,10,,,-1.5,Final/10,8.5,110
PHI,2024-05-01T01:38Z,401568919,LAA,2024,Philadelphia Phillies,7,53.762765560000005,2024-04-30T11:06Z,Los Angeles Angels,5,-150,-170,-140,130,145,120,False,ESPN BET,1,105,9,,,1.5,Final,8.5,-125
ATL,2024-05-01T01:40Z,401568910,SEA,2024,Atlanta Braves,2,42.148864679999996,2024-04-30T11:06Z,Seattle Mariners,3,-125,-125,-125,105,105,105,False,ESPN BET,1,-125,9,,,1.5,Final,6.5,105
CIN,2024-05-01T01:40Z,401568912,SD,2024,Cincinnati Reds,4,58.578713459999996,2024-04-30T11:06Z,San Diego Padres,6,140,145,125,-165,-170,-145,False,ESPN BET,1,115,9,,,-1.5,Final,7.5,-135
LAD,2024-05-01T01:40Z,401568916,ARI,2024,Los Angeles Dodgers,3,53.80548463,2024-04-30T11:06Z,Arizona Diamondbacks,4,-140,-140,-110,120,120,-110,False,ESPN BET,1,-110,10,,,1.5,Final/10,10.5,-110
PIT,2024-05-01T01:40Z,401568920,OAK,2024,Pittsburgh Pirates,2,44.51858404,2024-04-30T11:06Z,Oakland Athletics,5,-130,-130,-140,110,110,120,False,ESPN BET,1,105,9,,,1.5,Final,7.5,-125
STL,2024-05-01T17:10Z,401568937,DET,2024,St. Louis Cardinals,1,56.63985134,2024-05-01T11:07Z,Detroit Tigers,4,-115,-115,-110,-105,-105,-110,False,ESPN BET,1,110,9,,,1.5,Final,9.5,-130
TB,2024-05-01T17:10Z,401568938,MIL,2024,Tampa Bay Rays,1,59.3711836,2024-05-01T11:07Z,Milwaukee Brewers,7,-115,-115,-125,-105,-105,105,False,ESPN BET,1,-105,9,,,1.5,Final,8.5,-115
MIN,2024-05-01T18:10Z,401568932,CHW,2024,Minnesota Twins,10,33.07448581,2024-05-01T11:07Z,Chicago White Sox,5,-225,-225,-200,190,190,170,False,ESPN BET,1,-135,9,,,2.5,Final,8.5,115
KC,2024-05-01T19:07Z,401568930,TOR,2024,Kansas City Royals,6,45.59163995,2024-05-01T11:07Z,Toronto Blue Jays,1,120,120,110,-145,-145,-130,False,ESPN BET,1,-120,9,,,-1.5,Final,7.5,100
PIT,2024-05-01T19:37Z,401568935,OAK,2024,Pittsburgh Pirates,0,57.20518287,2024-05-01T11:07Z,Oakland Athletics,4,-110,-110,-110,-110,-110,-110,False,ESPN BET,1,-115,9,,,1.5,Final,7.5,-105
ATL,2024-05-01T19:40Z,401568925,SEA,2024,Atlanta Braves,5,40.22855634,2024-05-01T11:07Z,Seattle Mariners,2,-190,-190,-155,160,160,135,False,ESPN BET,1,110,9,,,1.5,Final,7.5,-130
PHI,2024-05-01T20:07Z,401568934,LAA,2024,Philadelphia Phillies,2,37.226533620000005,2024-05-01T11:07Z,Los Angeles Angels,1,-225,-225,-165,190,190,140,False,ESPN BET,1,-125,9,,,1.5,Final,7.5,105
CIN,2024-05-01T20:10Z,401568927,SD,2024,Cincinnati Reds,2,60.122461920000006,2024-05-01T11:07Z,San Diego Padres,6,120,120,120,-140,-140,-140,False,ESPN BET,1,-110,9,,,-1.5,Final,7.5,-110
NYY,2024-05-01T22:35Z,401568933,BAL,2024,New York Yankees,2,59.68288239,2024-05-01T11:07Z,Baltimore Orioles,0,130,130,135,-150,-150,-155,False,ESPN BET,1,-105,9,,,-1.5,Final,8.5,-115
COL,2024-05-01T22:40Z,401568929,MIA,2024,Colorado Rockies,1,61.79411299,2024-05-01T11:07Z,Miami Marlins,4,125,125,130,-145,-145,-150,False,ESPN BET,1,-130,9,,,-1.5,Final,8.5,110
CHC,2024-05-01T23:10Z,401568926,NYM,2024,Chicago Cubs,1,55.62366186,2024-05-01T11:07Z,New York Mets,0,-120,-120,-120,100,100,100,False,ESPN BET,1,100,9,,,1.5,Final,7.5,-120
SF,2024-05-01T23:10Z,401568936,BOS,2024,San Francisco Giants,2,63.93366382,2024-05-01T11:07Z,Boston Red Sox,6,140,140,-110,-165,-165,-110,False,ESPN BET,1,-115,9,,,-1.5,Final,8.5,-105
WSH,2024-05-02T00:05Z,401568939,TEX,2024,Washington Nationals,1,61.89728298,2024-05-01T11:07Z,Texas Rangers,0,170,170,150,-200,-200,-175,False,ESPN BET,1,110,9,,,-1.5,Final,9.5,-130
CLE,2024-05-02T00:10Z,401568928,HOU,2024,Cleveland Guardians,3,58.748847950000005,2024-05-01T11:07Z,Houston Astros,2,145,145,145,-170,-170,-170,False,ESPN BET,1,-115,10,,,-1.5,Final/10,8.5,-105
LAD,2024-05-02T01:40Z,401568931,ARI,2024,Los Angeles Dodgers,8,54.19659336,2024-05-01T11:07Z,Arizona Diamondbacks,0,-140,-140,-140,120,120,120,False,ESPN BET,1,-125,9,,,1.5,Final,8.5,105
COL,2024-05-02T16:10Z,401568942,MIA,2024,Colorado Rockies,4,61.360622109999994,2024-05-02T11:07Z,Miami Marlins,5,150,150,160,-175,-175,-190,False,ESPN BET,1,-105,10,,,-1.5,Final/10,7.5,-115
NYY,2024-05-02T17:05Z,401568943,BAL,2024,New York Yankees,2,57.806176300000004,2024-05-02T11:06Z,Baltimore Orioles,7,-105,-105,-135,-115,-115,115,False,ESPN BET,1,-135,9,,,1.5,Final,8.5,115
CHC,2024-05-02T17:10Z,401568940,NYM,2024,Chicago Cubs,6,52.82754535000001,2024-05-02T11:07Z,New York Mets,7,100,100,105,-120,-120,-125,False,ESPN BET,1,110,11,,,1.5,Final/11,8.5,-130
SF,2024-05-02T17:35Z,401568944,BOS,2024,San Francisco Giants,3,62.775517810000004,2024-05-02T11:06Z,Boston Red Sox,1,105,105,-115,-125,-125,-105,False,ESPN BET,1,-105,9,,,-1.5,Final,9.5,-115
WSH,2024-05-02T18:35Z,401568945,TEX,2024,Washington Nationals,0,65.55375497,2024-05-02T11:06Z,Texas Rangers,6,165,165,175,-195,-195,-210,False,ESPN BET,1,-120,9,,,-1.5,Final,7.5,100
CLE,2024-05-03T00:10Z,401568941,HOU,2024,Cleveland Guardians,2,47.07555496,2024-05-02T11:07Z,Houston Astros,8,115,120,115,-135,-140,-135,False,ESPN BET,1,115,9,,,-1.5,Final,9.5,-135
MIL,2024-05-03T18:20Z,401568954,CHC,2024,Milwaukee Brewers,3,52.946997370000005,2024-05-03T11:06Z,Chicago Cubs,1,100,100,105,-120,-120,-125,False,ESPN BET,2,-105,9,,,1.5,Final,7.5,-115
BAL,2024-05-03T22:10Z,401568948,CIN,2024,Baltimore Orioles,3,53.53626265,2024-05-03T11:06Z,Cincinnati Reds,0,-105,-105,-110,-115,-115,-110,False,ESPN BET,1,110,9,,,1.5,Final,9.5,-130
COL,2024-05-03T22:40Z,401568951,PIT,2024,Colorado Rockies,3,62.97253852,2024-05-03T11:06Z,Pittsburgh Pirates,2,160,160,155,-190,-190,-185,False,ESPN BET,2,105,9,,,-1.5,Final,8.5,-125
SF,2024-05-03T22:40Z,401568958,PHI,2024,San Francisco Giants,3,54.27464498,2024-05-03T11:06Z,Philadelphia Phillies,4,155,155,125,-180,-180,-145,False,ESPN BET,2,110,9,,,-1.5,Final,7.5,-130
TOR,2024-05-03T22:45Z,401568960,WSH,2024,Toronto Blue Jays,3,38.15232726,2024-05-03T11:06Z,Washington Nationals,9,-210,-210,-170,175,175,145,False,ESPN BET,4,-115,9,,,1.5,Final,8.5,-105
NYM,2024-05-03T22:50Z,401568955,TB,2024,New York Mets,8,45.57562128,2024-05-03T11:06Z,Tampa Bay Rays,10,130,130,120,-150,-150,-140,False,ESPN BET,1,100,9,,,-1.5,Final,8.5,-120
DET,2024-05-03T23:05Z,401568952,NYY,2024,Detroit Tigers,1,64.80211423,2024-05-03T11:06Z,New York Yankees,2,150,150,135,-175,-175,-155,False,ESPN BET,1,-110,9,,,-1.5,Final,7.5,-110
LAA,2024-05-03T23:10Z,401568946,CLE,2024,Los Angeles Angels,6,64.35105269,2024-05-03T11:06Z,Cleveland Guardians,0,170,170,150,-200,-200,-175,False,ESPN BET,1,-105,9,,,-1.5,Final,7.5,-115
TEX,2024-05-03T23:40Z,401568959,KC,2024,Texas Rangers,1,56.35506015,2024-05-03T11:06Z,Kansas City Royals,7,-105,-105,-105,-115,-115,-115,False,ESPN BET,1,-115,9,,,1.5,Final,8.5,-105
BOS,2024-05-04T00:10Z,401568949,MIN,2024,Boston Red Sox,2,56.60604002,2024-05-03T11:06Z,Minnesota Twins,5,105,105,140,-125,-125,-165,False,ESPN BET,1,-115,9,,,-1.5,Final,7.5,-105
SEA,2024-05-04T00:10Z,401568957,HOU,2024,Seattle Mariners,3,55.70785305,2024-05-03T11:06Z,Houston Astros,5,-105,-105,100,-115,-115,-120,False,ESPN BET,1,-105,9,,,1.5,Final,8.5,-115
CHW,2024-05-04T00:15Z,401568950,STL,2024,Chicago White Sox,0,79.24899168,2024-05-03T11:06Z,St. Louis Cardinals,3,220,220,225,-270,-270,-275,False,ESPN BET,1,-105,9,,,-1.5,Final,7.5,-115
MIA,2024-05-04T01:40Z,401568953,OAK,2024,Miami Marlins,1,58.697942020000006,2024-05-03T11:06Z,Oakland Athletics,3,120,120,105,-140,-140,-125,False,ESPN BET,2,-125,9,,,-1.5,Final,7.5,105
SD,2024-05-04T01:40Z,401568956,ARI,2024,San Diego Padres,7,49.36794228,2024-05-03T11:06Z,Arizona Diamondbacks,1,-120,-120,-115,100,100,-105,False,ESPN BET,1,115,9,,,1.5,Final,9.5,-135
ATL,2024-05-04T02:10Z,401568947,LAD,2024,Atlanta Braves,3,42.50646262,2024-05-03T11:06Z,Los Angeles Dodgers,4,100,100,100,-120,-120,-120,False,ESPN BET,1,110,11,,,1.5,Final/11,9.5,-130
DET,2024-05-04T17:05Z,401568967,NYY,2024,Detroit Tigers,3,66.48661718,2024-05-04T11:06Z,New York Yankees,5,150,150,140,-175,-175,-165,False,ESPN BET,1,-115,9,,,-1.5,Final,7.5,-105
BOS,2024-05-04T18:10Z,401568964,MIN,2024,Boston Red Sox,1,54.434062510000004,2024-05-04T11:06Z,Minnesota Twins,3,155,155,155,-185,-185,-185,False,ESPN BET,1,105,9,,,-1.5,Final,7.5,-125
CHW,2024-05-04T18:15Z,401568965,STL,2024,Chicago White Sox,6,59.26196331,2024-05-04T11:06Z,St. Louis Cardinals,5,155,155,165,-185,-185,-195,False,ESPN BET,1,-110,10,,,-1.5,Final/10,8.5,-110
MIL,2024-05-04T18:20Z,401568969,CHC,2024,Milwaukee Brewers,5,54.32037291,2024-05-04T11:06Z,Chicago Cubs,6,110,110,110,-130,-130,-130,False,ESPN BET,1,-120,9,,,-1.5,Final,8.5,-110
COL,2024-05-04T20:05Z,401568966,PIT,2024,Colorado Rockies,0,64.91133535,2024-05-04T11:06Z,Pittsburgh Pirates,1,,,,,,,False,,,,9,,,,Final,,
TOR,2024-05-04T20:05Z,401568975,WSH,2024,Toronto Blue Jays,6,43.452984109999996,2024-05-04T11:06Z,Washington Nationals,3,-150,-150,-175,130,130,150,False,ESPN BET,1,-120,9,,,1.5,Final,7.5,100
MIA,2024-05-04T20:07Z,401568968,OAK,2024,Miami Marlins,4,55.3374625,2024-05-04T11:06Z,Oakland Athletics,20,105,105,-110,-125,-125,-110,False,ESPN BET,1,-125,9,,,-1.5,Final,6.5,105
SF,2024-05-04T22:05Z,401568973,PHI,2024,San Francisco Giants,3,66.56204896,2024-05-04T11:06Z,Philadelphia Phillies,14,140,140,135,-165,-165,-155,False,ESPN BET,1,110,9,,,-1.5,Final,7.5,-130
LAA,2024-05-04T22:10Z,401568961,CLE,2024,Los Angeles Angels,1,55.2551749,2024-05-04T11:06Z,Cleveland Guardians,7,100,100,115,-120,-120,-135,False,ESPN BET,1,-115,9,,,1.5,Final,7.5,-105
BAL,2024-05-04T22:40Z,401568963,CIN,2024,Baltimore Orioles,2,56.166607660000004,2024-05-04T11:06Z,Cincinnati Reds,1,105,105,-115,-125,-125,-105,False,ESPN BET,1,-130,9,,,-1.5,Final,8.5,110
TEX,2024-05-04T23:10Z,401568974,KC,2024,Texas Rangers,15,56.67663643,2024-05-04T11:06Z,Kansas City Royals,4,-115,-110,-120,-105,-110,100,False,ESPN BET,1,-105,9,,,1.5,Final,8.5,-115
NYM,2024-05-04T23:15Z,401568970,TB,2024,New York Mets,1,53.043697089999995,2024-05-04T11:06Z,Tampa Bay Rays,3,-105,-110,105,-115,-110,-125,False,ESPN BET,1,-105,9,,,1.5,Final,7.5,-115
SEA,2024-05-04T23:15Z,401568972,HOU,2024,Seattle Mariners,5,57.36454794,2024-05-04T11:06Z,Houston Astros,0,120,115,120,-140,-135,-140,False,ESPN BET,1,100,9,,,-1.5,Final,7.5,-120
SD,2024-05-05T00:10Z,401568971,ARI,2024,San Diego Padres,13,45.24610276,2024-05-04T11:06Z,Arizona Diamondbacks,1,100,100,105,-120,-120,-125,False,ESPN BET,1,-120,9,,,1.5,Final,8.5,100
ATL,2024-05-05T01:10Z,401568962,LAD,2024,Atlanta Braves,2,66.25493180000001,2024-05-04T11:06Z,Los Angeles Dodgers,11,165,165,145,-195,-195,-170,False,ESPN BET,1,-105,9,,,-1.5,Final,8.5,-115
COL,2024-05-05T17:35Z,401568981,PIT,2024,Colorado Rockies,3,58.396065809999996,2024-05-05T11:05Z,Pittsburgh Pirates,5,140,140,135,-165,-165,-155,False,ESPN BET,1,110,9,,,-1.5,Final,7.5,-130
DET,2024-05-05T17:35Z,401568982,NYY,2024,Detroit Tigers,2,52.37163266,2024-05-05T11:05Z,New York Yankees,5,115,115,110,-135,-135,-130,False,ESPN BET,1,100,8,,,-1.5,Final/8,6.5,-120
TOR,2024-05-05T17:35Z,401568990,WSH,2024,Toronto Blue Jays,8,61.26710311,2024-05-05T11:05Z,Washington Nationals,11,-105,-105,-130,-115,-115,110,False,ESPN BET,1,100,9,,,1.5,Final,8.5,-120
LAA,2024-05-05T17:40Z,401568976,CLE,2024,Los Angeles Angels,1,54.98595302,2024-05-05T11:05Z,Cleveland Guardians,4,135,135,115,-155,-155,-135,False,ESPN BET,1,105,9,,,-1.5,Final,8.5,-125
NYM,2024-05-05T17:40Z,401568985,TB,2024,New York Mets,6,57.08272161,2024-05-05T11:05Z,Tampa Bay Rays,7,-110,-110,105,-110,-110,-125,False,ESPN BET,1,105,10,,,1.5,Final/10,7.5,-125
BOS,2024-05-05T18:10Z,401568979,MIN,2024,Boston Red Sox,9,62.70001633,2024-05-05T11:05Z,Minnesota Twins,2,160,160,135,-190,-190,-155,False,ESPN BET,1,-115,9,,,-1.5,Final,7.5,-105
SEA,2024-05-05T18:10Z,401568987,HOU,2024,Seattle Mariners,5,45.41498096,2024-05-05T11:05Z,Houston Astros,4,110,110,105,-130,-130,-125,False,ESPN BET,1,105,9,,,-1.5,Final,8.5,-125
TEX,2024-05-05T18:10Z,401568989,KC,2024,Texas Rangers,3,54.41860344,2024-05-05T11:05Z,Kansas City Royals,2,-135,-135,-125,115,115,105,False,ESPN BET,1,-105,10,,,1.5,Final/10,8.5,-115
CHW,2024-05-05T18:15Z,401568980,STL,2024,Chicago White Sox,5,67.32129277,2024-05-05T11:05Z,St. Louis Cardinals,1,140,140,130,-165,-165,-150,False,ESPN BET,1,-110,9,,,-1.5,Final,7.5,-110
MIL,2024-05-05T18:20Z,401568984,CHC,2024,Milwaukee Brewers,0,50.55310796,2024-05-05T11:05Z,Chicago Cubs,5,-140,-140,-125,120,120,105,False,ESPN BET,1,-105,9,,,1.5,Final,6.5,-115
MIA,2024-05-05T20:07Z,401568983,OAK,2024,Miami Marlins,12,64.48155116999999,2024-05-05T11:05Z,Oakland Athletics,3,120,120,105,-140,-140,-125,False,ESPN BET,1,-115,9,,,-1.5,Final,7.5,-105
ATL,2024-05-05T20:10Z,401568977,LAD,2024,Atlanta Braves,1,54.38662145999999,2024-05-05T11:05Z,Los Angeles Dodgers,5,-145,-145,-125,125,125,105,False,ESPN BET,1,-105,9,,,1.5,Final,8.5,-115
BAL,2024-05-05T20:10Z,401568978,CIN,2024,Baltimore Orioles,11,53.53346524,2024-05-05T11:05Z,Cincinnati Reds,1,110,110,-105,-130,-130,-115,False,ESPN BET,1,110,9,,,-1.5,Final,9.5,-130
SD,2024-05-05T20:10Z,401568986,ARI,2024,San Diego Padres,4,47.855659779999996,2024-05-05T11:05Z,Arizona Diamondbacks,11,-110,-110,100,-110,-110,-120,False,ESPN BET,1,-115,9,,,1.5,Final,8.5,-105
SF,2024-05-05T23:00Z,401568988,PHI,2024,San Francisco Giants,4,50.503351370000004,2024-05-05T11:05Z,Philadelphia Phillies,5,-110,-110,-125,-110,-110,105,False,ESPN BET,1,-105,9,,,1.5,Final,8.5,-115
SF,2024-05-06T20:05Z,401568999,PHI,2024,San Francisco Giants,1,73.86010855,2024-05-06T11:06Z,Philadelphia Phillies,6,200,200,165,-240,-240,-195,False,ESPN BET,1,100,9,,,-1.5,Final,7.5,-120
DET,2024-05-06T22:10Z,401568993,CLE,2024,Detroit Tigers,1,62.612079359999996,2024-05-06T11:06Z,Cleveland Guardians,2,100,100,-110,-120,-120,-110,False,ESPN BET,1,110,9,,,1.5,Final,7.5,-130
LAA,2024-05-06T22:40Z,401568991,PIT,2024,Los Angeles Angels,1,53.05768995,2024-05-06T11:06Z,Pittsburgh Pirates,4,145,145,110,-170,-170,-130,False,ESPN BET,1,-125,9,,,-1.5,Final,7.5,105
CHW,2024-05-06T22:50Z,401568992,TB,2024,Chicago White Sox,2,66.16444012,2024-05-06T11:06Z,Tampa Bay Rays,8,140,140,150,-165,-165,-175,False,ESPN BET,1,-105,9,,,-1.5,Final,8.5,-115
MIL,2024-05-06T23:10Z,401568995,KC,2024,Milwaukee Brewers,2,52.23567268,2024-05-06T11:06Z,Kansas City Royals,3,115,115,125,-135,-135,-145,False,ESPN BET,1,-115,9,,,-1.5,Final,8.5,-105
SD,2024-05-06T23:40Z,401568997,CHC,2024,San Diego Padres,6,56.3646318,2024-05-06T11:06Z,Chicago Cubs,3,-105,-105,105,-115,-115,-125,False,ESPN BET,1,105,9,,,1.5,Final,7.5,-125
SEA,2024-05-06T23:40Z,401568998,MIN,2024,Seattle Mariners,1,47.39438381,2024-05-06T11:06Z,Minnesota Twins,3,-125,-125,-125,105,105,105,False,ESPN BET,1,-125,9,,,1.5,Final,7.5,105
NYM,2024-05-06T23:45Z,401568996,STL,2024,New York Mets,4,45.845346920000004,2024-05-06T11:06Z,St. Louis Cardinals,3,115,115,110,-135,-135,-130,False,ESPN BET,1,105,9,,,-1.5,Final,8.5,-125
TEX,2024-05-07T01:40Z,401569000,OAK,2024,Texas Rangers,4,44.20623454,2024-05-06T11:06Z,Oakland Athletics,2,-125,-125,-140,105,105,120,False,ESPN BET,1,-105,9,,,1.5,Final,7.5,-115
MIA,2024-05-07T02:10Z,401568994,LAD,2024,Miami Marlins,3,69.46729858,2024-05-06T11:06Z,Los Angeles Dodgers,6,270,270,210,-340,-340,-250,False,ESPN BET,1,-115,9,,,-2.5,Final,8.5,-105
TEX,2024-05-07T19:37Z,401569014,OAK,2024,Texas Rangers,15,53.66489954,2024-05-07T11:05Z,Oakland Athletics,8,-125,-125,-140,105,105,120,False,ESPN BET,1,100,9,,,1.5,Final,8.5,-120
DET,2024-05-07T22:10Z,401569006,CLE,2024,Detroit Tigers,11,63.036583459999996,2024-05-07T11:05Z,Cleveland Guardians,7,115,120,105,-135,-140,-125,False,ESPN BET,1,100,9,,,-1.5,Final,8.5,-120
ARI,2024-05-07T22:40Z,401569002,CIN,2024,Arizona Diamondbacks,6,52.08783847,2024-05-07T11:05Z,Cincinnati Reds,2,-125,-125,-125,105,105,105,False,ESPN BET,1,-120,9,,,1.5,Final,8.5,100
TOR,2024-05-07T22:40Z,401569015,PHI,2024,Toronto Blue Jays,1,56.762721000000006,2024-05-07T11:05Z,Philadelphia Phillies,10,100,100,110,-120,-120,-130,False,ESPN BET,1,100,9,,,1.5,Final,8.5,-120
BAL,2024-05-07T22:45Z,401569003,WSH,2024,Baltimore Orioles,0,37.54925006,2024-05-07T11:05Z,Washington Nationals,3,-220,-220,-225,185,185,190,False,ESPN BET,1,-120,9,,,1.5,Final,8.5,100
CHW,2024-05-07T22:50Z,401569005,TB,2024,Chicago White Sox,1,74.50157169,2024-05-07T11:05Z,Tampa Bay Rays,5,225,225,210,-275,-275,-250,False,ESPN BET,1,-115,9,,,-1.5,Final,7.5,-105
LAA,2024-05-07T23:00Z,401569001,PIT,2024,Los Angeles Angels,9,47.02270182,2024-05-07T11:05Z,Pittsburgh Pirates,0,110,110,100,-130,-130,-120,False,ESPN BET,1,-110,9,,,-1.5,Final,7.5,-110
HOU,2024-05-07T23:05Z,401569007,NYY,2024,Houston Astros,3,55.012309800000004,2024-05-07T11:05Z,New York Yankees,10,105,105,100,-125,-125,-120,False,ESPN BET,1,-110,9,,,-1.5,Final,8.5,-110
BOS,2024-05-07T23:20Z,401569004,ATL,2024,Boston Red Sox,2,60.69591138,2024-05-07T11:05Z,Atlanta Braves,4,160,160,140,-190,-190,-165,False,ESPN BET,1,-120,9,,,-1.5,Final,8.5,100
MIL,2024-05-07T23:40Z,401569009,KC,2024,Milwaukee Brewers,6,57.23152215,2024-05-07T11:05Z,Kansas City Royals,5,110,110,110,-130,-130,-130,False,ESPN BET,1,105,9,,,-1.5,Final,9.5,-125
SD,2024-05-07T23:40Z,401569011,CHC,2024,San Diego Padres,2,56.559056,2024-05-07T11:05Z,Chicago Cubs,3,145,145,115,-170,-170,-135,False,ESPN BET,1,100,9,,,-1.5,Final,9.5,-120
SEA,2024-05-07T23:40Z,401569012,MIN,2024,Seattle Mariners,10,61.86763831,2024-05-07T11:05Z,Minnesota Twins,6,140,140,125,-165,-165,-145,False,ESPN BET,1,105,9,,,-1.5,Final,8.5,-125
NYM,2024-05-07T23:45Z,401569010,STL,2024,New York Mets,7,41.75666567,2024-05-07T11:05Z,St. Louis Cardinals,5,105,105,105,-125,-125,-125,False,ESPN BET,1,-120,9,,,-1.5,Final,8.5,100
SF,2024-05-08T00:40Z,401569013,COL,2024,San Francisco Giants,5,42.69534136,2024-05-07T11:05Z,Colorado Rockies,0,-155,-165,-170,135,140,145,False,ESPN BET,2,100,9,,,1.5,Final,10.5,-120
MIA,2024-05-08T02:10Z,401569008,LAD,2024,Miami Marlins,2,73.57308773,2024-05-07T11:05Z,Los Angeles Dodgers,8,270,270,240,-340,-340,-290,False,ESPN BET,1,-115,9,,,-2.5,Final,7.5,-105
LAA,2024-05-08T16:35Z,401569016,PIT,2024,Los Angeles Angels,5,46.595033730000004,2024-05-08T11:06Z,Pittsburgh Pirates,4,120,120,110,-140,-140,-130,False,ESPN BET,1,-125,9,,,-1.5,Final,8.5,105
TOR,2024-05-08T17:05Z,401569031,PHI,2024,Toronto Blue Jays,5,67.41718811,2024-05-08T11:06Z,Philadelphia Phillies,3,145,145,130,-170,-170,-150,False,ESPN BET,1,-115,9,,,-1.5,Final,8.5,-105
DET,2024-05-08T17:10Z,401569021,CLE,2024,Detroit Tigers,4,63.442729990000004,2024-05-08T11:06Z,Cleveland Guardians,5,105,105,120,-125,-125,-140,False,ESPN BET,1,100,10,,,-1.5,Final/10,7.5,-120
MIL,2024-05-08T18:10Z,401569024,KC,2024,Milwaukee Brewers,4,54.089211969999994,2024-05-08T11:06Z,Kansas City Royals,6,100,105,105,-120,-125,-125,False,ESPN BET,1,-110,9,,,1.5,Final,8.5,-110
SD,2024-05-08T18:20Z,401569026,CHC,2024,San Diego Padres,3,45.24147476,2024-05-08T11:06Z,Chicago Cubs,0,-125,-125,-125,105,105,105,False,ESPN BET,1,105,9,,,1.5,Final,7.5,-125
MIA,2024-05-08T19:10Z,401569023,LAD,2024,Miami Marlins,1,69.21755561,2024-05-08T11:06Z,Los Angeles Dodgers,3,215,215,220,-260,-260,-270,False,ESPN BET,1,-120,9,,,-1.5,Final,8.5,100
TEX,2024-05-08T19:37Z,401569030,OAK,2024,Texas Rangers,4,50.38547382,2024-05-08T11:06Z,Oakland Athletics,9,-120,-120,-125,100,100,105,False,ESPN BET,1,100,9,,,1.5,Final,8.5,-120
TEX,2024-05-08T22:37Z,401569029,OAK,2024,Texas Rangers,12,45.890369209999996,2024-05-08T11:06Z,Oakland Athletics,11,-150,-150,-135,130,130,115,False,ESPN BET,1,-110,9,,,1.5,Final,8.5,-110
ARI,2024-05-08T22:40Z,401569017,CIN,2024,Arizona Diamondbacks,4,48.3026152,2024-05-08T11:06Z,Cincinnati Reds,3,-115,-115,-125,-105,-105,105,False,ESPN BET,1,110,9,,,1.5,Final,9.5,-130
BAL,2024-05-08T22:45Z,401569018,WSH,2024,Baltimore Orioles,7,39.83738762,2024-05-08T11:06Z,Washington Nationals,6,-170,-170,-175,145,145,150,False,ESPN BET,1,-105,12,,,1.5,Final/12,8.5,-115
CHW,2024-05-08T22:50Z,401569020,TB,2024,Chicago White Sox,4,69.92686693,2024-05-08T11:06Z,Tampa Bay Rays,1,215,215,190,-260,-260,-225,False,ESPN BET,1,-105,9,,,-1.5,Final,8.5,-115
HOU,2024-05-08T23:05Z,401569022,NYY,2024,Houston Astros,4,61.49054993000001,2024-05-08T11:06Z,New York Yankees,9,140,140,125,-165,-165,-145,False,ESPN BET,1,-105,9,,,-1.5,Final,9.5,-115
BOS,2024-05-08T23:20Z,401569019,ATL,2024,Boston Red Sox,0,59.69287569,2024-05-08T11:06Z,Atlanta Braves,5,170,170,170,-200,-200,-200,False,ESPN BET,1,-105,9,,,-1.5,Final,8.5,-115
SEA,2024-05-08T23:40Z,401569027,MIN,2024,Seattle Mariners,3,57.53872765,2024-05-08T11:06Z,Minnesota Twins,6,-105,-105,-120,-115,-115,100,False,ESPN BET,1,-125,9,,,1.5,Final,7.5,105
SF,2024-05-09T00:40Z,401569028,COL,2024,San Francisco Giants,8,34.352254869999996,2024-05-08T11:06Z,Colorado Rockies,6,-165,-165,-190,140,140,160,False,ESPN BET,1,100,9,,,1.5,Final,9.5,-120
ARI,2024-05-09T17:10Z,401569032,CIN,2024,Arizona Diamondbacks,5,56.657366509999996,2024-05-09T11:06Z,Cincinnati Reds,4,125,125,100,-145,-145,-120,False,ESPN BET,1,-130,9,,,-1.5,Final,8.5,110
SEA,2024-05-09T17:10Z,401569036,MIN,2024,Seattle Mariners,1,54.592701889999994,2024-05-09T11:06Z,Minnesota Twins,11,-105,-105,105,-115,-115,-125,False,ESPN BET,1,-125,9,,,1.5,Final,6.5,105
SF,2024-05-09T19:10Z,401569037,COL,2024,San Francisco Giants,1,46.51582102,2024-05-09T11:06Z,Colorado Rockies,9,-135,-135,-170,115,115,145,False,ESPN BET,1,100,9,,,1.5,Final,9.5,-120
HOU,2024-05-09T21:05Z,401569034,NYY,2024,Houston Astros,4,62.73484881,2024-05-09T11:06Z,New York Yankees,3,125,125,115,-145,-145,-135,False,ESPN BET,1,-120,9,,,-1.5,Final,8.5,100
CLE,2024-05-09T23:40Z,401569033,CHW,2024,Cleveland Guardians,2,42.82160827,2024-05-09T11:06Z,Chicago White Sox,3,-155,-155,-155,135,135,135,False,ESPN BET,1,-120,9,,,1.5,Final,7.5,100
STL,2024-05-09T23:40Z,401569038,MIL,2024,St. Louis Cardinals,1,46.18341303,2024-05-09T11:06Z,Milwaukee Brewers,7,-135,-135,100,115,115,-120,False,ESPN BET,1,-110,9,,,1.5,Final,7.5,-110
KC,2024-05-10T01:38Z,401569035,LAA,2024,Kansas City Royals,10,55.24881316,2024-05-09T11:06Z,Los Angeles Angels,4,-120,-120,-115,100,100,-105,False,ESPN BET,1,100,9,,,1.5,Final,8.5,-120
CHC,2024-05-10T22:40Z,401569041,PIT,2024,Chicago Cubs,7,44.748823980000004,2024-05-10T11:07Z,Pittsburgh Pirates,2,110,110,105,-130,-130,-125,False,ESPN BET,1,110,9,,,-1.5,Final,7.5,-130
HOU,2024-05-10T22:40Z,401569044,DET,2024,Houston Astros,5,44.854134359999996,2024-05-10T11:07Z,Detroit Tigers,2,-140,-140,-125,120,120,105,False,ESPN BET,1,-130,9,,,1.5,Final,7.5,110
NYY,2024-05-10T22:50Z,401569048,TB,2024,New York Yankees,2,41.89568093,2024-05-10T11:07Z,Tampa Bay Rays,0,-125,-130,-145,105,110,125,False,ESPN BET,1,-105,9,,,1.5,Final,8.5,-115
ARI,2024-05-10T23:05Z,401569039,BAL,2024,Arizona Diamondbacks,2,61.95572509,2024-05-10T11:07Z,Baltimore Orioles,4,120,120,110,-140,-140,-130,False,ESPN BET,1,-125,9,,,-1.5,Final,7.5,105
MIN,2024-05-10T23:07Z,401569047,TOR,2024,Minnesota Twins,3,50.56906977,2024-05-10T11:07Z,Toronto Blue Jays,2,100,100,-105,-120,-120,-115,False,ESPN BET,1,-105,9,,,1.5,Final,7.5,-115
ATL,2024-05-10T23:10Z,401569040,NYM,2024,Atlanta Braves,4,48.02088433,2024-05-10T11:07Z,New York Mets,2,-155,-155,-150,130,130,130,False,ESPN BET,1,-115,9,,,1.5,Final,7.5,-105
PHI,2024-05-10T23:10Z,401569050,MIA,2024,Philadelphia Phillies,8,33.29457522,2024-05-10T11:07Z,Miami Marlins,2,-190,-190,-170,160,160,145,False,ESPN BET,1,-105,9,,,1.5,Final,7.5,-115
WSH,2024-05-10T23:10Z,401569053,BOS,2024,Washington Nationals,5,70.63973159,2024-05-10T11:06Z,Boston Red Sox,1,175,175,110,-210,-210,-130,False,ESPN BET,1,105,9,,,-1.5,Final,8.5,-125
CLE,2024-05-10T23:40Z,401569043,CHW,2024,Cleveland Guardians,3,48.11858799,2024-05-10T11:07Z,Chicago White Sox,6,100,100,-135,-120,-120,115,False,ESPN BET,1,105,9,,,1.5,Final,7.5,-125
STL,2024-05-11T00:10Z,401569051,MIL,2024,St. Louis Cardinals,2,63.109060969999994,2024-05-10T11:07Z,Milwaukee Brewers,11,100,100,115,-120,-120,-135,False,ESPN BET,1,-110,9,,,-1.5,Final,8.5,-110
TEX,2024-05-11T00:40Z,401569052,COL,2024,Texas Rangers,2,36.812382850000006,2024-05-10T11:07Z,Colorado Rockies,4,-195,-195,-190,165,165,160,False,ESPN BET,1,-110,9,,,1.5,Final,9.5,-110
KC,2024-05-11T01:38Z,401569045,LAA,2024,Kansas City Royals,2,49.94215701,2024-05-10T11:07Z,Los Angeles Angels,1,-125,-125,-110,105,105,-110,False,ESPN BET,1,-115,9,,,1.5,Final,8.5,-105
LAD,2024-05-11T01:40Z,401569046,SD,2024,Los Angeles Dodgers,1,44.84908584,2024-05-10T11:07Z,San Diego Padres,2,-190,-190,-165,160,160,140,False,ESPN BET,1,-115,9,,,1.5,Final,7.5,-105
OAK,2024-05-11T01:40Z,401569049,SEA,2024,Oakland Athletics,1,57.653574320000004,2024-05-10T11:07Z,Seattle Mariners,8,130,130,120,-150,-150,-140,False,ESPN BET,1,105,9,,,-1.5,Final,7.5,-125
CIN,2024-05-11T02:15Z,401569042,SF,2024,Cincinnati Reds,4,57.768400099999994,2024-05-10T11:07Z,San Francisco Giants,2,125,125,130,-145,-145,-150,False,ESPN BET,1,-135,9,,,-1.5,Final,6.5,115
MIN,2024-05-11T19:07Z,401569062,TOR,2024,Minnesota Twins,8,59.42762776,2024-05-11T11:05Z,Toronto Blue Jays,10,125,125,130,-145,-145,-150,False,ESPN BET,1,-120,9,,,-1.5,Final,7.5,100
ARI,2024-05-11T20:05Z,401569054,BAL,2024,Arizona Diamondbacks,4,63.37952077,2024-05-11T11:05Z,Baltimore Orioles,5,140,140,135,-165,-165,-155,False,ESPN BET,1,-120,11,,,-1.5,Final/11,8.5,100
CHC,2024-05-11T20:05Z,401569056,PIT,2024,Chicago Cubs,9,36.80614907,2024-05-11T11:05Z,Pittsburgh Pirates,10,-115,-115,-115,-105,-105,-105,False,ESPN BET,1,-135,9,,,1.5,Final,6.5,115
ATL,2024-05-11T20:10Z,401569055,NYM,2024,Atlanta Braves,4,46.8256365,2024-05-11T11:05Z,New York Mets,1,-160,-140,-165,135,120,140,False,ESPN BET,1,115,9,,,1.5,Final,7.5,-135
NYY,2024-05-11T20:10Z,401569063,TB,2024,New York Yankees,2,47.22057931,2024-05-11T11:05Z,Tampa Bay Rays,7,-110,-110,-125,-110,-110,105,False,ESPN BET,1,105,9,,,1.5,Final,8.5,-125
PHI,2024-05-11T20:10Z,401569065,MIA,2024,Philadelphia Phillies,8,39.577184450000004,2024-05-11T11:05Z,Miami Marlins,3,-125,-125,-130,105,105,110,False,ESPN BET,1,105,9,,,1.5,Final,8.5,-125
WSH,2024-05-11T20:10Z,401569068,BOS,2024,Washington Nationals,2,59.469020709999995,2024-05-11T11:05Z,Boston Red Sox,4,125,125,130,-145,-145,-150,False,ESPN BET,1,-115,9,,,-1.5,Final,8.5,-105
HOU,2024-05-11T22:10Z,401569059,DET,2024,Houston Astros,2,61.39479712,2024-05-11T11:05Z,Detroit Tigers,8,135,135,105,-155,-155,-125,False,ESPN BET,1,-115,9,,,-1.5,Final,7.5,-105
CLE,2024-05-11T23:10Z,401569058,CHW,2024,Cleveland Guardians,1,42.04948697,2024-05-11T11:05Z,Chicago White Sox,3,-175,-175,-165,150,150,140,False,ESPN BET,1,105,9,,,1.5,Final,8.5,-125
CIN,2024-05-11T23:15Z,401569057,SF,2024,Cincinnati Reds,1,48.92916779,2024-05-11T11:05Z,San Francisco Giants,5,-145,-145,-120,125,125,100,False,ESPN BET,1,-105,9,,,1.5,Final,7.5,-115
STL,2024-05-11T23:15Z,401569066,MIL,2024,St. Louis Cardinals,3,68.32973537,2024-05-11T11:05Z,Milwaukee Brewers,5,155,155,135,-185,-185,-155,False,ESPN BET,1,-120,9,,,-1.5,Final,7.5,100
TEX,2024-05-12T00:10Z,401569067,COL,2024,Texas Rangers,3,41.3705395,2024-05-11T11:05Z,Colorado Rockies,8,-150,-150,-150,130,130,130,False,ESPN BET,1,-115,9,,,1.5,Final,9.5,-105
LAD,2024-05-12T00:40Z,401569061,SD,2024,Los Angeles Dodgers,5,41.92594408,2024-05-11T11:05Z,San Diego Padres,0,-150,-150,-140,130,130,120,False,ESPN BET,1,100,9,,,1.5,Final,9.5,-120
KC,2024-05-12T01:38Z,401569060,LAA,2024,Kansas City Royals,3,46.01165114,2024-05-11T11:05Z,Los Angeles Angels,9,-155,-175,-145,135,150,125,False,ESPN BET,1,100,9,,,1.5,Final,8.5,-120
OAK,2024-05-12T01:40Z,401569064,SEA,2024,Oakland Athletics,8,73.11012995,2024-05-11T11:05Z,Seattle Mariners,1,195,195,195,-230,-230,-230,False,ESPN BET,1,100,9,,,-1.5,Final,8.5,-120
ARI,2024-05-12T17:35Z,401569069,BAL,2024,Arizona Diamondbacks,9,52.711347870000004,2024-05-12T11:05Z,Baltimore Orioles,2,110,110,105,-130,-130,-125,False,ESPN BET,1,105,9,,,-1.5,Final,7.5,-125
CHC,2024-05-12T17:35Z,401569071,PIT,2024,Chicago Cubs,5,53.5899102,2024-05-12T11:05Z,Pittsburgh Pirates,4,-120,-120,-120,100,100,100,False,ESPN BET,1,-130,10,,,1.5,Final/10,8.5,110
WSH,2024-05-12T17:35Z,401569083,BOS,2024,Washington Nationals,2,59.22278033,2024-05-12T11:05Z,Boston Red Sox,3,115,115,130,-135,-135,-150,False,ESPN BET,1,-115,9,,,-1.5,Final,7.5,-105
MIN,2024-05-12T17:37Z,401569077,TOR,2024,Minnesota Twins,5,38.74869465,2024-05-12T11:05Z,Toronto Blue Jays,1,-120,-120,-140,100,100,120,False,ESPN BET,1,-120,9,,,1.5,Final,7.5,100
HOU,2024-05-12T17:40Z,401569074,DET,2024,Houston Astros,9,48.53475779,2024-05-12T11:05Z,Detroit Tigers,3,100,100,-115,-120,-120,-105,False,ESPN BET,1,-115,9,,,1.5,Final,7.5,-105
NYY,2024-05-12T17:40Z,401569078,TB,2024,New York Yankees,10,44.39739309,2024-05-12T11:05Z,Tampa Bay Rays,6,-150,-150,-140,130,130,120,False,ESPN BET,1,-120,9,,,1.5,Final,8.5,100
PHI,2024-05-12T17:40Z,401569080,MIA,2024,Philadelphia Phillies,6,33.21980338,2024-05-12T11:05Z,Miami Marlins,7,-210,-210,-230,175,175,195,False,ESPN BET,1,110,10,,,1.5,Final/10,7.5,-130
CLE,2024-05-12T18:10Z,401569073,CHW,2024,Cleveland Guardians,7,37.82492791,2024-05-12T11:05Z,Chicago White Sox,0,-170,-170,-175,145,145,150,False,ESPN BET,1,100,9,,,1.5,Final,9.5,-120
STL,2024-05-12T18:10Z,401569081,MIL,2024,St. Louis Cardinals,4,73.92089934,2024-05-12T11:05Z,Milwaukee Brewers,3,125,125,120,-150,-150,-140,False,ESPN BET,1,115,9,,,-1.5,Final,9.5,-135
TEX,2024-05-12T19:10Z,401569082,COL,2024,Texas Rangers,1,47.37731147,2024-05-12T11:05Z,Colorado Rockies,3,-150,-150,-150,130,130,130,False,ESPN BET,1,-120,9,,,1.5,Final,10.5,100
CIN,2024-05-12T20:05Z,401569072,SF,2024,Cincinnati Reds,5,51.1077813,2024-05-12T11:05Z,San Francisco Giants,6,110,110,110,-130,-130,-130,False,ESPN BET,1,105,10,,,-1.5,Final/10,7.5,-125
KC,2024-05-12T20:07Z,401569075,LAA,2024,Kansas City Royals,4,43.32371021,2024-05-12T11:05Z,Los Angeles Angels,2,-105,-105,-135,-115,-115,115,False,ESPN BET,1,105,9,,,1.5,Final,8.5,-125
LAD,2024-05-12T20:10Z,401569076,SD,2024,Los Angeles Dodgers,0,55.23040757,2024-05-12T11:05Z,San Diego Padres,4,-115,-115,-135,-105,-105,115,False,ESPN BET,1,-115,9,,,1.5,Final,7.5,-105
OAK,2024-05-12T20:10Z,401569079,SEA,2024,Oakland Athletics,4,68.30269807,2024-05-12T11:05Z,Seattle Mariners,8,195,195,200,-230,-230,-240,False,ESPN BET,1,-105,9,,,-1.5,Final,7.5,-115
ATL,2024-05-12T23:00Z,401569070,NYM,2024,Atlanta Braves,3,51.11640183,2024-05-12T11:05Z,New York Mets,4,-110,-110,-125,-110,-110,105,False,ESPN BET,1,-130,9,,,1.5,Final,7.5,110
TOR,2024-05-13T22:35Z,401569096,BAL,2024,Toronto Blue Jays,3,62.08285503,2024-05-13T11:06Z,Baltimore Orioles,2,155,155,130,-185,-185,-150,False,ESPN BET,1,-115,10,,,-1.5,Final/10,7.5,-105
MIA,2024-05-13T22:40Z,401569090,DET,2024,Miami Marlins,5,61.42274196,2024-05-13T11:06Z,Detroit Tigers,6,145,145,150,-170,-170,-175,False,ESPN BET,1,-130,9,,,-1.5,Final,8.5,110
PHI,2024-05-13T23:10Z,401569092,NYM,2024,Philadelphia Phillies,5,51.81423599,2024-05-13T11:06Z,New York Mets,4,-105,-105,-130,-115,-115,110,False,ESPN BET,2,115,10,,,1.5,Final/10,7.5,-135
TB,2024-05-13T23:10Z,401569095,BOS,2024,Tampa Bay Rays,5,60.35927017,2024-05-13T11:06Z,Boston Red Sox,3,100,100,110,-120,-120,-130,False,ESPN BET,1,-120,9,,,1.5,Final,8.5,100
CHC,2024-05-13T23:20Z,401569084,ATL,2024,Chicago Cubs,0,63.13755175,2024-05-13T11:06Z,Atlanta Braves,2,115,115,130,-135,-135,-150,False,ESPN BET,1,-120,9,,,-1.5,Final,7.5,100
PIT,2024-05-13T23:40Z,401569093,MIL,2024,Pittsburgh Pirates,8,64.80805588,2024-05-13T11:06Z,Milwaukee Brewers,6,125,125,110,-145,-145,-130,False,ESPN BET,1,100,9,,,-1.5,Final,8.5,-120
CLE,2024-05-14T00:05Z,401569086,TEX,2024,Cleveland Guardians,7,48.35635863,2024-05-13T11:06Z,Texas Rangers,0,-115,-115,105,-105,-105,-125,False,ESPN BET,1,-130,9,,,1.5,Final,8.5,110
OAK,2024-05-14T00:10Z,401569091,HOU,2024,Oakland Athletics,2,59.324168799999995,2024-05-13T11:06Z,Houston Astros,9,145,155,140,-170,-185,-165,False,ESPN BET,1,-115,9,,,-1.5,Final,8.5,-105
STL,2024-05-14T01:38Z,401569094,LAA,2024,St. Louis Cardinals,10,61.069808110000004,2024-05-13T11:06Z,Los Angeles Angels,5,-115,-115,-105,-105,-105,-115,False,ESPN BET,1,-115,9,,,1.5,Final,8.5,-105
CIN,2024-05-14T01:40Z,401569085,ARI,2024,Cincinnati Reds,5,63.11737171,2024-05-13T11:06Z,Arizona Diamondbacks,6,125,125,125,-145,-145,-145,False,ESPN BET,1,-120,9,,,-1.5,Final,8.5,100
COL,2024-05-14T01:40Z,401569087,SD,2024,Colorado Rockies,5,72.62395862,2024-05-13T11:06Z,San Diego Padres,4,185,185,170,-220,-220,-200,False,ESPN BET,1,-125,9,,,-1.5,Final,7.5,105
KC,2024-05-14T01:40Z,401569088,SEA,2024,Kansas City Royals,2,57.378935600000005,2024-05-13T11:06Z,Seattle Mariners,6,130,130,120,-150,-150,-140,False,ESPN BET,1,-125,9,,,-1.5,Final,6.5,105
LAD,2024-05-14T01:45Z,401569089,SF,2024,Los Angeles Dodgers,6,49.43626535,2024-05-13T11:06Z,San Francisco Giants,4,-220,-220,-175,185,185,150,False,ESPN BET,1,-120,10,,,1.5,Final/10,7.5,100
PHI,2024-05-14T17:10Z,401569107,NYM,2024,Philadelphia Phillies,4,51.86517538,2024-05-14T11:07Z,New York Mets,0,-125,-125,-140,105,105,120,False,ESPN BET,1,-120,9,,,1.5,Final,7.5,100
WSH,2024-05-14T20:40Z,401671248,CHW,2024,Washington Nationals,6,43.88470793,2024-05-14T11:06Z,Chicago White Sox,3,-120,-120,-125,100,100,105,False,ESPN BET,1,-130,9,,,1.5,Final,7.5,110
MIA,2024-05-14T22:40Z,401569104,DET,2024,Miami Marlins,1,69.65101514,2024-05-14T11:07Z,Detroit Tigers,0,155,155,155,-185,-185,-185,False,ESPN BET,1,105,10,,,-1.5,Final/10,8.5,-125
TB,2024-05-14T23:10Z,401569110,BOS,2024,Tampa Bay Rays,4,61.59089997,2024-05-14T11:07Z,Boston Red Sox,5,100,100,105,-120,-120,-125,False,ESPN BET,1,100,12,,,1.5,Final/12,9.5,-120
CHC,2024-05-14T23:20Z,401569098,ATL,2024,Chicago Cubs,0,63.46908842,2024-05-14T11:06Z,Atlanta Braves,7,170,170,160,-200,-200,-190,False,ESPN BET,1,-120,9,,,-1.5,Final,7.5,100
NYY,2024-05-14T23:40Z,401569105,MIN,2024,New York Yankees,5,60.32713122,2024-05-14T11:07Z,Minnesota Twins,1,-115,-115,-135,-105,-105,115,False,ESPN BET,1,100,9,,,1.5,Final,8.5,-120
PIT,2024-05-14T23:40Z,401569108,MIL,2024,Pittsburgh Pirates,3,71.54258718,2024-05-14T11:07Z,Milwaukee Brewers,4,140,140,135,-165,-165,-155,False,ESPN BET,1,100,9,,,-1.5,Final,8.5,-120
CLE,2024-05-15T00:05Z,401569100,TEX,2024,Cleveland Guardians,7,46.079620840000004,2024-05-14T11:07Z,Texas Rangers,4,105,105,100,-125,-125,-120,False,ESPN BET,1,105,9,,,-1.5,Final,9.5,-125
WSH,2024-05-15T00:05Z,401569112,CHW,2024,Washington Nationals,0,51.11385348,2024-05-14T11:06Z,Chicago White Sox,4,-110,-110,-110,-110,-110,-110,False,ESPN BET,1,-105,9,,,1.5,Final,7.5,-115
OAK,2024-05-15T00:10Z,401569106,HOU,2024,Oakland Athletics,1,65.89456415000001,2024-05-14T11:07Z,Houston Astros,2,150,150,160,-175,-175,-190,False,ESPN BET,1,-120,10,,,-1.5,Final/10,8.5,100
STL,2024-05-15T01:38Z,401569109,LAA,2024,St. Louis Cardinals,7,44.949019379999996,2024-05-14T11:07Z,Los Angeles Angels,6,-140,-140,-145,120,120,125,False,ESPN BET,1,110,9,,,1.5,Final,7.5,-130
CIN,2024-05-15T01:40Z,401569099,ARI,2024,Cincinnati Reds,6,55.73904181,2024-05-14T11:06Z,Arizona Diamondbacks,2,-105,-105,100,-115,-115,-120,False,ESPN BET,1,-115,9,,,1.5,Final,8.5,-105
COL,2024-05-15T01:40Z,401569101,SD,2024,Colorado Rockies,6,75.45652534,2024-05-14T11:07Z,San Diego Padres,3,210,240,225,-250,-290,-275,False,ESPN BET,1,115,9,,,-1.5,Final,7.5,-135
KC,2024-05-15T01:40Z,401569102,SEA,2024,Kansas City Royals,4,62.26416038,2024-05-14T11:07Z,Seattle Mariners,2,130,130,125,-150,-150,-145,False,ESPN BET,1,-105,9,,,-1.5,Final,7.5,-115
LAD,2024-05-15T01:45Z,401569103,SF,2024,Los Angeles Dodgers,10,47.18025742,2024-05-14T11:07Z,San Francisco Giants,2,-190,-190,-165,155,155,140,False,ESPN BET,1,-110,9,,,1.5,Final,8.5,-110
TOR,2024-05-15T16:35Z,401569126,BAL,2024,Toronto Blue Jays,2,69.19505281,2024-05-15T11:05Z,Baltimore Orioles,3,115,115,105,-135,-135,-125,False,ESPN BET,1,-135,9,,,-1.5,Final,6.5,115
MIA,2024-05-15T17:10Z,401569119,DET,2024,Miami Marlins,2,61.06877932,2024-05-15T11:05Z,Detroit Tigers,0,140,140,135,-170,-170,-155,False,ESPN BET,1,-115,9,,,-1.5,Final,8.5,-105
PIT,2024-05-15T17:10Z,401569123,MIL,2024,Pittsburgh Pirates,2,66.77095018,2024-05-15T11:05Z,Milwaukee Brewers,10,130,130,110,-150,-150,-130,False,ESPN BET,1,105,9,,,-1.5,Final,8.5,-125
WSH,2024-05-15T18:10Z,401569127,CHW,2024,Washington Nationals,0,56.55489377000001,2024-05-15T11:05Z,Chicago White Sox,2,145,145,115,-170,-170,-135,False,ESPN BET,1,105,9,,,-1.5,Final,7.5,-125
CIN,2024-05-15T19:40Z,401569114,ARI,2024,Cincinnati Reds,1,53.24286548,2024-05-15T11:05Z,Arizona Diamondbacks,2,135,135,120,-155,-155,-140,False,ESPN BET,1,100,9,,,-1.5,Final,8.5,-120
COL,2024-05-15T20:10Z,401569116,SD,2024,Colorado Rockies,8,75.34598924,2024-05-15T11:05Z,San Diego Padres,0,200,200,200,-240,-240,-240,False,ESPN BET,1,105,9,,,-1.5,Final,7.5,-125
KC,2024-05-15T20:10Z,401569117,SEA,2024,Kansas City Royals,2,58.64644815,2024-05-15T11:05Z,Seattle Mariners,4,125,125,115,-145,-145,-135,False,ESPN BET,1,-120,9,,,-1.5,Final,7.5,100
NYM,2024-05-15T22:40Z,401569121,PHI,2024,New York Mets,5,67.50458908,2024-05-15T11:05Z,Philadelphia Phillies,10,175,175,145,-210,-210,-170,False,ESPN BET,1,100,9,,,-1.5,Final,7.5,-120
TB,2024-05-15T23:10Z,401569125,BOS,2024,Tampa Bay Rays,4,62.22276781,2024-05-15T11:05Z,Boston Red Sox,3,110,110,115,-130,-130,-135,False,ESPN BET,1,100,9,,,-1.5,Final,8.5,-120
CHC,2024-05-15T23:20Z,401569113,ATL,2024,Chicago Cubs,7,59.83940984,2024-05-15T11:05Z,Atlanta Braves,1,155,155,150,-185,-185,-175,False,ESPN BET,1,-125,9,,,-1.5,Final,8.5,105
NYY,2024-05-15T23:40Z,401569120,MIN,2024,New York Yankees,4,54.354924260000004,2024-05-15T11:05Z,Minnesota Twins,0,120,120,-105,-140,-140,-115,False,ESPN BET,1,-125,9,,,-1.5,Final,7.5,105
CLE,2024-05-16T00:05Z,401569115,TEX,2024,Cleveland Guardians,0,63.84349134,2024-05-15T11:05Z,Texas Rangers,4,160,160,130,-190,-190,-150,False,ESPN BET,1,-125,9,,,-1.5,Final,8.5,105
OAK,2024-05-16T00:10Z,401569122,HOU,2024,Oakland Athletics,0,68.9762965,2024-05-15T11:05Z,Houston Astros,3,210,210,190,-250,-250,-225,False,ESPN BET,1,-130,9,,,-1.5,Final,8.5,110
STL,2024-05-16T01:07Z,401569124,LAA,2024,St. Louis Cardinals,2,56.07636529,2024-05-15T11:05Z,Los Angeles Angels,7,-125,-125,-125,105,105,105,False,ESPN BET,1,-105,9,,,1.5,Final,8.5,-115
LAD,2024-05-16T01:45Z,401569118,SF,2024,Los Angeles Dodgers,1,41.44197721,2024-05-15T11:05Z,San Francisco Giants,4,-140,-140,-135,120,120,115,False,ESPN BET,1,-120,9,,,1.5,Final,7.5,100
NYY,2024-05-16T17:10Z,401569129,MIN,2024,New York Yankees,5,52.22688806,2024-05-16T11:05Z,Minnesota Twins,0,100,100,-115,-120,-120,-105,False,ESPN BET,1,110,9,,,1.5,Final,8.5,-130
NYM,2024-05-16T22:40Z,401569130,PHI,2024,New York Mets,6,57.774746570000005,2024-05-16T11:05Z,Philadelphia Phillies,5,125,125,120,-145,-145,-140,False,ESPN BET,1,-110,11,,,-1.5,Final/11,8.5,-110
TB,2024-05-16T23:10Z,401569133,BOS,2024,Tampa Bay Rays,7,52.824895979999994,2024-05-16T11:05Z,Boston Red Sox,5,-110,-110,-110,-110,-110,-110,False,ESPN BET,1,-120,9,,,1.5,Final,7.5,100
PIT,2024-05-16T23:40Z,401569132,CHC,2024,Pittsburgh Pirates,5,65.25098299,2024-05-16T11:05Z,Chicago Cubs,4,105,105,120,-125,-125,-140,False,ESPN BET,1,-120,9,,,1.5,Final,7.5,100
OAK,2024-05-17T00:10Z,401569131,HOU,2024,Oakland Athletics,1,69.02027454,2024-05-16T11:05Z,Houston Astros,8,175,175,190,-210,-210,-225,False,ESPN BET,1,-135,9,,,-1.5,Final,8.5,115
CIN,2024-05-17T02:10Z,401569128,LAD,2024,Cincinnati Reds,7,75.52617565999999,2024-05-16T11:05Z,Los Angeles Dodgers,2,250,250,240,-310,-310,-290,False,ESPN BET,1,100,9,,,-2.5,Final,7.5,-120
PIT,2024-05-17T18:20Z,401569144,CHC,2024,Pittsburgh Pirates,9,55.87214313,2024-05-17T11:06Z,Chicago Cubs,3,-120,-120,-110,100,100,-110,False,ESPN BET,1,100,9,,,1.5,Final,7.5,-120
WSH,2024-05-17T22:40Z,401569148,PHI,2024,Washington Nationals,2,76.07271377000001,2024-05-17T11:06Z,Philadelphia Phillies,4,210,210,225,-250,-250,-275,False,ESPN BET,1,-120,9,,,-1.5,Final,7.5,100
CHW,2024-05-17T23:05Z,401569136,NYY,2024,Chicago White Sox,2,71.4687323,2024-05-17T11:06Z,New York Yankees,4,235,235,225,-290,-290,-275,False,ESPN BET,1,-115,9,,,-1.5,Final,7.5,-105
SEA,2024-05-17T23:05Z,401569146,BAL,2024,Seattle Mariners,2,56.803118330000004,2024-05-17T11:06Z,Baltimore Orioles,9,115,115,110,-135,-135,-130,False,ESPN BET,1,100,9,,,-1.5,Final,8.5,-120
TB,2024-05-17T23:07Z,401569147,TOR,2024,Tampa Bay Rays,4,54.81236636,2024-05-17T11:06Z,Toronto Blue Jays,3,140,140,150,-165,-165,-175,False,ESPN BET,1,-105,9,,,-1.5,Final,8.5,-115
MIN,2024-05-17T23:10Z,401569141,CLE,2024,Minnesota Twins,2,62.009006830000004,2024-05-17T11:06Z,Cleveland Guardians,3,105,105,105,-125,-125,-125,False,ESPN BET,1,100,9,,,-1.5,Final,8.5,-120
NYM,2024-05-17T23:10Z,401569142,MIA,2024,New York Mets,0,47.804506419999996,2024-05-17T11:06Z,Miami Marlins,8,-120,-120,-125,100,100,105,False,ESPN BET,1,100,9,,,1.5,Final,7.5,-120
SD,2024-05-17T23:20Z,401569145,ATL,2024,San Diego Padres,3,67.9379058,2024-05-17T11:06Z,Atlanta Braves,1,180,180,175,-215,-215,-210,False,ESPN BET,1,110,9,,,-1.5,Final,8.5,-130
OAK,2024-05-17T23:40Z,401569143,KC,2024,Oakland Athletics,2,67.64009206,2024-05-17T11:06Z,Kansas City Royals,6,165,170,165,-195,-200,-195,False,ESPN BET,1,-105,9,,,-1.5,Final,8.5,-115
LAA,2024-05-18T00:05Z,401569134,TEX,2024,Los Angeles Angels,9,57.21346833,2024-05-17T11:06Z,Texas Rangers,3,160,160,145,-190,-190,-170,False,ESPN BET,1,-130,9,,,-1.5,Final,8.5,110
MIL,2024-05-18T00:10Z,401569140,HOU,2024,Milwaukee Brewers,4,41.67604809,2024-05-17T11:06Z,Houston Astros,5,-115,-115,-120,-105,-105,100,False,ESPN BET,1,-110,9,,,1.5,Final,7.5,-110
BOS,2024-05-18T00:15Z,401569135,STL,2024,Boston Red Sox,6,52.683999029999995,2024-05-17T11:06Z,St. Louis Cardinals,10,-105,-110,-120,-115,-110,100,False,ESPN BET,1,100,9,,,1.5,Final,8.5,-120
DET,2024-05-18T01:40Z,401569139,ARI,2024,Detroit Tigers,13,40.80096905,2024-05-17T11:06Z,Arizona Diamondbacks,0,-135,-135,-145,115,115,125,False,ESPN BET,1,-120,9,,,1.5,Final,7.5,100
CIN,2024-05-18T02:10Z,401569137,LAD,2024,Cincinnati Reds,3,65.72615103,2024-05-17T11:06Z,Los Angeles Dodgers,7,165,165,170,-195,-195,-200,False,ESPN BET,1,-110,9,,,-1.5,Final,8.5,-110
COL,2024-05-18T02:15Z,401569138,SF,2024,Colorado Rockies,5,63.665728529999996,2024-05-17T11:06Z,San Francisco Giants,10,120,120,150,-140,-140,-175,False,ESPN BET,1,105,9,,,-1.5,Final,7.5,-125
CHW,2024-05-18T17:05Z,401569151,NYY,2024,Chicago White Sox,1,76.83942953,2024-05-18T11:05Z,New York Yankees,6,240,240,240,-290,-290,-290,False,ESPN BET,1,105,9,,,-2.5,Final,8.5,-125
PIT,2024-05-18T18:20Z,401569159,CHC,2024,Pittsburgh Pirates,0,70.20594529,2024-05-18T11:05Z,Chicago Cubs,1,175,175,160,-210,-210,-190,False,ESPN BET,1,-110,9,,,-1.5,Final,8.5,-110
TB,2024-05-18T19:07Z,401569162,TOR,2024,Tampa Bay Rays,5,53.72780601,2024-05-18T11:05Z,Toronto Blue Jays,4,120,120,115,-140,-140,-135,False,ESPN BET,1,100,9,,,-1.5,Final,7.5,-120
COL,2024-05-18T20:05Z,401569153,SF,2024,Colorado Rockies,4,64.96951164,2024-05-18T11:05Z,San Francisco Giants,14,135,135,165,-155,-155,-195,False,ESPN BET,1,100,9,,,-1.5,Final,8.5,-120
SEA,2024-05-18T20:05Z,401569161,BAL,2024,Seattle Mariners,4,60.124765849999996,2024-05-18T11:05Z,Baltimore Orioles,3,115,115,-105,-135,-135,-115,False,ESPN BET,1,100,9,,,-1.5,Final,7.5,-120
NYM,2024-05-18T20:10Z,401569157,MIA,2024,New York Mets,9,52.88922575,2024-05-18T11:05Z,Miami Marlins,10,-125,-125,-135,105,105,115,False,ESPN BET,1,-110,10,,,1.5,Final/10,7.5,-110
WSH,2024-05-18T22:05Z,401569163,PHI,2024,Washington Nationals,3,69.23859277,2024-05-18T11:05Z,Philadelphia Phillies,4,150,150,150,-180,-180,-175,False,ESPN BET,1,105,10,,,-1.5,Final/10,7.5,-125
MIN,2024-05-18T22:10Z,401569156,CLE,2024,Minnesota Twins,4,52.58357684,2024-05-18T11:05Z,Cleveland Guardians,11,-125,-125,-115,105,105,-105,False,ESPN BET,1,110,9,,,1.5,Final,7.5,-130
MIL,2024-05-18T23:10Z,401569155,HOU,2024,Milwaukee Brewers,4,51.033405040000005,2024-05-18T11:05Z,Houston Astros,2,150,150,130,-175,-175,-150,False,ESPN BET,1,-105,9,,,-1.5,Final,8.5,-115
OAK,2024-05-18T23:10Z,401569158,KC,2024,Oakland Athletics,3,73.25867099,2024-05-18T11:05Z,Kansas City Royals,5,160,165,155,-190,-195,-185,False,ESPN BET,1,-105,9,,,-1.5,Final,9.5,-115
LAA,2024-05-18T23:15Z,401569149,TEX,2024,Los Angeles Angels,2,51.23213199,2024-05-18T11:05Z,Texas Rangers,3,105,105,125,-125,-125,-145,False,ESPN BET,1,-105,13,,,-1.5,Final/13,8.5,-115
BOS,2024-05-18T23:15Z,401569150,STL,2024,Boston Red Sox,2,39.99484551,2024-05-18T11:05Z,St. Louis Cardinals,7,-120,-120,-125,100,100,105,False,ESPN BET,1,-115,9,,,1.5,Final,8.5,-105
DET,2024-05-19T00:10Z,401569154,ARI,2024,Detroit Tigers,8,65.64826766,2024-05-18T11:05Z,Arizona Diamondbacks,3,120,120,125,-140,-140,-145,False,ESPN BET,1,-110,9,,,-1.5,Final,7.5,-110
CIN,2024-05-19T01:10Z,401569152,LAD,2024,Cincinnati Reds,0,65.58467212,2024-05-18T11:05Z,Los Angeles Dodgers,4,155,155,175,-185,-185,-210,False,ESPN BET,1,110,9,,,-1.5,Final,8.5,-130
BOS,2024-05-19T17:05Z,401569165,STL,2024,Boston Red Sox,11,47.55709505,2024-05-19T11:05Z,St. Louis Cardinals,3,-130,-130,-120,110,110,100,False,ESPN BET,1,-110,9,,,1.5,Final,8.5,-110
CHW,2024-05-19T17:35Z,401569166,NYY,2024,Chicago White Sox,2,74.8997658,2024-05-19T11:05Z,New York Yankees,7,270,270,250,-335,-335,-300,False,ESPN BET,1,-105,9,,,-2.5,Final,8.5,-115
SEA,2024-05-19T17:35Z,401569176,BAL,2024,Seattle Mariners,3,60.96119512,2024-05-19T11:05Z,Baltimore Orioles,6,125,125,120,-150,-150,-140,False,ESPN BET,1,-130,9,,,-1.5,Final,6.5,110
WSH,2024-05-19T17:35Z,401569178,PHI,2024,Washington Nationals,5,71.40578067,2024-05-19T11:05Z,Philadelphia Phillies,11,200,200,210,-240,-240,-250,False,ESPN BET,1,-115,9,,,-1.5,Final,7.5,-105
TB,2024-05-19T17:37Z,401569177,TOR,2024,Tampa Bay Rays,2,47.0820293,2024-05-19T11:05Z,Toronto Blue Jays,5,100,100,-115,-120,-120,-105,False,ESPN BET,1,105,9,,,1.5,Final,8.5,-125
MIN,2024-05-19T17:40Z,401569171,CLE,2024,Minnesota Twins,2,58.02927744,2024-05-19T11:05Z,Cleveland Guardians,5,-105,-105,100,-115,-115,-120,False,ESPN BET,1,-105,9,,,1.5,Final,7.5,-115
NYM,2024-05-19T17:40Z,401569172,MIA,2024,New York Mets,7,38.67908548,2024-05-19T11:05Z,Miami Marlins,3,-140,-140,-150,120,120,130,False,ESPN BET,1,-120,9,,,1.5,Final,8.5,100
MIL,2024-05-19T18:10Z,401569170,HOU,2024,Milwaukee Brewers,4,45.39697119,2024-05-19T11:05Z,Houston Astros,9,120,120,110,-140,-140,-130,False,ESPN BET,1,-125,9,,,-1.5,Final,8.5,105
OAK,2024-05-19T18:10Z,401569173,KC,2024,Oakland Athletics,4,63.425519019999996,2024-05-19T11:05Z,Kansas City Royals,8,150,150,140,-175,-175,-165,False,ESPN BET,1,110,9,,,-1.5,Final,9.5,-130
PIT,2024-05-19T18:20Z,401569174,CHC,2024,Pittsburgh Pirates,3,60.833519579999994,2024-05-19T11:05Z,Chicago Cubs,2,110,110,105,-130,-130,-125,False,ESPN BET,1,-120,9,,,-1.5,Final,7.5,100
LAA,2024-05-19T18:35Z,401569164,TEX,2024,Los Angeles Angels,4,52.56996847999999,2024-05-19T11:05Z,Texas Rangers,1,130,130,145,-155,-155,-170,False,ESPN BET,1,-115,9,,,-1.5,Final,8.5,-105
COL,2024-05-19T20:05Z,401569168,SF,2024,Colorado Rockies,1,75.73822150000001,2024-05-19T11:05Z,San Francisco Giants,4,190,190,170,-225,-225,-200,False,ESPN BET,1,-105,9,,,-1.5,Final,7.5,-115
CIN,2024-05-19T20:10Z,401569167,LAD,2024,Cincinnati Reds,2,65.40303844,2024-05-19T11:05Z,Los Angeles Dodgers,3,135,135,140,-155,-155,-165,False,ESPN BET,1,-105,10,,,-1.5,Final/10,8.5,-115
DET,2024-05-19T20:10Z,401569169,ARI,2024,Detroit Tigers,4,62.218623480000005,2024-05-19T11:05Z,Arizona Diamondbacks,6,115,115,120,-135,-135,-140,False,ESPN BET,1,-125,9,,,-1.5,Final,8.5,105
SD,2024-05-19T23:00Z,401569175,ATL,2024,San Diego Padres,9,50.24581422999999,2024-05-19T11:05Z,Atlanta Braves,1,105,105,100,-125,-125,-120,False,ESPN BET,1,-125,9,,,1.5,Final,8.5,105
SD,2024-05-20T16:20Z,401569188,ATL,2024,San Diego Padres,6,59.558376329999994,2024-05-20T11:06Z,Atlanta Braves,5,105,105,105,-125,-125,-125,False,ESPN BET,1,-105,9,,,1.5,Final,7.5,-115
CHW,2024-05-20T19:07Z,401569183,TOR,2024,Chicago White Sox,3,65.38635151,2024-05-20T11:06Z,Toronto Blue Jays,9,170,170,160,-205,-205,-190,False,ESPN BET,1,-105,9,,,-1.5,Final,7.5,-115
NYM,2024-05-20T22:10Z,401569187,CLE,2024,New York Mets,1,59.77691692,2024-05-20T11:06Z,Cleveland Guardians,3,100,100,105,-120,-120,-125,False,ESPN BET,1,-130,9,,,1.5,Final,8.5,110
SD,2024-05-20T22:20Z,401672960,ATL,2024,San Diego Padres,0,65.42644188999999,2024-05-20T11:06Z,Atlanta Braves,3,200,200,180,-240,-240,-215,False,ESPN BET,1,-105,9,,,-1.5,Final,8.5,-115
MIL,2024-05-20T22:40Z,401569185,MIA,2024,Milwaukee Brewers,2,40.25956895,2024-05-20T11:06Z,Miami Marlins,3,-140,-140,-135,120,120,115,False,ESPN BET,1,-115,10,,,1.5,Final/10,8.5,-105
MIN,2024-05-20T22:45Z,401569186,WSH,2024,Minnesota Twins,3,43.46938153,2024-05-20T11:06Z,Washington Nationals,12,-150,-155,-185,130,135,155,False,ESPN BET,1,-110,9,,,1.5,Final,7.5,-110
BOS,2024-05-20T22:50Z,401569182,TB,2024,Boston Red Sox,5,47.71151079,2024-05-20T11:06Z,Tampa Bay Rays,0,100,100,-105,-120,-120,-115,False,ESPN BET,1,105,9,,,1.5,Final,7.5,-125
SEA,2024-05-20T23:05Z,401569189,NYY,2024,Seattle Mariners,5,62.50295607,2024-05-20T11:06Z,New York Yankees,4,115,115,105,-135,-135,-125,False,ESPN BET,1,-125,9,,,-1.5,Final,7.5,105
DET,2024-05-20T23:40Z,401569184,KC,2024,Detroit Tigers,3,52.20548005,2024-05-20T11:06Z,Kansas City Royals,8,-110,-105,100,-110,-115,-120,False,ESPN BET,4,-110,9,,,1.5,Final,8.5,-110
BAL,2024-05-20T23:45Z,401569181,STL,2024,Baltimore Orioles,3,57.83765870999999,2024-05-20T11:06Z,St. Louis Cardinals,6,100,100,100,-120,-120,-120,False,ESPN BET,2,-125,9,,,-1.5,Final,7.5,105
LAA,2024-05-21T00:10Z,401569179,HOU,2024,Los Angeles Angels,9,67.07475797,2024-05-20T11:06Z,Houston Astros,7,190,190,170,-225,-225,-200,False,ESPN BET,2,-125,9,,,-1.5,Final,7.5,105
ARI,2024-05-21T02:10Z,401569180,LAD,2024,Arizona Diamondbacks,4,66.32171611999999,2024-05-20T11:06Z,Los Angeles Dodgers,6,210,210,190,-255,-255,-225,False,ESPN BET,1,105,9,,,-1.5,Final,8.5,-125
NYM,2024-05-21T22:10Z,401569200,CLE,2024,New York Mets,6,55.17212125,2024-05-21T11:07Z,Cleveland Guardians,7,105,105,100,-125,-125,-120,False,ESPN BET,1,105,9,,,1.5,Final,9.5,-125
MIL,2024-05-21T22:40Z,401569198,MIA,2024,Milwaukee Brewers,7,40.995961009999995,2024-05-21T11:07Z,Miami Marlins,5,-130,-130,-135,110,110,115,False,ESPN BET,1,-130,9,,,1.5,Final,7.5,110
SD,2024-05-21T22:40Z,401569201,CIN,2024,San Diego Padres,0,53.96485989000001,2024-05-21T11:07Z,Cincinnati Reds,2,-120,-120,-125,100,100,105,False,ESPN BET,1,100,9,,,1.5,Final,9.5,-120
SF,2024-05-21T22:40Z,401569203,PIT,2024,San Francisco Giants,6,38.37807216,2024-05-21T11:07Z,Pittsburgh Pirates,7,-130,-130,-140,110,110,120,False,ESPN BET,1,-125,10,,,1.5,Final/10,8.5,105
TEX,2024-05-21T22:40Z,401569204,PHI,2024,Texas Rangers,2,66.301641,2024-05-21T11:07Z,Philadelphia Phillies,5,150,150,135,-175,-175,-155,False,ESPN BET,1,105,9,,,-1.5,Final,8.5,-125
MIN,2024-05-21T22:45Z,401569199,WSH,2024,Minnesota Twins,10,39.55421945,2024-05-21T11:07Z,Washington Nationals,0,-175,-175,-155,150,150,135,False,ESPN BET,1,-110,9,,,1.5,Final,8.5,-110
BOS,2024-05-21T22:50Z,401569194,TB,2024,Boston Red Sox,5,57.138750699999996,2024-05-21T11:06Z,Tampa Bay Rays,2,120,120,105,-140,-140,-125,False,ESPN BET,1,-105,9,,,-1.5,Final,8.5,-115
SEA,2024-05-21T23:05Z,401569202,NYY,2024,Seattle Mariners,6,64.5813462,2024-05-21T11:07Z,New York Yankees,3,140,140,140,-165,-165,-165,False,ESPN BET,1,100,9,,,-1.5,Final,8.5,-120
CHW,2024-05-21T23:07Z,401569195,TOR,2024,Chicago White Sox,5,69.41955303,2024-05-21T11:06Z,Toronto Blue Jays,0,160,165,160,-190,-195,-190,False,ESPN BET,1,-130,9,,,-1.5,Final,6.5,110
ATL,2024-05-21T23:40Z,401569192,CHC,2024,Atlanta Braves,3,54.46582024999999,2024-05-21T11:06Z,Chicago Cubs,4,-130,-130,-135,110,110,115,False,ESPN BET,1,-105,10,,,1.5,Final/10,11.5,-115
DET,2024-05-21T23:40Z,401569197,KC,2024,Detroit Tigers,3,58.56325871,2024-05-21T11:07Z,Kansas City Royals,10,-105,-105,-115,-115,-115,-105,False,ESPN BET,1,-115,9,,,1.5,Final,8.5,-105
BAL,2024-05-21T23:45Z,401569193,STL,2024,Baltimore Orioles,1,37.717603329999996,2024-05-21T11:06Z,St. Louis Cardinals,3,-165,-165,-150,140,140,130,False,ESPN BET,1,-135,9,,,1.5,Final,8.5,115
LAA,2024-05-22T00:10Z,401569190,HOU,2024,Los Angeles Angels,5,62.414208959999996,2024-05-21T11:06Z,Houston Astros,6,170,170,170,-200,-200,-200,False,ESPN BET,1,-130,10,,,-1.5,Final/10,8.5,110
COL,2024-05-22T01:40Z,401569196,OAK,2024,Colorado Rockies,4,54.689546369999995,2024-05-21T11:06Z,Oakland Athletics,5,105,105,115,-125,-125,-135,False,ESPN BET,1,-115,9,,,-1.5,Final,7.5,-105
ARI,2024-05-22T02:10Z,401569191,LAD,2024,Arizona Diamondbacks,7,58.95884873,2024-05-21T11:06Z,Los Angeles Dodgers,3,135,135,145,-160,-160,-170,False,ESPN BET,1,-105,9,,,-1.5,Final,8.5,-115
MIN,2024-05-22T17:05Z,401569214,WSH,2024,Minnesota Twins,3,51.268996730000005,2024-05-22T11:06Z,Washington Nationals,2,-125,-125,-135,105,105,115,False,ESPN BET,1,-110,9,,,1.5,Final,9.5,-110
NYM,2024-05-22T17:10Z,401569215,CLE,2024,New York Mets,3,60.04480927,2024-05-22T11:06Z,Cleveland Guardians,6,-110,-105,105,-110,-115,-125,False,ESPN BET,1,110,9,,,1.5,Final,9.5,-130
BAL,2024-05-22T17:45Z,401569208,STL,2024,Baltimore Orioles,4,50.41629199,2024-05-22T11:06Z,St. Louis Cardinals,5,-130,-130,-135,110,110,115,False,ESPN BET,1,-130,9,,,1.5,Final,8.5,110
LAA,2024-05-22T18:10Z,401569205,HOU,2024,Los Angeles Angels,2,53.10610171,2024-05-22T11:06Z,Houston Astros,1,170,170,150,-200,-200,-175,False,ESPN BET,1,-125,9,,,-1.5,Final,8.5,105
DET,2024-05-22T18:10Z,401569212,KC,2024,Detroit Tigers,3,50.52398078,2024-05-22T11:06Z,Kansas City Royals,8,-120,-120,-120,100,100,100,False,ESPN BET,1,120,9,,,1.5,Final,7.5,-140
MIL,2024-05-22T22:40Z,401569213,MIA,2024,Milwaukee Brewers,0,41.86742184,2024-05-22T11:06Z,Miami Marlins,1,-130,-130,-140,110,110,120,False,ESPN BET,1,105,9,,,1.5,Final,7.5,-125
SD,2024-05-22T22:40Z,401569216,CIN,2024,San Diego Padres,7,45.76410329,2024-05-22T11:06Z,Cincinnati Reds,3,-130,-130,-130,110,110,110,False,ESPN BET,1,-105,9,,,1.5,Final,9.5,-115
SF,2024-05-22T22:40Z,401569218,PIT,2024,San Francisco Giants,9,52.47929384,2024-05-22T11:06Z,Pittsburgh Pirates,5,-105,-105,100,-115,-115,-120,False,ESPN BET,1,-110,10,,,-1.5,Final/10,7.5,-110
TEX,2024-05-22T22:40Z,401569219,PHI,2024,Texas Rangers,4,59.50172279,2024-05-22T11:06Z,Philadelphia Phillies,11,105,105,120,-125,-125,-140,False,ESPN BET,1,-120,9,,,-1.5,Final,9.5,100
BOS,2024-05-22T22:50Z,401569209,TB,2024,Boston Red Sox,8,57.300310939999996,2024-05-22T11:06Z,Tampa Bay Rays,5,125,125,105,-145,-145,-125,False,ESPN BET,1,-115,9,,,-1.5,Final,7.5,-105
SEA,2024-05-22T23:05Z,401569217,NYY,2024,Seattle Mariners,3,60.814014699999994,2024-05-22T11:06Z,New York Yankees,7,140,140,125,-165,-165,-145,False,ESPN BET,1,-115,9,,,-1.5,Final,8.5,-105
CHW,2024-05-22T23:07Z,401569210,TOR,2024,Chicago White Sox,2,65.15408910000001,2024-05-22T11:06Z,Toronto Blue Jays,9,200,200,180,-240,-240,-215,False,ESPN BET,1,105,9,,,-1.5,Final,8.5,-125
ATL,2024-05-22T23:40Z,401569207,CHC,2024,Atlanta Braves,9,50.717509650000004,2024-05-22T11:06Z,Chicago Cubs,2,-130,-130,-145,110,110,125,False,ESPN BET,1,-115,9,,,1.5,Final,8.5,-105
COL,2024-05-23T01:40Z,401569211,OAK,2024,Colorado Rockies,4,56.34158862,2024-05-22T11:06Z,Oakland Athletics,3,125,125,110,-145,-145,-130,False,ESPN BET,1,-125,12,,,-1.5,Final/12,7.5,105
ARI,2024-05-23T02:10Z,401569206,LAD,2024,Arizona Diamondbacks,6,78.93795872,2024-05-22T11:06Z,Los Angeles Dodgers,0,270,250,210,-325,-310,-250,False,ESPN BET,1,-125,9,,,-2.5,Final,7.5,105
SEA,2024-05-23T16:35Z,401569224,NYY,2024,Seattle Mariners,0,61.0713111,2024-05-23T11:06Z,New York Yankees,5,135,135,120,-155,-155,-140,False,ESPN BET,1,-115,9,,,-1.5,Final,7.5,-105
SF,2024-05-23T16:35Z,401569225,PIT,2024,San Francisco Giants,7,54.1670454,2024-05-23T11:06Z,Pittsburgh Pirates,6,155,155,130,-185,-185,-150,False,ESPN BET,1,-125,9,,,-1.5,Final,7.5,105
TEX,2024-05-23T17:05Z,401569226,PHI,2024,Texas Rangers,2,72.92391685,2024-05-23T11:06Z,Philadelphia Phillies,5,170,170,175,-205,-205,-210,False,ESPN BET,1,100,9,,,-1.5,Final,8.5,-125
SD,2024-05-23T17:10Z,401569223,CIN,2024,San Diego Padres,6,57.355647340000004,2024-05-23T11:06Z,Cincinnati Reds,4,-110,-110,-120,-110,-110,100,False,ESPN BET,1,-105,10,,,1.5,Final/10,9.5,-115
ATL,2024-05-23T18:20Z,401569220,CHC,2024,Atlanta Braves,3,57.35099786,2024-05-23T11:06Z,Chicago Cubs,0,-110,-110,-125,-110,-110,105,False,ESPN BET,1,-110,9,,,1.5,Final,8.5,-110
COL,2024-05-23T19:37Z,401569222,OAK,2024,Colorado Rockies,9,49.883622239999994,2024-05-23T11:06Z,Oakland Athletics,10,105,105,100,-125,-125,-120,False,ESPN BET,1,-105,11,,,-1.5,Final/11,7.5,-115
TOR,2024-05-23T22:40Z,401569227,DET,2024,Toronto Blue Jays,9,49.92170114,2024-05-23T11:06Z,Detroit Tigers,1,-105,-105,-120,-115,-115,100,False,ESPN BET,1,-110,9,,,1.5,Final,7.5,-110
BAL,2024-05-23T23:40Z,401569221,CHW,2024,Baltimore Orioles,8,38.57053838,2024-05-23T11:06Z,Chicago White Sox,6,-240,-240,-250,200,200,210,False,ESPN BET,1,110,9,,,2.5,Final,8.5,-130
ATL,2024-05-24T22:40Z,401569228,PIT,2024,Atlanta Braves,5,37.97849876,2024-05-24T11:06Z,Pittsburgh Pirates,11,-185,-185,-155,155,155,135,False,ESPN BET,1,110,9,,,1.5,Final,9.5,-130
TOR,2024-05-24T22:40Z,401569242,DET,2024,Toronto Blue Jays,2,54.68262886,2024-05-24T11:07Z,Detroit Tigers,6,-120,-120,-115,100,100,-105,False,ESPN BET,1,-115,9,,,1.5,Final,8.5,-105
SEA,2024-05-24T22:45Z,401569239,WSH,2024,Seattle Mariners,1,48.64062387,2024-05-24T11:07Z,Washington Nationals,6,-130,-130,-145,110,110,125,False,ESPN BET,1,-130,9,,,1.5,Final,7.5,110
KC,2024-05-24T22:50Z,401569233,TB,2024,Kansas City Royals,8,50.96938703,2024-05-24T11:06Z,Tampa Bay Rays,1,-120,-120,-125,100,100,105,False,ESPN BET,2,100,9,,,1.5,Final,8.5,-120
LAD,2024-05-24T23:10Z,401569234,CIN,2024,Los Angeles Dodgers,6,37.97677567,2024-05-24T11:06Z,Cincinnati Reds,9,-160,-160,-165,135,135,140,False,ESPN BET,1,-105,9,,,1.5,Final,10.5,-115
MIL,2024-05-24T23:10Z,401569236,BOS,2024,Milwaukee Brewers,7,53.62656313000001,2024-05-24T11:06Z,Boston Red Sox,2,115,115,110,-135,-135,-130,False,ESPN BET,1,-110,9,,,-1.5,Final,9.5,-110
SF,2024-05-24T23:10Z,401569240,NYM,2024,San Francisco Giants,8,53.62308535,2024-05-24T11:07Z,New York Mets,7,125,125,110,-145,-145,-130,False,ESPN BET,1,-115,9,,,-1.5,Final,7.5,-105
TEX,2024-05-24T23:10Z,401569241,MIN,2024,Texas Rangers,2,64.38025830000001,2024-05-24T11:06Z,Minnesota Twins,3,140,140,125,-165,-165,-145,False,ESPN BET,1,-120,9,,,-1.5,Final,8.5,100
BAL,2024-05-24T23:40Z,401569229,CHW,2024,Baltimore Orioles,6,26.53017548,2024-05-24T11:06Z,Chicago White Sox,4,-265,-265,-270,210,210,220,False,ESPN BET,1,-110,9,,,2.5,Final,7.5,-110
PHI,2024-05-25T00:40Z,401569238,COL,2024,Philadelphia Phillies,2,31.18892485,2024-05-24T11:07Z,Colorado Rockies,3,-215,-215,-195,180,180,165,False,ESPN BET,1,-120,11,,,2.5,Final/11,10.5,100
CLE,2024-05-25T01:38Z,401569231,LAA,2024,Cleveland Guardians,10,48.00109794,2024-05-24T11:06Z,Los Angeles Angels,4,-115,-115,-120,-105,-105,100,False,ESPN BET,1,-115,9,,,1.5,Final,7.5,-105
HOU,2024-05-25T01:40Z,401569232,OAK,2024,Houston Astros,6,37.58311419,2024-05-24T11:06Z,Oakland Athletics,3,-170,-175,-165,145,150,140,False,ESPN BET,1,-105,9,,,1.5,Final,8.5,-115
MIA,2024-05-25T01:40Z,401569235,ARI,2024,Miami Marlins,3,68.90142632,2024-05-24T11:06Z,Arizona Diamondbacks,0,155,155,155,-185,-185,-185,False,ESPN BET,1,-115,9,,,-1.5,Final,7.5,-105
NYY,2024-05-25T01:40Z,401569237,SD,2024,New York Yankees,8,59.58980329,2024-05-24T11:07Z,San Diego Padres,0,-120,-120,-120,100,100,100,False,ESPN BET,1,110,9,,,1.5,Final,7.5,-130
TOR,2024-05-25T17:10Z,401569257,DET,2024,Toronto Blue Jays,1,53.73294733,2024-05-25T11:06Z,Detroit Tigers,2,-105,-105,-120,-115,-115,100,False,ESPN BET,1,-130,9,,,1.5,Final,7.5,110
SF,2024-05-25T17:40Z,401569255,NYM,2024,San Francisco Giants,7,43.10142247,2024-05-25T11:06Z,New York Mets,2,125,125,115,-145,-145,-135,False,ESPN BET,1,-130,10,,,-1.5,Final/10,7.5,110
BAL,2024-05-25T18:10Z,401569244,CHW,2024,Baltimore Orioles,5,42.012220490000004,2024-05-25T11:06Z,Chicago White Sox,3,-175,-175,-185,150,150,155,False,ESPN BET,1,100,9,,,1.5,Final,8.5,-120
TEX,2024-05-25T18:10Z,401569256,MIN,2024,Texas Rangers,3,62.10509382,2024-05-25T11:06Z,Minnesota Twins,5,125,125,110,-145,-145,-130,False,ESPN BET,1,-120,9,,,-1.5,Final,8.5,100
ATL,2024-05-25T20:05Z,401569243,PIT,2024,Atlanta Braves,1,39.41820234,2024-05-25T11:06Z,Pittsburgh Pirates,4,-155,-155,-165,135,135,140,False,ESPN BET,1,-110,9,,,1.5,Final,8.5,-110
SEA,2024-05-25T20:05Z,401569254,WSH,2024,Seattle Mariners,1,45.6687578,2024-05-25T11:06Z,Washington Nationals,3,-165,-165,-175,140,140,150,False,ESPN BET,1,110,9,,,1.5,Final,9.5,-130
HOU,2024-05-25T20:07Z,401569247,OAK,2024,Houston Astros,1,50.385938929999995,2024-05-25T11:06Z,Oakland Athletics,3,,,,,,,False,,,,9,,,,Final,,
KC,2024-05-25T20:10Z,401569248,TB,2024,Kansas City Royals,7,45.90461928,2024-05-25T11:06Z,Tampa Bay Rays,4,-110,-110,100,-110,-110,-120,False,ESPN BET,1,-105,11,,,1.5,Final/11,7.5,-115
MIL,2024-05-25T20:10Z,401569251,BOS,2024,Milwaukee Brewers,6,55.91833492,2024-05-25T11:06Z,Boston Red Sox,3,130,130,115,-150,-150,-135,False,ESPN BET,1,105,9,,,-1.5,Final,9.5,-125
CHC,2024-05-25T23:15Z,401569245,STL,2024,Chicago Cubs,6,47.69466425,2024-05-25T11:06Z,St. Louis Cardinals,7,-105,-105,100,-115,-115,-120,False,ESPN BET,1,-120,9,,,1.5,Final,8.5,100
LAD,2024-05-25T23:15Z,401569249,CIN,2024,Los Angeles Dodgers,1,50.31124165999999,2024-05-25T11:06Z,Cincinnati Reds,3,-150,-150,-155,130,130,135,False,ESPN BET,1,-115,9,,,1.5,Final,9.5,-105
PHI,2024-05-26T01:10Z,401569253,COL,2024,Philadelphia Phillies,8,30.5601583,2024-05-25T11:06Z,Colorado Rockies,4,-270,-250,-230,220,210,195,False,ESPN BET,1,-105,9,,,2.5,Final,10.5,-115
CLE,2024-05-26T01:38Z,401569246,LAA,2024,Cleveland Guardians,4,48.44772992,2024-05-25T11:06Z,Los Angeles Angels,3,-150,-150,-135,130,130,115,False,ESPN BET,1,-115,9,,,1.5,Final,7.5,-105
NYY,2024-05-26T01:40Z,401569252,SD,2024,New York Yankees,4,50.59680298,2024-05-25T11:06Z,San Diego Padres,1,105,105,100,-125,-125,-120,False,ESPN BET,1,110,9,,,1.5,Final,7.5,-130
MIA,2024-05-26T02:10Z,401569250,ARI,2024,Miami Marlins,2,67.90355268,2024-05-25T11:06Z,Arizona Diamondbacks,3,150,150,160,-175,-175,-190,False,ESPN BET,1,-105,9,,,-1.5,Final,9.5,-115
TOR,2024-05-26T15:35Z,401569272,DET,2024,Toronto Blue Jays,11,44.69762081,2024-05-26T11:04Z,Detroit Tigers,14,-125,-130,-125,105,110,105,False,ESPN BET,1,105,9,,,1.5,Final,8.5,-125
LAD,2024-05-26T16:10Z,401569264,CIN,2024,Los Angeles Dodgers,1,44.84620204,2024-05-26T11:04Z,Cincinnati Reds,4,-210,-210,-210,175,175,175,False,ESPN BET,1,100,9,,,1.5,Final,9.5,-120
ATL,2024-05-26T17:35Z,401569258,PIT,2024,Atlanta Braves,8,33.99970081,2024-05-26T11:04Z,Pittsburgh Pirates,1,-240,-240,-200,200,200,170,False,ESPN BET,1,-125,9,,,2.5,Final,7.5,100
MIL,2024-05-26T17:35Z,401569266,BOS,2024,Milwaukee Brewers,1,58.23073086,2024-05-26T11:04Z,Boston Red Sox,2,120,120,120,-140,-140,-140,False,ESPN BET,1,-105,9,,,-1.5,Final,8.5,-115
SEA,2024-05-26T17:35Z,401569269,WSH,2024,Seattle Mariners,9,38.948290549999996,2024-05-26T11:04Z,Washington Nationals,5,-175,-175,-150,150,150,130,False,ESPN BET,1,110,9,,,1.5,Final,9.5,-130
KC,2024-05-26T17:40Z,401569263,TB,2024,Kansas City Royals,1,46.8477771,2024-05-26T11:04Z,Tampa Bay Rays,4,105,105,100,-125,-125,-120,False,ESPN BET,1,-125,9,,,-1.5,Final,7.5,105
SF,2024-05-26T17:40Z,401569270,NYM,2024,San Francisco Giants,3,52.98106242,2024-05-26T11:04Z,New York Mets,4,-115,-115,-125,-105,-105,105,False,ESPN BET,1,-120,9,,,1.5,Final,7.5,100
BAL,2024-05-26T18:10Z,401569259,CHW,2024,Baltimore Orioles,4,34.01131059,2024-05-26T11:04Z,Chicago White Sox,1,-185,-185,-165,155,155,140,False,ESPN BET,1,-130,9,,,1.5,Final,6.5,110
TEX,2024-05-26T18:10Z,401569271,MIN,2024,Texas Rangers,6,58.01058282,2024-05-26T11:04Z,Minnesota Twins,2,135,135,145,-160,-160,-170,False,ESPN BET,1,105,9,,,-1.5,Final,8.5,-125
PHI,2024-05-26T19:10Z,401569268,COL,2024,Philadelphia Phillies,2,30.653938959999998,2024-05-26T11:04Z,Colorado Rockies,5,-220,-220,-215,180,180,180,False,ESPN BET,1,-110,9,,,1.5,Final,9.5,-110
CLE,2024-05-26T20:07Z,401569261,LAA,2024,Cleveland Guardians,5,45.29437863,2024-05-26T11:04Z,Los Angeles Angels,4,-110,-110,-120,-110,-110,100,False,ESPN BET,1,100,9,,,1.5,Final,8.5,-120
HOU,2024-05-26T20:07Z,401569262,OAK,2024,Houston Astros,5,41.06624009,2024-05-26T11:04Z,Oakland Athletics,2,-155,-170,-155,135,145,135,False,ESPN BET,1,-125,9,,,1.5,Final,8.5,105
MIA,2024-05-26T20:10Z,401569265,ARI,2024,Miami Marlins,3,63.28613282,2024-05-26T11:04Z,Arizona Diamondbacks,1,115,115,140,-135,-135,-165,False,ESPN BET,1,-125,9,,,-1.5,Final,8.5,105
NYY,2024-05-26T20:10Z,401569267,SD,2024,New York Yankees,2,44.88023801,2024-05-26T11:04Z,San Diego Padres,5,-130,-130,-125,110,110,105,False,ESPN BET,1,-120,9,,,1.5,Final,7.5,100
CHC,2024-05-26T23:00Z,401569260,STL,2024,Chicago Cubs,3,57.500514609999996,2024-05-26T11:04Z,St. Louis Cardinals,4,120,120,115,-140,-140,-135,False,ESPN BET,1,-115,9,,,-1.5,Final,7.5,-105
BOS,2024-05-27T17:05Z,401569273,BAL,2024,Boston Red Sox,3,61.28900033,2024-05-27T11:05Z,Baltimore Orioles,11,135,135,135,-155,-155,-155,False,ESPN BET,1,105,9,,,-1.5,Final,9.5,-125
KC,2024-05-27T18:10Z,401569277,MIN,2024,Kansas City Royals,5,59.11862041,2024-05-27T11:05Z,Minnesota Twins,6,150,145,125,-175,-170,-145,False,ESPN BET,1,-105,9,,,-1.5,Final,7.5,-115
TOR,2024-05-27T18:10Z,401569282,CHW,2024,Toronto Blue Jays,5,38.558703550000004,2024-05-27T11:05Z,Chicago White Sox,1,-210,-210,-200,175,175,170,False,ESPN BET,1,-125,9,,,1.5,Final,8.5,105
CHC,2024-05-27T20:10Z,401569274,MIL,2024,Chicago Cubs,1,58.11646517,2024-05-27T11:05Z,Milwaukee Brewers,5,-115,-115,-110,-105,-105,-110,False,ESPN BET,1,105,9,,,1.5,Final,8.5,-125
CLE,2024-05-27T20:10Z,401569275,COL,2024,Cleveland Guardians,6,43.05829682,2024-05-27T11:05Z,Colorado Rockies,8,-130,-130,-140,110,110,120,False,ESPN BET,1,-125,9,,,1.5,Final,10.5,105
STL,2024-05-27T20:10Z,401569281,CIN,2024,St. Louis Cardinals,1,56.71157021,2024-05-27T11:05Z,Cincinnati Reds,3,135,135,105,-155,-155,-125,False,ESPN BET,1,-105,9,,,-1.5,Final,9.5,-115
WSH,2024-05-27T20:10Z,401569283,ATL,2024,Washington Nationals,8,68.54596408,2024-05-27T11:05Z,Atlanta Braves,4,180,180,190,-215,-215,-225,False,ESPN BET,1,-130,9,,,-1.5,Final,8.5,110
PHI,2024-05-27T21:05Z,401569280,SF,2024,Philadelphia Phillies,4,50.75294751,2024-05-27T11:05Z,San Francisco Giants,8,115,115,-120,-135,-135,100,False,ESPN BET,1,100,9,,,-1.5,Final,8.5,-120
MIA,2024-05-27T22:40Z,401569279,SD,2024,Miami Marlins,1,73.26452942,2024-05-27T11:05Z,San Diego Padres,2,170,170,150,-200,-200,-175,False,ESPN BET,1,-105,9,,,-1.5,Final,7.5,-115
HOU,2024-05-28T01:40Z,401569276,SEA,2024,Houston Astros,2,49.93167616,2024-05-27T11:05Z,Seattle Mariners,3,-125,-125,-115,105,105,-105,False,ESPN BET,1,-110,9,,,1.5,Final,7.5,-110
LAD,2024-05-28T20:10Z,401674250,NYM,2024,Los Angeles Dodgers,5,36.16267586,2024-05-28T11:06Z,New York Mets,2,-195,-195,-210,165,165,175,False,ESPN BET,1,-115,10,,,1.5,Final/10,7.5,-105
BOS,2024-05-28T22:35Z,401569285,BAL,2024,Boston Red Sox,8,62.662682950000004,2024-05-28T11:06Z,Baltimore Orioles,3,150,150,135,-175,-175,-155,False,ESPN BET,1,100,9,,,-1.5,Final,8.5,-125
STL,2024-05-28T22:40Z,401569296,CIN,2024,St. Louis Cardinals,7,59.3701826,2024-05-28T11:06Z,Cincinnati Reds,1,100,100,105,-120,-120,-125,False,ESPN BET,1,100,9,,,1.5,Final,9.5,-120
OAK,2024-05-28T22:50Z,401569293,TB,2024,Oakland Athletics,3,62.876509989999995,2024-05-28T11:06Z,Tampa Bay Rays,0,150,150,140,-175,-175,-165,False,ESPN BET,1,-120,9,,,-1.5,Final,7.5,100
WSH,2024-05-28T23:20Z,401569298,ATL,2024,Washington Nationals,0,71.17251128999999,2024-05-28T11:06Z,Atlanta Braves,2,220,220,200,-270,-270,-240,False,ESPN BET,1,100,9,,,-1.5,Final,8.5,-120
CHC,2024-05-28T23:40Z,401569286,MIL,2024,Chicago Cubs,6,66.01495449,2024-05-28T11:06Z,Milwaukee Brewers,3,140,140,125,-165,-165,-145,False,ESPN BET,1,-120,10,,,-1.5,Final/10,7.5,100
KC,2024-05-28T23:40Z,401569289,MIN,2024,Kansas City Royals,2,45.61742714,2024-05-28T11:06Z,Minnesota Twins,4,-135,-135,-125,115,115,105,False,ESPN BET,1,105,9,,,1.5,Final,7.5,-125
LAD,2024-05-28T23:40Z,401569290,NYM,2024,Los Angeles Dodgers,3,54.67659443,2024-05-28T11:06Z,New York Mets,0,-125,-125,-150,105,105,130,False,ESPN BET,1,100,9,,,1.5,Final,8.5,-120
TOR,2024-05-28T23:40Z,401569297,CHW,2024,Toronto Blue Jays,7,38.86361704,2024-05-28T11:06Z,Chicago White Sox,2,-225,-225,-210,190,190,175,False,ESPN BET,1,-115,9,,,1.5,Final,7.5,-105
ARI,2024-05-29T00:05Z,401569284,TEX,2024,Arizona Diamondbacks,2,53.66933827,2024-05-28T11:06Z,Texas Rangers,4,110,110,-120,-130,-130,100,False,ESPN BET,1,100,9,,,-1.5,Final,8.5,-120
CLE,2024-05-29T00:40Z,401569287,COL,2024,Cleveland Guardians,13,38.74020841,2024-05-28T11:06Z,Colorado Rockies,7,-135,-135,-145,115,115,125,False,ESPN BET,1,-110,9,,,1.5,Final,10.5,-110
NYY,2024-05-29T01:38Z,401569292,LAA,2024,New York Yankees,3,42.1337855,2024-05-28T11:06Z,Los Angeles Angels,4,-170,-170,-175,145,145,150,False,ESPN BET,1,-120,9,,,1.5,Final,8.5,100
HOU,2024-05-29T01:40Z,401569288,SEA,2024,Houston Astros,2,56.194625789999996,2024-05-28T11:06Z,Seattle Mariners,4,110,110,110,-130,-130,-130,False,ESPN BET,1,105,9,,,-1.5,Final,7.5,-125
MIA,2024-05-29T01:40Z,401569291,SD,2024,Miami Marlins,0,56.85311901,2024-05-28T11:06Z,San Diego Padres,4,120,120,105,-140,-140,-125,False,ESPN BET,1,-135,9,,,-1.5,Final,6.5,115
PHI,2024-05-29T01:45Z,401569294,SF,2024,Philadelphia Phillies,0,38.16430077,2024-05-28T11:06Z,San Francisco Giants,1,-190,-190,-195,160,160,165,False,ESPN BET,1,115,10,,,1.5,Final/10,7.5,-135
PIT,2024-05-29T16:40Z,401569310,DET,2024,Pittsburgh Pirates,0,68.92562530000001,2024-05-29T11:05Z,Detroit Tigers,8,130,130,105,-150,-150,-125,False,ESPN BET,1,-125,9,,,-1.5,Final,6.5,105
STL,2024-05-29T17:10Z,401569311,CIN,2024,St. Louis Cardinals,5,62.015552279999994,2024-05-29T11:05Z,Cincinnati Reds,3,105,105,100,-125,-125,-120,False,ESPN BET,1,-105,9,,,-1.5,Final,9.5,-115
ARI,2024-05-29T18:35Z,401569299,TEX,2024,Arizona Diamondbacks,1,60.49231708,2024-05-29T11:05Z,Texas Rangers,6,115,115,105,-135,-135,-125,False,ESPN BET,1,-130,9,,,-1.5,Final,8.5,110
PIT,2024-05-29T19:40Z,401674476,DET,2024,Pittsburgh Pirates,10,60.412282080000004,2024-05-29T11:05Z,Detroit Tigers,2,-145,-145,-140,125,125,120,False,ESPN BET,1,-125,9,,,1.5,Final,7.5,105
PHI,2024-05-29T19:45Z,401569309,SF,2024,Philadelphia Phillies,6,44.4781317,2024-05-29T11:05Z,San Francisco Giants,1,-130,-130,-135,110,110,115,False,ESPN BET,1,-110,9,,,1.5,Final,7.5,-110
LAD,2024-05-29T20:10Z,401569305,NYM,2024,Los Angeles Dodgers,10,45.81255607,2024-05-29T11:05Z,New York Mets,3,-120,-120,-140,100,100,120,False,ESPN BET,1,-120,9,,,1.5,Final,8.5,100
MIA,2024-05-29T20:10Z,401569306,SD,2024,Miami Marlins,9,68.69443873,2024-05-29T11:05Z,San Diego Padres,1,155,155,145,-185,-185,-170,False,ESPN BET,1,115,9,,,-1.5,Final,7.5,-135
BOS,2024-05-29T22:35Z,401569300,BAL,2024,Boston Red Sox,1,59.838169969999996,2024-05-29T11:05Z,Baltimore Orioles,6,155,155,150,-185,-185,-175,False,ESPN BET,1,115,9,,,-1.5,Final,7.5,-135
OAK,2024-05-29T22:50Z,401569308,TB,2024,Oakland Athletics,3,71.11981744,2024-05-29T11:05Z,Tampa Bay Rays,4,155,160,145,-185,-190,-170,False,ESPN BET,1,-120,9,,,-1.5,Final,7.5,100
WSH,2024-05-29T23:20Z,401569313,ATL,2024,Washington Nationals,7,59.58532373999999,2024-05-29T11:05Z,Atlanta Braves,2,125,125,140,-145,-145,-165,False,ESPN BET,1,100,9,,,-1.5,Final,8.5,-120
CHC,2024-05-29T23:40Z,401569301,MIL,2024,Chicago Cubs,6,59.75865427,2024-05-29T11:05Z,Milwaukee Brewers,10,-140,-140,-135,120,120,115,False,ESPN BET,1,-115,9,,,1.5,Final,7.5,-105
KC,2024-05-29T23:40Z,401569304,MIN,2024,Kansas City Royals,6,46.9060555,2024-05-29T11:05Z,Minnesota Twins,1,105,105,105,-125,-125,-125,False,ESPN BET,1,-105,9,,,-1.5,Final,7.5,-115
TOR,2024-05-29T23:40Z,401569312,CHW,2024,Toronto Blue Jays,3,41.62290283,2024-05-29T11:05Z,Chicago White Sox,1,-195,-195,-175,165,165,150,False,ESPN BET,1,105,9,,,1.5,Final,8.5,-125
CLE,2024-05-30T00:40Z,401569302,COL,2024,Cleveland Guardians,4,38.02207644,2024-05-29T11:05Z,Colorado Rockies,7,-145,-150,-150,125,130,130,False,ESPN BET,1,-120,9,,,1.5,Final,10.5,100
NYY,2024-05-30T01:38Z,401569307,LAA,2024,New York Yankees,2,44.21299582,2024-05-29T11:05Z,Los Angeles Angels,1,-215,-215,-195,180,180,165,False,ESPN BET,1,100,9,,,1.5,Final,8.5,-120
HOU,2024-05-30T01:40Z,401569303,SEA,2024,Houston Astros,1,50.425853620000005,2024-05-29T11:05Z,Seattle Mariners,2,-115,-115,100,-105,-105,-120,False,ESPN BET,1,115,10,,,1.5,Final/10,7.5,-135
CHC,2024-05-30T17:10Z,401569315,MIL,2024,Chicago Cubs,4,59.88786878,2024-05-30T11:05Z,Milwaukee Brewers,6,100,100,-105,-120,-120,-115,False,ESPN BET,1,100,9,,,-1.5,Final,8.5,-120
KC,2024-05-30T17:10Z,401569318,MIN,2024,Kansas City Royals,6,56.403207619999996,2024-05-30T11:05Z,Minnesota Twins,7,135,135,110,-160,-160,-130,False,ESPN BET,1,-105,9,,,-1.5,Final,8.5,100
OAK,2024-05-30T17:10Z,401569320,TB,2024,Oakland Athletics,5,70.63987517,2024-05-30T11:05Z,Tampa Bay Rays,6,135,135,120,-155,-155,-140,False,ESPN BET,1,100,12,,,-1.5,Final/12,8.5,-120
HOU,2024-05-30T20:10Z,401569317,SEA,2024,Houston Astros,4,63.31866377000001,2024-05-30T11:05Z,Seattle Mariners,0,110,110,115,-130,-130,-135,False,ESPN BET,1,105,9,,,-1.5,Final,7.5,-125
ARI,2024-05-30T23:10Z,401569314,NYM,2024,Arizona Diamondbacks,2,47.60767693,2024-05-30T11:05Z,New York Mets,3,-130,-130,-125,110,110,105,False,ESPN BET,1,120,9,,,1.5,Final,6.5,115
DET,2024-05-30T23:10Z,401569316,BOS,2024,Detroit Tigers,5,61.11267809,2024-05-30T11:05Z,Boston Red Sox,0,-105,-105,100,-115,-115,-120,False,ESPN BET,1,-140,9,,,1.5,Final,6.5,-135
WSH,2024-05-30T23:20Z,401569321,ATL,2024,Washington Nationals,3,65.06488863999999,2024-05-30T11:05Z,Atlanta Braves,1,160,145,195,-190,-170,-230,False,ESPN BET,1,-115,9,,,-1.5,Final,8.5,-105
NYY,2024-05-31T01:38Z,401569319,LAA,2024,New York Yankees,8,43.621224,2024-05-30T11:05Z,Los Angeles Angels,3,-185,-185,-175,155,155,150,False,ESPN BET,1,-120,9,,,1.5,Final,8.5,100
CIN,2024-05-31T18:20Z,401569325,CHC,2024,Cincinnati Reds,5,66.80543798000001,2024-05-31T11:06Z,Chicago Cubs,4,120,120,130,-140,-140,-150,False,ESPN BET,1,-115,9,,,-1.5,Final,8.5,-105
STL,2024-05-31T22:40Z,401569333,PHI,2024,St. Louis Cardinals,2,71.87260941,2024-05-31T11:06Z,Philadelphia Phillies,4,180,180,155,-215,-215,-185,False,ESPN BET,1,-120,9,,,-1.5,Final,7.5,100
TB,2024-05-31T23:05Z,401569334,BAL,2024,Tampa Bay Rays,1,66.36865884999999,2024-05-31T11:06Z,Baltimore Orioles,3,130,130,120,-150,-150,-140,False,ESPN BET,1,105,9,,,-1.5,Final,8.5,-125
PIT,2024-05-31T23:07Z,401569331,TOR,2024,Pittsburgh Pirates,3,60.93022003,2024-05-31T11:06Z,Toronto Blue Jays,5,145,145,140,-170,-170,-165,False,ESPN BET,1,-110,14,,,-1.5,Final/14,8.5,-110
ARI,2024-05-31T23:10Z,401569323,NYM,2024,Arizona Diamondbacks,9,51.28728781,2024-05-31T11:06Z,New York Mets,10,105,105,100,-125,-125,-120,False,ESPN BET,1,105,9,,,1.5,Final,7.5,-125
DET,2024-05-31T23:10Z,401569327,BOS,2024,Detroit Tigers,3,65.6214046,2024-05-31T11:06Z,Boston Red Sox,7,145,145,135,-170,-170,-155,False,ESPN BET,1,-105,9,,,-1.5,Final,8.5,-115
TEX,2024-05-31T23:10Z,401569335,MIA,2024,Texas Rangers,2,51.11819595,2024-05-31T11:06Z,Miami Marlins,8,-145,-145,-135,125,125,115,False,ESPN BET,1,-125,9,,,1.5,Final,8.5,105
WSH,2024-05-31T23:10Z,401569336,CLE,2024,Washington Nationals,1,76.52438056000001,2024-05-31T11:06Z,Cleveland Guardians,7,200,200,170,-240,-240,-200,False,ESPN BET,1,-115,9,,,-1.5,Final,7.5,-105
OAK,2024-05-31T23:20Z,401569330,ATL,2024,Oakland Athletics,2,74.43787929,2024-05-31T11:06Z,Atlanta Braves,4,210,210,180,-250,-250,-215,False,ESPN BET,1,-105,9,,,-1.5,Final,8.5,-115
CHW,2024-06-01T00:10Z,401569324,MIL,2024,Chicago White Sox,5,67.04643075,2024-05-31T11:06Z,Milwaukee Brewers,12,155,155,150,-185,-185,-175,False,ESPN BET,1,105,9,,,-1.5,Final,8.5,-125
MIN,2024-06-01T00:10Z,401569328,HOU,2024,Minnesota Twins,6,58.11672091,2024-05-31T11:06Z,Houston Astros,1,-105,-105,-110,-115,-115,-110,False,ESPN BET,1,-125,9,,,1.5,Final,7.5,105
SD,2024-06-01T00:10Z,401569332,KC,2024,San Diego Padres,11,51.74068919,2024-05-31T11:06Z,Kansas City Royals,8,-135,-135,-135,115,115,115,False,ESPN BET,1,-120,9,,,1.5,Final,7.5,100
LAA,2024-06-01T02:10Z,401569322,SEA,2024,Los Angeles Angels,4,55.40053776,2024-05-31T11:06Z,Seattle Mariners,5,130,140,140,-150,-165,-165,False,ESPN BET,1,-120,9,,,-1.5,Final,6.5,100
COL,2024-06-01T02:10Z,401569326,LAD,2024,Colorado Rockies,4,72.3130473,2024-05-31T11:06Z,Los Angeles Dodgers,1,285,285,280,-360,-360,-350,False,ESPN BET,1,-105,9,,,-2.5,Final,8.5,-115
NYY,2024-06-01T02:15Z,401569329,SF,2024,New York Yankees,6,52.0435886,2024-05-31T11:06Z,San Francisco Giants,2,-150,-150,-140,130,130,120,False,ESPN BET,1,-110,9,,,1.5,Final,7.5,-110
PIT,2024-06-01T19:07Z,401569346,TOR,2024,Pittsburgh Pirates,8,59.335680599999996,2024-06-01T11:05Z,Toronto Blue Jays,1,130,130,125,-150,-150,-145,False,ESPN BET,1,-115,9,,,-1.5,Final,7.5,-105
TB,2024-06-01T20:05Z,401569349,BAL,2024,Tampa Bay Rays,5,71.96688601,2024-06-01T11:05Z,Baltimore Orioles,9,135,135,140,-160,-160,-165,False,ESPN BET,1,-120,9,,,-1.5,Final,7.5,100
ARI,2024-06-01T20:10Z,401569338,NYM,2024,Arizona Diamondbacks,10,63.91561092,2024-06-01T11:05Z,New York Mets,5,105,105,110,-125,-125,-130,False,ESPN BET,1,110,9,,,1.5,Final,8.5,-130
CHW,2024-06-01T20:10Z,401569339,MIL,2024,Chicago White Sox,3,73.19000475,2024-06-01T11:05Z,Milwaukee Brewers,4,135,135,125,-155,-155,-145,False,ESPN BET,1,110,10,,,-1.5,Final/10,7.5,-130
DET,2024-06-01T20:10Z,401569342,BOS,2024,Detroit Tigers,3,48.020573770000006,2024-06-01T11:05Z,Boston Red Sox,6,-105,-105,-125,-115,-115,105,False,ESPN BET,1,-110,9,,,1.5,Final,8.5,-110
MIN,2024-06-01T20:10Z,401569343,HOU,2024,Minnesota Twins,2,53.18039251,2024-06-01T11:05Z,Houston Astros,5,100,100,100,-120,-120,-120,False,ESPN BET,1,-115,9,,,1.5,Final,7.5,-105
OAK,2024-06-01T20:10Z,401569345,ATL,2024,Oakland Athletics,11,74.97056119999999,2024-06-01T11:05Z,Atlanta Braves,9,240,240,250,-290,-290,-300,False,ESPN BET,1,-130,9,,,-2.5,Final,7.5,110
SD,2024-06-01T20:10Z,401569347,KC,2024,San Diego Padres,7,53.305625830000004,2024-06-01T11:05Z,Kansas City Royals,3,105,105,-120,-125,-125,100,False,ESPN BET,1,100,9,,,1.5,Final,9.5,-120
TEX,2024-06-01T20:10Z,401569350,MIA,2024,Texas Rangers,7,46.93676568,2024-06-01T11:05Z,Miami Marlins,0,100,100,-135,-120,-120,115,False,ESPN BET,1,-130,9,,,1.5,Final,7.5,110
WSH,2024-06-01T20:10Z,401569351,CLE,2024,Washington Nationals,2,66.81459564,2024-06-01T11:05Z,Cleveland Guardians,3,115,115,135,-135,-135,-155,False,ESPN BET,1,-110,9,,,-1.5,Final,7.5,-110
LAA,2024-06-01T23:15Z,401569337,SEA,2024,Los Angeles Angels,0,61.94831395,2024-06-01T11:05Z,Seattle Mariners,9,145,145,140,-170,-170,-165,False,ESPN BET,1,115,9,,,-1.5,Final,7.5,-135
CIN,2024-06-01T23:15Z,401569340,CHC,2024,Cincinnati Reds,5,56.730957319999995,2024-06-01T11:05Z,Chicago Cubs,7,120,120,115,-140,-140,-135,False,ESPN BET,1,100,9,,,-1.5,Final,7.5,-120
STL,2024-06-01T23:15Z,401569348,PHI,2024,St. Louis Cardinals,1,64.41786745,2024-06-01T11:05Z,Philadelphia Phillies,6,140,140,120,-165,-165,-140,False,ESPN BET,1,105,9,,,-1.5,Final,7.5,-125
NYY,2024-06-02T02:05Z,401569344,SF,2024,New York Yankees,7,58.116401380000006,2024-06-01T11:05Z,San Francisco Giants,3,-110,-110,-110,-110,-110,-110,False,ESPN BET,1,-110,9,,,1.5,Final,7.5,-110
COL,2024-06-02T02:10Z,401569341,LAD,2024,Colorado Rockies,1,69.9734705,2024-06-01T11:05Z,Los Angeles Dodgers,4,260,260,280,-320,-320,-350,False,ESPN BET,1,105,9,,,-1.5,Final,7.5,-125
MIN,2024-06-02T17:05Z,401569358,HOU,2024,Minnesota Twins,4,53.811934289999996,2024-06-02T11:04Z,Houston Astros,3,130,130,110,-150,-150,-130,False,ESPN BET,1,-130,9,,,-1.5,Final,7.5,110
DET,2024-06-02T17:35Z,401569357,BOS,2024,Detroit Tigers,8,60.33103498,2024-06-02T11:04Z,Boston Red Sox,4,140,140,110,-160,-160,-130,False,ESPN BET,1,100,10,,,-1.5,Final/10,9.5,-120
OAK,2024-06-02T17:35Z,401569360,ATL,2024,Oakland Athletics,1,69.6523844,2024-06-02T11:04Z,Atlanta Braves,3,220,220,200,-260,-260,-240,False,ESPN BET,1,-115,9,,,-1.5,Final,8.5,-105
TB,2024-06-02T17:35Z,401569364,BAL,2024,Tampa Bay Rays,4,63.72748964,2024-06-02T11:04Z,Baltimore Orioles,3,115,115,110,-135,-135,-130,False,ESPN BET,1,-125,9,,,-1.5,Final,8.5,105
PIT,2024-06-02T17:37Z,401569361,TOR,2024,Pittsburgh Pirates,4,68.21171108,2024-06-02T11:04Z,Toronto Blue Jays,5,150,150,130,-175,-175,-150,False,ESPN BET,1,110,9,,,-1.5,Final,8.5,-130
ARI,2024-06-02T17:40Z,401569353,NYM,2024,Arizona Diamondbacks,5,55.45701316,2024-06-02T11:04Z,New York Mets,4,-110,-110,-125,-110,-110,105,False,ESPN BET,1,105,9,,,1.5,Final,8.5,-125
TEX,2024-06-02T17:40Z,401569365,MIA,2024,Texas Rangers,6,48.21742803,2024-06-02T11:04Z,Miami Marlins,0,-125,-125,-130,105,105,110,False,ESPN BET,1,-105,9,,,1.5,Final,8.5,-115
WSH,2024-06-02T17:40Z,401569366,CLE,2024,Washington Nationals,5,59.056888230000006,2024-06-02T11:04Z,Cleveland Guardians,2,115,115,130,-135,-135,-150,False,ESPN BET,1,105,9,,,-1.5,Final,8.5,-125
CHW,2024-06-02T18:10Z,401569354,MIL,2024,Chicago White Sox,3,81.75826995,2024-06-02T11:04Z,Milwaukee Brewers,6,280,280,240,-350,-350,-290,False,ESPN BET,1,-120,9,,,-2.5,Final,7.5,100
SD,2024-06-02T18:10Z,401569362,KC,2024,San Diego Padres,3,54.549503980000004,2024-06-02T11:04Z,Kansas City Royals,4,105,105,105,-125,-125,-125,False,ESPN BET,1,100,9,,,-1.5,Final,8.5,-120
CIN,2024-06-02T18:20Z,401569355,CHC,2024,Cincinnati Reds,5,58.33666047,2024-06-02T11:04Z,Chicago Cubs,2,100,100,100,-120,-120,-120,False,ESPN BET,1,115,9,,,1.5,Final,7.5,-135
NYY,2024-06-02T20:05Z,401569359,SF,2024,New York Yankees,7,43.33190105,2024-06-02T11:04Z,San Francisco Giants,5,-135,-135,-150,115,115,130,False,ESPN BET,1,-120,9,,,1.5,Final,7.5,100
LAA,2024-06-02T20:10Z,401569352,SEA,2024,Los Angeles Angels,1,64.45957807,2024-06-02T11:04Z,Seattle Mariners,5,170,170,175,-200,-200,-210,False,ESPN BET,1,-135,9,,,-1.5,Final,6.5,115
COL,2024-06-02T20:10Z,401569356,LAD,2024,Colorado Rockies,0,64.17551336,2024-06-02T11:04Z,Los Angeles Dodgers,4,215,215,250,-265,-265,-300,False,ESPN BET,1,-105,9,,,-1.5,Final,8.5,-115
STL,2024-06-02T23:00Z,401569363,PHI,2024,St. Louis Cardinals,5,61.6988744,2024-06-02T11:04Z,Philadelphia Phillies,4,115,115,120,-135,-135,-140,False,ESPN BET,1,-110,10,,,-1.5,Final/10,9.5,-110
MIL,2024-06-03T22:40Z,401569370,PHI,2024,Milwaukee Brewers,1,62.17495297,2024-06-03T11:05Z,Philadelphia Phillies,3,170,170,170,-205,-205,-200,False,ESPN BET,1,-130,9,,,-1.5,Final,7.5,110
NYM,2024-06-03T22:45Z,401569371,WSH,2024,New York Mets,8,54.02718258,2024-06-03T11:05Z,Washington Nationals,7,100,100,105,-120,-120,-125,False,ESPN BET,1,110,9,,,1.5,Final,8.5,-130
BAL,2024-06-03T23:07Z,401569367,TOR,2024,Baltimore Orioles,7,52.32685265,2024-06-03T11:05Z,Toronto Blue Jays,2,-120,-120,-125,100,100,105,False,ESPN BET,1,-110,9,,,1.5,Final,7.5,-110
DET,2024-06-04T00:05Z,401569369,TEX,2024,Detroit Tigers,2,49.21534262,2024-06-03T11:05Z,Texas Rangers,1,-110,-110,-120,-110,-110,100,False,ESPN BET,1,115,9,,,1.5,Final,7.5,-135
STL,2024-06-04T00:10Z,401569374,HOU,2024,St. Louis Cardinals,4,61.71269766,2024-06-03T11:05Z,Houston Astros,7,160,160,135,-190,-190,-155,False,ESPN BET,1,-120,9,,,-1.5,Final,7.5,100
CIN,2024-06-04T00:40Z,401569368,COL,2024,Cincinnati Reds,13,42.50110498,2024-06-03T11:05Z,Colorado Rockies,3,-120,-120,-135,100,100,115,False,ESPN BET,1,-110,9,,,1.5,Final,10.5,-110
SD,2024-06-04T01:38Z,401569372,LAA,2024,San Diego Padres,1,54.67516302999999,2024-06-03T11:05Z,Los Angeles Angels,2,-145,-150,-125,125,130,105,False,ESPN BET,1,-105,9,,,1.5,Final,8.5,-115
SF,2024-06-04T01:40Z,401569373,ARI,2024,San Francisco Giants,2,48.97633866,2024-06-03T11:05Z,Arizona Diamondbacks,4,110,110,115,-130,-130,-135,False,ESPN BET,1,-130,9,,,-1.5,Final,8.5,110
KC,2024-06-04T22:40Z,401569380,CLE,2024,Kansas City Royals,5,51.346148660000004,2024-06-04T11:06Z,Cleveland Guardians,8,115,115,105,-135,-135,-125,False,ESPN BET,1,105,9,,,-1.5,Final,8.5,-125
LAD,2024-06-04T22:40Z,401569381,PIT,2024,Los Angeles Dodgers,0,34.36300043,2024-06-04T11:06Z,Pittsburgh Pirates,1,-195,-195,-190,165,165,160,False,ESPN BET,1,-135,9,,,1.5,Final,7.5,115
MIL,2024-06-04T22:40Z,401569382,PHI,2024,Milwaukee Brewers,1,61.568616,2024-06-04T11:06Z,Philadelphia Phillies,2,140,140,140,-165,-165,-165,False,ESPN BET,1,-135,10,,,-1.5,Final/10,8.5,115
TB,2024-06-04T22:40Z,401569389,MIA,2024,Tampa Bay Rays,9,52.18233206,2024-06-04T11:06Z,Miami Marlins,5,-135,-135,-120,115,115,100,False,ESPN BET,1,100,9,,,1.5,Final,7.5,-120
NYM,2024-06-04T22:45Z,401569384,WSH,2024,New York Mets,6,50.45497059,2024-06-04T11:06Z,Washington Nationals,3,-140,-140,-125,120,120,105,False,ESPN BET,1,110,9,,,1.5,Final,9.5,-130
MIN,2024-06-04T23:05Z,401569383,NYY,2024,Minnesota Twins,1,66.56109319,2024-06-04T11:06Z,New York Yankees,5,145,145,145,-175,-175,-170,False,ESPN BET,1,-115,9,,,-1.5,Final,7.5,-105
BAL,2024-06-04T23:07Z,401569376,TOR,2024,Baltimore Orioles,10,42.40301597,2024-06-04T11:06Z,Toronto Blue Jays,1,-150,-150,-155,130,130,135,False,ESPN BET,1,-120,9,,,1.5,Final,7.5,100
ATL,2024-06-04T23:10Z,401569375,BOS,2024,Atlanta Braves,8,48.70180851,2024-06-04T11:06Z,Boston Red Sox,3,-170,-170,-150,140,140,130,False,ESPN BET,1,100,9,,,1.5,Final,8.5,-120
CHW,2024-06-05T00:05Z,401569377,CHC,2024,Chicago White Sox,6,78.358114,2024-06-04T11:06Z,Chicago Cubs,7,245,245,240,-300,-300,-290,False,ESPN BET,1,100,9,,,-2.5,Final,9.5,-120
DET,2024-06-05T00:05Z,401569379,TEX,2024,Detroit Tigers,3,56.283615909999995,2024-06-04T11:06Z,Texas Rangers,1,100,100,-120,-120,-120,100,False,ESPN BET,1,-120,9,,,1.5,Final,7.5,100
STL,2024-06-05T00:10Z,401569388,HOU,2024,St. Louis Cardinals,5,57.2508382,2024-06-04T11:06Z,Houston Astros,8,130,130,125,-150,-150,-145,False,ESPN BET,1,-125,9,,,-1.5,Final,8.5,105
CIN,2024-06-05T00:40Z,401569378,COL,2024,Cincinnati Reds,4,42.25623939,2024-06-04T11:06Z,Colorado Rockies,1,-135,-135,-140,115,115,120,False,ESPN BET,1,-125,9,,,1.5,Final,10.5,105
SD,2024-06-05T01:38Z,401569385,LAA,2024,San Diego Padres,2,49.006776349999996,2024-06-04T11:06Z,Los Angeles Angels,4,-115,-115,100,-105,-105,-120,False,ESPN BET,1,-115,9,,,1.5,Final,8.5,-105
SEA,2024-06-05T01:40Z,401569386,OAK,2024,Seattle Mariners,4,46.635275,2024-06-04T11:06Z,Oakland Athletics,3,-155,-155,-155,135,135,135,False,ESPN BET,1,-130,9,,,1.5,Final,7.5,110
SF,2024-06-05T01:40Z,401569387,ARI,2024,San Francisco Giants,5,55.25489852,2024-06-04T11:06Z,Arizona Diamondbacks,8,100,100,-110,-120,-120,-110,False,ESPN BET,1,105,9,,,1.5,Final,9.5,-125
ATL,2024-06-05T17:35Z,401569390,BOS,2024,Atlanta Braves,0,56.651339,2024-06-05T11:06Z,Boston Red Sox,9,-105,-105,-115,-115,-115,-105,False,ESPN BET,1,-125,9,,,1.5,Final,9.5,105
STL,2024-06-05T18:10Z,401569403,HOU,2024,St. Louis Cardinals,4,66.11438803,2024-06-05T11:06Z,Houston Astros,2,125,125,135,-145,-145,-155,False,ESPN BET,1,100,9,,,-1.5,Final,8.5,-120
CIN,2024-06-05T19:10Z,401569393,COL,2024,Cincinnati Reds,12,48.31688792,2024-06-05T11:06Z,Colorado Rockies,7,-145,-145,-135,125,125,115,False,ESPN BET,1,-110,9,,,1.5,Final,11.5,-110
SF,2024-06-05T19:40Z,401569402,ARI,2024,San Francisco Giants,9,48.110661209999996,2024-06-05T11:06Z,Arizona Diamondbacks,3,-110,-110,110,-110,-110,-130,False,ESPN BET,1,100,9,,,1.5,Final,8.5,-120
MIL,2024-06-05T20:05Z,401569397,PHI,2024,Milwaukee Brewers,0,64.68744454,2024-06-05T11:06Z,Philadelphia Phillies,2,150,150,155,-180,-180,-185,False,ESPN BET,1,-120,9,,,-1.5,Final,8.5,100
NYM,2024-06-05T20:05Z,401569399,WSH,2024,New York Mets,9,44.80767497,2024-06-05T11:06Z,Washington Nationals,1,-140,-140,-150,120,120,130,False,ESPN BET,1,-110,9,,,1.5,Final,9.5,-110
LAD,2024-06-05T22:40Z,401569396,PIT,2024,Los Angeles Dodgers,6,41.51669295,2024-06-05T11:06Z,Pittsburgh Pirates,10,100,100,105,-120,-120,-125,False,ESPN BET,1,-105,9,,,1.5,Final,8.5,-115
TB,2024-06-05T22:40Z,401569404,MIA,2024,Tampa Bay Rays,5,50.21510093,2024-06-05T11:06Z,Miami Marlins,3,-125,-125,-145,105,105,125,False,ESPN BET,1,-105,9,,,1.5,Final,7.5,-115
MIN,2024-06-05T23:05Z,401569398,NYY,2024,Minnesota Twins,5,57.13246436,2024-06-05T11:06Z,New York Yankees,9,150,150,160,-175,-175,-190,False,ESPN BET,1,100,9,,,-1.5,Final,8.5,-120
BAL,2024-06-05T23:07Z,401569391,TOR,2024,Baltimore Orioles,2,50.333560369999994,2024-06-05T11:06Z,Toronto Blue Jays,3,-105,-105,115,-115,-115,-135,False,ESPN BET,1,-130,9,,,1.5,Final,7.5,110
CHW,2024-06-06T00:05Z,401569392,CHC,2024,Chicago White Sox,6,65.76294568,2024-06-05T11:06Z,Chicago Cubs,7,160,160,160,-190,-190,-190,False,ESPN BET,1,100,9,,,-1.5,Final,9.5,-120
DET,2024-06-06T00:05Z,401569394,TEX,2024,Detroit Tigers,1,52.79011392,2024-06-05T11:06Z,Texas Rangers,9,130,130,110,-150,-150,-130,False,ESPN BET,1,-110,9,,,-1.5,Final,8.5,-110
SD,2024-06-06T01:38Z,401569400,LAA,2024,San Diego Padres,2,49.77000004,2024-06-05T11:06Z,Los Angeles Angels,3,-175,-175,-145,150,150,125,False,ESPN BET,1,-115,9,,,1.5,Final,7.5,-105
SEA,2024-06-06T01:40Z,401569401,OAK,2024,Seattle Mariners,1,35.90507361,2024-06-05T11:06Z,Oakland Athletics,2,-170,-170,-155,145,145,135,False,ESPN BET,1,110,9,,,1.5,Final,8.5,-130
BAL,2024-06-06T17:07Z,401569407,TOR,2024,Baltimore Orioles,5,53.035591790000005,2024-06-06T11:06Z,Toronto Blue Jays,6,110,110,-105,-130,-130,-115,False,ESPN BET,1,-105,9,,,1.5,Final,8.5,-115
KC,2024-06-06T17:10Z,401569411,CLE,2024,Kansas City Royals,4,63.074541159999995,2024-06-06T11:06Z,Cleveland Guardians,3,145,145,140,-170,-170,-165,False,ESPN BET,1,-115,9,,,-1.5,Final,7.5,-105
SEA,2024-06-06T19:37Z,401569414,OAK,2024,Seattle Mariners,3,44.32747286,2024-06-06T11:06Z,Oakland Athletics,0,-155,-155,-125,135,135,105,False,ESPN BET,1,-125,9,,,1.5,Final,7.5,105
LAD,2024-06-06T22:40Z,401569412,PIT,2024,Los Angeles Dodgers,11,45.52732453,2024-06-06T11:06Z,Pittsburgh Pirates,7,-185,-185,-185,155,155,155,False,ESPN BET,1,105,9,,,1.5,Final,9.5,-125
ATL,2024-06-06T22:45Z,401569406,WSH,2024,Atlanta Braves,5,36.4033049,2024-06-06T11:06Z,Washington Nationals,2,-165,-165,-190,135,140,160,False,ESPN BET,1,-120,9,,,1.5,Final,8.5,100
MIN,2024-06-06T23:05Z,401569413,NYY,2024,Minnesota Twins,5,65.56455942,2024-06-06T11:06Z,New York Yankees,8,130,130,120,-150,-150,-140,False,ESPN BET,1,100,9,,,-1.5,Final,8.5,-120
CHC,2024-06-06T23:10Z,401569409,CIN,2024,Chicago Cubs,4,52.86217069,2024-06-06T11:06Z,Cincinnati Reds,8,105,105,110,-125,-125,-130,False,ESPN BET,1,-115,9,,,-1.5,Final,9.5,-105
COL,2024-06-06T23:45Z,401569410,STL,2024,Colorado Rockies,3,71.31479042,2024-06-06T11:06Z,St. Louis Cardinals,2,190,190,180,-225,-225,-215,False,ESPN BET,1,105,9,,,-1.5,Final,7.5,-125
BOS,2024-06-07T00:10Z,401569408,CHW,2024,Boston Red Sox,14,27.1240017,2024-06-06T11:06Z,Chicago White Sox,2,-230,-250,-215,195,210,180,False,ESPN BET,1,-115,9,,,2.5,Final,8.5,-105
ARI,2024-06-07T01:40Z,401569405,SD,2024,Arizona Diamondbacks,4,56.476494269999996,2024-06-06T11:06Z,San Diego Padres,3,100,-105,110,-120,-115,-130,False,ESPN BET,1,105,9,,,1.5,Final,8.5,-125
MIL,2024-06-07T22:40Z,401569424,DET,2024,Milwaukee Brewers,10,50.270102949999995,2024-06-07T11:05Z,Detroit Tigers,0,105,105,-105,-125,-125,-115,False,ESPN BET,1,-110,9,,,-1.5,Final,8.5,-110
MIN,2024-06-07T22:40Z,401569425,PIT,2024,Minnesota Twins,0,50.703773330000004,2024-06-07T11:05Z,Pittsburgh Pirates,3,-120,-120,-125,100,100,105,False,ESPN BET,1,105,9,,,1.5,Final,8.5,-125
ATL,2024-06-07T22:45Z,401569416,WSH,2024,Atlanta Braves,1,39.49252733,2024-06-07T11:05Z,Washington Nationals,2,-200,-200,-215,170,170,180,False,ESPN BET,1,-115,9,,,1.5,Final,7.5,-105
BAL,2024-06-07T22:50Z,401569417,TB,2024,Baltimore Orioles,6,42.40891173,2024-06-07T11:05Z,Tampa Bay Rays,3,-120,-120,-120,100,100,100,False,ESPN BET,1,-110,9,,,1.5,Final,8.5,-110
LAD,2024-06-07T23:05Z,401569423,NYY,2024,Los Angeles Dodgers,2,53.14069773,2024-06-07T11:05Z,New York Yankees,1,-155,-155,-105,135,135,-115,False,ESPN BET,1,-130,11,,,1.5,Final/11,8.5,110
CHC,2024-06-07T23:10Z,401569419,CIN,2024,Chicago Cubs,2,51.49530979,2024-06-07T11:05Z,Cincinnati Reds,3,110,110,-110,-130,-130,-110,False,ESPN BET,1,-115,9,,,-1.5,Final,8.5,-105
CLE,2024-06-07T23:10Z,401569420,MIA,2024,Cleveland Guardians,2,41.73569528,2024-06-07T11:05Z,Miami Marlins,3,-115,-115,-120,-105,-105,100,False,ESPN BET,1,-110,9,,,1.5,Final,7.5,-110
SF,2024-06-08T00:05Z,401569427,TEX,2024,San Francisco Giants,5,48.933848489999995,2024-06-07T11:05Z,Texas Rangers,2,-125,-125,-120,105,105,100,False,ESPN BET,1,-105,9,,,1.5,Final,7.5,-115
BOS,2024-06-08T00:10Z,401569418,CHW,2024,Boston Red Sox,2,46.26144211,2024-06-07T11:05Z,Chicago White Sox,7,-105,-105,-110,-115,-115,-110,False,ESPN BET,1,-125,9,,,1.5,Final,7.5,105
SEA,2024-06-08T00:10Z,401569426,KC,2024,Seattle Mariners,9,51.454536080000004,2024-06-07T11:05Z,Kansas City Royals,10,-120,-120,-135,100,100,115,False,ESPN BET,1,-140,9,,,1.5,Final,8.5,120
COL,2024-06-08T00:15Z,401569421,STL,2024,Colorado Rockies,5,61.093126340000005,2024-06-07T11:05Z,St. Louis Cardinals,8,150,150,160,-175,-175,-190,False,ESPN BET,1,-115,9,,,-1.5,Final,7.5,-105
HOU,2024-06-08T01:38Z,401569422,LAA,2024,Houston Astros,7,44.96698293,2024-06-07T11:05Z,Los Angeles Angels,1,-165,-165,-190,140,140,160,False,ESPN BET,1,-115,9,,,1.5,Final,8.5,-105
ARI,2024-06-08T01:40Z,401569415,SD,2024,Arizona Diamondbacks,3,64.05887655,2024-06-07T11:05Z,San Diego Padres,10,110,110,105,-130,-130,-125,False,ESPN BET,1,-140,9,,,-1.5,Final,6.5,120
TOR,2024-06-08T01:40Z,401569428,OAK,2024,Toronto Blue Jays,1,44.64839068,2024-06-07T11:05Z,Oakland Athletics,2,-165,-175,-130,140,150,110,False,ESPN BET,1,-120,9,,,1.5,Final,7.5,100
PHI,2024-06-08T17:10Z,401569440,NYM,2024,Philadelphia Phillies,7,37.57896261,2024-06-08T11:05Z,New York Mets,2,-170,-170,-155,145,145,135,True,ESPN BET,1,-120,9,,,1.5,Final,9.5,100
ATL,2024-06-08T20:05Z,401569430,WSH,2024,Atlanta Braves,3,43.98445141,2024-06-08T11:05Z,Washington Nationals,7,-125,-125,-140,105,105,120,False,ESPN BET,1,-105,9,,,1.5,Final,8.5,-115
MIN,2024-06-08T20:05Z,401569439,PIT,2024,Minnesota Twins,0,54.75989814,2024-06-08T11:05Z,Pittsburgh Pirates,4,-125,-125,-120,105,105,100,False,ESPN BET,1,110,9,,,1.5,Final,9.5,-130
SF,2024-06-08T20:05Z,401569442,TEX,2024,San Francisco Giants,3,55.12691031,2024-06-08T11:05Z,Texas Rangers,1,105,105,120,-125,-125,-140,False,ESPN BET,1,-105,9,,,1.5,Final,8.5,-115
TOR,2024-06-08T20:07Z,401569443,OAK,2024,Toronto Blue Jays,7,45.35880803,2024-06-08T11:05Z,Oakland Athletics,0,-165,-165,-145,140,140,125,False,ESPN BET,1,-125,9,,,1.5,Final,7.5,105
BAL,2024-06-08T20:10Z,401569431,TB,2024,Baltimore Orioles,5,35.25055728,2024-06-08T11:05Z,Tampa Bay Rays,0,-135,-135,-145,115,115,125,False,ESPN BET,1,105,9,,,1.5,Final,8.5,-125
BOS,2024-06-08T20:10Z,401569432,CHW,2024,Boston Red Sox,1,36.02132,2024-06-08T11:05Z,Chicago White Sox,6,-230,-230,-210,195,195,175,False,ESPN BET,1,100,9,,,2.5,Final,8.5,-120
CHC,2024-06-08T20:10Z,401569433,CIN,2024,Chicago Cubs,3,59.13254433,2024-06-08T11:05Z,Cincinnati Reds,4,100,100,100,-120,-120,-120,False,ESPN BET,1,-135,9,,,1.5,Final,8.5,115
MIL,2024-06-08T20:10Z,401569438,DET,2024,Milwaukee Brewers,5,37.780729740000005,2024-06-08T11:05Z,Detroit Tigers,4,-170,-170,-170,145,145,145,False,ESPN BET,1,-130,9,,,1.5,Final,7.5,110
SEA,2024-06-08T20:10Z,401569441,KC,2024,Seattle Mariners,4,50.12522603,2024-06-08T11:05Z,Kansas City Royals,8,-140,-140,-135,120,120,115,False,ESPN BET,1,-115,9,,,1.5,Final,8.5,-105
COL,2024-06-08T20:15Z,401569435,STL,2024,Colorado Rockies,6,69.49104751,2024-06-08T11:05Z,St. Louis Cardinals,5,175,175,140,-210,-210,-165,False,ESPN BET,1,-110,9,,,-1.5,Final,8.5,-110
CLE,2024-06-08T23:35Z,401569434,MIA,2024,Cleveland Guardians,8,37.7272465,2024-06-08T11:05Z,Miami Marlins,0,-170,-170,-150,145,145,130,False,ESPN BET,1,100,9,,,1.5,Final,8.5,-120
LAD,2024-06-08T23:35Z,401569437,NYY,2024,Los Angeles Dodgers,11,61.594363539999996,2024-06-08T11:05Z,New York Yankees,3,100,100,105,-120,-120,-125,False,ESPN BET,1,-125,9,,,1.5,Final,8.5,105
ARI,2024-06-09T00:40Z,401569429,SD,2024,Arizona Diamondbacks,1,61.65515866,2024-06-08T11:05Z,San Diego Padres,13,135,135,120,-155,-155,-140,False,ESPN BET,1,-110,9,,,-1.5,Final,7.5,-110
HOU,2024-06-09T02:07Z,401569436,LAA,2024,Houston Astros,6,56.304109970000006,2024-06-08T11:05Z,Los Angeles Angels,1,-185,-185,-150,155,155,130,False,ESPN BET,1,-110,9,,,1.5,Final,8.5,-110
NYM,2024-06-09T14:00Z,401569455,PHI,2024,New York Mets,6,52.65625827,2024-06-09T11:04Z,Philadelphia Phillies,5,125,125,130,-145,-145,-150,True,ESPN BET,1,-115,9,,,-1.5,Final,11.5,-105
SF,2024-06-09T17:05Z,401569457,TEX,2024,San Francisco Giants,2,64.17553862000001,2024-06-09T11:04Z,Texas Rangers,7,135,135,135,-155,-155,-155,False,ESPN BET,1,100,9,,,-1.5,Final,7.5,-120
ATL,2024-06-09T17:35Z,401569445,WSH,2024,Atlanta Braves,5,45.58272939,2024-06-09T11:04Z,Washington Nationals,8,-165,-165,-170,140,140,145,False,ESPN BET,1,-105,9,,,1.5,Final,9.5,-115
MIN,2024-06-09T17:35Z,401569454,PIT,2024,Minnesota Twins,11,54.45631916,2024-06-09T11:04Z,Pittsburgh Pirates,5,100,100,100,-120,-120,-120,False,ESPN BET,1,100,10,,,1.5,Final/10,8.5,-120
BAL,2024-06-09T17:40Z,401569446,TB,2024,Baltimore Orioles,9,45.33970862,2024-06-09T11:04Z,Tampa Bay Rays,2,-150,-150,-135,130,130,115,False,ESPN BET,1,-120,9,,,1.5,Final,7.5,100
CHC,2024-06-09T17:40Z,401569448,CIN,2024,Chicago Cubs,4,55.2710664,2024-06-09T11:04Z,Cincinnati Reds,2,-135,-135,-135,115,115,115,False,ESPN BET,1,-135,9,,,1.5,Final,8.5,115
CLE,2024-06-09T17:40Z,401569449,MIA,2024,Cleveland Guardians,6,47.93087711,2024-06-09T11:04Z,Miami Marlins,3,-110,-110,-105,-110,-110,-115,False,ESPN BET,1,-105,9,,,1.5,Final,8.5,-115
MIL,2024-06-09T17:40Z,401569453,DET,2024,Milwaukee Brewers,2,55.421813119999996,2024-06-09T11:04Z,Detroit Tigers,10,135,135,140,-155,-155,-165,False,ESPN BET,1,-125,9,,,-1.5,Final,7.5,105
BOS,2024-06-09T18:10Z,401569447,CHW,2024,Boston Red Sox,6,35.023591339999996,2024-06-09T11:04Z,Chicago White Sox,4,-145,-145,-165,125,125,140,False,ESPN BET,1,100,10,,,1.5,Final/10,9.5,-120
SEA,2024-06-09T18:10Z,401569456,KC,2024,Seattle Mariners,6,62.27782717,2024-06-09T11:04Z,Kansas City Royals,5,,,,,,,False,,,,10,,,,Final/10,,
COL,2024-06-09T18:15Z,401569450,STL,2024,Colorado Rockies,1,65.77440825000001,2024-06-09T11:04Z,St. Louis Cardinals,5,145,145,160,-170,-170,-190,False,ESPN BET,1,105,9,,,-1.5,Final,8.5,-125
HOU,2024-06-09T20:07Z,401569451,LAA,2024,Houston Astros,7,41.96814358,2024-06-09T11:04Z,Los Angeles Angels,9,-155,-155,-165,135,135,140,False,ESPN BET,1,-105,9,,,1.5,Final,8.5,-115
TOR,2024-06-09T20:07Z,401569458,OAK,2024,Toronto Blue Jays,6,51.14002205,2024-06-09T11:04Z,Oakland Athletics,4,-135,-135,-125,115,115,105,False,ESPN BET,1,100,10,,,1.5,Final/10,8.5,-120
ARI,2024-06-09T20:10Z,401569444,SD,2024,Arizona Diamondbacks,9,59.547143840000004,2024-06-09T11:04Z,San Diego Padres,3,110,110,115,-130,-130,-135,False,ESPN BET,1,105,9,,,-1.5,Final,8.5,-125
LAD,2024-06-09T23:00Z,401569452,NYY,2024,Los Angeles Dodgers,4,51.61610686,2024-06-09T11:04Z,New York Yankees,6,-135,-135,-120,115,115,100,False,ESPN BET,1,105,9,,,1.5,Final,7.5,-125
BAL,2024-06-10T22:50Z,401569459,TB,2024,Baltimore Orioles,5,39.3772716,2024-06-10T11:04Z,Tampa Bay Rays,2,-135,-135,-150,115,115,130,False,ESPN BET,1,-130,9,,,1.5,Final,6.5,110
COL,2024-06-10T23:40Z,401569461,MIN,2024,Colorado Rockies,0,69.77142669,2024-06-10T11:04Z,Minnesota Twins,5,200,200,170,-240,-240,-200,False,ESPN BET,1,-110,9,,,-1.5,Final,8.5,-110
NYY,2024-06-11T00:10Z,401569463,KC,2024,New York Yankees,4,58.537057260000005,2024-06-10T11:04Z,Kansas City Royals,2,-115,-115,-130,-105,-105,110,False,ESPN BET,1,-110,9,,,1.5,Final,8.5,-110
TOR,2024-06-11T00:10Z,401569465,MIL,2024,Toronto Blue Jays,1,58.30981173000001,2024-06-10T11:04Z,Milwaukee Brewers,3,100,100,-115,-120,-120,-105,False,ESPN BET,1,-115,9,,,1.5,Final,8.5,-105
CHW,2024-06-11T01:40Z,401569460,SEA,2024,Chicago White Sox,4,69.91145515,2024-06-10T11:04Z,Seattle Mariners,8,170,170,195,-200,-200,-230,False,ESPN BET,1,100,9,,,-1.5,Final,7.5,-120
OAK,2024-06-11T01:40Z,401569464,SD,2024,Oakland Athletics,1,76.3234227,2024-06-10T11:04Z,San Diego Padres,6,175,175,170,-210,-210,-200,False,ESPN BET,1,-110,9,,,-1.5,Final,7.5,-110
HOU,2024-06-11T01:45Z,401569462,SF,2024,Houston Astros,3,56.592163029999995,2024-06-10T11:04Z,San Francisco Giants,4,-120,-115,-125,100,-105,105,False,ESPN BET,1,100,10,,,1.5,Final/10,8.5,-120
ATL,2024-06-11T22:35Z,401569467,BAL,2024,Atlanta Braves,0,54.17588928,2024-06-11T11:04Z,Baltimore Orioles,4,-135,-135,-140,115,115,120,False,ESPN BET,1,100,9,,,1.5,Final,7.5,-120
WSH,2024-06-11T22:40Z,401569480,DET,2024,Washington Nationals,5,52.94536265000001,2024-06-11T11:04Z,Detroit Tigers,4,100,100,-105,-120,-120,-115,False,ESPN BET,1,-125,10,,,1.5,Final/10,7.5,105
CHC,2024-06-11T22:50Z,401569469,TB,2024,Chicago Cubs,2,55.87649802,2024-06-11T11:04Z,Tampa Bay Rays,5,115,115,110,-135,-135,-130,False,ESPN BET,1,-105,9,,,-1.5,Final,7.5,-115
CLE,2024-06-11T23:10Z,401569470,CIN,2024,Cleveland Guardians,5,50.747012680000005,2024-06-11T11:04Z,Cincinnati Reds,3,-105,-105,-125,-115,-115,105,False,ESPN BET,1,-135,9,,,1.5,Final,8.5,115
MIA,2024-06-11T23:10Z,401569473,NYM,2024,Miami Marlins,4,61.813224850000005,2024-06-11T11:04Z,New York Mets,2,135,135,110,-155,-155,-130,False,ESPN BET,1,100,9,,,-1.5,Final,7.5,-120
PHI,2024-06-11T23:10Z,401569476,BOS,2024,Philadelphia Phillies,4,42.12731042,2024-06-11T11:04Z,Boston Red Sox,1,-165,-165,-150,135,135,130,False,ESPN BET,1,-125,9,,,1.5,Final,7.5,105
COL,2024-06-11T23:40Z,401569471,MIN,2024,Colorado Rockies,5,57.53425981,2024-06-11T11:04Z,Minnesota Twins,4,175,175,170,-210,-210,-200,False,ESPN BET,1,-110,9,,,-1.5,Final,8.5,-110
PIT,2024-06-11T23:45Z,401569477,STL,2024,Pittsburgh Pirates,2,53.8177279,2024-06-11T11:04Z,St. Louis Cardinals,1,-145,-145,-130,125,125,110,False,ESPN BET,1,110,9,,,1.5,Final,7.5,-130
NYY,2024-06-12T00:10Z,401569474,KC,2024,New York Yankees,10,47.14662865,2024-06-11T11:04Z,Kansas City Royals,1,-135,-135,-125,115,115,105,False,ESPN BET,1,-105,9,,,1.5,Final,9.5,-115
TOR,2024-06-12T00:10Z,401569479,MIL,2024,Toronto Blue Jays,3,57.967813619999994,2024-06-11T11:04Z,Milwaukee Brewers,0,,,,,,,False,,,,9,,,,Final,,
LAA,2024-06-12T01:40Z,401569466,ARI,2024,Los Angeles Angels,4,68.33288644999999,2024-06-11T11:04Z,Arizona Diamondbacks,9,130,130,150,-150,-150,-175,False,ESPN BET,1,110,9,,,-1.5,Final,9.5,-130
CHW,2024-06-12T01:40Z,401569468,SEA,2024,Chicago White Sox,3,75.10428252,2024-06-11T11:04Z,Seattle Mariners,4,155,155,190,-185,-185,-225,False,ESPN BET,1,105,9,,,-1.5,Final,7.5,-125
OAK,2024-06-12T01:40Z,401569475,SD,2024,Oakland Athletics,3,64.61587129,2024-06-11T11:04Z,San Diego Padres,4,135,135,125,-160,-160,-145,False,ESPN BET,1,-115,9,,,-1.5,Final,7.5,-105
HOU,2024-06-12T01:45Z,401569472,SF,2024,Houston Astros,3,58.890779439999996,2024-06-11T11:04Z,San Francisco Giants,1,100,100,-115,-120,-120,-105,False,ESPN BET,1,-120,9,,,1.5,Final,7.5,100
TEX,2024-06-12T02:10Z,401569478,LAD,2024,Texas Rangers,2,63.75850997,2024-06-11T11:04Z,Los Angeles Dodgers,15,145,145,135,-175,-175,-155,False,ESPN BET,1,-110,9,,,-1.5,Final,8.5,-110
COL,2024-06-12T17:10Z,401569486,MIN,2024,Colorado Rockies,9,65.36916208,2024-06-12T11:05Z,Minnesota Twins,17,205,205,200,-250,-250,-240,False,ESPN BET,1,-115,9,,,-1.5,Final,7.5,-105
TOR,2024-06-12T18:10Z,401569494,MIL,2024,Toronto Blue Jays,4,59.93036729,2024-06-12T11:05Z,Milwaukee Brewers,5,105,105,-105,-125,-125,-115,False,ESPN BET,1,-125,9,,,-1.5,Final,8.5,105
HOU,2024-06-12T19:45Z,401569487,SF,2024,Houston Astros,3,55.819033360000006,2024-06-12T11:05Z,San Francisco Giants,5,100,100,-105,-120,-120,-115,False,ESPN BET,1,100,9,,,1.5,Final,7.5,-120
OAK,2024-06-12T20:10Z,401569490,SD,2024,Oakland Athletics,4,76.81818467,2024-06-12T11:05Z,San Diego Padres,5,190,190,160,-225,-225,-190,False,ESPN BET,1,-120,9,,,-1.5,Final,7.5,100
ATL,2024-06-12T22:35Z,401569482,BAL,2024,Atlanta Braves,2,58.58720008,2024-06-12T11:05Z,Baltimore Orioles,4,105,105,105,-125,-125,-125,False,ESPN BET,1,-115,9,,,1.5,Final,8.5,-105
WSH,2024-06-12T22:40Z,401569495,DET,2024,Washington Nationals,7,58.82800025,2024-06-12T11:05Z,Detroit Tigers,5,105,105,115,-125,-125,-135,False,ESPN BET,1,-110,9,,,-1.5,Final,7.5,-110
CHC,2024-06-12T22:50Z,401569484,TB,2024,Chicago Cubs,4,45.74358241,2024-06-12T11:05Z,Tampa Bay Rays,3,-105,-105,105,-115,-115,-125,False,ESPN BET,1,105,9,,,1.5,Final,8.5,-125
CLE,2024-06-12T23:10Z,401569485,CIN,2024,Cleveland Guardians,2,43.8028785,2024-06-12T11:05Z,Cincinnati Reds,4,-110,-110,105,-110,-110,-125,False,ESPN BET,1,-115,9,,,1.5,Final,7.5,-105
MIA,2024-06-12T23:10Z,401569488,NYM,2024,Miami Marlins,4,64.09143227,2024-06-12T11:05Z,New York Mets,10,130,130,125,-155,-155,-145,False,ESPN BET,1,-115,9,,,-1.5,Final,7.5,-105
PHI,2024-06-12T23:10Z,401569491,BOS,2024,Philadelphia Phillies,6,47.06571462,2024-06-12T11:05Z,Boston Red Sox,8,-135,-135,-125,115,115,105,False,ESPN BET,1,105,9,,,1.5,Final,8.5,-125
PIT,2024-06-12T23:45Z,401569492,STL,2024,Pittsburgh Pirates,2,68.16074075,2024-06-12T11:05Z,St. Louis Cardinals,4,145,145,145,-170,-170,-170,False,ESPN BET,1,105,9,,,-1.5,Final,8.5,-125
NYY,2024-06-13T00:10Z,401569489,KC,2024,New York Yankees,11,45.786494090000005,2024-06-12T11:05Z,Kansas City Royals,5,-175,-175,-155,145,145,135,False,ESPN BET,1,-115,9,,,1.5,Final,10.5,-105
LAA,2024-06-13T01:40Z,401569481,ARI,2024,Los Angeles Angels,8,52.41816749,2024-06-12T11:05Z,Arizona Diamondbacks,3,125,125,120,-145,-145,-140,False,ESPN BET,1,105,9,,,-1.5,Final,8.5,-125
CHW,2024-06-13T01:40Z,401569483,SEA,2024,Chicago White Sox,1,71.94675516,2024-06-12T11:05Z,Seattle Mariners,2,215,215,195,-265,-265,-230,False,ESPN BET,1,105,10,,,-1.5,Final/10,7.5,-125
TEX,2024-06-13T02:10Z,401569493,LAD,2024,Texas Rangers,3,57.537546989999996,2024-06-12T11:05Z,Los Angeles Dodgers,2,150,150,140,-175,-175,-165,False,ESPN BET,1,100,9,,,-1.5,Final,8.5,-120
ATL,2024-06-13T17:05Z,401569497,BAL,2024,Atlanta Braves,6,53.28705646,2024-06-13T11:05Z,Baltimore Orioles,3,100,100,100,-120,-120,-120,False,ESPN BET,1,105,9,,,-1.5,Final,9.5,-125
WSH,2024-06-13T17:10Z,401569506,DET,2024,Washington Nationals,2,62.33816325,2024-06-13T11:05Z,Detroit Tigers,7,135,135,-110,-155,-155,-110,False,ESPN BET,1,-105,9,,,-1.5,Final,9.5,-115
NYY,2024-06-13T18:10Z,401569501,KC,2024,New York Yankees,3,44.03752393,2024-06-13T11:05Z,Kansas City Royals,4,-170,-170,-140,145,145,120,False,ESPN BET,1,-120,9,,,1.5,Final,10.5,100
PIT,2024-06-13T18:15Z,401569504,STL,2024,Pittsburgh Pirates,3,50.751115469999995,2024-06-13T11:05Z,St. Louis Cardinals,4,-115,-115,-110,-105,-105,-110,False,ESPN BET,1,-115,9,,,1.5,Final,8.5,-105
CHC,2024-06-13T22:50Z,401569499,TB,2024,Chicago Cubs,2,42.56442344,2024-06-13T11:05Z,Tampa Bay Rays,3,-110,-110,-115,-110,-110,-105,False,ESPN BET,1,105,9,,,1.5,Final,7.5,-125
MIA,2024-06-13T23:10Z,401569500,NYM,2024,Miami Marlins,2,66.63196061,2024-06-13T11:05Z,New York Mets,3,175,175,160,-210,-210,-190,False,ESPN BET,1,-130,9,,,-1.5,Final,8.5,110
PHI,2024-06-13T23:10Z,401569503,BOS,2024,Philadelphia Phillies,3,50.19117897,2024-06-13T11:05Z,Boston Red Sox,9,-115,-115,-115,-105,-105,-105,False,ESPN BET,1,-105,9,,,1.5,Final,8.5,-115
OAK,2024-06-13T23:40Z,401569502,MIN,2024,Oakland Athletics,2,72.10035947,2024-06-13T11:05Z,Minnesota Twins,6,220,220,180,-270,-270,-215,False,ESPN BET,1,-105,9,,,-1.5,Final,8.5,-115
LAA,2024-06-14T01:40Z,401569496,ARI,2024,Los Angeles Angels,1,57.76216815,2024-06-13T11:05Z,Arizona Diamondbacks,11,170,170,155,-200,-200,-185,False,ESPN BET,1,-120,9,,,-1.5,Final,8.5,100
CHW,2024-06-14T01:40Z,401569498,SEA,2024,Chicago White Sox,3,70.77218375999999,2024-06-13T11:05Z,Seattle Mariners,2,105,105,150,-125,-125,-175,False,ESPN BET,1,-125,10,,,1.5,Final/10,6.5,105
TEX,2024-06-14T02:10Z,401569505,LAD,2024,Texas Rangers,3,61.191908129999995,2024-06-13T11:05Z,Los Angeles Dodgers,1,165,165,190,-195,-195,-225,False,ESPN BET,1,-110,9,,,-1.5,Final,8.5,-110
STL,2024-06-14T18:20Z,401569519,CHC,2024,St. Louis Cardinals,3,50.39789482,2024-06-14T11:04Z,Chicago Cubs,0,105,105,-110,-125,-125,-110,False,ESPN BET,1,105,9,,,1.5,Final,7.5,-125
NYY,2024-06-14T22:30Z,401569514,BOS,2024,New York Yankees,8,40.32150334,2024-06-14T11:04Z,Boston Red Sox,1,-160,-160,-150,135,135,130,False,ESPN BET,1,100,9,,,1.5,Final,9.5,-120
MIA,2024-06-14T22:45Z,401569513,WSH,2024,Miami Marlins,1,64.15625804,2024-06-14T11:04Z,Washington Nationals,8,160,160,140,-185,-185,-165,False,ESPN BET,1,-105,9,,,-1.5,Final,8.5,-115
PHI,2024-06-14T23:05Z,401569516,BAL,2024,Philadelphia Phillies,5,53.32254132999999,2024-06-14T11:04Z,Baltimore Orioles,3,120,120,110,-145,-145,-130,False,ESPN BET,1,110,11,,,-1.5,Final/11,7.5,-130
CLE,2024-06-14T23:07Z,401569510,TOR,2024,Cleveland Guardians,3,53.63875882,2024-06-14T11:04Z,Toronto Blue Jays,1,130,130,110,-150,-150,-130,False,ESPN BET,1,-115,9,,,-1.5,Final,7.5,-105
SD,2024-06-14T23:10Z,401569518,NYM,2024,San Diego Padres,1,56.43320678,2024-06-14T11:04Z,New York Mets,2,-105,-105,-120,-115,-115,100,False,ESPN BET,1,-105,9,,,1.5,Final,7.5,-115
TB,2024-06-14T23:20Z,401569520,ATL,2024,Tampa Bay Rays,3,66.35404466,2024-06-14T11:04Z,Atlanta Braves,7,185,185,170,-225,-225,-200,False,ESPN BET,1,-105,9,,,-1.5,Final,8.5,-115
CIN,2024-06-15T00:10Z,401569509,MIL,2024,Cincinnati Reds,6,62.02176798,2024-06-14T11:04Z,Milwaukee Brewers,5,145,145,120,-170,-170,-140,False,ESPN BET,1,100,9,,,-1.5,Final,7.5,-120
DET,2024-06-15T00:10Z,401569511,HOU,2024,Detroit Tigers,0,42.6124912,2024-06-14T11:04Z,Houston Astros,4,100,100,-120,-120,-120,100,False,ESPN BET,1,-140,9,,,1.5,Final,6.5,120
OAK,2024-06-15T00:10Z,401569515,MIN,2024,Oakland Athletics,5,62.90105065,2024-06-14T11:04Z,Minnesota Twins,6,150,150,160,-180,-180,-190,False,ESPN BET,1,-105,10,,,-1.5,Final/10,8.5,-115
PIT,2024-06-15T00:40Z,401569517,COL,2024,Pittsburgh Pirates,5,41.75882824,2024-06-14T11:04Z,Colorado Rockies,2,-110,-110,-105,-110,-110,-115,False,ESPN BET,1,-110,9,,,1.5,Final,10.5,-110
CHW,2024-06-15T01:40Z,401569508,ARI,2024,Chicago White Sox,1,67.76111275,2024-06-14T11:04Z,Arizona Diamondbacks,7,165,165,145,-200,-200,-170,False,ESPN BET,1,105,9,,,-1.5,Final,9.5,-125
KC,2024-06-15T02:10Z,401569512,LAD,2024,Kansas City Royals,3,51.7508952,2024-06-14T11:04Z,Los Angeles Dodgers,4,130,130,135,-155,-155,-155,False,ESPN BET,1,-110,9,,,-1.5,Final,7.5,-110
TEX,2024-06-15T02:10Z,401569521,SEA,2024,Texas Rangers,2,61.46542816,2024-06-14T11:04Z,Seattle Mariners,3,120,120,125,-140,-140,-145,False,ESPN BET,1,115,9,,,-1.5,Final,7.5,-135
LAA,2024-06-15T02:15Z,401569507,SF,2024,Los Angeles Angels,8,55.755260390000004,2024-06-14T11:04Z,San Francisco Giants,6,135,135,115,-155,-155,-135,False,ESPN BET,1,-120,9,,,-1.5,Final,7.5,100
STL,2024-06-15T18:20Z,401569534,CHC,2024,St. Louis Cardinals,1,64.28509454,2024-06-15T11:05Z,Chicago Cubs,5,155,155,135,-185,-185,-155,False,ESPN BET,1,-110,9,,,-1.5,Final,8.5,-110
CLE,2024-06-15T19:07Z,401569525,TOR,2024,Cleveland Guardians,0,57.66910492,2024-06-15T11:05Z,Toronto Blue Jays,5,110,110,100,-130,-130,-120,False,ESPN BET,1,110,9,,,-1.5,Final,8.5,-130
LAA,2024-06-15T20:05Z,401569522,SF,2024,Los Angeles Angels,4,55.82317329999999,2024-06-15T11:05Z,San Francisco Giants,3,115,115,120,-135,-135,-140,False,ESPN BET,1,-115,9,,,-1.5,Final,7.5,-105
MIA,2024-06-15T20:05Z,401569528,WSH,2024,Miami Marlins,0,56.94204014,2024-06-15T11:05Z,Washington Nationals,4,105,105,100,-125,-125,-120,False,ESPN BET,1,-130,9,,,-1.5,Final,8.5,110
PHI,2024-06-15T20:05Z,401569531,BAL,2024,Philadelphia Phillies,2,61.29946355,2024-06-15T11:05Z,Baltimore Orioles,6,160,160,150,-195,-195,-175,False,ESPN BET,1,100,9,,,-1.5,Final,8.5,-120
CIN,2024-06-15T20:10Z,401569524,MIL,2024,Cincinnati Reds,1,59.102157840000004,2024-06-15T11:05Z,Milwaukee Brewers,3,115,115,115,-135,-135,-135,False,ESPN BET,1,-120,9,,,-1.5,Final,8.5,100
DET,2024-06-15T20:10Z,401569526,HOU,2024,Detroit Tigers,13,61.68962606,2024-06-15T11:05Z,Houston Astros,5,100,100,120,-120,-120,-140,False,ESPN BET,1,-120,9,,,1.5,Final,7.5,100
SD,2024-06-15T20:10Z,401569533,NYM,2024,San Diego Padres,1,57.936173999999994,2024-06-15T11:05Z,New York Mets,5,110,110,105,-130,-130,-125,False,ESPN BET,1,-105,9,,,-1.5,Final,8.5,-115
TB,2024-06-15T20:10Z,401569535,ATL,2024,Tampa Bay Rays,2,62.149425810000004,2024-06-15T11:05Z,Atlanta Braves,9,110,110,130,-130,-130,-150,False,ESPN BET,1,-125,9,,,-1.5,Final,8.5,105
NYY,2024-06-15T23:15Z,401569529,BOS,2024,New York Yankees,4,44.23215682,2024-06-15T11:05Z,Boston Red Sox,8,-190,-190,-170,155,155,145,False,ESPN BET,1,-130,9,,,1.5,Final,8.5,110
TEX,2024-06-15T23:15Z,401569536,SEA,2024,Texas Rangers,5,54.018234490000005,2024-06-15T11:05Z,Seattle Mariners,7,105,105,115,-125,-125,-135,False,ESPN BET,1,-110,9,,,-1.5,Final,6.5,-110
KC,2024-06-16T01:10Z,401569527,LAD,2024,Kansas City Royals,7,57.73338072000001,2024-06-15T11:05Z,Los Angeles Dodgers,2,200,200,165,-250,-250,-195,False,ESPN BET,1,-120,9,,,-1.5,Final,7.5,100
PIT,2024-06-16T01:10Z,401569532,COL,2024,Pittsburgh Pirates,4,43.42144674,2024-06-15T11:05Z,Colorado Rockies,16,-175,-175,-175,150,150,150,False,ESPN BET,1,-120,9,,,1.5,Final,10.5,100
CHW,2024-06-16T02:10Z,401569523,ARI,2024,Chicago White Sox,9,63.66860571,2024-06-15T11:05Z,Arizona Diamondbacks,2,145,145,120,-175,-175,-140,False,ESPN BET,1,100,9,,,-1.5,Final,8.5,-120
STL,2024-06-16T17:05Z,401569549,CHC,2024,St. Louis Cardinals,2,59.40466489000001,2024-06-16T11:04Z,Chicago Cubs,1,110,110,110,-130,-130,-130,False,ESPN BET,1,-105,9,,,-1.5,Final,10.5,-115
MIA,2024-06-16T17:35Z,401569543,WSH,2024,Miami Marlins,1,60.47865854,2024-06-16T11:04Z,Washington Nationals,3,105,105,100,-125,-125,-120,False,ESPN BET,1,-105,9,,,-1.5,Final,8.5,-115
PHI,2024-06-16T17:35Z,401569546,BAL,2024,Philadelphia Phillies,3,52.97074878,2024-06-16T11:04Z,Baltimore Orioles,8,115,115,110,-140,-140,-130,False,ESPN BET,1,110,9,,,-1.5,Final,7.5,-130
TB,2024-06-16T17:35Z,401569550,ATL,2024,Tampa Bay Rays,8,52.91598958,2024-06-16T11:04Z,Atlanta Braves,6,110,110,105,-130,-130,-125,False,ESPN BET,1,110,9,,,-1.5,Final,9.5,-130
CLE,2024-06-16T17:37Z,401569540,TOR,2024,Cleveland Guardians,6,50.31153174000001,2024-06-16T11:04Z,Toronto Blue Jays,7,100,100,110,-120,-120,-130,False,ESPN BET,1,-105,9,,,1.5,Final,7.5,-115
SD,2024-06-16T17:40Z,401569548,NYM,2024,San Diego Padres,6,47.73562924,2024-06-16T11:04Z,New York Mets,11,-145,-145,-115,125,125,-105,False,ESPN BET,1,105,9,,,1.5,Final,7.5,-125
CIN,2024-06-16T18:10Z,401569539,MIL,2024,Cincinnati Reds,4,60.56686465,2024-06-16T11:04Z,Milwaukee Brewers,5,130,130,105,-150,-150,-125,False,ESPN BET,1,-105,9,,,-1.5,Final,9.5,-115
DET,2024-06-16T18:10Z,401569541,HOU,2024,Detroit Tigers,1,61.08993072,2024-06-16T11:04Z,Houston Astros,4,140,140,110,-165,-165,-130,False,ESPN BET,1,-115,9,,,-1.5,Final,7.5,-105
OAK,2024-06-16T18:10Z,401569545,MIN,2024,Oakland Athletics,2,64.21955661,2024-06-16T11:04Z,Minnesota Twins,6,175,175,140,-210,-210,-165,False,ESPN BET,1,-135,9,,,-1.5,Final,8.5,115
PIT,2024-06-16T19:10Z,401569547,COL,2024,Pittsburgh Pirates,8,44.61826222,2024-06-16T11:04Z,Colorado Rockies,2,-115,-115,-140,-105,-105,120,False,ESPN BET,1,-125,9,,,1.5,Final,11.5,105
LAA,2024-06-16T20:05Z,401569537,SF,2024,Los Angeles Angels,6,72.81949129,2024-06-16T11:04Z,San Francisco Giants,13,140,140,140,-165,-165,-165,False,ESPN BET,1,-120,9,,,-1.5,Final,8.5,100
CHW,2024-06-16T20:10Z,401569538,ARI,2024,Chicago White Sox,5,65.43146102,2024-06-16T11:04Z,Arizona Diamondbacks,12,155,155,145,-185,-185,-170,False,ESPN BET,1,-125,9,,,-1.5,Final,8.5,105
KC,2024-06-16T20:10Z,401569542,LAD,2024,Kansas City Royals,0,68.84199456,2024-06-16T11:04Z,Los Angeles Dodgers,3,220,220,210,-275,-275,-250,False,ESPN BET,1,-125,9,,,-1.5,Final,7.5,105
TEX,2024-06-16T20:10Z,401569551,SEA,2024,Texas Rangers,0,63.23014244,2024-06-16T11:04Z,Seattle Mariners,5,120,120,135,-140,-140,-155,False,ESPN BET,1,-125,9,,,-1.5,Final,6.5,105
NYY,2024-06-16T23:00Z,401569544,BOS,2024,New York Yankees,3,46.180286599999995,2024-06-16T11:04Z,Boston Red Sox,9,-145,-145,-145,125,125,125,False,ESPN BET,1,100,9,,,1.5,Final,9.5,-120
OAK,2024-06-16T23:40Z,401679017,MIN,2024,Oakland Athletics,7,73.7422016,2024-06-16T11:04Z,Minnesota Twins,8,165,165,170,-200,-200,-200,False,ESPN BET,1,-115,9,,,-1.5,Final,8.5,-105
SD,2024-06-17T22:40Z,401569558,PHI,2024,San Diego Padres,2,65.74108784,2024-06-17T11:05Z,Philadelphia Phillies,9,165,165,145,-195,-195,-170,False,ESPN BET,1,-105,9,,,-1.5,Final,9.5,-115
STL,2024-06-17T22:40Z,401569560,MIA,2024,St. Louis Cardinals,7,38.3144459,2024-06-17T11:05Z,Miami Marlins,6,-155,-155,-155,135,135,135,False,ESPN BET,1,110,12,,,1.5,Final/12,7.5,-130
BOS,2024-06-17T23:07Z,401569552,TOR,2024,Boston Red Sox,7,51.624421399999996,2024-06-17T11:05Z,Toronto Blue Jays,3,110,110,105,-130,-130,-125,False,ESPN BET,1,-110,9,,,1.5,Final,7.5,-110
CIN,2024-06-17T23:10Z,401569553,PIT,2024,Cincinnati Reds,1,55.58898723,2024-06-17T11:05Z,Pittsburgh Pirates,4,160,160,165,-190,-190,-195,False,ESPN BET,1,100,9,,,-1.5,Final,8.5,-125
DET,2024-06-17T23:20Z,401569554,ATL,2024,Detroit Tigers,1,66.26208409,2024-06-17T11:05Z,Atlanta Braves,2,180,180,175,-215,-215,-210,False,ESPN BET,1,-120,9,,,-1.5,Final,7.5,100
NYM,2024-06-18T00:05Z,401569557,TEX,2024,New York Mets,14,57.08780309,2024-06-17T11:05Z,Texas Rangers,2,115,115,100,-135,-135,-120,False,ESPN BET,1,-105,9,,,-1.5,Final,8.5,-115
SF,2024-06-18T00:05Z,401569559,CHC,2024,San Francisco Giants,7,50.02253484,2024-06-17T11:05Z,Chicago Cubs,6,-105,-105,105,-115,-115,-125,False,ESPN BET,1,100,9,,,1.5,Final,10.5,-120
LAD,2024-06-18T00:40Z,401569555,COL,2024,Los Angeles Dodgers,9,40.58629541,2024-06-17T11:05Z,Colorado Rockies,5,-170,-170,-195,145,145,165,False,ESPN BET,1,-125,9,,,1.5,Final,11.5,105
MIL,2024-06-18T01:38Z,401569556,LAA,2024,Milwaukee Brewers,3,52.7412668,2024-06-17T11:05Z,Los Angeles Angels,5,-130,-130,-115,110,110,-105,False,ESPN BET,1,-125,9,,,1.5,Final,8.5,105
STL,2024-06-18T22:10Z,401569574,MIA,2024,St. Louis Cardinals,8,48.02370869,2024-06-18T11:05Z,Miami Marlins,9,-140,-140,-145,120,120,125,False,ESPN BET,1,100,10,,,1.5,Final/10,8.5,-120
CIN,2024-06-18T22:40Z,401569564,PIT,2024,Cincinnati Reds,2,48.0263534,2024-06-18T11:05Z,Pittsburgh Pirates,1,-130,-130,-140,110,110,120,False,ESPN BET,1,100,9,,,1.5,Final,8.5,-120
SD,2024-06-18T22:40Z,401569571,PHI,2024,San Diego Padres,3,57.486765809999994,2024-06-18T11:05Z,Philadelphia Phillies,4,140,140,125,-170,-170,-145,False,ESPN BET,1,-115,9,,,-1.5,Final,8.5,-105
SEA,2024-06-18T22:40Z,401569572,CLE,2024,Seattle Mariners,8,59.11281412,2024-06-18T11:05Z,Cleveland Guardians,5,120,120,105,-140,-140,-125,False,ESPN BET,1,-125,9,,,-1.5,Final,8.5,105
ARI,2024-06-18T22:45Z,401569561,WSH,2024,Arizona Diamondbacks,5,56.267993260000004,2024-06-18T11:05Z,Washington Nationals,0,110,110,105,-130,-130,-125,False,ESPN BET,1,110,9,,,-1.5,Final,9.5,-130
BAL,2024-06-18T23:05Z,401569562,NYY,2024,Baltimore Orioles,2,54.997202980000004,2024-06-18T11:05Z,New York Yankees,4,120,120,130,-145,-145,-150,False,ESPN BET,1,-120,9,,,-1.5,Final,8.5,100
BOS,2024-06-18T23:07Z,401569563,TOR,2024,Boston Red Sox,4,46.27587405,2024-06-18T11:05Z,Toronto Blue Jays,3,-135,-135,-120,115,115,100,False,ESPN BET,1,-105,9,,,1.5,Final,7.5,-115
DET,2024-06-18T23:20Z,401569565,ATL,2024,Detroit Tigers,1,59.33765802999999,2024-06-18T11:05Z,Atlanta Braves,2,145,145,145,-170,-170,-170,False,ESPN BET,1,115,9,,,-1.5,Final,9.5,-135
TB,2024-06-18T23:40Z,401569575,MIN,2024,Tampa Bay Rays,6,63.57323195,2024-06-18T11:05Z,Minnesota Twins,7,160,160,135,-190,-190,-155,False,ESPN BET,1,-110,9,,,-1.5,Final,8.5,-110
NYM,2024-06-19T00:05Z,401569570,TEX,2024,New York Mets,7,53.35808795,2024-06-18T11:05Z,Texas Rangers,6,-125,-125,-110,105,105,-110,False,ESPN BET,1,-120,9,,,1.5,Final,8.5,100
SF,2024-06-19T00:05Z,401569573,CHC,2024,San Francisco Giants,2,51.98221796,2024-06-18T11:05Z,Chicago Cubs,5,-105,-105,-110,-115,-115,-110,False,ESPN BET,1,100,9,,,1.5,Final,9.5,-120
HOU,2024-06-19T00:10Z,401569566,CHW,2024,Houston Astros,0,35.85001727,2024-06-18T11:05Z,Chicago White Sox,2,-180,-180,-200,150,150,170,False,ESPN BET,1,-125,9,,,1.5,Final,8.5,105
LAD,2024-06-19T00:40Z,401569568,COL,2024,Los Angeles Dodgers,11,38.71045221,2024-06-18T11:05Z,Colorado Rockies,9,-200,-200,-190,165,165,160,False,ESPN BET,1,-120,9,,,1.5,Final,10.5,100
MIL,2024-06-19T01:38Z,401569569,LAA,2024,Milwaukee Brewers,6,44.982342669999994,2024-06-18T11:05Z,Los Angeles Angels,3,-145,-145,-135,125,125,115,False,ESPN BET,1,105,9,,,1.5,Final,9.5,-125
KC,2024-06-19T01:40Z,401569567,OAK,2024,Kansas City Royals,5,44.366689799999996,2024-06-18T11:05Z,Oakland Athletics,7,-130,-130,-135,110,110,115,False,ESPN BET,1,105,9,,,1.5,Final,8.5,-125
DET,2024-06-19T16:20Z,401569580,ATL,2024,Detroit Tigers,0,60.067917380000004,2024-06-19T11:05Z,Atlanta Braves,7,120,120,110,-140,-140,-130,False,ESPN BET,1,100,9,,,-1.5,Final,7.5,-120
CIN,2024-06-19T16:35Z,401569579,PIT,2024,Cincinnati Reds,0,53.769659280000006,2024-06-19T11:05Z,Pittsburgh Pirates,1,105,105,100,-125,-125,-120,False,ESPN BET,1,-115,9,,,-1.5,Final,7.5,-105
STL,2024-06-19T16:40Z,401569589,MIA,2024,St. Louis Cardinals,3,38.48533575,2024-06-19T11:05Z,Miami Marlins,4,-155,-155,-170,135,135,145,False,ESPN BET,1,105,9,,,1.5,Final,8.5,-125
SD,2024-06-19T17:05Z,401569586,PHI,2024,San Diego Padres,5,70.29356247,2024-06-19T11:05Z,Philadelphia Phillies,2,160,160,125,-195,-195,-145,False,ESPN BET,1,-115,9,,,-1.5,Final,8.5,-105
SF,2024-06-19T18:20Z,401569588,CHC,2024,San Francisco Giants,5,44.99115995,2024-06-19T11:05Z,Chicago Cubs,6,-105,-105,100,-115,-115,-120,False,ESPN BET,1,-120,9,,,1.5,Final,10.5,100
ARI,2024-06-19T20:05Z,401569576,WSH,2024,Arizona Diamondbacks,1,41.51388038,2024-06-19T11:05Z,Washington Nationals,3,-175,-175,-165,150,150,140,False,ESPN BET,1,100,9,,,1.5,Final,9.5,-120
SEA,2024-06-19T22:40Z,401569587,CLE,2024,Seattle Mariners,0,60.81670849,2024-06-19T11:05Z,Cleveland Guardians,8,130,130,105,-150,-150,-125,False,ESPN BET,1,100,9,,,-1.5,Final,7.5,-120
BAL,2024-06-19T23:05Z,401569577,NYY,2024,Baltimore Orioles,7,66.65066311,2024-06-19T11:05Z,New York Yankees,6,120,120,160,-140,-140,-190,False,ESPN BET,1,-110,10,,,-1.5,Final/10,7.5,-110
BOS,2024-06-19T23:07Z,401569578,TOR,2024,Boston Red Sox,7,58.15692712,2024-06-19T11:05Z,Toronto Blue Jays,3,120,120,115,-140,-140,-135,False,ESPN BET,1,-125,9,,,-1.5,Final,7.5,105
TB,2024-06-19T23:40Z,401569590,MIN,2024,Tampa Bay Rays,3,68.49005177000001,2024-06-19T11:05Z,Minnesota Twins,2,145,145,140,-170,-170,-165,False,ESPN BET,1,100,10,,,-1.5,Final/10,7.5,-120
NYM,2024-06-20T00:05Z,401569585,TEX,2024,New York Mets,3,47.16814582,2024-06-19T11:05Z,Texas Rangers,5,-115,-115,-110,-105,-105,-110,False,ESPN BET,1,-110,9,,,1.5,Final,8.5,-110
HOU,2024-06-20T00:10Z,401569581,CHW,2024,Houston Astros,4,46.55529997,2024-06-19T11:05Z,Chicago White Sox,1,-120,-120,-120,100,100,100,False,ESPN BET,1,105,9,,,1.5,Final,7.5,-125
LAD,2024-06-20T00:40Z,401569583,COL,2024,Los Angeles Dodgers,6,32.892127519999995,2024-06-19T11:05Z,Colorado Rockies,7,-205,-205,-210,170,170,175,False,ESPN BET,1,-105,9,,,2.5,Final,10.5,-115
MIL,2024-06-20T01:38Z,401569584,LAA,2024,Milwaukee Brewers,2,46.25810173,2024-06-19T11:05Z,Los Angeles Angels,0,-190,-190,-155,160,160,135,False,ESPN BET,1,100,9,,,1.5,Final,8.5,-120
KC,2024-06-20T01:40Z,401569582,OAK,2024,Kansas City Royals,1,34.67049738,2024-06-19T11:05Z,Oakland Athletics,5,-190,-190,-170,160,160,145,False,ESPN BET,1,115,9,,,1.5,Final,7.5,-135
ARI,2024-06-20T17:05Z,401569591,WSH,2024,Arizona Diamondbacks,5,58.22063476,2024-06-20T11:05Z,Washington Nationals,2,125,125,110,-145,-145,-130,False,ESPN BET,1,-120,9,,,-1.5,Final,8.5,100
SEA,2024-06-20T17:10Z,401569597,CLE,2024,Seattle Mariners,3,55.58929668,2024-06-20T11:05Z,Cleveland Guardians,6,105,105,-120,-125,-125,100,False,ESPN BET,1,-110,9,,,-1.5,Final,8.5,-110
TB,2024-06-20T17:10Z,401569599,MIN,2024,Tampa Bay Rays,7,58.662200080000005,2024-06-20T11:05Z,Minnesota Twins,6,110,110,105,-130,-130,-125,False,ESPN BET,1,160,10,,,-1.5,Final/10,9.5,-220
HOU,2024-06-20T18:10Z,401569593,CHW,2024,Houston Astros,5,39.22010704,2024-06-20T11:05Z,Chicago White Sox,3,-190,-190,-175,155,155,150,False,ESPN BET,1,-130,9,,,1.5,Final,8.5,110
LAD,2024-06-20T19:10Z,401569595,COL,2024,Los Angeles Dodgers,5,38.34564715,2024-06-20T11:05Z,Colorado Rockies,3,-225,-225,-230,180,180,195,False,ESPN BET,1,-120,9,,,2.5,Final,11.5,100
KC,2024-06-20T19:37Z,401569594,OAK,2024,Kansas City Royals,3,37.93964352,2024-06-20T11:05Z,Oakland Athletics,2,-150,-145,-135,130,125,115,False,ESPN BET,1,-105,9,,,1.5,Final,7.5,-115
BAL,2024-06-20T20:05Z,401569592,NYY,2024,Baltimore Orioles,17,59.93443757,2024-06-20T11:05Z,New York Yankees,5,140,140,115,-170,-170,-135,False,ESPN BET,1,-115,9,,,-1.5,Final,8.5,-105
SF,2024-06-20T23:15Z,401569598,STL,2024,San Francisco Giants,5,50.931593809999995,2024-06-20T11:05Z,St. Louis Cardinals,6,-120,-120,110,100,100,-130,True,ESPN BET,1,110,9,,,1.5,Final,9.5,-130
MIL,2024-06-21T01:40Z,401569596,SD,2024,Milwaukee Brewers,6,43.10739079,2024-06-20T11:05Z,San Diego Padres,7,-105,-105,-115,-115,-115,-105,False,ESPN BET,1,-125,9,,,1.5,Final,8.5,105
NYM,2024-06-21T18:20Z,401569609,CHC,2024,New York Mets,11,57.13815955,2024-06-21T11:05Z,Chicago Cubs,1,135,135,130,-155,-155,-150,False,ESPN BET,1,-125,9,,,-1.5,Final,7.5,105
ARI,2024-06-21T22:40Z,401569601,PHI,2024,Arizona Diamondbacks,5,57.810051279999996,2024-06-21T11:05Z,Philadelphia Phillies,4,115,115,115,-145,-145,-135,False,ESPN BET,2,-110,9,,,-1.5,Final,9.5,-110
CHW,2024-06-21T22:40Z,401569605,DET,2024,Chicago White Sox,1,63.826899049999994,2024-06-21T11:05Z,Detroit Tigers,2,155,155,150,-190,-190,-175,False,ESPN BET,1,-110,9,,,-1.5,Final,7.5,-110
TB,2024-06-21T22:40Z,401569611,PIT,2024,Tampa Bay Rays,10,58.45601198,2024-06-21T11:05Z,Pittsburgh Pirates,3,-130,-130,-105,110,110,-115,False,ESPN BET,1,-125,9,,,1.5,Final,8.5,105
ATL,2024-06-21T23:05Z,401569602,NYY,2024,Atlanta Braves,8,52.6116921,2024-06-21T11:05Z,New York Yankees,1,-110,-110,-120,-110,-110,100,False,ESPN BET,1,-110,9,,,1.5,Final,7.5,-110
BOS,2024-06-21T23:10Z,401569604,CIN,2024,Boston Red Sox,2,50.922143600000005,2024-06-21T11:05Z,Cincinnati Reds,5,-115,-115,-110,-105,-105,-110,False,ESPN BET,1,110,9,,,1.5,Final,9.5,-130
SEA,2024-06-21T23:10Z,401569610,MIA,2024,Seattle Mariners,2,41.291597079999995,2024-06-21T11:05Z,Miami Marlins,3,-170,-165,-150,145,140,130,False,ESPN BET,1,110,10,,,1.5,Final/10,7.5,-130
TOR,2024-06-21T23:10Z,401569612,CLE,2024,Toronto Blue Jays,1,52.216071549999995,2024-06-21T11:05Z,Cleveland Guardians,7,105,105,100,-125,-125,-120,False,ESPN BET,1,-115,9,,,-1.5,Final,8.5,-105
KC,2024-06-22T00:05Z,401569606,TEX,2024,Kansas City Royals,2,55.859152560000005,2024-06-21T11:05Z,Texas Rangers,6,125,125,120,-145,-145,-140,False,ESPN BET,1,-125,9,,,-1.5,Final,7.5,105
BAL,2024-06-22T00:10Z,401569603,HOU,2024,Baltimore Orioles,11,43.93015747,2024-06-21T11:05Z,Houston Astros,14,-160,-160,-150,135,135,130,False,ESPN BET,1,100,9,,,1.5,Final,8.5,-120
WSH,2024-06-22T00:40Z,401569613,COL,2024,Washington Nationals,11,50.34299296,2024-06-21T11:05Z,Colorado Rockies,5,-125,-125,-125,105,105,105,False,ESPN BET,1,110,9,,,1.5,Final,11.5,-130
MIL,2024-06-22T01:40Z,401569607,SD,2024,Milwaukee Brewers,5,52.539213370000006,2024-06-21T11:05Z,San Diego Padres,9,130,130,130,-150,-150,-150,False,ESPN BET,1,-115,9,,,-1.5,Final,7.5,-105
MIN,2024-06-22T01:40Z,401569608,OAK,2024,Minnesota Twins,5,34.49073277,2024-06-21T11:05Z,Oakland Athletics,6,-155,-155,-165,135,135,140,False,ESPN BET,1,100,9,,,1.5,Final,8.5,-120
LAA,2024-06-22T02:10Z,401569600,LAD,2024,Los Angeles Angels,3,71.24049312,2024-06-21T11:05Z,Los Angeles Dodgers,2,155,155,165,-185,-185,-195,False,ESPN BET,1,-115,10,,,-1.5,Final/10,8.5,-105
CHW,2024-06-22T17:10Z,401569619,DET,2024,Chicago White Sox,5,64.49566904000001,2024-06-22T11:05Z,Detroit Tigers,1,140,140,130,-170,-170,-150,False,ESPN BET,1,-125,9,,,-1.5,Final,8.5,105
SF,2024-06-22T18:15Z,401569625,STL,2024,San Francisco Giants,4,43.110995,2024-06-22T11:05Z,St. Louis Cardinals,9,100,100,-105,-120,-120,-115,False,ESPN BET,1,-130,9,,,1.5,Final,8.5,110
NYM,2024-06-22T18:20Z,401569623,CHC,2024,New York Mets,1,52.685636820000006,2024-06-22T11:05Z,Chicago Cubs,8,-125,-125,100,105,105,-120,False,ESPN BET,1,-130,9,,,1.5,Final,10.5,110
ARI,2024-06-22T20:05Z,401569615,PHI,2024,Arizona Diamondbacks,1,73.38322063,2024-06-22T11:05Z,Philadelphia Phillies,12,220,220,190,-275,-275,-225,False,ESPN BET,1,100,9,,,-1.5,Final,9.5,-120
KC,2024-06-22T20:05Z,401569620,TEX,2024,Kansas City Royals,0,53.94401164,2024-06-22T11:05Z,Texas Rangers,6,125,125,105,-145,-145,-125,False,ESPN BET,1,110,9,,,-1.5,Final,8.5,-130
TB,2024-06-22T20:05Z,401569626,PIT,2024,Tampa Bay Rays,3,50.53518726,2024-06-22T11:05Z,Pittsburgh Pirates,4,-110,-110,-105,-110,-110,-115,False,ESPN BET,1,-115,9,,,1.5,Final,8.5,-105
MIN,2024-06-22T20:07Z,401569622,OAK,2024,Minnesota Twins,10,44.48717103,2024-06-22T11:05Z,Oakland Athletics,2,-185,-185,-165,155,155,140,False,ESPN BET,1,-110,9,,,1.5,Final,8.5,-110
BAL,2024-06-22T20:10Z,401569617,HOU,2024,Baltimore Orioles,1,44.69726079,2024-06-22T11:05Z,Houston Astros,5,-155,-155,-140,130,130,120,False,ESPN BET,1,-115,9,,,1.5,Final,7.5,-105
BOS,2024-06-22T20:10Z,401569618,CIN,2024,Boston Red Sox,4,50.582952930000005,2024-06-22T11:05Z,Cincinnati Reds,3,-120,-120,-125,100,100,105,False,ESPN BET,1,-105,9,,,1.5,Final,9.5,-115
SEA,2024-06-22T20:10Z,401569624,MIA,2024,Seattle Mariners,9,36.574747349999996,2024-06-22T11:05Z,Miami Marlins,0,-170,-170,-155,145,145,135,False,ESPN BET,1,-110,9,,,1.5,Final,7.5,-110
TOR,2024-06-22T20:10Z,401569627,CLE,2024,Toronto Blue Jays,3,61.097156580000004,2024-06-22T11:05Z,Cleveland Guardians,6,120,120,115,-140,-140,-135,False,ESPN BET,1,-135,9,,,-1.5,Final,8.5,115
ATL,2024-06-22T23:15Z,401569616,NYY,2024,Atlanta Braves,3,61.18348207,2024-06-22T11:05Z,New York Yankees,8,115,115,120,-135,-135,-140,False,ESPN BET,1,115,9,,,-1.5,Final,9.5,-135
MIL,2024-06-22T23:15Z,401569621,SD,2024,Milwaukee Brewers,4,52.678779899999995,2024-06-22T11:05Z,San Diego Padres,6,-120,-120,100,100,100,-120,False,ESPN BET,1,-105,9,,,1.5,Final,8.5,-115
WSH,2024-06-23T01:10Z,401569628,COL,2024,Washington Nationals,7,50.87046083,2024-06-22T11:05Z,Colorado Rockies,8,-105,-105,-120,-115,-115,100,False,ESPN BET,1,-115,9,,,1.5,Final,10.5,-105
LAA,2024-06-23T02:10Z,401569614,LAD,2024,Los Angeles Angels,2,81.59922867,2024-06-22T11:05Z,Los Angeles Dodgers,7,310,310,280,-410,-410,-350,False,ESPN BET,1,-110,9,,,-2.5,Final,8.5,-110
ARI,2024-06-23T15:35Z,401569629,PHI,2024,Arizona Diamondbacks,1,70.12141833,2024-06-23T11:04Z,Philadelphia Phillies,4,200,200,165,-250,-250,-195,False,ESPN BET,1,-120,9,,,-1.5,Final,9.5,100
ATL,2024-06-23T17:35Z,401569630,NYY,2024,Atlanta Braves,3,55.89318449,2024-06-23T11:04Z,New York Yankees,1,-105,-105,-120,-115,-115,100,False,ESPN BET,1,-115,9,,,1.5,Final,8.5,-105
TB,2024-06-23T17:35Z,401569640,PIT,2024,Tampa Bay Rays,3,58.391919800000004,2024-06-23T11:04Z,Pittsburgh Pirates,1,140,140,120,-165,-165,-140,False,ESPN BET,1,-120,9,,,-1.5,Final,7.5,100
BOS,2024-06-23T17:40Z,401569632,CIN,2024,Boston Red Sox,7,52.97286743,2024-06-23T11:04Z,Cincinnati Reds,4,135,135,125,-155,-155,-145,False,ESPN BET,1,105,9,,,-1.5,Final,9.5,-125
CHW,2024-06-23T17:40Z,401569633,DET,2024,Chicago White Sox,2,66.76481762,2024-06-23T11:04Z,Detroit Tigers,11,165,165,175,-200,-200,-210,False,ESPN BET,1,105,9,,,-1.5,Final,8.5,-125
SEA,2024-06-23T17:40Z,401569638,MIA,2024,Seattle Mariners,4,41.09386681,2024-06-23T11:04Z,Miami Marlins,6,-155,-155,-140,130,130,120,False,ESPN BET,1,-120,9,,,1.5,Final,7.5,100
TOR,2024-06-23T17:40Z,401569641,CLE,2024,Toronto Blue Jays,5,61.15820716,2024-06-23T11:04Z,Cleveland Guardians,6,100,100,-110,-120,-120,-110,False,ESPN BET,1,-110,9,,,1.5,Final,8.5,-110
BAL,2024-06-23T18:10Z,401569631,HOU,2024,Baltimore Orioles,1,50.86886558,2024-06-23T11:04Z,Houston Astros,8,-110,-110,105,-110,-110,-125,False,ESPN BET,1,105,9,,,1.5,Final,8.5,-125
SF,2024-06-23T18:15Z,401569639,STL,2024,San Francisco Giants,3,56.11410530999999,2024-06-23T11:04Z,St. Louis Cardinals,5,110,110,105,-130,-130,-125,False,ESPN BET,1,110,9,,,-1.5,Final,7.5,-130
KC,2024-06-23T18:35Z,401569634,TEX,2024,Kansas City Royals,0,57.15534943,2024-06-23T11:04Z,Texas Rangers,4,140,140,110,-165,-165,-130,False,ESPN BET,1,-105,9,,,-1.5,Final,8.5,-115
WSH,2024-06-23T19:10Z,401569642,COL,2024,Washington Nationals,2,37.843728840000004,2024-06-23T11:04Z,Colorado Rockies,1,-130,-135,-135,110,115,115,False,ESPN BET,1,-115,9,,,1.5,Final,10.5,-105
MIN,2024-06-23T20:07Z,401569636,OAK,2024,Minnesota Twins,3,43.09201853,2024-06-23T11:04Z,Oakland Athletics,0,-175,-175,-175,150,150,150,False,ESPN BET,1,-120,9,,,1.5,Final,7.5,100
MIL,2024-06-23T20:10Z,401569635,SD,2024,Milwaukee Brewers,6,59.17423248,2024-06-23T11:04Z,San Diego Padres,2,115,115,105,-135,-135,-125,False,ESPN BET,1,-105,9,,,-1.5,Final,7.5,-115
NYM,2024-06-23T23:00Z,401569637,CHC,2024,New York Mets,5,57.582701199999995,2024-06-23T11:04Z,Chicago Cubs,2,105,105,-110,-125,-125,-110,False,ESPN BET,1,105,9,,,1.5,Final,8.5,-125
CLE,2024-06-24T22:35Z,401569645,BAL,2024,Cleveland Guardians,3,47.06953043,2024-06-24T11:04Z,Baltimore Orioles,2,100,100,-110,-120,-120,-110,False,ESPN BET,1,-115,9,,,1.5,Final,7.5,-105
PHI,2024-06-24T22:40Z,401569649,DET,2024,Philadelphia Phillies,8,38.960518640000004,2024-06-24T11:04Z,Detroit Tigers,1,-185,-185,-175,155,155,150,False,ESPN BET,1,100,9,,,1.5,Final,8.5,-120
SEA,2024-06-24T22:50Z,401569651,TB,2024,Seattle Mariners,3,45.60473023,2024-06-24T11:04Z,Tampa Bay Rays,4,-105,-105,-115,-115,-115,-105,False,ESPN BET,1,105,9,,,1.5,Final,7.5,-125
PIT,2024-06-24T23:10Z,401569650,CIN,2024,Pittsburgh Pirates,5,57.79837864,2024-06-24T11:04Z,Cincinnati Reds,11,115,115,100,-135,-135,-120,False,ESPN BET,1,-115,9,,,-1.5,Final,9.5,-105
TOR,2024-06-24T23:10Z,401569653,BOS,2024,Toronto Blue Jays,6,64.30360518,2024-06-24T11:04Z,Boston Red Sox,7,135,135,120,-155,-155,-140,False,ESPN BET,1,-120,9,,,-1.5,Final,8.5,100
ATL,2024-06-24T23:45Z,401569643,STL,2024,Atlanta Braves,3,51.172266,2024-06-24T11:04Z,St. Louis Cardinals,4,-135,-135,-125,115,115,105,False,ESPN BET,1,-125,9,,,1.5,Final,8.5,105
LAD,2024-06-25T00:10Z,401569646,CHW,2024,Los Angeles Dodgers,3,36.09103571,2024-06-24T11:04Z,Chicago White Sox,0,-120,-120,-145,100,100,125,False,ESPN BET,1,-115,9,,,1.5,Final,7.5,-105
MIA,2024-06-25T00:10Z,401569647,KC,2024,Miami Marlins,1,72.75406317999999,2024-06-24T11:04Z,Kansas City Royals,4,205,205,195,-250,-250,-230,False,ESPN BET,1,100,9,,,-1.5,Final,9.5,-120
TEX,2024-06-25T00:10Z,401569652,MIL,2024,Texas Rangers,3,63.1730256,2024-06-24T11:04Z,Milwaukee Brewers,6,150,150,140,-175,-175,-165,False,ESPN BET,1,105,9,,,-1.5,Final,8.5,-125
OAK,2024-06-25T01:38Z,401569648,LAA,2024,Oakland Athletics,1,59.310259480000006,2024-06-24T11:04Z,Los Angeles Angels,5,120,120,105,-140,-140,-125,False,ESPN BET,1,110,9,,,-1.5,Final,9.5,-130
WSH,2024-06-25T01:40Z,401569654,SD,2024,Washington Nationals,6,69.71380409,2024-06-24T11:04Z,San Diego Padres,7,165,165,180,-195,-195,-215,False,ESPN BET,1,-115,10,,,-1.5,Final/10,7.5,-105
CHC,2024-06-25T01:45Z,401569644,SF,2024,Chicago Cubs,4,47.96009065,2024-06-24T11:04Z,San Francisco Giants,5,-110,-110,-105,-110,-110,-115,False,ESPN BET,1,-130,9,,,1.5,Final,6.5,110
CLE,2024-06-25T22:35Z,401569657,BAL,2024,Cleveland Guardians,10,58.38463907,2024-06-24T11:04Z,Baltimore Orioles,8,135,135,120,-165,-165,-140,False,ESPN BET,1,110,9,,,-1.5,Final,9.5,-130
PHI,2024-06-25T22:40Z,401569664,DET,2024,Philadelphia Phillies,1,46.62215753,2024-06-24T11:04Z,Detroit Tigers,4,-125,-125,-125,105,105,105,False,ESPN BET,1,105,9,,,1.5,Final,7.5,-125
SEA,2024-06-25T22:50Z,401569666,TB,2024,Seattle Mariners,3,48.99764457,2024-06-24T11:04Z,Tampa Bay Rays,11,-125,-125,-135,105,105,115,False,ESPN BET,1,-105,9,,,1.5,Final,7.5,-115
NYY,2024-06-25T23:10Z,401569662,NYM,2024,New York Yankees,7,43.76051152,2024-06-24T11:04Z,New York Mets,9,-155,-155,-150,130,130,130,False,ESPN BET,1,-130,9,,,1.5,Final,7.5,110
PIT,2024-06-25T23:10Z,401569665,CIN,2024,Pittsburgh Pirates,9,58.14683673,2024-06-24T11:04Z,Cincinnati Reds,5,110,110,105,-130,-130,-125,False,ESPN BET,1,-125,9,,,-1.5,Final,8.5,105
TOR,2024-06-25T23:10Z,401569668,BOS,2024,Toronto Blue Jays,9,53.65483665000001,2024-06-24T11:04Z,Boston Red Sox,4,110,110,100,-130,-130,-120,False,ESPN BET,1,-105,9,,,-1.5,Final,9.5,-115
COL,2024-06-26T00:10Z,401569658,HOU,2024,Colorado Rockies,2,67.19556904000001,2024-06-24T11:04Z,Houston Astros,5,225,225,200,-275,-275,-240,False,ESPN BET,1,105,9,,,-1.5,Final,8.5,-125
LAD,2024-06-26T00:10Z,401569659,CHW,2024,Los Angeles Dodgers,4,27.65472136,2024-06-24T11:04Z,Chicago White Sox,3,-230,-230,-230,185,185,195,False,ESPN BET,1,105,9,,,2.5,Final,9.5,-125
MIA,2024-06-26T00:10Z,401569660,KC,2024,Miami Marlins,2,75.54227331999999,2024-06-24T11:04Z,Kansas City Royals,1,150,165,165,-175,-195,-195,False,ESPN BET,1,-120,9,,,-1.5,Final,9.5,100
TEX,2024-06-26T00:10Z,401569667,MIL,2024,Texas Rangers,1,63.927553530000004,2024-06-24T11:04Z,Milwaukee Brewers,3,-110,-110,105,-110,-110,-125,False,ESPN BET,1,110,9,,,1.5,Final,9.5,-130
OAK,2024-06-26T01:38Z,401569663,LAA,2024,Oakland Athletics,5,62.231220629999996,2024-06-24T11:04Z,Los Angeles Angels,7,100,100,110,-120,-120,-130,False,ESPN BET,1,100,9,,,-1.5,Final,8.5,-120
MIN,2024-06-26T01:40Z,401569661,ARI,2024,Minnesota Twins,4,46.10375667,2024-06-24T11:04Z,Arizona Diamondbacks,5,-130,-130,-125,110,110,105,False,ESPN BET,1,-110,9,,,1.5,Final,7.5,-110
WSH,2024-06-26T01:40Z,401569669,SD,2024,Washington Nationals,7,64.50729772,2024-06-24T11:04Z,San Diego Padres,9,-125,-125,115,105,105,-135,False,ESPN BET,1,-115,9,,,1.5,Final,7.5,-105
CHC,2024-06-26T01:45Z,401569656,SF,2024,Chicago Cubs,1,62.89196974,2024-06-24T11:04Z,San Francisco Giants,5,105,105,-120,-125,-125,100,False,ESPN BET,1,-125,9,,,-1.5,Final,7.5,105
SEA,2024-06-26T16:10Z,401569681,TB,2024,Seattle Mariners,5,49.98371263,2024-06-26T11:04Z,Tampa Bay Rays,2,-105,-105,-115,-115,-115,-105,False,ESPN BET,1,115,9,,,1.5,Final,7.5,-140
PHI,2024-06-26T17:10Z,401569679,DET,2024,Philadelphia Phillies,6,48.8796788,2024-06-26T11:04Z,Detroit Tigers,2,-170,-170,-185,140,140,155,False,ESPN BET,1,105,9,,,1.5,Final,9.5,-125
PIT,2024-06-26T17:10Z,401569680,CIN,2024,Pittsburgh Pirates,6,57.06848229,2024-06-26T11:04Z,Cincinnati Reds,1,115,115,105,-135,-135,-125,False,ESPN BET,1,-110,9,,,-1.5,Final,9.5,-110
ATL,2024-06-26T17:45Z,401683085,STL,2024,Atlanta Braves,6,41.62595537,2024-06-26T11:04Z,St. Louis Cardinals,2,-130,-130,-140,110,110,115,False,ESPN BET,1,-115,9,,,1.5,Final,7.5,-105
COL,2024-06-26T18:10Z,401569673,HOU,2024,Colorado Rockies,1,64.49648278,2024-06-26T11:04Z,Houston Astros,7,165,165,160,-195,-195,-190,False,ESPN BET,1,-105,9,,,-1.5,Final,8.5,-115
MIA,2024-06-26T18:10Z,401569675,KC,2024,Miami Marlins,1,66.41475252,2024-06-26T11:04Z,Kansas City Royals,5,170,170,175,-205,-205,-210,False,ESPN BET,1,-125,9,,,-1.5,Final,8.5,105
TEX,2024-06-26T18:10Z,401569682,MIL,2024,Texas Rangers,5,58.755963040000005,2024-06-26T11:04Z,Milwaukee Brewers,6,-120,-120,-110,100,100,-110,False,ESPN BET,1,-105,10,,,1.5,Final/10,8.5,-115
OAK,2024-06-26T20:07Z,401569678,LAA,2024,Oakland Athletics,2,61.21539268,2024-06-26T11:04Z,Los Angeles Angels,5,115,120,105,-135,-140,-125,False,ESPN BET,1,115,9,,,-1.5,Final,9.5,-135
WSH,2024-06-26T20:10Z,401569684,SD,2024,Washington Nationals,5,67.10610971999999,2024-06-26T11:04Z,San Diego Padres,8,155,155,160,-185,-185,-190,False,ESPN BET,1,100,9,,,-1.5,Final,7.5,-120
CLE,2024-06-26T22:35Z,401569672,BAL,2024,Cleveland Guardians,2,63.54756281,2024-06-26T11:04Z,Baltimore Orioles,4,195,195,150,-240,-240,-175,False,ESPN BET,1,-110,9,,,-1.5,Final,8.5,-110
NYY,2024-06-26T23:10Z,401569677,NYM,2024,New York Yankees,2,48.984634449999994,2024-06-26T11:04Z,New York Mets,12,-130,-130,-140,110,110,120,False,ESPN BET,1,100,9,,,1.5,Final,8.5,-120
TOR,2024-06-26T23:10Z,401569683,BOS,2024,Toronto Blue Jays,4,67.31313541,2024-06-26T11:04Z,Boston Red Sox,1,135,135,140,-160,-160,-165,False,ESPN BET,1,-120,9,,,-1.5,Final,9.5,100
ATL,2024-06-26T23:15Z,401569670,STL,2024,Atlanta Braves,1,57.459887099999996,2024-06-26T11:04Z,St. Louis Cardinals,4,-130,-130,-185,110,110,155,False,ESPN BET,1,-110,9,,,1.5,Final,8.5,-110
LAD,2024-06-27T00:10Z,401569674,CHW,2024,Los Angeles Dodgers,4,40.88981339,2024-06-26T11:04Z,Chicago White Sox,0,-175,-175,-200,145,145,170,False,ESPN BET,1,105,9,,,1.5,Final,8.5,-125
MIN,2024-06-27T01:40Z,401569676,ARI,2024,Minnesota Twins,8,49.33085063,2024-06-26T11:04Z,Arizona Diamondbacks,3,-125,-120,-120,105,100,100,False,ESPN BET,1,-130,9,,,1.5,Final,8.5,110
CHC,2024-06-27T01:45Z,401569671,SF,2024,Chicago Cubs,3,56.813728669999996,2024-06-26T11:04Z,San Francisco Giants,4,-105,-105,105,-115,-115,-125,False,ESPN BET,1,-115,9,,,1.5,Final,7.5,-105
MIN,2024-06-27T19:40Z,401569690,ARI,2024,Minnesota Twins,13,53.263068010000005,2024-06-27T11:05Z,Arizona Diamondbacks,6,-120,-120,-105,100,100,-115,False,ESPN BET,1,-120,9,,,1.5,Final,8.5,100
CHC,2024-06-27T19:45Z,401569685,SF,2024,Chicago Cubs,5,63.23326654,2024-06-27T11:05Z,San Francisco Giants,3,-115,-115,-115,-105,-105,-105,False,ESPN BET,1,-115,10,,,1.5,Final/10,7.5,-105
ATL,2024-06-27T20:10Z,401652958,CHW,2024,Atlanta Braves,0,30.03970901,2024-06-27T11:05Z,Chicago White Sox,1,-315,-315,-320,250,250,260,False,ESPN BET,1,-125,9,,,2.5,Final,7.5,105
MIA,2024-06-27T22:20Z,401569689,PHI,2024,Miami Marlins,7,80.20451938,2024-06-27T11:05Z,Philadelphia Phillies,4,250,250,240,-315,-315,-290,False,ESPN BET,1,-130,9,,,-2.5,Final,7.5,110
TEX,2024-06-27T22:35Z,401569692,BAL,2024,Texas Rangers,2,68.59974589,2024-06-27T11:05Z,Baltimore Orioles,11,170,170,175,-210,-210,-210,False,ESPN BET,1,-105,9,,,-1.5,Final,7.5,-115
NYY,2024-06-27T23:07Z,401569691,TOR,2024,New York Yankees,2,52.01963441,2024-06-27T11:05Z,Toronto Blue Jays,9,-135,-135,-145,115,115,125,False,ESPN BET,1,-120,9,,,1.5,Final,8.5,100
CIN,2024-06-27T23:45Z,401569686,STL,2024,Cincinnati Reds,11,49.20620623,2024-06-27T11:05Z,St. Louis Cardinals,4,125,125,115,-145,-145,-135,False,ESPN BET,1,-120,9,,,-1.5,Final,7.5,100
CLE,2024-06-28T00:10Z,401569687,KC,2024,Cleveland Guardians,1,47.81400032,2024-06-27T11:05Z,Kansas City Royals,2,-120,-120,-120,100,100,100,False,ESPN BET,1,-125,9,,,1.5,Final,8.5,105
DET,2024-06-28T01:38Z,401569688,LAA,2024,Detroit Tigers,0,51.192132580000006,2024-06-27T11:05Z,Los Angeles Angels,5,-155,-155,-165,135,135,140,False,ESPN BET,1,-105,9,,,1.5,Final,8.5,-115
MIA,2024-06-28T22:20Z,401569700,PHI,2024,Miami Marlins,0,78.5111763,2024-06-28T11:03Z,Philadelphia Phillies,2,185,185,230,-225,-225,-280,False,ESPN BET,1,105,9,,,-1.5,Final,8.5,-125
WSH,2024-06-28T22:50Z,401569707,TB,2024,Washington Nationals,1,58.26991172,2024-06-28T11:03Z,Tampa Bay Rays,3,155,155,125,-185,-185,-145,False,ESPN BET,1,-105,9,,,-1.5,Final,7.5,-115
TEX,2024-06-28T23:05Z,401569706,BAL,2024,Texas Rangers,1,64.85538755,2024-06-28T11:03Z,Baltimore Orioles,2,100,105,120,-120,-125,-140,False,ESPN BET,1,100,9,,,1.5,Final,8.5,-120
NYY,2024-06-28T23:07Z,401569702,TOR,2024,New York Yankees,16,42.88256347,2024-06-28T11:03Z,Toronto Blue Jays,5,-115,-115,-120,-105,-105,100,False,ESPN BET,1,-105,9,,,1.5,Final,8.5,-115
COL,2024-06-28T23:10Z,401569696,CHW,2024,Colorado Rockies,3,54.2534331,2024-06-28T11:03Z,Chicago White Sox,5,125,125,-105,-145,-145,-115,False,ESPN BET,1,-115,9,,,-1.5,Final,8.5,-105
HOU,2024-06-28T23:10Z,401569698,NYM,2024,Houston Astros,2,52.08783416,2024-06-28T11:03Z,New York Mets,7,-105,-105,-120,-115,-115,100,False,ESPN BET,1,100,9,,,1.5,Final,8.5,-120
SD,2024-06-28T23:10Z,401569705,BOS,2024,San Diego Padres,9,59.40979943,2024-06-28T11:03Z,Boston Red Sox,2,130,130,135,-150,-150,-155,False,ESPN BET,1,105,9,,,-1.5,Final,9.5,-125
PIT,2024-06-28T23:20Z,401569704,ATL,2024,Pittsburgh Pirates,1,68.52995427,2024-06-28T11:03Z,Atlanta Braves,6,175,175,140,-210,-210,-165,False,ESPN BET,1,-135,9,,,-1.5,Final,8.5,115
CHC,2024-06-29T00:10Z,401569693,MIL,2024,Chicago Cubs,2,62.106976599999996,2024-06-28T11:03Z,Milwaukee Brewers,4,110,110,120,-130,-130,-140,False,ESPN BET,1,-115,9,,,-1.5,Final,8.5,-105
CLE,2024-06-29T00:10Z,401569695,KC,2024,Cleveland Guardians,3,46.196695749999996,2024-06-28T11:03Z,Kansas City Royals,10,-105,-105,-120,-115,-115,100,False,ESPN BET,1,-105,9,,,1.5,Final,9.5,-115
CIN,2024-06-29T00:15Z,401569694,STL,2024,Cincinnati Reds,0,47.17767935,2024-06-28T11:03Z,St. Louis Cardinals,1,110,110,100,-130,-130,-120,False,ESPN BET,1,-120,9,,,-1.5,Final,8.5,100
DET,2024-06-29T01:38Z,401569697,LAA,2024,Detroit Tigers,2,48.7692754,2024-06-28T11:03Z,Los Angeles Angels,5,-125,-125,-120,105,105,100,False,ESPN BET,1,100,9,,,1.5,Final,9.5,-120
MIN,2024-06-29T01:40Z,401569701,SEA,2024,Minnesota Twins,2,56.77207087,2024-06-28T11:03Z,Seattle Mariners,3,110,110,110,-130,-130,-130,False,ESPN BET,1,110,10,,,-1.5,Final/10,7.5,-130
OAK,2024-06-29T01:40Z,401569703,ARI,2024,Oakland Athletics,9,63.4358582,2024-06-28T11:03Z,Arizona Diamondbacks,4,150,150,135,-175,-175,-155,False,ESPN BET,1,110,9,,,-1.5,Final,9.5,-130
LAD,2024-06-29T02:15Z,401569699,SF,2024,Los Angeles Dodgers,3,52.845811080000004,2024-06-28T11:03Z,San Francisco Giants,5,105,105,-120,-125,-125,100,False,ESPN BET,1,-105,9,,,-1.5,Final,7.5,-115
COL,2024-06-29T18:10Z,401569711,CHW,2024,Colorado Rockies,3,47.416170959999995,2024-06-29T11:05Z,Chicago White Sox,11,-115,-115,-125,-105,-105,105,False,ESPN BET,1,-130,9,,,1.5,Final,8.5,110
CIN,2024-06-29T18:15Z,401569709,STL,2024,Cincinnati Reds,9,67.96649531,2024-06-29T11:05Z,St. Louis Cardinals,4,165,165,140,-195,-195,-165,False,ESPN BET,1,105,9,,,-1.5,Final,8.5,-125
NYY,2024-06-29T19:07Z,401569717,TOR,2024,New York Yankees,3,45.094844560000006,2024-06-29T11:05Z,Toronto Blue Jays,9,-130,-130,-125,110,110,105,False,ESPN BET,1,105,9,,,1.5,Final,8.5,-125
MIA,2024-06-29T20:05Z,401569715,PHI,2024,Miami Marlins,3,77.70352338,2024-06-29T11:05Z,Philadelphia Phillies,2,225,225,225,-275,-275,-275,False,ESPN BET,1,-125,9,,,-1.5,Final,8.5,105
CHC,2024-06-29T20:10Z,401569708,MIL,2024,Chicago Cubs,5,58.235234010000006,2024-06-29T11:05Z,Milwaukee Brewers,3,100,100,-105,-120,-120,-115,False,ESPN BET,1,-120,9,,,1.5,Final,7.5,100
CLE,2024-06-29T20:10Z,401569710,KC,2024,Cleveland Guardians,7,49.620960860000004,2024-06-29T11:05Z,Kansas City Royals,2,-120,-120,100,100,100,-120,False,ESPN BET,1,105,9,,,1.5,Final,7.5,-125
HOU,2024-06-29T20:10Z,401569713,NYM,2024,Houston Astros,9,48.29612675,2024-06-29T11:05Z,New York Mets,6,100,100,-125,-120,-120,105,False,ESPN BET,1,-120,9,,,1.5,Final,8.5,100
OAK,2024-06-29T20:10Z,401569718,ARI,2024,Oakland Athletics,0,70.62368776,2024-06-29T11:05Z,Arizona Diamondbacks,3,165,165,160,-195,-195,-190,False,ESPN BET,1,-105,9,,,-1.5,Final,8.5,-115
PIT,2024-06-29T20:10Z,401569719,ATL,2024,Pittsburgh Pirates,1,67.86512795,2024-06-29T11:04Z,Atlanta Braves,2,125,125,140,-150,-150,-165,False,ESPN BET,1,100,10,,,-1.5,Final/10,7.5,-120
SD,2024-06-29T20:10Z,401569720,BOS,2024,San Diego Padres,11,55.13875978,2024-06-29T11:04Z,Boston Red Sox,1,120,120,125,-140,-140,-145,False,ESPN BET,1,-110,9,,,-1.5,Final,8.5,-110
WSH,2024-06-29T20:10Z,401569722,TB,2024,Washington Nationals,8,53.68367949,2024-06-29T11:04Z,Tampa Bay Rays,1,115,115,110,-135,-135,-130,False,ESPN BET,1,-110,9,,,-1.5,Final,7.5,-110
LAD,2024-06-29T23:15Z,401569714,SF,2024,Los Angeles Dodgers,14,36.093789459999996,2024-06-29T11:05Z,San Francisco Giants,7,-210,-210,-225,175,175,190,False,ESPN BET,1,115,11,,,1.5,Final/11,7.5,-135
TEX,2024-06-29T23:15Z,401569721,BAL,2024,Texas Rangers,5,59.965013629999994,2024-06-29T11:04Z,Baltimore Orioles,6,145,145,120,-175,-175,-140,False,ESPN BET,1,105,9,,,-1.5,Final,9.5,-125
DET,2024-06-30T02:07Z,401569712,LAA,2024,Detroit Tigers,5,51.99754845,2024-06-29T11:05Z,Los Angeles Angels,6,-120,-120,-130,100,100,110,False,ESPN BET,1,110,10,,,1.5,Final/10,8.5,-130
MIN,2024-06-30T02:10Z,401569716,SEA,2024,Minnesota Twins,5,50.725366169999994,2024-06-29T11:05Z,Seattle Mariners,1,-120,-120,-120,100,100,100,False,ESPN BET,1,-135,9,,,1.5,Final,6.5,115
PIT,2024-06-30T15:35Z,401569734,ATL,2024,Pittsburgh Pirates,4,61.223879000000004,2024-06-30T11:04Z,Atlanta Braves,2,170,170,155,-210,-210,-185,False,ESPN BET,1,115,9,,,-1.5,Final,9.5,-135
MIA,2024-06-30T17:35Z,401569730,PHI,2024,Miami Marlins,6,82.90535154,2024-06-30T11:03Z,Philadelphia Phillies,7,220,220,220,-275,-275,-270,False,ESPN BET,1,100,9,,,-1.5,Final,8.5,-120
SD,2024-06-30T17:35Z,401569735,BOS,2024,San Diego Padres,1,55.98074691,2024-06-30T11:04Z,Boston Red Sox,4,-105,-105,-105,-115,-115,-115,False,ESPN BET,1,-125,9,,,1.5,Final,9.5,105
NYY,2024-06-30T17:37Z,401569732,TOR,2024,New York Yankees,8,45.58419902,2024-06-30T11:04Z,Toronto Blue Jays,1,-125,-125,-130,105,105,110,False,ESPN BET,1,-125,9,,,1.5,Final,7.5,105
HOU,2024-06-30T17:40Z,401569728,NYM,2024,Houston Astros,10,58.87670937,2024-06-30T11:03Z,New York Mets,5,100,100,135,-120,-120,-155,False,ESPN BET,1,-135,11,,,1.5,Final/11,8.5,115
WSH,2024-06-30T17:40Z,401569737,TB,2024,Washington Nationals,0,62.28885101,2024-06-30T11:03Z,Tampa Bay Rays,5,155,150,145,-185,-175,-170,False,ESPN BET,1,-125,9,,,-1.5,Final,7.5,105
CHC,2024-06-30T18:10Z,401569723,MIL,2024,Chicago Cubs,1,72.28659134,2024-06-30T11:03Z,Milwaukee Brewers,7,165,165,140,-195,-195,-165,False,ESPN BET,1,-110,9,,,-1.5,Final,7.5,-110
CLE,2024-06-30T18:10Z,401569725,KC,2024,Cleveland Guardians,2,60.05261576000001,2024-06-30T11:03Z,Kansas City Royals,6,110,110,115,-130,-130,-135,False,ESPN BET,1,-105,9,,,-1.5,Final,8.5,-115
COL,2024-06-30T18:10Z,401569726,CHW,2024,Colorado Rockies,5,66.69593646999999,2024-06-30T11:03Z,Chicago White Sox,4,180,180,150,-225,-225,-175,False,ESPN BET,1,110,14,,,-1.5,Final/14,7.5,-130
CIN,2024-06-30T18:15Z,401569724,STL,2024,Cincinnati Reds,0,49.53635387,2024-06-30T11:03Z,St. Louis Cardinals,2,105,105,-120,-125,-125,100,False,ESPN BET,1,-105,9,,,-1.5,Final,7.5,-115
LAD,2024-06-30T20:05Z,401569729,SF,2024,Los Angeles Dodgers,4,42.0345919,2024-06-30T11:03Z,San Francisco Giants,10,-125,-125,-130,105,105,110,False,ESPN BET,1,-115,9,,,1.5,Final,8.5,-105
DET,2024-06-30T20:07Z,401569727,LAA,2024,Detroit Tigers,7,62.75602216,2024-06-30T11:03Z,Los Angeles Angels,6,100,100,-115,-120,-120,-105,False,ESPN BET,1,-115,9,,,1.5,Final,8.5,-105
MIN,2024-06-30T20:10Z,401569731,SEA,2024,Minnesota Twins,5,48.18039103,2024-06-30T11:04Z,Seattle Mariners,3,-110,-110,-170,-110,-110,145,False,ESPN BET,1,-115,9,,,1.5,Final,6.5,-105
OAK,2024-06-30T20:10Z,401569733,ARI,2024,Oakland Athletics,1,65.79211356,2024-06-30T11:04Z,Arizona Diamondbacks,5,180,180,165,-215,-215,-195,False,ESPN BET,1,-110,9,,,-1.5,Final,8.5,-110
TEX,2024-06-30T23:00Z,401569736,BAL,2024,Texas Rangers,11,65.65519359000001,2024-06-30T11:03Z,Baltimore Orioles,2,150,150,135,-185,-185,-155,False,ESPN BET,1,-125,9,,,-1.5,Final,8.5,105
HOU,2024-07-01T19:07Z,401569738,TOR,2024,Houston Astros,3,44.93996436,2024-07-01T11:04Z,Toronto Blue Jays,1,-130,-130,-145,110,110,125,False,ESPN BET,1,-105,9,,,1.5,Final,8.5,-115
NYM,2024-07-01T22:45Z,401569740,WSH,2024,New York Mets,9,47.17639427,2024-07-01T11:04Z,Washington Nationals,7,-120,-120,-105,100,100,-115,False,ESPN BET,1,-105,10,,,1.5,Final/10,8.5,-115
MIL,2024-07-02T00:40Z,401569739,COL,2024,Milwaukee Brewers,7,35.36975716,2024-07-01T11:04Z,Colorado Rockies,8,-145,-145,-165,125,125,140,False,ESPN BET,1,-115,10,,,1.5,Final/10,11.5,-105
BOS,2024-07-02T22:40Z,401569744,MIA,2024,Boston Red Sox,8,38.59347041,2024-07-02T11:04Z,Miami Marlins,3,-155,-155,-165,135,135,140,False,ESPN BET,1,100,9,,,1.5,Final,8.5,-120
CHW,2024-07-02T22:40Z,401569745,CLE,2024,Chicago White Sox,6,71.72898748,2024-07-02T11:04Z,Cleveland Guardians,7,180,180,170,-215,-215,-200,False,ESPN BET,1,-130,9,,,-1.5,Final,8.5,110
STL,2024-07-02T22:40Z,401569754,PIT,2024,St. Louis Cardinals,7,55.90563254999999,2024-07-02T11:04Z,Pittsburgh Pirates,4,105,105,105,-125,-125,-125,False,ESPN BET,1,-130,9,,,-1.5,Final,7.5,110
NYM,2024-07-02T22:45Z,401569750,WSH,2024,New York Mets,7,39.86743909,2024-07-02T11:04Z,Washington Nationals,2,-140,-140,-135,120,120,115,False,ESPN BET,1,110,10,,,1.5,Final/10,9.5,-130
CIN,2024-07-02T23:05Z,401569746,NYY,2024,Cincinnati Reds,5,70.89227254000001,2024-07-02T11:04Z,New York Yankees,4,180,180,155,-215,-215,-185,False,ESPN BET,1,-110,9,,,-1.5,Final,8.5,-110
HOU,2024-07-02T23:07Z,401569748,TOR,2024,Houston Astros,6,58.19917444,2024-07-02T11:04Z,Toronto Blue Jays,7,-105,-105,-105,-115,-115,-115,False,ESPN BET,1,-105,9,,,1.5,Final,8.5,-115
SF,2024-07-02T23:20Z,401569753,ATL,2024,San Francisco Giants,5,71.05933222,2024-07-02T11:04Z,Atlanta Braves,3,170,170,155,-200,-200,-185,False,ESPN BET,1,105,9,,,-1.5,Final,8.5,-125
DET,2024-07-02T23:40Z,401569747,MIN,2024,Detroit Tigers,3,48.44836276,2024-07-02T11:04Z,Minnesota Twins,5,105,105,-120,-125,-125,100,False,ESPN BET,1,100,9,,,-1.5,Final,7.5,-120
PHI,2024-07-03T00:05Z,401569751,CHC,2024,Philadelphia Phillies,6,46.443980759999995,2024-07-02T11:04Z,Chicago Cubs,4,100,100,110,-120,-120,-130,False,ESPN BET,1,100,9,,,1.5,Final,9.5,-120
SD,2024-07-03T00:05Z,401569752,TEX,2024,San Diego Padres,0,51.02833078,2024-07-02T11:04Z,Texas Rangers,7,-120,-120,-105,100,100,-115,False,ESPN BET,1,100,9,,,1.5,Final,7.5,-120
TB,2024-07-03T00:10Z,401569755,KC,2024,Tampa Bay Rays,5,59.85883668,2024-07-02T11:04Z,Kansas City Royals,1,100,100,105,-120,-120,-125,False,ESPN BET,1,100,9,,,1.5,Final,9.5,-120
MIL,2024-07-03T00:40Z,401569749,COL,2024,Milwaukee Brewers,4,43.51639946,2024-07-02T11:04Z,Colorado Rockies,3,-115,-115,-125,-105,-105,105,False,ESPN BET,1,-105,9,,,1.5,Final,11.5,-115
LAA,2024-07-03T01:40Z,401569741,OAK,2024,Los Angeles Angels,5,43.859464460000005,2024-07-02T11:04Z,Oakland Athletics,7,-110,-110,-115,-110,-110,-105,False,ESPN BET,1,-120,9,,,1.5,Final,7.5,100
BAL,2024-07-03T01:40Z,401569743,SEA,2024,Baltimore Orioles,2,49.882045930000004,2024-07-02T11:04Z,Seattle Mariners,0,-110,-110,-120,-110,-110,100,False,ESPN BET,1,-135,9,,,1.5,Final,6.5,115
ARI,2024-07-03T02:10Z,401569742,LAD,2024,Arizona Diamondbacks,5,69.51609615999999,2024-07-02T11:04Z,Los Angeles Dodgers,6,165,165,160,-200,-200,-190,False,ESPN BET,1,-125,9,,,-1.5,Final,8.5,105
BOS,2024-07-03T22:40Z,401569759,MIA,2024,Boston Red Sox,7,48.30050905,2024-07-03T11:03Z,Miami Marlins,2,-130,-130,-145,110,110,125,False,ESPN BET,1,-115,9,,,1.5,Final,7.5,-105
CHW,2024-07-03T22:40Z,401569760,CLE,2024,Chicago White Sox,8,72.42466647,2024-07-03T11:03Z,Cleveland Guardians,2,180,180,150,-215,-215,-175,False,ESPN BET,1,-105,9,,,-1.5,Final,8.5,-115
STL,2024-07-03T22:40Z,401569769,PIT,2024,St. Louis Cardinals,4,57.01107411,2024-07-03T11:03Z,Pittsburgh Pirates,5,105,105,105,-125,-125,-125,False,ESPN BET,1,-110,10,,,-1.5,Final/10,8.5,-110
NYM,2024-07-03T22:45Z,401569765,WSH,2024,New York Mets,5,48.87310381,2024-07-03T11:03Z,Washington Nationals,7,-125,-125,-125,105,105,105,False,ESPN BET,1,-125,9,,,1.5,Final,8.5,105
CIN,2024-07-03T23:05Z,401569761,NYY,2024,Cincinnati Reds,3,55.68472409,2024-07-03T11:03Z,New York Yankees,2,155,155,150,-185,-185,-175,False,ESPN BET,1,-120,9,,,-1.5,Final,8.5,100
HOU,2024-07-03T23:07Z,401569763,TOR,2024,Houston Astros,9,45.81273136,2024-07-03T11:03Z,Toronto Blue Jays,2,-120,-120,-115,100,100,-105,False,ESPN BET,1,-110,9,,,1.5,Final,8.5,-110
SF,2024-07-03T23:20Z,401569768,ATL,2024,San Francisco Giants,1,58.87304682,2024-07-03T11:03Z,Atlanta Braves,3,175,175,165,-210,-210,-195,False,ESPN BET,1,-110,9,,,-1.5,Final,7.5,-110
PHI,2024-07-04T00:05Z,401569766,CHC,2024,Philadelphia Phillies,5,37.93571822,2024-07-03T11:03Z,Chicago Cubs,3,-115,-115,-130,-105,-105,110,False,ESPN BET,1,-110,9,,,1.5,Final,7.5,-110
SD,2024-07-04T00:05Z,401569767,TEX,2024,San Diego Padres,6,57.740634560000004,2024-07-03T11:03Z,Texas Rangers,4,140,140,120,-165,-165,-140,False,ESPN BET,1,-120,9,,,-1.5,Final,8.5,100
DET,2024-07-04T00:10Z,401569762,MIN,2024,Detroit Tigers,9,64.96086034000001,2024-07-03T11:03Z,Minnesota Twins,2,140,135,-105,-165,-155,-115,False,ESPN BET,1,-120,9,,,-1.5,Final,8.5,100
TB,2024-07-04T00:10Z,401569770,KC,2024,Tampa Bay Rays,2,58.33198523000001,2024-07-03T11:03Z,Kansas City Royals,4,-110,100,-110,-110,-120,-110,False,ESPN BET,1,105,9,,,1.5,Final,8.5,-125
MIL,2024-07-04T00:40Z,401569764,COL,2024,Milwaukee Brewers,3,34.36514052,2024-07-03T11:03Z,Colorado Rockies,0,-170,-175,-170,145,150,145,False,ESPN BET,1,-115,9,,,1.5,Final,11.5,-105
LAA,2024-07-04T01:40Z,401569756,OAK,2024,Los Angeles Angels,0,40.72511795,2024-07-03T11:03Z,Oakland Athletics,5,-120,-120,-120,100,100,100,False,ESPN BET,1,-120,9,,,1.5,Final,8.5,100
ARI,2024-07-04T02:10Z,401569757,LAD,2024,Arizona Diamondbacks,12,64.74550209,2024-07-03T11:03Z,Los Angeles Dodgers,4,175,175,155,-210,-210,-185,False,ESPN BET,1,-125,9,,,-1.5,Final,8.5,105
BAL,2024-07-04T02:10Z,401569758,SEA,2024,Baltimore Orioles,4,55.45983084,2024-07-03T11:03Z,Seattle Mariners,1,125,125,-110,-150,-150,-110,False,ESPN BET,1,-105,9,,,-1.5,Final,7.5,-125
NYM,2024-07-04T15:05Z,401569780,WSH,2024,New York Mets,0,48.12586479,2024-07-04T11:04Z,Washington Nationals,1,-115,-115,-115,-105,-105,-105,False,ESPN BET,1,105,9,,,1.5,Final,9.5,-125
STL,2024-07-04T16:35Z,401569784,PIT,2024,St. Louis Cardinals,3,48.88737371,2024-07-04T11:04Z,Pittsburgh Pirates,2,-110,-110,-125,-110,-110,105,False,ESPN BET,1,-130,10,,,1.5,Final/10,8.5,110
CIN,2024-07-04T17:05Z,401569776,NYY,2024,Cincinnati Reds,8,65.06289707,2024-07-04T11:04Z,New York Yankees,4,155,155,160,-185,-185,-190,False,ESPN BET,1,100,9,,,-1.5,Final,9.5,-120
HOU,2024-07-04T17:07Z,401569778,TOR,2024,Houston Astros,5,48.20375054,2024-07-04T11:04Z,Toronto Blue Jays,3,-115,-115,-125,-105,-105,105,False,ESPN BET,1,100,9,,,1.5,Final,8.5,-120
BOS,2024-07-04T17:10Z,401569774,MIA,2024,Boston Red Sox,6,39.73529575,2024-07-04T11:04Z,Miami Marlins,5,-155,-155,-175,135,135,150,False,ESPN BET,1,100,12,,,1.5,Final/12,8.5,-120
CHW,2024-07-04T17:10Z,401569775,CLE,2024,Chicago White Sox,4,75.94371224999999,2024-07-04T11:04Z,Cleveland Guardians,8,185,185,195,-225,-225,-230,False,ESPN BET,1,-110,9,,,-1.5,Final,8.5,-110
DET,2024-07-04T17:10Z,401569777,MIN,2024,Detroit Tigers,3,67.08211419999999,2024-07-04T11:04Z,Minnesota Twins,12,160,155,170,-190,-185,-200,False,ESPN BET,1,-120,7,,,-1.5,Final/7,7.5,100
PHI,2024-07-04T18:20Z,401569781,CHC,2024,Philadelphia Phillies,2,39.25317393,2024-07-04T11:04Z,Chicago Cubs,10,-130,-130,-130,110,110,110,False,ESPN BET,1,-120,9,,,1.5,Final,7.5,100
SD,2024-07-04T18:35Z,401569782,TEX,2024,San Diego Padres,3,45.64464024,2024-07-04T11:04Z,Texas Rangers,1,100,100,110,-120,-120,-130,False,ESPN BET,1,105,9,,,1.5,Final,7.5,-125
LAA,2024-07-04T20:07Z,401569771,OAK,2024,Los Angeles Angels,0,52.66311393000001,2024-07-04T11:04Z,Oakland Athletics,5,-105,-105,-105,-115,-115,-115,False,ESPN BET,1,110,9,,,1.5,Final,9.5,-130
BAL,2024-07-04T20:10Z,401569773,SEA,2024,Baltimore Orioles,3,38.08092312,2024-07-04T11:04Z,Seattle Mariners,7,-150,-150,-140,130,130,120,False,ESPN BET,1,-160,9,,,1.5,Final,6.5,125
SF,2024-07-04T23:20Z,401569783,ATL,2024,San Francisco Giants,4,53.272700949999994,2024-07-04T11:04Z,Atlanta Braves,2,110,110,-110,-130,-130,-110,False,ESPN BET,1,-120,9,,,-1.5,Final,7.5,100
MIL,2024-07-05T00:10Z,401569779,COL,2024,Milwaukee Brewers,3,40.62325269,2024-07-04T11:04Z,Colorado Rockies,4,-135,-135,-145,115,115,125,False,ESPN BET,1,-125,9,,,1.5,Final,10.5,105
TB,2024-07-05T00:10Z,401569785,KC,2024,Tampa Bay Rays,10,51.369480599999996,2024-07-04T11:04Z,Kansas City Royals,8,-115,-115,-135,-105,-105,115,False,ESPN BET,1,-120,9,,,1.5,Final,8.5,100
ARI,2024-07-05T01:10Z,401569772,LAD,2024,Arizona Diamondbacks,9,57.92812783,2024-07-04T11:04Z,Los Angeles Dodgers,3,-105,-105,125,-115,-115,-145,False,ESPN BET,1,-105,9,,,1.5,Final,8.5,-115
LAA,2024-07-05T18:20Z,401569786,CHC,2024,Los Angeles Angels,1,65.58214766,2024-07-05T11:04Z,Chicago Cubs,5,160,160,155,-190,-190,-185,False,ESPN BET,1,-110,9,,,-1.5,Final,9.5,-110
NYM,2024-07-05T22:40Z,401569795,PIT,2024,New York Mets,2,51.08197476,2024-07-05T11:04Z,Pittsburgh Pirates,14,120,120,100,-140,-140,-120,False,ESPN BET,1,-120,9,,,-1.5,Final,7.5,100
STL,2024-07-05T22:45Z,401569798,WSH,2024,St. Louis Cardinals,7,35.25003557,2024-07-05T11:04Z,Washington Nationals,6,-155,-155,-185,135,135,155,False,ESPN BET,1,-125,11,,,1.5,Final/11,8.5,105
BOS,2024-07-05T23:05Z,401569789,NYY,2024,Boston Red Sox,5,57.708991389999994,2024-07-05T11:04Z,New York Yankees,3,120,120,120,-140,-140,-140,False,ESPN BET,1,105,10,,,-1.5,Final/10,8.5,-125
CHW,2024-07-05T23:10Z,401569790,MIA,2024,Chicago White Sox,3,58.02888707,2024-07-05T11:04Z,Miami Marlins,2,120,120,100,-140,-140,-120,False,ESPN BET,1,-125,9,,,-1.5,Final,7.5,105
SF,2024-07-05T23:10Z,401569797,CLE,2024,San Francisco Giants,4,68.29627190000001,2024-07-05T11:04Z,Cleveland Guardians,2,165,165,145,-195,-195,-170,False,ESPN BET,1,-110,9,,,-1.5,Final,7.5,-110
DET,2024-07-05T23:15Z,401569791,CIN,2024,Detroit Tigers,5,53.93503117,2024-07-05T11:04Z,Cincinnati Reds,4,115,115,-105,-135,-135,-115,False,ESPN BET,1,-130,9,,,-1.5,Final,8.5,110
PHI,2024-07-05T23:20Z,401569796,ATL,2024,Philadelphia Phillies,8,54.865588620000004,2024-07-05T11:04Z,Atlanta Braves,6,110,110,115,-130,-130,-135,False,ESPN BET,1,-105,9,,,-1.5,Final,7.5,-115
TB,2024-07-06T00:05Z,401569799,TEX,2024,Tampa Bay Rays,0,60.64798085,2024-07-05T11:04Z,Texas Rangers,3,-110,-110,105,-110,-110,-125,False,ESPN BET,1,-110,9,,,1.5,Final,8.5,-110
HOU,2024-07-06T00:10Z,401569792,MIN,2024,Houston Astros,13,59.299300470000006,2024-07-05T11:04Z,Minnesota Twins,12,115,115,130,-135,-135,-150,False,ESPN BET,1,-120,9,,,-1.5,Final,7.5,100
KC,2024-07-06T00:10Z,401569793,COL,2024,Kansas City Royals,2,32.28235104,2024-07-05T11:04Z,Colorado Rockies,4,-170,-185,-190,145,155,160,False,ESPN BET,1,100,9,,,1.5,Final,10.5,-120
ARI,2024-07-06T01:40Z,401569787,SD,2024,Arizona Diamondbacks,8,59.384106599999996,2024-07-05T11:04Z,San Diego Padres,10,-115,-115,-105,-105,-105,-115,False,ESPN BET,1,105,9,,,1.5,Final,8.5,-125
BAL,2024-07-06T01:40Z,401569788,OAK,2024,Baltimore Orioles,3,35.37183867,2024-07-05T11:04Z,Oakland Athletics,2,-155,-155,-185,135,135,155,False,ESPN BET,1,-110,9,,,1.5,Final,8.5,-110
TOR,2024-07-06T01:40Z,401569800,SEA,2024,Toronto Blue Jays,1,57.60208592,2024-07-05T11:04Z,Seattle Mariners,2,120,120,125,-140,-140,-145,False,ESPN BET,1,115,9,,,-1.5,Final,7.5,-135
MIL,2024-07-06T02:10Z,401569794,LAD,2024,Milwaukee Brewers,5,67.08909534,2024-07-05T11:04Z,Los Angeles Dodgers,8,175,175,155,-210,-210,-185,False,ESPN BET,1,-110,9,,,-1.5,Final,7.5,-110
BOS,2024-07-06T17:05Z,401569804,NYY,2024,Boston Red Sox,4,59.94999251000001,2024-07-06T11:04Z,New York Yankees,14,150,150,145,-175,-175,-170,False,ESPN BET,1,-115,9,,,-1.5,Final,8.5,-105
HOU,2024-07-06T18:10Z,401569807,MIN,2024,Houston Astros,3,59.198940099999994,2024-07-06T11:04Z,Minnesota Twins,9,115,115,100,-135,-135,-120,False,ESPN BET,1,-110,9,,,-1.5,Final,7.5,-110
LAA,2024-07-06T18:20Z,401569801,CHC,2024,Los Angeles Angels,7,45.974982139999995,2024-07-06T11:04Z,Chicago Cubs,0,130,130,125,-155,-155,-145,False,ESPN BET,1,100,9,,,-1.5,Final,8.5,-120
NYM,2024-07-06T20:05Z,401569810,PIT,2024,New York Mets,5,44.3767694,2024-07-06T11:04Z,Pittsburgh Pirates,2,-130,-130,-135,110,110,115,False,ESPN BET,1,-105,9,,,1.5,Final,9.5,-115
STL,2024-07-06T20:05Z,401569813,WSH,2024,St. Louis Cardinals,6,55.06604435,2024-07-06T11:04Z,Washington Nationals,14,110,110,105,-130,-130,-125,False,ESPN BET,1,-120,9,,,-1.5,Final,8.5,100
TB,2024-07-06T20:05Z,401569814,TEX,2024,Tampa Bay Rays,3,56.344330789999994,2024-07-06T11:04Z,Texas Rangers,4,-110,-110,-115,-110,-110,-105,False,ESPN BET,1,-115,9,,,1.5,Final,7.5,-105
BAL,2024-07-06T20:07Z,401569803,OAK,2024,Baltimore Orioles,8,40.0142354,2024-07-06T11:04Z,Oakland Athletics,19,-155,-155,-175,135,135,150,False,ESPN BET,1,-125,9,,,1.5,Final,8.5,105
CHW,2024-07-06T20:10Z,401569805,MIA,2024,Chicago White Sox,3,46.71539358,2024-07-06T11:04Z,Miami Marlins,4,-155,-155,-170,130,130,145,False,ESPN BET,1,-135,9,,,1.5,Final,6.5,115
DET,2024-07-06T20:10Z,401569806,CIN,2024,Detroit Tigers,5,60.30628616,2024-07-06T11:04Z,Cincinnati Reds,3,140,140,125,-165,-165,-145,False,ESPN BET,1,105,9,,,-1.5,Final,9.5,-125
SF,2024-07-06T20:10Z,401569812,CLE,2024,San Francisco Giants,4,57.0066942,2024-07-06T11:04Z,Cleveland Guardians,5,110,110,110,-130,-130,-130,False,ESPN BET,1,-115,9,,,-1.5,Final,8.5,-105
TOR,2024-07-06T20:10Z,401569815,SEA,2024,Toronto Blue Jays,5,55.26749731,2024-07-06T11:04Z,Seattle Mariners,4,-115,-115,105,-105,-105,-125,False,ESPN BET,1,-120,9,,,1.5,Final,8.5,100
MIL,2024-07-06T23:15Z,401569809,LAD,2024,Milwaukee Brewers,3,54.294766149999994,2024-07-06T11:04Z,Los Angeles Dodgers,5,-105,-105,-105,-115,-115,-115,False,ESPN BET,1,-125,9,,,1.5,Final,8.5,105
PHI,2024-07-06T23:15Z,401569811,ATL,2024,Philadelphia Phillies,1,37.73421285,2024-07-06T11:04Z,Atlanta Braves,5,100,100,-115,-120,-120,-105,False,ESPN BET,1,105,9,,,1.5,Final,8.5,-125
KC,2024-07-07T01:10Z,401569808,COL,2024,Kansas City Royals,1,34.78406631,2024-07-06T11:04Z,Colorado Rockies,3,-155,-155,-175,135,135,150,False,ESPN BET,1,-105,9,,,1.5,Final,10.5,-115
ARI,2024-07-07T01:40Z,401569802,SD,2024,Arizona Diamondbacks,7,58.51656209,2024-07-06T11:04Z,San Diego Padres,5,110,110,105,-130,-130,-125,False,ESPN BET,1,-110,10,,,-1.5,Final/10,7.5,-110
NYM,2024-07-07T17:35Z,401569825,PIT,2024,New York Mets,3,41.47864001,2024-07-07T11:03Z,Pittsburgh Pirates,2,-130,-130,-135,110,110,115,False,ESPN BET,1,105,9,,,1.5,Final,9.5,-125
PHI,2024-07-07T17:35Z,401569826,ATL,2024,Philadelphia Phillies,0,63.81881706,2024-07-07T11:03Z,Atlanta Braves,6,135,135,150,-155,-155,-175,False,ESPN BET,1,100,9,,,-1.5,Final,8.5,-120
STL,2024-07-07T17:35Z,401569828,WSH,2024,St. Louis Cardinals,8,48.85239253,2024-07-07T11:03Z,Washington Nationals,3,-105,-105,-125,-115,-115,105,False,ESPN BET,1,100,9,,,1.5,Final,9.5,-120
CHW,2024-07-07T17:40Z,401569820,MIA,2024,Chicago White Sox,4,56.71414741,2024-07-07T11:03Z,Miami Marlins,7,125,125,105,-150,-150,-125,False,ESPN BET,1,-105,9,,,-1.5,Final,7.5,-115
DET,2024-07-07T17:40Z,401569821,CIN,2024,Detroit Tigers,5,39.07762062,2024-07-07T11:03Z,Cincinnati Reds,1,-135,-135,-140,115,115,120,False,ESPN BET,1,-105,9,,,1.5,Final,8.5,-115
SF,2024-07-07T17:40Z,401569827,CLE,2024,San Francisco Giants,4,56.278314220000006,2024-07-07T11:03Z,Cleveland Guardians,5,110,110,120,-130,-130,-140,False,ESPN BET,1,-115,9,,,-1.5,Final,8.5,-105
HOU,2024-07-07T18:10Z,401569822,MIN,2024,Houston Astros,2,59.51962768,2024-07-07T11:03Z,Minnesota Twins,3,120,120,110,-145,-145,-130,False,ESPN BET,1,-125,9,,,-1.5,Final,8.5,105
LAA,2024-07-07T18:20Z,401569816,CHC,2024,Los Angeles Angels,0,49.64657017,2024-07-07T11:03Z,Chicago Cubs,5,125,125,120,-150,-150,-140,False,ESPN BET,1,105,9,,,-1.5,Final,9.5,-125
TB,2024-07-07T18:35Z,401569829,TEX,2024,Tampa Bay Rays,2,60.730024189999995,2024-07-07T11:03Z,Texas Rangers,13,110,110,115,-130,-130,-135,False,ESPN BET,1,-120,9,,,-1.5,Final,7.5,100
KC,2024-07-07T19:10Z,401569823,COL,2024,Kansas City Royals,10,43.90156458,2024-07-07T11:03Z,Colorado Rockies,1,-170,-150,-150,145,130,130,False,ESPN BET,1,-105,9,,,1.5,Final,10.5,-115
BAL,2024-07-07T20:07Z,401569818,OAK,2024,Baltimore Orioles,6,38.61100241,2024-07-07T11:03Z,Oakland Athletics,3,-185,-185,-190,150,150,160,False,ESPN BET,1,-125,9,,,1.5,Final,7.5,105
ARI,2024-07-07T20:10Z,401569817,SD,2024,Arizona Diamondbacks,9,64.8701432,2024-07-07T11:03Z,San Diego Padres,1,140,140,145,-165,-165,-170,False,ESPN BET,1,100,9,,,-1.5,Final,8.5,-120
MIL,2024-07-07T20:10Z,401569824,LAD,2024,Milwaukee Brewers,9,68.32165773,2024-07-07T11:03Z,Los Angeles Dodgers,2,150,150,150,-185,-185,-175,False,ESPN BET,1,105,9,,,-1.5,Final,9.5,-125
TOR,2024-07-07T20:10Z,401569830,SEA,2024,Toronto Blue Jays,5,59.21970154,2024-07-07T11:03Z,Seattle Mariners,4,125,125,130,-145,-145,-150,False,ESPN BET,1,115,10,,,-1.5,Final/10,7.5,-135
BOS,2024-07-07T23:00Z,401569819,NYY,2024,Boston Red Sox,3,58.49636964,2024-07-07T11:03Z,New York Yankees,0,110,110,135,-130,-130,-155,False,ESPN BET,1,-125,9,,,-1.5,Final,8.5,105
NYM,2024-07-08T16:35Z,401569835,PIT,2024,New York Mets,2,53.437717240000005,2024-07-08T11:04Z,Pittsburgh Pirates,8,100,100,-105,-120,-120,-115,False,ESPN BET,1,-105,9,,,-1.5,Final,8.5,-115
STL,2024-07-08T20:05Z,401569836,WSH,2024,St. Louis Cardinals,6,57.427297610000004,2024-07-08T11:04Z,Washington Nationals,0,100,100,-105,-120,-120,-115,False,ESPN BET,1,110,9,,,1.5,Final,9.5,-130
CLE,2024-07-08T22:40Z,401569832,DET,2024,Cleveland Guardians,0,39.38498197,2024-07-08T11:04Z,Detroit Tigers,1,-145,-145,-145,120,120,125,False,ESPN BET,1,-115,9,,,1.5,Final,8.5,-105
COL,2024-07-08T23:10Z,401569833,CIN,2024,Colorado Rockies,0,71.35191223,2024-07-08T11:04Z,Cincinnati Reds,6,140,140,165,-165,-165,-195,False,ESPN BET,1,105,9,,,-1.5,Final,9.5,-125
MIN,2024-07-09T00:10Z,401569834,CHW,2024,Minnesota Twins,8,32.38582717,2024-07-08T11:04Z,Chicago White Sox,6,-215,-215,-190,180,180,160,False,ESPN BET,1,105,11,,,2.5,Final/11,9.5,-125
TEX,2024-07-09T01:38Z,401569837,LAA,2024,Texas Rangers,9,51.94558393999999,2024-07-08T11:04Z,Los Angeles Angels,4,-145,-155,-140,125,135,120,False,ESPN BET,1,-115,9,,,1.5,Final,8.5,-105
ATL,2024-07-09T01:40Z,401569831,ARI,2024,Atlanta Braves,5,44.428284350000006,2024-07-08T11:04Z,Arizona Diamondbacks,4,-115,-115,-210,-105,-105,175,False,ESPN BET,1,-105,11,,,1.5,Final/11,9.5,-115
CHC,2024-07-09T22:35Z,401569839,BAL,2024,Chicago Cubs,9,60.02762504,2024-07-09T11:04Z,Baltimore Orioles,2,155,155,135,-190,-190,-155,False,ESPN BET,1,-135,9,,,-1.5,Final,8.5,115
CLE,2024-07-09T22:40Z,401569840,DET,2024,Cleveland Guardians,9,37.48372997,2024-07-09T11:04Z,Detroit Tigers,8,-140,-140,-145,120,120,125,False,ESPN BET,1,-105,10,,,1.5,Final/10,8.5,-115
LAD,2024-07-09T22:40Z,401569843,PHI,2024,Los Angeles Dodgers,1,62.852287139999994,2024-07-09T11:04Z,Philadelphia Phillies,10,130,130,125,-150,-150,-145,False,ESPN BET,1,105,9,,,-1.5,Final,9.5,-125
NYY,2024-07-09T22:50Z,401569846,TB,2024,New York Yankees,3,49.78316709,2024-07-09T11:04Z,Tampa Bay Rays,5,-120,-120,-125,100,100,105,False,ESPN BET,1,-125,9,,,1.5,Final,7.5,105
COL,2024-07-09T23:10Z,401569841,CIN,2024,Colorado Rockies,6,65.36334016,2024-07-09T11:04Z,Cincinnati Reds,12,165,165,145,-200,-200,-170,False,ESPN BET,1,-110,9,,,-1.5,Final,8.5,-110
OAK,2024-07-09T23:10Z,401569847,BOS,2024,Oakland Athletics,9,64.54727288,2024-07-09T11:04Z,Boston Red Sox,12,175,175,155,-210,-210,-185,False,ESPN BET,1,-105,9,,,-1.5,Final,10.5,-115
WSH,2024-07-09T23:10Z,401569852,NYM,2024,Washington Nationals,5,61.13880637,2024-07-09T11:04Z,New York Mets,7,120,120,110,-140,-140,-130,False,ESPN BET,1,100,9,,,-1.5,Final,8.5,-130
MIA,2024-07-10T00:10Z,401569844,HOU,2024,Miami Marlins,3,72.98827783,2024-07-09T11:04Z,Houston Astros,4,195,195,180,-240,-240,-215,False,ESPN BET,1,100,9,,,-1.5,Final,8.5,-120
PIT,2024-07-10T00:10Z,401569848,MIL,2024,Pittsburgh Pirates,12,62.89509624,2024-07-09T11:04Z,Milwaukee Brewers,2,140,140,140,-165,-165,-165,False,ESPN BET,1,-115,9,,,-1.5,Final,8.5,-105
TEX,2024-07-10T01:38Z,401569850,LAA,2024,Texas Rangers,5,44.25224959,2024-07-09T11:04Z,Los Angeles Angels,4,-195,-185,-165,165,155,140,False,ESPN BET,1,105,9,,,1.5,Final,8.5,-125
ATL,2024-07-10T01:40Z,401569838,ARI,2024,Atlanta Braves,6,53.249100309999996,2024-07-09T11:04Z,Arizona Diamondbacks,2,-120,-120,105,100,100,-125,False,ESPN BET,1,-105,9,,,1.5,Final,7.5,-115
SEA,2024-07-10T01:40Z,401569849,SD,2024,Seattle Mariners,8,46.411318969999996,2024-07-09T11:04Z,San Diego Padres,3,-135,-135,-145,115,115,125,False,ESPN BET,1,-125,9,,,1.5,Final,7.5,105
TOR,2024-07-10T01:45Z,401569851,SF,2024,Toronto Blue Jays,3,55.655595170000005,2024-07-09T11:04Z,San Francisco Giants,4,105,110,110,-125,-130,-130,False,ESPN BET,1,100,9,,,-1.5,Final,7.5,-120
KC,2024-07-10T17:45Z,401691083,STL,2024,Kansas City Royals,6,57.077208209999995,2024-07-10T11:03Z,St. Louis Cardinals,4,120,120,100,-140,-140,-120,False,ESPN BET,1,-125,9,,,-1.5,Final,8.5,105
MIN,2024-07-10T18:10Z,401569860,CHW,2024,Minnesota Twins,1,40.04410686,2024-07-10T11:03Z,Chicago White Sox,3,-165,-165,-200,135,135,170,False,ESPN BET,1,100,9,,,1.5,Final,8.5,-120
MIN,2024-07-10T21:05Z,401691116,CHW,2024,Minnesota Twins,3,37.2699009,2024-07-10T11:03Z,Chicago White Sox,2,-215,-215,-150,180,180,130,False,ESPN BET,1,-105,9,,,1.5,Final,8.5,-115
CHC,2024-07-10T22:35Z,401569854,BAL,2024,Chicago Cubs,4,69.12005918,2024-07-10T11:03Z,Baltimore Orioles,0,145,145,135,-170,-170,-155,False,ESPN BET,1,-115,9,,,-1.5,Final,8.5,-105
CLE,2024-07-10T22:40Z,401569855,DET,2024,Cleveland Guardians,4,43.17188211,2024-07-10T11:03Z,Detroit Tigers,5,-145,-145,-145,125,125,125,False,ESPN BET,1,-110,9,,,1.5,Final,7.5,-110
SEA,2024-07-10T22:40Z,401569864,SD,2024,Seattle Mariners,2,66.43359759,2024-07-10T11:03Z,San Diego Padres,0,125,125,115,-145,-145,-135,False,ESPN BET,1,-115,9,,,-1.5,Final,7.5,-105
NYY,2024-07-10T22:50Z,401569861,TB,2024,New York Yankees,2,43.18984255,2024-07-10T11:03Z,Tampa Bay Rays,1,105,105,-110,-125,-125,-110,False,ESPN BET,1,105,9,,,-1.5,Final,8.5,-125
LAD,2024-07-10T23:00Z,401569858,PHI,2024,Los Angeles Dodgers,3,62.1042002,2024-07-10T11:03Z,Philadelphia Phillies,4,115,115,110,-135,-135,-130,False,ESPN BET,1,115,9,,,-1.5,Final,9.5,-135
COL,2024-07-10T23:10Z,401569856,CIN,2024,Colorado Rockies,6,74.08065581,2024-07-10T11:03Z,Cincinnati Reds,5,160,160,155,-190,-190,-185,False,ESPN BET,1,-105,9,,,-1.5,Final,9.5,-115
OAK,2024-07-10T23:10Z,401569862,BOS,2024,Oakland Athletics,5,68.32575299,2024-07-10T11:03Z,Boston Red Sox,2,160,160,155,-190,-190,-185,False,ESPN BET,1,105,9,,,-1.5,Final,10.5,-125
WSH,2024-07-10T23:10Z,401569867,NYM,2024,Washington Nationals,2,66.92443081,2024-07-10T11:03Z,New York Mets,6,160,160,160,-190,-190,-190,False,ESPN BET,1,-120,9,,,-1.5,Final,9.5,100
KC,2024-07-10T23:45Z,401569857,STL,2024,Kansas City Royals,8,61.04180629,2024-07-10T11:03Z,St. Louis Cardinals,5,100,100,135,-120,-120,-155,False,ESPN BET,1,-115,9,,,-1.5,Final,8.5,-105
MIA,2024-07-11T00:10Z,401569859,HOU,2024,Miami Marlins,1,73.23309667,2024-07-10T11:03Z,Houston Astros,9,190,190,220,-230,-230,-270,False,ESPN BET,1,100,9,,,-1.5,Final,8.5,-120
PIT,2024-07-11T00:10Z,401569863,MIL,2024,Pittsburgh Pirates,0,68.66344425000001,2024-07-10T11:03Z,Milwaukee Brewers,9,140,140,130,-165,-165,-150,False,ESPN BET,1,-110,9,,,-1.5,Final,8.5,-110
TEX,2024-07-11T01:38Z,401569865,LAA,2024,Texas Rangers,2,47.67625779,2024-07-10T11:03Z,Los Angeles Angels,7,-125,-125,-145,105,105,125,False,ESPN BET,1,100,9,,,1.5,Final,9.5,-120
ATL,2024-07-11T01:40Z,401569853,ARI,2024,Atlanta Braves,5,46.32718802,2024-07-10T11:03Z,Arizona Diamondbacks,7,-115,-115,-135,-105,-105,115,False,ESPN BET,1,-120,9,,,1.5,Final,8.5,100
TOR,2024-07-11T01:45Z,401569866,SF,2024,Toronto Blue Jays,10,63.54196028,2024-07-10T11:03Z,San Francisco Giants,6,135,135,125,-155,-155,-145,False,ESPN BET,1,115,9,,,-1.5,Final,7.5,-135
CLE,2024-07-11T17:10Z,401569870,DET,2024,Cleveland Guardians,1,60.58070785,2024-07-11T11:04Z,Detroit Tigers,10,105,105,120,-125,-125,-140,False,ESPN BET,1,-120,9,,,-1.5,Final,7.5,100
COL,2024-07-11T17:10Z,401569871,CIN,2024,Colorado Rockies,1,70.90750804,2024-07-11T11:04Z,Cincinnati Reds,8,165,165,165,-195,-195,-195,False,ESPN BET,1,-115,9,,,-1.5,Final,8.5,-105
WSH,2024-07-11T17:10Z,401569879,NYM,2024,Washington Nationals,0,63.60100736,2024-07-11T11:04Z,New York Mets,7,115,115,115,-135,-135,-135,False,ESPN BET,1,-120,9,,,-1.5,Final,8.5,100
PIT,2024-07-11T18:10Z,401569876,MIL,2024,Pittsburgh Pirates,1,59.55251823,2024-07-11T11:04Z,Milwaukee Brewers,0,-125,-125,-130,105,105,110,False,ESPN BET,1,-105,9,,,1.5,Final,7.5,-115
TOR,2024-07-11T19:45Z,401569878,SF,2024,Toronto Blue Jays,5,62.37311905,2024-07-11T11:04Z,San Francisco Giants,3,110,110,-105,-130,-130,-115,False,ESPN BET,1,-110,9,,,-1.5,Final,7.5,-110
LAD,2024-07-11T22:05Z,401569872,PHI,2024,Los Angeles Dodgers,1,57.1888395,2024-07-11T11:04Z,Philadelphia Phillies,5,130,130,130,-155,-155,-150,False,ESPN BET,1,100,9,,,-1.5,Final,9.5,-120
CHC,2024-07-11T22:35Z,401569869,BAL,2024,Chicago Cubs,8,58.35641907,2024-07-11T11:04Z,Baltimore Orioles,0,115,115,110,-135,-135,-130,False,ESPN BET,1,-110,9,,,-1.5,Final,8.5,-110
NYY,2024-07-11T22:50Z,401569874,TB,2024,New York Yankees,4,37.5172538,2024-07-11T11:04Z,Tampa Bay Rays,5,-120,-120,-125,100,100,105,False,ESPN BET,1,100,9,,,1.5,Final,8.5,-120
OAK,2024-07-11T23:10Z,401569875,BOS,2024,Oakland Athletics,0,70.32605851,2024-07-11T11:04Z,Boston Red Sox,7,190,195,170,-225,-230,-200,False,ESPN BET,1,-120,9,,,-1.5,Final,9.5,100
MIA,2024-07-12T00:10Z,401569873,HOU,2024,Miami Marlins,3,69.48456983,2024-07-11T11:04Z,Houston Astros,6,150,150,170,-175,-175,-200,False,ESPN BET,1,-120,9,,,-1.5,Final,8.5,100
SEA,2024-07-12T01:38Z,401569877,LAA,2024,Seattle Mariners,11,46.44249909,2024-07-11T11:04Z,Los Angeles Angels,0,-165,-165,-150,140,140,130,False,ESPN BET,1,-120,9,,,1.5,Final,8.5,100
ATL,2024-07-12T01:40Z,401569868,ARI,2024,Atlanta Braves,0,46.96966816,2024-07-11T11:04Z,Arizona Diamondbacks,1,-120,-120,-135,100,100,115,False,ESPN BET,1,-120,9,,,1.5,Final,7.5,100
LAD,2024-07-12T22:40Z,401569885,DET,2024,Los Angeles Dodgers,4,57.863488919999995,2024-07-12T11:03Z,Detroit Tigers,3,125,125,115,-150,-150,-135,False,ESPN BET,1,-120,9,,,-1.5,Final,7.5,100
OAK,2024-07-12T22:40Z,401569889,PHI,2024,Oakland Athletics,6,77.07374958,2024-07-12T11:03Z,Philadelphia Phillies,2,210,210,220,-255,-255,-270,False,ESPN BET,1,-120,9,,,-1.5,Final,8.5,100
CLE,2024-07-12T22:50Z,401569882,TB,2024,Cleveland Guardians,0,54.39588207,2024-07-12T11:03Z,Tampa Bay Rays,2,120,120,115,-140,-140,-135,False,ESPN BET,1,105,9,,,-1.5,Final,7.5,-125
NYY,2024-07-12T23:05Z,401569888,BAL,2024,New York Yankees,4,43.782218,2024-07-12T11:03Z,Baltimore Orioles,1,-130,-130,-140,110,110,120,False,ESPN BET,1,-125,9,,,1.5,Final,8.5,105
COL,2024-07-12T23:10Z,401569883,NYM,2024,Colorado Rockies,6,74.39401278999999,2024-07-12T11:03Z,New York Mets,7,235,235,190,-290,-290,-225,False,ESPN BET,1,-105,9,,,-2.5,Final,8.5,-115
KC,2024-07-12T23:10Z,401569884,BOS,2024,Kansas City Royals,6,55.36331261,2024-07-12T11:03Z,Boston Red Sox,1,-115,-115,-120,-105,-105,100,False,ESPN BET,1,100,9,,,1.5,Final,9.5,-120
MIA,2024-07-12T23:10Z,401569886,CIN,2024,Miami Marlins,4,67.71436884,2024-07-12T11:03Z,Cincinnati Reds,7,145,145,125,-175,-175,-145,False,ESPN BET,1,105,9,,,-1.5,Final,9.5,-125
PIT,2024-07-13T00:10Z,401569890,CHW,2024,Pittsburgh Pirates,4,47.03070787,2024-07-12T11:03Z,Chicago White Sox,1,140,140,135,-165,-165,-155,False,ESPN BET,1,-115,9,,,-1.5,Final,7.5,-105
TEX,2024-07-13T00:10Z,401569892,HOU,2024,Texas Rangers,3,59.49729895,2024-07-12T11:03Z,Houston Astros,6,125,125,130,-145,-145,-150,False,ESPN BET,1,105,9,,,-1.5,Final,8.5,-125
WSH,2024-07-13T00:10Z,401569894,MIL,2024,Washington Nationals,5,75.16711190000001,2024-07-12T11:03Z,Milwaukee Brewers,2,225,225,170,-275,-275,-200,False,ESPN BET,1,-105,9,,,-1.5,Final,8.5,-115
CHC,2024-07-13T00:15Z,401569881,STL,2024,Chicago Cubs,5,72.74098368,2024-07-12T11:03Z,St. Louis Cardinals,1,170,170,165,-200,-200,-195,False,ESPN BET,1,105,9,,,-1.5,Final,8.5,-125
SEA,2024-07-13T01:38Z,401569891,LAA,2024,Seattle Mariners,5,50.30908489,2024-07-12T11:03Z,Los Angeles Angels,6,-140,-140,-145,120,120,125,False,ESPN BET,1,100,10,,,1.5,Final/10,8.5,-120
ATL,2024-07-13T01:40Z,401569880,SD,2024,Atlanta Braves,6,57.623149149999996,2024-07-12T11:03Z,San Diego Padres,1,100,100,-130,-120,-120,110,False,ESPN BET,1,-125,9,,,-1.5,Final,7.5,105
TOR,2024-07-13T01:40Z,401569893,ARI,2024,Toronto Blue Jays,4,55.23163744,2024-07-12T11:03Z,Arizona Diamondbacks,5,105,105,105,-125,-125,-125,False,ESPN BET,1,-110,9,,,1.5,Final,8.5,-110
MIN,2024-07-13T02:15Z,401569887,SF,2024,Minnesota Twins,1,44.30212743,2024-07-12T11:03Z,San Francisco Giants,7,-125,-125,-135,105,105,115,False,ESPN BET,1,-110,9,,,1.5,Final,7.5,-110
LAD,2024-07-13T17:10Z,401569900,DET,2024,Los Angeles Dodgers,9,44.90165973,2024-07-13T11:04Z,Detroit Tigers,11,-115,-115,-155,-105,-105,130,False,ESPN BET,1,110,10,,,1.5,Final/10,9.5,-130
PIT,2024-07-13T18:10Z,401569905,CHW,2024,Pittsburgh Pirates,6,40.663826279999995,2024-07-13T11:04Z,Chicago White Sox,2,-145,-145,-160,120,120,135,False,ESPN BET,1,-110,9,,,1.5,Final,8.5,-110
CHC,2024-07-13T18:15Z,401569896,STL,2024,Chicago Cubs,3,53.4736357,2024-07-13T11:04Z,St. Louis Cardinals,11,120,120,115,-145,-145,-135,False,ESPN BET,1,-120,9,,,-1.5,Final,8.5,100
NYY,2024-07-13T20:05Z,401569903,BAL,2024,New York Yankees,6,53.00444111,2024-07-13T11:04Z,Baltimore Orioles,1,,,,,,,False,,,,9,,,,Final,,
OAK,2024-07-13T20:05Z,401569904,PHI,2024,Oakland Athletics,5,66.25514937,2024-07-13T11:04Z,Philadelphia Phillies,11,160,160,165,-190,-190,-200,False,ESPN BET,1,-105,9,,,-1.5,Final,9.5,-115
CLE,2024-07-13T20:10Z,401569897,TB,2024,Cleveland Guardians,4,43.46756377,2024-07-13T11:04Z,Tampa Bay Rays,2,-115,-115,-110,-105,-105,-110,False,ESPN BET,1,-105,9,,,1.5,Final,7.5,-115
COL,2024-07-13T20:10Z,401569898,NYM,2024,Colorado Rockies,3,70.07824484,2024-07-13T11:04Z,New York Mets,7,165,165,195,-200,-200,-235,False,ESPN BET,1,-125,9,,,-1.5,Final,7.5,105
KC,2024-07-13T20:10Z,401569899,BOS,2024,Kansas City Royals,0,53.44161029,2024-07-13T11:04Z,Boston Red Sox,5,120,120,110,-145,-145,-130,False,ESPN BET,1,-130,9,,,-1.5,Final,8.5,110
MIA,2024-07-13T20:10Z,401569901,CIN,2024,Miami Marlins,6,73.40853359,2024-07-13T11:04Z,Cincinnati Reds,10,125,125,140,-150,-150,-165,False,ESPN BET,1,-105,9,,,-1.5,Final,9.5,-115
TEX,2024-07-13T20:10Z,401569907,HOU,2024,Texas Rangers,2,49.50376543,2024-07-13T11:04Z,Houston Astros,1,-125,-125,-115,105,105,-105,False,ESPN BET,1,100,10,,,1.5,Final/10,8.5,-120
WSH,2024-07-13T20:10Z,401569909,MIL,2024,Washington Nationals,6,57.44577222,2024-07-13T11:04Z,Milwaukee Brewers,5,115,115,105,-135,-135,-125,False,ESPN BET,1,-130,9,,,-1.5,Final,8.5,110
ATL,2024-07-13T23:15Z,401569895,SD,2024,Atlanta Braves,0,44.19799251,2024-07-13T11:04Z,San Diego Padres,4,115,115,-130,-135,-135,110,False,ESPN BET,1,105,9,,,-1.5,Final,7.5,-125
MIN,2024-07-13T23:15Z,401569902,SF,2024,Minnesota Twins,4,50.1744379,2024-07-13T11:04Z,San Francisco Giants,2,115,115,-115,-135,-135,-105,False,ESPN BET,1,-120,9,,,-1.5,Final,7.5,100
CHC,2024-07-14T00:15Z,401673997,STL,2024,Chicago Cubs,4,52.46341159,2024-07-13T11:04Z,St. Louis Cardinals,5,120,120,120,-145,-145,-145,False,ESPN BET,1,-120,9,,,-1.5,Final,8.5,100
SEA,2024-07-14T01:38Z,401569906,LAA,2024,Seattle Mariners,1,50.565057069999995,2024-07-13T11:04Z,Los Angeles Angels,2,-145,-145,-165,120,120,140,False,ESPN BET,1,-105,9,,,1.5,Final,7.5,-115
TOR,2024-07-14T02:10Z,401569908,ARI,2024,Toronto Blue Jays,1,55.577463879999996,2024-07-13T11:04Z,Arizona Diamondbacks,12,115,115,105,-140,-140,-125,False,ESPN BET,1,-120,9,,,-1.5,Final,8.5,100
NYY,2024-07-14T15:35Z,401569918,BAL,2024,New York Yankees,5,54.951698439999994,2024-07-14T11:03Z,Baltimore Orioles,6,-115,-115,100,-105,-105,-120,False,ESPN BET,1,115,9,,,1.5,Final,9.5,-135
KC,2024-07-14T17:35Z,401569914,BOS,2024,Kansas City Royals,4,49.66913335,2024-07-14T11:03Z,Boston Red Sox,5,130,130,110,-155,-155,-130,False,ESPN BET,1,-105,9,,,-1.5,Final,9.5,-115
OAK,2024-07-14T17:35Z,401569919,PHI,2024,Oakland Athletics,18,81.01875348,2024-07-14T11:03Z,Philadelphia Phillies,3,210,210,195,-255,-255,-235,False,ESPN BET,1,-120,9,,,-1.5,Final,9.5,100
CLE,2024-07-14T17:40Z,401569912,TB,2024,Cleveland Guardians,0,47.42083022,2024-07-14T11:03Z,Tampa Bay Rays,2,105,105,100,-125,-125,-120,False,ESPN BET,1,105,9,,,-1.5,Final,8.5,-125
COL,2024-07-14T17:40Z,401569913,NYM,2024,Colorado Rockies,8,71.56924732,2024-07-14T11:03Z,New York Mets,5,175,175,170,-210,-210,-205,False,ESPN BET,1,105,9,,,-1.5,Final,8.5,-125
LAD,2024-07-14T17:40Z,401569915,DET,2024,Los Angeles Dodgers,3,44.050673950000004,2024-07-14T11:03Z,Detroit Tigers,4,-140,-140,-175,120,120,145,False,ESPN BET,1,105,9,,,1.5,Final,9.5,-125
MIA,2024-07-14T17:40Z,401569916,CIN,2024,Miami Marlins,3,67.50981132,2024-07-14T11:03Z,Cincinnati Reds,2,150,150,155,-180,-180,-185,False,ESPN BET,1,110,9,,,-1.5,Final,9.5,-130
PIT,2024-07-14T18:10Z,401569920,CHW,2024,Pittsburgh Pirates,9,37.91852209,2024-07-14T11:03Z,Chicago White Sox,4,-165,-165,-205,140,140,170,False,ESPN BET,1,-115,9,,,1.5,Final,8.5,-105
TEX,2024-07-14T18:10Z,401569922,HOU,2024,Texas Rangers,4,63.93991253,2024-07-14T11:03Z,Houston Astros,2,105,105,140,-125,-125,-165,False,ESPN BET,1,100,9,,,-1.5,Final,8.5,-120
WSH,2024-07-14T18:10Z,401569924,MIL,2024,Washington Nationals,3,62.73808226999999,2024-07-14T11:03Z,Milwaukee Brewers,9,125,125,130,-150,-150,-155,False,ESPN BET,1,-120,9,,,-1.5,Final,8.5,100
CHC,2024-07-14T18:15Z,401569911,STL,2024,Chicago Cubs,8,50.635998019999995,2024-07-14T11:03Z,St. Louis Cardinals,3,100,100,110,-120,-120,-130,False,ESPN BET,1,-115,9,,,1.5,Final,8.5,-105
MIN,2024-07-14T20:05Z,401569917,SF,2024,Minnesota Twins,2,49.00083832,2024-07-14T11:03Z,San Francisco Giants,3,135,135,100,-160,-160,-120,False,ESPN BET,1,-110,9,,,-1.5,Final,7.5,-110
SEA,2024-07-14T20:07Z,401569921,LAA,2024,Seattle Mariners,2,43.39024261,2024-07-14T11:03Z,Los Angeles Angels,3,-175,-175,-185,145,145,155,False,ESPN BET,1,-120,9,,,1.5,Final,8.5,100
ATL,2024-07-14T20:10Z,401569910,SD,2024,Atlanta Braves,6,45.55230061,2024-07-14T11:03Z,San Diego Padres,3,-160,-160,-185,135,135,155,False,ESPN BET,1,110,9,,,1.5,Final,7.5,-130
TOR,2024-07-14T20:10Z,401569923,ARI,2024,Toronto Blue Jays,8,64.89741629,2024-07-14T11:03Z,Arizona Diamondbacks,7,130,130,135,-155,-155,-160,False,ESPN BET,1,-115,9,,,-1.5,Final,7.5,-105
NL,2024-07-17T00:00Z,401572073,AL,2024,National All-Stars,3,,,American All-Stars,5,100,100,110,-120,-120,-130,True,ESPN BET,1,-110,9,,,-1.5,Final,7.0,-110
ARI,2024-07-19T18:20Z,401569926,CHC,2024,Arizona Diamondbacks,5,62.834581379999996,2024-07-18T11:03Z,Chicago Cubs,2,130,130,-125,-155,-155,105,False,ESPN BET,1,-120,9,,,-1.5,Final,7.5,100
PHI,2024-07-19T22:40Z,401569934,PIT,2024,Philadelphia Phillies,7,45.71632687,2024-07-18T11:03Z,Pittsburgh Pirates,8,-175,-175,-135,145,145,115,False,ESPN BET,1,105,9,,,1.5,Final,8.5,-125
CIN,2024-07-19T22:45Z,401569930,WSH,2024,Cincinnati Reds,5,49.37153044,2024-07-18T11:03Z,Washington Nationals,8,-135,-135,-120,115,115,100,False,ESPN BET,1,-115,9,,,1.5,Final,9.5,-105
TB,2024-07-19T23:05Z,401569938,NYY,2024,Tampa Bay Rays,1,67.30201985000001,2024-07-18T11:03Z,New York Yankees,6,140,140,160,-165,-165,-190,False,ESPN BET,1,105,9,,,-1.5,Final,8.5,-125
DET,2024-07-19T23:07Z,401569931,TOR,2024,Detroit Tigers,5,53.820923730000004,2024-07-18T11:03Z,Toronto Blue Jays,4,115,115,-110,-135,-135,-110,False,ESPN BET,1,100,9,,,-1.5,Final,7.5,-120
NYM,2024-07-19T23:10Z,401569933,MIA,2024,New York Mets,4,32.79290624,2024-07-18T11:03Z,Miami Marlins,6,-135,-135,-130,115,115,110,False,ESPN BET,1,-120,9,,,1.5,Final,7.5,100
SD,2024-07-19T23:10Z,401569935,CLE,2024,San Diego Padres,0,63.37954248,2024-07-18T11:03Z,Cleveland Guardians,7,140,140,-110,-165,-165,-110,False,ESPN BET,1,-115,9,,,-1.5,Final,7.5,-105
BAL,2024-07-20T00:05Z,401569927,TEX,2024,Baltimore Orioles,9,48.28900164,2024-07-18T11:03Z,Texas Rangers,1,-115,-120,-165,-105,100,140,False,ESPN BET,1,105,9,,,1.5,Final,7.5,-125
CHW,2024-07-20T00:10Z,401569929,KC,2024,Chicago White Sox,1,74.62552345,2024-07-18T11:03Z,Kansas City Royals,7,195,195,160,-235,-235,-190,False,ESPN BET,1,-125,9,,,-1.5,Final,8.5,105
SF,2024-07-20T00:40Z,401569936,COL,2024,San Francisco Giants,3,41.68571367,2024-07-18T11:03Z,Colorado Rockies,7,-120,-135,-185,100,115,155,False,ESPN BET,1,-115,9,,,1.5,Final,10.5,-105
LAA,2024-07-20T01:40Z,401569925,OAK,2024,Los Angeles Angels,3,52.23922967,2024-07-18T11:03Z,Oakland Athletics,13,105,105,-120,-125,-125,100,False,ESPN BET,1,-125,9,,,-1.5,Final,8.5,105
BOS,2024-07-20T02:10Z,401569928,LAD,2024,Boston Red Sox,1,60.042673980000004,2024-07-18T11:03Z,Los Angeles Dodgers,4,115,115,125,-135,-135,-150,False,ESPN BET,1,100,9,,,-1.5,Final,8.5,-120
HOU,2024-07-20T02:10Z,401569932,SEA,2024,Houston Astros,3,53.839426489999994,2024-07-18T11:03Z,Seattle Mariners,0,-105,-105,125,-115,-115,-150,False,ESPN BET,1,115,9,,,1.5,Final,7.5,-135
TB,2024-07-20T17:05Z,401569953,NYY,2024,Tampa Bay Rays,9,66.66169174,2024-07-20T11:11Z,New York Yankees,1,135,135,125,-160,-160,-150,False,ESPN BET,1,-105,9,,,-1.5,Final,8.5,-115
STL,2024-07-20T17:07Z,401698082,ATL,2024,St. Louis Cardinals,2,60.47087889,2024-07-20T11:12Z,Atlanta Braves,3,120,120,130,-145,-145,-145,False,ESPN BET,1,100,10,,,-1.5,Final/10,8.5,-120
DET,2024-07-20T19:07Z,401569945,TOR,2024,Detroit Tigers,7,51.40782596,2024-07-20T11:11Z,Toronto Blue Jays,3,105,105,125,-125,-125,-150,False,ESPN BET,1,-120,9,,,1.5,Final,7.5,100
LAA,2024-07-20T20:07Z,401569939,OAK,2024,Los Angeles Angels,2,57.5958619,2024-07-20T11:11Z,Oakland Athletics,8,125,125,115,-150,-150,-135,False,ESPN BET,1,-130,9,,,-1.5,Final,8.5,110
NYM,2024-07-20T20:10Z,401569948,MIA,2024,New York Mets,1,40.32471862,2024-07-20T11:11Z,Miami Marlins,0,-165,-165,-165,140,140,140,False,ESPN BET,1,-125,9,,,1.5,Final,8.5,105
PHI,2024-07-20T22:40Z,401569949,PIT,2024,Philadelphia Phillies,1,39.373200069999996,2024-07-20T11:11Z,Pittsburgh Pirates,4,-165,-165,-175,140,140,145,False,ESPN BET,1,-120,9,,,1.5,Final,8.5,100
CIN,2024-07-20T22:45Z,401569944,WSH,2024,Cincinnati Reds,4,48.95425013,2024-07-20T11:11Z,Washington Nationals,5,-115,-115,-110,-105,-105,-110,False,ESPN BET,1,100,9,,,1.5,Final,8.5,-120
BAL,2024-07-20T23:05Z,401569941,TEX,2024,Baltimore Orioles,8,49.449097939999994,2024-07-20T11:11Z,Texas Rangers,4,-110,-110,-120,-110,-110,100,False,ESPN BET,1,105,9,,,1.5,Final,8.5,-125
CHW,2024-07-20T23:10Z,401569943,KC,2024,Chicago White Sox,1,70.80706423999999,2024-07-20T11:11Z,Kansas City Royals,6,195,195,180,-235,-235,-215,False,ESPN BET,1,100,9,,,-1.5,Final,8.5,-120
MIL,2024-07-20T23:10Z,401569947,MIN,2024,Milwaukee Brewers,8,52.04125348,2024-07-20T11:11Z,Minnesota Twins,4,105,105,105,-125,-125,-125,False,ESPN BET,1,100,12,,,-1.5,Final/12,7.5,-120
SD,2024-07-20T23:10Z,401569950,CLE,2024,San Diego Padres,7,59.62611889,2024-07-20T11:11Z,Cleveland Guardians,0,-110,-110,-110,-110,-110,-110,False,ESPN BET,1,-115,9,,,1.5,Final,7.5,-105
ARI,2024-07-20T23:15Z,401569940,CHC,2024,Arizona Diamondbacks,3,39.59352568,2024-07-20T11:11Z,Chicago Cubs,0,-135,-135,-150,115,115,125,False,ESPN BET,1,-110,9,,,1.5,Final,8.5,-110
BOS,2024-07-20T23:15Z,401569942,LAD,2024,Boston Red Sox,6,61.066971439999996,2024-07-20T11:11Z,Los Angeles Dodgers,7,110,110,125,-130,-130,-150,False,ESPN BET,1,105,11,,,-1.5,Final/11,9.5,-125
STL,2024-07-20T23:20Z,401569952,ATL,2024,St. Louis Cardinals,9,45.73184872,2024-07-20T11:11Z,Atlanta Braves,5,-120,-120,135,100,100,-160,False,ESPN BET,1,-110,9,,,1.5,Final,8.5,-110
SF,2024-07-21T00:10Z,401569951,COL,2024,San Francisco Giants,3,34.25740812,2024-07-20T11:11Z,Colorado Rockies,4,-165,-165,-165,140,140,140,False,ESPN BET,1,-125,9,,,1.5,Final,9.5,105
HOU,2024-07-21T01:40Z,401569946,SEA,2024,Houston Astros,4,50.00299129,2024-07-20T11:11Z,Seattle Mariners,2,115,115,100,-135,-135,-120,False,ESPN BET,1,105,9,,,-1.5,Final,7.5,-125
MIL,2024-07-21T17:05Z,401569962,MIN,2024,Milwaukee Brewers,8,58.371757040000006,2024-07-21T11:10Z,Minnesota Twins,7,140,140,135,-165,-165,-160,False,ESPN BET,1,100,9,,,-1.5,Final,7.5,-120
CIN,2024-07-21T17:35Z,401569959,WSH,2024,Cincinnati Reds,2,47.35986397,2024-07-21T11:10Z,Washington Nationals,5,-105,-105,100,-115,-115,-120,False,ESPN BET,1,110,9,,,1.5,Final,9.5,-130
PHI,2024-07-21T17:35Z,401569964,PIT,2024,Philadelphia Phillies,6,48.27887742,2024-07-21T11:10Z,Pittsburgh Pirates,0,-125,-125,-155,105,105,130,False,ESPN BET,1,105,9,,,1.5,Final,9.5,-125
STL,2024-07-21T17:35Z,401569967,ATL,2024,St. Louis Cardinals,6,59.334695780000004,2024-07-21T11:10Z,Atlanta Braves,2,120,120,135,-145,-145,-160,False,ESPN BET,1,-130,9,,,-1.5,Final,8.5,110
TB,2024-07-21T17:35Z,401569968,NYY,2024,Tampa Bay Rays,6,72.36757718999999,2024-07-21T11:10Z,New York Yankees,4,120,120,135,-145,-145,-160,False,ESPN BET,1,105,9,,,-1.5,Final,9.5,-125
DET,2024-07-21T17:37Z,401569960,TOR,2024,Detroit Tigers,4,61.825364210000004,2024-07-21T11:10Z,Toronto Blue Jays,5,145,145,135,-175,-175,-160,False,ESPN BET,1,105,9,,,-1.5,Final,8.5,-125
NYM,2024-07-21T17:40Z,401569963,MIA,2024,New York Mets,2,43.89022904,2024-07-21T11:10Z,Miami Marlins,4,-150,-150,-155,125,125,130,False,ESPN BET,1,-110,9,,,1.5,Final,8.5,-110
SD,2024-07-21T17:40Z,401569965,CLE,2024,San Diego Padres,2,52.234238209999994,2024-07-21T11:10Z,Cleveland Guardians,1,-110,-110,-125,-110,-110,105,False,ESPN BET,1,-115,9,,,1.5,Final,7.5,-105
CHW,2024-07-21T18:10Z,401569958,KC,2024,Chicago White Sox,1,75.69452887,2024-07-21T11:10Z,Kansas City Royals,4,210,210,200,-255,-255,-240,False,ESPN BET,1,105,9,,,-1.5,Final,8.5,-125
ARI,2024-07-21T18:20Z,401569955,CHC,2024,Arizona Diamondbacks,1,53.83337418000001,2024-07-21T11:10Z,Chicago Cubs,2,105,105,105,-125,-125,-125,False,ESPN BET,1,105,10,,,-1.5,Final/10,7.5,-125
BAL,2024-07-21T18:35Z,401569956,TEX,2024,Baltimore Orioles,2,51.427208,2024-07-21T11:10Z,Texas Rangers,3,115,115,-120,-135,-135,100,False,ESPN BET,1,-120,9,,,-1.5,Final,8.5,100
SF,2024-07-21T19:10Z,401569966,COL,2024,San Francisco Giants,3,45.05801766,2024-07-21T11:10Z,Colorado Rockies,2,-130,-130,-155,110,110,130,False,ESPN BET,1,-105,9,,,1.5,Final,10.5,-115
LAA,2024-07-21T20:07Z,401569954,OAK,2024,Los Angeles Angels,8,46.25198587,2024-07-21T11:10Z,Oakland Athletics,5,105,105,120,-125,-125,-145,False,ESPN BET,1,-120,9,,,-1.5,Final,8.5,100
HOU,2024-07-21T20:10Z,401569961,SEA,2024,Houston Astros,4,47.37395387,2024-07-21T11:10Z,Seattle Mariners,6,-110,-110,-110,-110,-110,-110,False,ESPN BET,1,-110,9,,,1.5,Final,7.5,-110
BOS,2024-07-21T23:00Z,401569957,LAD,2024,Boston Red Sox,6,53.79663477,2024-07-21T11:10Z,Los Angeles Dodgers,9,-105,-105,100,-115,-115,-120,False,ESPN BET,1,-120,9,,,1.5,Final,8.5,100
TB,2024-07-22T17:05Z,401569981,NYY,2024,Tampa Bay Rays,1,60.62019153,2024-07-22T11:09Z,New York Yankees,9,145,145,135,-175,-175,-160,False,ESPN BET,1,-115,9,,,-1.5,Final,8.5,-105
DET,2024-07-22T22:40Z,401569974,CLE,2024,Detroit Tigers,8,42.56675338,2024-07-22T11:09Z,Cleveland Guardians,2,-135,-135,-110,115,115,-110,False,ESPN BET,1,-140,9,,,1.5,Final,6.5,120
NYM,2024-07-22T22:40Z,401569977,MIA,2024,New York Mets,6,32.6636493,2024-07-22T11:09Z,Miami Marlins,4,-150,-150,-165,125,125,140,False,ESPN BET,1,-105,9,,,1.5,Final,8.5,-115
STL,2024-07-22T22:40Z,401569980,PIT,2024,St. Louis Cardinals,1,59.199065,2024-07-22T11:09Z,Pittsburgh Pirates,2,105,105,120,-125,-125,-145,False,ESPN BET,1,100,9,,,1.5,Final,8.5,-120
CIN,2024-07-22T23:20Z,401569973,ATL,2024,Cincinnati Reds,4,64.21297577,2024-07-22T11:09Z,Atlanta Braves,1,125,125,140,-150,-150,-165,False,ESPN BET,1,-120,9,,,-1.5,Final,7.5,100
PHI,2024-07-22T23:40Z,401569978,MIN,2024,Philadelphia Phillies,2,48.46838303,2024-07-22T11:09Z,Minnesota Twins,7,-120,-120,-145,100,100,120,False,ESPN BET,1,100,9,,,1.5,Final,8.5,-120
CHW,2024-07-23T00:05Z,401569972,TEX,2024,Chicago White Sox,3,63.59271791,2024-07-22T11:09Z,Texas Rangers,4,145,145,140,-175,-175,-165,False,ESPN BET,1,-105,10,,,-1.5,Final/10,8.5,-115
MIL,2024-07-23T00:05Z,401569976,CHC,2024,Milwaukee Brewers,1,49.215465120000005,2024-07-22T11:09Z,Chicago Cubs,3,-120,-120,-120,100,100,100,False,ESPN BET,1,105,9,,,1.5,Final,8.5,-125
ARI,2024-07-23T00:10Z,401569970,KC,2024,Arizona Diamondbacks,4,59.58510827,2024-07-22T11:09Z,Kansas City Royals,10,120,120,135,-145,-145,-160,False,ESPN BET,1,-105,9,,,-1.5,Final,8.5,-115
BOS,2024-07-23T00:40Z,401569971,COL,2024,Boston Red Sox,8,35.35122716,2024-07-22T11:09Z,Colorado Rockies,9,-175,-175,-185,145,145,155,False,ESPN BET,1,-125,12,,,1.5,Final/12,9.5,105
LAA,2024-07-23T01:40Z,401569969,SEA,2024,Los Angeles Angels,3,57.777724909999996,2024-07-22T11:09Z,Seattle Mariners,1,140,140,140,-165,-165,-165,False,ESPN BET,1,115,9,,,-1.5,Final,7.5,-135
HOU,2024-07-23T01:40Z,401569975,OAK,2024,Houston Astros,0,49.64020469,2024-07-22T11:09Z,Oakland Athletics,4,-150,-150,-160,125,125,135,False,ESPN BET,1,-120,9,,,1.5,Final,8.5,100
SF,2024-07-23T02:10Z,401569979,LAD,2024,San Francisco Giants,2,64.36049713,2024-07-22T11:09Z,Los Angeles Dodgers,3,105,105,130,-125,-125,-155,False,ESPN BET,1,-110,9,,,-1.5,Final,8.5,-110
BAL,2024-07-23T22:40Z,401569984,MIA,2024,Baltimore Orioles,3,33.66873174,2024-07-23T11:10Z,Miami Marlins,6,-175,-175,-175,145,145,145,False,ESPN BET,1,-115,9,,,1.5,Final,8.5,-105
DET,2024-07-23T22:40Z,401569988,CLE,2024,Detroit Tigers,4,57.23552971,2024-07-23T11:10Z,Cleveland Guardians,5,120,120,105,-145,-145,-125,False,ESPN BET,1,-115,9,,,-1.5,Final,8.5,-105
STL,2024-07-23T22:40Z,401569995,PIT,2024,St. Louis Cardinals,2,61.449569800000006,2024-07-23T11:10Z,Pittsburgh Pirates,1,155,155,150,-185,-185,-180,False,ESPN BET,1,-105,9,,,-1.5,Final,7.5,-115
SD,2024-07-23T22:45Z,401569993,WSH,2024,San Diego Padres,4,51.983327040000006,2024-07-23T11:10Z,Washington Nationals,0,100,100,105,-120,-120,-125,False,ESPN BET,1,-110,9,,,1.5,Final,9.5,-110
NYM,2024-07-23T23:05Z,401569991,NYY,2024,New York Mets,3,60.074356689999995,2024-07-23T11:10Z,New York Yankees,2,135,135,135,-160,-160,-160,False,ESPN BET,1,110,9,,,-1.5,Final,9.5,-130
TB,2024-07-23T23:07Z,401569996,TOR,2024,Tampa Bay Rays,4,56.04558013,2024-07-23T11:10Z,Toronto Blue Jays,2,115,115,135,-135,-135,-160,False,ESPN BET,1,-120,9,,,-1.5,Final,8.5,100
PHI,2024-07-23T23:40Z,401569992,MIN,2024,Philadelphia Phillies,3,42.88810629,2024-07-23T11:10Z,Minnesota Twins,0,-145,-145,-165,120,120,140,False,ESPN BET,1,-125,9,,,1.5,Final,7.5,105
CHW,2024-07-24T00:05Z,401569986,TEX,2024,Chicago White Sox,2,63.21828319,2024-07-23T11:10Z,Texas Rangers,3,110,110,105,-130,-130,-125,False,ESPN BET,1,105,9,,,-1.5,Final,7.5,-125
MIL,2024-07-24T00:05Z,401569990,CHC,2024,Milwaukee Brewers,1,50.19041574999999,2024-07-23T11:10Z,Chicago Cubs,0,-110,-110,100,-110,-110,-120,False,ESPN BET,1,-110,9,,,1.5,Final,8.5,-110
ARI,2024-07-24T00:10Z,401569983,KC,2024,Arizona Diamondbacks,6,53.7842951,2024-07-23T11:10Z,Kansas City Royals,2,-110,-105,-125,-110,-115,105,False,ESPN BET,1,105,9,,,1.5,Final,9.5,-125
BOS,2024-07-24T00:40Z,401569985,COL,2024,Boston Red Sox,6,42.26610248,2024-07-23T11:10Z,Colorado Rockies,0,-160,-160,-160,135,135,135,False,ESPN BET,1,-110,9,,,1.5,Final,11.5,-110
LAA,2024-07-24T01:40Z,401569982,SEA,2024,Los Angeles Angels,5,61.42251996,2024-07-23T11:10Z,Seattle Mariners,1,135,135,155,-160,-160,-185,False,ESPN BET,1,-115,9,,,-1.5,Final,6.5,-105
HOU,2024-07-24T01:40Z,401569989,OAK,2024,Houston Astros,2,49.18991856,2024-07-23T11:10Z,Oakland Athletics,8,-145,-145,-135,120,120,115,False,ESPN BET,1,-125,9,,,1.5,Final,8.5,105
SF,2024-07-24T02:10Z,401569994,LAD,2024,San Francisco Giants,2,59.36845221,2024-07-23T11:10Z,Los Angeles Dodgers,5,135,135,120,-160,-160,-145,False,ESPN BET,1,-130,9,,,-1.5,Final,8.5,110
CIN,2024-07-24T16:20Z,401570002,ATL,2024,Cincinnati Reds,9,52.72491975,2024-07-24T11:09Z,Atlanta Braves,4,110,110,145,-130,-130,-175,False,ESPN BET,1,-110,9,,,-1.5,Final,8.5,-110
STL,2024-07-24T16:35Z,401570010,PIT,2024,St. Louis Cardinals,0,46.06369892,2024-07-24T11:09Z,Pittsburgh Pirates,5,-115,-115,100,-105,-105,-120,False,ESPN BET,1,-135,9,,,1.5,Final,8.5,115
PHI,2024-07-24T17:10Z,401570007,MIN,2024,Philadelphia Phillies,4,51.39941682,2024-07-24T11:09Z,Minnesota Twins,5,-135,-135,-155,115,115,130,False,ESPN BET,1,-120,9,,,1.5,Final,7.5,100
MIL,2024-07-24T18:20Z,401570005,CHC,2024,Milwaukee Brewers,3,55.008030070000004,2024-07-24T11:09Z,Chicago Cubs,2,125,125,125,-150,-150,-150,False,ESPN BET,1,110,9,,,-1.5,Final,7.5,-130
BOS,2024-07-24T19:10Z,401570000,COL,2024,Boston Red Sox,7,40.63041149,2024-07-24T11:09Z,Colorado Rockies,20,-150,-150,-175,125,125,145,False,ESPN BET,1,-110,9,,,1.5,Final,10.5,-110
HOU,2024-07-24T19:37Z,401570004,OAK,2024,Houston Astros,8,44.98266029,2024-07-24T11:09Z,Oakland Athletics,1,-155,-155,-160,130,130,135,False,ESPN BET,1,-110,9,,,1.5,Final,8.5,-110
LAA,2024-07-24T19:40Z,401569997,SEA,2024,Los Angeles Angels,2,65.06836411,2024-07-24T11:09Z,Seattle Mariners,1,140,140,175,-165,-165,-210,False,ESPN BET,1,100,9,,,-1.5,Final,7.5,-120
BAL,2024-07-24T22:40Z,401569999,MIA,2024,Baltimore Orioles,3,39.348060010000005,2024-07-24T11:09Z,Miami Marlins,6,-145,-145,-145,120,120,120,False,ESPN BET,1,105,9,,,1.5,Final,8.5,-125
DET,2024-07-24T22:40Z,401570003,CLE,2024,Detroit Tigers,1,65.35046206,2024-07-24T11:09Z,Cleveland Guardians,2,120,120,130,-145,-145,-155,False,ESPN BET,1,-135,9,,,-1.5,Final,6.5,115
SD,2024-07-24T22:45Z,401570008,WSH,2024,San Diego Padres,12,49.36074606,2024-07-24T11:09Z,Washington Nationals,3,-110,-110,-115,-110,-110,-105,False,ESPN BET,1,-115,9,,,1.5,Final,8.5,-105
NYM,2024-07-24T23:00Z,401570006,NYY,2024,New York Mets,12,60.519944790000004,2024-07-24T11:09Z,New York Yankees,3,145,145,140,-175,-175,-165,False,ESPN BET,1,-115,9,,,-1.5,Final,8.5,-105
TB,2024-07-24T23:07Z,401570011,TOR,2024,Tampa Bay Rays,3,52.29876321,2024-07-24T11:09Z,Toronto Blue Jays,6,-120,-120,-120,100,100,100,False,ESPN BET,1,100,9,,,1.5,Final,8.5,-120
CHW,2024-07-25T00:05Z,401570001,TEX,2024,Chicago White Sox,2,77.00610353,2024-07-24T11:09Z,Texas Rangers,10,220,220,205,-270,-270,-250,False,ESPN BET,1,100,9,,,-2.5,Final,8.5,-120
ARI,2024-07-25T00:10Z,401569998,KC,2024,Arizona Diamondbacks,8,60.83719309,2024-07-24T11:09Z,Kansas City Royals,6,110,105,110,-130,-125,-130,False,ESPN BET,1,-125,9,,,-1.5,Final,8.5,105
SF,2024-07-25T02:10Z,401570009,LAD,2024,San Francisco Giants,8,77.85522132,2024-07-24T11:09Z,Los Angeles Dodgers,3,160,160,160,-190,-190,-190,False,ESPN BET,1,-120,9,,,-1.5,Final,7.5,100
SD,2024-07-25T16:05Z,401570017,WSH,2024,San Diego Padres,3,38.549860339999995,2024-07-25T11:10Z,Washington Nationals,0,-160,-160,-180,125,135,150,False,ESPN BET,1,-115,9,,,1.5,Final,8.5,-115
BAL,2024-07-25T16:10Z,401570013,MIA,2024,Baltimore Orioles,7,28.741174450000003,2024-07-25T11:10Z,Miami Marlins,6,-210,-210,-270,175,175,220,False,ESPN BET,1,-115,10,,,2.5,Final/10,8.5,-105
DET,2024-07-25T17:10Z,401570015,CLE,2024,Detroit Tigers,3,61.93519895,2024-07-25T11:10Z,Cleveland Guardians,0,130,130,150,-155,-155,-180,False,ESPN BET,1,-110,9,,,-1.5,Final,7.5,-110
CHW,2024-07-25T18:35Z,401570014,TEX,2024,Chicago White Sox,1,69.35550912000001,2024-07-25T11:10Z,Texas Rangers,2,210,210,195,-255,-255,-235,False,ESPN BET,1,100,9,,,-1.5,Final,8.5,-120
TB,2024-07-25T19:07Z,401570019,TOR,2024,Tampa Bay Rays,13,56.07924568,2024-07-25T11:10Z,Toronto Blue Jays,0,-110,-110,-110,-110,-110,-110,False,ESPN BET,1,-130,9,,,1.5,Final,7.5,110
SF,2024-07-25T20:10Z,401570018,LAD,2024,San Francisco Giants,4,60.905670560000004,2024-07-25T11:10Z,Los Angeles Dodgers,6,110,110,130,-130,-130,-155,False,ESPN BET,1,100,9,,,1.5,Final,8.5,-120
ATL,2024-07-25T23:10Z,401570012,NYM,2024,Atlanta Braves,2,47.96534923,2024-07-25T11:10Z,New York Mets,3,-120,-120,-130,100,100,110,False,ESPN BET,1,105,10,,,1.5,Final/10,7.5,-125
OAK,2024-07-26T01:38Z,401570016,LAA,2024,Oakland Athletics,6,59.77166474,2024-07-25T11:10Z,Los Angeles Angels,5,-110,-105,-120,-110,-115,100,False,ESPN BET,1,-115,9,,,1.5,Final,9.5,-105
CLE,2024-07-26T22:40Z,401570023,PHI,2024,Cleveland Guardians,3,61.79187597,2024-07-26T11:09Z,Philadelphia Phillies,1,155,155,145,-185,-185,-175,False,ESPN BET,1,110,9,,,-1.5,Final,8.5,-130
MIN,2024-07-26T22:40Z,401570027,DET,2024,Minnesota Twins,9,42.0449143,2024-07-26T11:09Z,Detroit Tigers,3,-185,-185,-180,155,155,150,False,ESPN BET,1,-110,9,,,1.5,Final,7.5,-110
CIN,2024-07-26T22:50Z,401570022,TB,2024,Cincinnati Reds,3,46.676642820000005,2024-07-26T11:09Z,Tampa Bay Rays,2,-105,-110,-105,-115,-110,-115,False,ESPN BET,1,105,10,,,1.5,Final/10,7.5,-125
SD,2024-07-26T23:05Z,401570031,BAL,2024,San Diego Padres,6,67.00435339,2024-07-26T11:09Z,Baltimore Orioles,4,160,160,170,-190,-190,-205,False,ESPN BET,1,-135,9,,,-1.5,Final,8.5,115
TEX,2024-07-26T23:07Z,401570033,TOR,2024,Texas Rangers,5,50.80404463,2024-07-26T11:09Z,Toronto Blue Jays,6,100,100,-105,-120,-120,-115,False,ESPN BET,1,-120,9,,,1.5,Final,7.5,100
ATL,2024-07-26T23:10Z,401570020,NYM,2024,Atlanta Braves,4,60.302976230000006,2024-07-26T11:09Z,New York Mets,8,115,115,110,-135,-135,-130,False,ESPN BET,1,-115,9,,,-1.5,Final,7.5,-105
NYY,2024-07-26T23:10Z,401570028,BOS,2024,New York Yankees,7,45.33034444,2024-07-26T11:09Z,Boston Red Sox,9,-125,-125,-120,105,105,100,False,ESPN BET,1,-105,9,,,1.5,Final,9.5,-115
CHC,2024-07-27T00:10Z,401570021,KC,2024,Chicago Cubs,0,67.68448062,2024-07-26T11:09Z,Kansas City Royals,6,135,135,130,-160,-160,-155,False,ESPN BET,1,-125,9,,,-1.5,Final,8.5,105
LAD,2024-07-27T00:10Z,401570025,HOU,2024,Los Angeles Dodgers,0,58.62136231,2024-07-26T11:09Z,Houston Astros,5,120,120,-105,-145,-145,-115,False,ESPN BET,1,-130,9,,,-1.5,Final,7.5,110
MIA,2024-07-27T00:10Z,401570026,MIL,2024,Miami Marlins,6,72.13589887,2024-07-26T11:09Z,Milwaukee Brewers,2,195,195,180,-235,-235,-215,False,ESPN BET,1,100,9,,,-1.5,Final,7.5,-120
SEA,2024-07-27T00:10Z,401570032,CHW,2024,Seattle Mariners,10,38.458085419999996,2024-07-26T11:09Z,Chicago White Sox,0,-180,-180,-165,150,150,140,False,ESPN BET,1,110,9,,,1.5,Final,7.5,-130
WSH,2024-07-27T00:15Z,401570034,STL,2024,Washington Nationals,10,67.58515363000001,2024-07-26T11:09Z,St. Louis Cardinals,8,140,140,135,-170,-170,-160,False,ESPN BET,1,-105,10,,,-1.5,Final/10,7.5,-115
OAK,2024-07-27T01:38Z,401570029,LAA,2024,Oakland Athletics,5,55.22945524,2024-07-26T11:09Z,Los Angeles Angels,4,100,100,-130,-120,-120,110,False,ESPN BET,1,-105,9,,,1.5,Final,9.5,-115
PIT,2024-07-27T01:40Z,401570030,ARI,2024,Pittsburgh Pirates,3,64.96911678000001,2024-07-26T11:09Z,Arizona Diamondbacks,4,145,145,150,-175,-175,-180,False,ESPN BET,1,-105,9,,,-1.5,Final,8.5,-115
COL,2024-07-27T02:15Z,401570024,SF,2024,Colorado Rockies,4,69.03842501,2024-07-26T11:09Z,San Francisco Giants,11,140,140,145,-165,-165,-175,False,ESPN BET,1,-115,9,,,-1.5,Final,7.5,-105
TEX,2024-07-27T19:07Z,401570049,TOR,2024,Texas Rangers,3,54.37760643,2024-07-27T11:10Z,Toronto Blue Jays,7,105,105,115,-125,-125,-135,False,ESPN BET,1,-110,9,,,-1.5,Final,8.5,-115
SD,2024-07-27T20:05Z,401570047,BAL,2024,San Diego Padres,9,48.39833716,2024-07-27T11:10Z,Baltimore Orioles,4,-125,-120,-105,105,100,-115,False,ESPN BET,1,-105,9,,,1.5,Final,8.5,-115
ATL,2024-07-27T20:10Z,401570035,NYM,2024,Atlanta Braves,4,55.89426799,2024-07-27T11:10Z,New York Mets,0,105,105,-105,-125,-125,-115,False,ESPN BET,1,-120,9,,,1.5,Final,7.5,100
CIN,2024-07-27T20:10Z,401570037,TB,2024,Cincinnati Reds,0,44.89198914,2024-07-27T11:10Z,Tampa Bay Rays,4,105,105,-110,-125,-125,-110,False,ESPN BET,1,110,9,,,-1.5,Final,8.5,-130
CLE,2024-07-27T22:05Z,401570038,PHI,2024,Cleveland Guardians,0,62.164810960000004,2024-07-27T11:10Z,Philadelphia Phillies,8,135,135,145,-160,-160,-175,False,ESPN BET,1,100,9,,,-1.5,Final,9.5,-120
MIN,2024-07-27T22:10Z,401570043,DET,2024,Minnesota Twins,2,57.86902539,2024-07-27T11:10Z,Detroit Tigers,7,,,,,,,False,,,,9,,,,Final,,
COL,2024-07-27T23:05Z,401570039,SF,2024,Colorado Rockies,1,67.91453604,2024-07-27T11:10Z,San Francisco Giants,4,,,,,,,False,,,,9,,,,Final,,
CHC,2024-07-27T23:10Z,401570036,KC,2024,Chicago Cubs,9,63.732464,2024-07-27T11:10Z,Kansas City Royals,4,,,,,,,False,,,,9,,,,Final,,
LAD,2024-07-27T23:10Z,401570041,HOU,2024,Los Angeles Dodgers,6,59.017504779999996,2024-07-27T11:10Z,Houston Astros,7,130,130,115,-155,-155,-135,False,ESPN BET,1,-120,9,,,-1.5,Final,8.5,100
MIA,2024-07-27T23:10Z,401570042,MIL,2024,Miami Marlins,7,67.27560393,2024-07-27T11:10Z,Milwaukee Brewers,3,135,135,140,-160,-160,-165,False,ESPN BET,1,100,9,,,-1.5,Final,8.5,-120
NYY,2024-07-27T23:15Z,401570044,BOS,2024,New York Yankees,11,51.80501651,2024-07-27T11:10Z,Boston Red Sox,8,105,105,-110,-125,-125,-110,False,ESPN BET,1,-115,10,,,1.5,Final/10,9.5,-105
SEA,2024-07-27T23:15Z,401570048,CHW,2024,Seattle Mariners,6,43.77220534,2024-07-27T11:10Z,Chicago White Sox,3,-155,-155,-135,130,130,115,False,ESPN BET,1,-105,9,,,1.5,Final,7.5,-115
WSH,2024-07-27T23:15Z,401570050,STL,2024,Washington Nationals,14,58.82887463000001,2024-07-27T11:10Z,St. Louis Cardinals,3,125,125,110,-150,-150,-130,False,ESPN BET,1,-105,9,,,-1.5,Final,8.5,-115
PIT,2024-07-28T00:10Z,401570046,ARI,2024,Pittsburgh Pirates,5,63.70905009,2024-07-27T11:10Z,Arizona Diamondbacks,9,140,140,140,-175,-175,-165,False,ESPN BET,1,-105,9,,,-1.5,Final,8.5,-115
OAK,2024-07-28T01:38Z,401570045,LAA,2024,Oakland Athletics,3,60.29608656999999,2024-07-27T11:10Z,Los Angeles Angels,1,100,115,105,-120,-135,-125,False,ESPN BET,1,-120,9,,,1.5,Final,8.5,100
COL,2024-07-28T02:18Z,401570040,SF,2024,Colorado Rockies,0,67.11473481,2024-07-27T11:10Z,San Francisco Giants,5,170,170,160,-205,-205,-190,False,ESPN BET,1,-115,9,,,-1.5,Final,7.5,-105
CIN,2024-07-28T15:35Z,401570053,TB,2024,Cincinnati Reds,1,48.687302609999996,2024-07-28T11:10Z,Tampa Bay Rays,2,-120,-120,-130,100,100,110,False,ESPN BET,1,100,9,,,1.5,Final,7.5,-120
CLE,2024-07-28T17:35Z,401570054,PHI,2024,Cleveland Guardians,4,54.440757070000004,2024-07-28T11:10Z,Philadelphia Phillies,3,110,110,125,-130,-130,-150,False,ESPN BET,1,100,9,,,1.5,Final,9.5,-120
SD,2024-07-28T17:35Z,401570062,BAL,2024,San Diego Padres,6,57.75722748,2024-07-28T11:10Z,Baltimore Orioles,8,120,120,140,-145,-145,-165,False,ESPN BET,1,105,9,,,-1.5,Final,9.5,-125
TEX,2024-07-28T17:37Z,401570064,TOR,2024,Texas Rangers,3,53.69801332,2024-07-28T11:10Z,Toronto Blue Jays,7,-135,-135,-105,115,115,-115,False,ESPN BET,1,-105,9,,,1.5,Final,8.5,-115
ATL,2024-07-28T17:40Z,401570051,NYM,2024,Atlanta Braves,9,49.99446152,2024-07-28T11:10Z,New York Mets,2,,,,,,,False,,,,9,,,,Final,,
MIN,2024-07-28T17:40Z,401570058,DET,2024,Minnesota Twins,5,46.58624247,2024-07-28T11:10Z,Detroit Tigers,0,-150,-150,-180,125,125,150,False,ESPN BET,1,-110,9,,,1.5,Final,7.5,-110
CHC,2024-07-28T18:10Z,401570052,KC,2024,Chicago Cubs,7,60.59358975,2024-07-28T11:10Z,Kansas City Royals,3,145,145,145,-175,-175,-175,False,ESPN BET,1,105,9,,,-1.5,Final,9.5,-125
LAD,2024-07-28T18:10Z,401570056,HOU,2024,Los Angeles Dodgers,6,48.31755318,2024-07-28T11:10Z,Houston Astros,2,110,110,105,-130,-130,-125,False,ESPN BET,1,-105,9,,,-1.5,Final,8.5,-115
MIA,2024-07-28T18:10Z,401570057,MIL,2024,Miami Marlins,2,71.18673765,2024-07-28T11:10Z,Milwaukee Brewers,6,,,,,,,False,,,,9,,,,Final,,
SEA,2024-07-28T18:10Z,401570063,CHW,2024,Seattle Mariners,6,43.91463968,2024-07-28T11:10Z,Chicago White Sox,3,,,,,,,False,,,,9,,,,Final,,
WSH,2024-07-28T18:15Z,401570065,STL,2024,Washington Nationals,3,57.29948595,2024-07-28T11:10Z,St. Louis Cardinals,4,130,130,120,-155,-155,-145,False,ESPN BET,1,-120,9,,,-1.5,Final,8.5,100
COL,2024-07-28T20:05Z,401570055,SF,2024,Colorado Rockies,4,70.87619301,2024-07-28T11:10Z,San Francisco Giants,5,150,150,160,-180,-180,-190,False,ESPN BET,1,-110,9,,,-1.5,Final,7.5,-110
OAK,2024-07-28T20:07Z,401570060,LAA,2024,Oakland Athletics,6,59.4437608,2024-07-28T11:10Z,Los Angeles Angels,8,125,125,110,-150,-150,-130,False,ESPN BET,1,110,9,,,-1.5,Final,9.5,-130
PIT,2024-07-28T20:10Z,401570061,ARI,2024,Pittsburgh Pirates,6,53.834355970000004,2024-07-28T11:10Z,Arizona Diamondbacks,5,100,100,-125,-120,-120,105,False,ESPN BET,1,100,10,,,1.5,Final/10,8.5,-120
NYY,2024-07-28T23:00Z,401570059,BOS,2024,New York Yankees,8,59.447235840000005,2024-07-28T11:10Z,Boston Red Sox,2,-115,-115,-105,-105,-105,-115,False,ESPN BET,1,110,9,,,1.5,Final,9.5,-130
TOR,2024-07-29T19:05Z,401570075,BAL,2024,Toronto Blue Jays,5,66.16793138,2024-07-29T11:11Z,Baltimore Orioles,11,140,140,160,-165,-165,-190,False,ESPN BET,1,-120,9,,,-1.5,Final,8.5,100
CLE,2024-07-29T22:40Z,401570068,DET,2024,Cleveland Guardians,8,46.25893129,2024-07-29T11:11Z,Detroit Tigers,4,-160,-160,-115,135,135,-105,False,ESPN BET,1,100,9,,,1.5,Final,7.5,-120
NYY,2024-07-29T22:40Z,401570071,PHI,2024,New York Yankees,14,59.93769538,2024-07-29T11:11Z,Philadelphia Phillies,4,115,115,135,-135,-135,-160,False,ESPN BET,1,-125,9,,,-1.5,Final,8.5,105
TOR,2024-07-29T22:50Z,401671418,BAL,2024,Toronto Blue Jays,8,56.1856384,2024-07-29T11:11Z,Baltimore Orioles,4,125,125,145,-150,-150,-175,False,ESPN BET,1,-105,9,,,-1.5,Final,9.5,-115
CHC,2024-07-29T23:10Z,401570067,CIN,2024,Chicago Cubs,1,51.10165458,2024-07-29T11:11Z,Cincinnati Reds,7,-115,-115,-110,-105,-105,-110,False,ESPN BET,1,110,9,,,1.5,Final,9.5,-130
MIN,2024-07-29T23:10Z,401570070,NYM,2024,Minnesota Twins,2,57.79068856000001,2024-07-29T11:11Z,New York Mets,15,-110,-110,100,-110,-110,-120,False,ESPN BET,1,-110,9,,,1.5,Final,8.5,-110
SEA,2024-07-29T23:10Z,401570073,BOS,2024,Seattle Mariners,7,53.300495670000004,2024-07-29T11:12Z,Boston Red Sox,14,105,105,-110,-125,-125,-110,False,ESPN BET,1,-110,9,,,1.5,Final,8.5,-110
TEX,2024-07-29T23:45Z,401570074,STL,2024,Texas Rangers,6,48.90072836,2024-07-29T11:12Z,St. Louis Cardinals,3,-115,-115,-125,-105,-105,105,False,ESPN BET,1,-105,9,,,1.5,Final,8.5,-115
ATL,2024-07-30T00:10Z,401570066,MIL,2024,Atlanta Braves,3,59.88716313,2024-07-29T11:11Z,Milwaukee Brewers,8,100,-105,110,-120,-115,-130,False,ESPN BET,1,105,9,,,1.5,Final,8.5,-125
KC,2024-07-30T00:10Z,401570069,CHW,2024,Kansas City Royals,8,37.509607169999995,2024-07-29T11:11Z,Chicago White Sox,5,-180,-180,-175,150,150,145,False,ESPN BET,1,-105,9,,,1.5,Final,9.5,-115
PIT,2024-07-30T00:10Z,401570072,HOU,2024,Pittsburgh Pirates,5,52.66438369000001,2024-07-29T11:11Z,Houston Astros,3,-145,-145,-165,120,120,140,False,ESPN BET,1,-105,9,,,1.5,Final,7.5,-115
WSH,2024-07-30T01:40Z,401570076,ARI,2024,Washington Nationals,8,59.43792524,2024-07-29T11:12Z,Arizona Diamondbacks,9,135,135,140,-160,-160,-165,False,ESPN BET,1,-120,9,,,-1.5,Final,8.5,100
CLE,2024-07-30T17:10Z,401570079,DET,2024,Cleveland Guardians,5,48.66270775,2024-07-30T11:09Z,Detroit Tigers,0,-135,-135,-175,115,115,145,False,ESPN BET,1,-125,9,,,1.5,Final,7.5,105
TOR,2024-07-30T22:35Z,401570090,BAL,2024,Toronto Blue Jays,2,68.79691637,2024-07-30T11:09Z,Baltimore Orioles,6,175,180,165,-210,-215,-200,False,ESPN BET,1,-110,9,,,-1.5,Final,8.5,-110
NYY,2024-07-30T22:40Z,401570085,PHI,2024,New York Yankees,7,52.72743194,2024-07-30T11:09Z,Philadelphia Phillies,6,125,120,105,-150,-145,-125,False,ESPN BET,1,105,12,,,-1.5,Final/12,10.5,-125
MIA,2024-07-30T22:50Z,401570083,TB,2024,Miami Marlins,3,77.88991415999999,2024-07-30T11:09Z,Tampa Bay Rays,9,145,140,140,-175,-165,-165,False,ESPN BET,1,100,9,,,-1.5,Final,7.5,-120
CHC,2024-07-30T23:10Z,401570078,CIN,2024,Chicago Cubs,3,51.78051963,2024-07-30T11:09Z,Cincinnati Reds,6,-130,-130,-125,110,110,105,False,ESPN BET,1,100,9,,,1.5,Final,9.5,-120
MIN,2024-07-30T23:10Z,401570084,NYM,2024,Minnesota Twins,0,65.08357989,2024-07-30T11:09Z,New York Mets,2,-105,100,125,-115,-120,-150,False,ESPN BET,1,-110,9,,,1.5,Final,8.5,-110
SEA,2024-07-30T23:10Z,401570088,BOS,2024,Seattle Mariners,10,53.6821271,2024-07-30T11:09Z,Boston Red Sox,6,-115,-115,-130,-105,-105,110,False,ESPN BET,1,-110,9,,,1.5,Final,10.5,-110
TEX,2024-07-30T23:45Z,401570089,STL,2024,Texas Rangers,1,51.095535240000004,2024-07-30T11:09Z,St. Louis Cardinals,8,-125,-120,-125,105,100,105,False,ESPN BET,1,-110,9,,,1.5,Final,8.5,-110
ATL,2024-07-31T00:10Z,401570077,MIL,2024,Atlanta Braves,5,65.77851247999999,2024-07-30T11:09Z,Milwaukee Brewers,1,-110,-105,-145,-110,-115,120,False,ESPN BET,1,-105,9,,,1.5,Final,8.5,-115
KC,2024-07-31T00:10Z,401570081,CHW,2024,Kansas City Royals,4,35.990126579999995,2024-07-30T11:09Z,Chicago White Sox,3,-190,-180,-180,160,150,150,False,ESPN BET,1,-125,9,,,1.5,Final,8.5,105
PIT,2024-07-31T00:10Z,401570087,HOU,2024,Pittsburgh Pirates,6,59.28971925,2024-07-30T11:09Z,Houston Astros,2,180,165,115,-215,-200,-135,False,ESPN BET,1,-115,9,,,-1.5,Final,8.5,-105
COL,2024-07-31T01:38Z,401570080,LAA,2024,Colorado Rockies,7,57.18119011,2024-07-30T11:09Z,Los Angeles Angels,10,115,115,115,-135,-135,-135,False,ESPN BET,1,-125,9,,,-1.5,Final,8.5,105
LAD,2024-07-31T01:40Z,401570082,SD,2024,Los Angeles Dodgers,5,43.61356421,2024-07-30T11:09Z,San Diego Padres,6,-145,-135,-160,120,115,135,False,ESPN BET,1,105,10,,,1.5,Final/10,7.5,-125
WSH,2024-07-31T01:40Z,401570091,ARI,2024,Washington Nationals,0,63.333473090000005,2024-07-30T11:09Z,Arizona Diamondbacks,17,140,140,150,-165,-165,-180,False,ESPN BET,1,105,9,,,-1.5,Final,9.5,-125
OAK,2024-07-31T01:45Z,401570086,SF,2024,Oakland Athletics,5,52.94154907000001,2024-07-30T11:09Z,San Francisco Giants,2,155,160,155,-185,-190,-185,False,ESPN BET,1,-120,9,,,-1.5,Final,7.5,100
MIA,2024-07-31T16:10Z,401570097,TB,2024,Miami Marlins,6,69.67944236,2024-07-31T11:10Z,Tampa Bay Rays,2,215,195,195,-265,-235,-235,False,ESPN BET,1,-110,9,,,-1.5,Final,7.5,-110
NYY,2024-07-31T16:35Z,401570099,PHI,2024,New York Yankees,6,57.150032669999995,2024-07-31T11:10Z,Philadelphia Phillies,5,100,100,110,-120,-120,-130,False,ESPN BET,1,100,9,,,1.5,Final,9.5,-120
TOR,2024-07-31T16:35Z,401570104,BAL,2024,Toronto Blue Jays,4,86.01291426,2024-07-31T11:10Z,Baltimore Orioles,10,205,205,205,-250,-250,-250,False,ESPN BET,1,100,9,,,-1.5,Final,9.5,-120
MIN,2024-07-31T17:10Z,401570098,NYM,2024,Minnesota Twins,8,53.622115029999996,2024-07-31T11:10Z,New York Mets,3,-120,-120,-115,100,100,-105,False,ESPN BET,1,-105,9,,,1.5,Final,8.5,-115
ATL,2024-07-31T18:10Z,401570092,MIL,2024,Atlanta Braves,6,53.95447738,2024-07-31T11:10Z,Milwaukee Brewers,2,-120,-120,-130,100,100,110,False,ESPN BET,1,110,9,,,1.5,Final,7.5,-130
KC,2024-07-31T18:10Z,401570095,CHW,2024,Kansas City Royals,10,33.93748834,2024-07-31T11:10Z,Chicago White Sox,3,-240,-240,-190,200,200,160,False,ESPN BET,1,-120,9,,,2.5,Final,8.5,100
TEX,2024-07-31T18:15Z,401570103,STL,2024,Texas Rangers,1,52.38641829,2024-07-31T11:10Z,St. Louis Cardinals,10,-115,-115,-110,-105,-105,-110,False,ESPN BET,1,-105,9,,,1.5,Final,9.5,-115
WSH,2024-07-31T19:40Z,401570105,ARI,2024,Washington Nationals,4,68.82086095,2024-07-31T11:10Z,Arizona Diamondbacks,5,150,150,150,-180,-180,-180,False,ESPN BET,1,-130,9,,,-1.5,Final,7.5,110
SEA,2024-07-31T20:10Z,401570102,BOS,2024,Seattle Mariners,2,48.36233868,2024-07-31T11:10Z,Boston Red Sox,3,-115,-115,-125,-105,-105,105,False,ESPN BET,1,-110,10,,,1.5,Final/10,9.5,-110
CHC,2024-07-31T23:10Z,401570093,CIN,2024,Chicago Cubs,13,67.50554141,2024-07-31T11:10Z,Cincinnati Reds,4,125,125,135,-150,-150,-160,False,ESPN BET,1,105,9,,,-1.5,Final,9.5,-125
PIT,2024-08-01T00:10Z,401570101,HOU,2024,Pittsburgh Pirates,4,77.6240884,2024-07-31T11:10Z,Houston Astros,5,200,200,170,-240,-240,-205,False,ESPN BET,1,100,9,,,-1.5,Final,8.5,-120
LAD,2024-08-01T00:40Z,401570096,SD,2024,Los Angeles Dodgers,1,53.05026608,2024-07-31T11:10Z,San Diego Padres,8,110,110,100,-130,-130,-120,False,ESPN BET,1,115,9,,,-1.5,Final,7.5,-135
COL,2024-08-01T01:38Z,401570094,LAA,2024,Colorado Rockies,2,64.97017584,2024-07-31T11:10Z,Los Angeles Angels,1,115,115,115,-135,-135,-135,False,ESPN BET,1,-120,9,,,-1.5,Final,8.5,100
OAK,2024-08-01T01:45Z,401570100,SF,2024,Oakland Athletics,0,70.94912038,2024-07-31T11:10Z,San Francisco Giants,1,165,165,170,-200,-200,-205,False,ESPN BET,1,-120,9,,,-1.5,Final,7.5,100
BAL,2024-08-01T22:40Z,401570106,CLE,2024,Baltimore Orioles,3,51.57948261000001,2024-08-01T11:10Z,Cleveland Guardians,10,-110,-110,-110,-110,-110,-110,False,ESPN BET,1,115,9,,,1.5,Final,9.5,-135
KC,2024-08-01T22:40Z,401570108,DET,2024,Kansas City Royals,7,36.71806049,2024-08-01T11:10Z,Detroit Tigers,1,-160,-160,-175,135,135,145,False,ESPN BET,1,-105,9,,,1.5,Final,8.5,-115
MIA,2024-08-01T23:20Z,401570109,ATL,2024,Miami Marlins,2,67.68044128,2024-08-01T11:10Z,Atlanta Braves,4,165,165,160,-200,-200,-190,False,ESPN BET,1,-110,9,,,-1.5,Final,8.5,-110
STL,2024-08-02T00:05Z,401570110,CHC,2024,St. Louis Cardinals,4,52.31089121,2024-08-01T11:10Z,Chicago Cubs,5,100,100,-110,-120,-120,-110,False,ESPN BET,1,-120,9,,,1.5,Final,7.5,100
COL,2024-08-02T01:38Z,401570107,LAA,2024,Colorado Rockies,5,63.50674773,2024-08-01T11:10Z,Los Angeles Angels,4,100,100,100,-120,-120,-120,False,ESPN BET,1,-120,10,,,1.5,Final/10,8.5,100
STL,2024-08-02T18:20Z,401570123,CHC,2024,St. Louis Cardinals,3,54.65756613,2024-08-02T11:10Z,Chicago Cubs,6,-115,-115,-115,-105,-105,-105,False,ESPN BET,1,105,9,,,1.5,Final,8.5,-125
ARI,2024-08-02T22:40Z,401570111,PIT,2024,Arizona Diamondbacks,9,47.5809152,2024-08-02T11:10Z,Pittsburgh Pirates,8,-130,-130,-130,110,110,110,False,ESPN BET,1,-120,9,,,1.5,Final,8.5,100
KC,2024-08-02T22:40Z,401570116,DET,2024,Kansas City Royals,9,57.966000689999994,2024-08-02T11:10Z,Detroit Tigers,2,100,100,105,-120,-120,-125,False,ESPN BET,1,-140,9,,,1.5,Final,6.5,120
MIL,2024-08-02T22:45Z,401570119,WSH,2024,Milwaukee Brewers,8,47.77237829,2024-08-02T11:10Z,Washington Nationals,3,-115,-115,-120,-105,-105,100,False,ESPN BET,1,-120,9,,,1.5,Final,8.5,100
TOR,2024-08-02T23:05Z,401570125,NYY,2024,Toronto Blue Jays,8,66.57585123999999,2024-08-02T11:10Z,New York Yankees,5,145,145,140,-170,-170,-165,False,ESPN BET,1,105,9,,,-1.5,Final,9.5,-125
BAL,2024-08-02T23:10Z,401570112,CLE,2024,Baltimore Orioles,4,46.52539302,2024-08-02T11:10Z,Cleveland Guardians,8,-115,-115,-130,-105,-105,110,False,ESPN BET,1,115,9,,,1.5,Final,9.5,-135
SF,2024-08-02T23:10Z,401570122,CIN,2024,San Francisco Giants,3,58.98837344,2024-08-02T11:10Z,Cincinnati Reds,0,-135,-135,-105,115,115,-115,False,ESPN BET,1,-110,9,,,1.5,Final,8.5,-110
MIA,2024-08-02T23:20Z,401570118,ATL,2024,Miami Marlins,3,68.61619297,2024-08-02T11:10Z,Atlanta Braves,5,185,185,225,-225,-225,-275,False,ESPN BET,1,-115,9,,,-1.5,Final,8.5,-105
BOS,2024-08-03T00:05Z,401570113,TEX,2024,Boston Red Sox,11,42.94060854,2024-08-02T11:10Z,Texas Rangers,6,-105,-105,-125,-115,-115,105,False,ESPN BET,1,105,9,,,1.5,Final,9.5,-125
CHW,2024-08-03T00:10Z,401570114,MIN,2024,Chicago White Sox,2,76.83170325,2024-08-02T11:10Z,Minnesota Twins,10,255,255,235,-325,-325,-290,False,ESPN BET,1,-105,9,,,-2.5,Final,8.5,-115
TB,2024-08-03T00:10Z,401570124,HOU,2024,Tampa Bay Rays,2,63.684298520000006,2024-08-02T11:10Z,Houston Astros,3,135,135,135,-160,-160,-160,False,ESPN BET,1,-110,9,,,-1.5,Final,7.5,-110
NYM,2024-08-03T01:38Z,401570120,LAA,2024,New York Mets,5,50.63006678000001,2024-08-02T11:10Z,Los Angeles Angels,1,-125,-125,-135,105,105,115,False,ESPN BET,1,-110,9,,,1.5,Final,9.5,-110
COL,2024-08-03T01:40Z,401570115,SD,2024,Colorado Rockies,5,68.30319012,2024-08-02T11:10Z,San Diego Padres,2,150,155,150,-180,-185,-180,False,ESPN BET,1,100,9,,,-1.5,Final,8.5,-120
LAD,2024-08-03T01:40Z,401570117,OAK,2024,Los Angeles Dodgers,5,41.06976487,2024-08-02T11:10Z,Oakland Athletics,6,-155,-155,-165,130,130,140,False,ESPN BET,1,-120,9,,,1.5,Final,8.5,100
PHI,2024-08-03T01:40Z,401570121,SEA,2024,Philadelphia Phillies,2,52.450900850000004,2024-08-02T11:10Z,Seattle Mariners,10,100,-105,105,-120,-115,-125,False,ESPN BET,1,105,9,,,1.5,Final,8.5,-125
TOR,2024-08-03T17:05Z,401570140,NYY,2024,Toronto Blue Jays,3,59.834931059999995,2024-08-03T11:10Z,New York Yankees,8,195,195,155,-235,-235,-185,False,ESPN BET,1,-120,9,,,-1.5,Final,9.5,100
STL,2024-08-03T18:20Z,401570138,CHC,2024,St. Louis Cardinals,5,56.134933669999995,2024-08-03T11:10Z,Chicago Cubs,4,-105,-105,100,-115,-115,-120,False,ESPN BET,1,-120,9,,,1.5,Final,8.5,100
MIL,2024-08-03T20:05Z,401570134,WSH,2024,Milwaukee Brewers,4,43.481246289999994,2024-08-03T11:10Z,Washington Nationals,6,-120,-120,-135,100,100,115,False,ESPN BET,1,100,9,,,1.5,Final,9.5,-120
KC,2024-08-03T22:10Z,401570131,DET,2024,Kansas City Royals,5,51.41330057,2024-08-03T11:10Z,Detroit Tigers,6,-120,-120,-145,100,100,120,False,ESPN BET,1,105,11,,,1.5,Final/11,9.5,-125
ARI,2024-08-03T22:40Z,401570126,PIT,2024,Arizona Diamondbacks,2,57.75588222,2024-08-03T11:10Z,Pittsburgh Pirates,4,100,100,-105,-120,-120,-115,False,ESPN BET,1,-115,9,,,1.5,Final,8.5,-105
BOS,2024-08-03T23:05Z,401570128,TEX,2024,Boston Red Sox,4,45.30980499,2024-08-03T11:10Z,Texas Rangers,7,-105,-105,-120,-115,-115,100,False,ESPN BET,1,-115,9,,,1.5,Final,8.5,-105
CHW,2024-08-03T23:10Z,401570129,MIN,2024,Chicago White Sox,2,72.53049503,2024-08-03T11:10Z,Minnesota Twins,6,215,215,145,-260,-260,-175,False,ESPN BET,1,-125,9,,,-1.5,Final,7.5,105
BAL,2024-08-03T23:15Z,401570127,CLE,2024,Baltimore Orioles,7,48.478441589999996,2024-08-03T11:10Z,Cleveland Guardians,4,-120,-115,-125,100,-105,105,False,ESPN BET,1,-110,9,,,1.5,Final,8.5,-110
SF,2024-08-03T23:15Z,401570137,CIN,2024,San Francisco Giants,4,60.970055599999995,2024-08-03T11:10Z,Cincinnati Reds,6,115,115,115,-135,-135,-135,False,ESPN BET,1,-120,9,,,-1.5,Final,8.5,100
TB,2024-08-03T23:15Z,401570139,HOU,2024,Tampa Bay Rays,6,65.60285479,2024-08-03T11:10Z,Houston Astros,1,130,130,140,-155,-155,-165,False,ESPN BET,1,100,9,,,-1.5,Final,8.5,-120
MIA,2024-08-03T23:20Z,401570133,ATL,2024,Miami Marlins,4,68.40859544,2024-08-03T11:10Z,Atlanta Braves,3,200,200,210,-245,-245,-255,False,ESPN BET,1,115,9,,,-1.5,Final,9.5,-135
COL,2024-08-04T00:40Z,401570130,SD,2024,Colorado Rockies,2,64.94403614000001,2024-08-03T11:10Z,San Diego Padres,3,175,175,185,-210,-210,-225,False,ESPN BET,1,-115,9,,,-1.5,Final,8.5,-105
LAD,2024-08-04T01:07Z,401570132,OAK,2024,Los Angeles Dodgers,10,38.74901843,2024-08-03T11:10Z,Oakland Athletics,0,-165,-180,-180,140,150,150,False,ESPN BET,1,-120,9,,,1.5,Final,7.5,100
NYM,2024-08-04T01:38Z,401570135,LAA,2024,New York Mets,4,49.51805935,2024-08-03T11:10Z,Los Angeles Angels,5,-120,-120,-130,100,100,110,False,ESPN BET,1,-105,9,,,1.5,Final,9.5,-115
PHI,2024-08-04T01:40Z,401570136,SEA,2024,Philadelphia Phillies,5,45.91926284,2024-08-03T11:10Z,Seattle Mariners,6,100,100,105,-120,-120,-125,False,ESPN BET,1,-105,10,,,1.5,Final/10,8.5,-115
SF,2024-08-04T16:05Z,401570152,CIN,2024,San Francisco Giants,8,63.304126100000005,2024-08-04T11:10Z,Cincinnati Reds,2,-105,-105,-130,-115,-115,110,False,ESPN BET,1,-130,9,,,1.5,Final,8.5,110
ARI,2024-08-04T17:35Z,401570141,PIT,2024,Arizona Diamondbacks,6,57.8642308,2024-08-04T11:10Z,Pittsburgh Pirates,5,140,140,140,-165,-165,-165,False,ESPN BET,1,-115,9,,,-1.5,Final,7.5,-105
MIA,2024-08-04T17:35Z,401570148,ATL,2024,Miami Marlins,7,76.58883897999999,2024-08-04T11:10Z,Atlanta Braves,0,205,205,235,-255,-255,-290,False,ESPN BET,1,100,9,,,-1.5,Final,8.5,-120
MIL,2024-08-04T17:35Z,401570149,WSH,2024,Milwaukee Brewers,3,42.159350350000004,2024-08-04T11:10Z,Washington Nationals,4,-125,-125,-135,105,105,115,False,ESPN BET,1,-130,9,,,1.5,Final,8.5,110
TOR,2024-08-04T17:35Z,401570155,NYY,2024,Toronto Blue Jays,3,70.34194543,2024-08-04T11:10Z,New York Yankees,4,235,235,185,-290,-290,-225,False,ESPN BET,1,-110,10,,,-1.5,Final/10,9.5,-110
BAL,2024-08-04T17:40Z,401570142,CLE,2024,Baltimore Orioles,9,48.62711778,2024-08-04T11:10Z,Cleveland Guardians,5,-130,-130,-150,110,110,125,False,ESPN BET,1,-120,9,,,1.5,Final,7.5,100
KC,2024-08-04T17:40Z,401570146,DET,2024,Kansas City Royals,3,48.450580710000004,2024-08-04T11:10Z,Detroit Tigers,2,-135,-135,-155,115,115,130,False,ESPN BET,1,-110,9,,,1.5,Final,8.5,-110
CHW,2024-08-04T18:10Z,401570144,MIN,2024,Chicago White Sox,7,76.14557244,2024-08-04T11:10Z,Minnesota Twins,13,240,240,225,-300,-300,-275,False,ESPN BET,1,-115,9,,,-2.5,Final,8.5,-105
TB,2024-08-04T18:10Z,401570154,HOU,2024,Tampa Bay Rays,1,58.58851727,2024-08-04T11:10Z,Houston Astros,0,135,135,140,-160,-160,-165,False,ESPN BET,1,-105,9,,,-1.5,Final,8.5,-115
BOS,2024-08-04T18:35Z,401570143,TEX,2024,Boston Red Sox,7,53.83983844,2024-08-04T11:10Z,Texas Rangers,2,105,105,100,-125,-125,-120,False,ESPN BET,1,-130,9,,,-1.5,Final,7.5,110
LAD,2024-08-04T20:07Z,401570147,OAK,2024,Los Angeles Dodgers,3,41.6873438,2024-08-04T11:10Z,Oakland Athletics,2,-155,-155,-165,130,130,140,False,ESPN BET,1,-115,9,,,1.5,Final,8.5,-105
NYM,2024-08-04T20:07Z,401570150,LAA,2024,New York Mets,2,41.30987194,2024-08-04T11:10Z,Los Angeles Angels,3,-155,-155,-160,130,130,135,False,ESPN BET,1,-115,9,,,1.5,Final,9.5,-105
COL,2024-08-04T20:10Z,401570145,SD,2024,Colorado Rockies,2,67.45281466,2024-08-04T11:10Z,San Diego Padres,10,175,175,130,-215,-215,-155,False,ESPN BET,1,-130,9,,,-1.5,Final,7.5,110
PHI,2024-08-04T20:10Z,401570151,SEA,2024,Philadelphia Phillies,6,46.085578649999995,2024-08-04T11:10Z,Seattle Mariners,0,-125,-125,-125,105,105,105,False,ESPN BET,1,-140,9,,,1.5,Final,6.5,120
STL,2024-08-04T23:00Z,401570153,CHC,2024,St. Louis Cardinals,2,64.98305737,2024-08-04T11:10Z,Chicago Cubs,6,120,120,135,-145,-145,-160,False,ESPN BET,1,-130,9,,,-1.5,Final,8.5,110
NYM,2024-08-05T21:15Z,401658693,STL,2024,New York Mets,6,44.5512708,2024-08-05T11:09Z,St. Louis Cardinals,0,-110,-110,-115,-110,-110,-105,False,ESPN BET,1,-135,9,,,1.5,Final,8.5,115
ARI,2024-08-05T22:40Z,401570156,CLE,2024,Arizona Diamondbacks,7,46.71804854,2024-08-05T11:09Z,Cleveland Guardians,6,-120,-120,-125,100,100,105,False,ESPN BET,1,100,10,,,1.5,Final/10,8.5,-120
CIN,2024-08-05T22:40Z,401570159,MIA,2024,Cincinnati Reds,10,39.46354598,2024-08-05T11:09Z,Miami Marlins,3,-145,-145,-135,120,120,115,False,ESPN BET,1,-105,9,,,1.5,Final,8.5,-115
SF,2024-08-05T22:45Z,401570163,WSH,2024,San Francisco Giants,4,36.12731044,2024-08-05T11:09Z,Washington Nationals,1,-170,-170,-185,140,140,155,False,ESPN BET,1,-135,9,,,1.5,Final,8.5,115
HOU,2024-08-06T00:05Z,401570160,TEX,2024,Houston Astros,3,49.21644404,2024-08-05T11:09Z,Texas Rangers,4,-110,-110,-135,-110,-110,115,False,ESPN BET,1,-110,10,,,1.5,Final/10,8.5,-110
MIN,2024-08-06T00:05Z,401570161,CHC,2024,Minnesota Twins,3,46.47375193,2024-08-05T11:09Z,Chicago Cubs,0,-120,-120,-120,100,100,100,False,ESPN BET,1,-115,9,,,1.5,Final,7.5,-105
BOS,2024-08-06T00:10Z,401570157,KC,2024,Boston Red Sox,9,58.576131180000004,2024-08-05T11:09Z,Kansas City Royals,5,110,110,125,-130,-130,-150,False,ESPN BET,1,-125,9,,,-1.5,Final,9.5,105
CHW,2024-08-06T01:40Z,401570158,OAK,2024,Chicago White Sox,1,66.14454677,2024-08-05T11:09Z,Oakland Athletics,5,170,170,140,-210,-210,-165,False,ESPN BET,1,-110,9,,,-1.5,Final,8.5,-110
PHI,2024-08-06T02:10Z,401570162,LAD,2024,Philadelphia Phillies,3,60.83875081,2024-08-05T11:09Z,Los Angeles Dodgers,5,120,120,115,-145,-145,-135,False,ESPN BET,1,-120,9,,,-1.5,Final,7.5,100
CIN,2024-08-06T22:40Z,401570169,MIA,2024,Cincinnati Reds,8,46.4076648,2024-08-06T11:11Z,Miami Marlins,2,-130,-130,-160,110,110,135,False,ESPN BET,1,-125,9,,,1.5,Final,7.5,105
SD,2024-08-06T22:40Z,401570176,PIT,2024,San Diego Padres,6,42.06188609,2024-08-06T11:11Z,Pittsburgh Pirates,0,-160,-160,-165,135,135,140,False,ESPN BET,1,-110,9,,,1.5,Final,7.5,-110
SF,2024-08-06T22:45Z,401570177,WSH,2024,San Francisco Giants,5,49.211614999999995,2024-08-06T11:11Z,Washington Nationals,11,-120,-120,-125,100,100,105,False,ESPN BET,1,-120,9,,,1.5,Final,8.5,100
BAL,2024-08-06T23:07Z,401570166,TOR,2024,Baltimore Orioles,2,46.1801013,2024-08-06T11:11Z,Toronto Blue Jays,5,-150,-150,-155,125,125,130,False,ESPN BET,1,-135,9,,,1.5,Final,8.5,115
MIL,2024-08-06T23:20Z,401570172,ATL,2024,Milwaukee Brewers,10,45.60488443,2024-08-06T11:11Z,Atlanta Braves,0,110,110,125,-130,-130,-150,False,ESPN BET,1,-125,9,,,-1.5,Final,8.5,105
TB,2024-08-06T23:45Z,401570178,STL,2024,Tampa Bay Rays,3,52.36377624000001,2024-08-06T11:11Z,St. Louis Cardinals,4,125,125,130,-150,-150,-155,False,ESPN BET,1,100,9,,,-1.5,Final,7.5,-120
HOU,2024-08-07T00:05Z,401570171,TEX,2024,Houston Astros,4,47.97374621,2024-08-06T11:11Z,Texas Rangers,2,-125,-125,-145,105,105,120,False,ESPN BET,1,-110,9,,,1.5,Final,8.5,-110
MIN,2024-08-07T00:05Z,401570173,CHC,2024,Minnesota Twins,3,50.96362285,2024-08-06T11:11Z,Chicago Cubs,7,-110,-110,-105,-110,-110,-115,False,ESPN BET,1,115,9,,,1.5,Final,6.5,-135
BOS,2024-08-07T00:10Z,401570167,KC,2024,Boston Red Sox,6,64.42701993,2024-08-06T11:11Z,Kansas City Royals,5,105,105,125,-125,-125,-150,False,ESPN BET,1,-115,9,,,-1.5,Final,8.5,-105
NYM,2024-08-07T00:40Z,401570174,COL,2024,New York Mets,3,38.953699670000006,2024-08-06T11:11Z,Colorado Rockies,6,-155,-155,-165,130,130,140,False,ESPN BET,1,100,9,,,1.5,Final,11.5,-120
CHW,2024-08-07T01:40Z,401570168,OAK,2024,Chicago White Sox,5,59.580361550000006,2024-08-06T11:11Z,Oakland Athletics,1,160,160,140,-190,-190,-165,False,ESPN BET,1,-105,9,,,-1.5,Final,8.5,-115
DET,2024-08-07T01:40Z,401570170,SEA,2024,Detroit Tigers,4,69.20271914,2024-08-06T11:11Z,Seattle Mariners,2,170,170,165,-205,-205,-200,False,ESPN BET,1,105,9,,,-1.5,Final,7.5,-125
PHI,2024-08-07T02:10Z,401570175,LAD,2024,Philadelphia Phillies,6,54.79837837,2024-08-06T11:11Z,Los Angeles Dodgers,2,-105,-105,100,-115,-115,-120,False,ESPN BET,1,-115,9,,,1.5,Final,8.5,-105
ARI,2024-08-07T17:10Z,401570180,CLE,2024,Arizona Diamondbacks,7,56.20685337,2024-08-07T11:11Z,Cleveland Guardians,3,-105,-105,-135,-110,-105,-110,False,ESPN BET,1,110,9,,,1.5,Final,8.5,-130
MIN,2024-08-07T18:20Z,401570188,CHC,2024,Minnesota Twins,2,49.82736793,2024-08-07T11:10Z,Chicago Cubs,8,-145,-145,-135,120,120,115,False,ESPN BET,1,105,9,,,1.5,Final,7.5,-125
HOU,2024-08-07T18:35Z,401570186,TEX,2024,Houston Astros,6,45.46031678,2024-08-07T11:10Z,Texas Rangers,4,-130,-130,-125,110,110,105,False,ESPN BET,1,-130,9,,,1.5,Final,8.5,110
CHW,2024-08-07T19:37Z,401570183,OAK,2024,Chicago White Sox,2,62.78256507,2024-08-07T11:10Z,Oakland Athletics,3,150,150,195,-180,-180,-235,False,ESPN BET,1,-115,9,,,-1.5,Final,8.5,-105
LAA,2024-08-07T20:05Z,401702507,NYY,2024,Los Angeles Angels,2,70.83087359,2024-08-07T11:11Z,New York Yankees,5,250,250,215,-315,-315,-265,False,ESPN BET,1,-105,9,,,-2.5,Final,8.5,-115
ARI,2024-08-07T20:30Z,401702536,CLE,2024,Arizona Diamondbacks,5,43.76292292,2024-08-07T11:11Z,Cleveland Guardians,3,-110,,-120,-110,,100,False,ESPN BET,1,-125,9,,,1.5,Final,7.5,105
CIN,2024-08-07T22:40Z,401570184,MIA,2024,Cincinnati Reds,4,39.897293090000005,2024-08-07T11:10Z,Miami Marlins,6,-125,-125,-160,105,105,135,False,ESPN BET,1,-110,9,,,1.5,Final,8.5,-110
SD,2024-08-07T22:40Z,401570191,PIT,2024,San Diego Padres,9,37.73884669,2024-08-07T11:10Z,Pittsburgh Pirates,8,-165,-165,-150,140,140,125,False,ESPN BET,1,-115,10,,,1.5,Final/10,7.5,-105
SF,2024-08-07T22:45Z,401570192,WSH,2024,San Francisco Giants,7,48.052791750000004,2024-08-07T11:10Z,Washington Nationals,4,-165,-165,-165,140,140,140,False,ESPN BET,1,-120,9,,,1.5,Final,7.5,100
BAL,2024-08-07T23:07Z,401570181,TOR,2024,Baltimore Orioles,7,48.61148107,2024-08-07T11:10Z,Toronto Blue Jays,3,-135,-135,-160,115,115,135,False,ESPN BET,1,-105,9,,,1.5,Final,9.5,-115
MIL,2024-08-07T23:20Z,401570187,ATL,2024,Milwaukee Brewers,8,56.42394077,2024-08-07T11:10Z,Atlanta Braves,5,140,140,140,-165,-165,-165,False,ESPN BET,1,105,9,,,-1.5,Final,8.5,-125
LAA,2024-08-07T23:35Z,401570179,NYY,2024,Los Angeles Angels,8,62.095924589999996,2024-08-07T11:11Z,New York Yankees,2,205,205,200,-250,-250,-240,False,ESPN BET,1,-125,9,,,-1.5,Final,8.5,105
TB,2024-08-07T23:45Z,401570193,STL,2024,Tampa Bay Rays,2,58.097064939999996,2024-08-07T11:10Z,St. Louis Cardinals,5,100,100,100,-120,-120,-120,False,ESPN BET,1,-110,9,,,1.5,Final,7.5,-110
BOS,2024-08-08T00:10Z,401570182,KC,2024,Boston Red Sox,4,55.57649405,2024-08-07T11:10Z,Kansas City Royals,8,115,115,130,-140,-140,-155,False,ESPN BET,1,-120,9,,,-1.5,Final,8.5,100
NYM,2024-08-08T00:40Z,401570189,COL,2024,New York Mets,5,39.802400049999996,2024-08-07T11:10Z,Colorado Rockies,3,-160,-160,-165,135,135,140,False,ESPN BET,1,110,9,,,1.5,Final,11.5,-135
DET,2024-08-08T01:40Z,401570185,SEA,2024,Detroit Tigers,6,52.53587128,2024-08-07T11:10Z,Seattle Mariners,2,115,115,120,-135,-135,-145,False,ESPN BET,1,105,9,,,-1.5,Final,6.5,-125
PHI,2024-08-08T02:10Z,401570190,LAD,2024,Philadelphia Phillies,9,56.38911131,2024-08-07T11:10Z,Los Angeles Dodgers,4,120,120,125,-140,-140,-150,False,ESPN BET,1,-130,9,,,-1.5,Final,8.5,110
SF,2024-08-08T16:05Z,401570202,WSH,2024,San Francisco Giants,9,49.46619631,2024-08-08T11:10Z,Washington Nationals,5,-120,-120,-120,100,100,100,False,ESPN BET,1,-120,10,,,1.5,Final/10,8.5,100
MIL,2024-08-08T16:20Z,401570198,ATL,2024,Milwaukee Brewers,16,53.8672449,2024-08-08T11:10Z,Atlanta Braves,7,105,105,135,-125,-125,-160,False,ESPN BET,1,-135,9,,,-1.5,Final,8.5,115
SD,2024-08-08T16:35Z,401570201,PIT,2024,San Diego Padres,7,49.14335966,2024-08-08T11:10Z,Pittsburgh Pirates,6,-110,-110,100,-110,-110,-120,False,ESPN BET,1,-130,9,,,1.5,Final,8.5,110
NYM,2024-08-08T19:10Z,401570199,COL,2024,New York Mets,9,37.91340876,2024-08-08T11:10Z,Colorado Rockies,1,-155,-155,-160,130,130,135,False,ESPN BET,1,-105,9,,,1.5,Final,10.5,-115
CIN,2024-08-08T22:10Z,401570196,MIA,2024,Cincinnati Reds,10,35.54609874,2024-08-08T11:10Z,Miami Marlins,4,-185,-185,-180,155,155,150,False,ESPN BET,1,-110,10,,,1.5,Final/10,7.5,-110
LAA,2024-08-08T23:05Z,401570194,NYY,2024,Los Angeles Angels,9,64.19069469,2024-08-08T11:10Z,New York Yankees,4,200,200,220,-250,-250,-270,False,ESPN BET,1,105,9,,,-1.5,Final,8.5,-125
BAL,2024-08-08T23:07Z,401570195,TOR,2024,Baltimore Orioles,6,50.5452259,2024-08-08T11:10Z,Toronto Blue Jays,7,-110,-110,-125,-110,-110,105,False,ESPN BET,1,115,9,,,1.5,Final,9.5,-135
TB,2024-08-08T23:15Z,401570203,STL,2024,Tampa Bay Rays,6,61.11591494,2024-08-08T11:10Z,St. Louis Cardinals,4,105,105,105,-125,-125,-125,False,ESPN BET,1,-115,9,,,-1.5,Final,8.5,-105
DET,2024-08-09T01:40Z,401570197,SEA,2024,Detroit Tigers,3,61.58610085,2024-08-08T11:10Z,Seattle Mariners,4,170,170,170,-205,-205,-205,False,ESPN BET,1,105,9,,,-1.5,Final,7.5,-125
PHI,2024-08-09T01:40Z,401570200,ARI,2024,Philadelphia Phillies,6,54.28468801,2024-08-08T11:10Z,Arizona Diamondbacks,4,105,105,-115,-125,-125,-105,False,ESPN BET,1,100,9,,,-1.5,Final,10.5,-120
CLE,2024-08-09T18:10Z,401653872,MIN,2024,Cleveland Guardians,2,59.17498989,2024-08-09T11:10Z,Minnesota Twins,4,145,145,120,-175,-175,-145,False,ESPN BET,1,-105,9,,,-1.5,Final,8.5,-115
LAA,2024-08-09T22:45Z,401570204,WSH,2024,Los Angeles Angels,2,49.63141242,2024-08-09T11:10Z,Washington Nationals,3,-120,-120,105,100,100,-125,False,ESPN BET,1,-125,10,,,1.5,Final/10,8.5,105
BAL,2024-08-09T22:50Z,401570206,TB,2024,Baltimore Orioles,4,43.69094294,2024-08-09T11:10Z,Tampa Bay Rays,1,-135,-135,-135,115,115,115,False,ESPN BET,1,-125,9,,,1.5,Final,7.5,105
OAK,2024-08-09T23:07Z,401570213,TOR,2024,Oakland Athletics,1,59.31154714,2024-08-09T11:10Z,Toronto Blue Jays,3,130,130,110,-155,-155,-130,False,ESPN BET,1,105,9,,,-1.5,Final,9.5,-125
HOU,2024-08-09T23:10Z,401570211,BOS,2024,Houston Astros,8,56.469157319999994,2024-08-09T11:10Z,Boston Red Sox,4,115,115,-105,-135,-135,-115,False,ESPN BET,1,-115,9,,,-1.5,Final,9.5,-105
SD,2024-08-09T23:10Z,401570216,MIA,2024,San Diego Padres,6,45.30235234,2024-08-09T11:10Z,Miami Marlins,2,-135,-135,-150,115,115,125,False,ESPN BET,1,100,10,,,1.5,Final/10,8.5,-120
CHC,2024-08-10T00:10Z,401570207,CHW,2024,Chicago Cubs,7,42.0520405,2024-08-09T11:10Z,Chicago White Sox,6,-145,-145,-150,120,120,125,False,ESPN BET,1,-105,9,,,1.5,Final,8.5,-115
CIN,2024-08-10T00:10Z,401570208,MIL,2024,Cincinnati Reds,3,60.40046013,2024-08-09T11:10Z,Milwaukee Brewers,8,130,130,115,-155,-155,-135,False,ESPN BET,1,-115,9,,,-1.5,Final,8.5,-105
CLE,2024-08-10T00:10Z,401570209,MIN,2024,Cleveland Guardians,3,48.73805885,2024-08-09T11:10Z,Minnesota Twins,6,-115,-115,-110,-105,-105,-110,False,ESPN BET,1,100,9,,,1.5,Final,8.5,-120
STL,2024-08-10T00:10Z,401570217,KC,2024,St. Louis Cardinals,8,62.159386839999996,2024-08-09T11:10Z,Kansas City Royals,5,105,105,100,-125,-125,-120,False,ESPN BET,1,-125,9,,,-1.5,Final,8.5,105
ATL,2024-08-10T00:40Z,401570205,COL,2024,Atlanta Braves,5,41.46965875,2024-08-09T11:10Z,Colorado Rockies,6,-170,-170,-175,140,140,145,False,ESPN BET,1,100,9,,,1.5,Final,10.5,-120
PHI,2024-08-10T01:40Z,401570214,ARI,2024,Philadelphia Phillies,2,41.59526998,2024-08-09T11:10Z,Arizona Diamondbacks,3,-140,-140,-160,120,120,135,False,ESPN BET,1,-105,9,,,1.5,Final,8.5,-115
NYM,2024-08-10T02:10Z,401570212,SEA,2024,New York Mets,0,49.173907220000004,2024-08-09T11:10Z,Seattle Mariners,6,110,110,100,-130,-130,-120,False,ESPN BET,1,105,9,,,-1.5,Final,8.5,-125
PIT,2024-08-10T02:10Z,401570215,LAD,2024,Pittsburgh Pirates,5,65.80763316,2024-08-09T11:10Z,Los Angeles Dodgers,9,180,180,150,-215,-215,-180,False,ESPN BET,1,-120,9,,,-1.5,Final,7.5,100
DET,2024-08-10T02:15Z,401570210,SF,2024,Detroit Tigers,2,47.95164948,2024-08-09T11:10Z,San Francisco Giants,3,165,165,165,-200,-200,-200,False,ESPN BET,1,100,9,,,-1.5,Final,7.5,-120
TEX,2024-08-10T17:05Z,401570233,NYY,2024,Texas Rangers,0,58.00184117,2024-08-10T11:10Z,New York Yankees,8,125,125,170,-150,-150,-205,False,ESPN BET,1,-120,9,,,-1.5,Final,8.5,100
OAK,2024-08-10T19:07Z,401570228,TOR,2024,Oakland Athletics,1,57.50237289,2024-08-10T11:10Z,Toronto Blue Jays,0,110,110,125,-130,-130,-150,False,ESPN BET,1,110,9,,,-1.5,Final,9.5,-130
DET,2024-08-10T20:05Z,401570225,SF,2024,Detroit Tigers,1,64.3117127,2024-08-10T11:10Z,San Francisco Giants,3,215,215,195,-265,-265,-235,False,ESPN BET,1,100,9,,,-1.5,Final,7.5,-120
HOU,2024-08-10T20:10Z,401570226,BOS,2024,Houston Astros,5,62.895168420000005,2024-08-10T11:10Z,Boston Red Sox,4,100,100,110,-120,-120,-130,False,ESPN BET,1,-105,9,,,1.5,Final,10.5,-115
SD,2024-08-10T20:10Z,401570231,MIA,2024,San Diego Padres,9,37.63520471,2024-08-10T11:10Z,Miami Marlins,8,-200,-200,-175,165,165,145,False,ESPN BET,1,-125,10,,,1.5,Final/10,8.5,105
TEX,2024-08-10T20:40Z,401702747,NYY,2024,Texas Rangers,9,69.55284437,2024-08-10T11:10Z,New York Yankees,4,150,150,170,-180,-180,-205,False,ESPN BET,1,-105,9,,,-1.5,Final,9.5,-115
LAA,2024-08-10T22:45Z,401570219,WSH,2024,Los Angeles Angels,4,48.64587398,2024-08-10T11:10Z,Washington Nationals,5,-110,-110,-105,-110,-110,-115,False,ESPN BET,1,-105,10,,,1.5,Final/10,9.5,-115
CIN,2024-08-10T23:10Z,401570223,MIL,2024,Cincinnati Reds,0,60.18019587,2024-08-10T11:10Z,Milwaukee Brewers,1,125,125,120,-150,-150,-145,False,ESPN BET,1,100,9,,,-1.5,Final,8.5,-120
CLE,2024-08-10T23:10Z,401570224,MIN,2024,Cleveland Guardians,2,51.76362032,2024-08-10T11:10Z,Minnesota Twins,1,-105,-105,-105,-115,-115,-115,False,ESPN BET,1,-105,9,,,1.5,Final,8.5,-115
STL,2024-08-10T23:10Z,401570232,KC,2024,St. Louis Cardinals,3,63.35033669,2024-08-10T11:10Z,Kansas City Royals,8,105,105,115,-125,-125,-135,False,ESPN BET,1,-120,9,,,-1.5,Final,8.5,100
BAL,2024-08-10T23:15Z,401570221,TB,2024,Baltimore Orioles,7,44.426866790000005,2024-08-10T11:10Z,Tampa Bay Rays,5,-145,-145,-150,120,120,125,False,ESPN BET,1,100,9,,,1.5,Final,7.5,-120
CHC,2024-08-10T23:15Z,401570222,CHW,2024,Chicago Cubs,3,26.30219709,2024-08-10T11:10Z,Chicago White Sox,1,-235,-235,-240,195,195,200,False,ESPN BET,1,-135,9,,,2.5,Final,8.5,115
ATL,2024-08-11T00:10Z,401570220,COL,2024,Atlanta Braves,11,33.395002410000004,2024-08-10T11:10Z,Colorado Rockies,8,-200,-200,-190,165,165,160,False,ESPN BET,1,-120,9,,,1.5,Final,10.5,100
PHI,2024-08-11T00:10Z,401570229,ARI,2024,Philadelphia Phillies,1,55.37112483999999,2024-08-10T11:10Z,Arizona Diamondbacks,11,100,100,100,-120,-120,-120,False,ESPN BET,1,100,9,,,1.5,Final,8.5,-120
PIT,2024-08-11T01:10Z,401570230,LAD,2024,Pittsburgh Pirates,1,59.634507430000006,2024-08-10T11:10Z,Los Angeles Dodgers,4,-110,-110,-120,-110,-110,100,False,ESPN BET,1,-110,9,,,1.5,Final,7.5,-110
NYM,2024-08-11T01:40Z,401570227,SEA,2024,New York Mets,0,50.46843663,2024-08-10T11:10Z,Seattle Mariners,4,115,115,110,-135,-135,-130,False,ESPN BET,1,-105,9,,,-1.5,Final,7.5,-115
LAA,2024-08-11T15:35Z,401570234,WSH,2024,Los Angeles Angels,6,60.680798079999995,2024-08-11T11:09Z,Washington Nationals,4,130,130,125,-155,-155,-150,False,ESPN BET,1,-125,9,,,-1.5,Final,8.5,105
HOU,2024-08-11T17:35Z,401570240,BOS,2024,Houston Astros,10,52.51232175,2024-08-11T11:09Z,Boston Red Sox,2,-145,-145,-135,120,120,115,False,ESPN BET,1,100,9,,,1.5,Final,10.5,-120
TEX,2024-08-11T17:35Z,401570246,NYY,2024,Texas Rangers,7,66.10410984,2024-08-11T11:09Z,New York Yankees,8,125,125,125,-150,-150,-150,False,ESPN BET,1,-110,9,,,-1.5,Final,9.5,-110
OAK,2024-08-11T17:37Z,401570242,TOR,2024,Oakland Athletics,8,59.44066577,2024-08-11T11:09Z,Toronto Blue Jays,4,130,130,135,-155,-155,-160,False,ESPN BET,1,-105,9,,,-1.5,Final,8.5,-115
BAL,2024-08-11T17:40Z,401570236,TB,2024,Baltimore Orioles,1,56.39772507000001,2024-08-11T11:09Z,Tampa Bay Rays,2,-105,-105,-110,-115,-115,-110,False,ESPN BET,1,-130,9,,,1.5,Final,7.5,110
SD,2024-08-11T17:40Z,401570245,MIA,2024,San Diego Padres,6,34.56281981,2024-08-11T11:09Z,Miami Marlins,7,-200,-200,-190,165,165,160,False,ESPN BET,1,-105,9,,,1.5,Final,7.5,-115
CIN,2024-08-11T18:10Z,401570237,MIL,2024,Cincinnati Reds,4,62.33400272,2024-08-11T11:09Z,Milwaukee Brewers,3,110,110,110,-130,-130,-130,False,ESPN BET,1,-105,9,,,-1.5,Final,8.5,-115
CLE,2024-08-11T18:10Z,401570238,MIN,2024,Cleveland Guardians,5,45.05686537,2024-08-11T11:09Z,Minnesota Twins,3,100,100,-115,-120,-120,-105,False,ESPN BET,1,100,9,,,1.5,Final,8.5,-120
ATL,2024-08-11T19:10Z,401570235,COL,2024,Atlanta Braves,8,39.80860822,2024-08-11T11:09Z,Colorado Rockies,9,-175,-175,-185,145,145,155,False,ESPN BET,1,-105,9,,,1.5,Final,10.5,-115
DET,2024-08-11T20:05Z,401570239,SF,2024,Detroit Tigers,5,62.27775125,2024-08-11T11:09Z,San Francisco Giants,4,150,150,160,-180,-180,-190,False,ESPN BET,1,105,9,,,-1.5,Final,8.5,-125
PHI,2024-08-11T20:10Z,401570243,ARI,2024,Philadelphia Phillies,5,56.71473347,2024-08-11T11:09Z,Arizona Diamondbacks,12,-130,-130,-120,110,110,100,False,ESPN BET,1,130,9,,,1.5,Final,9.5,-165
PIT,2024-08-11T20:10Z,401570244,LAD,2024,Pittsburgh Pirates,5,73.70735828000001,2024-08-11T11:09Z,Los Angeles Dodgers,6,235,235,210,-290,-290,-255,False,ESPN BET,1,-110,10,,,-1.5,Final/10,8.5,-110
NYM,2024-08-11T23:00Z,401570241,SEA,2024,New York Mets,1,57.66864578999999,2024-08-11T11:09Z,Seattle Mariners,12,105,105,110,-125,-125,-130,False,ESPN BET,1,-110,9,,,-1.5,Final,7.5,-110
CHC,2024-08-12T22:40Z,401570248,CLE,2024,Chicago Cubs,8,57.19204812,2024-08-12T11:09Z,Cleveland Guardians,9,-125,-125,-115,105,105,-105,False,ESPN BET,1,-125,9,,,1.5,Final,7.5,105
STL,2024-08-12T22:40Z,401570255,CIN,2024,St. Louis Cardinals,1,53.66888324,2024-08-12T11:09Z,Cincinnati Reds,6,-150,-150,-125,125,125,105,False,ESPN BET,1,-105,9,,,1.5,Final,8.5,-115
HOU,2024-08-12T22:50Z,401570250,TB,2024,Houston Astros,6,45.08487496,2024-08-12T11:09Z,Tampa Bay Rays,1,-130,-130,-110,110,110,-110,False,ESPN BET,1,100,9,,,1.5,Final,7.5,-120
TEX,2024-08-12T23:00Z,401570256,BOS,2024,Texas Rangers,4,52.94040889,2024-08-12T11:09Z,Boston Red Sox,5,105,105,125,-125,-125,-150,False,ESPN BET,1,-130,10,,,-1.5,Final/10,8.5,110
KC,2024-08-12T23:40Z,401570251,MIN,2024,Kansas City Royals,3,54.40517749,2024-08-12T11:09Z,Minnesota Twins,8,140,140,130,-165,-165,-155,False,ESPN BET,1,100,9,,,-1.5,Final,8.5,-120
LAD,2024-08-13T00:10Z,401570252,MIL,2024,Los Angeles Dodgers,5,55.22166853,2024-08-12T11:09Z,Milwaukee Brewers,2,-120,-120,-105,100,100,-115,False,ESPN BET,1,100,9,,,1.5,Final,8.5,-120
NYY,2024-08-13T00:10Z,401570253,CHW,2024,New York Yankees,2,26.96233212,2024-08-12T11:09Z,Chicago White Sox,12,-360,-360,-300,285,285,240,False,ESPN BET,1,110,9,,,2.5,Final,9.5,-130
TOR,2024-08-13T01:38Z,401570257,LAA,2024,Toronto Blue Jays,4,51.38233221,2024-08-12T11:09Z,Los Angeles Angels,2,-110,-110,-105,-110,-110,-115,False,ESPN BET,1,115,9,,,1.5,Final,9.5,-135
COL,2024-08-13T01:40Z,401570249,ARI,2024,Colorado Rockies,4,70.11732416999999,2024-08-12T11:09Z,Arizona Diamondbacks,5,240,240,195,-300,-300,-235,False,ESPN BET,1,-125,9,,,-2.5,Final,8.5,105
PIT,2024-08-13T01:40Z,401570254,SD,2024,Pittsburgh Pirates,1,66.34842241,2024-08-12T11:09Z,San Diego Padres,2,165,165,140,-200,-200,-165,False,ESPN BET,1,100,9,,,-1.5,Final,8.5,-120
ATL,2024-08-13T01:45Z,401570247,SF,2024,Atlanta Braves,1,50.39151006,2024-08-12T11:09Z,San Francisco Giants,0,-110,-105,-110,-110,-115,-110,False,ESPN BET,1,100,10,,,1.5,Final/10,6.5,-120
WSH,2024-08-13T22:35Z,401570272,BAL,2024,Washington Nationals,9,61.89957747,2024-08-13T11:10Z,Baltimore Orioles,3,165,165,145,-200,-200,-175,False,ESPN BET,1,-135,9,,,-1.5,Final,8.5,115
CHC,2024-08-13T22:40Z,401570259,CLE,2024,Chicago Cubs,1,54.307289700000005,2024-08-13T11:10Z,Cleveland Guardians,2,130,130,110,-155,-155,-130,False,ESPN BET,1,-125,9,,,-1.5,Final,8.5,105
MIA,2024-08-13T22:40Z,401570264,PHI,2024,Miami Marlins,5,62.177186569999996,2024-08-13T11:10Z,Philadelphia Phillies,0,170,170,145,-205,-205,-175,False,ESPN BET,1,115,9,,,-1.5,Final,9.5,-135
SEA,2024-08-13T22:40Z,401570268,DET,2024,Seattle Mariners,1,58.995698409999996,2024-08-13T11:10Z,Detroit Tigers,15,100,100,-105,-120,-120,-115,False,ESPN BET,1,-125,9,,,-1.5,Final,6.5,105
STL,2024-08-13T22:40Z,401570269,CIN,2024,St. Louis Cardinals,1,60.81139756,2024-08-13T11:10Z,Cincinnati Reds,4,115,115,115,-135,-135,-135,False,ESPN BET,1,-130,9,,,-1.5,Final,8.5,110
HOU,2024-08-13T22:50Z,401570261,TB,2024,Houston Astros,3,45.23298804,2024-08-13T11:10Z,Tampa Bay Rays,2,-125,-125,-135,105,105,115,False,ESPN BET,1,-115,9,,,1.5,Final,7.5,-105
OAK,2024-08-13T23:10Z,401570266,NYM,2024,Oakland Athletics,9,70.92866637,2024-08-13T11:10Z,New York Mets,4,150,150,145,-180,-180,-175,False,ESPN BET,1,-110,9,,,-1.5,Final,8.5,-110
TEX,2024-08-13T23:10Z,401570270,BOS,2024,Texas Rangers,4,66.23537908,2024-08-13T11:10Z,Boston Red Sox,9,125,125,130,-150,-150,-155,False,ESPN BET,1,-115,9,,,-1.5,Final,9.5,-105
KC,2024-08-13T23:40Z,401570262,MIN,2024,Kansas City Royals,3,50.186887930000005,2024-08-13T11:10Z,Minnesota Twins,13,105,105,-115,-125,-125,-105,False,ESPN BET,1,-110,9,,,-1.5,Final,8.5,-110
LAD,2024-08-14T00:10Z,401570263,MIL,2024,Los Angeles Dodgers,7,60.2128761,2024-08-13T11:10Z,Milwaukee Brewers,2,-120,-120,-120,100,100,100,False,ESPN BET,1,-125,9,,,1.5,Final,8.5,105
NYY,2024-08-14T00:10Z,401570265,CHW,2024,New York Yankees,4,34.952126379999996,2024-08-13T11:10Z,Chicago White Sox,1,-290,-290,-300,235,235,240,False,ESPN BET,1,105,9,,,2.5,Final,9.5,-125
TOR,2024-08-14T01:38Z,401570271,LAA,2024,Toronto Blue Jays,6,53.70198162999999,2024-08-13T11:10Z,Los Angeles Angels,1,-115,-115,-145,-105,-105,120,False,ESPN BET,1,-120,9,,,1.5,Final,8.5,100
COL,2024-08-14T01:40Z,401570260,ARI,2024,Colorado Rockies,3,73.70601599999999,2024-08-13T11:10Z,Arizona Diamondbacks,4,165,165,205,-200,-200,-250,False,ESPN BET,1,-115,9,,,-1.5,Final,8.5,-105
PIT,2024-08-14T01:40Z,401570267,SD,2024,Pittsburgh Pirates,0,71.69529911,2024-08-13T11:10Z,San Diego Padres,3,205,205,160,-250,-250,-190,False,ESPN BET,1,-120,9,,,-1.5,Final,7.5,-110
ATL,2024-08-14T01:45Z,401570258,SF,2024,Atlanta Braves,4,53.66217991,2024-08-13T11:10Z,San Francisco Giants,3,-110,-110,-120,-110,-110,100,False,ESPN BET,1,100,10,,,1.5,Final/10,8.5,-120
KC,2024-08-14T17:10Z,401570277,MIN,2024,Kansas City Royals,4,46.80169668,2024-08-14T11:10Z,Minnesota Twins,1,-115,-115,115,-105,-105,-135,False,ESPN BET,1,-105,9,,,1.5,Final,8.5,-115
COL,2024-08-14T19:40Z,401570275,ARI,2024,Colorado Rockies,4,66.61972147,2024-08-14T11:10Z,Arizona Diamondbacks,11,175,175,195,-210,-210,-235,False,ESPN BET,1,105,9,,,-1.5,Final,9.5,-125
PIT,2024-08-14T20:10Z,401570282,SD,2024,Pittsburgh Pirates,2,54.41664174,2024-08-14T11:10Z,San Diego Padres,8,115,115,115,-135,-135,-135,False,ESPN BET,1,-105,9,,,-1.5,Final,8.5,-115
TEX,2024-08-14T22:10Z,401570285,BOS,2024,Texas Rangers,9,64.46163904,2024-08-14T11:10Z,Boston Red Sox,7,115,115,140,-135,-135,-165,False,ESPN BET,1,-105,10,,,-1.5,Final/10,9.5,-115
WSH,2024-08-14T22:35Z,401570287,BAL,2024,Washington Nationals,1,61.97731134,2024-08-14T11:10Z,Baltimore Orioles,4,145,145,150,-175,-175,-180,False,ESPN BET,1,-125,9,,,-1.5,Final,8.5,105
CHC,2024-08-14T22:40Z,401570274,CLE,2024,Chicago Cubs,1,57.972502469999995,2024-08-14T11:10Z,Cleveland Guardians,6,115,115,110,-135,-135,-130,False,ESPN BET,1,105,9,,,-1.5,Final,8.5,-125
MIA,2024-08-14T22:40Z,401570279,PHI,2024,Miami Marlins,5,65.08216583999999,2024-08-14T11:10Z,Philadelphia Phillies,9,135,135,160,-160,-160,-190,False,ESPN BET,1,-115,9,,,-1.5,Final,8.5,-105
SEA,2024-08-14T22:40Z,401570283,DET,2024,Seattle Mariners,2,46.67213576,2024-08-14T11:10Z,Detroit Tigers,3,-140,-140,-145,120,120,120,False,ESPN BET,1,110,10,,,1.5,Final/10,8.5,-130
STL,2024-08-14T22:40Z,401570284,CIN,2024,St. Louis Cardinals,2,60.076122860000005,2024-08-14T11:10Z,Cincinnati Reds,9,-120,-120,-110,100,100,-110,False,ESPN BET,1,110,9,,,1.5,Final,9.5,-130
HOU,2024-08-14T22:50Z,401570276,TB,2024,Houston Astros,2,44.86450302,2024-08-14T11:10Z,Tampa Bay Rays,1,-120,-120,-125,100,100,105,False,ESPN BET,1,-120,10,,,1.5,Final/10,7.5,100
OAK,2024-08-14T23:10Z,401570281,NYM,2024,Oakland Athletics,1,70.44317063,2024-08-14T11:10Z,New York Mets,9,175,175,160,-210,-210,-190,False,ESPN BET,1,105,9,,,-1.5,Final,8.5,-125
LAD,2024-08-15T00:10Z,401570278,MIL,2024,Los Angeles Dodgers,4,58.382113430000004,2024-08-14T11:10Z,Milwaukee Brewers,5,-115,-115,-135,-105,-105,115,False,ESPN BET,1,125,9,,,1.5,Final,9.5,-155
NYY,2024-08-15T00:10Z,401570280,CHW,2024,New York Yankees,10,39.433048920000005,2024-08-14T11:10Z,Chicago White Sox,2,-245,-245,-270,200,200,220,False,ESPN BET,1,105,9,,,2.5,Final,9.5,-125
TOR,2024-08-15T01:38Z,401570286,LAA,2024,Toronto Blue Jays,9,56.112031689999995,2024-08-14T11:10Z,Los Angeles Angels,2,-105,-105,-105,-115,-115,-115,False,ESPN BET,1,-120,9,,,1.5,Final,8.5,100
ATL,2024-08-15T01:45Z,401570273,SF,2024,Atlanta Braves,13,47.0656999,2024-08-14T11:10Z,San Francisco Giants,2,110,120,-105,-130,-145,-115,False,ESPN BET,1,-115,9,,,-1.5,Final,7.5,-105
OAK,2024-08-15T17:10Z,401570292,NYM,2024,Oakland Athletics,7,66.21687265,2024-08-15T11:10Z,New York Mets,6,160,160,145,-190,-190,-175,False,ESPN BET,1,100,9,,,-1.5,Final,8.5,-120
SEA,2024-08-15T17:10Z,401570293,DET,2024,Seattle Mariners,1,49.92219699,2024-08-15T11:10Z,Detroit Tigers,2,-135,-135,-155,115,115,130,False,ESPN BET,1,100,9,,,1.5,Final,8.5,-120
LAD,2024-08-15T18:10Z,401570290,MIL,2024,Los Angeles Dodgers,4,53.331150650000005,2024-08-15T11:10Z,Milwaukee Brewers,6,-140,-140,-145,120,120,120,False,ESPN BET,1,-115,9,,,1.5,Final,7.5,-105
ATL,2024-08-15T19:45Z,401570288,SF,2024,Atlanta Braves,0,54.83030489,2024-08-15T11:10Z,San Francisco Giants,6,-105,-105,-110,-115,-115,-110,False,ESPN BET,1,115,9,,,1.5,Final,7.5,-135
BOS,2024-08-15T22:35Z,401570289,BAL,2024,Boston Red Sox,1,59.765177830000006,2024-08-15T11:10Z,Baltimore Orioles,5,135,135,120,-160,-160,-145,False,ESPN BET,1,100,9,,,-1.5,Final,8.5,-120
WSH,2024-08-15T22:40Z,401570294,PHI,2024,Washington Nationals,3,71.5787716,2024-08-15T11:10Z,Philadelphia Phillies,13,215,215,205,-265,-265,-250,False,ESPN BET,1,-125,9,,,-1.5,Final,7.5,105
MIN,2024-08-16T00:05Z,401570291,TEX,2024,Minnesota Twins,3,43.74393241,2024-08-15T11:10Z,Texas Rangers,2,-120,-120,-125,100,100,105,False,ESPN BET,1,-120,9,,,1.5,Final,7.5,100
TOR,2024-08-16T18:20Z,401570307,CHC,2024,Toronto Blue Jays,5,49.28647746,2024-08-16T11:10Z,Chicago Cubs,6,110,110,-105,-130,-130,-115,False,ESPN BET,1,-110,10,,,-1.5,Final/10,9.5,-110
KC,2024-08-16T22:40Z,401570300,CIN,2024,Kansas City Royals,7,59.44801074,2024-08-16T11:10Z,Cincinnati Reds,1,120,120,110,-145,-145,-130,False,ESPN BET,1,-120,9,,,-1.5,Final,9.5,100
NYY,2024-08-16T22:40Z,401570304,DET,2024,New York Yankees,3,42.29773561,2024-08-16T11:10Z,Detroit Tigers,0,-220,-220,-185,180,180,155,False,ESPN BET,1,100,9,,,1.5,Final,8.5,-120
SEA,2024-08-16T22:40Z,401570306,PIT,2024,Seattle Mariners,3,52.69338730999999,2024-08-16T11:10Z,Pittsburgh Pirates,5,100,100,110,-120,-120,-130,False,ESPN BET,1,-120,9,,,-1.5,Final,6.5,100
WSH,2024-08-16T22:40Z,401570308,PHI,2024,Washington Nationals,2,74.61093022,2024-08-16T11:10Z,Philadelphia Phillies,3,225,225,230,-280,-280,-285,False,ESPN BET,1,100,9,,,-2.5,Final,9.5,-120
ARI,2024-08-16T22:50Z,401570295,TB,2024,Arizona Diamondbacks,4,51.59153112,2024-08-16T11:10Z,Tampa Bay Rays,5,-115,-115,-110,-105,-105,-110,False,ESPN BET,1,-110,9,,,1.5,Final,7.5,-110
BOS,2024-08-16T23:05Z,401570297,BAL,2024,Boston Red Sox,12,66.63983025,2024-08-16T11:10Z,Baltimore Orioles,10,150,150,175,-180,-180,-210,False,ESPN BET,1,-120,9,,,-1.5,Final,8.5,100
MIA,2024-08-16T23:10Z,401570302,NYM,2024,Miami Marlins,3,75.688019,2024-08-16T11:10Z,New York Mets,7,210,210,180,-260,-260,-215,False,ESPN BET,1,-105,9,,,-1.5,Final,8.5,-115
MIN,2024-08-17T00:05Z,401570303,TEX,2024,Minnesota Twins,4,50.999062900000006,2024-08-16T11:10Z,Texas Rangers,3,105,105,-110,-125,-125,-110,False,ESPN BET,1,-105,9,,,1.5,Final,8.5,-115
CHW,2024-08-17T00:10Z,401570298,HOU,2024,Chicago White Sox,5,66.53798473,2024-08-16T11:10Z,Houston Astros,4,215,215,160,-270,-270,-190,False,ESPN BET,1,-115,9,,,-1.5,Final,7.5,-105
CLE,2024-08-17T00:10Z,401570299,MIL,2024,Cleveland Guardians,3,54.25243739,2024-08-16T11:10Z,Milwaukee Brewers,5,-115,-115,-110,-105,-105,-110,False,ESPN BET,1,-110,9,,,1.5,Final,7.5,-110
LAD,2024-08-17T00:15Z,401570301,STL,2024,Los Angeles Dodgers,7,39.06933726,2024-08-16T11:10Z,St. Louis Cardinals,6,-130,-135,-135,110,115,115,False,ESPN BET,1,-105,9,,,1.5,Final,9.5,-115
SD,2024-08-17T00:40Z,401570305,COL,2024,San Diego Padres,3,41.73917727,2024-08-16T11:10Z,Colorado Rockies,7,-165,-165,-185,140,140,155,False,ESPN BET,1,-115,9,,,1.5,Final,11.5,-105
ATL,2024-08-17T01:38Z,401570296,LAA,2024,Atlanta Braves,2,56.18704844,2024-08-16T11:10Z,Los Angeles Angels,3,-165,-165,-155,140,140,130,False,ESPN BET,1,-115,9,,,1.5,Final,7.5,-105
SEA,2024-08-17T17:05Z,401570320,PIT,2024,Seattle Mariners,2,45.77785539,2024-08-17T11:10Z,Pittsburgh Pirates,7,-150,-150,-165,125,125,140,False,ESPN BET,1,100,9,,,1.5,Final,8.5,-120
NYY,2024-08-17T17:10Z,401570318,DET,2024,New York Yankees,0,40.80982556,2024-08-17T11:10Z,Detroit Tigers,4,-245,-245,-190,200,200,160,False,ESPN BET,1,115,9,,,2.5,Final,9.5,-135
TOR,2024-08-17T18:20Z,401570322,CHC,2024,Toronto Blue Jays,2,65.11041200999999,2024-08-17T11:10Z,Chicago Cubs,3,145,145,145,-175,-175,-175,False,ESPN BET,1,-130,9,,,-1.5,Final,7.5,110
ARI,2024-08-17T20:10Z,401570309,TB,2024,Arizona Diamondbacks,1,51.61267579,2024-08-17T11:10Z,Tampa Bay Rays,6,-120,-120,-115,100,100,-105,False,ESPN BET,1,105,9,,,1.5,Final,7.5,-125
MIA,2024-08-17T20:10Z,401570316,NYM,2024,Miami Marlins,0,66.74170228,2024-08-17T11:10Z,New York Mets,4,160,160,160,-190,-190,-190,False,ESPN BET,1,100,9,,,-1.5,Final,8.5,-120
WSH,2024-08-17T22:05Z,401570323,PHI,2024,Washington Nationals,1,68.42826889,2024-08-17T11:10Z,Philadelphia Phillies,5,195,195,180,-235,-235,-215,False,ESPN BET,1,110,9,,,-1.5,Final,9.5,-130
KC,2024-08-17T22:40Z,401570314,CIN,2024,Kansas City Royals,13,50.05728066,2024-08-17T11:10Z,Cincinnati Reds,1,105,105,115,-125,-125,-135,False,ESPN BET,1,-110,9,,,1.5,Final,9.5,-110
BOS,2024-08-17T23:05Z,401570311,BAL,2024,Boston Red Sox,5,54.43757887,2024-08-17T11:10Z,Baltimore Orioles,1,-105,-105,110,-115,-115,-130,False,ESPN BET,1,-115,9,,,1.5,Final,9.5,-105
MIN,2024-08-17T23:05Z,401570317,TEX,2024,Minnesota Twins,5,55.470080089999996,2024-08-17T11:10Z,Texas Rangers,2,120,120,110,-145,-145,-130,False,ESPN BET,1,100,9,,,-1.5,Final,8.5,-120
SF,2024-08-17T23:07Z,401570321,OAK,2024,San Francisco Giants,0,55.16966548,2024-08-17T11:10Z,Oakland Athletics,2,-125,-125,-135,105,105,115,False,ESPN BET,1,-120,9,,,1.5,Final,7.5,100
CHW,2024-08-17T23:10Z,401570312,HOU,2024,Chicago White Sox,1,79.44046313999999,2024-08-17T11:10Z,Houston Astros,6,300,300,295,-385,-385,-375,False,ESPN BET,1,-105,9,,,-2.5,Final,8.5,-115
CLE,2024-08-17T23:15Z,401570313,MIL,2024,Cleveland Guardians,1,53.30398951000001,2024-08-17T11:10Z,Milwaukee Brewers,2,100,100,-105,-120,-120,-115,False,ESPN BET,1,-105,9,,,-1.5,Final,7.5,-115
LAD,2024-08-17T23:15Z,401570315,STL,2024,Los Angeles Dodgers,2,48.817059,2024-08-17T11:10Z,St. Louis Cardinals,5,-120,-120,-185,100,100,155,False,ESPN BET,1,110,9,,,1.5,Final,9.5,-130
SD,2024-08-18T00:10Z,401570319,COL,2024,San Diego Padres,8,32.49027727,2024-08-17T11:10Z,Colorado Rockies,3,-200,-200,-205,165,165,170,False,ESPN BET,1,-120,9,,,1.5,Final,10.5,100
ATL,2024-08-18T01:38Z,401570310,LAA,2024,Atlanta Braves,11,37.74080771,2024-08-17T11:10Z,Los Angeles Angels,3,-205,-205,-225,170,170,185,False,ESPN BET,1,100,9,,,1.5,Final,8.5,-120
MIA,2024-08-18T16:05Z,401570331,NYM,2024,Miami Marlins,3,66.03756207,2024-08-18T11:09Z,New York Mets,2,165,165,160,-200,-200,-190,False,ESPN BET,1,100,9,,,-1.5,Final,8.5,-120
BOS,2024-08-18T17:35Z,401570326,BAL,2024,Boston Red Sox,2,56.79147471,2024-08-18T11:09Z,Baltimore Orioles,4,105,105,120,-125,-125,-145,False,ESPN BET,1,-115,9,,,-1.5,Final,9.5,-105
SEA,2024-08-18T17:35Z,401570335,PIT,2024,Seattle Mariners,10,37.06834862,2024-08-18T11:09Z,Pittsburgh Pirates,3,-175,-175,-160,145,145,135,False,ESPN BET,1,100,9,,,1.5,Final,8.5,-120
WSH,2024-08-18T17:35Z,401570338,PHI,2024,Washington Nationals,6,57.41720761,2024-08-18T11:09Z,Philadelphia Phillies,4,140,140,150,-165,-165,-180,False,ESPN BET,1,100,9,,,-1.5,Final,9.5,-120
ARI,2024-08-18T17:40Z,401570324,TB,2024,Arizona Diamondbacks,7,45.56956555,2024-08-18T11:09Z,Tampa Bay Rays,8,-115,-115,-105,-105,-105,-115,False,ESPN BET,1,-105,12,,,1.5,Final/12,7.5,-115
KC,2024-08-18T17:40Z,401570329,CIN,2024,Kansas City Royals,8,54.357280259999996,2024-08-18T11:09Z,Cincinnati Reds,1,-115,-115,-110,-105,-105,-110,False,ESPN BET,1,110,9,,,1.5,Final,9.5,-130
CHW,2024-08-18T18:10Z,401570327,HOU,2024,Chicago White Sox,0,79.56803347,2024-08-18T11:09Z,Houston Astros,2,295,295,310,-375,-375,-400,False,ESPN BET,1,105,9,,,-2.5,Final,8.5,-125
CLE,2024-08-18T18:10Z,401570328,MIL,2024,Cleveland Guardians,0,57.9072118,2024-08-18T11:09Z,Milwaukee Brewers,2,105,105,110,-125,-125,-130,False,ESPN BET,1,-120,9,,,-1.5,Final,8.5,100
LAD,2024-08-18T18:15Z,401570330,STL,2024,Los Angeles Dodgers,2,48.96485345,2024-08-18T11:09Z,St. Louis Cardinals,1,100,100,-120,-120,-120,100,False,ESPN BET,1,-105,9,,,1.5,Final,7.5,-115
TOR,2024-08-18T18:20Z,401570337,CHC,2024,Toronto Blue Jays,1,59.812060499999994,2024-08-18T11:09Z,Chicago Cubs,0,150,160,155,-180,-190,-185,False,ESPN BET,1,-105,9,,,-1.5,Final,7.5,-115
MIN,2024-08-18T18:35Z,401570332,TEX,2024,Minnesota Twins,5,49.9812467,2024-08-18T11:09Z,Texas Rangers,6,-110,-110,-120,-110,-110,100,False,ESPN BET,1,-110,10,,,1.5,Final/10,7.5,-110
SD,2024-08-18T19:10Z,401570334,COL,2024,San Diego Padres,2,41.118375130000004,2024-08-18T11:09Z,Colorado Rockies,3,-190,-190,-190,160,160,160,False,ESPN BET,1,-110,9,,,1.5,Final,11.5,-110
ATL,2024-08-18T20:07Z,401570325,LAA,2024,Atlanta Braves,3,42.34810275,2024-08-18T11:09Z,Los Angeles Angels,1,-185,-185,-175,155,155,145,False,ESPN BET,1,-105,9,,,1.5,Final,9.5,-115
SF,2024-08-18T20:07Z,401570336,OAK,2024,San Francisco Giants,4,44.837502709999995,2024-08-18T11:09Z,Oakland Athletics,2,-160,-160,-175,135,135,145,False,ESPN BET,1,115,10,,,1.5,Final/10,7.5,-135
NYY,2024-08-18T23:00Z,401570333,DET,2024,New York Yankees,2,48.95454308,2024-08-18T11:09Z,Detroit Tigers,3,105,105,105,-125,-125,-125,True,ESPN BET,1,105,10,,,-1.5,Final/10,8.5,-125
ARI,2024-08-19T22:40Z,401570340,MIA,2024,Arizona Diamondbacks,9,35.821210730000004,2024-08-19T11:09Z,Miami Marlins,6,-215,-215,-205,180,180,170,False,ESPN BET,1,-105,9,,,1.5,Final,8.5,-115
CIN,2024-08-19T23:07Z,401570344,TOR,2024,Cincinnati Reds,6,54.805428739999996,2024-08-19T11:09Z,Toronto Blue Jays,3,130,130,140,-155,-155,-165,False,ESPN BET,1,100,9,,,-1.5,Final,8.5,-120
BAL,2024-08-19T23:20Z,401570341,NYM,2024,Baltimore Orioles,3,59.25741691,2024-08-19T11:09Z,New York Mets,4,115,115,110,-135,-135,-130,False,ESPN BET,1,-125,9,,,-1.5,Final,8.5,105
PIT,2024-08-20T00:05Z,401570346,TEX,2024,Pittsburgh Pirates,3,56.86716011,2024-08-19T11:09Z,Texas Rangers,4,135,135,110,-160,-160,-130,False,ESPN BET,1,-130,9,,,-1.5,Final,8.5,110
LAA,2024-08-20T00:10Z,401570339,KC,2024,Los Angeles Angels,3,67.73299673999999,2024-08-19T11:09Z,Kansas City Royals,5,205,205,160,-250,-250,-190,False,ESPN BET,1,-120,9,,,-1.5,Final,8.5,100
BOS,2024-08-20T00:10Z,401570342,HOU,2024,Boston Red Sox,4,51.10235895,2024-08-19T11:09Z,Houston Astros,5,120,120,105,-145,-145,-125,False,ESPN BET,1,105,9,,,-1.5,Final,8.5,-125
MIN,2024-08-20T01:40Z,401570345,SD,2024,Minnesota Twins,3,66.14206675,2024-08-19T11:09Z,San Diego Padres,5,145,145,140,-175,-175,-165,False,ESPN BET,1,-135,9,,,-1.5,Final,6.5,115
TB,2024-08-20T01:40Z,401570348,OAK,2024,Tampa Bay Rays,0,51.835382259999996,2024-08-19T11:09Z,Oakland Athletics,3,-110,-115,-145,-110,-105,120,False,ESPN BET,1,-105,9,,,1.5,Final,7.5,-115
CHW,2024-08-20T01:45Z,401570343,SF,2024,Chicago White Sox,3,70.18723914,2024-08-19T11:09Z,San Francisco Giants,5,205,205,185,-250,-250,-225,False,ESPN BET,1,-125,9,,,-1.5,Final,7.5,105
SEA,2024-08-20T02:10Z,401570347,LAD,2024,Seattle Mariners,0,54.021592090000006,2024-08-19T11:09Z,Los Angeles Dodgers,3,130,130,125,-155,-155,-150,False,ESPN BET,1,-105,9,,,-1.5,Final,8.5,-115
ARI,2024-08-20T22:40Z,401570350,MIA,2024,Arizona Diamondbacks,3,35.3467266,2024-08-20T11:10Z,Miami Marlins,1,-120,-120,-155,100,100,130,False,ESPN BET,1,-105,9,,,1.5,Final,7.5,-115
COL,2024-08-20T22:45Z,401570356,WSH,2024,Colorado Rockies,3,62.11397259,2024-08-20T11:10Z,Washington Nationals,1,130,130,130,-155,-155,-155,False,ESPN BET,1,-120,9,,,-1.5,Final,7.5,100
CLE,2024-08-20T23:05Z,401570355,NYY,2024,Cleveland Guardians,9,62.41192033,2024-08-20T11:10Z,New York Yankees,5,120,120,140,-145,-145,-165,False,ESPN BET,1,110,12,,,-1.5,Final/12,8.5,-130
CIN,2024-08-20T23:07Z,401570354,TOR,2024,Cincinnati Reds,3,58.38952919,2024-08-20T11:10Z,Toronto Blue Jays,10,105,105,120,-125,-125,-145,False,ESPN BET,1,100,9,,,-1.5,Final,8.5,-120
BAL,2024-08-20T23:10Z,401570351,NYM,2024,Baltimore Orioles,9,56.96862814,2024-08-20T11:10Z,New York Mets,5,110,110,100,-130,-130,-120,False,ESPN BET,1,-110,9,,,-1.5,Final,8.5,-110
PHI,2024-08-20T23:20Z,401570360,ATL,2024,Philadelphia Phillies,1,53.166649740000004,2024-08-20T11:09Z,Atlanta Braves,3,-160,-160,-125,135,135,105,False,ESPN BET,1,100,9,,,1.5,Final,8.5,-120
MIL,2024-08-20T23:45Z,401570358,STL,2024,Milwaukee Brewers,3,50.87640407000001,2024-08-20T11:10Z,St. Louis Cardinals,2,105,105,105,-125,-125,-125,False,ESPN BET,1,-115,9,,,-1.5,Final,7.5,-105
DET,2024-08-21T00:05Z,401570357,CHC,2024,Detroit Tigers,1,59.839237499999996,2024-08-20T11:10Z,Chicago Cubs,3,130,130,135,-155,-155,-160,False,ESPN BET,1,-110,9,,,-1.5,Final,7.5,-110
PIT,2024-08-21T00:05Z,401570361,TEX,2024,Pittsburgh Pirates,4,53.799867850000005,2024-08-20T11:09Z,Texas Rangers,0,120,120,130,-145,-145,-155,False,ESPN BET,1,100,9,,,-1.5,Final,8.5,-120
LAA,2024-08-21T00:10Z,401570349,KC,2024,Los Angeles Angels,9,66.44278106,2024-08-20T11:10Z,Kansas City Royals,5,160,160,160,-190,-190,-190,False,ESPN BET,1,-125,9,,,-1.5,Final,7.5,105
BOS,2024-08-21T00:10Z,401570352,HOU,2024,Boston Red Sox,6,58.94879149,2024-08-20T11:10Z,Houston Astros,5,-110,-110,110,-110,-110,-130,False,ESPN BET,1,-110,9,,,1.5,Final,8.5,-110
MIN,2024-08-21T01:40Z,401570359,SD,2024,Minnesota Twins,5,46.9096335,2024-08-20T11:09Z,San Diego Padres,7,-120,-120,-120,100,100,100,False,ESPN BET,1,-125,9,,,1.5,Final,7.5,105
TB,2024-08-21T01:40Z,401570363,OAK,2024,Tampa Bay Rays,1,51.10409378000001,2024-08-20T11:09Z,Oakland Athletics,0,-120,-120,-120,100,100,100,False,ESPN BET,1,-120,9,,,1.5,Final,7.5,100
CHW,2024-08-21T01:45Z,401570353,SF,2024,Chicago White Sox,1,59.737586629999996,2024-08-20T11:10Z,San Francisco Giants,4,210,210,195,-255,-255,-235,False,ESPN BET,1,-105,9,,,-1.5,Final,7.5,-115
SEA,2024-08-21T02:10Z,401570362,LAD,2024,Seattle Mariners,3,54.34015773,2024-08-20T11:09Z,Los Angeles Dodgers,6,140,140,130,-165,-165,-155,False,ESPN BET,1,-125,9,,,-1.5,Final,8.5,105
BAL,2024-08-21T17:10Z,401570366,NYM,2024,Baltimore Orioles,3,60.8923831,2024-08-21T11:09Z,New York Mets,4,115,115,-105,-135,-135,-115,False,ESPN BET,1,-110,9,,,-1.5,Final,8.5,-120
BOS,2024-08-21T18:10Z,401570367,HOU,2024,Boston Red Sox,4,61.49462706,2024-08-21T11:09Z,Houston Astros,1,120,120,130,-145,-145,-155,False,ESPN BET,1,130,9,,,-1.5,Final,8.5,-175
PIT,2024-08-21T18:35Z,401570376,TEX,2024,Pittsburgh Pirates,0,56.80483383,2024-08-21T11:09Z,Texas Rangers,1,130,130,135,-155,-155,-160,False,ESPN BET,1,100,9,,,-1.5,Final,8.5,-130
CHW,2024-08-21T19:45Z,401570368,SF,2024,Chicago White Sox,6,76.5932222,2024-08-21T11:09Z,San Francisco Giants,2,195,195,205,-240,-240,-250,False,ESPN BET,1,120,9,,,-1.5,Final,6.5,-155
ARI,2024-08-21T22:40Z,401570365,MIA,2024,Arizona Diamondbacks,10,40.07312319,2024-08-21T11:09Z,Miami Marlins,8,-165,-165,-165,140,140,140,False,ESPN BET,1,120,9,,,1.5,Final,8.5,-155
MIN,2024-08-21T22:40Z,401570374,SD,2024,Minnesota Twins,11,55.77301076,2024-08-21T11:09Z,San Diego Padres,4,105,105,105,-125,-125,-125,False,ESPN BET,1,135,9,,,-1.5,Final,8.5,-180
COL,2024-08-21T22:45Z,401570371,WSH,2024,Colorado Rockies,1,62.80596731,2024-08-21T11:09Z,Washington Nationals,6,135,135,140,-160,-160,-165,False,ESPN BET,1,270,9,,,-1.5,Final,8.5,-425
CLE,2024-08-21T23:05Z,401570370,NYY,2024,Cleveland Guardians,1,61.95807697,2024-08-21T11:09Z,New York Yankees,8,175,175,140,-210,-210,-165,False,ESPN BET,1,235,9,,,-1.5,Final,8.5,-360
CIN,2024-08-21T23:07Z,401570369,TOR,2024,Cincinnati Reds,11,46.51206867,2024-08-21T11:09Z,Toronto Blue Jays,7,-120,-120,-105,100,100,-115,False,ESPN BET,1,115,9,,,1.5,Final,7.5,-150
PHI,2024-08-21T23:20Z,401570375,ATL,2024,Philadelphia Phillies,3,53.494350229999995,2024-08-21T11:09Z,Atlanta Braves,2,-110,-110,-105,-110,-110,-115,False,ESPN BET,1,135,9,,,1.5,Final,7.5,-180
MIL,2024-08-21T23:45Z,401570373,STL,2024,Milwaukee Brewers,6,43.382067660000004,2024-08-21T11:09Z,St. Louis Cardinals,10,100,100,-110,-120,-120,-110,False,ESPN BET,1,150,10,,,-1.5,Final/10,7.5,-220
DET,2024-08-22T00:05Z,401570372,CHC,2024,Detroit Tigers,8,56.73495478,2024-08-21T11:09Z,Chicago Cubs,2,-105,-105,140,-115,-115,-165,False,ESPN BET,1,150,9,,,1.5,Final,7.5,-220
LAA,2024-08-22T00:10Z,401570364,KC,2024,Los Angeles Angels,0,71.09779212000001,2024-08-21T11:09Z,Kansas City Royals,3,165,165,150,-200,-200,-180,False,ESPN BET,1,300,9,,,-1.5,Final,8.5,-500
TB,2024-08-22T01:40Z,401570378,OAK,2024,Tampa Bay Rays,4,48.386679789999995,2024-08-21T11:09Z,Oakland Athletics,2,-130,-130,-130,110,110,110,False,ESPN BET,1,150,9,,,1.5,Final,7.5,-220
SEA,2024-08-22T02:10Z,401570377,LAD,2024,Seattle Mariners,4,63.583315070000005,2024-08-21T11:09Z,Los Angeles Dodgers,8,,160,140,,-190,-165,False,ESPN BET,1,270,9,,,-3.5,Final,11.5,-425
CLE,2024-08-22T17:05Z,401570381,NYY,2024,Cleveland Guardians,0,63.79875472,2024-08-22T11:10Z,New York Yankees,6,,,,,,,False,,,,9,,,,Final,,
COL,2024-08-22T17:05Z,401570382,WSH,2024,Colorado Rockies,3,52.482940889999995,2024-08-22T11:10Z,Washington Nationals,8,120,120,,-145,-145,,False,ESPN BET,1,-120,9,,,-1.5,Final,8.5,100
MIL,2024-08-22T18:15Z,401570385,STL,2024,Milwaukee Brewers,0,39.875777420000006,2024-08-22T11:10Z,St. Louis Cardinals,3,-135,-135,,115,115,,False,ESPN BET,1,-125,9,,,1.5,Final,7.5,105
DET,2024-08-22T18:20Z,401570383,CHC,2024,Detroit Tigers,2,63.16650855,2024-08-22T11:10Z,Chicago Cubs,10,155,155,,-185,-185,,False,ESPN BET,1,-110,9,,,-1.5,Final,7.5,-110
TB,2024-08-22T19:37Z,401570388,OAK,2024,Tampa Bay Rays,1,43.26845729,2024-08-22T11:10Z,Oakland Athletics,3,-120,-120,,100,100,,False,ESPN BET,1,105,9,,,1.5,Final,7.5,-125
CIN,2024-08-22T22:40Z,401570380,PIT,2024,Cincinnati Reds,0,59.350590530000005,2024-08-22T11:10Z,Pittsburgh Pirates,7,125,125,,-150,-150,,False,ESPN BET,1,105,9,,,-1.5,Final,7.5,-125
LAA,2024-08-22T23:07Z,401570379,TOR,2024,Los Angeles Angels,3,60.91156375,2024-08-22T11:10Z,Toronto Blue Jays,5,125,125,,-150,-150,,False,ESPN BET,1,-115,9,,,-1.5,Final,8.5,-105
HOU,2024-08-22T23:08Z,401570384,BAL,2024,Houston Astros,6,66.42245852,2024-08-22T11:10Z,Baltimore Orioles,0,140,140,,-165,-165,,False,ESPN BET,1,-110,9,,,-1.5,Final,7.5,-110
PHI,2024-08-22T23:08Z,401570387,ATL,2024,Philadelphia Phillies,2,47.09130125,2024-08-22T11:10Z,Atlanta Braves,3,100,100,,-120,-120,,False,ESPN BET,1,-110,9,,,1.5,Final,7.5,-110
NYM,2024-08-23T01:40Z,401570386,SD,2024,New York Mets,8,63.08029028999999,2024-08-22T11:10Z,San Diego Padres,3,135,135,,-160,-160,,False,ESPN BET,1,100,9,,,-1.5,Final,7.5,-120
CIN,2024-08-23T22:40Z,401570392,PIT,2024,Cincinnati Reds,5,45.88949249,2024-08-23T11:09Z,Pittsburgh Pirates,6,-105,-105,,-115,-115,,False,ESPN BET,1,100,9,,,-1.5,Final,8.5,-120
COL,2024-08-23T23:05Z,401570393,NYY,2024,Colorado Rockies,0,72.91715037,2024-08-23T11:09Z,New York Yankees,3,270,270,,-340,-340,,False,ESPN BET,1,110,9,,,-2.5,Final,8.5,-130
HOU,2024-08-23T23:05Z,401570395,BAL,2024,Houston Astros,5,48.6847741,2024-08-23T11:09Z,Baltimore Orioles,7,-120,-120,,100,100,,False,ESPN BET,1,-125,9,,,1.5,Final,7.5,105
LAA,2024-08-23T23:07Z,401570389,TOR,2024,Los Angeles Angels,4,61.85254404,2024-08-23T11:09Z,Toronto Blue Jays,5,165,165,155,-195,-195,-185,False,ESPN BET,1,-115,9,,,-1.5,Final,8.5,-105
ARI,2024-08-23T23:10Z,401570390,BOS,2024,Arizona Diamondbacks,12,51.68493485,2024-08-23T11:09Z,Boston Red Sox,2,110,110,,-130,-130,,False,ESPN BET,1,-110,9,,,-1.5,Final,9.5,-110
CHC,2024-08-23T23:10Z,401570391,MIA,2024,Chicago Cubs,6,51.357049939999996,2024-08-23T11:09Z,Miami Marlins,3,-125,-125,-125,105,105,105,False,ESPN BET,1,-105,9,,,1.5,Final,8.5,-115
TEX,2024-08-23T23:10Z,401570402,CLE,2024,Texas Rangers,5,65.02336393,2024-08-23T11:09Z,Cleveland Guardians,3,125,125,125,-150,-150,-150,False,ESPN BET,1,115,9,,,-1.5,Final,7.5,-135
WSH,2024-08-23T23:20Z,401570403,ATL,2024,Washington Nationals,2,71.22122012,2024-08-23T11:09Z,Atlanta Braves,3,215,215,205,-265,-265,-250,False,ESPN BET,1,100,10,,,-1.5,Final/10,7.5,-120
DET,2024-08-24T00:10Z,401570394,CHW,2024,Detroit Tigers,5,40.31949209,2024-08-23T11:09Z,Chicago White Sox,2,-160,-160,,135,135,,False,ESPN BET,1,-120,9,,,1.5,Final,8.5,100
PHI,2024-08-24T00:10Z,401570398,KC,2024,Philadelphia Phillies,4,63.14340942,2024-08-23T11:09Z,Kansas City Royals,7,120,115,120,-145,-135,-145,False,ESPN BET,1,100,9,,,-1.5,Final,9.5,-120
STL,2024-08-24T00:10Z,401570400,MIN,2024,St. Louis Cardinals,6,58.637076099999994,2024-08-23T11:09Z,Minnesota Twins,1,130,130,125,-155,-155,-150,False,ESPN BET,1,-120,9,,,-1.5,Final,8.5,100
MIL,2024-08-24T01:40Z,401570396,OAK,2024,Milwaukee Brewers,11,45.47825828,2024-08-23T11:09Z,Oakland Athletics,3,-115,-115,-135,-105,-105,115,False,ESPN BET,1,100,9,,,1.5,Final,7.5,-120
NYM,2024-08-24T01:40Z,401570397,SD,2024,New York Mets,0,56.39911021,2024-08-23T11:09Z,San Diego Padres,7,115,115,,-135,-135,,False,ESPN BET,1,-115,9,,,-1.5,Final,7.5,-105
SF,2024-08-24T02:10Z,401570399,SEA,2024,San Francisco Giants,5,62.21340178,2024-08-23T11:09Z,Seattle Mariners,6,125,125,135,-150,-150,-160,False,ESPN BET,1,120,10,,,-1.5,Final/10,7.5,-145
TB,2024-08-24T02:10Z,401570401,LAD,2024,Tampa Bay Rays,3,64.09364038000001,2024-08-23T11:09Z,Los Angeles Dodgers,7,160,160,160,-190,-190,-190,False,ESPN BET,1,-130,9,,,-1.5,Final,8.5,110
COL,2024-08-24T18:05Z,401570408,NYY,2024,Colorado Rockies,9,64.24321429999999,2024-08-24T11:09Z,New York Yankees,2,240,240,220,-300,-300,-270,False,ESPN BET,1,-105,9,,,-2.5,Final,9.5,-115
LAA,2024-08-24T19:07Z,401570404,TOR,2024,Los Angeles Angels,1,59.73864381,2024-08-24T11:09Z,Toronto Blue Jays,3,165,165,140,-200,-200,-165,False,ESPN BET,1,100,9,,,-1.5,Final,8.5,-120
HOU,2024-08-24T20:05Z,401570410,BAL,2024,Houston Astros,2,52.85684532,2024-08-24T11:09Z,Baltimore Orioles,3,-110,-110,-125,-110,-110,105,False,ESPN BET,1,100,9,,,1.5,Final,8.5,-120
MIL,2024-08-24T20:07Z,401570411,OAK,2024,Milwaukee Brewers,9,42.71497434,2024-08-24T11:09Z,Oakland Athletics,5,-125,-125,-130,105,105,110,False,ESPN BET,1,-125,9,,,1.5,Final,7.5,105
ARI,2024-08-24T20:10Z,401570405,BOS,2024,Arizona Diamondbacks,4,48.64535241,2024-08-24T11:09Z,Boston Red Sox,1,110,110,-110,-130,-130,-110,False,ESPN BET,1,-105,9,,,-1.5,Final,9.5,-115
CHC,2024-08-24T20:10Z,401570406,MIA,2024,Chicago Cubs,14,45.080696059999994,2024-08-24T11:09Z,Miami Marlins,2,-200,-200,-165,165,165,140,False,ESPN BET,1,-125,9,,,1.5,Final,7.5,105
SF,2024-08-24T20:10Z,401570414,SEA,2024,San Francisco Giants,4,53.55598631,2024-08-24T11:09Z,Seattle Mariners,3,-105,-105,-110,-115,-115,-110,False,ESPN BET,1,105,9,,,1.5,Final,6.5,-125
CIN,2024-08-24T22:40Z,401570407,PIT,2024,Cincinnati Reds,10,41.992061670000005,2024-08-24T11:09Z,Pittsburgh Pirates,2,-110,-110,-115,-110,-110,-105,False,ESPN BET,1,100,9,,,1.5,Final,9.5,-120
DET,2024-08-24T23:10Z,401570409,CHW,2024,Detroit Tigers,13,28.739641900000002,2024-08-24T11:09Z,Chicago White Sox,4,-230,-230,-250,190,190,205,False,ESPN BET,1,115,9,,,2.5,Final,8.5,-135
PHI,2024-08-24T23:10Z,401570413,KC,2024,Philadelphia Phillies,11,50.59170557,2024-08-24T11:09Z,Kansas City Royals,2,-115,-115,-115,-105,-105,-105,False,ESPN BET,1,100,9,,,1.5,Final,9.5,-120
STL,2024-08-24T23:10Z,401570415,MIN,2024,St. Louis Cardinals,0,57.59519406,2024-08-24T11:09Z,Minnesota Twins,6,120,120,115,-145,-145,-135,False,ESPN BET,1,-115,9,,,-1.5,Final,7.5,-105
TEX,2024-08-24T23:10Z,401570417,CLE,2024,Texas Rangers,5,60.284103879999996,2024-08-24T11:09Z,Cleveland Guardians,13,120,115,-110,-145,-135,-110,False,ESPN BET,1,100,9,,,-1.5,Final,8.5,-120
WSH,2024-08-24T23:20Z,401570418,ATL,2024,Washington Nationals,2,61.49320523,2024-08-24T11:09Z,Atlanta Braves,4,135,135,145,-160,-160,-175,False,ESPN BET,1,-105,9,,,-1.5,Final,8.5,-115
NYM,2024-08-25T00:40Z,401570412,SD,2024,New York Mets,7,60.960713479999995,2024-08-24T11:09Z,San Diego Padres,1,120,120,130,-145,-145,-155,False,ESPN BET,1,105,9,,,-1.5,Final,7.5,-125
TB,2024-08-25T01:10Z,401570416,LAD,2024,Tampa Bay Rays,9,70.6523286,2024-08-24T11:09Z,Los Angeles Dodgers,8,180,180,150,-215,-215,-180,False,ESPN BET,1,-115,10,,,-1.5,Final/10,7.5,-105
WSH,2024-08-25T16:05Z,401570433,ATL,2024,Washington Nationals,5,72.53433227000001,2024-08-25T11:09Z,Atlanta Braves,1,165,165,155,-200,-200,-185,False,ESPN BET,1,100,9,,,-1.5,Final,8.5,-120
ARI,2024-08-25T17:35Z,401570420,BOS,2024,Arizona Diamondbacks,7,51.91892901000001,2024-08-25T11:09Z,Boston Red Sox,5,110,110,125,-130,-130,-150,False,ESPN BET,1,100,9,,,-1.5,Final,9.5,-120
CIN,2024-08-25T17:35Z,401570422,PIT,2024,Cincinnati Reds,3,50.258482410000006,2024-08-25T11:09Z,Pittsburgh Pirates,4,-110,-110,-105,-110,-110,-115,False,ESPN BET,1,-120,9,,,1.5,Final,8.5,100
COL,2024-08-25T17:35Z,401570423,NYY,2024,Colorado Rockies,3,74.34243693,2024-08-25T11:09Z,New York Yankees,10,210,210,240,-255,-255,-300,False,ESPN BET,1,105,9,,,-2.5,Final,9.5,-125
LAA,2024-08-25T17:37Z,401570419,TOR,2024,Los Angeles Angels,2,58.54953735,2024-08-25T11:09Z,Toronto Blue Jays,8,140,140,145,-165,-165,-175,False,ESPN BET,1,100,9,,,-1.5,Final,8.5,-120
CHC,2024-08-25T17:40Z,401570421,MIA,2024,Chicago Cubs,2,26.661935269999997,2024-08-25T11:09Z,Miami Marlins,7,-180,-180,-165,150,150,140,False,ESPN BET,1,115,9,,,1.5,Final,9.5,-135
TEX,2024-08-25T17:40Z,401570432,CLE,2024,Texas Rangers,2,60.89708841,2024-08-25T11:09Z,Cleveland Guardians,4,105,105,105,-125,-125,-125,False,ESPN BET,1,105,9,,,-1.5,Final,8.5,-125
DET,2024-08-25T18:10Z,401570424,CHW,2024,Detroit Tigers,9,42.53619018,2024-08-25T11:09Z,Chicago White Sox,4,-155,-155,-150,130,130,125,False,ESPN BET,1,115,9,,,1.5,Final,9.5,-135
PHI,2024-08-25T18:10Z,401570428,KC,2024,Philadelphia Phillies,11,61.99889824,2024-08-25T11:09Z,Kansas City Royals,3,120,120,105,-145,-145,-125,False,ESPN BET,1,105,9,,,-1.5,Final,10.5,-125
STL,2024-08-25T18:10Z,401570430,MIN,2024,St. Louis Cardinals,3,55.298291479999996,2024-08-25T11:09Z,Minnesota Twins,2,125,125,110,-150,-150,-130,False,ESPN BET,1,-115,9,,,-1.5,Final,8.5,-105
MIL,2024-08-25T20:07Z,401570426,OAK,2024,Milwaukee Brewers,3,38.5183813,2024-08-25T11:09Z,Oakland Athletics,4,-150,-150,-125,125,125,105,False,ESPN BET,1,-105,9,,,1.5,Final,8.5,-115
NYM,2024-08-25T20:10Z,401570427,SD,2024,New York Mets,2,51.81726126,2024-08-25T11:09Z,San Diego Padres,3,100,100,105,-120,-120,-125,False,ESPN BET,1,-120,9,,,1.5,Final,8.5,100
SF,2024-08-25T20:10Z,401570429,SEA,2024,San Francisco Giants,3,69.29597147999999,2024-08-25T11:09Z,Seattle Mariners,4,120,120,120,-145,-145,-145,False,ESPN BET,1,110,9,,,-1.5,Final,7.5,-130
TB,2024-08-25T20:10Z,401570431,LAD,2024,Tampa Bay Rays,1,67.07671146,2024-08-25T11:09Z,Los Angeles Dodgers,3,200,200,160,-240,-240,-190,False,ESPN BET,1,-130,9,,,-1.5,Final,8.5,110
HOU,2024-08-25T23:00Z,401570425,BAL,2024,Houston Astros,6,54.68528898,2024-08-25T11:09Z,Baltimore Orioles,3,-110,-110,-115,-110,-110,-105,False,ESPN BET,1,100,9,,,1.5,Final,8.5,-120
KC,2024-08-26T17:10Z,401676916,CLE,2024,Kansas City Royals,4,52.056506219999996,2024-08-26T11:08Z,Cleveland Guardians,3,-135,-135,-120,115,115,100,False,ESPN BET,1,110,9,,,1.5,Final,8.5,-130
CHC,2024-08-26T22:40Z,401570435,PIT,2024,Chicago Cubs,18,54.70995203,2024-08-26T11:09Z,Pittsburgh Pirates,8,-105,-105,-110,-115,-115,-110,False,ESPN BET,1,-110,9,,,1.5,Final,8.5,-110
HOU,2024-08-26T22:40Z,401570437,PHI,2024,Houston Astros,2,63.80667397999999,2024-08-26T11:09Z,Philadelphia Phillies,3,165,165,130,-200,-200,-155,False,ESPN BET,1,-130,10,,,-1.5,Final/10,7.5,110
KC,2024-08-26T22:40Z,401570438,CLE,2024,Kansas City Royals,9,57.232497540000004,2024-08-26T11:08Z,Cleveland Guardians,4,120,120,-105,-145,-145,-115,False,ESPN BET,1,-135,9,,,-1.5,Final,8.5,115
NYY,2024-08-26T22:45Z,401570440,WSH,2024,New York Yankees,5,41.68377492,2024-08-26T11:09Z,Washington Nationals,2,-190,-190,-180,160,160,150,False,ESPN BET,1,-130,9,,,1.5,Final,8.5,110
TOR,2024-08-26T23:10Z,401570443,BOS,2024,Toronto Blue Jays,7,60.35611679,2024-08-26T11:09Z,Boston Red Sox,3,135,135,145,-160,-160,-175,False,ESPN BET,1,105,9,,,-1.5,Final,9.5,-125
ATL,2024-08-26T23:40Z,401570434,MIN,2024,Atlanta Braves,10,57.06779637,2024-08-26T11:09Z,Minnesota Twins,6,100,100,-110,-120,-120,-110,False,ESPN BET,1,110,9,,,1.5,Final,8.5,-130
SD,2024-08-26T23:45Z,401570441,STL,2024,San Diego Padres,7,51.11240494,2024-08-26T11:09Z,St. Louis Cardinals,4,105,105,-115,-125,-125,-105,False,ESPN BET,1,-135,9,,,-1.5,Final,8.5,115
DET,2024-08-27T00:10Z,401570436,CHW,2024,Detroit Tigers,6,45.764019680000004,2024-08-26T11:09Z,Chicago White Sox,3,-145,-145,-150,120,120,125,False,ESPN BET,1,-135,9,,,1.5,Final,8.5,115
MIA,2024-08-27T00:40Z,401570439,COL,2024,Miami Marlins,2,51.88058862,2024-08-26T11:09Z,Colorado Rockies,3,-110,-110,-110,-110,-110,-110,False,ESPN BET,1,-110,9,,,1.5,Final,10.5,-110
TB,2024-08-27T01:40Z,401570442,SEA,2024,Tampa Bay Rays,1,58.298970569999994,2024-08-26T11:09Z,Seattle Mariners,5,105,105,100,-125,-125,-120,False,ESPN BET,1,-115,9,,,-1.5,Final,6.5,-105
LAA,2024-08-27T22:40Z,401570444,DET,2024,Los Angeles Angels,2,64.94722078000001,2024-08-27T11:09Z,Detroit Tigers,6,130,130,135,-155,-155,-160,False,ESPN BET,1,100,9,,,-1.5,Final,9.5,-120
CHC,2024-08-27T22:40Z,401570447,PIT,2024,Chicago Cubs,9,43.53258311,2024-08-27T11:09Z,Pittsburgh Pirates,5,-120,-120,-150,100,100,125,False,ESPN BET,1,-115,9,,,1.5,Final,7.5,-105
HOU,2024-08-27T22:40Z,401570448,PHI,2024,Houston Astros,0,59.18612133,2024-08-27T11:09Z,Philadelphia Phillies,5,110,110,130,-130,-130,-155,False,ESPN BET,1,-115,9,,,-1.5,Final,8.5,-105
KC,2024-08-27T22:40Z,401570449,CLE,2024,Kansas City Royals,6,54.13805732,2024-08-27T11:09Z,Cleveland Guardians,1,135,135,120,-160,-160,-145,False,ESPN BET,1,100,9,,,-1.5,Final,9.5,-120
OAK,2024-08-27T22:40Z,401570453,CIN,2024,Oakland Athletics,5,62.76731954,2024-08-27T11:09Z,Cincinnati Reds,4,110,110,125,-130,-130,-150,False,ESPN BET,1,-125,9,,,-1.5,Final,9.5,105
NYY,2024-08-27T22:45Z,401570451,WSH,2024,New York Yankees,2,29.59153987,2024-08-27T11:09Z,Washington Nationals,4,-235,-235,-240,195,195,200,False,ESPN BET,1,100,9,,,2.5,Final,9.5,-120
TOR,2024-08-27T23:10Z,401570458,BOS,2024,Toronto Blue Jays,3,57.4917196,2024-08-27T11:09Z,Boston Red Sox,6,110,110,125,-130,-130,-150,False,ESPN BET,1,-115,9,,,-1.5,Final,9.5,-105
ATL,2024-08-27T23:40Z,401570445,MIN,2024,Atlanta Braves,8,56.61174221,2024-08-27T11:09Z,Minnesota Twins,6,-110,-110,-115,-110,-110,-105,False,ESPN BET,1,100,10,,,1.5,Final/10,8.5,-120
SD,2024-08-27T23:45Z,401570454,STL,2024,San Diego Padres,7,40.04642855,2024-08-27T11:09Z,St. Louis Cardinals,5,-145,-145,-155,120,120,130,False,ESPN BET,1,100,9,,,1.5,Final,8.5,-120
SF,2024-08-28T00:10Z,401570455,MIL,2024,San Francisco Giants,5,58.75976952999999,2024-08-27T11:09Z,Milwaukee Brewers,4,100,100,-115,-120,-120,-105,False,ESPN BET,1,110,9,,,1.5,Final,8.5,-130
TEX,2024-08-28T00:10Z,401570457,CHW,2024,Texas Rangers,3,44.70906544,2024-08-27T11:09Z,Chicago White Sox,1,-135,-135,-155,115,115,130,False,ESPN BET,1,-105,9,,,1.5,Final,8.5,-115
MIA,2024-08-28T00:40Z,401570450,COL,2024,Miami Marlins,9,58.69598132,2024-08-27T11:09Z,Colorado Rockies,8,125,125,130,-150,-150,-155,False,ESPN BET,1,-105,9,,,-1.5,Final,11.5,-115
NYM,2024-08-28T01:40Z,401570452,ARI,2024,New York Mets,8,57.18814148,2024-08-27T11:09Z,Arizona Diamondbacks,3,-110,-110,-110,-110,-110,-110,False,ESPN BET,1,100,9,,,1.5,Final,8.5,-120
TB,2024-08-28T01:40Z,401570456,SEA,2024,Tampa Bay Rays,3,53.66532052,2024-08-27T11:09Z,Seattle Mariners,2,,,,,,,False,,,,9,,,,Final,,
BAL,2024-08-28T02:10Z,401570446,LAD,2024,Baltimore Orioles,3,65.05673777999999,2024-08-27T11:09Z,Los Angeles Dodgers,2,155,155,165,-185,-185,-200,False,ESPN BET,1,-115,9,,,-1.5,Final,8.5,-105
CHC,2024-08-28T16:35Z,401570462,PIT,2024,Chicago Cubs,14,65.14583915,2024-08-28T11:09Z,Pittsburgh Pirates,10,145,145,145,-175,-175,-175,False,ESPN BET,1,105,9,,,-1.5,Final,8.5,-125
KC,2024-08-28T17:10Z,401570464,CLE,2024,Kansas City Royals,5,57.43850688,2024-08-28T11:09Z,Cleveland Guardians,7,130,130,120,-155,-155,-145,False,ESPN BET,1,100,9,,,-1.5,Final,8.5,-120
HOU,2024-08-28T20:05Z,401570463,PHI,2024,Houston Astros,10,53.19534336,2024-08-28T11:09Z,Philadelphia Phillies,0,-125,-125,-110,105,105,-110,False,ESPN BET,1,-120,9,,,1.5,Final,9.5,100
TB,2024-08-28T20:10Z,401570471,SEA,2024,Tampa Bay Rays,2,65.14888418,2024-08-28T11:09Z,Seattle Mariners,6,125,125,145,-150,-150,-175,False,ESPN BET,1,-120,9,,,-1.5,Final,6.5,100
OAK,2024-08-28T22:40Z,401570468,CIN,2024,Oakland Athletics,9,60.78862574,2024-08-28T11:09Z,Cincinnati Reds,6,-110,-110,-110,-110,-110,-110,False,ESPN BET,1,-120,9,,,1.5,Final,9.5,100
NYY,2024-08-28T22:45Z,401570466,WSH,2024,New York Yankees,2,44.63828391,2024-08-28T11:09Z,Washington Nationals,5,-210,-210,-185,175,175,155,False,ESPN BET,1,110,9,,,1.5,Final,9.5,-130
TOR,2024-08-28T23:10Z,401570473,BOS,2024,Toronto Blue Jays,0,55.80286666999999,2024-08-28T11:09Z,Boston Red Sox,3,115,115,120,-135,-135,-145,False,ESPN BET,1,105,9,,,-1.5,Final,9.5,-125
ATL,2024-08-28T23:40Z,401570460,MIN,2024,Atlanta Braves,5,45.17528146,2024-08-28T11:09Z,Minnesota Twins,1,-150,-150,,125,125,,False,ESPN BET,1,-105,9,,,1.5,Final,7.5,-115
SD,2024-08-28T23:45Z,401570469,STL,2024,San Diego Padres,3,46.26734661,2024-08-28T11:09Z,St. Louis Cardinals,4,-125,-125,-120,105,105,100,False,ESPN BET,1,105,9,,,1.5,Final,8.5,-125
SF,2024-08-29T00:10Z,401570470,MIL,2024,San Francisco Giants,3,64.78156046,2024-08-28T11:09Z,Milwaukee Brewers,5,135,135,135,-160,-160,-160,False,ESPN BET,1,-115,9,,,-1.5,Final,7.5,-105
TEX,2024-08-29T00:20Z,401570472,CHW,2024,Texas Rangers,4,45.11814064,2024-08-28T11:09Z,Chicago White Sox,3,-200,-200,-185,165,165,155,False,ESPN BET,1,110,9,,,1.5,Final,9.5,-130
LAA,2024-08-29T00:30Z,401570459,DET,2024,Los Angeles Angels,2,52.74500539,2024-08-28T11:09Z,Detroit Tigers,3,135,135,120,-160,-160,-145,False,ESPN BET,1,115,9,,,-1.5,Final,9.5,-135
MIA,2024-08-29T00:40Z,401570465,COL,2024,Miami Marlins,2,51.17937858,2024-08-28T11:09Z,Colorado Rockies,8,115,120,110,-135,-145,-130,False,ESPN BET,1,-135,9,,,-1.5,Final,10.5,110
NYM,2024-08-29T01:40Z,401570467,ARI,2024,New York Mets,5,62.49002734,2024-08-28T11:09Z,Arizona Diamondbacks,8,105,105,115,-125,-125,-135,False,ESPN BET,1,110,9,,,-1.5,Final,9.5,-130
BAL,2024-08-29T02:10Z,401570461,LAD,2024,Baltimore Orioles,4,46.01379906,2024-08-28T11:09Z,Los Angeles Dodgers,6,-105,-105,100,-115,-115,-120,False,ESPN BET,1,-105,9,,,1.5,Final,8.5,-115
LAA,2024-08-29T17:10Z,401570474,DET,2024,Los Angeles Angels,3,58.36941924,2024-08-29T11:09Z,Detroit Tigers,0,150,150,145,-180,-180,-175,False,ESPN BET,1,-130,9,,,-1.5,Final,8.5,110
SF,2024-08-29T18:10Z,401570482,MIL,2024,San Francisco Giants,0,63.35742512,2024-08-29T11:09Z,Milwaukee Brewers,6,110,110,125,-130,-130,-150,False,ESPN BET,1,-105,9,,,-1.5,Final,8.5,-115
TEX,2024-08-29T18:10Z,401570483,CHW,2024,Texas Rangers,2,32.20553136,2024-08-29T11:09Z,Chicago White Sox,1,-285,-285,-240,230,230,200,False,ESPN BET,1,-115,9,,,2.5,Final,8.5,-105
SD,2024-08-29T18:15Z,401570481,STL,2024,San Diego Padres,1,45.27692759,2024-08-29T11:09Z,St. Louis Cardinals,4,-105,-105,-105,-115,-115,-115,False,ESPN BET,1,-110,9,,,1.5,Final,7.5,-110
MIA,2024-08-29T19:10Z,401570478,COL,2024,Miami Marlins,12,54.64741499,2024-08-29T11:09Z,Colorado Rockies,8,120,120,105,-145,-145,-125,False,ESPN BET,1,100,9,,,-1.5,Final,11.5,-120
NYM,2024-08-29T19:40Z,401570479,ARI,2024,New York Mets,3,51.72633518000001,2024-08-29T11:09Z,Arizona Diamondbacks,2,105,105,100,-125,-125,-120,False,ESPN BET,1,100,9,,,-1.5,Final,8.5,-120
OAK,2024-08-29T21:10Z,401570480,CIN,2024,Oakland Athletics,9,60.01859365,2024-08-29T11:09Z,Cincinnati Reds,10,115,115,105,-135,-135,-125,False,ESPN BET,1,-115,9,,,-1.5,Final,10.5,-105
ATL,2024-08-29T22:40Z,401570475,PHI,2024,Atlanta Braves,4,61.28197088,2024-08-29T11:09Z,Philadelphia Phillies,5,135,135,130,-160,-160,-155,False,ESPN BET,1,100,9,,,-1.5,Final,8.5,-120
TOR,2024-08-29T23:10Z,401570484,BOS,2024,Toronto Blue Jays,2,57.262801659999994,2024-08-29T11:09Z,Boston Red Sox,0,110,110,120,-130,-130,-145,False,ESPN BET,1,-130,9,,,-1.5,Final,7.5,110
KC,2024-08-30T00:10Z,401570477,HOU,2024,Kansas City Royals,3,56.070543439999994,2024-08-29T11:09Z,Houston Astros,6,140,140,135,-165,-165,-160,False,ESPN BET,1,-120,9,,,-1.5,Final,7.5,100
BAL,2024-08-30T02:10Z,401570476,LAD,2024,Baltimore Orioles,3,59.263017770000005,2024-08-29T11:09Z,Los Angeles Dodgers,6,115,120,140,-135,-145,-165,False,ESPN BET,1,-120,9,,,-1.5,Final,8.5,100
MIL,2024-08-30T16:40Z,401654222,CIN,2024,Milwaukee Brewers,5,51.96516822,2024-08-30T11:09Z,Cincinnati Reds,4,-120,-120,-130,100,100,110,False,ESPN BET,1,105,10,,,1.5,Final/10,9.5,-125
ATL,2024-08-30T22:40Z,401570485,PHI,2024,Atlanta Braves,7,54.82020669999999,2024-08-30T11:09Z,Philadelphia Phillies,2,120,120,115,-145,-145,-135,False,ESPN BET,1,-105,9,,,-1.5,Final,7.5,-115
BOS,2024-08-30T22:40Z,401570487,DET,2024,Boston Red Sox,7,49.87304711,2024-08-30T11:09Z,Detroit Tigers,5,-120,-120,-145,100,100,120,False,ESPN BET,1,-110,10,,,1.5,Final/10,8.5,-110
MIL,2024-08-30T22:40Z,401570492,CIN,2024,Milwaukee Brewers,14,44.74507386,2024-08-30T11:09Z,Cincinnati Reds,0,100,100,115,-120,-120,-135,False,ESPN BET,1,-120,9,,,1.5,Final,9.5,100
CHC,2024-08-30T22:45Z,401570488,WSH,2024,Chicago Cubs,7,46.5860683,2024-08-30T11:09Z,Washington Nationals,6,-145,-145,-165,120,120,140,False,ESPN BET,1,-120,9,,,1.5,Final,7.5,100
SD,2024-08-30T22:50Z,401570496,TB,2024,San Diego Padres,13,51.12054521,2024-08-30T11:09Z,Tampa Bay Rays,5,105,105,115,-125,-125,-135,False,ESPN BET,1,-110,9,,,-1.5,Final,7.5,-110
STL,2024-08-30T23:05Z,401570498,NYY,2024,St. Louis Cardinals,3,62.938298059999994,2024-08-30T11:09Z,New York Yankees,6,155,155,145,-185,-185,-175,False,ESPN BET,1,-115,9,,,-1.5,Final,8.5,-105
PIT,2024-08-30T23:10Z,401570495,CLE,2024,Pittsburgh Pirates,8,65.88924317,2024-08-30T11:09Z,Cleveland Guardians,10,135,135,140,-160,-160,-165,False,ESPN BET,1,-115,9,,,-1.5,Final,8.5,-105
OAK,2024-08-31T00:05Z,401570494,TEX,2024,Oakland Athletics,9,57.45790169,2024-08-30T11:09Z,Texas Rangers,2,105,105,130,-125,-125,-155,False,ESPN BET,1,-115,9,,,-1.5,Final,8.5,-105
KC,2024-08-31T00:10Z,401570489,HOU,2024,Kansas City Royals,2,56.91599371,2024-08-30T11:09Z,Houston Astros,3,165,165,140,-200,-200,-165,False,ESPN BET,1,-110,9,,,-1.5,Final,7.5,-110
NYM,2024-08-31T00:10Z,401570493,CHW,2024,New York Mets,5,40.1158672,2024-08-30T11:09Z,Chicago White Sox,1,-225,-225,-210,185,185,175,False,ESPN BET,1,-105,9,,,1.5,Final,9.5,-115
TOR,2024-08-31T00:10Z,401570499,MIN,2024,Toronto Blue Jays,0,60.67653602000001,2024-08-30T11:09Z,Minnesota Twins,2,150,150,140,-180,-180,-165,False,ESPN BET,1,-120,9,,,-1.5,Final,7.5,100
BAL,2024-08-31T00:40Z,401570486,COL,2024,Baltimore Orioles,5,37.08694362,2024-08-30T11:09Z,Colorado Rockies,3,-150,-150,-180,125,125,150,False,ESPN BET,1,115,9,,,1.5,Final,11.5,-135
SEA,2024-08-31T01:38Z,401570497,LAA,2024,Seattle Mariners,9,43.90786705,2024-08-30T11:09Z,Los Angeles Angels,5,-180,-180,-180,150,150,150,False,ESPN BET,1,-110,9,,,1.5,Final,8.5,-110
LAD,2024-08-31T01:40Z,401570490,ARI,2024,Los Angeles Dodgers,10,56.34069412,2024-08-30T11:09Z,Arizona Diamondbacks,9,-145,-145,-130,120,120,110,False,ESPN BET,1,-115,9,,,1.5,Final,8.5,-105
MIA,2024-08-31T02:15Z,401570491,SF,2024,Miami Marlins,1,79.17611112,2024-08-30T11:09Z,San Francisco Giants,3,225,225,200,-275,-275,-240,False,ESPN BET,1,-105,9,,,-1.5,Final,7.5,-115
STL,2024-08-31T17:05Z,401570513,NYY,2024,St. Louis Cardinals,6,56.920862819999996,2024-08-31T11:09Z,New York Yankees,5,140,140,145,-165,-165,-175,False,ESPN BET,1,-105,9,,,-1.5,Final,9.5,-115
CHC,2024-08-31T20:05Z,401570503,WSH,2024,Chicago Cubs,5,45.154199,2024-08-31T11:09Z,Washington Nationals,3,-115,-115,-135,-105,-105,115,False,ESPN BET,1,105,9,,,1.5,Final,9.5,-125
SD,2024-08-31T20:10Z,401570511,TB,2024,San Diego Padres,4,46.526777190000004,2024-08-31T11:09Z,Tampa Bay Rays,11,100,100,105,-120,-120,-125,False,ESPN BET,1,105,9,,,1.5,Final,8.5,-125
BOS,2024-08-31T22:10Z,401570502,DET,2024,Boston Red Sox,1,62.82087006,2024-08-31T11:09Z,Detroit Tigers,2,125,125,145,-150,-150,-175,False,ESPN BET,1,-115,9,,,-1.5,Final,7.5,-105
PIT,2024-08-31T22:10Z,401570510,CLE,2024,Pittsburgh Pirates,3,63.02161856,2024-08-31T11:09Z,Cleveland Guardians,0,160,160,140,-190,-190,-165,False,ESPN BET,1,-105,9,,,-1.5,Final,8.5,-115
OAK,2024-08-31T23:05Z,401570509,TEX,2024,Oakland Athletics,2,61.00171459,2024-08-31T11:09Z,Texas Rangers,3,140,140,135,-165,-165,-160,False,ESPN BET,1,-115,9,,,-1.5,Final,8.5,-105
KC,2024-08-31T23:10Z,401570504,HOU,2024,Kansas City Royals,2,50.55448464,2024-08-31T11:09Z,Houston Astros,5,100,110,115,-120,-130,-135,False,ESPN BET,1,110,9,,,1.5,Final,7.5,-130
NYM,2024-08-31T23:10Z,401570508,CHW,2024,New York Mets,5,36.25297623,2024-08-31T11:09Z,Chicago White Sox,3,-190,-190,-200,160,160,165,False,ESPN BET,1,-135,9,,,1.5,Final,8.5,115
TOR,2024-08-31T23:10Z,401570514,MIN,2024,Toronto Blue Jays,15,56.76794744,2024-08-31T11:09Z,Minnesota Twins,0,120,120,135,-145,-145,-160,False,ESPN BET,1,-135,9,,,-1.5,Final,8.5,115
ATL,2024-08-31T23:15Z,401570500,PHI,2024,Atlanta Braves,0,62.904981940000006,2024-08-31T11:09Z,Philadelphia Phillies,3,140,140,125,-165,-165,-150,False,ESPN BET,1,-115,9,,,-1.5,Final,7.5,-105
MIL,2024-08-31T23:15Z,401570507,CIN,2024,Milwaukee Brewers,5,49.31822529,2024-08-31T11:09Z,Cincinnati Reds,4,-130,-130,-120,110,110,100,False,ESPN BET,1,-110,9,,,1.5,Final,8.5,-110
BAL,2024-09-01T00:10Z,401570501,COL,2024,Baltimore Orioles,5,41.39119669,2024-08-31T11:09Z,Colorado Rockies,7,-165,-165,-180,140,140,150,False,ESPN BET,1,110,9,,,1.5,Final,11.5,-130
LAD,2024-09-01T00:10Z,401570505,ARI,2024,Los Angeles Dodgers,8,58.911421239999996,2024-08-31T11:09Z,Arizona Diamondbacks,6,-135,-135,-130,115,115,110,False,ESPN BET,1,100,9,,,1.5,Final,9.5,-120
MIA,2024-09-01T01:05Z,401570506,SF,2024,Miami Marlins,4,66.39473380000001,2024-08-31T11:09Z,San Francisco Giants,3,120,120,120,-145,-145,-145,False,ESPN BET,1,-110,9,,,-1.5,Final,7.5,-110
SEA,2024-09-01T01:38Z,401570512,LAA,2024,Seattle Mariners,4,46.2287131,2024-08-31T11:09Z,Los Angeles Angels,5,-165,-165,-175,140,140,145,False,ESPN BET,1,-120,9,,,1.5,Final,7.5,100
MIL,2024-09-01T16:10Z,401570522,CIN,2024,Milwaukee Brewers,3,41.86493583,2024-09-01T11:08Z,Cincinnati Reds,4,-135,-135,-130,115,115,110,False,ESPN BET,1,-110,11,,,1.5,Final/11,9.5,-110
CHC,2024-09-01T17:35Z,401570518,WSH,2024,Chicago Cubs,14,52.37432472,2024-09-01T11:08Z,Washington Nationals,1,-135,-135,-130,115,115,110,False,ESPN BET,1,-130,9,,,1.5,Final,8.5,110
STL,2024-09-01T17:35Z,401570528,NYY,2024,St. Louis Cardinals,14,69.27887452,2024-09-01T11:08Z,New York Yankees,7,205,205,165,-250,-250,-200,False,ESPN BET,1,-110,9,,,-1.5,Final,9.5,-110
BOS,2024-09-01T17:40Z,401570517,DET,2024,Boston Red Sox,1,57.051011949999996,2024-09-01T11:08Z,Detroit Tigers,4,-105,-105,-120,-115,-115,100,False,ESPN BET,1,100,9,,,1.5,Final,9.5,-120
PIT,2024-09-01T17:40Z,401570525,CLE,2024,Pittsburgh Pirates,1,60.48379389,2024-09-01T11:08Z,Cleveland Guardians,6,130,130,130,-155,-155,-155,False,ESPN BET,1,-115,9,,,-1.5,Final,7.5,-105
SD,2024-09-01T17:40Z,401570526,TB,2024,San Diego Padres,4,46.425501749999995,2024-09-01T11:08Z,Tampa Bay Rays,3,-125,-125,-130,105,105,110,False,ESPN BET,1,-125,9,,,1.5,Final,6.5,105
KC,2024-09-01T18:10Z,401570519,HOU,2024,Kansas City Royals,2,63.49080705,2024-09-01T11:08Z,Houston Astros,7,140,140,140,-165,-165,-165,False,ESPN BET,1,-115,9,,,-1.5,Final,8.5,-105
NYM,2024-09-01T18:10Z,401570523,CHW,2024,New York Mets,2,34.23341981,2024-09-01T11:08Z,Chicago White Sox,0,-180,-180,-175,150,150,145,False,ESPN BET,1,-120,9,,,1.5,Final,7.5,100
TOR,2024-09-01T18:10Z,401570529,MIN,2024,Toronto Blue Jays,3,64.98751353,2024-09-01T11:08Z,Minnesota Twins,4,225,220,155,-275,-270,-185,False,ESPN BET,1,-125,9,,,-1.5,Final,7.5,105
OAK,2024-09-01T18:35Z,401570524,TEX,2024,Oakland Athletics,4,55.69404645,2024-09-01T11:08Z,Texas Rangers,6,110,110,115,-130,-130,-135,False,ESPN BET,1,-125,10,,,-1.5,Final/10,8.5,105
BAL,2024-09-01T19:10Z,401570516,COL,2024,Baltimore Orioles,6,30.81080187,2024-09-01T11:08Z,Colorado Rockies,1,-185,-185,-185,155,155,155,False,ESPN BET,1,-120,9,,,1.5,Final,10.5,100
MIA,2024-09-01T20:05Z,401570521,SF,2024,Miami Marlins,7,73.22308087,2024-09-01T11:08Z,San Francisco Giants,5,225,225,195,-275,-275,-235,False,ESPN BET,1,105,9,,,-1.5,Final,7.5,-125
SEA,2024-09-01T20:07Z,401570527,LAA,2024,Seattle Mariners,2,44.254286040000004,2024-09-01T11:08Z,Los Angeles Angels,3,-175,-175,-165,145,145,140,False,ESPN BET,1,-125,9,,,1.5,Final,8.5,105
LAD,2024-09-01T20:10Z,401570520,ARI,2024,Los Angeles Dodgers,3,56.28652478,2024-09-01T11:08Z,Arizona Diamondbacks,14,-110,-110,-105,-110,-110,-115,False,ESPN BET,1,110,9,,,1.5,Final,9.5,-130
ATL,2024-09-01T23:00Z,401570515,PHI,2024,Atlanta Braves,2,63.10092711000001,2024-09-01T11:08Z,Philadelphia Phillies,3,105,105,125,-125,-125,-150,False,ESPN BET,1,105,11,,,1.5,Final/11,8.5,-125
STL,2024-09-02T18:10Z,401570540,MIL,2024,St. Louis Cardinals,3,67.06210881,2024-09-02T11:08Z,Milwaukee Brewers,9,145,145,140,-175,-175,-165,False,ESPN BET,1,-110,9,,,-1.5,Final,7.5,-110
CHW,2024-09-02T19:05Z,401570531,BAL,2024,Chicago White Sox,3,83.13951912,2024-09-02T11:08Z,Baltimore Orioles,13,360,360,310,-475,-475,-400,False,ESPN BET,1,-120,9,,,-2.5,Final,7.5,100
CLE,2024-09-02T20:10Z,401570532,KC,2024,Cleveland Guardians,4,57.25385758,2024-09-02T11:08Z,Kansas City Royals,2,-105,-105,-105,-115,-115,-115,False,ESPN BET,1,-125,9,,,1.5,Final,7.5,105
HOU,2024-09-02T20:10Z,401570534,CIN,2024,Houston Astros,3,45.29177076,2024-09-02T11:08Z,Cincinnati Reds,5,-165,-165,-175,140,140,145,False,ESPN BET,1,-105,9,,,1.5,Final,9.5,-115
LAD,2024-09-02T20:10Z,401570535,ARI,2024,Los Angeles Dodgers,11,52.05577587,2024-09-02T11:08Z,Arizona Diamondbacks,6,-145,-145,-145,120,120,120,False,ESPN BET,1,-120,9,,,1.5,Final,8.5,100
DET,2024-09-02T22:40Z,401570533,SD,2024,Detroit Tigers,0,62.176635250000004,2024-09-02T11:08Z,San Diego Padres,3,170,170,145,-205,-205,-175,False,ESPN BET,1,105,9,,,-1.5,Final,8.5,-125
MIN,2024-09-02T22:50Z,401570536,TB,2024,Minnesota Twins,5,51.62893329,2024-09-02T11:08Z,Tampa Bay Rays,4,-115,-115,-115,-105,-105,-105,False,ESPN BET,1,-125,9,,,1.5,Final,7.5,105
SEA,2024-09-02T23:07Z,401570539,OAK,2024,Seattle Mariners,4,48.19651397,2024-09-02T11:08Z,Oakland Athletics,5,-145,-145,-135,120,120,115,False,ESPN BET,1,105,9,,,1.5,Final,7.5,-125
BOS,2024-09-02T23:10Z,401570530,NYM,2024,Boston Red Sox,1,57.37634223,2024-09-02T11:08Z,New York Mets,4,-105,-105,105,-115,-115,-125,False,ESPN BET,1,-105,9,,,1.5,Final,8.5,-115
PIT,2024-09-02T23:40Z,401570538,CHC,2024,Pittsburgh Pirates,5,62.16891674,2024-09-02T11:08Z,Chicago Cubs,3,120,120,125,-145,-145,-150,False,ESPN BET,1,-110,9,,,-1.5,Final,7.5,-110
NYY,2024-09-03T00:05Z,401570537,TEX,2024,New York Yankees,8,39.098278869999994,2024-09-02T11:08Z,Texas Rangers,4,-190,-190,-185,160,160,155,False,ESPN BET,1,-120,9,,,1.5,Final,8.5,100
CHW,2024-09-03T22:35Z,401570543,BAL,2024,Chicago White Sox,0,72.17890604,2024-09-03T11:08Z,Baltimore Orioles,9,260,260,230,-325,-325,-285,False,ESPN BET,1,-125,9,,,-2.5,Final,8.5,105
WSH,2024-09-03T22:40Z,401570553,MIA,2024,Washington Nationals,6,55.55639309,2024-09-03T11:08Z,Miami Marlins,2,-105,-105,-105,-115,-115,-115,False,ESPN BET,1,100,9,,,1.5,Final,8.5,-120
MIN,2024-09-03T22:50Z,401570547,TB,2024,Minnesota Twins,1,62.40649155,2024-09-03T11:08Z,Tampa Bay Rays,2,-110,-110,-105,-110,-110,-115,False,ESPN BET,1,115,9,,,1.5,Final,7.5,-135
PHI,2024-09-03T23:07Z,401570549,TOR,2024,Philadelphia Phillies,10,53.80149319,2024-09-03T11:08Z,Toronto Blue Jays,9,100,100,100,-120,-120,-120,False,ESPN BET,1,-120,9,,,-1.5,Final,8.5,100
BOS,2024-09-03T23:10Z,401570542,NYM,2024,Boston Red Sox,2,61.00955424,2024-09-03T11:08Z,New York Mets,7,110,110,120,-130,-130,-145,False,ESPN BET,1,-115,9,,,-1.5,Final,7.5,-105
COL,2024-09-03T23:20Z,401570545,ATL,2024,Colorado Rockies,0,77.77646725,2024-09-03T11:08Z,Atlanta Braves,3,295,295,300,-375,-375,-385,False,ESPN BET,1,100,9,,,-2.5,Final,7.5,-120
CLE,2024-09-03T23:40Z,401570544,KC,2024,Cleveland Guardians,7,50.49451902,2024-09-03T11:08Z,Kansas City Royals,1,-135,-135,-120,115,115,100,False,ESPN BET,1,-130,9,,,1.5,Final,7.5,110
PIT,2024-09-03T23:40Z,401570550,CHC,2024,Pittsburgh Pirates,5,45.13422904,2024-09-03T11:08Z,Chicago Cubs,0,-125,-125,110,105,105,-130,False,ESPN BET,1,-110,9,,,1.5,Final,7.5,-110
STL,2024-09-03T23:40Z,401570552,MIL,2024,St. Louis Cardinals,7,64.79611938,2024-09-03T11:08Z,Milwaukee Brewers,4,130,130,130,-155,-155,-155,False,ESPN BET,1,-125,12,,,-1.5,Final/12,7.5,105
NYY,2024-09-04T00:05Z,401570548,TEX,2024,New York Yankees,4,48.40726182,2024-09-03T11:08Z,Texas Rangers,7,-160,-160,-135,135,135,115,False,ESPN BET,1,-115,9,,,1.5,Final,8.5,-105
LAD,2024-09-04T01:38Z,401570546,LAA,2024,Los Angeles Dodgers,6,43.92744396,2024-09-03T11:08Z,Los Angeles Angels,2,-175,-175,-175,145,145,145,False,ESPN BET,1,105,10,,,1.5,Final/10,9.5,-125
SEA,2024-09-04T01:40Z,401570551,OAK,2024,Seattle Mariners,2,45.50681569,2024-09-03T11:08Z,Oakland Athletics,3,-160,-160,-155,135,135,130,False,ESPN BET,1,-115,9,,,1.5,Final,8.5,-105
ARI,2024-09-04T01:45Z,401570541,SF,2024,Arizona Diamondbacks,8,48.8185946,2024-09-03T11:08Z,San Francisco Giants,7,-120,-120,-120,100,100,100,False,ESPN BET,1,-110,9,,,1.5,Final,7.5,-110
PHI,2024-09-04T19:07Z,401570564,TOR,2024,Philadelphia Phillies,4,48.91809019,2024-09-04T11:09Z,Toronto Blue Jays,2,-125,-125,-125,105,105,105,False,ESPN BET,1,-110,9,,,1.5,Final,7.5,-110
CHW,2024-09-04T22:35Z,401570556,BAL,2024,Chicago White Sox,8,78.51753746,2024-09-04T11:09Z,Baltimore Orioles,1,300,300,260,-380,-380,-325,False,ESPN BET,1,100,9,,,-2.5,Final,8.5,-120
HOU,2024-09-04T22:40Z,401570560,CIN,2024,Houston Astros,5,57.09023023,2024-09-04T11:09Z,Cincinnati Reds,12,-145,-145,-145,120,120,120,False,ESPN BET,1,-120,9,,,1.5,Final,8.5,100
WSH,2024-09-04T22:40Z,401570568,MIA,2024,Washington Nationals,3,51.294095799999994,2024-09-04T11:09Z,Miami Marlins,4,-145,-145,-135,120,120,115,False,ESPN BET,1,105,10,,,1.5,Final/10,8.5,-125
MIN,2024-09-04T22:50Z,401570562,TB,2024,Minnesota Twins,4,40.65175799,2024-09-04T11:09Z,Tampa Bay Rays,9,-125,-125,-115,105,105,-105,False,ESPN BET,1,-120,9,,,1.5,Final,7.5,100
BOS,2024-09-04T23:10Z,401570555,NYM,2024,Boston Red Sox,3,48.957252249999996,2024-09-04T11:09Z,New York Mets,8,100,100,-115,-120,-120,-105,False,ESPN BET,1,-115,9,,,1.5,Final,7.5,-105
COL,2024-09-04T23:20Z,401570558,ATL,2024,Colorado Rockies,2,67.60931696,2024-09-04T11:09Z,Atlanta Braves,5,230,230,235,-285,-285,-290,False,ESPN BET,1,-120,9,,,-2.5,Final,8.5,100
CLE,2024-09-04T23:40Z,401570557,KC,2024,Cleveland Guardians,1,58.67194606,2024-09-04T11:09Z,Kansas City Royals,4,115,110,125,-135,-130,-150,False,ESPN BET,1,-125,9,,,-1.5,Final,8.5,105
PIT,2024-09-04T23:40Z,401570565,CHC,2024,Pittsburgh Pirates,0,67.41935542,2024-09-04T11:09Z,Chicago Cubs,12,170,170,155,-205,-205,-185,False,ESPN BET,1,105,9,,,-1.5,Final,8.5,-125
STL,2024-09-04T23:40Z,401570567,MIL,2024,St. Louis Cardinals,3,59.781321860000006,2024-09-04T11:09Z,Milwaukee Brewers,2,105,105,-120,-125,-125,100,False,ESPN BET,1,-105,10,,,1.5,Final/10,7.5,-115
NYY,2024-09-05T00:05Z,401570563,TEX,2024,New York Yankees,6,46.06281994,2024-09-04T11:09Z,Texas Rangers,10,-120,-120,-115,100,100,-105,False,ESPN BET,1,-110,9,,,1.5,Final,8.5,-110
LAD,2024-09-05T01:38Z,401570561,LAA,2024,Los Angeles Dodgers,1,43.78160832,2024-09-04T11:09Z,Los Angeles Angels,10,,,,,,,False,,,,9,,,,Final,,
DET,2024-09-05T01:40Z,401570559,SD,2024,Detroit Tigers,5,70.43583234,2024-09-04T11:09Z,San Diego Padres,6,170,165,160,-205,-200,-190,False,ESPN BET,1,-125,10,,,-1.5,Final/10,7.5,105
SEA,2024-09-05T01:40Z,401570566,OAK,2024,Seattle Mariners,16,48.027122979999994,2024-09-04T11:09Z,Oakland Athletics,3,-145,-145,-150,120,120,125,False,ESPN BET,1,-105,9,,,1.5,Final,7.5,-115
ARI,2024-09-05T01:45Z,401570554,SF,2024,Arizona Diamondbacks,6,39.005462969999996,2024-09-04T11:09Z,San Francisco Giants,4,-135,-135,-145,115,115,120,False,ESPN BET,1,-115,9,,,1.5,Final,7.5,-105
HOU,2024-09-05T17:10Z,401570573,CIN,2024,Houston Astros,0,46.20933395,2024-09-05T11:09Z,Cincinnati Reds,1,-160,-160,-165,135,135,140,False,ESPN BET,1,115,9,,,1.5,Final,9.5,-135
MIN,2024-09-05T17:10Z,401570574,TB,2024,Minnesota Twins,4,42.65675439,2024-09-05T11:09Z,Tampa Bay Rays,3,-155,-155,-130,130,130,110,False,ESPN BET,1,-145,9,,,1.5,Final,6.5,120
SEA,2024-09-05T19:37Z,401570576,OAK,2024,Seattle Mariners,6,40.412948469999996,2024-09-05T11:09Z,Oakland Athletics,4,-145,-145,-160,120,120,135,False,ESPN BET,1,-125,9,,,1.5,Final,7.5,105
ARI,2024-09-05T19:45Z,401570570,SF,2024,Arizona Diamondbacks,2,50.780304310000005,2024-09-05T11:09Z,San Francisco Giants,3,135,135,130,-160,-160,-155,False,ESPN BET,1,105,9,,,-1.5,Final,7.5,-125
PHI,2024-09-05T22:40Z,401570575,MIA,2024,Philadelphia Phillies,5,26.09623621,2024-09-05T11:09Z,Miami Marlins,2,-235,-235,-225,195,195,185,False,ESPN BET,1,-105,9,,,2.5,Final,8.5,-115
WSH,2024-09-05T22:40Z,401570577,PIT,2024,Washington Nationals,4,52.45936326,2024-09-05T11:09Z,Pittsburgh Pirates,9,105,105,100,-125,-125,-120,False,ESPN BET,1,105,9,,,-1.5,Final,8.5,-125
COL,2024-09-05T23:20Z,401570571,ATL,2024,Colorado Rockies,3,77.74300017,2024-09-05T11:09Z,Atlanta Braves,1,215,210,235,-265,-255,-290,False,ESPN BET,1,100,9,,,-1.5,Final,8.5,-120
LAA,2024-09-06T00:05Z,401570569,TEX,2024,Los Angeles Angels,1,61.49450254999999,2024-09-05T11:09Z,Texas Rangers,3,160,160,135,-190,-190,-160,False,ESPN BET,1,-105,9,,,-1.5,Final,8.5,-115
DET,2024-09-06T00:40Z,401570572,SD,2024,Detroit Tigers,4,60.05172577,2024-09-05T11:09Z,San Diego Padres,3,135,135,140,-160,-160,-165,False,ESPN BET,1,100,9,,,-1.5,Final,8.5,-120
NYY,2024-09-06T18:20Z,401570586,CHC,2024,New York Yankees,3,45.10842815,2024-09-06T11:09Z,Chicago Cubs,0,-120,-120,-150,100,100,125,False,ESPN BET,1,110,9,,,1.5,Final,8.5,-130
COL,2024-09-06T22:10Z,401570583,MIL,2024,Colorado Rockies,3,72.58020598,2024-09-06T11:09Z,Milwaukee Brewers,2,195,195,180,-235,-235,-215,False,ESPN BET,1,-115,9,,,-1.5,Final,7.5,-105
TB,2024-09-06T23:05Z,401570590,BAL,2024,Tampa Bay Rays,0,62.253959560000006,2024-09-06T11:09Z,Baltimore Orioles,2,135,135,110,-160,-160,-130,False,ESPN BET,1,-110,9,,,-1.5,Final,8.5,-110
CHW,2024-09-06T23:10Z,401570580,BOS,2024,Chicago White Sox,1,71.10732654,2024-09-06T11:09Z,Boston Red Sox,3,225,225,215,-275,-275,-265,False,ESPN BET,1,100,9,,,-1.5,Final,8.5,-120
CIN,2024-09-06T23:10Z,401570581,NYM,2024,Cincinnati Reds,4,62.682394470000006,2024-09-06T11:09Z,New York Mets,6,150,150,140,-180,-180,-165,False,ESPN BET,1,-120,10,,,-1.5,Final/10,7.5,100
PHI,2024-09-06T23:10Z,401570587,MIA,2024,Philadelphia Phillies,16,28.694899149999998,2024-09-06T11:09Z,Miami Marlins,2,-270,-270,-215,220,220,180,False,ESPN BET,1,-115,9,,,2.5,Final,7.5,-105
TOR,2024-09-06T23:20Z,401570591,ATL,2024,Toronto Blue Jays,1,60.79581485,2024-09-06T11:09Z,Atlanta Braves,3,140,140,150,-165,-165,-180,False,ESPN BET,1,-105,9,,,-1.5,Final,7.5,-115
LAA,2024-09-07T00:05Z,401570578,TEX,2024,Los Angeles Angels,5,58.891234520000005,2024-09-06T11:09Z,Texas Rangers,1,120,120,145,-145,-145,-175,False,ESPN BET,1,-135,9,,,-1.5,Final,8.5,115
ARI,2024-09-07T00:10Z,401570579,HOU,2024,Arizona Diamondbacks,0,58.778382549999996,2024-09-06T11:09Z,Houston Astros,8,140,140,135,-170,-170,-160,False,ESPN BET,1,-115,9,,,-1.5,Final,7.5,-105
MIN,2024-09-07T00:10Z,401570585,KC,2024,Minnesota Twins,0,64.00422305,2024-09-06T11:09Z,Kansas City Royals,5,120,120,130,-145,-145,-155,False,ESPN BET,1,-105,9,,,-1.5,Final,7.5,-115
SEA,2024-09-07T00:15Z,401570588,STL,2024,Seattle Mariners,6,54.74530104000001,2024-09-06T11:09Z,St. Louis Cardinals,1,-110,-110,100,-110,-110,-120,False,ESPN BET,1,105,9,,,1.5,Final,7.5,-125
DET,2024-09-07T01:40Z,401570584,OAK,2024,Detroit Tigers,6,37.72483857,2024-09-06T11:09Z,Oakland Athletics,7,-150,-160,-180,125,135,150,False,ESPN BET,1,-150,13,,,1.5,Final/13,6.5,120
SF,2024-09-07T01:40Z,401570589,SD,2024,San Francisco Giants,1,74.4288301,2024-09-06T11:09Z,San Diego Padres,5,175,175,165,-210,-210,-200,False,ESPN BET,1,-115,9,,,-1.5,Final,7.5,-105
CLE,2024-09-07T02:10Z,401570582,LAD,2024,Cleveland Guardians,3,59.32495245,2024-09-06T11:09Z,Los Angeles Dodgers,1,120,120,135,-145,-145,-160,False,ESPN BET,1,-115,9,,,-1.5,Final,8.5,-105
WSH,2024-09-07T17:35Z,401715708,PIT,2024,Washington Nationals,5,57.56037503,2024-09-07T11:09Z,Pittsburgh Pirates,3,110,110,105,-130,-130,-125,False,ESPN BET,1,-105,9,,,-1.5,Final,8.5,-115
NYY,2024-09-07T18:20Z,401570601,CHC,2024,New York Yankees,2,50.093465810000005,2024-09-07T11:09Z,Chicago Cubs,0,-150,-150,-150,125,125,125,False,ESPN BET,1,-120,9,,,1.5,Final,7.5,100
TB,2024-09-07T20:05Z,401570605,BAL,2024,Tampa Bay Rays,7,66.15712776,2024-09-07T11:09Z,Baltimore Orioles,1,150,150,155,-180,-180,-185,False,ESPN BET,1,110,9,,,-1.5,Final,7.5,-130
DET,2024-09-07T20:07Z,401570599,OAK,2024,Detroit Tigers,2,51.32845445,2024-09-07T11:09Z,Oakland Athletics,1,-110,-110,100,-110,-110,-120,False,ESPN BET,1,-120,9,,,1.5,Final,7.5,100
ARI,2024-09-07T20:10Z,401570594,HOU,2024,Arizona Diamondbacks,5,52.09918174,2024-09-07T11:09Z,Houston Astros,11,125,125,145,-150,-150,-175,False,ESPN BET,1,-130,9,,,-1.5,Final,7.5,110
CIN,2024-09-07T20:10Z,401570596,NYM,2024,Cincinnati Reds,0,55.36871235,2024-09-07T11:09Z,New York Mets,4,135,135,130,-160,-160,-155,False,ESPN BET,1,100,9,,,-1.5,Final,8.5,-120
PHI,2024-09-07T20:10Z,401570602,MIA,2024,Philadelphia Phillies,5,32.19707185,2024-09-07T11:09Z,Miami Marlins,9,-250,-250,-235,205,205,195,False,ESPN BET,1,-110,9,,,2.5,Final,8.5,-110
WSH,2024-09-07T22:40Z,401570607,PIT,2024,Washington Nationals,8,59.60940981,2024-09-07T11:09Z,Pittsburgh Pirates,6,120,120,115,-145,-145,-135,False,ESPN BET,1,-115,9,,,-1.5,Final,7.5,-105
LAA,2024-09-07T23:05Z,401570593,TEX,2024,Los Angeles Angels,4,44.30201529,2024-09-07T11:09Z,Texas Rangers,6,125,125,115,-150,-150,-135,False,ESPN BET,1,-120,9,,,-1.5,Final,8.5,100
COL,2024-09-07T23:10Z,401570598,MIL,2024,Colorado Rockies,2,79.44173771,2024-09-07T11:09Z,Milwaukee Brewers,5,235,235,210,-290,-290,-255,False,ESPN BET,1,100,9,,,-1.5,Final,8.5,-120
CHW,2024-09-07T23:15Z,401570595,BOS,2024,Chicago White Sox,5,66.02557568,2024-09-07T11:09Z,Boston Red Sox,7,165,165,165,-200,-200,-200,False,ESPN BET,1,-110,9,,,-1.5,Final,8.5,-110
MIN,2024-09-07T23:15Z,401570600,KC,2024,Minnesota Twins,2,47.29416925,2024-09-07T11:09Z,Kansas City Royals,4,-135,-135,-150,115,115,125,False,ESPN BET,1,100,9,,,1.5,Final,8.5,-120
SEA,2024-09-07T23:15Z,401570603,STL,2024,Seattle Mariners,0,48.386172640000005,2024-09-07T11:09Z,St. Louis Cardinals,2,-130,-130,-130,110,110,110,False,ESPN BET,1,105,9,,,1.5,Final,7.5,-125
TOR,2024-09-07T23:20Z,401570606,ATL,2024,Toronto Blue Jays,9,55.548696539999995,2024-09-07T11:09Z,Atlanta Braves,5,140,140,150,-165,-165,-180,False,ESPN BET,1,-120,9,,,-1.5,Final,7.5,100
SF,2024-09-08T00:40Z,401570604,SD,2024,San Francisco Giants,6,59.42525525,2024-09-07T11:09Z,San Diego Padres,3,110,110,130,-130,-130,-155,False,ESPN BET,1,-135,9,,,-1.5,Final,6.5,115
CLE,2024-09-08T01:10Z,401570597,LAD,2024,Cleveland Guardians,2,59.733744290000004,2024-09-07T11:09Z,Los Angeles Dodgers,7,130,125,145,-155,-150,-175,False,ESPN BET,1,-120,9,,,-1.5,Final,8.5,100
TB,2024-09-08T16:05Z,401570620,BAL,2024,Tampa Bay Rays,2,68.47158385,2024-09-08T11:08Z,Baltimore Orioles,0,180,180,160,-215,-215,-190,False,ESPN BET,1,-115,9,,,-1.5,Final,7.5,-105
CHW,2024-09-08T17:35Z,401570610,BOS,2024,Chicago White Sox,7,78.22931225,2024-09-08T11:08Z,Boston Red Sox,2,250,220,235,-310,-270,-290,False,ESPN BET,1,-105,9,,,-2.5,Final,10.5,-115
TOR,2024-09-08T17:35Z,401570621,ATL,2024,Toronto Blue Jays,3,71.00443283999999,2024-09-08T11:08Z,Atlanta Braves,4,215,220,230,-265,-270,-285,False,ESPN BET,1,100,11,,,-1.5,Final/11,7.5,-120
WSH,2024-09-08T17:35Z,401570622,PIT,2024,Washington Nationals,3,62.55825268,2024-09-08T11:08Z,Pittsburgh Pirates,7,135,135,145,-160,-160,-175,False,ESPN BET,1,100,9,,,-1.5,Final,8.5,-120
CIN,2024-09-08T17:40Z,401570611,NYM,2024,Cincinnati Reds,3,62.75031731,2024-09-08T11:08Z,New York Mets,1,155,155,170,-185,-185,-205,False,ESPN BET,1,-105,9,,,-1.5,Final,8.5,-115
PHI,2024-09-08T17:40Z,401570617,MIA,2024,Philadelphia Phillies,1,42.36919042,2024-09-08T11:08Z,Miami Marlins,10,-125,-135,-135,105,115,115,False,ESPN BET,1,-110,9,,,1.5,Final,8.5,-110
COL,2024-09-08T18:10Z,401570613,MIL,2024,Colorado Rockies,4,77.04454231,2024-09-08T11:08Z,Milwaukee Brewers,1,250,250,210,-310,-310,-255,False,ESPN BET,1,-105,9,,,-2.5,Final,7.5,-115
MIN,2024-09-08T18:10Z,401570615,KC,2024,Minnesota Twins,0,60.181395110000004,2024-09-08T11:08Z,Kansas City Royals,2,110,110,-105,-130,-130,-115,False,ESPN BET,1,-110,9,,,-1.5,Final,8.5,-110
SEA,2024-09-08T18:15Z,401570618,STL,2024,Seattle Mariners,10,45.56555116,2024-09-08T11:08Z,St. Louis Cardinals,4,-135,-135,-135,115,115,115,False,ESPN BET,1,-105,9,,,1.5,Final,7.5,-115
NYY,2024-09-08T18:20Z,401570616,CHC,2024,New York Yankees,1,44.6664001,2024-09-08T11:08Z,Chicago Cubs,2,-160,-155,-160,135,130,135,False,ESPN BET,1,-120,9,,,1.5,Final,8.5,100
LAA,2024-09-08T18:35Z,401570608,TEX,2024,Los Angeles Angels,4,61.05544571,2024-09-08T11:08Z,Texas Rangers,7,145,145,140,-175,-175,-165,False,ESPN BET,1,-105,9,,,-1.5,Final,8.5,-115
DET,2024-09-08T20:07Z,401570614,OAK,2024,Detroit Tigers,9,47.41912632,2024-09-08T11:08Z,Oakland Athletics,1,-105,-105,-105,-115,-115,-115,False,ESPN BET,1,100,9,,,1.5,Final,8.5,-120
CLE,2024-09-08T20:10Z,401570612,LAD,2024,Cleveland Guardians,0,59.50152592,2024-09-08T11:08Z,Los Angeles Dodgers,4,140,140,140,-165,-165,-165,False,ESPN BET,1,-120,9,,,-1.5,Final,8.5,100
SF,2024-09-08T20:10Z,401570619,SD,2024,San Francisco Giants,7,63.94861531,2024-09-08T11:08Z,San Diego Padres,6,165,165,165,-200,-200,-200,False,ESPN BET,1,-105,9,,,-1.5,Final,8.5,-115
ARI,2024-09-08T23:00Z,401570609,HOU,2024,Arizona Diamondbacks,12,54.50769135,2024-09-08T11:08Z,Houston Astros,6,110,110,125,-130,-130,-150,False,ESPN BET,1,-105,9,,,-1.5,Final,8.5,-115
MIA,2024-09-09T22:40Z,401570628,PIT,2024,Miami Marlins,2,67.31596453,2024-09-09T11:08Z,Pittsburgh Pirates,3,230,230,210,-285,-285,-255,False,ESPN BET,1,-120,9,,,-1.5,Final,7.5,100
TB,2024-09-09T22:40Z,401570630,PHI,2024,Tampa Bay Rays,1,75.19039524,2024-09-09T11:08Z,Philadelphia Phillies,2,170,170,160,-205,-205,-190,False,ESPN BET,1,-125,9,,,-1.5,Final,7.5,105
CIN,2024-09-09T22:40Z,401698628,ATL,2024,Cincinnati Reds,1,54.84135511,2024-09-09T11:08Z,Atlanta Braves,0,135,135,130,-160,-160,-155,False,ESPN BET,1,-105,9,,,-1.5,Final,8.5,-115
KC,2024-09-09T23:05Z,401570627,NYY,2024,Kansas City Royals,4,55.40634216,2024-09-09T11:08Z,New York Yankees,10,150,150,150,-180,-180,-180,False,ESPN BET,1,-125,9,,,-1.5,Final,8.5,105
NYM,2024-09-09T23:07Z,401570629,TOR,2024,New York Mets,3,50.51477083,2024-09-09T11:08Z,Toronto Blue Jays,2,-125,-125,-120,105,105,100,False,ESPN BET,1,-115,9,,,1.5,Final,8.5,-105
BAL,2024-09-09T23:10Z,401570624,BOS,2024,Baltimore Orioles,3,54.088584340000004,2024-09-09T11:08Z,Boston Red Sox,12,100,100,-105,-120,-120,-115,False,ESPN BET,1,-105,9,,,1.5,Final,9.5,-115
LAA,2024-09-09T23:40Z,401570623,MIN,2024,Los Angeles Angels,6,62.49237689,2024-09-09T11:08Z,Minnesota Twins,2,145,145,155,-175,-175,-185,False,ESPN BET,1,-120,9,,,-1.5,Final,7.5,100
CLE,2024-09-09T23:40Z,401570626,CHW,2024,Cleveland Guardians,5,40.50003301,2024-09-09T11:08Z,Chicago White Sox,3,-190,-190,-225,160,160,185,False,ESPN BET,1,110,9,,,1.5,Final,9.5,-130
CHC,2024-09-10T02:10Z,401570625,LAD,2024,Chicago Cubs,10,64.1531013,2024-09-09T11:08Z,Los Angeles Dodgers,4,160,160,145,-190,-190,-175,False,ESPN BET,1,-115,9,,,-1.5,Final,9.5,-105
COL,2024-09-10T22:40Z,401570637,DET,2024,Colorado Rockies,0,58.18765116,2024-09-10T11:08Z,Detroit Tigers,11,160,160,150,-190,-190,-180,False,ESPN BET,1,-105,9,,,-1.5,Final,8.5,-115
MIA,2024-09-10T22:40Z,401570639,PIT,2024,Miami Marlins,4,72.68057838,2024-09-10T11:08Z,Pittsburgh Pirates,6,140,140,125,-165,-165,-150,False,ESPN BET,1,-120,9,,,-1.5,Final,8.5,100
TB,2024-09-10T22:40Z,401570644,PHI,2024,Tampa Bay Rays,4,72.45395306,2024-09-10T11:08Z,Philadelphia Phillies,9,155,155,160,-185,-185,-190,False,ESPN BET,1,105,9,,,-1.5,Final,7.5,-125
ATL,2024-09-10T22:45Z,401570632,WSH,2024,Atlanta Braves,12,37.69101875,2024-09-10T11:08Z,Washington Nationals,0,-145,-145,-165,120,120,140,False,ESPN BET,1,-105,9,,,1.5,Final,7.5,-115
KC,2024-09-10T23:05Z,401570638,NYY,2024,Kansas City Royals,5,56.90697415,2024-09-10T11:08Z,New York Yankees,0,120,120,125,-145,-145,-150,False,ESPN BET,1,-125,9,,,-1.5,Final,8.5,105
NYM,2024-09-10T23:07Z,401570641,TOR,2024,New York Mets,2,44.20538266,2024-09-10T11:08Z,Toronto Blue Jays,6,-130,-130,-125,110,110,105,False,ESPN BET,1,-125,9,,,1.5,Final,7.5,105
BAL,2024-09-10T23:10Z,401570633,BOS,2024,Baltimore Orioles,5,52.11325943,2024-09-10T11:08Z,Boston Red Sox,3,115,115,-105,-135,-135,-115,False,ESPN BET,1,-105,9,,,-1.5,Final,9.5,-115
LAA,2024-09-10T23:40Z,401570631,MIN,2024,Los Angeles Angels,5,67.62963243,2024-09-10T11:08Z,Minnesota Twins,10,220,230,200,-270,-285,-240,False,ESPN BET,1,105,9,,,-1.5,Final,8.5,-125
CLE,2024-09-10T23:40Z,401570636,CHW,2024,Cleveland Guardians,5,35.93930238,2024-09-10T11:08Z,Chicago White Sox,0,-235,-235,-225,195,195,185,False,ESPN BET,1,-105,9,,,1.5,Final,8.5,-115
CIN,2024-09-10T23:45Z,401570635,STL,2024,Cincinnati Reds,3,53.478940630000004,2024-09-10T11:08Z,St. Louis Cardinals,0,115,115,110,-135,-135,-130,False,ESPN BET,1,-110,9,,,-1.5,Final,8.5,-110
OAK,2024-09-11T00:10Z,401570642,HOU,2024,Oakland Athletics,4,59.51570096,2024-09-10T11:08Z,Houston Astros,3,160,160,155,-190,-190,-185,False,ESPN BET,1,-115,12,,,-1.5,Final/12,8.5,-105
SD,2024-09-11T01:40Z,401570643,SEA,2024,San Diego Padres,7,52.132960669999996,2024-09-10T11:08Z,Seattle Mariners,3,105,105,-110,-125,-125,-110,False,ESPN BET,1,115,9,,,1.5,Final,7.5,-135
TEX,2024-09-11T01:40Z,401570645,ARI,2024,Texas Rangers,0,64.63934329,2024-09-10T11:08Z,Arizona Diamondbacks,6,145,145,120,-175,-175,-145,False,ESPN BET,1,-115,9,,,-1.5,Final,7.5,-105
MIL,2024-09-11T01:45Z,401570640,SF,2024,Milwaukee Brewers,3,43.79637718,2024-09-10T11:08Z,San Francisco Giants,2,-110,-115,-130,-110,-105,110,False,ESPN BET,1,100,9,,,1.5,Final,7.5,-120
CHC,2024-09-11T02:10Z,401570634,LAD,2024,Chicago Cubs,6,59.48858155,2024-09-10T11:08Z,Los Angeles Dodgers,3,130,130,135,-155,-155,-160,False,ESPN BET,1,-120,9,,,-1.5,Final,7.5,100
MIA,2024-09-11T16:35Z,401570654,PIT,2024,Miami Marlins,1,58.55373409,2024-09-11T11:09Z,Pittsburgh Pirates,3,135,135,160,-160,-160,-190,False,ESPN BET,1,-135,9,,,-1.5,Final,8.5,115
CLE,2024-09-11T18:10Z,401570651,CHW,2024,Cleveland Guardians,6,34.430892629999995,2024-09-11T11:09Z,Chicago White Sox,4,-240,-240,-225,200,200,185,False,ESPN BET,1,-115,9,,,2.5,Final,7.5,-105
NYM,2024-09-11T19:07Z,401570656,TOR,2024,New York Mets,6,49.41999681,2024-09-11T11:09Z,Toronto Blue Jays,2,-135,-135,-125,115,115,105,False,ESPN BET,1,-110,9,,,1.5,Final,7.5,-110
TEX,2024-09-11T19:40Z,401570660,ARI,2024,Texas Rangers,4,65.57693477,2024-09-11T11:09Z,Arizona Diamondbacks,14,140,140,120,-165,-165,-145,False,ESPN BET,1,-110,9,,,-1.5,Final,8.5,-110
COL,2024-09-11T22:40Z,401570652,DET,2024,Colorado Rockies,4,65.95118443,2024-09-11T11:09Z,Detroit Tigers,7,165,165,140,-200,-200,-165,False,ESPN BET,1,100,9,,,-1.5,Final,8.5,-120
TB,2024-09-11T22:40Z,401570659,PHI,2024,Tampa Bay Rays,2,75.11730681,2024-09-11T11:09Z,Philadelphia Phillies,3,195,195,165,-235,-235,-200,False,ESPN BET,1,100,9,,,-1.5,Final,7.5,-120
ATL,2024-09-11T22:45Z,401570647,WSH,2024,Atlanta Braves,1,41.014277809999996,2024-09-11T11:09Z,Washington Nationals,5,-165,-165,-175,140,140,145,False,ESPN BET,1,-120,9,,,1.5,Final,7.5,100
KC,2024-09-11T23:05Z,401570653,NYY,2024,Kansas City Royals,3,58.26391868,2024-09-11T11:09Z,New York Yankees,4,125,125,125,-150,-150,-150,False,ESPN BET,1,-120,11,,,-1.5,Final/11,7.5,100
LAA,2024-09-11T23:10Z,401570646,MIN,2024,Los Angeles Angels,4,58.443740410000004,2024-09-11T11:09Z,Minnesota Twins,6,175,175,160,-210,-210,-190,False,ESPN BET,1,-125,9,,,-1.5,Final,8.5,105
BAL,2024-09-11T23:10Z,401570648,BOS,2024,Baltimore Orioles,3,54.035225399999995,2024-09-11T11:09Z,Boston Red Sox,5,125,125,105,-150,-150,-125,False,ESPN BET,1,100,10,,,-1.5,Final/10,9.5,-120
CIN,2024-09-11T23:45Z,401570650,STL,2024,Cincinnati Reds,1,53.50548413,2024-09-11T11:09Z,St. Louis Cardinals,2,125,125,110,-150,-150,-130,False,ESPN BET,1,-130,9,,,-1.5,Final,7.5,110
OAK,2024-09-12T00:10Z,401570657,HOU,2024,Oakland Athletics,5,71.72101585,2024-09-11T11:09Z,Houston Astros,4,205,205,160,-250,-250,-190,False,ESPN BET,1,-115,9,,,-1.5,Final,8.5,-105
SD,2024-09-12T01:40Z,401570658,SEA,2024,San Diego Padres,2,47.963731329999995,2024-09-11T11:09Z,Seattle Mariners,5,-110,-110,-110,-110,-110,-110,False,ESPN BET,1,-130,9,,,1.5,Final,6.5,110
MIL,2024-09-12T01:45Z,401570655,SF,2024,Milwaukee Brewers,2,53.2124355,2024-09-11T11:09Z,San Francisco Giants,13,110,105,125,-130,-125,-150,False,ESPN BET,1,105,9,,,-1.5,Final,7.5,-125
CHC,2024-09-12T02:10Z,401570649,LAD,2024,Chicago Cubs,8,56.25535063,2024-09-11T11:09Z,Los Angeles Dodgers,10,140,140,140,-165,-165,-165,False,ESPN BET,1,110,9,,,-1.5,Final,9.5,-130
COL,2024-09-12T17:10Z,401570663,DET,2024,Colorado Rockies,4,76.40849591,2024-09-12T11:08Z,Detroit Tigers,2,240,240,205,-300,-300,-250,False,ESPN BET,1,110,9,,,-1.5,Final,7.5,-130
CIN,2024-09-12T17:15Z,401570662,STL,2024,Cincinnati Reds,1,53.98042539,2024-09-12T11:08Z,St. Louis Cardinals,6,125,125,145,-150,-150,-175,False,ESPN BET,1,-110,9,,,-1.5,Final,7.5,-110
OAK,2024-09-12T18:10Z,401570666,HOU,2024,Oakland Athletics,3,72.48520768,2024-09-12T11:08Z,Houston Astros,6,215,215,200,-265,-265,-240,False,ESPN BET,1,105,9,,,-1.5,Final,8.5,-125
MIA,2024-09-12T22:45Z,401570664,WSH,2024,Miami Marlins,6,60.825155730000006,2024-09-12T11:08Z,Washington Nationals,3,155,155,155,-185,-185,-185,False,ESPN BET,1,-130,9,,,-1.5,Final,8.5,110
BOS,2024-09-12T23:15Z,401570661,NYY,2024,Boston Red Sox,1,63.75176732,2024-09-12T11:08Z,New York Yankees,2,165,165,140,-200,-200,-165,False,ESPN BET,1,-130,10,,,-1.5,Final/10,8.5,110
TB,2024-09-12T23:15Z,401570667,CLE,2024,Tampa Bay Rays,5,58.24871842,2024-09-12T11:08Z,Cleveland Guardians,2,115,115,125,-135,-135,-150,False,ESPN BET,1,-115,9,,,-1.5,Final,7.5,-105
TEX,2024-09-13T01:40Z,401570668,SEA,2024,Texas Rangers,5,65.76751197,2024-09-12T11:08Z,Seattle Mariners,4,125,125,140,-150,-150,-165,False,ESPN BET,1,-125,9,,,-1.5,Final,6.5,105
MIL,2024-09-13T01:45Z,401570665,SF,2024,Milwaukee Brewers,3,44.07221447,2024-09-12T11:08Z,San Francisco Giants,0,-135,-135,-145,115,115,120,False,ESPN BET,1,-115,9,,,1.5,Final,7.5,-105
BAL,2024-09-13T22:40Z,401570669,DET,2024,Baltimore Orioles,0,47.76424565,2024-09-13T11:09Z,Detroit Tigers,1,-135,-135,-150,115,115,125,False,ESPN BET,1,-125,9,,,1.5,Final,7.5,105
KC,2024-09-13T22:40Z,401570674,PIT,2024,Kansas City Royals,8,46.41541146,2024-09-13T11:09Z,Pittsburgh Pirates,3,-110,-110,105,-110,-110,-125,False,ESPN BET,1,-115,9,,,1.5,Final,8.5,-105
NYM,2024-09-13T22:40Z,401570678,PHI,2024,New York Mets,11,60.026017759999995,2024-09-13T11:09Z,Philadelphia Phillies,3,130,130,135,-155,-155,-160,False,ESPN BET,1,-110,9,,,-1.5,Final,8.5,-110
MIA,2024-09-13T22:45Z,401570676,WSH,2024,Miami Marlins,1,60.03689428,2024-09-13T11:09Z,Washington Nationals,4,120,120,135,-145,-145,-160,False,ESPN BET,1,-125,9,,,-1.5,Final,7.5,105
BOS,2024-09-13T23:05Z,401570670,NYY,2024,Boston Red Sox,4,61.7901484,2024-09-13T11:09Z,New York Yankees,5,145,145,135,-175,-175,-160,False,ESPN BET,1,-130,9,,,-1.5,Final,8.5,110
STL,2024-09-13T23:07Z,401570681,TOR,2024,St. Louis Cardinals,3,54.748975990000005,2024-09-13T11:09Z,Toronto Blue Jays,4,110,110,115,-130,-130,-135,False,ESPN BET,1,-110,11,,,-1.5,Final/11,7.5,-110
TB,2024-09-13T23:10Z,401570682,CLE,2024,Tampa Bay Rays,3,67.3310549,2024-09-13T11:09Z,Cleveland Guardians,1,155,155,150,-185,-185,-180,False,ESPN BET,1,-105,9,,,-1.5,Final,7.5,-115
LAD,2024-09-13T23:20Z,401570675,ATL,2024,Los Angeles Dodgers,2,47.80997997,2024-09-13T11:09Z,Atlanta Braves,6,-115,-115,-110,-105,-105,-110,False,ESPN BET,1,-115,9,,,1.5,Final,8.5,-105
OAK,2024-09-13T23:40Z,401570679,CHW,2024,Oakland Athletics,2,47.719516,2024-09-13T11:09Z,Chicago White Sox,0,-145,-145,-130,120,120,110,False,ESPN BET,1,100,9,,,1.5,Final,7.5,-120
CIN,2024-09-14T00:10Z,401570672,MIN,2024,Cincinnati Reds,8,64.53873645,2024-09-13T11:09Z,Minnesota Twins,4,205,205,180,-250,-250,-215,False,ESPN BET,1,-110,9,,,-1.5,Final,8.5,-110
CHC,2024-09-14T00:40Z,401570671,COL,2024,Chicago Cubs,5,37.52259582,2024-09-13T11:09Z,Colorado Rockies,9,-155,-150,-150,130,125,125,False,ESPN BET,1,-120,9,,,1.5,Final,10.5,100
HOU,2024-09-14T01:38Z,401570673,LAA,2024,Houston Astros,5,44.404270249999996,2024-09-13T11:09Z,Los Angeles Angels,3,-215,-215,-200,180,180,165,False,ESPN BET,1,-125,9,,,1.5,Final,8.5,105
MIL,2024-09-14T01:40Z,401570677,ARI,2024,Milwaukee Brewers,2,53.23701374000001,2024-09-13T11:09Z,Arizona Diamondbacks,1,105,105,-105,-125,-125,-115,False,ESPN BET,1,-115,9,,,-1.5,Final,8.5,-105
TEX,2024-09-14T02:10Z,401570683,SEA,2024,Texas Rangers,4,40.80150915,2024-09-13T11:09Z,Seattle Mariners,5,-135,-135,-130,115,115,110,False,ESPN BET,1,-130,9,,,1.5,Final,6.5,110
SD,2024-09-14T02:15Z,401570680,SF,2024,San Diego Padres,5,52.961638099999995,2024-09-13T11:09Z,San Francisco Giants,0,-110,-110,-105,-110,-110,-115,False,ESPN BET,1,-125,9,,,1.5,Final,6.5,105
BOS,2024-09-14T17:05Z,401570685,NYY,2024,Boston Red Sox,7,69.67299741000001,2024-09-14T11:09Z,New York Yankees,1,,,,,,,False,,,,9,,,,Final,,
KC,2024-09-14T17:05Z,401570689,PIT,2024,Kansas City Royals,5,48.3470945,2024-09-14T11:09Z,Pittsburgh Pirates,1,,,,,,,False,,,,9,,,,Final,,
STL,2024-09-14T19:07Z,401570696,TOR,2024,St. Louis Cardinals,2,58.691205749999995,2024-09-14T11:09Z,Toronto Blue Jays,7,100,100,110,-120,-120,-130,False,ESPN BET,1,-110,9,,,1.5,Final,8.5,-110
MIA,2024-09-14T20:05Z,401570691,WSH,2024,Miami Marlins,1,49.58137582,2024-09-14T11:09Z,Washington Nationals,4,120,120,125,-145,-145,-150,False,ESPN BET,1,-125,9,,,-1.5,Final,8.5,105
NYM,2024-09-14T20:05Z,401570693,PHI,2024,New York Mets,4,54.367958019999996,2024-09-14T11:09Z,Philadelphia Phillies,6,105,105,-115,-125,-125,-105,False,ESPN BET,1,115,9,,,1.5,Final,9.5,-135
BAL,2024-09-14T22:10Z,401570684,DET,2024,Baltimore Orioles,4,46.931327839999994,2024-09-14T11:09Z,Detroit Tigers,2,-135,-135,-175,115,115,145,False,ESPN BET,1,-115,9,,,1.5,Final,7.5,-105
TB,2024-09-14T22:10Z,401570697,CLE,2024,Tampa Bay Rays,1,50.95004688,2024-09-14T11:09Z,Cleveland Guardians,6,120,120,105,-145,-145,-125,False,ESPN BET,1,-120,9,,,-1.5,Final,7.5,100
CIN,2024-09-14T23:10Z,401570687,MIN,2024,Cincinnati Reds,11,51.48680013,2024-09-14T11:09Z,Minnesota Twins,1,130,135,135,-155,-160,-160,False,ESPN BET,1,-115,9,,,-1.5,Final,8.5,-105
OAK,2024-09-14T23:10Z,401570694,CHW,2024,Oakland Athletics,6,39.498008569999996,2024-09-14T11:09Z,Chicago White Sox,7,-160,-160,-175,135,135,145,False,ESPN BET,1,-125,9,,,1.5,Final,8.5,105
LAD,2024-09-14T23:20Z,401570690,ATL,2024,Los Angeles Dodgers,1,53.87705806,2024-09-14T11:09Z,Atlanta Braves,10,100,100,110,-120,-120,-130,False,ESPN BET,1,105,9,,,1.5,Final,7.5,-125
CHC,2024-09-15T00:10Z,401570686,COL,2024,Chicago Cubs,5,38.72985522,2024-09-14T11:09Z,Colorado Rockies,6,-145,-145,-160,120,120,135,False,ESPN BET,1,-120,10,,,1.5,Final/10,10.5,100
MIL,2024-09-15T00:10Z,401570692,ARI,2024,Milwaukee Brewers,15,51.54175948,2024-09-14T11:09Z,Arizona Diamondbacks,8,135,130,120,-160,-155,-145,False,ESPN BET,1,100,9,,,-1.5,Final,8.5,-120
SD,2024-09-15T01:05Z,401570695,SF,2024,San Diego Padres,8,41.10513963,2024-09-14T11:09Z,San Francisco Giants,0,,,,,,,False,,,,9,,,,Final,,
HOU,2024-09-15T01:38Z,401570688,LAA,2024,Houston Astros,5,50.584163270000005,2024-09-14T11:09Z,Los Angeles Angels,3,-165,-165,-180,140,140,150,False,ESPN BET,1,-125,9,,,1.5,Final,8.5,105
TEX,2024-09-15T01:40Z,401570698,SEA,2024,Texas Rangers,4,63.18151389,2024-09-14T11:09Z,Seattle Mariners,5,145,145,125,-175,-175,-150,False,ESPN BET,1,100,9,,,-1.5,Final,6.5,-120
BAL,2024-09-15T16:10Z,401570699,DET,2024,Baltimore Orioles,2,52.20531998,2024-09-15T11:08Z,Detroit Tigers,4,-115,-110,-110,-105,-110,-110,False,ESPN BET,1,-120,9,,,1.5,Final,8.5,100
CIN,2024-09-15T17:05Z,401570702,MIN,2024,Cincinnati Reds,2,52.478055160000004,2024-09-15T11:08Z,Minnesota Twins,9,140,140,135,-165,-165,-160,False,ESPN BET,1,-120,9,,,-1.5,Final,8.5,100
BOS,2024-09-15T17:35Z,401570700,NYY,2024,Boston Red Sox,2,56.70129789,2024-09-15T11:08Z,New York Yankees,5,150,150,145,-180,-180,-175,False,ESPN BET,1,-105,9,,,-1.5,Final,8.5,-115
KC,2024-09-15T17:35Z,401570704,PIT,2024,Kansas City Royals,3,47.80014836,2024-09-15T11:08Z,Pittsburgh Pirates,4,-105,100,105,-115,-120,-125,False,ESPN BET,1,100,9,,,1.5,Final,7.5,-120
MIA,2024-09-15T17:35Z,401570706,WSH,2024,Miami Marlins,3,70.28849265,2024-09-15T11:08Z,Washington Nationals,4,155,150,145,-185,-180,-175,False,ESPN BET,1,100,9,,,-1.5,Final,8.5,-120
NYM,2024-09-15T17:35Z,401570708,PHI,2024,New York Mets,1,57.548340890000006,2024-09-15T11:08Z,Philadelphia Phillies,2,105,110,125,-125,-130,-150,False,ESPN BET,1,110,9,,,-1.5,Final,8.5,-130
STL,2024-09-15T17:37Z,401570711,TOR,2024,St. Louis Cardinals,2,58.45438176,2024-09-15T11:08Z,Toronto Blue Jays,3,105,115,105,-125,-135,-125,False,ESPN BET,1,-110,9,,,-1.5,Final,8.5,-110
TB,2024-09-15T17:40Z,401570712,CLE,2024,Tampa Bay Rays,0,64.43565483,2024-09-15T11:08Z,Cleveland Guardians,2,105,110,115,-125,-130,-135,False,ESPN BET,1,105,9,,,1.5,Final,8.5,-125
OAK,2024-09-15T18:10Z,401570709,CHW,2024,Oakland Athletics,3,43.55595196,2024-09-15T11:08Z,Chicago White Sox,4,-175,-175,-190,145,145,160,False,ESPN BET,1,100,9,,,1.5,Final,8.5,-120
CHC,2024-09-15T19:10Z,401570701,COL,2024,Chicago Cubs,6,51.26935004999999,2024-09-15T11:08Z,Colorado Rockies,2,-135,-135,-130,115,115,110,False,ESPN BET,1,-110,9,,,1.5,Final,11.5,-110
SD,2024-09-15T20:05Z,401570710,SF,2024,San Diego Padres,4,52.09956323,2024-09-15T11:08Z,San Francisco Giants,3,-110,-110,-120,-110,-110,100,False,ESPN BET,1,-105,10,,,1.5,Final/10,8.5,-115
HOU,2024-09-15T20:07Z,401570703,LAA,2024,Houston Astros,6,37.48993036,2024-09-15T11:08Z,Los Angeles Angels,4,-200,-200,-215,165,165,180,False,ESPN BET,1,105,9,,,1.5,Final,9.5,-125
MIL,2024-09-15T20:10Z,401570707,ARI,2024,Milwaukee Brewers,10,56.33989372,2024-09-15T11:08Z,Arizona Diamondbacks,11,140,145,135,-165,-175,-160,False,ESPN BET,1,-105,10,,,-1.5,Final/10,8.5,-115
TEX,2024-09-15T20:10Z,401570713,SEA,2024,Texas Rangers,0,60.50987792,2024-09-15T11:08Z,Seattle Mariners,7,145,145,135,-175,-175,-160,False,ESPN BET,1,-135,9,,,-1.5,Final,6.5,115
LAD,2024-09-15T23:00Z,401570705,ATL,2024,Los Angeles Dodgers,9,58.065246,2024-09-15T11:08Z,Atlanta Braves,2,-115,-115,-110,-105,-105,-110,False,ESPN BET,1,-120,9,,,1.5,Final,8.5,100
MIN,2024-09-16T22:40Z,401570719,CLE,2024,Minnesota Twins,3,54.43394553,2024-09-16T11:08Z,Cleveland Guardians,4,-115,-115,-110,-105,-105,-110,False,ESPN BET,1,105,9,,,1.5,Final,7.5,-125
WSH,2024-09-16T23:10Z,401570723,NYM,2024,Washington Nationals,1,69.57015275,2024-09-16T11:08Z,New York Mets,2,160,160,145,-190,-190,-175,False,ESPN BET,1,100,10,,,-1.5,Final/10,7.5,-120
LAD,2024-09-16T23:20Z,401570718,ATL,2024,Los Angeles Dodgers,9,51.75923100999999,2024-09-16T11:08Z,Atlanta Braves,0,-130,-130,-110,110,110,-110,False,ESPN BET,1,-115,9,,,1.5,Final,7.5,-105
DET,2024-09-16T23:40Z,401570716,KC,2024,Detroit Tigers,7,61.90608139,2024-09-16T11:08Z,Kansas City Royals,6,110,110,125,-130,-130,-150,False,ESPN BET,1,-120,9,,,-1.5,Final,7.5,100
OAK,2024-09-16T23:40Z,401570720,CHC,2024,Oakland Athletics,2,70.74196197,2024-09-16T11:08Z,Chicago Cubs,9,165,165,160,-200,-200,-190,False,ESPN BET,1,110,9,,,-1.5,Final,8.5,-130
PHI,2024-09-16T23:40Z,401570721,MIL,2024,Philadelphia Phillies,2,50.750736939999996,2024-09-16T11:08Z,Milwaukee Brewers,6,-110,-110,-110,-110,-110,-110,False,ESPN BET,1,-130,9,,,1.5,Final,7.5,110
PIT,2024-09-16T23:45Z,401570722,STL,2024,Pittsburgh Pirates,0,48.13612224,2024-09-16T11:08Z,St. Louis Cardinals,4,-145,-135,-155,120,115,130,False,ESPN BET,1,115,9,,,1.5,Final,7.5,-135
ARI,2024-09-17T00:40Z,401570714,COL,2024,Arizona Diamondbacks,2,33.94776841,2024-09-16T11:08Z,Colorado Rockies,3,-180,-180,-175,150,150,145,False,ESPN BET,1,105,9,,,1.5,Final,11.5,-125
CHW,2024-09-17T01:38Z,401570715,LAA,2024,Chicago White Sox,8,64.35545807,2024-09-16T11:08Z,Los Angeles Angels,4,155,155,155,-185,-185,-185,False,ESPN BET,1,-130,9,,,-1.5,Final,7.5,110
HOU,2024-09-17T01:40Z,401570717,SD,2024,Houston Astros,1,61.26579624,2024-09-16T11:08Z,San Diego Padres,3,-110,-110,125,-110,-110,-150,False,ESPN BET,1,-125,9,,,1.5,Final,7.5,105
SF,2024-09-17T22:35Z,401570736,BAL,2024,San Francisco Giants,10,56.026436180000005,2024-09-17T11:08Z,Baltimore Orioles,0,-120,-120,-120,100,100,100,False,ESPN BET,1,105,9,,,1.5,Final,7.5,-125
ATL,2024-09-17T22:40Z,401570725,CIN,2024,Atlanta Braves,5,53.408207159999996,2024-09-17T11:08Z,Cincinnati Reds,6,-150,-150,-120,125,125,100,False,ESPN BET,1,-130,9,,,1.5,Final,8.5,110
LAD,2024-09-17T22:40Z,401570730,MIA,2024,Los Angeles Dodgers,9,44.21536764,2024-09-17T11:08Z,Miami Marlins,11,-235,-235,-185,195,195,155,False,ESPN BET,1,-110,9,,,2.5,Final,9.5,-110
MIN,2024-09-17T22:40Z,401570731,CLE,2024,Minnesota Twins,4,61.17299873,2024-09-17T11:08Z,Cleveland Guardians,1,120,120,105,-145,-145,-125,False,ESPN BET,1,105,9,,,-1.5,Final,8.5,-125
BOS,2024-09-17T22:50Z,401570726,TB,2024,Boston Red Sox,3,48.59254322,2024-09-17T11:08Z,Tampa Bay Rays,8,-135,-135,-110,115,115,-110,False,ESPN BET,1,-130,9,,,1.5,Final,7.5,110
WSH,2024-09-17T23:10Z,401570738,NYM,2024,Washington Nationals,1,60.49373679,2024-09-17T11:08Z,New York Mets,10,145,145,145,-175,-175,-175,False,ESPN BET,1,-115,9,,,-1.5,Final,7.5,-105
DET,2024-09-17T23:40Z,401570728,KC,2024,Detroit Tigers,3,66.25991335,2024-09-17T11:08Z,Kansas City Royals,1,130,135,145,-155,-160,-175,False,ESPN BET,1,-135,10,,,-1.5,Final/10,7.5,115
OAK,2024-09-17T23:40Z,401570733,CHC,2024,Oakland Athletics,4,58.88270357,2024-09-17T11:08Z,Chicago Cubs,3,130,130,135,-155,-155,-160,False,ESPN BET,1,105,9,,,-1.5,Final,8.5,-125
PHI,2024-09-17T23:40Z,401570734,MIL,2024,Philadelphia Phillies,5,47.56332185,2024-09-17T11:08Z,Milwaukee Brewers,1,-135,-135,-150,115,115,125,False,ESPN BET,1,100,9,,,1.5,Final,7.5,-120
PIT,2024-09-17T23:45Z,401570735,STL,2024,Pittsburgh Pirates,1,58.35551973999999,2024-09-17T11:08Z,St. Louis Cardinals,3,120,135,120,-145,-160,-145,False,ESPN BET,1,-115,9,,,-1.5,Final,7.5,-105
TOR,2024-09-18T00:05Z,401570737,TEX,2024,Toronto Blue Jays,8,57.199174559999996,2024-09-17T11:08Z,Texas Rangers,13,115,115,125,-135,-135,-150,False,ESPN BET,1,-115,9,,,-1.5,Final,7.5,-105
ARI,2024-09-18T00:40Z,401570724,COL,2024,Arizona Diamondbacks,2,42.72907306,2024-09-17T11:08Z,Colorado Rockies,8,-135,-135,-165,115,115,140,False,ESPN BET,1,-125,9,,,1.5,Final,10.5,105
CHW,2024-09-18T01:38Z,401570727,LAA,2024,Chicago White Sox,0,62.81295075,2024-09-17T11:08Z,Los Angeles Angels,5,135,135,140,-160,-160,-165,False,ESPN BET,1,110,9,,,-1.5,Final,8.5,-130
HOU,2024-09-18T01:40Z,401570729,SD,2024,Houston Astros,4,62.20950543,2024-09-17T11:08Z,San Diego Padres,3,100,100,-110,-120,-120,-110,False,ESPN BET,1,-105,10,,,1.5,Final/10,7.5,-115
NYY,2024-09-18T01:40Z,401570732,SEA,2024,New York Yankees,11,51.17263853,2024-09-17T11:08Z,Seattle Mariners,2,-110,-110,-120,-110,-110,100,False,ESPN BET,1,-110,9,,,1.5,Final,7.5,-110
OAK,2024-09-18T18:20Z,401570748,CHC,2024,Oakland Athletics,5,70.6495279,2024-09-18T11:09Z,Chicago Cubs,3,150,150,125,-180,-180,-150,False,ESPN BET,1,-115,9,,,-1.5,Final,7.5,-105
ARI,2024-09-18T19:10Z,401570739,COL,2024,Arizona Diamondbacks,9,38.22469863,2024-09-18T11:09Z,Colorado Rockies,4,-180,-180,-160,150,150,135,False,ESPN BET,1,-130,9,,,1.5,Final,10.5,110
CHW,2024-09-18T20:07Z,401570742,LAA,2024,Chicago White Sox,3,67.31322073,2024-09-18T11:09Z,Los Angeles Angels,4,125,125,135,-150,-150,-160,False,ESPN BET,1,-120,13,,,-1.5,Final/13,8.5,100
SF,2024-09-18T22:35Z,401570751,BAL,2024,San Francisco Giants,5,61.47198671,2024-09-18T11:09Z,Baltimore Orioles,3,140,140,150,-165,-165,-180,False,ESPN BET,1,-120,9,,,-1.5,Final,7.5,100
ATL,2024-09-18T22:40Z,401570740,CIN,2024,Atlanta Braves,7,59.69971584,2024-09-18T11:09Z,Cincinnati Reds,1,-145,-145,-155,120,120,130,False,ESPN BET,1,-110,9,,,1.5,Final,8.5,-110
HOU,2024-09-18T22:40Z,401570744,SD,2024,Houston Astros,0,52.43416078999999,2024-09-18T11:09Z,San Diego Padres,4,-105,-105,-110,-115,-115,-110,False,ESPN BET,1,-120,9,,,1.5,Final,6.5,100
LAD,2024-09-18T22:40Z,401570745,MIA,2024,Los Angeles Dodgers,8,37.07251096,2024-09-18T11:09Z,Miami Marlins,4,-205,-205,-180,170,170,150,False,ESPN BET,1,-130,9,,,1.5,Final,8.5,110
MIN,2024-09-18T22:40Z,401570746,CLE,2024,Minnesota Twins,4,59.22999731,2024-09-18T11:09Z,Cleveland Guardians,5,115,115,100,-135,-135,-120,False,ESPN BET,1,115,10,,,-1.5,Final/10,7.5,-135
BOS,2024-09-18T22:50Z,401570741,TB,2024,Boston Red Sox,2,49.6798226,2024-09-18T11:09Z,Tampa Bay Rays,1,-105,-105,105,-115,-115,-125,False,ESPN BET,1,-120,9,,,1.5,Final,7.5,100
WSH,2024-09-18T23:10Z,401570753,NYM,2024,Washington Nationals,0,66.10711527999999,2024-09-18T11:09Z,New York Mets,10,140,140,145,-165,-165,-175,False,ESPN BET,1,105,9,,,-1.5,Final,7.5,-125
DET,2024-09-18T23:40Z,401570743,KC,2024,Detroit Tigers,4,41.69261606,2024-09-18T11:09Z,Kansas City Royals,2,-135,-135,-150,115,115,125,False,ESPN BET,1,-125,9,,,1.5,Final,7.5,105
PHI,2024-09-18T23:40Z,401570749,MIL,2024,Philadelphia Phillies,1,57.064905509999996,2024-09-18T11:09Z,Milwaukee Brewers,2,-105,-105,100,-115,-115,-120,False,ESPN BET,1,-110,9,,,1.5,Final,7.5,-110
PIT,2024-09-18T23:45Z,401570750,STL,2024,Pittsburgh Pirates,5,76.28309249,2024-09-18T11:09Z,St. Louis Cardinals,10,165,180,145,-200,-215,-175,False,ESPN BET,1,-120,9,,,-1.5,Final,7.5,100
TOR,2024-09-19T00:05Z,401570752,TEX,2024,Toronto Blue Jays,0,48.60618077,2024-09-18T11:09Z,Texas Rangers,2,-105,-105,105,-115,-115,-125,False,ESPN BET,1,-125,9,,,1.5,Final,7.5,105
NYY,2024-09-19T01:40Z,401570747,SEA,2024,New York Yankees,2,50.95279103,2024-09-18T11:09Z,Seattle Mariners,1,-115,-115,-120,-105,-105,100,False,ESPN BET,1,-110,10,,,1.5,Final/10,7.5,-110
SF,2024-09-19T17:05Z,401570763,BAL,2024,San Francisco Giants,3,59.196492469999995,2024-09-19T11:08Z,Baltimore Orioles,5,,,,,,,False,,,,9,,,,Final,,
ATL,2024-09-19T17:10Z,401570756,CIN,2024,Atlanta Braves,15,39.01589501,2024-09-19T11:08Z,Cincinnati Reds,3,-215,-215,-205,180,180,170,False,ESPN BET,1,-135,9,,,1.5,Final,8.5,115
MIN,2024-09-19T17:10Z,401570759,CLE,2024,Minnesota Twins,2,55.83175738,2024-09-19T11:08Z,Cleveland Guardians,3,-115,-115,-105,-105,-105,-115,False,ESPN BET,1,-125,10,,,1.5,Final/10,7.5,105
TOR,2024-09-19T18:35Z,401570764,TEX,2024,Toronto Blue Jays,4,48.03708684,2024-09-19T11:08Z,Texas Rangers,0,115,115,-110,-135,-135,-110,False,ESPN BET,1,100,9,,,-1.5,Final,7.5,-120
NYY,2024-09-19T20:10Z,401570760,SEA,2024,New York Yankees,2,47.60974463,2024-09-19T11:08Z,Seattle Mariners,3,105,105,-115,-125,-125,-105,False,ESPN BET,1,105,9,,,-1.5,Final,7.5,-125
LAD,2024-09-19T20:40Z,401570758,MIA,2024,Los Angeles Dodgers,20,33.92955102,2024-09-19T11:08Z,Miami Marlins,4,-205,-205,-190,170,170,160,False,ESPN BET,1,-105,9,,,1.5,Final,8.5,-115
BOS,2024-09-19T22:50Z,401570757,TB,2024,Boston Red Sox,0,54.877110640000005,2024-09-19T11:08Z,Tampa Bay Rays,2,-115,-115,100,-105,-105,-120,False,ESPN BET,1,-125,9,,,1.5,Final,7.5,105
ARI,2024-09-19T23:15Z,401570755,MIL,2024,Arizona Diamondbacks,5,60.43922081,2024-09-19T11:08Z,Milwaukee Brewers,1,-125,-125,-105,105,105,-115,False,ESPN BET,1,-115,9,,,1.5,Final,8.5,-105
PHI,2024-09-19T23:15Z,401570761,NYM,2024,Philadelphia Phillies,6,61.59634765999999,2024-09-19T11:08Z,New York Mets,10,125,125,125,-150,-150,-150,False,ESPN BET,1,-110,9,,,-1.5,Final,8.5,-110
PIT,2024-09-19T23:15Z,401570762,STL,2024,Pittsburgh Pirates,3,62.039410350000004,2024-09-19T11:08Z,St. Louis Cardinals,2,120,120,125,-145,-145,-150,False,ESPN BET,1,-105,9,,,-1.5,Final,8.5,-115
WSH,2024-09-19T23:40Z,401570765,CHC,2024,Washington Nationals,6,73.09065096,2024-09-19T11:08Z,Chicago Cubs,7,150,155,160,-180,-185,-190,False,ESPN BET,1,-115,9,,,-1.5,Final,8.5,-105
LAA,2024-09-20T00:10Z,401570754,HOU,2024,Los Angeles Angels,1,75.45330382,2024-09-19T11:08Z,Houston Astros,3,240,240,220,-300,-300,-270,False,ESPN BET,1,-125,9,,,-1.5,Final,7.5,105
WSH,2024-09-20T18:20Z,401570780,CHC,2024,Washington Nationals,1,64.86903965,2024-09-20T11:09Z,Chicago Cubs,3,140,140,150,-165,-165,-180,False,ESPN BET,1,-105,9,,,-1.5,Final,9.5,-115
PIT,2024-09-20T22:40Z,401570776,CIN,2024,Pittsburgh Pirates,3,61.057489679999996,2024-09-20T11:09Z,Cincinnati Reds,8,110,110,110,-130,-130,-130,False,ESPN BET,1,110,9,,,-1.5,Final,9.5,-130
TOR,2024-09-20T22:50Z,401570779,TB,2024,Toronto Blue Jays,0,43.15846406,2024-09-20T11:09Z,Tampa Bay Rays,1,-115,-115,-105,-105,-105,-115,False,ESPN BET,1,-130,9,,,1.5,Final,7.5,110
DET,2024-09-20T23:05Z,401570772,BAL,2024,Detroit Tigers,1,68.88648160000001,2024-09-20T11:09Z,Baltimore Orioles,7,140,140,160,-165,-165,-190,False,ESPN BET,1,-115,9,,,-1.5,Final,7.5,-105
ATL,2024-09-20T23:10Z,401570768,MIA,2024,Atlanta Braves,3,43.03179559,2024-09-20T11:09Z,Miami Marlins,4,-205,-205,-200,170,170,165,False,ESPN BET,1,-130,9,,,1.5,Final,8.5,110
MIN,2024-09-20T23:10Z,401570773,BOS,2024,Minnesota Twins,4,57.056635359999994,2024-09-20T11:09Z,Boston Red Sox,2,-115,-115,-130,-105,-105,110,False,ESPN BET,1,-105,12,,,1.5,Final/12,8.5,-115
PHI,2024-09-20T23:10Z,401570775,NYM,2024,Philadelphia Phillies,12,54.79267824,2024-09-20T11:09Z,New York Mets,2,-110,-110,-110,-110,-110,-110,False,ESPN BET,1,-110,9,,,1.5,Final,7.5,-110
SEA,2024-09-21T00:05Z,401570777,TEX,2024,Seattle Mariners,8,61.62120344,2024-09-20T11:09Z,Texas Rangers,2,-105,-105,-105,-115,-115,-115,False,ESPN BET,1,115,9,,,1.5,Final,7.5,-135
LAA,2024-09-21T00:10Z,401570766,HOU,2024,Los Angeles Angels,7,59.906550069999994,2024-09-20T11:09Z,Houston Astros,9,210,210,200,-255,-255,-240,False,ESPN BET,1,-120,9,,,-1.5,Final,7.5,100
ARI,2024-09-21T00:10Z,401570767,MIL,2024,Arizona Diamondbacks,7,48.26673767,2024-09-20T11:09Z,Milwaukee Brewers,4,-130,-130,-145,110,110,120,False,ESPN BET,1,-115,9,,,1.5,Final,8.5,-105
SF,2024-09-21T00:10Z,401570778,KC,2024,San Francisco Giants,2,67.87239438,2024-09-20T11:09Z,Kansas City Royals,1,165,165,145,-200,-200,-175,False,ESPN BET,1,-115,9,,,-1.5,Final,8.5,-105
CLE,2024-09-21T00:15Z,401570770,STL,2024,Cleveland Guardians,5,50.91396879,2024-09-20T11:09Z,St. Louis Cardinals,1,-105,-105,-105,-115,-115,-115,False,ESPN BET,1,-130,9,,,1.5,Final,7.5,110
CHW,2024-09-21T01:40Z,401570769,SD,2024,Chicago White Sox,2,76.90623533,2024-09-20T11:09Z,San Diego Padres,3,240,240,205,-300,-300,-250,False,ESPN BET,1,-130,10,,,-1.5,Final/10,6.5,110
NYY,2024-09-21T01:40Z,401570774,OAK,2024,New York Yankees,4,34.95982421,2024-09-20T11:09Z,Oakland Athletics,2,-185,-185,-190,155,155,160,False,ESPN BET,1,-105,10,,,1.5,Final/10,7.5,-115
COL,2024-09-21T02:10Z,401570771,LAD,2024,Colorado Rockies,4,75.11602361,2024-09-20T11:09Z,Los Angeles Dodgers,6,225,230,205,-275,-285,-250,False,ESPN BET,1,-110,9,,,-1.5,Final,8.5,-110
PIT,2024-09-21T17:10Z,401570791,CIN,2024,Pittsburgh Pirates,1,59.24149878,2024-09-21T11:09Z,Cincinnati Reds,7,105,105,100,-125,-125,-120,False,ESPN BET,1,105,9,,,-1.5,Final,9.5,-125
WSH,2024-09-21T18:20Z,401570795,CHC,2024,Washington Nationals,5,54.474723839999996,2024-09-21T11:09Z,Chicago Cubs,1,120,120,120,-145,-145,-145,False,ESPN BET,1,105,9,,,-1.5,Final,8.5,-125
DET,2024-09-21T20:05Z,401570787,BAL,2024,Detroit Tigers,6,51.048408769999995,2024-09-21T11:09Z,Baltimore Orioles,4,120,120,100,-145,-145,-120,False,ESPN BET,1,-110,10,,,-1.5,Final/10,8.5,-110
ATL,2024-09-21T20:10Z,401570783,MIA,2024,Atlanta Braves,6,27.458751409999998,2024-09-21T11:09Z,Miami Marlins,2,-275,-275,-255,225,225,210,False,ESPN BET,1,100,9,,,2.5,Final,8.5,-120
PHI,2024-09-21T20:10Z,401570790,NYM,2024,Philadelphia Phillies,3,54.20187367,2024-09-21T11:09Z,New York Mets,6,100,100,100,-120,-120,-120,False,ESPN BET,1,-105,9,,,1.5,Final,7.5,-115
TOR,2024-09-21T20:10Z,401570794,TB,2024,Toronto Blue Jays,2,53.140728329999995,2024-09-21T11:09Z,Tampa Bay Rays,3,125,125,120,-150,-150,-145,False,ESPN BET,1,-105,9,,,-1.5,Final,7.5,-115
SF,2024-09-21T21:10Z,401570793,KC,2024,San Francisco Giants,9,58.57349811,2024-09-21T11:09Z,Kansas City Royals,0,130,130,135,-155,-155,-160,False,ESPN BET,1,105,9,,,-1.5,Final,8.5,-125
SEA,2024-09-21T23:05Z,401570792,TEX,2024,Seattle Mariners,8,57.31187861,2024-09-21T11:09Z,Texas Rangers,4,-115,-120,110,-105,100,-130,False,ESPN BET,1,-130,9,,,1.5,Final,8.5,110
LAA,2024-09-21T23:10Z,401570781,HOU,2024,Los Angeles Angels,4,71.96775788000001,2024-09-21T11:09Z,Houston Astros,10,170,170,205,-205,-205,-250,False,ESPN BET,1,-120,9,,,-1.5,Final,7.5,100
ARI,2024-09-21T23:10Z,401570782,MIL,2024,Arizona Diamondbacks,5,50.82717066,2024-09-21T11:09Z,Milwaukee Brewers,0,-115,-115,-105,-105,-105,-115,False,ESPN BET,1,105,9,,,1.5,Final,8.5,-125
CLE,2024-09-21T23:15Z,401570785,STL,2024,Cleveland Guardians,5,41.53506188,2024-09-21T11:09Z,St. Louis Cardinals,6,-130,-130,-145,110,110,120,False,ESPN BET,1,-110,9,,,1.5,Final,7.5,-110
CHW,2024-09-22T00:40Z,401570784,SD,2024,Chicago White Sox,2,77.7023961,2024-09-21T11:09Z,San Diego Padres,6,255,255,225,-320,-320,-275,False,ESPN BET,1,105,9,,,-2.5,Final,8.5,-125
NYY,2024-09-22T01:07Z,401570789,OAK,2024,New York Yankees,10,44.61451734,2024-09-21T11:09Z,Oakland Athletics,0,,,,,,,False,,,,9,,,,Final,,
COL,2024-09-22T01:10Z,401570786,LAD,2024,Colorado Rockies,6,68.32304676999999,2024-09-21T11:09Z,Los Angeles Dodgers,3,230,230,215,-285,-285,-265,False,ESPN BET,1,100,9,,,-1.5,Final,9.5,-120
MIN,2024-09-22T16:35Z,401570803,BOS,2024,Minnesota Twins,1,49.87843965,2024-09-22T11:08Z,Boston Red Sox,8,-150,-150,100,125,125,-120,False,ESPN BET,1,100,9,,,1.5,Final,7.5,-120
PIT,2024-09-22T17:10Z,401570806,CIN,2024,Pittsburgh Pirates,2,59.25614379,2024-09-22T11:08Z,Cincinnati Reds,0,-105,-105,-125,-115,-115,105,False,ESPN BET,1,-135,9,,,1.5,Final,7.5,115
DET,2024-09-22T17:35Z,401570802,BAL,2024,Detroit Tigers,4,58.2832863,2024-09-22T11:08Z,Baltimore Orioles,3,105,105,120,-125,-125,-145,False,ESPN BET,1,100,9,,,-1.5,Final,8.5,-120
ATL,2024-09-22T17:40Z,401570798,MIA,2024,Atlanta Braves,5,40.61079078,2024-09-22T11:08Z,Miami Marlins,4,-190,-190,-165,160,160,140,False,ESPN BET,1,-125,9,,,1.5,Final,8.5,105
TOR,2024-09-22T17:40Z,401570809,TB,2024,Toronto Blue Jays,3,51.95357706,2024-09-22T11:08Z,Tampa Bay Rays,4,110,110,110,-130,-130,-130,False,ESPN BET,1,-110,9,,,-1.5,Final,7.5,-110
LAA,2024-09-22T18:10Z,401570796,HOU,2024,Los Angeles Angels,9,64.05562517999999,2024-09-22T11:08Z,Houston Astros,8,225,225,225,-275,-275,-275,False,ESPN BET,1,-130,9,,,-1.5,Final,7.5,110
ARI,2024-09-22T18:10Z,401570797,MIL,2024,Arizona Diamondbacks,9,59.634222380000004,2024-09-22T11:08Z,Milwaukee Brewers,10,120,120,105,-145,-145,-125,False,ESPN BET,1,105,9,,,-1.5,Final,8.5,-125
SF,2024-09-22T18:10Z,401570808,KC,2024,San Francisco Giants,2,56.16327605,2024-09-22T11:08Z,Kansas City Royals,0,-110,-110,-115,-110,-110,-105,False,ESPN BET,1,-105,9,,,1.5,Final,6.5,-115
CLE,2024-09-22T18:15Z,401570800,STL,2024,Cleveland Guardians,1,51.03106056,2024-09-22T11:08Z,St. Louis Cardinals,2,110,110,-110,-130,-130,-110,False,ESPN BET,1,-105,9,,,-1.5,Final,7.5,-115
WSH,2024-09-22T18:20Z,401570810,CHC,2024,Washington Nationals,0,67.48635526,2024-09-22T11:08Z,Chicago Cubs,5,170,170,165,-205,-205,-200,False,ESPN BET,1,-110,9,,,-1.5,Final,7.5,-110
SEA,2024-09-22T18:35Z,401570807,TEX,2024,Seattle Mariners,5,47.95933805,2024-09-22T11:08Z,Texas Rangers,6,-145,-145,-130,120,120,110,False,ESPN BET,1,-115,9,,,1.5,Final,7.5,-105
NYY,2024-09-22T20:07Z,401570804,OAK,2024,New York Yankees,7,33.24179734,2024-09-22T11:08Z,Oakland Athletics,4,-180,-180,-180,150,150,150,False,ESPN BET,1,-135,9,,,1.5,Final,8.5,115
CHW,2024-09-22T20:10Z,401570799,SD,2024,Chicago White Sox,2,79.95178398,2024-09-22T11:08Z,San Diego Padres,4,280,280,240,-350,-350,-300,False,ESPN BET,1,110,9,,,-2.5,Final,8.5,-130
COL,2024-09-22T20:10Z,401570801,LAD,2024,Colorado Rockies,5,77.50563192999999,2024-09-22T11:08Z,Los Angeles Dodgers,6,300,300,270,-385,-385,-340,False,ESPN BET,1,-110,9,,,-2.5,Final,8.5,-110
MIN,2024-09-22T21:35Z,401723370,BOS,2024,Minnesota Twins,3,59.73977707,2024-09-22T11:08Z,Boston Red Sox,9,-120,-120,-145,100,100,120,False,ESPN BET,1,-105,9,,,1.5,Final,8.5,-115
PHI,2024-09-22T23:00Z,401570805,NYM,2024,Philadelphia Phillies,1,41.10129192,2024-09-22T11:08Z,New York Mets,2,-145,-145,-160,120,120,135,False,ESPN BET,1,-145,9,,,1.5,Final,6.5,120
CHC,2024-09-23T22:40Z,401570812,PHI,2024,Chicago Cubs,2,64.67865696,2024-09-23T11:08Z,Philadelphia Phillies,6,160,160,105,-190,-190,-125,False,ESPN BET,1,-130,9,,,-1.5,Final,7.5,110
BOS,2024-09-23T23:07Z,401570811,TOR,2024,Boston Red Sox,4,48.40181357,2024-09-23T11:08Z,Toronto Blue Jays,1,-105,-105,-110,-115,-115,-110,False,ESPN BET,1,105,9,,,1.5,Final,8.5,-125
SEA,2024-09-24T00:10Z,401570813,HOU,2024,Seattle Mariners,6,57.83302207,2024-09-23T11:08Z,Houston Astros,1,110,110,140,-130,-130,-165,False,ESPN BET,1,-105,9,,,-1.5,Final,7.5,-115
SF,2024-09-24T01:40Z,401570814,ARI,2024,San Francisco Giants,6,66.53276938,2024-09-23T11:08Z,Arizona Diamondbacks,3,155,155,150,-185,-185,-180,False,ESPN BET,1,-120,9,,,-1.5,Final,8.5,100
TB,2024-09-24T17:10Z,401570828,DET,2024,Tampa Bay Rays,1,68.77361761,2024-09-24T11:08Z,Detroit Tigers,2,155,155,155,-185,-185,-185,False,ESPN BET,1,-110,9,,,-1.5,Final,6.5,-110
CHC,2024-09-24T22:40Z,401570818,PHI,2024,Chicago Cubs,10,50.42243072,2024-09-24T11:08Z,Philadelphia Phillies,4,-105,-105,-120,-115,-115,100,False,ESPN BET,1,-125,9,,,1.5,Final,7.5,105
CIN,2024-09-24T22:40Z,401570819,CLE,2024,Cincinnati Reds,1,58.607855529999995,2024-09-24T11:08Z,Cleveland Guardians,6,160,160,140,-190,-190,-165,False,ESPN BET,1,-110,9,,,-1.5,Final,8.5,-110
MIL,2024-09-24T22:40Z,401570822,PIT,2024,Milwaukee Brewers,7,38.15512573,2024-09-24T11:08Z,Pittsburgh Pirates,2,-150,-150,-150,125,125,125,False,ESPN BET,1,-115,9,,,1.5,Final,7.5,-105
KC,2024-09-24T22:45Z,401570820,WSH,2024,Kansas City Royals,1,41.380195289999996,2024-09-24T11:08Z,Washington Nationals,0,-205,-205,-160,170,170,135,False,ESPN BET,1,115,10,,,1.5,Final/10,7.5,-135
BAL,2024-09-24T23:05Z,401570816,NYY,2024,Baltimore Orioles,5,64.80735299,2024-09-24T11:08Z,New York Yankees,3,145,145,140,-175,-175,-165,False,ESPN BET,1,100,9,,,-1.5,Final,8.5,-120
BOS,2024-09-24T23:07Z,401570817,TOR,2024,Boston Red Sox,6,58.61856099,2024-09-24T11:08Z,Toronto Blue Jays,5,115,115,115,-135,-135,-135,False,ESPN BET,1,-125,10,,,-1.5,Final/10,7.5,105
NYM,2024-09-24T23:20Z,401570823,ATL,2024,New York Mets,1,55.306748279999994,2024-09-24T11:08Z,Atlanta Braves,5,130,130,110,-155,-155,-130,False,ESPN BET,1,-115,9,,,-1.5,Final,7.5,-105
LAA,2024-09-24T23:40Z,401570815,CHW,2024,Los Angeles Angels,2,44.565047390000004,2024-09-24T11:08Z,Chicago White Sox,3,-110,-110,-130,-110,-110,110,False,ESPN BET,1,-115,9,,,1.5,Final,8.5,-105
MIA,2024-09-24T23:40Z,401570821,MIN,2024,Miami Marlins,4,70.21878938,2024-09-24T11:08Z,Minnesota Twins,1,210,210,205,-255,-255,-250,False,ESPN BET,1,-130,9,,,-1.5,Final,7.5,110
SEA,2024-09-25T00:10Z,401570825,HOU,2024,Seattle Mariners,3,62.64635707,2024-09-24T11:08Z,Houston Astros,4,110,105,140,-130,-125,-165,False,ESPN BET,1,-125,9,,,1.5,Final,6.5,105
STL,2024-09-25T00:40Z,401570827,COL,2024,St. Louis Cardinals,7,47.51172002,2024-09-24T11:08Z,Colorado Rockies,3,-115,-115,-120,-105,-105,100,False,ESPN BET,1,100,9,,,1.5,Final,10.5,-120
SF,2024-09-25T01:40Z,401570826,ARI,2024,San Francisco Giants,11,55.84355924,2024-09-24T11:08Z,Arizona Diamondbacks,0,125,125,115,-150,-150,-135,False,ESPN BET,1,100,9,,,-1.5,Final,8.5,-120
TEX,2024-09-25T01:40Z,401570829,OAK,2024,Texas Rangers,4,49.64287837,2024-09-24T11:08Z,Oakland Athletics,5,-115,-115,-120,-105,-105,100,False,ESPN BET,1,-110,9,,,1.5,Final,7.5,-110
SD,2024-09-25T02:10Z,401570824,LAD,2024,San Diego Padres,4,51.95451785,2024-09-24T11:08Z,Los Angeles Dodgers,2,-115,-115,100,-105,-105,-120,False,ESPN BET,1,100,9,,,1.5,Final,8.5,-120
SEA,2024-09-25T18:10Z,401570840,HOU,2024,Seattle Mariners,8,56.19998061,2024-09-25T11:11Z,Houston Astros,1,-155,-155,125,130,130,-150,False,ESPN BET,1,100,9,,,1.5,Final,7.5,-120
CHC,2024-09-25T22:05Z,401570833,PHI,2024,Chicago Cubs,6,59.684448970000005,2024-09-25T11:11Z,Philadelphia Phillies,9,180,180,150,-215,-215,-180,False,ESPN BET,1,-115,9,,,-1.5,Final,7.5,-105
CIN,2024-09-25T22:40Z,401570834,CLE,2024,Cincinnati Reds,2,50.33512367,2024-09-25T11:11Z,Cleveland Guardians,5,130,130,125,-155,-155,-150,False,ESPN BET,1,-125,9,,,-1.5,Final,7.5,105
MIL,2024-09-25T22:40Z,401570837,PIT,2024,Milwaukee Brewers,1,39.86761998,2024-09-25T11:11Z,Pittsburgh Pirates,2,-160,-160,-155,135,135,130,False,ESPN BET,1,-110,9,,,1.5,Final,7.5,-110
TB,2024-09-25T22:40Z,401570843,DET,2024,Tampa Bay Rays,1,51.01840518,2024-09-25T11:11Z,Detroit Tigers,7,100,100,100,-120,-120,-120,False,ESPN BET,1,-105,9,,,1.5,Final,8.5,-115
KC,2024-09-25T22:45Z,401570835,WSH,2024,Kansas City Royals,3,46.29715806,2024-09-25T11:11Z,Washington Nationals,0,-150,-150,-120,125,125,100,False,ESPN BET,1,-105,9,,,1.5,Final,7.5,-115
BAL,2024-09-25T23:05Z,401570831,NYY,2024,Baltimore Orioles,9,55.871532310000006,2024-09-25T11:11Z,New York Yankees,7,105,105,120,-125,-125,-145,False,ESPN BET,1,-125,9,,,1.5,Final,8.5,105
BOS,2024-09-25T23:07Z,401570832,TOR,2024,Boston Red Sox,1,54.53422439,2024-09-25T11:11Z,Toronto Blue Jays,6,100,100,125,-120,-120,-150,False,ESPN BET,1,-105,9,,,-1.5,Final,7.5,-115
LAA,2024-09-25T23:40Z,401570830,CHW,2024,Los Angeles Angels,3,56.19501056,2024-09-25T11:11Z,Chicago White Sox,4,-120,-120,-125,100,100,105,False,ESPN BET,1,-115,10,,,1.5,Final/10,7.5,-105
MIA,2024-09-25T23:40Z,401570836,MIN,2024,Miami Marlins,3,63.67171785,2024-09-25T11:11Z,Minnesota Twins,8,165,160,165,-200,-190,-200,False,ESPN BET,1,-110,9,,,-1.5,Final,8.5,-110
STL,2024-09-26T00:40Z,401570842,COL,2024,St. Louis Cardinals,5,42.01834999,2024-09-25T11:11Z,Colorado Rockies,2,-135,-135,-125,115,115,105,False,ESPN BET,1,-105,9,,,1.5,Final,10.5,-115
SF,2024-09-26T01:40Z,401570841,ARI,2024,San Francisco Giants,2,70.82838049,2024-09-25T11:11Z,Arizona Diamondbacks,8,215,215,185,-265,-265,-225,False,ESPN BET,1,-125,9,,,-1.5,Final,8.5,105
TEX,2024-09-26T01:40Z,401570844,OAK,2024,Texas Rangers,5,52.56096434999999,2024-09-25T11:11Z,Oakland Athletics,1,100,100,-130,-120,-120,110,False,ESPN BET,1,110,9,,,1.5,Final,7.5,-130
SD,2024-09-26T02:10Z,401570839,LAD,2024,San Diego Padres,3,60.00388018,2024-09-25T11:11Z,Los Angeles Dodgers,4,120,120,125,-145,-145,-150,False,ESPN BET,1,-120,9,,,-1.5,Final,7.5,100
MIL,2024-09-26T16:35Z,401570849,PIT,2024,Milwaukee Brewers,5,45.12905833,2024-09-26T11:08Z,Pittsburgh Pirates,2,-120,-120,-120,100,100,100,False,ESPN BET,1,-110,9,,,1.5,Final,7.5,-110
KC,2024-09-26T17:05Z,401570847,WSH,2024,Kansas City Royals,7,36.25684206,2024-09-26T11:08Z,Washington Nationals,4,-185,-180,-165,155,150,140,False,ESPN BET,1,-105,9,,,1.5,Final,8.5,-115
TB,2024-09-26T17:10Z,401570852,DET,2024,Tampa Bay Rays,3,65.93420567,2024-09-26T11:08Z,Detroit Tigers,4,145,145,140,-175,-175,-165,False,ESPN BET,1,-125,9,,,-1.5,Final,7.5,105
LAA,2024-09-26T18:10Z,401570845,CHW,2024,Los Angeles Angels,0,35.66744113,2024-09-26T11:08Z,Chicago White Sox,7,-135,-135,-145,115,115,120,False,ESPN BET,1,-115,9,,,1.5,Final,7.5,-105
STL,2024-09-26T19:10Z,401570851,COL,2024,St. Louis Cardinals,8,43.69935291,2024-09-26T11:08Z,Colorado Rockies,10,-115,-115,-120,-105,-105,100,False,ESPN BET,1,-115,9,,,1.5,Final,10.5,-105
TEX,2024-09-26T19:37Z,401570853,OAK,2024,Texas Rangers,2,53.09912687,2024-09-26T11:08Z,Oakland Athletics,3,-105,-105,-110,-115,-115,-110,False,ESPN BET,2,-105,9,,,1.5,Final,7.5,-115
BAL,2024-09-26T23:05Z,401570846,NYY,2024,Baltimore Orioles,1,58.00803172,2024-09-26T11:08Z,New York Yankees,10,135,140,110,-160,-165,-130,False,ESPN BET,1,100,9,,,-1.5,Final,8.5,-125
MIA,2024-09-26T23:40Z,401570848,MIN,2024,Miami Marlins,8,60.99685855,2024-09-26T11:08Z,Minnesota Twins,6,215,215,185,-265,-265,-225,False,ESPN BET,1,-125,13,,,-1.5,Final/13,8.5,105
SD,2024-09-27T02:10Z,401570850,LAD,2024,San Diego Padres,2,50.43975055999999,2024-09-26T11:08Z,Los Angeles Dodgers,7,-110,-110,100,-110,-110,-120,False,ESPN BET,1,-110,9,,,1.5,Final,8.5,-110
CIN,2024-09-27T18:20Z,401570856,CHC,2024,Cincinnati Reds,0,60.87295735,2024-09-27T11:08Z,Chicago Cubs,1,110,110,130,-130,-130,-155,False,ESPN BET,1,-120,9,,,-1.5,Final,6.5,100
CHW,2024-09-27T22:40Z,401570855,DET,2024,Chicago White Sox,1,70.87225534,2024-09-27T11:08Z,Detroit Tigers,4,175,175,140,-210,-210,-165,False,ESPN BET,1,110,9,,,-1.5,Final,7.5,-130
PHI,2024-09-27T22:45Z,401570863,WSH,2024,Philadelphia Phillies,1,38.93364064,2024-09-27T11:08Z,Washington Nationals,9,-185,-185,-180,155,155,150,False,ESPN BET,1,-105,9,,,1.5,Final,8.5,-115
PIT,2024-09-27T23:05Z,401570864,NYY,2024,Pittsburgh Pirates,4,66.14411398,2024-09-27T11:08Z,New York Yankees,2,135,135,160,-160,-160,-190,False,ESPN BET,1,-115,9,,,-1.5,Final,7.5,-105
MIA,2024-09-27T23:07Z,401570860,TOR,2024,Miami Marlins,15,74.75177187999999,2024-09-27T11:08Z,Toronto Blue Jays,5,180,180,150,-215,-215,-180,False,ESPN BET,1,-105,9,,,-1.5,Final,8.5,-115
HOU,2024-09-27T23:10Z,401570857,CLE,2024,Houston Astros,5,47.91625786,2024-09-27T11:08Z,Cleveland Guardians,2,-105,-105,100,-115,-115,-120,False,ESPN BET,1,-115,9,,,1.5,Final,8.5,-105
TB,2024-09-27T23:10Z,401570867,BOS,2024,Tampa Bay Rays,2,63.622556870000004,2024-09-27T11:08Z,Boston Red Sox,1,100,100,115,-120,-120,-135,False,ESPN BET,1,-120,9,,,1.5,Final,7.5,100
KC,2024-09-27T23:20Z,401570858,ATL,2024,Kansas City Royals,0,61.970343709999995,2024-09-27T11:08Z,Atlanta Braves,3,155,155,155,-185,-185,-185,False,ESPN BET,1,100,9,,,-1.5,Final,7.5,-120
BAL,2024-09-28T00:10Z,401570854,MIN,2024,Baltimore Orioles,7,62.57342768,2024-09-27T11:08Z,Minnesota Twins,2,125,125,145,-150,-150,-175,False,ESPN BET,1,-130,9,,,-1.5,Final,7.5,110
LAD,2024-09-28T00:10Z,401570859,COL,2024,Los Angeles Dodgers,11,36.283149009999995,2024-09-27T11:08Z,Colorado Rockies,4,-180,-180,-185,150,150,155,False,ESPN BET,1,-130,9,,,1.5,Final,10.5,110
NYM,2024-09-28T00:10Z,401570861,MIL,2024,New York Mets,4,51.36357644,2024-09-27T11:08Z,Milwaukee Brewers,8,-115,-115,-120,-105,-105,100,False,ESPN BET,1,-105,9,,,1.5,Final,7.5,-115
TEX,2024-09-28T01:38Z,401570868,LAA,2024,Texas Rangers,5,34.13615752,2024-09-27T11:08Z,Los Angeles Angels,2,-160,-160,-175,135,135,145,False,ESPN BET,1,100,9,,,1.5,Final,7.5,-120
SD,2024-09-28T01:40Z,401570865,ARI,2024,San Diego Padres,5,58.869161989999995,2024-09-27T11:08Z,Arizona Diamondbacks,3,110,110,110,-130,-130,-130,False,ESPN BET,1,-120,9,,,-1.5,Final,8.5,100
OAK,2024-09-28T02:10Z,401570862,SEA,2024,Oakland Athletics,0,68.46331253,2024-09-27T11:08Z,Seattle Mariners,2,145,135,145,-175,-160,-175,False,ESPN BET,1,105,9,,,-1.5,Final,7.5,-125
STL,2024-09-28T02:15Z,401570866,SF,2024,St. Louis Cardinals,6,63.57394067,2024-09-27T11:08Z,San Francisco Giants,3,110,110,100,-130,-130,-120,False,ESPN BET,1,-115,9,,,-1.5,Final,7.5,-105
PIT,2024-09-28T17:05Z,401570879,NYY,2024,Pittsburgh Pirates,9,62.78148509,2024-09-28T11:09Z,New York Yankees,4,115,115,125,-135,-135,-150,False,ESPN BET,1,-115,9,,,-1.5,Final,6.5,-105
CHW,2024-09-28T17:10Z,401570870,DET,2024,Chicago White Sox,4,73.10739857,2024-09-28T11:09Z,Detroit Tigers,0,180,180,200,-215,-215,-240,False,ESPN BET,1,-105,9,,,-1.5,Final,7.5,-115
CIN,2024-09-28T18:20Z,401570871,CHC,2024,Cincinnati Reds,0,48.78616985,2024-09-28T11:09Z,Chicago Cubs,3,110,110,110,-130,-130,-130,False,ESPN BET,1,110,9,,,-1.5,Final,7.5,-130
MIA,2024-09-28T19:07Z,401570875,TOR,2024,Miami Marlins,8,59.76675728000001,2024-09-28T11:09Z,Toronto Blue Jays,1,145,145,145,-175,-175,-175,False,ESPN BET,1,-120,9,,,-1.5,Final,8.5,100
PHI,2024-09-28T20:05Z,401570878,WSH,2024,Philadelphia Phillies,3,34.3028895,2024-09-28T11:09Z,Washington Nationals,6,-205,-205,-215,170,170,180,False,ESPN BET,1,105,9,,,1.5,Final,8.5,-125
STL,2024-09-28T20:05Z,401570881,SF,2024,St. Louis Cardinals,5,64.75235319,2024-09-28T11:09Z,San Francisco Giants,6,105,105,140,-125,-125,-165,False,ESPN BET,1,100,9,,,-1.5,Final,7.5,-120
TB,2024-09-28T20:10Z,401570882,BOS,2024,Tampa Bay Rays,7,60.50016728999999,2024-09-28T11:09Z,Boston Red Sox,2,100,100,100,-120,-120,-120,False,ESPN BET,1,-110,9,,,1.5,Final,7.5,-110
HOU,2024-09-28T22:10Z,401570872,CLE,2024,Houston Astros,4,58.559427760000005,2024-09-28T11:09Z,Cleveland Guardians,3,130,130,-105,-155,-155,-115,False,ESPN BET,1,-115,9,,,-1.5,Final,7.5,-105
BAL,2024-09-28T23:15Z,401570869,MIN,2024,Baltimore Orioles,9,45.55398384,2024-09-28T11:09Z,Minnesota Twins,2,-105,-105,-105,-115,-115,-115,False,ESPN BET,1,-105,9,,,1.5,Final,8.5,-115
NYM,2024-09-28T23:15Z,401570876,MIL,2024,New York Mets,0,57.497060600000005,2024-09-28T11:09Z,Milwaukee Brewers,6,-110,-110,105,-110,-110,-125,False,ESPN BET,1,-105,9,,,1.5,Final,8.5,-115
KC,2024-09-28T23:20Z,401570873,ATL,2024,Kansas City Royals,1,62.36169417000001,2024-09-28T11:09Z,Atlanta Braves,2,195,195,100,-235,-235,-120,False,ESPN BET,1,-105,9,,,-1.5,Final,7.5,-115
LAD,2024-09-29T00:10Z,401570874,COL,2024,Los Angeles Dodgers,13,33.071622070000004,2024-09-28T11:09Z,Colorado Rockies,2,-240,-240,-290,200,200,235,False,ESPN BET,1,110,9,,,2.5,Final,11.5,-130
SD,2024-09-29T00:10Z,401570880,ARI,2024,San Diego Padres,5,52.889851060000005,2024-09-28T11:09Z,Arizona Diamondbacks,0,185,185,125,-225,-225,-150,False,ESPN BET,1,110,9,,,-1.5,Final,9.5,-130
TEX,2024-09-29T01:38Z,401570883,LAA,2024,Texas Rangers,9,48.99964647,2024-09-28T11:09Z,Los Angeles Angels,8,-145,-145,-150,120,120,125,False,ESPN BET,1,105,9,,,1.5,Final,8.5,-125
OAK,2024-09-29T01:40Z,401570877,SEA,2024,Oakland Athletics,6,72.89148490000001,2024-09-28T11:09Z,Seattle Mariners,7,135,135,140,-160,-160,-165,False,ESPN BET,1,-110,10,,,-1.5,Final/10,7.5,-110
PHI,2024-09-29T19:05Z,401570893,WSH,2024,Philadelphia Phillies,6,39.85311164,2024-09-29T11:08Z,Washington Nationals,3,-145,-145,-175,120,120,145,False,ESPN BET,1,-110,9,,,1.5,Final,7.5,-110
PIT,2024-09-29T19:05Z,401570894,NYY,2024,Pittsburgh Pirates,4,72.77351869,2024-09-29T11:08Z,New York Yankees,6,150,150,180,-180,-180,-215,False,ESPN BET,1,-115,9,,,-1.5,Final,7.5,-105
STL,2024-09-29T19:05Z,401570896,SF,2024,St. Louis Cardinals,6,54.047213039999995,2024-09-29T11:08Z,San Francisco Giants,1,110,110,105,-130,-130,-125,False,ESPN BET,1,-110,9,,,-1.5,Final,7.5,-110
TB,2024-09-29T19:05Z,401570897,BOS,2024,Tampa Bay Rays,1,45.600675540000005,2024-09-29T11:08Z,Boston Red Sox,3,-110,-110,-120,-110,-110,100,False,ESPN BET,1,-115,9,,,1.5,Final,7.5,-105
MIA,2024-09-29T19:07Z,401570890,TOR,2024,Miami Marlins,3,64.00793061,2024-09-29T11:09Z,Toronto Blue Jays,1,100,100,135,-120,-120,-160,False,ESPN BET,1,-115,9,,,-1.5,Final,7.5,-105
TEX,2024-09-29T19:07Z,401570898,LAA,2024,Texas Rangers,8,49.888747,2024-09-29T11:08Z,Los Angeles Angels,0,-150,-150,-165,125,125,140,False,ESPN BET,1,105,9,,,1.5,Final,8.5,-125
BAL,2024-09-29T19:10Z,401570884,MIN,2024,Baltimore Orioles,6,54.550634529999996,2024-09-29T11:08Z,Minnesota Twins,2,105,105,145,-125,-125,-175,False,ESPN BET,1,100,9,,,-1.5,Final,8.5,-120
CHW,2024-09-29T19:10Z,401570885,DET,2024,Chicago White Sox,9,73.48434767,2024-09-29T11:08Z,Detroit Tigers,5,200,200,180,-240,-240,-215,False,ESPN BET,1,-110,9,,,-1.5,Final,7.5,-110
LAD,2024-09-29T19:10Z,401570889,COL,2024,Los Angeles Dodgers,2,37.77094407,2024-09-29T11:09Z,Colorado Rockies,1,-155,-155,-150,130,130,125,False,ESPN BET,1,105,9,,,1.5,Final,11.5,-125
NYM,2024-09-29T19:10Z,401570891,MIL,2024,New York Mets,5,52.97902497,2024-09-29T11:09Z,Milwaukee Brewers,0,-150,-150,-125,125,125,105,False,ESPN BET,1,-125,9,,,1.5,Final,7.5,105
OAK,2024-09-29T19:10Z,401570892,SEA,2024,Oakland Athletics,4,67.98406863000001,2024-09-29T11:09Z,Seattle Mariners,6,155,155,150,-185,-185,-180,False,ESPN BET,1,-135,9,,,-1.5,Final,6.5,115
SD,2024-09-29T19:10Z,401570895,ARI,2024,San Diego Padres,2,57.18157895,2024-09-29T11:08Z,Arizona Diamondbacks,11,175,175,145,-210,-210,-175,False,ESPN BET,1,-120,9,,,-1.5,Final,8.5,100
CIN,2024-09-29T19:20Z,401570886,CHC,2024,Cincinnati Reds,3,31.086909379999998,2024-09-29T11:08Z,Chicago Cubs,0,-115,-115,-130,-105,-105,110,False,ESPN BET,1,105,10,,,1.5,Final/10,7.5,-125
KC,2024-09-29T19:20Z,401570888,ATL,2024,Kansas City Royals,4,63.02195495,2024-09-29T11:09Z,Atlanta Braves,2,175,175,200,-210,-210,-240,False,ESPN BET,1,-105,9,,,-1.5,Final,8.5,-115
NYM,2024-09-30T17:10Z,401725088,ATL,2024,New York Mets,8,56.06601337,2024-09-29T11:09Z,Atlanta Braves,7,130,130,125,-155,-155,-150,False,ESPN BET,1,-115,9,,,-1.5,Final,7.5,-105
NYM,2024-09-30T20:50Z,401725089,ATL,2024,New York Mets,0,56.06601337,2024-09-29T11:09Z,Atlanta Braves,3,240,240,-210,-300,-300,175,False,ESPN BET,1,-120,9,,,-2.5,Final,8.5,100
