away,date_utc,espn_id,home,season,away_name,away_score,espn_home_win_pct,espn_pred_last_modified,home_name,home_score,ml_away,ml_away_close,ml_away_open,ml_home,ml_home_close,ml_home_open,neutral,odds_provider,odds_providers_n,over_price,periods,sp_price_away,sp_price_home,spread_home,status_detail,total,under_price
LAD,2025-03-18T10:10Z,401694907,CHC,2025,Los Angeles Dodgers,4,50.0,2025-03-16T11:07Z,Chicago Cubs,1,-135,-150,-160,115,125,135,True,ESPN BET,1,-115,9,,,1.5,Final,7.5,-105
LAD,2025-03-19T10:10Z,401694908,CHC,2025,Los Angeles Dodgers,6,50.210194249999994,2025-03-18T11:08Z,Chicago Cubs,3,-150,-150,-160,125,125,135,True,ESPN BET,1,-130,9,,,1.5,Final,7.5,110
MIL,2025-03-27T19:00Z,401694911,NYY,2025,Milwaukee Brewers,2,53.928473939999996,2025-03-25T11:06Z,New York Yankees,4,125,125,145,-150,-150,-175,False,ESPN BET,1,-125,9,,,-1.5,Final,7.5,105
BAL,2025-03-27T19:07Z,401694909,TOR,2025,Baltimore Orioles,12,49.12077132,2025-03-25T11:06Z,Toronto Blue Jays,2,-105,-105,-120,-115,-115,100,False,ESPN BET,1,-105,9,,,1.5,Final,8.5,-115
PHI,2025-03-27T20:05Z,401694912,WSH,2025,Philadelphia Phillies,7,45.84285508,2025-03-25T11:06Z,Washington Nationals,3,-155,-160,-175,130,135,145,False,ESPN BET,1,100,10,,,1.5,Final/10,7.5,-120
BOS,2025-03-27T20:05Z,401694916,TEX,2025,Boston Red Sox,5,51.831430499999996,2025-03-25T11:06Z,Texas Rangers,2,-125,-125,-105,105,105,-115,False,ESPN BET,1,100,9,,,1.5,Final,8.5,-120
PIT,2025-03-27T20:10Z,401694913,MIA,2025,Pittsburgh Pirates,4,40.56421067,2025-03-25T11:06Z,Miami Marlins,5,-150,-150,-165,125,125,140,False,ESPN BET,1,-115,9,,,1.5,Final,6.5,-105
SF,2025-03-27T20:10Z,401694914,CIN,2025,San Francisco Giants,6,57.23693487,2025-03-25T11:06Z,Cincinnati Reds,4,-110,-110,105,-110,-110,-125,False,ESPN BET,1,-115,9,,,1.5,Final,7.5,-105
LAA,2025-03-27T20:10Z,401694915,CHW,2025,Los Angeles Angels,1,49.62798041,2025-03-25T11:06Z,Chicago White Sox,8,-165,-165,-150,140,140,125,False,ESPN BET,1,-115,9,,,1.5,Final,7.5,-105
CLE,2025-03-27T20:10Z,401694917,KC,2025,Cleveland Guardians,7,55.53523181,2025-03-25T11:06Z,Kansas City Royals,4,145,145,115,-175,-175,-135,False,ESPN BET,1,-115,10,,,-1.5,Final/10,8.5,-105
NYM,2025-03-27T20:10Z,401694919,HOU,2025,New York Mets,1,59.63823157,2025-03-25T11:06Z,Houston Astros,3,100,100,105,-120,-120,-125,False,ESPN BET,1,-115,9,,,1.5,Final,7.5,-105
ATL,2025-03-27T20:10Z,401694920,SD,2025,Atlanta Braves,4,41.621645689999994,2025-03-25T11:06Z,San Diego Padres,7,-120,-120,-120,100,100,100,False,ESPN BET,1,-125,9,,,1.5,Final,6.5,105
MIN,2025-03-27T20:15Z,401694918,STL,2025,Minnesota Twins,3,59.52103346999999,2025-03-25T11:06Z,St. Louis Cardinals,5,-115,-115,-115,-105,-105,-105,False,ESPN BET,1,-105,9,,,1.5,Final,7.5,-115
DET,2025-03-27T23:00Z,401694922,LAD,2025,Detroit Tigers,4,65.83101377,2025-03-25T11:06Z,Los Angeles Dodgers,5,145,145,140,-170,-170,-165,False,ESPN BET,1,-115,9,,,-1.5,Final,6.5,-105
CHC,2025-03-28T02:10Z,401694921,ARI,2025,Chicago Cubs,10,53.529828020000004,2025-03-25T11:06Z,Arizona Diamondbacks,6,100,100,145,-120,-120,-175,False,ESPN BET,1,-110,9,,,1.5,Final,8.5,-110
ATH,2025-03-28T02:10Z,401694923,SEA,2025,Athletics,2,68.68835749,2025-03-25T11:06Z,Seattle Mariners,4,135,140,145,-160,-165,-175,False,ESPN BET,1,-145,9,,,-1.5,Final,6.5,120
COL,2025-03-28T20:10Z,401694910,TB,2025,Colorado Rockies,2,67.92475132999999,2025-03-25T11:07Z,Tampa Bay Rays,3,175,175,185,-220,-220,-240,False,ESPN BET,1,-120,9,,,-1.5,Final,7.5,100
BAL,2025-03-28T23:07Z,401694924,TOR,2025,Baltimore Orioles,2,54.857698850000006,2025-03-25T11:06Z,Toronto Blue Jays,8,105,105,110,-125,-125,-130,False,ESPN BET,1,-120,9,,,-1.5,Final,8.5,100
PIT,2025-03-28T23:10Z,401694925,MIA,2025,Pittsburgh Pirates,4,54.012532449999995,2025-03-25T11:06Z,Miami Marlins,3,-145,-145,-135,120,120,115,False,ESPN BET,1,-105,9,,,1.5,Final,8.5,-115
BOS,2025-03-29T00:05Z,401694926,TEX,2025,Boston Red Sox,1,54.237079730000005,2025-03-25T11:06Z,Texas Rangers,4,-115,-115,-120,-105,-105,100,False,ESPN BET,1,-130,9,,,1.5,Final,8.5,110
NYM,2025-03-29T00:10Z,401744558,HOU,2025,New York Mets,3,56.73850627,2025-03-25T11:07Z,Houston Astros,1,100,100,115,-120,-120,-135,False,ESPN BET,1,-105,9,,,1.5,Final,8.5,-115
ATL,2025-03-29T01:40Z,401694927,SD,2025,Atlanta Braves,3,56.88262261,2025-03-25T11:06Z,San Diego Padres,4,115,115,-105,-135,-135,-115,False,ESPN BET,1,100,9,,,-1.5,Final,7.5,-120
CHC,2025-03-29T01:40Z,401694928,ARI,2025,Chicago Cubs,1,51.310004129999996,2025-03-25T11:06Z,Arizona Diamondbacks,8,125,125,110,-150,-150,-130,False,ESPN BET,1,-125,9,,,-1.5,Final,8.5,105
ATH,2025-03-29T01:40Z,401694930,SEA,2025,Athletics,7,62.14418109,2025-03-25T11:06Z,Seattle Mariners,0,125,125,140,-150,-150,-165,False,ESPN BET,1,115,9,,,-1.5,Final,7.5,-135
DET,2025-03-29T02:10Z,401694929,LAD,2025,Detroit Tigers,5,73.42911765,2025-03-25T11:06Z,Los Angeles Dodgers,8,160,160,165,-190,-190,-200,False,ESPN BET,1,-105,10,,,-1.5,Final/10,7.5,-115
MIL,2025-03-29T17:05Z,401694933,NYY,2025,Milwaukee Brewers,9,58.04677049,2025-03-29T11:08Z,New York Yankees,20,140,140,135,-165,-165,-160,False,ESPN BET,1,-130,9,,,-1.5,Final,8.5,110
LAA,2025-03-29T18:10Z,401694937,CHW,2025,Los Angeles Angels,1,47.084742330000005,2025-03-29T11:08Z,Chicago White Sox,0,-160,-160,-160,135,135,135,False,ESPN BET,1,105,9,,,1.5,Final,8.5,-125
MIN,2025-03-29T18:15Z,401694940,STL,2025,Minnesota Twins,1,52.76394879,2025-03-29T11:08Z,St. Louis Cardinals,5,-110,-110,-130,-110,-110,110,False,ESPN BET,1,-110,9,,,1.5,Final,7.5,-110
BAL,2025-03-29T19:07Z,401694931,TOR,2025,Baltimore Orioles,9,53.644225840000004,2025-03-29T11:08Z,Toronto Blue Jays,5,105,105,100,-125,-125,-120,False,ESPN BET,1,-115,9,,,-1.5,Final,8.5,-105
PHI,2025-03-29T20:05Z,401694934,WSH,2025,Philadelphia Phillies,11,48.25789224,2025-03-29T11:08Z,Washington Nationals,6,-155,-155,-150,130,130,125,False,ESPN BET,1,-135,9,,,1.5,Final,8.5,115
COL,2025-03-29T20:10Z,401694932,TB,2025,Colorado Rockies,2,71.13544076,2025-03-29T11:08Z,Tampa Bay Rays,1,165,165,160,-200,-200,-190,False,ESPN BET,1,100,9,,,-1.5,Final,8.5,-120
PIT,2025-03-29T20:10Z,401694935,MIA,2025,Pittsburgh Pirates,4,50.78093941,2025-03-29T11:08Z,Miami Marlins,5,-120,-120,-135,100,100,115,False,ESPN BET,1,-120,12,,,1.5,Final/12,8.5,100
SF,2025-03-29T20:10Z,401694936,CIN,2025,San Francisco Giants,2,61.394931559999996,2025-03-29T11:08Z,Cincinnati Reds,3,100,100,100,-120,-120,-120,False,ESPN BET,1,-120,9,,,1.5,Final,8.5,100
CLE,2025-03-29T20:10Z,401694939,KC,2025,Cleveland Guardians,3,55.280161709999994,2025-03-29T11:08Z,Kansas City Royals,4,100,100,110,-120,-120,-130,False,ESPN BET,1,-120,9,,,1.5,Final,8.5,100
BOS,2025-03-29T23:05Z,401694938,TEX,2025,Boston Red Sox,3,62.423333199999995,2025-03-29T11:08Z,Texas Rangers,4,-115,-115,115,-105,-105,-135,False,ESPN BET,1,-120,9,,,1.5,Final,8.5,100
NYM,2025-03-29T23:15Z,401694941,HOU,2025,New York Mets,1,65.77947707,2025-03-29T11:08Z,Houston Astros,2,100,100,105,-120,-120,-125,False,ESPN BET,1,-130,9,,,-1.5,Final,8.5,110
ATL,2025-03-29T23:15Z,401694942,SD,2025,Atlanta Braves,0,42.38427747,2025-03-29T11:08Z,San Diego Padres,1,-155,-155,-150,130,130,125,False,ESPN BET,1,105,9,,,1.5,Final,8.5,-125
CHC,2025-03-30T00:10Z,401694943,ARI,2025,Chicago Cubs,4,51.17218724,2025-03-29T11:08Z,Arizona Diamondbacks,3,105,105,105,-125,-125,-125,False,ESPN BET,1,-125,9,,,-1.5,Final,8.5,105
DET,2025-03-30T01:10Z,401694944,LAD,2025,Detroit Tigers,3,61.91292867,2025-03-29T11:08Z,Los Angeles Dodgers,7,165,165,155,-200,-200,-185,False,ESPN BET,1,-105,9,,,-1.5,Final,7.5,-115
ATH,2025-03-30T01:40Z,401694945,SEA,2025,Athletics,4,60.76756252,2025-03-29T11:08Z,Seattle Mariners,2,130,135,135,-170,-160,-160,False,ESPN BET,1,115,9,,,-1.5,Final,7.5,-135
MIL,2025-03-30T17:35Z,401694948,NYY,2025,Milwaukee Brewers,3,57.833805059999996,2025-03-30T11:07Z,New York Yankees,12,125,125,120,-150,-150,-145,False,ESPN BET,1,100,9,,,-1.5,Final,8.5,-120
PHI,2025-03-30T17:35Z,401694949,WSH,2025,Philadelphia Phillies,1,46.2984825,2025-03-30T11:07Z,Washington Nationals,5,-135,-135,-160,115,115,135,False,ESPN BET,1,-125,9,,,1.5,Final,8.5,105
BAL,2025-03-30T17:37Z,401694946,TOR,2025,Baltimore Orioles,1,52.448189570000004,2025-03-30T11:07Z,Toronto Blue Jays,3,115,115,105,-135,-135,-125,False,ESPN BET,1,-125,9,,,-1.5,Final,8.5,105
COL,2025-03-30T17:40Z,401694947,TB,2025,Colorado Rockies,4,63.84382323,2025-03-30T11:07Z,Tampa Bay Rays,6,155,160,165,-185,-190,-200,False,ESPN BET,1,-115,9,,,-1.5,Final,7.5,-105
PIT,2025-03-30T17:40Z,401694950,MIA,2025,Pittsburgh Pirates,2,46.47476037,2025-03-30T11:07Z,Miami Marlins,3,100,100,-125,-120,-120,105,False,ESPN BET,1,-110,9,,,1.5,Final,7.5,-110
SF,2025-03-30T17:40Z,401694951,CIN,2025,San Francisco Giants,6,59.42236827000001,2025-03-30T11:07Z,Cincinnati Reds,3,-130,-130,-130,110,110,110,False,ESPN BET,1,100,9,,,1.5,Final,8.5,-120
LAA,2025-03-30T18:10Z,401694952,CHW,2025,Los Angeles Angels,3,54.78451716,2025-03-30T11:07Z,Chicago White Sox,2,-125,-125,-130,105,105,110,False,ESPN BET,1,-110,9,,,1.5,Final,8.5,-110
CLE,2025-03-30T18:10Z,401694954,KC,2025,Cleveland Guardians,6,49.42020076,2025-03-30T11:07Z,Kansas City Royals,2,-105,-105,-110,-115,-115,-110,False,ESPN BET,1,115,9,,,1.5,Final,7.5,-135
MIN,2025-03-30T18:15Z,401694955,STL,2025,Minnesota Twins,2,55.438106909999995,2025-03-30T11:07Z,St. Louis Cardinals,9,-110,-110,-130,-110,-110,110,False,ESPN BET,1,100,9,,,1.5,Final,8.5,-120
BOS,2025-03-30T18:35Z,401694953,TEX,2025,Boston Red Sox,2,66.23555845,2025-03-30T11:07Z,Texas Rangers,3,130,130,165,-155,-155,-200,False,ESPN BET,1,-105,9,,,-1.5,Final,7.5,-115
CHC,2025-03-30T20:10Z,401694958,ARI,2025,Chicago Cubs,6,45.10150958,2025-03-30T11:07Z,Arizona Diamondbacks,10,-105,-105,110,-115,-115,-130,False,ESPN BET,1,-135,9,,,1.5,Final,8.5,115
ATH,2025-03-30T20:10Z,401694959,SEA,2025,Athletics,1,67.02581191,2025-03-30T11:07Z,Seattle Mariners,2,150,150,140,-180,-180,-165,False,ESPN BET,1,100,9,,,-1.5,Final,7.5,-120
ATL,2025-03-30T23:00Z,401694957,SD,2025,Atlanta Braves,0,56.37855119,2025-03-30T11:07Z,San Diego Padres,5,110,110,120,-130,-130,-145,False,ESPN BET,1,-125,9,,,-1.5,Final,7.5,105
KC,2025-03-31T18:10Z,401694967,MIL,2025,Kansas City Royals,11,51.19555509,2025-03-31T11:07Z,Milwaukee Brewers,1,100,100,-105,-120,-120,-115,False,ESPN BET,1,-115,9,,,1.5,Final,8.5,-105
MIN,2025-03-31T18:10Z,401694968,CHW,2025,Minnesota Twins,0,47.490694770000005,2025-03-31T11:07Z,Chicago White Sox,9,-190,-190,-165,160,160,140,False,ESPN BET,1,-105,9,,,1.5,Final,7.5,-115
BOS,2025-03-31T18:35Z,401694960,BAL,2025,Boston Red Sox,5,62.15937814,2025-03-31T11:07Z,Baltimore Orioles,8,120,120,125,-145,-145,-150,False,ESPN BET,1,-120,9,,,-1.5,Final,9.5,100
COL,2025-03-31T19:05Z,401694961,PHI,2025,Colorado Rockies,1,75.17963738,2025-03-31T11:07Z,Philadelphia Phillies,6,240,240,200,-310,-310,-260,False,ESPN BET,1,-120,9,,,-1.5,Final,8.5,100
NYM,2025-03-31T22:40Z,401694962,MIA,2025,New York Mets,10,46.27885003,2025-03-31T11:07Z,Miami Marlins,4,-190,-190,-165,160,160,140,False,ESPN BET,1,-115,9,,,1.5,Final,8.5,-105
TEX,2025-03-31T22:40Z,401694964,CIN,2025,Texas Rangers,3,53.005586019999996,2025-03-31T11:07Z,Cincinnati Reds,14,-125,-125,-115,105,105,-105,False,ESPN BET,1,-115,9,,,1.5,Final,8.5,-105
PIT,2025-03-31T23:05Z,401694963,TB,2025,Pittsburgh Pirates,1,64.10003702,2025-03-31T11:07Z,Tampa Bay Rays,6,155,155,140,-185,-185,-165,False,ESPN BET,1,105,9,,,-1.5,Final,8.5,-125
WSH,2025-03-31T23:07Z,401694965,TOR,2025,Washington Nationals,2,60.95558743,2025-03-31T11:07Z,Toronto Blue Jays,5,150,150,140,-180,-180,-165,False,ESPN BET,1,-125,9,,,-1.5,Final,8.5,105
LAA,2025-03-31T23:45Z,401694966,STL,2025,Los Angeles Angels,5,61.69064769,2025-03-31T11:07Z,St. Louis Cardinals,4,140,140,115,-165,-165,-135,False,ESPN BET,1,-120,10,,,-1.5,Final/10,7.5,100
SF,2025-04-01T00:10Z,401694969,HOU,2025,San Francisco Giants,7,59.9081984,2025-03-31T11:07Z,Houston Astros,2,110,110,100,-130,-130,-120,False,ESPN BET,1,-125,9,,,-1.5,Final,7.5,105
CLE,2025-04-01T01:40Z,401694972,SD,2025,Cleveland Guardians,2,58.6299138,2025-03-31T11:07Z,San Diego Padres,7,110,110,115,-130,-130,-135,False,ESPN BET,1,100,9,,,-1.5,Final,7.5,-120
DET,2025-04-01T01:40Z,401694973,SEA,2025,Detroit Tigers,9,54.25064021,2025-03-31T11:07Z,Seattle Mariners,6,-105,-105,100,-115,-115,-120,False,ESPN BET,1,100,9,,,1.5,Final,7.5,-120
CHC,2025-04-01T02:05Z,401764519,ATH,2025,Chicago Cubs,18,36.08949099,2025-03-31T11:07Z,Athletics,3,-150,-150,-125,125,125,105,False,ESPN BET,1,-110,9,,,1.5,Final,8.5,-110
ATL,2025-04-01T02:10Z,401694970,LAD,2025,Atlanta Braves,1,63.78844348,2025-03-31T11:07Z,Los Angeles Dodgers,6,175,175,160,-220,-220,-190,False,ESPN BET,1,-130,9,,,-1.5,Final,7.5,110
NYM,2025-04-01T22:40Z,401694975,MIA,2025,New York Mets,2,55.773016070000004,2025-04-01T11:07Z,Miami Marlins,4,-160,-160,-150,135,135,125,False,ESPN BET,1,-110,9,,,1.5,Final,7.5,-110
TEX,2025-04-01T22:40Z,401694977,CIN,2025,Texas Rangers,1,48.0313995,2025-04-01T11:07Z,Cincinnati Reds,0,-155,-155,-150,130,130,125,False,ESPN BET,1,-125,9,,,1.5,Final,8.5,105
ARI,2025-04-01T23:05Z,401694974,NYY,2025,Arizona Diamondbacks,7,52.71125911,2025-04-01T11:07Z,New York Yankees,5,-125,-125,-115,105,105,-105,False,ESPN BET,1,-110,9,,,1.5,Final,8.5,-110
PIT,2025-04-01T23:05Z,401694976,TB,2025,Pittsburgh Pirates,0,57.982217170000006,2025-04-01T11:07Z,Tampa Bay Rays,7,145,145,135,-175,-175,-160,False,ESPN BET,1,-130,9,,,-1.5,Final,8.5,110
WSH,2025-04-01T23:07Z,401694978,TOR,2025,Washington Nationals,3,48.22559564,2025-04-01T11:07Z,Toronto Blue Jays,5,140,140,130,-165,-165,-155,False,ESPN BET,1,-115,9,,,-1.5,Final,8.5,-105
KC,2025-04-01T23:40Z,401694980,MIL,2025,Kansas City Royals,0,58.18419051,2025-04-01T11:07Z,Milwaukee Brewers,5,105,105,105,-125,-125,-125,False,ESPN BET,1,-125,9,,,1.5,Final,8.5,105
MIN,2025-04-01T23:40Z,401694981,CHW,2025,Minnesota Twins,8,52.656666259999994,2025-04-01T11:07Z,Chicago White Sox,3,-165,-165,-185,140,140,155,False,ESPN BET,1,100,9,,,1.5,Final,7.5,-120
LAA,2025-04-01T23:45Z,401694979,STL,2025,Los Angeles Angels,9,65.22575327999999,2025-04-01T11:07Z,St. Louis Cardinals,7,115,120,125,-135,-145,-150,False,ESPN BET,1,100,11,,,-1.5,Final/11,8.5,-120
SF,2025-04-02T00:10Z,401694982,HOU,2025,San Francisco Giants,3,52.14234416,2025-04-01T11:07Z,Houston Astros,1,-135,-135,-120,115,115,100,False,ESPN BET,1,-105,9,,,1.5,Final,8.5,-115
CLE,2025-04-02T01:40Z,401694985,SD,2025,Cleveland Guardians,0,72.24381466,2025-04-01T11:07Z,San Diego Padres,7,140,140,140,-165,-165,-165,False,ESPN BET,1,-115,9,,,-1.5,Final,7.5,-105
DET,2025-04-02T01:40Z,401694986,SEA,2025,Detroit Tigers,4,66.17997984,2025-04-01T11:07Z,Seattle Mariners,1,135,135,140,-160,-160,-165,False,ESPN BET,1,-120,9,,,-1.5,Final,6.5,100
CHC,2025-04-02T02:05Z,401764520,ATH,2025,Chicago Cubs,7,39.146301210000004,2025-04-01T11:07Z,Athletics,4,-130,-130,-120,110,110,100,False,ESPN BET,1,-130,9,,,1.5,Final,7.5,110
ATL,2025-04-02T02:10Z,401694983,LAD,2025,Atlanta Braves,1,48.26868768,2025-04-01T11:07Z,Los Angeles Dodgers,3,105,105,110,-125,-125,-130,False,ESPN BET,1,100,9,,,-1.5,Final,7.5,-120
TEX,2025-04-02T16:40Z,401694992,CIN,2025,Texas Rangers,1,66.46796614,2025-04-02T11:07Z,Cincinnati Reds,0,120,120,115,-145,-145,-135,False,ESPN BET,1,-110,9,,,-1.5,Final,8.5,-110
PIT,2025-04-02T17:10Z,401694991,TB,2025,Pittsburgh Pirates,4,51.759484619999995,2025-04-02T11:07Z,Tampa Bay Rays,2,-115,-115,-120,-105,-105,100,False,ESPN BET,1,-145,9,,,1.5,Final,6.5,120
KC,2025-04-02T17:10Z,401694995,MIL,2025,Kansas City Royals,2,53.31931662,2025-04-02T11:07Z,Milwaukee Brewers,3,-105,-105,-110,-115,-115,-110,False,ESPN BET,1,-105,11,,,1.5,Final/11,7.5,-115
LAA,2025-04-02T17:15Z,401694994,STL,2025,Los Angeles Angels,5,62.214386430000005,2025-04-02T11:07Z,St. Louis Cardinals,12,110,115,125,-140,-135,-150,False,ESPN BET,1,-120,9,,,-1.5,Final,8.5,100
MIN,2025-04-02T18:10Z,401694996,CHW,2025,Minnesota Twins,6,54.051514489999995,2025-04-02T11:07Z,Chicago White Sox,1,-190,-190,-185,160,160,155,False,ESPN BET,1,115,9,,,1.5,Final,7.5,-135
WSH,2025-04-02T19:07Z,401694993,TOR,2025,Washington Nationals,2,46.575959430000005,2025-04-02T11:07Z,Toronto Blue Jays,4,-110,-110,-120,-110,-110,100,False,ESPN BET,1,100,9,,,1.5,Final,8.5,-120
CHC,2025-04-02T19:35Z,401764521,ATH,2025,Chicago Cubs,10,45.26359231,2025-04-02T11:07Z,Athletics,2,100,100,100,-120,-120,-120,False,ESPN BET,1,-105,9,,,1.5,Final,8.5,-115
SF,2025-04-02T20:10Z,401694997,HOU,2025,San Francisco Giants,6,61.851228000000006,2025-04-02T11:07Z,Houston Astros,3,145,145,145,-175,-175,-175,False,ESPN BET,1,-105,9,,,-1.5,Final,7.5,-115
CLE,2025-04-02T20:10Z,401695000,SD,2025,Cleveland Guardians,2,70.08545467,2025-04-02T11:07Z,San Diego Padres,5,145,145,155,-175,-175,-185,False,ESPN BET,1,-120,9,,,-1.5,Final,7.5,100
DET,2025-04-02T20:10Z,401695001,SEA,2025,Detroit Tigers,2,49.24855369,2025-04-02T11:07Z,Seattle Mariners,3,-130,-130,100,110,110,-120,False,ESPN BET,1,-105,9,,,1.5,Final,6.5,-115
NYM,2025-04-02T20:40Z,401694990,MIA,2025,New York Mets,6,49.81043127,2025-04-02T11:07Z,Miami Marlins,5,-230,-230,-210,180,180,170,False,ESPN BET,1,-125,11,,,1.5,Final/11,8.5,105
BOS,2025-04-02T22:35Z,401694988,BAL,2025,Boston Red Sox,3,53.26633517,2025-04-02T11:07Z,Baltimore Orioles,0,-120,-125,-110,100,105,-110,False,ESPN BET,1,-110,9,,,1.5,Final,7.5,-110
COL,2025-04-02T22:45Z,401694989,PHI,2025,Colorado Rockies,1,77.69041319,2025-04-02T11:07Z,Philadelphia Phillies,5,260,260,260,-330,-330,-360,False,ESPN BET,1,115,9,,,-1.5,Final,7.5,-135
ARI,2025-04-02T23:05Z,401694987,NYY,2025,Arizona Diamondbacks,4,58.36142167,2025-04-02T11:07Z,New York Yankees,3,125,125,110,-150,-150,-130,False,ESPN BET,1,-125,9,,,-1.5,Final,7.5,105
ATL,2025-04-03T00:38Z,401694998,LAD,2025,Atlanta Braves,5,73.4849434,2025-04-02T11:07Z,Los Angeles Dodgers,6,190,190,180,-240,-240,-230,False,ESPN BET,1,105,9,,,-1.5,Final,8.5,-125
BOS,2025-04-03T17:05Z,401695003,BAL,2025,Boston Red Sox,8,54.97707283,2025-04-03T11:07Z,Baltimore Orioles,4,110,110,-110,-130,-130,-110,False,ESPN BET,1,100,9,,,-1.5,Final,9.5,-120
COL,2025-04-03T17:05Z,401695004,PHI,2025,Colorado Rockies,1,63.064894120000005,2025-04-03T11:07Z,Philadelphia Phillies,3,185,200,165,-225,-240,-200,False,ESPN BET,1,-130,9,,,-1.5,Final,9.5,110
HOU,2025-04-03T20:10Z,401695006,MIN,2025,Houston Astros,5,55.53526747000001,2025-04-03T11:07Z,Minnesota Twins,2,110,110,105,-130,-130,-125,False,ESPN BET,1,115,9,,,-1.5,Final,7.5,-135
ARI,2025-04-03T23:05Z,401695002,NYY,2025,Arizona Diamondbacks,7,53.21390444000001,2025-04-03T11:07Z,New York Yankees,9,115,115,-110,-135,-135,-110,False,ESPN BET,1,-105,9,,,-1.5,Final,9.5,-115
CIN,2025-04-03T23:40Z,401695005,MIL,2025,Cincinnati Reds,0,46.89219118,2025-04-03T11:07Z,Milwaukee Brewers,1,100,100,100,-120,-120,-120,False,ESPN BET,1,100,9,,,1.5,Final,8.5,-120
CHW,2025-04-04T17:10Z,401695009,DET,2025,Chicago White Sox,4,63.27899756000001,2025-04-04T11:07Z,Detroit Tigers,7,195,195,175,-235,-235,-210,False,ESPN BET,1,110,9,,,-1.5,Final,7.5,-130
STL,2025-04-04T18:10Z,401695013,BOS,2025,St. Louis Cardinals,9,40.81216471,2025-04-04T11:07Z,Boston Red Sox,13,-105,100,120,-125,-120,-145,False,ESPN BET,1,-115,9,,,1.5,Final,9.5,-105
SD,2025-04-04T18:20Z,401695016,CHC,2025,San Diego Padres,1,63.875059359999995,2025-04-04T11:07Z,Chicago Cubs,3,150,150,125,-180,-180,-150,False,ESPN BET,1,-145,9,,,-1.5,Final,6.5,120
TOR,2025-04-04T19:10Z,401695007,NYM,2025,Toronto Blue Jays,0,56.272985070000004,2025-04-04T11:07Z,New York Mets,5,110,110,110,-130,-130,-130,False,ESPN BET,1,-105,9,,,-1.5,Final,7.5,-115
ATH,2025-04-04T20:10Z,401695018,COL,2025,Athletics,6,45.307736500000004,2025-04-04T11:07Z,Colorado Rockies,3,-115,-115,-110,-105,-105,-110,False,ESPN BET,1,-145,11,,,1.5,Final/11,8.5,120
NYY,2025-04-04T20:12Z,401695012,PIT,2025,New York Yankees,9,42.483746350000004,2025-04-04T11:07Z,Pittsburgh Pirates,4,-180,-180,-155,150,150,130,False,ESPN BET,1,-120,9,,,1.5,Final,7.5,100
SEA,2025-04-04T20:35Z,401695020,SF,2025,Seattle Mariners,9,54.266192260000004,2025-04-04T11:07Z,San Francisco Giants,10,135,135,-110,-160,-160,-110,False,ESPN BET,1,-120,11,,,-1.5,Final/11,7.5,100
ARI,2025-04-04T22:45Z,401695008,WSH,2025,Arizona Diamondbacks,6,44.37841727,2025-04-04T11:07Z,Washington Nationals,4,-160,-160,-135,135,135,115,False,ESPN BET,1,-105,9,,,1.5,Final,8.5,-115
LAD,2025-04-04T22:45Z,401695010,PHI,2025,Los Angeles Dodgers,2,40.80749516,2025-04-04T11:07Z,Philadelphia Phillies,3,-135,-135,-135,115,115,115,False,ESPN BET,1,-130,9,,,1.5,Final,7.5,110
MIA,2025-04-04T23:15Z,401695011,ATL,2025,Miami Marlins,0,72.20652027999999,2025-04-04T11:07Z,Atlanta Braves,10,200,200,185,-240,-240,-225,False,ESPN BET,1,-120,9,,,-1.5,Final,7.5,100
BAL,2025-04-04T23:40Z,401695014,KC,2025,Baltimore Orioles,2,54.90417127,2025-04-04T11:07Z,Kansas City Royals,8,-110,-110,110,-110,-110,-130,False,ESPN BET,1,-120,9,,,1.5,Final,7.5,100
TB,2025-04-05T00:05Z,401695017,TEX,2025,Tampa Bay Rays,2,47.006903560000005,2025-04-04T11:07Z,Texas Rangers,5,110,110,110,-130,-130,-130,False,ESPN BET,1,-110,9,,,-1.5,Final,8.5,-110
CIN,2025-04-05T00:10Z,401695015,MIL,2025,Cincinnati Reds,2,46.97200998,2025-04-04T11:07Z,Milwaukee Brewers,3,110,110,100,-130,-130,-120,False,ESPN BET,1,100,9,,,-1.5,Final,8.5,-120
CLE,2025-04-05T01:38Z,401695019,LAA,2025,Cleveland Guardians,8,58.682265310000005,2025-04-04T11:07Z,Los Angeles Angels,6,-110,-110,-125,-110,-110,105,False,ESPN BET,1,-120,9,,,1.5,Final,7.5,100
CHW,2025-04-05T17:10Z,401695022,DET,2025,Chicago White Sox,2,60.3866694,2025-04-05T11:07Z,Detroit Tigers,7,200,200,175,-240,-240,-210,False,ESPN BET,1,-105,9,,,-1.5,Final,7.5,-115
HOU,2025-04-05T18:10Z,401695030,MIN,2025,Houston Astros,1,49.3930529,2025-04-05T11:07Z,Minnesota Twins,6,105,105,100,-125,-125,-120,False,ESPN BET,1,-115,9,,,-1.5,Final,7.5,-105
SD,2025-04-05T18:20Z,401695031,CHC,2025,San Diego Padres,1,59.76022234,2025-04-05T11:07Z,Chicago Cubs,7,-105,-105,-105,-115,-115,-115,False,ESPN BET,1,-120,9,,,-1.5,Final,6.5,100
ARI,2025-04-05T20:05Z,401695021,WSH,2025,Arizona Diamondbacks,3,52.95118068,2025-04-05T11:07Z,Washington Nationals,4,-135,-135,-130,115,115,110,False,ESPN BET,1,100,9,,,1.5,Final,9.5,-120
LAD,2025-04-05T20:05Z,401695023,PHI,2025,Los Angeles Dodgers,3,50.71530022,2025-04-05T11:07Z,Philadelphia Phillies,1,-110,-110,110,-110,-110,-130,False,ESPN BET,1,-105,9,,,1.5,Final,8.5,-115
NYY,2025-04-05T20:05Z,401695025,PIT,2025,New York Yankees,10,45.24543444,2025-04-05T11:07Z,Pittsburgh Pirates,4,-165,-165,-145,140,140,120,False,ESPN BET,1,-115,9,,,1.5,Final,9.5,-105
BAL,2025-04-05T20:10Z,401695028,KC,2025,Baltimore Orioles,8,53.772981109999996,2025-04-05T11:07Z,Kansas City Royals,1,-105,-105,110,-115,-115,-130,False,ESPN BET,1,-120,9,,,1.5,Final,7.5,100
TB,2025-04-05T23:05Z,401695032,TEX,2025,Tampa Bay Rays,4,57.850278460000006,2025-04-05T11:07Z,Texas Rangers,6,150,150,150,-180,-180,-180,False,ESPN BET,1,-110,9,,,-1.5,Final,7.5,-110
TOR,2025-04-05T23:10Z,401695027,NYM,2025,Toronto Blue Jays,2,48.88194397,2025-04-05T11:07Z,New York Mets,3,120,120,105,-145,-145,-125,False,ESPN BET,1,-115,9,,,-1.5,Final,7.5,-105
CIN,2025-04-05T23:10Z,401695029,MIL,2025,Cincinnati Reds,11,47.68280685,2025-04-05T11:07Z,Milwaukee Brewers,7,100,100,-125,-120,-120,105,False,ESPN BET,1,100,9,,,1.5,Final,8.5,-120
MIA,2025-04-05T23:15Z,401695024,ATL,2025,Miami Marlins,4,69.48278847,2025-04-05T11:07Z,Atlanta Braves,0,215,215,185,-265,-265,-225,False,ESPN BET,1,-120,9,,,-1.5,Final,8.5,100
ATH,2025-04-06T00:10Z,401695033,COL,2025,Athletics,7,48.2334312,2025-04-05T11:07Z,Colorado Rockies,4,-110,-110,-120,-110,-110,100,False,ESPN BET,1,-105,9,,,1.5,Final,9.5,-115
SEA,2025-04-06T01:05Z,401695035,SF,2025,Seattle Mariners,1,55.32916874,2025-04-05T11:07Z,San Francisco Giants,4,100,100,100,-120,-120,-120,False,ESPN BET,1,-105,9,,,-1.5,Final,7.5,-115
CLE,2025-04-06T01:38Z,401695034,LAA,2025,Cleveland Guardians,4,46.37462154,2025-04-05T11:07Z,Los Angeles Angels,10,-155,-155,-150,130,130,125,False,ESPN BET,1,-125,9,,,1.5,Final,8.5,105
ARI,2025-04-06T17:35Z,401695036,WSH,2025,Arizona Diamondbacks,4,46.48249856,2025-04-06T11:07Z,Washington Nationals,5,-180,-180,-180,150,150,150,False,ESPN BET,1,-120,9,,,1.5,Final,7.5,100
LAD,2025-04-06T17:35Z,401695038,PHI,2025,Los Angeles Dodgers,7,45.00853836,2025-04-06T11:07Z,Philadelphia Phillies,8,-125,-125,-125,105,105,105,False,ESPN BET,1,105,9,,,1.5,Final,7.5,-125
NYY,2025-04-06T17:35Z,401695040,PIT,2025,New York Yankees,4,48.21796037,2025-04-06T11:07Z,Pittsburgh Pirates,5,-165,-165,-130,140,140,110,False,ESPN BET,1,-115,11,,,1.5,Final/11,8.5,-105
STL,2025-04-06T17:35Z,401766602,BOS,2025,St. Louis Cardinals,4,42.20394166,2025-04-06T11:07Z,Boston Red Sox,5,100,100,115,-120,-120,-135,False,ESPN BET,1,-135,10,,,1.5,Final/10,8.5,115
CHW,2025-04-06T17:40Z,401695037,DET,2025,Chicago White Sox,3,59.04917313,2025-04-06T11:07Z,Detroit Tigers,4,155,155,125,-185,-185,-150,False,ESPN BET,1,-110,9,,,-1.5,Final,7.5,-110
TOR,2025-04-06T17:40Z,401695042,NYM,2025,Toronto Blue Jays,1,58.3173932,2025-04-06T11:07Z,New York Mets,2,125,125,120,-150,-150,-145,False,ESPN BET,1,115,9,,,-1.5,Final,7.5,-135
BAL,2025-04-06T18:10Z,401695043,KC,2025,Baltimore Orioles,1,61.275496880000006,2025-04-06T11:07Z,Kansas City Royals,4,-110,-110,-110,-110,-110,-110,False,ESPN BET,1,-120,9,,,1.5,Final,7.5,100
CIN,2025-04-06T18:10Z,401695044,MIL,2025,Cincinnati Reds,2,55.744323200000004,2025-04-06T11:07Z,Milwaukee Brewers,8,115,115,115,-135,-135,-135,False,ESPN BET,1,-115,9,,,-1.5,Final,8.5,-105
HOU,2025-04-06T18:10Z,401695045,MIN,2025,Houston Astros,9,48.149487,2025-04-06T11:07Z,Minnesota Twins,7,-105,-105,105,-115,-115,-125,False,ESPN BET,1,-110,10,,,1.5,Final/10,8.5,-110
SD,2025-04-06T18:20Z,401695046,CHC,2025,San Diego Padres,8,62.54403985,2025-04-06T11:07Z,Chicago Cubs,7,115,115,125,-135,-135,-150,False,ESPN BET,1,-105,9,,,-1.5,Final,7.5,-115
TB,2025-04-06T18:35Z,401695047,TEX,2025,Tampa Bay Rays,3,40.51499014,2025-04-06T11:07Z,Texas Rangers,4,-115,-115,100,-105,-105,-120,False,ESPN BET,1,-125,9,,,1.5,Final,7.5,105
ATH,2025-04-06T19:10Z,401695048,COL,2025,Athletics,5,54.362464200000005,2025-04-06T11:07Z,Colorado Rockies,12,100,100,-125,-120,-120,105,False,ESPN BET,1,-115,9,,,1.5,Final,10.5,-105
SEA,2025-04-06T20:05Z,401695050,SF,2025,Seattle Mariners,4,53.25496027,2025-04-06T11:07Z,San Francisco Giants,5,100,100,110,-120,-120,-130,False,ESPN BET,1,105,9,,,1.5,Final,7.5,-125
CLE,2025-04-06T20:07Z,401695049,LAA,2025,Cleveland Guardians,2,56.53322198,2025-04-06T11:07Z,Los Angeles Angels,6,-110,-110,-120,-110,-110,100,False,ESPN BET,1,-110,9,,,1.5,Final,9.5,-110
STL,2025-04-06T23:00Z,401695041,BOS,2025,St. Louis Cardinals,7,49.09677737,2025-04-06T11:07Z,Boston Red Sox,18,105,110,-110,-125,-130,-110,False,ESPN BET,1,-105,9,,,-1.5,Final,9.5,-115
NYY,2025-04-07T19:10Z,401695053,DET,2025,New York Yankees,2,46.147009929999996,2025-04-07T11:07Z,Detroit Tigers,6,-150,-150,-145,125,125,120,False,ESPN BET,1,-110,9,,,1.5,Final,8.5,-110
STL,2025-04-07T22:40Z,401695054,PIT,2025,St. Louis Cardinals,4,46.926885909999996,2025-04-07T11:07Z,Pittsburgh Pirates,8,-115,-115,-125,-105,-105,105,False,ESPN BET,1,-105,9,,,1.5,Final,8.5,-115
LAD,2025-04-07T22:45Z,401695051,WSH,2025,Los Angeles Dodgers,4,45.63657808,2025-04-07T11:07Z,Washington Nationals,6,-180,-180,-155,150,150,130,False,ESPN BET,1,-120,9,,,1.5,Final,7.5,100
TOR,2025-04-07T22:45Z,401695055,BOS,2025,Toronto Blue Jays,6,64.94773706,2025-04-07T11:07Z,Boston Red Sox,2,110,110,110,-130,-130,-130,False,ESPN BET,1,100,9,,,-1.5,Final,8.5,-120
MIA,2025-04-07T23:10Z,401695052,NYM,2025,Miami Marlins,0,61.066267419999996,2025-04-07T11:07Z,New York Mets,2,230,230,205,-285,-285,-250,False,ESPN BET,1,100,9,,,-1.5,Final,7.5,-120
MIN,2025-04-07T23:40Z,401695056,KC,2025,Minnesota Twins,2,47.65396348,2025-04-07T11:07Z,Kansas City Royals,4,100,-105,105,-120,-115,-125,False,ESPN BET,1,110,9,,,1.5,Final,8.5,-130
TEX,2025-04-07T23:40Z,401695057,CHC,2025,Texas Rangers,0,57.72407396,2025-04-07T11:07Z,Chicago Cubs,7,100,100,100,-120,-120,-120,False,ESPN BET,1,110,9,,,-1.5,Final,6.5,-130
BAL,2025-04-08T01:40Z,401695058,ARI,2025,Baltimore Orioles,5,57.75974827,2025-04-07T11:07Z,Arizona Diamondbacks,1,100,100,110,-120,-120,-130,False,ESPN BET,1,100,9,,,-1.5,Final,8.5,-120
HOU,2025-04-08T01:40Z,401695060,SEA,2025,Houston Astros,3,60.90196173,2025-04-07T11:07Z,Seattle Mariners,4,140,140,135,-165,-165,-160,False,ESPN BET,1,120,9,,,-1.5,Final,7.5,-145
CIN,2025-04-08T01:45Z,401695059,SF,2025,Cincinnati Reds,2,57.397572419999996,2025-04-07T11:07Z,San Francisco Giants,0,130,130,120,-155,-155,-145,False,ESPN BET,1,-115,9,,,-1.5,Final,6.5,-105
SD,2025-04-08T02:05Z,401764522,ATH,2025,San Diego Padres,5,34.86335809,2025-04-07T11:07Z,Athletics,4,-155,-155,-150,130,130,125,False,ESPN BET,1,-105,9,,,1.5,Final,8.5,-115
NYY,2025-04-08T17:10Z,401695066,DET,2025,New York Yankees,0,61.57189623,2025-04-08T12:15Z,Detroit Tigers,5,145,145,-145,-175,-175,120,False,ESPN BET,1,-105,9,,,-1.5,Final,7.5,-115
CHW,2025-04-08T20:10Z,401695063,CLE,2025,Chicago White Sox,0,56.258311250000006,2025-04-08T12:15Z,Cleveland Guardians,1,165,165,165,-200,-200,-200,False,ESPN BET,1,105,9,,,-1.5,Final,7.5,-125
MIA,2025-04-08T20:10Z,401695065,NYM,2025,Miami Marlins,5,63.915013,2025-04-08T12:15Z,New York Mets,10,235,235,240,-290,-290,-300,False,ESPN BET,1,110,9,,,-1.5,Final,7.5,-130
STL,2025-04-08T22:40Z,401695068,PIT,2025,St. Louis Cardinals,5,54.564341520000006,2025-04-08T12:15Z,Pittsburgh Pirates,3,120,120,120,-145,-145,-145,False,ESPN BET,1,105,9,,,-1.5,Final,6.5,-125
LAD,2025-04-08T22:45Z,401695064,WSH,2025,Los Angeles Dodgers,2,49.71069036,2025-04-08T12:15Z,Washington Nationals,8,-185,-190,-180,155,160,150,False,ESPN BET,1,-110,9,,,1.5,Final,8.5,-110
TOR,2025-04-08T22:45Z,401695069,BOS,2025,Toronto Blue Jays,6,74.59943476999999,2025-04-08T12:15Z,Boston Red Sox,1,180,180,160,-215,-215,-190,False,ESPN BET,1,-115,9,,,-1.5,Final,7.5,-105
LAA,2025-04-08T23:05Z,401695077,TB,2025,Los Angeles Angels,4,59.95050454999999,2025-04-08T12:15Z,Tampa Bay Rays,3,145,140,140,-175,-165,-165,False,ESPN BET,1,-110,9,,,-1.5,Final,8.5,-110
PHI,2025-04-08T23:15Z,401695067,ATL,2025,Philadelphia Phillies,5,57.61629065,2025-04-08T12:15Z,Atlanta Braves,7,-105,-105,100,-115,-115,-120,False,ESPN BET,1,-125,9,,,1.5,Final,6.5,105
MIN,2025-04-08T23:40Z,401695070,KC,2025,Minnesota Twins,1,54.05276979,2025-04-08T12:15Z,Kansas City Royals,2,100,100,100,-120,-120,-120,False,ESPN BET,1,100,9,,,1.5,Final,7.5,-120
TEX,2025-04-08T23:40Z,401695071,CHC,2025,Texas Rangers,6,63.832849589999995,2025-04-08T12:15Z,Chicago Cubs,10,135,135,125,-160,-160,-150,False,ESPN BET,1,-130,9,,,-1.5,Final,7.5,110
MIL,2025-04-09T00:40Z,401695072,COL,2025,Milwaukee Brewers,7,41.057515020000004,2025-04-08T12:15Z,Colorado Rockies,1,-165,-165,-160,140,140,135,False,ESPN BET,1,-105,9,,,1.5,Final,9.5,-115
BAL,2025-04-09T01:40Z,401695073,ARI,2025,Baltimore Orioles,3,54.36805461,2025-04-08T12:15Z,Arizona Diamondbacks,4,-115,-115,-105,-105,-105,-115,False,ESPN BET,1,-105,9,,,1.5,Final,9.5,-115
HOU,2025-04-09T01:40Z,401695075,SEA,2025,Houston Astros,2,51.68757323999999,2025-04-08T12:15Z,Seattle Mariners,1,100,100,-115,-120,-120,-105,False,ESPN BET,1,-130,12,,,-1.5,Final/12,6.5,110
CIN,2025-04-09T01:45Z,401695074,SF,2025,Cincinnati Reds,1,53.21847495000001,2025-04-08T12:15Z,San Francisco Giants,0,110,110,110,-130,-130,-130,False,ESPN BET,1,100,9,,,-1.5,Final,7.5,-120
SD,2025-04-09T02:05Z,401764523,ATH,2025,San Diego Padres,4,36.60236511,2025-04-08T12:15Z,Athletics,10,-120,-110,-150,100,-110,125,False,ESPN BET,1,100,9,,,1.5,Final,8.5,-120
STL,2025-04-09T16:35Z,401695083,PIT,2025,St. Louis Cardinals,1,45.65445132,2025-04-09T11:07Z,Pittsburgh Pirates,2,-115,-115,-110,-105,-105,-110,False,ESPN BET,1,-120,13,,,1.5,Final/13,7.5,100
MIA,2025-04-09T17:10Z,401695080,NYM,2025,Miami Marlins,5,70.06230244,2025-04-09T11:07Z,New York Mets,0,185,185,195,-225,-225,-235,False,ESPN BET,1,120,9,,,-1.5,Final,7.5,-145
NYY,2025-04-09T17:10Z,401695081,DET,2025,New York Yankees,4,48.34408079,2025-04-09T11:07Z,Detroit Tigers,3,-150,-150,-150,125,125,125,False,ESPN BET,1,-135,9,,,1.5,Final,6.5,115
TEX,2025-04-09T18:20Z,401695086,CHC,2025,Texas Rangers,6,69.33102222999999,2025-04-09T11:07Z,Chicago Cubs,2,145,145,135,-175,-175,-160,False,ESPN BET,1,-120,9,,,-1.5,Final,7.5,100
SD,2025-04-09T19:35Z,401764524,ATH,2025,San Diego Padres,2,48.01730106,2025-04-09T11:07Z,Athletics,1,120,120,-130,-145,-145,110,False,ESPN BET,1,-120,9,,,-1.5,Final,9.5,100
BAL,2025-04-09T19:40Z,401695088,ARI,2025,Baltimore Orioles,0,59.286936960000006,2025-04-09T11:07Z,Arizona Diamondbacks,9,105,105,105,-125,-125,-125,False,ESPN BET,1,-135,9,,,-1.5,Final,8.5,115
CIN,2025-04-09T19:45Z,401695089,SF,2025,Cincinnati Reds,6,49.39888567,2025-04-09T11:07Z,San Francisco Giants,8,120,120,130,-145,-145,-155,False,ESPN BET,1,-110,10,,,-1.5,Final/10,7.5,-110
LAD,2025-04-09T20:05Z,401695079,WSH,2025,Los Angeles Dodgers,6,43.11723153,2025-04-09T11:07Z,Washington Nationals,5,-185,-200,-165,155,165,140,False,ESPN BET,1,115,9,,,1.5,Final,9.5,-135
HOU,2025-04-09T20:10Z,401695090,SEA,2025,Houston Astros,6,47.05463059,2025-04-09T11:07Z,Seattle Mariners,7,-145,-145,-120,120,120,100,False,ESPN BET,1,-105,9,,,1.5,Final,7.5,-115
CHW,2025-04-09T22:10Z,401695078,CLE,2025,Chicago White Sox,2,47.46951807,2025-04-09T11:07Z,Cleveland Guardians,3,145,145,165,-175,-175,-200,False,ESPN BET,1,-105,9,,,-1.5,Final,7.5,-115
TOR,2025-04-09T22:45Z,401695084,BOS,2025,Toronto Blue Jays,2,59.44279592,2025-04-09T11:07Z,Boston Red Sox,1,110,110,105,-130,-130,-125,False,ESPN BET,1,100,11,,,-1.5,Final/11,8.5,-120
LAA,2025-04-09T23:05Z,401695092,TB,2025,Los Angeles Angels,4,51.69726403,2025-04-09T11:07Z,Tampa Bay Rays,5,130,130,125,-155,-155,-150,False,ESPN BET,1,-120,9,,,-1.5,Final,7.5,100
PHI,2025-04-09T23:15Z,401695082,ATL,2025,Philadelphia Phillies,4,68.56202354999999,2025-04-09T11:07Z,Atlanta Braves,3,120,120,105,-145,-145,-125,False,ESPN BET,1,-125,9,,,-1.5,Final,8.5,105
MIN,2025-04-09T23:40Z,401695085,KC,2025,Minnesota Twins,4,52.19290188,2025-04-09T11:07Z,Kansas City Royals,0,-110,-110,100,-110,-110,-120,False,ESPN BET,1,-120,9,,,1.5,Final,7.5,100
MIL,2025-04-10T00:40Z,401695087,COL,2025,Milwaukee Brewers,17,42.86226642,2025-04-09T11:07Z,Colorado Rockies,2,-155,-155,-150,130,130,125,False,ESPN BET,1,-130,9,,,1.5,Final,10.5,110
LAA,2025-04-10T17:10Z,401695062,TB,2025,Los Angeles Angels,11,52.619907440000006,2025-04-10T11:07Z,Tampa Bay Rays,1,-105,-105,110,-115,-115,-130,False,ESPN BET,1,-110,9,,,1.5,Final,8.5,-110
CHW,2025-04-10T17:10Z,401695093,CLE,2025,Chicago White Sox,1,63.43482754000001,2025-04-10T11:07Z,Cleveland Guardians,6,200,200,185,-240,-240,-225,False,ESPN BET,1,100,9,,,-1.5,Final,7.5,-120
MIN,2025-04-10T18:10Z,401695096,KC,2025,Minnesota Twins,2,53.325331,2025-04-10T11:07Z,Kansas City Royals,3,100,100,100,-120,-120,-120,False,ESPN BET,1,-105,9,,,1.5,Final,8.5,-115
MIL,2025-04-10T19:10Z,401695097,COL,2025,Milwaukee Brewers,2,45.50469159,2025-04-10T11:07Z,Colorado Rockies,7,-130,-125,-120,100,105,100,False,ESPN BET,1,100,9,,,1.5,Final,10.5,-120
TOR,2025-04-10T20:10Z,401695095,BOS,2025,Toronto Blue Jays,3,47.95086442,2025-04-10T11:07Z,Boston Red Sox,4,115,115,-105,-135,-135,-115,False,ESPN BET,1,100,10,,,-1.5,Final/10,8.5,-120
PHI,2025-04-10T23:15Z,401695094,ATL,2025,Philadelphia Phillies,2,63.36004200000001,2025-04-10T11:07Z,Atlanta Braves,4,120,120,105,-145,-145,-125,False,ESPN BET,1,-110,11,,,-1.5,Final/11,7.5,-110
KC,2025-04-11T22:10Z,401695099,CLE,2025,Kansas City Royals,0,51.39636102,2025-04-11T11:07Z,Cleveland Guardians,7,105,105,115,-125,-125,-135,False,ESPN BET,1,-105,9,,,-1.5,Final,6.5,-115
PIT,2025-04-11T22:40Z,401695100,CIN,2025,Pittsburgh Pirates,3,66.42029785,2025-04-11T11:07Z,Cincinnati Reds,5,145,145,135,-175,-175,-160,False,ESPN BET,1,100,9,,,-1.5,Final,8.5,-120
ATL,2025-04-11T23:05Z,401695098,TB,2025,Atlanta Braves,3,53.31181187,2025-04-11T11:07Z,Tampa Bay Rays,6,120,120,-105,-145,-145,-115,False,ESPN BET,1,115,9,,,-1.5,Final,9.5,-135
SF,2025-04-11T23:05Z,401695101,NYY,2025,San Francisco Giants,9,52.64769355,2025-04-11T11:07Z,New York Yankees,1,120,120,-105,-145,-145,-115,False,ESPN BET,1,-125,6,,,-1.5,Final/6,7.5,105
WSH,2025-04-11T23:10Z,401695103,MIA,2025,Washington Nationals,7,42.66745166,2025-04-11T11:07Z,Miami Marlins,4,-115,-115,-125,-105,-105,105,False,ESPN BET,1,-105,9,,,1.5,Final,8.5,-115
BOS,2025-04-11T23:40Z,401695105,CHW,2025,Boston Red Sox,1,52.04994587,2025-04-11T11:07Z,Chicago White Sox,11,-160,-160,-155,135,135,130,False,ESPN BET,1,-125,9,,,1.5,Final,7.5,105
LAA,2025-04-12T00:10Z,401695104,HOU,2025,Los Angeles Angels,3,54.415190179999996,2025-04-11T11:07Z,Houston Astros,14,120,120,155,-145,-145,-185,False,ESPN BET,1,-120,9,,,-1.5,Final,8.5,100
DET,2025-04-12T00:10Z,401695106,MIN,2025,Detroit Tigers,7,53.21768784,2025-04-11T11:07Z,Minnesota Twins,6,100,100,-110,-120,-120,-110,False,ESPN BET,1,-125,9,,,1.5,Final,7.5,105
PHI,2025-04-12T00:15Z,401695107,STL,2025,Philadelphia Phillies,0,57.28296778000001,2025-04-11T11:07Z,St. Louis Cardinals,2,-110,-110,-150,-110,-110,125,False,ESPN BET,1,100,9,,,1.5,Final,7.5,-120
COL,2025-04-12T01:40Z,401695109,SD,2025,Colorado Rockies,0,75.14419778,2025-04-11T11:07Z,San Diego Padres,8,180,180,200,-215,-215,-240,False,ESPN BET,1,-105,9,,,-1.5,Final,7.5,-115
MIL,2025-04-12T01:40Z,401695110,ARI,2025,Milwaukee Brewers,7,53.92303129,2025-04-11T11:07Z,Arizona Diamondbacks,0,130,130,120,-155,-155,-145,False,ESPN BET,1,110,9,,,-1.5,Final,9.5,-130
TEX,2025-04-12T01:40Z,401695112,SEA,2025,Texas Rangers,3,49.951537200000004,2025-04-11T11:07Z,Seattle Mariners,5,-120,-120,-125,100,100,105,False,ESPN BET,1,-115,9,,,1.5,Final,6.5,-105
NYM,2025-04-12T02:05Z,401764525,ATH,2025,New York Mets,7,49.279988409999994,2025-04-11T11:07Z,Athletics,6,-125,-125,-130,105,105,110,False,ESPN BET,1,105,9,,,1.5,Final,10.5,-125
CHC,2025-04-12T02:10Z,401695108,LAD,2025,Chicago Cubs,0,56.505199250000004,2025-04-11T11:07Z,Los Angeles Dodgers,3,150,150,160,-180,-180,-190,False,ESPN BET,1,-105,9,,,-1.5,Final,8.5,-115
DET,2025-04-12T18:10Z,401695121,MIN,2025,Detroit Tigers,4,50.05697163,2025-04-12T11:07Z,Minnesota Twins,0,135,135,115,-160,-160,-135,False,ESPN BET,1,-105,9,,,-1.5,Final,8.5,-115
PHI,2025-04-12T18:15Z,401695122,STL,2025,Philadelphia Phillies,4,47.22700489,2025-04-12T11:07Z,St. Louis Cardinals,1,-185,-185,-160,155,155,135,False,ESPN BET,1,-120,9,,,1.5,Final,7.5,100
SF,2025-04-12T19:05Z,401695116,NYY,2025,San Francisco Giants,4,52.99749231999999,2025-04-12T11:07Z,New York Yankees,8,120,120,115,-145,-145,-135,False,ESPN BET,1,-130,9,,,-1.5,Final,7.5,110
TOR,2025-04-12T20:05Z,401695117,BAL,2025,Toronto Blue Jays,4,56.945565959999996,2025-04-12T11:07Z,Baltimore Orioles,5,105,105,115,-125,-125,-135,False,ESPN BET,1,100,9,,,-1.5,Final,8.5,-120
NYM,2025-04-12T20:05Z,401764526,ATH,2025,New York Mets,1,41.15733908,2025-04-12T11:07Z,Athletics,3,-135,-135,-145,115,115,120,False,ESPN BET,1,-130,9,,,1.5,Final,8.5,110
ATL,2025-04-12T20:10Z,401695113,TB,2025,Atlanta Braves,5,62.50282584,2025-04-12T11:07Z,Tampa Bay Rays,4,120,120,120,-145,-145,-145,False,ESPN BET,1,-120,9,,,-1.5,Final,8.5,100
WSH,2025-04-12T20:10Z,401695118,MIA,2025,Washington Nationals,6,47.19017361,2025-04-12T11:07Z,Miami Marlins,7,120,120,120,-145,-145,-145,False,ESPN BET,1,-115,9,,,-1.5,Final,7.5,-105
BOS,2025-04-12T20:10Z,401695120,CHW,2025,Boston Red Sox,2,48.83191171,2025-04-12T11:07Z,Chicago White Sox,3,-160,-160,-165,135,135,140,False,ESPN BET,1,-115,9,,,1.5,Final,7.5,-105
KC,2025-04-12T22:10Z,401695114,CLE,2025,Kansas City Royals,3,59.95031745,2025-04-12T11:07Z,Cleveland Guardians,6,115,115,110,-135,-135,-130,False,ESPN BET,1,-120,9,,,-1.5,Final,7.5,100
PIT,2025-04-12T22:40Z,401695115,CIN,2025,Pittsburgh Pirates,2,50.88000277,2025-04-12T11:07Z,Cincinnati Reds,5,100,100,105,-120,-120,-125,False,ESPN BET,1,100,9,,,1.5,Final,8.5,-120
LAA,2025-04-12T23:10Z,401695119,HOU,2025,Los Angeles Angels,4,60.10100293,2025-04-12T11:07Z,Houston Astros,1,140,140,130,-165,-165,-155,False,ESPN BET,1,-120,9,,,-1.5,Final,8.5,100
MIL,2025-04-13T00:10Z,401695125,ARI,2025,Milwaukee Brewers,4,56.54003207,2025-04-12T11:07Z,Arizona Diamondbacks,5,150,150,155,-180,-180,-185,False,ESPN BET,1,105,9,,,-1.5,Final,9.5,-125
COL,2025-04-13T00:40Z,401695124,SD,2025,Colorado Rockies,0,68.8392307,2025-04-12T11:07Z,San Diego Padres,2,145,145,145,-175,-175,-175,False,ESPN BET,1,105,9,,,-1.5,Final,8.5,-125
CHC,2025-04-13T01:10Z,401695123,LAD,2025,Chicago Cubs,16,54.055603770000005,2025-04-12T11:07Z,Los Angeles Dodgers,0,155,155,145,-185,-185,-175,False,ESPN BET,1,105,9,,,-1.5,Final,9.5,-125
TEX,2025-04-13T01:40Z,401695127,SEA,2025,Texas Rangers,2,60.054831480000004,2025-04-12T11:07Z,Seattle Mariners,9,120,120,125,-145,-145,-150,False,ESPN BET,1,115,9,,,-1.5,Final,7.5,-135
SF,2025-04-13T17:35Z,401695131,NYY,2025,San Francisco Giants,5,51.87948315999999,2025-04-13T11:07Z,New York Yankees,4,110,110,110,-130,-130,-130,False,ESPN BET,1,105,9,,,-1.5,Final,8.5,-125
TOR,2025-04-13T17:35Z,401695132,BAL,2025,Toronto Blue Jays,7,57.71308803,2025-04-13T11:07Z,Baltimore Orioles,6,120,120,115,-145,-145,-135,False,ESPN BET,1,-105,10,,,-1.5,Final/10,8.5,-115
ATL,2025-04-13T17:40Z,401695128,TB,2025,Atlanta Braves,3,42.83832124,2025-04-13T11:07Z,Tampa Bay Rays,8,-165,-165,-125,140,140,105,False,ESPN BET,1,-105,9,,,1.5,Final,8.5,-115
KC,2025-04-13T17:40Z,401695129,CLE,2025,Kansas City Royals,4,50.69513783,2025-04-13T11:07Z,Cleveland Guardians,2,-150,-150,-130,125,125,110,False,ESPN BET,1,-145,9,,,1.5,Final,6.5,120
PIT,2025-04-13T17:40Z,401695130,CIN,2025,Pittsburgh Pirates,0,66.90270285999999,2025-04-13T11:07Z,Cincinnati Reds,4,150,150,155,-180,-180,-185,False,ESPN BET,1,110,9,,,-1.5,Final,7.5,-130
WSH,2025-04-13T17:40Z,401695133,MIA,2025,Washington Nationals,4,40.488034909999996,2025-04-13T11:07Z,Miami Marlins,11,-155,-155,-145,130,130,120,False,ESPN BET,1,105,9,,,1.5,Final,8.5,-125
LAA,2025-04-13T18:10Z,401695134,HOU,2025,Los Angeles Angels,3,59.62316052,2025-04-13T11:07Z,Houston Astros,7,135,135,130,-160,-160,-155,False,ESPN BET,1,-115,9,,,-1.5,Final,8.5,-105
BOS,2025-04-13T18:10Z,401695135,CHW,2025,Boston Red Sox,3,38.25919709,2025-04-13T11:07Z,Chicago White Sox,1,-250,-250,-250,205,205,205,False,ESPN BET,1,-145,9,,,1.5,Final,6.5,120
DET,2025-04-13T18:10Z,401695136,MIN,2025,Detroit Tigers,1,49.22507789,2025-04-13T11:07Z,Minnesota Twins,5,-105,-105,105,-115,-115,-125,False,ESPN BET,1,-115,9,,,1.5,Final,8.5,-105
PHI,2025-04-13T18:15Z,401695137,STL,2025,Philadelphia Phillies,0,47.18640765,2025-04-13T11:07Z,St. Louis Cardinals,7,-165,-165,-180,140,140,150,False,ESPN BET,1,105,9,,,1.5,Final,8.5,-125
NYM,2025-04-13T20:05Z,401764527,ATH,2025,New York Mets,8,48.00001367,2025-04-13T11:07Z,Athletics,0,-150,-150,-145,125,125,120,False,ESPN BET,1,-115,9,,,1.5,Final,8.5,-105
COL,2025-04-13T20:10Z,401695139,SD,2025,Colorado Rockies,0,78.65909498,2025-04-13T11:07Z,San Diego Padres,6,205,205,205,-250,-250,-250,False,ESPN BET,1,110,9,,,-1.5,Final,7.5,-130
MIL,2025-04-13T20:10Z,401695140,ARI,2025,Milwaukee Brewers,2,53.55758638,2025-04-13T11:07Z,Arizona Diamondbacks,5,-110,-110,110,-110,-110,-130,False,ESPN BET,1,-105,9,,,1.5,Final,8.5,-115
TEX,2025-04-13T20:10Z,401695142,SEA,2025,Texas Rangers,1,60.03120902,2025-04-13T11:06Z,Seattle Mariners,3,130,125,115,-155,-150,-135,False,ESPN BET,1,-115,9,,,-1.5,Final,6.5,-105
CHC,2025-04-13T23:00Z,401695138,LAD,2025,Chicago Cubs,4,60.25662307,2025-04-13T11:07Z,Los Angeles Dodgers,2,200,195,220,-240,-235,-270,False,ESPN BET,1,-125,9,,,-1.5,Final,8.5,105
WSH,2025-04-14T22:40Z,401695147,PIT,2025,Washington Nationals,3,64.37288272,2025-04-14T11:07Z,Pittsburgh Pirates,10,165,165,180,-200,-200,-215,False,ESPN BET,1,-115,9,,,-1.5,Final,7.5,-105
SF,2025-04-14T22:45Z,401695146,PHI,2025,San Francisco Giants,10,42.453379229999996,2025-04-14T11:07Z,Philadelphia Phillies,4,-105,-105,110,-115,-115,-130,False,ESPN BET,1,110,9,,,1.5,Final,9.5,-130
BOS,2025-04-14T23:05Z,401695144,TB,2025,Boston Red Sox,1,53.490807880000006,2025-04-14T11:07Z,Tampa Bay Rays,16,100,100,105,-120,-120,-125,False,ESPN BET,1,-115,9,,,1.5,Final,8.5,-105
KC,2025-04-14T23:05Z,401695145,NYY,2025,Kansas City Royals,1,56.32316684999999,2025-04-14T11:07Z,New York Yankees,4,120,120,100,-145,-145,-120,False,ESPN BET,1,-135,9,,,-1.5,Final,8.5,115
ATL,2025-04-14T23:07Z,401695143,TOR,2025,Atlanta Braves,8,42.41415424,2025-04-14T11:07Z,Toronto Blue Jays,4,-115,-115,-115,-105,-105,-105,False,ESPN BET,1,-115,9,,,1.5,Final,8.5,-105
DET,2025-04-14T23:40Z,401695148,MIL,2025,Detroit Tigers,9,43.66484437,2025-04-14T11:07Z,Milwaukee Brewers,1,-180,-165,-160,135,140,135,False,ESPN BET,1,-110,9,,,1.5,Final,7.5,-120
NYM,2025-04-14T23:40Z,401695150,MIN,2025,New York Mets,5,55.20398626000001,2025-04-14T11:07Z,Minnesota Twins,1,100,100,100,-120,-120,-120,False,ESPN BET,1,-115,9,,,1.5,Final,7.5,-105
HOU,2025-04-14T23:45Z,401695149,STL,2025,Houston Astros,3,55.99194057,2025-04-14T11:07Z,St. Louis Cardinals,8,-115,-115,-120,-105,-105,100,False,ESPN BET,1,110,9,,,1.5,Final,7.5,-130
CHC,2025-04-15T01:40Z,401695151,SD,2025,Chicago Cubs,4,53.8275932,2025-04-14T11:07Z,San Diego Padres,10,125,125,145,-150,-150,-175,False,ESPN BET,1,105,9,,,-1.5,Final,7.5,-125
COL,2025-04-15T02:10Z,401695152,LAD,2025,Colorado Rockies,3,79.37237463,2025-04-14T11:07Z,Los Angeles Dodgers,5,285,285,260,-360,-360,-325,False,ESPN BET,1,-115,9,,,-2.5,Final,8.5,-105
ARI,2025-04-15T22:40Z,401695153,MIA,2025,Arizona Diamondbacks,10,55.75977148,2025-04-15T11:07Z,Miami Marlins,4,-165,-165,-175,140,140,145,False,ESPN BET,1,115,9,,,1.5,Final,9.5,-150
SEA,2025-04-15T22:40Z,401695158,CIN,2025,Seattle Mariners,4,56.35963334,2025-04-15T11:07Z,Cincinnati Reds,8,-110,-110,-125,-110,-110,105,False,ESPN BET,1,-120,9,,,1.5,Final,8.5,100
WSH,2025-04-15T22:40Z,401695160,PIT,2025,Washington Nationals,3,58.00561043,2025-04-15T11:07Z,Pittsburgh Pirates,0,105,105,110,-125,-125,-130,False,ESPN BET,1,-105,9,,,-1.5,Final,8.5,-115
SF,2025-04-15T22:45Z,401695159,PHI,2025,San Francisco Giants,4,58.7977947,2025-04-15T11:07Z,Philadelphia Phillies,6,140,140,135,-165,-165,-160,False,ESPN BET,1,105,9,,,-1.5,Final,8.5,-125
BOS,2025-04-15T23:05Z,401695155,TB,2025,Boston Red Sox,7,64.60513227,2025-04-15T11:07Z,Tampa Bay Rays,4,110,110,110,-130,-130,-130,False,ESPN BET,1,-120,9,,,-1.5,Final,8.5,100
CLE,2025-04-15T23:05Z,401695156,BAL,2025,Cleveland Guardians,6,59.373479520000004,2025-04-15T11:07Z,Baltimore Orioles,3,130,130,135,-155,-155,-160,False,ESPN BET,1,-125,9,,,-1.5,Final,8.5,105
KC,2025-04-15T23:05Z,401695157,NYY,2025,Kansas City Royals,2,72.08454905,2025-04-15T11:07Z,New York Yankees,4,205,205,160,-250,-250,-190,False,ESPN BET,1,-115,9,,,-1.5,Final,8.5,-105
ATL,2025-04-15T23:07Z,401695154,TOR,2025,Atlanta Braves,3,43.9398884,2025-04-15T11:07Z,Toronto Blue Jays,6,-125,-120,-135,-105,100,115,False,ESPN BET,1,-110,9,,,1.5,Final,7.5,-120
DET,2025-04-15T23:40Z,401695162,MIL,2025,Detroit Tigers,0,47.19419688,2025-04-15T11:07Z,Milwaukee Brewers,5,-110,-110,-130,-110,-110,110,False,ESPN BET,1,-105,9,,,1.5,Final,8.5,-115
NYM,2025-04-15T23:40Z,401695164,MIN,2025,New York Mets,3,47.50274264,2025-04-15T11:07Z,Minnesota Twins,6,-110,-110,-110,-110,-110,-110,False,ESPN BET,1,-115,9,,,1.5,Final,7.5,-105
ATH,2025-04-15T23:40Z,401695165,CHW,2025,Athletics,12,54.4716307,2025-04-15T11:07Z,Chicago White Sox,3,-160,-160,-165,135,135,140,False,ESPN BET,1,-120,9,,,1.5,Final,7.5,100
HOU,2025-04-15T23:45Z,401695163,STL,2025,Houston Astros,2,52.68838131,2025-04-15T11:07Z,St. Louis Cardinals,0,-145,-145,-125,120,120,105,False,ESPN BET,1,-105,9,,,1.5,Final,7.5,-115
LAA,2025-04-16T00:05Z,401695161,TEX,2025,Los Angeles Angels,0,46.43244267,2025-04-15T11:07Z,Texas Rangers,4,120,120,100,-145,-145,-120,False,ESPN BET,1,-135,9,,,-1.5,Final,8.5,115
CHC,2025-04-16T01:40Z,401695166,SD,2025,Chicago Cubs,2,46.505724459999996,2025-04-15T11:07Z,San Diego Padres,1,-150,-150,-125,120,120,105,False,ESPN BET,1,-105,10,,,1.5,Final/10,8.5,-115
COL,2025-04-16T02:10Z,401695167,LAD,2025,Colorado Rockies,2,67.92536989999999,2025-04-15T11:07Z,Los Angeles Dodgers,6,250,250,235,-310,-310,-290,False,ESPN BET,1,-105,9,,,-2.5,Final,8.5,-115
ATL,2025-04-16T17:07Z,401695169,TOR,2025,Atlanta Braves,1,56.90077023,2025-04-16T11:06Z,Toronto Blue Jays,3,-125,-125,-135,105,105,115,False,ESPN BET,1,115,9,,,1.5,Final,7.5,-135
DET,2025-04-16T17:10Z,401695177,MIL,2025,Detroit Tigers,1,60.95416970000001,2025-04-16T11:06Z,Milwaukee Brewers,5,125,125,-120,-150,-150,100,False,ESPN BET,1,100,9,,,-1.5,Final,8.5,-120
NYM,2025-04-16T17:10Z,401695179,MIN,2025,New York Mets,3,50.050351660000004,2025-04-16T11:06Z,Minnesota Twins,4,100,100,-110,-120,-120,-110,False,ESPN BET,1,105,10,,,1.5,Final/10,8.5,-125
HOU,2025-04-16T17:15Z,401695178,STL,2025,Houston Astros,1,55.773579139999995,2025-04-16T11:06Z,St. Louis Cardinals,4,-110,-110,-120,-110,-110,100,False,ESPN BET,1,105,9,,,1.5,Final,8.5,-125
CHC,2025-04-16T20:10Z,401695181,SD,2025,Chicago Cubs,2,49.612130570000005,2025-04-16T11:06Z,San Diego Padres,4,-110,-110,105,-110,-110,-125,False,ESPN BET,1,-115,9,,,1.5,Final,7.5,-105
CLE,2025-04-16T22:35Z,401695171,BAL,2025,Cleveland Guardians,1,50.610603659999995,2025-04-16T11:06Z,Baltimore Orioles,9,115,115,-105,-135,-135,-115,False,ESPN BET,1,-120,9,,,-1.5,Final,7.5,100
ARI,2025-04-16T22:40Z,401695168,MIA,2025,Arizona Diamondbacks,6,42.75744689,2025-04-16T11:06Z,Miami Marlins,2,-150,-150,-180,125,125,150,False,ESPN BET,1,-110,9,,,1.5,Final,8.5,-110
SEA,2025-04-16T22:40Z,401695173,CIN,2025,Seattle Mariners,5,54.703147519999995,2025-04-16T11:06Z,Cincinnati Reds,3,-110,-110,-135,-110,-110,115,False,ESPN BET,1,-120,9,,,1.5,Final,8.5,100
WSH,2025-04-16T22:40Z,401695175,PIT,2025,Washington Nationals,1,44.782725750000004,2025-04-16T11:06Z,Pittsburgh Pirates,6,-105,-105,-105,-115,-115,-115,False,ESPN BET,1,100,9,,,1.5,Final,8.5,-120
SF,2025-04-16T22:45Z,401695174,PHI,2025,San Francisco Giants,11,49.468849729999995,2025-04-16T11:06Z,Philadelphia Phillies,4,120,120,120,-145,-145,-145,False,ESPN BET,1,100,9,,,-1.5,Final,8.5,-120
BOS,2025-04-16T23:05Z,401695170,TB,2025,Boston Red Sox,1,61.36044663,2025-04-16T11:06Z,Tampa Bay Rays,0,110,110,115,-130,-130,-135,False,ESPN BET,1,-135,9,,,-1.5,Final,8.5,115
KC,2025-04-16T23:05Z,401695172,NYY,2025,Kansas City Royals,3,62.13345093,2025-04-16T11:06Z,New York Yankees,4,130,130,140,-155,-155,-165,False,ESPN BET,1,-120,9,,,-1.5,Final,7.5,100
ATH,2025-04-16T23:40Z,401695180,CHW,2025,Athletics,3,42.44848805,2025-04-16T11:06Z,Chicago White Sox,1,-160,-160,-160,135,135,135,False,ESPN BET,1,-110,9,,,1.5,Final,7.5,-110
LAA,2025-04-17T00:05Z,401695176,TEX,2025,Los Angeles Angels,1,47.44243157,2025-04-16T11:06Z,Texas Rangers,3,-135,-135,-115,115,115,-105,False,ESPN BET,1,-105,9,,,1.5,Final,9.5,-115
COL,2025-04-17T02:10Z,401695182,LAD,2025,Colorado Rockies,7,65.77899472,2025-04-16T11:06Z,Los Angeles Dodgers,8,260,260,250,-325,-325,-310,False,ESPN BET,1,-130,9,,,-2.5,Final,8.5,110
ARI,2025-04-17T16:10Z,401695183,MIA,2025,Arizona Diamondbacks,6,49.3603036,2025-04-17T11:06Z,Miami Marlins,4,-150,-150,-155,125,125,130,False,ESPN BET,1,-105,9,,,1.5,Final,8.5,-115
WSH,2025-04-17T16:35Z,401695190,PIT,2025,Washington Nationals,0,55.8243073,2025-04-17T11:06Z,Pittsburgh Pirates,1,125,125,105,-150,-150,-125,False,ESPN BET,1,-125,9,,,-1.5,Final,7.5,105
SEA,2025-04-17T16:40Z,401695187,CIN,2025,Seattle Mariners,11,67.153584,2025-04-17T11:06Z,Cincinnati Reds,7,105,105,-130,-125,-125,110,False,ESPN BET,1,-120,10,,,-1.5,Final/10,8.5,100
ATH,2025-04-17T18:10Z,401695192,CHW,2025,Athletics,8,53.016162359999996,2025-04-17T11:06Z,Chicago White Sox,0,-135,-135,-155,115,115,130,False,ESPN BET,1,-125,9,,,1.5,Final,7.5,105
SF,2025-04-17T20:05Z,401695188,PHI,2025,San Francisco Giants,4,58.503074229999996,2025-04-17T11:06Z,Philadelphia Phillies,6,165,165,135,-200,-200,-160,False,ESPN BET,1,-120,9,,,-1.5,Final,7.5,100
CLE,2025-04-17T22:35Z,401695184,BAL,2025,Cleveland Guardians,2,54.09787006,2025-04-17T11:06Z,Baltimore Orioles,6,115,110,-115,-135,-130,-105,False,ESPN BET,1,105,9,,,-1.5,Final,8.5,-125
KC,2025-04-17T22:40Z,401695185,DET,2025,Kansas City Royals,1,66.0741595,2025-04-17T11:06Z,Detroit Tigers,6,135,135,130,-160,-160,-155,False,ESPN BET,1,-110,9,,,-1.5,Final,7.5,-110
NYY,2025-04-17T23:05Z,401695186,TB,2025,New York Yankees,6,53.92785501,2025-04-17T11:06Z,Tampa Bay Rays,3,100,100,100,-120,-120,-120,False,ESPN BET,1,100,9,,,1.5,Final,9.5,-120
STL,2025-04-17T23:10Z,401695189,NYM,2025,St. Louis Cardinals,1,43.54554761,2025-04-17T11:06Z,New York Mets,4,120,120,125,-140,-140,-150,False,ESPN BET,1,-120,9,,,-1.5,Final,7.5,100
LAA,2025-04-18T00:05Z,401695191,TEX,2025,Los Angeles Angels,3,57.93248791,2025-04-17T11:06Z,Texas Rangers,5,130,130,125,-155,-155,-150,False,ESPN BET,1,105,9,,,-1.5,Final,9.5,-125
ARI,2025-04-18T18:20Z,401695202,CHC,2025,Arizona Diamondbacks,11,55.8101445,2025-04-18T11:06Z,Chicago Cubs,13,-110,-110,-135,-110,-110,115,False,ESPN BET,1,100,9,,,1.5,Final,11.5,-120
CLE,2025-04-18T22:40Z,401695195,PIT,2025,Cleveland Guardians,10,55.1022968,2025-04-18T11:06Z,Pittsburgh Pirates,7,-125,-125,-120,105,105,100,False,ESPN BET,1,-125,9,,,1.5,Final,8.5,105
KC,2025-04-18T22:40Z,401695196,DET,2025,Kansas City Royals,3,53.0284177,2025-04-18T11:06Z,Detroit Tigers,7,-150,-150,-130,125,125,110,False,ESPN BET,1,-115,9,,,1.5,Final,7.5,-105
MIA,2025-04-18T22:45Z,401695197,PHI,2025,Miami Marlins,2,67.07345564,2025-04-18T11:06Z,Philadelphia Phillies,7,195,195,180,-235,-235,-215,False,ESPN BET,1,105,9,,,-1.5,Final,8.5,-125
CIN,2025-04-18T23:05Z,401695194,BAL,2025,Cincinnati Reds,8,57.235511630000005,2025-04-18T11:06Z,Baltimore Orioles,3,140,140,135,-165,-165,-160,False,ESPN BET,1,105,9,,,-1.5,Final,9.5,-125
NYY,2025-04-18T23:05Z,401695199,TB,2025,New York Yankees,1,60.161253280000004,2025-04-18T11:06Z,Tampa Bay Rays,0,-120,-120,-110,100,100,-110,False,ESPN BET,1,-120,9,,,1.5,Final,7.5,100
SEA,2025-04-18T23:07Z,401695200,TOR,2025,Seattle Mariners,1,47.71387218,2025-04-18T11:06Z,Toronto Blue Jays,3,100,100,-120,-120,-120,100,False,ESPN BET,1,-105,9,,,1.5,Final,8.5,-115
CHW,2025-04-18T23:10Z,401695193,BOS,2025,Chicago White Sox,3,61.623605010000006,2025-04-18T11:06Z,Boston Red Sox,10,195,195,150,-235,-235,-180,False,ESPN BET,1,-105,9,,,-1.5,Final,9.5,-115
STL,2025-04-18T23:10Z,401695201,NYM,2025,St. Louis Cardinals,4,61.03710591,2025-04-18T11:06Z,New York Mets,5,165,160,145,-200,-190,-175,False,ESPN BET,1,105,9,,,-1.5,Final,8.5,-125
MIN,2025-04-18T23:15Z,401695198,ATL,2025,Minnesota Twins,4,59.70951943,2025-04-18T11:06Z,Atlanta Braves,6,130,130,120,-155,-155,-145,False,ESPN BET,1,100,9,,,-1.5,Final,8.5,-120
LAD,2025-04-19T00:05Z,401695203,TEX,2025,Los Angeles Dodgers,3,43.351878230000004,2025-04-18T11:06Z,Texas Rangers,0,-125,-125,-150,105,105,125,False,ESPN BET,1,100,9,,,1.5,Final,7.5,-120
ATH,2025-04-19T00:10Z,401695204,MIL,2025,Athletics,3,62.87605651,2025-04-18T11:06Z,Milwaukee Brewers,5,160,160,130,-190,-190,-155,False,ESPN BET,1,-120,9,,,-1.5,Final,7.5,100
SD,2025-04-19T00:10Z,401695205,HOU,2025,San Diego Padres,4,53.18912906,2025-04-18T11:06Z,Houston Astros,6,145,145,110,-175,-175,-130,False,ESPN BET,1,-125,9,,,-1.5,Final,8.5,105
SF,2025-04-19T01:38Z,401695207,LAA,2025,San Francisco Giants,0,41.42569171,2025-04-18T11:06Z,Los Angeles Angels,2,-150,-145,-160,125,120,135,False,ESPN BET,1,-125,9,,,1.5,Final,7.5,105
MIA,2025-04-19T17:05Z,401695212,PHI,2025,Miami Marlins,10,57.362636970000004,2025-04-19T11:07Z,Philadelphia Phillies,11,185,185,150,-225,-225,-180,False,ESPN BET,1,-110,9,,,-1.5,Final,10.5,-110
KC,2025-04-19T17:10Z,401695211,DET,2025,Kansas City Royals,1,60.44693557000001,2025-04-19T11:07Z,Detroit Tigers,3,115,115,100,-135,-135,-120,False,ESPN BET,1,-120,9,,,-1.5,Final,7.5,100
ARI,2025-04-19T18:20Z,401695217,CHC,2025,Arizona Diamondbacks,2,59.695773210000006,2025-04-19T11:07Z,Chicago Cubs,6,110,110,100,-130,-130,-120,False,ESPN BET,1,-110,9,,,-1.5,Final,7.5,-110
SEA,2025-04-19T19:07Z,401695215,TOR,2025,Seattle Mariners,8,41.86306779,2025-04-19T11:07Z,Toronto Blue Jays,4,-110,-110,-120,-110,-110,100,False,ESPN BET,1,-105,12,,,1.5,Final/12,7.5,-115
CIN,2025-04-19T20:05Z,401695209,BAL,2025,Cincinnati Reds,5,45.06107797,2025-04-19T11:07Z,Baltimore Orioles,9,105,105,-115,-125,-125,-105,False,ESPN BET,1,-135,9,,,1.5,Final,8.5,115
CLE,2025-04-19T20:05Z,401695210,PIT,2025,Cleveland Guardians,3,67.40449362000001,2025-04-19T11:07Z,Pittsburgh Pirates,0,145,145,150,-175,-175,-180,False,ESPN BET,1,-110,9,,,-1.5,Final,8.5,-110
STL,2025-04-19T20:05Z,401695216,NYM,2025,St. Louis Cardinals,0,53.02993797,2025-04-19T11:07Z,New York Mets,3,175,175,140,-210,-210,-165,False,ESPN BET,1,-135,9,,,-1.5,Final,8.5,115
LAD,2025-04-19T20:05Z,401695218,TEX,2025,Los Angeles Dodgers,3,51.22197541,2025-04-19T11:07Z,Texas Rangers,4,100,100,-130,-120,-120,110,False,ESPN BET,1,-105,9,,,1.5,Final,8.5,-115
CHW,2025-04-19T20:10Z,401695208,BOS,2025,Chicago White Sox,3,74.20206384,2025-04-19T11:07Z,Boston Red Sox,4,270,270,280,-340,-340,-350,False,ESPN BET,1,-110,10,,,-2.5,Final/10,9.5,-110
NYY,2025-04-19T20:10Z,401695214,TB,2025,New York Yankees,8,56.472918019999994,2025-04-19T11:07Z,Tampa Bay Rays,10,-110,-110,125,-110,-110,-150,False,ESPN BET,1,105,10,,,-1.5,Final/10,8.5,-125
WSH,2025-04-19T20:10Z,401695221,COL,2025,Washington Nationals,12,43.32779823,2025-04-19T11:07Z,Colorado Rockies,11,-145,-145,-135,120,120,115,False,ESPN BET,1,-105,9,,,1.5,Final,9.5,-115
ATH,2025-04-19T23:10Z,401695219,MIL,2025,Athletics,3,60.728455329999996,2025-04-19T11:07Z,Milwaukee Brewers,1,115,115,105,-135,-135,-125,False,ESPN BET,1,-120,9,,,-1.5,Final,8.5,100
SD,2025-04-19T23:10Z,401695220,HOU,2025,San Diego Padres,2,44.37533911,2025-04-19T11:07Z,Houston Astros,3,-120,-120,-125,100,100,105,False,ESPN BET,1,-120,9,,,1.5,Final,7.5,100
MIN,2025-04-19T23:15Z,401695213,ATL,2025,Minnesota Twins,3,69.70563147,2025-04-19T11:07Z,Atlanta Braves,4,200,200,160,-240,-240,-190,False,ESPN BET,1,-115,9,,,-1.5,Final,7.5,-105
SF,2025-04-20T01:38Z,401695222,LAA,2025,San Francisco Giants,3,43.904572200000004,2025-04-19T11:07Z,Los Angeles Angels,2,-145,-145,-150,120,120,125,False,ESPN BET,1,-120,9,,,1.5,Final,8.5,100
CHW,2025-04-20T17:35Z,401695223,BOS,2025,Chicago White Sox,8,60.663222579999996,2025-04-20T11:06Z,Boston Red Sox,4,230,230,205,-285,-285,-250,False,ESPN BET,1,-110,9,,,-2.5,Final,9.5,-110
CIN,2025-04-20T17:35Z,401695224,BAL,2025,Cincinnati Reds,24,57.0878703,2025-04-20T11:06Z,Baltimore Orioles,2,170,170,140,-205,-205,-165,False,ESPN BET,1,-135,9,,,-1.5,Final,8.5,115
CLE,2025-04-20T17:35Z,401695225,PIT,2025,Cleveland Guardians,5,57.511323309999995,2025-04-20T11:06Z,Pittsburgh Pirates,4,100,100,105,-120,-120,-125,False,ESPN BET,1,105,10,,,1.5,Final/10,8.5,-125
MIA,2025-04-20T17:35Z,401695227,PHI,2025,Miami Marlins,7,62.43364555000001,2025-04-20T11:06Z,Philadelphia Phillies,5,255,250,225,-320,-310,-275,False,ESPN BET,1,-130,10,,,-2.5,Final/10,7.5,110
MIN,2025-04-20T17:35Z,401695228,ATL,2025,Minnesota Twins,2,59.05050279,2025-04-20T11:06Z,Atlanta Braves,6,100,100,105,-120,-120,-125,False,ESPN BET,1,-105,9,,,1.5,Final,7.5,-115
SEA,2025-04-20T17:37Z,401695230,TOR,2025,Seattle Mariners,8,43.16217914,2025-04-20T11:06Z,Toronto Blue Jays,3,-105,-105,-125,-115,-115,105,False,ESPN BET,1,-120,9,,,1.5,Final,8.5,100
KC,2025-04-20T17:40Z,401695226,DET,2025,Kansas City Royals,4,74.42300103000001,2025-04-20T11:06Z,Detroit Tigers,3,185,185,160,-225,-225,-190,False,ESPN BET,1,-135,10,,,-1.5,Final/10,6.5,115
NYY,2025-04-20T17:40Z,401695229,TB,2025,New York Yankees,4,42.76258613,2025-04-20T11:06Z,Tampa Bay Rays,0,-175,-175,-150,145,145,125,False,ESPN BET,1,-130,9,,,1.5,Final,7.5,110
STL,2025-04-20T17:40Z,401695231,NYM,2025,St. Louis Cardinals,4,51.682164900000004,2025-04-20T11:06Z,New York Mets,7,115,115,115,-135,-135,-135,False,ESPN BET,1,-135,9,,,-1.5,Final,6.5,115
ATH,2025-04-20T18:10Z,401695234,MIL,2025,Athletics,1,53.78499265,2025-04-20T11:06Z,Milwaukee Brewers,14,105,105,-120,-125,-125,100,False,ESPN BET,1,100,9,,,-1.5,Final,8.5,-120
ARI,2025-04-20T18:20Z,401695232,CHC,2025,Arizona Diamondbacks,3,60.59622135,2025-04-20T11:06Z,Chicago Cubs,2,120,120,105,-145,-145,-125,False,ESPN BET,1,105,11,,,-1.5,Final/11,7.5,-125
LAD,2025-04-20T18:35Z,401695233,TEX,2025,Los Angeles Dodgers,1,43.95842484,2025-04-20T11:06Z,Texas Rangers,0,-145,-145,-150,120,120,125,False,ESPN BET,1,-115,9,,,1.5,Final,8.5,-105
WSH,2025-04-20T19:10Z,401695236,COL,2025,Washington Nationals,3,46.07370933,2025-04-20T11:06Z,Colorado Rockies,2,100,100,-110,-120,-120,-110,False,ESPN BET,1,100,9,,,1.5,Final,10.5,-120
SF,2025-04-20T20:07Z,401695237,LAA,2025,San Francisco Giants,4,59.357319389999994,2025-04-20T11:06Z,Los Angeles Angels,5,100,100,-110,-120,-120,-110,False,ESPN BET,1,-120,9,,,1.5,Final,8.5,100
SD,2025-04-20T23:00Z,401695235,HOU,2025,San Diego Padres,3,53.84949921,2025-04-20T11:06Z,Houston Astros,2,-105,-105,110,-115,-115,-130,False,ESPN BET,1,100,9,,,1.5,Final,7.5,-120
WSH,2025-04-21T00:10Z,401768543,COL,2025,Washington Nationals,1,42.157443230000005,2025-04-20T11:06Z,Colorado Rockies,3,-115,-120,-135,-105,100,115,False,ESPN BET,1,110,9,,,1.5,Final,11.5,-130
CHW,2025-04-21T15:10Z,401695238,BOS,2025,Chicago White Sox,2,59.91108193,2025-04-21T11:07Z,Boston Red Sox,4,240,240,195,-300,-300,-235,False,ESPN BET,1,105,9,,,-2.5,Final,9.5,-125
NYY,2025-04-21T22:10Z,401695240,CLE,2025,New York Yankees,4,45.4821904,2025-04-21T11:07Z,Cleveland Guardians,6,-120,-120,-125,100,100,105,False,ESPN BET,1,-110,9,,,1.5,Final,8.5,-110
CIN,2025-04-21T22:40Z,401695239,MIA,2025,Cincinnati Reds,3,40.18616188,2025-04-21T11:07Z,Miami Marlins,6,-120,-120,-135,100,100,115,False,ESPN BET,1,110,9,,,1.5,Final,8.5,-130
SD,2025-04-21T22:40Z,401695242,DET,2025,San Diego Padres,4,44.73731251,2025-04-21T11:07Z,Detroit Tigers,6,120,120,105,-145,-145,-125,False,ESPN BET,1,-105,9,,,-1.5,Final,8.5,-115
PHI,2025-04-21T23:10Z,401695241,NYM,2025,Philadelphia Phillies,4,61.10797851,2025-04-21T11:07Z,New York Mets,5,110,110,-110,-130,-130,-110,False,ESPN BET,1,-120,9,,,-1.5,Final,7.5,100
STL,2025-04-21T23:15Z,401695243,ATL,2025,St. Louis Cardinals,6,62.12362718,2025-04-21T11:07Z,Atlanta Braves,7,180,180,145,-215,-215,-175,False,ESPN BET,1,-110,9,,,-1.5,Final,8.5,-110
TOR,2025-04-22T00:10Z,401695244,HOU,2025,Toronto Blue Jays,0,62.394578960000004,2025-04-21T11:07Z,Houston Astros,7,125,125,125,-150,-150,-150,False,ESPN BET,1,-105,9,,,-1.5,Final,7.5,-115
MIL,2025-04-22T01:45Z,401695245,SF,2025,Milwaukee Brewers,2,58.82719877,2025-04-21T11:07Z,San Francisco Giants,5,110,115,130,-130,-135,-155,False,ESPN BET,1,-120,9,,,-1.5,Final,7.5,100
NYY,2025-04-22T22:10Z,401695248,CLE,2025,New York Yankees,2,54.26268365,2025-04-22T11:07Z,Cleveland Guardians,3,-105,-105,100,-115,-115,-120,False,ESPN BET,1,-110,9,,,1.5,Final,8.5,-110
CIN,2025-04-22T22:40Z,401695247,MIA,2025,Cincinnati Reds,3,43.63057536,2025-04-22T11:07Z,Miami Marlins,4,-115,-115,-125,-105,-105,105,False,ESPN BET,1,-120,9,,,1.5,Final,8.5,100
SD,2025-04-22T22:40Z,401695250,DET,2025,San Diego Padres,2,50.520314119999995,2025-04-22T11:07Z,Detroit Tigers,0,120,120,110,-145,-145,-130,False,ESPN BET,1,110,9,,,-1.5,Final,7.5,-130
BAL,2025-04-22T22:45Z,401695246,WSH,2025,Baltimore Orioles,0,56.81994335,2025-04-22T11:07Z,Washington Nationals,7,-130,-130,-120,110,110,100,False,ESPN BET,1,-125,9,,,1.5,Final,8.5,105
SEA,2025-04-22T22:45Z,401695251,BOS,2025,Seattle Mariners,3,47.33886257,2025-04-22T11:07Z,Boston Red Sox,8,105,105,110,-125,-125,-130,False,ESPN BET,1,105,9,,,1.5,Final,9.5,-125
PHI,2025-04-22T23:10Z,401695249,NYM,2025,Philadelphia Phillies,1,43.84520476,2025-04-22T11:07Z,New York Mets,5,-130,-130,-145,110,110,120,False,ESPN BET,1,-120,9,,,1.5,Final,7.5,100
STL,2025-04-22T23:15Z,401695252,ATL,2025,St. Louis Cardinals,10,55.69358869,2025-04-22T11:07Z,Atlanta Braves,4,120,120,155,-145,-145,-185,False,ESPN BET,1,-130,9,,,-1.5,Final,8.5,110
CHW,2025-04-22T23:40Z,401695253,MIN,2025,Chicago White Sox,2,62.07083284,2025-04-22T11:07Z,Minnesota Twins,4,205,205,205,-250,-250,-250,False,ESPN BET,1,-115,9,,,-1.5,Final,8.5,-105
COL,2025-04-22T23:40Z,401695254,KC,2025,Colorado Rockies,3,67.99666248,2025-04-22T11:07Z,Kansas City Royals,4,210,210,195,-255,-255,-235,False,ESPN BET,1,105,11,,,-1.5,Final/11,8.5,-125
LAD,2025-04-22T23:40Z,401695255,CHC,2025,Los Angeles Dodgers,10,60.74278568,2025-04-22T11:07Z,Chicago Cubs,11,-115,-115,-145,-105,-105,120,False,ESPN BET,1,-125,10,,,1.5,Final/10,8.5,105
TOR,2025-04-23T00:10Z,401695256,HOU,2025,Toronto Blue Jays,1,52.99492712,2025-04-22T11:07Z,Houston Astros,5,-115,-115,105,-105,-105,-125,False,ESPN BET,1,110,9,,,1.5,Final,8.5,-130
PIT,2025-04-23T01:38Z,401695258,LAA,2025,Pittsburgh Pirates,9,64.77488764,2025-04-22T11:07Z,Los Angeles Angels,3,160,160,155,-190,-190,-185,False,ESPN BET,1,-110,9,,,-1.5,Final,8.5,-110
TB,2025-04-23T01:40Z,401695259,ARI,2025,Tampa Bay Rays,1,58.31894364,2025-04-22T11:07Z,Arizona Diamondbacks,5,155,155,135,-185,-185,-160,False,ESPN BET,1,110,9,,,-1.5,Final,9.5,-130
MIL,2025-04-23T01:45Z,401695257,SF,2025,Milwaukee Brewers,11,52.64668972,2025-04-22T11:07Z,San Francisco Giants,3,125,125,115,-150,-150,-135,False,ESPN BET,1,-125,9,,,-1.5,Final,7.5,105
TEX,2025-04-23T02:05Z,401764528,ATH,2025,Texas Rangers,8,56.52778198,2025-04-22T11:07Z,Athletics,5,-105,-105,110,-115,-115,-130,False,ESPN BET,1,105,9,,,1.5,Final,10.5,-125
STL,2025-04-23T16:15Z,401695267,ATL,2025,St. Louis Cardinals,1,55.49007764,2025-04-23T11:06Z,Atlanta Braves,4,135,135,135,-160,-160,-160,False,ESPN BET,1,105,9,,,-1.5,Final,9.5,-125
CIN,2025-04-23T17:10Z,401695262,MIA,2025,Cincinnati Reds,5,43.34303621,2025-04-23T11:06Z,Miami Marlins,2,-115,-115,100,-105,-105,-120,False,ESPN BET,1,105,9,,,1.5,Final,8.5,-125
NYY,2025-04-23T17:10Z,401695263,CLE,2025,New York Yankees,5,45.98200703,2025-04-23T11:06Z,Cleveland Guardians,1,-165,-165,-155,140,140,130,False,ESPN BET,1,100,9,,,1.5,Final,8.5,-120
PHI,2025-04-23T17:10Z,401695264,NYM,2025,Philadelphia Phillies,3,50.67094537,2025-04-23T11:06Z,New York Mets,4,-120,-120,-125,100,100,105,False,ESPN BET,1,100,10,,,1.5,Final/10,7.5,-120
SD,2025-04-23T17:10Z,401695265,DET,2025,San Diego Padres,0,57.20812076,2025-04-23T11:06Z,Detroit Tigers,6,140,140,130,-165,-165,-155,False,ESPN BET,1,100,9,,,-1.5,Final,8.5,-120
BAL,2025-04-23T22:45Z,401695261,WSH,2025,Baltimore Orioles,3,53.27100253,2025-04-23T11:06Z,Washington Nationals,4,-145,-145,-145,120,120,120,False,ESPN BET,1,-105,9,,,1.5,Final,9.5,-115
SEA,2025-04-23T22:45Z,401695266,BOS,2025,Seattle Mariners,8,56.99480555,2025-04-23T11:06Z,Boston Red Sox,5,120,120,110,-145,-145,-130,False,ESPN BET,1,-115,9,,,-1.5,Final,9.5,-105
LAD,2025-04-23T23:00Z,401695270,CHC,2025,Los Angeles Dodgers,6,62.9075783,2025-04-23T11:06Z,Chicago Cubs,7,115,115,-110,-135,-135,-110,False,ESPN BET,1,-125,9,,,-1.5,Final,8.5,105
CHW,2025-04-23T23:40Z,401695268,MIN,2025,Chicago White Sox,3,69.19769504,2025-04-23T11:06Z,Minnesota Twins,6,220,225,200,-270,-275,-240,False,ESPN BET,1,-115,9,,,-1.5,Final,8.5,-105
TOR,2025-04-23T23:40Z,401695271,HOU,2025,Toronto Blue Jays,1,59.27432472,2025-04-23T11:06Z,Houston Astros,3,100,100,-105,-120,-120,-115,False,ESPN BET,1,-105,9,,,1.5,Final,8.5,-115
PIT,2025-04-24T01:38Z,401695273,LAA,2025,Pittsburgh Pirates,3,47.6355075,2025-04-23T11:06Z,Los Angeles Angels,0,110,110,125,-130,-130,-150,False,ESPN BET,1,-120,9,,,-1.5,Final,8.5,100
TB,2025-04-24T01:40Z,401695274,ARI,2025,Tampa Bay Rays,7,53.922825429999996,2025-04-23T11:06Z,Arizona Diamondbacks,6,140,140,125,-165,-165,-150,False,ESPN BET,1,-130,11,,,-1.5,Final/11,8.5,110
MIL,2025-04-24T01:45Z,401695272,SF,2025,Milwaukee Brewers,2,57.625480939999996,2025-04-23T11:06Z,San Francisco Giants,4,120,120,115,-145,-145,-135,False,ESPN BET,1,-110,9,,,-1.5,Final,6.5,-110
TEX,2025-04-24T02:05Z,401764529,ATH,2025,Texas Rangers,2,48.46631939,2025-04-23T11:06Z,Athletics,5,-105,-105,-105,-115,-115,-115,False,ESPN BET,1,-120,9,,,1.5,Final,9.5,100
CHW,2025-04-24T17:10Z,401695278,MIN,2025,Chicago White Sox,3,56.71468944,2025-04-24T11:06Z,Minnesota Twins,0,185,185,185,-225,-225,-225,False,ESPN BET,1,-105,7,,,-1.5,Final/7,7.5,-115
SEA,2025-04-24T17:35Z,401695277,BOS,2025,Seattle Mariners,4,61.24820245,2025-04-24T11:06Z,Boston Red Sox,3,150,150,130,-180,-180,-155,False,ESPN BET,1,-125,9,,,-1.5,Final,7.5,105
COL,2025-04-24T18:10Z,401695279,KC,2025,Colorado Rockies,4,72.01643443,2025-04-24T11:06Z,Kansas City Royals,7,240,240,235,-300,-300,-290,False,ESPN BET,1,-135,9,,,-2.5,Final,7.5,115
MIL,2025-04-24T19:45Z,401695280,SF,2025,Milwaukee Brewers,5,54.8968444,2025-04-24T11:06Z,San Francisco Giants,6,135,135,110,-160,-160,-130,False,ESPN BET,1,105,9,,,-1.5,Final,7.5,-125
COL,2025-04-24T21:25Z,401769126,KC,2025,Colorado Rockies,2,57.02466927,2025-04-24T11:06Z,Kansas City Royals,6,155,155,220,-185,-185,-270,False,ESPN BET,1,-125,9,,,-1.5,Final,8.5,105
BAL,2025-04-24T22:45Z,401695276,WSH,2025,Baltimore Orioles,2,60.79282816,2025-04-24T11:06Z,Washington Nationals,1,-105,-105,-125,-115,-115,105,False,ESPN BET,1,-120,9,,,1.5,Final,8.5,100
PIT,2025-04-25T01:29Z,401695281,LAA,2025,Pittsburgh Pirates,3,58.4161197,2025-04-24T11:06Z,Los Angeles Angels,4,140,140,130,-165,-165,-155,False,ESPN BET,1,110,9,,,-1.5,Final,9.5,-130
TB,2025-04-25T01:40Z,401695282,ARI,2025,Tampa Bay Rays,7,45.17536252,2025-04-24T11:06Z,Arizona Diamondbacks,4,105,105,110,-125,-125,-130,False,ESPN BET,1,-105,10,,,-1.5,Final/10,8.5,-115
TEX,2025-04-25T02:05Z,401764530,ATH,2025,Texas Rangers,3,42.07327876,2025-04-24T11:06Z,Athletics,4,-145,-150,-160,120,125,135,False,ESPN BET,1,-115,9,,,1.5,Final,8.5,-105
PHI,2025-04-25T18:20Z,401695291,CHC,2025,Philadelphia Phillies,0,70.16247531,2025-04-25T11:06Z,Chicago Cubs,4,135,135,110,-160,-160,-130,False,ESPN BET,1,105,9,,,-1.5,Final,8.5,-125
NYM,2025-04-25T22:45Z,401695286,WSH,2025,New York Mets,4,47.98871615,2025-04-25T11:06Z,Washington Nationals,5,-185,-185,-185,155,155,155,False,ESPN BET,1,100,9,,,1.5,Final,9.5,-120
TOR,2025-04-25T23:05Z,401695287,NYY,2025,Toronto Blue Jays,4,61.15388296,2025-04-25T11:06Z,New York Yankees,2,125,125,125,-150,-150,-150,False,ESPN BET,1,110,9,,,-1.5,Final,9.5,-130
LAA,2025-04-25T23:40Z,401695288,MIN,2025,Los Angeles Angels,4,65.571484,2025-04-25T11:06Z,Minnesota Twins,11,155,155,170,-185,-185,-205,False,ESPN BET,1,-125,9,,,-1.5,Final,7.5,105
HOU,2025-04-25T23:40Z,401695289,KC,2025,Houston Astros,0,50.16260337,2025-04-25T11:06Z,Kansas City Royals,2,-120,-120,-105,100,100,-115,False,ESPN BET,1,-120,9,,,1.5,Final,7.5,100
MIL,2025-04-26T00:15Z,401695290,STL,2025,Milwaukee Brewers,2,52.870314019999995,2025-04-25T11:06Z,St. Louis Cardinals,3,115,115,110,-135,-135,-130,False,ESPN BET,1,-125,9,,,-1.5,Final,7.5,105
CIN,2025-04-26T00:40Z,401695292,COL,2025,Cincinnati Reds,8,39.576215930000004,2025-04-25T11:06Z,Colorado Rockies,7,-125,-145,-135,105,120,115,False,ESPN BET,1,105,9,,,1.5,Final,9.5,-125
ATL,2025-04-26T01:40Z,401695293,ARI,2025,Atlanta Braves,8,47.99982338,2025-04-25T11:06Z,Arizona Diamondbacks,2,-125,-125,-130,105,105,110,False,ESPN BET,1,-110,9,,,1.5,Final,8.5,-110
MIA,2025-04-26T01:40Z,401695295,SEA,2025,Miami Marlins,8,75.07207128,2025-04-25T11:06Z,Seattle Mariners,4,250,250,205,-310,-310,-250,False,ESPN BET,1,-105,9,,,-1.5,Final,7.5,-115
TB,2025-04-26T01:40Z,401695297,SD,2025,Tampa Bay Rays,1,60.89020259,2025-04-25T11:06Z,San Diego Padres,0,135,135,125,-160,-160,-150,False,ESPN BET,1,-125,9,,,-1.5,Final,6.5,105
CHW,2025-04-26T02:05Z,401764531,ATH,2025,Chicago White Sox,5,56.51717554,2025-04-25T11:06Z,Athletics,6,200,200,195,-240,-240,-235,False,ESPN BET,1,-110,9,,,-1.5,Final,9.5,-110
PIT,2025-04-26T02:10Z,401695296,LAD,2025,Pittsburgh Pirates,3,67.70727793,2025-04-25T11:06Z,Los Angeles Dodgers,0,185,185,180,-225,-225,-215,False,ESPN BET,1,-130,9,,,-1.5,Final,6.5,110
TEX,2025-04-26T02:15Z,401695298,SF,2025,Texas Rangers,2,51.61710837,2025-04-25T11:06Z,San Francisco Giants,0,110,110,100,-130,-130,-120,False,ESPN BET,1,100,9,,,-1.5,Final,7.5,-120
BAL,2025-04-26T17:10Z,401695299,DET,2025,Baltimore Orioles,3,59.92198032,2025-04-26T11:07Z,Detroit Tigers,4,120,120,105,-145,-145,-125,False,ESPN BET,1,-120,9,,,-1.5,Final,8.5,100
BOS,2025-04-26T17:10Z,401769299,CLE,2025,Boston Red Sox,4,54.122825379999995,2025-04-26T11:07Z,Cleveland Guardians,5,-115,-115,-120,-105,-105,100,False,ESPN BET,1,-110,9,,,1.5,Final,7.5,-110
LAA,2025-04-26T18:10Z,401695303,MIN,2025,Los Angeles Angels,1,49.67711576,2025-04-26T11:07Z,Minnesota Twins,5,115,115,105,-135,-135,-125,False,ESPN BET,1,-130,9,,,-1.5,Final,7.5,110
MIL,2025-04-26T18:15Z,401695305,STL,2025,Milwaukee Brewers,5,62.536432610000006,2025-04-26T11:07Z,St. Louis Cardinals,6,125,125,140,-150,-150,-165,False,ESPN BET,1,105,9,,,-1.5,Final,7.5,-125
CIN,2025-04-26T19:10Z,401695307,COL,2025,Cincinnati Reds,6,28.06848193,2025-04-26T11:07Z,Colorado Rockies,4,-210,-210,-190,175,175,160,False,ESPN BET,1,-110,9,,,2.5,Final,10.5,-110
PHI,2025-04-26T20:05Z,401695306,CHC,2025,Philadelphia Phillies,10,64.78461914,2025-04-26T11:07Z,Chicago Cubs,4,-115,-115,-115,-105,-105,-105,False,ESPN BET,1,-130,9,,,1.5,Final,6.5,110
TEX,2025-04-26T20:05Z,401695313,SF,2025,Texas Rangers,2,57.77429707,2025-04-26T11:07Z,San Francisco Giants,3,120,120,105,-145,-145,-125,False,ESPN BET,1,-120,9,,,-1.5,Final,7.5,100
CHW,2025-04-26T20:05Z,401764532,ATH,2025,Chicago White Sox,10,59.720040090000005,2025-04-26T11:07Z,Athletics,3,195,195,185,-235,-235,-225,False,ESPN BET,1,100,9,,,-1.5,Final,9.5,-120
NYM,2025-04-26T20:30Z,401695301,WSH,2025,New York Mets,2,42.61511672,2025-04-26T11:07Z,Washington Nationals,0,-190,-190,-180,160,160,150,False,ESPN BET,1,100,9,,,1.5,Final,9.5,-120
BOS,2025-04-26T22:10Z,401695300,CLE,2025,Boston Red Sox,7,56.387306169999995,2025-04-26T11:07Z,Cleveland Guardians,3,-125,-125,-110,105,105,-110,False,ESPN BET,1,-120,9,,,1.5,Final,7.5,100
BAL,2025-04-26T22:10Z,401769298,DET,2025,Baltimore Orioles,2,68.63431356000001,2025-04-26T11:07Z,Detroit Tigers,6,-125,-125,-110,105,105,-110,False,ESPN BET,1,-125,9,,,1.5,Final,8.5,105
HOU,2025-04-26T23:10Z,401695304,KC,2025,Houston Astros,0,44.403967370000004,2025-04-26T11:07Z,Kansas City Royals,2,-155,-155,-145,130,130,120,False,ESPN BET,1,105,9,,,1.5,Final,8.5,-125
ATL,2025-04-27T00:10Z,401695308,ARI,2025,Atlanta Braves,8,47.75020733,2025-04-26T11:07Z,Arizona Diamondbacks,7,110,105,110,-130,-125,-130,False,ESPN BET,1,110,10,,,-1.5,Final/10,9.5,-130
TB,2025-04-27T00:40Z,401695312,SD,2025,Tampa Bay Rays,4,55.83500956,2025-04-26T11:07Z,San Diego Padres,1,110,110,135,-130,-130,-160,False,ESPN BET,1,-145,9,,,-1.5,Final,6.5,120
PIT,2025-04-27T01:10Z,401695311,LAD,2025,Pittsburgh Pirates,4,65.18698468000001,2025-04-26T11:07Z,Los Angeles Dodgers,8,210,215,200,-255,-265,-240,False,ESPN BET,1,-125,9,,,-1.5,Final,8.5,105
MIA,2025-04-27T01:40Z,401695310,SEA,2025,Miami Marlins,0,61.99462607,2025-04-26T11:07Z,Seattle Mariners,14,195,195,185,-235,-235,-225,False,ESPN BET,1,-120,9,,,-1.5,Final,7.5,100
NYM,2025-04-27T17:35Z,401695316,WSH,2025,New York Mets,7,49.64219103,2025-04-27T11:06Z,Washington Nationals,8,-155,-155,-155,130,130,130,False,ESPN BET,1,-105,9,,,1.5,Final,8.5,-115
TOR,2025-04-27T17:35Z,401695317,NYY,2025,Toronto Blue Jays,2,69.31679742,2025-04-27T11:06Z,New York Yankees,11,170,170,160,-205,-205,-190,False,ESPN BET,1,105,9,,,-1.5,Final,8.5,-125
BAL,2025-04-27T17:40Z,401695314,DET,2025,Baltimore Orioles,0,71.86419558,2025-04-27T11:06Z,Detroit Tigers,7,205,205,170,-250,-250,-205,False,ESPN BET,1,110,9,,,-1.5,Final,7.5,-130
LAA,2025-04-27T17:40Z,401695318,MIN,2025,Los Angeles Angels,0,60.388888900000005,2025-04-27T11:06Z,Minnesota Twins,5,150,150,135,-180,-180,-160,False,ESPN BET,1,-115,9,,,-1.5,Final,7.5,-105
BOS,2025-04-27T17:40Z,401750177,CLE,2025,Boston Red Sox,13,,,Cleveland Guardians,3,-115,-115,-110,-105,-105,-110,False,ESPN BET,1,-125,9,,,1.5,Final,7.5,105
HOU,2025-04-27T18:10Z,401695319,KC,2025,Houston Astros,7,49.28440086,2025-04-27T11:06Z,Kansas City Royals,3,-155,-155,-125,130,130,105,False,ESPN BET,1,100,9,,,1.5,Final,7.5,-120
MIL,2025-04-27T18:15Z,401695320,STL,2025,Milwaukee Brewers,7,55.32585655,2025-04-27T11:06Z,St. Louis Cardinals,1,-110,-110,-110,-110,-110,-110,False,ESPN BET,1,-105,9,,,1.5,Final,8.5,-115
CIN,2025-04-27T19:10Z,401695322,COL,2025,Cincinnati Reds,8,37.13111152,2025-04-27T11:06Z,Colorado Rockies,1,-155,-155,-160,130,130,135,False,ESPN BET,1,-110,9,,,1.5,Final,11.5,-110
TEX,2025-04-27T20:05Z,401695328,SF,2025,Texas Rangers,2,60.94775868,2025-04-27T11:06Z,San Francisco Giants,3,115,110,120,-135,-130,-145,False,ESPN BET,1,-105,9,,,-1.5,Final,7.5,-115
CHW,2025-04-27T20:05Z,401764533,ATH,2025,Chicago White Sox,2,57.05260523,2025-04-27T11:06Z,Athletics,3,160,160,180,-190,-190,-215,False,ESPN BET,1,105,10,,,-1.5,Final/10,9.5,-125
ATL,2025-04-27T20:10Z,401695323,ARI,2025,Atlanta Braves,4,50.91072224999999,2025-04-27T11:06Z,Arizona Diamondbacks,6,-115,-115,-115,-105,-105,-105,False,ESPN BET,1,-115,9,,,1.5,Final,8.5,-105
MIA,2025-04-27T20:10Z,401695325,SEA,2025,Miami Marlins,6,61.5277673,2025-04-27T11:06Z,Seattle Mariners,7,120,120,140,-145,-145,-165,False,ESPN BET,1,100,9,,,-1.5,Final,7.5,-120
PIT,2025-04-27T20:10Z,401695326,LAD,2025,Pittsburgh Pirates,2,76.41443098,2025-04-27T11:06Z,Los Angeles Dodgers,9,250,270,280,-310,-340,-350,False,ESPN BET,1,-115,9,,,-2.5,Final,8.5,-105
TB,2025-04-27T20:10Z,401695327,SD,2025,Tampa Bay Rays,4,51.4203411,2025-04-27T11:06Z,San Diego Padres,2,-115,-115,105,-105,-105,-125,False,ESPN BET,1,-115,9,,,1.5,Final,8.5,-105
TOR,2025-04-27T21:25Z,401769356,NYY,2025,Toronto Blue Jays,1,60.3948194,2025-04-27T11:06Z,New York Yankees,5,135,135,160,-160,-160,-190,False,ESPN BET,1,-115,9,,,-1.5,Final,8.5,-105
PHI,2025-04-27T23:00Z,401695321,CHC,2025,Philadelphia Phillies,3,64.27461387,2025-04-27T11:06Z,Chicago Cubs,1,100,100,-105,-120,-120,-115,False,ESPN BET,1,105,10,,,1.5,Final/10,8.5,-125
NYM,2025-04-28T20:05Z,401695331,WSH,2025,New York Mets,19,57.566682719999996,2025-04-28T11:06Z,Washington Nationals,5,-175,-175,-160,145,145,135,False,ESPN BET,1,-115,9,,,1.5,Final,9.5,-105
MIN,2025-04-28T22:10Z,401695329,CLE,2025,Minnesota Twins,11,54.566948329999995,2025-04-28T11:06Z,Cleveland Guardians,1,105,105,105,-125,-125,-125,False,ESPN BET,1,100,9,,,1.5,Final,8.5,-120
NYY,2025-04-28T22:35Z,401695330,BAL,2025,New York Yankees,3,51.309246019999996,2025-04-28T11:06Z,Baltimore Orioles,4,-130,-130,-120,110,110,100,False,ESPN BET,1,-115,9,,,1.5,Final,9.5,-105
STL,2025-04-28T22:40Z,401695332,CIN,2025,St. Louis Cardinals,1,60.59732319,2025-04-28T11:06Z,Cincinnati Reds,3,105,105,100,-125,-125,-120,False,ESPN BET,1,-115,9,,,1.5,Final,9.5,-105
ATH,2025-04-29T00:05Z,401695334,TEX,2025,Athletics,2,53.51586371,2025-04-28T11:06Z,Texas Rangers,1,-110,-110,100,-110,-110,-120,False,ESPN BET,1,-105,9,,,1.5,Final,9.5,-115
DET,2025-04-29T00:10Z,401695333,HOU,2025,Detroit Tigers,5,49.35552066,2025-04-28T11:06Z,Houston Astros,8,105,105,-115,-125,-125,-105,False,ESPN BET,1,100,9,,,1.5,Final,7.5,-120
ATL,2025-04-29T00:40Z,401695335,COL,2025,Atlanta Braves,6,45.74025597,2025-04-28T11:06Z,Colorado Rockies,3,-180,-180,-180,150,150,150,False,ESPN BET,1,105,9,,,1.5,Final,10.5,-125
MIA,2025-04-29T02:10Z,401695336,LAD,2025,Miami Marlins,6,67.80072673000001,2025-04-28T11:06Z,Los Angeles Dodgers,7,235,235,240,-290,-290,-300,False,ESPN BET,1,-125,10,,,-2.5,Final/10,8.5,105
MIN,2025-04-29T22:10Z,401695341,CLE,2025,Minnesota Twins,1,58.83516519999999,2025-04-29T11:06Z,Cleveland Guardians,2,110,110,130,-130,-130,-155,False,ESPN BET,1,110,9,,,-1.5,Final,8.5,-130
NYY,2025-04-29T22:35Z,401695342,BAL,2025,New York Yankees,15,42.59535215,2025-04-29T11:06Z,Baltimore Orioles,3,-175,-175,-150,145,145,125,False,ESPN BET,1,-120,9,,,1.5,Final,9.5,100
CHC,2025-04-29T22:40Z,401695339,PIT,2025,Chicago Cubs,9,42.329167070000004,2025-04-29T11:06Z,Pittsburgh Pirates,0,-150,-150,-145,125,125,120,False,ESPN BET,1,-130,9,,,1.5,Final,8.5,110
WSH,2025-04-29T22:45Z,401695344,PHI,2025,Washington Nationals,6,63.50636947,2025-04-29T11:06Z,Philadelphia Phillies,7,160,160,185,-190,-190,-225,False,ESPN BET,1,-110,9,,,-1.5,Final,8.5,-110
KC,2025-04-29T23:05Z,401695340,TB,2025,Kansas City Royals,3,62.9789212,2025-04-29T11:06Z,Tampa Bay Rays,1,135,135,125,-160,-160,-150,False,ESPN BET,1,-110,9,,,-1.5,Final,8.5,-110
BOS,2025-04-29T23:07Z,401695338,TOR,2025,Boston Red Sox,10,37.41754546,2025-04-29T11:06Z,Toronto Blue Jays,2,-135,-135,-155,115,115,130,False,ESPN BET,1,-115,9,,,1.5,Final,7.5,-105
ARI,2025-04-29T23:10Z,401695337,NYM,2025,Arizona Diamondbacks,3,59.557945010000005,2025-04-29T11:06Z,New York Mets,8,120,120,130,-145,-145,-155,False,ESPN BET,1,105,9,,,-1.5,Final,8.5,-125
MIL,2025-04-29T23:40Z,401695346,CHW,2025,Milwaukee Brewers,7,35.96953008,2025-04-29T11:06Z,Chicago White Sox,2,-255,-255,-235,210,210,195,False,ESPN BET,1,-120,9,,,2.5,Final,7.5,100
ATH,2025-04-30T00:05Z,401695347,TEX,2025,Athletics,2,66.04256860999999,2025-04-29T11:06Z,Texas Rangers,15,175,175,170,-210,-210,-205,False,ESPN BET,1,-110,9,,,-1.5,Final,8.5,-110
DET,2025-04-30T00:10Z,401695345,HOU,2025,Detroit Tigers,4,51.85222829,2025-04-29T11:06Z,Houston Astros,6,-105,-105,-110,-115,-115,-110,False,ESPN BET,1,105,9,,,1.5,Final,8.5,-125
ATL,2025-04-30T00:40Z,401695348,COL,2025,Atlanta Braves,8,32.068300719999996,2025-04-29T11:06Z,Colorado Rockies,2,-190,-190,-190,160,160,160,False,ESPN BET,1,-125,9,,,1.5,Final,10.5,105
LAA,2025-04-30T01:40Z,401695349,SEA,2025,Los Angeles Angels,3,69.68251409,2025-04-29T11:06Z,Seattle Mariners,5,175,175,150,-210,-210,-180,False,ESPN BET,1,-110,9,,,-1.5,Final,7.5,-110
SF,2025-04-30T01:40Z,401695351,SD,2025,San Francisco Giants,4,53.57174297,2025-04-29T11:06Z,San Diego Padres,7,-120,-115,-125,-110,-105,105,False,ESPN BET,1,-115,9,,,1.5,Final,6.5,-105
MIA,2025-04-30T02:10Z,401695350,LAD,2025,Miami Marlins,2,69.75442131,2025-04-29T11:06Z,Los Angeles Dodgers,15,170,170,160,-205,-205,-190,False,ESPN BET,1,-125,9,,,-1.5,Final,8.5,105
STL,2025-04-30T16:40Z,401769679,CIN,2025,St. Louis Cardinals,6,64.82687968,2025-04-30T11:06Z,Cincinnati Reds,0,125,125,130,-150,-150,-155,False,ESPN BET,1,110,9,,,-1.5,Final,9.5,-130
DET,2025-04-30T18:10Z,401695360,HOU,2025,Detroit Tigers,7,54.6722217,2025-04-30T11:06Z,Houston Astros,4,100,100,120,-120,-120,-145,False,ESPN BET,1,105,9,,,-1.5,Final,8.5,-125
ATL,2025-04-30T19:10Z,401695363,COL,2025,Atlanta Braves,1,28.19498408,2025-04-30T11:06Z,Colorado Rockies,2,-270,-270,-250,220,220,205,False,ESPN BET,1,-120,9,,,2.5,Final,9.5,100
MIA,2025-04-30T19:10Z,401695365,LAD,2025,Miami Marlins,7,73.61535046,2025-04-30T11:06Z,Los Angeles Dodgers,12,250,250,235,-310,-310,-290,False,ESPN BET,1,-120,9,,,-2.5,Final,9.5,100
LAA,2025-04-30T20:10Z,401695364,SEA,2025,Los Angeles Angels,3,54.205523320000005,2025-04-30T11:06Z,Seattle Mariners,9,120,120,125,-145,-145,-150,False,ESPN BET,1,100,9,,,-1.5,Final,8.5,-120
SF,2025-04-30T20:10Z,401695366,SD,2025,San Francisco Giants,3,63.98358002,2025-04-30T11:06Z,San Diego Padres,5,120,120,115,-145,-145,-135,False,ESPN BET,1,-145,9,,,-1.5,Final,6.5,120
MIN,2025-04-30T22:10Z,401695356,CLE,2025,Minnesota Twins,2,44.53327274,2025-04-30T11:06Z,Cleveland Guardians,4,-110,-110,-135,-110,-110,115,False,ESPN BET,1,110,9,,,1.5,Final,7.5,-130
NYY,2025-04-30T22:35Z,401695357,BAL,2025,New York Yankees,4,45.94494649,2025-04-30T11:06Z,Baltimore Orioles,5,-105,-105,-115,-115,-115,-105,False,ESPN BET,1,-110,9,,,1.5,Final,9.5,-110
CHC,2025-04-30T22:40Z,401695354,PIT,2025,Chicago Cubs,3,31.677657520000004,2025-04-30T11:06Z,Pittsburgh Pirates,4,-175,-175,-175,145,145,145,False,ESPN BET,1,-130,9,,,1.5,Final,8.5,110
STL,2025-04-30T22:40Z,401695358,CIN,2025,St. Louis Cardinals,9,64.69644607000001,2025-04-30T11:06Z,Cincinnati Reds,1,100,100,110,-120,-120,-130,False,ESPN BET,1,-105,9,,,1.5,Final,9.5,-115
WSH,2025-04-30T22:45Z,401695359,PHI,2025,Washington Nationals,2,65.00323420000001,2025-04-30T11:06Z,Philadelphia Phillies,7,205,205,185,-250,-250,-225,False,ESPN BET,1,-125,9,,,-1.5,Final,7.5,105
KC,2025-04-30T23:05Z,401695355,TB,2025,Kansas City Royals,3,72.83629207,2025-04-30T11:06Z,Tampa Bay Rays,0,125,140,150,-150,-165,-180,False,ESPN BET,1,-120,9,,,-1.5,Final,7.5,100
BOS,2025-04-30T23:07Z,401695353,TOR,2025,Boston Red Sox,6,48.484153670000005,2025-04-30T11:06Z,Toronto Blue Jays,7,-110,-110,-110,-110,-110,-110,False,ESPN BET,1,-105,10,,,1.5,Final/10,9.5,-115
ARI,2025-04-30T23:10Z,401695352,NYM,2025,Arizona Diamondbacks,4,63.110469290000005,2025-04-30T11:06Z,New York Mets,3,-115,-115,-115,-105,-105,-105,False,ESPN BET,1,-110,9,,,1.5,Final,8.5,-110
MIL,2025-04-30T23:40Z,401695361,CHW,2025,Milwaukee Brewers,6,43.92939951,2025-04-30T11:06Z,Chicago White Sox,4,-160,-160,-185,135,135,155,False,ESPN BET,1,-110,9,,,1.5,Final,7.5,-110
ATH,2025-05-01T00:05Z,401695362,TEX,2025,Athletics,7,62.71963598,2025-04-30T11:06Z,Texas Rangers,1,135,135,125,-160,-160,-150,False,ESPN BET,1,-115,9,,,-1.5,Final,8.5,-105
CHC,2025-05-01T16:35Z,401695369,PIT,2025,Chicago Cubs,8,52.37780346,2025-05-01T11:06Z,Pittsburgh Pirates,3,105,105,125,-125,-125,-150,False,ESPN BET,1,-125,9,,,-1.5,Final,7.5,105
STL,2025-05-01T16:40Z,401695372,CIN,2025,St. Louis Cardinals,1,52.00883739,2025-05-01T11:06Z,Cincinnati Reds,9,-120,-120,110,100,100,-130,False,ESPN BET,1,-135,9,,,1.5,Final,8.5,115
ARI,2025-05-01T17:10Z,401695367,NYM,2025,Arizona Diamondbacks,4,56.9332533,2025-05-01T11:06Z,New York Mets,2,130,135,125,-155,-160,-150,False,ESPN BET,1,100,9,,,-1.5,Final,8.5,-120
KC,2025-05-01T17:10Z,401695370,TB,2025,Kansas City Royals,8,58.03545107,2025-05-01T11:06Z,Tampa Bay Rays,2,135,135,125,-160,-160,-150,False,ESPN BET,1,-110,9,,,-1.5,Final,8.5,-110
MIN,2025-05-01T17:10Z,401695371,CLE,2025,Minnesota Twins,3,51.79825644,2025-05-01T11:06Z,Cleveland Guardians,4,-115,-115,100,-105,-105,-120,False,ESPN BET,1,100,10,,,1.5,Final/10,9.5,-120
MIL,2025-05-01T18:10Z,401695374,CHW,2025,Milwaukee Brewers,0,42.43163591,2025-05-01T11:06Z,Chicago White Sox,8,-165,-165,-180,140,140,150,False,ESPN BET,1,-125,9,,,1.5,Final,8.5,105
ATH,2025-05-01T18:35Z,401695375,TEX,2025,Athletics,3,62.67748646,2025-05-01T11:06Z,Texas Rangers,0,115,115,140,-135,-135,-165,False,ESPN BET,1,-115,9,,,-1.5,Final,8.5,-105
WSH,2025-05-01T22:45Z,401695373,PHI,2025,Washington Nationals,4,54.370633739999995,2025-05-01T11:06Z,Philadelphia Phillies,2,135,145,150,-180,-175,-180,False,ESPN BET,1,-120,9,,,-1.5,Final,9.5,-110
BOS,2025-05-01T23:07Z,401695368,TOR,2025,Boston Red Sox,2,48.53451555,2025-05-01T11:06Z,Toronto Blue Jays,4,-115,-115,-110,-105,-105,-110,False,ESPN BET,1,-115,9,,,1.5,Final,8.5,-105
DET,2025-05-02T01:38Z,401695377,LAA,2025,Detroit Tigers,10,49.364851789999996,2025-05-01T11:06Z,Los Angeles Angels,4,-145,-150,-110,115,125,-110,False,ESPN BET,1,-105,9,,,1.5,Final,8.5,-125
COL,2025-05-02T01:45Z,401695376,SF,2025,Colorado Rockies,4,70.22541809,2025-05-01T11:06Z,San Francisco Giants,3,215,215,185,-265,-265,-225,False,ESPN BET,1,-115,9,,,-1.5,Final,7.5,-115
WSH,2025-05-02T22:10Z,401695386,CIN,2025,Washington Nationals,1,68.061453,2025-05-02T11:06Z,Cincinnati Reds,6,160,160,140,-190,-190,-165,False,ESPN BET,1,-120,9,,,-1.5,Final,8.5,100
SD,2025-05-02T22:40Z,401695384,PIT,2025,San Diego Padres,9,45.68750588,2025-05-02T11:06Z,Pittsburgh Pirates,4,-135,-135,-150,115,115,125,False,ESPN BET,1,-105,9,,,1.5,Final,8.5,-115
ARI,2025-05-02T22:45Z,401695378,PHI,2025,Arizona Diamondbacks,2,58.60819717,2025-05-02T11:06Z,Philadelphia Phillies,3,135,135,135,-160,-160,-160,False,ESPN BET,1,110,9,,,-1.5,Final,9.5,-130
KC,2025-05-02T23:05Z,401695380,BAL,2025,Kansas City Royals,0,51.7106114,2025-05-02T11:06Z,Baltimore Orioles,3,120,120,105,-145,-145,-125,False,ESPN BET,1,100,9,,,-1.5,Final,9.5,-120
TB,2025-05-02T23:05Z,401695385,NYY,2025,Tampa Bay Rays,0,68.06872963,2025-05-02T11:06Z,New York Yankees,3,205,205,160,-250,-250,-190,False,ESPN BET,1,-125,9,,,-1.5,Final,8.5,105
CLE,2025-05-02T23:07Z,401695379,TOR,2025,Cleveland Guardians,3,63.17334616,2025-05-02T11:06Z,Toronto Blue Jays,5,140,140,120,-165,-165,-145,False,ESPN BET,1,-105,9,,,-1.5,Final,8.5,-115
MIN,2025-05-02T23:10Z,401695382,BOS,2025,Minnesota Twins,1,52.14907084,2025-05-02T11:06Z,Boston Red Sox,6,-105,-105,-125,-125,-115,105,False,ESPN BET,1,-125,9,,,1.5,Final,8.5,-105
ATH,2025-05-02T23:10Z,401695383,MIA,2025,Athletics,6,52.36618763999999,2025-05-02T11:06Z,Miami Marlins,1,-135,-135,-145,105,105,120,False,ESPN BET,1,-115,9,,,1.5,Final,9.5,-115
LAD,2025-05-02T23:15Z,401695381,ATL,2025,Los Angeles Dodgers,2,41.388683199999996,2025-05-02T11:06Z,Atlanta Braves,1,-180,-165,-175,135,140,145,False,ESPN BET,1,115,9,,,1.5,Final,9.5,-135
HOU,2025-05-02T23:40Z,401695388,CHW,2025,Houston Astros,3,38.166185549999994,2025-05-02T11:06Z,Chicago White Sox,7,-250,-250,-250,200,200,205,False,ESPN BET,1,105,9,,,2.5,Final,8.5,-140
SEA,2025-05-03T00:05Z,401695390,TEX,2025,Seattle Mariners,13,37.2659704,2025-05-02T11:06Z,Texas Rangers,1,-135,-135,-125,105,115,105,False,ESPN BET,1,-120,9,,,1.5,Final,8.5,-110
CHC,2025-05-03T00:10Z,401695387,MIL,2025,Chicago Cubs,10,45.09726046,2025-05-02T11:06Z,Milwaukee Brewers,0,-135,-135,-115,105,105,-105,False,ESPN BET,1,-125,9,,,1.5,Final,8.5,-105
NYM,2025-05-03T00:15Z,401695389,STL,2025,New York Mets,9,53.73862389000001,2025-05-02T11:06Z,St. Louis Cardinals,3,-125,-120,-125,-105,100,105,False,ESPN BET,1,-120,9,,,1.5,Final,7.5,-110
DET,2025-05-03T01:38Z,401695392,LAA,2025,Detroit Tigers,9,35.37947964,2025-05-02T11:06Z,Los Angeles Angels,1,-190,-190,-165,160,160,140,False,ESPN BET,1,-120,9,,,1.5,Final,7.5,100
COL,2025-05-03T02:15Z,401695391,SF,2025,Colorado Rockies,0,76.49714168,2025-05-02T11:06Z,San Francisco Giants,4,235,235,205,-290,-290,-250,False,ESPN BET,1,105,9,,,-2.5,Final,8.5,-125
TB,2025-05-03T17:05Z,401695400,NYY,2025,Tampa Bay Rays,3,62.511762280000006,2025-05-03T11:06Z,New York Yankees,2,185,185,145,-225,-225,-175,False,ESPN BET,1,-120,9,,,-1.5,Final,9.5,-110
HOU,2025-05-03T18:10Z,401695403,CHW,2025,Houston Astros,8,38.67327654,2025-05-03T11:06Z,Chicago White Sox,3,-240,-240,-250,195,195,205,False,ESPN BET,1,-115,9,,,1.5,Final,7.5,-105
CLE,2025-05-03T19:07Z,401695394,TOR,2025,Cleveland Guardians,5,55.138293940000004,2025-05-03T11:07Z,Toronto Blue Jays,3,135,135,105,-160,-160,-125,False,ESPN BET,1,-115,9,,,-1.5,Final,7.5,-105
SD,2025-05-03T20:05Z,401695399,PIT,2025,San Diego Padres,2,43.665239099999994,2025-05-03T11:06Z,Pittsburgh Pirates,1,105,105,-130,-125,-125,110,False,ESPN BET,1,-105,9,,,-1.5,Final,9.5,-115
COL,2025-05-03T20:05Z,401695406,SF,2025,Colorado Rockies,3,72.70915458,2025-05-03T11:06Z,San Francisco Giants,6,225,225,205,-275,-275,-250,False,ESPN BET,1,-105,9,,,-1.5,Final,8.5,-115
MIN,2025-05-03T20:10Z,401695397,BOS,2025,Minnesota Twins,4,56.63939066,2025-05-03T11:07Z,Boston Red Sox,3,-105,-105,-110,-115,-115,-110,False,ESPN BET,1,-110,9,,,1.5,Final,9.5,-110
ATH,2025-05-03T20:10Z,401695398,MIA,2025,Athletics,6,49.67023167,2025-05-03T11:07Z,Miami Marlins,9,105,105,105,-125,-125,-125,False,ESPN BET,1,-120,9,,,-1.5,Final,8.5,100
ARI,2025-05-03T22:05Z,401695393,PHI,2025,Arizona Diamondbacks,2,48.538460300000004,2025-05-03T11:07Z,Philadelphia Phillies,7,105,105,100,-125,-125,-120,False,ESPN BET,1,-120,9,,,-1.5,Final,9.5,100
WSH,2025-05-03T23:00Z,401695401,CIN,2025,Washington Nationals,11,68.92548348000001,2025-05-03T11:06Z,Cincinnati Reds,6,155,155,145,-185,-185,-175,False,ESPN BET,1,-125,9,,,-1.5,Final,8.5,105
SEA,2025-05-03T23:05Z,401695405,TEX,2025,Seattle Mariners,2,40.54291559,2025-05-03T11:06Z,Texas Rangers,1,-130,-130,-145,110,110,120,False,ESPN BET,1,115,9,,,1.5,Final,9.5,-135
CHC,2025-05-03T23:10Z,401695402,MIL,2025,Chicago Cubs,6,48.74965324,2025-05-03T11:06Z,Milwaukee Brewers,2,-115,-115,-105,-105,-105,-115,False,ESPN BET,1,-120,9,,,1.5,Final,8.5,100
KC,2025-05-03T23:15Z,401695395,BAL,2025,Kansas City Royals,4,53.19287174,2025-05-03T11:07Z,Baltimore Orioles,0,-110,-110,-110,-110,-110,-110,False,ESPN BET,1,-125,9,,,1.5,Final,8.5,105
DET,2025-05-04T01:38Z,401695407,LAA,2025,Detroit Tigers,2,33.89806094,2025-05-03T11:06Z,Los Angeles Angels,5,-200,-200,-190,165,165,160,False,ESPN BET,1,-120,9,,,1.5,Final,8.5,100
LAD,2025-05-04T02:15Z,401695396,ATL,2025,Los Angeles Dodgers,10,56.04031659,2025-05-03T11:07Z,Atlanta Braves,3,115,115,105,-135,-135,-125,False,ESPN BET,1,-115,9,,,-1.5,Final,8.5,-105
NYM,2025-05-04T17:15Z,401695419,STL,2025,New York Mets,5,54.573176000000004,2025-05-04T11:06Z,St. Louis Cardinals,6,-120,-120,-135,100,100,115,False,ESPN BET,1,-125,9,,,1.5,Final,8.5,105
KC,2025-05-04T17:35Z,401695410,BAL,2025,Kansas City Royals,11,54.18189812999999,2025-05-04T11:06Z,Baltimore Orioles,6,115,115,115,-135,-135,-135,False,ESPN BET,1,105,9,,,-1.5,Final,9.5,-125
MIN,2025-05-04T17:35Z,401695412,BOS,2025,Minnesota Twins,5,72.84680563,2025-05-04T11:06Z,Boston Red Sox,4,155,155,180,-185,-185,-215,False,ESPN BET,1,-120,9,,,-1.5,Final,8.5,100
SD,2025-05-04T17:35Z,401695414,PIT,2025,San Diego Padres,4,49.97652814,2025-05-04T11:06Z,Pittsburgh Pirates,0,-110,-110,-110,-110,-110,-110,False,ESPN BET,1,-120,9,,,1.5,Final,8.5,100
TB,2025-05-04T17:35Z,401695415,NYY,2025,Tampa Bay Rays,7,55.584082,2025-05-04T11:06Z,New York Yankees,5,135,135,150,-160,-160,-180,False,ESPN BET,1,-120,9,,,-1.5,Final,8.5,100
CLE,2025-05-04T17:37Z,401695409,TOR,2025,Cleveland Guardians,5,48.38356548,2025-05-04T11:06Z,Toronto Blue Jays,4,-120,-120,100,100,100,-120,False,ESPN BET,1,-110,9,,,1.5,Final,8.5,-110
ATH,2025-05-04T17:40Z,401695413,MIA,2025,Athletics,3,50.807940689999995,2025-05-04T11:06Z,Miami Marlins,2,-115,-115,-135,-105,-105,115,False,ESPN BET,1,115,9,,,1.5,Final,9.5,-135
ARI,2025-05-04T18:05Z,401695408,PHI,2025,Arizona Diamondbacks,11,63.386713959999994,2025-05-04T11:06Z,Philadelphia Phillies,9,135,135,120,-160,-160,-145,False,ESPN BET,1,-120,10,,,-1.5,Final/10,8.5,100
CHC,2025-05-04T18:10Z,401695417,MIL,2025,Chicago Cubs,0,45.67752773,2025-05-04T11:06Z,Milwaukee Brewers,4,-110,-110,-110,-110,-110,-110,False,ESPN BET,1,-115,9,,,1.5,Final,7.5,-105
HOU,2025-05-04T18:10Z,401695418,CHW,2025,Houston Astros,4,42.40261572,2025-05-04T11:06Z,Chicago White Sox,5,-185,-185,-225,155,155,185,False,ESPN BET,1,110,7,,,1.5,Final/7,8.5,-130
SEA,2025-05-04T18:35Z,401695420,TEX,2025,Seattle Mariners,1,54.37132208,2025-05-04T11:06Z,Texas Rangers,8,150,150,155,-180,-180,-185,False,ESPN BET,1,-110,9,,,-1.5,Final,8.5,-110
COL,2025-05-04T20:05Z,401695421,SF,2025,Colorado Rockies,3,83.57124215,2025-05-04T11:06Z,San Francisco Giants,9,315,315,265,-400,-400,-335,False,ESPN BET,1,-105,9,,,-2.5,Final,7.5,-115
DET,2025-05-04T20:07Z,401695422,LAA,2025,Detroit Tigers,13,37.39653024,2025-05-04T11:06Z,Los Angeles Angels,1,-175,-175,-175,145,145,145,False,ESPN BET,1,-120,9,,,1.5,Final,8.5,100
WSH,2025-05-04T20:10Z,401695416,CIN,2025,Washington Nationals,4,63.1293978,2025-05-04T11:06Z,Cincinnati Reds,1,-115,-115,-110,-105,-105,-110,False,ESPN BET,1,-110,9,,,1.5,Final,8.5,-110
NYM,2025-05-04T22:15Z,401769824,STL,2025,New York Mets,4,47.350239869999996,2025-05-04T11:06Z,St. Louis Cardinals,5,-160,-155,-150,125,130,125,False,ESPN BET,1,-120,9,,,1.5,Final,7.5,-110
LAD,2025-05-04T23:00Z,401695411,ATL,2025,Los Angeles Dodgers,3,44.57860986,2025-05-04T11:06Z,Atlanta Braves,4,-135,-135,-150,115,115,125,False,ESPN BET,1,-105,9,,,1.5,Final,9.5,-115
LAD,2025-05-05T22:40Z,401695425,MIA,2025,Los Angeles Dodgers,7,31.46208532,2025-05-05T11:06Z,Miami Marlins,4,-225,-225,-165,185,185,140,False,ESPN BET,1,100,9,,,2.5,Final,9.5,-120
SD,2025-05-05T23:05Z,401695426,NYY,2025,San Diego Padres,4,55.803661039999994,2025-05-05T11:06Z,New York Yankees,3,135,135,130,-160,-160,-155,False,ESPN BET,1,-110,9,,,-1.5,Final,7.5,-110
CIN,2025-05-05T23:15Z,401695423,ATL,2025,Cincinnati Reds,0,49.951307969999995,2025-05-05T11:06Z,Atlanta Braves,4,115,115,125,-135,-135,-150,False,ESPN BET,1,-115,9,,,-1.5,Final,8.5,-105
CHW,2025-05-05T23:40Z,401695427,KC,2025,Chicago White Sox,0,59.2298986,2025-05-05T11:06Z,Kansas City Royals,3,175,175,205,-210,-210,-250,False,ESPN BET,1,-115,9,,,-1.5,Final,7.5,-105
HOU,2025-05-05T23:40Z,401695428,MIL,2025,Houston Astros,1,56.563739440000006,2025-05-05T11:06Z,Milwaukee Brewers,5,-105,-105,-105,-115,-115,-115,False,ESPN BET,1,100,9,,,1.5,Final,8.5,-120
SF,2025-05-05T23:40Z,401695430,CHC,2025,San Francisco Giants,2,68.16198284000001,2025-05-05T11:06Z,Chicago Cubs,9,145,145,125,-175,-175,-150,False,ESPN BET,1,100,9,,,-1.5,Final,7.5,-120
PIT,2025-05-05T23:45Z,401695429,STL,2025,Pittsburgh Pirates,3,63.339318739999996,2025-05-05T11:06Z,St. Louis Cardinals,6,105,105,140,-125,-125,-165,False,ESPN BET,1,100,9,,,-1.5,Final,8.5,-120
NYM,2025-05-06T01:40Z,401695431,ARI,2025,New York Mets,5,55.67092024,2025-05-05T11:06Z,Arizona Diamondbacks,4,-105,-105,-120,-115,-115,100,False,ESPN BET,1,-120,9,,,1.5,Final,9.5,100
SEA,2025-05-06T02:05Z,401764534,ATH,2025,Seattle Mariners,6,39.3756193,2025-05-05T11:06Z,Athletics,7,-120,-120,-110,100,100,-110,False,ESPN BET,1,-120,11,,,1.5,Final/11,8.5,100
CLE,2025-05-06T19:35Z,401770060,WSH,2025,Cleveland Guardians,9,53.88405576,2025-05-06T11:06Z,Washington Nationals,10,-120,-120,-135,100,100,115,False,ESPN BET,1,105,9,,,1.5,Final,9.5,-125
LAD,2025-05-06T22:40Z,401695435,MIA,2025,Los Angeles Dodgers,4,33.59005271,2025-05-06T11:06Z,Miami Marlins,5,-250,-250,-240,205,205,200,False,ESPN BET,1,-120,10,,,2.5,Final/10,9.5,100
TEX,2025-05-06T22:45Z,401695438,BOS,2025,Texas Rangers,6,52.2739289,2025-05-06T11:06Z,Boston Red Sox,1,-120,-120,-120,100,100,100,False,ESPN BET,1,-115,9,,,1.5,Final,8.5,-105
PHI,2025-05-06T23:05Z,401695436,TB,2025,Philadelphia Phillies,8,52.19811242,2025-05-06T11:06Z,Tampa Bay Rays,4,-130,-130,-130,110,110,110,False,ESPN BET,1,-125,9,,,1.5,Final,7.5,105
SD,2025-05-06T23:05Z,401695437,NYY,2025,San Diego Padres,3,51.587376080000006,2025-05-06T11:06Z,New York Yankees,12,105,105,100,-125,-125,-120,False,ESPN BET,1,-120,9,,,-1.5,Final,7.5,100
CLE,2025-05-06T23:10Z,401695434,WSH,2025,Cleveland Guardians,9,52.944898439999996,2025-05-06T11:06Z,Washington Nationals,1,-115,-115,-120,-105,-105,100,False,ESPN BET,1,-105,9,,,1.5,Final,9.5,-115
CIN,2025-05-06T23:15Z,401695433,ATL,2025,Cincinnati Reds,1,66.1107126,2025-05-06T11:06Z,Atlanta Braves,2,180,180,200,-215,-215,-240,False,ESPN BET,1,-105,10,,,-1.5,Final/10,8.5,-115
BAL,2025-05-06T23:40Z,401695439,MIN,2025,Baltimore Orioles,1,65.9256994,2025-05-06T11:06Z,Minnesota Twins,9,140,140,140,-165,-165,-165,False,ESPN BET,1,-130,9,,,-1.5,Final,8.5,110
CHW,2025-05-06T23:40Z,401695440,KC,2025,Chicago White Sox,3,61.00769835999999,2025-05-06T11:06Z,Kansas City Royals,4,210,210,195,-255,-255,-235,False,ESPN BET,1,-115,9,,,-1.5,Final,8.5,-105
HOU,2025-05-06T23:40Z,401695441,MIL,2025,Houston Astros,3,56.57143474,2025-05-06T11:06Z,Milwaukee Brewers,4,100,100,-110,-120,-120,-110,False,ESPN BET,1,-130,9,,,1.5,Final,7.5,110
SF,2025-05-06T23:40Z,401695443,CHC,2025,San Francisco Giants,14,65.63324453,2025-05-06T11:06Z,Chicago Cubs,5,130,130,130,-155,-155,-155,False,ESPN BET,1,-105,11,,,-1.5,Final/11,8.5,-115
PIT,2025-05-06T23:45Z,401695442,STL,2025,Pittsburgh Pirates,1,54.40953039000001,2025-05-06T11:06Z,St. Louis Cardinals,2,-115,-115,-135,-105,-105,115,False,ESPN BET,1,105,9,,,1.5,Final,7.5,-125
TOR,2025-05-07T01:38Z,401695447,LAA,2025,Toronto Blue Jays,3,54.049390100000004,2025-05-06T11:06Z,Los Angeles Angels,8,-115,-115,-110,-105,-105,-110,False,ESPN BET,1,-130,9,,,1.5,Final,8.5,110
NYM,2025-05-07T01:40Z,401695445,ARI,2025,New York Mets,1,52.64011898,2025-05-06T11:06Z,Arizona Diamondbacks,5,100,100,100,-120,-120,-120,False,ESPN BET,1,100,9,,,1.5,Final,9.5,-120
SEA,2025-05-07T02:05Z,401764535,ATH,2025,Seattle Mariners,5,50.24479414,2025-05-06T11:06Z,Athletics,3,105,105,105,-125,-125,-125,False,ESPN BET,1,-105,9,,,-1.5,Final,10.5,-115
CLE,2025-05-07T16:05Z,401695449,WSH,2025,Cleveland Guardians,8,52.75573521,2025-05-07T11:06Z,Washington Nationals,6,-115,-115,-135,-105,-105,115,False,ESPN BET,1,100,9,,,1.5,Final,9.5,-120
HOU,2025-05-07T17:10Z,401695456,MIL,2025,Houston Astros,9,46.756270459999996,2025-05-07T11:06Z,Milwaukee Brewers,1,-135,-135,-135,115,115,115,False,ESPN BET,1,-115,9,,,1.5,Final,7.5,-105
PIT,2025-05-07T17:15Z,401695457,STL,2025,Pittsburgh Pirates,0,70.02400086,2025-05-07T11:06Z,St. Louis Cardinals,5,150,150,145,-180,-180,-175,False,ESPN BET,1,-115,9,,,-1.5,Final,7.5,-105
SF,2025-05-07T18:20Z,401695458,CHC,2025,San Francisco Giants,3,59.187382129999996,2025-05-07T11:06Z,Chicago Cubs,1,140,140,115,-165,-165,-135,False,ESPN BET,1,-110,9,,,-1.5,Final,7.5,-110
SEA,2025-05-07T19:35Z,401764536,ATH,2025,Seattle Mariners,6,34.50001114,2025-05-07T11:06Z,Athletics,5,-135,-135,-160,115,115,135,False,ESPN BET,1,-105,9,,,1.5,Final,9.5,-115
NYM,2025-05-07T19:40Z,401695460,ARI,2025,New York Mets,7,52.710495800000004,2025-05-07T11:06Z,Arizona Diamondbacks,1,-120,-120,-125,100,100,105,False,ESPN BET,1,105,9,,,1.5,Final,9.5,-125
LAD,2025-05-07T20:40Z,401695450,MIA,2025,Los Angeles Dodgers,10,39.9699003,2025-05-07T11:06Z,Miami Marlins,1,-225,-225,-225,185,185,185,False,ESPN BET,1,100,9,,,2.5,Final,10.5,-120
TEX,2025-05-07T22:45Z,401695453,BOS,2025,Texas Rangers,4,53.21161734,2025-05-07T11:06Z,Boston Red Sox,6,120,120,120,-145,-145,-145,False,ESPN BET,1,100,9,,,-1.5,Final,9.5,-120
PHI,2025-05-07T23:05Z,401695451,TB,2025,Philadelphia Phillies,7,44.82834309,2025-05-07T11:06Z,Tampa Bay Rays,0,-165,-165,-135,140,140,115,False,ESPN BET,1,-115,9,,,1.5,Final,8.5,-105
SD,2025-05-07T23:05Z,401695452,NYY,2025,San Diego Padres,3,69.07695838,2025-05-07T11:06Z,New York Yankees,4,145,145,150,-175,-175,-180,False,ESPN BET,1,110,10,,,-1.5,Final/10,8.5,-130
CIN,2025-05-07T23:15Z,401695448,ATL,2025,Cincinnati Reds,4,51.24789425,2025-05-07T11:06Z,Atlanta Braves,3,-105,-105,100,-115,-115,-120,False,ESPN BET,1,-115,9,,,1.5,Final,7.5,-105
BAL,2025-05-07T23:40Z,401695454,MIN,2025,Baltimore Orioles,2,65.20934631,2025-05-07T11:06Z,Minnesota Twins,5,120,120,125,-145,-145,-150,False,ESPN BET,1,-135,9,,,-1.5,Final,8.5,115
CHW,2025-05-07T23:40Z,401695455,KC,2025,Chicago White Sox,1,62.554360519999996,2025-05-07T11:06Z,Kansas City Royals,2,185,185,185,-225,-225,-225,False,ESPN BET,1,100,9,,,-1.5,Final,8.5,-120
DET,2025-05-08T00:40Z,401695459,COL,2025,Detroit Tigers,8,37.15501096,2025-05-07T11:06Z,Colorado Rockies,6,-165,-165,-180,140,140,150,False,ESPN BET,1,-125,10,,,1.5,Final/10,9.5,105
TOR,2025-05-08T01:38Z,401695462,LAA,2025,Toronto Blue Jays,4,58.925155620000005,2025-05-07T11:06Z,Los Angeles Angels,5,-120,-120,-120,100,100,100,False,ESPN BET,1,-115,9,,,1.5,Final,8.5,-105
BAL,2025-05-08T17:10Z,401695466,MIN,2025,Baltimore Orioles,2,64.54861987,2025-05-08T11:06Z,Minnesota Twins,5,135,135,135,-160,-160,-160,False,ESPN BET,1,-110,9,,,-1.5,Final,8.5,-110
TEX,2025-05-08T17:35Z,401695465,BOS,2025,Texas Rangers,0,67.09643879000001,2025-05-08T11:06Z,Boston Red Sox,5,130,130,115,-155,-155,-135,False,ESPN BET,1,110,9,,,-1.5,Final,9.5,-130
CHW,2025-05-08T18:10Z,401695467,KC,2025,Chicago White Sox,0,67.1118056,2025-05-08T11:06Z,Kansas City Royals,10,210,210,205,-255,-255,-250,False,ESPN BET,1,-110,9,,,-1.5,Final,8.5,-110
DET,2025-05-08T19:10Z,401695468,COL,2025,Detroit Tigers,10,32.411029209999995,2025-05-08T11:06Z,Colorado Rockies,2,-160,-160,-180,135,135,150,False,ESPN BET,1,-115,9,,,1.5,Final,9.5,-105
DET,2025-05-08T22:10Z,401770084,COL,2025,Detroit Tigers,11,28.30166423,2025-05-08T11:06Z,Colorado Rockies,1,-210,-210,-165,175,175,140,False,ESPN BET,1,-125,9,,,2.5,Final,10.5,105
PHI,2025-05-08T23:05Z,401695464,TB,2025,Philadelphia Phillies,7,45.12531803,2025-05-08T11:06Z,Tampa Bay Rays,6,-160,-160,-130,135,135,110,False,ESPN BET,1,-125,10,,,1.5,Final/10,8.5,105
CIN,2025-05-08T23:15Z,401695463,ATL,2025,Cincinnati Reds,4,56.3549538,2025-05-08T11:06Z,Atlanta Braves,5,180,180,140,-215,-215,-165,False,ESPN BET,1,105,11,,,-1.5,Final/11,8.5,-125
TOR,2025-05-09T01:38Z,401695470,LAA,2025,Toronto Blue Jays,8,53.26108377999999,2025-05-08T11:06Z,Los Angeles Angels,5,-135,-135,-125,115,115,105,False,ESPN BET,1,-105,9,,,1.5,Final,8.5,-115
LAD,2025-05-09T01:40Z,401695469,ARI,2025,Los Angeles Dodgers,3,37.14518176,2025-05-08T11:06Z,Arizona Diamondbacks,5,-160,-165,-165,135,140,140,False,ESPN BET,1,-130,9,,,1.5,Final,8.5,110
ATL,2025-05-09T22:40Z,401695471,PIT,2025,Atlanta Braves,2,43.7206639,2025-05-09T11:06Z,Pittsburgh Pirates,3,-150,-150,-155,125,125,130,False,ESPN BET,1,-120,9,,,1.5,Final,8.5,100
TEX,2025-05-09T22:40Z,401695476,DET,2025,Texas Rangers,1,77.56509212,2025-05-09T11:06Z,Detroit Tigers,2,235,235,225,-290,-290,-275,False,ESPN BET,1,105,9,,,-1.5,Final,7.5,-125
STL,2025-05-09T22:45Z,401695475,WSH,2025,St. Louis Cardinals,10,51.17457676,2025-05-09T11:06Z,Washington Nationals,0,-110,-110,100,-110,-110,-120,False,ESPN BET,1,-120,9,,,1.5,Final,8.5,100
MIL,2025-05-09T23:05Z,401695473,TB,2025,Milwaukee Brewers,3,49.59730805,2025-05-09T11:06Z,Tampa Bay Rays,4,-120,-120,-110,100,100,-110,False,ESPN BET,1,105,9,,,1.5,Final,9.5,-125
CHC,2025-05-09T23:10Z,401695472,NYM,2025,Chicago Cubs,2,54.86652462,2025-05-09T11:06Z,New York Mets,7,115,115,125,-135,-135,-150,False,ESPN BET,1,-125,9,,,-1.5,Final,7.5,105
PHI,2025-05-09T23:10Z,401695474,CLE,2025,Philadelphia Phillies,0,50.05692054000001,2025-05-09T11:06Z,Cleveland Guardians,6,-120,-120,-130,100,100,110,False,ESPN BET,1,-105,9,,,1.5,Final,7.5,-115
BOS,2025-05-09T23:40Z,401695477,KC,2025,Boston Red Sox,1,45.950185399999995,2025-05-09T11:06Z,Kansas City Royals,2,-110,-110,100,-110,-110,-120,False,ESPN BET,1,-130,12,,,1.5,Final/12,8.5,110
MIA,2025-05-09T23:40Z,401695479,CHW,2025,Miami Marlins,2,48.78838734,2025-05-09T11:06Z,Chicago White Sox,6,-155,-155,-150,130,130,125,False,ESPN BET,1,-110,9,,,1.5,Final,7.5,-110
CIN,2025-05-10T00:10Z,401695478,HOU,2025,Cincinnati Reds,0,59.81045976,2025-05-09T11:06Z,Houston Astros,3,160,160,150,-190,-190,-180,False,ESPN BET,1,100,9,,,-1.5,Final,7.5,-120
SF,2025-05-10T00:10Z,401695480,MIN,2025,San Francisco Giants,1,52.0203411,2025-05-09T11:06Z,Minnesota Twins,3,-115,-115,105,-105,-105,-125,False,ESPN BET,1,-125,9,,,1.5,Final,8.5,105
SD,2025-05-10T00:40Z,401695481,COL,2025,San Diego Padres,13,36.85379864,2025-05-09T11:06Z,Colorado Rockies,9,-190,-190,-165,160,160,140,False,ESPN BET,1,-110,9,,,1.5,Final,11.5,-110
BAL,2025-05-10T01:38Z,401695482,LAA,2025,Baltimore Orioles,4,44.64038153,2025-05-09T11:06Z,Los Angeles Angels,1,-135,-135,-150,115,115,125,False,ESPN BET,1,-120,9,,,1.5,Final,9.5,100
LAD,2025-05-10T01:40Z,401695483,ARI,2025,Los Angeles Dodgers,14,41.73884373,2025-05-09T11:06Z,Arizona Diamondbacks,11,-105,-105,-130,-115,-115,110,False,ESPN BET,1,-105,9,,,1.5,Final,10.5,-115
TOR,2025-05-10T01:40Z,401695485,SEA,2025,Toronto Blue Jays,6,67.20327073,2025-05-09T11:06Z,Seattle Mariners,3,115,115,120,-135,-135,-145,False,ESPN BET,1,105,9,,,-1.5,Final,7.5,-125
NYY,2025-05-10T02:05Z,401764537,ATH,2025,New York Yankees,10,46.44975626,2025-05-09T11:06Z,Athletics,2,-155,-155,-150,130,130,125,False,ESPN BET,1,-125,9,,,1.5,Final,10.5,105
ATL,2025-05-10T20:05Z,401695486,PIT,2025,Atlanta Braves,3,46.46829745,2025-05-10T11:06Z,Pittsburgh Pirates,2,-150,-150,-135,125,125,115,False,ESPN BET,1,-130,11,,,1.5,Final/11,8.5,110
STL,2025-05-10T20:05Z,401695490,WSH,2025,St. Louis Cardinals,4,49.50019343,2025-05-10T11:06Z,Washington Nationals,2,-115,-115,-125,-105,-105,105,False,ESPN BET,1,105,9,,,1.5,Final,9.5,-125
NYY,2025-05-10T20:05Z,401764538,ATH,2025,New York Yankees,7,34.9840354,2025-05-10T11:06Z,Athletics,11,-160,-160,-160,135,135,135,False,ESPN BET,1,-120,9,,,1.5,Final,9.5,100
MIL,2025-05-10T20:10Z,401695488,TB,2025,Milwaukee Brewers,2,48.11099096,2025-05-10T11:06Z,Tampa Bay Rays,3,-105,-105,115,-115,-115,-135,False,ESPN BET,1,-105,9,,,-1.5,Final,9.5,-115
PHI,2025-05-10T22:10Z,401695489,CLE,2025,Philadelphia Phillies,7,55.607886500000006,2025-05-10T11:06Z,Cleveland Guardians,1,-135,-135,-130,115,115,110,False,ESPN BET,1,105,9,,,1.5,Final,8.5,-125
TEX,2025-05-10T22:10Z,401695491,DET,2025,Texas Rangers,10,61.15564053,2025-05-10T11:06Z,Detroit Tigers,3,-130,-130,-105,110,110,-115,False,ESPN BET,1,-105,9,,,1.5,Final,7.5,-115
BOS,2025-05-10T23:10Z,401695492,KC,2025,Boston Red Sox,10,41.2988359,2025-05-10T11:06Z,Kansas City Royals,1,-105,-105,-125,-115,-115,105,False,ESPN BET,1,105,9,,,1.5,Final,7.5,-125
CIN,2025-05-10T23:10Z,401695493,HOU,2025,Cincinnati Reds,13,52.3616807,2025-05-10T11:06Z,Houston Astros,9,105,105,115,-125,-125,-135,False,ESPN BET,1,-125,9,,,-1.5,Final,7.5,105
MIA,2025-05-10T23:10Z,401695494,CHW,2025,Miami Marlins,3,58.20280838000001,2025-05-10T11:06Z,Chicago White Sox,1,-110,-115,-115,-110,-105,-105,False,ESPN BET,1,-130,9,,,1.5,Final,7.5,110
CHC,2025-05-10T23:15Z,401695487,NYM,2025,Chicago Cubs,6,60.143390149999995,2025-05-10T11:06Z,New York Mets,5,140,140,130,-165,-165,-155,False,ESPN BET,1,-115,9,,,-1.5,Final,8.5,-105
SF,2025-05-10T23:15Z,401695495,MIN,2025,San Francisco Giants,1,50.30286887,2025-05-10T11:06Z,Minnesota Twins,2,-120,-120,-105,100,100,-115,False,ESPN BET,1,115,9,,,1.5,Final,7.5,-135
SD,2025-05-11T00:10Z,401695496,COL,2025,San Diego Padres,21,31.92281332,2025-05-10T11:06Z,Colorado Rockies,0,-250,-250,-200,205,205,165,False,ESPN BET,1,-125,9,,,2.5,Final,11.5,105
LAD,2025-05-11T00:10Z,401695498,ARI,2025,Los Angeles Dodgers,0,50.558944790000005,2025-05-10T11:06Z,Arizona Diamondbacks,3,-105,-105,-110,-115,-115,-110,False,ESPN BET,1,-110,9,,,1.5,Final,9.5,-110
BAL,2025-05-11T01:38Z,401695497,LAA,2025,Baltimore Orioles,2,54.39187986,2025-05-10T11:06Z,Los Angeles Angels,5,-145,-145,-150,120,120,125,False,ESPN BET,1,105,9,,,1.5,Final,10.5,-125
TOR,2025-05-11T01:40Z,401695500,SEA,2025,Toronto Blue Jays,6,63.40895406,2025-05-10T11:06Z,Seattle Mariners,3,120,120,105,-145,-145,-125,False,ESPN BET,1,100,9,,,-1.5,Final,8.5,-120
CHC,2025-05-11T16:05Z,401695502,NYM,2025,Chicago Cubs,2,41.370047910000004,2025-05-11T11:06Z,New York Mets,6,105,105,110,-125,-125,-130,False,ESPN BET,1,-105,9,,,1.5,Final,8.5,-115
ATL,2025-05-11T17:35Z,401695501,PIT,2025,Atlanta Braves,3,31.520419989999997,2025-05-11T11:06Z,Pittsburgh Pirates,4,-230,-230,-225,190,190,185,False,ESPN BET,1,-125,9,,,1.5,Final,7.5,105
STL,2025-05-11T17:35Z,401695505,WSH,2025,St. Louis Cardinals,6,54.43486018,2025-05-11T11:06Z,Washington Nationals,1,120,120,110,-145,-145,-130,False,ESPN BET,1,-125,9,,,-1.5,Final,8.5,105
MIL,2025-05-11T17:40Z,401695503,TB,2025,Milwaukee Brewers,4,58.0051637,2025-05-11T11:06Z,Tampa Bay Rays,2,120,120,135,-145,-145,-160,False,ESPN BET,1,-120,9,,,-1.5,Final,8.5,100
TEX,2025-05-11T17:40Z,401695506,DET,2025,Texas Rangers,6,63.22734397999999,2025-05-11T11:06Z,Detroit Tigers,1,-105,100,100,-115,-120,-120,False,ESPN BET,1,-105,9,,,1.5,Final,7.5,-115
BOS,2025-05-11T18:10Z,401695507,KC,2025,Boston Red Sox,3,57.67052668,2025-05-11T11:06Z,Kansas City Royals,1,115,115,110,-135,-135,-130,False,ESPN BET,1,-115,9,,,-1.5,Final,8.5,-105
CIN,2025-05-11T18:10Z,401695508,HOU,2025,Cincinnati Reds,0,60.07438761,2025-05-11T11:06Z,Houston Astros,6,120,120,130,-145,-145,-155,False,ESPN BET,1,-105,9,,,-1.5,Final,8.5,-115
MIA,2025-05-11T18:10Z,401695509,CHW,2025,Miami Marlins,2,61.154198660000006,2025-05-11T11:06Z,Chicago White Sox,4,-135,-135,-125,115,115,105,False,ESPN BET,1,-120,9,,,1.5,Final,7.5,100
SF,2025-05-11T18:10Z,401695510,MIN,2025,San Francisco Giants,6,58.21846718,2025-05-11T11:06Z,Minnesota Twins,7,130,130,140,-155,-155,-165,False,ESPN BET,1,-105,10,,,-1.5,Final/10,8.5,-115
SD,2025-05-11T19:10Z,401695511,COL,2025,San Diego Padres,3,23.07328867,2025-05-11T11:06Z,Colorado Rockies,9,-310,-310,-240,250,250,200,False,ESPN BET,1,-105,9,,,3.5,Final,11.5,-115
NYY,2025-05-11T20:05Z,401764539,ATH,2025,New York Yankees,12,37.04425973,2025-05-11T11:06Z,Athletics,2,-155,-155,-130,130,130,110,False,ESPN BET,1,115,9,,,1.5,Final,11.5,-135
BAL,2025-05-11T20:07Z,401695512,LAA,2025,Baltimore Orioles,7,51.48237829,2025-05-11T11:06Z,Los Angeles Angels,3,-150,-150,-135,125,125,115,False,ESPN BET,1,105,9,,,1.5,Final,9.5,-125
LAD,2025-05-11T20:10Z,401695513,ARI,2025,Los Angeles Dodgers,8,50.27718633,2025-05-11T11:06Z,Arizona Diamondbacks,1,-120,-120,-115,100,100,-105,False,ESPN BET,1,-105,9,,,1.5,Final,9.5,-115
TOR,2025-05-11T20:10Z,401695515,SEA,2025,Toronto Blue Jays,9,71.91083576,2025-05-11T11:06Z,Seattle Mariners,1,150,150,145,-180,-180,-175,False,ESPN BET,1,-130,9,,,-1.5,Final,7.5,110
PHI,2025-05-11T23:00Z,401695504,CLE,2025,Philadelphia Phillies,3,41.58756212,2025-05-11T11:06Z,Cleveland Guardians,0,-170,-165,-165,130,140,140,False,ESPN BET,1,100,9,,,1.5,Final,7.5,-120
MIL,2025-05-12T22:10Z,401695517,CLE,2025,Milwaukee Brewers,0,46.62491354,2025-05-12T11:06Z,Cleveland Guardians,5,-125,-120,-125,-105,100,105,False,ESPN BET,1,-115,9,,,1.5,Final,8.5,-115
BOS,2025-05-12T22:40Z,401695516,DET,2025,Boston Red Sox,2,55.96311249,2025-05-12T11:06Z,Detroit Tigers,14,-115,-115,-105,-105,-105,-115,False,ESPN BET,1,-105,9,,,1.5,Final,8.5,-115
STL,2025-05-12T22:45Z,401695519,PHI,2025,St. Louis Cardinals,3,59.150472519999994,2025-05-12T11:06Z,Philadelphia Phillies,2,145,145,155,-175,-175,-185,False,ESPN BET,1,-110,9,,,-1.5,Final,8.5,-110
PIT,2025-05-12T23:10Z,401695518,NYM,2025,Pittsburgh Pirates,3,61.23540124,2025-05-12T11:06Z,New York Mets,4,140,140,120,-165,-165,-145,False,ESPN BET,1,100,9,,,-1.5,Final,7.5,-120
WSH,2025-05-12T23:15Z,401695520,ATL,2025,Washington Nationals,3,66.2673166,2025-05-12T11:06Z,Atlanta Braves,4,155,155,140,-185,-185,-165,False,ESPN BET,1,-110,9,,,-1.5,Final,8.5,-110
MIA,2025-05-12T23:40Z,401695523,CHC,2025,Miami Marlins,2,74.66490385,2025-05-12T11:06Z,Chicago Cubs,5,205,205,195,-250,-250,-235,False,ESPN BET,1,105,9,,,-1.5,Final,8.5,-125
COL,2025-05-13T00:05Z,401695521,TEX,2025,Colorado Rockies,1,73.10999364,2025-05-12T11:06Z,Texas Rangers,2,210,210,215,-255,-255,-265,False,ESPN BET,1,-115,9,,,-1.5,Final,8.5,-105
KC,2025-05-13T00:10Z,401695522,HOU,2025,Kansas City Royals,7,62.08348925,2025-05-12T11:06Z,Houston Astros,5,100,100,100,-120,-120,-120,False,ESPN BET,1,-130,9,,,1.5,Final,7.5,110
LAA,2025-05-13T01:40Z,401695524,SD,2025,Los Angeles Angels,9,72.17846507,2025-05-12T11:06Z,San Diego Padres,5,165,165,180,-200,-200,-215,False,ESPN BET,1,-125,9,,,-1.5,Final,6.5,105
NYY,2025-05-13T01:40Z,401695526,SEA,2025,New York Yankees,11,41.76449254,2025-05-12T11:06Z,Seattle Mariners,5,-150,-150,-130,125,125,110,False,ESPN BET,1,105,9,,,1.5,Final,8.5,-125
ARI,2025-05-13T01:45Z,401695525,SF,2025,Arizona Diamondbacks,2,53.71630159,2025-05-12T11:06Z,San Francisco Giants,1,-125,-125,100,105,105,-120,False,ESPN BET,1,105,9,,,1.5,Final,8.5,-125
MIL,2025-05-13T22:10Z,401695530,CLE,2025,Milwaukee Brewers,0,51.732229110000006,2025-05-13T11:06Z,Cleveland Guardians,2,115,115,105,-135,-135,-125,False,ESPN BET,1,-135,9,,,-1.5,Final,8.5,115
BOS,2025-05-13T22:40Z,401695528,DET,2025,Boston Red Sox,9,62.384583989999996,2025-05-13T11:06Z,Detroit Tigers,10,105,105,-115,-125,-125,-105,False,ESPN BET,1,100,11,,,1.5,Final/11,8.5,-120
CHW,2025-05-13T22:40Z,401695529,CIN,2025,Chicago White Sox,5,67.31130983,2025-05-13T11:06Z,Cincinnati Reds,1,185,185,160,-225,-225,-190,False,ESPN BET,1,-135,10,,,-1.5,Final/10,8.5,115
TB,2025-05-13T23:07Z,401695534,TOR,2025,Tampa Bay Rays,11,52.15141607,2025-05-13T11:06Z,Toronto Blue Jays,9,120,120,110,-145,-145,-130,False,ESPN BET,1,-125,9,,,-1.5,Final,7.5,105
PIT,2025-05-13T23:10Z,401695532,NYM,2025,Pittsburgh Pirates,1,71.79450503,2025-05-13T11:06Z,New York Mets,2,205,205,200,-250,-250,-240,False,ESPN BET,1,-110,9,,,-1.5,Final,7.5,-110
WSH,2025-05-13T23:15Z,401695535,ATL,2025,Washington Nationals,2,73.38843865,2025-05-13T11:06Z,Atlanta Braves,5,180,180,200,-215,-215,-240,False,ESPN BET,1,100,9,,,-1.5,Final,8.5,-120
MIA,2025-05-13T23:40Z,401695538,CHC,2025,Miami Marlins,4,72.85019326,2025-05-13T11:06Z,Chicago Cubs,5,215,215,205,-260,-260,-250,False,ESPN BET,1,105,9,,,-1.5,Final,8.5,-125
COL,2025-05-14T00:05Z,401695536,TEX,2025,Colorado Rockies,1,62.00920421,2025-05-13T11:06Z,Texas Rangers,4,200,200,170,-240,-240,-205,False,ESPN BET,1,-110,9,,,-1.5,Final,8.5,-110
KC,2025-05-14T00:10Z,401695537,HOU,2025,Kansas City Royals,1,58.64104705,2025-05-13T11:06Z,Houston Astros,2,120,120,125,-145,-145,-150,False,ESPN BET,1,-120,9,,,-1.5,Final,7.5,100
LAA,2025-05-14T01:40Z,401695539,SD,2025,Los Angeles Angels,4,66.77982672,2025-05-13T11:06Z,San Diego Padres,6,180,180,165,-215,-215,-200,False,ESPN BET,1,100,9,,,-1.5,Final,7.5,-120
NYY,2025-05-14T01:40Z,401695541,SEA,2025,New York Yankees,1,44.03608447,2025-05-13T11:06Z,Seattle Mariners,2,-145,-145,-145,120,120,120,False,ESPN BET,1,-105,11,,,1.5,Final/11,7.5,-115
ARI,2025-05-14T01:45Z,401695540,SF,2025,Arizona Diamondbacks,6,57.26261696,2025-05-13T11:06Z,San Francisco Giants,10,-120,-115,-120,100,-105,100,False,ESPN BET,1,-110,9,,,1.5,Final,7.5,-110
ATH,2025-05-14T02:10Z,401695542,LAD,2025,Athletics,11,66.74983307,2025-05-13T11:06Z,Los Angeles Dodgers,1,160,160,160,-190,-190,-190,False,ESPN BET,1,100,9,,,-1.5,Final,9.5,-120
MIN,2025-05-14T16:05Z,401695546,BAL,2025,Minnesota Twins,6,45.09981911,2025-05-14T11:05Z,Baltimore Orioles,3,100,100,-110,-120,-120,-110,False,ESPN BET,1,-105,9,,,1.5,Final,8.5,-115
STL,2025-05-14T17:05Z,401695548,PHI,2025,St. Louis Cardinals,1,57.19688398,2025-05-14T11:05Z,Philadelphia Phillies,2,150,150,140,-180,-180,-165,False,ESPN BET,1,-120,9,,,-1.5,Final,8.5,100
MIL,2025-05-14T17:10Z,401695545,CLE,2025,Milwaukee Brewers,9,55.16275599,2025-05-14T11:05Z,Cleveland Guardians,5,105,105,135,-125,-125,-160,False,ESPN BET,1,-105,9,,,1.5,Final,8.5,-115
ARI,2025-05-14T19:45Z,401695555,SF,2025,Arizona Diamondbacks,8,59.91638579000001,2025-05-14T11:05Z,San Francisco Giants,7,-115,-115,-110,-105,-105,-110,False,ESPN BET,1,100,9,,,1.5,Final,8.5,-120
MIN,2025-05-14T19:45Z,401772637,BAL,2025,Minnesota Twins,8,46.49979876,2025-05-14T11:05Z,Baltimore Orioles,6,120,120,100,-145,-145,-120,False,ESPN BET,1,-125,9,,,-1.5,Final,8.5,105
NYY,2025-05-14T20:10Z,401695556,SEA,2025,New York Yankees,3,55.84175276,2025-05-14T11:05Z,Seattle Mariners,2,-115,-115,-115,-105,-105,-105,False,ESPN BET,1,105,9,,,1.5,Final,8.5,-125
STL,2025-05-14T22:15Z,401772638,PHI,2025,St. Louis Cardinals,14,48.0067171,2025-05-14T11:05Z,Philadelphia Phillies,7,105,105,115,-125,-125,-135,False,ESPN BET,1,100,9,,,-1.5,Final,8.5,-130
BOS,2025-05-14T22:40Z,401695543,DET,2025,Boston Red Sox,5,71.39941716,2025-05-14T11:05Z,Detroit Tigers,6,200,200,165,-245,-245,-200,False,ESPN BET,1,-145,9,,,-1.5,Final,6.5,120
TB,2025-05-14T23:07Z,401695549,TOR,2025,Tampa Bay Rays,1,51.82532149,2025-05-14T11:05Z,Toronto Blue Jays,3,135,135,125,-160,-160,-150,False,ESPN BET,1,110,9,,,-1.5,Final,8.5,-130
PIT,2025-05-14T23:10Z,401695547,NYM,2025,Pittsburgh Pirates,4,77.59371618,2025-05-14T11:05Z,New York Mets,0,225,225,210,-275,-275,-255,False,ESPN BET,1,-110,9,,,-1.5,Final,7.5,-110
CHW,2025-05-14T23:14Z,401695544,CIN,2025,Chicago White Sox,4,69.74572228,2025-05-14T11:05Z,Cincinnati Reds,2,170,170,180,-205,-205,-215,False,ESPN BET,1,-115,9,,,-1.5,Final,8.5,-115
WSH,2025-05-14T23:15Z,401695550,ATL,2025,Washington Nationals,5,59.18443264,2025-05-14T11:05Z,Atlanta Braves,4,150,150,140,-180,-180,-165,False,ESPN BET,1,105,9,,,-1.5,Final,9.5,-125
MIA,2025-05-14T23:40Z,401695553,CHC,2025,Miami Marlins,3,65.8672691,2025-05-14T11:05Z,Chicago Cubs,1,180,180,180,-215,-215,-215,False,ESPN BET,1,-110,9,,,-1.5,Final,7.5,-110
COL,2025-05-15T00:05Z,401695551,TEX,2025,Colorado Rockies,3,70.35670654,2025-05-14T11:05Z,Texas Rangers,8,185,185,205,-225,-225,-250,False,ESPN BET,1,-140,9,,,-1.5,Final,8.5,105
KC,2025-05-15T00:10Z,401695552,HOU,2025,Kansas City Royals,3,64.22128973,2025-05-14T11:05Z,Houston Astros,4,-105,-105,115,-115,-115,-135,False,ESPN BET,1,-120,9,,,1.5,Final,8.5,100
LAA,2025-05-15T01:40Z,401695554,SD,2025,Los Angeles Angels,1,69.66700165,2025-05-14T11:05Z,San Diego Padres,5,140,155,155,-190,-185,-185,False,ESPN BET,1,-120,9,,,-1.5,Final,8.5,-110
ATH,2025-05-15T02:10Z,401695557,LAD,2025,Athletics,3,77.28333767,2025-05-14T11:05Z,Los Angeles Dodgers,9,230,230,215,-285,-285,-265,False,ESPN BET,1,-125,9,,,-1.5,Final,8.5,-105
WSH,2025-05-15T16:15Z,401695561,ATL,2025,Washington Nationals,2,64.39676526,2025-05-15T11:05Z,Atlanta Braves,5,165,165,195,-200,-200,-235,False,ESPN BET,1,-110,9,,,-1.5,Final,8.5,-110
MIN,2025-05-15T16:35Z,401695559,BAL,2025,Minnesota Twins,4,55.42723501,2025-05-15T11:05Z,Baltimore Orioles,0,110,110,115,-130,-130,-135,False,ESPN BET,1,105,9,,,-1.5,Final,9.5,-125
CHW,2025-05-15T16:40Z,401695558,CIN,2025,Chicago White Sox,1,72.46664198,2025-05-15T11:05Z,Cincinnati Reds,7,200,200,180,-240,-240,-215,False,ESPN BET,1,100,9,,,-1.5,Final,9.5,-120
TB,2025-05-15T19:07Z,401695560,TOR,2025,Tampa Bay Rays,8,52.655949820000004,2025-05-15T11:05Z,Toronto Blue Jays,3,145,145,140,-175,-175,-165,False,ESPN BET,1,105,9,,,-1.5,Final,8.5,-125
HOU,2025-05-16T00:05Z,401695562,TEX,2025,Houston Astros,0,48.23483809,2025-05-15T11:05Z,Texas Rangers,1,110,110,110,-140,-140,-130,False,ESPN BET,1,-120,9,,,-1.5,Final,6.5,100
ATH,2025-05-16T02:10Z,401695527,LAD,2025,Athletics,2,60.47996958,2025-05-15T11:06Z,Los Angeles Dodgers,19,205,205,160,-250,-250,-190,False,ESPN BET,1,-105,9,,,-1.5,Final,9.5,-115
CHW,2025-05-16T18:20Z,401695570,CHC,2025,Chicago White Sox,3,64.45524246,2025-05-16T11:05Z,Chicago Cubs,13,195,195,180,-235,-235,-215,False,ESPN BET,1,-105,9,,,-1.5,Final,11.5,-115
CLE,2025-05-16T21:10Z,401695564,CIN,2025,Cleveland Guardians,4,54.85688775999999,2025-05-16T11:05Z,Cincinnati Reds,5,-120,-120,-105,100,100,-115,False,ESPN BET,1,100,9,,,1.5,Final,9.5,-120
PIT,2025-05-16T22:45Z,401695567,PHI,2025,Pittsburgh Pirates,4,65.47843949,2025-05-16T11:05Z,Philadelphia Phillies,8,195,195,185,-235,-235,-225,False,ESPN BET,1,115,9,,,-1.5,Final,9.5,-135
NYM,2025-05-16T23:05Z,401695566,NYY,2025,New York Mets,2,60.50113906,2025-05-16T11:05Z,New York Yankees,6,125,125,125,-150,-150,-150,False,ESPN BET,1,-135,9,,,-1.5,Final,8.5,115
WSH,2025-05-16T23:05Z,401695569,BAL,2025,Washington Nationals,4,47.86175939,2025-05-16T11:05Z,Baltimore Orioles,3,100,100,-110,-120,-120,-110,False,ESPN BET,1,-125,9,,,-1.5,Final,8.5,105
DET,2025-05-16T23:07Z,401695565,TOR,2025,Detroit Tigers,5,41.648815830000004,2025-05-16T11:05Z,Toronto Blue Jays,4,-120,-120,-130,100,100,110,False,ESPN BET,1,-125,9,,,1.5,Final,8.5,105
ATL,2025-05-16T23:10Z,401695563,BOS,2025,Atlanta Braves,4,58.565905029999996,2025-05-16T11:05Z,Boston Red Sox,2,-105,-105,105,-115,-115,-125,False,ESPN BET,1,-105,9,,,1.5,Final,8.5,-115
TB,2025-05-16T23:10Z,401695568,MIA,2025,Tampa Bay Rays,4,43.79981039,2025-05-16T11:05Z,Miami Marlins,9,-130,-130,-105,110,110,-115,False,ESPN BET,1,-110,9,,,1.5,Final,8.5,-110
STL,2025-05-16T23:40Z,401695573,KC,2025,St. Louis Cardinals,10,50.78000679,2025-05-16T11:05Z,Kansas City Royals,3,130,130,140,-155,-155,-165,False,ESPN BET,1,-115,9,,,-1.5,Final,8.5,-105
HOU,2025-05-17T00:05Z,401695571,TEX,2025,Houston Astros,6,62.78853699,2025-05-16T11:05Z,Texas Rangers,3,160,160,145,-190,-190,-175,False,ESPN BET,1,100,9,,,-1.5,Final,8.5,-120
MIN,2025-05-17T00:10Z,401695572,MIL,2025,Minnesota Twins,3,48.82439014,2025-05-16T11:05Z,Milwaukee Brewers,0,-120,-120,-130,100,100,110,False,ESPN BET,1,-110,9,,,1.5,Final,7.5,-110
COL,2025-05-17T01:40Z,401695575,ARI,2025,Colorado Rockies,0,73.45060712,2025-05-16T11:05Z,Arizona Diamondbacks,8,300,300,310,-385,-385,-400,False,ESPN BET,1,-125,9,,,-2.5,Final,8.5,105
SEA,2025-05-17T01:40Z,401695577,SD,2025,Seattle Mariners,5,61.22225534,2025-05-16T11:05Z,San Diego Padres,1,140,140,130,-165,-165,-155,False,ESPN BET,1,-120,9,,,-1.5,Final,8.5,100
LAA,2025-05-17T02:10Z,401695574,LAD,2025,Los Angeles Angels,6,76.00416903,2025-05-16T11:05Z,Los Angeles Dodgers,2,255,255,240,-320,-320,-300,False,ESPN BET,1,100,9,,,-2.5,Final,9.5,-120
ATH,2025-05-17T02:15Z,401695576,SF,2025,Athletics,1,70.08878008,2025-05-16T11:05Z,San Francisco Giants,9,165,170,145,-200,-205,-175,False,ESPN BET,1,-130,9,,,-1.5,Final,6.5,110
NYM,2025-05-17T17:05Z,401695581,NYY,2025,New York Mets,3,63.09794427999999,2025-05-17T11:05Z,New York Yankees,2,110,115,115,-130,-135,-135,False,ESPN BET,1,-115,9,,,-1.5,Final,9.5,-105
CHW,2025-05-17T18:20Z,401695585,CHC,2025,Chicago White Sox,3,75.9084924,2025-05-17T11:06Z,Chicago Cubs,7,240,240,220,-300,-300,-270,False,ESPN BET,1,-120,9,,,-2.5,Final,9.5,100
DET,2025-05-17T19:07Z,401695580,TOR,2025,Detroit Tigers,1,39.10986411,2025-05-17T11:05Z,Toronto Blue Jays,2,-145,-145,-145,120,120,120,False,ESPN BET,1,-110,9,,,1.5,Final,8.5,-110
WSH,2025-05-17T20:05Z,401695584,BAL,2025,Washington Nationals,10,48.3306566,2025-05-17T11:06Z,Baltimore Orioles,6,125,125,130,-150,-150,-155,False,ESPN BET,1,-120,9,,,-1.5,Final,10.5,100
TB,2025-05-17T20:10Z,401695583,MIA,2025,Tampa Bay Rays,4,33.71228902,2025-05-17T11:06Z,Miami Marlins,0,-150,-150,-145,125,125,120,False,ESPN BET,1,110,9,,,1.5,Final,8.5,-130
PIT,2025-05-17T22:05Z,401695582,PHI,2025,Pittsburgh Pirates,2,75.49336948999999,2025-05-17T11:05Z,Philadelphia Phillies,5,265,265,240,-335,-335,-300,False,ESPN BET,1,110,9,,,-2.5,Final,9.5,-130
CLE,2025-05-17T22:40Z,401695579,CIN,2025,Cleveland Guardians,1,66.46514162,2025-05-17T11:05Z,Cincinnati Reds,4,-120,-120,-130,100,100,110,False,ESPN BET,1,-125,9,,,1.5,Final,9.5,105
HOU,2025-05-17T23:05Z,401695586,TEX,2025,Houston Astros,1,54.34291397,2025-05-17T11:06Z,Texas Rangers,5,100,100,120,-120,-120,-145,False,ESPN BET,1,-125,9,,,1.5,Final,7.5,105
STL,2025-05-17T23:10Z,401695588,KC,2025,St. Louis Cardinals,1,52.306821449999994,2025-05-17T11:06Z,Kansas City Royals,0,-105,-105,115,-115,-115,-135,False,ESPN BET,1,105,9,,,1.5,Final,9.5,-125
ATL,2025-05-17T23:15Z,401695578,BOS,2025,Atlanta Braves,6,48.51528798,2025-05-17T11:05Z,Boston Red Sox,7,105,105,105,-125,-125,-125,False,ESPN BET,1,-120,9,,,1.5,Final,9.5,100
MIN,2025-05-17T23:15Z,401695587,MIL,2025,Minnesota Twins,7,50.64696019,2025-05-17T11:06Z,Milwaukee Brewers,0,-125,-125,-130,105,105,110,False,ESPN BET,1,-105,9,,,1.5,Final,7.5,-115
COL,2025-05-18T00:10Z,401695590,ARI,2025,Colorado Rockies,14,78.4718275,2025-05-17T11:06Z,Arizona Diamondbacks,12,295,295,265,-375,-375,-335,False,ESPN BET,1,-115,9,,,-2.5,Final,9.5,-105
SEA,2025-05-18T00:40Z,401695592,SD,2025,Seattle Mariners,4,69.02557319,2025-05-17T11:06Z,San Diego Padres,1,150,160,140,-200,-190,-165,False,ESPN BET,1,100,9,,,-1.5,Final,8.5,-130
ATH,2025-05-18T01:05Z,401695591,SF,2025,Athletics,0,65.46072389999999,2025-05-17T11:06Z,San Francisco Giants,1,125,135,125,-160,-160,-150,False,ESPN BET,1,-120,10,,,-1.5,Final/10,8.5,-110
LAA,2025-05-18T01:10Z,401695589,LAD,2025,Los Angeles Angels,11,70.93660433,2025-05-17T11:06Z,Los Angeles Dodgers,9,200,200,185,-240,-240,-225,False,ESPN BET,1,-120,9,,,-1.5,Final,8.5,100
HOU,2025-05-18T17:05Z,401695601,TEX,2025,Houston Astros,4,38.485480439999996,2025-05-18T11:06Z,Texas Rangers,3,-120,-115,-150,-110,-105,125,False,ESPN BET,1,-120,9,,,1.5,Final,7.5,100
ATL,2025-05-18T17:35Z,401695593,BOS,2025,Atlanta Braves,10,51.484650470000005,2025-05-18T11:06Z,Boston Red Sox,4,-130,-125,-125,100,105,105,False,ESPN BET,1,-115,9,,,1.5,Final,9.5,-115
PIT,2025-05-18T17:35Z,401695597,PHI,2025,Pittsburgh Pirates,0,54.15294617000001,2025-05-18T11:06Z,Philadelphia Phillies,1,-125,-125,-110,-105,-105,-110,False,ESPN BET,1,-140,9,,,1.5,Final,8.5,105
WSH,2025-05-18T17:35Z,401695599,BAL,2025,Washington Nationals,10,64.18911308,2025-05-18T11:06Z,Baltimore Orioles,4,140,150,145,-190,-180,-175,False,ESPN BET,1,-110,9,,,-1.5,Final,9.5,-110
DET,2025-05-18T17:37Z,401695595,TOR,2025,Detroit Tigers,3,46.002549980000005,2025-05-18T11:06Z,Toronto Blue Jays,2,100,105,100,-130,-125,-120,False,ESPN BET,1,-130,9,,,-1.5,Final,8.5,100
CLE,2025-05-18T17:40Z,401695594,CIN,2025,Cleveland Guardians,1,61.17338522,2025-05-18T11:06Z,Cincinnati Reds,3,110,110,125,-130,-130,-150,False,ESPN BET,1,-130,9,,,-1.5,Final,8.5,100
TB,2025-05-18T17:40Z,401695598,MIA,2025,Tampa Bay Rays,1,41.46654897,2025-05-18T11:06Z,Miami Marlins,5,-180,-165,-155,135,140,130,False,ESPN BET,1,-115,9,,,1.5,Final,8.5,-105
MIN,2025-05-18T18:10Z,401695602,MIL,2025,Minnesota Twins,2,63.21918809,2025-05-18T11:06Z,Milwaukee Brewers,5,110,110,140,-140,-140,-165,False,ESPN BET,1,-105,9,,,-1.5,Final,7.5,-125
STL,2025-05-18T18:10Z,401695603,KC,2025,St. Louis Cardinals,1,46.39128857,2025-05-18T11:06Z,Kansas City Royals,2,-115,-115,100,-105,-105,-120,False,ESPN BET,1,-125,9,,,1.5,Final,7.5,105
CHW,2025-05-18T18:20Z,401695600,CHC,2025,Chicago White Sox,2,73.62005379,2025-05-18T11:06Z,Chicago Cubs,6,215,215,240,-265,-265,-300,False,ESPN BET,1,-105,9,,,-1.5,Final,7.5,-115
ATH,2025-05-18T20:05Z,401695606,SF,2025,Athletics,2,60.70234953,2025-05-18T11:06Z,San Francisco Giants,3,120,130,125,-150,-155,-150,False,ESPN BET,1,-120,9,,,-1.5,Final,8.5,-110
LAA,2025-05-18T20:10Z,401695604,LAD,2025,Los Angeles Angels,6,68.58337326,2025-05-18T11:06Z,Los Angeles Dodgers,4,200,200,205,-240,-240,-250,False,ESPN BET,1,-105,9,,,-1.5,Final,9.5,-125
COL,2025-05-18T20:10Z,401695605,ARI,2025,Colorado Rockies,0,73.03167599,2025-05-18T11:06Z,Arizona Diamondbacks,1,240,240,265,-350,-300,-335,False,ESPN BET,1,105,9,,,-2.5,Final,9.5,-140
SEA,2025-05-18T20:10Z,401695607,SD,2025,Seattle Mariners,6,58.24657861,2025-05-18T11:06Z,San Diego Padres,1,110,125,125,-140,-150,-150,False,ESPN BET,1,-105,9,,,-1.5,Final,7.5,-125
NYM,2025-05-18T23:00Z,401695596,NYY,2025,New York Mets,2,68.37245591,2025-05-18T11:06Z,New York Yankees,8,135,145,145,-180,-175,-175,False,ESPN BET,1,-105,9,,,-1.5,Final,9.5,-125
CHC,2025-05-19T22:40Z,401695608,MIA,2025,Chicago Cubs,7,36.27567093,2025-05-19T11:06Z,Miami Marlins,8,-165,-165,-175,140,140,145,False,ESPN BET,1,-120,9,,,1.5,Final,8.5,100
CIN,2025-05-19T22:40Z,401695609,PIT,2025,Cincinnati Reds,7,39.1827847,2025-05-19T11:06Z,Pittsburgh Pirates,1,-120,-120,-125,100,100,105,False,ESPN BET,1,-105,9,,,1.5,Final,8.5,-115
NYM,2025-05-19T22:45Z,401695611,BOS,2025,New York Mets,1,50.0186141,2025-05-19T11:06Z,Boston Red Sox,3,-125,-125,-150,105,105,125,False,ESPN BET,1,-125,9,,,1.5,Final,8.5,105
HOU,2025-05-19T23:05Z,401695610,TB,2025,Houston Astros,4,52.716780299999996,2025-05-19T11:06Z,Tampa Bay Rays,3,120,120,115,-145,-145,-135,False,ESPN BET,1,-130,9,,,-1.5,Final,8.5,110
BAL,2025-05-19T23:40Z,401695612,MIL,2025,Baltimore Orioles,4,58.41050825000001,2025-05-19T11:06Z,Milwaukee Brewers,5,100,100,100,-120,-120,-120,False,ESPN BET,1,-110,9,,,1.5,Final,8.5,-110
CLE,2025-05-19T23:40Z,401695613,MIN,2025,Cleveland Guardians,5,66.04385784,2025-05-19T11:06Z,Minnesota Twins,6,125,125,125,-150,-150,-150,False,ESPN BET,1,-115,9,,,-1.5,Final,7.5,-105
SEA,2025-05-19T23:40Z,401695615,CHW,2025,Seattle Mariners,5,40.01797193,2025-05-19T11:06Z,Chicago White Sox,1,-200,-200,-200,165,165,165,False,ESPN BET,1,110,9,,,1.5,Final,8.5,-130
DET,2025-05-19T23:45Z,401695614,STL,2025,Detroit Tigers,4,60.523929720000005,2025-05-19T11:06Z,St. Louis Cardinals,11,140,140,135,-165,-165,-160,False,ESPN BET,1,-130,9,,,-1.5,Final,7.5,110
PHI,2025-05-20T00:40Z,401695616,COL,2025,Philadelphia Phillies,9,29.92750546,2025-05-19T11:06Z,Colorado Rockies,3,-245,-245,-270,200,200,220,False,ESPN BET,1,-110,9,,,2.5,Final,10.5,-110
KC,2025-05-20T01:45Z,401695619,SF,2025,Kansas City Royals,3,60.9176276,2025-05-19T11:06Z,San Francisco Giants,1,110,110,110,-130,-130,-130,False,ESPN BET,1,-105,9,,,-1.5,Final,7.5,-115
LAA,2025-05-20T02:05Z,401764540,ATH,2025,Los Angeles Angels,4,46.18447175,2025-05-19T11:06Z,Athletics,3,115,115,105,-135,-135,-125,False,ESPN BET,1,-120,9,,,-1.5,Final,9.5,100
ARI,2025-05-20T02:10Z,401695618,LAD,2025,Arizona Diamondbacks,9,58.1672793,2025-05-19T11:06Z,Los Angeles Dodgers,5,125,125,125,-150,-150,-150,False,ESPN BET,1,-105,9,,,-1.5,Final,10.5,-115
CHC,2025-05-20T22:40Z,401695621,MIA,2025,Chicago Cubs,14,44.14778073,2025-05-20T11:06Z,Miami Marlins,1,-155,-155,-165,130,130,140,False,ESPN BET,1,-120,9,,,1.5,Final,8.5,100
CIN,2025-05-20T22:40Z,401695622,PIT,2025,Cincinnati Reds,0,34.90232384,2025-05-20T11:06Z,Pittsburgh Pirates,1,-145,-145,-125,120,120,105,False,ESPN BET,1,-120,9,,,1.5,Final,7.5,100
ATL,2025-05-20T22:45Z,401695620,WSH,2025,Atlanta Braves,3,49.93879503,2025-05-20T11:06Z,Washington Nationals,5,-175,-175,-180,145,145,150,False,ESPN BET,1,-120,9,,,1.5,Final,8.5,100
NYM,2025-05-20T22:45Z,401695624,BOS,2025,New York Mets,0,45.70199432,2025-05-20T11:06Z,Boston Red Sox,2,-145,-145,-120,120,120,100,False,ESPN BET,1,-110,9,,,1.5,Final,8.5,-110
HOU,2025-05-20T23:05Z,401695623,TB,2025,Houston Astros,2,50.68236096,2025-05-20T11:06Z,Tampa Bay Rays,3,115,115,-115,-135,-135,-105,False,ESPN BET,1,100,9,,,-1.5,Final,9.5,-120
TEX,2025-05-20T23:05Z,401695626,NYY,2025,Texas Rangers,2,63.96367035,2025-05-20T11:06Z,New York Yankees,5,180,180,150,-215,-215,-180,False,ESPN BET,1,-125,9,,,-1.5,Final,8.5,105
SD,2025-05-20T23:07Z,401695625,TOR,2025,San Diego Padres,0,49.06813355,2025-05-20T11:06Z,Toronto Blue Jays,3,-110,-110,-125,-110,-110,105,False,ESPN BET,1,-115,9,,,1.5,Final,7.5,-105
BAL,2025-05-20T23:40Z,401695627,MIL,2025,Baltimore Orioles,2,51.63822369,2025-05-20T11:06Z,Milwaukee Brewers,5,105,105,105,-125,-125,-125,False,ESPN BET,1,-115,9,,,1.5,Final,8.5,-105
SEA,2025-05-20T23:40Z,401695630,CHW,2025,Seattle Mariners,0,32.30095275,2025-05-20T11:06Z,Chicago White Sox,1,-180,-180,-175,150,150,145,False,ESPN BET,1,-105,9,,,1.5,Final,8.5,-115
DET,2025-05-20T23:45Z,401695629,STL,2025,Detroit Tigers,5,44.20351331,2025-05-20T11:06Z,St. Louis Cardinals,4,-180,-180,-180,150,150,150,False,ESPN BET,1,-110,9,,,1.5,Final,7.5,-110
PHI,2025-05-21T00:40Z,401695631,COL,2025,Philadelphia Phillies,7,27.62820024,2025-05-20T11:06Z,Colorado Rockies,4,-275,-275,-270,225,225,220,False,ESPN BET,1,100,9,,,2.5,Final,11.5,-120
KC,2025-05-21T01:45Z,401695634,SF,2025,Kansas City Royals,2,69.26596953,2025-05-20T11:06Z,San Francisco Giants,3,115,115,110,-135,-135,-130,False,ESPN BET,1,-120,9,,,-1.5,Final,7.5,100
LAA,2025-05-21T02:05Z,401764541,ATH,2025,Los Angeles Angels,7,55.18575658,2025-05-20T11:05Z,Athletics,5,145,145,125,-175,-175,-150,False,ESPN BET,1,-110,9,,,-1.5,Final,10.5,-110
ARI,2025-05-21T02:10Z,401695633,LAD,2025,Arizona Diamondbacks,3,73.44661689,2025-05-20T11:06Z,Los Angeles Dodgers,4,195,195,185,-235,-235,-225,False,ESPN BET,1,-130,10,,,-1.5,Final/10,8.5,110
CIN,2025-05-21T16:35Z,401695637,PIT,2025,Cincinnati Reds,1,46.64334095,2025-05-21T11:05Z,Pittsburgh Pirates,3,-125,-125,-125,105,105,105,False,ESPN BET,1,-130,9,,,1.5,Final,7.5,110
CHC,2025-05-21T17:10Z,401695636,MIA,2025,Chicago Cubs,2,38.39554635,2025-05-21T11:05Z,Miami Marlins,1,-145,-145,-135,120,120,115,False,ESPN BET,1,105,9,,,1.5,Final,9.5,-125
HOU,2025-05-21T17:10Z,401695638,TB,2025,Houston Astros,4,37.36243458,2025-05-21T11:05Z,Tampa Bay Rays,8,-165,-165,-145,140,140,120,False,ESPN BET,1,-110,9,,,1.5,Final,8.5,-110
BAL,2025-05-21T17:10Z,401695642,MIL,2025,Baltimore Orioles,8,58.512211140000005,2025-05-21T11:05Z,Milwaukee Brewers,4,-105,-105,110,-115,-115,-130,False,ESPN BET,1,-110,11,,,1.5,Final/11,8.5,-110
DET,2025-05-21T17:15Z,401695644,STL,2025,Detroit Tigers,5,48.352070139999995,2025-05-21T11:05Z,St. Louis Cardinals,1,-105,100,-105,-125,-120,-115,False,ESPN BET,1,-115,9,,,1.5,Final,8.5,-105
SEA,2025-05-21T18:10Z,401695645,CHW,2025,Seattle Mariners,6,45.15368076,2025-05-21T11:05Z,Chicago White Sox,5,-155,-155,-150,130,130,125,False,ESPN BET,1,-110,9,,,1.5,Final,8.5,-110
KC,2025-05-21T19:45Z,401695649,SF,2025,Kansas City Royals,8,69.42601481,2025-05-21T11:05Z,San Francisco Giants,4,165,165,165,-200,-200,-200,False,ESPN BET,1,-105,9,,,-1.5,Final,7.5,-115
CLE,2025-05-21T19:55Z,401695643,MIN,2025,Cleveland Guardians,5,58.04759415,2025-05-21T11:05Z,Minnesota Twins,1,105,105,130,-125,-125,-155,False,ESPN BET,1,-105,9,,,-1.5,Final,7.5,-115
NYM,2025-05-21T22:45Z,401695639,BOS,2025,New York Mets,5,66.42711245000001,2025-05-21T11:05Z,Boston Red Sox,1,130,130,135,-155,-155,-160,False,ESPN BET,1,105,9,,,-1.5,Final,7.5,-125
TEX,2025-05-21T23:05Z,401695641,NYY,2025,Texas Rangers,3,57.71774091,2025-05-21T11:05Z,New York Yankees,4,-105,-105,-105,-115,-115,-115,False,ESPN BET,1,100,9,,,1.5,Final,7.5,-120
SD,2025-05-21T23:07Z,401695640,TOR,2025,San Diego Padres,0,50.45076194,2025-05-21T11:05Z,Toronto Blue Jays,14,135,135,130,-160,-160,-155,False,ESPN BET,1,-125,9,,,-1.5,Final,8.5,105
PHI,2025-05-22T00:40Z,401695646,COL,2025,Philadelphia Phillies,9,44.32796107,2025-05-21T11:05Z,Colorado Rockies,5,-200,-185,-235,150,155,195,False,ESPN BET,1,-105,9,,,2.5,Final,11.5,-115
LAA,2025-05-22T02:05Z,401764542,ATH,2025,Los Angeles Angels,10,53.32100560000001,2025-05-21T11:05Z,Athletics,5,130,130,140,-155,-155,-165,False,ESPN BET,1,100,9,,,-1.5,Final,10.5,-120
ARI,2025-05-22T02:10Z,401695648,LAD,2025,Arizona Diamondbacks,1,57.3726214,2025-05-21T11:05Z,Los Angeles Dodgers,3,125,125,115,-150,-150,-135,False,ESPN BET,1,105,9,,,-1.5,Final,9.5,-125
TEX,2025-05-22T16:35Z,401695655,NYY,2025,Texas Rangers,0,63.15042887,2025-05-22T11:05Z,New York Yankees,1,135,135,135,-160,-160,-160,False,ESPN BET,1,-120,9,,,-1.5,Final,6.5,100
SD,2025-05-22T17:07Z,401695654,TOR,2025,San Diego Padres,6,46.552709799999995,2025-05-22T11:05Z,Toronto Blue Jays,7,-120,-120,-110,100,100,-110,False,ESPN BET,1,-125,11,,,1.5,Final/11,8.5,105
PHI,2025-05-22T19:10Z,401695657,COL,2025,Philadelphia Phillies,2,27.506167450000003,2025-05-22T11:05Z,Colorado Rockies,0,-250,-250,-270,205,205,220,False,ESPN BET,1,100,9,,,2.5,Final,11.5,-120
LAA,2025-05-22T19:35Z,401764543,ATH,2025,Los Angeles Angels,10,47.84968609,2025-05-22T11:05Z,Athletics,5,110,110,130,-130,-130,-155,False,ESPN BET,1,100,9,,,-1.5,Final,10.5,-120
CLE,2025-05-22T22:40Z,401695652,DET,2025,Cleveland Guardians,7,61.82155192,2025-05-22T11:05Z,Detroit Tigers,0,100,100,130,-120,-120,-155,False,ESPN BET,1,-120,9,,,1.5,Final,7.5,100
MIL,2025-05-22T22:40Z,401695653,PIT,2025,Milwaukee Brewers,8,37.69688067,2025-05-22T11:05Z,Pittsburgh Pirates,5,-120,-120,-125,100,100,105,False,ESPN BET,1,-120,9,,,1.5,Final,8.5,100
ATL,2025-05-22T22:45Z,401695650,WSH,2025,Atlanta Braves,7,45.104908519999995,2025-05-22T11:05Z,Washington Nationals,8,-165,-165,-160,140,140,135,False,ESPN BET,1,-115,10,,,1.5,Final/10,8.5,-105
SEA,2025-05-23T00:10Z,401695656,HOU,2025,Seattle Mariners,2,44.93633404,2025-05-22T11:05Z,Houston Astros,9,-130,-130,-135,110,110,115,False,ESPN BET,1,105,9,,,1.5,Final,8.5,-125
BAL,2025-05-23T17:35Z,401776556,BOS,2025,Baltimore Orioles,5,64.49385747000001,2025-05-23T11:05Z,Boston Red Sox,19,110,110,110,-130,-130,-130,False,ESPN BET,1,105,9,,,-1.5,Final,9.5,-125
CHC,2025-05-23T22:40Z,401695660,CIN,2025,Chicago Cubs,13,47.79893843,2025-05-23T11:05Z,Cincinnati Reds,6,-110,-110,-115,-110,-110,-105,False,ESPN BET,1,-105,9,,,1.5,Final,8.5,-115
MIL,2025-05-23T22:40Z,401695663,PIT,2025,Milwaukee Brewers,5,52.62043755,2025-05-23T11:05Z,Pittsburgh Pirates,6,100,100,115,-120,-120,-135,False,ESPN BET,1,-130,10,,,1.5,Final/10,6.5,110
SF,2025-05-23T22:45Z,401695665,WSH,2025,San Francisco Giants,4,50.71977474,2025-05-23T11:05Z,Washington Nationals,0,-105,-105,-110,-115,-115,-110,False,ESPN BET,1,-115,9,,,1.5,Final,7.5,-105
TOR,2025-05-23T23:05Z,401695666,TB,2025,Toronto Blue Jays,1,62.231863860000004,2025-05-23T11:05Z,Tampa Bay Rays,3,120,120,125,-145,-145,-150,False,ESPN BET,1,-120,9,,,-1.5,Final,8.5,100
CLE,2025-05-23T23:10Z,401695661,DET,2025,Cleveland Guardians,3,65.61437578,2025-05-23T11:05Z,Detroit Tigers,1,-105,100,115,-115,-120,-135,False,ESPN BET,1,-105,9,,,1.5,Final,8.5,-115
LAD,2025-05-23T23:10Z,401695662,NYM,2025,Los Angeles Dodgers,7,46.93530665,2025-05-23T11:05Z,New York Mets,5,100,100,-120,-120,-120,100,False,ESPN BET,1,-125,13,,,1.5,Final/13,8.5,105
SD,2025-05-23T23:15Z,401695664,ATL,2025,San Diego Padres,2,62.912166039999995,2025-05-23T11:05Z,Atlanta Braves,1,155,155,125,-185,-185,-150,False,ESPN BET,1,-125,9,,,-1.5,Final,7.5,105
TEX,2025-05-23T23:40Z,401695670,CHW,2025,Texas Rangers,1,44.51998967,2025-05-23T11:05Z,Chicago White Sox,4,-190,-190,-180,160,160,150,False,ESPN BET,1,-110,9,,,1.5,Final,7.5,-110
KC,2025-05-24T00:10Z,401695668,MIN,2025,Kansas City Royals,1,68.54237617,2025-05-23T11:05Z,Minnesota Twins,3,150,150,140,-180,-180,-165,False,ESPN BET,1,-115,9,,,-1.5,Final,7.5,-105
SEA,2025-05-24T00:10Z,401695669,HOU,2025,Seattle Mariners,5,60.7977679,2025-05-23T11:05Z,Houston Astros,3,100,-105,105,-120,-115,-125,False,ESPN BET,1,-120,9,,,1.5,Final,8.5,100
ARI,2025-05-24T00:15Z,401695667,STL,2025,Arizona Diamondbacks,3,56.13823509,2025-05-23T11:05Z,St. Louis Cardinals,4,-115,-115,-120,-105,-105,100,False,ESPN BET,1,105,9,,,1.5,Final,8.5,-125
NYY,2025-05-24T00:40Z,401695671,COL,2025,New York Yankees,2,26.691903769999996,2025-05-23T11:05Z,Colorado Rockies,3,-265,-265,-300,215,215,240,False,ESPN BET,1,-105,9,,,2.5,Final,11.5,-115
MIA,2025-05-24T01:38Z,401695672,LAA,2025,Miami Marlins,4,69.07234075999999,2025-05-23T11:05Z,Los Angeles Angels,7,130,135,130,-155,-160,-155,False,ESPN BET,1,-105,9,,,-1.5,Final,8.5,-115
PHI,2025-05-24T02:05Z,401764544,ATH,2025,Philadelphia Phillies,4,33.80930315,2025-05-23T11:05Z,Athletics,3,-205,-205,-180,170,170,150,False,ESPN BET,1,-105,9,,,1.5,Final,9.5,-115
BAL,2025-05-24T17:05Z,401776520,BOS,2025,Baltimore Orioles,5,62.930321580000005,2025-05-24T11:06Z,Boston Red Sox,6,-110,-110,-105,-110,-110,-115,False,ESPN BET,1,110,10,,,1.5,Final/10,9.5,-130
KC,2025-05-24T18:10Z,401695683,MIN,2025,Kansas City Royals,4,51.52969925000001,2025-05-24T11:06Z,Minnesota Twins,5,105,105,105,-125,-125,-125,False,ESPN BET,1,-110,9,,,-1.5,Final,7.5,-110
ARI,2025-05-24T18:15Z,401695682,STL,2025,Arizona Diamondbacks,5,57.40220239,2025-05-24T11:06Z,St. Louis Cardinals,6,-105,-105,100,-115,-115,-120,False,ESPN BET,1,-105,9,,,1.5,Final,7.5,-115
MIL,2025-05-24T20:05Z,401695678,PIT,2025,Milwaukee Brewers,1,50.741811989999995,2025-05-24T11:06Z,Pittsburgh Pirates,2,-110,-110,-105,-110,-110,-115,False,ESPN BET,1,-120,9,,,1.5,Final,8.5,100
SF,2025-05-24T20:05Z,401695680,WSH,2025,San Francisco Giants,0,48.59556592,2025-05-24T11:06Z,Washington Nationals,3,-155,-155,-145,130,130,120,False,ESPN BET,1,-105,9,,,1.5,Final,8.5,-115
CHC,2025-05-24T20:10Z,401695675,CIN,2025,Chicago Cubs,4,44.95504236,2025-05-24T11:06Z,Cincinnati Reds,6,-115,-115,-125,-105,-105,105,False,ESPN BET,1,105,9,,,1.5,Final,9.5,-125
SD,2025-05-24T20:10Z,401695679,ATL,2025,San Diego Padres,1,52.202222649999996,2025-05-24T11:06Z,Atlanta Braves,7,130,130,-125,-155,-155,105,False,ESPN BET,1,110,9,,,-1.5,Final,9.5,-130
SEA,2025-05-24T20:10Z,401695684,HOU,2025,Seattle Mariners,1,52.07595587,2025-05-24T11:06Z,Houston Astros,2,-115,-115,105,-105,-105,-125,False,ESPN BET,1,110,9,,,1.5,Final,7.5,-130
TEX,2025-05-24T20:10Z,401695685,CHW,2025,Texas Rangers,5,54.70174117,2025-05-24T11:06Z,Chicago White Sox,10,-165,-165,-185,140,140,155,False,ESPN BET,1,-105,9,,,1.5,Final,8.5,-115
NYY,2025-05-24T20:10Z,401695686,COL,2025,New York Yankees,13,21.75471611,2025-05-24T11:06Z,Colorado Rockies,1,-335,-335,-325,265,265,260,False,ESPN BET,1,-105,9,,,3.5,Final,10.5,-115
BAL,2025-05-24T22:35Z,401695674,BOS,2025,Baltimore Orioles,2,64.64015633,2025-05-24T11:06Z,Boston Red Sox,1,110,110,110,-130,-130,-130,False,ESPN BET,1,-130,9,,,-1.5,Final,8.5,110
TOR,2025-05-24T23:05Z,401695681,TB,2025,Toronto Blue Jays,1,51.518183640000004,2025-05-24T11:06Z,Tampa Bay Rays,3,-105,-105,100,-115,-115,-120,False,ESPN BET,1,100,9,,,1.5,Final,8.5,-120
CLE,2025-05-24T23:15Z,401695676,DET,2025,Cleveland Guardians,7,65.99404087,2025-05-24T11:06Z,Detroit Tigers,5,125,125,125,-150,-150,-150,False,ESPN BET,1,105,10,,,-1.5,Final/10,8.5,-125
LAD,2025-05-24T23:15Z,401695677,NYM,2025,Los Angeles Dodgers,2,50.129051520000004,2025-05-24T11:06Z,New York Mets,5,100,100,-105,-120,-120,-115,False,ESPN BET,1,-110,9,,,1.5,Final,8.5,-110
PHI,2025-05-25T02:05Z,401764545,ATH,2025,Philadelphia Phillies,9,37.20137138,2025-05-24T11:06Z,Athletics,6,-165,-165,-180,140,140,150,False,ESPN BET,1,105,11,,,1.5,Final/11,10.5,-125
MIA,2025-05-25T02:07Z,401695687,LAA,2025,Miami Marlins,6,67.64677008,2025-05-24T11:06Z,Los Angeles Angels,2,180,180,145,-215,-215,-175,False,ESPN BET,1,-120,9,,,-1.5,Final,8.5,100
CLE,2025-05-25T15:35Z,401695691,DET,2025,Cleveland Guardians,0,75.77237095,2025-05-25T11:05Z,Detroit Tigers,5,250,250,195,-310,-310,-235,False,ESPN BET,1,-125,9,,,-1.5,Final,6.5,105
BAL,2025-05-25T17:35Z,401695689,BOS,2025,Baltimore Orioles,5,62.95532063,2025-05-25T11:05Z,Boston Red Sox,1,115,115,110,-135,-135,-130,False,ESPN BET,1,-130,9,,,-1.5,Final,8.5,110
MIL,2025-05-25T17:35Z,401695693,PIT,2025,Milwaukee Brewers,6,44.402620459999994,2025-05-25T11:05Z,Pittsburgh Pirates,5,-155,-155,-115,130,130,-105,False,ESPN BET,1,105,9,,,1.5,Final,8.5,-125
SF,2025-05-25T17:35Z,401695695,WSH,2025,San Francisco Giants,3,37.141517359999995,2025-05-25T11:05Z,Washington Nationals,2,-150,-150,-155,125,125,130,False,ESPN BET,1,-115,9,,,1.5,Final,7.5,-105
CHC,2025-05-25T17:40Z,401695690,CIN,2025,Chicago Cubs,11,49.63938619,2025-05-25T11:05Z,Cincinnati Reds,8,-135,-135,-110,115,115,-110,False,ESPN BET,1,-115,9,,,1.5,Final,8.5,-105
TOR,2025-05-25T17:40Z,401695696,TB,2025,Toronto Blue Jays,0,50.56608372,2025-05-25T11:05Z,Tampa Bay Rays,13,-110,-110,105,-110,-110,-125,False,ESPN BET,1,-125,9,,,1.5,Final,8.5,105
KC,2025-05-25T18:10Z,401695698,MIN,2025,Kansas City Royals,2,54.50770298,2025-05-25T11:05Z,Minnesota Twins,1,-105,-105,105,-115,-115,-125,False,ESPN BET,1,-120,10,,,1.5,Final/10,7.5,100
SEA,2025-05-25T18:10Z,401695699,HOU,2025,Seattle Mariners,3,47.54222869,2025-05-25T11:05Z,Houston Astros,5,-150,-150,-130,125,125,110,False,ESPN BET,1,-105,9,,,1.5,Final,8.5,-115
TEX,2025-05-25T18:10Z,401695700,CHW,2025,Texas Rangers,5,53.75181833,2025-05-25T11:05Z,Chicago White Sox,4,-120,-120,-150,100,100,125,False,ESPN BET,1,105,9,,,1.5,Final,8.5,-125
ARI,2025-05-25T18:15Z,401695697,STL,2025,Arizona Diamondbacks,3,59.009766799999994,2025-05-25T11:05Z,St. Louis Cardinals,4,105,105,105,-125,-125,-125,False,ESPN BET,1,105,9,,,-1.5,Final,7.5,-125
NYY,2025-05-25T19:10Z,401695701,COL,2025,New York Yankees,5,27.92527202,2025-05-25T11:05Z,Colorado Rockies,4,-285,-285,-290,230,230,235,False,ESPN BET,1,-115,9,,,2.5,Final,10.5,-105
PHI,2025-05-25T20:05Z,401764546,ATH,2025,Philadelphia Phillies,4,33.09393134,2025-05-25T11:05Z,Athletics,5,-200,-200,-185,165,165,155,False,ESPN BET,1,-125,9,,,1.5,Final,9.5,105
MIA,2025-05-25T20:07Z,401695702,LAA,2025,Miami Marlins,3,53.26349395,2025-05-25T11:05Z,Los Angeles Angels,0,-105,-105,120,-115,-115,-145,False,ESPN BET,1,-135,9,,,1.5,Final,8.5,115
SD,2025-05-25T20:10Z,401695694,ATL,2025,San Diego Padres,5,60.41324237,2025-05-25T11:05Z,Atlanta Braves,3,125,125,125,-150,-150,-150,False,ESPN BET,1,-125,9,,,-1.5,Final,7.5,105
LAD,2025-05-25T23:00Z,401695692,NYM,2025,Los Angeles Dodgers,1,54.35841306,2025-05-25T11:05Z,New York Mets,3,-105,-105,115,-115,-115,-135,False,ESPN BET,1,-115,9,,,1.5,Final,8.5,-105
SF,2025-05-26T17:10Z,401695706,DET,2025,San Francisco Giants,1,49.62426573,2025-05-26T11:05Z,Detroit Tigers,3,-105,-105,-110,-115,-115,-110,False,ESPN BET,1,-110,9,,,1.5,Final,8.5,-110
BOS,2025-05-26T18:10Z,401695708,MIL,2025,Boston Red Sox,2,39.70073247,2025-05-26T11:05Z,Milwaukee Brewers,3,-165,-165,-160,140,140,135,False,ESPN BET,1,110,9,,,1.5,Final,7.5,-130
COL,2025-05-26T18:20Z,401695710,CHC,2025,Colorado Rockies,1,80.38324323,2025-05-26T11:05Z,Chicago Cubs,3,270,270,265,-350,-350,-335,False,ESPN BET,1,110,9,,,-1.5,Final,7.5,-130
STL,2025-05-26T19:05Z,401695707,BAL,2025,St. Louis Cardinals,2,37.569670640000005,2025-05-26T11:05Z,Baltimore Orioles,5,-115,-115,-115,-105,-105,-105,False,ESPN BET,1,-120,9,,,1.5,Final,8.5,100
TOR,2025-05-26T20:05Z,401695712,TEX,2025,Toronto Blue Jays,2,62.135038529999996,2025-05-26T11:05Z,Texas Rangers,1,120,120,130,-145,-145,-155,False,ESPN BET,1,-130,9,,,-1.5,Final,6.5,110
CHW,2025-05-26T20:10Z,401695704,NYM,2025,Chicago White Sox,1,76.95744601,2025-05-26T11:05Z,New York Mets,2,230,230,260,-285,-285,-325,False,ESPN BET,1,105,9,,,-1.5,Final,8.5,-125
CIN,2025-05-26T20:10Z,401695709,KC,2025,Cincinnati Reds,7,39.34374288,2025-05-26T11:05Z,Kansas City Royals,4,100,100,100,-120,-120,-120,False,ESPN BET,1,-115,9,,,1.5,Final,7.5,-105
LAD,2025-05-26T22:10Z,401695705,CLE,2025,Los Angeles Dodgers,7,32.88009788,2025-05-26T11:05Z,Cleveland Guardians,2,-180,-180,-185,150,150,155,False,ESPN BET,1,100,9,,,1.5,Final,7.5,-120
MIN,2025-05-26T23:05Z,401695711,TB,2025,Minnesota Twins,2,52.7811943,2025-05-26T11:05Z,Tampa Bay Rays,7,105,100,105,-125,-120,-125,False,ESPN BET,1,-145,9,,,-1.5,Final,8.5,115
PIT,2025-05-27T00:10Z,401695715,ARI,2025,Pittsburgh Pirates,0,62.98304179,2025-05-26T11:05Z,Arizona Diamondbacks,5,160,160,150,-190,-190,-180,False,ESPN BET,1,105,9,,,-1.5,Final,9.5,-125
MIA,2025-05-27T00:40Z,401695713,SD,2025,Miami Marlins,3,58.33037797,2025-05-26T11:05Z,San Diego Padres,4,135,135,120,-160,-160,-145,False,ESPN BET,1,-120,11,,,-1.5,Final/11,7.5,100
NYY,2025-05-27T01:38Z,401695714,LAA,2025,New York Yankees,5,38.40943184,2025-05-26T11:05Z,Los Angeles Angels,1,-180,-180,-165,150,150,140,False,ESPN BET,1,-125,9,,,1.5,Final,9.5,105
LAD,2025-05-27T22:10Z,401695718,CLE,2025,Los Angeles Dodgers,9,46.61605025,2025-05-27T11:06Z,Cleveland Guardians,5,-135,-135,-130,115,115,110,False,ESPN BET,1,-130,9,,,1.5,Final,8.5,110
STL,2025-05-27T22:35Z,401695720,BAL,2025,St. Louis Cardinals,7,49.4631841,2025-05-27T11:06Z,Baltimore Orioles,4,-120,-120,100,100,100,-120,False,ESPN BET,1,-110,9,,,1.5,Final,8.5,-110
SF,2025-05-27T22:40Z,401695719,DET,2025,San Francisco Giants,1,51.84188837,2025-05-27T11:06Z,Detroit Tigers,3,-115,-115,-120,-105,-105,100,False,ESPN BET,1,105,9,,,1.5,Final,7.5,-125
ATL,2025-05-27T22:45Z,401695716,PHI,2025,Atlanta Braves,0,62.692590599999996,2025-05-27T11:06Z,Philadelphia Phillies,2,-105,-105,100,-115,-115,-120,False,ESPN BET,1,-130,9,,,1.5,Final,8.5,110
MIN,2025-05-27T23:05Z,401695725,TB,2025,Minnesota Twins,4,44.5648253,2025-05-27T11:06Z,Tampa Bay Rays,2,-120,-120,-130,100,100,110,False,ESPN BET,1,-105,9,,,1.5,Final,8.5,-115
CHW,2025-05-27T23:10Z,401695717,NYM,2025,Chicago White Sox,4,70.77655665,2025-05-27T11:06Z,New York Mets,6,235,235,210,-290,-290,-255,False,ESPN BET,1,105,9,,,-1.5,Final,8.5,-125
BOS,2025-05-27T23:40Z,401695721,MIL,2025,Boston Red Sox,1,45.43777322,2025-05-27T11:06Z,Milwaukee Brewers,5,-105,-105,105,-115,-115,-125,False,ESPN BET,1,-105,10,,,1.5,Final/10,8.5,-115
CIN,2025-05-27T23:40Z,401695722,KC,2025,Cincinnati Reds,7,49.7145928,2025-05-27T11:06Z,Kansas City Royals,2,105,105,-115,-125,-125,-105,False,ESPN BET,1,-125,9,,,-1.5,Final,7.5,105
COL,2025-05-28T00:05Z,401695723,CHC,2025,Colorado Rockies,3,81.93908513,2025-05-27T11:06Z,Chicago Cubs,4,265,265,240,-335,-335,-300,False,ESPN BET,1,110,11,,,-1.5,Final/11,7.5,-130
TOR,2025-05-28T00:05Z,401695726,TEX,2025,Toronto Blue Jays,0,65.93890343,2025-05-27T11:06Z,Texas Rangers,2,125,125,140,-150,-150,-165,False,ESPN BET,1,-115,9,,,-1.5,Final,7.5,-105
ATH,2025-05-28T00:10Z,401695724,HOU,2025,Athletics,1,72.55995612,2025-05-27T11:06Z,Houston Astros,11,170,170,170,-205,-205,-205,False,ESPN BET,1,105,9,,,-1.5,Final,8.5,-125
NYY,2025-05-28T01:38Z,401695728,LAA,2025,New York Yankees,3,36.7329257,2025-05-27T11:06Z,Los Angeles Angels,2,-215,-215,-185,180,180,155,False,ESPN BET,1,-105,9,,,1.5,Final,8.5,-115
MIA,2025-05-28T01:40Z,401695727,SD,2025,Miami Marlins,6,67.70370867,2025-05-27T11:06Z,San Diego Padres,8,135,135,145,-160,-160,-175,False,ESPN BET,1,-115,9,,,-1.5,Final,7.5,-105
PIT,2025-05-28T01:40Z,401695729,ARI,2025,Pittsburgh Pirates,9,76.28586204999999,2025-05-27T11:06Z,Arizona Diamondbacks,6,225,225,205,-275,-275,-250,False,ESPN BET,1,-120,9,,,-1.5,Final,8.5,100
WSH,2025-05-28T01:40Z,401695730,SEA,2025,Washington Nationals,1,62.91607798,2025-05-27T11:06Z,Seattle Mariners,9,135,135,125,-160,-160,-150,False,ESPN BET,1,-105,9,,,-1.5,Final,8.5,-115
CHW,2025-05-28T17:10Z,401695732,NYM,2025,Chicago White Sox,9,61.91701836,2025-05-28T11:05Z,New York Mets,4,180,180,205,-215,-215,-250,False,ESPN BET,1,-110,9,,,-1.5,Final,7.5,-110
LAD,2025-05-28T17:10Z,401695733,CLE,2025,Los Angeles Dodgers,4,44.17021296,2025-05-28T11:05Z,Cleveland Guardians,7,-175,-175,-155,145,145,130,False,ESPN BET,1,-115,9,,,1.5,Final,8.5,-105
SF,2025-05-28T17:10Z,401695734,DET,2025,San Francisco Giants,3,54.34607698,2025-05-28T11:05Z,Detroit Tigers,4,-110,-110,-105,-110,-110,-115,False,ESPN BET,1,-120,9,,,1.5,Final,7.5,100
BOS,2025-05-28T17:10Z,401695736,MIL,2025,Boston Red Sox,5,59.03438421,2025-05-28T11:05Z,Milwaukee Brewers,6,130,130,130,-155,-155,-155,False,ESPN BET,1,-115,10,,,-1.5,Final/10,7.5,-105
MIN,2025-05-28T17:10Z,401695740,TB,2025,Minnesota Twins,0,56.092334320000006,2025-05-28T11:05Z,Tampa Bay Rays,5,100,100,-105,-120,-120,-115,False,ESPN BET,1,-115,9,,,1.5,Final,7.5,-105
ATH,2025-05-28T18:10Z,401695739,HOU,2025,Athletics,3,60.5885726,2025-05-28T11:05Z,Houston Astros,5,115,115,105,-135,-135,-125,False,ESPN BET,1,100,9,,,-1.5,Final,8.5,-120
PIT,2025-05-28T19:40Z,401695744,ARI,2025,Pittsburgh Pirates,10,53.982250070000006,2025-05-28T11:05Z,Arizona Diamondbacks,1,120,120,105,-145,-145,-125,False,ESPN BET,1,-110,9,,,-1.5,Final,7.5,-110
MIA,2025-05-28T20:10Z,401695742,SD,2025,Miami Marlins,10,66.96111393000001,2025-05-28T11:05Z,San Diego Padres,8,135,135,145,-160,-160,-175,False,ESPN BET,1,-125,9,,,-1.5,Final,8.5,105
STL,2025-05-28T23:05Z,401695735,BAL,2025,St. Louis Cardinals,6,42.30868338,2025-05-28T11:05Z,Baltimore Orioles,4,-115,-115,105,-105,-105,-125,False,ESPN BET,1,-110,9,,,1.5,Final,7.5,-110
CIN,2025-05-28T23:40Z,401695737,KC,2025,Cincinnati Reds,2,39.43265481,2025-05-28T11:05Z,Kansas City Royals,3,-115,-115,-120,-105,-105,100,False,ESPN BET,1,-120,9,,,1.5,Final,7.5,100
COL,2025-05-29T00:05Z,401695738,CHC,2025,Colorado Rockies,1,85.06953200000001,2025-05-28T11:05Z,Chicago Cubs,2,285,285,280,-360,-360,-350,False,ESPN BET,1,-110,9,,,-2.5,Final,7.5,-110
TOR,2025-05-29T00:05Z,401695741,TEX,2025,Toronto Blue Jays,2,61.08787539,2025-05-28T11:05Z,Texas Rangers,0,120,120,135,-145,-145,-160,False,ESPN BET,1,-110,9,,,-1.5,Final,8.5,-110
NYY,2025-05-29T01:38Z,401695743,LAA,2025,New York Yankees,1,45.89549033,2025-05-28T11:05Z,Los Angeles Angels,0,-175,-175,-165,145,145,140,False,ESPN BET,1,-110,9,,,1.5,Final,8.5,-110
WSH,2025-05-29T01:40Z,401695745,SEA,2025,Washington Nationals,9,67.12206524999999,2025-05-28T11:05Z,Seattle Mariners,0,185,185,160,-225,-225,-190,False,ESPN BET,1,-130,9,,,-1.5,Final,7.5,110
ATL,2025-05-29T17:05Z,401777355,PHI,2025,Atlanta Braves,4,61.92125768,2025-05-29T11:05Z,Philadelphia Phillies,5,145,140,135,-175,-165,-160,False,ESPN BET,1,-125,9,,,-1.5,Final,7.5,105
ATL,2025-05-29T22:45Z,401695746,PHI,2025,Atlanta Braves,9,56.018918049999996,2025-05-29T11:05Z,Philadelphia Phillies,3,-125,-125,-115,105,105,-105,False,ESPN BET,1,-105,9,,,1.5,Final,7.5,-115
ATH,2025-05-29T23:07Z,401695747,TOR,2025,Athletics,0,60.12675293,2025-05-29T11:05Z,Toronto Blue Jays,12,135,135,120,-160,-160,-145,False,ESPN BET,1,-120,9,,,-1.5,Final,8.5,100
TB,2025-05-30T00:10Z,401695748,HOU,2025,Tampa Bay Rays,13,56.34962069,2025-05-29T11:05Z,Houston Astros,3,100,100,105,-120,-120,-125,False,ESPN BET,1,100,9,,,1.5,Final,8.5,-120
WSH,2025-05-30T01:40Z,401695749,SEA,2025,Washington Nationals,9,49.88322042,2025-05-29T11:05Z,Seattle Mariners,3,-105,-105,-105,-115,-115,-115,False,ESPN BET,1,-125,10,,,1.5,Final/10,7.5,105
CIN,2025-05-30T18:20Z,401695757,CHC,2025,Cincinnati Reds,6,62.46968062,2025-05-30T11:05Z,Chicago Cubs,2,135,135,145,-160,-160,-175,False,ESPN BET,1,110,9,,,-1.5,Final,9.5,-130
CHW,2025-05-30T20:30Z,401695752,BAL,2025,Chicago White Sox,1,55.23512496000001,2025-05-30T11:05Z,Baltimore Orioles,2,185,185,185,-225,-225,-225,False,ESPN BET,1,105,9,,,-1.5,Final,9.5,-125
MIL,2025-05-30T22:45Z,401695754,PHI,2025,Milwaukee Brewers,6,54.362709720000005,2025-05-30T11:05Z,Philadelphia Phillies,2,100,100,125,-120,-120,-150,False,ESPN BET,1,-115,9,,,1.5,Final,9.5,-105
ATH,2025-05-30T23:07Z,401695755,TOR,2025,Athletics,7,60.48682756,2025-05-30T11:05Z,Toronto Blue Jays,11,150,150,135,-180,-180,-160,False,ESPN BET,1,-105,9,,,-1.5,Final,8.5,-115
LAA,2025-05-30T23:10Z,401695750,CLE,2025,Los Angeles Angels,4,54.120500390000004,2025-05-30T11:05Z,Cleveland Guardians,1,120,120,130,-145,-145,-155,False,ESPN BET,1,-105,9,,,-1.5,Final,8.5,-115
COL,2025-05-30T23:10Z,401695753,NYM,2025,Colorado Rockies,2,79.87009988,2025-05-30T11:05Z,New York Mets,4,250,250,280,-310,-310,-350,False,ESPN BET,1,105,9,,,-2.5,Final,8.5,-125
SF,2025-05-30T23:10Z,401695756,MIA,2025,San Francisco Giants,2,42.078505119999996,2025-05-30T11:05Z,Miami Marlins,0,-165,-165,-180,140,140,150,False,ESPN BET,1,-120,9,,,1.5,Final,8.5,100
BOS,2025-05-30T23:15Z,401695751,ATL,2025,Boston Red Sox,5,63.61447485,2025-05-30T11:05Z,Atlanta Braves,1,140,140,140,-165,-165,-165,False,ESPN BET,1,110,9,,,-1.5,Final,9.5,-130
STL,2025-05-31T00:05Z,401695759,TEX,2025,St. Louis Cardinals,1,37.22787248,2025-05-30T11:05Z,Texas Rangers,11,-130,-130,-130,110,110,110,False,ESPN BET,1,-110,9,,,1.5,Final,8.5,-110
DET,2025-05-31T00:10Z,401695758,KC,2025,Detroit Tigers,7,44.856257129999996,2025-05-30T11:05Z,Kansas City Royals,5,-120,-120,-120,100,100,100,False,ESPN BET,1,100,9,,,1.5,Final,8.5,-120
TB,2025-05-31T00:10Z,401695760,HOU,2025,Tampa Bay Rays,1,57.403653379999994,2025-05-30T11:05Z,Houston Astros,2,130,130,140,-155,-155,-165,False,ESPN BET,1,-105,9,,,-1.5,Final,7.5,-115
PIT,2025-05-31T01:40Z,401695763,SD,2025,Pittsburgh Pirates,2,71.76341228000001,2025-05-30T11:05Z,San Diego Padres,3,160,160,160,-190,-190,-190,False,ESPN BET,1,105,9,,,-1.5,Final,7.5,-125
WSH,2025-05-31T01:40Z,401695764,ARI,2025,Washington Nationals,9,60.710027749999995,2025-05-30T11:05Z,Arizona Diamondbacks,7,195,195,185,-235,-235,-225,False,ESPN BET,1,100,9,,,-1.5,Final,9.5,-120
MIN,2025-05-31T02:10Z,401695761,SEA,2025,Minnesota Twins,12,71.63423994,2025-05-30T11:05Z,Seattle Mariners,6,140,140,130,-165,-165,-155,False,ESPN BET,1,-135,10,,,-1.5,Final/10,6.5,115
NYY,2025-05-31T02:10Z,401695762,LAD,2025,New York Yankees,5,44.16241655,2025-05-30T11:05Z,Los Angeles Dodgers,8,-135,-130,-110,115,110,-110,False,ESPN BET,1,-120,9,,,1.5,Final,8.5,100
CIN,2025-05-31T18:20Z,401695772,CHC,2025,Cincinnati Reds,0,61.692098679999994,2025-05-31T11:06Z,Chicago Cubs,2,150,150,140,-180,-180,-165,False,ESPN BET,1,120,9,,,-1.5,Final,7.5,-145
ATH,2025-05-31T19:07Z,401695770,TOR,2025,Athletics,7,62.97891329000001,2025-05-31T11:06Z,Toronto Blue Jays,8,125,125,130,-150,-150,-155,False,ESPN BET,1,100,9,,,-1.5,Final,9.5,-120
CHW,2025-05-31T20:05Z,401695767,BAL,2025,Chicago White Sox,2,54.27467919,2025-05-31T11:06Z,Baltimore Orioles,4,140,140,155,-165,-165,-185,False,ESPN BET,1,-115,9,,,-1.5,Final,8.5,-105
MIL,2025-05-31T20:05Z,401695769,PHI,2025,Milwaukee Brewers,17,61.39592705,2025-05-31T11:06Z,Philadelphia Phillies,7,155,155,160,-185,-185,-190,False,ESPN BET,1,-125,9,,,-1.5,Final,7.5,105
STL,2025-05-31T20:05Z,401695774,TEX,2025,St. Louis Cardinals,2,41.864244299999996,2025-05-31T11:06Z,Texas Rangers,0,-155,-155,-145,130,130,120,False,ESPN BET,1,-115,9,,,1.5,Final,8.5,-105
LAA,2025-05-31T20:10Z,401695765,CLE,2025,Los Angeles Angels,5,59.48718477,2025-05-31T11:06Z,Cleveland Guardians,7,145,145,155,-175,-175,-185,False,ESPN BET,1,-125,9,,,-1.5,Final,7.5,105
BOS,2025-05-31T20:10Z,401695766,ATL,2025,Boston Red Sox,0,64.5040759,2025-05-31T11:06Z,Atlanta Braves,5,155,155,145,-185,-185,-175,False,ESPN BET,1,-125,9,,,-1.5,Final,8.5,105
COL,2025-05-31T20:10Z,401695768,NYM,2025,Colorado Rockies,2,82.3852029,2025-05-31T11:06Z,New York Mets,8,285,285,350,-360,-360,-450,False,ESPN BET,1,-110,9,,,-2.5,Final,8.5,-110
SF,2025-05-31T20:10Z,401695771,MIA,2025,San Francisco Giants,0,40.28769192,2025-05-31T11:06Z,Miami Marlins,1,-150,-150,-175,125,125,145,False,ESPN BET,1,-120,9,,,1.5,Final,7.5,100
DET,2025-05-31T20:10Z,401695773,KC,2025,Detroit Tigers,0,33.276683,2025-05-31T11:06Z,Kansas City Royals,1,-180,-180,-180,150,150,150,False,ESPN BET,1,-125,9,,,1.5,Final,7.5,105
TB,2025-05-31T20:10Z,401695775,HOU,2025,Tampa Bay Rays,16,50.37090901,2025-05-31T11:06Z,Houston Astros,3,115,115,105,-135,-135,-125,False,ESPN BET,1,-115,9,,,-1.5,Final,8.5,-105
MIN,2025-05-31T23:15Z,401695776,SEA,2025,Minnesota Twins,4,53.90091237,2025-05-31T11:06Z,Seattle Mariners,5,-110,-110,-110,-110,-110,-110,False,ESPN BET,1,110,11,,,1.5,Final/11,7.5,-130
NYY,2025-05-31T23:15Z,401695777,LAD,2025,New York Yankees,2,56.44926391,2025-05-31T11:06Z,Los Angeles Dodgers,18,-125,-125,105,105,105,-125,False,ESPN BET,1,-110,9,,,1.5,Final,9.5,-110
PIT,2025-06-01T01:40Z,401695778,SD,2025,Pittsburgh Pirates,5,70.41361325999999,2025-05-31T11:06Z,San Diego Padres,0,195,195,180,-235,-235,-215,False,ESPN BET,1,-110,9,,,-1.5,Final,7.5,-110
WSH,2025-06-01T02:10Z,401695779,ARI,2025,Washington Nationals,11,66.90286119,2025-05-31T11:06Z,Arizona Diamondbacks,7,150,155,165,-200,-185,-200,False,ESPN BET,1,-110,9,,,-1.5,Final,9.5,-110
STL,2025-06-01T17:05Z,401695789,TEX,2025,St. Louis Cardinals,1,55.36160545,2025-06-01T11:05Z,Texas Rangers,8,135,135,150,-160,-160,-180,False,ESPN BET,1,-105,9,,,-1.5,Final,7.5,-115
BOS,2025-06-01T17:35Z,401695781,ATL,2025,Boston Red Sox,3,39.99064962,2025-06-01T11:05Z,Atlanta Braves,1,-120,-120,-135,100,100,115,False,ESPN BET,1,100,9,,,1.5,Final,8.5,-120
CHW,2025-06-01T17:35Z,401695782,BAL,2025,Chicago White Sox,2,54.935217120000004,2025-06-01T11:05Z,Baltimore Orioles,3,125,125,145,-150,-150,-175,False,ESPN BET,1,-120,9,,,-1.5,Final,8.5,100
MIL,2025-06-01T17:35Z,401695784,PHI,2025,Milwaukee Brewers,5,61.478742419999996,2025-06-01T11:05Z,Philadelphia Phillies,2,140,140,150,-165,-165,-180,False,ESPN BET,1,100,9,,,-1.5,Final,8.5,-120
ATH,2025-06-01T17:37Z,401695785,TOR,2025,Athletics,4,66.41100651,2025-06-01T11:05Z,Toronto Blue Jays,8,205,205,165,-250,-250,-200,False,ESPN BET,1,-125,9,,,-1.5,Final,7.5,105
LAA,2025-06-01T17:40Z,401695780,CLE,2025,Los Angeles Angels,2,62.53937917,2025-06-01T11:05Z,Cleveland Guardians,4,160,160,145,-190,-190,-175,False,ESPN BET,1,-105,9,,,-1.5,Final,8.5,-115
COL,2025-06-01T17:40Z,401695783,NYM,2025,Colorado Rockies,3,81.407156,2025-06-01T11:05Z,New York Mets,5,330,330,300,-425,-425,-385,False,ESPN BET,1,-105,9,,,-2.5,Final,8.5,-115
SF,2025-06-01T17:40Z,401695786,MIA,2025,San Francisco Giants,4,51.61915181,2025-06-01T11:05Z,Miami Marlins,2,-110,-110,-125,-110,-110,105,False,ESPN BET,1,105,9,,,1.5,Final,8.5,-125
DET,2025-06-01T18:10Z,401695788,KC,2025,Detroit Tigers,1,60.135047269999994,2025-06-01T11:05Z,Kansas City Royals,0,140,140,125,-165,-165,-150,False,ESPN BET,1,100,9,,,-1.5,Final,8.5,-120
TB,2025-06-01T18:10Z,401695790,HOU,2025,Tampa Bay Rays,0,61.780177329999994,2025-06-01T11:05Z,Houston Astros,1,140,140,180,-165,-165,-215,False,ESPN BET,1,-115,9,,,-1.5,Final,7.5,-105
CIN,2025-06-01T18:20Z,401695787,CHC,2025,Cincinnati Reds,3,60.818126230000004,2025-06-01T11:05Z,Chicago Cubs,7,140,140,140,-165,-165,-165,False,ESPN BET,1,115,9,,,-1.5,Final,7.5,-135
MIN,2025-06-01T20:10Z,401695791,SEA,2025,Minnesota Twins,1,61.74633629,2025-06-01T11:05Z,Seattle Mariners,2,115,115,115,-135,-135,-135,False,ESPN BET,1,105,9,,,-1.5,Final,7.5,-125
WSH,2025-06-01T20:10Z,401695794,ARI,2025,Washington Nationals,1,66.2048886,2025-06-01T11:05Z,Arizona Diamondbacks,3,185,185,200,-225,-225,-240,False,ESPN BET,1,105,9,,,-1.5,Final,9.5,-125
PIT,2025-06-01T21:10Z,401695793,SD,2025,Pittsburgh Pirates,4,62.964724849999996,2025-06-01T11:05Z,San Diego Padres,6,125,125,125,-150,-150,-150,False,ESPN BET,1,-120,9,,,-1.5,Final,8.5,100
NYY,2025-06-01T23:00Z,401695792,LAD,2025,New York Yankees,7,69.67910724000001,2025-06-01T11:05Z,Los Angeles Dodgers,3,145,145,145,-175,-175,-175,False,ESPN BET,1,-120,9,,,-1.5,Final,8.5,100
COL,2025-06-02T22:40Z,401695796,MIA,2025,Colorado Rockies,6,68.46562673999999,2025-06-02T11:05Z,Miami Marlins,4,165,165,150,-200,-200,-180,False,ESPN BET,1,100,9,,,-1.5,Final,8.5,-120
LAA,2025-06-02T23:10Z,401695795,BOS,2025,Los Angeles Angels,7,61.241876,2025-06-02T11:05Z,Boston Red Sox,6,120,120,135,-145,-145,-160,False,ESPN BET,1,-115,9,,,-1.5,Final,9.5,-105
MIL,2025-06-02T23:10Z,401695797,CIN,2025,Milwaukee Brewers,3,59.92490989,2025-06-02T11:05Z,Cincinnati Reds,2,-105,-105,105,-115,-115,-125,False,ESPN BET,1,-125,9,,,1.5,Final,8.5,105
DET,2025-06-02T23:40Z,401695798,CHW,2025,Detroit Tigers,13,37.196658649999996,2025-06-02T11:05Z,Chicago White Sox,1,-240,-240,-200,200,200,165,False,ESPN BET,1,-115,9,,,2.5,Final,8.5,-105
SD,2025-06-03T01:45Z,401695801,SF,2025,San Diego Padres,1,62.794689049999995,2025-06-02T11:05Z,San Francisco Giants,0,145,145,140,-175,-175,-165,False,ESPN BET,1,110,10,,,-1.5,Final/10,7.5,-130
MIN,2025-06-03T02:05Z,401764547,ATH,2025,Minnesota Twins,10,36.732877359999996,2025-06-02T11:05Z,Athletics,4,-155,-155,-165,130,130,140,False,ESPN BET,1,110,9,,,1.5,Final,9.5,-130
NYM,2025-06-03T02:10Z,401695800,LAD,2025,New York Mets,4,67.86023364,2025-06-02T11:05Z,Los Angeles Dodgers,3,135,135,140,-160,-160,-165,False,ESPN BET,1,-105,10,,,-1.5,Final/10,9.5,-115
COL,2025-06-03T22:40Z,401695806,MIA,2025,Colorado Rockies,3,59.29464308,2025-06-03T11:05Z,Miami Marlins,2,150,150,150,-180,-180,-180,False,ESPN BET,1,-110,9,,,-1.5,Final,8.5,-110
HOU,2025-06-03T22:40Z,401695807,PIT,2025,Houston Astros,3,62.87214746000001,2025-06-03T11:05Z,Pittsburgh Pirates,0,140,140,125,-165,-165,-150,False,ESPN BET,1,115,9,,,-1.5,Final,7.5,-135
CHC,2025-06-03T22:45Z,401695804,WSH,2025,Chicago Cubs,8,42.16036152,2025-06-03T11:05Z,Washington Nationals,3,-145,-145,-150,120,120,125,False,ESPN BET,1,100,9,,,1.5,Final,9.5,-120
CLE,2025-06-03T23:05Z,401695805,NYY,2025,Cleveland Guardians,2,66.95122654,2025-06-03T11:05Z,New York Yankees,3,175,175,150,-210,-210,-180,False,ESPN BET,1,-120,9,,,-1.5,Final,7.5,100
PHI,2025-06-03T23:07Z,401695809,TOR,2025,Philadelphia Phillies,8,44.65798572,2025-06-03T11:05Z,Toronto Blue Jays,3,-135,-135,-165,115,115,140,False,ESPN BET,1,-125,9,,,1.5,Final,8.5,105
LAA,2025-06-03T23:10Z,401695802,BOS,2025,Los Angeles Angels,4,55.2261354,2025-06-03T11:05Z,Boston Red Sox,3,125,125,125,-150,-150,-150,False,ESPN BET,1,-105,10,,,-1.5,Final/10,9.5,-115
MIL,2025-06-03T23:10Z,401695808,CIN,2025,Milwaukee Brewers,2,58.21917502,2025-06-03T11:05Z,Cincinnati Reds,4,115,115,-105,-135,-135,-115,False,ESPN BET,1,100,9,,,-1.5,Final,8.5,-120
ARI,2025-06-03T23:15Z,401695803,ATL,2025,Arizona Diamondbacks,8,54.513774240000004,2025-06-03T11:05Z,Atlanta Braves,3,140,140,135,-165,-165,-160,False,ESPN BET,1,-115,9,,,-1.5,Final,8.5,-105
TEX,2025-06-03T23:35Z,401695810,TB,2025,Texas Rangers,1,62.57251382,2025-06-03T11:05Z,Tampa Bay Rays,5,125,125,115,-150,-150,-135,False,ESPN BET,1,105,9,,,-1.5,Final,7.5,-125
DET,2025-06-03T23:40Z,401695811,CHW,2025,Detroit Tigers,1,36.04546024,2025-06-03T11:05Z,Chicago White Sox,8,-160,-160,-160,135,135,135,False,ESPN BET,1,-105,9,,,1.5,Final,8.5,-115
KC,2025-06-03T23:45Z,401695812,STL,2025,Kansas City Royals,10,69.01967465,2025-06-03T11:05Z,St. Louis Cardinals,7,125,125,125,-150,-150,-150,False,ESPN BET,1,-130,9,,,-1.5,Final,8.5,110
BAL,2025-06-04T01:40Z,401695813,SEA,2025,Baltimore Orioles,5,60.07079071,2025-06-03T11:05Z,Seattle Mariners,1,125,125,140,-150,-150,-165,False,ESPN BET,1,-110,9,,,-1.5,Final,7.5,-110
SD,2025-06-04T01:45Z,401695816,SF,2025,San Diego Padres,3,58.41169900999999,2025-06-03T11:05Z,San Francisco Giants,2,130,130,130,-155,-155,-155,False,ESPN BET,1,-120,10,,,-1.5,Final/10,7.5,100
MIN,2025-06-04T02:05Z,401764548,ATH,2025,Minnesota Twins,10,30.929150290000003,2025-06-03T11:05Z,Athletics,3,-205,-205,-190,170,170,160,False,ESPN BET,1,-115,9,,,1.5,Final,9.5,-105
NYM,2025-06-04T02:10Z,401695815,LAD,2025,New York Mets,5,61.66530859,2025-06-03T11:05Z,Los Angeles Dodgers,6,125,125,130,-150,-150,-155,False,ESPN BET,1,105,10,,,-1.5,Final/10,9.5,-125
COL,2025-06-04T16:10Z,401695821,MIA,2025,Colorado Rockies,3,61.06568623999999,2025-06-04T11:05Z,Miami Marlins,2,120,125,115,-150,-150,-135,False,ESPN BET,1,100,9,,,-1.5,Final,8.5,-120
MIL,2025-06-04T16:40Z,401695823,CIN,2025,Milwaukee Brewers,9,60.958574139999996,2025-06-04T11:05Z,Cincinnati Reds,1,110,110,105,-130,-130,-125,False,ESPN BET,1,-130,9,,,-1.5,Final,8.5,110
LAA,2025-06-04T17:35Z,401695817,BOS,2025,Los Angeles Angels,9,55.29902904,2025-06-04T11:05Z,Boston Red Sox,11,120,120,110,-145,-145,-130,False,ESPN BET,1,-110,9,,,-1.5,Final,10.5,-110
HOU,2025-06-04T22:40Z,401695822,PIT,2025,Houston Astros,0,39.77494128,2025-06-04T11:05Z,Pittsburgh Pirates,3,-125,-125,-135,105,105,115,False,ESPN BET,1,105,9,,,1.5,Final,9.5,-125
CHC,2025-06-04T22:45Z,401695819,WSH,2025,Chicago Cubs,0,38.65557371,2025-06-04T11:05Z,Washington Nationals,2,-135,-135,-145,115,115,120,False,ESPN BET,1,100,9,,,1.5,Final,8.5,-120
CLE,2025-06-04T23:05Z,401695820,NYY,2025,Cleveland Guardians,4,67.71390742,2025-06-04T11:05Z,New York Yankees,0,165,165,155,-200,-200,-185,False,ESPN BET,1,-125,9,,,-1.5,Final,8.5,105
PHI,2025-06-04T23:07Z,401695824,TOR,2025,Philadelphia Phillies,1,51.52712694,2025-06-04T11:05Z,Toronto Blue Jays,2,-110,-110,100,-110,-110,-120,False,ESPN BET,1,105,9,,,1.5,Final,9.5,-125
ARI,2025-06-04T23:15Z,401695818,ATL,2025,Arizona Diamondbacks,2,65.71889102,2025-06-04T11:05Z,Atlanta Braves,1,150,150,150,-180,-180,-180,False,ESPN BET,1,-110,9,,,-1.5,Final,7.5,-110
TEX,2025-06-04T23:35Z,401695825,TB,2025,Texas Rangers,4,60.145135579999994,2025-06-04T11:05Z,Tampa Bay Rays,5,115,115,110,-135,-135,-130,False,ESPN BET,1,-110,9,,,-1.5,Final,8.5,-110
DET,2025-06-04T23:40Z,401695826,CHW,2025,Detroit Tigers,5,46.369562130000006,2025-06-04T11:05Z,Chicago White Sox,4,-200,-200,-190,165,165,160,False,ESPN BET,1,-125,9,,,1.5,Final,7.5,105
BAL,2025-06-05T01:40Z,401695828,SEA,2025,Baltimore Orioles,3,58.71453458,2025-06-04T11:05Z,Seattle Mariners,2,-105,-105,120,-115,-115,-145,False,ESPN BET,1,-115,9,,,1.5,Final,8.5,-105
SD,2025-06-05T01:45Z,401695831,SF,2025,San Diego Padres,5,48.49431645,2025-06-04T11:05Z,San Francisco Giants,6,-115,-115,-110,-105,-105,-110,False,ESPN BET,1,115,9,,,1.5,Final,7.5,-135
MIN,2025-06-05T02:05Z,401764549,ATH,2025,Minnesota Twins,6,48.57769192,2025-06-04T11:05Z,Athletics,1,-175,-175,-135,145,145,115,False,ESPN BET,1,-130,9,,,1.5,Final,9.5,110
NYM,2025-06-05T02:10Z,401695830,LAD,2025,New York Mets,6,64.21871166000001,2025-06-04T11:05Z,Los Angeles Dodgers,1,120,120,125,-145,-145,-150,False,ESPN BET,1,-120,9,,,-1.5,Final,9.5,100
ARI,2025-06-05T16:15Z,401695832,ATL,2025,Arizona Diamondbacks,11,59.87924618,2025-06-05T11:05Z,Atlanta Braves,10,135,135,115,-160,-160,-135,False,ESPN BET,1,115,9,,,-1.5,Final,9.5,-135
KC,2025-06-05T17:45Z,401778098,STL,2025,Kansas City Royals,5,62.23011688,2025-06-05T11:05Z,St. Louis Cardinals,6,110,110,115,-130,-130,-135,False,ESPN BET,1,100,10,,,-1.5,Final/10,8.5,-120
DET,2025-06-05T18:10Z,401695838,CHW,2025,Detroit Tigers,2,41.616306009999995,2025-06-05T11:05Z,Chicago White Sox,3,-200,-200,-215,165,165,180,False,ESPN BET,1,-130,10,,,1.5,Final/10,7.5,110
PHI,2025-06-05T19:07Z,401695836,TOR,2025,Philadelphia Phillies,1,52.21627584,2025-06-05T11:05Z,Toronto Blue Jays,9,-115,-115,-125,-105,-105,105,False,ESPN BET,1,100,9,,,1.5,Final,8.5,-120
MIN,2025-06-05T19:35Z,401764550,ATH,2025,Minnesota Twins,3,32.77934715,2025-06-05T11:05Z,Athletics,14,-200,-200,-165,165,165,140,False,ESPN BET,1,-105,9,,,1.5,Final,9.5,-115
BAL,2025-06-05T19:40Z,401695840,SEA,2025,Baltimore Orioles,4,68.19776601000001,2025-06-05T11:05Z,Seattle Mariners,3,130,130,145,-155,-155,-175,False,ESPN BET,1,100,9,,,-1.5,Final,7.5,-120
SD,2025-06-05T19:45Z,401695843,SF,2025,San Diego Padres,2,59.84954112999999,2025-06-05T11:05Z,San Francisco Giants,3,100,100,105,-120,-120,-125,False,ESPN BET,1,105,9,,,1.5,Final,7.5,-125
NYM,2025-06-05T20:10Z,401695842,LAD,2025,New York Mets,5,57.3753741,2025-06-05T11:05Z,Los Angeles Dodgers,6,100,115,110,-130,-135,-130,False,ESPN BET,1,-115,9,,,-1.5,Final,9.5,-115
HOU,2025-06-05T22:40Z,401695835,PIT,2025,Houston Astros,8,39.115323419999996,2025-06-05T11:05Z,Pittsburgh Pirates,2,-145,-145,-165,120,120,140,False,ESPN BET,1,-105,9,,,1.5,Final,7.5,-115
CHC,2025-06-05T22:45Z,401695833,WSH,2025,Chicago Cubs,7,38.99390272,2025-06-05T11:05Z,Washington Nationals,1,-155,-155,-135,130,130,115,False,ESPN BET,1,-120,9,,,1.5,Final,9.5,100
CLE,2025-06-05T23:05Z,401695834,NYY,2025,Cleveland Guardians,0,77.1794444,2025-06-05T11:05Z,New York Yankees,4,230,230,210,-285,-285,-255,False,ESPN BET,1,-105,9,,,-1.5,Final,8.5,-115
TEX,2025-06-05T23:35Z,401695837,TB,2025,Texas Rangers,3,66.06863566999999,2025-06-05T11:05Z,Tampa Bay Rays,4,110,110,130,-130,-130,-155,False,ESPN BET,1,-120,9,,,-1.5,Final,8.5,100
KC,2025-06-05T23:45Z,401695839,STL,2025,Kansas City Royals,7,65.25499864,2025-06-05T11:05Z,St. Louis Cardinals,5,-105,-105,105,-115,-115,-125,False,ESPN BET,1,105,9,,,1.5,Final,7.5,-125
MIA,2025-06-06T17:10Z,401695848,TB,2025,Miami Marlins,3,61.956940100000004,2025-06-06T11:05Z,Tampa Bay Rays,4,115,120,145,-145,-145,-175,False,ESPN BET,1,-125,9,,,-1.5,Final,8.5,105
PHI,2025-06-06T22:40Z,401695849,PIT,2025,Philadelphia Phillies,4,44.67674083,2025-06-06T11:05Z,Pittsburgh Pirates,5,-120,-130,-145,100,110,120,False,ESPN BET,1,-115,9,,,1.5,Final,8.5,-105
TEX,2025-06-06T22:45Z,401695850,WSH,2025,Texas Rangers,0,50.71915631,2025-06-06T11:05Z,Washington Nationals,2,-115,-120,-130,-105,100,110,False,ESPN BET,1,115,9,,,1.5,Final,9.5,-135
BOS,2025-06-06T23:05Z,401695845,NYY,2025,Boston Red Sox,6,58.69989927,2025-06-06T11:05Z,New York Yankees,9,160,160,145,-190,-190,-175,False,ESPN BET,1,-125,9,,,-1.5,Final,8.5,105
ARI,2025-06-06T23:10Z,401695844,CIN,2025,Arizona Diamondbacks,3,65.846928,2025-06-06T11:05Z,Cincinnati Reds,4,-115,-115,-125,-105,-105,105,False,ESPN BET,1,-105,10,,,1.5,Final/10,9.5,-115
CHC,2025-06-06T23:10Z,401695846,DET,2025,Chicago Cubs,1,61.65614359,2025-06-06T11:05Z,Detroit Tigers,3,160,160,165,-190,-190,-200,False,ESPN BET,1,-145,9,,,-1.5,Final,6.5,120
HOU,2025-06-06T23:10Z,401695847,CLE,2025,Houston Astros,4,49.28940373,2025-06-06T11:05Z,Cleveland Guardians,2,-130,-135,100,110,115,-120,False,ESPN BET,1,-120,9,,,1.5,Final,7.5,100
KC,2025-06-06T23:40Z,401695851,CHW,2025,Kansas City Royals,2,49.59117529,2025-06-06T11:05Z,Chicago White Sox,7,-135,-135,-180,115,115,150,False,ESPN BET,1,105,9,,,1.5,Final,8.5,-125
SD,2025-06-07T00:10Z,401695853,MIL,2025,San Diego Padres,2,60.08748573,2025-06-06T11:05Z,Milwaukee Brewers,0,125,125,130,-150,-150,-155,False,ESPN BET,1,-125,9,,,-1.5,Final,8.5,105
TOR,2025-06-07T00:10Z,401695854,MIN,2025,Toronto Blue Jays,6,60.393516719999994,2025-06-06T11:05Z,Minnesota Twins,4,105,105,135,-125,-125,-160,False,ESPN BET,1,-105,9,,,-1.5,Final,8.5,-115
LAD,2025-06-07T00:15Z,401695852,STL,2025,Los Angeles Dodgers,0,62.08655071,2025-06-06T11:05Z,St. Louis Cardinals,5,-105,-105,-125,-125,-115,105,False,ESPN BET,1,-125,9,,,1.5,Final,8.5,-105
NYM,2025-06-07T00:40Z,401695855,COL,2025,New York Mets,4,25.61822897,2025-06-06T11:05Z,Colorado Rockies,2,-275,-275,-310,225,225,250,False,ESPN BET,1,-120,9,,,2.5,Final,10.5,100
SEA,2025-06-07T01:38Z,401695858,LAA,2025,Seattle Mariners,4,43.59830132,2025-06-06T11:05Z,Los Angeles Angels,5,-130,-120,-155,100,100,130,False,ESPN BET,1,-135,9,,,1.5,Final,8.5,115
BAL,2025-06-07T02:05Z,401764551,ATH,2025,Baltimore Orioles,4,46.42283057,2025-06-06T11:05Z,Athletics,5,-115,-115,-125,-105,-105,105,False,ESPN BET,1,100,9,,,1.5,Final,10.5,-120
ATL,2025-06-07T02:15Z,401695856,SF,2025,Atlanta Braves,4,49.7011507,2025-06-06T11:05Z,San Francisco Giants,5,-150,-150,-135,125,125,115,False,ESPN BET,1,100,10,,,1.5,Final/10,7.5,-120
CHC,2025-06-07T17:10Z,401695861,DET,2025,Chicago Cubs,6,50.40336072,2025-06-07T11:05Z,Detroit Tigers,1,-120,-120,-105,100,100,-115,False,ESPN BET,1,-110,9,,,1.5,Final,8.5,-110
TOR,2025-06-07T18:10Z,401695869,MIN,2025,Toronto Blue Jays,5,55.026122779999994,2025-06-07T11:05Z,Minnesota Twins,4,-105,-105,-105,-115,-115,-115,False,ESPN BET,1,-115,9,,,1.5,Final,7.5,-105
LAD,2025-06-07T18:15Z,401695867,STL,2025,Los Angeles Dodgers,1,38.921439819999996,2025-06-07T11:05Z,St. Louis Cardinals,2,-185,-185,-185,155,155,155,False,ESPN BET,1,100,9,,,1.5,Final,8.5,-120
PHI,2025-06-07T20:05Z,401695864,PIT,2025,Philadelphia Phillies,1,40.25517396,2025-06-07T11:05Z,Pittsburgh Pirates,2,-140,-140,-180,120,120,150,False,ESPN BET,1,100,9,,,1.5,Final,8.5,-120
TEX,2025-06-07T20:05Z,401695865,WSH,2025,Texas Rangers,5,44.9018945,2025-06-07T11:05Z,Washington Nationals,0,-160,-160,-175,135,135,145,False,ESPN BET,1,100,9,,,1.5,Final,8.5,-120
ATL,2025-06-07T20:05Z,401695871,SF,2025,Atlanta Braves,2,66.55079046,2025-06-07T11:05Z,San Francisco Giants,3,120,120,145,-140,-140,-175,False,ESPN BET,1,100,9,,,-1.5,Final,7.5,-120
ARI,2025-06-07T20:10Z,401695859,CIN,2025,Arizona Diamondbacks,1,55.22431579,2025-06-07T11:05Z,Cincinnati Reds,13,-110,-110,-115,-110,-110,-105,False,ESPN BET,1,110,9,,,1.5,Final,9.5,-130
HOU,2025-06-07T20:10Z,401695862,CLE,2025,Houston Astros,5,42.68814839,2025-06-07T11:05Z,Cleveland Guardians,3,-115,-115,-150,-105,-105,125,False,ESPN BET,1,-110,10,,,1.5,Final/10,6.5,-110
MIA,2025-06-07T20:10Z,401695863,TB,2025,Miami Marlins,11,57.336799490000004,2025-06-07T11:05Z,Tampa Bay Rays,10,135,135,135,-160,-160,-160,False,ESPN BET,1,100,10,,,-1.5,Final/10,8.5,-120
KC,2025-06-07T20:10Z,401695866,CHW,2025,Kansas City Royals,1,45.78036986,2025-06-07T11:05Z,Chicago White Sox,4,-135,-135,-160,115,115,135,False,ESPN BET,1,-130,9,,,1.5,Final,7.5,110
BOS,2025-06-07T23:35Z,401695860,NYY,2025,Boston Red Sox,10,48.698455540000005,2025-06-07T11:05Z,New York Yankees,7,-105,-105,-110,-115,-115,-110,False,ESPN BET,1,-105,9,,,1.5,Final,7.5,-115
SD,2025-06-07T23:35Z,401695868,MIL,2025,San Diego Padres,3,54.52413996999999,2025-06-07T11:05Z,Milwaukee Brewers,4,115,115,-105,-135,-135,-115,False,ESPN BET,1,-125,9,,,-1.5,Final,7.5,105
SEA,2025-06-08T01:38Z,401695873,LAA,2025,Seattle Mariners,6,40.31452866,2025-06-07T11:05Z,Los Angeles Angels,8,-175,-175,-165,145,145,140,False,ESPN BET,1,-135,9,,,1.5,Final,8.5,115
NYM,2025-06-08T01:40Z,401695870,COL,2025,New York Mets,8,29.32484126,2025-06-07T11:05Z,Colorado Rockies,1,-270,-270,-275,220,220,225,False,ESPN BET,1,105,9,,,2.5,Final,11.5,-125
BAL,2025-06-08T02:05Z,401764552,ATH,2025,Baltimore Orioles,7,52.95059372000001,2025-06-07T11:05Z,Athletics,4,-125,-125,-125,105,105,105,False,ESPN BET,1,-110,9,,,1.5,Final,10.5,-110
MIA,2025-06-08T16:10Z,401695878,TB,2025,Miami Marlins,2,68.99289938999999,2025-06-08T11:05Z,Tampa Bay Rays,3,160,195,200,-220,-235,-240,False,ESPN BET,1,-115,9,,,-1.5,Final,8.5,-105
SD,2025-06-08T17:05Z,401695883,MIL,2025,San Diego Padres,1,60.99509766,2025-06-08T11:05Z,Milwaukee Brewers,0,145,145,100,-175,-175,-120,False,ESPN BET,1,-110,9,,,-1.5,Final,8.5,-110
PHI,2025-06-08T17:35Z,401695879,PIT,2025,Philadelphia Phillies,1,51.99529949,2025-06-08T11:05Z,Pittsburgh Pirates,2,100,105,-110,-120,-125,-110,False,ESPN BET,1,-120,9,,,1.5,Final,6.5,100
TEX,2025-06-08T17:35Z,401695880,WSH,2025,Texas Rangers,4,56.32244302,2025-06-08T11:05Z,Washington Nationals,2,-125,-125,-150,105,105,125,False,ESPN BET,1,-120,9,,,1.5,Final,8.5,100
ARI,2025-06-08T17:40Z,401695874,CIN,2025,Arizona Diamondbacks,2,55.57852344999999,2025-06-08T11:05Z,Cincinnati Reds,4,-115,-115,-130,-105,-105,110,False,ESPN BET,1,-115,9,,,1.5,Final,9.5,-105
CHC,2025-06-08T17:40Z,401695876,DET,2025,Chicago Cubs,0,51.78151753,2025-06-08T11:05Z,Detroit Tigers,4,100,100,120,-120,-120,-145,False,ESPN BET,1,-105,9,,,1.5,Final,8.5,-115
HOU,2025-06-08T17:40Z,401695877,CLE,2025,Houston Astros,2,55.65119821,2025-06-08T11:05Z,Cleveland Guardians,4,120,120,120,-145,-145,-145,False,ESPN BET,1,100,9,,,-1.5,Final,7.5,-120
KC,2025-06-08T18:10Z,401695881,CHW,2025,Kansas City Royals,7,63.41114947999999,2025-06-08T11:05Z,Chicago White Sox,5,-120,-120,-160,100,100,135,False,ESPN BET,1,115,9,,,1.5,Final,9.5,-135
TOR,2025-06-08T18:10Z,401695884,MIN,2025,Toronto Blue Jays,3,66.25593373999999,2025-06-08T11:05Z,Minnesota Twins,6,145,145,150,-175,-175,-180,False,ESPN BET,1,-125,9,,,-1.5,Final,8.5,105
LAD,2025-06-08T18:15Z,401695882,STL,2025,Los Angeles Dodgers,7,53.494351650000006,2025-06-08T11:05Z,St. Louis Cardinals,3,-135,-135,-160,115,115,135,False,ESPN BET,1,100,9,,,1.5,Final,9.5,-120
NYM,2025-06-08T19:10Z,401695885,COL,2025,New York Mets,13,33.28326787,2025-06-08T11:05Z,Colorado Rockies,5,-285,-285,-265,230,230,215,False,ESPN BET,1,-125,9,,,2.5,Final,10.5,105
ATL,2025-06-08T20:05Z,401695886,SF,2025,Atlanta Braves,3,62.68274466,2025-06-08T11:05Z,San Francisco Giants,4,-120,-120,-120,100,100,100,False,ESPN BET,1,100,9,,,1.5,Final,7.5,-120
BAL,2025-06-08T20:05Z,401764553,ATH,2025,Baltimore Orioles,1,37.149884830000005,2025-06-08T11:05Z,Athletics,5,-115,-115,-150,-105,-105,125,False,ESPN BET,1,-110,9,,,1.5,Final,10.5,-110
SEA,2025-06-08T20:07Z,401695888,LAA,2025,Seattle Mariners,3,49.81985858,2025-06-08T11:05Z,Los Angeles Angels,2,-130,-130,-160,110,110,135,False,ESPN BET,1,105,9,,,1.5,Final,9.5,-125
BOS,2025-06-08T23:00Z,401695875,NYY,2025,Boston Red Sox,11,66.55092314,2025-06-08T11:05Z,New York Yankees,7,200,200,175,-240,-240,-210,False,ESPN BET,1,-120,9,,,-1.5,Final,7.5,100
CIN,2025-06-09T22:40Z,401695890,CLE,2025,Cincinnati Reds,7,60.55317282,2025-06-09T11:05Z,Cleveland Guardians,4,135,135,145,-160,-160,-175,False,ESPN BET,1,-135,9,,,-1.5,Final,8.5,115
MIA,2025-06-09T22:40Z,401695891,PIT,2025,Miami Marlins,3,47.677627810000004,2025-06-09T11:05Z,Pittsburgh Pirates,10,105,105,100,-125,-125,-120,False,ESPN BET,1,-125,9,,,-1.5,Final,7.5,105
CHC,2025-06-09T22:45Z,401695889,PHI,2025,Chicago Cubs,3,47.31327057,2025-06-09T11:05Z,Philadelphia Phillies,4,110,110,130,-130,-130,-155,False,ESPN BET,1,100,11,,,-1.5,Final/11,7.5,-120
TB,2025-06-09T23:10Z,401695892,BOS,2025,Tampa Bay Rays,10,56.36349227,2025-06-09T11:05Z,Boston Red Sox,8,-110,-110,105,-110,-110,-125,False,ESPN BET,1,-110,11,,,1.5,Final/11,8.5,-110
ATL,2025-06-09T23:40Z,401695893,MIL,2025,Atlanta Braves,7,37.813726079999995,2025-06-09T11:05Z,Milwaukee Brewers,1,-175,-175,-190,145,145,160,False,ESPN BET,1,-115,9,,,1.5,Final,7.5,-105
TOR,2025-06-09T23:45Z,401695894,STL,2025,Toronto Blue Jays,5,55.603156139999996,2025-06-09T11:05Z,St. Louis Cardinals,4,105,105,-105,-125,-125,-115,False,ESPN BET,1,-115,10,,,-1.5,Final/10,8.5,-105
ATH,2025-06-10T01:38Z,401695896,LAA,2025,Athletics,4,63.32918729,2025-06-09T11:05Z,Los Angeles Angels,7,110,110,135,-130,-130,-160,False,ESPN BET,1,-125,9,,,-1.5,Final,8.5,105
LAD,2025-06-10T01:40Z,401695895,SD,2025,Los Angeles Dodgers,8,49.2419932,2025-06-09T11:05Z,San Diego Padres,7,-120,-120,-125,100,100,105,False,ESPN BET,1,105,10,,,1.5,Final/10,8.5,-125
SEA,2025-06-10T01:40Z,401695897,ARI,2025,Seattle Mariners,4,63.85095137,2025-06-09T11:05Z,Arizona Diamondbacks,8,130,130,140,-155,-155,-165,False,ESPN BET,1,-105,11,,,-1.5,Final/11,9.5,-115
DET,2025-06-10T22:35Z,401695900,BAL,2025,Detroit Tigers,5,45.06254661,2025-06-10T11:05Z,Baltimore Orioles,3,110,110,105,-130,-130,-125,False,ESPN BET,1,110,9,,,-1.5,Final,9.5,-130
CIN,2025-06-10T22:40Z,401695899,CLE,2025,Cincinnati Reds,1,42.820066249999996,2025-06-10T11:05Z,Cleveland Guardians,0,-105,-105,105,-115,-115,-125,False,ESPN BET,1,-110,9,,,1.5,Final,8.5,-110
MIA,2025-06-10T22:40Z,401695901,PIT,2025,Miami Marlins,3,62.756567770000004,2025-06-10T11:05Z,Pittsburgh Pirates,2,120,120,105,-145,-145,-125,False,ESPN BET,1,105,9,,,-1.5,Final,8.5,-125
CHC,2025-06-10T22:45Z,401695898,PHI,2025,Chicago Cubs,8,47.39627099,2025-06-10T11:05Z,Philadelphia Phillies,4,-110,-110,100,-110,-110,-120,False,ESPN BET,1,-110,9,,,1.5,Final,9.5,-110
TB,2025-06-10T23:10Z,401695902,BOS,2025,Tampa Bay Rays,1,44.90502815,2025-06-10T11:05Z,Boston Red Sox,3,-105,-105,-115,-115,-115,-105,False,ESPN BET,1,-135,9,,,1.5,Final,8.5,115
WSH,2025-06-10T23:10Z,401695903,NYM,2025,Washington Nationals,4,56.914352629999996,2025-06-10T11:05Z,New York Mets,5,125,125,140,-150,-150,-165,False,ESPN BET,1,-120,10,,,-1.5,Final/10,7.5,100
ATL,2025-06-10T23:40Z,401695904,MIL,2025,Atlanta Braves,1,48.16745787,2025-06-10T11:05Z,Milwaukee Brewers,4,-130,-130,-125,110,110,105,False,ESPN BET,1,100,9,,,1.5,Final,8.5,-120
NYY,2025-06-10T23:40Z,401695906,KC,2025,New York Yankees,10,33.5273498,2025-06-10T11:05Z,Kansas City Royals,2,-200,-200,-185,165,165,155,False,ESPN BET,1,-115,9,,,1.5,Final,8.5,-105
TEX,2025-06-10T23:40Z,401695907,MIN,2025,Texas Rangers,16,58.974407750000005,2025-06-10T11:05Z,Minnesota Twins,4,105,105,105,-125,-125,-125,False,ESPN BET,1,-135,9,,,-1.5,Final,8.5,115
TOR,2025-06-10T23:45Z,401695908,STL,2025,Toronto Blue Jays,10,54.99596251,2025-06-10T11:05Z,St. Louis Cardinals,9,100,100,-120,-120,-120,100,False,ESPN BET,1,-125,9,,,1.5,Final,7.5,105
CHW,2025-06-11T00:10Z,401695905,HOU,2025,Chicago White Sox,4,58.85007483,2025-06-10T11:05Z,Houston Astros,2,135,135,160,-160,-160,-190,False,ESPN BET,1,-120,9,,,-1.5,Final,7.5,100
SF,2025-06-11T00:40Z,401695909,COL,2025,San Francisco Giants,6,37.51505221,2025-06-10T11:05Z,Colorado Rockies,5,-200,-200,-235,165,165,195,False,ESPN BET,1,100,9,,,2.5,Final,11.5,-120
ATH,2025-06-11T01:38Z,401695911,LAA,2025,Athletics,1,59.79657988,2025-06-10T11:05Z,Los Angeles Angels,2,145,145,145,-175,-175,-175,False,ESPN BET,1,110,10,,,-1.5,Final/10,9.5,-130
LAD,2025-06-11T01:40Z,401695910,SD,2025,Los Angeles Dodgers,1,45.79112019,2025-06-10T11:05Z,San Diego Padres,11,-110,-110,-110,-110,-110,-110,False,ESPN BET,1,-110,9,,,1.5,Final,8.5,-110
SEA,2025-06-11T01:40Z,401695912,ARI,2025,Seattle Mariners,3,52.27802888000001,2025-06-10T11:05Z,Arizona Diamondbacks,10,120,120,-110,-145,-145,-110,False,ESPN BET,1,-120,9,,,-1.5,Final,9.5,100
MIA,2025-06-11T16:35Z,401695916,PIT,2025,Miami Marlins,2,60.067091070000004,2025-06-11T11:05Z,Pittsburgh Pirates,5,135,135,135,-160,-160,-160,False,ESPN BET,1,-120,9,,,-1.5,Final,8.5,100
CHC,2025-06-11T17:05Z,401695913,PHI,2025,Chicago Cubs,2,44.68070905,2025-06-11T11:05Z,Philadelphia Phillies,7,-105,-105,110,-115,-115,-130,False,ESPN BET,1,-125,9,,,1.5,Final,8.5,105
CIN,2025-06-11T17:10Z,401695914,CLE,2025,Cincinnati Reds,2,39.66953848,2025-06-11T11:05Z,Cleveland Guardians,11,-125,-125,-105,105,105,-115,False,ESPN BET,1,-120,9,,,1.5,Final,8.5,100
ATL,2025-06-11T18:10Z,401695919,MIL,2025,Atlanta Braves,6,50.789097549999994,2025-06-11T11:05Z,Milwaukee Brewers,2,-185,-185,-135,155,155,115,False,ESPN BET,1,-110,9,,,1.5,Final,7.5,-110
TOR,2025-06-11T18:15Z,401695923,STL,2025,Toronto Blue Jays,5,57.185621499999996,2025-06-11T11:05Z,St. Louis Cardinals,2,115,115,135,-135,-135,-160,False,ESPN BET,1,-110,9,,,-1.5,Final,8.5,-110
SEA,2025-06-11T19:40Z,401695927,ARI,2025,Seattle Mariners,2,43.07865762,2025-06-11T11:05Z,Arizona Diamondbacks,5,-105,-105,-110,-115,-115,-110,False,ESPN BET,1,-115,9,,,1.5,Final,8.5,-105
ATH,2025-06-11T20:07Z,401695926,LAA,2025,Athletics,5,55.238034,2025-06-11T11:05Z,Los Angeles Angels,6,125,125,115,-150,-150,-135,False,ESPN BET,1,-110,9,,,-1.5,Final,9.5,-110
LAD,2025-06-11T20:10Z,401695925,SD,2025,Los Angeles Dodgers,5,55.96206804,2025-06-11T11:05Z,San Diego Padres,2,-155,-155,-150,130,130,125,False,ESPN BET,1,-110,9,,,1.5,Final,9.5,-110
DET,2025-06-11T22:35Z,401695915,BAL,2025,Detroit Tigers,1,44.4372944,2025-06-11T11:05Z,Baltimore Orioles,10,115,115,-110,-135,-135,-110,False,ESPN BET,1,-135,9,,,-1.5,Final,8.5,115
TB,2025-06-11T23:10Z,401695917,BOS,2025,Tampa Bay Rays,3,46.38966579,2025-06-11T11:05Z,Boston Red Sox,4,105,105,-110,-125,-125,-110,False,ESPN BET,1,-115,9,,,-1.5,Final,9.5,-105
WSH,2025-06-11T23:10Z,401695918,NYM,2025,Washington Nationals,0,69.61775438,2025-06-11T11:05Z,New York Mets,5,230,230,195,-285,-285,-235,False,ESPN BET,1,-115,9,,,-1.5,Final,8.5,-105
NYY,2025-06-11T23:40Z,401695921,KC,2025,New York Yankees,6,49.42391295,2025-06-11T11:05Z,Kansas City Royals,3,-130,-130,-120,110,110,100,False,ESPN BET,1,-120,9,,,1.5,Final,8.5,100
TEX,2025-06-11T23:40Z,401695922,MIN,2025,Texas Rangers,2,61.71928523,2025-06-11T11:05Z,Minnesota Twins,6,125,125,115,-150,-150,-135,False,ESPN BET,1,100,9,,,-1.5,Final,8.5,-120
CHW,2025-06-12T00:10Z,401695920,HOU,2025,Chicago White Sox,2,59.01015526,2025-06-11T11:05Z,Houston Astros,10,150,150,150,-180,-180,-180,False,ESPN BET,1,-110,9,,,-1.5,Final,8.5,-110
SF,2025-06-12T00:40Z,401695924,COL,2025,San Francisco Giants,10,30.2856225,2025-06-11T11:05Z,Colorado Rockies,7,-200,-200,-240,165,165,200,False,ESPN BET,1,-105,9,,,1.5,Final,10.5,-115
WSH,2025-06-12T17:10Z,401695929,NYM,2025,Washington Nationals,3,73.43787861,2025-06-12T11:05Z,New York Mets,4,160,160,200,-190,-190,-240,False,ESPN BET,1,-115,9,,,-1.5,Final,8.5,-105
TEX,2025-06-12T17:10Z,401695934,MIN,2025,Texas Rangers,16,62.42435985,2025-06-12T11:05Z,Minnesota Twins,3,130,130,140,-155,-155,-165,False,ESPN BET,1,-125,9,,,-1.5,Final,7.5,105
SF,2025-06-12T19:10Z,401695935,COL,2025,San Francisco Giants,7,28.64142503,2025-06-12T11:05Z,Colorado Rockies,8,-235,-235,-215,195,195,180,False,ESPN BET,1,105,9,,,2.5,Final,11.5,-125
DET,2025-06-12T22:35Z,401695928,BAL,2025,Detroit Tigers,4,32.1763553,2025-06-12T11:05Z,Baltimore Orioles,1,-200,-200,-180,165,165,150,False,ESPN BET,1,-105,9,,,1.5,Final,7.5,-115
NYY,2025-06-12T23:40Z,401695931,KC,2025,New York Yankees,1,49.34532902,2025-06-12T11:05Z,Kansas City Royals,0,-125,-125,-135,105,105,115,False,ESPN BET,1,-105,9,,,1.5,Final,8.5,-115
STL,2025-06-12T23:40Z,401695933,MIL,2025,St. Louis Cardinals,0,43.137005189999996,2025-06-12T11:05Z,Milwaukee Brewers,6,-125,-135,-125,105,115,105,False,ESPN BET,1,-110,9,,,1.5,Final,7.5,-110
PIT,2025-06-13T00:05Z,401695932,CHC,2025,Pittsburgh Pirates,2,72.62599673,2025-06-12T11:05Z,Chicago Cubs,3,170,170,160,-205,-205,-190,False,ESPN BET,1,100,9,,,-1.5,Final,7.5,-120
CHW,2025-06-13T00:10Z,401695930,HOU,2025,Chicago White Sox,3,70.98126873,2025-06-12T11:05Z,Houston Astros,4,220,220,200,-270,-270,-240,False,ESPN BET,1,-105,9,,,-1.5,Final,7.5,-115
PIT,2025-06-13T18:20Z,401695946,CHC,2025,Pittsburgh Pirates,2,59.31300331,2025-06-13T11:05Z,Chicago Cubs,1,-115,-110,-110,-115,-110,-110,False,ESPN BET,1,-120,10,,,1.5,Final/10,6.5,100
MIA,2025-06-13T22:45Z,401695939,WSH,2025,Miami Marlins,11,55.94930832,2025-06-13T11:05Z,Washington Nationals,9,-105,-105,110,-115,-115,-130,False,ESPN BET,1,-120,9,,,1.5,Final,8.5,100
TOR,2025-06-13T22:45Z,401695942,PHI,2025,Toronto Blue Jays,0,60.88713464,2025-06-13T11:05Z,Philadelphia Phillies,8,-110,-110,115,-110,-110,-135,False,ESPN BET,1,-125,9,,,1.5,Final,7.5,105
LAA,2025-06-13T23:05Z,401695936,BAL,2025,Los Angeles Angels,0,53.70936831,2025-06-13T11:05Z,Baltimore Orioles,2,155,155,140,-185,-185,-165,False,ESPN BET,1,-120,9,,,-1.5,Final,9.5,100
CIN,2025-06-13T23:10Z,401695937,DET,2025,Cincinnati Reds,5,48.78775829,2025-06-13T11:05Z,Detroit Tigers,11,115,115,120,-135,-135,-145,False,ESPN BET,1,-125,9,,,-1.5,Final,7.5,105
NYY,2025-06-13T23:10Z,401695940,BOS,2025,New York Yankees,1,63.38654511,2025-06-13T11:05Z,Boston Red Sox,2,110,115,125,-130,-135,-150,False,ESPN BET,1,-120,10,,,-1.5,Final/10,7.5,100
TB,2025-06-13T23:10Z,401695941,NYM,2025,Tampa Bay Rays,7,63.2063584,2025-06-13T11:05Z,New York Mets,5,140,140,140,-165,-165,-165,False,ESPN BET,1,110,9,,,-1.5,Final,8.5,-130
COL,2025-06-13T23:15Z,401695938,ATL,2025,Colorado Rockies,4,75.63685837,2025-06-13T11:05Z,Atlanta Braves,12,300,300,225,-385,-385,-275,False,ESPN BET,1,-120,9,,,-2.5,Final,8.5,100
CHW,2025-06-14T00:05Z,401695943,TEX,2025,Chicago White Sox,1,71.12402624,2025-06-13T11:05Z,Texas Rangers,3,140,145,235,-165,-175,-290,False,ESPN BET,1,-105,9,,,-1.5,Final,8.5,-115
MIN,2025-06-14T00:10Z,401695944,HOU,2025,Minnesota Twins,3,52.500630969999996,2025-06-13T11:05Z,Houston Astros,10,-125,-115,100,-105,-105,-120,False,ESPN BET,1,-130,9,,,1.5,Final,7.5,110
ATH,2025-06-14T00:10Z,401695945,KC,2025,Athletics,6,60.434579850000006,2025-06-13T11:05Z,Kansas City Royals,4,125,135,145,-160,-160,-175,False,ESPN BET,1,-105,9,,,-1.5,Final,8.5,-115
STL,2025-06-14T00:10Z,401695947,MIL,2025,St. Louis Cardinals,2,56.251096749999995,2025-06-13T11:05Z,Milwaukee Brewers,3,135,135,135,-180,-160,-160,False,ESPN BET,1,-115,9,,,-1.5,Final,7.5,-115
SD,2025-06-14T01:40Z,401695949,ARI,2025,San Diego Padres,1,53.34158904,2025-06-13T11:05Z,Arizona Diamondbacks,5,115,115,110,-135,-135,-130,False,ESPN BET,1,-105,9,,,-1.5,Final,9.5,-115
CLE,2025-06-14T02:10Z,401695948,SEA,2025,Cleveland Guardians,2,60.90750542,2025-06-13T11:05Z,Seattle Mariners,7,-115,-105,110,-115,-115,-130,False,ESPN BET,1,-105,9,,,1.5,Final,7.5,-115
SF,2025-06-14T02:10Z,401695950,LAD,2025,San Francisco Giants,6,67.66547541,2025-06-13T11:05Z,Los Angeles Dodgers,2,135,155,145,-180,-185,-175,False,ESPN BET,1,-110,9,,,-1.5,Final,7.5,-110
MIA,2025-06-14T17:05Z,401695954,WSH,2025,Miami Marlins,4,51.36521542,2025-06-14T11:05Z,Washington Nationals,3,110,110,120,-130,-130,-145,False,ESPN BET,1,-125,9,,,-1.5,Final,8.5,105
CIN,2025-06-14T17:10Z,401695952,DET,2025,Cincinnati Reds,11,61.93310956,2025-06-14T11:05Z,Detroit Tigers,1,150,150,145,-180,-180,-175,False,ESPN BET,1,-125,9,,,-1.5,Final,7.5,105
PIT,2025-06-14T18:20Z,401695961,CHC,2025,Pittsburgh Pirates,1,82.08911376,2025-06-14T11:05Z,Chicago Cubs,2,180,180,195,-250,-215,-235,False,ESPN BET,1,100,9,,,-1.5,Final,7.5,-130
LAA,2025-06-14T20:05Z,401695951,BAL,2025,Los Angeles Angels,5,58.0763618,2025-06-14T11:05Z,Baltimore Orioles,6,130,130,135,-155,-155,-160,False,ESPN BET,1,110,9,,,-1.5,Final,9.5,-130
TOR,2025-06-14T20:05Z,401695957,PHI,2025,Toronto Blue Jays,2,68.14234077,2025-06-14T11:05Z,Philadelphia Phillies,3,135,135,150,-160,-160,-180,False,ESPN BET,1,105,9,,,-1.5,Final,8.5,-125
CHW,2025-06-14T20:05Z,401695958,TEX,2025,Chicago White Sox,4,70.44292492999999,2025-06-14T11:05Z,Texas Rangers,5,235,235,300,-290,-290,-385,False,ESPN BET,1,100,11,,,-1.5,Final/11,7.5,-120
TB,2025-06-14T20:10Z,401695956,NYM,2025,Tampa Bay Rays,8,44.478143110000005,2025-06-14T11:05Z,New York Mets,4,110,125,120,-140,-150,-145,False,ESPN BET,1,100,9,,,-1.5,Final,7.5,-130
MIN,2025-06-14T20:10Z,401695959,HOU,2025,Minnesota Twins,2,61.402231220000004,2025-06-14T11:05Z,Houston Astros,3,-115,-115,110,-105,-105,-130,False,ESPN BET,1,-120,9,,,1.5,Final,6.5,100
ATH,2025-06-14T20:10Z,401695960,KC,2025,Athletics,4,56.04442479,2025-06-14T11:05Z,Kansas City Royals,0,135,135,135,-160,-160,-160,False,ESPN BET,1,-110,9,,,-1.5,Final,9.5,-110
STL,2025-06-14T20:10Z,401695962,MIL,2025,St. Louis Cardinals,8,56.284746549999994,2025-06-14T11:05Z,Milwaukee Brewers,5,115,115,105,-135,-135,-125,False,ESPN BET,1,100,9,,,-1.5,Final,8.5,-120
COL,2025-06-14T20:20Z,401695953,ATL,2025,Colorado Rockies,1,71.66067603,2025-06-14T11:05Z,Atlanta Braves,4,290,280,280,-475,-350,-350,False,ESPN BET,1,-125,9,,,-2.5,Final,8.5,-105
NYY,2025-06-14T23:15Z,401695955,BOS,2025,New York Yankees,3,44.597255870000005,2025-06-14T11:05Z,Boston Red Sox,4,-175,-175,-175,145,145,145,False,ESPN BET,1,-110,9,,,1.5,Final,8.5,-110
SD,2025-06-14T23:15Z,401695964,ARI,2025,San Diego Padres,7,54.939230439999996,2025-06-14T11:05Z,Arizona Diamondbacks,8,140,145,130,-165,-175,-155,False,ESPN BET,1,-105,9,,,-1.5,Final,9.5,-115
CLE,2025-06-15T01:40Z,401695963,SEA,2025,Cleveland Guardians,3,55.70698764000001,2025-06-14T11:05Z,Seattle Mariners,4,120,120,110,-145,-145,-130,False,ESPN BET,1,-130,9,,,-1.5,Final,6.5,110
SF,2025-06-15T02:10Z,401695965,LAD,2025,San Francisco Giants,5,60.12821196,2025-06-14T11:05Z,Los Angeles Dodgers,11,145,155,145,-175,-185,-175,False,ESPN BET,1,100,9,,,-1.5,Final,9.5,-120
CIN,2025-06-15T16:05Z,401695967,DET,2025,Cincinnati Reds,8,63.2219634,2025-06-15T11:05Z,Detroit Tigers,4,155,150,145,-185,-180,-175,False,ESPN BET,1,-115,9,,,-1.5,Final,8.5,-105
LAA,2025-06-15T17:35Z,401695966,BAL,2025,Los Angeles Angels,2,41.9001204,2025-06-15T11:05Z,Baltimore Orioles,11,-105,-105,115,-115,-115,-135,False,ESPN BET,1,-110,9,,,1.5,Final,8.5,-110
COL,2025-06-15T17:35Z,401695968,ATL,2025,Colorado Rockies,10,77.19550976000001,2025-06-15T11:05Z,Atlanta Braves,1,285,285,360,-360,-360,-475,False,ESPN BET,1,-135,9,,,-2.5,Final,8.5,115
MIA,2025-06-15T17:35Z,401695969,WSH,2025,Miami Marlins,3,65.22173167999999,2025-06-15T11:05Z,Washington Nationals,1,135,135,155,-160,-160,-185,False,ESPN BET,1,-110,9,,,-1.5,Final,7.5,-110
NYY,2025-06-15T17:35Z,401695970,BOS,2025,New York Yankees,0,40.544604969999995,2025-06-15T11:05Z,Boston Red Sox,2,-185,-185,-190,155,155,160,False,ESPN BET,1,100,9,,,1.5,Final,8.5,-120
TOR,2025-06-15T17:35Z,401695972,PHI,2025,Toronto Blue Jays,4,65.21479006999999,2025-06-15T11:05Z,Philadelphia Phillies,11,145,145,150,-175,-175,-180,False,ESPN BET,1,-130,9,,,-1.5,Final,6.5,110
TB,2025-06-15T17:40Z,401695971,NYM,2025,Tampa Bay Rays,9,54.80335951000001,2025-06-15T11:05Z,New York Mets,0,135,135,140,-160,-160,-165,False,ESPN BET,1,-125,9,,,-1.5,Final,7.5,105
MIN,2025-06-15T18:10Z,401695974,HOU,2025,Minnesota Twins,1,61.59589386,2025-06-15T11:05Z,Houston Astros,2,105,105,110,-125,-125,-130,False,ESPN BET,1,105,10,,,-1.5,Final/10,8.5,-125
ATH,2025-06-15T18:10Z,401695975,KC,2025,Athletics,3,56.108018630000004,2025-06-15T11:05Z,Kansas City Royals,2,125,125,130,-150,-150,-155,False,ESPN BET,1,-115,9,,,-1.5,Final,8.5,-105
STL,2025-06-15T18:10Z,401695977,MIL,2025,St. Louis Cardinals,2,53.998358999999994,2025-06-15T11:05Z,Milwaukee Brewers,3,115,115,105,-135,-135,-125,False,ESPN BET,1,105,9,,,-1.5,Final,8.5,-125
PIT,2025-06-15T18:20Z,401695976,CHC,2025,Pittsburgh Pirates,2,71.50365929,2025-06-15T11:05Z,Chicago Cubs,3,130,130,140,-155,-155,-165,False,ESPN BET,1,-135,10,,,-1.5,Final/10,6.5,115
CHW,2025-06-15T18:35Z,401695973,TEX,2025,Chicago White Sox,1,59.42333798,2025-06-15T11:05Z,Texas Rangers,2,140,140,160,-165,-165,-190,False,ESPN BET,1,110,9,,,-1.5,Final,8.5,-130
CLE,2025-06-15T20:10Z,401695978,SEA,2025,Cleveland Guardians,0,52.391346289999994,2025-06-15T11:05Z,Seattle Mariners,6,100,100,-110,-120,-120,-110,False,ESPN BET,1,100,9,,,1.5,Final,8.5,-120
SD,2025-06-15T20:10Z,401695979,ARI,2025,San Diego Padres,8,56.694742649999995,2025-06-15T11:05Z,Arizona Diamondbacks,2,115,115,110,-135,-135,-130,False,ESPN BET,1,-120,9,,,-1.5,Final,8.5,100
SF,2025-06-15T23:00Z,401695980,LAD,2025,San Francisco Giants,4,64.79067443999999,2025-06-15T11:05Z,Los Angeles Dodgers,5,165,165,155,-200,-200,-185,False,ESPN BET,1,-135,9,,,-1.5,Final,8.5,115
PHI,2025-06-16T22:40Z,401695984,MIA,2025,Philadelphia Phillies,5,39.24984147,2025-06-16T11:05Z,Miami Marlins,2,-120,-120,-130,100,100,110,False,ESPN BET,1,-110,9,,,1.5,Final,8.5,-110
COL,2025-06-16T22:45Z,401695983,WSH,2025,Colorado Rockies,6,66.67516411,2025-06-16T11:05Z,Washington Nationals,4,140,140,160,-165,-165,-190,False,ESPN BET,1,-110,9,,,-1.5,Final,8.5,-110
LAA,2025-06-16T23:05Z,401695981,NYY,2025,Los Angeles Angels,1,66.97264841,2025-06-16T11:05Z,New York Yankees,0,170,170,175,-205,-205,-210,False,ESPN BET,1,-115,11,,,-1.5,Final/11,7.5,-105
BAL,2025-06-16T23:35Z,401695982,TB,2025,Baltimore Orioles,1,61.122845569999996,2025-06-16T11:05Z,Tampa Bay Rays,7,-110,-110,110,-110,-110,-130,False,ESPN BET,1,-110,9,,,1.5,Final,8.5,-110
BOS,2025-06-17T01:40Z,401695985,SEA,2025,Boston Red Sox,2,64.17904568,2025-06-16T11:05Z,Seattle Mariners,0,140,140,145,-165,-165,-175,False,ESPN BET,1,-145,9,,,-1.5,Final,6.5,120
HOU,2025-06-17T02:05Z,401764554,ATH,2025,Houston Astros,1,44.823170950000005,2025-06-16T11:04Z,Athletics,3,-115,-115,-165,-105,-105,140,False,ESPN BET,1,100,9,,,1.5,Final,9.5,-120
SD,2025-06-17T02:10Z,401695987,LAD,2025,San Diego Padres,3,59.75950756,2025-06-16T11:05Z,Los Angeles Dodgers,6,145,145,125,-175,-175,-150,False,ESPN BET,1,-115,9,,,-1.5,Final,8.5,-105
PHI,2025-06-17T22:10Z,401695994,MIA,2025,Philadelphia Phillies,3,40.4878597,2025-06-17T11:04Z,Miami Marlins,8,-175,-175,-200,145,145,165,False,ESPN BET,1,-110,9,,,1.5,Final,8.5,-110
PIT,2025-06-17T22:40Z,401695995,DET,2025,Pittsburgh Pirates,3,69.31297230999999,2025-06-17T11:04Z,Detroit Tigers,7,165,165,165,-200,-200,-200,False,ESPN BET,1,110,9,,,-1.5,Final,8.5,-130
COL,2025-06-17T22:45Z,401695991,WSH,2025,Colorado Rockies,10,69.06918689,2025-06-17T11:04Z,Washington Nationals,6,165,165,165,-200,-200,-200,False,ESPN BET,1,-110,9,,,-1.5,Final,8.5,-110
LAA,2025-06-17T23:05Z,401695988,NYY,2025,Los Angeles Angels,4,66.89736374,2025-06-17T11:04Z,New York Yankees,0,195,205,200,-235,-250,-240,False,ESPN BET,1,-125,9,,,-1.5,Final,8.5,105
ARI,2025-06-17T23:07Z,401695989,TOR,2025,Arizona Diamondbacks,4,56.35961983,2025-06-17T11:04Z,Toronto Blue Jays,5,105,105,110,-125,-125,-130,False,ESPN BET,1,-120,9,,,-1.5,Final,8.5,100
MIN,2025-06-17T23:10Z,401695992,CIN,2025,Minnesota Twins,5,61.57066942,2025-06-17T11:04Z,Cincinnati Reds,6,110,110,-105,-130,-130,-115,False,ESPN BET,1,-115,9,,,-1.5,Final,8.5,-115
NYM,2025-06-17T23:15Z,401695993,ATL,2025,New York Mets,4,54.94089316,2025-06-17T11:04Z,Atlanta Braves,5,115,115,115,-135,-135,-135,False,ESPN BET,1,-105,10,,,-1.5,Final/10,8.5,-115
BAL,2025-06-17T23:35Z,401695990,TB,2025,Baltimore Orioles,5,63.70263563,2025-06-17T11:04Z,Tampa Bay Rays,1,-110,-110,115,-110,-110,-135,False,ESPN BET,1,110,9,,,1.5,Final,9.5,-130
STL,2025-06-17T23:40Z,401695998,CHW,2025,St. Louis Cardinals,12,49.00646913,2025-06-17T11:04Z,Chicago White Sox,2,-130,-130,-155,110,110,130,False,ESPN BET,1,110,9,,,1.5,Final,9.5,-130
KC,2025-06-18T00:05Z,401695996,TEX,2025,Kansas City Royals,6,51.43432899,2025-06-17T11:04Z,Texas Rangers,1,110,105,105,-130,-125,-125,False,ESPN BET,1,105,9,,,-1.5,Final,8.5,-125
MIL,2025-06-18T00:05Z,401695997,CHC,2025,Milwaukee Brewers,3,60.76066115,2025-06-17T11:04Z,Chicago Cubs,5,130,130,130,-155,-155,-155,False,ESPN BET,1,-105,9,,,-1.5,Final,9.5,-115
BOS,2025-06-18T01:40Z,401695999,SEA,2025,Boston Red Sox,0,63.40714901,2025-06-17T11:04Z,Seattle Mariners,8,125,125,150,-150,-150,-180,False,ESPN BET,1,120,9,,,-1.5,Final,7.5,-145
CLE,2025-06-18T01:45Z,401696000,SF,2025,Cleveland Guardians,3,71.7830325,2025-06-17T11:04Z,San Francisco Giants,2,130,130,140,-155,-155,-165,False,ESPN BET,1,110,9,,,-1.5,Final,7.5,-130
HOU,2025-06-18T02:05Z,401764555,ATH,2025,Houston Astros,13,46.00482595,2025-06-17T11:04Z,Athletics,3,-120,-120,-145,100,100,120,False,ESPN BET,1,-125,9,,,1.5,Final,10.5,105
SD,2025-06-18T02:10Z,401696002,LAD,2025,San Diego Padres,6,65.81883499,2025-06-17T11:04Z,Los Angeles Dodgers,8,160,170,175,-220,-205,-210,False,ESPN BET,1,100,9,,,-1.5,Final,10.5,-120
BOS,2025-06-18T20:10Z,401696014,SEA,2025,Boston Red Sox,3,44.567831930000004,2025-06-18T11:04Z,Seattle Mariners,1,-120,-120,-125,100,100,105,False,ESPN BET,1,-115,9,,,1.5,Final,6.5,-105
PHI,2025-06-18T22:40Z,401696009,MIA,2025,Philadelphia Phillies,4,30.937949059999998,2025-06-18T11:04Z,Miami Marlins,2,-185,-185,-190,155,155,160,False,ESPN BET,1,-115,9,,,1.5,Final,8.5,-105
COL,2025-06-18T22:45Z,401696006,WSH,2025,Colorado Rockies,3,68.5034325,2025-06-18T11:04Z,Washington Nationals,1,130,130,150,-155,-155,-180,False,ESPN BET,1,100,9,,,-1.5,Final,9.5,-115
LAA,2025-06-18T23:05Z,401696003,NYY,2025,Los Angeles Angels,3,69.05803667,2025-06-18T11:04Z,New York Yankees,2,210,210,195,-255,-255,-235,False,ESPN BET,1,-105,9,,,-1.5,Final,9.5,-115
ARI,2025-06-18T23:07Z,401696004,TOR,2025,Arizona Diamondbacks,1,60.47208234,2025-06-18T11:04Z,Toronto Blue Jays,8,-110,-110,-115,-110,-110,-105,False,ESPN BET,1,-120,9,,,1.5,Final,8.5,100
MIN,2025-06-18T23:10Z,401696007,CIN,2025,Minnesota Twins,2,60.21328319,2025-06-18T11:04Z,Cincinnati Reds,4,110,110,-110,-130,-130,-110,False,ESPN BET,1,,6,,,0.0,Final/6,0.0,
NYM,2025-06-18T23:15Z,401696008,ATL,2025,New York Mets,0,71.26029312,2025-06-18T11:04Z,Atlanta Braves,5,160,160,155,-190,-190,-185,False,ESPN BET,1,-115,9,,,-1.5,Final,7.5,-105
BAL,2025-06-18T23:35Z,401696005,TB,2025,Baltimore Orioles,8,60.878501799999995,2025-06-18T11:04Z,Tampa Bay Rays,12,105,105,110,-125,-125,-130,False,ESPN BET,1,-125,9,,,1.5,Final,8.5,105
KC,2025-06-19T00:05Z,401696011,TEX,2025,Kansas City Royals,6,48.78905626,2025-06-18T11:04Z,Texas Rangers,3,-135,-135,-145,115,115,120,False,ESPN BET,1,-130,9,,,1.5,Final,7.5,110
CLE,2025-06-19T01:45Z,401696015,SF,2025,Cleveland Guardians,4,62.629561769999995,2025-06-18T11:04Z,San Francisco Giants,2,125,125,130,-150,-150,-155,False,ESPN BET,1,105,9,,,-1.5,Final,8.5,-125
HOU,2025-06-19T02:05Z,401764556,ATH,2025,Houston Astros,11,33.9094283,2025-06-18T11:04Z,Athletics,4,-180,-180,-165,150,150,140,False,ESPN BET,1,100,9,,,1.5,Final,9.5,-120
SD,2025-06-19T02:10Z,401696017,LAD,2025,San Diego Padres,3,61.389087229999994,2025-06-18T11:04Z,Los Angeles Dodgers,4,175,175,155,-210,-210,-185,False,ESPN BET,1,-110,9,,,-1.5,Final,9.5,-110
MIN,2025-06-19T16:40Z,401696022,CIN,2025,Minnesota Twins,12,62.97395566,2025-06-19T11:04Z,Cincinnati Reds,5,-105,-105,-110,-115,-115,-110,False,ESPN BET,1,-105,9,,,1.5,Final,9.5,-115
LAA,2025-06-19T17:05Z,401696018,NYY,2025,Los Angeles Angels,3,71.17509055,2025-06-19T11:04Z,New York Yankees,7,230,230,200,-285,-285,-240,False,ESPN BET,1,100,9,,,-2.5,Final,10.5,-120
COL,2025-06-19T17:05Z,401696021,WSH,2025,Colorado Rockies,3,65.58386008,2025-06-19T11:04Z,Washington Nationals,4,145,145,135,-175,-175,-160,False,ESPN BET,1,-120,11,,,-1.5,Final/11,9.5,100
PIT,2025-06-19T17:10Z,401696025,DET,2025,Pittsburgh Pirates,2,78.98074786,2025-06-19T11:04Z,Detroit Tigers,9,285,285,250,-365,-365,-310,False,ESPN BET,1,115,9,,,-2.5,Final,7.5,-135
STL,2025-06-19T18:10Z,401696028,CHW,2025,St. Louis Cardinals,5,41.3251241,2025-06-19T11:04Z,Chicago White Sox,4,-135,-135,-135,115,115,115,False,ESPN BET,1,105,9,,,1.5,Final,9.5,-125
MIL,2025-06-19T18:20Z,401696027,CHC,2025,Milwaukee Brewers,8,67.98872078,2025-06-19T11:04Z,Chicago Cubs,7,110,110,-105,-130,-130,-115,False,ESPN BET,1,-110,9,,,-1.5,Final,8.5,-110
KC,2025-06-19T18:35Z,401696026,TEX,2025,Kansas City Royals,4,60.03602192,2025-06-19T11:04Z,Texas Rangers,1,110,110,105,-130,-130,-125,False,ESPN BET,1,-125,9,,,-1.5,Final,7.5,105
ARI,2025-06-19T19:07Z,401696019,TOR,2025,Arizona Diamondbacks,9,53.7834831,2025-06-19T11:04Z,Toronto Blue Jays,5,135,135,125,-160,-160,-150,False,ESPN BET,1,-115,9,,,-1.5,Final,8.5,-105
CLE,2025-06-19T20:05Z,401696029,SF,2025,Cleveland Guardians,1,68.98780948,2025-06-19T11:04Z,San Francisco Giants,2,145,145,150,-175,-175,-180,False,ESPN BET,1,120,9,,,-1.5,Final,7.5,-145
STL,2025-06-19T21:45Z,401785798,CHW,2025,St. Louis Cardinals,8,42.37207438,2025-06-19T11:04Z,Chicago White Sox,6,-170,-170,-180,130,130,150,False,ESPN BET,1,-130,10,,,1.5,Final/10,8.5,110
PIT,2025-06-19T22:10Z,401785972,DET,2025,Pittsburgh Pirates,8,62.02378865,2025-06-19T11:04Z,Detroit Tigers,4,-130,-130,260,100,100,-325,False,ESPN BET,1,105,10,,,1.5,Final/10,7.5,-140
PHI,2025-06-19T22:40Z,401696024,MIA,2025,Philadelphia Phillies,2,40.35061085,2025-06-19T11:04Z,Miami Marlins,1,-145,-145,-180,120,120,150,False,ESPN BET,1,-105,9,,,1.5,Final,7.5,-115
NYM,2025-06-19T23:15Z,401696023,ATL,2025,New York Mets,1,45.08025173,2025-06-19T11:04Z,Atlanta Braves,7,120,120,115,-145,-145,-135,False,ESPN BET,1,-135,9,,,-1.5,Final,8.5,115
BAL,2025-06-19T23:45Z,401696020,TB,2025,Baltimore Orioles,4,73.60611398,2025-06-19T11:04Z,Tampa Bay Rays,1,110,120,135,-130,-145,-160,False,ESPN BET,1,105,9,,,-1.5,Final,8.5,-125
HOU,2025-06-20T02:05Z,401764557,ATH,2025,Houston Astros,4,37.62778766,2025-06-19T11:04Z,Athletics,6,-145,-145,-135,120,120,115,False,ESPN BET,1,-120,10,,,1.5,Final/10,9.5,100
SD,2025-06-20T02:10Z,401696031,LAD,2025,San Diego Padres,5,73.23058569,2025-06-19T11:04Z,Los Angeles Dodgers,3,225,225,205,-275,-275,-250,False,ESPN BET,1,-110,9,,,-1.5,Final,8.5,-110
SEA,2025-06-20T18:20Z,401696040,CHC,2025,Seattle Mariners,9,70.79678264,2025-06-20T11:04Z,Chicago Cubs,4,120,120,115,-145,-145,-135,False,ESPN BET,1,100,9,,,-1.5,Final,10.5,-120
TEX,2025-06-20T22:40Z,401696037,PIT,2025,Texas Rangers,6,33.12212368,2025-06-20T11:04Z,Pittsburgh Pirates,2,-190,-175,-190,140,145,160,False,ESPN BET,1,-120,9,,,1.5,Final,7.5,-110
BAL,2025-06-20T23:05Z,401696033,NYY,2025,Baltimore Orioles,5,72.45532864,2025-06-20T11:04Z,New York Yankees,3,250,255,185,-310,-320,-225,False,ESPN BET,1,-130,9,,,-2.5,Final,8.5,110
DET,2025-06-20T23:05Z,401696035,TB,2025,Detroit Tigers,8,48.66715534,2025-06-20T11:04Z,Tampa Bay Rays,14,-110,-110,-110,-110,-110,-110,False,ESPN BET,1,-120,9,,,1.5,Final,7.5,100
CHW,2025-06-20T23:07Z,401696034,TOR,2025,Chicago White Sox,7,65.77029434,2025-06-20T11:04Z,Toronto Blue Jays,1,170,170,160,-205,-205,-190,False,ESPN BET,1,-115,9,,,-1.5,Final,8.5,-105
ATL,2025-06-20T23:10Z,401696032,MIA,2025,Atlanta Braves,2,42.40893529,2025-06-20T11:04Z,Miami Marlins,6,-150,-150,-150,120,125,125,False,ESPN BET,1,-130,9,,,1.5,Final,8.5,110
NYM,2025-06-20T23:15Z,401696036,PHI,2025,New York Mets,2,68.93383883999999,2025-06-20T11:04Z,Philadelphia Phillies,10,165,165,205,-200,-200,-250,False,ESPN BET,1,-120,9,,,-1.5,Final,8.5,100
CIN,2025-06-20T23:15Z,401696038,STL,2025,Cincinnati Reds,1,53.467935190000006,2025-06-20T11:04Z,St. Louis Cardinals,6,120,120,115,-145,-145,-135,False,ESPN BET,1,-130,9,,,-1.5,Final,8.5,110
MIL,2025-06-21T00:10Z,401696039,MIN,2025,Milwaukee Brewers,17,63.26150179,2025-06-20T11:04Z,Minnesota Twins,6,125,135,145,-160,-160,-175,False,ESPN BET,1,-115,9,,,-1.5,Final,7.5,-115
ARI,2025-06-21T00:40Z,401696041,COL,2025,Arizona Diamondbacks,14,39.75435617,2025-06-20T11:04Z,Colorado Rockies,8,-160,-160,-175,135,135,145,False,ESPN BET,1,-120,9,,,1.5,Final,11.5,100
HOU,2025-06-21T01:38Z,401696044,LAA,2025,Houston Astros,3,44.11564887,2025-06-20T11:04Z,Los Angeles Angels,2,-175,-175,-185,145,145,155,False,ESPN BET,1,110,10,,,1.5,Final/10,8.5,-130
KC,2025-06-21T01:40Z,401696045,SD,2025,Kansas City Royals,6,73.90995605,2025-06-20T11:04Z,San Diego Padres,5,145,145,155,-175,-175,-185,False,ESPN BET,1,-125,9,,,-1.5,Final,7.5,105
CLE,2025-06-21T02:05Z,401764558,ATH,2025,Cleveland Guardians,1,42.86887798,2025-06-20T11:04Z,Athletics,5,-130,-125,-135,110,105,115,False,ESPN BET,1,105,9,,,1.5,Final,9.5,-125
WSH,2025-06-21T02:10Z,401696046,LAD,2025,Washington Nationals,5,66.75314467999999,2025-06-20T11:04Z,Los Angeles Dodgers,6,155,155,165,-185,-185,-200,False,ESPN BET,1,-125,9,,,-1.5,Final,7.5,105
BOS,2025-06-21T02:15Z,401696042,SF,2025,Boston Red Sox,7,56.103939000000004,2025-06-20T11:04Z,San Francisco Giants,5,105,100,115,-125,-120,-135,False,ESPN BET,1,105,9,,,1.5,Final,7.5,-125
DET,2025-06-21T16:10Z,401696050,TB,2025,Detroit Tigers,3,59.123601699999995,2025-06-21T11:05Z,Tampa Bay Rays,8,120,120,110,-145,-145,-130,False,ESPN BET,1,100,9,,,-1.5,Final,8.5,-120
BAL,2025-06-21T17:05Z,401696048,NYY,2025,Baltimore Orioles,0,68.84048753,2025-06-21T11:05Z,New York Yankees,9,125,135,140,-160,-160,-165,False,ESPN BET,1,-105,9,,,-1.5,Final,9.5,-115
MIL,2025-06-21T18:10Z,401696054,MIN,2025,Milwaukee Brewers,9,50.268298970000004,2025-06-21T11:05Z,Minnesota Twins,0,115,115,140,-135,-135,-165,False,ESPN BET,1,-105,9,,,-1.5,Final,10.5,-115
CIN,2025-06-21T18:15Z,401696053,STL,2025,Cincinnati Reds,5,60.14207253,2025-06-21T11:05Z,St. Louis Cardinals,6,160,160,155,-190,-190,-185,False,ESPN BET,1,-140,11,,,-1.5,Final/11,8.5,105
SEA,2025-06-21T18:20Z,401696055,CHC,2025,Seattle Mariners,7,67.20503783000001,2025-06-21T11:05Z,Chicago Cubs,10,145,145,135,-175,-175,-160,False,ESPN BET,1,-115,9,,,-1.5,Final,12.5,-105
CHW,2025-06-21T19:07Z,401696049,TOR,2025,Chicago White Sox,1,66.48805722,2025-06-21T11:05Z,Toronto Blue Jays,7,160,160,180,-190,-190,-215,False,ESPN BET,1,-110,9,,,-1.5,Final,8.5,-120
TEX,2025-06-21T20:05Z,401696052,PIT,2025,Texas Rangers,3,54.15163693,2025-06-21T11:05Z,Pittsburgh Pirates,2,-110,-110,-115,-110,-110,-105,False,ESPN BET,1,105,9,,,1.5,Final,8.5,-125
BOS,2025-06-21T20:05Z,401696057,SF,2025,Boston Red Sox,2,53.67826551,2025-06-21T11:05Z,San Francisco Giants,3,105,105,120,-125,-125,-145,False,ESPN BET,1,-110,9,,,-1.5,Final,7.5,-110
ATL,2025-06-21T20:10Z,401696047,MIA,2025,Atlanta Braves,7,41.70122412,2025-06-21T11:05Z,Miami Marlins,0,-155,-155,-155,130,130,130,False,ESPN BET,1,-110,9,,,1.5,Final,8.5,-110
NYM,2025-06-21T23:15Z,401696051,PHI,2025,New York Mets,11,59.8568477,2025-06-21T11:05Z,Philadelphia Phillies,4,-125,-125,105,105,105,-125,False,ESPN BET,1,-120,9,,,1.5,Final,10.5,100
KC,2025-06-21T23:15Z,401696060,SD,2025,Kansas City Royals,1,63.760063450000004,2025-06-21T11:05Z,San Diego Padres,5,125,125,140,-150,-150,-165,False,ESPN BET,1,100,9,,,-1.5,Final,7.5,-120
ARI,2025-06-22T01:10Z,401696056,COL,2025,Arizona Diamondbacks,5,33.36810273,2025-06-21T11:05Z,Colorado Rockies,3,-220,-210,-215,160,175,180,False,ESPN BET,1,-115,9,,,2.5,Final,12.5,-115
HOU,2025-06-22T01:38Z,401696059,LAA,2025,Houston Astros,1,49.96994212,2025-06-21T11:05Z,Los Angeles Angels,9,105,105,-115,-125,-125,-105,False,ESPN BET,1,100,9,,,1.5,Final,8.5,-120
CLE,2025-06-22T02:05Z,401764559,ATH,2025,Cleveland Guardians,4,49.54991441,2025-06-21T11:05Z,Athletics,2,-135,-135,-120,105,115,100,False,ESPN BET,1,-105,9,,,1.5,Final,9.5,-125
WSH,2025-06-22T02:10Z,401696061,LAD,2025,Washington Nationals,7,70.42490701,2025-06-21T11:05Z,Los Angeles Dodgers,3,210,225,220,-255,-275,-270,False,ESPN BET,1,-125,9,,,-2.5,Final,9.5,105
BAL,2025-06-22T15:35Z,401696063,NYY,2025,Baltimore Orioles,2,62.749455860000005,2025-06-22T11:05Z,New York Yankees,4,165,165,155,-200,-200,-185,False,ESPN BET,1,105,9,,,-1.5,Final,10.5,-140
DET,2025-06-22T16:10Z,401696065,TB,2025,Detroit Tigers,9,52.089885300000006,2025-06-22T11:05Z,Tampa Bay Rays,3,-120,-110,-105,-110,-110,-115,False,ESPN BET,1,-105,9,,,1.5,Final,8.5,-115
TEX,2025-06-22T17:35Z,401696067,PIT,2025,Texas Rangers,3,54.71845031,2025-06-22T11:05Z,Pittsburgh Pirates,8,100,100,-105,-120,-120,-115,False,ESPN BET,1,-110,9,,,1.5,Final,9.5,-110
CHW,2025-06-22T17:37Z,401696064,TOR,2025,Chicago White Sox,4,67.72987438,2025-06-22T11:05Z,Toronto Blue Jays,2,170,170,180,-205,-205,-215,False,ESPN BET,1,100,9,,,-1.5,Final,8.5,-120
ATL,2025-06-22T17:40Z,401696062,MIA,2025,Atlanta Braves,3,42.01261246,2025-06-22T11:05Z,Miami Marlins,5,-160,-160,-155,135,135,130,False,ESPN BET,1,-105,9,,,1.5,Final,8.5,-115
MIL,2025-06-22T18:10Z,401696069,MIN,2025,Milwaukee Brewers,9,52.70150424,2025-06-22T11:05Z,Minnesota Twins,8,115,115,125,-135,-135,-150,False,ESPN BET,1,100,9,,,-1.5,Final,9.5,-120
CIN,2025-06-22T18:15Z,401696068,STL,2025,Cincinnati Reds,4,50.57259498,2025-06-22T11:05Z,St. Louis Cardinals,1,-110,-110,-110,-110,-110,-110,False,ESPN BET,1,100,9,,,1.5,Final,9.5,-120
SEA,2025-06-22T18:20Z,401696070,CHC,2025,Seattle Mariners,14,55.599161880000004,2025-06-22T11:05Z,Chicago Cubs,6,-130,-125,-115,100,105,-105,False,ESPN BET,1,-105,9,,,1.5,Final,11.5,-115
ARI,2025-06-22T19:10Z,401696071,COL,2025,Arizona Diamondbacks,2,32.60319237,2025-06-22T11:05Z,Colorado Rockies,4,-160,-160,-200,135,135,165,False,ESPN BET,1,-105,9,,,1.5,Final,12.5,-115
BOS,2025-06-22T20:05Z,401696072,SF,2025,Boston Red Sox,5,62.93462091000001,2025-06-22T11:05Z,San Francisco Giants,9,135,135,135,-160,-160,-160,False,ESPN BET,1,105,9,,,-1.5,Final,7.5,-125
CLE,2025-06-22T20:05Z,401764560,ATH,2025,Cleveland Guardians,3,45.75736905,2025-06-22T11:04Z,Athletics,0,-115,-115,-135,-105,-105,115,False,ESPN BET,1,100,9,,,1.5,Final,9.5,-120
HOU,2025-06-22T20:07Z,401696074,LAA,2025,Houston Astros,8,44.813724199999996,2025-06-22T11:05Z,Los Angeles Angels,7,-110,-110,-130,-110,-110,110,False,ESPN BET,1,-115,9,,,1.5,Final,8.5,-105
KC,2025-06-22T20:10Z,401696075,SD,2025,Kansas City Royals,2,58.80678093,2025-06-22T11:05Z,San Diego Padres,3,-110,-110,-115,-120,-120,-105,False,ESPN BET,1,-120,9,,,1.5,Final,8.5,-110
WSH,2025-06-22T20:10Z,401696076,LAD,2025,Washington Nationals,7,71.50576015,2025-06-22T11:05Z,Los Angeles Dodgers,13,170,170,240,-240,-205,-300,False,ESPN BET,1,-105,9,,,-1.5,Final,9.5,-115
NYM,2025-06-22T23:00Z,401696066,PHI,2025,New York Mets,1,47.71146627,2025-06-22T11:05Z,Philadelphia Phillies,7,100,100,-110,-120,-120,-110,False,ESPN BET,1,-120,9,,,1.5,Final,8.5,100
TEX,2025-06-23T22:35Z,401696079,BAL,2025,Texas Rangers,0,51.715187289999996,2025-06-23T11:04Z,Baltimore Orioles,6,115,115,115,-135,-135,-135,False,ESPN BET,1,-105,9,,,-1.5,Final,9.5,-115
ATL,2025-06-23T23:10Z,401696077,NYM,2025,Atlanta Braves,3,42.06407525,2025-06-23T11:04Z,New York Mets,2,-155,-155,-125,130,130,105,False,ESPN BET,1,-120,9,,,1.5,Final,8.5,100
NYY,2025-06-23T23:10Z,401696078,CIN,2025,New York Yankees,1,67.00241749,2025-06-23T11:04Z,Cincinnati Reds,6,-125,-125,-125,105,105,105,False,ESPN BET,1,105,9,,,1.5,Final,10.5,-125
ARI,2025-06-23T23:40Z,401696080,CHW,2025,Arizona Diamondbacks,10,53.38506386,2025-06-23T11:04Z,Chicago White Sox,0,-145,-145,-130,120,120,110,False,ESPN BET,1,-105,9,,,1.5,Final,9.5,-115
PIT,2025-06-23T23:40Z,401696082,MIL,2025,Pittsburgh Pirates,5,68.25075988,2025-06-23T11:04Z,Milwaukee Brewers,4,140,140,160,-165,-165,-190,False,ESPN BET,1,-105,9,,,-1.5,Final,8.5,-115
SEA,2025-06-23T23:40Z,401696083,MIN,2025,Seattle Mariners,11,46.21149206,2025-06-23T11:04Z,Minnesota Twins,2,-135,-135,-105,115,115,-115,False,ESPN BET,1,-110,9,,,1.5,Final,8.5,-110
CHC,2025-06-23T23:45Z,401696081,STL,2025,Chicago Cubs,2,50.11094943,2025-06-23T11:04Z,St. Louis Cardinals,8,-125,-125,-105,105,105,-115,False,ESPN BET,1,-125,9,,,1.5,Final,8.5,105
BOS,2025-06-24T01:38Z,401696084,LAA,2025,Boston Red Sox,5,50.956771999999994,2025-06-23T11:04Z,Los Angeles Angels,9,-120,-120,-130,100,100,110,False,ESPN BET,1,-125,9,,,1.5,Final,8.5,105
WSH,2025-06-24T01:40Z,401696085,SD,2025,Washington Nationals,10,65.20647007,2025-06-23T11:04Z,San Diego Padres,6,155,155,140,-185,-185,-165,False,ESPN BET,1,-115,9,,,-1.5,Final,8.5,-105
TEX,2025-06-24T22:35Z,401696089,BAL,2025,Texas Rangers,6,52.4890096,2025-06-24T11:04Z,Baltimore Orioles,5,105,105,110,-125,-125,-130,False,ESPN BET,1,115,10,,,-1.5,Final/10,9.5,-135
ATH,2025-06-24T22:40Z,401696088,DET,2025,Athletics,4,78.21892206999999,2025-06-24T11:04Z,Detroit Tigers,11,265,265,225,-335,-335,-275,False,ESPN BET,1,-105,9,,,-2.5,Final,7.5,-115
TOR,2025-06-24T22:40Z,401696090,CLE,2025,Toronto Blue Jays,10,44.16040858,2025-06-24T11:04Z,Cleveland Guardians,6,-135,-135,-105,115,115,-115,False,ESPN BET,1,-135,9,,,1.5,Final,8.5,115
ATL,2025-06-24T23:10Z,401696086,NYM,2025,Atlanta Braves,7,52.0324042,2025-06-24T11:04Z,New York Mets,4,-135,-135,-155,115,115,130,False,ESPN BET,1,-130,9,,,1.5,Final,8.5,110
NYY,2025-06-24T23:10Z,401696087,CIN,2025,New York Yankees,4,44.1313553,2025-06-24T11:04Z,Cincinnati Reds,5,-175,-175,-165,145,145,140,False,ESPN BET,1,-105,11,,,1.5,Final/11,9.5,-115
ARI,2025-06-24T23:40Z,401696091,CHW,2025,Arizona Diamondbacks,4,35.71291238,2025-06-24T11:04Z,Chicago White Sox,1,-120,-120,-165,100,100,140,False,ESPN BET,1,-110,9,,,1.5,Final,8.5,-110
PIT,2025-06-24T23:40Z,401696094,MIL,2025,Pittsburgh Pirates,3,71.24741767,2025-06-24T11:04Z,Milwaukee Brewers,9,175,175,165,-210,-210,-200,False,ESPN BET,1,-110,9,,,-1.5,Final,7.5,-110
SEA,2025-06-24T23:40Z,401696095,MIN,2025,Seattle Mariners,6,45.4996545,2025-06-24T11:04Z,Minnesota Twins,5,-105,-105,-105,-115,-115,-115,False,ESPN BET,1,-115,9,,,1.5,Final,8.5,-105
TB,2025-06-24T23:40Z,401696096,KC,2025,Tampa Bay Rays,5,53.82160025,2025-06-24T11:04Z,Kansas City Royals,1,120,120,125,-145,-145,-150,False,ESPN BET,1,-115,9,,,-1.5,Final,8.5,-105
CHC,2025-06-24T23:45Z,401696092,STL,2025,Chicago Cubs,7,52.512097170000004,2025-06-24T11:04Z,St. Louis Cardinals,8,-115,-115,-125,-105,-105,105,False,ESPN BET,1,-120,9,,,1.5,Final,8.5,100
PHI,2025-06-25T00:10Z,401696093,HOU,2025,Philadelphia Phillies,0,54.325126479999994,2025-06-24T11:04Z,Houston Astros,1,130,130,115,-155,-155,-135,False,ESPN BET,1,100,9,,,-1.5,Final,7.5,-120
LAD,2025-06-25T00:40Z,401696097,COL,2025,Los Angeles Dodgers,9,26.570859740000003,2025-06-24T11:04Z,Colorado Rockies,7,-265,-265,-235,215,215,195,False,ESPN BET,1,-125,9,,,2.5,Final,11.5,105
BOS,2025-06-25T01:38Z,401696098,LAA,2025,Boston Red Sox,2,33.72543143,2025-06-24T11:04Z,Los Angeles Angels,3,-165,-165,-190,140,140,160,False,ESPN BET,1,-120,10,,,1.5,Final/10,7.5,100
WSH,2025-06-25T01:40Z,401696100,SD,2025,Washington Nationals,3,64.75401232,2025-06-24T11:04Z,San Diego Padres,4,140,140,140,-165,-165,-165,False,ESPN BET,1,-105,9,,,-1.5,Final,8.5,-115
MIA,2025-06-25T01:45Z,401696099,SF,2025,Miami Marlins,4,66.52720045,2025-06-24T11:04Z,San Francisco Giants,2,150,150,155,-180,-180,-185,False,ESPN BET,1,110,9,,,-1.5,Final,8.5,-130
ARI,2025-06-25T18:10Z,401696106,CHW,2025,Arizona Diamondbacks,3,47.017059360000005,2025-06-25T11:04Z,Chicago White Sox,7,-155,-155,-160,130,130,135,False,ESPN BET,1,100,9,,,1.5,Final,8.5,-120
PIT,2025-06-25T18:10Z,401696109,MIL,2025,Pittsburgh Pirates,2,51.88879323,2025-06-25T11:04Z,Milwaukee Brewers,4,-110,-110,-125,-110,-110,105,False,ESPN BET,1,-105,9,,,1.5,Final,6.5,-115
BOS,2025-06-25T20:07Z,401696113,LAA,2025,Boston Red Sox,2,58.582694489999994,2025-06-25T11:04Z,Los Angeles Angels,5,100,100,105,-120,-120,-125,False,ESPN BET,1,-115,9,,,1.5,Final,8.5,-105
WSH,2025-06-25T20:10Z,401696115,SD,2025,Washington Nationals,0,60.38716247,2025-06-25T11:04Z,San Diego Padres,1,120,120,125,-145,-145,-150,False,ESPN BET,1,115,9,,,-1.5,Final,7.5,-135
TEX,2025-06-25T22:35Z,401696104,BAL,2025,Texas Rangers,7,41.13534094,2025-06-25T11:04Z,Baltimore Orioles,0,-150,-150,-150,125,125,125,False,ESPN BET,1,105,9,,,1.5,Final,8.5,-125
ATH,2025-06-25T22:40Z,401696103,DET,2025,Athletics,3,69.24502026,2025-06-25T11:04Z,Detroit Tigers,0,155,155,145,-185,-185,-175,False,ESPN BET,1,-115,9,,,-1.5,Final,8.5,-105
TOR,2025-06-25T22:40Z,401696105,CLE,2025,Toronto Blue Jays,4,55.1156069,2025-06-25T11:04Z,Cleveland Guardians,5,105,105,-110,-125,-125,-110,False,ESPN BET,1,110,10,,,1.5,Final/10,8.5,-130
ATL,2025-06-25T23:10Z,401696101,NYM,2025,Atlanta Braves,3,64.79998891,2025-06-25T11:04Z,New York Mets,7,120,120,115,-145,-145,-135,False,ESPN BET,1,110,9,,,-1.5,Final,9.5,-130
NYY,2025-06-25T23:10Z,401696102,CIN,2025,New York Yankees,7,42.31121354,2025-06-25T11:04Z,Cincinnati Reds,1,-210,-210,-205,175,175,170,False,ESPN BET,1,105,9,,,1.5,Final,9.5,-125
SEA,2025-06-25T23:40Z,401696110,MIN,2025,Seattle Mariners,0,57.440993490000004,2025-06-25T11:04Z,Minnesota Twins,2,100,100,115,-120,-120,-135,False,ESPN BET,1,-105,9,,,1.5,Final,7.5,-115
TB,2025-06-25T23:40Z,401696111,KC,2025,Tampa Bay Rays,3,33.52168446,2025-06-25T11:04Z,Kansas City Royals,0,-125,-125,-130,105,105,110,False,ESPN BET,1,110,9,,,1.5,Final,9.5,-130
CHC,2025-06-25T23:45Z,401696107,STL,2025,Chicago Cubs,8,44.22495332,2025-06-25T11:04Z,St. Louis Cardinals,0,-160,-160,-125,135,135,105,False,ESPN BET,1,-120,9,,,1.5,Final,8.5,100
PHI,2025-06-26T00:10Z,401696108,HOU,2025,Philadelphia Phillies,0,43.68556978,2025-06-25T11:04Z,Houston Astros,2,-160,-160,-165,135,135,140,False,ESPN BET,1,105,9,,,1.5,Final,7.5,-125
LAD,2025-06-26T00:40Z,401696112,COL,2025,Los Angeles Dodgers,8,22.80284349,2025-06-25T11:04Z,Colorado Rockies,1,-310,-310,-350,250,250,280,False,ESPN BET,1,105,9,,,3.5,Final,11.5,-125
MIA,2025-06-26T01:45Z,401696114,SF,2025,Miami Marlins,8,72.29830428,2025-06-25T11:04Z,San Francisco Giants,5,185,180,175,-225,-215,-210,False,ESPN BET,1,-115,10,,,-1.5,Final/10,6.5,-105
ATH,2025-06-26T17:10Z,401696117,DET,2025,Athletics,0,62.48221736,2025-06-26T11:05Z,Detroit Tigers,8,130,130,135,-155,-155,-160,False,ESPN BET,1,-110,9,,,-1.5,Final,8.5,-110
TOR,2025-06-26T17:10Z,401696118,CLE,2025,Toronto Blue Jays,6,56.042761559999995,2025-06-26T11:04Z,Cleveland Guardians,0,110,110,-110,-130,-130,-110,False,ESPN BET,1,100,9,,,-1.5,Final,7.5,-120
SEA,2025-06-26T17:10Z,401696121,MIN,2025,Seattle Mariners,1,55.4186555,2025-06-26T11:04Z,Minnesota Twins,10,110,110,105,-130,-130,-125,False,ESPN BET,1,-115,9,,,-1.5,Final,8.5,-105
PHI,2025-06-26T18:10Z,401696120,HOU,2025,Philadelphia Phillies,1,59.44746463,2025-06-26T11:04Z,Houston Astros,2,125,125,120,-150,-150,-145,False,ESPN BET,1,110,9,,,-1.5,Final,7.5,-130
TB,2025-06-26T18:10Z,401696122,KC,2025,Tampa Bay Rays,4,38.2439729,2025-06-26T11:04Z,Kansas City Royals,0,-125,-125,-130,105,105,110,False,ESPN BET,1,105,9,,,1.5,Final,10.5,-125
CHC,2025-06-26T18:15Z,401696119,STL,2025,Chicago Cubs,3,42.403805,2025-06-26T11:04Z,St. Louis Cardinals,0,-135,-135,-135,115,115,115,False,ESPN BET,1,105,9,,,1.5,Final,9.5,-125
LAD,2025-06-26T19:10Z,401696123,COL,2025,Los Angeles Dodgers,3,26.445926939999996,2025-06-26T11:04Z,Colorado Rockies,1,-290,-290,-270,235,235,220,False,ESPN BET,1,100,9,,,2.5,Final,12.5,-120
MIA,2025-06-26T19:45Z,401696124,SF,2025,Miami Marlins,12,68.90071952,2025-06-26T11:04Z,San Francisco Giants,5,155,155,145,-185,-185,-175,False,ESPN BET,1,-120,9,,,-1.5,Final,7.5,100
ATL,2025-06-26T23:10Z,401696116,NYM,2025,Atlanta Braves,0,46.90224139,2025-06-26T11:05Z,New York Mets,4,100,100,-110,-120,-120,-110,False,ESPN BET,1,-105,9,,,1.5,Final,8.5,-115
NYM,2025-06-27T22:40Z,401696126,PIT,2025,New York Mets,1,39.69421346,2025-06-27T11:04Z,Pittsburgh Pirates,9,-145,-145,-165,120,120,140,False,ESPN BET,1,100,9,,,1.5,Final,8.5,-120
ATH,2025-06-27T23:05Z,401696127,NYY,2025,Athletics,0,64.32981062,2025-06-27T11:04Z,New York Yankees,3,220,220,180,-270,-270,-215,False,ESPN BET,1,-115,9,,,-1.5,Final,8.5,-105
TB,2025-06-27T23:05Z,401696131,BAL,2025,Tampa Bay Rays,8,41.8687248,2025-06-27T11:04Z,Baltimore Orioles,22,-125,-125,-120,105,105,100,False,ESPN BET,1,-120,9,,,1.5,Final,8.5,100
MIN,2025-06-27T23:10Z,401696125,DET,2025,Minnesota Twins,4,56.49749224,2025-06-27T11:04Z,Detroit Tigers,1,120,120,100,-145,-145,-120,False,ESPN BET,1,-125,9,,,-1.5,Final,8.5,105
SD,2025-06-27T23:10Z,401696129,CIN,2025,San Diego Padres,1,55.915262150000004,2025-06-27T11:04Z,Cincinnati Reds,8,-135,-135,-145,115,115,120,False,ESPN BET,1,110,9,,,1.5,Final,9.5,-130
STL,2025-06-27T23:10Z,401696130,CLE,2025,St. Louis Cardinals,5,42.14928061,2025-06-27T11:04Z,Cleveland Guardians,0,-125,-125,-130,105,105,110,False,ESPN BET,1,-110,9,,,1.5,Final,8.5,-110
TOR,2025-06-27T23:10Z,401696132,BOS,2025,Toronto Blue Jays,9,57.41699133,2025-06-27T11:04Z,Boston Red Sox,0,105,105,100,-125,-125,-120,False,ESPN BET,1,-120,9,,,-1.5,Final,8.5,100
PHI,2025-06-27T23:15Z,401696128,ATL,2025,Philadelphia Phillies,13,52.81558673,2025-06-27T11:04Z,Atlanta Braves,0,150,150,120,-180,-180,-145,False,ESPN BET,1,-105,9,,,-1.5,Final,9.5,-115
SF,2025-06-27T23:40Z,401696137,CHW,2025,San Francisco Giants,3,38.73610969,2025-06-27T11:04Z,Chicago White Sox,1,-160,-160,-165,135,135,140,False,ESPN BET,1,105,9,,,1.5,Final,9.5,-125
SEA,2025-06-28T00:05Z,401696136,TEX,2025,Seattle Mariners,7,53.397894879999996,2025-06-27T11:04Z,Texas Rangers,6,-115,-115,-105,-105,-105,-115,False,ESPN BET,1,-145,12,,,1.5,Final/12,6.5,120
CHC,2025-06-28T00:10Z,401696133,HOU,2025,Chicago Cubs,4,46.85575761,2025-06-27T11:04Z,Houston Astros,7,100,100,-110,-120,-120,-110,False,ESPN BET,1,-125,9,,,1.5,Final,7.5,105
COL,2025-06-28T00:10Z,401696134,MIL,2025,Colorado Rockies,6,77.62320117,2025-06-27T11:04Z,Milwaukee Brewers,10,180,180,160,-215,-215,-190,False,ESPN BET,1,105,9,,,-1.5,Final,8.5,-125
LAD,2025-06-28T00:10Z,401696135,KC,2025,Los Angeles Dodgers,5,40.00475132,2025-06-27T11:04Z,Kansas City Royals,4,-150,-150,-150,125,125,125,False,ESPN BET,1,-105,9,,,1.5,Final,9.5,-115
WSH,2025-06-28T01:38Z,401696139,LAA,2025,Washington Nationals,15,62.03924677,2025-06-27T11:04Z,Los Angeles Angels,9,140,140,140,-165,-165,-165,False,ESPN BET,1,-120,9,,,-1.5,Final,8.5,100
MIA,2025-06-28T01:40Z,401696138,ARI,2025,Miami Marlins,9,67.20147145,2025-06-27T11:04Z,Arizona Diamondbacks,8,145,145,160,-175,-175,-190,False,ESPN BET,1,-105,9,,,-1.5,Final,8.5,-115
ATH,2025-06-28T17:05Z,401696142,NYY,2025,Athletics,7,77.13231362,2025-06-28T11:04Z,New York Yankees,0,235,235,205,-290,-290,-250,False,ESPN BET,1,-105,9,,,-2.5,Final,9.5,-115
MIN,2025-06-28T17:10Z,401696140,DET,2025,Minnesota Twins,5,64.20901337000001,2025-06-28T11:04Z,Detroit Tigers,10,135,135,130,-160,-160,-155,False,ESPN BET,1,110,9,,,-1.5,Final,9.5,-130
NYM,2025-06-28T20:05Z,401696141,PIT,2025,New York Mets,2,52.12924833,2025-06-28T11:04Z,Pittsburgh Pirates,9,-150,-150,-155,125,125,130,False,ESPN BET,1,-110,9,,,1.5,Final,9.5,-110
TB,2025-06-28T20:05Z,401696146,BAL,2025,Tampa Bay Rays,11,42.96431561,2025-06-28T11:04Z,Baltimore Orioles,3,-105,-105,-110,-115,-115,-110,False,ESPN BET,1,-120,9,,,1.5,Final,9.5,100
SEA,2025-06-28T20:05Z,401696151,TEX,2025,Seattle Mariners,2,39.67885915,2025-06-28T11:04Z,Texas Rangers,3,-130,-130,-145,110,110,120,False,ESPN BET,1,105,10,,,1.5,Final/10,7.5,-125
SD,2025-06-28T20:10Z,401696144,CIN,2025,San Diego Padres,6,62.22894085,2025-06-28T11:04Z,Cincinnati Reds,4,130,130,135,-155,-155,-160,False,ESPN BET,1,-105,9,,,-1.5,Final,9.5,-115
STL,2025-06-28T20:10Z,401696145,CLE,2025,St. Louis Cardinals,9,46.954251559999996,2025-06-28T11:04Z,Cleveland Guardians,6,100,100,100,-120,-120,-120,False,ESPN BET,1,100,9,,,1.5,Final,8.5,-120
TOR,2025-06-28T20:10Z,401696147,BOS,2025,Toronto Blue Jays,1,51.228195359999994,2025-06-28T11:04Z,Boston Red Sox,15,-125,-125,-125,105,105,105,False,ESPN BET,1,-130,9,,,1.5,Final,8.5,110
COL,2025-06-28T20:10Z,401696149,MIL,2025,Colorado Rockies,0,77.22236317,2025-06-28T11:04Z,Milwaukee Brewers,5,240,240,185,-300,-300,-225,False,ESPN BET,1,-110,9,,,-1.5,Final,8.5,-110
LAD,2025-06-28T20:10Z,401696150,KC,2025,Los Angeles Dodgers,5,43.86148893,2025-06-28T11:04Z,Kansas City Royals,9,-155,-155,-165,130,130,140,False,ESPN BET,1,-115,9,,,1.5,Final,9.5,-105
SF,2025-06-28T20:10Z,401696152,CHW,2025,San Francisco Giants,0,37.27790977,2025-06-28T11:04Z,Chicago White Sox,1,-175,-175,-175,145,145,145,False,ESPN BET,1,-120,9,,,1.5,Final,7.5,100
MIA,2025-06-28T20:10Z,401696153,ARI,2025,Miami Marlins,8,66.11917740999999,2025-06-28T11:04Z,Arizona Diamondbacks,7,140,140,130,-165,-165,-155,False,ESPN BET,1,115,10,,,-1.5,Final/10,9.5,-135
PHI,2025-06-28T23:15Z,401696143,ATL,2025,Philadelphia Phillies,1,61.49759261,2025-06-28T11:04Z,Atlanta Braves,6,145,145,135,-175,-175,-160,False,ESPN BET,1,-120,9,,,-1.5,Final,7.5,100
CHC,2025-06-28T23:15Z,401696148,HOU,2025,Chicago Cubs,12,47.58361989,2025-06-28T11:04Z,Houston Astros,3,-105,-105,110,-115,-115,-130,False,ESPN BET,1,105,9,,,1.5,Final,8.5,-125
WSH,2025-06-29T01:38Z,401696154,LAA,2025,Washington Nationals,2,55.69243891,2025-06-28T11:04Z,Los Angeles Angels,8,-105,100,110,-125,-120,-130,False,ESPN BET,1,-135,9,,,1.5,Final,8.5,115
STL,2025-06-29T16:05Z,401696160,CLE,2025,St. Louis Cardinals,7,41.711369669999996,2025-06-29T11:04Z,Cleveland Guardians,0,-125,-120,-125,-105,100,105,False,ESPN BET,1,105,9,,,1.5,Final,8.5,-125
NYM,2025-06-29T17:35Z,401696156,PIT,2025,New York Mets,1,45.46208768,2025-06-29T11:04Z,Pittsburgh Pirates,12,-145,-145,-160,120,120,135,False,ESPN BET,1,110,9,,,1.5,Final,9.5,-130
ATH,2025-06-29T17:35Z,401696157,NYY,2025,Athletics,5,61.08620548,2025-06-29T11:04Z,New York Yankees,12,180,180,160,-215,-215,-190,False,ESPN BET,1,-115,9,,,-1.5,Final,10.5,-105
PHI,2025-06-29T17:35Z,401696158,ATL,2025,Philadelphia Phillies,2,44.873014659999996,2025-06-29T11:04Z,Atlanta Braves,1,135,135,115,-180,-160,-135,False,ESPN BET,1,-105,9,,,-1.5,Final,8.5,-125
TB,2025-06-29T17:35Z,401696161,BAL,2025,Tampa Bay Rays,1,45.89532554,2025-06-29T11:04Z,Baltimore Orioles,5,-105,-105,100,-115,-115,-120,False,ESPN BET,1,105,9,,,1.5,Final,9.5,-125
TOR,2025-06-29T17:35Z,401696162,BOS,2025,Toronto Blue Jays,5,45.49262295,2025-06-29T11:04Z,Boston Red Sox,3,-110,-110,-125,-110,-110,105,False,ESPN BET,1,-110,9,,,1.5,Final,9.5,-110
SD,2025-06-29T17:40Z,401696159,CIN,2025,San Diego Padres,2,59.136052549999995,2025-06-29T11:04Z,Cincinnati Reds,3,110,110,115,-130,-130,-135,False,ESPN BET,1,105,9,,,-1.5,Final,9.5,-125
CHC,2025-06-29T18:10Z,401696163,HOU,2025,Chicago Cubs,0,55.00160616000001,2025-06-29T11:04Z,Houston Astros,2,105,115,140,-135,-135,-165,False,ESPN BET,1,-115,9,,,-1.5,Final,7.5,-105
COL,2025-06-29T18:10Z,401696164,MIL,2025,Colorado Rockies,4,76.22944918,2025-06-29T11:04Z,Milwaukee Brewers,3,195,195,205,-235,-235,-250,False,ESPN BET,1,-105,11,,,-1.5,Final/11,8.5,-115
LAD,2025-06-29T18:10Z,401696165,KC,2025,Los Angeles Dodgers,5,45.07179343,2025-06-29T11:04Z,Kansas City Royals,1,-125,-125,-110,105,105,-110,False,ESPN BET,1,115,9,,,1.5,Final,9.5,-135
SF,2025-06-29T18:10Z,401696167,CHW,2025,San Francisco Giants,2,44.78874451,2025-06-29T11:04Z,Chicago White Sox,5,-160,-160,-160,125,125,135,False,ESPN BET,1,-120,9,,,1.5,Final,8.5,-110
SEA,2025-06-29T18:35Z,401696166,TEX,2025,Seattle Mariners,6,41.61102524,2025-06-29T11:04Z,Texas Rangers,4,-125,-120,-130,-105,100,110,False,ESPN BET,1,-110,12,,,1.5,Final/12,8.5,-120
WSH,2025-06-29T20:07Z,401696169,LAA,2025,Washington Nationals,7,52.29939456,2025-06-29T11:04Z,Los Angeles Angels,4,105,105,110,-125,-125,-130,False,ESPN BET,1,-115,11,,,1.5,Final/11,9.5,-105
MIA,2025-06-29T20:10Z,401696168,ARI,2025,Miami Marlins,6,63.475954089999995,2025-06-29T11:04Z,Arizona Diamondbacks,4,160,160,160,-220,-220,-190,False,ESPN BET,1,-120,9,,,-1.5,Final,8.5,-110
MIN,2025-06-29T23:00Z,401696155,DET,2025,Minnesota Twins,0,74.30817965,2025-06-29T11:04Z,Detroit Tigers,3,220,220,230,-310,-270,-285,False,ESPN BET,1,-105,9,,,-1.5,Final,7.5,-125
SD,2025-06-30T22:35Z,401696173,PHI,2025,San Diego Padres,0,68.31940963000001,2025-06-30T11:04Z,Philadelphia Phillies,4,210,210,170,-255,-255,-205,False,ESPN BET,1,-125,9,,,-1.5,Final,8.5,105
STL,2025-06-30T22:40Z,401696174,PIT,2025,St. Louis Cardinals,0,42.922582320000004,2025-06-30T11:04Z,Pittsburgh Pirates,7,-120,-115,-120,-110,-105,100,False,ESPN BET,1,-120,9,,,1.5,Final,8.5,100
NYY,2025-06-30T23:07Z,401696171,TOR,2025,New York Yankees,4,42.21634883,2025-06-30T11:04Z,Toronto Blue Jays,5,-145,-145,-160,120,120,135,False,ESPN BET,1,-115,9,,,1.5,Final,8.5,-105
CIN,2025-06-30T23:10Z,401696170,BOS,2025,Cincinnati Reds,6,70.2443091,2025-06-30T11:04Z,Boston Red Sox,13,125,135,150,-160,-160,-180,False,ESPN BET,1,-120,9,,,-1.5,Final,7.5,100
ATH,2025-06-30T23:35Z,401696172,TB,2025,Athletics,6,74.8972789,2025-06-30T11:04Z,Tampa Bay Rays,4,155,155,100,-185,-185,-120,False,ESPN BET,1,100,9,,,-1.5,Final,8.5,-120
BAL,2025-07-01T00:05Z,401696175,TEX,2025,Baltimore Orioles,10,53.853043879999994,2025-06-30T11:04Z,Texas Rangers,6,-115,-110,-110,-115,-110,-110,False,ESPN BET,1,105,11,,,1.5,Final/11,8.5,-125
KC,2025-07-01T01:40Z,401696176,SEA,2025,Kansas City Royals,2,64.28535197000001,2025-06-30T11:04Z,Seattle Mariners,6,135,135,135,-160,-160,-160,False,ESPN BET,1,110,9,,,-1.5,Final,7.5,-130
SF,2025-07-01T01:40Z,401696177,ARI,2025,San Francisco Giants,2,51.04270532,2025-06-30T11:04Z,Arizona Diamondbacks,4,-155,-155,-160,130,130,135,False,ESPN BET,1,100,9,,,1.5,Final,8.5,-120
NYY,2025-07-01T19:07Z,401696183,TOR,2025,New York Yankees,5,39.11815546,2025-07-01T11:04Z,Toronto Blue Jays,12,-165,-165,-165,140,140,140,False,ESPN BET,1,-110,9,,,1.5,Final,7.5,-110
MIN,2025-07-01T22:40Z,401696182,MIA,2025,Minnesota Twins,0,45.56759124,2025-07-01T11:04Z,Miami Marlins,2,-135,-135,-135,115,115,115,False,ESPN BET,1,-105,9,,,1.5,Final,7.5,-115
STL,2025-07-01T22:40Z,401696186,PIT,2025,St. Louis Cardinals,0,60.92248007,2025-07-01T11:04Z,Pittsburgh Pirates,1,125,125,145,-150,-150,-175,False,ESPN BET,1,110,9,,,-1.5,Final,7.5,-130
ATH,2025-07-01T23:05Z,401696184,TB,2025,Athletics,4,61.24648088,2025-07-01T11:04Z,Tampa Bay Rays,3,145,145,140,-175,-175,-165,False,ESPN BET,1,-125,10,,,-1.5,Final/10,8.5,105
CIN,2025-07-01T23:10Z,401696179,BOS,2025,Cincinnati Reds,3,53.37838774,2025-07-01T11:04Z,Boston Red Sox,5,100,100,-105,-120,-120,-115,False,ESPN BET,1,-120,9,,,1.5,Final,9.5,100
LAA,2025-07-01T23:15Z,401696178,ATL,2025,Los Angeles Angels,4,55.5520306,2025-07-01T11:04Z,Atlanta Braves,0,165,165,105,-200,-200,-125,False,ESPN BET,1,-105,9,,,-1.5,Final,9.5,-115
BAL,2025-07-02T00:05Z,401696187,TEX,2025,Baltimore Orioles,2,69.40194527999999,2025-07-01T11:04Z,Texas Rangers,10,155,155,150,-185,-185,-180,False,ESPN BET,1,-110,9,,,-1.5,Final,7.5,-110
CLE,2025-07-02T00:05Z,401696188,CHC,2025,Cleveland Guardians,2,76.35143866,2025-07-01T11:04Z,Chicago Cubs,5,165,165,145,-200,-200,-175,False,ESPN BET,1,-110,9,,,-2.5,Final,8.5,-110
HOU,2025-07-02T00:40Z,401696189,COL,2025,Houston Astros,6,37.58376563,2025-07-01T11:04Z,Colorado Rockies,5,-150,-150,-175,125,125,145,False,ESPN BET,1,-110,9,,,1.5,Final,11.5,-110
KC,2025-07-02T01:40Z,401696191,SEA,2025,Kansas City Royals,6,63.68650379,2025-07-01T11:04Z,Seattle Mariners,3,115,115,115,-135,-135,-135,False,ESPN BET,1,-110,9,,,-1.5,Final,8.5,-110
SF,2025-07-02T01:40Z,401696192,ARI,2025,San Francisco Giants,2,55.60470073,2025-07-01T11:04Z,Arizona Diamondbacks,8,110,110,115,-130,-130,-135,False,ESPN BET,1,105,9,,,-1.5,Final,9.5,-125
CHW,2025-07-02T02:10Z,401696190,LAD,2025,Chicago White Sox,1,81.40938088,2025-07-01T11:04Z,Los Angeles Dodgers,6,300,300,260,-385,-385,-325,False,ESPN BET,1,-115,9,,,-2.5,Final,8.5,-105
ATH,2025-07-02T16:10Z,401696199,TB,2025,Athletics,5,65.96476650000001,2025-07-02T11:04Z,Tampa Bay Rays,6,170,170,150,-205,-205,-180,False,ESPN BET,1,-120,9,,,-1.5,Final,8.5,100
STL,2025-07-02T16:35Z,401696201,PIT,2025,St. Louis Cardinals,0,39.75955793,2025-07-02T11:04Z,Pittsburgh Pirates,5,-125,-125,-130,105,105,110,False,ESPN BET,1,-105,9,,,1.5,Final,7.5,-115
SD,2025-07-02T17:05Z,401696200,PHI,2025,San Diego Padres,6,51.55163549,2025-07-02T11:04Z,Philadelphia Phillies,4,-115,-115,-120,-105,-105,100,False,ESPN BET,1,100,9,,,1.5,Final,9.5,-120
DET,2025-07-02T17:05Z,401795089,WSH,2025,Detroit Tigers,11,41.486210740000004,2025-07-02T11:04Z,Washington Nationals,2,-155,-155,-160,130,130,135,False,ESPN BET,1,115,9,,,1.5,Final,9.5,-135
MIL,2025-07-02T17:10Z,401796219,NYM,2025,Milwaukee Brewers,7,54.59491449,2025-07-02T11:04Z,New York Mets,2,100,100,115,-120,-120,-135,False,ESPN BET,1,-105,9,,,1.5,Final,8.5,-115
SD,2025-07-02T22:15Z,401795088,PHI,2025,San Diego Padres,1,62.5892332,2025-07-02T11:04Z,Philadelphia Phillies,5,120,120,140,-145,-145,-165,False,ESPN BET,1,-110,9,,,-1.5,Final,7.5,-110
MIN,2025-07-02T22:40Z,401696197,MIA,2025,Minnesota Twins,2,47.46037342,2025-07-02T11:04Z,Miami Marlins,1,-125,-125,-125,105,105,105,False,ESPN BET,1,-125,9,,,1.5,Final,8.5,105
DET,2025-07-02T22:45Z,401696195,WSH,2025,Detroit Tigers,4,52.039479820000004,2025-07-02T11:04Z,Washington Nationals,9,-105,-110,-110,-115,-110,-110,False,ESPN BET,1,105,9,,,1.5,Final,8.5,-125
NYY,2025-07-02T23:07Z,401696198,TOR,2025,New York Yankees,9,55.35446813,2025-07-02T11:04Z,Toronto Blue Jays,11,-135,-135,-125,115,115,105,False,ESPN BET,1,-120,9,,,1.5,Final,8.5,100
CIN,2025-07-02T23:10Z,401696194,BOS,2025,Cincinnati Reds,8,55.14956233,2025-07-02T11:04Z,Boston Red Sox,4,110,110,105,-130,-130,-125,False,ESPN BET,1,-110,9,,,-1.5,Final,9.5,-110
MIL,2025-07-02T23:10Z,401696196,NYM,2025,Milwaukee Brewers,3,58.459969980000004,2025-07-02T11:04Z,New York Mets,7,-110,-115,-120,-110,-105,100,False,ESPN BET,1,100,9,,,1.5,Final,8.5,-120
LAA,2025-07-02T23:15Z,401696193,ATL,2025,Los Angeles Angels,3,44.949489660000005,2025-07-02T11:04Z,Atlanta Braves,8,115,115,115,-135,-135,-135,False,ESPN BET,1,-110,9,,,-1.5,Final,9.5,-110
CLE,2025-07-03T00:00Z,401696203,CHC,2025,Cleveland Guardians,4,73.24776819,2025-07-02T11:04Z,Chicago Cubs,5,135,135,140,-160,-160,-165,False,ESPN BET,1,-110,9,,,-1.5,Final,8.5,-110
BAL,2025-07-03T00:05Z,401696202,TEX,2025,Baltimore Orioles,0,63.76279634000001,2025-07-02T11:04Z,Texas Rangers,6,130,130,135,-155,-155,-160,False,ESPN BET,1,105,9,,,-1.5,Final,8.5,-125
HOU,2025-07-03T00:40Z,401696204,COL,2025,Houston Astros,5,26.401528279999997,2025-07-02T11:04Z,Colorado Rockies,3,-265,-265,-270,215,215,220,False,ESPN BET,1,100,9,,,2.5,Final,11.5,-120
KC,2025-07-03T01:40Z,401696206,SEA,2025,Kansas City Royals,2,70.61099899999999,2025-07-02T11:04Z,Seattle Mariners,3,140,140,145,-165,-165,-175,False,ESPN BET,1,-135,9,,,-1.5,Final,6.5,115
SF,2025-07-03T01:40Z,401696207,ARI,2025,San Francisco Giants,6,58.12655974,2025-07-02T11:04Z,Arizona Diamondbacks,5,115,115,120,-140,-140,-145,False,ESPN BET,1,-115,10,,,-1.5,Final/10,8.5,-105
CHW,2025-07-03T02:10Z,401696205,LAD,2025,Chicago White Sox,4,78.83860928,2025-07-02T11:04Z,Los Angeles Dodgers,5,270,270,250,-340,-340,-310,False,ESPN BET,1,105,9,,,-2.5,Final,9.5,-125
MIN,2025-07-03T16:10Z,401696211,MIA,2025,Minnesota Twins,1,51.28273121,2025-07-03T11:04Z,Miami Marlins,4,-110,-110,-145,-110,-110,120,False,ESPN BET,1,-130,9,,,1.5,Final,7.5,100
HOU,2025-07-03T19:10Z,401696214,COL,2025,Houston Astros,6,36.05418353,2025-07-03T11:04Z,Colorado Rockies,7,-220,-190,-190,160,160,160,False,ESPN BET,1,105,9,,,2.5,Final,11.5,-125
DET,2025-07-03T22:45Z,401696209,WSH,2025,Detroit Tigers,7,43.94221117,2025-07-03T11:04Z,Washington Nationals,11,-135,-135,-160,115,115,135,False,ESPN BET,1,-120,9,,,1.5,Final,9.5,100
NYY,2025-07-03T23:07Z,401696212,TOR,2025,New York Yankees,5,45.56214775,2025-07-03T11:04Z,Toronto Blue Jays,8,-135,-135,-125,115,115,105,False,ESPN BET,1,-105,9,,,1.5,Final,8.5,-115
MIL,2025-07-03T23:10Z,401696210,NYM,2025,Milwaukee Brewers,2,55.94597226,2025-07-03T11:04Z,New York Mets,3,135,135,140,-160,-160,-165,False,ESPN BET,1,-105,9,,,-1.5,Final,8.5,-115
LAA,2025-07-03T23:15Z,401696208,ATL,2025,Los Angeles Angels,5,50.996138079999994,2025-07-03T11:04Z,Atlanta Braves,1,130,130,120,-155,-155,-145,False,ESPN BET,1,105,9,,,-1.5,Final,9.5,-125
CLE,2025-07-04T00:05Z,401696213,CHC,2025,Cleveland Guardians,0,67.94592519,2025-07-03T11:04Z,Chicago Cubs,1,115,115,125,-135,-135,-150,False,ESPN BET,1,-105,10,,,-1.5,Final/10,8.5,-115
SF,2025-07-04T01:40Z,401696217,ARI,2025,San Francisco Giants,7,49.942428379999996,2025-07-03T11:04Z,Arizona Diamondbacks,2,-125,-125,-130,105,105,110,False,ESPN BET,1,-110,9,,,1.5,Final,8.5,-110
CHW,2025-07-04T02:10Z,401696215,LAD,2025,Chicago White Sox,2,75.38575113,2025-07-03T11:04Z,Los Angeles Dodgers,6,210,215,235,-300,-265,-290,False,ESPN BET,1,-115,9,,,-1.5,Final,9.5,-115
KC,2025-07-04T02:10Z,401696216,SEA,2025,Kansas City Royals,3,68.41617975999999,2025-07-03T11:04Z,Seattle Mariners,2,-105,100,140,-125,-120,-165,False,ESPN BET,1,-105,9,,,-1.5,Final,7.5,-125
BOS,2025-07-04T15:05Z,401696220,WSH,2025,Boston Red Sox,11,45.01122026,2025-07-04T11:04Z,Washington Nationals,2,-125,-120,-120,-105,100,100,False,ESPN BET,1,100,9,,,1.5,Final,8.5,-130
CIN,2025-07-04T17:05Z,401696221,PHI,2025,Cincinnati Reds,9,49.379107090000005,2025-07-04T11:04Z,Philadelphia Phillies,6,140,140,135,-165,-165,-160,False,ESPN BET,1,-110,9,,,-1.5,Final,8.5,-110
STL,2025-07-04T18:20Z,401696226,CHC,2025,St. Louis Cardinals,3,62.68937064,2025-07-04T11:04Z,Chicago Cubs,11,125,125,130,-150,-150,-155,False,ESPN BET,1,-105,9,,,-1.5,Final,9.5,-115
NYY,2025-07-04T19:10Z,401696225,NYM,2025,New York Yankees,5,55.69427079,2025-07-04T11:04Z,New York Mets,6,-105,-105,-110,-115,-115,-110,False,ESPN BET,1,-115,9,,,1.5,Final,9.5,-105
TB,2025-07-04T20:10Z,401696224,MIN,2025,Tampa Bay Rays,3,42.59667774,2025-07-04T11:04Z,Minnesota Twins,4,100,100,105,-120,-120,-125,False,ESPN BET,1,105,9,,,1.5,Final,10.5,-125
PIT,2025-07-04T20:10Z,401696230,SEA,2025,Pittsburgh Pirates,0,71.50251603,2025-07-04T11:04Z,Seattle Mariners,6,150,150,145,-180,-180,-175,False,ESPN BET,1,110,9,,,-1.5,Final,7.5,-130
TEX,2025-07-04T22:40Z,401696232,SD,2025,Texas Rangers,2,60.6341535,2025-07-04T11:04Z,San Diego Padres,3,-110,-110,-110,-110,-110,-110,False,ESPN BET,1,-115,10,,,1.5,Final/10,8.5,-105
LAA,2025-07-04T23:07Z,401696218,TOR,2025,Los Angeles Angels,3,66.17465677,2025-07-04T11:04Z,Toronto Blue Jays,4,120,120,140,-145,-145,-165,False,ESPN BET,1,110,10,,,-1.5,Final/10,9.5,-130
DET,2025-07-04T23:10Z,401696222,CLE,2025,Detroit Tigers,2,36.68575193,2025-07-04T11:04Z,Cleveland Guardians,1,-125,-125,-125,105,105,105,False,ESPN BET,1,100,9,,,1.5,Final,8.5,-120
MIL,2025-07-04T23:10Z,401696223,MIA,2025,Milwaukee Brewers,6,39.31079766,2025-07-04T11:04Z,Miami Marlins,5,-145,-145,-115,120,120,-105,False,ESPN BET,1,-120,9,,,1.5,Final,7.5,100
BAL,2025-07-04T23:15Z,401696219,ATL,2025,Baltimore Orioles,3,62.490204250000005,2025-07-04T11:04Z,Atlanta Braves,2,140,150,145,-190,-180,-175,False,ESPN BET,1,-125,9,,,-1.5,Final,8.5,-105
CHW,2025-07-05T00:10Z,401696227,COL,2025,Chicago White Sox,3,41.060211210000006,2025-07-04T11:04Z,Colorado Rockies,2,-130,-125,-130,110,105,110,False,ESPN BET,1,110,9,,,1.5,Final,11.5,-130
HOU,2025-07-05T01:10Z,401696228,LAD,2025,Houston Astros,18,71.90455945000001,2025-07-04T11:04Z,Los Angeles Dodgers,1,150,150,145,-180,-180,-175,False,ESPN BET,1,110,9,,,-1.5,Final,9.5,-130
KC,2025-07-05T01:40Z,401696229,ARI,2025,Kansas City Royals,9,52.179452829999995,2025-07-04T11:04Z,Arizona Diamondbacks,3,-105,-105,-115,-115,-115,-105,False,ESPN BET,1,-105,9,,,1.5,Final,8.5,-115
SF,2025-07-05T02:05Z,401764561,ATH,2025,San Francisco Giants,2,40.94456372,2025-07-04T11:04Z,Athletics,11,-115,-110,-130,-115,-110,110,False,ESPN BET,1,-130,9,,,1.5,Final,9.5,100
TB,2025-07-05T18:10Z,401696239,MIN,2025,Tampa Bay Rays,5,51.299338940000005,2025-07-05T11:04Z,Minnesota Twins,6,-105,100,-125,-125,-120,105,False,ESPN BET,1,-115,9,,,1.5,Final,9.5,-105
STL,2025-07-05T18:20Z,401696241,CHC,2025,St. Louis Cardinals,8,65.4822856,2025-07-05T11:04Z,Chicago Cubs,6,130,140,105,-170,-165,-125,False,ESPN BET,1,-110,9,,,-1.5,Final,11.5,-120
LAA,2025-07-05T19:07Z,401696233,TOR,2025,Los Angeles Angels,3,63.866750800000005,2025-07-05T11:04Z,Toronto Blue Jays,4,175,175,100,-210,-210,-120,False,ESPN BET,1,110,11,,,-1.5,Final/11,9.5,-130
BOS,2025-07-05T20:05Z,401696235,WSH,2025,Boston Red Sox,10,55.88768284,2025-07-05T11:04Z,Washington Nationals,3,-125,-120,-125,-105,100,105,False,ESPN BET,1,-120,9,,,1.5,Final,9.5,-110
CIN,2025-07-05T20:05Z,401696236,PHI,2025,Cincinnati Reds,1,60.26573217,2025-07-05T11:04Z,Philadelphia Phillies,5,160,165,150,-220,-200,-180,False,ESPN BET,1,-125,9,,,-1.5,Final,8.5,105
BAL,2025-07-05T20:10Z,401696234,ATL,2025,Baltimore Orioles,9,67.49906402,2025-07-05T11:04Z,Atlanta Braves,6,125,130,110,-160,-155,-130,False,ESPN BET,1,-130,10,,,-1.5,Final/10,8.5,100
MIL,2025-07-05T20:10Z,401696238,MIA,2025,Milwaukee Brewers,2,39.81036865,2025-07-05T11:04Z,Miami Marlins,4,-135,-135,-150,115,115,125,False,ESPN BET,1,105,9,,,1.5,Final,8.5,-125
NYY,2025-07-05T20:10Z,401696240,NYM,2025,New York Yankees,6,39.08665066,2025-07-05T11:04Z,New York Mets,12,-140,-145,-155,110,120,130,False,ESPN BET,1,-110,9,,,1.5,Final,9.5,-120
KC,2025-07-05T20:10Z,401696244,ARI,2025,Kansas City Royals,1,65.93186621,2025-07-05T11:04Z,Arizona Diamondbacks,7,110,115,105,-140,-135,-125,False,ESPN BET,1,105,9,,,-1.5,Final,9.5,-140
DET,2025-07-05T23:15Z,401696237,CLE,2025,Detroit Tigers,1,35.97379512,2025-07-05T11:04Z,Cleveland Guardians,0,-135,-135,-130,115,115,110,False,ESPN BET,1,-130,9,,,1.5,Final,8.5,110
HOU,2025-07-05T23:15Z,401696243,LAD,2025,Houston Astros,6,52.914153500000005,2025-07-05T11:04Z,Los Angeles Dodgers,4,125,125,110,-150,-150,-130,False,ESPN BET,1,-120,9,,,-1.5,Final,8.5,100
CHW,2025-07-06T01:10Z,401696242,COL,2025,Chicago White Sox,10,49.70711707,2025-07-05T11:04Z,Colorado Rockies,3,110,120,100,-130,-145,-120,False,ESPN BET,1,-130,9,,,-1.5,Final,10.5,110
TEX,2025-07-06T01:40Z,401696247,SD,2025,Texas Rangers,7,64.69682066,2025-07-05T11:04Z,San Diego Padres,4,105,105,135,-125,-125,-160,False,ESPN BET,1,105,9,,,-1.5,Final,8.5,-125
SF,2025-07-06T02:05Z,401764562,ATH,2025,San Francisco Giants,7,31.70953779,2025-07-05T11:04Z,Athletics,2,-185,-185,-190,155,155,160,False,ESPN BET,1,100,9,,,1.5,Final,9.5,-120
PIT,2025-07-06T02:10Z,401696245,SEA,2025,Pittsburgh Pirates,0,70.78315104,2025-07-05T11:04Z,Seattle Mariners,1,145,145,140,-175,-175,-165,False,ESPN BET,1,100,9,,,-1.5,Final,7.5,-120
BAL,2025-07-06T15:35Z,401696249,ATL,2025,Baltimore Orioles,2,64.6876358,2025-07-06T11:04Z,Atlanta Braves,1,125,130,125,-160,-155,-150,False,ESPN BET,1,-125,9,,,-1.5,Final,8.5,-105
BOS,2025-07-06T17:35Z,401696250,WSH,2025,Boston Red Sox,6,32.22535091,2025-07-06T11:04Z,Washington Nationals,4,-225,-225,-270,185,185,220,False,ESPN BET,1,-105,9,,,1.5,Final,8.5,-115
CIN,2025-07-06T17:35Z,401696251,PHI,2025,Cincinnati Reds,1,71.14365292,2025-07-06T11:04Z,Philadelphia Phillies,3,180,180,195,-250,-215,-235,False,ESPN BET,1,-145,9,,,-1.5,Final,8.5,110
LAA,2025-07-06T17:37Z,401696248,TOR,2025,Los Angeles Angels,2,61.723668669999995,2025-07-06T11:04Z,Toronto Blue Jays,3,140,145,145,-190,-175,-175,False,ESPN BET,1,-140,9,,,-1.5,Final,8.5,105
DET,2025-07-06T17:40Z,401696252,CLE,2025,Detroit Tigers,7,31.374866680000004,2025-07-06T11:04Z,Cleveland Guardians,2,-250,-250,-185,180,180,155,False,ESPN BET,1,-105,10,,,1.5,Final/10,7.5,-125
MIL,2025-07-06T17:40Z,401696253,MIA,2025,Milwaukee Brewers,3,53.37924616000001,2025-07-06T11:04Z,Miami Marlins,1,-105,100,-110,-125,-120,-110,False,ESPN BET,1,100,9,,,1.5,Final,7.5,-120
NYY,2025-07-06T17:40Z,401696255,NYM,2025,New York Yankees,6,30.47906549,2025-07-06T11:04Z,New York Mets,4,-220,-220,-225,160,160,185,False,ESPN BET,1,-145,9,,,1.5,Final,8.5,110
TB,2025-07-06T18:10Z,401696254,MIN,2025,Tampa Bay Rays,7,46.25874382,2025-07-06T11:04Z,Minnesota Twins,5,110,110,-120,-130,-130,100,False,ESPN BET,1,100,10,,,1.5,Final/10,8.5,-120
CHW,2025-07-06T19:10Z,401696257,COL,2025,Chicago White Sox,4,44.91432416,2025-07-06T11:04Z,Colorado Rockies,6,-120,-120,-150,100,100,125,False,ESPN BET,1,-130,9,,,1.5,Final,10.5,110
HOU,2025-07-06T20:10Z,401696258,LAD,2025,Houston Astros,5,61.88672281000001,2025-07-06T11:04Z,Los Angeles Dodgers,1,140,150,140,-190,-180,-165,False,ESPN BET,1,110,9,,,-1.5,Final,9.5,-130
KC,2025-07-06T20:10Z,401696259,ARI,2025,Kansas City Royals,4,68.25672621999999,2025-07-06T11:04Z,Arizona Diamondbacks,0,130,130,100,-155,-155,-120,False,ESPN BET,1,-110,9,,,-1.5,Final,9.5,-110
PIT,2025-07-06T20:10Z,401696260,SEA,2025,Pittsburgh Pirates,0,52.478531770000004,2025-07-06T11:04Z,Seattle Mariners,1,-105,100,-105,-125,-120,-115,False,ESPN BET,1,100,9,,,1.5,Final,6.5,-120
STL,2025-07-06T22:10Z,401696256,CHC,2025,St. Louis Cardinals,0,71.43753547,2025-07-06T11:04Z,Chicago Cubs,11,160,170,160,-220,-205,-190,False,ESPN BET,1,100,9,,,-1.5,Final,7.5,-120
TEX,2025-07-07T01:10Z,401696262,SD,2025,Texas Rangers,1,65.59224478,2025-07-06T11:04Z,San Diego Padres,4,100,105,115,-130,-125,-135,False,ESPN BET,1,-120,9,,,-1.5,Final,8.5,-110
SF,2025-07-07T02:05Z,401764563,ATH,2025,San Francisco Giants,6,41.52538689,2025-07-06T11:04Z,Athletics,2,-105,-105,-135,-125,-115,115,False,ESPN BET,1,-105,9,,,1.5,Final,10.5,-125
TB,2025-07-07T22:40Z,401696265,DET,2025,Tampa Bay Rays,1,54.25871854,2025-07-07T11:04Z,Detroit Tigers,5,-130,-120,-145,100,100,120,False,ESPN BET,1,-110,9,,,1.5,Final,8.5,-110
COL,2025-07-07T23:10Z,401696263,BOS,2025,Colorado Rockies,3,71.90108506,2025-07-07T11:04Z,Boston Red Sox,9,200,200,170,-240,-240,-205,False,ESPN BET,1,-105,9,,,-1.5,Final,10.5,-115
MIA,2025-07-07T23:10Z,401696264,CIN,2025,Miami Marlins,5,67.18827666,2025-07-07T11:04Z,Cincinnati Reds,1,120,120,120,-145,-145,-145,False,ESPN BET,1,115,9,,,-1.5,Final,9.5,-135
LAD,2025-07-07T23:40Z,401696267,MIL,2025,Los Angeles Dodgers,1,43.36405365,2025-07-07T11:04Z,Milwaukee Brewers,9,-135,-145,-150,115,120,125,False,ESPN BET,1,-110,9,,,1.5,Final,7.5,-110
PIT,2025-07-07T23:40Z,401696268,KC,2025,Pittsburgh Pirates,3,57.089150489999994,2025-07-07T11:04Z,Kansas City Royals,9,115,120,135,-145,-145,-160,False,ESPN BET,1,-110,9,,,-1.5,Final,8.5,-110
TOR,2025-07-07T23:40Z,401696269,CHW,2025,Toronto Blue Jays,8,46.34509421,2025-07-07T11:04Z,Chicago White Sox,4,-180,-165,-180,135,140,150,False,ESPN BET,1,-110,9,,,1.5,Final,8.5,-120
CLE,2025-07-08T00:10Z,401696266,HOU,2025,Cleveland Guardians,7,74.80384629,2025-07-07T11:04Z,Houston Astros,5,110,110,130,-130,-130,-155,False,ESPN BET,1,100,9,,,-1.5,Final,7.5,-120
TEX,2025-07-08T01:38Z,401696272,LAA,2025,Texas Rangers,5,51.16783821999999,2025-07-07T11:04Z,Los Angeles Angels,6,-145,-145,125,120,120,-150,False,ESPN BET,1,-105,9,,,1.5,Final,7.5,-115
ARI,2025-07-08T01:40Z,401696270,SD,2025,Arizona Diamondbacks,6,60.08507873,2025-07-07T11:04Z,San Diego Padres,3,110,110,110,-130,-130,-130,False,ESPN BET,1,-120,9,,,-1.5,Final,7.5,100
PHI,2025-07-08T01:45Z,401696271,SF,2025,Philadelphia Phillies,1,48.50903779,2025-07-07T11:04Z,San Francisco Giants,3,-135,-130,-145,105,110,120,False,ESPN BET,1,100,9,,,1.5,Final,7.5,-120
NYM,2025-07-08T22:35Z,401696275,BAL,2025,New York Mets,7,40.36084148,2025-07-08T11:04Z,Baltimore Orioles,6,-125,-125,-145,105,105,120,False,ESPN BET,1,-125,10,,,1.5,Final/10,9.5,105
TB,2025-07-08T22:40Z,401696277,DET,2025,Tampa Bay Rays,2,50.47745275,2025-07-08T11:04Z,Detroit Tigers,4,105,105,-150,-125,-125,125,False,ESPN BET,1,-120,9,,,-1.5,Final,7.5,100
SEA,2025-07-08T23:05Z,401696276,NYY,2025,Seattle Mariners,3,48.96165856,2025-07-08T11:04Z,New York Yankees,10,105,105,-130,-125,-125,110,False,ESPN BET,1,-125,9,,,-1.5,Final,8.5,105
COL,2025-07-08T23:10Z,401696273,BOS,2025,Colorado Rockies,2,75.74564905,2025-07-08T11:04Z,Boston Red Sox,10,220,220,180,-270,-270,-215,False,ESPN BET,1,-125,9,,,-1.5,Final,8.5,105
MIA,2025-07-08T23:10Z,401696274,CIN,2025,Miami Marlins,12,64.25900698,2025-07-08T11:04Z,Cincinnati Reds,2,100,100,105,-130,-120,-125,False,ESPN BET,1,-120,9,,,-1.5,Final,8.5,100
CHC,2025-07-08T23:40Z,401696278,MIN,2025,Chicago Cubs,1,36.121805689999995,2025-07-08T11:04Z,Minnesota Twins,8,-135,-135,-150,115,115,125,False,ESPN BET,1,100,9,,,1.5,Final,9.5,-120
LAD,2025-07-08T23:40Z,401696280,MIL,2025,Los Angeles Dodgers,1,46.0874971,2025-07-08T11:04Z,Milwaukee Brewers,3,-110,-110,-125,-110,-110,105,False,ESPN BET,1,-105,9,,,1.5,Final,8.5,-115
PIT,2025-07-08T23:40Z,401696281,KC,2025,Pittsburgh Pirates,3,61.38847215,2025-07-08T11:04Z,Kansas City Royals,4,115,115,130,-135,-135,-155,False,ESPN BET,1,-115,9,,,-1.5,Final,7.5,-105
TOR,2025-07-08T23:40Z,401696282,CHW,2025,Toronto Blue Jays,6,41.075895,2025-07-08T11:04Z,Chicago White Sox,1,-200,-200,-185,165,165,155,False,ESPN BET,1,,7,,,0.0,Final/7,0.0,
WSH,2025-07-08T23:45Z,401696283,STL,2025,Washington Nationals,2,69.87890300000001,2025-07-08T11:04Z,St. Louis Cardinals,4,195,195,150,-235,-235,-180,False,ESPN BET,1,-130,9,,,-1.5,Final,7.5,110
CLE,2025-07-09T00:10Z,401696279,HOU,2025,Cleveland Guardians,10,75.57051677,2025-07-08T11:04Z,Houston Astros,6,155,170,180,-185,-205,-215,False,ESPN BET,1,100,10,,,-1.5,Final/10,7.5,-120
TEX,2025-07-09T01:38Z,401696287,LAA,2025,Texas Rangers,13,48.244054930000004,2025-07-08T11:04Z,Los Angeles Angels,1,-105,-105,100,-115,-115,-120,False,ESPN BET,1,-110,9,,,1.5,Final,8.5,-110
ARI,2025-07-09T01:40Z,401696284,SD,2025,Arizona Diamondbacks,0,54.752345719999994,2025-07-08T11:04Z,San Diego Padres,1,120,120,105,-145,-145,-125,False,ESPN BET,1,-115,9,,,-1.5,Final,7.5,-105
PHI,2025-07-09T01:45Z,401696286,SF,2025,Philadelphia Phillies,3,68.41431709,2025-07-08T11:04Z,San Francisco Giants,4,125,135,135,-160,-160,-160,False,ESPN BET,1,110,9,,,-1.5,Final,8.5,-130
ATL,2025-07-09T02:05Z,401764564,ATH,2025,Atlanta Braves,1,50.166370920000006,2025-07-08T11:04Z,Athletics,10,-115,-110,-120,-115,-110,100,False,ESPN BET,1,-105,9,,,1.5,Final,10.5,-115
LAD,2025-07-09T18:10Z,401696295,MIL,2025,Los Angeles Dodgers,2,43.78128344,2025-07-09T11:04Z,Milwaukee Brewers,3,-160,-160,-165,125,125,140,False,ESPN BET,1,-110,10,,,1.5,Final/10,8.5,-110
TOR,2025-07-09T18:10Z,401696297,CHW,2025,Toronto Blue Jays,1,42.87036626,2025-07-09T11:04Z,Chicago White Sox,2,-145,-145,-165,120,120,140,False,ESPN BET,1,-115,9,,,1.5,Final,7.5,-105
PHI,2025-07-09T19:45Z,401696301,SF,2025,Philadelphia Phillies,13,51.45691147,2025-07-09T11:04Z,San Francisco Giants,0,-145,-145,-180,120,120,150,False,ESPN BET,1,105,9,,,1.5,Final,8.5,-125
TB,2025-07-09T21:10Z,401696292,DET,2025,Tampa Bay Rays,7,57.524013110000006,2025-07-09T11:04Z,Detroit Tigers,3,125,125,100,-150,-150,-120,False,ESPN BET,1,105,9,,,-1.5,Final,8.5,-125
SEA,2025-07-09T23:05Z,401696291,NYY,2025,Seattle Mariners,6,56.09610439,2025-07-09T11:04Z,New York Yankees,9,125,130,125,-160,-155,-150,False,ESPN BET,1,-120,9,,,-1.5,Final,9.5,100
COL,2025-07-09T23:10Z,401696288,BOS,2025,Colorado Rockies,2,78.88641978000001,2025-07-09T11:04Z,Boston Red Sox,10,260,260,220,-325,-325,-270,False,ESPN BET,1,-120,9,,,-2.5,Final,8.5,100
MIA,2025-07-09T23:10Z,401696289,CIN,2025,Miami Marlins,2,71.60642895,2025-07-09T11:04Z,Cincinnati Reds,7,120,120,-110,-145,-145,-110,False,ESPN BET,1,-130,9,,,-1.5,Final,8.5,110
CHC,2025-07-09T23:40Z,401696293,MIN,2025,Chicago Cubs,2,43.224527810000005,2025-07-09T11:04Z,Minnesota Twins,4,-110,-110,100,-120,-110,-120,False,ESPN BET,1,100,9,,,1.5,Final,9.5,-120
PIT,2025-07-09T23:40Z,401696296,KC,2025,Pittsburgh Pirates,3,66.97555203,2025-07-09T11:04Z,Kansas City Royals,4,150,160,165,-200,-190,-200,False,ESPN BET,1,-120,9,,,-1.5,Final,8.5,-110
WSH,2025-07-09T23:45Z,401696298,STL,2025,Washington Nationals,8,56.454745100000004,2025-07-09T11:04Z,St. Louis Cardinals,2,120,120,-120,-145,-145,100,False,ESPN BET,1,-125,9,,,-1.5,Final,7.5,105
CLE,2025-07-10T00:10Z,401696294,HOU,2025,Cleveland Guardians,4,64.88220161,2025-07-09T11:04Z,Houston Astros,2,125,130,140,-160,-155,-165,False,ESPN BET,1,-105,9,,,-1.5,Final,7.5,-115
TEX,2025-07-10T01:38Z,401696302,LAA,2025,Texas Rangers,8,51.55705705,2025-07-09T11:04Z,Los Angeles Angels,11,-120,-110,-150,100,-110,125,False,ESPN BET,1,100,9,,,1.5,Final,9.5,-120
ARI,2025-07-10T01:40Z,401696299,SD,2025,Arizona Diamondbacks,8,56.71599163,2025-07-09T11:04Z,San Diego Padres,2,135,135,130,-160,-160,-155,False,ESPN BET,1,-125,9,,,-1.5,Final,7.5,105
ATL,2025-07-10T02:05Z,401764565,ATH,2025,Atlanta Braves,9,50.16116705,2025-07-09T11:04Z,Athletics,2,-130,-125,-145,100,105,120,False,ESPN BET,1,-125,9,,,1.5,Final,10.5,105
NYM,2025-07-10T16:05Z,401696304,BAL,2025,New York Mets,1,43.13246407,2025-07-10T11:04Z,Baltimore Orioles,3,-145,-145,-145,120,120,120,False,ESPN BET,1,-105,9,,,1.5,Final,9.5,-115
CHC,2025-07-10T17:10Z,401696307,MIN,2025,Chicago Cubs,8,43.605610639999995,2025-07-10T11:04Z,Minnesota Twins,1,-115,-115,110,-105,-105,-130,False,ESPN BET,1,-115,9,,,1.5,Final,9.5,-105
NYM,2025-07-10T21:05Z,401800369,BAL,2025,New York Mets,3,44.83723456,2025-07-10T11:04Z,Baltimore Orioles,7,-125,-125,-165,105,105,140,False,ESPN BET,1,-105,9,,,1.5,Final,10.5,-115
MIA,2025-07-10T21:10Z,401696303,CIN,2025,Miami Marlins,0,69.4942859,2025-07-10T11:04Z,Cincinnati Reds,6,140,140,125,-165,-165,-150,False,ESPN BET,1,105,9,,,-1.5,Final,9.5,-125
SEA,2025-07-10T23:05Z,401696305,NYY,2025,Seattle Mariners,5,45.18214209,2025-07-10T11:04Z,New York Yankees,6,-120,-120,-155,-105,-105,130,False,ESPN BET,1,-105,10,,,1.5,Final/10,9.5,-115
TB,2025-07-10T23:10Z,401696306,BOS,2025,Tampa Bay Rays,3,48.09748524,2025-07-10T11:04Z,Boston Red Sox,4,105,105,-160,-125,-125,135,False,ESPN BET,1,100,9,,,1.5,Final,9.5,-120
WSH,2025-07-10T23:45Z,401696309,STL,2025,Washington Nationals,1,61.86288033,2025-07-10T11:04Z,St. Louis Cardinals,8,120,120,-135,-145,-145,115,False,ESPN BET,1,-135,9,,,-1.5,Final,8.5,115
ATL,2025-07-11T01:05Z,401764566,ATH,2025,Atlanta Braves,4,40.453502639999996,2025-07-10T11:03Z,Athletics,5,-200,-200,-155,165,165,130,False,ESPN BET,1,100,11,,,1.5,Final/11,10.5,-120
TEX,2025-07-11T01:38Z,401696312,LAA,2025,Texas Rangers,11,49.20393446,2025-07-10T11:04Z,Los Angeles Angels,4,-105,-105,145,-115,-115,-175,False,ESPN BET,1,-125,9,,,1.5,Final,9.5,105
ARI,2025-07-11T01:40Z,401696310,SD,2025,Arizona Diamondbacks,3,57.57642692,2025-07-10T11:04Z,San Diego Padres,4,-130,-130,-155,110,110,130,False,ESPN BET,1,-125,9,,,1.5,Final,8.5,105
CLE,2025-07-11T19:10Z,401800822,CHW,2025,Cleveland Guardians,4,55.289309210000006,2025-07-11T11:03Z,Chicago White Sox,2,-125,-120,-125,-105,100,105,False,ESPN BET,1,-120,9,,,1.5,Final,8.5,-110
CHC,2025-07-11T23:05Z,401696313,NYY,2025,Chicago Cubs,0,54.05441215,2025-07-11T11:04Z,New York Yankees,11,145,145,160,-175,-175,-190,False,ESPN BET,1,105,9,,,-1.5,Final,9.5,-125
MIA,2025-07-11T23:05Z,401696315,BAL,2025,Miami Marlins,2,52.65685773,2025-07-11T11:04Z,Baltimore Orioles,5,125,125,110,-150,-150,-130,False,ESPN BET,1,-145,9,,,-1.5,Final,8.5,120
COL,2025-07-11T23:10Z,401696314,CIN,2025,Colorado Rockies,3,70.75831339999999,2025-07-11T11:04Z,Cincinnati Reds,2,210,210,145,-255,-255,-175,False,ESPN BET,1,-105,9,,,-1.5,Final,9.5,-115
SEA,2025-07-11T23:10Z,401696316,DET,2025,Seattle Mariners,12,68.72688246999999,2025-07-11T11:04Z,Detroit Tigers,3,230,230,160,-285,-285,-190,False,ESPN BET,1,-145,9,,,-1.5,Final,6.5,120
TB,2025-07-11T23:10Z,401696317,BOS,2025,Tampa Bay Rays,4,45.59078083,2025-07-11T11:04Z,Boston Red Sox,5,-110,-110,-115,-110,-110,-105,False,ESPN BET,1,-135,9,,,1.5,Final,8.5,115
CLE,2025-07-12T00:10Z,401696319,CHW,2025,Cleveland Guardians,4,45.63027614,2025-07-11T11:03Z,Chicago White Sox,5,-130,-130,-145,110,110,120,False,ESPN BET,1,100,11,,,1.5,Final/11,8.5,-120
NYM,2025-07-12T00:10Z,401696320,KC,2025,New York Mets,8,42.67809345,2025-07-11T11:04Z,Kansas City Royals,3,-135,-135,-145,105,115,120,False,ESPN BET,1,100,9,,,1.5,Final,9.5,-120
PIT,2025-07-12T00:10Z,401696321,MIN,2025,Pittsburgh Pirates,1,56.04169204,2025-07-11T11:04Z,Minnesota Twins,2,120,120,160,-145,-145,-190,False,ESPN BET,1,115,9,,,-1.5,Final,7.5,-135
TEX,2025-07-12T00:10Z,401696322,HOU,2025,Texas Rangers,7,59.32517945,2025-07-11T11:04Z,Houston Astros,3,105,110,120,-125,-130,-145,False,ESPN BET,1,-105,9,,,-1.5,Final,8.5,-125
WSH,2025-07-12T00:10Z,401696323,MIL,2025,Washington Nationals,3,63.79399220999999,2025-07-11T11:04Z,Milwaukee Brewers,8,170,170,145,-205,-205,-175,False,ESPN BET,1,-115,9,,,-1.5,Final,8.5,-105
ATL,2025-07-12T00:15Z,401696318,STL,2025,Atlanta Braves,6,53.186172379999995,2025-07-11T11:04Z,St. Louis Cardinals,5,100,100,-145,-120,-120,120,False,ESPN BET,1,-120,9,,,1.5,Final,8.5,100
ARI,2025-07-12T01:38Z,401696324,LAA,2025,Arizona Diamondbacks,5,44.79598116,2025-07-11T11:04Z,Los Angeles Angels,6,-115,-115,-130,-115,-115,110,False,ESPN BET,1,100,9,,,1.5,Final,9.5,-120
PHI,2025-07-12T01:40Z,401696326,SD,2025,Philadelphia Phillies,2,43.33511463,2025-07-11T11:03Z,San Diego Padres,4,-160,-160,-160,135,135,135,False,ESPN BET,1,105,9,,,1.5,Final,8.5,-125
TOR,2025-07-12T02:05Z,401764567,ATH,2025,Toronto Blue Jays,7,39.24507163,2025-07-11T11:03Z,Athletics,6,-180,-180,-150,150,150,125,False,ESPN BET,1,-110,9,,,1.5,Final,10.5,-110
LAD,2025-07-12T02:15Z,401696325,SF,2025,Los Angeles Dodgers,7,56.111639999999994,2025-07-11T11:03Z,San Francisco Giants,8,110,120,110,-140,-145,-130,False,ESPN BET,1,-110,9,,,-1.5,Final,7.5,-110
CHC,2025-07-12T17:05Z,401696328,NYY,2025,Chicago Cubs,5,53.47614541,2025-07-12T11:04Z,New York Yankees,2,135,135,145,-160,-160,-175,False,ESPN BET,1,-130,9,,,-1.5,Final,7.5,110
SEA,2025-07-12T17:10Z,401696331,DET,2025,Seattle Mariners,15,59.262668360000006,2025-07-12T11:04Z,Detroit Tigers,7,-110,-110,-150,-110,-110,125,False,ESPN BET,1,-125,9,,,1.5,Final,7.5,105
PIT,2025-07-12T18:10Z,401696336,MIN,2025,Pittsburgh Pirates,4,65.05961192000001,2025-07-12T11:04Z,Minnesota Twins,12,115,115,115,-135,-135,-135,False,ESPN BET,1,-105,9,,,-1.5,Final,9.5,-115
ATL,2025-07-12T18:15Z,401696333,STL,2025,Atlanta Braves,7,53.34848195000001,2025-07-12T11:04Z,St. Louis Cardinals,6,-115,-115,110,-105,-105,-130,False,ESPN BET,1,110,9,,,1.5,Final,9.5,-130
MIA,2025-07-12T20:05Z,401696330,BAL,2025,Miami Marlins,6,62.088509169999995,2025-07-12T11:04Z,Baltimore Orioles,0,140,140,145,-165,-165,-175,False,ESPN BET,1,100,9,,,-1.5,Final,9.5,-120
LAD,2025-07-12T20:05Z,401696340,SF,2025,Los Angeles Dodgers,2,50.37599584,2025-07-12T11:04Z,San Francisco Giants,1,-165,-165,-145,140,140,120,False,ESPN BET,1,-110,9,,,1.5,Final,8.5,-110
COL,2025-07-12T20:10Z,401696329,CIN,2025,Colorado Rockies,3,80.05108502,2025-07-12T11:04Z,Cincinnati Reds,4,220,220,195,-270,-270,-235,False,ESPN BET,1,-110,9,,,-2.5,Final,10.5,-110
TB,2025-07-12T20:10Z,401696332,BOS,2025,Tampa Bay Rays,0,67.63251176,2025-07-12T11:04Z,Boston Red Sox,1,145,145,160,-175,-175,-190,False,ESPN BET,1,105,9,,,-1.5,Final,8.5,-125
CLE,2025-07-12T20:10Z,401696334,CHW,2025,Cleveland Guardians,6,51.626576889999996,2025-07-12T11:04Z,Chicago White Sox,2,-145,-145,-135,120,120,115,False,ESPN BET,1,-120,9,,,1.5,Final,8.5,100
NYM,2025-07-12T20:10Z,401696335,KC,2025,New York Mets,3,48.09712285,2025-07-12T11:04Z,Kansas City Royals,1,-125,-125,-125,105,105,105,False,ESPN BET,1,105,9,,,1.5,Final,9.5,-125
WSH,2025-07-12T20:10Z,401696338,MIL,2025,Washington Nationals,5,65.34657956,2025-07-12T11:04Z,Milwaukee Brewers,6,220,220,135,-270,-270,-160,False,ESPN BET,1,-125,9,,,-1.5,Final,8.5,105
TEX,2025-07-12T23:35Z,401696337,HOU,2025,Texas Rangers,4,56.75617712,2025-07-12T11:04Z,Houston Astros,5,100,100,115,-120,-120,-135,False,ESPN BET,1,100,11,,,-1.5,Final/11,6.5,-120
PHI,2025-07-12T23:35Z,401696341,SD,2025,Philadelphia Phillies,4,39.19943944,2025-07-12T11:04Z,San Diego Padres,5,-175,-185,-165,145,155,140,False,ESPN BET,1,110,9,,,1.5,Final,7.5,-130
ARI,2025-07-13T01:38Z,401696339,LAA,2025,Arizona Diamondbacks,5,57.93381742,2025-07-12T11:04Z,Los Angeles Angels,10,110,110,-110,-130,-130,-110,False,ESPN BET,1,-130,9,,,-1.5,Final,8.5,110
TOR,2025-07-13T02:05Z,401764568,ATH,2025,Toronto Blue Jays,3,37.23111121,2025-07-12T11:04Z,Athletics,4,-150,-150,-150,125,125,125,False,ESPN BET,1,100,9,,,1.5,Final,10.5,-120
CHC,2025-07-13T17:35Z,401696343,NYY,2025,Chicago Cubs,4,43.500212160000004,2025-07-13T11:03Z,New York Yankees,1,110,110,135,-130,-130,-160,False,ESPN BET,1,-130,9,,,-1.5,Final,8.5,110
MIA,2025-07-13T17:35Z,401696345,BAL,2025,Miami Marlins,11,52.21032847,2025-07-13T11:03Z,Baltimore Orioles,1,120,120,-125,-145,-145,105,False,ESPN BET,1,110,9,,,-1.5,Final,9.5,-130
TB,2025-07-13T17:35Z,401696347,BOS,2025,Tampa Bay Rays,1,54.607663120000005,2025-07-13T11:03Z,Boston Red Sox,4,100,100,-115,-120,-120,-105,False,ESPN BET,1,-110,9,,,1.5,Final,8.5,-110
COL,2025-07-13T17:40Z,401696344,CIN,2025,Colorado Rockies,2,73.82277606999999,2025-07-13T11:03Z,Cincinnati Reds,4,205,205,185,-250,-250,-225,False,ESPN BET,1,-120,9,,,-1.5,Final,9.5,100
SEA,2025-07-13T17:40Z,401696346,DET,2025,Seattle Mariners,8,51.58728809000001,2025-07-13T11:03Z,Detroit Tigers,4,-115,-115,-110,-105,-105,-110,False,ESPN BET,1,-105,9,,,1.5,Final,8.5,-115
CLE,2025-07-13T18:10Z,401696349,CHW,2025,Cleveland Guardians,6,46.07329217,2025-07-13T11:03Z,Chicago White Sox,5,-130,-130,-150,110,110,125,False,ESPN BET,1,-115,10,,,1.5,Final/10,8.5,-105
NYM,2025-07-13T18:10Z,401696350,KC,2025,New York Mets,2,43.374128150000004,2025-07-13T11:03Z,Kansas City Royals,3,-105,-105,-150,-115,-115,125,False,ESPN BET,1,-115,9,,,1.5,Final,8.5,-105
PIT,2025-07-13T18:10Z,401696351,MIN,2025,Pittsburgh Pirates,2,59.33644863000001,2025-07-13T11:03Z,Minnesota Twins,1,135,135,125,-160,-160,-150,False,ESPN BET,1,-135,9,,,-1.5,Final,8.5,115
TEX,2025-07-13T18:10Z,401696352,HOU,2025,Texas Rangers,5,59.954557900000005,2025-07-13T11:03Z,Houston Astros,1,110,110,115,-130,-130,-135,False,ESPN BET,1,-120,9,,,-1.5,Final,6.5,100
WSH,2025-07-13T18:10Z,401696353,MIL,2025,Washington Nationals,1,71.58461607,2025-07-13T11:03Z,Milwaukee Brewers,8,205,205,180,-250,-250,-215,False,ESPN BET,1,-110,9,,,-1.5,Final,8.5,-110
ATL,2025-07-13T18:15Z,401696348,STL,2025,Atlanta Braves,4,61.35274113,2025-07-13T11:03Z,St. Louis Cardinals,5,140,140,130,-165,-165,-155,False,ESPN BET,1,105,9,,,-1.5,Final,8.5,-125
LAD,2025-07-13T20:05Z,401696355,SF,2025,Los Angeles Dodgers,5,43.52301739,2025-07-13T11:03Z,San Francisco Giants,2,-145,-145,-145,120,120,120,False,ESPN BET,1,-115,11,,,1.5,Final/11,7.5,-105
TOR,2025-07-13T20:05Z,401764569,ATH,2025,Toronto Blue Jays,3,42.41246177,2025-07-13T11:03Z,Athletics,6,-130,-130,105,110,110,-125,False,ESPN BET,1,-105,9,,,1.5,Final,10.5,-115
ARI,2025-07-13T20:07Z,401696354,LAA,2025,Arizona Diamondbacks,5,48.786917810000006,2025-07-13T11:03Z,Los Angeles Angels,1,110,110,-110,-130,-130,-110,False,ESPN BET,1,110,9,,,-1.5,Final,9.5,-130
PHI,2025-07-13T20:10Z,401696356,SD,2025,Philadelphia Phillies,2,50.29644529,2025-07-13T11:03Z,San Diego Padres,1,-135,-135,-125,115,115,105,False,ESPN BET,1,110,9,,,1.5,Final,7.5,-130
AL,2025-07-16T00:00Z,401696358,NL,2025,American All-Stars,6,,,National All-Stars,7,110,110,-105,-130,-130,-115,True,ESPN BET,1,-125,9,,,-1.5,Final,6.5,105
BOS,2025-07-18T18:20Z,401696368,CHC,2025,Boston Red Sox,1,56.82545052,2025-07-18T11:03Z,Chicago Cubs,4,115,115,-115,-135,-135,-105,False,ESPN BET,1,-110,9,,,-1.5,Final,7.5,-110
CHW,2025-07-18T22:40Z,401696361,PIT,2025,Chicago White Sox,10,59.97013792,2025-07-18T11:03Z,Pittsburgh Pirates,1,135,135,-115,-160,-160,-105,False,ESPN BET,1,-120,9,,,-1.5,Final,8.5,100
LAA,2025-07-18T22:45Z,401696359,PHI,2025,Los Angeles Angels,6,58.809436670000004,2025-07-18T11:03Z,Philadelphia Phillies,5,170,170,110,-205,-205,-130,False,ESPN BET,1,105,9,,,-1.5,Final,9.5,-125
SD,2025-07-18T22:45Z,401696366,WSH,2025,San Diego Padres,7,44.47350075,2025-07-18T11:03Z,Washington Nationals,2,-150,-150,-160,125,125,135,False,ESPN BET,1,-105,9,,,1.5,Final,8.5,-115
SF,2025-07-18T23:07Z,401696367,TOR,2025,San Francisco Giants,0,62.057266899999995,2025-07-18T11:03Z,Toronto Blue Jays,4,110,110,105,-130,-130,-125,False,ESPN BET,1,-115,9,,,-1.5,Final,8.5,-105
CIN,2025-07-18T23:10Z,401696362,NYM,2025,Cincinnati Reds,8,50.21684613,2025-07-18T11:03Z,New York Mets,4,125,125,-105,-150,-150,-115,False,ESPN BET,1,100,9,,,-1.5,Final,7.5,-120
KC,2025-07-18T23:10Z,401696363,MIA,2025,Kansas City Royals,7,44.095069710000004,2025-07-18T11:03Z,Miami Marlins,8,-115,-115,-145,-105,-105,120,False,ESPN BET,1,-110,10,,,1.5,Final/10,7.5,-110
ATH,2025-07-18T23:10Z,401696365,CLE,2025,Athletics,6,58.267397200000005,2025-07-18T11:03Z,Cleveland Guardians,8,110,110,-130,-130,-130,110,False,ESPN BET,1,-130,9,,,-1.5,Final,7.5,110
NYY,2025-07-18T23:15Z,401696364,ATL,2025,New York Yankees,3,44.25299276,2025-07-18T11:03Z,Atlanta Braves,7,115,115,115,-135,-135,-135,False,ESPN BET,1,-120,9,,,-1.5,Final,8.5,100
BAL,2025-07-18T23:35Z,401696360,TB,2025,Baltimore Orioles,1,59.03866334,2025-07-18T11:03Z,Tampa Bay Rays,11,110,110,120,-130,-130,-145,False,ESPN BET,1,-130,9,,,-1.5,Final,8.5,110
DET,2025-07-19T00:05Z,401696369,TEX,2025,Detroit Tigers,0,43.61204208,2025-07-18T11:03Z,Texas Rangers,2,-110,-110,-150,-110,-110,125,False,ESPN BET,1,-115,9,,,1.5,Final,8.5,-105
MIN,2025-07-19T00:40Z,401696370,COL,2025,Minnesota Twins,4,41.47885836,2025-07-18T11:03Z,Colorado Rockies,6,-180,-180,-155,150,150,130,False,ESPN BET,1,-125,9,,,1.5,Final,10.5,105
STL,2025-07-19T01:40Z,401696373,ARI,2025,St. Louis Cardinals,3,54.45733514,2025-07-18T11:03Z,Arizona Diamondbacks,7,-105,-105,-110,-115,-115,-110,False,ESPN BET,1,-120,9,,,1.5,Final,8.5,100
HOU,2025-07-19T02:10Z,401696371,SEA,2025,Houston Astros,1,60.524084020000004,2025-07-18T11:03Z,Seattle Mariners,6,120,120,-115,-155,-155,-105,False,ESPN BET,1,120,9,,,-1.5,Final,7.5,-145
MIL,2025-07-19T02:10Z,401696372,LAD,2025,Milwaukee Brewers,2,66.73928686,2025-07-18T11:03Z,Los Angeles Dodgers,0,160,160,155,-190,-190,-185,False,ESPN BET,1,-105,9,,,-1.5,Final,8.5,-115
SF,2025-07-19T19:07Z,401696382,TOR,2025,San Francisco Giants,3,53.32469697,2025-07-19T11:03Z,Toronto Blue Jays,6,-125,-125,-115,105,105,-105,False,ESPN BET,1,-110,9,,,2.5,Final,7.5,-110
CIN,2025-07-19T20:10Z,401696377,NYM,2025,Cincinnati Reds,5,59.65331782,2025-07-19T11:03Z,New York Mets,2,145,145,130,-175,-175,-155,False,ESPN BET,1,-115,9,,,-1.5,Final,8.5,-105
KC,2025-07-19T20:10Z,401696378,MIA,2025,Kansas City Royals,1,50.627316089999994,2025-07-19T11:03Z,Miami Marlins,3,-120,-120,-120,100,100,100,False,ESPN BET,1,100,9,,,1.5,Final,8.5,-120
LAA,2025-07-19T22:05Z,401696374,PHI,2025,Los Angeles Angels,5,45.38341973,2025-07-19T11:03Z,Philadelphia Phillies,9,110,110,-120,-130,-130,100,False,ESPN BET,1,-110,9,,,-1.5,Final,9.5,-110
CHW,2025-07-19T22:40Z,401696376,PIT,2025,Chicago White Sox,10,48.093185919999996,2025-07-19T11:03Z,Pittsburgh Pirates,4,115,115,125,-135,-135,-150,False,ESPN BET,1,-120,9,,,-1.5,Final,7.5,100
SD,2025-07-19T22:45Z,401696381,WSH,2025,San Diego Padres,2,48.85182737,2025-07-19T11:03Z,Washington Nationals,4,-135,-135,-150,115,115,125,False,ESPN BET,1,100,9,,,1.5,Final,9.5,-120
BAL,2025-07-19T23:05Z,401696375,TB,2025,Baltimore Orioles,3,61.462606210000004,2025-07-19T11:03Z,Tampa Bay Rays,4,105,105,-115,-125,-125,-105,False,ESPN BET,1,-125,9,,,1.5,Final,8.5,105
DET,2025-07-19T23:05Z,401696384,TEX,2025,Detroit Tigers,1,48.7851092,2025-07-19T11:03Z,Texas Rangers,4,100,100,105,-120,-120,-125,False,ESPN BET,1,-105,9,,,1.5,Final,8.5,-115
ATH,2025-07-19T23:10Z,401696380,CLE,2025,Athletics,8,56.252139389999996,2025-07-19T11:03Z,Cleveland Guardians,2,115,115,-125,-135,-135,105,False,ESPN BET,1,-130,9,,,-1.5,Final,8.5,110
NYY,2025-07-19T23:15Z,401696379,ATL,2025,New York Yankees,12,48.39461432,2025-07-19T11:03Z,Atlanta Braves,9,-130,-130,-115,110,110,-105,False,ESPN BET,1,-110,9,,,1.5,Final,9.5,-110
BOS,2025-07-19T23:15Z,401696383,CHC,2025,Boston Red Sox,0,62.71861284,2025-07-19T11:03Z,Chicago Cubs,6,135,135,-110,-160,-160,-110,False,ESPN BET,1,-130,9,,,-1.5,Final,8.5,110
STL,2025-07-19T23:15Z,401696388,ARI,2025,St. Louis Cardinals,1,52.28375502,2025-07-19T11:03Z,Arizona Diamondbacks,10,-135,-135,-120,115,115,100,False,ESPN BET,1,100,9,,,1.5,Final,8.5,-120
MIN,2025-07-20T00:10Z,401696385,COL,2025,Minnesota Twins,6,38.409301909999996,2025-07-19T11:03Z,Colorado Rockies,10,-200,-200,-180,165,165,150,False,ESPN BET,1,-120,9,,,2.5,Final,11.5,100
MIL,2025-07-20T01:10Z,401696387,LAD,2025,Milwaukee Brewers,8,53.399101699999996,2025-07-19T11:03Z,Los Angeles Dodgers,7,105,105,115,-125,-125,-135,False,ESPN BET,1,-120,9,,,-1.5,Final,7.5,100
HOU,2025-07-20T01:40Z,401696386,SEA,2025,Houston Astros,6,61.794398449999996,2025-07-19T11:03Z,Seattle Mariners,7,120,120,-105,-145,-145,-115,False,ESPN BET,1,100,11,,,-1.5,Final/11,8.5,-120
SF,2025-07-20T16:05Z,401696397,TOR,2025,San Francisco Giants,6,52.28415714,2025-07-20T11:03Z,Toronto Blue Jays,8,100,100,-120,-120,-120,100,False,ESPN BET,1,100,9,,,1.5,Final,8.5,-120
BAL,2025-07-20T16:10Z,401696390,TB,2025,Baltimore Orioles,5,60.460211539999996,2025-07-20T11:03Z,Tampa Bay Rays,3,105,105,100,-125,-125,-120,False,ESPN BET,1,-120,9,,,1.5,Final,8.5,100
LAA,2025-07-20T17:35Z,401696389,PHI,2025,Los Angeles Angels,8,66.97527121,2025-07-20T11:03Z,Philadelphia Phillies,2,140,140,100,-165,-165,-120,False,ESPN BET,1,-135,9,,,-1.5,Final,8.5,115
CHW,2025-07-20T17:35Z,401696391,PIT,2025,Chicago White Sox,7,59.12210614,2025-07-20T11:03Z,Pittsburgh Pirates,2,125,125,105,-150,-150,-125,False,ESPN BET,1,-105,9,,,-1.5,Final,9.5,-115
NYY,2025-07-20T17:35Z,401696394,ATL,2025,New York Yankees,4,60.24075812,2025-07-20T11:03Z,Atlanta Braves,2,110,110,130,-130,-130,-155,False,ESPN BET,1,-115,9,,,-1.5,Final,10.5,-105
SD,2025-07-20T17:35Z,401696396,WSH,2025,San Diego Padres,8,50.3235054,2025-07-20T11:03Z,Washington Nationals,1,-125,-125,-125,105,105,105,False,ESPN BET,1,105,9,,,1.5,Final,8.5,-125
CIN,2025-07-20T17:40Z,401696392,NYM,2025,Cincinnati Reds,2,53.46042476,2025-07-20T11:03Z,New York Mets,3,115,115,105,-135,-135,-125,False,ESPN BET,1,-125,9,,,-1.5,Final,7.5,105
KC,2025-07-20T17:40Z,401696393,MIA,2025,Kansas City Royals,7,47.29836874,2025-07-20T11:03Z,Miami Marlins,4,-120,-120,-185,100,100,155,False,ESPN BET,1,-105,9,,,1.5,Final,7.5,-115
ATH,2025-07-20T17:40Z,401696395,CLE,2025,Athletics,2,55.83000842,2025-07-20T11:03Z,Cleveland Guardians,8,-110,-110,-125,-110,-110,105,False,ESPN BET,1,-110,9,,,1.5,Final,7.5,-110
BOS,2025-07-20T18:20Z,401696398,CHC,2025,Boston Red Sox,6,45.18819242,2025-07-20T11:03Z,Chicago Cubs,1,-135,-135,-145,115,115,120,False,ESPN BET,1,-115,9,,,1.5,Final,6.5,-105
MIN,2025-07-20T19:10Z,401696400,COL,2025,Minnesota Twins,7,30.54043678,2025-07-20T11:03Z,Colorado Rockies,1,-250,-250,-185,200,200,155,False,ESPN BET,1,-105,9,,,2.5,Final,10.5,-115
HOU,2025-07-20T20:10Z,401696401,SEA,2025,Houston Astros,11,55.636781410000005,2025-07-20T11:03Z,Seattle Mariners,3,115,115,110,-135,-135,-130,False,ESPN BET,1,105,9,,,-1.5,Final,6.5,-125
MIL,2025-07-20T20:10Z,401696402,LAD,2025,Milwaukee Brewers,6,60.83295274,2025-07-20T11:03Z,Los Angeles Dodgers,5,150,150,115,-180,-180,-135,False,ESPN BET,1,-135,9,,,-1.5,Final,8.5,115
STL,2025-07-20T20:10Z,401696403,ARI,2025,St. Louis Cardinals,3,63.0723032,2025-07-20T11:03Z,Arizona Diamondbacks,5,125,125,120,-150,-150,-145,False,ESPN BET,1,-125,9,,,-1.5,Final,8.5,105
DET,2025-07-20T23:00Z,401696399,TEX,2025,Detroit Tigers,2,47.99329004,2025-07-20T11:03Z,Texas Rangers,1,-180,-180,-165,150,150,140,False,ESPN BET,1,-135,9,,,1.5,Final,6.5,115
BAL,2025-07-21T22:40Z,401696405,CLE,2025,Baltimore Orioles,5,57.613149220000004,2025-07-21T11:03Z,Cleveland Guardians,10,115,115,150,-135,-135,-180,False,ESPN BET,1,100,9,,,-1.5,Final,8.5,-120
DET,2025-07-21T22:40Z,401696409,PIT,2025,Detroit Tigers,0,58.54247144,2025-07-21T11:03Z,Pittsburgh Pirates,3,115,115,115,-135,-135,-135,False,ESPN BET,1,105,9,,,-1.5,Final,7.5,-125
SD,2025-07-21T22:40Z,401696411,MIA,2025,San Diego Padres,2,54.630368849999996,2025-07-21T11:03Z,Miami Marlins,1,120,120,115,-145,-145,-135,False,ESPN BET,1,100,9,,,-1.5,Final,8.5,-120
BOS,2025-07-21T22:45Z,401696406,PHI,2025,Boston Red Sox,2,71.21783249,2025-07-21T11:03Z,Philadelphia Phillies,3,200,200,150,-240,-240,-180,False,ESPN BET,1,-120,10,,,-1.5,Final/10,7.5,100
CIN,2025-07-21T22:45Z,401696408,WSH,2025,Cincinnati Reds,8,45.12641784,2025-07-21T11:03Z,Washington Nationals,10,-125,-125,-115,105,105,-105,False,ESPN BET,1,110,9,,,1.5,Final,9.5,-130
NYY,2025-07-21T23:07Z,401696410,TOR,2025,New York Yankees,1,46.650391320000004,2025-07-21T11:03Z,Toronto Blue Jays,4,-120,-120,-130,100,100,110,False,ESPN BET,1,-115,9,,,1.5,Final,8.5,-105
LAA,2025-07-21T23:10Z,401696404,NYM,2025,Los Angeles Angels,5,66.57576131,2025-07-21T11:03Z,New York Mets,7,150,150,120,-180,-180,-145,False,ESPN BET,1,-115,9,,,-1.5,Final,8.5,-105
SF,2025-07-21T23:15Z,401696412,ATL,2025,San Francisco Giants,5,51.36300343,2025-07-21T11:03Z,Atlanta Braves,9,115,120,100,-135,-145,-120,False,ESPN BET,1,100,9,,,-1.5,Final,9.5,-120
CHW,2025-07-21T23:35Z,401696407,TB,2025,Chicago White Sox,8,60.7894366,2025-07-21T11:03Z,Tampa Bay Rays,3,180,180,145,-215,-215,-175,False,ESPN BET,1,-130,9,,,-1.5,Final,8.5,110
KC,2025-07-22T00:05Z,401696413,CHC,2025,Kansas City Royals,12,69.48389851,2025-07-21T11:03Z,Chicago Cubs,4,130,130,-110,-155,-155,-110,False,ESPN BET,1,105,9,,,-1.5,Final,7.5,-125
ATH,2025-07-22T00:05Z,401696414,TEX,2025,Athletics,2,58.142382829999995,2025-07-21T11:03Z,Texas Rangers,7,100,100,-155,-120,-120,125,False,ESPN BET,1,100,9,,,1.5,Final,8.5,-120
STL,2025-07-22T00:40Z,401696415,COL,2025,St. Louis Cardinals,6,33.0313191,2025-07-21T11:03Z,Colorado Rockies,2,-175,-175,-130,145,145,110,False,ESPN BET,1,-115,9,,,1.5,Final,11.5,-105
HOU,2025-07-22T01:40Z,401696416,ARI,2025,Houston Astros,6,55.088369660000005,2025-07-21T11:03Z,Arizona Diamondbacks,3,125,125,-105,-150,-150,-115,False,ESPN BET,1,-135,9,,,-1.5,Final,8.5,115
MIL,2025-07-22T01:40Z,401696417,SEA,2025,Milwaukee Brewers,6,57.87364211,2025-07-21T11:03Z,Seattle Mariners,0,110,110,105,-130,-130,-125,False,ESPN BET,1,-125,9,,,1.5,Final,6.5,105
MIN,2025-07-22T02:10Z,401696418,LAD,2025,Minnesota Twins,2,65.73665634,2025-07-21T11:03Z,Los Angeles Dodgers,5,145,145,115,-175,-175,-135,False,ESPN BET,1,-130,9,,,-1.5,Final,8.5,110
BAL,2025-07-22T22:40Z,401696420,CLE,2025,Baltimore Orioles,3,61.028747360000004,2025-07-22T11:03Z,Cleveland Guardians,6,135,135,125,-160,-160,-150,False,ESPN BET,1,-130,9,,,-1.5,Final,7.5,110
DET,2025-07-22T22:40Z,401696424,PIT,2025,Detroit Tigers,5,43.05652531,2025-07-22T11:03Z,Pittsburgh Pirates,8,-130,-130,-115,110,110,-105,False,ESPN BET,1,110,9,,,1.5,Final,8.5,-130
SD,2025-07-22T22:40Z,401696426,MIA,2025,San Diego Padres,3,54.29385001,2025-07-22T11:03Z,Miami Marlins,4,110,110,115,-130,-130,-135,False,ESPN BET,1,-115,9,,,-1.5,Final,7.5,-105
BOS,2025-07-22T22:45Z,401696421,PHI,2025,Boston Red Sox,1,62.984624690000004,2025-07-22T11:03Z,Philadelphia Phillies,4,160,160,145,-190,-190,-175,False,ESPN BET,1,-105,9,,,-1.5,Final,8.5,-115
CIN,2025-07-22T22:45Z,401696423,WSH,2025,Cincinnati Reds,1,53.27053479,2025-07-22T11:03Z,Washington Nationals,6,-135,-135,-125,115,115,105,False,ESPN BET,1,-130,9,,,1.5,Final,8.5,110
CHW,2025-07-22T23:05Z,401696422,TB,2025,Chicago White Sox,3,70.8851849,2025-07-22T11:03Z,Tampa Bay Rays,4,200,200,150,-240,-240,-180,False,ESPN BET,1,105,9,,,-1.5,Final,8.5,-125
NYY,2025-07-22T23:07Z,401696425,TOR,2025,New York Yankees,5,52.40342887,2025-07-22T11:03Z,Toronto Blue Jays,4,100,100,-135,-120,-120,115,False,ESPN BET,1,110,9,,,1.5,Final,9.5,-130
LAA,2025-07-22T23:10Z,401696419,NYM,2025,Los Angeles Angels,2,58.904335350000004,2025-07-22T11:03Z,New York Mets,3,140,140,130,-165,-165,-155,False,ESPN BET,1,110,9,,,-1.5,Final,9.5,-130
SF,2025-07-22T23:15Z,401696427,ATL,2025,San Francisco Giants,9,51.66029002,2025-07-22T11:03Z,Atlanta Braves,0,100,100,-110,-120,-120,-110,False,ESPN BET,1,110,9,,,1.5,Final,9.5,-130
KC,2025-07-23T00:05Z,401696428,CHC,2025,Kansas City Royals,0,81.28977644999999,2025-07-22T11:03Z,Chicago Cubs,6,195,195,130,-235,-235,-155,False,ESPN BET,1,-125,9,,,-1.5,Final,8.5,105
ATH,2025-07-23T00:05Z,401696429,TEX,2025,Athletics,2,72.15080408,2025-07-22T11:03Z,Texas Rangers,6,185,185,-135,-225,-225,115,False,ESPN BET,1,105,9,,,-1.5,Final,7.5,-125
STL,2025-07-23T00:40Z,401696430,COL,2025,St. Louis Cardinals,4,30.37970186,2025-07-22T11:03Z,Colorado Rockies,8,-165,-165,-125,140,140,105,False,ESPN BET,1,-115,9,,,1.5,Final,11.5,-105
HOU,2025-07-23T01:40Z,401696431,ARI,2025,Houston Astros,3,40.34545451,2025-07-22T11:03Z,Arizona Diamondbacks,1,-115,-115,-125,100,100,105,False,ESPN BET,1,-105,9,,,1.5,Final,8.5,-115
MIL,2025-07-23T01:40Z,401696432,SEA,2025,Milwaukee Brewers,0,59.54760762,2025-07-22T11:03Z,Seattle Mariners,1,110,110,140,-130,-130,-165,False,ESPN BET,1,-125,9,,,-1.5,Final,6.5,105
MIN,2025-07-23T02:10Z,401696433,LAD,2025,Minnesota Twins,10,73.92209665,2025-07-22T11:03Z,Los Angeles Dodgers,7,170,170,135,-205,-205,-160,False,ESPN BET,1,-130,9,,,-1.5,Final,7.5,110
CIN,2025-07-23T16:05Z,401696438,WSH,2025,Cincinnati Reds,5,38.965821760000004,2025-07-23T11:03Z,Washington Nationals,0,-125,-125,-105,105,105,-115,False,ESPN BET,1,-105,9,,,1.5,Final,8.5,-115
SD,2025-07-23T16:10Z,401696441,MIA,2025,San Diego Padres,2,41.01022364,2025-07-23T11:03Z,Miami Marlins,3,-150,-150,-155,125,125,130,False,ESPN BET,1,-110,9,,,1.5,Final,7.5,-110
SF,2025-07-23T16:15Z,401696442,ATL,2025,San Francisco Giants,9,61.660446140000005,2025-07-23T11:03Z,Atlanta Braves,3,135,135,155,-160,-160,-185,False,ESPN BET,1,-110,9,,,-1.5,Final,7.5,-110
DET,2025-07-23T16:35Z,401696439,PIT,2025,Detroit Tigers,1,45.35177074,2025-07-23T11:03Z,Pittsburgh Pirates,6,-135,-135,-155,115,115,130,False,ESPN BET,1,-130,9,,,1.5,Final,8.5,110
LAA,2025-07-23T17:10Z,401696434,NYM,2025,Los Angeles Angels,3,57.868692440000004,2025-07-23T11:03Z,New York Mets,6,145,145,130,-175,-175,-155,False,ESPN BET,1,110,9,,,-1.5,Final,9.5,-130
KC,2025-07-23T18:20Z,401696443,CHC,2025,Kansas City Royals,8,65.21980592,2025-07-23T11:03Z,Chicago Cubs,4,135,135,-120,-160,-160,100,False,ESPN BET,1,-115,9,,,-1.5,Final,9.5,-105
STL,2025-07-23T19:10Z,401696445,COL,2025,St. Louis Cardinals,0,34.252020439999995,2025-07-23T11:03Z,Colorado Rockies,6,-175,-175,-135,145,145,115,False,ESPN BET,1,105,9,,,1.5,Final,11.5,-125
HOU,2025-07-23T19:40Z,401696446,ARI,2025,Houston Astros,4,54.08528023,2025-07-23T11:03Z,Arizona Diamondbacks,3,120,120,-115,-145,-145,-105,False,ESPN BET,1,-110,9,,,1.5,Final,8.5,-110
MIL,2025-07-23T19:40Z,401696447,SEA,2025,Milwaukee Brewers,10,57.933549559999996,2025-07-23T11:03Z,Seattle Mariners,2,-105,-105,-105,-115,-115,-115,False,ESPN BET,1,120,9,,,1.5,Final,7.5,-145
MIN,2025-07-23T20:10Z,401696448,LAD,2025,Minnesota Twins,3,74.43757307999999,2025-07-23T11:03Z,Los Angeles Dodgers,4,180,180,155,-215,-215,-185,False,ESPN BET,1,-135,9,,,-1.5,Final,8.5,115
BAL,2025-07-23T22:40Z,401696435,CLE,2025,Baltimore Orioles,2,57.01295273,2025-07-23T11:03Z,Cleveland Guardians,3,115,115,-105,-135,-135,-115,False,ESPN BET,1,-120,9,,,-1.5,Final,8.5,100
BOS,2025-07-23T23:00Z,401696436,PHI,2025,Boston Red Sox,9,50.6414979,2025-07-23T11:03Z,Philadelphia Phillies,8,130,130,140,-155,-155,-165,False,ESPN BET,1,-110,11,,,-1.5,Final/11,8.5,-110
NYY,2025-07-23T23:07Z,401696440,TOR,2025,New York Yankees,4,43.69371297,2025-07-23T11:03Z,Toronto Blue Jays,8,-135,-135,-125,115,115,105,False,ESPN BET,1,-105,9,,,1.5,Final,8.5,-115
CHW,2025-07-23T23:35Z,401696437,TB,2025,Chicago White Sox,11,63.472667189999996,2025-07-23T11:03Z,Tampa Bay Rays,9,175,175,145,-210,-210,-175,False,ESPN BET,1,-125,9,,,-1.5,Final,8.5,105
ATH,2025-07-24T00:05Z,401696444,TEX,2025,Athletics,1,64.39731522999999,2025-07-23T11:03Z,Texas Rangers,2,120,120,-145,-150,-150,120,False,ESPN BET,1,-110,9,,,-1.5,Final,8.5,-110
BAL,2025-07-24T17:10Z,401696449,CLE,2025,Baltimore Orioles,4,56.41973253,2025-07-24T11:03Z,Cleveland Guardians,3,100,100,100,-120,-120,-120,False,ESPN BET,1,-120,9,,,1.5,Final,8.5,100
TOR,2025-07-24T22:40Z,401696450,DET,2025,Toronto Blue Jays,11,58.45065714,2025-07-24T11:03Z,Detroit Tigers,4,120,120,105,-145,-145,-125,False,ESPN BET,1,-120,9,,,-1.5,Final,8.5,100
SD,2025-07-24T23:45Z,401696452,STL,2025,San Diego Padres,7,64.18668742,2025-07-24T11:03Z,St. Louis Cardinals,9,130,130,110,-155,-155,-130,False,ESPN BET,1,-125,9,,,-1.5,Final,7.5,105
ATH,2025-07-25T00:10Z,401696451,HOU,2025,Athletics,5,61.37613677,2025-07-24T11:03Z,Houston Astros,2,125,125,-115,-150,-150,-105,False,ESPN BET,1,-125,9,,,-1.5,Final,8.5,105
SEA,2025-07-25T01:38Z,401696453,LAA,2025,Seattle Mariners,4,57.482385719999996,2025-07-24T11:03Z,Los Angeles Angels,2,120,120,115,-145,-145,-135,False,ESPN BET,1,100,9,,,-1.5,Final,9.5,-120
MIA,2025-07-25T20:10Z,401696463,MIL,2025,Miami Marlins,5,73.46353068,2025-07-25T11:03Z,Milwaukee Brewers,1,180,180,105,-215,-215,-125,False,ESPN BET,1,-125,9,,,-1.5,Final,7.5,105
ARI,2025-07-25T22:40Z,401696454,PIT,2025,Arizona Diamondbacks,1,37.01641444,2025-07-25T11:03Z,Pittsburgh Pirates,0,-115,-115,-115,-105,-105,-110,False,ESPN BET,1,-130,11,,,1.5,Final/11,8.5,110
COL,2025-07-25T23:05Z,401696455,BAL,2025,Colorado Rockies,6,67.50790223999999,2025-07-25T11:03Z,Baltimore Orioles,5,160,160,155,-190,-190,-185,False,ESPN BET,1,110,9,,,-1.5,Final,9.5,-130
PHI,2025-07-25T23:05Z,401696457,NYY,2025,Philadelphia Phillies,12,61.53878432,2025-07-25T11:03Z,New York Yankees,5,130,130,110,-155,-155,-130,False,ESPN BET,1,-110,9,,,-1.5,Final,10.5,-110
LAD,2025-07-25T23:10Z,401696456,BOS,2025,Los Angeles Dodgers,5,56.25941786999999,2025-07-25T11:03Z,Boston Red Sox,2,-105,-105,-130,-115,-115,110,False,ESPN BET,1,-110,9,,,1.5,Final,9.5,-110
TB,2025-07-25T23:10Z,401696458,CIN,2025,Tampa Bay Rays,2,49.41761899,2025-07-25T11:03Z,Cincinnati Reds,7,-105,-105,-135,-115,-115,110,False,ESPN BET,1,100,9,,,1.5,Final,9.5,-120
TOR,2025-07-25T23:10Z,401696459,DET,2025,Toronto Blue Jays,6,50.567025099999995,2025-07-25T11:03Z,Detroit Tigers,2,-105,-105,160,-115,-115,-190,False,ESPN BET,1,-135,9,,,1.5,Final,8.5,115
SD,2025-07-25T23:15Z,401696465,STL,2025,San Diego Padres,0,46.12333777,2025-07-25T11:03Z,St. Louis Cardinals,3,-130,-130,-150,105,105,125,False,ESPN BET,1,-110,9,,,1.5,Final,8.5,-110
CHC,2025-07-25T23:40Z,401696461,CHW,2025,Chicago Cubs,5,34.5936484,2025-07-25T11:03Z,Chicago White Sox,12,-185,-185,-150,155,155,125,False,ESPN BET,1,105,9,,,1.5,Final,8.5,-125
ATL,2025-07-26T00:05Z,401696460,TEX,2025,Atlanta Braves,3,68.46475855,2025-07-25T11:03Z,Texas Rangers,8,125,125,-130,-150,-150,110,False,ESPN BET,1,-125,9,,,-1.5,Final,7.5,105
ATH,2025-07-26T00:10Z,401696464,HOU,2025,Athletics,15,61.280836019999995,2025-07-25T11:03Z,Houston Astros,3,110,110,-120,-130,-130,100,False,ESPN BET,1,-125,9,,,-1.5,Final,8.5,105
WSH,2025-07-26T00:10Z,401696466,MIN,2025,Washington Nationals,0,47.96373626,2025-07-25T11:03Z,Minnesota Twins,1,145,145,155,-175,-175,-185,False,ESPN BET,1,-120,9,,,-1.5,Final,8.5,100
SEA,2025-07-26T01:38Z,401696468,LAA,2025,Seattle Mariners,2,45.4469732,2025-07-25T11:03Z,Los Angeles Angels,3,-130,-130,-135,110,110,115,False,ESPN BET,1,100,10,,,1.5,Final/10,8.5,-120
NYM,2025-07-26T02:15Z,401696467,SF,2025,New York Mets,8,57.25515735,2025-07-25T11:03Z,San Francisco Giants,1,120,120,-130,-145,-145,110,False,ESPN BET,1,105,9,,,-1.5,Final,7.5,-125
PHI,2025-07-26T17:05Z,401696472,NYY,2025,Philadelphia Phillies,9,45.535052209999996,2025-07-26T11:03Z,New York Yankees,4,-130,-130,-145,110,110,120,False,ESPN BET,1,-120,9,,,1.5,Final,8.5,100
CLE,2025-07-26T18:40Z,401805229,KC,2025,Cleveland Guardians,3,51.75063836,2025-07-26T11:03Z,Kansas City Royals,5,-105,-105,100,-115,-115,-120,False,ESPN BET,1,-125,10,,,1.5,Final/10,8.5,105
TOR,2025-07-26T22:10Z,401696474,DET,2025,Toronto Blue Jays,6,66.19514722,2025-07-26T11:03Z,Detroit Tigers,1,145,145,150,-175,-175,-180,False,ESPN BET,1,-130,9,,,-1.5,Final,6.5,110
ARI,2025-07-26T22:40Z,401696469,PIT,2025,Arizona Diamondbacks,0,37.66247686,2025-07-26T11:03Z,Pittsburgh Pirates,2,-155,-155,-160,130,130,135,False,ESPN BET,1,-120,9,,,1.5,Final,8.5,100
TB,2025-07-26T22:40Z,401696473,CIN,2025,Tampa Bay Rays,2,55.11690386,2025-07-26T11:03Z,Cincinnati Reds,6,105,105,-155,-125,-125,130,False,ESPN BET,1,110,9,,,1.5,Final,9.5,-130
COL,2025-07-26T23:05Z,401696470,BAL,2025,Colorado Rockies,0,73.85475086,2025-07-26T11:03Z,Baltimore Orioles,18,210,210,155,-255,-255,-185,False,ESPN BET,1,-105,9,,,-1.5,Final,9.5,-115
ATL,2025-07-26T23:05Z,401696475,TEX,2025,Atlanta Braves,5,47.61479415,2025-07-26T11:03Z,Texas Rangers,6,-110,-110,-125,-110,-110,105,False,ESPN BET,1,-110,10,,,1.5,Final/10,8.5,-110
CHC,2025-07-26T23:10Z,401696476,CHW,2025,Chicago Cubs,6,38.314243399999995,2025-07-26T11:03Z,Chicago White Sox,1,-185,-185,-160,155,155,135,False,ESPN BET,1,-130,9,,,1.5,Final,8.5,110
MIA,2025-07-26T23:10Z,401696478,MIL,2025,Miami Marlins,7,66.11468728999999,2025-07-26T11:03Z,Milwaukee Brewers,4,135,135,110,-160,-160,-130,False,ESPN BET,1,-120,9,,,-1.5,Final,8.5,100
ATH,2025-07-26T23:10Z,401696479,HOU,2025,Athletics,5,74.37799299,2025-07-26T11:03Z,Houston Astros,1,155,155,100,-185,-185,-120,False,ESPN BET,1,-110,9,,,-1.5,Final,7.5,-110
WSH,2025-07-26T23:10Z,401696481,MIN,2025,Washington Nationals,9,69.86111921,2025-07-26T11:03Z,Minnesota Twins,3,210,210,155,-255,-255,-185,False,ESPN BET,1,-125,9,,,-1.5,Final,8.5,105
LAD,2025-07-26T23:15Z,401696471,BOS,2025,Los Angeles Dodgers,2,61.378350260000005,2025-07-26T11:03Z,Boston Red Sox,4,135,135,125,-160,-160,-150,False,ESPN BET,1,100,9,,,-1.5,Final,8.5,-120
CLE,2025-07-26T23:15Z,401696477,KC,2025,Cleveland Guardians,6,61.22933213,2025-07-26T11:03Z,Kansas City Royals,4,115,115,120,-135,-135,-145,False,ESPN BET,1,-130,9,,,-1.5,Final,7.5,110
SD,2025-07-26T23:15Z,401696480,STL,2025,San Diego Padres,3,58.63590114,2025-07-26T11:03Z,St. Louis Cardinals,1,120,120,125,-145,-145,-150,False,ESPN BET,1,110,9,,,-1.5,Final,9.5,-130
NYM,2025-07-27T01:05Z,401696482,SF,2025,New York Mets,2,54.870718600000004,2025-07-26T11:03Z,San Francisco Giants,1,-110,-110,-115,-110,-110,-105,False,ESPN BET,1,-115,9,,,1.5,Final,7.5,-105
SEA,2025-07-27T01:38Z,401696483,LAA,2025,Seattle Mariners,7,46.66536798,2025-07-26T11:03Z,Los Angeles Angels,2,-135,-135,-130,115,115,110,False,ESPN BET,1,-120,9,,,1.5,Final,8.5,100
ARI,2025-07-27T17:35Z,401696484,PIT,2025,Arizona Diamondbacks,0,63.65602418,2025-07-27T11:03Z,Pittsburgh Pirates,6,120,120,135,-145,-145,-160,False,ESPN BET,1,-105,9,,,-1.5,Final,7.5,-115
COL,2025-07-27T17:35Z,401696485,BAL,2025,Colorado Rockies,1,68.49634779,2025-07-27T11:03Z,Baltimore Orioles,5,170,170,100,-205,-205,-120,False,ESPN BET,1,-120,9,,,-1.5,Final,9.5,100
LAD,2025-07-27T17:35Z,401696486,BOS,2025,Los Angeles Dodgers,3,45.959514899999995,2025-07-27T11:03Z,Boston Red Sox,4,-105,-105,-150,-115,-115,125,False,ESPN BET,1,105,9,,,1.5,Final,10.5,-125
PHI,2025-07-27T17:35Z,401696487,NYY,2025,Philadelphia Phillies,3,52.48231983,2025-07-27T11:03Z,New York Yankees,4,-135,-135,-110,115,115,-110,False,ESPN BET,1,-115,9,,,1.5,Final,7.5,-105
TB,2025-07-27T17:40Z,401696488,CIN,2025,Tampa Bay Rays,1,53.704720939999994,2025-07-27T11:03Z,Cincinnati Reds,2,-115,-115,-125,-105,-105,100,False,ESPN BET,1,100,9,,,1.5,Final,9.5,-120
TOR,2025-07-27T17:40Z,401696489,DET,2025,Toronto Blue Jays,4,54.79867931,2025-07-27T11:03Z,Detroit Tigers,10,-105,-105,120,-115,-115,-145,False,ESPN BET,1,-120,9,,,1.5,Final,8.5,100
CHC,2025-07-27T18:10Z,401696491,CHW,2025,Chicago Cubs,5,43.589005400000005,2025-07-27T11:03Z,Chicago White Sox,4,-165,-165,-130,140,140,110,False,ESPN BET,1,-120,9,,,1.5,Final,8.5,100
CLE,2025-07-27T18:10Z,401696492,KC,2025,Cleveland Guardians,1,55.74816886,2025-07-27T11:03Z,Kansas City Royals,4,110,110,-105,-130,-130,-115,False,ESPN BET,1,-120,9,,,-1.5,Final,8.5,100
MIA,2025-07-27T18:10Z,401696493,MIL,2025,Miami Marlins,2,60.67630688,2025-07-27T11:03Z,Milwaukee Brewers,3,130,130,-120,-155,-155,100,False,ESPN BET,1,105,9,,,-1.5,Final,7.5,-125
ATH,2025-07-27T18:10Z,401696494,HOU,2025,Athletics,7,61.58540273999999,2025-07-27T11:03Z,Houston Astros,1,120,120,-155,-145,-145,130,False,ESPN BET,1,100,9,,,-1.5,Final,8.5,-120
WSH,2025-07-27T18:10Z,401696496,MIN,2025,Washington Nationals,7,62.92658453,2025-07-27T11:03Z,Minnesota Twins,2,140,140,105,-165,-165,-125,False,ESPN BET,1,-110,9,,,-1.5,Final,9.5,-110
SD,2025-07-27T18:15Z,401696495,STL,2025,San Diego Padres,9,62.69828173999999,2025-07-27T11:03Z,St. Louis Cardinals,2,105,105,-120,-125,-125,100,False,ESPN BET,1,-130,9,,,-1.5,Final,8.5,110
ATL,2025-07-27T18:35Z,401696490,TEX,2025,Atlanta Braves,1,56.674645479999995,2025-07-27T11:03Z,Texas Rangers,8,105,105,-115,-125,-125,-105,False,ESPN BET,1,-135,9,,,1.5,Final,8.5,115
SEA,2025-07-27T20:07Z,401696498,LAA,2025,Seattle Mariners,1,37.96675754,2025-07-27T11:03Z,Los Angeles Angels,4,-175,-175,-185,145,145,155,False,ESPN BET,1,-120,9,,,1.5,Final,8.5,100
NYM,2025-07-27T23:00Z,401696497,SF,2025,New York Mets,5,48.60296372,2025-07-27T11:03Z,San Francisco Giants,3,-125,-125,-130,105,105,110,False,ESPN BET,1,105,9,,,1.5,Final,8.5,-125
TOR,2025-07-28T22:35Z,401696503,BAL,2025,Toronto Blue Jays,4,44.206393510000005,2025-07-28T11:03Z,Baltimore Orioles,11,-105,-110,-125,-115,-110,105,False,ESPN BET,1,-105,9,,,1.5,Final,9.5,-115
ARI,2025-07-28T22:40Z,401696499,DET,2025,Arizona Diamondbacks,1,55.79597985,2025-07-28T11:03Z,Detroit Tigers,5,115,115,-115,-135,-135,-105,False,ESPN BET,1,-120,9,,,-1.5,Final,8.5,100
COL,2025-07-28T22:40Z,401696500,CLE,2025,Colorado Rockies,8,72.908541,2025-07-28T11:03Z,Cleveland Guardians,6,230,230,140,-285,-285,-165,False,ESPN BET,1,-125,9,,,-1.5,Final,8.5,105
TB,2025-07-28T23:05Z,401696502,NYY,2025,Tampa Bay Rays,4,46.034283869999996,2025-07-28T11:03Z,New York Yankees,2,110,105,-120,-130,-125,100,False,ESPN BET,1,-110,9,,,-1.5,Final,8.5,-110
LAD,2025-07-28T23:10Z,401696501,CIN,2025,Los Angeles Dodgers,5,34.92182688,2025-07-28T11:03Z,Cincinnati Reds,2,-150,-150,-145,125,125,120,False,ESPN BET,1,110,9,,,1.5,Final,9.5,-130
ATL,2025-07-28T23:40Z,401696504,KC,2025,Atlanta Braves,10,46.03239019,2025-07-28T11:03Z,Kansas City Royals,7,-175,-175,-180,145,145,150,False,ESPN BET,1,-110,9,,,1.5,Final,9.5,-110
BOS,2025-07-28T23:40Z,401696505,MIN,2025,Boston Red Sox,4,50.95689372,2025-07-28T11:03Z,Minnesota Twins,5,-110,-110,110,-110,-110,-130,False,ESPN BET,1,105,9,,,1.5,Final,9.5,-125
CHC,2025-07-28T23:40Z,401696506,MIL,2025,Chicago Cubs,4,40.47002624,2025-07-28T11:03Z,Milwaukee Brewers,8,-115,-115,-120,-105,-105,100,False,ESPN BET,1,-110,9,,,1.5,Final,7.5,-110
PHI,2025-07-28T23:40Z,401696508,CHW,2025,Philadelphia Phillies,2,36.31369755,2025-07-28T11:03Z,Chicago White Sox,6,-240,-240,-160,200,200,135,False,ESPN BET,1,105,9,,,2.5,Final,8.5,-125
MIA,2025-07-28T23:45Z,401696507,STL,2025,Miami Marlins,1,55.414708489999995,2025-07-28T11:03Z,St. Louis Cardinals,7,100,100,-145,-120,-120,120,False,ESPN BET,1,105,9,,,1.5,Final,8.5,-125
WSH,2025-07-29T00:10Z,401696509,HOU,2025,Washington Nationals,2,69.10759764,2025-07-28T11:03Z,Houston Astros,1,210,210,145,-255,-255,-175,False,ESPN BET,1,105,9,,,-1.5,Final,7.5,-125
TEX,2025-07-29T01:38Z,401696513,LAA,2025,Texas Rangers,4,33.17456802,2025-07-28T11:03Z,Los Angeles Angels,6,-225,-225,-125,185,185,105,False,ESPN BET,1,-115,9,,,1.5,Final,8.5,-105
NYM,2025-07-29T01:40Z,401696510,SD,2025,New York Mets,6,60.01451728,2025-07-28T11:03Z,San Diego Padres,7,115,115,110,-135,-135,-130,False,ESPN BET,1,-130,9,,,-1.5,Final,7.5,110
PIT,2025-07-29T01:45Z,401696511,SF,2025,Pittsburgh Pirates,6,57.74631094,2025-07-28T11:03Z,San Francisco Giants,5,110,110,105,-130,-130,-125,False,ESPN BET,1,-120,9,,,-1.5,Final,7.5,100
SEA,2025-07-29T02:05Z,401764570,ATH,2025,Seattle Mariners,3,34.82660694,2025-07-28T11:03Z,Athletics,1,-125,-125,105,100,100,-125,False,ESPN BET,1,-110,9,,,1.5,Final,10.5,-110
TOR,2025-07-29T16:35Z,401766969,BAL,2025,Toronto Blue Jays,4,46.44881167,2025-07-29T11:03Z,Baltimore Orioles,16,100,100,110,-120,-120,-130,False,ESPN BET,1,-120,9,,,-1.5,Final,9.5,100
TOR,2025-07-29T22:35Z,401696518,BAL,2025,Toronto Blue Jays,2,42.27391766,2025-07-29T11:03Z,Baltimore Orioles,3,-130,-130,-125,110,110,105,False,ESPN BET,1,-105,9,,,1.5,Final,9.5,-115
ARI,2025-07-29T22:40Z,401696514,DET,2025,Arizona Diamondbacks,2,58.353855239999994,2025-07-29T11:03Z,Detroit Tigers,12,130,130,-110,-155,-155,-110,False,ESPN BET,1,-110,9,,,-1.5,Final,8.5,-110
COL,2025-07-29T22:40Z,401696515,CLE,2025,Colorado Rockies,4,64.76889170999999,2025-07-29T11:03Z,Cleveland Guardians,10,160,160,145,-190,-190,-175,False,ESPN BET,1,-110,9,,,-1.5,Final,8.5,-110
TB,2025-07-29T23:05Z,401696517,NYY,2025,Tampa Bay Rays,5,66.00122398,2025-07-29T11:03Z,New York Yankees,7,155,155,-105,-185,-185,-115,False,ESPN BET,1,-110,9,,,-1.5,Final,8.5,-110
LAD,2025-07-29T23:10Z,401696516,CIN,2025,Los Angeles Dodgers,5,46.61895369,2025-07-29T11:03Z,Cincinnati Reds,4,-155,-155,-165,130,130,140,False,ESPN BET,1,-135,9,,,1.5,Final,8.5,115
ATL,2025-07-29T23:40Z,401696519,KC,2025,Atlanta Braves,6,57.83334515000001,2025-07-29T11:03Z,Kansas City Royals,9,105,105,-150,-125,-125,125,False,ESPN BET,1,-105,9,,,-1.5,Final,9.5,-115
BOS,2025-07-29T23:40Z,401696520,MIN,2025,Boston Red Sox,8,50.708347180000004,2025-07-29T11:03Z,Minnesota Twins,5,-130,-130,100,110,110,-120,False,ESPN BET,1,-125,9,,,1.5,Final,8.5,105
CHC,2025-07-29T23:40Z,401696521,MIL,2025,Chicago Cubs,3,53.46444937,2025-07-29T11:03Z,Milwaukee Brewers,9,110,110,125,-130,-130,-150,False,ESPN BET,1,105,9,,,-1.5,Final,8.5,-125
PHI,2025-07-29T23:40Z,401696523,CHW,2025,Philadelphia Phillies,6,45.50823803,2025-07-29T11:03Z,Chicago White Sox,3,-180,-180,-175,150,150,145,False,ESPN BET,1,-120,9,,,1.5,Final,8.5,100
MIA,2025-07-29T23:45Z,401696522,STL,2025,Miami Marlins,5,71.18166964,2025-07-29T11:03Z,St. Louis Cardinals,0,130,130,105,-155,-155,-125,False,ESPN BET,1,100,9,,,-1.5,Final,7.5,-120
WSH,2025-07-30T00:10Z,401696524,HOU,2025,Washington Nationals,4,58.60780981,2025-07-29T11:03Z,Houston Astros,7,105,105,-120,-125,-125,100,False,ESPN BET,1,-105,9,,,1.5,Final,8.5,-115
TEX,2025-07-30T01:38Z,401696528,LAA,2025,Texas Rangers,5,58.67843759,2025-07-29T11:03Z,Los Angeles Angels,8,110,110,125,-130,-130,-155,False,ESPN BET,1,-130,9,,,-1.5,Final,8.5,110
NYM,2025-07-30T01:40Z,401696525,SD,2025,New York Mets,1,53.597155969999996,2025-07-29T11:03Z,San Diego Padres,7,-130,-130,-165,110,110,140,False,ESPN BET,1,100,9,,,1.5,Final,8.5,-120
PIT,2025-07-30T01:45Z,401696526,SF,2025,Pittsburgh Pirates,3,59.517595199999995,2025-07-29T11:03Z,San Francisco Giants,1,145,145,100,-175,-175,-120,False,ESPN BET,1,105,9,,,-1.5,Final,8.5,-125
SEA,2025-07-30T02:05Z,401764571,ATH,2025,Seattle Mariners,1,39.9818298,2025-07-29T11:03Z,Athletics,6,-110,-110,110,-110,-110,-130,False,ESPN BET,1,-120,9,,,1.5,Final,10.5,100
TOR,2025-07-30T16:35Z,401696533,BAL,2025,Toronto Blue Jays,9,50.833062090000006,2025-07-30T11:02Z,Baltimore Orioles,8,105,105,-105,-125,-125,-115,False,ESPN BET,1,-115,9,,,-1.5,Final,9.5,-105
ARI,2025-07-30T17:10Z,401696529,DET,2025,Arizona Diamondbacks,2,49.63305638,2025-07-30T11:02Z,Detroit Tigers,7,110,110,100,-130,-130,-120,False,ESPN BET,1,105,9,,,-1.5,Final,9.5,-125
BOS,2025-07-30T17:10Z,401696535,MIN,2025,Boston Red Sox,13,41.00497116,2025-07-30T11:02Z,Minnesota Twins,1,-110,-110,105,-125,-125,-125,False,ESPN BET,1,-125,9,,,1.5,Final,7.5,105
ATL,2025-07-30T18:10Z,401696534,KC,2025,Atlanta Braves,0,51.991130549999994,2025-07-30T11:02Z,Kansas City Royals,1,105,105,100,-125,-125,-120,False,ESPN BET,1,105,10,,,-1.5,Final/10,9.5,-125
CHC,2025-07-30T18:10Z,401696536,MIL,2025,Chicago Cubs,10,52.712966179999995,2025-07-30T11:02Z,Milwaukee Brewers,3,100,100,115,-120,-120,-135,False,ESPN BET,1,115,9,,,1.5,Final,7.5,-135
PHI,2025-07-30T18:10Z,401696538,CHW,2025,Philadelphia Phillies,3,55.80894897,2025-07-30T11:02Z,Chicago White Sox,9,-145,-145,-150,120,120,125,False,ESPN BET,1,-125,9,,,1.5,Final,8.5,105
WSH,2025-07-30T18:10Z,401696539,HOU,2025,Washington Nationals,1,53.755732759999994,2025-07-30T11:02Z,Houston Astros,9,-105,-105,-120,-115,-115,100,False,ESPN BET,1,105,9,,,1.5,Final,8.5,-125
PIT,2025-07-30T19:45Z,401696541,SF,2025,Pittsburgh Pirates,2,72.26280602,2025-07-30T11:02Z,San Francisco Giants,1,170,170,-110,-205,-205,-110,False,ESPN BET,1,115,10,,,-1.5,Final/10,7.5,-135
NYM,2025-07-30T20:10Z,401696540,SD,2025,New York Mets,0,43.45450558,2025-07-30T11:02Z,San Diego Padres,5,100,100,-105,-120,-120,-115,False,ESPN BET,1,-110,9,,,1.5,Final,8.5,-110
COL,2025-07-30T22:40Z,401696530,CLE,2025,Colorado Rockies,0,69.28722834999999,2025-07-30T11:02Z,Cleveland Guardians,5,145,145,105,-175,-175,-125,False,ESPN BET,1,-125,9,,,-1.5,Final,7.5,105
TB,2025-07-30T23:05Z,401696532,NYY,2025,Tampa Bay Rays,4,50.431139449999996,2025-07-30T11:02Z,New York Yankees,5,120,120,130,-145,-145,-155,False,ESPN BET,1,105,11,,,-1.5,Final/11,9.5,-125
LAD,2025-07-30T23:10Z,401696531,CIN,2025,Los Angeles Dodgers,2,49.19913049,2025-07-30T11:02Z,Cincinnati Reds,5,-175,-175,-180,145,145,150,False,ESPN BET,1,-105,9,,,1.5,Final,9.5,-115
MIA,2025-07-30T23:45Z,401696537,STL,2025,Miami Marlins,2,61.884277860000005,2025-07-30T11:02Z,St. Louis Cardinals,0,115,115,-120,-135,-135,100,False,ESPN BET,1,100,9,,,-1.5,Final,8.5,-120
TEX,2025-07-31T01:38Z,401696543,LAA,2025,Texas Rangers,6,44.05610443,2025-07-30T11:02Z,Los Angeles Angels,3,-120,-120,-115,100,100,-105,False,ESPN BET,1,-105,9,,,1.5,Final,8.5,-115
SEA,2025-07-31T02:05Z,401764572,ATH,2025,Seattle Mariners,4,37.49055679,2025-07-30T11:03Z,Athletics,5,-150,-150,-135,125,125,115,False,ESPN BET,1,-115,9,,,1.5,Final,9.5,-105
TB,2025-07-31T17:05Z,401696544,NYY,2025,Tampa Bay Rays,4,46.725457469999995,2025-07-31T11:03Z,New York Yankees,7,-125,-125,-150,105,105,125,False,ESPN BET,1,-110,9,,,1.5,Final,8.5,-110
ATL,2025-07-31T23:10Z,401696576,CIN,2025,Atlanta Braves,12,69.24043648,2025-07-31T11:03Z,Cincinnati Reds,11,135,135,-105,-165,-165,-115,False,ESPN BET,1,-130,10,,,-1.5,Final/10,8.5,110
TEX,2025-08-01T01:40Z,401696545,SEA,2025,Texas Rangers,0,62.45109215,2025-07-31T11:03Z,Seattle Mariners,6,145,145,120,-175,-175,-145,False,ESPN BET,1,-110,9,,,-1.5,Final,7.5,-110
ATL,2025-08-01T16:40Z,401696546,CIN,2025,Atlanta Braves,2,64.66817179,2025-08-01T11:02Z,Cincinnati Reds,3,120,120,-110,-145,-145,-110,False,ESPN BET,1,100,9,,,-1.5,Final,9.5,-120
BAL,2025-08-01T18:20Z,401696555,CHC,2025,Baltimore Orioles,0,61.47880068,2025-08-01T11:02Z,Chicago Cubs,1,125,125,-105,-150,-150,-115,False,ESPN BET,1,120,9,,,-1.5,Final,7.5,-145
DET,2025-08-01T22:45Z,401696547,PHI,2025,Detroit Tigers,4,61.80221965,2025-08-01T11:02Z,Philadelphia Phillies,5,130,130,110,-155,-155,-130,False,ESPN BET,1,-110,9,,,-1.5,Final,7.5,-110
MIL,2025-08-01T22:45Z,401696551,WSH,2025,Milwaukee Brewers,16,42.65013237,2025-08-01T11:02Z,Washington Nationals,9,-160,-160,-150,135,135,125,False,ESPN BET,1,-115,9,,,1.5,Final,8.5,-105
KC,2025-08-01T23:07Z,401696549,TOR,2025,Kansas City Royals,9,63.803700510000006,2025-08-01T11:02Z,Toronto Blue Jays,3,135,135,110,-160,-160,-130,False,ESPN BET,1,-115,9,,,-1.5,Final,7.5,-105
HOU,2025-08-01T23:10Z,401696548,BOS,2025,Houston Astros,1,51.396157009999996,2025-08-01T11:02Z,Boston Red Sox,2,-125,-125,110,105,105,-130,False,ESPN BET,1,-125,10,,,1.5,Final/10,7.5,105
MIN,2025-08-01T23:10Z,401696552,CLE,2025,Minnesota Twins,2,49.06191908,2025-08-01T11:02Z,Cleveland Guardians,3,115,115,-125,-135,-135,105,False,ESPN BET,1,-135,10,,,-1.5,Final/10,6.5,115
NYY,2025-08-01T23:10Z,401696553,MIA,2025,New York Yankees,12,36.90680779,2025-08-01T11:02Z,Miami Marlins,13,-160,-160,-150,135,135,125,False,ESPN BET,1,-115,9,,,1.5,Final,7.5,-105
SF,2025-08-01T23:10Z,401696554,NYM,2025,San Francisco Giants,4,57.86424418,2025-08-01T11:02Z,New York Mets,3,125,125,100,-150,-150,-120,False,ESPN BET,1,-125,10,,,-1.5,Final/10,7.5,105
LAD,2025-08-01T23:35Z,401696550,TB,2025,Los Angeles Dodgers,5,42.84752193,2025-08-01T11:02Z,Tampa Bay Rays,0,-120,-120,110,100,100,-130,False,ESPN BET,1,-130,9,,,1.5,Final,8.5,110
PIT,2025-08-02T00:10Z,401696556,COL,2025,Pittsburgh Pirates,16,40.12926679,2025-08-01T11:02Z,Colorado Rockies,17,-135,-135,-115,115,115,-105,False,ESPN BET,1,-115,9,,,1.5,Final,11.5,-105
CHW,2025-08-02T01:38Z,401696558,LAA,2025,Chicago White Sox,6,55.87765669,2025-08-01T11:02Z,Los Angeles Angels,3,105,105,105,-125,-125,-125,False,ESPN BET,1,-120,9,,,-1.5,Final,8.5,100
STL,2025-08-02T01:40Z,401696559,SD,2025,St. Louis Cardinals,1,62.27453415000001,2025-08-01T11:02Z,San Diego Padres,4,160,160,100,-190,-190,-120,False,ESPN BET,1,-110,9,,,-1.5,Final,7.5,-110
ARI,2025-08-02T02:05Z,401764573,ATH,2025,Arizona Diamondbacks,1,40.97528902,2025-08-01T11:02Z,Athletics,5,110,110,135,-130,-130,-160,False,ESPN BET,1,-125,9,,,1.5,Final,9.5,105
TEX,2025-08-02T02:10Z,401696560,SEA,2025,Texas Rangers,3,66.9951236,2025-08-01T11:02Z,Seattle Mariners,4,160,160,140,-190,-190,-165,False,ESPN BET,1,-105,9,,,-1.5,Final,7.5,-115
LAD,2025-08-02T17:10Z,401696565,TB,2025,Los Angeles Dodgers,0,44.972739350000005,2025-08-02T11:03Z,Tampa Bay Rays,4,-115,-115,-115,-105,-105,-105,False,ESPN BET,1,-125,9,,,1.5,Final,7.5,105
BAL,2025-08-02T18:20Z,401696570,CHC,2025,Baltimore Orioles,4,74.18150206,2025-08-02T11:03Z,Chicago Cubs,3,195,195,110,-235,-235,-130,False,ESPN BET,1,110,9,,,-1.5,Final,7.5,-130
KC,2025-08-02T19:07Z,401696564,TOR,2025,Kansas City Royals,2,57.77848042,2025-08-02T11:03Z,Toronto Blue Jays,4,120,120,-115,-145,-145,-105,False,ESPN BET,1,100,9,,,-1.5,Final,8.5,-120
PIT,2025-08-02T19:10Z,401696571,COL,2025,Pittsburgh Pirates,5,29.19928289,2025-08-02T11:03Z,Colorado Rockies,8,-240,-240,-175,200,200,145,False,ESPN BET,1,100,9,,,2.5,Final,10.5,-120
DET,2025-08-02T20:05Z,401696562,PHI,2025,Detroit Tigers,7,50.85445519,2025-08-02T11:03Z,Philadelphia Phillies,5,-105,-105,-115,-115,-115,-105,False,ESPN BET,1,-105,9,,,1.5,Final,6.5,-115
MIL,2025-08-02T20:05Z,401696566,WSH,2025,Milwaukee Brewers,8,42.036624509999996,2025-08-02T11:03Z,Washington Nationals,2,-185,-185,-165,155,155,140,False,ESPN BET,1,-110,9,,,1.5,Final,8.5,-110
HOU,2025-08-02T20:10Z,401696563,BOS,2025,Houston Astros,3,52.50054424,2025-08-02T11:03Z,Boston Red Sox,7,120,120,105,-135,-135,-125,False,ESPN BET,1,105,9,,,-1.5,Final,9.5,-125
MIN,2025-08-02T20:10Z,401696567,CLE,2025,Minnesota Twins,4,58.180840440000004,2025-08-02T11:03Z,Cleveland Guardians,5,135,135,-110,-160,-160,-110,False,ESPN BET,1,110,9,,,-1.5,Final,7.5,-130
NYY,2025-08-02T20:10Z,401696568,MIA,2025,New York Yankees,0,50.73980026,2025-08-02T11:03Z,Miami Marlins,2,-105,-105,115,-115,-115,-135,False,ESPN BET,1,-120,9,,,1.5,Final,7.5,100
SF,2025-08-02T20:10Z,401696569,NYM,2025,San Francisco Giants,6,72.45501248000001,2025-08-02T11:03Z,New York Mets,12,160,160,145,-190,-190,-175,False,ESPN BET,1,100,9,,,-1.5,Final,8.5,-120
TEX,2025-08-02T20:10Z,401696575,SEA,2025,Texas Rangers,6,59.288335839999995,2025-08-02T11:03Z,Seattle Mariners,4,110,110,-125,-130,-130,105,False,ESPN BET,1,-110,11,,,-1.5,Final/11,7.5,-110
ATL,2025-08-02T23:15Z,401696561,CIN,2025,Atlanta Braves,4,46.764127020000004,2025-08-02T11:03Z,Cincinnati Reds,2,100,100,-120,-120,-120,100,True,ESPN BET,1,105,9,,,1.5,Final,8.5,-125
ARI,2025-08-03T02:05Z,401764574,ATH,2025,Arizona Diamondbacks,7,48.607470209999995,2025-08-02T11:03Z,Athletics,2,105,105,120,-125,-125,-145,False,ESPN BET,1,-120,9,,,1.5,Final,9.5,100
CHW,2025-08-03T02:07Z,401696573,LAA,2025,Chicago White Sox,1,55.49050268,2025-08-02T11:03Z,Los Angeles Angels,0,115,115,115,-135,-135,-135,False,ESPN BET,1,-130,9,,,-1.5,Final,8.5,110
STL,2025-08-03T02:10Z,401696574,SD,2025,St. Louis Cardinals,8,53.59615779,2025-08-02T11:03Z,San Diego Padres,5,125,125,-110,-150,-150,-110,False,ESPN BET,1,-125,9,,,-1.5,Final,8.5,105
HOU,2025-08-03T15:35Z,401696578,BOS,2025,Houston Astros,1,50.084230610000006,2025-08-03T11:02Z,Boston Red Sox,6,-130,-130,-175,110,110,145,False,ESPN BET,1,-130,9,,,1.5,Final,7.5,110
LAD,2025-08-03T16:10Z,401696580,TB,2025,Los Angeles Dodgers,3,34.49400531,2025-08-03T11:02Z,Tampa Bay Rays,0,-160,-160,-125,135,135,105,False,ESPN BET,1,-120,9,,,1.5,Final,8.5,100
MIL,2025-08-03T17:35Z,401696581,WSH,2025,Milwaukee Brewers,14,46.0283179,2025-08-03T11:02Z,Washington Nationals,3,-150,-150,-155,125,125,130,False,ESPN BET,1,-120,9,,,1.5,Final,8.5,100
KC,2025-08-03T17:37Z,401696579,TOR,2025,Kansas City Royals,7,58.242408850000004,2025-08-03T11:02Z,Toronto Blue Jays,4,125,125,105,-150,-150,-125,False,ESPN BET,1,100,10,,,-1.5,Final/10,8.5,-120
MIN,2025-08-03T17:40Z,401696582,CLE,2025,Minnesota Twins,5,59.79359735999999,2025-08-03T11:02Z,Cleveland Guardians,4,145,145,135,-175,-175,-160,False,ESPN BET,1,100,9,,,-1.5,Final,8.5,-120
NYY,2025-08-03T17:40Z,401696583,MIA,2025,New York Yankees,3,50.38418569,2025-08-03T11:02Z,Miami Marlins,7,-120,-120,105,100,100,-125,False,ESPN BET,1,-110,9,,,1.5,Final,7.5,-110
SF,2025-08-03T17:40Z,401696584,NYM,2025,San Francisco Giants,12,55.941695589999995,2025-08-03T11:02Z,New York Mets,4,140,140,110,-165,-165,-130,False,ESPN BET,1,-120,9,,,-1.5,Final,8.5,100
BAL,2025-08-03T18:20Z,401696585,CHC,2025,Baltimore Orioles,3,67.73661396,2025-08-03T11:02Z,Chicago Cubs,5,155,155,100,-185,-185,-120,False,ESPN BET,1,-130,9,,,-1.5,Final,7.5,110
PIT,2025-08-03T19:10Z,401696586,COL,2025,Pittsburgh Pirates,9,38.484247249999996,2025-08-03T11:02Z,Colorado Rockies,5,-160,-160,-135,135,135,115,False,ESPN BET,1,-125,9,,,1.5,Final,10.5,105
ARI,2025-08-03T20:05Z,401764575,ATH,2025,Arizona Diamondbacks,6,50.132954,2025-08-03T11:02Z,Athletics,4,110,110,100,-130,-130,-120,False,ESPN BET,1,-120,9,,,-1.5,Final,9.5,100
CHW,2025-08-03T20:07Z,401696588,LAA,2025,Chicago White Sox,5,48.16033229,2025-08-03T11:02Z,Los Angeles Angels,8,115,115,110,-135,-135,-130,False,ESPN BET,1,-110,9,,,-1.5,Final,9.5,-110
STL,2025-08-03T20:10Z,401696589,SD,2025,St. Louis Cardinals,3,56.723615810000005,2025-08-03T11:02Z,San Diego Padres,7,170,170,150,-205,-205,-180,False,ESPN BET,1,-125,9,,,-1.5,Final,7.5,105
TEX,2025-08-03T20:10Z,401696590,SEA,2025,Texas Rangers,4,45.941210510000005,2025-08-03T11:02Z,Seattle Mariners,5,-145,-145,-110,120,120,-110,False,ESPN BET,1,105,9,,,1.5,Final,7.5,-125
DET,2025-08-03T23:00Z,401696577,PHI,2025,Detroit Tigers,0,67.47383633,2025-08-03T11:02Z,Philadelphia Phillies,2,155,155,140,-185,-185,-165,False,ESPN BET,1,-115,9,,,-1.5,Final,8.5,-105
HOU,2025-08-04T22:40Z,401696593,MIA,2025,Houston Astros,8,49.49185734,2025-08-04T11:02Z,Miami Marlins,2,110,110,-110,-130,-130,-110,False,ESPN BET,1,100,9,,,-1.5,Final,8.5,-120
MIN,2025-08-04T22:40Z,401696596,DET,2025,Minnesota Twins,3,61.21584162,2025-08-04T11:02Z,Detroit Tigers,6,160,160,100,-190,-190,-120,False,ESPN BET,1,-120,9,,,-1.5,Final,8.5,100
SF,2025-08-04T22:40Z,401696597,PIT,2025,San Francisco Giants,4,49.24787431,2025-08-04T11:02Z,Pittsburgh Pirates,5,-130,-130,-115,110,110,-105,False,ESPN BET,1,-115,9,,,1.5,Final,8.5,-105
BAL,2025-08-04T22:45Z,401696591,PHI,2025,Baltimore Orioles,3,62.356528870000005,2025-08-04T11:02Z,Philadelphia Phillies,13,165,165,125,-200,-200,-150,False,ESPN BET,1,110,9,,,-1.5,Final,9.5,-130
CLE,2025-08-04T23:10Z,401696592,NYM,2025,Cleveland Guardians,7,63.9725066,2025-08-04T11:02Z,New York Mets,6,165,165,195,-200,-200,-235,False,ESPN BET,1,-125,10,,,-1.5,Final/10,7.5,105
KC,2025-08-04T23:10Z,401696594,BOS,2025,Kansas City Royals,5,69.53866864,2025-08-04T11:02Z,Boston Red Sox,8,130,130,100,-155,-155,-120,False,ESPN BET,1,100,9,,,-1.5,Final,9.5,-120
MIL,2025-08-04T23:15Z,401696595,ATL,2025,Milwaukee Brewers,3,44.36134509,2025-08-04T11:02Z,Atlanta Braves,1,-150,-145,-150,115,110,125,False,ESPN BET,1,100,9,,,1.5,Final,8.5,-120
CIN,2025-08-05T00:05Z,401696598,CHC,2025,Cincinnati Reds,3,51.12852713,2025-08-04T11:02Z,Chicago Cubs,2,115,115,105,-135,-135,-125,False,ESPN BET,1,110,9,,,-1.5,Final,7.5,-130
NYY,2025-08-05T00:05Z,401696599,TEX,2025,New York Yankees,5,40.57472625,2025-08-04T11:02Z,Texas Rangers,8,-135,-135,-120,115,115,100,False,ESPN BET,1,-110,10,,,1.5,Final/10,7.5,-110
TOR,2025-08-05T00:40Z,401696600,COL,2025,Toronto Blue Jays,15,31.699803929999998,2025-08-04T11:02Z,Colorado Rockies,1,-210,-210,-215,175,175,180,False,ESPN BET,1,-110,9,,,2.5,Final,12.5,-110
TB,2025-08-05T01:38Z,401696633,LAA,2025,Tampa Bay Rays,1,53.44007933,2025-08-04T11:02Z,Los Angeles Angels,5,100,100,105,-120,-120,-125,False,ESPN BET,1,-105,9,,,-1.5,Final,8.5,-115
SD,2025-08-05T01:40Z,401696601,ARI,2025,San Diego Padres,2,57.3218377,2025-08-04T11:02Z,Arizona Diamondbacks,6,-125,-125,-165,105,105,140,False,ESPN BET,1,115,9,,,1.5,Final,9.5,-135
STL,2025-08-05T02:10Z,401696602,LAD,2025,St. Louis Cardinals,3,66.56812717,2025-08-04T11:02Z,Los Angeles Dodgers,2,140,140,145,-165,-165,-175,False,ESPN BET,1,-135,9,,,-1.5,Final,7.5,115
HOU,2025-08-05T22:40Z,401696606,MIA,2025,Houston Astros,7,42.48399677,2025-08-05T11:02Z,Miami Marlins,3,-110,-110,-130,-110,-110,110,False,ESPN BET,1,-105,9,,,1.5,Final,8.5,-115
MIN,2025-08-05T22:40Z,401696609,DET,2025,Minnesota Twins,6,63.537959060000006,2025-08-05T11:02Z,Detroit Tigers,3,115,115,105,-135,-135,-125,False,ESPN BET,1,110,9,,,-1.5,Final,8.5,-130
SF,2025-08-05T22:40Z,401696611,PIT,2025,San Francisco Giants,8,40.45282454,2025-08-05T11:02Z,Pittsburgh Pirates,1,-135,-135,-125,115,115,105,False,ESPN BET,1,105,9,,,1.5,Final,7.5,-125
BAL,2025-08-05T22:45Z,401696604,PHI,2025,Baltimore Orioles,0,53.16111766,2025-08-05T11:02Z,Philadelphia Phillies,5,120,120,105,-145,-145,-125,False,ESPN BET,1,-120,9,,,-1.5,Final,9.5,100
ATH,2025-08-05T22:45Z,401696610,WSH,2025,Athletics,16,60.12414409,2025-08-05T11:02Z,Washington Nationals,7,110,110,110,-130,-130,-130,False,ESPN BET,1,-120,9,,,-1.5,Final,8.5,100
CLE,2025-08-05T23:10Z,401696605,NYM,2025,Cleveland Guardians,3,68.59825083999999,2025-08-05T11:02Z,New York Mets,2,135,135,130,-165,-165,-155,False,ESPN BET,1,-110,9,,,-1.5,Final,8.5,-110
KC,2025-08-05T23:10Z,401696607,BOS,2025,Kansas City Royals,2,77.59115209000001,2025-08-05T11:02Z,Boston Red Sox,6,195,195,150,-235,-235,-180,False,ESPN BET,1,-120,9,,,-1.5,Final,7.5,100
MIL,2025-08-05T23:15Z,401696608,ATL,2025,Milwaukee Brewers,7,41.35786085,2025-08-05T11:02Z,Atlanta Braves,2,-150,-150,-120,125,125,100,False,ESPN BET,1,-105,9,,,1.5,Final,7.5,-115
CIN,2025-08-06T00:05Z,401696612,CHC,2025,Cincinnati Reds,5,62.7270444,2025-08-05T11:02Z,Chicago Cubs,1,155,155,135,-185,-185,-160,False,ESPN BET,1,100,9,,,-1.5,Final,7.5,-120
NYY,2025-08-06T00:05Z,401696613,TEX,2025,New York Yankees,0,63.80113496999999,2025-08-05T11:02Z,Texas Rangers,2,105,105,105,-125,-125,-125,False,ESPN BET,1,105,9,,,-1.5,Final,8.5,-125
TOR,2025-08-06T00:40Z,401696614,COL,2025,Toronto Blue Jays,10,35.20159622,2025-08-05T11:02Z,Colorado Rockies,4,-235,-235,-145,195,195,120,False,ESPN BET,1,-115,9,,,2.5,Final,11.5,-105
TB,2025-08-06T01:38Z,401696603,LAA,2025,Tampa Bay Rays,7,50.41815561000001,2025-08-05T11:02Z,Los Angeles Angels,3,105,105,-125,-125,-125,105,False,ESPN BET,1,100,9,,,-1.5,Final,8.5,-120
CHW,2025-08-06T01:40Z,401696615,SEA,2025,Chicago White Sox,3,70.1095197,2025-08-05T11:02Z,Seattle Mariners,8,205,205,145,-250,-250,-175,False,ESPN BET,1,-115,9,,,-1.5,Final,7.5,-105
SD,2025-08-06T01:40Z,401696616,ARI,2025,San Diego Padres,10,63.532123819999995,2025-08-05T11:02Z,Arizona Diamondbacks,5,-125,-125,-115,105,105,-105,False,ESPN BET,1,-125,11,,,1.5,Final/11,8.5,105
STL,2025-08-06T02:10Z,401696617,LAD,2025,St. Louis Cardinals,6,63.77524753,2025-08-05T11:02Z,Los Angeles Dodgers,12,150,150,150,-180,-180,-180,False,ESPN BET,1,115,9,,,-1.5,Final,9.5,-135
BAL,2025-08-06T16:35Z,401696619,PHI,2025,Baltimore Orioles,5,63.57371881,2025-08-06T11:02Z,Philadelphia Phillies,1,150,150,120,-180,-180,-145,False,ESPN BET,1,-110,9,,,-1.5,Final,7.5,-110
SF,2025-08-06T16:35Z,401696626,PIT,2025,San Francisco Giants,4,38.77134872,2025-08-06T11:02Z,Pittsburgh Pirates,2,-150,-150,-155,125,125,130,False,ESPN BET,1,-130,9,,,1.5,Final,7.5,110
CLE,2025-08-06T17:10Z,401696620,NYM,2025,Cleveland Guardians,4,62.71302291000001,2025-08-06T11:02Z,New York Mets,1,150,150,125,-180,-180,-150,False,ESPN BET,1,-105,9,,,-1.5,Final,7.5,-115
MIN,2025-08-06T17:10Z,401696624,DET,2025,Minnesota Twins,9,59.92666451,2025-08-06T11:02Z,Detroit Tigers,4,170,170,140,-205,-205,-165,False,ESPN BET,1,-120,9,,,-1.5,Final,8.5,100
CIN,2025-08-06T18:20Z,401696627,CHC,2025,Cincinnati Reds,1,56.56271531,2025-08-06T11:02Z,Chicago Cubs,6,115,115,110,-135,-135,-130,False,ESPN BET,1,105,9,,,-1.5,Final,7.5,-125
NYY,2025-08-06T18:35Z,401696628,TEX,2025,New York Yankees,3,41.9985639,2025-08-06T11:02Z,Texas Rangers,2,-130,-130,-130,110,110,110,False,ESPN BET,1,-115,9,,,1.5,Final,7.5,-105
TOR,2025-08-06T19:10Z,401696629,COL,2025,Toronto Blue Jays,20,34.24030037,2025-08-06T11:02Z,Colorado Rockies,1,-270,-270,-165,220,220,140,False,ESPN BET,1,100,9,,,2.5,Final,11.5,-120
TB,2025-08-06T20:07Z,401696618,LAA,2025,Tampa Bay Rays,5,49.34789409,2025-08-06T11:02Z,Los Angeles Angels,4,-125,-125,-135,105,105,115,False,ESPN BET,1,115,9,,,1.5,Final,9.5,-135
STL,2025-08-06T20:10Z,401696632,LAD,2025,St. Louis Cardinals,5,61.191746800000004,2025-08-06T11:02Z,Los Angeles Dodgers,3,170,170,130,-205,-205,-155,False,ESPN BET,1,-105,9,,,-1.5,Final,9.5,-115
HOU,2025-08-06T20:40Z,401696621,MIA,2025,Houston Astros,4,46.446079839999996,2025-08-06T11:02Z,Miami Marlins,6,100,100,-155,-120,-120,130,False,ESPN BET,1,110,9,,,1.5,Final,8.5,-130
ATH,2025-08-06T22:45Z,401696625,WSH,2025,Athletics,1,48.98884297,2025-08-06T11:02Z,Washington Nationals,2,-145,-145,110,120,120,-130,False,ESPN BET,1,-125,9,,,1.5,Final,8.5,105
KC,2025-08-06T23:10Z,401696622,BOS,2025,Kansas City Royals,7,60.18599140999999,2025-08-06T11:02Z,Boston Red Sox,3,120,120,100,-150,-150,-120,False,ESPN BET,1,-110,9,,,-1.5,Final,8.5,-110
MIL,2025-08-06T23:15Z,401696623,ATL,2025,Milwaukee Brewers,5,48.52184885,2025-08-06T11:02Z,Atlanta Braves,4,110,110,125,-130,-130,-150,False,ESPN BET,1,-125,9,,,-1.5,Final,7.5,105
CHW,2025-08-07T01:40Z,401696630,SEA,2025,Chicago White Sox,6,70.30758782,2025-08-06T11:02Z,Seattle Mariners,8,220,220,150,-270,-270,-180,False,ESPN BET,1,-105,9,,,-1.5,Final,7.5,-115
SD,2025-08-07T01:40Z,401696631,ARI,2025,San Diego Padres,3,54.891107530000006,2025-08-06T11:02Z,Arizona Diamondbacks,2,-135,-135,-150,115,115,125,False,ESPN BET,1,-105,9,,,1.5,Final,9.5,-115
ATH,2025-08-07T16:05Z,401696636,WSH,2025,Athletics,6,52.102882269999995,2025-08-07T11:02Z,Washington Nationals,0,-160,-160,-155,135,135,130,False,ESPN BET,1,-125,9,,,1.5,Final,8.5,105
CHW,2025-08-07T20:10Z,401696637,SEA,2025,Chicago White Sox,3,70.37438929999999,2025-08-07T11:02Z,Seattle Mariners,4,240,240,150,-300,-300,-180,False,ESPN BET,1,110,11,,,-1.5,Final/11,7.5,-130
CIN,2025-08-07T22:40Z,401696634,PIT,2025,Cincinnati Reds,0,61.73786716000001,2025-08-07T11:02Z,Pittsburgh Pirates,7,140,140,100,-165,-165,-120,False,ESPN BET,1,-135,9,,,-1.5,Final,6.5,115
MIA,2025-08-07T23:15Z,401696635,ATL,2025,Miami Marlins,6,47.46606324,2025-08-07T11:02Z,Atlanta Braves,8,-135,-135,-155,115,115,130,False,ESPN BET,1,-125,9,,,1.5,Final,7.5,105
CIN,2025-08-08T22:40Z,401696639,PIT,2025,Cincinnati Reds,2,53.48119492,2025-08-08T11:02Z,Pittsburgh Pirates,3,-130,-130,-145,105,105,120,False,ESPN BET,1,-105,9,,,1.5,Final,7.5,-115
HOU,2025-08-08T23:05Z,401696640,NYY,2025,Houston Astros,5,47.150366500000004,2025-08-08T11:02Z,New York Yankees,3,100,100,-110,-120,-120,-110,False,ESPN BET,1,-115,10,,,1.5,Final/10,7.5,-105
ATH,2025-08-08T23:05Z,401696642,BAL,2025,Athletics,2,56.50169097,2025-08-08T11:02Z,Baltimore Orioles,3,105,105,-125,-125,-125,105,False,ESPN BET,1,-120,9,,,1.5,Final,9.5,100
LAA,2025-08-08T23:10Z,401696638,DET,2025,Los Angeles Angels,5,76.08484426999999,2025-08-08T11:02Z,Detroit Tigers,6,225,225,170,-275,-275,-205,False,ESPN BET,1,-110,9,,,-1.5,Final,7.5,-110
MIA,2025-08-08T23:15Z,401696641,ATL,2025,Miami Marlins,5,46.41494715,2025-08-08T11:02Z,Atlanta Braves,1,-135,-135,-120,105,105,100,False,ESPN BET,1,105,9,,,1.5,Final,8.5,-125
CLE,2025-08-08T23:40Z,401696644,CHW,2025,Cleveland Guardians,9,50.21581167,2025-08-08T11:02Z,Chicago White Sox,5,-135,-135,-110,115,115,-110,False,ESPN BET,1,100,9,,,1.5,Final,8.5,-120
PHI,2025-08-09T00:05Z,401696647,TEX,2025,Philadelphia Phillies,9,46.69424109,2025-08-08T11:02Z,Texas Rangers,1,-130,-130,-175,110,110,145,False,ESPN BET,1,100,9,,,1.5,Final,7.5,-120
KC,2025-08-09T00:10Z,401696645,MIN,2025,Kansas City Royals,4,62.396116150000005,2025-08-08T11:02Z,Minnesota Twins,9,115,115,-125,-135,-135,105,False,ESPN BET,1,-105,9,,,-1.5,Final,8.5,-115
NYM,2025-08-09T00:10Z,401696646,MIL,2025,New York Mets,2,57.794755720000005,2025-08-08T11:02Z,Milwaukee Brewers,3,125,125,-120,-150,-150,100,False,ESPN BET,1,-105,9,,,-1.5,Final,8.5,-115
CHC,2025-08-09T00:15Z,401696643,STL,2025,Chicago Cubs,0,38.71071266,2025-08-08T11:02Z,St. Louis Cardinals,5,-165,-165,-165,140,140,140,False,ESPN BET,1,-105,9,,,1.5,Final,8.5,-115
BOS,2025-08-09T01:40Z,401696648,SD,2025,Boston Red Sox,10,66.51288664,2025-08-08T11:02Z,San Diego Padres,2,145,145,145,-175,-175,-175,False,ESPN BET,1,105,9,,,-1.5,Final,8.5,-125
COL,2025-08-09T01:40Z,401696649,ARI,2025,Colorado Rockies,1,70.58300383,2025-08-08T11:02Z,Arizona Diamondbacks,6,180,180,120,-215,-215,-145,False,ESPN BET,1,105,9,,,-1.5,Final,9.5,-125
TB,2025-08-09T01:40Z,401696650,SEA,2025,Tampa Bay Rays,2,49.64131732,2025-08-08T11:02Z,Seattle Mariners,3,105,105,-130,-125,-125,110,False,ESPN BET,1,-130,9,,,-1.5,Final,6.5,110
TOR,2025-08-09T02:10Z,401696651,LAD,2025,Toronto Blue Jays,1,61.668242039999996,2025-08-08T11:02Z,Los Angeles Dodgers,5,115,115,100,-135,-135,-120,False,ESPN BET,1,-135,9,,,-1.5,Final,8.5,115
WSH,2025-08-09T02:15Z,401696652,SF,2025,Washington Nationals,0,51.02437853,2025-08-08T11:02Z,San Francisco Giants,5,145,145,110,-175,-175,-130,False,ESPN BET,1,-105,9,,,-1.5,Final,8.5,-115
MIA,2025-08-09T17:15Z,401766608,ATL,2025,Miami Marlins,1,42.389163159999995,2025-08-09T11:02Z,Atlanta Braves,7,100,100,-105,-160,-160,-180,False,ESPN BET,1,-125,9,,,1.5,Final,8.5,105
HOU,2025-08-09T18:05Z,401696655,NYY,2025,Houston Astros,4,46.33207833,2025-08-09T11:03Z,New York Yankees,5,-110,-110,-125,-110,-110,105,False,ESPN BET,1,-105,9,,,1.5,Final,8.5,-115
WSH,2025-08-09T20:05Z,401696667,SF,2025,Washington Nationals,4,57.24302632,2025-08-09T11:03Z,San Francisco Giants,2,145,145,105,-175,-175,-125,False,ESPN BET,1,105,9,,,-1.5,Final,8.5,-125
LAA,2025-08-09T22:10Z,401696653,DET,2025,Los Angeles Angels,7,50.19247165,2025-08-09T11:03Z,Detroit Tigers,4,115,115,-130,-145,-145,110,False,ESPN BET,1,-120,9,,,-1.5,Final,8.5,100
CIN,2025-08-09T22:40Z,401696654,PIT,2025,Cincinnati Reds,2,46.398384320000005,2025-08-09T11:03Z,Pittsburgh Pirates,1,-115,-115,-110,-105,-105,-110,False,ESPN BET,1,105,9,,,1.5,Final,8.5,-125
ATH,2025-08-09T23:05Z,401696657,BAL,2025,Athletics,11,53.804261090000004,2025-08-09T11:03Z,Baltimore Orioles,3,100,100,-125,-120,-120,105,False,ESPN BET,1,-105,9,,,1.5,Final,9.5,-115
CLE,2025-08-09T23:10Z,401696659,CHW,2025,Cleveland Guardians,3,55.22736811,2025-08-09T11:03Z,Chicago White Sox,1,-135,-135,-130,115,115,110,False,ESPN BET,1,-115,9,,,1.5,Final,8.5,-105
KC,2025-08-09T23:10Z,401696660,MIN,2025,Kansas City Royals,2,53.06377370999999,2025-08-09T11:03Z,Minnesota Twins,0,-120,-120,-160,100,100,135,False,ESPN BET,1,-120,9,,,1.5,Final,8.5,100
NYM,2025-08-09T23:10Z,401696661,MIL,2025,New York Mets,4,56.89870286000001,2025-08-09T11:03Z,Milwaukee Brewers,7,100,100,-105,-120,-120,-115,False,ESPN BET,1,105,9,,,1.5,Final,9.5,-125
MIA,2025-08-09T23:15Z,401696656,ATL,2025,Miami Marlins,6,61.97217611,2025-08-09T11:02Z,Atlanta Braves,8,-110,-110,-120,-110,-110,100,False,ESPN BET,1,-110,9,,,1.5,Final,8.5,-110
CHC,2025-08-09T23:15Z,401696658,STL,2025,Chicago Cubs,9,49.4952835,2025-08-09T11:03Z,St. Louis Cardinals,1,-125,-125,-105,105,105,-115,False,ESPN BET,1,-130,9,,,1.5,Final,8.5,110
PHI,2025-08-09T23:15Z,401696662,TEX,2025,Philadelphia Phillies,3,61.71546095,2025-08-09T11:03Z,Texas Rangers,2,110,110,-115,-130,-130,-105,False,ESPN BET,1,110,9,,,-1.5,Final,7.5,-130
COL,2025-08-10T00:10Z,401696664,ARI,2025,Colorado Rockies,5,72.58453803,2025-08-09T11:03Z,Arizona Diamondbacks,6,185,185,145,-225,-225,-175,False,ESPN BET,1,100,9,,,-1.5,Final,9.5,-120
BOS,2025-08-10T00:40Z,401696663,SD,2025,Boston Red Sox,4,56.64180697,2025-08-09T11:03Z,San Diego Padres,5,115,115,155,-135,-135,-185,False,ESPN BET,1,-120,10,,,-1.5,Final/10,7.5,100
TOR,2025-08-10T01:10Z,401696666,LAD,2025,Toronto Blue Jays,1,66.36622695,2025-08-09T11:03Z,Los Angeles Dodgers,9,135,135,130,-160,-160,-155,False,ESPN BET,1,-110,9,,,-1.5,Final,8.5,-110
TB,2025-08-10T01:40Z,401696665,SEA,2025,Tampa Bay Rays,4,54.19544286,2025-08-09T11:03Z,Seattle Mariners,7,120,120,-105,-145,-145,-115,False,ESPN BET,1,-120,9,,,-1.5,Final,7.5,100
KC,2025-08-10T17:05Z,401696675,MIN,2025,Kansas City Royals,3,53.09162128,2025-08-10T11:02Z,Minnesota Twins,5,-110,-110,-145,-110,-110,120,False,ESPN BET,1,110,11,,,1.5,Final/11,9.5,-130
CIN,2025-08-10T17:35Z,401696669,PIT,2025,Cincinnati Reds,14,39.2699906,2025-08-10T11:02Z,Pittsburgh Pirates,8,-110,-110,-115,-110,-110,-105,False,ESPN BET,1,105,9,,,1.5,Final,8.5,-125
HOU,2025-08-10T17:35Z,401696670,NYY,2025,Houston Astros,7,69.69165137,2025-08-10T11:02Z,New York Yankees,1,185,185,-110,-225,-225,-110,False,ESPN BET,1,115,9,,,-1.5,Final,9.5,-135
MIA,2025-08-10T17:35Z,401696671,ATL,2025,Miami Marlins,1,60.757985839999996,2025-08-10T11:02Z,Atlanta Braves,7,115,115,115,-135,-135,-135,False,ESPN BET,1,100,9,,,-1.5,Final,8.5,-120
ATH,2025-08-10T17:35Z,401696672,BAL,2025,Athletics,3,53.61853197000001,2025-08-10T11:02Z,Baltimore Orioles,2,110,105,-110,-130,-125,-110,False,ESPN BET,1,105,9,,,1.5,Final,9.5,-125
LAA,2025-08-10T17:40Z,401696668,DET,2025,Los Angeles Angels,5,68.58037137000001,2025-08-10T11:02Z,Detroit Tigers,9,155,155,-120,-185,-185,100,False,ESPN BET,1,-105,9,,,-1.5,Final,9.5,-115
CLE,2025-08-10T18:10Z,401696674,CHW,2025,Cleveland Guardians,4,52.84264741,2025-08-10T11:02Z,Chicago White Sox,6,-135,-135,-110,115,115,-110,False,ESPN BET,1,-135,9,,,1.5,Final,8.5,115
NYM,2025-08-10T18:10Z,401696676,MIL,2025,New York Mets,6,62.159328820000006,2025-08-10T11:02Z,Milwaukee Brewers,7,-105,-105,-125,-115,-115,105,False,ESPN BET,1,105,9,,,-1.5,Final,8.5,-125
PHI,2025-08-10T18:35Z,401696677,TEX,2025,Philadelphia Phillies,4,41.24809774,2025-08-10T11:02Z,Texas Rangers,2,-165,-165,-130,140,140,110,False,ESPN BET,1,100,9,,,1.5,Final,7.5,-120
WSH,2025-08-10T20:05Z,401696682,SF,2025,Washington Nationals,8,57.70586208,2025-08-10T11:02Z,San Francisco Giants,0,140,140,-120,-165,-165,100,False,ESPN BET,1,105,9,,,-1.5,Final,8.5,-125
BOS,2025-08-10T20:10Z,401696678,SD,2025,Boston Red Sox,2,46.4341791,2025-08-10T11:02Z,San Diego Padres,6,130,130,140,-155,-155,-165,False,ESPN BET,1,-110,9,,,-1.5,Final,7.5,-110
COL,2025-08-10T20:10Z,401696679,ARI,2025,Colorado Rockies,6,74.36949263,2025-08-10T11:02Z,Arizona Diamondbacks,13,230,230,155,-285,-285,-185,False,ESPN BET,1,-130,9,,,-2.5,Final,8.5,110
TB,2025-08-10T20:10Z,401696680,SEA,2025,Tampa Bay Rays,3,61.19261251,2025-08-10T11:02Z,Seattle Mariners,6,150,150,140,-180,-180,-165,False,ESPN BET,1,-115,9,,,-1.5,Final,7.5,-105
TOR,2025-08-10T20:10Z,401696681,LAD,2025,Toronto Blue Jays,5,63.13242797,2025-08-10T11:02Z,Los Angeles Dodgers,4,155,155,130,-185,-185,-155,False,ESPN BET,1,-120,9,,,-1.5,Final,8.5,100
CHC,2025-08-10T23:00Z,401696673,STL,2025,Chicago Cubs,2,46.05219338,2025-08-10T11:02Z,St. Louis Cardinals,3,-145,-145,-120,120,120,100,False,ESPN BET,1,-115,9,,,1.5,Final,7.5,-105
PHI,2025-08-11T22:10Z,401696684,CIN,2025,Philadelphia Phillies,4,64.33604183,2025-08-11T11:02Z,Cincinnati Reds,1,110,110,-110,-130,-130,-110,False,ESPN BET,1,-115,9,,,-1.5,Final,9.5,-105
MIN,2025-08-11T23:05Z,401696683,NYY,2025,Minnesota Twins,2,63.978603359999994,2025-08-11T11:02Z,New York Yankees,6,155,155,125,-185,-185,-150,False,ESPN BET,1,-120,9,,,-1.5,Final,8.5,100
DET,2025-08-11T23:40Z,401696688,CHW,2025,Detroit Tigers,2,47.82549114,2025-08-11T11:02Z,Chicago White Sox,1,-150,-150,-125,125,125,105,False,ESPN BET,1,-130,9,,,1.5,Final,8.5,110
PIT,2025-08-11T23:40Z,401696689,MIL,2025,Pittsburgh Pirates,1,70.76367906,2025-08-11T11:02Z,Milwaukee Brewers,7,155,155,155,-185,-185,-185,False,ESPN BET,1,-130,9,,,-1.5,Final,8.5,110
WSH,2025-08-11T23:40Z,401696690,KC,2025,Washington Nationals,4,54.59726239,2025-08-11T11:02Z,Kansas City Royals,7,130,130,130,-155,-155,-155,False,ESPN BET,1,-125,9,,,-1.5,Final,8.5,105
COL,2025-08-11T23:45Z,401696687,STL,2025,Colorado Rockies,2,70.58407648000001,2025-08-11T11:02Z,St. Louis Cardinals,3,165,165,-110,-200,-200,-110,False,ESPN BET,1,-105,9,,,-1.5,Final,8.5,-115
ARI,2025-08-12T00:05Z,401696685,TEX,2025,Arizona Diamondbacks,6,60.69250544,2025-08-11T11:02Z,Texas Rangers,7,140,140,120,-165,-165,-145,False,ESPN BET,1,-105,10,,,-1.5,Final/10,7.5,-115
BOS,2025-08-12T00:10Z,401696686,HOU,2025,Boston Red Sox,6,34.09739551,2025-08-11T11:02Z,Houston Astros,7,-165,-165,-155,140,140,130,False,ESPN BET,1,-115,9,,,1.5,Final,7.5,-105
LAD,2025-08-12T01:38Z,401696691,LAA,2025,Los Angeles Dodgers,4,36.80767265,2025-08-11T11:02Z,Los Angeles Angels,7,-175,-175,-175,145,145,145,False,ESPN BET,1,-105,9,,,1.5,Final,8.5,-115
SD,2025-08-12T01:45Z,401696692,SF,2025,San Diego Padres,4,65.01475153,2025-08-11T11:02Z,San Francisco Giants,1,110,110,-115,-130,-130,-105,False,ESPN BET,1,105,9,,,-1.5,Final,7.5,-125
TB,2025-08-12T02:05Z,401764576,ATH,2025,Tampa Bay Rays,7,43.22479062,2025-08-11T11:02Z,Athletics,4,-110,-110,-125,-110,-110,105,False,ESPN BET,1,-125,9,,,1.5,Final,9.5,105
SEA,2025-08-12T22:35Z,401696699,BAL,2025,Seattle Mariners,1,46.184702439999995,2025-08-12T11:02Z,Baltimore Orioles,0,-155,-155,-180,130,130,150,False,ESPN BET,1,110,9,,,1.5,Final,9.5,-130
MIA,2025-08-12T22:40Z,401696696,CLE,2025,Miami Marlins,3,58.29643381,2025-08-12T11:02Z,Cleveland Guardians,4,115,115,100,-135,-135,-120,False,ESPN BET,1,-120,9,,,-1.5,Final,8.5,100
PHI,2025-08-12T22:40Z,401696698,CIN,2025,Philadelphia Phillies,1,46.28764023,2025-08-12T11:02Z,Cincinnati Reds,6,-150,-150,-130,125,125,110,False,ESPN BET,1,100,9,,,1.5,Final,9.5,-120
MIN,2025-08-12T23:05Z,401696697,NYY,2025,Minnesota Twins,1,65.09935456,2025-08-12T11:02Z,New York Yankees,9,180,180,160,-215,-215,-190,False,ESPN BET,1,110,9,,,-1.5,Final,9.5,-130
CHC,2025-08-12T23:07Z,401696695,TOR,2025,Chicago Cubs,1,55.92870945,2025-08-12T11:02Z,Toronto Blue Jays,5,105,105,-120,-125,-125,100,False,ESPN BET,1,-135,9,,,-1.5,Final,8.5,115
ATL,2025-08-12T23:10Z,401696694,NYM,2025,Atlanta Braves,5,61.4260437,2025-08-12T11:02Z,New York Mets,13,120,120,115,-145,-145,-135,False,ESPN BET,1,105,9,,,-1.5,Final,8.5,-125
DET,2025-08-12T23:40Z,401696703,CHW,2025,Detroit Tigers,6,45.425692839999996,2025-08-12T11:02Z,Chicago White Sox,9,-175,-175,-130,145,145,110,False,ESPN BET,1,-120,9,,,1.5,Final,8.5,100
PIT,2025-08-12T23:40Z,401696704,MIL,2025,Pittsburgh Pirates,0,61.713198430000006,2025-08-12T11:02Z,Milwaukee Brewers,14,120,120,-160,-145,-145,135,False,ESPN BET,1,-105,9,,,-1.5,Final,6.5,-115
WSH,2025-08-12T23:40Z,401696705,KC,2025,Washington Nationals,5,63.496405710000005,2025-08-12T11:02Z,Kansas City Royals,8,160,160,125,-190,-190,-150,False,ESPN BET,1,110,9,,,-1.5,Final,9.5,-130
COL,2025-08-12T23:45Z,401696702,STL,2025,Colorado Rockies,3,74.40733510000001,2025-08-12T11:02Z,St. Louis Cardinals,0,155,155,110,-185,-185,-130,False,ESPN BET,1,-105,9,,,-1.5,Final,8.5,-115
ARI,2025-08-13T00:05Z,401696700,TEX,2025,Arizona Diamondbacks,3,51.11563902,2025-08-12T11:02Z,Texas Rangers,2,130,130,125,-160,-160,-150,False,ESPN BET,1,-115,9,,,-1.5,Final,8.5,-105
BOS,2025-08-13T00:10Z,401696701,HOU,2025,Boston Red Sox,14,51.897283380000005,2025-08-12T11:02Z,Houston Astros,1,-110,-110,-105,-110,-110,-115,False,ESPN BET,1,-135,9,,,1.5,Final,8.5,115
LAD,2025-08-13T01:38Z,401696706,LAA,2025,Los Angeles Dodgers,6,35.400055959999996,2025-08-12T11:02Z,Los Angeles Angels,7,-180,-180,-150,145,145,125,False,ESPN BET,1,-125,10,,,1.5,Final/10,9.5,105
SD,2025-08-13T01:45Z,401696707,SF,2025,San Diego Padres,5,63.50210182,2025-08-12T11:02Z,San Francisco Giants,1,105,105,-135,-125,-125,115,False,ESPN BET,1,-110,9,,,1.5,Final,7.5,-110
TB,2025-08-13T02:05Z,401764577,ATH,2025,Tampa Bay Rays,0,45.00172755,2025-08-12T11:02Z,Athletics,6,-105,-105,-120,-115,-115,100,False,ESPN BET,1,-105,9,,,1.5,Final,9.5,-115
DET,2025-08-13T18:10Z,401696718,CHW,2025,Detroit Tigers,1,41.90925482,2025-08-13T11:02Z,Chicago White Sox,0,-145,-145,-110,120,120,-110,False,ESPN BET,1,105,9,,,1.5,Final,8.5,-125
PIT,2025-08-13T18:10Z,401696719,MIL,2025,Pittsburgh Pirates,5,70.24202119,2025-08-13T11:02Z,Milwaukee Brewers,12,205,205,125,-250,-250,-150,False,ESPN BET,1,100,9,,,-1.5,Final,7.5,-120
WSH,2025-08-13T18:10Z,401696720,KC,2025,Washington Nationals,8,63.551703960000005,2025-08-13T11:02Z,Kansas City Royals,7,145,145,115,-175,-175,-135,False,ESPN BET,1,-135,9,,,-1.5,Final,8.5,115
COL,2025-08-13T18:15Z,401696717,STL,2025,Colorado Rockies,6,77.09483748,2025-08-13T11:02Z,St. Louis Cardinals,5,185,185,100,-225,-225,-120,False,ESPN BET,1,110,9,,,-1.5,Final,8.5,-130
ARI,2025-08-13T18:35Z,401696715,TEX,2025,Arizona Diamondbacks,6,58.71732083,2025-08-13T11:02Z,Texas Rangers,4,125,125,110,-150,-150,-130,False,ESPN BET,1,-120,9,,,-1.5,Final,7.5,100
SD,2025-08-13T19:45Z,401696722,SF,2025,San Diego Padres,11,34.84758993,2025-08-13T11:02Z,San Francisco Giants,1,-150,-150,-135,125,125,115,False,ESPN BET,1,-120,9,,,1.5,Final,7.5,100
PHI,2025-08-13T21:10Z,401696713,CIN,2025,Philadelphia Phillies,0,50.94204338,2025-08-13T11:02Z,Cincinnati Reds,8,-125,-125,-145,105,105,120,False,ESPN BET,1,105,9,,,1.5,Final,8.5,-125
SEA,2025-08-13T22:35Z,401696714,BAL,2025,Seattle Mariners,3,49.30690399,2025-08-13T11:02Z,Baltimore Orioles,4,-150,-150,-180,125,125,150,False,ESPN BET,1,-105,9,,,1.5,Final,8.5,-115
MIA,2025-08-13T22:40Z,401696711,CLE,2025,Miami Marlins,13,59.19668857,2025-08-13T11:02Z,Cleveland Guardians,4,115,115,100,-135,-135,-120,False,ESPN BET,1,-120,9,,,-1.5,Final,7.5,100
MIN,2025-08-13T23:05Z,401696712,NYY,2025,Minnesota Twins,4,52.73121929,2025-08-13T11:02Z,New York Yankees,1,135,135,125,-160,-160,-150,False,ESPN BET,1,-115,9,,,-1.5,Final,8.5,-105
CHC,2025-08-13T23:07Z,401696710,TOR,2025,Chicago Cubs,4,51.84707684999999,2025-08-13T11:02Z,Toronto Blue Jays,1,110,110,105,-130,-130,-125,False,ESPN BET,1,-105,9,,,-1.5,Final,8.5,-115
ATL,2025-08-13T23:10Z,401696709,NYM,2025,Atlanta Braves,11,69.26103272,2025-08-13T11:02Z,New York Mets,6,170,165,155,-200,-190,-185,False,ESPN BET,1,-125,9,,,-1.5,Final,8.5,105
BOS,2025-08-13T23:10Z,401696716,HOU,2025,Boston Red Sox,1,66.02159771000001,2025-08-13T11:02Z,Houston Astros,4,130,130,140,-155,-155,-165,False,ESPN BET,1,-120,9,,,-1.5,Final,7.5,100
LAD,2025-08-14T01:38Z,401696721,LAA,2025,Los Angeles Dodgers,5,41.09989352,2025-08-13T11:02Z,Los Angeles Angels,6,-200,-200,-175,165,165,145,False,ESPN BET,1,105,9,,,1.5,Final,9.5,-125
TB,2025-08-14T02:05Z,401764578,ATH,2025,Tampa Bay Rays,8,32.77990325,2025-08-13T11:02Z,Athletics,2,-150,-150,-150,125,125,125,False,ESPN BET,1,105,9,,,1.5,Final,9.5,-125
SEA,2025-08-14T17:05Z,401696728,BAL,2025,Seattle Mariners,3,51.2116923,2025-08-14T11:02Z,Baltimore Orioles,5,-130,-130,-145,110,110,120,False,ESPN BET,1,-105,9,,,1.5,Final,9.5,-115
CHC,2025-08-14T19:07Z,401696725,TOR,2025,Chicago Cubs,1,41.52353739,2025-08-14T11:02Z,Toronto Blue Jays,2,-115,-115,-110,-105,-105,-110,False,ESPN BET,1,-125,9,,,1.5,Final,7.5,105
MIA,2025-08-14T22:40Z,401696726,CLE,2025,Miami Marlins,4,51.553631069999994,2025-08-14T11:02Z,Cleveland Guardians,9,105,105,100,-125,-125,-120,False,ESPN BET,1,105,9,,,1.5,Final,7.5,-125
PHI,2025-08-14T22:45Z,401696727,WSH,2025,Philadelphia Phillies,2,50.02414602,2025-08-14T11:02Z,Washington Nationals,3,-200,-200,-180,165,165,150,False,ESPN BET,1,-105,9,,,1.5,Final,8.5,-115
ATL,2025-08-14T23:10Z,401696724,NYM,2025,Atlanta Braves,4,67.99401143,2025-08-14T11:02Z,New York Mets,3,155,155,140,-185,-185,-165,False,ESPN BET,1,-120,9,,,-1.5,Final,8.5,100
DET,2025-08-14T23:40Z,401696729,MIN,2025,Detroit Tigers,4,34.98561751,2025-08-14T11:02Z,Minnesota Twins,3,-205,-205,-190,170,170,160,False,ESPN BET,1,-115,11,,,1.5,Final/11,7.5,-105
ARI,2025-08-15T00:40Z,401696730,COL,2025,Arizona Diamondbacks,8,35.55585405,2025-08-14T11:02Z,Colorado Rockies,2,-175,-175,-155,145,145,130,False,ESPN BET,1,-125,9,,,1.5,Final,12.5,105
PIT,2025-08-15T18:20Z,401696741,CHC,2025,Pittsburgh Pirates,3,66.73690638000001,2025-08-15T11:02Z,Chicago Cubs,2,155,155,115,-185,-185,-135,False,ESPN BET,1,-115,9,,,-1.5,Final,8.5,-105
MIL,2025-08-15T22:40Z,401696733,CIN,2025,Milwaukee Brewers,10,44.24411467,2025-08-15T11:02Z,Cincinnati Reds,8,-135,-135,-145,115,115,120,False,ESPN BET,1,-115,9,,,1.5,Final,8.5,-105
PHI,2025-08-15T22:45Z,401696734,WSH,2025,Philadelphia Phillies,6,39.216880339999996,2025-08-15T11:02Z,Washington Nationals,2,-205,-205,-150,170,170,125,False,ESPN BET,1,-130,9,,,1.5,Final,7.5,110
TEX,2025-08-15T23:07Z,401696736,TOR,2025,Texas Rangers,5,51.439490619999994,2025-08-15T11:02Z,Toronto Blue Jays,6,-110,-110,-135,-110,-110,115,False,ESPN BET,1,-105,9,,,1.5,Final,7.5,-115
ATL,2025-08-15T23:10Z,401696731,CLE,2025,Atlanta Braves,2,66.27622414,2025-08-15T11:02Z,Cleveland Guardians,0,-105,-105,130,-115,-115,-155,False,ESPN BET,1,-115,9,,,1.5,Final,8.5,-105
MIA,2025-08-15T23:10Z,401696732,BOS,2025,Miami Marlins,1,71.17630708,2025-08-15T11:02Z,Boston Red Sox,2,140,140,110,-165,-165,-130,False,ESPN BET,1,-125,9,,,-1.5,Final,8.5,105
SEA,2025-08-15T23:10Z,401696735,NYM,2025,Seattle Mariners,11,48.7477216,2025-08-15T11:02Z,New York Mets,9,115,115,115,-135,-135,-135,False,ESPN BET,1,-125,9,,,1.5,Final,8.5,105
BAL,2025-08-16T00:10Z,401696737,HOU,2025,Baltimore Orioles,7,72.83239985,2025-08-15T11:02Z,Houston Astros,0,175,175,145,-210,-210,-175,False,ESPN BET,1,-110,9,,,-1.5,Final,7.5,-110
CHW,2025-08-16T00:10Z,401696738,KC,2025,Chicago White Sox,1,64.29881663,2025-08-15T11:02Z,Kansas City Royals,3,150,150,115,-180,-180,-135,False,ESPN BET,1,110,9,,,-1.5,Final,9.5,-130
DET,2025-08-16T00:10Z,401696739,MIN,2025,Detroit Tigers,7,50.60513438,2025-08-15T11:02Z,Minnesota Twins,0,-135,-135,-110,115,115,-110,False,ESPN BET,1,-115,9,,,1.5,Final,9.5,-105
NYY,2025-08-16T00:15Z,401696740,STL,2025,New York Yankees,4,50.970041509999994,2025-08-15T11:02Z,St. Louis Cardinals,3,-145,-145,-135,120,120,115,False,ESPN BET,1,-125,9,,,1.5,Final,8.5,105
ARI,2025-08-16T00:40Z,401696742,COL,2025,Arizona Diamondbacks,3,31.00911631,2025-08-15T11:02Z,Colorado Rockies,4,-190,-190,-145,160,160,120,False,ESPN BET,1,-125,9,,,1.5,Final,11.5,105
LAA,2025-08-16T02:05Z,401764579,ATH,2025,Los Angeles Angels,3,40.71703456,2025-08-15T11:02Z,Athletics,10,-110,-110,-125,-110,-110,105,False,ESPN BET,1,-125,9,,,1.5,Final,9.5,105
SD,2025-08-16T02:10Z,401696744,LAD,2025,San Diego Padres,2,62.797153959999996,2025-08-15T11:02Z,Los Angeles Dodgers,3,120,120,-120,-145,-145,100,False,ESPN BET,1,110,9,,,-1.5,Final,9.5,-130
TB,2025-08-16T02:15Z,401696745,SF,2025,Tampa Bay Rays,7,59.14386853,2025-08-15T11:02Z,San Francisco Giants,6,-105,-105,-130,-115,-115,110,False,ESPN BET,1,-115,9,,,1.5,Final,7.5,-105
PIT,2025-08-16T18:20Z,401696756,CHC,2025,Pittsburgh Pirates,1,77.16932242,2025-08-16T11:03Z,Chicago Cubs,3,185,185,130,-225,-225,-155,False,ESPN BET,1,-125,9,,,-1.5,Final,8.5,105
TEX,2025-08-16T19:07Z,401696751,TOR,2025,Texas Rangers,2,63.75691681,2025-08-16T11:02Z,Toronto Blue Jays,14,145,145,110,-175,-175,-130,False,ESPN BET,1,-115,9,,,-1.5,Final,8.5,-105
PHI,2025-08-16T20:05Z,401696749,WSH,2025,Philadelphia Phillies,0,49.550004279999996,2025-08-16T11:03Z,Washington Nationals,2,-155,-155,-145,120,120,120,False,ESPN BET,1,-115,9,,,1.5,Final,9.5,-105
MIA,2025-08-16T20:10Z,401696747,BOS,2025,Miami Marlins,5,71.20331173,2025-08-16T11:02Z,Boston Red Sox,7,160,160,125,-190,-190,-150,False,ESPN BET,1,-130,9,,,-1.5,Final,8.5,110
SEA,2025-08-16T20:10Z,401696750,NYM,2025,Seattle Mariners,1,43.71531658,2025-08-16T11:02Z,New York Mets,3,-115,-115,-105,-105,-105,-115,False,ESPN BET,1,-105,9,,,1.5,Final,8.5,-115
MIL,2025-08-16T22:40Z,401696748,CIN,2025,Milwaukee Brewers,6,51.729741659999995,2025-08-16T11:02Z,Cincinnati Reds,5,-120,-120,-150,100,100,125,False,ESPN BET,1,-130,11,,,1.5,Final/11,8.5,110
ATL,2025-08-16T23:10Z,401696746,CLE,2025,Atlanta Braves,10,52.089779160000006,2025-08-16T11:02Z,Cleveland Guardians,1,-110,-110,-145,-110,-110,120,False,ESPN BET,1,-120,9,,,1.5,Final,8.5,100
BAL,2025-08-16T23:10Z,401696752,HOU,2025,Baltimore Orioles,4,60.320601370000006,2025-08-16T11:02Z,Houston Astros,5,120,115,-105,-145,-135,-120,False,ESPN BET,1,-120,12,,,-1.5,Final/12,8.5,100
CHW,2025-08-16T23:10Z,401696753,KC,2025,Chicago White Sox,2,49.391938419999995,2025-08-16T11:02Z,Kansas City Royals,6,125,125,-110,-150,-150,-110,False,ESPN BET,1,-105,9,,,-1.5,Final,9.5,-115
DET,2025-08-16T23:15Z,401696754,MIN,2025,Detroit Tigers,8,42.17558767,2025-08-16T11:03Z,Minnesota Twins,5,-105,-105,-110,-115,-115,-110,False,ESPN BET,1,-120,9,,,1.5,Final,8.5,100
NYY,2025-08-16T23:15Z,401696755,STL,2025,New York Yankees,12,46.77905972,2025-08-16T11:02Z,St. Louis Cardinals,8,-145,-145,-135,120,120,115,False,ESPN BET,1,-105,9,,,1.5,Final,7.5,-115
ARI,2025-08-17T00:10Z,401696757,COL,2025,Arizona Diamondbacks,7,32.18519503,2025-08-16T11:03Z,Colorado Rockies,10,-175,-175,-175,145,145,145,False,ESPN BET,1,105,9,,,1.5,Final,11.5,-125
TB,2025-08-17T01:05Z,401696760,SF,2025,Tampa Bay Rays,2,46.99764816,2025-08-16T11:03Z,San Francisco Giants,1,-115,-115,-125,-105,-105,105,False,ESPN BET,1,-130,9,,,1.5,Final,7.5,110
SD,2025-08-17T01:10Z,401696759,LAD,2025,San Diego Padres,0,70.33446101,2025-08-16T11:03Z,Los Angeles Dodgers,6,100,100,100,-120,-120,-120,False,ESPN BET,1,-115,9,,,-1.5,Final,7.5,-105
LAA,2025-08-17T02:05Z,401764580,ATH,2025,Los Angeles Angels,2,49.9615725,2025-08-16T11:02Z,Athletics,7,105,105,100,-125,-125,-120,False,ESPN BET,1,-125,9,,,1.5,Final,10.5,105
PHI,2025-08-17T15:35Z,401696764,WSH,2025,Philadelphia Phillies,11,46.55648823,2025-08-17T11:02Z,Washington Nationals,9,-200,-200,-165,180,180,140,False,ESPN BET,1,105,9,,,1.5,Final,10.5,-125
MIA,2025-08-17T17:35Z,401696762,BOS,2025,Miami Marlins,5,77.59623155,2025-08-17T11:02Z,Boston Red Sox,3,210,210,185,-255,-255,-225,False,ESPN BET,1,-110,9,,,-1.5,Final,8.5,-110
TEX,2025-08-17T17:37Z,401696766,TOR,2025,Texas Rangers,10,51.11791091,2025-08-17T11:02Z,Toronto Blue Jays,4,100,100,-105,-120,-120,-115,False,ESPN BET,1,-120,9,,,1.5,Final,7.5,100
ATL,2025-08-17T17:40Z,401696761,CLE,2025,Atlanta Braves,5,52.240189189999995,2025-08-17T11:02Z,Cleveland Guardians,4,-105,-105,120,-115,-115,-145,False,ESPN BET,1,-125,9,,,1.5,Final,8.5,105
MIL,2025-08-17T17:40Z,401696763,CIN,2025,Milwaukee Brewers,2,53.066472929999996,2025-08-17T11:02Z,Cincinnati Reds,3,105,105,100,-125,-125,-120,False,ESPN BET,1,115,10,,,-1.5,Final/10,9.5,-135
BAL,2025-08-17T18:10Z,401696767,HOU,2025,Baltimore Orioles,12,54.393534040000006,2025-08-17T11:02Z,Houston Astros,0,105,105,-105,-125,-125,-115,False,ESPN BET,1,-105,9,,,-1.5,Final,8.5,-115
CHW,2025-08-17T18:10Z,401696768,KC,2025,Chicago White Sox,2,57.85990202,2025-08-17T11:02Z,Kansas City Royals,6,140,140,115,-175,-175,-135,False,ESPN BET,1,-120,9,,,-1.5,Final,9.5,100
DET,2025-08-17T18:10Z,401696769,MIN,2025,Detroit Tigers,1,52.65627902,2025-08-17T11:02Z,Minnesota Twins,8,-125,-125,110,105,105,-130,False,ESPN BET,1,105,9,,,1.5,Final,9.5,-125
NYY,2025-08-17T18:15Z,401696770,STL,2025,New York Yankees,8,48.59018723,2025-08-17T11:02Z,St. Louis Cardinals,4,-155,-155,-175,130,130,145,False,ESPN BET,1,-130,9,,,1.5,Final,8.5,110
PIT,2025-08-17T18:20Z,401696771,CHC,2025,Pittsburgh Pirates,3,63.13492298,2025-08-17T11:02Z,Chicago Cubs,4,155,155,130,-185,-185,-155,False,ESPN BET,1,110,9,,,-1.5,Final,7.5,-130
ARI,2025-08-17T19:10Z,401696772,COL,2025,Arizona Diamondbacks,5,28.507027089999998,2025-08-17T11:02Z,Colorado Rockies,6,-145,-145,-120,120,120,100,False,ESPN BET,1,-110,9,,,1.5,Final,12.5,-110
TB,2025-08-17T20:05Z,401696775,SF,2025,Tampa Bay Rays,1,54.813898179999995,2025-08-17T11:02Z,San Francisco Giants,7,115,115,-125,-145,-145,105,False,ESPN BET,1,115,9,,,-1.5,Final,7.5,-135
LAA,2025-08-17T20:05Z,401764581,ATH,2025,Los Angeles Angels,11,48.568262010000005,2025-08-17T11:02Z,Athletics,5,-110,-110,-120,-110,-110,100,False,ESPN BET,1,-120,10,,,1.5,Final/10,9.5,100
SD,2025-08-17T20:10Z,401696774,LAD,2025,San Diego Padres,4,72.2995785,2025-08-17T11:02Z,Los Angeles Dodgers,5,115,115,140,-135,-135,-165,False,ESPN BET,1,-120,9,,,-1.5,Final,8.5,100
SEA,2025-08-17T23:00Z,401696765,NYM,2025,Seattle Mariners,3,48.522816340000006,2025-08-17T11:02Z,New York Mets,7,-125,-125,-120,105,105,100,True,ESPN BET,1,100,9,,,1.5,Final,8.5,-120
MIL,2025-08-18T18:20Z,401785797,CHC,2025,Milwaukee Brewers,7,50.520518349999996,2025-08-18T11:02Z,Chicago Cubs,0,100,100,105,-120,-120,-125,False,ESPN BET,1,110,9,,,1.5,Final,7.5,110
HOU,2025-08-18T22:40Z,401696778,DET,2025,Houston Astros,0,59.34760343999999,2025-08-18T11:02Z,Detroit Tigers,10,130,130,105,-155,-155,-125,False,ESPN BET,1,-105,9,,,-1.5,Final,8.5,-115
STL,2025-08-18T22:40Z,401696780,MIA,2025,St. Louis Cardinals,8,53.03910836,2025-08-18T11:02Z,Miami Marlins,3,125,125,120,-150,-150,-145,False,ESPN BET,1,-110,9,,,-1.5,Final,7.5,-110
TOR,2025-08-18T22:40Z,401696781,PIT,2025,Toronto Blue Jays,2,54.672047160000005,2025-08-18T11:02Z,Pittsburgh Pirates,5,-110,-110,-115,-110,-110,-105,False,ESPN BET,1,-135,9,,,1.5,Final,6.5,115
SEA,2025-08-18T22:45Z,401696779,PHI,2025,Seattle Mariners,7,55.040914539999996,2025-08-18T11:02Z,Philadelphia Phillies,12,-105,-105,-135,-115,-115,115,False,ESPN BET,1,-110,9,,,1.5,Final,7.5,-110
BAL,2025-08-18T23:10Z,401696776,BOS,2025,Baltimore Orioles,6,54.51521926,2025-08-18T11:02Z,Boston Red Sox,3,100,100,125,-120,-120,-150,False,ESPN BET,1,-125,9,,,1.5,Final,7.5,105
CHW,2025-08-18T23:15Z,401696777,ATL,2025,Chicago White Sox,13,65.56272439,2025-08-18T11:02Z,Atlanta Braves,9,180,180,140,-215,-215,-165,False,ESPN BET,1,-125,9,,,-1.5,Final,8.5,105
TEX,2025-08-18T23:40Z,401696783,KC,2025,Texas Rangers,3,58.15093804,2025-08-18T11:02Z,Kansas City Royals,4,105,105,-130,-125,-125,110,False,ESPN BET,1,105,9,,,-1.5,Final,9.5,-125
LAD,2025-08-19T00:40Z,401696784,COL,2025,Los Angeles Dodgers,3,25.01076362,2025-08-18T11:02Z,Colorado Rockies,4,-300,-300,-235,240,240,195,False,ESPN BET,1,-105,9,,,2.5,Final,11.5,-115
CIN,2025-08-19T01:38Z,401696785,LAA,2025,Cincinnati Reds,4,40.93896883,2025-08-18T11:02Z,Los Angeles Angels,1,-115,-115,-120,-105,-105,100,False,ESPN BET,1,100,9,,,1.5,Final,9.5,-120
CLE,2025-08-19T01:40Z,401696786,ARI,2025,Cleveland Guardians,3,53.14481954,2025-08-18T11:02Z,Arizona Diamondbacks,1,-105,-105,-150,-115,-115,125,False,ESPN BET,1,-130,9,,,1.5,Final,8.5,110
SF,2025-08-19T01:40Z,401696787,SD,2025,San Francisco Giants,4,49.954052430000004,2025-08-18T11:02Z,San Diego Padres,3,115,115,140,-135,-135,-165,False,ESPN BET,1,-115,9,,,-1.5,Final,7.5,-105
MIL,2025-08-19T18:20Z,401811885,CHC,2025,Milwaukee Brewers,4,61.97882706,2025-08-19T11:02Z,Chicago Cubs,6,130,130,-105,-155,-155,-115,False,ESPN BET,1,-120,9,,,-1.5,Final,6.5,100
HOU,2025-08-19T22:40Z,401696790,DET,2025,Houston Astros,0,62.63768502,2025-08-19T11:02Z,Detroit Tigers,1,135,135,110,-160,-160,-130,False,ESPN BET,1,110,10,,,-1.5,Final/10,7.5,-130
STL,2025-08-19T22:40Z,401696794,MIA,2025,St. Louis Cardinals,7,52.67032318,2025-08-19T11:02Z,Miami Marlins,4,125,125,135,-150,-150,-160,False,ESPN BET,1,-120,9,,,-1.5,Final,7.5,100
TOR,2025-08-19T22:40Z,401696795,PIT,2025,Toronto Blue Jays,7,42.83655514,2025-08-19T11:02Z,Pittsburgh Pirates,3,-155,-155,-155,130,130,130,False,ESPN BET,1,-120,9,,,1.5,Final,7.5,100
NYM,2025-08-19T22:45Z,401696792,WSH,2025,New York Mets,8,39.23453059,2025-08-19T11:02Z,Washington Nationals,1,-190,-190,-235,160,160,195,False,ESPN BET,1,110,9,,,1.5,Final,9.5,-130
SEA,2025-08-19T22:45Z,401696793,PHI,2025,Seattle Mariners,4,67.3647777,2025-08-19T11:02Z,Philadelphia Phillies,6,175,175,130,-210,-210,-155,False,ESPN BET,1,100,9,,,-1.5,Final,8.5,-120
BAL,2025-08-19T23:10Z,401696788,BOS,2025,Baltimore Orioles,4,55.19441111,2025-08-19T11:02Z,Boston Red Sox,3,120,120,100,-145,-145,-120,False,ESPN BET,1,105,11,,,-1.5,Final/11,9.5,-125
CHW,2025-08-19T23:15Z,401696789,ATL,2025,Chicago White Sox,10,54.99980626999999,2025-08-19T11:02Z,Atlanta Braves,11,140,140,-105,-165,-165,-115,False,ESPN BET,1,-120,9,,,-1.5,Final,8.5,100
NYY,2025-08-19T23:35Z,401696791,TB,2025,New York Yankees,13,39.44195164,2025-08-19T11:02Z,Tampa Bay Rays,3,-130,-130,-120,110,110,100,False,ESPN BET,1,110,9,,,1.5,Final,8.5,-130
ATH,2025-08-19T23:40Z,401696797,MIN,2025,Athletics,6,64.53472126000001,2025-08-19T11:02Z,Minnesota Twins,3,130,130,-130,-155,-155,110,False,ESPN BET,1,-105,9,,,-1.5,Final,8.5,-115
TEX,2025-08-19T23:40Z,401696798,KC,2025,Texas Rangers,2,51.065606620000004,2025-08-19T11:02Z,Kansas City Royals,5,-115,-115,-120,-105,-105,100,False,ESPN BET,1,-110,9,,,1.5,Final,8.5,-110
MIL,2025-08-20T00:05Z,401696796,CHC,2025,Milwaukee Brewers,1,49.84320974,2025-08-19T11:02Z,Chicago Cubs,4,-125,-125,-105,105,105,-115,False,ESPN BET,1,-120,9,,,1.5,Final,6.5,100
LAD,2025-08-20T00:40Z,401696799,COL,2025,Los Angeles Dodgers,11,29.80219433,2025-08-19T11:02Z,Colorado Rockies,4,-255,-255,-225,210,210,185,False,ESPN BET,1,105,9,,,2.5,Final,12.5,-125
CIN,2025-08-20T01:38Z,401696800,LAA,2025,Cincinnati Reds,6,38.44570154,2025-08-19T11:02Z,Los Angeles Angels,4,-130,-130,-145,110,110,120,False,ESPN BET,1,-110,9,,,1.5,Final,8.5,-110
CLE,2025-08-20T01:40Z,401696801,ARI,2025,Cleveland Guardians,5,53.50829141,2025-08-19T11:02Z,Arizona Diamondbacks,6,105,105,-105,-125,-125,-115,False,ESPN BET,1,-120,9,,,1.5,Final,8.5,100
SF,2025-08-20T01:40Z,401696802,SD,2025,San Francisco Giants,1,77.68032884,2025-08-19T11:02Z,San Diego Padres,5,160,160,130,-190,-190,-155,False,ESPN BET,1,-120,9,,,-1.5,Final,7.5,100
TOR,2025-08-20T16:35Z,401696809,PIT,2025,Toronto Blue Jays,1,38.38512433,2025-08-20T11:02Z,Pittsburgh Pirates,2,-155,-155,-165,130,130,140,False,ESPN BET,1,-115,9,,,1.5,Final,8.5,-105
SEA,2025-08-20T17:05Z,401696807,PHI,2025,Seattle Mariners,2,51.261818260000005,2025-08-20T11:02Z,Philadelphia Phillies,11,120,120,105,-145,-145,-125,False,ESPN BET,1,-120,9,,,-1.5,Final,8.5,100
HOU,2025-08-20T17:10Z,401696804,DET,2025,Houston Astros,2,46.74543698,2025-08-20T11:02Z,Detroit Tigers,7,-110,-110,-145,-110,-110,120,False,ESPN BET,1,100,9,,,1.5,Final,8.5,-120
CLE,2025-08-20T19:40Z,401696815,ARI,2025,Cleveland Guardians,2,59.936522059999994,2025-08-20T11:02Z,Arizona Diamondbacks,3,-110,-110,-150,-110,-110,125,False,ESPN BET,1,110,10,,,1.5,Final/10,9.5,-130
STL,2025-08-20T22:40Z,401696808,MIA,2025,St. Louis Cardinals,2,46.294551150000004,2025-08-20T11:02Z,Miami Marlins,6,-105,-105,-105,-115,-115,-115,False,ESPN BET,1,-105,9,,,-1.5,Final,8.5,-115
NYM,2025-08-20T22:45Z,401696806,WSH,2025,New York Mets,4,45.55791955,2025-08-20T11:02Z,Washington Nationals,5,-175,-175,-160,145,145,135,False,ESPN BET,1,-135,9,,,1.5,Final,8.5,115
CHW,2025-08-20T23:15Z,401696803,ATL,2025,Chicago White Sox,0,52.82247061,2025-08-20T11:02Z,Atlanta Braves,1,155,155,120,-185,-185,-145,False,ESPN BET,1,110,9,,,-1.5,Final,9.5,-130
NYY,2025-08-20T23:35Z,401696805,TB,2025,New York Yankees,6,57.69368585,2025-08-20T11:02Z,Tampa Bay Rays,4,-105,-105,110,-115,-115,-130,False,ESPN BET,1,-120,10,,,1.5,Final/10,8.5,100
ATH,2025-08-20T23:40Z,401696811,MIN,2025,Athletics,4,55.86998958,2025-08-20T11:02Z,Minnesota Twins,2,115,115,-150,-135,-135,125,False,ESPN BET,1,105,10,,,-1.5,Final/10,9.5,-125
TEX,2025-08-20T23:40Z,401696812,KC,2025,Texas Rangers,6,50.5607424,2025-08-20T11:02Z,Kansas City Royals,3,120,120,-130,-145,-145,110,False,ESPN BET,1,-110,9,,,-1.5,Final,8.5,-110
MIL,2025-08-21T00:05Z,401696810,CHC,2025,Milwaukee Brewers,3,54.53520548,2025-08-20T11:02Z,Chicago Cubs,4,-125,-125,-115,105,105,-105,False,ESPN BET,1,-120,9,,,1.5,Final,6.5,100
LAD,2025-08-21T00:40Z,401696813,COL,2025,Los Angeles Dodgers,3,26.21425988,2025-08-20T11:02Z,Colorado Rockies,8,-300,-300,-225,240,240,185,False,ESPN BET,1,-115,9,,,3.5,Final,11.5,-105
CIN,2025-08-21T01:38Z,401696814,LAA,2025,Cincinnati Reds,1,56.56056914999999,2025-08-20T11:02Z,Los Angeles Angels,2,105,105,125,-125,-125,-150,False,ESPN BET,1,-120,9,,,-1.5,Final,8.5,100
SF,2025-08-21T01:40Z,401696816,SD,2025,San Francisco Giants,1,49.73261532,2025-08-20T11:02Z,San Diego Padres,8,125,120,135,-150,-145,-160,False,ESPN BET,1,110,9,,,-1.5,Final,8.5,-130
ATH,2025-08-21T17:10Z,401696821,MIN,2025,Athletics,8,53.66965569999999,2025-08-21T11:02Z,Minnesota Twins,3,-120,-120,-130,100,100,110,False,ESPN BET,1,105,9,,,1.5,Final,9.5,-125
TEX,2025-08-21T18:10Z,401696822,KC,2025,Texas Rangers,4,50.35249669,2025-08-21T11:02Z,Kansas City Royals,6,100,100,-125,-120,-120,105,False,ESPN BET,1,115,9,,,1.5,Final,9.5,-135
MIL,2025-08-21T18:20Z,401696820,CHC,2025,Milwaukee Brewers,4,58.71887466,2025-08-21T11:02Z,Chicago Cubs,1,115,115,115,-145,-145,-135,False,ESPN BET,1,-110,9,,,-1.5,Final,6.5,-110
LAD,2025-08-21T19:10Z,401696823,COL,2025,Los Angeles Dodgers,9,27.692568369999996,2025-08-21T11:02Z,Colorado Rockies,5,-225,-225,-135,185,185,115,False,ESPN BET,1,-120,9,,,2.5,Final,11.5,100
NYM,2025-08-21T20:05Z,401696819,WSH,2025,New York Mets,3,50.85956834,2025-08-21T11:02Z,Washington Nationals,9,-145,-145,-150,120,120,125,False,ESPN BET,1,110,9,,,1.5,Final,8.5,-130
SF,2025-08-21T20:10Z,401696824,SD,2025,San Francisco Giants,4,62.42928884,2025-08-21T11:02Z,San Diego Padres,8,155,155,195,-185,-185,-235,False,ESPN BET,1,-125,9,,,-1.5,Final,7.5,105
BOS,2025-08-21T23:15Z,401696817,NYY,2025,Boston Red Sox,6,52.42232549,2025-08-21T11:02Z,New York Yankees,3,120,120,150,-145,-145,-180,False,ESPN BET,1,-120,9,,,-1.5,Final,8.5,100
HOU,2025-08-21T23:15Z,401696818,BAL,2025,Houston Astros,7,50.954545939999996,2025-08-21T11:02Z,Baltimore Orioles,2,105,105,-115,-125,-125,-105,False,ESPN BET,1,-120,9,,,1.5,Final,8.5,100
STL,2025-08-21T23:35Z,401696845,TB,2025,St. Louis Cardinals,7,44.017794980000005,2025-08-21T11:02Z,Tampa Bay Rays,4,-115,-115,120,-105,-105,-145,False,ESPN BET,1,100,9,,,1.5,Final,8.5,-120
COL,2025-08-22T22:40Z,401696826,PIT,2025,Colorado Rockies,0,71.81085248,2025-08-22T11:02Z,Pittsburgh Pirates,9,195,195,100,-235,-235,-120,False,ESPN BET,1,-105,9,,,-1.5,Final,8.5,-115
WSH,2025-08-22T22:45Z,401696832,PHI,2025,Washington Nationals,5,59.55237571000001,2025-08-22T11:02Z,Philadelphia Phillies,4,165,165,105,-200,-200,-125,False,ESPN BET,1,110,9,,,-1.5,Final,9.5,-130
BOS,2025-08-22T23:05Z,401696825,NYY,2025,Boston Red Sox,1,57.89989877,2025-08-22T11:02Z,New York Yankees,0,160,160,145,-190,-190,-175,False,ESPN BET,1,-110,9,,,-1.5,Final,8.5,-110
HOU,2025-08-22T23:05Z,401696827,BAL,2025,Houston Astros,10,55.32211316,2025-08-22T11:02Z,Baltimore Orioles,7,-115,-115,-105,-105,-105,-115,False,ESPN BET,1,100,9,,,1.5,Final,9.5,-120
KC,2025-08-22T23:10Z,401696828,DET,2025,Kansas City Royals,5,63.39208549999999,2025-08-22T11:02Z,Detroit Tigers,7,125,125,-105,-150,-150,-115,False,ESPN BET,1,-105,9,,,-1.5,Final,8.5,-115
TOR,2025-08-22T23:10Z,401696831,MIA,2025,Toronto Blue Jays,5,34.14294441,2025-08-22T11:02Z,Miami Marlins,2,-165,-165,-160,140,140,135,False,ESPN BET,1,105,9,,,1.5,Final,8.5,-125
NYM,2025-08-22T23:15Z,401696829,ATL,2025,New York Mets,12,55.22598063,2025-08-22T11:02Z,Atlanta Braves,7,-105,-105,-115,-115,-115,-105,False,ESPN BET,1,-120,9,,,1.5,Final,8.5,100
STL,2025-08-22T23:35Z,401696830,TB,2025,St. Louis Cardinals,6,56.21025365,2025-08-22T11:02Z,Tampa Bay Rays,10,115,115,130,-135,-135,-155,False,ESPN BET,1,-125,9,,,-1.5,Final,8.5,105
MIN,2025-08-22T23:40Z,401696834,CHW,2025,Minnesota Twins,9,53.35755727,2025-08-22T11:02Z,Chicago White Sox,7,-130,-130,-120,110,110,100,False,ESPN BET,1,-110,9,,,1.5,Final,8.5,-110
CLE,2025-08-23T00:05Z,401696833,TEX,2025,Cleveland Guardians,3,71.91978085000001,2025-08-22T11:02Z,Texas Rangers,4,135,135,140,-160,-160,-165,False,ESPN BET,1,-120,9,,,-1.5,Final,7.5,-105
SF,2025-08-23T00:10Z,401696835,MIL,2025,San Francisco Giants,4,69.16658340000001,2025-08-22T11:02Z,Milwaukee Brewers,5,150,150,-110,-180,-180,-110,False,ESPN BET,1,-125,9,,,-1.5,Final,8.5,105
CHC,2025-08-23T01:38Z,401696836,LAA,2025,Chicago Cubs,3,40.69679741,2025-08-22T11:02Z,Los Angeles Angels,2,-135,-135,-145,115,115,120,False,ESPN BET,1,-115,9,,,1.5,Final,9.5,-105
CIN,2025-08-23T01:40Z,401696837,ARI,2025,Cincinnati Reds,5,54.50765795,2025-08-22T11:02Z,Arizona Diamondbacks,6,115,115,115,-135,-135,-135,False,ESPN BET,1,-125,11,,,-1.5,Final/11,8.5,105
LAD,2025-08-23T01:40Z,401696838,SD,2025,Los Angeles Dodgers,1,33.78907358,2025-08-22T11:02Z,San Diego Padres,2,-125,-125,-130,105,105,110,False,ESPN BET,1,100,9,,,1.5,Final,8.5,-120
ATH,2025-08-23T02:10Z,401696839,SEA,2025,Athletics,2,67.61514377,2025-08-22T11:02Z,Seattle Mariners,3,185,185,135,-225,-225,-160,False,ESPN BET,1,-105,9,,,-1.5,Final,8.5,-115
BOS,2025-08-23T17:05Z,401696840,NYY,2025,Boston Red Sox,12,41.848439840000005,2025-08-23T11:02Z,New York Yankees,1,-120,-120,-135,100,100,115,False,ESPN BET,1,105,9,,,1.5,Final,8.5,-125
TOR,2025-08-23T20:10Z,401696846,MIA,2025,Toronto Blue Jays,7,43.33391889,2025-08-23T11:02Z,Miami Marlins,6,-145,-145,-150,120,120,125,False,ESPN BET,1,100,12,,,1.5,Final/12,8.5,-120
WSH,2025-08-23T22:05Z,401696847,PHI,2025,Washington Nationals,4,62.85286243,2025-08-23T11:02Z,Philadelphia Phillies,6,210,210,145,-255,-255,-175,False,ESPN BET,1,-105,9,,,-1.5,Final,10.5,-115
KC,2025-08-23T22:10Z,401696843,DET,2025,Kansas City Royals,2,55.44038673,2025-08-23T11:02Z,Detroit Tigers,4,110,110,100,-130,-130,-125,False,ESPN BET,1,-120,9,,,-1.5,Final,8.5,100
COL,2025-08-23T22:40Z,401696841,PIT,2025,Colorado Rockies,1,61.0820534,2025-08-23T11:02Z,Pittsburgh Pirates,5,150,150,-115,-180,-180,-105,False,ESPN BET,1,100,9,,,-1.5,Final,8.5,-120
HOU,2025-08-23T23:05Z,401696842,BAL,2025,Houston Astros,9,57.726817679999996,2025-08-23T11:02Z,Baltimore Orioles,8,100,100,-105,-120,-120,-115,False,ESPN BET,1,-135,9,,,-1.5,Final,8.5,115
CLE,2025-08-23T23:05Z,401696848,TEX,2025,Cleveland Guardians,0,56.26475592,2025-08-23T11:02Z,Texas Rangers,10,115,115,-105,-135,-135,-115,False,ESPN BET,1,-110,9,,,-1.5,Final,8.5,-110
MIN,2025-08-23T23:10Z,401696849,CHW,2025,Minnesota Twins,3,51.73396572,2025-08-23T11:02Z,Chicago White Sox,7,-110,-110,100,-110,-110,-120,False,ESPN BET,1,100,9,,,1.5,Final,9.5,-120
SF,2025-08-23T23:10Z,401696850,MIL,2025,San Francisco Giants,7,65.81624616,2025-08-23T11:02Z,Milwaukee Brewers,1,120,120,135,-145,-145,-160,False,ESPN BET,1,105,9,,,-1.5,Final,7.5,-125
NYM,2025-08-23T23:15Z,401696844,ATL,2025,New York Mets,9,43.165214060000004,2025-08-23T11:02Z,Atlanta Braves,2,-120,-120,-125,100,100,105,False,ESPN BET,1,110,9,,,1.5,Final,9.5,-130
CIN,2025-08-24T00:10Z,401696852,ARI,2025,Cincinnati Reds,1,50.587787240000004,2025-08-23T11:02Z,Arizona Diamondbacks,10,-120,-120,-110,100,100,-110,False,ESPN BET,1,-135,9,,,1.5,Final,8.5,115
LAD,2025-08-24T00:40Z,401696853,SD,2025,Los Angeles Dodgers,1,38.60525207,2025-08-23T11:02Z,San Diego Padres,5,-145,-145,-130,120,120,110,False,ESPN BET,1,-110,9,,,1.5,Final,8.5,-110
CHC,2025-08-24T01:38Z,401696851,LAA,2025,Chicago Cubs,12,34.75744023,2025-08-23T11:02Z,Los Angeles Angels,1,-155,-155,-135,130,130,115,False,ESPN BET,1,-125,9,,,1.5,Final,9.5,105
ATH,2025-08-24T01:40Z,401696854,SEA,2025,Athletics,2,61.353625109999996,2025-08-23T11:02Z,Seattle Mariners,1,145,145,120,-175,-175,-145,False,ESPN BET,1,110,10,,,-1.5,Final/10,8.5,-130
COL,2025-08-24T16:05Z,401696856,PIT,2025,Colorado Rockies,0,76.64359561,2025-08-24T11:02Z,Pittsburgh Pirates,4,235,235,140,-290,-290,-165,False,ESPN BET,1,-110,9,,,-2.5,Final,7.5,-110
STL,2025-08-24T16:10Z,401696860,TB,2025,St. Louis Cardinals,2,53.251025070000004,2025-08-24T11:01Z,Tampa Bay Rays,7,120,120,120,-145,-145,-145,False,ESPN BET,1,-130,9,,,-1.5,Final,8.5,110
HOU,2025-08-24T17:35Z,401696857,BAL,2025,Houston Astros,2,63.196474020000004,2025-08-24T11:01Z,Baltimore Orioles,3,115,115,-130,-135,-135,110,False,ESPN BET,1,-130,9,,,-1.5,Final,8.5,110
NYM,2025-08-24T17:35Z,401696859,ATL,2025,New York Mets,3,40.80002609,2025-08-24T11:01Z,Atlanta Braves,4,-145,-145,-135,120,120,115,False,ESPN BET,1,-105,9,,,1.5,Final,9.5,-115
WSH,2025-08-24T17:35Z,401696862,PHI,2025,Washington Nationals,2,73.14649055,2025-08-24T11:01Z,Philadelphia Phillies,3,210,210,195,-255,-255,-235,False,ESPN BET,1,-120,9,,,-2.5,Final,9.5,100
KC,2025-08-24T17:40Z,401696858,DET,2025,Kansas City Royals,10,60.423766300000004,2025-08-24T11:01Z,Detroit Tigers,8,130,130,110,-155,-155,-135,False,ESPN BET,1,100,9,,,-1.5,Final,8.5,-120
TOR,2025-08-24T17:40Z,401696861,MIA,2025,Toronto Blue Jays,3,47.69132072,2025-08-24T11:01Z,Miami Marlins,5,-130,-130,-110,110,110,-110,False,ESPN BET,1,100,9,,,1.5,Final,7.5,-120
MIN,2025-08-24T18:10Z,401696864,CHW,2025,Minnesota Twins,0,47.45868341,2025-08-24T11:01Z,Chicago White Sox,8,-115,-115,-125,-105,-105,105,False,ESPN BET,1,110,9,,,1.5,Final,9.5,-130
SF,2025-08-24T18:10Z,401696865,MIL,2025,San Francisco Giants,4,63.96102157,2025-08-24T11:01Z,Milwaukee Brewers,3,110,110,120,-130,-130,-145,False,ESPN BET,1,105,9,,,-1.5,Final,8.5,-125
CLE,2025-08-24T18:35Z,401696863,TEX,2025,Cleveland Guardians,0,57.62952475,2025-08-24T11:01Z,Texas Rangers,5,110,110,-115,-130,-130,-105,False,ESPN BET,1,-110,9,,,1.5,Final,7.5,-110
CHC,2025-08-24T20:07Z,401696866,LAA,2025,Chicago Cubs,4,41.410171340000005,2025-08-24T11:01Z,Los Angeles Angels,3,-145,-145,-120,115,115,100,False,ESPN BET,1,-115,9,,,1.5,Final,9.5,-105
CIN,2025-08-24T20:10Z,401696867,ARI,2025,Cincinnati Reds,6,52.27520861,2025-08-24T11:01Z,Arizona Diamondbacks,1,110,110,-130,-130,-130,110,False,ESPN BET,1,-130,9,,,-1.5,Final,8.5,110
LAD,2025-08-24T20:10Z,401696868,SD,2025,Los Angeles Dodgers,8,47.59629529,2025-08-24T11:01Z,San Diego Padres,2,-115,-115,-115,-105,-105,-105,False,ESPN BET,1,105,9,,,1.5,Final,8.5,-125
ATH,2025-08-24T20:10Z,401696869,SEA,2025,Athletics,4,63.633584899999995,2025-08-24T11:01Z,Seattle Mariners,11,150,150,110,-180,-180,-130,False,ESPN BET,1,-115,9,,,-1.5,Final,7.5,-105
BOS,2025-08-24T23:00Z,401696855,NYY,2025,Boston Red Sox,2,61.244116010000006,2025-08-24T11:02Z,New York Yankees,7,135,135,145,-160,-160,-175,False,ESPN BET,1,-115,9,,,-1.5,Final,8.5,-105
BOS,2025-08-25T22:35Z,401696871,BAL,2025,Boston Red Sox,4,45.56108149,2025-08-25T11:01Z,Baltimore Orioles,3,-125,-125,-175,105,105,145,False,ESPN BET,1,-130,9,,,1.5,Final,8.5,110
ATL,2025-08-25T22:40Z,401696870,MIA,2025,Atlanta Braves,1,58.313340059999994,2025-08-25T11:01Z,Miami Marlins,2,-120,-120,-115,100,100,-105,False,ESPN BET,1,-125,9,,,1.5,Final,7.5,105
TB,2025-08-25T22:40Z,401696874,CLE,2025,Tampa Bay Rays,9,50.88622092,2025-08-25T11:01Z,Cleveland Guardians,0,100,100,-115,-120,-120,-105,False,ESPN BET,1,-105,9,,,-1.5,Final,7.5,-115
WSH,2025-08-25T23:05Z,401696875,NYY,2025,Washington Nationals,5,63.8547089,2025-08-25T11:01Z,New York Yankees,10,200,200,145,-240,-240,-175,False,ESPN BET,1,105,9,,,-1.5,Final,9.5,-125
MIN,2025-08-25T23:07Z,401696872,TOR,2025,Minnesota Twins,4,55.270477240000005,2025-08-25T11:01Z,Toronto Blue Jays,10,120,120,115,-145,-145,-135,False,ESPN BET,1,-125,9,,,-1.5,Final,7.5,105
PHI,2025-08-25T23:10Z,401696873,NYM,2025,Philadelphia Phillies,3,47.57617004,2025-08-25T11:01Z,New York Mets,13,-130,-130,-150,110,110,125,False,ESPN BET,1,-120,9,,,1.5,Final,7.5,100
ARI,2025-08-25T23:40Z,401696877,MIL,2025,Arizona Diamondbacks,5,66.99939468,2025-08-25T11:01Z,Milwaukee Brewers,7,160,160,115,-190,-190,-135,False,ESPN BET,1,105,9,,,-1.5,Final,8.5,-125
KC,2025-08-25T23:40Z,401696878,CHW,2025,Kansas City Royals,0,49.21614519,2025-08-25T11:01Z,Chicago White Sox,7,-135,-135,-115,115,115,-110,False,ESPN BET,1,-105,9,,,1.5,Final,8.5,-115
PIT,2025-08-25T23:45Z,401696879,STL,2025,Pittsburgh Pirates,6,69.64066770000001,2025-08-25T11:01Z,St. Louis Cardinals,7,110,110,-110,-130,-130,-110,False,ESPN BET,1,-120,9,,,-1.5,Final,7.5,100
LAA,2025-08-26T00:05Z,401696876,TEX,2025,Los Angeles Angels,4,64.65946907,2025-08-25T11:01Z,Texas Rangers,0,160,160,125,-190,-190,-150,False,ESPN BET,1,105,9,,,-1.5,Final,7.5,-125
SD,2025-08-26T01:40Z,401696882,SEA,2025,San Diego Padres,6,57.20309414,2025-08-25T11:01Z,Seattle Mariners,9,110,110,-110,-130,-130,-110,False,ESPN BET,1,-110,9,,,-1.5,Final,8.5,-110
DET,2025-08-26T02:05Z,401764582,ATH,2025,Detroit Tigers,3,28.63021756,2025-08-25T11:01Z,Athletics,8,-215,-215,-145,180,180,120,False,ESPN BET,1,115,9,,,2.5,Final,9.5,-135
CIN,2025-08-26T02:10Z,401696880,LAD,2025,Cincinnati Reds,0,52.76233007,2025-08-25T11:01Z,Los Angeles Dodgers,7,120,120,125,-145,-145,-150,False,ESPN BET,1,-130,9,,,-1.5,Final,7.5,110
BOS,2025-08-26T22:35Z,401696884,BAL,2025,Boston Red Sox,5,53.35274286,2025-08-26T11:01Z,Baltimore Orioles,0,-120,-120,100,100,100,-120,False,ESPN BET,1,-120,9,,,1.5,Final,8.5,100
ATL,2025-08-26T22:40Z,401696883,MIA,2025,Atlanta Braves,11,54.44547929,2025-08-26T11:01Z,Miami Marlins,2,-125,-125,-105,105,105,-115,False,ESPN BET,1,-120,9,,,1.5,Final,7.5,100
TB,2025-08-26T22:40Z,401696887,CLE,2025,Tampa Bay Rays,0,51.03073347,2025-08-26T11:01Z,Cleveland Guardians,3,-105,-105,-130,-115,-115,110,False,ESPN BET,1,-120,9,,,-1.5,Final,7.5,100
WSH,2025-08-26T23:05Z,401696888,NYY,2025,Washington Nationals,1,62.46905978,2025-08-26T11:01Z,New York Yankees,5,165,165,115,-200,-200,-135,False,ESPN BET,1,110,9,,,-1.5,Final,9.5,-130
MIN,2025-08-26T23:07Z,401696885,TOR,2025,Minnesota Twins,7,63.89731065000001,2025-08-26T11:01Z,Toronto Blue Jays,5,170,170,145,-205,-205,-175,False,ESPN BET,1,-115,9,,,-1.5,Final,8.5,-105
PHI,2025-08-26T23:10Z,401696886,NYM,2025,Philadelphia Phillies,5,53.312977530000005,2025-08-26T11:01Z,New York Mets,6,-110,-110,-120,-110,-110,100,False,ESPN BET,1,100,9,,,1.5,Final,8.5,-120
ARI,2025-08-26T23:40Z,401696890,MIL,2025,Arizona Diamondbacks,8,60.0831637,2025-08-26T11:01Z,Milwaukee Brewers,9,145,145,120,-175,-175,-145,False,ESPN BET,1,110,9,,,-1.5,Final,8.5,-130
KC,2025-08-26T23:40Z,401696892,CHW,2025,Kansas City Royals,5,57.16737528,2025-08-26T11:01Z,Chicago White Sox,4,-115,-115,-110,-105,-105,-110,False,ESPN BET,1,-115,9,,,1.5,Final,8.5,-105
PIT,2025-08-26T23:45Z,401696893,STL,2025,Pittsburgh Pirates,8,60.74911793,2025-08-26T11:01Z,St. Louis Cardinals,3,105,105,100,-125,-125,-120,False,ESPN BET,1,105,9,,,-1.5,Final,8.5,-125
LAA,2025-08-27T00:05Z,401696889,TEX,2025,Los Angeles Angels,3,48.06765033,2025-08-26T11:01Z,Texas Rangers,7,-105,-105,-135,-115,-115,115,False,ESPN BET,1,-115,9,,,1.5,Final,8.5,-105
COL,2025-08-27T00:10Z,401696891,HOU,2025,Colorado Rockies,6,83.37524689,2025-08-26T11:01Z,Houston Astros,1,285,285,160,-360,-360,-190,False,ESPN BET,1,110,9,,,-1.5,Final,8.5,-130
SD,2025-08-27T01:40Z,401696897,SEA,2025,San Diego Padres,7,59.74225184,2025-08-26T11:01Z,Seattle Mariners,6,-105,-105,-155,-115,-115,130,False,ESPN BET,1,105,9,,,1.5,Final,8.5,-125
CHC,2025-08-27T01:45Z,401696894,SF,2025,Chicago Cubs,2,33.74638425,2025-08-26T11:01Z,San Francisco Giants,5,-155,-155,-145,130,130,120,False,ESPN BET,1,-115,9,,,1.5,Final,7.5,-105
DET,2025-08-27T02:05Z,401764583,ATH,2025,Detroit Tigers,6,46.30804475,2025-08-26T11:01Z,Athletics,7,-125,-125,-105,105,105,-115,False,ESPN BET,1,-135,10,,,1.5,Final/10,10.5,115
CIN,2025-08-27T02:10Z,401696895,LAD,2025,Cincinnati Reds,3,65.20556881,2025-08-26T11:01Z,Los Angeles Dodgers,6,155,155,155,-185,-185,-185,False,ESPN BET,1,-130,9,,,-1.5,Final,8.5,110
WSH,2025-08-27T17:05Z,401696903,NYY,2025,Washington Nationals,2,71.70625818,2025-08-27T11:09Z,New York Yankees,11,230,230,195,-285,-285,-235,False,ESPN BET,1,-105,9,,,-1.5,Final,8.5,-115
ATL,2025-08-27T17:10Z,401696898,MIA,2025,Atlanta Braves,12,50.85322256,2025-08-27T11:09Z,Miami Marlins,1,-125,-125,-135,105,105,115,False,ESPN BET,1,-110,9,,,1.5,Final,8.5,-110
TB,2025-08-27T17:10Z,401696902,CLE,2025,Tampa Bay Rays,3,34.04747256,2025-08-27T11:09Z,Cleveland Guardians,4,-155,-155,-175,130,130,145,False,ESPN BET,1,115,10,,,1.5,Final/10,7.5,-135
SD,2025-08-27T20:10Z,401696912,SEA,2025,San Diego Padres,3,66.69932535000001,2025-08-27T11:09Z,Seattle Mariners,4,130,130,110,-155,-155,-130,False,ESPN BET,1,-110,9,,,-1.5,Final,7.5,-110
BOS,2025-08-27T22:35Z,401696899,BAL,2025,Boston Red Sox,3,40.09827558,2025-08-27T11:09Z,Baltimore Orioles,2,-145,-145,100,120,120,-120,False,ESPN BET,1,-120,9,,,1.5,Final,8.5,100
MIN,2025-08-27T23:07Z,401696900,TOR,2025,Minnesota Twins,8,65.97703752000001,2025-08-27T11:09Z,Toronto Blue Jays,9,160,160,130,-190,-190,-155,False,ESPN BET,1,105,9,,,-1.5,Final,9.5,-125
PHI,2025-08-27T23:10Z,401696901,NYM,2025,Philadelphia Phillies,0,58.82249144,2025-08-27T11:09Z,New York Mets,6,130,130,130,-155,-155,-155,False,ESPN BET,1,-120,9,,,-1.5,Final,8.5,100
ARI,2025-08-27T23:40Z,401696905,MIL,2025,Arizona Diamondbacks,3,58.76060284,2025-08-27T11:09Z,Milwaukee Brewers,2,120,120,105,-145,-145,-125,False,ESPN BET,1,-115,9,,,-1.5,Final,8.5,-105
KC,2025-08-27T23:40Z,401696907,CHW,2025,Kansas City Royals,12,48.383857320000004,2025-08-27T11:09Z,Chicago White Sox,1,-130,-130,-115,110,110,-105,False,ESPN BET,1,-115,9,,,1.5,Final,8.5,-105
PIT,2025-08-27T23:45Z,401696908,STL,2025,Pittsburgh Pirates,2,65.21233299,2025-08-27T11:09Z,St. Louis Cardinals,1,145,145,120,-175,-175,-145,False,ESPN BET,1,100,9,,,-1.5,Final,7.5,-120
LAA,2025-08-28T00:05Z,401696904,TEX,2025,Los Angeles Angels,3,65.38019871,2025-08-27T11:09Z,Texas Rangers,20,135,135,110,-165,-165,-130,False,ESPN BET,1,-110,9,,,-1.5,Final,8.5,-110
COL,2025-08-28T00:10Z,401696906,HOU,2025,Colorado Rockies,0,78.7513618,2025-08-27T11:09Z,Houston Astros,4,235,235,115,-290,-290,-135,False,ESPN BET,1,-125,9,,,-2.5,Final,7.5,105
CIN,2025-08-28T00:40Z,401696910,LAD,2025,Cincinnati Reds,1,54.1096728,2025-08-27T11:09Z,Los Angeles Dodgers,5,150,150,170,-180,-180,-205,False,ESPN BET,1,-125,9,,,-1.5,Final,7.5,105
CHC,2025-08-28T01:45Z,401696909,SF,2025,Chicago Cubs,3,44.77739659,2025-08-27T11:09Z,San Francisco Giants,12,-130,-130,-115,110,110,-105,False,ESPN BET,1,-115,9,,,1.5,Final,8.5,-105
DET,2025-08-28T02:05Z,401764584,ATH,2025,Detroit Tigers,0,42.77545309,2025-08-27T11:09Z,Athletics,7,-130,-130,110,110,110,-130,False,ESPN BET,1,-115,9,,,1.5,Final,10.5,-105
BOS,2025-08-28T17:05Z,401696914,BAL,2025,Boston Red Sox,3,30.583535509999997,2025-08-28T11:09Z,Baltimore Orioles,2,-205,-205,-155,170,170,130,False,ESPN BET,1,105,9,,,1.5,Final,8.5,-125
ARI,2025-08-28T18:10Z,401696916,MIL,2025,Arizona Diamondbacks,6,59.84447144,2025-08-28T11:09Z,Milwaukee Brewers,4,135,135,-110,-160,-160,-110,False,ESPN BET,1,-125,9,,,-1.5,Final,8.5,105
COL,2025-08-28T18:10Z,401696917,HOU,2025,Colorado Rockies,3,69.55545346000001,2025-08-28T11:09Z,Houston Astros,4,205,205,135,-250,-250,-160,False,ESPN BET,1,-105,9,,,-2.5,Final,8.5,-115
PIT,2025-08-28T18:15Z,401696919,STL,2025,Pittsburgh Pirates,1,57.24048779,2025-08-28T11:09Z,St. Louis Cardinals,4,100,100,-135,-120,-120,115,False,ESPN BET,1,100,9,,,1.5,Final,8.5,-120
CHC,2025-08-28T19:45Z,401696920,SF,2025,Chicago Cubs,3,49.235471409999995,2025-08-28T11:10Z,San Francisco Giants,4,-105,-105,-115,-115,-115,-105,False,ESPN BET,1,105,9,,,1.5,Final,7.5,-125
ATL,2025-08-28T22:45Z,401696913,PHI,2025,Atlanta Braves,4,57.263034489999995,2025-08-28T11:09Z,Philadelphia Phillies,19,150,150,125,-180,-180,-150,False,ESPN BET,1,-125,9,,,-1.5,Final,9.5,105
MIA,2025-08-28T23:10Z,401696915,NYM,2025,Miami Marlins,7,75.22385199,2025-08-28T11:09Z,New York Mets,4,215,215,145,-265,-265,-175,False,ESPN BET,1,-125,9,,,-1.5,Final,8.5,105
NYY,2025-08-28T23:40Z,401696918,CHW,2025,New York Yankees,10,46.64954834,2025-08-28T11:09Z,Chicago White Sox,4,-180,-180,-160,150,150,135,False,ESPN BET,1,110,9,,,1.5,Final,9.5,-130
STL,2025-08-29T22:40Z,401696926,CIN,2025,St. Louis Cardinals,7,59.30653013,2025-08-29T11:10Z,Cincinnati Reds,5,125,125,-120,-150,-150,100,False,ESPN BET,1,-120,10,,,-1.5,Final/10,8.5,100
ATL,2025-08-29T22:45Z,401696921,PHI,2025,Atlanta Braves,1,70.64872358,2025-08-29T11:10Z,Philadelphia Phillies,2,165,165,140,-200,-200,-165,False,ESPN BET,1,110,9,,,-1.5,Final,9.5,-130
TB,2025-08-29T22:45Z,401696927,WSH,2025,Tampa Bay Rays,4,38.82867176,2025-08-29T11:10Z,Washington Nationals,1,-150,-150,-135,125,125,115,False,ESPN BET,1,115,9,,,1.5,Final,9.5,-135
MIL,2025-08-29T23:07Z,401696923,TOR,2025,Milwaukee Brewers,7,57.517297639999995,2025-08-29T11:10Z,Toronto Blue Jays,2,120,120,-110,-145,-145,-110,False,ESPN BET,1,-120,9,,,-1.5,Final,7.5,100
MIA,2025-08-29T23:10Z,401696922,NYM,2025,Miami Marlins,9,56.448776970000004,2025-08-29T11:10Z,New York Mets,19,150,150,125,-180,-180,-150,False,ESPN BET,1,-115,9,,,-1.5,Final,7.5,-105
PIT,2025-08-29T23:10Z,401696924,BOS,2025,Pittsburgh Pirates,4,51.33096703,2025-08-29T11:10Z,Boston Red Sox,2,100,100,105,-120,-120,-125,False,ESPN BET,1,-115,9,,,1.5,Final,7.5,-105
SEA,2025-08-29T23:10Z,401696925,CLE,2025,Seattle Mariners,4,41.62434459,2025-08-29T11:10Z,Cleveland Guardians,5,-160,-160,-180,135,135,150,False,ESPN BET,1,-120,9,,,1.5,Final,7.5,100
NYY,2025-08-29T23:40Z,401696930,CHW,2025,New York Yankees,10,34.40126472,2025-08-29T11:10Z,Chicago White Sox,2,-225,-225,-210,185,185,175,False,ESPN BET,1,-115,9,,,1.5,Final,8.5,-105
LAA,2025-08-30T00:10Z,401696928,HOU,2025,Los Angeles Angels,0,56.30084762999999,2025-08-29T11:10Z,Houston Astros,2,135,135,120,-160,-160,-145,False,ESPN BET,1,115,9,,,-1.5,Final,9.5,-135
DET,2025-08-30T00:10Z,401696929,KC,2025,Detroit Tigers,5,53.70494456,2025-08-29T11:10Z,Kansas City Royals,3,100,100,-105,-120,-120,-115,False,ESPN BET,1,110,9,,,1.5,Final,9.5,-130
SD,2025-08-30T00:10Z,401696931,MIN,2025,San Diego Padres,4,45.89661062,2025-08-29T11:10Z,Minnesota Twins,7,-125,-125,-145,105,105,120,False,ESPN BET,1,-120,9,,,1.5,Final,8.5,100
CHC,2025-08-30T00:40Z,401696932,COL,2025,Chicago Cubs,11,28.7493851,2025-08-29T11:10Z,Colorado Rockies,7,-225,-225,-180,185,185,150,False,ESPN BET,1,-125,9,,,2.5,Final,10.5,105
TEX,2025-08-30T02:05Z,401764585,ATH,2025,Texas Rangers,5,51.20221171,2025-08-29T11:10Z,Athletics,2,125,125,105,-150,-150,-125,False,ESPN BET,1,105,9,,,-1.5,Final,10.5,-125
ARI,2025-08-30T02:10Z,401696933,LAD,2025,Arizona Diamondbacks,3,73.03456812,2025-08-29T11:10Z,Los Angeles Dodgers,0,175,175,150,-210,-210,-180,False,ESPN BET,1,-120,9,,,-1.5,Final,8.5,100
BAL,2025-08-30T02:15Z,401696934,SF,2025,Baltimore Orioles,8,64.55460119,2025-08-29T11:10Z,San Francisco Giants,15,125,125,115,-150,-150,-135,False,ESPN BET,1,-105,9,,,-1.5,Final,7.5,-115
MIL,2025-08-30T19:07Z,401696938,TOR,2025,Milwaukee Brewers,4,52.68957843,2025-08-30T11:10Z,Toronto Blue Jays,1,115,115,-110,-135,-135,-110,False,ESPN BET,1,-105,9,,,-1.5,Final,8.5,-115
TB,2025-08-30T20:05Z,401696942,WSH,2025,Tampa Bay Rays,4,38.315326500000005,2025-08-30T11:10Z,Washington Nationals,1,-155,-155,-180,130,130,150,False,ESPN BET,1,-120,9,,,1.5,Final,8.5,100
MIA,2025-08-30T20:10Z,401696937,NYM,2025,Miami Marlins,11,64.37868164,2025-08-30T11:10Z,New York Mets,8,150,150,135,-180,-180,-160,False,ESPN BET,1,-105,9,,,-1.5,Final,7.5,-115
PIT,2025-08-30T20:10Z,401696939,BOS,2025,Pittsburgh Pirates,10,66.17957451999999,2025-08-30T11:10Z,Boston Red Sox,3,150,150,-130,-180,-180,110,False,ESPN BET,1,-135,9,,,-1.5,Final,8.5,115
ATL,2025-08-30T22:05Z,401696936,PHI,2025,Atlanta Braves,2,53.19740313,2025-08-30T11:10Z,Philadelphia Phillies,3,125,125,-110,-150,-150,-110,False,ESPN BET,1,100,10,,,-1.5,Final/10,7.5,-120
STL,2025-08-30T22:40Z,401696941,CIN,2025,St. Louis Cardinals,4,58.30644901000001,2025-08-30T11:10Z,Cincinnati Reds,2,125,125,-110,-150,-150,-110,False,ESPN BET,1,105,9,,,-1.5,Final,8.5,-125
LAA,2025-08-30T23:10Z,401696943,HOU,2025,Los Angeles Angels,4,60.57470814,2025-08-30T11:10Z,Houston Astros,1,140,140,135,-165,-165,-160,False,ESPN BET,1,105,9,,,-1.5,Final,9.5,-125
NYY,2025-08-30T23:10Z,401696945,CHW,2025,New York Yankees,5,41.55971303,2025-08-30T11:10Z,Chicago White Sox,3,-200,-200,-165,165,165,140,False,ESPN BET,1,-110,11,,,1.5,Final/11,8.5,-110
SD,2025-08-30T23:10Z,401696946,MIN,2025,San Diego Padres,12,41.75054549,2025-08-30T11:10Z,Minnesota Twins,3,-155,-155,-150,130,130,125,False,ESPN BET,1,-120,9,,,1.5,Final,8.5,100
SEA,2025-08-30T23:15Z,401696940,CLE,2025,Seattle Mariners,3,48.33717628,2025-08-30T11:10Z,Cleveland Guardians,4,-160,-160,-180,135,135,150,False,ESPN BET,1,100,9,,,1.5,Final,7.5,-120
DET,2025-08-30T23:15Z,401696944,KC,2025,Detroit Tigers,1,48.50382199,2025-08-30T11:10Z,Kansas City Royals,3,-120,-120,-105,100,100,-115,False,ESPN BET,1,115,9,,,1.5,Final,9.5,-135
BAL,2025-08-30T23:15Z,401696949,SF,2025,Baltimore Orioles,11,51.844648959999994,2025-08-30T11:10Z,San Francisco Giants,1,-120,-120,-110,100,100,-110,False,ESPN BET,1,-105,9,,,1.5,Final,8.5,-115
CHC,2025-08-31T00:10Z,401696947,COL,2025,Chicago Cubs,4,38.77073791,2025-08-30T11:10Z,Colorado Rockies,3,-200,-200,-175,165,165,145,False,ESPN BET,1,-125,9,,,1.5,Final,10.5,105
ARI,2025-08-31T01:10Z,401696948,LAD,2025,Arizona Diamondbacks,6,72.94158343,2025-08-30T11:10Z,Los Angeles Dodgers,1,185,185,160,-225,-225,-190,False,ESPN BET,1,-120,9,,,-1.5,Final,8.5,100
TEX,2025-08-31T02:05Z,401764586,ATH,2025,Texas Rangers,9,40.54731311,2025-08-30T11:10Z,Athletics,3,-135,-135,110,115,115,-130,False,ESPN BET,1,105,9,,,1.5,Final,10.5,-125
STL,2025-08-31T16:10Z,401696956,CIN,2025,St. Louis Cardinals,4,61.23829154,2025-08-31T11:11Z,Cincinnati Reds,7,120,120,-105,-145,-145,-115,False,ESPN BET,1,100,9,,,-1.5,Final,8.5,-120
SD,2025-08-31T17:05Z,401696961,MIN,2025,San Diego Padres,2,56.46219850000001,2025-08-31T11:11Z,Minnesota Twins,7,105,105,105,-125,-125,-125,False,ESPN BET,1,-115,9,,,1.5,Final,8.5,-105
PIT,2025-08-31T17:35Z,401696954,BOS,2025,Pittsburgh Pirates,2,68.90066488,2025-08-31T11:11Z,Boston Red Sox,5,150,150,-110,-180,-180,-110,False,ESPN BET,1,-110,9,,,-1.5,Final,8.5,-110
TB,2025-08-31T17:35Z,401696957,WSH,2025,Tampa Bay Rays,7,47.48393655,2025-08-31T11:11Z,Washington Nationals,4,-145,-145,-175,120,120,145,False,ESPN BET,1,105,9,,,1.5,Final,8.5,-125
MIL,2025-08-31T17:37Z,401696953,TOR,2025,Milwaukee Brewers,4,51.548249999999996,2025-08-31T11:11Z,Toronto Blue Jays,8,-115,-115,-130,-105,-105,110,False,ESPN BET,1,-110,9,,,1.5,Final,7.5,-110
MIA,2025-08-31T17:40Z,401696952,NYM,2025,Miami Marlins,5,71.122152,2025-08-31T11:11Z,New York Mets,1,160,160,115,-190,-190,-135,False,ESPN BET,1,100,9,,,-1.5,Final,8.5,-120
SEA,2025-08-31T17:40Z,401696955,CLE,2025,Seattle Mariners,4,52.17577507,2025-08-31T11:11Z,Cleveland Guardians,2,-115,-115,-130,-105,-105,110,False,ESPN BET,1,105,9,,,1.5,Final,8.5,-125
LAA,2025-08-31T18:10Z,401696958,HOU,2025,Los Angeles Angels,3,66.43188520999999,2025-08-31T11:11Z,Houston Astros,0,135,135,120,-160,-160,-145,False,ESPN BET,1,-105,9,,,-1.5,Final,7.5,-115
DET,2025-08-31T18:10Z,401696959,KC,2025,Detroit Tigers,5,37.60635567,2025-08-31T11:11Z,Kansas City Royals,0,-175,-175,-200,145,145,165,False,ESPN BET,1,105,9,,,1.5,Final,7.5,-125
NYY,2025-08-31T18:10Z,401696960,CHW,2025,New York Yankees,2,42.93792223,2025-08-31T11:11Z,Chicago White Sox,3,-175,-175,-155,145,145,130,False,ESPN BET,1,-120,9,,,1.5,Final,8.5,100
CHC,2025-08-31T19:10Z,401696962,COL,2025,Chicago Cubs,5,22.61060614,2025-08-31T11:11Z,Colorado Rockies,6,-265,-265,-210,215,215,175,False,ESPN BET,1,-120,9,,,2.5,Final,10.5,100
BAL,2025-08-31T20:05Z,401696964,SF,2025,Baltimore Orioles,2,53.47104957,2025-08-31T11:11Z,San Francisco Giants,13,125,125,105,-150,-150,-125,False,ESPN BET,1,-120,9,,,-1.5,Final,8.5,100
TEX,2025-08-31T20:05Z,401764587,ATH,2025,Texas Rangers,9,35.66850558,2025-08-31T11:10Z,Athletics,6,-150,-150,-120,125,125,100,False,ESPN BET,1,100,9,,,1.5,Final,9.5,-120
ARI,2025-08-31T20:10Z,401696963,LAD,2025,Arizona Diamondbacks,4,71.30429764,2025-08-31T11:11Z,Los Angeles Dodgers,5,195,195,155,-235,-235,-185,False,ESPN BET,1,110,9,,,-1.5,Final,9.5,-130
ATL,2025-08-31T23:00Z,401696951,PHI,2025,Atlanta Braves,3,65.05364152,2025-08-31T11:11Z,Philadelphia Phillies,1,140,140,145,-165,-165,-175,False,ESPN BET,1,-125,9,,,-1.5,Final,8.5,105
MIA,2025-09-01T17:05Z,401696967,WSH,2025,Miami Marlins,0,52.29853147,2025-09-01T11:11Z,Washington Nationals,2,-110,-110,125,-110,-110,-150,False,ESPN BET,1,-135,9,,,1.5,Final,8.5,115
NYM,2025-09-01T17:10Z,401696968,DET,2025,New York Mets,10,51.885219559999996,2025-09-01T11:11Z,Detroit Tigers,8,-115,-115,-160,-105,-105,135,False,ESPN BET,1,-120,9,,,1.5,Final,8.5,100
TOR,2025-09-01T17:10Z,401696970,CIN,2025,Toronto Blue Jays,4,58.57082888,2025-09-01T11:11Z,Cincinnati Reds,5,105,105,-130,-125,-125,110,False,ESPN BET,1,-120,9,,,-1.5,Final,7.5,100
CLE,2025-09-01T17:35Z,401696966,BOS,2025,Cleveland Guardians,4,67.94795353,2025-09-01T11:11Z,Boston Red Sox,6,125,125,-110,-150,-150,-110,False,ESPN BET,1,100,9,,,-1.5,Final,8.5,-120
LAA,2025-09-01T18:10Z,401696971,HOU,2025,Los Angeles Angels,3,51.18389330000001,2025-09-01T11:11Z,Houston Astros,8,140,140,125,-165,-165,-150,False,ESPN BET,1,100,9,,,-1.5,Final,8.5,-120
CHW,2025-09-01T18:10Z,401696973,MIN,2025,Chicago White Sox,6,56.28870465,2025-09-01T11:11Z,Minnesota Twins,5,155,155,110,-185,-185,-130,False,ESPN BET,1,110,9,,,-1.5,Final,9.5,-130
ATH,2025-09-01T18:15Z,401696974,STL,2025,Athletics,11,59.824740340000005,2025-09-01T11:11Z,St. Louis Cardinals,3,125,125,-115,-150,-150,-105,False,ESPN BET,1,100,9,,,-1.5,Final,7.5,-120
ATL,2025-09-01T20:05Z,401696972,CHC,2025,Atlanta Braves,6,61.5746233,2025-09-01T11:11Z,Chicago Cubs,7,105,105,-120,-125,-125,100,False,ESPN BET,1,-115,10,,,-1.5,Final/10,7.5,-105
PHI,2025-09-01T20:10Z,401696975,MIL,2025,Philadelphia Phillies,10,61.644927270000004,2025-09-01T11:11Z,Milwaukee Brewers,8,125,125,135,-150,-150,-160,False,ESPN BET,1,-115,9,,,-1.5,Final,8.5,-105
SF,2025-09-01T20:10Z,401696976,COL,2025,San Francisco Giants,8,49.59011192,2025-09-01T11:11Z,Colorado Rockies,2,-150,-150,100,125,125,-120,False,ESPN BET,1,-110,9,,,1.5,Final,11.5,-110
BAL,2025-09-01T22:40Z,401696977,SD,2025,Baltimore Orioles,4,52.02651622,2025-09-01T11:11Z,San Diego Padres,3,145,145,140,-175,-175,-165,False,ESPN BET,1,-105,9,,,-1.5,Final,7.5,-115
SEA,2025-09-01T23:35Z,401696969,TB,2025,Seattle Mariners,2,43.99799494,2025-09-01T11:11Z,Tampa Bay Rays,10,-105,-105,105,-115,-115,-125,False,ESPN BET,1,-105,9,,,1.5,Final,8.5,-115
TEX,2025-09-02T00:10Z,401696978,ARI,2025,Texas Rangers,7,61.820610249999994,2025-09-01T11:11Z,Arizona Diamondbacks,5,120,120,100,-145,-145,-120,False,ESPN BET,1,-135,10,,,-1.5,Final/10,8.5,115
LAD,2025-09-02T22:40Z,401696980,PIT,2025,Los Angeles Dodgers,7,37.9266934,2025-09-02T11:09Z,Pittsburgh Pirates,9,-175,-175,-125,145,145,105,False,ESPN BET,1,-105,9,,,1.5,Final,8.5,-115
NYM,2025-09-02T22:40Z,401696982,DET,2025,New York Mets,12,50.87271696,2025-09-02T11:09Z,Detroit Tigers,5,-130,-130,-160,110,110,135,False,ESPN BET,1,-125,9,,,1.5,Final,8.5,105
TOR,2025-09-02T22:40Z,401696984,CIN,2025,Toronto Blue Jays,12,57.13915572,2025-09-02T11:09Z,Cincinnati Reds,9,-130,-130,-105,110,110,-115,False,ESPN BET,1,-135,9,,,1.5,Final,8.5,115
CLE,2025-09-02T22:45Z,401696979,BOS,2025,Cleveland Guardians,7,77.60897573,2025-09-02T11:09Z,Boston Red Sox,11,205,205,195,-250,-250,-235,False,ESPN BET,1,-115,9,,,-1.5,Final,7.5,-105
MIA,2025-09-02T22:45Z,401696981,WSH,2025,Miami Marlins,2,59.40111832,2025-09-02T11:09Z,Washington Nationals,5,110,110,100,-130,-130,-120,False,ESPN BET,1,115,9,,,1.5,Final,9.5,-135
SEA,2025-09-02T23:35Z,401696983,TB,2025,Seattle Mariners,5,54.745760909999994,2025-09-02T11:09Z,Tampa Bay Rays,6,-120,-120,-125,100,100,105,False,ESPN BET,1,100,9,,,1.5,Final,7.5,-120
LAA,2025-09-02T23:40Z,401696985,KC,2025,Los Angeles Angels,5,52.16088259,2025-09-02T11:09Z,Kansas City Royals,1,145,145,105,-175,-175,-125,False,ESPN BET,1,-130,9,,,-1.5,Final,8.5,110
ATL,2025-09-02T23:40Z,401696986,CHC,2025,Atlanta Braves,3,67.96564595,2025-09-02T11:09Z,Chicago Cubs,4,145,145,110,-175,-175,-130,False,ESPN BET,1,-120,9,,,-1.5,Final,8.5,100
CHW,2025-09-02T23:40Z,401696987,MIN,2025,Chicago White Sox,12,56.52554998,2025-09-02T11:09Z,Minnesota Twins,3,110,110,110,-130,-130,-130,False,ESPN BET,1,110,9,,,-1.5,Final,9.5,-130
ATH,2025-09-02T23:45Z,401696989,STL,2025,Athletics,1,56.300909659999995,2025-09-02T11:09Z,St. Louis Cardinals,2,-115,-115,-155,-105,-105,125,False,ESPN BET,1,-110,9,,,1.5,Final,8.5,-110
NYY,2025-09-03T00:10Z,401696988,HOU,2025,New York Yankees,7,48.22707971,2025-09-02T11:09Z,Houston Astros,1,-130,-130,-130,110,110,110,False,ESPN BET,1,-120,9,,,1.5,Final,7.5,100
SF,2025-09-03T00:40Z,401696990,COL,2025,San Francisco Giants,7,31.82353276,2025-09-02T11:09Z,Colorado Rockies,4,-235,-235,-150,195,195,125,False,ESPN BET,1,105,9,,,1.5,Final,10.5,-125
BAL,2025-09-03T01:40Z,401696991,SD,2025,Baltimore Orioles,6,59.11508427,2025-09-02T11:09Z,San Diego Padres,2,150,150,135,-180,-180,-160,False,ESPN BET,1,100,9,,,-1.5,Final,8.5,-120
TEX,2025-09-03T01:40Z,401696992,ARI,2025,Texas Rangers,3,52.765379349999996,2025-09-02T11:09Z,Arizona Diamondbacks,5,-105,-105,-105,-115,-115,-115,False,ESPN BET,1,-105,9,,,1.5,Final,9.5,-115
MIA,2025-09-03T17:05Z,401696995,WSH,2025,Miami Marlins,5,45.296986849999996,2025-09-03T11:09Z,Washington Nationals,10,-155,-155,-135,130,130,115,False,ESPN BET,1,-125,9,,,1.5,Final,8.5,105
NYM,2025-09-03T17:10Z,401696996,DET,2025,New York Mets,2,50.38601972,2025-09-03T11:09Z,Detroit Tigers,6,-115,-115,-150,-105,-105,125,False,ESPN BET,1,100,9,,,1.5,Final,9.5,-120
TEX,2025-09-03T19:40Z,401697007,ARI,2025,Texas Rangers,0,56.728395379999995,2025-09-03T11:09Z,Arizona Diamondbacks,2,110,110,-110,-130,-130,-110,False,ESPN BET,1,-130,9,,,-1.5,Final,8.5,110
BAL,2025-09-03T20:10Z,401697006,SD,2025,Baltimore Orioles,7,62.45156757,2025-09-03T11:09Z,San Diego Padres,5,155,155,125,-190,-190,-150,False,ESPN BET,1,100,9,,,-1.5,Final,8.5,-120
LAD,2025-09-03T22:40Z,401696994,PIT,2025,Los Angeles Dodgers,0,44.60393197,2025-09-03T11:09Z,Pittsburgh Pirates,3,-165,-165,-160,140,140,135,False,ESPN BET,1,100,9,,,1.5,Final,8.5,-120
TOR,2025-09-03T22:40Z,401696998,CIN,2025,Toronto Blue Jays,13,43.000749729999995,2025-09-03T11:09Z,Cincinnati Reds,9,-155,-155,-190,130,130,160,False,ESPN BET,1,-125,9,,,1.5,Final,8.5,105
CLE,2025-09-03T22:45Z,401696993,BOS,2025,Cleveland Guardians,8,70.33955811,2025-09-03T11:09Z,Boston Red Sox,1,130,130,-105,-155,-155,-115,False,ESPN BET,1,-120,9,,,-1.5,Final,8.5,100
SEA,2025-09-03T23:35Z,401696997,TB,2025,Seattle Mariners,4,49.38355,2025-09-03T11:09Z,Tampa Bay Rays,9,-130,-130,-125,110,110,105,False,ESPN BET,1,-115,9,,,1.5,Final,8.5,-105
LAA,2025-09-03T23:40Z,401696999,KC,2025,Los Angeles Angels,4,69.26643471,2025-09-03T11:09Z,Kansas City Royals,3,140,140,100,-165,-165,-120,False,ESPN BET,1,-135,9,,,-1.5,Final,8.5,115
ATL,2025-09-03T23:40Z,401697000,CHC,2025,Atlanta Braves,5,70.11869786,2025-09-03T11:09Z,Chicago Cubs,1,130,130,120,-155,-155,-145,False,ESPN BET,1,105,9,,,-1.5,Final,8.5,-125
CHW,2025-09-03T23:40Z,401697001,MIN,2025,Chicago White Sox,4,57.19463546,2025-09-03T11:09Z,Minnesota Twins,3,140,140,120,-165,-165,-145,False,ESPN BET,1,-115,9,,,-1.5,Final,8.5,-105
PHI,2025-09-03T23:40Z,401697004,MIL,2025,Philadelphia Phillies,3,65.19374411999999,2025-09-03T11:09Z,Milwaukee Brewers,6,-115,-115,-130,-105,-105,110,False,ESPN BET,1,-130,9,,,1.5,Final,8.5,110
ATH,2025-09-03T23:45Z,401697003,STL,2025,Athletics,1,56.42021731,2025-09-03T11:09Z,St. Louis Cardinals,5,-110,-110,-120,-110,-110,100,False,ESPN BET,1,-120,9,,,1.5,Final,8.5,100
NYY,2025-09-04T00:10Z,401697002,HOU,2025,New York Yankees,7,47.83578901,2025-09-03T11:09Z,Houston Astros,8,-150,-150,-150,125,125,125,False,ESPN BET,1,105,9,,,1.5,Final,9.5,-125
SF,2025-09-04T00:40Z,401697005,COL,2025,San Francisco Giants,10,30.073139349999998,2025-09-03T11:09Z,Colorado Rockies,8,-190,-190,-130,160,160,110,False,ESPN BET,1,-110,9,,,1.5,Final,11.5,-110
PHI,2025-09-04T20:10Z,401697013,MIL,2025,Philadelphia Phillies,2,60.80375501,2025-09-04T11:09Z,Milwaukee Brewers,0,-105,-105,110,-115,-115,-130,False,ESPN BET,1,-130,9,,,1.5,Final,7.5,110
LAD,2025-09-04T22:40Z,401697009,PIT,2025,Los Angeles Dodgers,3,44.45191791,2025-09-04T11:09Z,Pittsburgh Pirates,5,-115,-115,-110,-105,-105,-110,False,ESPN BET,1,-125,9,,,1.5,Final,6.5,105
CLE,2025-09-04T23:35Z,401697008,TB,2025,Cleveland Guardians,2,64.61997655,2025-09-04T11:09Z,Tampa Bay Rays,4,145,145,135,-175,-175,-160,False,ESPN BET,1,-105,9,,,-1.5,Final,8.5,-115
LAA,2025-09-04T23:40Z,401697010,KC,2025,Los Angeles Angels,3,62.65723766,2025-09-04T11:09Z,Kansas City Royals,4,130,130,115,-155,-155,-135,False,ESPN BET,1,105,9,,,-1.5,Final,9.5,-125
CHW,2025-09-04T23:40Z,401697011,MIN,2025,Chicago White Sox,11,57.0074084,2025-09-04T11:09Z,Minnesota Twins,8,125,125,100,-150,-150,-120,False,ESPN BET,1,-120,9,,,-1.5,Final,8.5,100
NYY,2025-09-04T23:40Z,401697012,HOU,2025,New York Yankees,8,39.744842809999994,2025-09-04T11:09Z,Houston Astros,4,-145,-145,-155,120,120,130,False,ESPN BET,1,-135,9,,,1.5,Final,8.5,115
WSH,2025-09-05T18:20Z,401697025,CHC,2025,Washington Nationals,5,67.39764092,2025-09-05T11:09Z,Chicago Cubs,11,180,180,130,-225,-225,-155,False,ESPN BET,1,-110,9,,,-1.5,Final,10.5,-110
CHW,2025-09-05T22:40Z,401697014,DET,2025,Chicago White Sox,7,61.35748969,2025-09-05T11:09Z,Detroit Tigers,5,160,160,-110,-190,-190,-110,False,ESPN BET,1,-110,9,,,-1.5,Final,8.5,-110
MIL,2025-09-05T22:40Z,401697017,PIT,2025,Milwaukee Brewers,5,36.869166320000005,2025-09-05T11:09Z,Pittsburgh Pirates,2,-145,-145,-125,120,120,105,False,ESPN BET,1,100,9,,,1.5,Final,8.5,-120
NYM,2025-09-05T22:40Z,401697018,CIN,2025,New York Mets,5,54.285232439999994,2025-09-05T11:09Z,Cincinnati Reds,4,-120,-120,-160,100,100,135,False,ESPN BET,1,100,9,,,1.5,Final,9.5,-120
LAD,2025-09-05T23:05Z,401697016,BAL,2025,Los Angeles Dodgers,1,38.5422841,2025-09-05T11:09Z,Baltimore Orioles,2,-175,-175,-175,145,145,145,False,ESPN BET,1,120,9,,,1.5,Final,9.5,-145
TOR,2025-09-05T23:05Z,401697021,NYY,2025,Toronto Blue Jays,7,56.88683016,2025-09-05T11:09Z,New York Yankees,1,105,105,135,-125,-125,-160,False,ESPN BET,1,-135,9,,,-1.5,Final,8.5,115
PHI,2025-09-05T23:10Z,401697019,MIA,2025,Philadelphia Phillies,9,36.83153703,2025-09-05T11:09Z,Miami Marlins,3,-240,-240,-200,200,200,165,False,ESPN BET,1,110,9,,,2.5,Final,8.5,-130
SEA,2025-09-05T23:15Z,401697020,ATL,2025,Seattle Mariners,1,64.31161643,2025-09-05T11:09Z,Atlanta Braves,4,105,105,105,-125,-125,-125,False,ESPN BET,1,-110,9,,,-1.5,Final,7.5,-110
CLE,2025-09-05T23:35Z,401697015,TB,2025,Cleveland Guardians,7,58.812439559999994,2025-09-05T11:09Z,Tampa Bay Rays,1,125,125,140,-150,-150,-165,False,ESPN BET,1,110,9,,,-1.5,Final,7.5,-130
MIN,2025-09-05T23:40Z,401697023,KC,2025,Minnesota Twins,1,57.863798450000004,2025-09-05T11:09Z,Kansas City Royals,2,115,115,-145,-135,-135,120,False,ESPN BET,1,105,9,,,-1.5,Final,8.5,-125
HOU,2025-09-06T00:05Z,401697022,TEX,2025,Houston Astros,3,57.7145868,2025-09-05T11:09Z,Texas Rangers,4,105,105,-135,-125,-125,115,False,ESPN BET,1,-125,12,,,1.5,Final/12,7.5,105
SF,2025-09-06T00:15Z,401697024,STL,2025,San Francisco Giants,8,61.13360101000001,2025-09-05T11:09Z,St. Louis Cardinals,2,100,100,-115,-120,-120,-105,False,ESPN BET,1,-110,9,,,1.5,Final,8.5,-110
SD,2025-09-06T00:40Z,401697026,COL,2025,San Diego Padres,0,30.11473167,2025-09-05T11:09Z,Colorado Rockies,3,-215,-215,-180,180,180,150,False,ESPN BET,1,-110,9,,,2.5,Final,10.5,-110
ATH,2025-09-06T01:38Z,401697028,LAA,2025,Athletics,10,61.801207999999995,2025-09-05T11:09Z,Los Angeles Angels,4,130,130,120,-155,-155,-145,False,ESPN BET,1,110,9,,,-1.5,Final,9.5,-130
BOS,2025-09-06T01:40Z,401697027,ARI,2025,Boston Red Sox,5,48.72078784,2025-09-05T11:09Z,Arizona Diamondbacks,10,-135,-135,-130,115,115,105,False,ESPN BET,1,-135,9,,,1.5,Final,8.5,115
TOR,2025-09-06T17:05Z,401697036,NYY,2025,Toronto Blue Jays,1,55.6769847,2025-09-06T11:10Z,New York Yankees,3,120,120,165,-145,-145,-200,False,ESPN BET,1,-120,9,,,-1.5,Final,9.5,100
WSH,2025-09-06T18:20Z,401697040,CHC,2025,Washington Nationals,2,74.52020150999999,2025-09-06T11:10Z,Chicago Cubs,1,210,210,150,-255,-255,-180,False,ESPN BET,1,-120,9,,,-1.5,Final,8.5,100
PHI,2025-09-06T20:10Z,401697034,MIA,2025,Philadelphia Phillies,4,42.36909015,2025-09-06T11:10Z,Miami Marlins,2,-160,-160,-165,135,135,140,False,ESPN BET,1,-125,9,,,1.5,Final,7.5,105
CHW,2025-09-06T22:10Z,401697029,DET,2025,Chicago White Sox,0,75.94616107,2025-09-06T11:10Z,Detroit Tigers,6,240,240,150,-300,-300,-180,False,ESPN BET,1,105,9,,,-1.5,Final,7.5,-125
MIL,2025-09-06T22:40Z,401697032,PIT,2025,Milwaukee Brewers,4,41.44759645,2025-09-06T11:10Z,Pittsburgh Pirates,1,-150,-150,-155,125,125,130,False,ESPN BET,1,-120,9,,,1.5,Final,7.5,100
NYM,2025-09-06T22:40Z,401697033,CIN,2025,New York Mets,3,55.735766379999994,2025-09-06T11:10Z,Cincinnati Reds,6,-135,-135,-175,115,115,145,False,ESPN BET,1,105,9,,,1.5,Final,9.5,-125
CLE,2025-09-06T23:05Z,401697030,TB,2025,Cleveland Guardians,3,54.33604273,2025-09-06T11:10Z,Tampa Bay Rays,2,120,120,135,-145,-145,-160,False,ESPN BET,1,-120,9,,,-1.5,Final,8.5,100
LAD,2025-09-06T23:05Z,401697031,BAL,2025,Los Angeles Dodgers,3,45.19625544,2025-09-06T11:10Z,Baltimore Orioles,4,-145,-145,-155,120,120,130,False,ESPN BET,1,-115,9,,,1.5,Final,7.5,-105
SEA,2025-09-06T23:15Z,401697035,ATL,2025,Seattle Mariners,10,49.67502311,2025-09-06T11:10Z,Atlanta Braves,2,105,105,-105,-125,-125,-115,False,ESPN BET,1,120,9,,,-1.5,Final,9.5,-145
HOU,2025-09-06T23:15Z,401697037,TEX,2025,Houston Astros,11,55.65939379,2025-09-06T11:10Z,Texas Rangers,0,100,100,-115,-120,-120,-105,False,ESPN BET,1,-135,9,,,1.5,Final,6.5,115
MIN,2025-09-06T23:15Z,401697038,KC,2025,Minnesota Twins,2,46.225784,2025-09-06T11:10Z,Kansas City Royals,11,-130,-130,-105,110,110,-115,False,ESPN BET,1,-105,9,,,1.5,Final,8.5,-115
SF,2025-09-06T23:15Z,401697039,STL,2025,San Francisco Giants,2,52.07435021,2025-09-06T11:10Z,St. Louis Cardinals,3,-125,-125,100,105,105,-120,False,ESPN BET,1,-105,9,,,1.5,Final,8.5,-115
SD,2025-09-07T00:10Z,401697041,COL,2025,San Diego Padres,10,40.02810171,2025-09-06T11:10Z,Colorado Rockies,8,-185,-185,-120,155,155,100,False,ESPN BET,1,-105,9,,,1.5,Final,11.5,-115
BOS,2025-09-07T00:10Z,401697042,ARI,2025,Boston Red Sox,1,46.03751996,2025-09-06T11:10Z,Arizona Diamondbacks,5,-125,-125,-105,105,105,-115,False,ESPN BET,1,-135,9,,,1.5,Final,8.5,115
ATH,2025-09-07T01:38Z,401697043,LAA,2025,Athletics,17,60.6535811,2025-09-06T11:10Z,Los Angeles Angels,4,110,110,-130,-130,-130,110,False,ESPN BET,1,-125,9,,,-1.5,Final,8.5,105
SEA,2025-09-07T16:05Z,401697050,ATL,2025,Seattle Mariners,18,48.548817230000004,2025-09-07T11:10Z,Atlanta Braves,2,-115,-115,-115,-105,-105,-105,False,ESPN BET,1,-120,9,,,1.5,Final,9.5,100
CLE,2025-09-07T16:10Z,401697045,TB,2025,Cleveland Guardians,2,67.56558150000001,2025-09-07T11:10Z,Tampa Bay Rays,1,140,140,115,-175,-175,-135,False,ESPN BET,1,100,9,,,-1.5,Final,8.5,-120
LAD,2025-09-07T17:35Z,401697046,BAL,2025,Los Angeles Dodgers,5,42.64216236,2025-09-07T11:10Z,Baltimore Orioles,2,-165,-165,-160,140,140,135,False,ESPN BET,1,-115,9,,,1.5,Final,8.5,-105
MIL,2025-09-07T17:35Z,401697047,PIT,2025,Milwaukee Brewers,10,42.1366609,2025-09-07T11:10Z,Pittsburgh Pirates,2,-135,-135,-165,115,115,140,False,ESPN BET,1,-115,9,,,1.5,Final,7.5,-105
TOR,2025-09-07T17:35Z,401697051,NYY,2025,Toronto Blue Jays,3,63.82948578999999,2025-09-07T11:10Z,New York Yankees,4,155,155,145,-185,-185,-175,False,ESPN BET,1,-130,9,,,-1.5,Final,7.5,110
CHW,2025-09-07T17:40Z,401697044,DET,2025,Chicago White Sox,6,57.74553891000001,2025-09-07T11:10Z,Detroit Tigers,4,150,150,100,-180,-180,-120,False,ESPN BET,1,-125,9,,,-1.5,Final,8.5,105
NYM,2025-09-07T17:40Z,401697048,CIN,2025,New York Mets,2,63.068110219999994,2025-09-07T11:10Z,Cincinnati Reds,3,105,105,-135,-125,-125,115,False,ESPN BET,1,-120,9,,,1.5,Final,8.5,100
PHI,2025-09-07T17:40Z,401697049,MIA,2025,Philadelphia Phillies,4,50.52739321000001,2025-09-07T11:10Z,Miami Marlins,5,-135,-135,-115,115,115,-105,False,ESPN BET,1,115,9,,,1.5,Final,9.5,-135
MIN,2025-09-07T18:10Z,401697053,KC,2025,Minnesota Twins,5,53.31110888,2025-09-07T11:10Z,Kansas City Royals,1,105,105,115,-125,-125,-135,False,ESPN BET,1,-115,9,,,-1.5,Final,8.5,-105
SF,2025-09-07T18:15Z,401697054,STL,2025,San Francisco Giants,3,69.1468175,2025-09-07T11:10Z,St. Louis Cardinals,4,115,115,115,-135,-135,-135,False,ESPN BET,1,-120,9,,,-1.5,Final,7.5,100
WSH,2025-09-07T18:20Z,401697055,CHC,2025,Washington Nationals,6,69.00495861,2025-09-07T11:10Z,Chicago Cubs,3,160,160,120,-190,-190,-145,False,ESPN BET,1,100,9,,,-1.5,Final,7.5,-120
HOU,2025-09-07T18:35Z,401697052,TEX,2025,Houston Astros,2,54.982096049999996,2025-09-07T11:10Z,Texas Rangers,4,-150,-150,-145,125,125,120,False,ESPN BET,1,-105,9,,,1.5,Final,8.5,-115
SD,2025-09-07T19:10Z,401697056,COL,2025,San Diego Padres,8,33.865102549999996,2025-09-07T11:10Z,Colorado Rockies,1,-255,-255,-255,210,210,210,False,ESPN BET,1,-125,9,,,2.5,Final,10.5,105
ATH,2025-09-07T20:07Z,401697058,LAA,2025,Athletics,3,52.98678175,2025-09-07T11:10Z,Los Angeles Angels,4,-115,-115,-135,-105,-105,115,False,ESPN BET,1,-110,9,,,1.5,Final,9.5,-110
BOS,2025-09-07T20:10Z,401697057,ARI,2025,Boston Red Sox,7,51.19710943,2025-09-07T11:10Z,Arizona Diamondbacks,4,-110,-110,-110,-110,-110,-110,False,ESPN BET,1,-120,9,,,1.5,Final,8.5,100
KC,2025-09-08T22:40Z,401697060,CLE,2025,Kansas City Royals,2,48.113255179999996,2025-09-08T11:09Z,Cleveland Guardians,10,-110,-110,-125,-110,-110,100,False,ESPN BET,1,-115,9,,,1.5,Final,7.5,-105
WSH,2025-09-08T22:40Z,401697062,MIA,2025,Washington Nationals,15,54.945118810000004,2025-09-08T11:09Z,Miami Marlins,7,105,105,-105,-125,-125,-115,False,ESPN BET,1,-115,9,,,1.5,Final,8.5,-105
NYM,2025-09-08T22:45Z,401697061,PHI,2025,New York Mets,0,45.42003358,2025-09-08T11:09Z,Philadelphia Phillies,1,-130,-130,-150,110,110,125,False,ESPN BET,1,-115,9,,,1.5,Final,8.5,-105
CHC,2025-09-08T23:15Z,401697059,ATL,2025,Chicago Cubs,1,37.99316518,2025-09-08T11:09Z,Atlanta Braves,4,-120,-120,115,100,100,-135,False,ESPN BET,1,-115,9,,,1.5,Final,8.5,-105
MIL,2025-09-09T00:05Z,401697063,TEX,2025,Milwaukee Brewers,0,47.66992296,2025-09-08T11:09Z,Texas Rangers,5,-125,-125,-120,105,105,100,False,ESPN BET,1,-115,9,,,1.5,Final,8.5,-105
MIN,2025-09-09T01:38Z,401697068,LAA,2025,Minnesota Twins,12,43.95722158,2025-09-08T11:09Z,Los Angeles Angels,3,105,105,-105,-125,-125,-115,False,ESPN BET,1,-105,9,,,1.5,Final,9.5,-115
CIN,2025-09-09T01:40Z,401697066,SD,2025,Cincinnati Reds,3,46.10633669,2025-09-08T11:09Z,San Diego Padres,4,110,110,-105,-130,-130,-115,False,ESPN BET,1,-105,10,,,-1.5,Final/10,7.5,-115
STL,2025-09-09T01:40Z,401697069,SEA,2025,St. Louis Cardinals,2,68.15729135000001,2025-09-08T11:09Z,Seattle Mariners,4,200,200,175,-240,-240,-210,False,ESPN BET,1,-120,9,,,-1.5,Final,7.5,100
ARI,2025-09-09T01:45Z,401697064,SF,2025,Arizona Diamondbacks,5,57.808982099999994,2025-09-08T11:09Z,San Francisco Giants,11,150,150,110,-180,-180,-130,False,ESPN BET,1,-115,9,,,-1.5,Final,7.5,-105
BOS,2025-09-09T02:05Z,401764588,ATH,2025,Boston Red Sox,7,34.67204908,2025-09-08T11:09Z,Athletics,0,-160,-160,-135,135,135,115,False,ESPN BET,1,-130,9,,,1.5,Final,8.5,110
COL,2025-09-09T02:10Z,401697067,LAD,2025,Colorado Rockies,1,80.24573124999999,2025-09-08T11:09Z,Los Angeles Dodgers,3,295,295,205,-375,-375,-250,False,ESPN BET,1,-125,9,,,-2.5,Final,8.5,105
PIT,2025-09-09T22:35Z,401697075,BAL,2025,Pittsburgh Pirates,2,68.82296427,2025-09-09T11:09Z,Baltimore Orioles,3,130,130,-105,-155,-155,-115,False,ESPN BET,1,-115,11,,,-1.5,Final/11,7.5,-105
KC,2025-09-09T22:40Z,401697073,CLE,2025,Kansas City Royals,0,54.40051318,2025-09-09T11:09Z,Cleveland Guardians,2,-110,-110,100,-110,-110,-120,False,ESPN BET,1,-105,9,,,1.5,Final,7.5,-115
WSH,2025-09-09T22:40Z,401697076,MIA,2025,Washington Nationals,7,52.38964179,2025-09-09T11:09Z,Miami Marlins,5,105,105,105,-125,-125,-125,False,ESPN BET,1,105,9,,,-1.5,Final,9.5,-125
NYM,2025-09-09T22:45Z,401697074,PHI,2025,New York Mets,3,64.94228386,2025-09-09T11:09Z,Philadelphia Phillies,9,115,115,-130,-135,-135,110,False,ESPN BET,1,-130,9,,,-1.5,Final,7.5,110
DET,2025-09-09T23:05Z,401697071,NYY,2025,Detroit Tigers,12,55.427039040000004,2025-09-09T11:09Z,New York Yankees,2,135,135,130,-160,-160,-155,False,ESPN BET,1,-110,9,,,-1.5,Final,8.5,-110
HOU,2025-09-09T23:07Z,401697072,TOR,2025,Houston Astros,3,61.83148079,2025-09-09T11:09Z,Toronto Blue Jays,4,125,125,-120,-150,-150,100,False,ESPN BET,1,110,10,,,-1.5,Final/10,8.5,-130
CHC,2025-09-09T23:15Z,401697070,ATL,2025,Chicago Cubs,6,42.32164039,2025-09-09T11:09Z,Atlanta Braves,1,-110,-110,-130,-110,-110,110,False,ESPN BET,1,-105,9,,,1.5,Final,8.5,-115
TB,2025-09-09T23:40Z,401697078,CHW,2025,Tampa Bay Rays,5,42.19785533,2025-09-09T11:09Z,Chicago White Sox,4,-130,-130,-130,110,110,110,False,ESPN BET,1,100,9,,,1.5,Final,8.5,-120
MIL,2025-09-10T00:05Z,401697077,TEX,2025,Milwaukee Brewers,4,45.580804400000005,2025-09-09T11:09Z,Texas Rangers,5,-110,-110,-175,-110,-110,145,False,ESPN BET,1,-105,9,,,1.5,Final,8.5,-115
MIN,2025-09-10T01:38Z,401697083,LAA,2025,Minnesota Twins,2,53.472922010000005,2025-09-09T11:09Z,Los Angeles Angels,12,-115,-115,-130,-105,-105,110,False,ESPN BET,1,-130,9,,,1.5,Final,8.5,110
CIN,2025-09-10T01:40Z,401697081,SD,2025,Cincinnati Reds,4,61.35465082,2025-09-09T11:09Z,San Diego Padres,2,160,160,130,-190,-190,-155,False,ESPN BET,1,-115,9,,,-1.5,Final,7.5,-105
STL,2025-09-10T01:40Z,401697084,SEA,2025,St. Louis Cardinals,3,59.03162802000001,2025-09-09T11:09Z,Seattle Mariners,5,165,165,125,-200,-200,-150,False,ESPN BET,1,-105,9,,,-1.5,Final,7.5,-115
ARI,2025-09-10T01:45Z,401697079,SF,2025,Arizona Diamondbacks,3,60.274028449999996,2025-09-09T11:09Z,San Francisco Giants,5,125,125,-110,-150,-150,-110,False,ESPN BET,1,-110,9,,,-1.5,Final,7.5,-110
BOS,2025-09-10T02:05Z,401764589,ATH,2025,Boston Red Sox,6,48.26010189,2025-09-09T11:09Z,Athletics,0,100,100,110,-120,-120,-130,False,ESPN BET,1,105,9,,,1.5,Final,10.5,-125
COL,2025-09-10T02:10Z,401697082,LAD,2025,Colorado Rockies,2,79.13748468,2025-09-09T11:09Z,Los Angeles Dodgers,7,265,265,160,-335,-335,-190,False,ESPN BET,1,-135,9,,,-2.5,Final,8.5,115
MIL,2025-09-10T18:35Z,401697092,TEX,2025,Milwaukee Brewers,3,44.83337345,2025-09-10T11:09Z,Texas Rangers,6,-125,-125,-190,105,105,160,False,ESPN BET,1,110,9,,,1.5,Final,7.5,-130
BOS,2025-09-10T19:35Z,401764590,ATH,2025,Boston Red Sox,4,42.33966693,2025-09-10T11:09Z,Athletics,5,-115,-115,-135,-105,-105,115,False,ESPN BET,1,-120,9,,,1.5,Final,10.5,100
ARI,2025-09-10T19:45Z,401697094,SF,2025,Arizona Diamondbacks,5,57.352556840000005,2025-09-10T11:09Z,San Francisco Giants,3,110,110,-110,-130,-130,-110,False,ESPN BET,1,-120,9,,,-1.5,Final,8.5,100
MIN,2025-09-10T20:07Z,401697098,LAA,2025,Minnesota Twins,3,58.5928344,2025-09-10T11:09Z,Los Angeles Angels,4,-105,-105,120,-115,-115,-145,False,ESPN BET,1,100,9,,,1.5,Final,9.5,-120
PIT,2025-09-10T22:35Z,401697090,BAL,2025,Pittsburgh Pirates,1,41.95188525,2025-09-10T11:09Z,Baltimore Orioles,2,-155,-155,-155,130,130,130,False,ESPN BET,1,120,10,,,1.5,Final/10,7.5,-145
KC,2025-09-10T22:40Z,401697088,CLE,2025,Kansas City Royals,4,60.52839782,2025-09-10T11:09Z,Cleveland Guardians,3,-110,-110,-105,-110,-110,-115,False,ESPN BET,1,-120,9,,,1.5,Final,7.5,100
WSH,2025-09-10T22:40Z,401697091,MIA,2025,Washington Nationals,3,61.78131098,2025-09-10T11:09Z,Miami Marlins,8,130,130,115,-155,-155,-135,False,ESPN BET,1,-115,9,,,-1.5,Final,8.5,-105
NYM,2025-09-10T22:45Z,401697089,PHI,2025,New York Mets,3,60.60857891,2025-09-10T11:09Z,Philadelphia Phillies,11,135,135,120,-160,-160,-145,False,ESPN BET,1,-110,9,,,-1.5,Final,7.5,-110
DET,2025-09-10T23:05Z,401697086,NYY,2025,Detroit Tigers,11,63.83458366,2025-09-10T11:09Z,New York Yankees,1,145,145,165,-175,-175,-200,False,ESPN BET,1,110,9,,,-1.5,Final,8.5,-130
HOU,2025-09-10T23:07Z,401697087,TOR,2025,Houston Astros,3,61.75738990000001,2025-09-10T11:09Z,Toronto Blue Jays,2,135,135,125,-160,-160,-150,False,ESPN BET,1,-120,9,,,-1.5,Final,8.5,100
CHC,2025-09-10T23:15Z,401697085,ATL,2025,Chicago Cubs,3,63.65873689,2025-09-10T11:09Z,Atlanta Braves,2,140,140,120,-165,-165,-145,False,ESPN BET,1,105,9,,,-1.5,Final,8.5,-125
TB,2025-09-10T23:40Z,401697093,CHW,2025,Tampa Bay Rays,5,41.165002630000004,2025-09-10T11:09Z,Chicago White Sox,6,-130,-130,-145,110,110,120,False,ESPN BET,1,100,9,,,1.5,Final,8.5,-120
CIN,2025-09-11T00:40Z,401697096,SD,2025,Cincinnati Reds,2,60.448902849999996,2025-09-10T11:09Z,San Diego Padres,1,130,130,115,-155,-155,-135,False,ESPN BET,1,-110,9,,,-1.5,Final,7.5,-110
STL,2025-09-11T01:40Z,401697099,SEA,2025,St. Louis Cardinals,2,62.27576121,2025-09-10T11:09Z,Seattle Mariners,4,180,180,155,-215,-215,-185,False,ESPN BET,1,100,13,,,-1.5,Final/13,7.5,-120
COL,2025-09-11T02:10Z,401697097,LAD,2025,Colorado Rockies,0,82.82247853,2025-09-10T11:09Z,Los Angeles Dodgers,9,280,280,130,-350,-350,-155,False,ESPN BET,1,-115,9,,,-1.5,Final,8.5,-105
PIT,2025-09-11T17:05Z,401697104,BAL,2025,Pittsburgh Pirates,2,55.79346054,2025-09-11T11:09Z,Baltimore Orioles,3,100,100,105,-120,-120,-125,False,ESPN BET,1,100,9,,,-1.5,Final,8.5,-120
TB,2025-09-11T18:10Z,401697106,CHW,2025,Tampa Bay Rays,1,47.4710598,2025-09-11T11:09Z,Chicago White Sox,5,-130,-130,-150,110,110,125,False,ESPN BET,1,-120,9,,,1.5,Final,7.5,100
HOU,2025-09-11T19:07Z,401697101,TOR,2025,Houston Astros,0,66.52135731,2025-09-11T11:09Z,Toronto Blue Jays,6,140,140,105,-165,-165,-125,False,ESPN BET,1,-105,9,,,-1.5,Final,8.5,-115
WSH,2025-09-11T22:40Z,401697105,MIA,2025,Washington Nationals,0,57.38807385,2025-09-11T11:09Z,Miami Marlins,5,110,110,120,-130,-130,-145,False,ESPN BET,1,-120,9,,,-1.5,Final,7.5,100
DET,2025-09-11T23:05Z,401697100,NYY,2025,Detroit Tigers,3,53.86022898,2025-09-11T11:09Z,New York Yankees,9,145,145,135,-175,-175,-160,False,ESPN BET,1,100,9,,,-1.5,Final,8.5,-120
KC,2025-09-11T23:15Z,401697102,CLE,2025,Kansas City Royals,2,61.761277410000005,2025-09-11T11:09Z,Cleveland Guardians,3,120,120,110,-145,-145,-130,False,ESPN BET,1,-110,9,,,-1.5,Final,7.5,-110
NYM,2025-09-11T23:15Z,401697103,PHI,2025,New York Mets,4,53.93678594,2025-09-11T11:09Z,Philadelphia Phillies,6,100,100,115,-120,-120,-135,False,ESPN BET,1,100,9,,,-1.5,Final,8.5,-120
LAA,2025-09-12T01:40Z,401697107,SEA,2025,Los Angeles Angels,6,57.492433330000004,2025-09-11T11:09Z,Seattle Mariners,7,125,125,120,-150,-150,-145,False,ESPN BET,1,-115,12,,,-1.5,Final/12,7.5,-105
COL,2025-09-12T01:40Z,401697108,SD,2025,Colorado Rockies,0,74.14704061,2025-09-11T11:09Z,San Diego Padres,2,215,215,100,-265,-265,-120,False,ESPN BET,1,-115,9,,,-1.5,Final,8.5,-105
TB,2025-09-12T18:20Z,401697119,CHC,2025,Tampa Bay Rays,4,68.79157257,2025-09-12T11:10Z,Chicago Cubs,6,140,140,-130,-165,-165,110,False,ESPN BET,1,110,9,,,-1.5,Final,7.5,-130
KC,2025-09-12T22:45Z,401697113,PHI,2025,Kansas City Royals,2,60.40760217,2025-09-12T11:10Z,Philadelphia Phillies,8,120,120,110,-145,-145,-130,False,ESPN BET,1,120,9,,,-1.5,Final,9.5,-145
PIT,2025-09-12T22:45Z,401697115,WSH,2025,Pittsburgh Pirates,5,56.83032687,2025-09-12T11:10Z,Washington Nationals,6,-110,-110,-115,-110,-110,-105,False,ESPN BET,1,-110,9,,,1.5,Final,8.5,-110
BAL,2025-09-12T23:07Z,401697109,TOR,2025,Baltimore Orioles,1,55.57833945,2025-09-12T11:10Z,Toronto Blue Jays,6,115,115,110,-135,-135,-130,False,ESPN BET,1,-110,9,,,-1.5,Final,7.5,-110
CHW,2025-09-12T23:10Z,401697110,CLE,2025,Chicago White Sox,0,57.62579062,2025-09-12T11:10Z,Cleveland Guardians,4,125,125,-105,-150,-150,-115,False,ESPN BET,1,-110,9,,,-1.5,Final,7.5,-110
DET,2025-09-12T23:10Z,401697111,MIA,2025,Detroit Tigers,2,27.93645833,2025-09-12T11:10Z,Miami Marlins,8,-200,-200,-175,165,165,140,False,ESPN BET,1,-135,9,,,1.5,Final,6.5,115
NYY,2025-09-12T23:10Z,401697114,BOS,2025,New York Yankees,4,56.318465380000006,2025-09-12T11:10Z,Boston Red Sox,1,-120,-120,-155,100,100,130,False,ESPN BET,1,-125,9,,,1.5,Final,8.5,105
TEX,2025-09-12T23:10Z,401697116,NYM,2025,Texas Rangers,8,45.51340689,2025-09-12T11:10Z,New York Mets,3,100,100,125,-120,-120,-150,False,ESPN BET,1,-110,9,,,1.5,Final,7.5,-110
HOU,2025-09-12T23:15Z,401697112,ATL,2025,Houston Astros,11,45.14480404,2025-09-12T11:10Z,Atlanta Braves,3,115,115,-110,-135,-135,-110,False,ESPN BET,1,-125,9,,,-1.5,Final,8.5,105
ARI,2025-09-13T00:10Z,401697117,MIN,2025,Arizona Diamondbacks,8,58.58954932,2025-09-12T11:10Z,Minnesota Twins,9,120,120,100,-145,-145,-120,False,ESPN BET,1,-105,9,,,-1.5,Final,8.5,-115
STL,2025-09-13T00:10Z,401697118,MIL,2025,St. Louis Cardinals,2,68.18273048,2025-09-12T11:10Z,Milwaukee Brewers,8,155,155,120,-185,-185,-145,False,ESPN BET,1,100,9,,,-1.5,Final,8.5,-120
COL,2025-09-13T01:40Z,401697122,SD,2025,Colorado Rockies,4,74.11702193,2025-09-12T11:10Z,San Diego Padres,2,220,220,180,-270,-270,-215,False,ESPN BET,1,-110,9,,,-1.5,Final,8.5,-110
CIN,2025-09-13T02:05Z,401764591,ATH,2025,Cincinnati Reds,0,43.24944414,2025-09-12T11:10Z,Athletics,3,100,100,120,-120,-120,-145,False,ESPN BET,1,100,9,,,-1.5,Final,10.5,-120
LAA,2025-09-13T02:10Z,401697120,SEA,2025,Los Angeles Angels,1,61.92765079,2025-09-12T11:10Z,Seattle Mariners,2,155,155,145,-185,-185,-175,False,ESPN BET,1,100,9,,,-1.5,Final,7.5,-120
LAD,2025-09-13T02:15Z,401697123,SF,2025,Los Angeles Dodgers,1,38.086459239999996,2025-09-12T11:10Z,San Francisco Giants,5,-150,-150,-160,125,125,135,False,ESPN BET,1,-105,10,,,1.5,Final/10,7.5,-115
TB,2025-09-13T18:20Z,401697134,CHC,2025,Tampa Bay Rays,5,46.07277527,2025-09-13T11:10Z,Chicago Cubs,4,-110,-110,-130,-110,-110,110,False,ESPN BET,1,110,9,,,1.5,Final,8.5,-130
BAL,2025-09-13T19:07Z,401697124,TOR,2025,Baltimore Orioles,4,62.3813957,2025-09-13T11:10Z,Toronto Blue Jays,5,150,150,-135,-180,-180,115,False,ESPN BET,1,-105,9,,,-1.5,Final,8.5,-115
PIT,2025-09-13T20:05Z,401697130,WSH,2025,Pittsburgh Pirates,5,62.348428600000005,2025-09-13T11:10Z,Washington Nationals,1,-115,-115,-115,-105,-105,-105,False,ESPN BET,1,115,9,,,1.5,Final,9.5,-135
DET,2025-09-13T20:10Z,401697126,MIA,2025,Detroit Tigers,4,48.30732056,2025-09-13T11:10Z,Miami Marlins,6,-135,-135,-125,115,115,105,False,ESPN BET,1,-115,11,,,1.5,Final/11,8.5,-105
NYY,2025-09-13T20:10Z,401697129,BOS,2025,New York Yankees,5,51.74912584,2025-09-13T11:10Z,Boston Red Sox,3,-155,-155,-165,130,130,140,False,ESPN BET,1,-125,9,,,1.5,Final,8.5,105
TEX,2025-09-13T20:10Z,401697131,NYM,2025,Texas Rangers,3,56.37867878,2025-09-13T11:10Z,New York Mets,2,140,140,155,-165,-165,-185,False,ESPN BET,1,-120,9,,,-1.5,Final,8.5,100
KC,2025-09-13T22:05Z,401697128,PHI,2025,Kansas City Royals,6,57.7187103,2025-09-13T11:10Z,Philadelphia Phillies,8,125,125,110,-150,-150,-130,False,ESPN BET,1,-110,9,,,-1.5,Final,9.5,-110
CHW,2025-09-13T22:10Z,401697125,CLE,2025,Chicago White Sox,1,57.80006324,2025-09-13T11:10Z,Cleveland Guardians,3,145,145,100,-175,-175,-120,False,ESPN BET,1,-115,9,,,-1.5,Final,7.5,-105
ARI,2025-09-13T23:10Z,401697132,MIN,2025,Arizona Diamondbacks,5,52.61064382,2025-09-13T11:10Z,Minnesota Twins,2,115,115,105,-135,-135,-125,False,ESPN BET,1,-110,10,,,-1.5,Final/10,8.5,-110
HOU,2025-09-13T23:15Z,401697127,ATL,2025,Houston Astros,6,38.601117689999995,2025-09-13T11:10Z,Atlanta Braves,2,-145,-145,-125,120,120,105,False,ESPN BET,1,-115,9,,,1.5,Final,8.5,-105
STL,2025-09-14T00:15Z,401697133,MIL,2025,St. Louis Cardinals,8,61.59584616,2025-09-13T11:10Z,Milwaukee Brewers,9,150,150,110,-180,-180,-130,False,ESPN BET,1,-120,10,,,-1.5,Final/10,7.5,100
COL,2025-09-14T00:40Z,401697137,SD,2025,Colorado Rockies,3,80.43499465000001,2025-09-13T11:10Z,San Diego Padres,11,280,280,115,-350,-350,-135,False,ESPN BET,1,-130,9,,,-2.5,Final,7.5,110
LAD,2025-09-14T01:05Z,401697138,SF,2025,Los Angeles Dodgers,13,53.566496269999995,2025-09-13T11:10Z,San Francisco Giants,7,100,100,-235,-120,-120,195,False,ESPN BET,1,-115,9,,,1.5,Final,7.5,-105
LAA,2025-09-14T01:40Z,401697135,SEA,2025,Los Angeles Angels,3,69.89286077999999,2025-09-13T11:10Z,Seattle Mariners,5,210,210,180,-255,-255,-215,False,ESPN BET,1,-110,9,,,-1.5,Final,7.5,-110
CIN,2025-09-14T02:05Z,401764592,ATH,2025,Cincinnati Reds,5,37.67319784,2025-09-13T11:09Z,Athletics,11,-125,-125,-120,105,105,100,False,ESPN BET,1,-130,9,,,1.5,Final,8.5,110
PIT,2025-09-14T15:35Z,401697145,WSH,2025,Pittsburgh Pirates,3,56.257633659999996,2025-09-14T11:10Z,Washington Nationals,4,-120,-120,105,100,100,-125,False,ESPN BET,1,-110,9,,,1.5,Final,8.5,-110
HOU,2025-09-14T17:35Z,401697142,ATL,2025,Houston Astros,3,44.24097148,2025-09-14T11:10Z,Atlanta Braves,8,-135,-135,-120,115,115,100,False,ESPN BET,1,-125,9,,,1.5,Final,8.5,105
KC,2025-09-14T17:35Z,401697143,PHI,2025,Kansas City Royals,10,54.64333264,2025-09-14T11:10Z,Philadelphia Phillies,3,130,130,125,-155,-155,-150,False,ESPN BET,1,-115,9,,,-1.5,Final,8.5,-105
BAL,2025-09-14T17:37Z,401697139,TOR,2025,Baltimore Orioles,2,71.70376651,2025-09-14T11:10Z,Toronto Blue Jays,11,165,165,155,-200,-200,-185,False,ESPN BET,1,-130,9,,,-1.5,Final,7.5,110
CHW,2025-09-14T17:40Z,401697140,CLE,2025,Chicago White Sox,2,58.47959746,2025-09-14T11:10Z,Cleveland Guardians,3,135,135,-115,-160,-160,-105,False,ESPN BET,1,-125,9,,,-1.5,Final,7.5,105
DET,2025-09-14T17:40Z,401697141,MIA,2025,Detroit Tigers,2,34.98448115,2025-09-14T11:10Z,Miami Marlins,0,-135,-135,-120,115,115,100,False,ESPN BET,1,115,9,,,1.5,Final,9.5,-135
TEX,2025-09-14T17:40Z,401697146,NYM,2025,Texas Rangers,2,59.03806131,2025-09-14T11:10Z,New York Mets,5,145,145,150,-175,-175,-180,False,ESPN BET,1,-130,10,,,-1.5,Final/10,7.5,110
ARI,2025-09-14T18:10Z,401697147,MIN,2025,Arizona Diamondbacks,6,45.936935080000005,2025-09-14T11:09Z,Minnesota Twins,4,100,100,105,-120,-120,-125,False,ESPN BET,1,100,9,,,1.5,Final,9.5,-120
STL,2025-09-14T18:10Z,401697148,MIL,2025,St. Louis Cardinals,3,65.58850233,2025-09-14T11:09Z,Milwaukee Brewers,2,160,160,180,-190,-190,-215,False,ESPN BET,1,-120,9,,,-1.5,Final,8.5,100
TB,2025-09-14T18:20Z,401697149,CHC,2025,Tampa Bay Rays,3,62.9542288,2025-09-14T11:09Z,Chicago Cubs,4,140,140,-105,-165,-165,-115,False,ESPN BET,1,120,9,,,-1.5,Final,7.5,-145
LAD,2025-09-14T20:05Z,401697153,SF,2025,Los Angeles Dodgers,10,46.40587162,2025-09-14T11:09Z,San Francisco Giants,2,-135,-135,-160,115,115,135,False,ESPN BET,1,-120,9,,,1.5,Final,7.5,100
CIN,2025-09-14T20:05Z,401764593,ATH,2025,Cincinnati Reds,4,43.39928126,2025-09-14T11:09Z,Athletics,7,-110,-110,-110,-110,-110,-110,False,ESPN BET,1,100,9,,,1.5,Final,9.5,-120
LAA,2025-09-14T20:10Z,401697150,SEA,2025,Los Angeles Angels,2,66.15933980000001,2025-09-14T11:09Z,Seattle Mariners,11,180,180,130,-215,-215,-155,False,ESPN BET,1,-120,9,,,-1.5,Final,7.5,100
COL,2025-09-14T20:10Z,401697152,SD,2025,Colorado Rockies,6,73.85088771,2025-09-14T11:09Z,San Diego Padres,9,240,240,145,-300,-300,-175,False,ESPN BET,1,110,9,,,-1.5,Final,8.5,-130
NYY,2025-09-14T23:00Z,401697144,BOS,2025,New York Yankees,4,66.35960583,2025-09-14T11:10Z,Boston Red Sox,6,135,135,100,-160,-160,-120,False,ESPN BET,1,-120,9,,,-1.5,Final,7.5,100
CHC,2025-09-15T22:40Z,401697155,PIT,2025,Chicago Cubs,4,44.750543990000004,2025-09-15T11:09Z,Pittsburgh Pirates,0,-120,-120,110,100,100,-130,False,ESPN BET,1,-125,9,,,1.5,Final,7.5,105
ATL,2025-09-15T22:45Z,401697154,WSH,2025,Atlanta Braves,11,46.76815101,2025-09-15T11:09Z,Washington Nationals,3,-165,-165,-130,140,140,110,False,ESPN BET,1,105,9,,,1.5,Final,9.5,-125
TOR,2025-09-15T23:35Z,401697156,TB,2025,Toronto Blue Jays,2,52.0251839,2025-09-15T11:09Z,Tampa Bay Rays,1,-125,-125,135,105,105,-160,False,ESPN BET,1,105,11,,,1.5,Final/11,8.5,-125
BAL,2025-09-15T23:40Z,401697157,CHW,2025,Baltimore Orioles,4,46.68500969,2025-09-15T11:09Z,Chicago White Sox,1,-135,-135,100,115,115,-120,False,ESPN BET,1,105,9,,,1.5,Final,8.5,-125
NYY,2025-09-15T23:40Z,401697159,MIN,2025,New York Yankees,0,38.973157279999995,2025-09-15T11:09Z,Minnesota Twins,7,-190,-190,-160,160,160,135,False,ESPN BET,1,110,9,,,1.5,Final,9.5,-130
CIN,2025-09-15T23:45Z,401697158,STL,2025,Cincinnati Reds,11,51.4103717,2025-09-15T11:09Z,St. Louis Cardinals,6,-105,-105,105,-115,-115,-125,False,ESPN BET,1,-120,9,,,1.5,Final,8.5,100
TEX,2025-09-16T00:10Z,401697160,HOU,2025,Texas Rangers,3,55.50036817,2025-09-15T11:09Z,Houston Astros,6,110,110,100,-130,-130,-120,False,ESPN BET,1,100,9,,,-1.5,Final,8.5,-120
SF,2025-09-16T01:40Z,401697162,ARI,2025,San Francisco Giants,1,67.3062671,2025-09-15T11:09Z,Arizona Diamondbacks,8,110,110,150,-130,-130,-180,False,ESPN BET,1,110,9,,,-1.5,Final,9.5,-130
PHI,2025-09-16T02:10Z,401697161,LAD,2025,Philadelphia Phillies,6,52.01880602,2025-09-15T11:09Z,Los Angeles Dodgers,5,100,100,-115,-120,-120,-105,False,ESPN BET,1,-105,10,,,1.5,Final/10,8.5,-115
ATL,2025-09-16T17:05Z,401776511,WSH,2025,Atlanta Braves,6,43.19814866,2025-09-16T11:08Z,Washington Nationals,3,-155,-155,-160,130,130,135,False,ESPN BET,1,-125,9,,,1.5,Final,8.5,105
CHC,2025-09-16T22:40Z,401697164,PIT,2025,Chicago Cubs,4,52.35704048000001,2025-09-16T11:08Z,Pittsburgh Pirates,1,110,110,100,-130,-130,-120,False,ESPN BET,1,-115,9,,,-1.5,Final,6.5,-105
CLE,2025-09-16T22:40Z,401697165,DET,2025,Cleveland Guardians,7,61.00366668,2025-09-16T11:08Z,Detroit Tigers,5,120,120,-105,-145,-145,-115,False,ESPN BET,1,105,10,,,-1.5,Final/10,8.5,-125
ATL,2025-09-16T22:45Z,401697163,WSH,2025,Atlanta Braves,5,37.34324449,2025-09-16T11:08Z,Washington Nationals,0,-185,-185,-165,155,155,140,False,ESPN BET,1,-135,10,,,1.5,Final/10,6.5,115
ATH,2025-09-16T22:45Z,401697166,BOS,2025,Athletics,2,58.76913491,2025-09-16T11:08Z,Boston Red Sox,1,135,135,115,-160,-160,-135,False,ESPN BET,1,-105,9,,,-1.5,Final,8.5,-115
SD,2025-09-16T23:10Z,401697167,NYM,2025,San Diego Padres,3,53.57366211,2025-09-16T11:08Z,New York Mets,8,105,105,145,-125,-125,-175,False,ESPN BET,1,-125,9,,,1.5,Final,7.5,105
TOR,2025-09-16T23:35Z,401697168,TB,2025,Toronto Blue Jays,6,50.76911217,2025-09-16T11:08Z,Tampa Bay Rays,5,-110,-110,-105,-110,-110,-115,False,ESPN BET,1,105,9,,,1.5,Final,8.5,-125
LAA,2025-09-16T23:40Z,401697169,MIL,2025,Los Angeles Angels,2,81.4892466,2025-09-16T11:08Z,Milwaukee Brewers,9,225,225,175,-275,-275,-210,False,ESPN BET,1,-110,9,,,-1.5,Final,8.5,-110
BAL,2025-09-16T23:40Z,401697170,CHW,2025,Baltimore Orioles,8,55.173273290000004,2025-09-16T11:08Z,Chicago White Sox,7,-105,-105,-110,-115,-115,-110,False,ESPN BET,1,-120,9,,,1.5,Final,7.5,100
NYY,2025-09-16T23:40Z,401697172,MIN,2025,New York Yankees,10,40.22347603,2025-09-16T11:08Z,Minnesota Twins,9,-175,-175,-150,145,145,125,False,ESPN BET,1,-135,9,,,1.5,Final,8.5,115
SEA,2025-09-16T23:40Z,401697173,KC,2025,Seattle Mariners,12,45.42513167,2025-09-16T11:08Z,Kansas City Royals,5,-145,-145,-190,120,120,160,False,ESPN BET,1,-110,9,,,1.5,Final,8.5,-110
CIN,2025-09-16T23:45Z,401697171,STL,2025,Cincinnati Reds,0,51.51658046000001,2025-09-16T11:08Z,St. Louis Cardinals,3,-125,-125,-150,105,105,125,False,ESPN BET,1,-125,9,,,1.5,Final,7.5,105
TEX,2025-09-17T00:10Z,401697174,HOU,2025,Texas Rangers,5,50.729562709999996,2025-09-16T11:08Z,Houston Astros,6,-120,-120,125,100,100,-150,False,ESPN BET,1,-115,9,,,1.5,Final,7.5,-105
MIA,2025-09-17T00:40Z,401697175,COL,2025,Miami Marlins,6,43.53985102,2025-09-16T11:08Z,Colorado Rockies,5,-150,-150,-120,125,125,100,False,ESPN BET,1,100,9,,,1.5,Final,10.5,-120
SF,2025-09-17T01:40Z,401697177,ARI,2025,San Francisco Giants,5,51.74472836,2025-09-16T11:08Z,Arizona Diamondbacks,6,105,105,125,-125,-125,-150,False,ESPN BET,1,100,9,,,-1.5,Final,9.5,-120
PHI,2025-09-17T02:10Z,401697176,LAD,2025,Philadelphia Phillies,9,48.20543525,2025-09-16T11:08Z,Los Angeles Dodgers,6,110,110,-115,-130,-130,-105,False,ESPN BET,1,-125,9,,,-1.5,Final,7.5,105
CHC,2025-09-17T16:35Z,401697179,PIT,2025,Chicago Cubs,8,33.06576874,2025-09-17T11:08Z,Pittsburgh Pirates,4,-145,-145,-125,120,120,105,False,ESPN BET,1,-115,9,,,1.5,Final,7.5,-105
CIN,2025-09-17T17:15Z,401697186,STL,2025,Cincinnati Reds,6,48.236487700000005,2025-09-17T11:08Z,St. Louis Cardinals,2,-125,-125,-120,105,105,100,False,ESPN BET,1,-105,9,,,1.5,Final,8.5,-115
BAL,2025-09-17T18:10Z,401697185,CHW,2025,Baltimore Orioles,3,53.5480481,2025-09-17T11:08Z,Chicago White Sox,1,-125,-125,-115,105,105,-105,False,ESPN BET,1,100,9,,,1.5,Final,8.5,-120
SF,2025-09-17T19:40Z,401697192,ARI,2025,San Francisco Giants,5,53.89670185999999,2025-09-17T11:08Z,Arizona Diamondbacks,1,-105,-105,-110,-115,-115,-110,False,ESPN BET,1,-135,11,,,1.5,Final/11,8.5,115
ATL,2025-09-17T20:05Z,401697178,WSH,2025,Atlanta Braves,9,57.79288142,2025-09-17T11:08Z,Washington Nationals,4,-150,-150,-150,125,125,125,False,ESPN BET,1,-105,9,,,1.5,Final,8.5,-115
CLE,2025-09-17T22:40Z,401697180,DET,2025,Cleveland Guardians,4,64.65404726,2025-09-17T11:08Z,Detroit Tigers,0,120,120,135,-145,-145,-160,False,ESPN BET,1,-125,9,,,-1.5,Final,7.5,105
ATH,2025-09-17T22:45Z,401697181,BOS,2025,Athletics,4,68.55997484000001,2025-09-17T11:08Z,Boston Red Sox,5,140,140,110,-165,-165,-130,False,ESPN BET,1,110,10,,,-1.5,Final/10,9.5,-130
TOR,2025-09-17T23:05Z,401697183,TB,2025,Toronto Blue Jays,1,44.04517927,2025-09-17T11:08Z,Tampa Bay Rays,2,-130,-130,105,110,110,-125,False,ESPN BET,1,110,9,,,1.5,Final,7.5,-130
SD,2025-09-17T23:10Z,401697182,NYM,2025,San Diego Padres,7,50.87689909,2025-09-17T11:08Z,New York Mets,4,115,115,115,-135,-135,-135,False,ESPN BET,1,105,9,,,-1.5,Final,7.5,-125
LAA,2025-09-17T23:40Z,401697184,MIL,2025,Los Angeles Angels,2,65.8049834,2025-09-17T11:08Z,Milwaukee Brewers,9,195,195,135,-235,-235,-160,False,ESPN BET,1,-115,9,,,-1.5,Final,7.5,-105
NYY,2025-09-17T23:40Z,401697187,MIN,2025,New York Yankees,10,42.961048330000004,2025-09-17T11:08Z,Minnesota Twins,5,-155,-155,-130,130,130,110,False,ESPN BET,1,100,9,,,1.5,Final,9.5,-120
SEA,2025-09-17T23:40Z,401697188,KC,2025,Seattle Mariners,5,51.04041505,2025-09-17T11:08Z,Kansas City Royals,7,105,105,110,-125,-125,-130,False,ESPN BET,1,-120,9,,,1.5,Final,8.5,100
TEX,2025-09-18T00:10Z,401697189,HOU,2025,Texas Rangers,2,41.02823074,2025-09-17T11:08Z,Houston Astros,5,-150,-150,120,125,125,-145,False,ESPN BET,1,-110,9,,,1.5,Final,7.5,-110
MIA,2025-09-18T00:40Z,401697190,COL,2025,Miami Marlins,8,36.94131566,2025-09-17T11:08Z,Colorado Rockies,4,-155,-155,-135,130,130,115,False,ESPN BET,1,-110,9,,,1.5,Final,10.5,-110
PHI,2025-09-18T02:10Z,401697191,LAD,2025,Philadelphia Phillies,0,67.04558904,2025-09-17T11:08Z,Los Angeles Dodgers,5,125,125,-110,-150,-150,-110,False,ESPN BET,1,-120,9,,,-1.5,Final,7.5,100
CLE,2025-09-18T17:10Z,401697194,DET,2025,Cleveland Guardians,3,74.54316627,2025-09-18T11:09Z,Detroit Tigers,1,195,195,135,-235,-235,-160,False,ESPN BET,1,120,9,,,-1.5,Final,7.5,-145
SD,2025-09-18T17:10Z,401697197,NYM,2025,San Diego Padres,1,50.00394964,2025-09-18T11:09Z,New York Mets,6,120,120,140,-145,-145,-165,False,ESPN BET,1,110,9,,,-1.5,Final,9.5,-130
TOR,2025-09-18T17:10Z,401697198,TB,2025,Toronto Blue Jays,0,41.932379530000006,2025-09-18T11:09Z,Tampa Bay Rays,4,-125,-125,105,105,105,-125,False,ESPN BET,1,-110,9,,,1.5,Final,7.5,-110
ATH,2025-09-18T17:35Z,401697196,BOS,2025,Athletics,5,66.0803657,2025-09-18T11:09Z,Boston Red Sox,3,125,125,-120,-150,-150,100,False,ESPN BET,1,115,9,,,-1.5,Final,9.5,-135
SEA,2025-09-18T18:10Z,401697200,KC,2025,Seattle Mariners,2,45.39640634,2025-09-18T11:09Z,Kansas City Royals,0,-120,-120,-145,100,100,120,False,ESPN BET,1,110,9,,,1.5,Final,9.5,-130
MIA,2025-09-18T19:10Z,401697201,COL,2025,Miami Marlins,9,41.315561159999994,2025-09-18T11:09Z,Colorado Rockies,7,-175,-175,-165,145,145,140,False,ESPN BET,1,-120,9,,,1.5,Final,9.5,100
CHC,2025-09-18T23:15Z,401697193,CIN,2025,Chicago Cubs,0,58.16209238,2025-09-18T11:09Z,Cincinnati Reds,1,125,125,115,-150,-150,-135,False,ESPN BET,1,-115,9,,,-1.5,Final,8.5,-105
NYY,2025-09-18T23:15Z,401697195,BAL,2025,New York Yankees,7,35.17809396,2025-09-18T11:09Z,Baltimore Orioles,0,-210,-210,-255,175,175,210,False,ESPN BET,1,-125,9,,,1.5,Final,8.5,105
LAA,2025-09-18T23:40Z,401697199,MIL,2025,Los Angeles Angels,2,66.67063863,2025-09-18T11:09Z,Milwaukee Brewers,5,200,200,145,-240,-240,-175,False,ESPN BET,1,-125,9,,,-1.5,Final,7.5,105
SF,2025-09-19T02:10Z,401697202,LAD,2025,San Francisco Giants,1,66.81771041,2025-09-18T11:09Z,Los Angeles Dodgers,2,145,145,140,-175,-175,-165,False,ESPN BET,1,-110,9,,,-1.5,Final,7.5,-110
ATL,2025-09-19T22:40Z,401697203,DET,2025,Atlanta Braves,10,57.53278169,2025-09-19T11:08Z,Detroit Tigers,1,100,100,-150,-120,-120,125,False,ESPN BET,1,110,9,,,1.5,Final,9.5,-130
CHC,2025-09-19T22:40Z,401697205,CIN,2025,Chicago Cubs,4,49.74681648,2025-09-19T11:08Z,Cincinnati Reds,7,-115,-115,100,-105,-105,-120,False,ESPN BET,1,105,9,,,1.5,Final,8.5,-125
ATH,2025-09-19T22:40Z,401697207,PIT,2025,Athletics,4,51.89775555,2025-09-19T11:08Z,Pittsburgh Pirates,3,-110,-110,-105,-110,-110,-115,False,ESPN BET,1,-115,9,,,1.5,Final,8.5,-105
NYY,2025-09-19T23:05Z,401697206,BAL,2025,New York Yankees,2,56.66395903,2025-09-19T11:08Z,Baltimore Orioles,4,-115,-115,-105,-105,-105,-115,False,ESPN BET,1,-135,9,,,1.5,Final,8.5,115
WSH,2025-09-19T23:10Z,401697208,NYM,2025,Washington Nationals,6,62.517018410000006,2025-09-19T11:08Z,New York Mets,12,195,195,130,-235,-235,-155,False,ESPN BET,1,-120,9,,,-1.5,Final,8.5,100
BOS,2025-09-19T23:35Z,401697204,TB,2025,Boston Red Sox,11,45.869065590000005,2025-09-19T11:08Z,Tampa Bay Rays,7,-145,-145,-150,120,120,125,False,ESPN BET,1,-105,9,,,1.5,Final,6.5,-115
SD,2025-09-19T23:40Z,401697212,CHW,2025,San Diego Padres,3,47.9750446,2025-09-19T11:08Z,Chicago White Sox,4,-185,-185,-155,155,155,130,False,ESPN BET,1,-105,9,,,1.5,Final,8.5,-115
TOR,2025-09-19T23:40Z,401697214,KC,2025,Toronto Blue Jays,1,41.61071586,2025-09-19T11:08Z,Kansas City Royals,20,-145,-145,-110,120,120,-110,False,ESPN BET,1,-130,9,,,1.5,Final,8.5,110
MIA,2025-09-20T00:05Z,401697210,TEX,2025,Miami Marlins,6,67.98657366,2025-09-19T11:08Z,Texas Rangers,4,125,125,110,-150,-150,-130,False,ESPN BET,1,-130,12,,,-1.5,Final/12,7.5,110
CLE,2025-09-20T00:10Z,401697209,MIN,2025,Cleveland Guardians,6,60.87606894,2025-09-19T11:08Z,Minnesota Twins,2,-115,-115,125,-105,-105,-150,False,ESPN BET,1,-125,9,,,1.5,Final,7.5,105
SEA,2025-09-20T00:10Z,401697213,HOU,2025,Seattle Mariners,4,55.70100001,2025-09-19T11:08Z,Houston Astros,0,-110,-110,-130,-110,-110,110,False,ESPN BET,1,100,9,,,1.5,Final,7.5,-120
LAA,2025-09-20T00:10Z,401697215,COL,2025,Los Angeles Angels,6,34.76815459,2025-09-19T11:08Z,Colorado Rockies,7,-120,-120,-135,100,100,115,False,ESPN BET,1,-125,9,,,1.5,Final,11.5,105
MIL,2025-09-20T00:15Z,401697211,STL,2025,Milwaukee Brewers,1,50.74040302,2025-09-19T11:08Z,St. Louis Cardinals,7,-125,-125,-110,105,105,-110,False,ESPN BET,1,-110,9,,,1.5,Final,7.5,-110
PHI,2025-09-20T01:40Z,401697216,ARI,2025,Philadelphia Phillies,8,63.33677531000001,2025-09-19T11:08Z,Arizona Diamondbacks,2,110,110,100,-130,-130,-120,False,ESPN BET,1,105,9,,,-1.5,Final,9.5,-125
SF,2025-09-20T02:10Z,401697217,LAD,2025,San Francisco Giants,3,60.87016881,2025-09-19T11:08Z,Los Angeles Dodgers,6,155,155,115,-185,-185,-135,False,ESPN BET,1,-135,9,,,-1.5,Final,8.5,115
ATL,2025-09-20T17:10Z,401697218,DET,2025,Atlanta Braves,6,57.71757469999999,2025-09-20T11:09Z,Detroit Tigers,5,-105,-105,-115,-115,-115,-110,False,ESPN BET,1,-130,9,,,1.5,Final,8.5,110
CLE,2025-09-20T18:10Z,401697224,MIN,2025,Cleveland Guardians,6,64.63569475999999,2025-09-20T11:09Z,Minnesota Twins,0,105,105,-105,-125,-125,-115,False,ESPN BET,1,-125,9,,,-1.5,Final,7.5,105
WSH,2025-09-20T20:10Z,401697223,NYM,2025,Washington Nationals,5,71.13687091999999,2025-09-20T11:09Z,New York Mets,3,230,230,165,-285,-285,-200,False,ESPN BET,1,-105,11,,,-1.5,Final/11,8.5,-115
CHC,2025-09-20T22:40Z,401697220,CIN,2025,Chicago Cubs,3,56.47215055,2025-09-20T11:09Z,Cincinnati Reds,6,-105,-105,-125,-115,-115,105,False,ESPN BET,1,-135,9,,,1.5,Final,8.5,115
ATH,2025-09-20T22:40Z,401697222,PIT,2025,Athletics,0,43.38957581,2025-09-20T11:09Z,Pittsburgh Pirates,2,-115,-115,-130,-105,-105,110,False,ESPN BET,1,-130,9,,,1.5,Final,7.5,110
BOS,2025-09-20T23:05Z,401697219,TB,2025,Boston Red Sox,6,49.96787103,2025-09-20T11:09Z,Tampa Bay Rays,3,-105,-105,-110,-115,-115,-110,False,ESPN BET,1,110,9,,,1.5,Final,8.5,-130
NYY,2025-09-20T23:05Z,401697221,BAL,2025,New York Yankees,6,39.82470185,2025-09-20T11:09Z,Baltimore Orioles,1,-190,-190,-190,160,160,160,False,ESPN BET,1,-135,9,,,1.5,Final,8.5,115
MIA,2025-09-20T23:05Z,401697225,TEX,2025,Miami Marlins,4,64.4850176,2025-09-20T11:09Z,Texas Rangers,3,120,120,100,-145,-145,-120,False,ESPN BET,1,-105,9,,,-1.5,Final,8.5,-115
SD,2025-09-20T23:10Z,401697227,CHW,2025,San Diego Padres,7,48.038490499999995,2025-09-20T11:09Z,Chicago White Sox,3,-180,-180,-145,150,150,120,False,ESPN BET,1,100,9,,,1.5,Final,8.5,-120
SEA,2025-09-20T23:10Z,401697228,HOU,2025,Seattle Mariners,6,55.38802731,2025-09-20T11:09Z,Houston Astros,4,-115,-115,-120,-110,-110,100,False,ESPN BET,1,-115,9,,,1.5,Final,7.5,-105
TOR,2025-09-20T23:10Z,401697229,KC,2025,Toronto Blue Jays,1,41.074227390000004,2025-09-20T11:09Z,Kansas City Royals,2,-135,-135,-115,115,115,-105,False,ESPN BET,1,100,9,,,1.5,Final,8.5,-120
CLE,2025-09-20T23:10Z,401774634,MIN,2025,Cleveland Guardians,8,56.94758395,2025-09-20T11:09Z,Minnesota Twins,0,-120,-120,130,100,100,-155,False,ESPN BET,1,-120,9,,,1.5,Final,8.5,100
MIL,2025-09-20T23:15Z,401697226,STL,2025,Milwaukee Brewers,3,42.977702210000004,2025-09-20T11:09Z,St. Louis Cardinals,2,-150,-150,-160,125,125,135,False,ESPN BET,1,-120,10,,,1.5,Final/10,8.5,100
LAA,2025-09-21T00:10Z,401697230,COL,2025,Los Angeles Angels,3,42.02003597,2025-09-20T11:09Z,Colorado Rockies,0,-125,-125,-130,105,105,110,False,ESPN BET,1,-115,9,,,1.5,Final,11.5,-105
PHI,2025-09-21T00:10Z,401697231,ARI,2025,Philadelphia Phillies,3,58.593623029999996,2025-09-20T11:09Z,Arizona Diamondbacks,4,-105,-105,115,-115,-115,-135,False,ESPN BET,1,115,9,,,1.5,Final,9.5,-135
SF,2025-09-21T01:10Z,401697232,LAD,2025,San Francisco Giants,5,78.7888689,2025-09-20T11:09Z,Los Angeles Dodgers,7,200,200,255,-240,-240,-320,False,ESPN BET,1,-120,9,,,-1.5,Final,8.5,100
ATL,2025-09-21T17:10Z,401697233,DET,2025,Atlanta Braves,6,59.65948164,2025-09-21T11:08Z,Detroit Tigers,2,100,100,-125,-120,-120,105,False,ESPN BET,1,-120,9,,,1.5,Final,8.5,100
NYY,2025-09-21T17:35Z,401697236,BAL,2025,New York Yankees,7,52.99263733,2025-09-21T11:08Z,Baltimore Orioles,1,-135,-135,-150,115,115,125,False,ESPN BET,1,-105,10,,,1.5,Final/10,8.5,-115
ATH,2025-09-21T17:35Z,401697237,PIT,2025,Athletics,0,48.799060319999995,2025-09-21T11:08Z,Pittsburgh Pirates,11,100,100,-120,-120,-120,100,False,ESPN BET,1,-110,9,,,1.5,Final,8.5,-110
CHC,2025-09-21T17:40Z,401697235,CIN,2025,Chicago Cubs,0,54.08213607,2025-09-21T11:08Z,Cincinnati Reds,1,105,105,125,-125,-125,-150,False,ESPN BET,1,-125,9,,,1.5,Final,8.5,105
WSH,2025-09-21T17:40Z,401697238,NYM,2025,Washington Nationals,3,68.50643223,2025-09-21T11:08Z,New York Mets,2,240,240,120,-300,-300,-145,False,ESPN BET,1,-115,9,,,-1.5,Final,8.5,-105
CLE,2025-09-21T18:10Z,401697239,MIN,2025,Cleveland Guardians,2,50.92633215,2025-09-21T11:08Z,Minnesota Twins,6,-145,-145,125,120,120,-150,False,ESPN BET,1,-120,9,,,1.5,Final,8.5,100
SD,2025-09-21T18:10Z,401697242,CHW,2025,San Diego Padres,3,45.66192048,2025-09-21T11:08Z,Chicago White Sox,2,-180,-180,105,150,150,-125,False,ESPN BET,1,100,9,,,1.5,Final,8.5,-120
TOR,2025-09-21T18:10Z,401697244,KC,2025,Toronto Blue Jays,8,51.811966919999996,2025-09-21T11:08Z,Kansas City Royals,5,-125,-125,-180,105,105,150,False,ESPN BET,1,-115,9,,,1.5,Final,8.5,-105
MIL,2025-09-21T18:15Z,401697241,STL,2025,Milwaukee Brewers,1,38.73874144,2025-09-21T11:08Z,St. Louis Cardinals,5,-135,-135,-180,115,115,150,False,ESPN BET,1,-110,9,,,1.5,Final,8.5,-110
MIA,2025-09-21T18:35Z,401697240,TEX,2025,Miami Marlins,4,61.8602069,2025-09-21T11:08Z,Texas Rangers,2,105,105,-115,-125,-125,-105,False,ESPN BET,1,105,9,,,-1.5,Final,7.5,-125
LAA,2025-09-21T19:10Z,401697245,COL,2025,Los Angeles Angels,1,57.00177596,2025-09-21T11:08Z,Colorado Rockies,3,-105,-105,-145,-115,-115,120,False,ESPN BET,1,100,9,,,1.5,Final,11.5,-120
PHI,2025-09-21T20:10Z,401697246,ARI,2025,Philadelphia Phillies,2,40.7155119,2025-09-21T11:08Z,Arizona Diamondbacks,9,-125,-125,-155,105,105,130,False,ESPN BET,1,-120,9,,,1.5,Final,8.5,100
SF,2025-09-21T20:10Z,401697247,LAD,2025,San Francisco Giants,3,65.46422608,2025-09-21T11:08Z,Los Angeles Dodgers,1,180,180,195,-215,-215,-235,False,ESPN BET,1,110,9,,,-1.5,Final,9.5,-130
SEA,2025-09-21T23:00Z,401697243,HOU,2025,Seattle Mariners,7,45.62280365,2025-09-21T11:08Z,Houston Astros,3,-155,-155,-165,130,130,140,False,ESPN BET,1,-110,9,,,1.5,Final,8.5,-110
BOS,2025-09-21T23:35Z,401697234,TB,2025,Boston Red Sox,3,43.24435709,2025-09-21T11:08Z,Tampa Bay Rays,7,-130,-130,-110,110,110,-110,False,ESPN BET,1,-105,9,,,1.5,Final,7.5,-115
WSH,2025-09-22T23:15Z,401697248,ATL,2025,Washington Nationals,5,73.96252013,2025-09-22T11:09Z,Atlanta Braves,11,220,220,260,-275,-275,-325,False,ESPN BET,1,105,9,,,-1.5,Final,7.5,-125
MIL,2025-09-23T01:40Z,401697249,SD,2025,Milwaukee Brewers,4,49.426611799999996,2025-09-22T11:09Z,San Diego Padres,5,-110,-110,110,-110,-110,-130,False,ESPN BET,1,-120,11,,,1.5,Final/11,6.5,100
STL,2025-09-23T01:45Z,401697250,SF,2025,St. Louis Cardinals,6,53.54121541,2025-09-22T11:09Z,San Francisco Giants,5,130,130,110,-155,-155,-130,False,ESPN BET,1,-115,9,,,-1.5,Final,7.5,-105
TB,2025-09-23T22:35Z,401697256,BAL,2025,Tampa Bay Rays,0,45.48715579,2025-09-23T11:08Z,Baltimore Orioles,6,-110,-110,-145,-110,-110,120,False,ESPN BET,1,-110,9,,,1.5,Final,8.5,-110
DET,2025-09-23T22:40Z,401697253,CLE,2025,Detroit Tigers,2,40.54767622,2025-09-23T11:08Z,Cleveland Guardians,5,-160,-160,-125,135,135,105,False,ESPN BET,1,-120,9,,,1.5,Final,6.5,100
PIT,2025-09-23T22:40Z,401697255,CIN,2025,Pittsburgh Pirates,4,66.76419952,2025-09-23T11:08Z,Cincinnati Reds,2,145,145,-105,-175,-175,-115,False,ESPN BET,1,110,9,,,-1.5,Final,8.5,-130
MIA,2025-09-23T22:45Z,401697254,PHI,2025,Miami Marlins,6,68.3449942,2025-09-23T11:08Z,Philadelphia Phillies,5,170,170,150,-205,-205,-180,False,ESPN BET,1,-115,11,,,-1.5,Final/11,7.5,-105
CHW,2025-09-23T23:05Z,401697252,NYY,2025,Chicago White Sox,2,66.84616454,2025-09-23T11:08Z,New York Yankees,3,195,195,145,-235,-235,-175,False,ESPN BET,1,-115,9,,,-1.5,Final,8.5,-105
BOS,2025-09-23T23:07Z,401697251,TOR,2025,Boston Red Sox,4,56.02200196,2025-09-23T11:08Z,Toronto Blue Jays,1,135,135,120,-160,-160,-145,False,ESPN BET,1,-125,9,,,-1.5,Final,7.5,105
WSH,2025-09-23T23:15Z,401697257,ATL,2025,Washington Nationals,2,53.67558321,2025-09-23T11:08Z,Atlanta Braves,3,160,160,120,-190,-190,-145,False,ESPN BET,1,-135,9,,,-1.5,Final,8.5,115
NYM,2025-09-23T23:40Z,401697259,CHC,2025,New York Mets,9,60.91194203,2025-09-23T11:08Z,Chicago Cubs,7,-110,-110,105,-110,-110,-125,False,ESPN BET,1,110,9,,,1.5,Final,7.5,-130
MIN,2025-09-24T00:05Z,401697258,TEX,2025,Minnesota Twins,4,63.82088254,2025-09-23T11:08Z,Texas Rangers,1,120,120,105,-145,-145,-125,False,ESPN BET,1,110,9,,,-1.5,Final,8.5,-130
KC,2025-09-24T01:38Z,401697262,LAA,2025,Kansas City Royals,8,44.70639407,2025-09-23T11:08Z,Los Angeles Angels,4,-165,-165,-150,140,140,125,False,ESPN BET,1,110,9,,,1.5,Final,9.5,-130
COL,2025-09-24T01:40Z,401697260,SEA,2025,Colorado Rockies,3,72.77746807999999,2025-09-23T11:08Z,Seattle Mariners,4,250,250,160,-310,-310,-190,False,ESPN BET,1,110,9,,,-1.5,Final,8.5,-130
LAD,2025-09-24T01:40Z,401697263,ARI,2025,Los Angeles Dodgers,4,47.40687131,2025-09-23T11:08Z,Arizona Diamondbacks,5,-160,-160,-155,135,135,130,False,ESPN BET,1,-130,9,,,1.5,Final,8.5,110
MIL,2025-09-24T01:40Z,401697264,SD,2025,Milwaukee Brewers,0,52.21515258,2025-09-23T11:08Z,San Diego Padres,7,-125,-125,-135,105,105,115,False,ESPN BET,1,105,9,,,1.5,Final,8.5,-125
STL,2025-09-24T01:45Z,401697265,SF,2025,St. Louis Cardinals,9,67.27969091,2025-09-23T11:08Z,San Francisco Giants,8,165,165,120,-205,-205,-145,False,ESPN BET,1,-110,9,,,-1.5,Final,7.5,-110
HOU,2025-09-24T02:05Z,401764594,ATH,2025,Houston Astros,1,53.66108153,2025-09-23T11:08Z,Athletics,5,-105,-105,105,-115,-115,-125,False,ESPN BET,1,110,9,,,1.5,Final,10.5,-130
WSH,2025-09-24T16:15Z,401697272,ATL,2025,Washington Nationals,4,57.84267903,2025-09-24T11:09Z,Atlanta Braves,3,155,155,135,-185,-185,-160,False,ESPN BET,1,105,9,,,-1.5,Final,9.5,-125
MIL,2025-09-24T20:10Z,401697279,SD,2025,Milwaukee Brewers,3,49.36823913,2025-09-24T11:09Z,San Diego Padres,1,120,120,120,-145,-145,-145,False,ESPN BET,1,-105,9,,,-1.5,Final,7.5,-115
TB,2025-09-24T22:35Z,401697271,BAL,2025,Tampa Bay Rays,6,52.0411355,2025-09-24T11:09Z,Baltimore Orioles,2,105,105,-125,-125,-125,105,False,ESPN BET,1,-125,9,,,-1.5,Final,7.5,105
DET,2025-09-24T22:40Z,401697268,CLE,2025,Detroit Tigers,1,51.69387184000001,2025-09-24T11:09Z,Cleveland Guardians,5,125,125,-115,-150,-150,-105,False,ESPN BET,1,-110,9,,,-1.5,Final,7.5,-110
PIT,2025-09-24T22:40Z,401697270,CIN,2025,Pittsburgh Pirates,4,57.75284714,2025-09-24T11:09Z,Cincinnati Reds,3,110,110,-105,-130,-130,-115,False,ESPN BET,1,-145,11,,,-1.5,Final/11,6.5,120
MIA,2025-09-24T22:45Z,401697269,PHI,2025,Miami Marlins,1,58.98492741,2025-09-24T11:09Z,Philadelphia Phillies,11,140,140,170,-165,-165,-205,False,ESPN BET,1,-120,9,,,-1.5,Final,7.5,100
CHW,2025-09-24T23:05Z,401697267,NYY,2025,Chicago White Sox,1,74.01964112,2025-09-24T11:09Z,New York Yankees,8,295,295,205,-375,-375,-250,False,ESPN BET,1,105,9,,,-2.5,Final,8.5,-125
BOS,2025-09-24T23:07Z,401697266,TOR,2025,Boston Red Sox,7,40.1470579,2025-09-24T11:09Z,Toronto Blue Jays,1,-130,-130,-190,110,110,160,False,ESPN BET,1,105,9,,,1.5,Final,7.5,-125
MIN,2025-09-25T00:05Z,401697273,TEX,2025,Minnesota Twins,2,69.26300825,2025-09-24T11:09Z,Texas Rangers,4,150,150,115,-180,-180,-135,False,ESPN BET,1,105,9,,,-1.5,Final,7.5,-125
NYM,2025-09-25T00:05Z,401697274,CHC,2025,New York Mets,3,67.45204482,2025-09-24T11:09Z,Chicago Cubs,10,-105,-105,-110,-115,-115,-110,False,ESPN BET,1,115,9,,,1.5,Final,7.5,-135
KC,2025-09-25T01:38Z,401697277,LAA,2025,Kansas City Royals,2,55.272074550000006,2025-09-24T11:09Z,Los Angeles Angels,3,-115,-115,100,-105,-105,-120,False,ESPN BET,1,100,9,,,1.5,Final,8.5,-120
COL,2025-09-25T01:40Z,401697275,SEA,2025,Colorado Rockies,2,80.11974211,2025-09-24T11:09Z,Seattle Mariners,9,250,250,140,-310,-310,-165,False,ESPN BET,1,-105,9,,,-1.5,Final,7.5,-115
LAD,2025-09-25T01:40Z,401697278,ARI,2025,Los Angeles Dodgers,5,44.478858710000004,2025-09-24T11:09Z,Arizona Diamondbacks,4,-145,-145,-200,120,120,165,False,ESPN BET,1,-110,11,,,1.5,Final/11,8.5,-110
STL,2025-09-25T01:45Z,401697280,SF,2025,St. Louis Cardinals,3,51.85730578,2025-09-24T11:09Z,San Francisco Giants,4,-120,-120,-110,100,100,-110,False,ESPN BET,1,-110,9,,,1.5,Final,7.5,-110
HOU,2025-09-25T02:05Z,401764595,ATH,2025,Houston Astros,0,35.65963261,2025-09-24T11:09Z,Athletics,6,-135,-135,145,115,115,-175,False,ESPN BET,1,105,9,,,1.5,Final,9.5,-125
PIT,2025-09-25T16:40Z,401697285,CIN,2025,Pittsburgh Pirates,1,65.19247751,2025-09-25T11:09Z,Cincinnati Reds,2,140,140,105,-165,-165,-125,False,ESPN BET,1,-110,9,,,-1.5,Final,7.5,-110
TB,2025-09-25T17:05Z,401697286,BAL,2025,Tampa Bay Rays,5,34.81763668,2025-09-25T11:09Z,Baltimore Orioles,6,-115,-115,105,-105,-105,-125,False,ESPN BET,1,100,9,,,1.5,Final,8.5,-120
MIN,2025-09-25T18:35Z,401697287,TEX,2025,Minnesota Twins,4,66.87407384000001,2025-09-25T11:09Z,Texas Rangers,0,125,125,-130,-150,-150,110,False,ESPN BET,1,110,9,,,-1.5,Final,8.5,-130
HOU,2025-09-25T19:35Z,401764596,ATH,2025,Houston Astros,11,43.37844827,2025-09-25T11:09Z,Athletics,5,-115,-115,-110,-105,-105,-110,False,ESPN BET,1,100,9,,,1.5,Final,9.5,-120
LAD,2025-09-25T19:40Z,401697292,ARI,2025,Los Angeles Dodgers,8,39.75645487,2025-09-25T11:09Z,Arizona Diamondbacks,0,-165,-165,-160,140,140,135,False,ESPN BET,1,-105,9,,,1.5,Final,8.5,-115
MIA,2025-09-25T22:05Z,401697284,PHI,2025,Miami Marlins,0,60.63681998,2025-09-25T11:09Z,Philadelphia Phillies,1,135,135,115,-160,-160,-135,False,ESPN BET,1,100,9,,,-1.5,Final,9.5,-120
DET,2025-09-25T22:40Z,401697283,CLE,2025,Detroit Tigers,4,49.719317280000006,2025-09-25T11:09Z,Cleveland Guardians,2,135,135,105,-160,-160,-125,False,ESPN BET,1,-105,9,,,-1.5,Final,7.5,-115
CHW,2025-09-25T23:05Z,401697282,NYY,2025,Chicago White Sox,3,71.86297068,2025-09-25T11:09Z,New York Yankees,5,255,255,150,-320,-320,-180,False,ESPN BET,1,-120,9,,,-2.5,Final,8.5,100
BOS,2025-09-25T23:07Z,401697281,TOR,2025,Boston Red Sox,1,49.34690087,2025-09-25T11:09Z,Toronto Blue Jays,6,120,120,125,-145,-145,-150,False,ESPN BET,1,-120,9,,,-1.5,Final,7.5,100
NYM,2025-09-25T23:40Z,401697288,CHC,2025,New York Mets,8,57.888011520000006,2025-09-25T11:09Z,Chicago Cubs,5,-120,-120,-110,100,100,-110,False,ESPN BET,1,-115,9,,,1.5,Final,7.5,-105
KC,2025-09-26T01:38Z,401697291,LAA,2025,Kansas City Royals,9,53.8035507,2025-09-25T11:09Z,Los Angeles Angels,4,-135,-135,-110,115,115,-110,False,ESPN BET,1,105,9,,,1.5,Final,9.5,-125
COL,2025-09-26T01:40Z,401697289,SEA,2025,Colorado Rockies,2,83.46135461,2025-09-25T11:09Z,Seattle Mariners,6,250,250,265,-310,-310,-335,False,ESPN BET,1,-115,9,,,-1.5,Final,7.5,-105
STL,2025-09-26T18:20Z,401697302,CHC,2025,St. Louis Cardinals,1,62.53665984,2025-09-26T11:08Z,Chicago Cubs,12,155,155,130,-185,-185,-155,False,ESPN BET,1,-130,9,,,-1.5,Final,8.5,110
CHW,2025-09-26T22:45Z,401697294,WSH,2025,Chicago White Sox,10,57.66168408,2025-09-26T11:08Z,Washington Nationals,9,110,110,105,-130,-130,-125,False,ESPN BET,1,-120,9,,,-1.5,Final,8.5,100
MIN,2025-09-26T22:45Z,401697296,PHI,2025,Minnesota Twins,1,49.64876786,2025-09-26T11:08Z,Philadelphia Phillies,3,125,125,120,-150,-150,-145,False,ESPN BET,1,100,9,,,-1.5,Final,8.5,-120
BAL,2025-09-26T23:05Z,401697293,NYY,2025,Baltimore Orioles,4,53.821491720000004,2025-09-26T11:08Z,New York Yankees,8,120,120,140,-145,-145,-165,False,ESPN BET,1,-105,9,,,-1.5,Final,8.5,-115
TB,2025-09-26T23:07Z,401697299,TOR,2025,Tampa Bay Rays,2,65.70078959,2025-09-26T11:08Z,Toronto Blue Jays,4,155,155,120,-185,-185,-145,False,ESPN BET,1,-120,9,,,-1.5,Final,7.5,100
DET,2025-09-26T23:10Z,401697295,BOS,2025,Detroit Tigers,3,56.00886683,2025-09-26T11:08Z,Boston Red Sox,4,105,105,120,-125,-125,-145,False,ESPN BET,1,-135,9,,,-1.5,Final,8.5,115
NYM,2025-09-26T23:10Z,401697297,MIA,2025,New York Mets,2,45.829020549999996,2025-09-26T11:08Z,Miami Marlins,6,-145,-145,-135,120,120,115,False,ESPN BET,1,-110,9,,,1.5,Final,8.5,-110
TEX,2025-09-26T23:10Z,401697300,CLE,2025,Texas Rangers,7,52.94888806,2025-09-26T11:08Z,Cleveland Guardians,3,135,135,-110,-160,-160,-110,False,ESPN BET,1,100,9,,,-1.5,Final,7.5,-120
PIT,2025-09-26T23:15Z,401697298,ATL,2025,Pittsburgh Pirates,9,59.52793357,2025-09-26T11:08Z,Atlanta Braves,3,135,135,160,-160,-160,-190,False,ESPN BET,1,-120,9,,,-1.5,Final,8.5,100
CIN,2025-09-27T00:10Z,401697301,MIL,2025,Cincinnati Reds,3,61.820252919999994,2025-09-26T11:08Z,Milwaukee Brewers,1,140,140,130,-165,-165,-155,False,ESPN BET,1,-130,9,,,-1.5,Final,7.5,110
HOU,2025-09-27T01:38Z,401697305,LAA,2025,Houston Astros,3,48.98473459,2025-09-26T11:08Z,Los Angeles Angels,4,-135,-135,-120,115,115,100,False,ESPN BET,1,-135,9,,,1.5,Final,8.5,115
ARI,2025-09-27T01:40Z,401697303,SD,2025,Arizona Diamondbacks,4,51.943685159999994,2025-09-26T11:08Z,San Diego Padres,7,110,110,-120,-130,-130,100,False,ESPN BET,1,-115,9,,,-1.5,Final,7.5,-105
LAD,2025-09-27T01:40Z,401697307,SEA,2025,Los Angeles Dodgers,3,51.21983971,2025-09-26T11:08Z,Seattle Mariners,2,120,120,105,-145,-145,-125,False,ESPN BET,1,-135,9,,,-1.5,Final,6.5,115
KC,2025-09-27T02:05Z,401764597,ATH,2025,Kansas City Royals,3,44.06809713,2025-09-26T11:08Z,Athletics,4,-130,-130,-125,110,110,105,False,ESPN BET,1,-110,9,,,1.5,Final,10.5,-110
COL,2025-09-27T02:15Z,401697304,SF,2025,Colorado Rockies,3,76.54310259,2025-09-26T11:08Z,San Francisco Giants,6,205,205,125,-250,-250,-150,False,ESPN BET,1,-110,9,,,-1.5,Final,8.5,-110
BAL,2025-09-27T17:05Z,401697308,NYY,2025,Baltimore Orioles,1,67.09985451,2025-09-27T11:08Z,New York Yankees,6,195,195,205,-235,-235,-250,False,ESPN BET,1,-130,9,,,-1.5,Final,8.5,110
STL,2025-09-27T18:20Z,401697317,CHC,2025,St. Louis Cardinals,3,61.3941616,2025-09-27T11:08Z,Chicago Cubs,7,150,150,-110,-180,-180,-115,False,ESPN BET,1,-105,9,,,-1.5,Final,9.5,-115
TB,2025-09-27T19:07Z,401697314,TOR,2025,Tampa Bay Rays,1,57.339903699999994,2025-09-27T11:08Z,Toronto Blue Jays,5,145,145,-105,-175,-175,-115,False,ESPN BET,1,-110,9,,,-1.5,Final,8.5,-110
CHW,2025-09-27T20:05Z,401697309,WSH,2025,Chicago White Sox,5,45.61265228,2025-09-27T11:08Z,Washington Nationals,6,-105,-105,-110,-115,-115,-110,False,ESPN BET,1,-115,9,,,1.5,Final,8.5,-105
COL,2025-09-27T20:05Z,401697319,SF,2025,Colorado Rockies,3,71.94558382,2025-09-27T11:08Z,San Francisco Giants,4,200,200,105,-240,-240,-125,False,ESPN BET,1,-130,9,,,-1.5,Final,7.5,110
DET,2025-09-27T20:10Z,401697310,BOS,2025,Detroit Tigers,2,54.657698200000006,2025-09-27T11:08Z,Boston Red Sox,1,100,100,100,-120,-120,-120,False,ESPN BET,1,-110,9,,,1.5,Final,8.5,-110
NYM,2025-09-27T20:10Z,401697312,MIA,2025,New York Mets,5,44.49232619,2025-09-27T11:08Z,Miami Marlins,0,-145,-145,-125,120,120,105,False,ESPN BET,1,-125,9,,,1.5,Final,7.5,105
MIN,2025-09-27T22:05Z,401697311,PHI,2025,Minnesota Twins,5,74.57177589,2025-09-27T11:08Z,Philadelphia Phillies,0,185,185,145,-225,-225,-175,False,ESPN BET,1,-115,9,,,-1.5,Final,8.5,-105
PIT,2025-09-27T23:15Z,401697313,ATL,2025,Pittsburgh Pirates,3,64.8408556,2025-09-27T11:08Z,Atlanta Braves,1,145,145,155,-175,-175,-185,False,ESPN BET,1,-105,9,,,-1.5,Final,8.5,-115
TEX,2025-09-27T23:15Z,401697315,CLE,2025,Texas Rangers,2,54.02175809999999,2025-09-27T11:08Z,Cleveland Guardians,3,130,130,135,-155,-155,-160,False,ESPN BET,1,-135,9,,,-1.5,Final,6.5,115
CIN,2025-09-27T23:15Z,401697316,MIL,2025,Cincinnati Reds,7,56.02382854,2025-09-27T11:08Z,Milwaukee Brewers,4,115,115,-115,-135,-135,-105,False,ESPN BET,1,105,9,,,-1.5,Final,8.5,-125
ARI,2025-09-28T00:40Z,401697318,SD,2025,Arizona Diamondbacks,1,64.36302277,2025-09-27T11:08Z,San Diego Padres,5,135,135,115,-165,-165,-135,False,ESPN BET,1,-105,9,,,-1.5,Final,7.5,-115
HOU,2025-09-28T01:38Z,401697320,LAA,2025,Houston Astros,6,36.07066739,2025-09-27T11:08Z,Los Angeles Angels,1,-150,-150,-105,125,125,-115,False,ESPN BET,1,-130,9,,,1.5,Final,8.5,110
LAD,2025-09-28T01:40Z,401697322,SEA,2025,Los Angeles Dodgers,5,50.776400960000004,2025-09-27T11:08Z,Seattle Mariners,3,115,115,-130,-135,-135,110,False,ESPN BET,1,-130,9,,,-1.5,Final,6.5,110
KC,2025-09-28T02:05Z,401764598,ATH,2025,Kansas City Royals,4,51.725870539999995,2025-09-27T11:08Z,Athletics,2,100,100,130,-120,-120,-155,False,ESPN BET,1,105,9,,,1.5,Final,10.5,-125
BAL,2025-09-28T19:05Z,401697323,NYY,2025,Baltimore Orioles,2,58.30225755,2025-09-28T11:08Z,New York Yankees,3,150,150,105,-180,-180,-125,False,ESPN BET,1,-135,9,,,-1.5,Final,8.5,115
CHW,2025-09-28T19:05Z,401697324,WSH,2025,Chicago White Sox,8,54.31377948,2025-09-28T11:08Z,Washington Nationals,0,100,100,-115,-120,-120,-105,False,ESPN BET,1,100,9,,,1.5,Final,8.5,-120
DET,2025-09-28T19:05Z,401697325,BOS,2025,Detroit Tigers,3,64.63522751,2025-09-28T11:08Z,Boston Red Sox,4,-115,-115,140,-105,-105,-165,False,ESPN BET,1,110,9,,,1.5,Final,9.5,-130
MIN,2025-09-28T19:05Z,401697326,PHI,2025,Minnesota Twins,1,72.20914633999999,2025-09-28T11:08Z,Philadelphia Phillies,2,205,205,155,-250,-250,-185,False,ESPN BET,1,100,10,,,-1.5,Final/10,8.5,-120
COL,2025-09-28T19:05Z,401697334,SF,2025,Colorado Rockies,0,78.91484755,2025-09-28T11:08Z,San Francisco Giants,4,250,250,140,-310,-310,-165,False,ESPN BET,1,-120,9,,,-1.5,Final,7.5,100
KC,2025-09-28T19:05Z,401764599,ATH,2025,Kansas City Royals,9,50.917965099999996,2025-09-28T11:08Z,Athletics,2,-155,-155,-115,130,130,-105,False,ESPN BET,1,100,9,,,1.5,Final,9.5,-120
TB,2025-09-28T19:07Z,401697329,TOR,2025,Tampa Bay Rays,4,59.46609648,2025-09-28T11:08Z,Toronto Blue Jays,13,170,170,110,-205,-205,-130,False,ESPN BET,1,-105,9,,,-1.5,Final,7.5,-115
HOU,2025-09-28T19:07Z,401697335,LAA,2025,Houston Astros,6,49.58805837,2025-09-28T11:08Z,Los Angeles Angels,2,-120,-120,-135,100,100,115,False,ESPN BET,1,115,9,,,1.5,Final,9.5,-135
NYM,2025-09-28T19:10Z,401697327,MIA,2025,New York Mets,0,54.99248354,2025-09-28T11:08Z,Miami Marlins,4,-145,-145,-130,120,120,110,False,ESPN BET,1,100,9,,,1.5,Final,8.5,-120
TEX,2025-09-28T19:10Z,401697330,CLE,2025,Texas Rangers,8,51.6819358,2025-09-28T11:08Z,Cleveland Guardians,9,120,120,135,-145,-145,-160,False,ESPN BET,1,-105,10,,,-1.5,Final/10,7.5,-115
CIN,2025-09-28T19:10Z,401697331,MIL,2025,Cincinnati Reds,2,67.19535909,2025-09-28T11:08Z,Milwaukee Brewers,4,115,115,140,-135,-135,-165,False,ESPN BET,1,-110,9,,,-1.5,Final,7.5,-110
ARI,2025-09-28T19:10Z,401697333,SD,2025,Arizona Diamondbacks,4,53.02376742,2025-09-28T11:08Z,San Diego Padres,12,115,115,100,-135,-135,-120,False,ESPN BET,1,-130,9,,,-1.5,Final,7.5,110
LAD,2025-09-28T19:10Z,401697337,SEA,2025,Los Angeles Dodgers,6,46.400118070000005,2025-09-28T11:08Z,Seattle Mariners,1,-135,-135,-125,115,115,105,False,ESPN BET,1,-125,9,,,1.5,Final,7.5,105
PIT,2025-09-28T19:15Z,401697328,ATL,2025,Pittsburgh Pirates,1,57.37941326,2025-09-28T11:08Z,Atlanta Braves,4,155,155,100,-185,-185,-120,False,ESPN BET,1,110,9,,,-1.5,Final,8.5,-130
STL,2025-09-28T19:20Z,401697332,CHC,2025,St. Louis Cardinals,0,54.69483295999999,2025-09-28T11:08Z,Chicago Cubs,2,120,120,115,-145,-145,-135,False,ESPN BET,1,100,9,,,-1.5,Final,7.5,-120
