away,date_utc,espn_id,home,season,away_name,away_score,espn_home_win_pct,espn_pred_last_modified,home_name,home_score,ml_away,ml_away_close,ml_away_open,ml_home,ml_home_close,ml_home_open,neutral,odds_provider,odds_providers_n,over_price,periods,sp_price_away,sp_price_home,spread_home,status_detail,total,under_price
NYY,2026-03-26T00:05Z,401814702,SF,2026,New York Yankees,7,52.520895190000005,2025-11-10T12:09Z,San Francisco Giants,0,-126,-126,-117,104,104,-104,False,DraftKings,1,-118,9,,,1.5,Final,7.0,-102
PIT,2026-03-26T17:15Z,401814693,NYM,2026,Pittsburgh Pirates,7,52.69606586,2025-11-10T12:08Z,New York Mets,11,104,104,111,-126,-126,-135,False,DraftKings,1,-115,9,,,1.5,Final,7.0,-105
CHW,2026-03-26T18:10Z,401814696,MIL,2026,Chicago White Sox,2,60.25512844000001,2025-11-10T12:09Z,Milwaukee Brewers,14,163,163,160,-199,-199,-197,False,DraftKings,1,-118,9,,,-1.5,Final,7.5,-102
WSH,2026-03-26T18:20Z,401814698,CHC,2026,Washington Nationals,10,63.889971759999995,2025-11-10T12:09Z,Chicago Cubs,4,169,169,163,-207,-207,-201,False,DraftKings,1,102,9,,,-1.5,Final,7.0,-122
MIN,2026-03-26T19:05Z,401814692,BAL,2026,Minnesota Twins,1,54.171580320000004,2025-11-10T12:09Z,Baltimore Orioles,2,120,120,133,-145,-145,-162,False,DraftKings,1,-110,9,,,-1.5,Final,8.5,-110
BOS,2026-03-26T20:10Z,401814689,CIN,2026,Boston Red Sox,3,55.52331651,2025-11-10T12:08Z,Cincinnati Reds,0,-163,-163,-158,135,135,129,False,DraftKings,1,-115,9,,,1.5,Final,8.0,-105
LAA,2026-03-26T20:10Z,401814695,HOU,2026,Los Angeles Angels,3,61.13977298,2025-11-10T12:09Z,Houston Astros,0,153,153,155,-186,-186,-190,False,DraftKings,1,-115,9,,,-1.5,Final,8.0,-105
DET,2026-03-26T20:10Z,401814701,SD,2026,Detroit Tigers,8,54.11439244,2025-11-10T12:08Z,San Diego Padres,2,-126,-126,-143,104,104,118,False,DraftKings,1,-112,9,,,1.5,Final,7.0,-108
TEX,2026-03-26T20:15Z,401814694,PHI,2026,Texas Rangers,3,54.98006537,2025-11-10T12:08Z,Philadelphia Phillies,5,144,144,111,-175,-175,-134,False,DraftKings,1,-113,9,,,-1.5,Final,8.0,-107
TB,2026-03-26T20:15Z,401814697,STL,2026,Tampa Bay Rays,7,51.02421209,2025-11-10T12:08Z,St. Louis Cardinals,9,-136,-136,-116,113,113,-105,False,DraftKings,1,-112,9,,,1.5,Final,8.0,-108
ARI,2026-03-27T00:30Z,401814699,LAD,2026,Arizona Diamondbacks,2,60.603690470000004,2025-11-10T12:08Z,Los Angeles Dodgers,8,229,229,172,-286,-286,-212,False,DraftKings,1,-105,9,,,-1.5,Final,9.0,-115
CLE,2026-03-27T02:10Z,401814700,SEA,2026,Cleveland Guardians,6,54.31912592,2025-11-10T12:08Z,Seattle Mariners,4,153,153,131,-186,-186,-160,False,DraftKings,1,-115,9,,,-1.5,Final,6.5,-105
NYY,2026-03-27T20:35Z,401814721,SF,2026,New York Yankees,3,52.520895190000005,2025-11-10T12:08Z,San Francisco Giants,0,-136,-136,-131,113,113,109,False,DraftKings,1,-112,9,,,1.5,Final,8.5,-108
ATH,2026-03-27T23:07Z,401814688,TOR,2026,Athletics,2,58.9884045,2025-11-10T12:09Z,Toronto Blue Jays,3,139,139,149,-169,-169,-182,False,DraftKings,1,-120,9,,,-1.5,Final,8.5,100
COL,2026-03-27T23:10Z,401814690,MIA,2026,Colorado Rockies,1,66.02121041,2025-11-10T12:09Z,Miami Marlins,2,163,163,144,-199,-199,-177,False,DraftKings,1,-105,9,,,-1.5,Final,8.0,-115
KC,2026-03-27T23:15Z,401814691,ATL,2026,Kansas City Royals,0,50.748967209999996,2025-11-10T12:09Z,Atlanta Braves,6,119,119,125,-143,-143,-152,False,DraftKings,1,-115,9,,,-1.5,Final,7.5,-105
LAA,2026-03-28T00:10Z,401814703,HOU,2026,Los Angeles Angels,6,61.13977298,2025-11-10T12:09Z,Houston Astros,2,140,140,135,-169,-169,-163,False,DraftKings,1,-118,9,,,-1.5,Final,8.5,-102
CLE,2026-03-28T01:40Z,401814705,SEA,2026,Cleveland Guardians,1,54.31912592,2025-11-10T12:09Z,Seattle Mariners,5,144,144,141,-175,-175,-171,False,DraftKings,1,-102,9,,,-1.5,Final,7.0,-118
DET,2026-03-28T01:40Z,401814706,SD,2026,Detroit Tigers,5,54.11439244,2025-11-10T12:09Z,San Diego Padres,2,108,108,-102,-130,-130,-118,False,DraftKings,1,-105,9,,,-1.5,Final,7.5,-115
ARI,2026-03-28T02:10Z,401814704,LAD,2026,Arizona Diamondbacks,4,60.603690470000004,2025-11-10T12:08Z,Los Angeles Dodgers,5,194,194,169,-240,-240,-207,False,DraftKings,1,101,9,,,-1.5,Final,9.0,-122
TB,2026-03-28T18:15Z,401814716,STL,2026,Tampa Bay Rays,5,58.131939239999994,2026-03-28T11:07Z,St. Louis Cardinals,6,-115,-115,-108,-105,-105,-112,False,DraftKings,1,100,10,,,1.5,Final/10,7.5,-120
WSH,2026-03-28T18:20Z,401814717,CHC,2026,Washington Nationals,2,68.12654556999999,2026-03-28T11:07Z,Chicago Cubs,10,203,203,169,-252,-252,-207,False,DraftKings,1,-120,9,,,-1.5,Final,8.5,100
ATH,2026-03-28T19:07Z,401814707,TOR,2026,Athletics,7,61.426152450000004,2026-03-28T11:07Z,Toronto Blue Jays,8,163,163,144,-199,-199,-175,False,DraftKings,1,-118,11,,,-1.5,Final/11,8.0,-102
MIN,2026-03-28T20:05Z,401814711,BAL,2026,Minnesota Twins,4,69.55303337,2026-03-28T11:07Z,Baltimore Orioles,1,141,141,129,-171,-171,-156,False,DraftKings,1,-112,9,,,-1.5,Final,7.5,-108
TEX,2026-03-28T20:05Z,401814713,PHI,2026,Texas Rangers,5,50.21410459,2026-03-28T11:07Z,Philadelphia Phillies,4,128,128,100,-154,-154,-120,False,DraftKings,1,-110,10,,,-1.5,Final/10,7.5,-110
BOS,2026-03-28T20:10Z,401814708,CIN,2026,Boston Red Sox,5,48.99240373,2026-03-28T11:07Z,Cincinnati Reds,6,-136,-136,-156,113,113,129,False,DraftKings,1,-114,11,,,1.5,Final/11,7.5,-106
COL,2026-03-28T20:10Z,401814709,MIA,2026,Colorado Rockies,3,65.3661265,2026-03-28T11:07Z,Miami Marlins,4,163,163,153,-199,-199,-186,False,DraftKings,1,102,9,,,-1.5,Final,7.5,-122
PIT,2026-03-28T20:10Z,401814712,NYM,2026,Pittsburgh Pirates,2,64.09057082000001,2026-03-28T11:07Z,New York Mets,4,144,144,129,-175,-175,-156,False,DraftKings,1,-102,11,,,-1.5,Final/11,7.5,-118
LAA,2026-03-28T23:10Z,401814714,HOU,2026,Los Angeles Angels,9,52.197302109999995,2026-03-28T11:07Z,Houston Astros,11,113,113,123,-136,-136,-149,False,DraftKings,1,102,9,,,-1.5,Final,9.0,-122
CHW,2026-03-28T23:10Z,401814715,MIL,2026,Chicago White Sox,1,75.32740809,2026-03-28T11:07Z,Milwaukee Brewers,6,163,163,169,-199,-199,-207,False,DraftKings,1,-115,9,,,-1.5,Final,8.0,-105
KC,2026-03-28T23:15Z,401814710,ATL,2026,Kansas City Royals,2,49.887282119999995,2026-03-28T11:07Z,Atlanta Braves,6,123,123,123,-149,-149,-149,False,DraftKings,1,-102,9,,,-1.5,Final,8.5,-118
NYY,2026-03-28T23:15Z,401814734,SF,2026,New York Yankees,3,56.610675619999995,2026-03-28T11:07Z,San Francisco Giants,1,-136,-136,-126,113,113,104,False,DraftKings,1,-105,9,,,1.5,Final,8.5,-115
DET,2026-03-29T00:40Z,401814720,SD,2026,Detroit Tigers,0,51.576492470000005,2026-03-28T11:07Z,San Diego Padres,3,-102,-102,-118,-118,-118,-102,False,DraftKings,1,-116,9,,,1.5,Final,8.0,-104
ARI,2026-03-29T01:10Z,401814718,LAD,2026,Arizona Diamondbacks,2,68.73087415,2026-03-28T11:07Z,Los Angeles Dodgers,3,203,203,194,-252,-252,-240,False,DraftKings,1,-115,9,,,-1.5,Final,8.5,-105
CLE,2026-03-29T01:40Z,401814719,SEA,2026,Cleveland Guardians,6,57.766856710000006,2026-03-28T11:07Z,Seattle Mariners,5,158,158,163,-193,-193,-199,False,DraftKings,1,-102,10,,,-1.5,Final/10,7.0,-118
KC,2026-03-29T17:35Z,401814725,ATL,2026,Kansas City Royals,4,62.53043406,2026-03-29T11:07Z,Atlanta Braves,1,126,126,129,-153,-153,-156,False,DraftKings,1,-112,9,,,-1.5,Final,8.0,-108
MIN,2026-03-29T17:35Z,401814726,BAL,2026,Minnesota Twins,6,59.33683343,2026-03-29T11:07Z,Baltimore Orioles,8,135,135,123,-163,-163,-149,False,DraftKings,1,102,9,,,-1.5,Final,9.0,-122
TEX,2026-03-29T17:35Z,401814728,PHI,2026,Texas Rangers,8,62.168749219999995,2026-03-29T11:07Z,Philadelphia Phillies,3,135,135,129,-163,-163,-156,False,DraftKings,1,-112,9,,,-1.5,Final,8.0,-108
ATH,2026-03-29T17:37Z,401814722,TOR,2026,Athletics,2,58.63374748,2026-03-29T11:07Z,Toronto Blue Jays,5,129,129,135,-156,-156,-163,False,DraftKings,1,100,9,,,-1.5,Final,9.0,-120
BOS,2026-03-29T17:40Z,401814723,CIN,2026,Boston Red Sox,2,37.9338589,2026-03-29T11:07Z,Cincinnati Reds,3,-130,-130,-143,108,108,119,False,DraftKings,1,-110,9,,,1.5,Final,8.5,-110
COL,2026-03-29T17:40Z,401814724,MIA,2026,Colorado Rockies,3,64.25479104,2026-03-29T11:07Z,Miami Marlins,4,159,159,159,-194,-194,-194,False,DraftKings,1,-102,9,,,-1.5,Final,8.0,-118
PIT,2026-03-29T17:40Z,401814727,NYM,2026,Pittsburgh Pirates,4,68.11469084000001,2026-03-29T11:07Z,New York Mets,3,153,153,141,-186,-186,-171,False,DraftKings,1,-115,10,,,-1.5,Final/10,7.5,-105
LAA,2026-03-29T18:10Z,401814729,HOU,2026,Los Angeles Angels,7,66.33681904,2026-03-29T11:07Z,Houston Astros,9,144,144,149,-175,-175,-181,False,DraftKings,1,-108,9,,,-1.5,Final,9.0,-112
CHW,2026-03-29T18:10Z,401814730,MIL,2026,Chicago White Sox,7,73.22941578,2026-03-29T11:07Z,Milwaukee Brewers,9,139,139,141,-168,-168,-171,False,DraftKings,1,-108,9,,,-1.5,Final,8.0,-112
TB,2026-03-29T18:15Z,401814731,STL,2026,Tampa Bay Rays,11,52.40602122,2026-03-29T11:07Z,St. Louis Cardinals,7,-122,-122,-118,102,102,-102,False,DraftKings,1,-102,9,,,1.5,Final,8.0,-118
WSH,2026-03-29T18:20Z,401814732,CHC,2026,Washington Nationals,6,66.5395201,2026-03-29T11:07Z,Chicago Cubs,3,197,197,189,-243,-243,-232,False,DraftKings,1,-118,9,,,-1.5,Final,9.0,-102
CLE,2026-03-29T23:20Z,401814733,SEA,2026,Cleveland Guardians,0,50.56429772999999,2026-03-29T11:07Z,Seattle Mariners,8,123,123,129,-149,-149,-156,False,DraftKings,1,-108,9,,,-1.5,Final,7.5,-112
MIN,2026-03-30T20:10Z,401814743,KC,2026,Minnesota Twins,1,61.86714216,2026-03-30T11:07Z,Kansas City Royals,3,139,139,123,-168,-168,-149,False,DraftKings,1,-103,9,,,-1.5,Final,10.5,-117
TEX,2026-03-30T22:35Z,401814739,BAL,2026,Texas Rangers,5,57.72185859,2026-03-30T11:07Z,Baltimore Orioles,2,109,109,100,-131,-131,-120,False,DraftKings,1,-118,9,,,-1.5,Final,9.0,-102
CHW,2026-03-30T22:40Z,401814736,MIA,2026,Chicago White Sox,9,59.26630669,2026-03-30T11:07Z,Miami Marlins,4,123,123,109,-149,-149,-131,False,DraftKings,1,-112,9,,,-1.5,Final,8.0,-108
PIT,2026-03-30T22:40Z,401814738,CIN,2026,Pittsburgh Pirates,0,56.04906227000001,2026-03-30T11:07Z,Cincinnati Reds,2,113,113,-102,-136,-136,-118,False,DraftKings,1,-115,9,,,-1.5,Final,8.5,-105
WSH,2026-03-30T22:40Z,401814740,PHI,2026,Washington Nationals,13,56.519982420000005,2026-03-30T11:07Z,Philadelphia Phillies,2,146,146,144,-177,-177,-175,False,DraftKings,1,-115,9,,,-1.5,Final,9.0,-105
COL,2026-03-30T23:07Z,401814737,TOR,2026,Colorado Rockies,14,64.87448479,2026-03-30T11:07Z,Toronto Blue Jays,5,234,234,194,-293,-293,-240,False,DraftKings,1,-115,9,,,-1.5,Final,8.0,-105
ATH,2026-03-30T23:15Z,401814735,ATL,2026,Athletics,0,52.67401929,2026-03-30T11:07Z,Atlanta Braves,4,104,104,119,-126,-126,-143,False,DraftKings,1,-102,9,,,-1.5,Final,9.0,-118
LAA,2026-03-30T23:40Z,401814741,CHC,2026,Los Angeles Angels,2,65.94810101,2026-03-30T11:07Z,Chicago Cubs,7,159,159,149,-194,-194,-181,False,DraftKings,1,-115,9,,,-1.5,Final,10.0,-105
TB,2026-03-30T23:40Z,401814745,MIL,2026,Tampa Bay Rays,3,67.6849448,2026-03-30T11:07Z,Milwaukee Brewers,2,135,135,119,-163,-163,-143,False,DraftKings,1,-108,9,,,-1.5,Final,8.0,-112
NYM,2026-03-30T23:45Z,401814744,STL,2026,New York Mets,4,56.03439394,2026-03-30T11:07Z,St. Louis Cardinals,2,-156,-156,-156,129,129,129,False,DraftKings,1,100,9,,,1.5,Final,9.0,-120
BOS,2026-03-31T00:10Z,401814742,HOU,2026,Boston Red Sox,1,45.82357594,2026-03-30T11:07Z,Houston Astros,8,-131,-131,-112,109,109,-108,False,DraftKings,1,-115,9,,,1.5,Final,8.5,-105
NYY,2026-03-31T01:40Z,401814748,SEA,2026,New York Yankees,1,55.58092308,2026-03-30T11:07Z,Seattle Mariners,2,-117,-117,-105,-103,-103,-115,False,DraftKings,1,-112,9,,,1.5,Final,7.5,-108
SF,2026-03-31T01:40Z,401814749,SD,2026,San Francisco Giants,3,48.59033594,2026-03-30T11:07Z,San Diego Padres,2,-102,-102,-105,-118,-118,-115,False,DraftKings,1,-101,9,,,1.5,Final,8.5,-119
CLE,2026-03-31T02:10Z,401814746,LAD,2026,Cleveland Guardians,4,52.255658520000004,2026-03-30T11:07Z,Los Angeles Dodgers,2,163,163,153,-199,-199,-186,False,DraftKings,1,-117,9,,,-1.5,Final,8.5,-103
DET,2026-03-31T02:10Z,401814747,ARI,2026,Detroit Tigers,6,57.38900709,2026-03-30T11:07Z,Arizona Diamondbacks,9,104,104,-105,-126,-126,-115,False,DraftKings,1,-118,9,,,-1.5,Final,9.0,-102
TEX,2026-03-31T22:35Z,401814754,BAL,2026,Texas Rangers,8,42.32552527,2026-03-31T11:08Z,Baltimore Orioles,5,-126,-126,-131,104,104,109,False,DraftKings,1,-118,9,,,1.5,Final,8.5,-102
CHW,2026-03-31T22:40Z,401814751,MIA,2026,Chicago White Sox,2,72.39107659,2026-03-31T11:08Z,Miami Marlins,9,129,129,123,-156,-156,-149,False,DraftKings,1,-115,9,,,-1.5,Final,8.0,-105
PIT,2026-03-31T22:40Z,401814753,CIN,2026,Pittsburgh Pirates,8,47.00350337,2026-03-31T11:07Z,Cincinnati Reds,3,-120,-120,-115,100,100,-105,False,DraftKings,1,-115,9,,,1.5,Final,9.0,-105
WSH,2026-03-31T22:40Z,401814755,PHI,2026,Washington Nationals,2,52.03143307,2026-03-31T11:08Z,Philadelphia Phillies,3,163,163,153,-199,-199,-186,False,DraftKings,1,-111,9,,,-1.5,Final,9.5,-109
COL,2026-03-31T23:07Z,401814752,TOR,2026,Colorado Rockies,1,56.96786549,2026-03-31T11:08Z,Toronto Blue Jays,5,218,218,209,-271,-271,-259,False,DraftKings,1,-102,9,,,-1.5,Final,8.0,-118
ATH,2026-03-31T23:15Z,401814750,ATL,2026,Athletics,5,62.57352388,2026-03-31T11:08Z,Atlanta Braves,2,129,129,123,-156,-156,-149,False,DraftKings,1,-115,9,,,-1.5,Final,9.0,-105
LAA,2026-03-31T23:40Z,401814756,CHC,2026,Los Angeles Angels,2,55.91200607,2026-03-31T11:07Z,Chicago Cubs,0,119,119,113,-143,-143,-136,False,DraftKings,1,-125,9,,,-1.5,Final,6.5,103
TB,2026-03-31T23:40Z,401814759,MIL,2026,Tampa Bay Rays,2,72.96749630000001,2026-03-31T11:08Z,Milwaukee Brewers,6,104,104,113,-126,-126,-136,False,DraftKings,1,102,9,,,1.5,Final,7.5,-122
NYM,2026-03-31T23:45Z,401814758,STL,2026,New York Mets,0,44.91838444,2026-03-31T11:08Z,St. Louis Cardinals,3,-153,-153,-171,126,126,141,False,DraftKings,1,-105,9,,,1.5,Final,8.5,-115
BOS,2026-04-01T00:10Z,401814757,HOU,2026,Boston Red Sox,2,69.69883809000001,2026-03-31T11:08Z,Houston Astros,9,119,119,123,-143,-143,-149,False,DraftKings,1,-110,9,,,-1.5,Final,7.5,-110
DET,2026-04-01T01:40Z,401814761,ARI,2026,Detroit Tigers,5,55.760464379999995,2026-03-31T11:08Z,Arizona Diamondbacks,7,-110,-110,-108,-110,-110,-112,False,DraftKings,1,100,9,,,1.5,Final,9.5,-121
NYY,2026-04-01T01:40Z,401814762,SEA,2026,New York Yankees,5,52.520411489999994,2026-03-31T11:08Z,Seattle Mariners,0,-120,-120,-112,100,100,-108,False,DraftKings,1,-112,9,,,1.5,Final,7.0,-108
SF,2026-04-01T01:40Z,401814763,SD,2026,San Francisco Giants,9,41.12351835,2026-03-31T11:08Z,San Diego Padres,3,-131,-131,-136,109,109,113,False,DraftKings,1,-118,9,,,1.5,Final,7.5,-102
CLE,2026-04-01T02:10Z,401814760,LAD,2026,Cleveland Guardians,1,73.73209795,2026-03-31T11:08Z,Los Angeles Dodgers,4,229,229,194,-286,-286,-240,False,DraftKings,1,-110,9,,,-1.5,Final,8.0,-110
ATH,2026-04-01T16:15Z,401814764,ATL,2026,Athletics,1,71.667665,2026-04-01T11:07Z,Atlanta Braves,5,189,189,169,-232,-232,-207,False,DraftKings,1,-102,9,,,-1.5,Final,7.5,-118
TEX,2026-04-01T16:35Z,401814768,BAL,2026,Texas Rangers,3,55.49900577,2026-04-01T11:07Z,Baltimore Orioles,8,-102,-102,-108,-118,-118,-112,False,DraftKings,1,-112,9,,,1.5,Final,8.0,-108
PIT,2026-04-01T16:40Z,401814767,CIN,2026,Pittsburgh Pirates,8,49.38640162,2026-04-01T11:07Z,Cincinnati Reds,3,-145,-145,-156,120,120,129,False,DraftKings,1,-108,9,,,1.5,Final,7.5,-112
WSH,2026-04-01T17:05Z,401814769,PHI,2026,Washington Nationals,5,69.83898476,2026-04-01T11:07Z,Philadelphia Phillies,6,228,228,209,-285,-285,-259,False,DraftKings,1,-112,10,,,-1.5,Final/10,8.0,-108
COL,2026-04-01T17:07Z,401814766,TOR,2026,Colorado Rockies,2,65.93558654,2026-04-01T11:07Z,Toronto Blue Jays,1,224,224,229,-280,-280,-286,False,DraftKings,1,-105,10,,,-1.5,Final/10,7.5,-115
CHW,2026-04-01T17:10Z,401814765,MIA,2026,Chicago White Sox,0,63.379132520000006,2026-04-01T11:07Z,Miami Marlins,10,123,123,129,-149,-149,-156,False,DraftKings,1,-102,9,,,-1.5,Final,7.5,-118
NYM,2026-04-01T17:15Z,401814773,STL,2026,New York Mets,1,49.566699320000005,2026-04-01T11:07Z,St. Louis Cardinals,2,-161,-161,-171,133,133,141,False,DraftKings,1,-112,11,,,1.5,Final/11,7.5,-108
TB,2026-04-01T17:40Z,401814774,MIL,2026,Tampa Bay Rays,2,67.23288595,2026-04-01T11:07Z,Milwaukee Brewers,8,113,113,119,-136,-136,-143,False,DraftKings,1,-112,9,,,-1.5,Final,7.0,-108
BOS,2026-04-01T18:10Z,401814771,HOU,2026,Boston Red Sox,4,50.916931129999995,2026-04-01T11:07Z,Houston Astros,6,-143,-143,-149,119,119,123,False,DraftKings,1,-112,9,,,1.5,Final,7.0,-108
LAA,2026-04-01T18:20Z,401814770,CHC,2026,Los Angeles Angels,2,60.14584471,2026-04-01T11:07Z,Chicago Cubs,6,135,135,139,-163,-163,-168,False,DraftKings,1,-108,9,,,-1.5,Final,6.0,-112
DET,2026-04-01T19:40Z,401814776,ARI,2026,Detroit Tigers,0,40.08350972,2026-04-01T11:07Z,Arizona Diamondbacks,1,-156,-156,-167,129,129,138,False,DraftKings,1,-115,9,,,1.5,Final,7.5,-105
NYY,2026-04-01T20:10Z,401814777,SEA,2026,New York Yankees,5,50.54994084,2026-04-01T11:07Z,Seattle Mariners,3,100,100,104,-120,-120,-126,False,DraftKings,1,102,9,,,1.5,Final,7.0,-122
SF,2026-04-01T20:10Z,401814778,SD,2026,San Francisco Giants,1,56.92134672,2026-04-01T11:07Z,San Diego Padres,7,126,126,123,-153,-153,-149,False,DraftKings,1,-102,9,,,-1.5,Final,8.0,-118
MIN,2026-04-01T23:40Z,401814772,KC,2026,Minnesota Twins,9,48.852452050000004,2026-04-01T11:07Z,Kansas City Royals,13,-113,-113,-120,-107,-107,100,False,DraftKings,1,-102,9,,,1.5,Final,8.0,-118
CLE,2026-04-02T00:20Z,401814775,LAD,2026,Cleveland Guardians,4,72.00165054,2026-04-01T11:07Z,Los Angeles Dodgers,1,244,244,199,-308,-308,-246,False,DraftKings,1,-108,9,,,-1.5,Final,8.0,-112
MIN,2026-04-02T18:10Z,401814779,KC,2026,Minnesota Twins,5,65.05972092,2026-04-02T11:07Z,Kansas City Royals,1,129,129,129,-156,-156,-156,False,DraftKings,1,-102,9,,,-1.5,Final,9.5,-118
ATL,2026-04-03T01:40Z,401814781,ARI,2026,Atlanta Braves,17,61.645360010000005,2026-04-02T11:07Z,Arizona Diamondbacks,2,-110,-110,-126,-110,-110,104,False,DraftKings,1,-112,9,,,1.5,Final,9.0,-108
NYM,2026-04-03T01:45Z,401814782,SF,2026,New York Mets,2,49.25484088,2026-04-02T11:07Z,San Francisco Giants,7,-118,-118,-131,-102,-102,109,False,DraftKings,1,-115,9,,,1.5,Final,8.0,-105
LAD,2026-04-03T17:05Z,401814785,WSH,2026,Los Angeles Dodgers,13,36.28410462,2026-04-03T11:07Z,Washington Nationals,6,-293,-293,-267,234,234,214,False,DraftKings,1,-112,9,,,1.5,Final,9.5,-108
STL,2026-04-03T17:10Z,401814788,DET,2026,St. Louis Cardinals,0,57.42255343,2026-04-03T11:07Z,Detroit Tigers,4,153,153,144,-186,-186,-175,False,DraftKings,1,-108,9,,,-1.5,Final,8.0,-112
MIA,2026-04-03T17:35Z,401814786,NYY,2026,Miami Marlins,2,54.59641455999999,2026-04-03T11:07Z,New York Yankees,8,139,139,141,-168,-168,-171,False,DraftKings,1,-105,9,,,-1.5,Final,8.0,-115
SD,2026-04-03T18:10Z,401814787,BOS,2026,San Diego Padres,2,52.20433002,2026-04-03T11:07Z,Boston Red Sox,5,109,109,-102,-132,-132,-118,False,DraftKings,1,-117,9,,,-1.5,Final,8.0,-103
TOR,2026-04-03T18:10Z,401867263,CHW,2026,Toronto Blue Jays,4,39.657595470000004,2026-04-03T11:07Z,Chicago White Sox,5,-199,-199,-207,163,163,169,False,DraftKings,1,102,10,,,1.5,Final/10,7.5,-122
CIN,2026-04-03T20:05Z,401814789,TEX,2026,Cincinnati Reds,5,62.43894702,2026-04-03T11:07Z,Texas Rangers,3,137,137,129,-166,-166,-156,False,DraftKings,1,-117,9,,,-1.5,Final,8.0,-103
CHC,2026-04-03T20:10Z,401814784,CLE,2026,Chicago Cubs,1,50.81951237,2026-04-03T11:07Z,Cleveland Guardians,4,-112,-112,-120,-108,-108,100,False,DraftKings,1,-108,9,,,1.5,Final,7.5,-112
PHI,2026-04-03T20:10Z,401814792,COL,2026,Philadelphia Phillies,10,47.80396698,2026-04-03T11:07Z,Colorado Rockies,1,-186,-186,-207,153,153,169,False,DraftKings,1,-104,9,,,1.5,Final,10.5,-116
BAL,2026-04-03T20:12Z,401814783,PIT,2026,Baltimore Orioles,4,45.01611157,2026-04-03T11:07Z,Pittsburgh Pirates,5,-121,-121,-126,100,100,104,False,DraftKings,1,-118,9,,,1.5,Final,8.5,-102
TB,2026-04-03T21:05Z,401814791,MIN,2026,Tampa Bay Rays,4,52.78968316,2026-04-03T11:07Z,Minnesota Twins,10,-110,-110,-108,-110,-110,-112,False,DraftKings,1,-112,9,,,1.5,Final,7.5,-108
SEA,2026-04-04T01:38Z,401814796,LAA,2026,Seattle Mariners,3,52.184279489999994,2026-04-03T11:07Z,Los Angeles Angels,1,-157,-157,-171,130,130,141,False,DraftKings,1,-105,10,,,1.5,Final/10,8.0,-115
ATL,2026-04-04T01:40Z,401814793,ARI,2026,Atlanta Braves,2,51.22828014,2026-04-03T11:07Z,Arizona Diamondbacks,0,-112,-112,-122,-108,-108,102,False,DraftKings,1,-110,9,,,1.5,Final,9.0,-110
HOU,2026-04-04T01:40Z,401814794,ATH,2026,Houston Astros,4,46.39269015,2026-04-03T11:07Z,Athletics,11,-110,-110,-115,-110,-110,-105,False,DraftKings,1,-116,9,,,1.5,Final,9.5,-104
NYM,2026-04-04T02:15Z,401814795,SF,2026,New York Mets,10,47.70914658,2026-04-03T11:07Z,San Francisco Giants,3,-126,-126,-131,105,105,109,False,DraftKings,1,-115,9,,,1.5,Final,7.5,-105
STL,2026-04-04T17:10Z,401814802,DET,2026,St. Louis Cardinals,6,60.721860660000004,2026-04-04T11:07Z,Detroit Tigers,11,144,144,135,-175,-175,-163,False,DraftKings,1,-102,9,,,-1.5,Final,7.5,-118
MIL,2026-04-04T18:10Z,401814804,KC,2026,Milwaukee Brewers,5,48.23062031,2026-04-04T11:07Z,Kansas City Royals,2,-115,-115,-102,-105,-105,-118,False,DraftKings,1,-102,9,,,1.5,Final,8.5,-118
TOR,2026-04-04T18:10Z,401814806,CHW,2026,Toronto Blue Jays,3,58.26728621,2026-04-04T11:07Z,Chicago White Sox,6,-149,-149,-175,123,123,144,False,DraftKings,1,-105,9,,,1.5,Final,8.5,-115
BAL,2026-04-04T20:05Z,401814797,PIT,2026,Baltimore Orioles,2,59.216767569999995,2026-04-04T11:07Z,Pittsburgh Pirates,3,-108,-108,-115,-112,-112,-105,False,DraftKings,1,-102,9,,,1.5,Final,8.5,-118
LAD,2026-04-04T20:05Z,401814799,WSH,2026,Los Angeles Dodgers,10,33.74859984,2026-04-04T11:07Z,Washington Nationals,5,-314,-314,-280,248,248,224,False,DraftKings,1,-115,9,,,1.5,Final,9.5,-105
HOU,2026-04-04T20:05Z,401814809,ATH,2026,Houston Astros,11,49.781339190000004,2026-04-04T11:07Z,Athletics,0,-102,-102,-115,-118,-118,-105,False,DraftKings,1,-108,9,,,1.5,Final,9.5,-112
SD,2026-04-04T20:10Z,401814801,BOS,2026,San Diego Padres,3,66.94304381,2026-04-04T11:07Z,Boston Red Sox,2,123,123,123,-149,-149,-149,False,DraftKings,1,-105,9,,,-1.5,Final,7.5,-115
MIA,2026-04-04T23:05Z,401814800,NYY,2026,Miami Marlins,7,60.29958027,2026-04-04T11:07Z,New York Yankees,9,164,164,149,-201,-201,-181,False,DraftKings,1,100,9,,,-1.5,Final,7.5,-121
CIN,2026-04-04T23:05Z,401814803,TEX,2026,Cincinnati Reds,2,57.091981010000005,2026-04-04T11:07Z,Texas Rangers,0,119,119,119,-143,-143,-143,False,DraftKings,1,-112,9,,,-1.5,Final,8.5,-108
TB,2026-04-04T23:10Z,401814805,MIN,2026,Tampa Bay Rays,7,50.14514989,2026-04-04T11:07Z,Minnesota Twins,1,-118,-118,-105,-102,-102,-115,False,DraftKings,1,-108,9,,,1.5,Final,8.0,-112
MIL,2026-04-04T23:10Z,401867376,KC,2026,Milwaukee Brewers,2,45.77524253,2026-04-04T11:07Z,Kansas City Royals,8,-105,-105,105,-115,-115,-126,False,DraftKings,1,-115,9,,,1.5,Final,8.0,-105
ATL,2026-04-04T23:15Z,401814808,ARI,2026,Atlanta Braves,1,55.472451199999995,2026-04-04T11:07Z,Arizona Diamondbacks,2,-107,-107,-110,-113,-113,-110,False,DraftKings,1,-110,9,,,1.5,Final,9.5,-110
PHI,2026-04-05T00:10Z,401814807,COL,2026,Philadelphia Phillies,2,37.90360237,2026-04-04T11:07Z,Colorado Rockies,1,-267,-267,-240,214,214,194,False,DraftKings,1,-108,9,,,1.5,Final,10.0,-112
NYM,2026-04-05T01:05Z,401814810,SF,2026,New York Mets,9,53.07722249,2026-04-04T11:07Z,San Francisco Giants,0,100,100,-131,-120,-120,109,False,DraftKings,1,-115,9,,,-1.5,Final,7.5,-105
SEA,2026-04-05T01:38Z,401814811,LAA,2026,Seattle Mariners,0,42.95427051,2026-04-04T11:07Z,Los Angeles Angels,1,-158,-158,-168,131,131,139,False,DraftKings,1,-108,9,,,1.5,Final,9.5,-112
CHC,2026-04-05T17:10Z,401814813,CLE,2026,Chicago Cubs,1,43.64124829,2026-04-05T11:07Z,Cleveland Guardians,0,-131,-131,-115,109,109,-105,False,DraftKings,1,-102,9,,,1.5,Final,7.5,-118
BAL,2026-04-05T17:35Z,401814812,PIT,2026,Baltimore Orioles,2,60.28790523999999,2026-04-05T11:07Z,Pittsburgh Pirates,8,104,104,109,-126,-126,-131,False,DraftKings,1,-116,9,,,1.5,Final,8.0,-104
LAD,2026-04-05T17:35Z,401814814,WSH,2026,Los Angeles Dodgers,8,47.41857635,2026-04-05T11:07Z,Washington Nationals,6,-181,-181,-219,149,149,179,False,DraftKings,1,100,9,,,1.5,Final,9.0,-120
MIA,2026-04-05T17:35Z,401814815,NYY,2026,Miami Marlins,7,75.85678028000001,2026-04-05T11:07Z,New York Yankees,6,251,251,218,-317,-317,-271,False,DraftKings,1,-112,9,,,-1.5,Final,8.5,-108
SD,2026-04-05T17:35Z,401814816,BOS,2026,San Diego Padres,8,63.777346089999995,2026-04-05T11:07Z,Boston Red Sox,6,129,129,129,-156,-156,-156,False,DraftKings,1,-102,9,,,-1.5,Final,9.5,-118
MIL,2026-04-05T18:10Z,401814819,KC,2026,Milwaukee Brewers,8,51.877488670000005,2026-04-05T11:07Z,Kansas City Royals,5,102,102,102,-122,-122,-122,False,DraftKings,1,-112,9,,,1.5,Final,7.5,-108
TB,2026-04-05T18:10Z,401814820,MIN,2026,Tampa Bay Rays,4,58.15545008,2026-04-05T11:07Z,Minnesota Twins,1,-108,-108,-102,-112,-112,-118,False,DraftKings,1,-112,10,,,1.5,Final/10,8.0,-108
TOR,2026-04-05T18:10Z,401814821,CHW,2026,Toronto Blue Jays,0,43.037326320000005,2026-04-05T11:07Z,Chicago White Sox,3,-163,-163,-143,135,135,119,False,DraftKings,1,-105,9,,,1.5,Final,8.0,-115
CIN,2026-04-05T18:35Z,401814818,TEX,2026,Cincinnati Reds,2,50.67834377,2026-04-05T11:07Z,Texas Rangers,1,109,109,104,-132,-132,-126,False,DraftKings,1,-102,9,,,-1.5,Final,7.5,-118
PHI,2026-04-05T19:10Z,401814822,COL,2026,Philadelphia Phillies,1,48.44413208,2026-04-05T11:07Z,Colorado Rockies,4,-156,-156,-171,129,129,141,False,DraftKings,1,-120,9,,,1.5,Final,11.0,100
HOU,2026-04-05T20:05Z,401814824,ATH,2026,Houston Astros,10,52.14343507,2026-04-05T11:07Z,Athletics,12,-133,-133,-126,110,110,104,False,DraftKings,1,-112,10,,,1.5,Final/10,10.0,-108
NYM,2026-04-05T20:05Z,401814825,SF,2026,New York Mets,5,54.43852528000001,2026-04-05T11:07Z,San Francisco Giants,2,107,107,100,-129,-129,-120,False,DraftKings,1,-121,9,,,1.5,Final,7.0,100
SEA,2026-04-05T20:07Z,401814826,LAA,2026,Seattle Mariners,7,42.32656007,2026-04-05T11:07Z,Los Angeles Angels,8,-168,-168,-171,139,139,141,False,DraftKings,1,-122,11,,,1.5,Final/11,9.0,102
ATL,2026-04-05T20:10Z,401814823,ARI,2026,Atlanta Braves,5,49.29548998,2026-04-05T11:07Z,Arizona Diamondbacks,6,-110,-110,-105,-110,-110,-115,False,DraftKings,1,-112,10,,,1.5,Final/10,9.0,-108
CHC,2026-04-05T20:30Z,401867431,CLE,2026,Chicago Cubs,5,64.50977377,2026-04-05T11:07Z,Cleveland Guardians,6,-121,-121,-124,100,100,103,False,DraftKings,1,-123,9,,,1.5,Final,7.0,102
STL,2026-04-05T23:20Z,401814817,DET,2026,St. Louis Cardinals,5,47.51371746,2026-04-05T11:07Z,Detroit Tigers,3,124,124,113,-149,-149,-136,False,DraftKings,1,-115,9,,,-1.5,Final,8.0,-105
CHC,2026-04-06T20:10Z,401814827,TB,2026,Chicago Cubs,4,49.04073562,2026-04-06T11:07Z,Tampa Bay Rays,6,104,104,-118,-126,-126,-102,False,DraftKings,1,-103,9,,,-1.5,Final,8.0,-117
KC,2026-04-06T22:10Z,401814829,CLE,2026,Kansas City Royals,4,52.006695400000005,2026-04-06T11:07Z,Cleveland Guardians,2,-105,-105,-105,-115,-115,-115,False,DraftKings,1,-115,9,,,1.5,Final,7.0,-105
CIN,2026-04-06T22:40Z,401814828,MIA,2026,Cincinnati Reds,2,67.60646863999999,2026-04-06T11:07Z,Miami Marlins,0,123,123,102,-149,-149,-122,False,DraftKings,1,-101,9,,,-1.5,Final,8.5,-119
SD,2026-04-06T22:40Z,401814832,PIT,2026,San Diego Padres,5,70.4472889,2026-04-06T11:07Z,Pittsburgh Pirates,0,119,119,102,-143,-143,-122,False,DraftKings,1,-110,9,,,-1.5,Final,8.5,-110
MIL,2026-04-06T22:45Z,401814831,BOS,2026,Milwaukee Brewers,8,36.15102395,2026-04-06T11:07Z,Boston Red Sox,6,-126,-126,-115,104,104,-105,False,DraftKings,1,-110,9,,,1.5,Final,8.0,-110
STL,2026-04-06T22:45Z,401814833,WSH,2026,St. Louis Cardinals,6,54.03675063,2026-04-06T11:07Z,Washington Nationals,9,-110,-110,-110,-110,-110,-110,False,DraftKings,1,-118,9,,,1.5,Final,8.0,-102
LAD,2026-04-06T23:07Z,401814830,TOR,2026,Los Angeles Dodgers,14,34.219614809999996,2026-04-06T11:07Z,Toronto Blue Jays,2,-126,-126,-143,104,104,119,False,DraftKings,1,-105,9,,,1.5,Final,9.0,-115
BAL,2026-04-06T23:40Z,401814834,CHW,2026,Baltimore Orioles,2,58.788139279999996,2026-04-06T11:07Z,Chicago White Sox,1,-136,-136,-149,113,113,123,False,DraftKings,1,-102,9,,,1.5,Final,8.5,-118
DET,2026-04-06T23:40Z,401814835,MIN,2026,Detroit Tigers,3,57.03347966,2026-04-06T11:07Z,Minnesota Twins,7,104,104,102,-126,-126,-122,False,DraftKings,1,-112,9,,,1.5,Final,7.0,-108
SEA,2026-04-07T00:05Z,401814836,TEX,2026,Seattle Mariners,1,55.509229989999994,2026-04-06T11:07Z,Texas Rangers,2,-105,-105,100,-115,-115,-120,False,DraftKings,1,-102,9,,,1.5,Final,8.0,-118
HOU,2026-04-07T00:40Z,401814837,COL,2026,Houston Astros,7,49.62648234,2026-04-06T11:07Z,Colorado Rockies,9,-149,-149,-207,123,123,169,False,DraftKings,1,-110,9,,,1.5,Final,10.5,-110
ATL,2026-04-07T01:38Z,401814838,LAA,2026,Atlanta Braves,2,40.30931565,2026-04-06T11:07Z,Los Angeles Angels,6,-181,-181,-156,149,149,129,False,DraftKings,1,-118,9,,,1.5,Final,7.5,-102
PHI,2026-04-07T01:45Z,401814839,SF,2026,Philadelphia Phillies,6,56.69395848999999,2026-04-06T11:07Z,San Francisco Giants,4,-120,-120,-120,100,100,100,False,DraftKings,1,-102,9,,,1.5,Final,8.5,-118
KC,2026-04-07T17:10Z,401814844,CLE,2026,Kansas City Royals,1,55.53153143,2026-04-07T11:07Z,Cleveland Guardians,2,102,102,-102,-122,-122,-118,False,DraftKings,1,-105,9,,,1.5,Final,6.0,-115
BAL,2026-04-07T19:10Z,401814849,CHW,2026,Baltimore Orioles,4,33.057817719999996,2026-04-07T11:07Z,Chicago White Sox,2,-150,-150,-136,124,124,113,False,DraftKings,1,-124,9,,,1.5,Final,6.5,103
ARI,2026-04-07T20:10Z,401814840,NYM,2026,Arizona Diamondbacks,3,66.67040134,2026-04-07T11:07Z,New York Mets,4,129,129,129,-156,-156,-156,False,DraftKings,1,-112,10,,,-1.5,Final/10,7.0,-108
CHC,2026-04-07T22:40Z,401814842,TB,2026,Chicago Cubs,9,57.315211600000005,2026-04-07T11:07Z,Tampa Bay Rays,2,100,100,113,-120,-120,-136,False,DraftKings,1,-108,9,,,1.5,Final,8.5,-112
CIN,2026-04-07T22:40Z,401814843,MIA,2026,Cincinnati Reds,6,57.78449671,2026-04-07T11:07Z,Miami Marlins,3,119,119,104,-144,-144,-126,False,DraftKings,1,104,10,,,-1.5,Final/10,7.5,-125
SD,2026-04-07T22:40Z,401814847,PIT,2026,San Diego Padres,1,59.845306300000004,2026-04-07T11:07Z,Pittsburgh Pirates,7,128,128,129,-154,-154,-156,False,DraftKings,1,-112,9,,,-1.5,Final,6.0,-108
MIL,2026-04-07T22:45Z,401814846,BOS,2026,Milwaukee Brewers,2,49.61801297,2026-04-07T11:07Z,Boston Red Sox,3,135,135,123,-163,-163,-149,False,DraftKings,1,-115,9,,,-1.5,Final,6.0,-105
STL,2026-04-07T22:45Z,401814848,WSH,2026,St. Louis Cardinals,7,52.63069446000001,2026-04-07T11:07Z,Washington Nationals,6,-102,-102,-110,-118,-118,-110,False,DraftKings,1,-123,10,,,1.5,Final/10,7.0,102
ATH,2026-04-07T23:05Z,401814841,NYY,2026,Athletics,3,70.89138236,2026-04-07T11:07Z,New York Yankees,5,218,218,169,-271,-271,-207,False,DraftKings,1,-105,9,,,-1.5,Final,8.0,-115
LAD,2026-04-07T23:07Z,401814845,TOR,2026,Los Angeles Dodgers,4,36.21032726,2026-04-07T11:07Z,Toronto Blue Jays,1,-156,-156,-163,129,129,135,False,DraftKings,1,-102,9,,,1.5,Final,7.5,-118
DET,2026-04-07T23:40Z,401814850,MIN,2026,Detroit Tigers,2,39.970178020000006,2026-04-07T11:07Z,Minnesota Twins,4,-171,-171,-163,141,141,135,False,DraftKings,1,-120,9,,,1.5,Final,6.5,100
SEA,2026-04-08T00:05Z,401814851,TEX,2026,Seattle Mariners,2,57.38933579,2026-04-07T11:07Z,Texas Rangers,3,-118,-118,-115,-102,-102,-105,False,DraftKings,1,-101,9,,,1.5,Final,8.0,-119
HOU,2026-04-08T00:40Z,401814852,COL,2026,Houston Astros,1,41.60641166,2026-04-07T11:07Z,Colorado Rockies,5,-168,-168,-186,139,139,153,False,DraftKings,1,-108,9,,,1.5,Final,11.0,-112
ATL,2026-04-08T01:38Z,401814853,LAA,2026,Atlanta Braves,7,52.555994399999996,2026-04-07T11:07Z,Los Angeles Angels,2,-126,-126,-131,104,104,109,False,DraftKings,1,-120,9,,,1.5,Final,8.5,100
PHI,2026-04-08T01:45Z,401814854,SF,2026,Philadelphia Phillies,0,41.01056325,2026-04-07T11:07Z,San Francisco Giants,6,-149,-149,-149,123,123,123,False,DraftKings,1,102,9,,,1.5,Final,7.5,-122
SD,2026-04-08T16:35Z,401814862,PIT,2026,San Diego Padres,8,55.13622737,2026-04-08T11:07Z,Pittsburgh Pirates,2,-121,-121,-105,100,100,-115,False,DraftKings,1,-115,9,,,1.5,Final,7.0,-105
KC,2026-04-08T17:10Z,401814859,CLE,2026,Kansas City Royals,2,49.52901732,2026-04-08T11:07Z,Cleveland Guardians,10,-136,-136,-126,113,113,104,False,DraftKings,1,102,9,,,1.5,Final,7.0,-122
MIL,2026-04-08T17:35Z,401814861,BOS,2026,Milwaukee Brewers,0,52.291513550000005,2026-04-08T11:07Z,Boston Red Sox,5,119,119,113,-143,-143,-136,False,DraftKings,1,102,9,,,-1.5,Final,7.5,-123
BAL,2026-04-08T18:10Z,401814864,CHW,2026,Baltimore Orioles,5,35.10719904,2026-04-08T11:07Z,Chicago White Sox,3,-149,-149,-149,123,123,123,False,DraftKings,1,-110,9,,,1.5,Final,7.5,-110
SEA,2026-04-08T18:35Z,401814866,TEX,2026,Seattle Mariners,0,51.29404072,2026-04-08T11:07Z,Texas Rangers,3,-118,-118,-122,-102,-102,102,False,DraftKings,1,-102,9,,,1.5,Final,7.5,-118
LAD,2026-04-08T19:07Z,401814860,TOR,2026,Los Angeles Dodgers,3,31.28479586,2026-04-08T11:07Z,Toronto Blue Jays,4,-163,-163,-163,135,135,135,False,DraftKings,1,-112,9,,,1.5,Final,7.5,-108
HOU,2026-04-08T19:10Z,401814867,COL,2026,Houston Astros,1,41.44991409,2026-04-08T11:07Z,Colorado Rockies,9,-136,-136,-163,113,113,135,False,DraftKings,1,-110,9,,,1.5,Final,11.0,-110
PHI,2026-04-08T19:45Z,401814869,SF,2026,Philadelphia Phillies,0,56.42842265,2026-04-08T11:07Z,San Francisco Giants,5,-136,-136,-136,113,113,113,False,DraftKings,1,-105,9,,,1.5,Final,8.5,-115
STL,2026-04-08T20:05Z,401814863,WSH,2026,St. Louis Cardinals,6,43.70236112,2026-04-08T11:07Z,Washington Nationals,1,-126,-126,-120,104,104,100,False,DraftKings,1,-118,9,,,1.5,Final,8.5,-102
ATL,2026-04-08T20:07Z,401814868,LAA,2026,Atlanta Braves,8,55.60912226,2026-04-08T11:07Z,Los Angeles Angels,2,-126,-126,-131,104,104,109,False,DraftKings,1,-118,9,,,1.5,Final,8.5,-102
ARI,2026-04-08T20:10Z,401814855,NYM,2026,Arizona Diamondbacks,7,62.13511617,2026-04-08T11:07Z,New York Mets,2,117,117,123,-141,-141,-149,False,DraftKings,1,-105,9,,,-1.5,Final,7.5,-115
CHC,2026-04-08T22:40Z,401814857,TB,2026,Chicago Cubs,6,51.141632,2026-04-08T11:07Z,Tampa Bay Rays,2,-105,-105,-115,-115,-115,-105,False,DraftKings,1,-115,9,,,1.5,Final,8.0,-105
CIN,2026-04-08T22:40Z,401814858,MIA,2026,Cincinnati Reds,4,59.06803987,2026-04-08T11:07Z,Miami Marlins,7,109,109,113,-131,-131,-136,False,DraftKings,1,-108,9,,,-1.5,Final,8.0,-112
ATH,2026-04-08T23:05Z,401814856,NYY,2026,Athletics,3,63.637708260000004,2026-04-08T11:07Z,New York Yankees,2,169,169,159,-207,-207,-194,False,DraftKings,1,-102,9,,,-1.5,Final,8.0,-118
DET,2026-04-08T23:40Z,401814865,MIN,2026,Detroit Tigers,6,44.94052432,2026-04-08T11:07Z,Minnesota Twins,8,-156,-156,-156,129,129,129,False,DraftKings,1,-112,9,,,1.5,Final,8.0,-108
CIN,2026-04-09T16:10Z,401814872,MIA,2026,Cincinnati Reds,1,58.06746264,2026-04-09T11:07Z,Miami Marlins,8,104,104,104,-126,-126,-126,False,DraftKings,1,-101,9,,,1.5,Final,8.5,-119
ATH,2026-04-09T17:35Z,401814871,NYY,2026,Athletics,1,62.14273286,2026-04-09T11:07Z,New York Yankees,0,163,163,153,-199,-199,-186,False,DraftKings,1,-108,9,,,-1.5,Final,8.0,-112
DET,2026-04-09T17:40Z,401814874,MIN,2026,Detroit Tigers,1,48.9736659,2026-04-09T11:07Z,Minnesota Twins,3,-143,-143,-136,119,119,113,False,DraftKings,1,-101,9,,,1.5,Final,8.5,-119
ARI,2026-04-09T23:10Z,401814870,NYM,2026,Arizona Diamondbacks,7,68.80702228,2026-04-09T11:07Z,New York Mets,1,153,153,135,-186,-186,-163,False,DraftKings,1,-118,9,,,-1.5,Final,6.5,-102
CHW,2026-04-09T23:40Z,401814873,KC,2026,Chicago White Sox,2,61.834896470000004,2026-04-09T11:07Z,Kansas City Royals,0,149,149,144,-181,-181,-175,False,DraftKings,1,-120,9,,,-1.5,Final,9.0,100
COL,2026-04-10T01:40Z,401814875,SD,2026,Colorado Rockies,3,62.5677666,2026-04-09T11:07Z,San Diego Padres,7,153,153,159,-186,-186,-193,False,DraftKings,1,100,12,,,-1.5,Final/12,7.5,-120
PIT,2026-04-10T18:20Z,401814886,CHC,2026,Pittsburgh Pirates,2,50.75927472,2026-04-10T11:07Z,Chicago Cubs,0,129,129,129,-156,-156,-156,False,DraftKings,1,-122,9,,,-1.5,Final,6.5,102
ARI,2026-04-10T22:40Z,401814877,PHI,2026,Arizona Diamondbacks,5,57.167592840000005,2026-04-10T11:07Z,Philadelphia Phillies,4,153,153,149,-186,-186,-181,False,DraftKings,1,-112,9,,,-1.5,Final,8.0,-108
MIA,2026-04-10T22:40Z,401814880,DET,2026,Miami Marlins,0,56.470912549999994,2026-04-10T11:07Z,Detroit Tigers,2,109,109,129,-131,-131,-156,False,DraftKings,1,-112,9,,,-1.5,Final,8.5,-108
LAA,2026-04-10T22:45Z,401814876,CIN,2026,Los Angeles Angels,10,73.88263463,2026-04-10T11:07Z,Cincinnati Reds,2,149,149,153,-181,-181,-186,False,DraftKings,1,100,9,,,-1.5,Final,9.0,-120
MIN,2026-04-10T23:07Z,401814881,TOR,2026,Minnesota Twins,4,48.730017180000004,2026-04-10T11:07Z,Toronto Blue Jays,10,129,129,113,-156,-156,-136,False,DraftKings,1,-105,9,,,-1.5,Final,9.0,-115
ATH,2026-04-10T23:10Z,401814878,NYM,2026,Athletics,4,66.12791385,2026-04-10T11:07Z,New York Mets,0,124,124,129,-149,-149,-156,False,DraftKings,1,-102,9,,,-1.5,Final,8.0,-118
NYY,2026-04-10T23:10Z,401814882,TB,2026,New York Yankees,3,55.958592780000004,2026-04-10T11:07Z,Tampa Bay Rays,5,-115,-115,-143,-105,-105,119,False,DraftKings,1,-108,9,,,1.5,Final,8.5,-112
CLE,2026-04-10T23:15Z,401814879,ATL,2026,Cleveland Guardians,5,62.17474101,2026-04-10T11:07Z,Atlanta Braves,11,117,117,119,-141,-141,-143,False,DraftKings,1,-112,9,,,-1.5,Final,8.5,-108
SF,2026-04-10T23:15Z,401814883,BAL,2026,San Francisco Giants,6,54.59970309,2026-04-10T11:07Z,Baltimore Orioles,3,109,109,102,-132,-132,-122,False,DraftKings,1,-103,9,,,-1.5,Final,8.5,-117
CHW,2026-04-10T23:40Z,401814885,KC,2026,Chicago White Sox,0,68.78723165,2026-04-10T11:07Z,Kansas City Royals,2,153,153,144,-186,-186,-175,False,DraftKings,1,-103,9,,,-1.5,Final,7.5,-117
WSH,2026-04-10T23:40Z,401814887,MIL,2026,Washington Nationals,7,76.40429105,2026-04-10T11:07Z,Milwaukee Brewers,3,169,169,159,-207,-207,-194,False,DraftKings,1,-115,9,,,-1.5,Final,8.5,-105
BOS,2026-04-11T00:15Z,401814884,STL,2026,Boston Red Sox,2,35.67190429,2026-04-10T11:07Z,St. Louis Cardinals,3,-136,-136,-131,113,113,109,False,DraftKings,1,-123,9,,,1.5,Final,7.0,102
COL,2026-04-11T01:40Z,401814888,SD,2026,Colorado Rockies,2,56.859259390000005,2026-04-10T11:07Z,San Diego Padres,5,141,141,153,-171,-171,-186,False,DraftKings,1,-112,9,,,-1.5,Final,8.0,-108
HOU,2026-04-11T01:40Z,401814889,SEA,2026,Houston Astros,6,48.411041649999994,2026-04-10T11:07Z,Seattle Mariners,9,113,113,109,-136,-136,-131,False,DraftKings,1,-105,9,,,-1.5,Final,8.0,-115
TEX,2026-04-11T02:10Z,401814890,LAD,2026,Texas Rangers,7,73.75546039000001,2026-04-10T11:07Z,Los Angeles Dodgers,8,194,194,184,-240,-240,-226,False,DraftKings,1,-105,9,,,-1.5,Final,8.5,-115
ARI,2026-04-11T17:05Z,401814892,PHI,2026,Arizona Diamondbacks,3,48.7293243,2026-04-11T11:07Z,Philadelphia Phillies,4,104,104,113,-126,-126,-136,False,DraftKings,1,100,9,,,-1.5,Final,9.0,-120
MIA,2026-04-11T17:10Z,401814895,DET,2026,Miami Marlins,1,49.57064845,2026-04-11T11:07Z,Detroit Tigers,6,124,124,113,-149,-149,-136,False,DraftKings,1,-123,9,,,-1.5,Final,7.0,103
PIT,2026-04-11T18:20Z,401814901,CHC,2026,Pittsburgh Pirates,4,56.52018016,2026-04-11T11:07Z,Chicago Cubs,3,123,123,119,-149,-149,-143,False,DraftKings,1,-112,11,,,-1.5,Final/11,6.5,-108
MIN,2026-04-11T19:07Z,401814896,TOR,2026,Minnesota Twins,7,49.64062985,2026-04-11T11:07Z,Toronto Blue Jays,4,105,105,-108,-126,-126,-112,False,DraftKings,1,-112,9,,,1.5,Final,8.0,-108
LAA,2026-04-11T20:10Z,401814891,CIN,2026,Los Angeles Angels,3,52.704626919999995,2026-04-11T11:07Z,Cincinnati Reds,7,109,109,113,-131,-131,-136,False,DraftKings,1,-115,9,,,-1.5,Final,9.0,-105
ATH,2026-04-11T20:10Z,401814893,NYM,2026,Athletics,11,62.13140024,2026-04-11T11:07Z,New York Mets,6,135,135,135,-163,-163,-163,False,DraftKings,1,-118,9,,,-1.5,Final,7.5,-102
CHW,2026-04-11T20:10Z,401814900,KC,2026,Chicago White Sox,0,72.67812604,2026-04-11T11:07Z,Kansas City Royals,2,159,159,153,-194,-194,-186,False,DraftKings,1,-108,9,,,-1.5,Final,9.0,-112
NYY,2026-04-11T22:10Z,401814897,TB,2026,New York Yankees,4,38.6201911,2026-04-11T11:07Z,Tampa Bay Rays,5,-175,-175,-194,144,144,159,False,DraftKings,1,-118,10,,,1.5,Final/10,7.5,-102
WSH,2026-04-11T23:10Z,401814902,MIL,2026,Washington Nationals,3,65.1466464,2026-04-11T11:07Z,Milwaukee Brewers,1,149,149,139,-181,-181,-168,False,DraftKings,1,-105,9,,,-1.5,Final,8.0,-115
CLE,2026-04-11T23:15Z,401814894,ATL,2026,Cleveland Guardians,6,52.429522760000005,2026-04-11T11:07Z,Atlanta Braves,0,100,100,102,-120,-120,-122,False,DraftKings,1,-118,9,,,1.5,Final,8.0,-102
SF,2026-04-11T23:15Z,401814898,BAL,2026,San Francisco Giants,2,46.22529938,2026-04-11T11:07Z,Baltimore Orioles,6,-118,-118,-120,-102,-102,100,False,DraftKings,1,100,9,,,1.5,Final,7.5,-120
BOS,2026-04-11T23:15Z,401814899,STL,2026,Boston Red Sox,7,59.34049977,2026-04-11T11:07Z,St. Louis Cardinals,1,-136,-136,-149,113,113,123,False,DraftKings,1,-112,9,,,1.5,Final,7.5,-108
COL,2026-04-12T00:40Z,401814903,SD,2026,Colorado Rockies,5,57.33636697,2026-04-11T11:07Z,San Diego Padres,9,143,143,144,-173,-173,-175,False,DraftKings,1,-105,9,,,-1.5,Final,8.5,-115
TEX,2026-04-12T01:10Z,401814905,LAD,2026,Texas Rangers,3,69.05590892,2026-04-11T11:07Z,Los Angeles Dodgers,6,153,153,153,-186,-186,-186,False,DraftKings,1,-117,9,,,-1.5,Final,8.0,-103
HOU,2026-04-12T01:40Z,401814904,SEA,2026,Houston Astros,7,57.559012710000005,2026-04-11T11:07Z,Seattle Mariners,8,135,135,119,-163,-163,-143,False,DraftKings,1,102,9,,,-1.5,Final,7.5,-122
ARI,2026-04-12T17:35Z,401814907,PHI,2026,Arizona Diamondbacks,4,52.93377952,2026-04-12T11:07Z,Philadelphia Phillies,3,109,109,123,-132,-132,-149,False,DraftKings,1,-110,9,,,-1.5,Final,8.5,-110
SF,2026-04-12T17:35Z,401814913,BAL,2026,San Francisco Giants,2,54.44666147,2026-04-12T11:06Z,Baltimore Orioles,6,104,104,109,-126,-126,-131,False,DraftKings,1,-110,9,,,1.5,Final,8.5,-110
MIN,2026-04-12T17:37Z,401814911,TOR,2026,Minnesota Twins,8,47.16571613,2026-04-12T11:07Z,Toronto Blue Jays,2,113,113,-105,-136,-136,-115,False,DraftKings,1,-108,9,,,-1.5,Final,8.0,-112
LAA,2026-04-12T17:40Z,401814906,CIN,2026,Los Angeles Angels,9,52.6372336,2026-04-12T11:06Z,Cincinnati Reds,6,-115,-115,-108,-105,-105,-112,False,DraftKings,1,-108,9,,,1.5,Final,8.5,-112
ATH,2026-04-12T17:40Z,401814908,NYM,2026,Athletics,1,63.78941856,2026-04-12T11:06Z,New York Mets,0,135,135,144,-163,-163,-175,False,DraftKings,1,-115,9,,,-1.5,Final,7.0,-105
MIA,2026-04-12T17:40Z,401814910,DET,2026,Miami Marlins,2,66.10703742,2026-04-12T11:06Z,Detroit Tigers,8,141,141,169,-171,-171,-207,False,DraftKings,1,-118,9,,,-1.5,Final,6.0,-102
NYY,2026-04-12T17:40Z,401814912,TB,2026,New York Yankees,4,44.69458415,2026-04-12T11:07Z,Tampa Bay Rays,5,-136,-136,-143,113,113,119,False,DraftKings,1,-105,9,,,1.5,Final,7.5,-115
CHW,2026-04-12T18:10Z,401814915,KC,2026,Chicago White Sox,6,55.32260805,2026-04-12T11:06Z,Kansas City Royals,5,152,152,159,-185,-185,-194,False,DraftKings,1,102,9,,,-1.5,Final,9.0,-122
WSH,2026-04-12T18:10Z,401814917,MIL,2026,Washington Nationals,8,69.17540404,2026-04-12T11:06Z,Milwaukee Brewers,6,179,179,159,-219,-219,-194,False,DraftKings,1,-118,9,,,-1.5,Final,7.5,-102
BOS,2026-04-12T18:15Z,401814914,STL,2026,Boston Red Sox,9,56.24334531,2026-04-12T11:07Z,St. Louis Cardinals,3,-118,-118,-126,-102,-102,104,False,DraftKings,1,-115,9,,,1.5,Final,9.0,-105
PIT,2026-04-12T18:20Z,401814916,CHC,2026,Pittsburgh Pirates,6,51.04980481,2026-04-12T11:07Z,Chicago Cubs,7,113,113,113,-136,-136,-136,False,DraftKings,1,-105,9,,,-1.5,Final,12.5,-115
COL,2026-04-12T20:10Z,401814918,SD,2026,Colorado Rockies,2,68.51231894,2026-04-12T11:07Z,San Diego Padres,7,184,184,189,-226,-226,-232,False,DraftKings,1,-115,9,,,-1.5,Final,7.5,-105
HOU,2026-04-12T20:10Z,401814919,SEA,2026,Houston Astros,1,64.08162982,2026-04-12T11:06Z,Seattle Mariners,6,159,159,125,-193,-193,-151,False,DraftKings,1,-103,9,,,-1.5,Final,8.0,-117
TEX,2026-04-12T20:10Z,401814920,LAD,2026,Texas Rangers,5,55.92784908,2026-04-12T11:07Z,Los Angeles Dodgers,2,118,118,109,-143,-143,-131,False,DraftKings,1,-110,9,,,-1.5,Final,8.5,-110
CLE,2026-04-12T23:20Z,401814909,ATL,2026,Cleveland Guardians,1,69.15378062,2026-04-12T11:07Z,Atlanta Braves,13,155,155,153,-188,-188,-186,False,DraftKings,1,-118,9,,,-1.5,Final,7.0,-102
HOU,2026-04-13T20:10Z,401814928,SEA,2026,Houston Astros,2,55.76764894,2026-04-13T11:06Z,Seattle Mariners,6,149,149,135,-181,-181,-163,False,DraftKings,1,-115,9,,,-1.5,Final,7.5,-105
ARI,2026-04-13T22:35Z,401814922,BAL,2026,Arizona Diamondbacks,7,53.32095629,2026-04-13T11:06Z,Baltimore Orioles,9,109,109,109,-131,-131,-131,False,DraftKings,1,-108,9,,,-1.5,Final,9.0,-112
CHC,2026-04-13T22:40Z,401814923,PHI,2026,Chicago Cubs,7,65.0799971,2026-04-13T11:07Z,Philadelphia Phillies,13,153,153,153,-186,-186,-186,False,DraftKings,1,-112,9,,,-1.5,Final,8.5,-108
WSH,2026-04-13T22:40Z,401814925,PIT,2026,Washington Nationals,5,65.41444147,2026-04-13T11:06Z,Pittsburgh Pirates,16,189,189,189,-232,-232,-232,False,DraftKings,1,-115,9,,,-1.5,Final,7.5,-105
LAA,2026-04-13T23:05Z,401814921,NYY,2026,Los Angeles Angels,10,62.31303222,2026-04-13T11:07Z,New York Yankees,11,149,149,144,-181,-181,-175,False,DraftKings,1,-108,9,,,-1.5,Final,9.5,-112
MIA,2026-04-13T23:15Z,401814924,ATL,2026,Miami Marlins,10,61.55421862,2026-04-13T11:06Z,Atlanta Braves,4,124,124,113,-150,-150,-136,False,DraftKings,1,-118,9,,,-1.5,Final,8.0,-102
BOS,2026-04-13T23:40Z,401814926,MIN,2026,Boston Red Sox,6,41.71155426,2026-04-13T11:06Z,Minnesota Twins,13,-163,-163,-168,135,135,139,False,DraftKings,1,-108,9,,,1.5,Final,8.0,-112
CLE,2026-04-13T23:45Z,401814927,STL,2026,Cleveland Guardians,9,54.20067898999999,2026-04-13T11:06Z,St. Louis Cardinals,3,-122,-122,-118,102,102,-102,False,DraftKings,1,-112,9,,,1.5,Final,8.0,-108
TEX,2026-04-14T01:40Z,401814930,ATH,2026,Texas Rangers,8,46.6852625,2026-04-13T11:07Z,Athletics,1,-126,-126,-131,104,104,109,False,DraftKings,1,-108,9,,,1.5,Final,8.5,-112
NYM,2026-04-14T02:10Z,401814929,LAD,2026,New York Mets,0,69.76871811000001,2026-04-13T11:06Z,Los Angeles Dodgers,4,135,135,139,-163,-163,-168,False,DraftKings,1,-122,9,,,-1.5,Final,8.5,102
ARI,2026-04-14T22:35Z,401814932,BAL,2026,Arizona Diamondbacks,4,63.56984883,2026-04-14T11:07Z,Baltimore Orioles,3,141,141,123,-171,-171,-149,False,DraftKings,1,-112,9,,,-1.5,Final,8.5,-108
CHC,2026-04-14T22:40Z,401814933,PHI,2026,Chicago Cubs,10,54.35505084,2026-04-14T11:07Z,Philadelphia Phillies,4,124,124,119,-149,-149,-143,False,DraftKings,1,-110,9,,,-1.5,Final,10.0,-110
KC,2026-04-14T22:40Z,401814934,DET,2026,Kansas City Royals,1,53.64179892999999,2026-04-14T11:07Z,Detroit Tigers,2,107,107,104,-128,-128,-126,False,DraftKings,1,-105,9,,,1.5,Final,8.0,-114
SF,2026-04-14T22:40Z,401814936,CIN,2026,San Francisco Giants,1,48.44457962,2026-04-14T11:07Z,Cincinnati Reds,2,-105,-105,-102,-115,-115,-118,False,DraftKings,1,-108,9,,,1.5,Final,9.0,-112
WSH,2026-04-14T22:40Z,401814937,PIT,2026,Washington Nationals,5,71.31336706,2026-04-14T11:07Z,Pittsburgh Pirates,4,157,157,149,-192,-192,-181,False,DraftKings,1,-102,9,,,-1.5,Final,10.0,-118
LAA,2026-04-14T23:05Z,401814931,NYY,2026,Los Angeles Angels,7,56.48469916,2026-04-14T11:07Z,New York Yankees,1,144,144,139,-175,-175,-168,False,DraftKings,1,-108,9,,,-1.5,Final,9.5,-112
MIA,2026-04-14T23:15Z,401814935,ATL,2026,Miami Marlins,5,57.6621583,2026-04-14T11:07Z,Atlanta Braves,6,135,135,129,-163,-163,-156,False,DraftKings,1,-118,9,,,-1.5,Final,8.5,-102
BOS,2026-04-14T23:40Z,401814938,MIN,2026,Boston Red Sox,0,46.13967326,2026-04-14T11:07Z,Minnesota Twins,6,-143,-143,-136,119,119,113,False,DraftKings,1,-115,9,,,1.5,Final,8.0,-105
TB,2026-04-14T23:40Z,401814941,CHW,2026,Tampa Bay Rays,8,47.57542876,2026-04-14T11:07Z,Chicago White Sox,5,-142,-142,-143,117,117,119,False,DraftKings,1,-110,9,,,1.5,Final,8.0,-110
TOR,2026-04-14T23:40Z,401814942,MIL,2026,Toronto Blue Jays,9,64.44198142,2026-04-14T11:07Z,Milwaukee Brewers,7,102,102,104,-122,-122,-126,False,DraftKings,1,102,10,,,1.5,Final/10,7.5,-123
CLE,2026-04-14T23:45Z,401814939,STL,2026,Cleveland Guardians,5,50.56762937,2026-04-14T11:07Z,St. Louis Cardinals,6,-131,-131,-115,109,109,-105,False,DraftKings,1,-108,10,,,1.5,Final/10,9.0,-112
COL,2026-04-15T00:10Z,401814940,HOU,2026,Colorado Rockies,6,64.09222129999999,2026-04-14T11:07Z,Houston Astros,7,153,153,153,-186,-186,-186,False,DraftKings,1,-123,9,,,-1.5,Final,8.5,102
SEA,2026-04-15T01:40Z,401814944,SD,2026,Seattle Mariners,1,53.46087468,2026-04-14T11:07Z,San Diego Padres,4,-115,-115,-120,-105,-105,100,False,DraftKings,1,-122,9,,,1.5,Final,7.0,102
TEX,2026-04-15T01:40Z,401814945,ATH,2026,Texas Rangers,1,48.95546342,2026-04-14T11:07Z,Athletics,2,-131,-131,-118,109,109,-102,False,DraftKings,1,-112,9,,,1.5,Final,8.5,-108
NYM,2026-04-15T02:10Z,401814943,LAD,2026,New York Mets,1,66.43659133999999,2026-04-14T11:07Z,Los Angeles Dodgers,2,163,163,159,-199,-199,-194,False,DraftKings,1,-108,9,,,-1.5,Final,7.5,-112
ARI,2026-04-15T16:35Z,401814947,BAL,2026,Arizona Diamondbacks,8,62.667719070000004,2026-04-15T11:06Z,Baltimore Orioles,5,119,119,135,-143,-143,-163,False,DraftKings,1,-118,10,,,-1.5,Final/10,9.0,-102
CLE,2026-04-15T17:15Z,401814954,STL,2026,Cleveland Guardians,3,50.45804591,2026-04-15T11:06Z,St. Louis Cardinals,5,-110,-110,-110,-110,-110,-110,False,DraftKings,1,-112,9,,,1.5,Final,9.0,-108
BOS,2026-04-15T17:40Z,401814953,MIN,2026,Boston Red Sox,9,44.78860462,2026-04-15T11:06Z,Minnesota Twins,5,-136,-136,-131,113,113,109,False,DraftKings,1,-105,9,,,1.5,Final,8.5,-115
CHC,2026-04-15T22:40Z,401814948,PHI,2026,Chicago Cubs,11,58.527500079999996,2026-04-15T11:06Z,Philadelphia Phillies,2,117,117,113,-141,-141,-136,False,DraftKings,1,-105,9,,,-1.5,Final,9.0,-115
KC,2026-04-15T22:40Z,401814949,DET,2026,Kansas City Royals,1,59.87811684,2026-04-15T11:06Z,Detroit Tigers,2,114,114,113,-137,-137,-136,False,DraftKings,1,-115,9,,,-1.5,Final,8.5,-105
SF,2026-04-15T22:40Z,401814951,CIN,2026,San Francisco Giants,3,49.90662616,2026-04-15T11:06Z,Cincinnati Reds,8,-112,-112,-115,-108,-108,-105,False,DraftKings,1,-122,9,,,1.5,Final,9.0,102
WSH,2026-04-15T22:40Z,401814952,PIT,2026,Washington Nationals,0,66.24881076,2026-04-15T11:06Z,Pittsburgh Pirates,2,144,144,149,-175,-175,-181,False,DraftKings,1,100,9,,,-1.5,Final,9.5,-120
LAA,2026-04-15T23:05Z,401814946,NYY,2026,Los Angeles Angels,4,62.048203040000004,2026-04-15T11:06Z,New York Yankees,5,157,157,163,-192,-192,-199,False,DraftKings,1,-104,9,,,-1.5,Final,11.0,-116
MIA,2026-04-15T23:15Z,401814950,ATL,2026,Miami Marlins,3,66.90995639,2026-04-15T11:07Z,Atlanta Braves,6,135,135,139,-163,-163,-168,False,DraftKings,1,-105,9,,,-1.5,Final,9.0,-115
TB,2026-04-15T23:40Z,401814956,CHW,2026,Tampa Bay Rays,8,41.88251662,2026-04-15T11:06Z,Chicago White Sox,3,-112,-112,-115,-108,-108,-105,False,DraftKings,1,-102,9,,,1.5,Final,8.5,-118
TOR,2026-04-15T23:40Z,401814957,MIL,2026,Toronto Blue Jays,1,65.2548339,2026-04-15T11:06Z,Milwaukee Brewers,2,-126,-126,-118,105,105,-102,False,DraftKings,1,-117,9,,,1.5,Final,7.5,-103
COL,2026-04-16T00:10Z,401814955,HOU,2026,Colorado Rockies,1,62.904821600000005,2026-04-15T11:06Z,Houston Astros,3,161,161,153,-196,-196,-186,False,DraftKings,1,-121,9,,,-1.5,Final,8.5,100
SEA,2026-04-16T01:40Z,401814959,SD,2026,Seattle Mariners,6,61.884260700000006,2026-04-15T11:07Z,San Diego Padres,7,-112,-112,-110,-108,-108,-110,False,DraftKings,1,-102,9,,,1.5,Final,8.0,-118
TEX,2026-04-16T01:40Z,401814960,ATH,2026,Texas Rangers,5,55.8468173,2026-04-15T11:06Z,Athletics,6,-103,-103,-108,-117,-117,-112,False,DraftKings,1,-104,9,,,1.5,Final,10.0,-115
NYM,2026-04-16T02:00Z,401814958,LAD,2026,New York Mets,2,74.89410491000001,2026-04-15T11:07Z,Los Angeles Dodgers,8,159,159,184,-194,-194,-226,False,DraftKings,1,-105,9,,,-1.5,Final,7.5,-115
WSH,2026-04-16T16:35Z,401814965,PIT,2026,Washington Nationals,8,65.57573558,2026-04-16T11:06Z,Pittsburgh Pirates,7,139,139,139,-169,-169,-168,False,DraftKings,1,-105,10,,,-1.5,Final/10,8.5,-115
SF,2026-04-16T16:40Z,401814964,CIN,2026,San Francisco Giants,3,61.56407753999999,2026-04-16T11:06Z,Cincinnati Reds,0,100,100,-105,-120,-120,-115,False,DraftKings,1,-115,9,,,1.5,Final,8.0,-105
KC,2026-04-16T17:10Z,401814963,DET,2026,Kansas City Royals,9,49.84453756,2026-04-16T11:07Z,Detroit Tigers,10,-114,-114,-110,-105,-105,-110,False,DraftKings,1,-115,9,,,1.5,Final,8.5,-105
LAA,2026-04-16T17:35Z,401814961,NYY,2026,Los Angeles Angels,11,67.6647098,2026-04-16T11:07Z,New York Yankees,4,244,244,184,-308,-308,-226,False,DraftKings,1,-105,9,,,-1.5,Final,10.0,-115
TOR,2026-04-16T17:40Z,401814968,MIL,2026,Toronto Blue Jays,1,63.13358783,2026-04-16T11:06Z,Milwaukee Brewers,2,-105,-105,-102,-115,-115,-118,False,DraftKings,1,-122,9,,,1.5,Final,8.5,102
TB,2026-04-16T18:10Z,401814967,CHW,2026,Tampa Bay Rays,5,41.901217089999996,2026-04-16T11:06Z,Chicago White Sox,3,-131,-131,-126,109,109,104,False,DraftKings,1,-102,9,,,1.5,Final,8.5,-118
TEX,2026-04-16T19:05Z,401814970,ATH,2026,Texas Rangers,9,52.33436161,2026-04-16T11:06Z,Athletics,6,-112,-112,-115,-108,-108,-105,False,DraftKings,1,-105,9,,,1.5,Final,8.0,-115
BAL,2026-04-16T22:10Z,401814962,CLE,2026,Baltimore Orioles,2,63.466527559999996,2026-04-16T11:06Z,Cleveland Guardians,4,113,113,100,-136,-136,-120,False,DraftKings,1,-102,9,,,-1.5,Final,8.0,-118
COL,2026-04-17T00:10Z,401814966,HOU,2026,Colorado Rockies,3,58.716500260000004,2026-04-16T11:06Z,Houston Astros,2,146,146,163,-177,-177,-199,False,DraftKings,1,-115,9,,,-1.5,Final,8.5,-105
SEA,2026-04-17T00:40Z,401814969,SD,2026,Seattle Mariners,2,53.119373540000005,2026-04-16T11:06Z,San Diego Padres,5,-122,-122,-112,102,102,-108,False,DraftKings,1,-102,9,,,1.5,Final,8.5,-118
NYM,2026-04-17T18:20Z,401814979,CHC,2026,New York Mets,4,66.91011487,2026-04-17T11:07Z,Chicago Cubs,12,124,124,113,-150,-150,-136,False,DraftKings,1,-113,9,,,-1.5,Final,10.0,-107
BAL,2026-04-17T22:10Z,401814972,CLE,2026,Baltimore Orioles,6,52.30508568,2026-04-17T11:07Z,Cleveland Guardians,4,119,119,113,-143,-143,-136,False,DraftKings,1,-112,9,,,-1.5,Final,8.0,-108
ATL,2026-04-17T22:40Z,401814971,PHI,2026,Atlanta Braves,9,42.31536965,2026-04-17T11:07Z,Philadelphia Phillies,0,-118,-118,-108,-102,-102,-112,False,DraftKings,1,-108,9,,,1.5,Final,9.5,-112
TB,2026-04-17T22:40Z,401814977,PIT,2026,Tampa Bay Rays,1,63.944123090000005,2026-04-17T11:07Z,Pittsburgh Pirates,5,100,100,119,-120,-120,-143,False,DraftKings,1,-120,9,,,1.5,Final,8.5,100
SF,2026-04-17T22:45Z,401814976,WSH,2026,San Francisco Giants,10,47.62239864,2026-04-17T11:07Z,Washington Nationals,5,-143,-143,-156,119,119,129,False,DraftKings,1,-105,9,,,1.5,Final,8.5,-115
KC,2026-04-17T23:05Z,401814974,NYY,2026,Kansas City Royals,2,63.97486327000001,2026-04-17T11:07Z,New York Yankees,4,149,149,149,-181,-181,-181,False,DraftKings,1,-102,9,,,-1.5,Final,8.0,-118
MIL,2026-04-17T23:10Z,401814975,MIA,2026,Milwaukee Brewers,7,53.321003479999995,2026-04-17T11:07Z,Miami Marlins,5,-105,-105,-105,-115,-115,-115,False,DraftKings,1,-118,10,,,1.5,Final/10,8.0,-102
DET,2026-04-17T23:15Z,401814973,BOS,2026,Detroit Tigers,0,58.161508090000005,2026-04-17T11:07Z,Boston Red Sox,1,109,109,109,-131,-131,-131,False,DraftKings,1,-108,10,,,-1.5,Final/10,8.0,-112
CIN,2026-04-18T00:10Z,401814978,MIN,2026,Cincinnati Reds,2,68.43399594,2026-04-17T11:07Z,Minnesota Twins,1,141,141,144,-171,-171,-175,False,DraftKings,1,-110,9,,,-1.5,Final,8.5,-110
STL,2026-04-18T00:10Z,401814980,HOU,2026,St. Louis Cardinals,9,53.60599972,2026-04-17T11:07Z,Houston Astros,4,104,104,119,-126,-126,-143,False,DraftKings,1,-108,9,,,1.5,Final,9.0,-112
LAD,2026-04-18T00:40Z,401814981,COL,2026,Los Angeles Dodgers,7,32.81867752,2026-04-17T11:07Z,Colorado Rockies,1,-328,-328,-308,258,258,244,False,DraftKings,1,-108,9,,,1.5,Final,9.5,-112
SD,2026-04-18T01:38Z,401814983,LAA,2026,San Diego Padres,0,65.04852609,2026-04-17T11:07Z,Los Angeles Angels,8,113,113,123,-136,-136,-149,False,DraftKings,1,-106,9,,,-1.5,Final,8.5,-113
CHW,2026-04-18T01:40Z,401814982,ATH,2026,Chicago White Sox,9,64.61340559,2026-04-17T11:07Z,Athletics,2,135,135,129,-163,-163,-156,False,DraftKings,1,-105,9,,,-1.5,Final,9.0,-115
TEX,2026-04-18T01:40Z,401814984,SEA,2026,Texas Rangers,5,54.85957416,2026-04-17T11:07Z,Seattle Mariners,0,113,113,113,-136,-136,-136,False,DraftKings,1,-112,9,,,-1.5,Final,6.5,-108
TOR,2026-04-18T01:40Z,401814985,ARI,2026,Toronto Blue Jays,3,63.017213780000006,2026-04-17T11:07Z,Arizona Diamondbacks,6,119,119,119,-143,-143,-143,False,DraftKings,1,-122,9,,,-1.5,Final,8.5,102
KC,2026-04-18T17:35Z,401814989,NYY,2026,Kansas City Royals,4,62.94155843,2026-04-18T11:06Z,New York Yankees,13,139,139,135,-169,-169,-163,False,DraftKings,1,-107,9,,,-1.5,Final,8.0,-113
CIN,2026-04-18T18:10Z,401814993,MIN,2026,Cincinnati Reds,5,61.785620279999996,2026-04-18T11:06Z,Minnesota Twins,4,109,109,113,-131,-131,-136,False,DraftKings,1,-118,9,,,-1.5,Final,8.0,-102
NYM,2026-04-18T18:20Z,401814994,CHC,2026,New York Mets,2,55.14889302,2026-04-18T11:06Z,Chicago Cubs,4,-102,-102,-102,-118,-118,-118,False,DraftKings,1,-102,9,,,1.5,Final,8.5,-118
TB,2026-04-18T19:30Z,401814992,PIT,2026,Tampa Bay Rays,8,66.27037170999999,2026-04-18T11:06Z,Pittsburgh Pirates,7,133,133,139,-161,-161,-168,False,DraftKings,1,-102,13,,,-1.5,Final/13,7.5,-118
SF,2026-04-18T20:05Z,401814991,WSH,2026,San Francisco Giants,7,53.65089008,2026-04-18T11:06Z,Washington Nationals,6,-115,-115,-115,-105,-105,-105,False,DraftKings,1,-105,12,,,1.5,Final/12,9.5,-115
CHW,2026-04-18T20:05Z,401814997,ATH,2026,Chicago White Sox,6,65.64652729,2026-04-18T11:06Z,Athletics,7,135,135,135,-163,-163,-163,False,DraftKings,1,-120,11,,,-1.5,Final/11,9.0,100
DET,2026-04-18T20:10Z,401814988,BOS,2026,Detroit Tigers,4,38.83070067,2026-04-18T11:07Z,Boston Red Sox,1,-143,-143,-163,119,119,135,False,DraftKings,1,-118,9,,,1.5,Final,6.5,-102
MIL,2026-04-18T20:10Z,401814990,MIA,2026,Milwaukee Brewers,5,43.909180809999995,2026-04-18T11:06Z,Miami Marlins,2,100,100,100,-120,-120,-120,False,DraftKings,1,-102,9,,,1.5,Final,7.5,-118
BAL,2026-04-18T22:10Z,401814987,CLE,2026,Baltimore Orioles,2,55.61175826,2026-04-18T11:07Z,Cleveland Guardians,4,119,119,113,-143,-143,-136,False,DraftKings,1,103,9,,,-1.5,Final,7.5,-124
STL,2026-04-18T23:10Z,401814995,HOU,2026,St. Louis Cardinals,7,55.02465033,2026-04-18T11:07Z,Houston Astros,5,124,124,119,-149,-149,-143,False,DraftKings,1,-105,9,,,-1.5,Final,9.0,-115
ATL,2026-04-18T23:15Z,401814986,PHI,2026,Atlanta Braves,3,48.91574262,2026-04-18T11:06Z,Philadelphia Phillies,1,109,109,109,-132,-132,-131,False,DraftKings,1,-115,9,,,-1.5,Final,7.0,-105
TEX,2026-04-18T23:15Z,401814999,SEA,2026,Texas Rangers,3,51.25280261,2026-04-18T11:06Z,Seattle Mariners,7,119,119,123,-143,-143,-149,False,DraftKings,1,104,9,,,-1.5,Final,7.5,-125
LAD,2026-04-19T00:10Z,401814996,COL,2026,Los Angeles Dodgers,3,30.994065170000002,2026-04-18T11:07Z,Colorado Rockies,4,-293,-293,-286,234,234,229,False,DraftKings,1,-115,9,,,1.5,Final,10.5,-105
TOR,2026-04-19T00:10Z,401815000,ARI,2026,Toronto Blue Jays,2,66.07399202,2026-04-18T11:06Z,Arizona Diamondbacks,6,124,124,102,-150,-150,-122,False,DraftKings,1,-115,9,,,-1.5,Final,9.0,-105
SD,2026-04-19T01:38Z,401814998,LAA,2026,San Diego Padres,4,57.18008988,2026-04-18T11:07Z,Los Angeles Angels,1,-110,-110,-112,-110,-110,-108,False,DraftKings,1,102,9,,,1.5,Final,9.5,-123
KC,2026-04-19T17:35Z,401815004,NYY,2026,Kansas City Royals,0,55.42130012999999,2026-04-19T11:06Z,New York Yankees,7,119,119,123,-144,-144,-149,False,DraftKings,1,-108,9,,,-1.5,Final,8.0,-112
SF,2026-04-19T17:35Z,401815006,WSH,2026,San Francisco Giants,0,39.74410002,2026-04-19T11:07Z,Washington Nationals,3,-143,-143,-143,119,119,119,False,DraftKings,1,-115,9,,,1.5,Final,8.0,-105
TB,2026-04-19T17:35Z,401815007,PIT,2026,Tampa Bay Rays,3,62.7387378,2026-04-19T11:07Z,Pittsburgh Pirates,6,-105,-105,102,-115,-115,-122,False,DraftKings,1,-102,9,,,1.5,Final,8.0,-118
BAL,2026-04-19T17:40Z,401815002,CLE,2026,Baltimore Orioles,4,49.53717615,2026-04-19T11:06Z,Cleveland Guardians,8,100,100,-102,-120,-120,-118,False,DraftKings,1,-122,9,,,1.5,Final,6.5,102
MIL,2026-04-19T17:40Z,401815005,MIA,2026,Milwaukee Brewers,3,45.06507369,2026-04-19T11:07Z,Miami Marlins,5,-105,-105,-122,-115,-115,102,False,DraftKings,1,-112,9,,,1.5,Final,7.5,-108
CIN,2026-04-19T18:10Z,401815008,MIN,2026,Cincinnati Reds,7,55.717118619999994,2026-04-19T11:07Z,Minnesota Twins,4,-105,-105,104,-115,-115,-126,False,DraftKings,1,-112,10,,,1.5,Final/10,8.0,-108
STL,2026-04-19T18:10Z,401815010,HOU,2026,St. Louis Cardinals,7,55.968694080000006,2026-04-19T11:06Z,Houston Astros,5,128,128,119,-154,-154,-143,False,DraftKings,1,101,10,,,-1.5,Final/10,9.0,-121
NYM,2026-04-19T18:20Z,401815009,CHC,2026,New York Mets,1,57.396179839999995,2026-04-19T11:07Z,Chicago Cubs,2,119,119,104,-143,-143,-126,False,DraftKings,1,-105,10,,,-1.5,Final/10,8.0,-115
LAD,2026-04-19T19:10Z,401815011,COL,2026,Los Angeles Dodgers,6,39.41402514,2026-04-19T11:07Z,Colorado Rockies,9,-207,-207,-293,169,169,234,False,DraftKings,1,-110,9,,,1.5,Final,12.0,-110
CHW,2026-04-19T20:05Z,401815012,ATH,2026,Chicago White Sox,7,66.1120492,2026-04-19T11:06Z,Athletics,4,135,135,123,-163,-163,-149,False,DraftKings,1,-102,9,,,-1.5,Final,9.5,-118
SD,2026-04-19T20:07Z,401815013,LAA,2026,San Diego Padres,2,54.026361789999996,2026-04-19T11:07Z,Los Angeles Angels,1,-149,-149,-118,123,123,-102,False,DraftKings,1,-118,9,,,1.5,Final,9.0,-102
TEX,2026-04-19T20:10Z,401815014,SEA,2026,Texas Rangers,2,58.932129249999996,2026-04-19T11:06Z,Seattle Mariners,5,119,119,123,-143,-143,-149,False,DraftKings,1,102,9,,,-1.5,Final,7.5,-122
TOR,2026-04-19T20:10Z,401815015,ARI,2026,Toronto Blue Jays,10,59.51036276,2026-04-19T11:06Z,Arizona Diamondbacks,4,-117,-117,-112,-103,-103,-108,False,DraftKings,1,-108,9,,,1.5,Final,8.0,-112
DET,2026-04-19T20:35Z,401815003,BOS,2026,Detroit Tigers,6,56.29610456,2026-04-19T11:07Z,Boston Red Sox,2,119,119,119,-143,-143,-143,False,DraftKings,1,-115,9,,,-1.5,Final,7.0,-105
ATL,2026-04-19T23:20Z,401815001,PHI,2026,Atlanta Braves,4,45.34512503,2026-04-19T11:07Z,Philadelphia Phillies,2,-118,-118,100,-102,-102,-120,False,DraftKings,1,-105,9,,,1.5,Final,8.0,-115
DET,2026-04-20T15:10Z,401815018,BOS,2026,Detroit Tigers,6,56.80186724000001,2026-04-20T11:06Z,Boston Red Sox,8,113,113,113,-136,-136,-136,False,DraftKings,1,-102,9,,,-1.5,Final,8.5,-118
HOU,2026-04-20T22:10Z,401815019,CLE,2026,Houston Astros,9,53.36943797,2026-04-20T11:06Z,Cleveland Guardians,2,113,113,-105,-136,-136,-115,False,DraftKings,1,-126,9,,,-1.5,Final,7.0,104
CIN,2026-04-20T22:40Z,401815017,TB,2026,Cincinnati Reds,6,58.34521695,2026-04-20T11:06Z,Tampa Bay Rays,1,104,104,-105,-126,-126,-115,False,DraftKings,1,-115,9,,,1.5,Final,8.0,-105
STL,2026-04-20T22:40Z,401815020,MIA,2026,St. Louis Cardinals,3,52.96350164,2026-04-20T11:07Z,Miami Marlins,5,114,114,109,-137,-137,-131,False,DraftKings,1,-112,9,,,-1.5,Final,8.5,-108
ATL,2026-04-20T22:45Z,401815016,WSH,2026,Atlanta Braves,9,37.17815256,2026-04-20T11:06Z,Washington Nationals,4,-156,-156,-171,129,129,141,False,DraftKings,1,-112,9,,,1.5,Final,8.0,-108
BAL,2026-04-20T23:40Z,401815021,KC,2026,Baltimore Orioles,7,42.20765196,2026-04-20T11:06Z,Kansas City Royals,5,-115,-115,-118,-105,-105,-102,False,DraftKings,1,-108,12,,,1.5,Final/12,9.0,-112
PHI,2026-04-20T23:40Z,401815022,CHC,2026,Philadelphia Phillies,1,63.50925857000001,2026-04-20T11:06Z,Chicago Cubs,5,-108,-108,-115,-112,-112,-105,False,DraftKings,1,-115,9,,,1.5,Final,7.5,-105
LAD,2026-04-21T00:40Z,401815023,COL,2026,Los Angeles Dodgers,12,28.32684184,2026-04-20T11:06Z,Colorado Rockies,3,-199,-199,-267,163,163,214,False,DraftKings,1,-108,9,,,1.5,Final,12.0,-112
TOR,2026-04-21T01:38Z,401815025,LAA,2026,Toronto Blue Jays,5,58.69336351,2026-04-20T11:06Z,Los Angeles Angels,2,-115,-115,-126,-105,-105,104,False,DraftKings,1,-112,9,,,1.5,Final,7.5,-108
ATH,2026-04-21T01:40Z,401815024,SEA,2026,Athletics,6,55.760942179999994,2026-04-20T11:06Z,Seattle Mariners,4,124,124,135,-149,-149,-163,False,DraftKings,1,-112,9,,,-1.5,Final,8.0,-108
HOU,2026-04-21T22:10Z,401815028,CLE,2026,Houston Astros,5,63.75491934000001,2026-04-21T11:07Z,Cleveland Guardians,8,129,129,123,-156,-156,-149,False,DraftKings,1,101,9,,,-1.5,Final,9.0,-121
CIN,2026-04-21T22:40Z,401815027,TB,2026,Cincinnati Reds,12,50.26256174,2026-04-21T11:07Z,Tampa Bay Rays,6,-110,-110,-115,-110,-110,-105,False,DraftKings,1,-113,9,,,1.5,Final,7.5,-107
MIL,2026-04-21T22:40Z,401815029,DET,2026,Milwaukee Brewers,12,45.12698905,2026-04-21T11:07Z,Detroit Tigers,4,-108,-108,100,-112,-112,-120,False,DraftKings,1,-118,9,,,1.5,Final,8.0,-102
STL,2026-04-21T22:40Z,401815032,MIA,2026,St. Louis Cardinals,5,53.923575410000005,2026-04-21T11:07Z,Miami Marlins,3,102,102,-112,-122,-122,-108,False,DraftKings,1,-120,9,,,1.5,Final,8.5,100
ATL,2026-04-21T22:45Z,401815026,WSH,2026,Atlanta Braves,4,49.61330747,2026-04-21T11:07Z,Washington Nationals,11,-163,-163,-149,135,135,123,False,DraftKings,1,-115,9,,,1.5,Final,8.5,-105
NYY,2026-04-21T22:45Z,401815031,BOS,2026,New York Yankees,4,66.81874332,2026-04-21T11:07Z,Boston Red Sox,0,100,100,-102,-121,-121,-118,False,DraftKings,1,-105,9,,,1.5,Final,8.5,-115
MIN,2026-04-21T23:10Z,401815030,NYM,2026,Minnesota Twins,5,65.95443763,2026-04-21T11:07Z,New York Mets,3,135,135,141,-163,-163,-171,False,DraftKings,1,100,9,,,-1.5,Final,7.5,-120
BAL,2026-04-21T23:40Z,401815033,KC,2026,Baltimore Orioles,5,55.67698061,2026-04-21T11:07Z,Kansas City Royals,6,109,109,104,-131,-131,-126,False,DraftKings,1,-105,9,,,-1.5,Final,9.0,-115
PHI,2026-04-21T23:40Z,401815034,CHC,2026,Philadelphia Phillies,4,61.113453220000004,2026-04-21T11:07Z,Chicago Cubs,7,104,104,102,-126,-126,-122,False,DraftKings,1,-115,9,,,1.5,Final,8.5,-105
PIT,2026-04-22T00:05Z,401815035,TEX,2026,Pittsburgh Pirates,1,43.06223663,2026-04-21T11:07Z,Texas Rangers,5,-105,-105,100,-115,-115,-120,False,DraftKings,1,-110,9,,,1.5,Final,8.0,-110
SD,2026-04-22T00:40Z,401815036,COL,2026,San Diego Padres,1,42.68732721,2026-04-21T11:07Z,Colorado Rockies,0,-149,-149,-143,123,123,119,False,DraftKings,1,-112,9,,,1.5,Final,11.0,-108
TOR,2026-04-22T01:38Z,401815040,LAA,2026,Toronto Blue Jays,4,51.356856240000006,2026-04-21T11:07Z,Los Angeles Angels,2,-105,-105,-102,-115,-115,-118,False,DraftKings,1,-102,9,,,1.5,Final,9.0,-118
ATH,2026-04-22T01:40Z,401815037,SEA,2026,Athletics,5,57.974414249999995,2026-04-21T11:07Z,Seattle Mariners,2,143,143,144,-173,-173,-175,False,DraftKings,1,-105,9,,,-1.5,Final,8.0,-115
CHW,2026-04-22T01:40Z,401815038,ARI,2026,Chicago White Sox,11,70.76513687,2026-04-21T11:07Z,Arizona Diamondbacks,5,116,116,129,-140,-140,-156,False,DraftKings,1,-116,9,,,-1.5,Final,9.0,-104
LAD,2026-04-22T01:45Z,401815039,SF,2026,Los Angeles Dodgers,1,34.16763686,2026-04-21T11:07Z,San Francisco Giants,3,-175,-175,-226,144,144,184,False,DraftKings,1,-112,9,,,1.5,Final,7.5,-108
STL,2026-04-22T16:10Z,401815047,MIA,2026,St. Louis Cardinals,1,54.07412552,2026-04-22T11:07Z,Miami Marlins,4,129,129,109,-156,-156,-131,False,DraftKings,1,-102,9,,,-1.5,Final,8.5,-118
CIN,2026-04-22T17:10Z,401815042,TB,2026,Cincinnati Reds,1,56.37638181,2026-04-22T11:07Z,Tampa Bay Rays,6,119,119,113,-143,-143,-136,False,DraftKings,1,-105,9,,,-1.5,Final,8.5,-115
HOU,2026-04-22T17:10Z,401815043,CLE,2026,Houston Astros,2,53.560373510000005,2026-04-22T11:07Z,Cleveland Guardians,0,139,139,119,-168,-168,-143,False,DraftKings,1,-112,9,,,-1.5,Final,8.0,-108
BAL,2026-04-22T18:10Z,401815048,KC,2026,Baltimore Orioles,8,55.14004453,2026-04-22T11:07Z,Kansas City Royals,6,105,105,109,-126,-126,-131,False,DraftKings,1,-110,9,,,1.5,Final,9.5,-110
TOR,2026-04-22T19:07Z,401815055,LAA,2026,Toronto Blue Jays,3,66.37105890000001,2026-04-22T11:07Z,Los Angeles Angels,7,124,124,129,-150,-150,-156,False,DraftKings,1,-102,9,,,-1.5,Final,8.5,-118
ATH,2026-04-22T20:10Z,401815052,SEA,2026,Athletics,4,63.337362399999996,2026-04-22T11:07Z,Seattle Mariners,5,157,157,153,-192,-192,-186,False,DraftKings,1,-117,9,,,-1.5,Final,7.5,-103
MIL,2026-04-22T22:40Z,401815044,DET,2026,Milwaukee Brewers,2,43.893595590000004,2026-04-22T11:06Z,Detroit Tigers,5,113,113,113,-136,-136,-136,False,DraftKings,1,-105,9,,,-1.5,Final,8.0,-115
ATL,2026-04-22T22:45Z,401815041,WSH,2026,Atlanta Braves,8,41.83000519,2026-04-22T11:07Z,Washington Nationals,6,-168,-168,-149,139,139,123,False,DraftKings,1,-122,9,,,1.5,Final,9.0,102
NYY,2026-04-22T22:45Z,401815046,BOS,2026,New York Yankees,4,47.538444219999995,2026-04-22T11:06Z,Boston Red Sox,1,-131,-131,-136,109,109,113,False,DraftKings,1,-102,9,,,1.5,Final,7.5,-118
MIN,2026-04-22T23:10Z,401815045,NYM,2026,Minnesota Twins,2,57.50306395,2026-04-22T11:07Z,New York Mets,3,135,135,135,-163,-163,-163,False,DraftKings,1,-112,9,,,-1.5,Final,7.5,-108
PHI,2026-04-22T23:40Z,401815049,CHC,2026,Philadelphia Phillies,2,66.18569268,2026-04-22T11:07Z,Chicago Cubs,7,159,159,144,-193,-193,-175,False,DraftKings,1,-112,9,,,-1.5,Final,7.5,-108
PIT,2026-04-23T00:05Z,401815050,TEX,2026,Pittsburgh Pirates,8,45.027450540000004,2026-04-22T11:07Z,Texas Rangers,4,-118,-118,-112,-102,-102,-108,False,DraftKings,1,-117,9,,,1.5,Final,7.5,-103
SD,2026-04-23T00:40Z,401815051,COL,2026,San Diego Padres,3,48.44528688,2026-04-22T11:07Z,Colorado Rockies,8,-163,-163,-156,135,135,129,False,DraftKings,1,-115,9,,,1.5,Final,12.0,-105
CHW,2026-04-23T01:40Z,401815053,ARI,2026,Chicago White Sox,7,65.54897552,2026-04-22T11:06Z,Arizona Diamondbacks,11,123,123,119,-149,-149,-143,False,DraftKings,1,-108,9,,,-1.5,Final,9.0,-112
LAD,2026-04-23T01:45Z,401815054,SF,2026,Los Angeles Dodgers,0,28.4483149,2026-04-22T11:06Z,San Francisco Giants,3,-207,-207,-199,169,169,163,False,DraftKings,1,-118,9,,,1.5,Final,7.5,-102
ATL,2026-04-23T17:05Z,401815056,WSH,2026,Atlanta Braves,7,50.32645094,2026-04-23T11:07Z,Washington Nationals,2,-136,-136,-149,113,113,123,False,DraftKings,1,-115,9,,,1.5,Final,9.0,-105
MIL,2026-04-23T17:10Z,401815057,DET,2026,Milwaukee Brewers,4,65.34166895999999,2026-04-23T11:07Z,Detroit Tigers,5,189,189,179,-233,-233,-219,False,DraftKings,1,-117,9,,,-1.5,Final,7.0,-103
PHI,2026-04-23T18:20Z,401815060,CHC,2026,Philadelphia Phillies,7,57.9079163,2026-04-23T11:07Z,Chicago Cubs,8,-115,-115,-126,-105,-105,104,False,DraftKings,1,-105,10,,,1.5,Final/10,9.5,-115
SD,2026-04-23T19:10Z,401815062,COL,2026,San Diego Padres,10,53.98172449999999,2026-04-23T11:07Z,Colorado Rockies,8,-156,-156,-156,129,129,129,False,DraftKings,1,-112,9,,,1.5,Final,10.5,-108
CHW,2026-04-23T19:40Z,401815063,ARI,2026,Chicago White Sox,4,67.77948488999999,2026-04-23T11:07Z,Arizona Diamondbacks,1,123,123,123,-149,-149,-149,False,DraftKings,1,-102,9,,,-1.5,Final,8.5,-118
LAD,2026-04-23T19:45Z,401815064,SF,2026,Los Angeles Dodgers,3,44.39438668,2026-04-23T11:07Z,San Francisco Giants,0,-163,-163,-156,135,135,129,False,DraftKings,1,-102,9,,,1.5,Final,7.5,-118
NYY,2026-04-23T22:10Z,401815059,BOS,2026,New York Yankees,4,37.13789427,2026-04-23T11:07Z,Boston Red Sox,2,-156,-156,-156,129,129,129,False,DraftKings,1,-108,9,,,1.5,Final,7.5,-112
MIN,2026-04-23T23:10Z,401815058,NYM,2026,Minnesota Twins,8,43.663065880000005,2026-04-23T11:07Z,New York Mets,10,-105,-105,-112,-115,-115,-108,False,DraftKings,1,-115,9,,,1.5,Final,7.5,-105
PIT,2026-04-24T00:05Z,401815061,TEX,2026,Pittsburgh Pirates,1,54.09756709,2026-04-23T11:07Z,Texas Rangers,6,129,129,135,-156,-156,-163,False,DraftKings,1,-112,9,,,-1.5,Final,7.5,-108
DET,2026-04-24T22:40Z,401815068,CIN,2026,Detroit Tigers,8,50.141184179999996,2026-04-24T11:06Z,Cincinnati Reds,9,-115,-115,-126,-105,-105,104,False,DraftKings,1,-118,9,,,1.5,Final,9.0,-102
BOS,2026-04-24T23:05Z,401815065,BAL,2026,Boston Red Sox,3,56.591274489999996,2026-04-24T11:07Z,Baltimore Orioles,10,104,104,102,-126,-126,-122,False,DraftKings,1,-118,9,,,1.5,Final,8.5,-102
CLE,2026-04-24T23:07Z,401815066,TOR,2026,Cleveland Guardians,8,41.364245849999996,2026-04-24T11:06Z,Toronto Blue Jays,6,-121,-121,-136,100,100,113,False,DraftKings,1,-118,9,,,1.5,Final,8.0,-102
COL,2026-04-24T23:10Z,401815067,NYM,2026,Colorado Rockies,4,69.37717384999999,2026-04-24T11:06Z,New York Mets,3,169,169,169,-207,-207,-207,False,DraftKings,1,-124,9,,,-1.5,Final,7.0,103
MIN,2026-04-24T23:10Z,401815069,TB,2026,Minnesota Twins,2,53.077174910000004,2026-04-24T11:06Z,Tampa Bay Rays,6,119,119,104,-143,-143,-126,False,DraftKings,1,100,9,,,-1.5,Final,7.5,-120
PHI,2026-04-24T23:15Z,401815070,ATL,2026,Philadelphia Phillies,3,67.44134867,2026-04-24T11:06Z,Atlanta Braves,5,139,139,113,-168,-168,-136,False,DraftKings,1,-110,9,,,-1.5,Final,9.0,-110
LAA,2026-04-24T23:40Z,401815071,KC,2026,Los Angeles Angels,3,51.8391244,2026-04-24T11:06Z,Kansas City Royals,6,-108,-108,-105,-112,-112,-115,False,DraftKings,1,-105,9,,,1.5,Final,8.5,-115
PIT,2026-04-24T23:40Z,401815074,MIL,2026,Pittsburgh Pirates,6,54.7503701,2026-04-24T11:06Z,Milwaukee Brewers,0,-112,-112,-136,-108,-108,113,False,DraftKings,1,-110,9,,,1.5,Final,7.0,-110
WSH,2026-04-24T23:40Z,401815076,CHW,2026,Washington Nationals,4,57.62335941,2026-04-24T11:07Z,Chicago White Sox,5,109,109,104,-132,-132,-126,False,DraftKings,1,100,9,,,-1.5,Final,9.5,-121
ATH,2026-04-25T00:05Z,401815072,TEX,2026,Athletics,8,67.85880716,2026-04-24T11:06Z,Texas Rangers,1,117,117,129,-141,-141,-156,False,DraftKings,1,-110,9,,,-1.5,Final,8.0,-110
NYY,2026-04-25T00:10Z,401815073,HOU,2026,New York Yankees,12,44.15912886,2026-04-24T11:06Z,Houston Astros,4,-156,-156,-143,129,129,119,False,DraftKings,1,-115,9,,,1.5,Final,9.0,-105
SEA,2026-04-25T00:15Z,401815075,STL,2026,Seattle Mariners,3,46.306304999999995,2026-04-24T11:07Z,St. Louis Cardinals,2,-149,-149,-149,123,123,123,False,DraftKings,1,-112,9,,,1.5,Final,8.0,-108
CHC,2026-04-25T02:15Z,401815077,LAD,2026,Chicago Cubs,6,62.281191189999994,2026-04-24T11:06Z,Los Angeles Dodgers,4,129,129,135,-156,-156,-163,False,DraftKings,1,-115,9,,,-1.5,Final,9.0,-105
MIA,2026-04-25T02:15Z,401815078,SF,2026,Miami Marlins,9,51.9602219,2026-04-24T11:06Z,San Francisco Giants,4,-115,-115,-122,-105,-105,102,False,DraftKings,1,-115,9,,,1.5,Final,7.5,-105
BOS,2026-04-25T16:05Z,401815080,BAL,2026,Boston Red Sox,17,63.99301862,2026-04-25T11:07Z,Baltimore Orioles,1,103,103,-105,-124,-124,-115,False,DraftKings,1,-123,9,,,1.5,Final,7.0,102
SEA,2026-04-25T18:15Z,401815090,STL,2026,Seattle Mariners,11,48.99454344,2026-04-25T11:07Z,St. Louis Cardinals,9,-149,-149,-149,123,123,123,False,DraftKings,1,-108,9,,,1.5,Final,7.5,-112
CLE,2026-04-25T19:07Z,401815081,TOR,2026,Cleveland Guardians,3,53.36089303,2026-04-25T11:07Z,Toronto Blue Jays,5,123,123,119,-149,-149,-143,False,DraftKings,1,-118,9,,,-1.5,Final,7.0,-102
MIA,2026-04-25T20:05Z,401815093,SF,2026,Miami Marlins,2,53.83183580000001,2026-04-25T11:07Z,San Francisco Giants,6,-108,-108,104,-112,-112,-126,False,DraftKings,1,-110,9,,,1.5,Final,7.5,-110
MIN,2026-04-25T20:10Z,401815084,TB,2026,Minnesota Twins,1,52.009297700000005,2026-04-25T11:07Z,Tampa Bay Rays,6,113,113,109,-136,-136,-131,False,DraftKings,1,-105,9,,,-1.5,Final,8.5,-115
WSH,2026-04-25T20:10Z,401815091,CHW,2026,Washington Nationals,6,55.865233800000006,2026-04-25T11:07Z,Chicago White Sox,3,119,119,119,-143,-143,-143,False,DraftKings,1,-118,10,,,-1.5,Final/10,8.0,-102
SD,2026-04-25T22:05Z,401815094,ARI,2026,San Diego Padres,6,55.08837989999999,2026-04-25T11:07Z,Arizona Diamondbacks,4,-108,-108,-102,-112,-112,-118,True,DraftKings,1,-110,9,,,1.5,Final,16.0,-110
ATH,2026-04-25T23:05Z,401815087,TEX,2026,Athletics,3,59.67534814,2026-04-25T11:07Z,Texas Rangers,4,109,109,123,-132,-132,-149,False,DraftKings,1,-110,9,,,-1.5,Final,8.0,-110
LAA,2026-04-25T23:10Z,401815086,KC,2026,Los Angeles Angels,1,58.118625099999996,2026-04-25T11:07Z,Kansas City Royals,12,113,113,129,-136,-136,-156,False,DraftKings,1,100,9,,,-1.5,Final,9.0,-120
NYY,2026-04-25T23:10Z,401815088,HOU,2026,New York Yankees,8,48.88286389,2026-04-25T11:07Z,Houston Astros,3,-156,-156,-149,129,129,123,False,DraftKings,1,100,9,,,1.5,Final,9.5,-120
PIT,2026-04-25T23:10Z,401815089,MIL,2026,Pittsburgh Pirates,6,60.82425764,2026-04-25T11:07Z,Milwaukee Brewers,3,115,115,113,-138,-138,-136,False,DraftKings,1,-110,10,,,-1.5,Final/10,8.0,-110
DET,2026-04-25T23:15Z,401815083,CIN,2026,Detroit Tigers,2,52.001806890000005,2026-04-25T11:07Z,Cincinnati Reds,9,-112,-112,-112,-108,-108,-108,False,DraftKings,1,-105,9,,,1.5,Final,9.5,-115
PHI,2026-04-25T23:15Z,401815085,ATL,2026,Philadelphia Phillies,8,57.78686312,2026-04-25T11:07Z,Atlanta Braves,5,105,105,104,-127,-127,-126,False,DraftKings,1,-118,10,,,-1.5,Final/10,8.5,-102
CHC,2026-04-25T23:15Z,401815092,LAD,2026,Chicago Cubs,4,49.44688716,2026-04-25T11:07Z,Los Angeles Dodgers,12,109,109,129,-132,-132,-156,False,DraftKings,1,-102,9,,,-1.5,Final,9.5,-118
BOS,2026-04-26T17:35Z,401815095,BAL,2026,Boston Red Sox,5,54.4895617,2026-04-26T11:07Z,Baltimore Orioles,3,119,119,119,-143,-143,-143,False,DraftKings,1,-105,9,,,-1.5,Final,7.5,-115
PHI,2026-04-26T17:35Z,401815100,ATL,2026,Philadelphia Phillies,2,76.88360529,2026-04-26T11:06Z,Atlanta Braves,6,179,179,135,-219,-219,-163,False,DraftKings,1,-115,9,,,-1.5,Final,8.0,-105
CLE,2026-04-26T17:37Z,401815096,TOR,2026,Cleveland Guardians,2,55.506176360000005,2026-04-26T11:06Z,Toronto Blue Jays,4,104,104,113,-126,-126,-136,False,DraftKings,1,-118,9,,,1.5,Final,8.0,-102
COL,2026-04-26T17:40Z,401815097,NYM,2026,Colorado Rockies,3,74.6949262,2026-04-26T11:07Z,New York Mets,1,218,218,184,-271,-271,-226,False,DraftKings,1,-118,9,,,-1.5,Final,7.0,-102
DET,2026-04-26T17:40Z,401815098,CIN,2026,Detroit Tigers,8,58.75710360000001,2026-04-26T11:06Z,Cincinnati Reds,3,-112,-112,-110,-108,-108,-110,False,DraftKings,1,-110,9,,,1.5,Final,9.0,-110
MIN,2026-04-26T17:40Z,401815099,TB,2026,Minnesota Twins,2,62.57626731,2026-04-26T11:06Z,Tampa Bay Rays,4,119,119,119,-143,-143,-143,False,DraftKings,1,-115,9,,,-1.5,Final,8.5,-105
NYY,2026-04-26T18:10Z,401815103,HOU,2026,New York Yankees,4,51.20366154,2026-04-26T11:06Z,Houston Astros,7,-136,-136,-136,113,113,113,False,DraftKings,1,-110,9,,,1.5,Final,9.5,-110
PIT,2026-04-26T18:10Z,401815104,MIL,2026,Pittsburgh Pirates,0,55.16767497,2026-04-26T11:06Z,Milwaukee Brewers,5,100,100,109,-120,-120,-131,False,DraftKings,1,-108,9,,,1.5,Final,7.5,-112
WSH,2026-04-26T18:10Z,401815106,CHW,2026,Washington Nationals,2,48.08373549,2026-04-26T11:06Z,Chicago White Sox,1,102,102,104,-122,-122,-126,False,DraftKings,1,-105,10,,,1.5,Final/10,7.5,-115
SEA,2026-04-26T18:15Z,401815105,STL,2026,Seattle Mariners,3,57.67310784000001,2026-04-26T11:06Z,St. Louis Cardinals,2,-130,-130,-149,108,108,123,False,DraftKings,1,-115,9,,,1.5,Final,8.5,-105
ATH,2026-04-26T18:35Z,401815102,TEX,2026,Athletics,2,54.67363048,2026-04-26T11:06Z,Texas Rangers,1,103,103,104,-124,-124,-126,False,DraftKings,1,-115,9,,,-1.5,Final,8.5,-105
MIA,2026-04-26T20:05Z,401815108,SF,2026,Miami Marlins,3,58.01268569,2026-04-26T11:06Z,San Francisco Giants,6,102,102,109,-122,-122,-131,False,DraftKings,1,-105,9,,,1.5,Final,7.5,-115
SD,2026-04-26T20:05Z,401815109,ARI,2026,San Diego Padres,7,42.262977629999995,2026-04-26T11:06Z,Arizona Diamondbacks,12,-136,-136,-120,113,113,100,True,DraftKings,1,-112,9,,,1.5,Final,14.5,-108
LAA,2026-04-26T20:10Z,401815101,KC,2026,Los Angeles Angels,9,50.95676423,2026-04-26T11:06Z,Kansas City Royals,11,-108,-108,100,-112,-112,-120,False,DraftKings,1,-115,10,,,1.5,Final/10,8.5,-105
CHC,2026-04-26T20:10Z,401815107,LAD,2026,Chicago Cubs,0,66.95699578,2026-04-26T11:06Z,Los Angeles Dodgers,6,107,107,104,-128,-128,-126,False,DraftKings,1,-121,9,,,-1.5,Final,8.5,100
COL,2026-04-26T20:55Z,401870380,NYM,2026,Colorado Rockies,3,58.47674231,2026-04-26T11:07Z,New York Mets,0,139,139,159,-168,-168,-194,False,DraftKings,1,-115,9,,,-1.5,Final,7.0,-105
TB,2026-04-27T22:10Z,401815112,CLE,2026,Tampa Bay Rays,3,62.94465037,2026-04-27T11:06Z,Cleveland Guardians,2,119,119,119,-143,-143,-143,False,DraftKings,1,-118,9,,,-1.5,Final,8.0,-102
STL,2026-04-27T22:40Z,401815111,PIT,2026,St. Louis Cardinals,4,62.33235257999999,2026-04-27T11:06Z,Pittsburgh Pirates,2,-102,-102,113,-118,-118,-136,False,DraftKings,1,-110,9,,,1.5,Final,8.0,-110
BOS,2026-04-27T23:07Z,401815110,TOR,2026,Boston Red Sox,5,54.1254632,2026-04-27T11:06Z,Toronto Blue Jays,0,113,113,113,-136,-136,-136,False,DraftKings,1,-118,9,,,-1.5,Final,7.0,-102
LAA,2026-04-27T23:40Z,401815113,CHW,2026,Los Angeles Angels,7,52.620263789999996,2026-04-27T11:06Z,Chicago White Sox,8,106,106,-118,-128,-128,-102,False,DraftKings,1,-108,9,,,-1.5,Final,9.0,-112
SEA,2026-04-27T23:40Z,401815115,MIN,2026,Seattle Mariners,4,52.87495679999999,2026-04-27T11:06Z,Minnesota Twins,11,-122,-122,-126,102,102,104,False,DraftKings,1,-112,9,,,1.5,Final,9.0,-108
NYY,2026-04-28T00:05Z,401815114,TEX,2026,New York Yankees,4,38.96722899,2026-04-27T11:06Z,Texas Rangers,2,-163,-163,-181,135,135,149,False,DraftKings,1,-102,9,,,1.5,Final,8.0,-118
CHC,2026-04-28T01:40Z,401815116,SD,2026,Chicago Cubs,7,51.679469870000005,2026-04-27T11:06Z,San Diego Padres,9,100,100,-112,-120,-120,-108,False,DraftKings,1,-115,9,,,1.5,Final,7.5,-105
MIA,2026-04-28T02:10Z,401815117,LAD,2026,Miami Marlins,4,80.02914989,2026-04-27T11:06Z,Los Angeles Dodgers,5,229,229,238,-286,-286,-300,False,DraftKings,1,-108,9,,,-1.5,Final,8.5,-112
TB,2026-04-28T22:10Z,401815124,CLE,2026,Tampa Bay Rays,1,53.52015625999999,2026-04-28T11:06Z,Cleveland Guardians,0,109,109,102,-131,-131,-122,False,DraftKings,1,-115,9,,,-1.5,Final,7.5,-105
HOU,2026-04-28T22:35Z,401815121,BAL,2026,Houston Astros,3,48.691368229999995,2026-04-28T11:06Z,Baltimore Orioles,5,109,109,113,-131,-131,-136,False,DraftKings,1,-115,9,,,-1.5,Final,9.0,-105
COL,2026-04-28T22:40Z,401815119,CIN,2026,Colorado Rockies,2,69.10638747,2026-04-28T11:06Z,Cincinnati Reds,7,163,163,169,-199,-199,-207,False,DraftKings,1,-105,9,,,-1.5,Final,8.5,-115
SF,2026-04-28T22:40Z,401815122,PHI,2026,San Francisco Giants,0,54.63257747,2026-04-28T11:06Z,Philadelphia Phillies,7,135,135,135,-163,-163,-163,False,DraftKings,1,-112,9,,,-1.5,Final,8.0,-108
STL,2026-04-28T22:40Z,401815123,PIT,2026,St. Louis Cardinals,11,57.99789768,2026-04-28T11:06Z,Pittsburgh Pirates,7,133,133,135,-161,-161,-163,False,DraftKings,1,-105,9,,,-1.5,Final,8.5,-115
BOS,2026-04-28T23:07Z,401815118,TOR,2026,Boston Red Sox,0,60.67038267,2026-04-28T11:06Z,Toronto Blue Jays,3,-105,-105,104,-115,-115,-126,False,DraftKings,1,-118,9,,,1.5,Final,7.5,-102
WSH,2026-04-28T23:10Z,401815125,NYM,2026,Washington Nationals,0,64.53897484,2026-04-28T11:06Z,New York Mets,8,149,149,144,-181,-181,-175,False,DraftKings,1,-117,9,,,-1.5,Final,8.0,-103
DET,2026-04-28T23:15Z,401815120,ATL,2026,Detroit Tigers,2,60.256862590000004,2026-04-28T11:06Z,Atlanta Braves,5,102,102,109,-122,-122,-131,False,DraftKings,1,-120,9,,,1.5,Final,8.5,100
LAA,2026-04-28T23:40Z,401815126,CHW,2026,Los Angeles Angels,2,42.32152963,2026-04-28T11:06Z,Chicago White Sox,5,-137,-137,-143,114,114,119,False,DraftKings,1,-102,9,,,1.5,Final,7.5,-118
ARI,2026-04-28T23:40Z,401815127,MIL,2026,Arizona Diamondbacks,2,62.96297839,2026-04-28T11:06Z,Milwaukee Brewers,13,113,113,-110,-136,-136,-110,False,DraftKings,1,-112,9,,,-1.5,Final,8.0,-108
SEA,2026-04-28T23:40Z,401815129,MIN,2026,Seattle Mariners,7,56.72260474,2026-04-28T11:06Z,Minnesota Twins,1,-126,-126,-122,104,104,102,False,DraftKings,1,-102,9,,,1.5,Final,8.0,-118
NYY,2026-04-29T00:05Z,401815128,TEX,2026,New York Yankees,3,46.28457258,2026-04-28T11:06Z,Texas Rangers,2,-122,-122,-122,102,102,102,False,DraftKings,1,-125,9,,,1.5,Final,7.0,104
CHC,2026-04-29T01:40Z,401815130,SD,2026,Chicago Cubs,8,39.81081214,2026-04-28T11:06Z,San Diego Padres,3,-118,-118,-110,-102,-102,-110,False,DraftKings,1,-105,9,,,1.5,Final,8.5,-115
KC,2026-04-29T01:40Z,401815131,ATH,2026,Kansas City Royals,4,49.52371919,2026-04-28T11:06Z,Athletics,1,-110,-110,-118,-110,-110,-102,False,DraftKings,1,-102,10,,,1.5,Final/10,9.5,-118
MIA,2026-04-29T02:10Z,401815132,LAD,2026,Miami Marlins,2,76.85395468,2026-04-28T11:06Z,Los Angeles Dodgers,1,224,224,234,-280,-280,-293,False,DraftKings,1,-105,9,,,-1.5,Final,7.5,-115
TB,2026-04-29T17:10Z,401815139,CLE,2026,Tampa Bay Rays,1,53.262751630000004,2026-04-29T11:06Z,Cleveland Guardians,3,-101,-101,-102,-119,-119,-118,False,DraftKings,1,-108,9,,,1.5,Final,6.5,-112
LAA,2026-04-29T17:10Z,401815141,CHW,2026,Los Angeles Angels,2,48.31899247,2026-04-29T11:06Z,Chicago White Sox,3,-124,-124,-126,103,103,104,False,DraftKings,1,101,10,,,1.5,Final/10,9.0,-122
SEA,2026-04-29T17:40Z,401815144,MIN,2026,Seattle Mariners,5,50.51503194,2026-04-29T11:06Z,Minnesota Twins,3,-136,-136,-131,113,113,109,False,DraftKings,1,-115,9,,,1.5,Final,8.0,-105
NYY,2026-04-29T18:35Z,401815143,TEX,2026,New York Yankees,0,56.00960967,2026-04-29T11:06Z,Texas Rangers,3,-113,-113,-118,-107,-107,-102,False,DraftKings,1,-115,9,,,1.5,Final,8.5,-105
BOS,2026-04-29T19:07Z,401815133,TOR,2026,Boston Red Sox,1,57.723222240000005,2026-04-29T11:06Z,Toronto Blue Jays,8,-108,-108,109,-112,-112,-131,False,DraftKings,1,-118,9,,,1.5,Final,8.5,-102
MIA,2026-04-29T19:10Z,401815147,LAD,2026,Miami Marlins,3,71.28298907,2026-04-29T11:06Z,Los Angeles Dodgers,2,214,214,169,-267,-267,-207,False,DraftKings,1,-112,9,,,-1.5,Final,8.5,-108
CHC,2026-04-29T20:10Z,401815145,SD,2026,Chicago Cubs,5,41.396476250000006,2026-04-29T11:06Z,San Diego Padres,4,-105,-105,-110,-115,-115,-110,False,DraftKings,1,101,9,,,1.5,Final,9.0,-122
COL,2026-04-29T22:40Z,401815134,CIN,2026,Colorado Rockies,13,61.16245748,2026-04-29T11:06Z,Cincinnati Reds,2,138,138,123,-167,-167,-149,False,DraftKings,1,100,9,,,-1.5,Final,9.5,-121
STL,2026-04-29T22:40Z,401815138,PIT,2026,St. Louis Cardinals,5,63.680795589999995,2026-04-29T11:06Z,Pittsburgh Pirates,4,114,114,129,-137,-137,-156,False,DraftKings,1,-110,9,,,-1.5,Final,8.5,-110
WSH,2026-04-29T23:10Z,401815140,NYM,2026,Washington Nationals,14,56.37667951,2026-04-29T11:06Z,New York Mets,2,139,139,139,-169,-169,-168,False,DraftKings,1,100,9,,,-1.5,Final,7.5,-121
DET,2026-04-29T23:15Z,401815135,ATL,2026,Detroit Tigers,3,48.14160409,2026-04-29T11:06Z,Atlanta Braves,4,-143,-143,-149,119,119,123,False,DraftKings,1,-116,9,,,1.5,Final,8.0,-104
ARI,2026-04-29T23:40Z,401815142,MIL,2026,Arizona Diamondbacks,6,56.84195838,2026-04-29T11:06Z,Milwaukee Brewers,2,114,114,100,-137,-137,-120,False,DraftKings,1,-102,9,,,-1.5,Final,8.5,-118
KC,2026-04-30T01:40Z,401815146,ATH,2026,Kansas City Royals,2,48.74522356,2026-04-29T11:06Z,Athletics,5,100,100,100,-120,-120,-120,False,DraftKings,1,-108,9,,,1.5,Final,9.5,-112
DET,2026-04-30T16:15Z,401815149,ATL,2026,Detroit Tigers,5,61.26493853,2026-04-30T11:07Z,Atlanta Braves,2,105,105,-102,-126,-126,-118,False,DraftKings,1,-122,9,,,1.5,Final,8.5,101
HOU,2026-04-30T16:35Z,401815150,BAL,2026,Houston Astros,3,53.92603232,2026-04-30T11:07Z,Baltimore Orioles,10,113,113,100,-136,-136,-121,False,DraftKings,1,-115,9,,,-1.5,Final,9.0,-105
SF,2026-04-30T16:35Z,401815151,PHI,2026,San Francisco Giants,2,61.361766100000004,2026-04-30T11:07Z,Philadelphia Phillies,3,129,129,123,-156,-156,-149,False,DraftKings,1,-112,9,,,-1.5,Final,7.0,-108
STL,2026-04-30T16:35Z,401815152,PIT,2026,St. Louis Cardinals,10,69.46753308,2026-04-30T11:06Z,Pittsburgh Pirates,5,189,189,169,-232,-232,-207,False,DraftKings,1,-110,9,,,-1.5,Final,7.0,-110
COL,2026-04-30T16:40Z,401815148,CIN,2026,Colorado Rockies,4,62.06348756,2026-04-30T11:07Z,Cincinnati Reds,6,139,139,144,-169,-169,-175,False,DraftKings,1,-108,9,,,-1.5,Final,9.0,-112
WSH,2026-04-30T17:10Z,401815153,NYM,2026,Washington Nationals,5,66.68488847,2026-04-30T11:07Z,New York Mets,4,153,153,184,-186,-186,-226,False,DraftKings,1,-102,9,,,-1.5,Final,8.0,-118
ARI,2026-04-30T17:40Z,401815154,MIL,2026,Arizona Diamondbacks,1,61.13411318000001,2026-04-30T11:07Z,Milwaukee Brewers,13,114,114,104,-137,-137,-126,False,DraftKings,1,105,9,,,-1.5,Final,7.5,-126
KC,2026-04-30T19:05Z,401815156,ATH,2026,Kansas City Royals,3,54.96259763,2026-04-30T11:07Z,Athletics,6,104,104,104,-126,-126,-126,False,DraftKings,1,-122,9,,,1.5,Final,9.0,101
HOU,2026-04-30T19:55Z,401871088,BAL,2026,Houston Astros,11,57.38973384,2026-04-30T11:07Z,Baltimore Orioles,5,119,119,109,-144,-144,-132,False,DraftKings,1,-115,9,,,-1.5,Final,9.0,-105
SF,2026-04-30T21:35Z,401871107,PHI,2026,San Francisco Giants,5,50.70276362,2026-04-30T11:07Z,Philadelphia Phillies,6,119,119,114,-143,-143,-137,False,DraftKings,1,-105,10,,,-1.5,Final/10,8.5,-115
TOR,2026-04-30T23:40Z,401815155,MIN,2026,Toronto Blue Jays,1,49.82750083,2026-04-30T11:07Z,Minnesota Twins,7,-130,-130,-136,108,108,113,False,DraftKings,1,-102,9,,,1.5,Final,8.0,-118
ARI,2026-05-01T18:20Z,401815164,CHC,2026,Arizona Diamondbacks,5,58.713770610000005,2026-05-01T11:07Z,Chicago Cubs,6,123,123,113,-149,-149,-136,False,DraftKings,1,-110,9,,,-1.5,Final,7.0,-110
TEX,2026-05-01T22:40Z,401815163,DET,2026,Texas Rangers,5,53.378032389999994,2026-05-01T11:06Z,Detroit Tigers,4,103,103,-105,-124,-124,-115,False,DraftKings,1,-112,9,,,1.5,Final,8.0,-108
CIN,2026-05-01T22:45Z,401815158,PIT,2026,Cincinnati Reds,1,59.65007761,2026-05-01T11:06Z,Pittsburgh Pirates,9,117,117,104,-141,-141,-126,False,DraftKings,1,-118,9,,,-1.5,Final,8.0,-102
MIL,2026-05-01T22:45Z,401815160,WSH,2026,Milwaukee Brewers,6,36.262353739999995,2026-05-01T11:06Z,Washington Nationals,1,-163,-163,-163,135,135,135,False,DraftKings,1,-105,9,,,1.5,Final,8.0,-115
BAL,2026-05-01T23:05Z,401815157,NYY,2026,Baltimore Orioles,2,61.18610163,2026-05-01T11:07Z,New York Yankees,7,153,153,144,-186,-186,-175,False,DraftKings,1,101,9,,,-1.5,Final,9.0,-122
HOU,2026-05-01T23:10Z,401815159,BOS,2026,Houston Astros,1,50.58806285000001,2026-05-01T11:07Z,Boston Red Sox,3,102,102,-105,-122,-122,-115,False,DraftKings,1,-112,9,,,1.5,Final,9.0,-108
PHI,2026-05-01T23:10Z,401815161,MIA,2026,Philadelphia Phillies,6,47.83683735,2026-05-01T11:07Z,Miami Marlins,5,-115,-115,-131,-105,-105,109,False,DraftKings,1,-118,9,,,1.5,Final,7.5,-102
SF,2026-05-01T23:10Z,401815162,TB,2026,San Francisco Giants,0,49.892456689999996,2026-05-01T11:06Z,Tampa Bay Rays,3,113,113,113,-136,-136,-136,False,DraftKings,1,-110,9,,,-1.5,Final,7.5,-110
TOR,2026-05-02T00:10Z,401815166,MIN,2026,Toronto Blue Jays,7,55.174148329999994,2026-05-01T11:06Z,Minnesota Twins,3,-110,-110,-108,-110,-110,-112,False,DraftKings,1,-118,9,,,1.5,Final,8.5,-102
LAD,2026-05-02T00:15Z,401815165,STL,2026,Los Angeles Dodgers,2,41.961252449999996,2026-05-01T11:06Z,St. Louis Cardinals,7,-175,-175,-181,144,144,149,False,DraftKings,1,-102,9,,,1.5,Final,8.5,-118
ATL,2026-05-02T00:40Z,401815167,COL,2026,Atlanta Braves,8,38.98045812,2026-05-01T11:06Z,Colorado Rockies,6,-171,-171,-199,141,141,163,False,DraftKings,1,-102,9,,,1.5,Final,11.0,-119
NYM,2026-05-02T01:38Z,401815171,LAA,2026,New York Mets,4,55.221792709999995,2026-05-01T11:06Z,Los Angeles Angels,3,-105,-105,-126,-115,-115,104,False,DraftKings,1,-112,9,,,1.5,Final,9.0,-108
CHW,2026-05-02T01:40Z,401815168,SD,2026,Chicago White Sox,8,59.36049723,2026-05-01T11:06Z,San Diego Padres,2,124,124,119,-149,-149,-143,False,DraftKings,1,-117,9,,,-1.5,Final,8.0,-103
CLE,2026-05-02T01:40Z,401815169,ATH,2026,Cleveland Guardians,8,50.50274708,2026-05-01T11:06Z,Athletics,5,-118,-118,-102,-102,-102,-118,False,DraftKings,1,-105,9,,,1.5,Final,9.5,-115
KC,2026-05-02T01:45Z,401815170,SEA,2026,Kansas City Royals,7,57.60850729,2026-05-01T11:06Z,Seattle Mariners,6,113,113,129,-136,-136,-156,False,DraftKings,1,-112,9,,,-1.5,Final,7.0,-108
BAL,2026-05-02T17:35Z,401815172,NYY,2026,Baltimore Orioles,4,52.17765355,2026-05-02T11:07Z,New York Yankees,9,141,141,129,-171,-171,-156,False,DraftKings,1,-115,9,,,-1.5,Final,8.5,-105
TOR,2026-05-02T18:10Z,401815181,MIN,2026,Toronto Blue Jays,11,51.364163090000005,2026-05-02T11:07Z,Minnesota Twins,4,-143,-143,-136,119,119,113,False,DraftKings,1,-105,9,,,1.5,Final,8.0,-115
ARI,2026-05-02T18:20Z,401815179,CHC,2026,Arizona Diamondbacks,0,62.28535008,2026-05-02T11:07Z,Chicago Cubs,2,141,141,135,-171,-171,-163,False,DraftKings,1,-122,9,,,-1.5,Final,7.0,102
CIN,2026-05-02T20:05Z,401815173,PIT,2026,Cincinnati Reds,7,61.59261223,2026-05-02T11:06Z,Pittsburgh Pirates,17,117,117,119,-141,-141,-143,False,DraftKings,1,-115,9,,,-1.5,Final,8.0,-105
MIL,2026-05-02T20:05Z,401815175,WSH,2026,Milwaukee Brewers,4,46.002432459999994,2026-05-02T11:06Z,Washington Nationals,1,-137,-137,-136,114,114,113,False,DraftKings,1,-115,9,,,1.5,Final,7.5,-105
CLE,2026-05-02T20:05Z,401815184,ATH,2026,Cleveland Guardians,14,57.82666833,2026-05-02T11:06Z,Athletics,6,115,115,113,-138,-138,-136,False,DraftKings,1,-108,9,,,-1.5,Final,10.5,-112
HOU,2026-05-02T20:10Z,401815174,BOS,2026,Houston Astros,6,65.27704129,2026-05-02T11:07Z,Boston Red Sox,3,117,117,119,-141,-141,-143,False,DraftKings,1,-105,9,,,-1.5,Final,9.0,-115
PHI,2026-05-02T20:10Z,401815176,MIA,2026,Philadelphia Phillies,0,60.62365859,2026-05-02T11:06Z,Miami Marlins,4,108,108,100,-130,-130,-120,False,DraftKings,1,-120,9,,,-1.5,Final,8.5,100
SF,2026-05-02T22:10Z,401815177,TB,2026,San Francisco Giants,1,59.14321143,2026-05-02T11:06Z,Tampa Bay Rays,5,-113,-113,-120,-107,-107,100,False,DraftKings,1,-108,9,,,1.5,Final,7.5,-112
TEX,2026-05-02T23:15Z,401815178,DET,2026,Texas Rangers,1,54.70057157,2026-05-02T11:06Z,Detroit Tigers,5,113,113,109,-136,-136,-131,False,DraftKings,1,-115,9,,,-1.5,Final,8.0,-105
LAD,2026-05-02T23:15Z,401815180,STL,2026,Los Angeles Dodgers,2,55.928741169999995,2026-05-02T11:07Z,St. Louis Cardinals,3,-131,-131,-149,109,109,123,False,DraftKings,1,100,9,,,1.5,Final,9.0,-120
ATL,2026-05-03T00:10Z,401815182,COL,2026,Atlanta Braves,9,29.525849259999998,2026-05-02T11:06Z,Colorado Rockies,1,-219,-219,-220,179,179,179,False,DraftKings,1,-110,9,,,1.5,Final,9.5,-110
CHW,2026-05-03T00:40Z,401815183,SD,2026,Chicago White Sox,4,70.64422418000001,2026-05-02T11:07Z,San Diego Padres,0,157,157,179,-192,-192,-219,False,DraftKings,1,-107,9,,,-1.5,Final,8.0,-113
NYM,2026-05-03T01:38Z,401815186,LAA,2026,New York Mets,3,49.56784489,2026-05-02T11:07Z,Los Angeles Angels,4,-122,-122,-136,102,102,113,False,DraftKings,1,-118,10,,,1.5,Final/10,7.5,-102
KC,2026-05-03T01:40Z,401815185,SEA,2026,Kansas City Royals,3,56.44781243,2026-05-02T11:07Z,Seattle Mariners,2,119,119,129,-143,-143,-156,False,DraftKings,1,-105,10,,,-1.5,Final/10,8.0,-115
TOR,2026-05-03T16:45Z,401815196,MIN,2026,Toronto Blue Jays,3,55.397158469999994,2026-05-03T11:06Z,Minnesota Twins,4,-105,-105,-105,-115,-115,-115,False,DraftKings,1,-112,9,,,1.5,Final,8.0,-108
BAL,2026-05-03T17:35Z,401815187,NYY,2026,Baltimore Orioles,3,70.25152195999999,2026-05-03T11:06Z,New York Yankees,11,229,229,179,-286,-286,-219,False,DraftKings,1,-102,9,,,-1.5,Final,9.0,-118
CIN,2026-05-03T17:35Z,401815188,PIT,2026,Cincinnati Reds,0,58.20591829,2026-05-03T11:07Z,Pittsburgh Pirates,1,105,105,104,-126,-126,-126,False,DraftKings,1,-108,9,,,1.5,Final,7.5,-112
HOU,2026-05-03T17:35Z,401815189,BOS,2026,Houston Astros,3,67.25012552,2026-05-03T11:07Z,Boston Red Sox,1,149,149,135,-181,-181,-163,False,DraftKings,1,-120,10,,,-1.5,Final/10,8.5,100
MIL,2026-05-03T17:35Z,401815190,WSH,2026,Milwaukee Brewers,2,37.51968627,2026-05-03T11:07Z,Washington Nationals,3,-149,-149,-136,123,123,113,False,DraftKings,1,-112,9,,,1.5,Final,8.5,-108
PHI,2026-05-03T17:40Z,401815191,MIA,2026,Philadelphia Phillies,7,45.66188237,2026-05-03T11:07Z,Miami Marlins,2,-135,-135,-143,112,112,119,False,DraftKings,1,-115,9,,,1.5,Final,8.0,-105
SF,2026-05-03T17:40Z,401815192,TB,2026,San Francisco Giants,1,60.06442341,2026-05-03T11:07Z,Tampa Bay Rays,2,107,107,102,-128,-128,-122,False,DraftKings,1,-112,10,,,-1.5,Final/10,8.0,-108
LAD,2026-05-03T18:15Z,401815195,STL,2026,Los Angeles Dodgers,4,34.3016047,2026-05-03T11:07Z,St. Louis Cardinals,1,-143,-143,-143,119,119,119,False,DraftKings,1,-102,9,,,1.5,Final,10.0,-118
ARI,2026-05-03T18:20Z,401815194,CHC,2026,Arizona Diamondbacks,4,62.129540049999996,2026-05-03T11:06Z,Chicago Cubs,8,129,129,129,-156,-156,-156,False,DraftKings,1,-109,9,,,-1.5,Final,12.0,-111
ATL,2026-05-03T19:10Z,401815197,COL,2026,Atlanta Braves,11,43.360275259999995,2026-05-03T11:07Z,Colorado Rockies,6,-143,-143,-175,119,119,144,False,DraftKings,1,-105,9,,,1.5,Final,10.0,-115
CLE,2026-05-03T20:05Z,401815199,ATH,2026,Cleveland Guardians,1,43.52164073,2026-05-03T11:07Z,Athletics,7,-126,-126,-120,104,104,100,False,DraftKings,1,-122,9,,,1.5,Final,9.0,101
NYM,2026-05-03T20:07Z,401815201,LAA,2026,New York Mets,5,43.24754652,2026-05-03T11:06Z,Los Angeles Angels,1,-136,-136,-131,113,113,109,False,DraftKings,1,-105,9,,,1.5,Final,9.0,-115
CHW,2026-05-03T20:10Z,401815198,SD,2026,Chicago White Sox,3,68.08228701,2026-05-03T11:06Z,San Diego Padres,4,138,138,149,-167,-167,-181,False,DraftKings,1,-116,9,,,-1.5,Final,8.0,-104
KC,2026-05-03T20:10Z,401815200,SEA,2026,Kansas City Royals,4,50.111312350000006,2026-05-03T11:06Z,Seattle Mariners,1,-105,-105,109,-115,-115,-131,False,DraftKings,1,-117,9,,,1.5,Final,7.5,-103
TEX,2026-05-03T23:20Z,401815193,DET,2026,Texas Rangers,1,55.06600908,2026-05-03T11:07Z,Detroit Tigers,7,100,100,-105,-120,-120,-115,False,DraftKings,1,-102,9,,,1.5,Final,8.5,-118
NYM,2026-05-04T21:40Z,401815210,COL,2026,New York Mets,4,49.440819479999995,2026-05-04T11:06Z,Colorado Rockies,2,-149,-149,-149,123,123,123,False,DraftKings,1,-118,9,,,1.5,Final,10.5,-102
BOS,2026-05-04T22:10Z,401815203,DET,2026,Boston Red Sox,5,73.91043564,2026-05-04T11:06Z,Detroit Tigers,4,-126,-126,179,104,104,-219,False,DraftKings,1,-118,9,,,1.5,Final,8.0,-102
PHI,2026-05-04T22:40Z,401815204,MIA,2026,Philadelphia Phillies,1,66.12179963,2026-05-04T11:06Z,Miami Marlins,0,-105,-105,-118,-115,-115,-102,False,DraftKings,1,-112,9,,,1.5,Final,8.5,-108
TOR,2026-05-04T22:40Z,401815205,TB,2026,Toronto Blue Jays,1,59.49161701,2026-05-04T11:06Z,Tampa Bay Rays,5,109,109,-105,-131,-131,-115,False,DraftKings,1,-110,9,,,-1.5,Final,8.0,-110
BAL,2026-05-04T23:05Z,401815202,NYY,2026,Baltimore Orioles,1,71.42565519,2026-05-04T11:06Z,New York Yankees,12,189,189,163,-232,-232,-199,False,DraftKings,1,-105,9,,,-1.5,Final,8.5,-115
CIN,2026-05-04T23:10Z,401815206,CHC,2026,Cincinnati Reds,4,83.57137517,2026-05-04T11:06Z,Chicago Cubs,5,183,183,163,-225,-225,-199,False,DraftKings,1,-108,9,,,-1.5,Final,11.5,-112
CLE,2026-05-04T23:40Z,401815207,KC,2026,Cleveland Guardians,2,55.971993620000006,2026-05-04T11:06Z,Kansas City Royals,6,-102,-102,104,-118,-118,-126,False,DraftKings,1,-115,9,,,1.5,Final,9.0,-105
MIL,2026-05-04T23:45Z,401815209,STL,2026,Milwaukee Brewers,3,46.199169229999995,2026-05-04T11:06Z,St. Louis Cardinals,6,-126,-126,-115,105,105,-105,False,DraftKings,1,-108,9,,,1.5,Final,9.0,-112
LAD,2026-05-05T00:10Z,401815208,HOU,2026,Los Angeles Dodgers,8,46.84593935,2026-05-04T11:06Z,Houston Astros,3,-199,-199,-199,163,163,163,False,DraftKings,1,-115,9,,,1.5,Final,9.0,-105
CHW,2026-05-05T01:38Z,401815212,LAA,2026,Chicago White Sox,6,64.55352914,2026-05-04T11:06Z,Los Angeles Angels,0,133,133,129,-161,-161,-156,False,DraftKings,1,-118,9,,,-1.5,Final,7.5,-102
ATL,2026-05-05T01:40Z,401815211,SEA,2026,Atlanta Braves,4,53.111587029999995,2026-05-04T11:06Z,Seattle Mariners,5,119,119,149,-143,-143,-181,False,DraftKings,1,-108,9,,,-1.5,Final,8.0,-112
SD,2026-05-05T01:45Z,401815213,SF,2026,San Diego Padres,2,56.16077039,2026-05-04T11:06Z,San Francisco Giants,3,-130,-130,-149,108,108,123,False,DraftKings,1,-108,9,,,1.5,Final,8.0,-112
ATH,2026-05-05T22:40Z,401815214,PHI,2026,Athletics,1,66.16587374000001,2026-05-05T11:06Z,Philadelphia Phillies,9,179,179,146,-219,-219,-177,False,DraftKings,1,-120,9,,,-1.5,Final,9.0,100
BAL,2026-05-05T22:40Z,401815215,MIA,2026,Baltimore Orioles,9,55.1037034,2026-05-05T11:06Z,Miami Marlins,7,115,115,100,-138,-138,-121,False,DraftKings,1,-110,9,,,-1.5,Final,8.5,-110
BOS,2026-05-05T22:40Z,401815216,DET,2026,Boston Red Sox,10,61.854549199999994,2026-05-05T11:06Z,Detroit Tigers,3,133,133,159,-161,-161,-194,False,DraftKings,1,-105,9,,,-1.5,Final,8.5,-115
TOR,2026-05-05T22:40Z,401815219,TB,2026,Toronto Blue Jays,3,56.29894211999999,2026-05-05T11:06Z,Tampa Bay Rays,4,104,104,102,-126,-126,-122,False,DraftKings,1,102,9,,,1.5,Final,7.0,-122
MIN,2026-05-05T22:45Z,401815217,WSH,2026,Minnesota Twins,11,53.232232069999995,2026-05-05T11:06Z,Washington Nationals,3,-118,-118,-102,-102,-102,-118,False,DraftKings,1,-112,9,,,1.5,Final,9.5,-108
TEX,2026-05-05T23:05Z,401815218,NYY,2026,Texas Rangers,4,54.96255474,2026-05-05T11:07Z,New York Yankees,7,113,113,100,-136,-136,-121,False,DraftKings,1,-102,9,,,-1.5,Final,9.0,-118
CIN,2026-05-05T23:40Z,401815220,CHC,2026,Cincinnati Reds,2,63.07428299,2026-05-05T11:06Z,Chicago Cubs,3,137,137,135,-166,-166,-163,False,DraftKings,1,-115,10,,,-1.5,Final/10,8.0,-105
CLE,2026-05-05T23:40Z,401815221,KC,2026,Cleveland Guardians,3,50.34796728999999,2026-05-05T11:07Z,Kansas City Royals,5,-118,-118,-126,-102,-102,104,False,DraftKings,1,-105,9,,,1.5,Final,7.5,-115
LAD,2026-05-06T00:10Z,401815222,HOU,2026,Los Angeles Dodgers,1,32.70334331,2026-05-05T11:07Z,Houston Astros,2,-227,-227,-207,184,184,169,False,DraftKings,1,-105,9,,,1.5,Final,8.5,-115
CHW,2026-05-06T01:38Z,401815226,LAA,2026,Chicago White Sox,3,63.063742239999996,2026-05-05T11:07Z,Los Angeles Angels,4,-103,-103,-105,-117,-117,-115,False,DraftKings,1,-110,9,,,1.5,Final,9.0,-110
ATL,2026-05-06T01:40Z,401815225,SEA,2026,Atlanta Braves,3,49.707039720000004,2026-05-05T11:07Z,Seattle Mariners,2,109,109,123,-131,-131,-149,False,DraftKings,1,-105,9,,,-1.5,Final,8.0,-115
PIT,2026-05-06T01:40Z,401815227,ARI,2026,Pittsburgh Pirates,0,49.78170923,2026-05-05T11:06Z,Arizona Diamondbacks,9,108,108,102,-130,-130,-122,False,DraftKings,1,-110,9,,,-1.5,Final,9.0,-110
SD,2026-05-06T01:45Z,401815228,SF,2026,San Diego Padres,10,64.46540531,2026-05-05T11:06Z,San Francisco Giants,5,123,123,111,-149,-149,-134,False,DraftKings,1,-108,9,,,-1.5,Final,7.5,-112
TOR,2026-05-06T17:10Z,401815234,TB,2026,Toronto Blue Jays,0,57.145338779999996,2026-05-06T11:06Z,Tampa Bay Rays,3,124,124,123,-149,-149,-149,False,DraftKings,1,-115,9,,,-1.5,Final,7.5,-105
MIL,2026-05-06T17:15Z,401815238,STL,2026,Milwaukee Brewers,6,50.6829855,2026-05-06T11:06Z,St. Louis Cardinals,2,-115,-115,-119,-105,-105,100,False,DraftKings,1,-115,9,,,1.5,Final,7.5,-105
LAD,2026-05-06T18:10Z,401815237,HOU,2026,Los Angeles Dodgers,12,33.908565089999996,2026-05-06T11:06Z,Houston Astros,2,-219,-219,-226,179,179,184,False,DraftKings,1,-115,9,,,1.5,Final,8.5,-105
SD,2026-05-06T19:45Z,401815243,SF,2026,San Diego Padres,5,57.23792133,2026-05-06T11:06Z,San Francisco Giants,1,-102,-102,-112,-118,-118,-108,False,DraftKings,1,-105,9,,,1.5,Final,8.5,-115
CHW,2026-05-06T20:07Z,401815241,LAA,2026,Chicago White Sox,2,55.846278559999995,2026-05-06T11:06Z,Los Angeles Angels,8,-113,-113,-118,-107,-107,-102,False,DraftKings,1,-105,9,,,1.5,Final,9.0,-115
ATL,2026-05-06T20:10Z,401815240,SEA,2026,Atlanta Braves,1,50.45968032,2026-05-06T11:06Z,Seattle Mariners,3,117,117,113,-141,-141,-136,False,DraftKings,1,-115,9,,,-1.5,Final,8.0,-105
ATH,2026-05-06T22:40Z,401815229,PHI,2026,Athletics,3,68.13398441000001,2026-05-06T11:06Z,Philadelphia Phillies,6,135,135,153,-163,-163,-186,False,DraftKings,1,-118,9,,,-1.5,Final,8.0,-102
BAL,2026-05-06T22:40Z,401815230,MIA,2026,Baltimore Orioles,7,61.45782997,2026-05-06T11:06Z,Miami Marlins,4,109,109,109,-131,-131,-131,False,DraftKings,1,-105,9,,,-1.5,Final,8.5,-115
BOS,2026-05-06T22:40Z,401815231,DET,2026,Boston Red Sox,4,50.99411916,2026-05-06T11:06Z,Detroit Tigers,0,-110,-110,104,-110,-110,-126,False,DraftKings,1,-108,9,,,1.5,Final,8.5,-112
MIN,2026-05-06T22:45Z,401815232,WSH,2026,Minnesota Twins,2,44.33581387,2026-05-06T11:06Z,Washington Nationals,15,-126,-126,-136,105,105,113,False,DraftKings,1,-105,9,,,1.5,Final,9.5,-115
TEX,2026-05-06T23:05Z,401815233,NYY,2026,Texas Rangers,6,62.453463379999995,2026-05-06T11:06Z,New York Yankees,1,141,141,163,-171,-171,-199,False,DraftKings,1,-112,9,,,-1.5,Final,8.5,-108
CIN,2026-05-06T23:40Z,401815235,CHC,2026,Cincinnati Reds,6,64.70575466,2026-05-06T11:06Z,Chicago Cubs,7,140,140,139,-169,-169,-168,False,DraftKings,1,-117,10,,,-1.5,Final/10,8.0,-103
CLE,2026-05-06T23:40Z,401815236,KC,2026,Cleveland Guardians,3,55.95948666,2026-05-06T11:06Z,Kansas City Royals,1,117,117,113,-141,-141,-136,False,DraftKings,1,-102,9,,,-1.5,Final,7.5,-118
NYM,2026-05-07T01:20Z,401815239,COL,2026,New York Mets,10,42.33472828,2026-05-06T11:06Z,Colorado Rockies,5,-161,-161,-168,133,133,139,False,DraftKings,1,-105,9,,,1.5,Final,9.5,-115
PIT,2026-05-07T01:40Z,401815242,ARI,2026,Pittsburgh Pirates,1,43.12113144,2026-05-06T11:06Z,Arizona Diamondbacks,0,-132,-132,-156,109,109,129,False,DraftKings,1,-115,9,,,1.5,Final,7.5,-105
TEX,2026-05-07T16:35Z,401815248,NYY,2026,Texas Rangers,2,59.91711624,2026-05-07T11:06Z,New York Yankees,9,131,131,159,-158,-158,-194,False,DraftKings,1,-115,9,,,-1.5,Final,8.5,-105
MIN,2026-05-07T17:05Z,401815246,WSH,2026,Minnesota Twins,5,53.223945459999996,2026-05-07T11:06Z,Washington Nationals,7,104,104,-112,-126,-126,-108,False,DraftKings,1,101,9,,,1.5,Final,9.5,-121
CLE,2026-05-07T18:10Z,401815250,KC,2026,Cleveland Guardians,8,59.54745152,2026-05-07T11:06Z,Kansas City Royals,5,104,104,119,-126,-126,-143,False,DraftKings,1,-112,9,,,-1.5,Final,9.5,-108
CIN,2026-05-07T18:20Z,401815249,CHC,2026,Cincinnati Reds,3,68.34272484,2026-05-07T11:06Z,Chicago Cubs,8,169,169,159,-207,-207,-194,False,DraftKings,1,100,9,,,-1.5,Final,9.0,-120
NYM,2026-05-07T19:10Z,401871498,COL,2026,New York Mets,2,49.98224467,2026-05-07T11:06Z,Colorado Rockies,6,-136,-136,-149,113,113,123,False,DraftKings,1,-105,9,,,1.5,Final,11.0,-115
PIT,2026-05-07T19:40Z,401815251,ARI,2026,Pittsburgh Pirates,4,49.348284590000006,2026-05-07T11:06Z,Arizona Diamondbacks,2,-103,-103,-115,-117,-117,-105,False,DraftKings,1,-120,9,,,1.5,Final,8.5,100
ATH,2026-05-07T22:40Z,401815244,PHI,2026,Athletics,12,54.217400149999996,2026-05-07T11:06Z,Philadelphia Phillies,1,114,114,113,-137,-137,-136,False,DraftKings,1,-118,9,,,-1.5,Final,9.0,-102
BAL,2026-05-07T22:40Z,401815245,MIA,2026,Baltimore Orioles,3,56.96284331,2026-05-07T11:06Z,Miami Marlins,4,104,104,104,-126,-126,-126,False,DraftKings,1,-105,9,,,-1.5,Final,8.5,-115
TB,2026-05-07T23:00Z,401815247,BOS,2026,Tampa Bay Rays,8,47.55185201,2026-05-07T11:06Z,Boston Red Sox,4,100,100,100,-121,-121,-120,False,DraftKings,1,-108,9,,,1.5,Final,8.5,-112
STL,2026-05-08T02:00Z,401815252,SD,2026,St. Louis Cardinals,2,61.809067569999996,2026-05-07T11:06Z,San Diego Padres,1,139,139,144,-169,-169,-175,False,DraftKings,1,-110,9,,,-1.5,Final,8.0,-110
HOU,2026-05-08T22:10Z,401815256,CIN,2026,Houston Astros,10,57.75855238,2026-05-08T11:06Z,Cincinnati Reds,0,109,109,109,-132,-132,-131,False,DraftKings,1,-108,9,,,-1.5,Final,9.0,-112
COL,2026-05-08T22:40Z,401815255,PHI,2026,Colorado Rockies,9,66.26754513,2026-05-08T11:06Z,Philadelphia Phillies,7,189,189,169,-232,-232,-207,False,DraftKings,1,102,11,,,-1.5,Final/11,7.5,-123
ATH,2026-05-08T23:05Z,401815254,BAL,2026,Athletics,4,65.94677636,2026-05-08T11:06Z,Baltimore Orioles,3,117,117,113,-141,-141,-136,False,DraftKings,1,-102,9,,,-1.5,Final,9.5,-118
LAA,2026-05-08T23:07Z,401815253,TOR,2026,Los Angeles Angels,0,55.88269494,2026-05-08T11:06Z,Toronto Blue Jays,2,135,135,135,-163,-163,-163,False,DraftKings,1,-108,9,,,-1.5,Final,7.5,-112
TB,2026-05-08T23:10Z,401815258,BOS,2026,Tampa Bay Rays,0,62.679434869999994,2026-05-08T11:06Z,Boston Red Sox,2,114,114,119,-137,-137,-143,False,DraftKings,1,-110,9,,,-1.5,Final,8.5,-110
WSH,2026-05-08T23:10Z,401815259,MIA,2026,Washington Nationals,3,47.27461057,2026-05-08T11:06Z,Miami Marlins,2,117,117,104,-141,-141,-126,False,DraftKings,1,-103,9,,,-1.5,Final,8.5,-117
MIN,2026-05-08T23:15Z,401815257,CLE,2026,Minnesota Twins,4,64.79603425,2026-05-08T11:06Z,Cleveland Guardians,6,123,123,119,-149,-149,-143,False,DraftKings,1,-102,9,,,-1.5,Final,7.5,-118
DET,2026-05-08T23:40Z,401815261,KC,2026,Detroit Tigers,3,61.33515818000001,2026-05-08T11:06Z,Kansas City Royals,4,123,123,119,-149,-149,-143,False,DraftKings,1,-108,9,,,-1.5,Final,8.5,-112
NYY,2026-05-08T23:40Z,401815262,MIL,2026,New York Yankees,0,49.62954681,2026-05-08T11:06Z,Milwaukee Brewers,6,-128,-128,-143,107,107,119,False,DraftKings,1,-105,9,,,1.5,Final,7.5,-115
SEA,2026-05-08T23:40Z,401815263,CHW,2026,Seattle Mariners,12,50.83009381,2026-05-08T11:06Z,Chicago White Sox,8,-138,-138,-136,115,115,113,False,DraftKings,1,-105,9,,,1.5,Final,8.0,-115
CHC,2026-05-09T00:05Z,401815260,TEX,2026,Chicago Cubs,7,39.09105758,2026-05-08T11:06Z,Texas Rangers,1,-130,-130,-136,108,108,113,False,DraftKings,1,-102,9,,,1.5,Final,8.5,-118
NYM,2026-05-09T01:40Z,401815265,ARI,2026,New York Mets,3,47.40391647,2026-05-08T11:06Z,Arizona Diamondbacks,1,-122,-122,-149,102,102,123,False,DraftKings,1,100,10,,,1.5,Final/10,9.0,-120
STL,2026-05-09T01:45Z,401815267,SD,2026,St. Louis Cardinals,6,55.1385601,2026-05-08T11:06Z,San Diego Padres,0,119,119,123,-143,-143,-149,False,DraftKings,1,-105,9,,,-1.5,Final,8.0,-115
ATL,2026-05-09T02:10Z,401815264,LAD,2026,Atlanta Braves,1,47.63155037,2026-05-08T11:06Z,Los Angeles Dodgers,3,-110,-110,-105,-110,-110,-115,False,DraftKings,1,-104,9,,,1.5,Final,8.0,-116
PIT,2026-05-09T02:15Z,401815266,SF,2026,Pittsburgh Pirates,2,51.09815241,2026-05-08T11:06Z,San Francisco Giants,5,-105,-105,100,-115,-115,-121,False,DraftKings,1,-103,9,,,1.5,Final,8.0,-117
LAA,2026-05-09T19:07Z,401815268,TOR,2026,Los Angeles Angels,1,67.32109016,2026-05-09T11:06Z,Toronto Blue Jays,14,153,153,144,-186,-186,-175,False,DraftKings,1,-110,9,,,-1.5,Final,8.5,-110
ATH,2026-05-09T20:05Z,401815269,BAL,2026,Athletics,6,54.107417410000004,2026-05-09T11:06Z,Baltimore Orioles,2,105,105,100,-126,-126,-120,False,DraftKings,1,-113,9,,,1.5,Final,9.5,-107
HOU,2026-05-09T20:10Z,401815271,CIN,2026,Houston Astros,1,61.70808443,2026-05-09T11:06Z,Cincinnati Reds,3,135,135,129,-163,-163,-156,False,DraftKings,1,-102,9,,,-1.5,Final,9.0,-119
WSH,2026-05-09T20:10Z,401815274,MIA,2026,Washington Nationals,7,65.49477346,2026-05-09T11:06Z,Miami Marlins,8,135,135,129,-163,-163,-156,False,DraftKings,1,-122,9,,,-1.5,Final,8.5,102
COL,2026-05-09T22:05Z,401815270,PHI,2026,Colorado Rockies,3,57.5273912,2026-05-09T11:06Z,Philadelphia Phillies,9,157,157,159,-192,-192,-194,False,DraftKings,1,-121,9,,,-1.5,Final,8.5,100
MIN,2026-05-09T22:10Z,401815272,CLE,2026,Minnesota Twins,2,49.535093260000004,2026-05-09T11:06Z,Cleveland Guardians,1,105,105,-108,-127,-127,-112,False,DraftKings,1,-105,11,,,1.5,Final/11,8.0,-115
CHC,2026-05-09T23:05Z,401815275,TEX,2026,Chicago Cubs,0,38.492549180000005,2026-05-09T11:06Z,Texas Rangers,6,-130,-130,-136,108,108,113,False,DraftKings,1,-118,9,,,1.5,Final,8.0,-102
DET,2026-05-09T23:10Z,401815276,KC,2026,Detroit Tigers,1,57.983960079999996,2026-05-09T11:06Z,Kansas City Royals,5,108,108,113,-130,-130,-136,False,DraftKings,1,-115,9,,,-1.5,Final,9.0,-105
NYY,2026-05-09T23:10Z,401815277,MIL,2026,New York Yankees,3,47.18075453,2026-05-09T11:06Z,Milwaukee Brewers,4,-136,-136,-143,113,113,119,False,DraftKings,1,-113,10,,,1.5,Final/10,7.5,-107
SEA,2026-05-09T23:10Z,401815278,CHW,2026,Seattle Mariners,1,47.37161556,2026-05-09T11:06Z,Chicago White Sox,6,-131,-131,-136,109,109,113,False,DraftKings,1,-110,9,,,1.5,Final,9.5,-110
NYM,2026-05-09T23:15Z,401815280,ARI,2026,New York Mets,1,47.35786321,2026-05-09T11:06Z,Arizona Diamondbacks,2,-110,-110,-126,-110,-110,104,False,DraftKings,1,-112,9,,,1.5,Final,9.5,-108
STL,2026-05-09T23:15Z,401815282,SD,2026,St. Louis Cardinals,2,59.302613380000004,2026-05-09T11:06Z,San Diego Padres,4,119,119,113,-144,-144,-136,False,DraftKings,1,-107,9,,,-1.5,Final,8.0,-113
PIT,2026-05-10T01:05Z,401815281,SF,2026,Pittsburgh Pirates,13,44.60330005,2026-05-09T11:06Z,San Francisco Giants,3,-110,-110,-112,-110,-110,-108,False,DraftKings,1,102,9,,,1.5,Final,7.5,-123
ATL,2026-05-10T01:10Z,401815279,LAD,2026,Atlanta Braves,7,66.83380779,2026-05-09T11:06Z,Los Angeles Dodgers,2,153,153,104,-186,-186,-126,False,DraftKings,1,-112,9,,,-1.5,Final,8.5,-108
WSH,2026-05-10T16:15Z,401815289,MIA,2026,Washington Nationals,2,52.850037390000004,2026-05-10T11:06Z,Miami Marlins,5,114,114,119,-137,-137,-143,False,DraftKings,1,-102,9,,,-1.5,Final,8.5,-118
ATH,2026-05-10T17:35Z,401815284,BAL,2026,Athletics,1,55.81310492,2026-05-10T11:06Z,Baltimore Orioles,2,-102,-102,-115,-118,-118,-105,False,DraftKings,1,-105,9,,,1.5,Final,10.5,-115
COL,2026-05-10T17:35Z,401815285,PHI,2026,Colorado Rockies,0,73.59462020999999,2026-05-10T11:06Z,Philadelphia Phillies,6,248,248,238,-314,-314,-300,False,DraftKings,1,-105,9,,,-1.5,Final,8.5,-115
TB,2026-05-10T17:35Z,401815288,BOS,2026,Tampa Bay Rays,4,50.306185410000005,2026-05-10T11:06Z,Boston Red Sox,1,129,129,104,-156,-156,-126,False,DraftKings,1,-102,9,,,-1.5,Final,8.5,-118
LAA,2026-05-10T17:37Z,401815283,TOR,2026,Los Angeles Angels,6,49.471644139999995,2026-05-10T11:06Z,Toronto Blue Jays,1,-102,-102,-120,-118,-118,100,False,DraftKings,1,-112,9,,,1.5,Final,8.0,-108
HOU,2026-05-10T17:40Z,401815286,CIN,2026,Houston Astros,0,47.85234028,2026-05-10T11:06Z,Cincinnati Reds,5,100,100,104,-121,-121,-126,False,DraftKings,1,101,9,,,1.5,Final,9.5,-121
MIN,2026-05-10T17:40Z,401815287,CLE,2026,Minnesota Twins,5,60.58982637,2026-05-10T11:06Z,Cleveland Guardians,4,135,135,124,-163,-163,-150,False,DraftKings,1,-123,9,,,-1.5,Final,7.0,102
NYY,2026-05-10T18:10Z,401815292,MIL,2026,New York Yankees,3,58.32853362,2026-05-10T11:06Z,Milwaukee Brewers,4,100,100,-126,-120,-120,104,False,DraftKings,1,-115,9,,,1.5,Final,8.0,-105
SEA,2026-05-10T18:10Z,401815293,CHW,2026,Seattle Mariners,1,48.65221437,2026-05-10T11:06Z,Chicago White Sox,2,-141,-141,-122,117,117,102,False,DraftKings,1,-110,9,,,1.5,Final,8.0,-110
CHC,2026-05-10T18:35Z,401815290,TEX,2026,Chicago Cubs,0,53.670339489999996,2026-05-10T11:06Z,Texas Rangers,3,102,102,104,-123,-123,-126,False,DraftKings,1,-115,9,,,-1.5,Final,7.5,-105
PIT,2026-05-10T20:05Z,401815296,SF,2026,Pittsburgh Pirates,6,45.52043572,2026-05-10T11:06Z,San Francisco Giants,7,104,104,-105,-126,-126,-115,False,DraftKings,1,-118,12,,,1.5,Final/12,8.0,-102
ATL,2026-05-10T20:10Z,401815294,LAD,2026,Atlanta Braves,7,64.95538744,2026-05-10T11:06Z,Los Angeles Dodgers,2,119,119,104,-143,-143,-126,False,DraftKings,1,100,9,,,-1.5,Final,9.5,-120
NYM,2026-05-10T20:10Z,401815295,ARI,2026,New York Mets,1,56.13640365,2026-05-10T11:06Z,Arizona Diamondbacks,5,-105,-105,-105,-115,-115,-115,False,DraftKings,1,-118,9,,,1.5,Final,8.5,-102
STL,2026-05-10T20:10Z,401815297,SD,2026,St. Louis Cardinals,2,45.35084689,2026-05-10T11:06Z,San Diego Padres,3,114,114,113,-137,-137,-136,False,DraftKings,1,-105,10,,,-1.5,Final/10,8.5,-114
DET,2026-05-10T23:20Z,401815291,KC,2026,Detroit Tigers,6,49.5785724,2026-05-10T11:06Z,Kansas City Royals,3,109,109,109,-131,-131,-131,False,DraftKings,1,-112,9,,,-1.5,Final,8.5,-108
LAA,2026-05-11T22:10Z,401815298,CLE,2026,Los Angeles Angels,2,61.75796449999999,2026-05-11T11:06Z,Cleveland Guardians,7,144,144,149,-175,-175,-181,False,DraftKings,1,-110,9,,,-1.5,Final,7.5,-110
NYY,2026-05-11T22:35Z,401815299,BAL,2026,New York Yankees,2,40.221103060000004,2026-05-11T11:06Z,Baltimore Orioles,3,-149,-149,-186,124,124,153,False,DraftKings,1,-110,9,,,1.5,Final,9.0,-110
TB,2026-05-11T23:07Z,401815300,TOR,2026,Tampa Bay Rays,8,54.94437526,2026-05-11T11:06Z,Toronto Blue Jays,5,100,100,119,-120,-120,-143,False,DraftKings,1,-115,9,,,1.5,Final,7.0,-105
ARI,2026-05-12T00:05Z,401815301,TEX,2026,Arizona Diamondbacks,1,59.267921349999995,2026-05-11T11:06Z,Texas Rangers,0,-105,-105,119,-115,-115,-143,False,DraftKings,1,-108,9,,,1.5,Final,8.0,-112
SEA,2026-05-12T00:10Z,401815302,HOU,2026,Seattle Mariners,3,50.631029979999994,2026-05-11T11:06Z,Houston Astros,1,-156,-156,-136,129,129,113,False,DraftKings,1,-120,9,,,1.5,Final,8.5,100
SF,2026-05-12T02:10Z,401815303,LAD,2026,San Francisco Giants,9,55.23256382,2026-05-11T11:06Z,Los Angeles Dodgers,3,157,157,144,-192,-192,-175,False,DraftKings,1,-112,9,,,-1.5,Final,9.0,-108
LAA,2026-05-12T22:10Z,401815304,CLE,2026,Los Angeles Angels,2,54.49280748,2026-05-12T11:06Z,Cleveland Guardians,3,113,113,113,-136,-136,-136,False,DraftKings,1,-112,9,,,-1.5,Final,8.5,-108
NYY,2026-05-12T22:35Z,401815308,BAL,2026,New York Yankees,6,43.77718081,2026-05-12T11:06Z,Baltimore Orioles,2,-144,-144,-166,119,119,137,False,DraftKings,1,100,9,,,1.5,Final,9.0,-120
COL,2026-05-12T22:40Z,401815306,PIT,2026,Colorado Rockies,1,80.50670096,2026-05-12T11:06Z,Pittsburgh Pirates,3,238,238,258,-299,-299,-328,False,DraftKings,1,-112,9,,,-1.5,Final,7.5,-108
WSH,2026-05-12T22:40Z,401815311,CIN,2026,Washington Nationals,10,59.062553210000004,2026-05-12T11:06Z,Cincinnati Reds,4,124,124,119,-149,-149,-143,False,DraftKings,1,-115,9,,,-1.5,Final,9.5,-105
PHI,2026-05-12T22:45Z,401815309,BOS,2026,Philadelphia Phillies,2,42.97826351,2026-05-12T11:06Z,Boston Red Sox,1,-136,-136,-143,113,113,119,False,DraftKings,1,-115,9,,,1.5,Final,8.0,-105
TB,2026-05-12T23:07Z,401815310,TOR,2026,Tampa Bay Rays,7,52.133087980000006,2026-05-12T11:06Z,Toronto Blue Jays,6,-118,-118,-118,-102,-102,-102,False,DraftKings,1,-110,10,,,1.5,Final/10,8.0,-110
DET,2026-05-12T23:10Z,401815307,NYM,2026,Detroit Tigers,2,61.41877591,2026-05-12T11:06Z,New York Mets,10,119,119,123,-143,-143,-149,False,DraftKings,1,-102,9,,,-1.5,Final,7.5,-118
CHC,2026-05-12T23:15Z,401815305,ATL,2026,Chicago Cubs,2,55.99945029,2026-05-12T11:06Z,Atlanta Braves,5,102,102,102,-122,-122,-122,False,DraftKings,1,-115,9,,,1.5,Final,8.5,-105
KC,2026-05-12T23:40Z,401815313,CHW,2026,Kansas City Royals,5,46.181850149999995,2026-05-12T11:06Z,Chicago White Sox,6,-115,-115,-126,-105,-105,104,False,DraftKings,1,-119,9,,,1.5,Final,9.0,-101
MIA,2026-05-12T23:40Z,401815314,MIN,2026,Miami Marlins,0,52.596774499999995,2026-05-12T11:06Z,Minnesota Twins,3,-115,-115,-105,-105,-105,-115,False,DraftKings,1,-118,9,,,1.5,Final,9.0,-102
SD,2026-05-12T23:40Z,401815315,MIL,2026,San Diego Padres,4,67.82722812,2026-05-12T11:06Z,Milwaukee Brewers,6,124,124,104,-149,-149,-126,False,DraftKings,1,101,9,,,-1.5,Final,9.0,-122
ARI,2026-05-13T00:05Z,401815312,TEX,2026,Arizona Diamondbacks,4,55.41877021,2026-05-12T11:06Z,Texas Rangers,7,109,109,119,-132,-132,-143,False,DraftKings,1,-110,9,,,-1.5,Final,8.0,-110
SEA,2026-05-13T00:10Z,401815316,HOU,2026,Seattle Mariners,10,47.28184949,2026-05-12T11:06Z,Houston Astros,2,-180,-180,-149,148,148,123,False,DraftKings,1,101,9,,,1.5,Final,9.0,-121
STL,2026-05-13T01:40Z,401815318,ATH,2026,St. Louis Cardinals,6,55.27408646000001,2026-05-12T11:06Z,Athletics,4,129,129,123,-156,-156,-149,False,DraftKings,1,-110,9,,,-1.5,Final,10.0,-110
SF,2026-05-13T02:10Z,401815317,LAD,2026,San Francisco Giants,6,77.49717013,2026-05-12T11:06Z,Los Angeles Dodgers,2,273,273,229,-349,-349,-286,False,DraftKings,1,-105,9,,,-1.5,Final,8.5,-115
NYY,2026-05-13T17:05Z,401815323,BAL,2026,New York Yankees,0,46.27498546,2026-05-13T11:06Z,Baltimore Orioles,7,-163,-163,-173,135,135,142,False,DraftKings,1,-101,9,,,1.5,Final,9.0,-119
LAA,2026-05-13T17:10Z,401815319,CLE,2026,Los Angeles Angels,2,64.94919901,2026-05-13T11:06Z,Cleveland Guardians,4,131,131,119,-158,-158,-143,False,DraftKings,1,-102,9,,,-1.5,Final,7.0,-118
COL,2026-05-13T22:40Z,401815321,PIT,2026,Colorado Rockies,10,69.28243076,2026-05-13T11:06Z,Pittsburgh Pirates,4,153,153,159,-186,-186,-194,False,DraftKings,1,-101,9,,,-1.5,Final,8.5,-119
WSH,2026-05-13T22:40Z,401815326,CIN,2026,Washington Nationals,8,60.96409062,2026-05-13T11:06Z,Cincinnati Reds,7,153,153,129,-186,-186,-156,False,DraftKings,1,-107,10,,,-1.5,Final/10,9.5,-112
PHI,2026-05-13T22:45Z,401815324,BOS,2026,Philadelphia Phillies,1,64.60482683,2026-05-13T11:06Z,Boston Red Sox,3,108,108,119,-131,-131,-143,False,DraftKings,1,-110,9,,,-1.5,Final,9.0,-109
TB,2026-05-13T23:07Z,401815325,TOR,2026,Tampa Bay Rays,3,53.81450566,2026-05-13T11:06Z,Toronto Blue Jays,5,124,124,129,-150,-150,-156,False,DraftKings,1,-116,10,,,-1.5,Final/10,7.5,-104
DET,2026-05-13T23:10Z,401815322,NYM,2026,Detroit Tigers,2,51.517308490000005,2026-05-13T11:06Z,New York Mets,3,-106,-106,-116,-114,-114,-104,False,DraftKings,1,-106,10,,,1.5,Final/10,8.0,-114
CHC,2026-05-13T23:15Z,401815320,ATL,2026,Chicago Cubs,1,53.415352039999995,2026-05-13T11:06Z,Atlanta Braves,4,-130,-130,-136,108,108,113,False,DraftKings,1,-115,9,,,1.5,Final,8.5,-105
KC,2026-05-13T23:40Z,401815328,CHW,2026,Kansas City Royals,5,50.01120734,2026-05-13T11:06Z,Chicago White Sox,6,-114,-114,-122,-105,-105,102,False,DraftKings,1,-110,9,,,1.5,Final,8.0,-110
MIA,2026-05-13T23:40Z,401815329,MIN,2026,Miami Marlins,9,46.79075621,2026-05-13T11:06Z,Minnesota Twins,5,-130,-130,-126,108,108,104,False,DraftKings,1,-122,9,,,1.5,Final,8.5,101
SD,2026-05-13T23:40Z,401815330,MIL,2026,San Diego Padres,3,63.6233394,2026-05-13T11:06Z,Milwaukee Brewers,1,139,139,119,-168,-168,-143,False,DraftKings,1,102,9,,,-1.5,Final,7.0,-123
ARI,2026-05-14T00:05Z,401815327,TEX,2026,Arizona Diamondbacks,5,49.31977476,2026-05-13T11:06Z,Texas Rangers,6,-109,-109,104,-111,-111,-126,False,DraftKings,1,-112,9,,,1.5,Final,8.0,-108
SEA,2026-05-14T00:10Z,401815331,HOU,2026,Seattle Mariners,3,49.17080036,2026-05-13T11:06Z,Houston Astros,4,-130,-130,-126,108,108,104,False,DraftKings,1,-121,10,,,1.5,Final/10,9.0,100
STL,2026-05-14T01:40Z,401815333,ATH,2026,St. Louis Cardinals,2,52.26298483,2026-05-13T11:06Z,Athletics,6,119,119,119,-144,-144,-143,False,DraftKings,1,-108,9,,,-1.5,Final,10.0,-112
SF,2026-05-14T02:10Z,401815332,LAD,2026,San Francisco Giants,0,77.84178270999999,2026-05-13T11:06Z,Los Angeles Dodgers,4,202,202,199,-251,-251,-246,False,DraftKings,1,-114,9,,,-1.5,Final,7.5,-106
COL,2026-05-14T16:35Z,401815335,PIT,2026,Colorado Rockies,2,67.19395846,2026-05-14T11:06Z,Pittsburgh Pirates,7,148,148,153,-180,-180,-186,False,DraftKings,1,-118,9,,,-1.5,Final,7.5,-102
WSH,2026-05-14T16:40Z,401815338,CIN,2026,Washington Nationals,1,56.86099172,2026-05-14T11:06Z,Cincinnati Reds,15,134,134,135,-162,-162,-163,False,DraftKings,1,-114,9,,,-1.5,Final,7.5,-106
DET,2026-05-14T17:10Z,401815336,NYM,2026,Detroit Tigers,4,66.57338354,2026-05-14T11:06Z,New York Mets,9,130,130,135,-157,-157,-163,False,DraftKings,1,-120,9,,,-1.5,Final,7.0,-101
MIA,2026-05-14T17:40Z,401815340,MIN,2026,Miami Marlins,1,58.19566269999999,2026-05-14T11:06Z,Minnesota Twins,9,-115,-115,113,-105,-105,-136,False,DraftKings,1,-105,9,,,1.5,Final,9.0,-114
SD,2026-05-14T17:40Z,401815341,MIL,2026,San Diego Padres,1,66.10763106,2026-05-14T11:06Z,Milwaukee Brewers,7,118,118,119,-142,-142,-143,False,DraftKings,1,-115,9,,,-1.5,Final,7.5,-105
SEA,2026-05-14T18:10Z,401815342,HOU,2026,Seattle Mariners,8,57.59123143,2026-05-14T11:06Z,Houston Astros,3,-119,-119,-131,-102,-102,109,False,DraftKings,1,-110,9,,,1.5,Final,9.0,-109
STL,2026-05-14T19:05Z,401815344,ATH,2026,St. Louis Cardinals,5,47.67038525,2026-05-14T11:06Z,Athletics,4,101,101,100,-122,-122,-120,False,DraftKings,1,-103,9,,,1.5,Final,10.0,-117
PHI,2026-05-14T22:45Z,401815337,BOS,2026,Philadelphia Phillies,3,59.81291161,2026-05-14T11:06Z,Boston Red Sox,1,-102,-102,-120,-118,-118,100,False,DraftKings,1,-111,9,,,1.5,Final,7.0,-108
CHC,2026-05-14T23:15Z,401815334,ATL,2026,Chicago Cubs,2,66.98645479999999,2026-05-14T11:06Z,Atlanta Braves,0,153,153,129,-186,-186,-156,False,DraftKings,1,-107,9,,,-1.5,Final,7.5,-113
KC,2026-05-14T23:40Z,401815339,CHW,2026,Kansas City Royals,2,43.27511526,2026-05-14T11:06Z,Chicago White Sox,6,-136,-136,-136,113,113,113,False,DraftKings,1,-114,9,,,1.5,Final,7.5,-106
SF,2026-05-15T02:10Z,401815343,LAD,2026,San Francisco Giants,2,67.97936976999999,2026-05-14T11:06Z,Los Angeles Dodgers,5,153,153,144,-186,-186,-175,False,DraftKings,1,-119,9,,,-1.5,Final,7.5,-101
PHI,2026-05-15T22:40Z,401815350,PIT,2026,Philadelphia Phillies,11,70.33849640999999,2026-05-15T11:06Z,Pittsburgh Pirates,9,113,113,113,-136,-136,-136,False,DraftKings,1,-103,10,,,-1.5,Final/10,8.5,-117
TOR,2026-05-15T22:40Z,401815351,DET,2026,Toronto Blue Jays,2,46.407086050000004,2026-05-15T11:06Z,Detroit Tigers,3,-126,-126,-136,105,105,113,False,DraftKings,1,-105,9,,,1.5,Final,8.0,-114
BAL,2026-05-15T22:45Z,401815345,WSH,2026,Baltimore Orioles,2,51.688663160000004,2026-05-15T11:06Z,Washington Nationals,3,-143,-143,-143,119,119,119,False,DraftKings,1,-112,9,,,1.5,Final,9.5,-107
CIN,2026-05-15T23:10Z,401815347,CLE,2026,Cincinnati Reds,7,55.283157579999994,2026-05-15T11:06Z,Cleveland Guardians,6,118,118,113,-142,-142,-136,False,DraftKings,1,-111,9,,,-1.5,Final,7.5,-108
MIA,2026-05-15T23:10Z,401815348,TB,2026,Miami Marlins,2,53.049887319999996,2026-05-15T11:06Z,Tampa Bay Rays,7,107,107,-102,-128,-128,-118,False,DraftKings,1,-106,9,,,-1.5,Final,8.0,-114
MIL,2026-05-15T23:10Z,401815354,MIN,2026,Milwaukee Brewers,3,50.14666511,2026-05-15T11:06Z,Minnesota Twins,2,-109,-109,-110,-110,-110,-110,False,DraftKings,1,101,9,,,1.5,Final,9.0,-121
BOS,2026-05-15T23:15Z,401815346,ATL,2026,Boston Red Sox,2,53.67431939,2026-05-15T11:06Z,Atlanta Braves,3,119,119,129,-144,-144,-156,False,DraftKings,1,-107,10,,,-1.5,Final/10,7.5,-112
NYY,2026-05-15T23:15Z,401815349,NYM,2026,New York Yankees,5,40.5663793,2026-05-15T11:06Z,New York Mets,2,-149,-149,-149,123,123,123,False,DraftKings,1,-102,9,,,1.5,Final,7.0,-119
CHC,2026-05-15T23:40Z,401815352,CHW,2026,Chicago Cubs,10,41.63753456,2026-05-15T11:06Z,Chicago White Sox,5,-126,-126,-149,104,104,123,False,DraftKings,1,-105,9,,,1.5,Final,8.5,-114
TEX,2026-05-16T00:10Z,401815355,HOU,2026,Texas Rangers,0,57.381092720000005,2026-05-15T11:06Z,Houston Astros,2,-114,-114,-110,-105,-105,-110,False,DraftKings,1,-112,9,,,1.5,Final,8.5,-107
KC,2026-05-16T00:15Z,401815353,STL,2026,Kansas City Royals,4,49.03076443,2026-05-15T11:06Z,St. Louis Cardinals,5,-111,-111,-108,-109,-109,-112,False,DraftKings,1,-112,11,,,1.5,Final/11,8.5,-107
ARI,2026-05-16T00:40Z,401815356,COL,2026,Arizona Diamondbacks,9,49.114006919999994,2026-05-15T11:06Z,Colorado Rockies,1,-119,-119,-131,-102,-102,109,False,DraftKings,1,-105,9,,,1.5,Final,12.0,-114
LAD,2026-05-16T01:38Z,401815357,LAA,2026,Los Angeles Dodgers,6,31.30292239,2026-05-15T11:06Z,Los Angeles Angels,0,-193,-193,-226,158,158,184,False,DraftKings,1,-103,9,,,1.5,Final,9.5,-117
SD,2026-05-16T01:40Z,401815358,SEA,2026,San Diego Padres,2,53.74728434,2026-05-15T11:06Z,Seattle Mariners,0,113,113,119,-136,-136,-143,False,DraftKings,1,-121,9,,,-1.5,Final,7.0,100
SF,2026-05-16T01:40Z,401815359,ATH,2026,San Francisco Giants,2,59.262594199999995,2026-05-15T11:06Z,Athletics,5,109,109,119,-131,-131,-143,False,DraftKings,1,-105,9,,,-1.5,Final,10.0,-114
TOR,2026-05-16T17:10Z,401815366,DET,2026,Toronto Blue Jays,2,60.03145874,2026-05-16T11:06Z,Detroit Tigers,1,-101,-101,102,-120,-120,-122,False,DraftKings,1,-115,10,,,1.5,Final/10,8.0,-104
KC,2026-05-16T18:15Z,401815368,STL,2026,Kansas City Royals,2,64.00520702,2026-05-16T11:06Z,St. Louis Cardinals,4,-106,-106,-102,-114,-114,-118,False,DraftKings,1,-112,9,,,1.5,Final,9.0,-108
ARI,2026-05-16T19:10Z,401815371,COL,2026,Arizona Diamondbacks,2,42.76398366,2026-05-16T11:06Z,Colorado Rockies,4,-144,-144,-143,119,119,119,False,DraftKings,1,-107,9,,,1.5,Final,11.5,-113
BAL,2026-05-16T20:05Z,401815360,WSH,2026,Baltimore Orioles,3,55.67297358,2026-05-16T11:06Z,Washington Nationals,13,-113,-113,-110,-107,-107,-110,False,DraftKings,1,-111,9,,,1.5,Final,10.0,-109
PHI,2026-05-16T20:05Z,401815365,PIT,2026,Philadelphia Phillies,6,49.04178358,2026-05-16T11:06Z,Pittsburgh Pirates,0,-171,-171,-171,141,141,141,False,DraftKings,1,-108,9,,,1.5,Final,8.5,-112
MIA,2026-05-16T20:10Z,401815363,TB,2026,Miami Marlins,10,61.03057647,2026-05-16T11:06Z,Tampa Bay Rays,5,113,113,119,-136,-136,-143,False,DraftKings,1,-105,10,,,-1.5,Final/10,8.0,-114
CIN,2026-05-16T22:10Z,401815362,CLE,2026,Cincinnati Reds,4,67.87644121999999,2026-05-16T11:06Z,Cleveland Guardians,7,125,125,144,-151,-151,-175,False,DraftKings,1,-108,9,,,-1.5,Final,8.5,-112
CHC,2026-05-16T23:10Z,401815367,CHW,2026,Chicago Cubs,3,49.653617690000004,2026-05-16T11:06Z,Chicago White Sox,8,-113,-113,-110,-107,-107,-110,False,DraftKings,1,-112,9,,,1.5,Final,8.5,-108
MIL,2026-05-16T23:10Z,401815369,MIN,2026,Milwaukee Brewers,2,41.50021205,2026-05-16T11:06Z,Minnesota Twins,1,-132,-132,-126,109,109,104,False,DraftKings,1,-103,9,,,1.5,Final,8.5,-117
TEX,2026-05-16T23:10Z,401815370,HOU,2026,Texas Rangers,1,52.25657599,2026-05-16T11:06Z,Houston Astros,4,-155,-155,-143,128,128,119,False,DraftKings,1,-117,9,,,1.5,Final,7.5,-103
BOS,2026-05-16T23:15Z,401815361,ATL,2026,Boston Red Sox,3,69.57761809,2026-05-16T11:06Z,Atlanta Braves,2,107,107,119,-129,-129,-143,False,DraftKings,1,-117,9,,,-1.5,Final,7.5,-103
NYY,2026-05-16T23:15Z,401815364,NYM,2026,New York Yankees,3,48.71671488,2026-05-16T11:06Z,New York Mets,6,-126,-126,-131,105,105,109,False,DraftKings,1,-108,9,,,1.5,Final,8.5,-112
SD,2026-05-16T23:15Z,401815373,SEA,2026,San Diego Padres,7,67.85873221,2026-05-16T11:06Z,Seattle Mariners,4,144,144,135,-175,-175,-163,False,DraftKings,1,-117,9,,,-1.5,Final,7.0,-103
LAD,2026-05-17T01:38Z,401815372,LAA,2026,Los Angeles Dodgers,15,39.812428680000004,2026-05-16T11:06Z,Los Angeles Angels,2,-136,-136,-136,113,113,113,False,DraftKings,1,-109,9,,,1.5,Final,8.5,-110
SF,2026-05-17T01:40Z,401815374,ATH,2026,San Francisco Giants,6,52.34584243,2026-05-16T11:06Z,Athletics,4,113,113,109,-136,-136,-131,False,DraftKings,1,-107,9,,,-1.5,Final,9.5,-112
MIA,2026-05-17T16:15Z,401815378,TB,2026,Miami Marlins,3,58.91792717999999,2026-05-17T11:06Z,Tampa Bay Rays,6,123,123,135,-149,-149,-163,False,DraftKings,1,-101,9,,,-1.5,Final,7.5,-119
BAL,2026-05-17T17:35Z,401815375,WSH,2026,Baltimore Orioles,7,53.76718744,2026-05-17T11:06Z,Washington Nationals,3,-120,-120,-136,100,100,113,False,DraftKings,1,-117,9,,,1.5,Final,10.0,-103
BOS,2026-05-17T17:35Z,401815376,ATL,2026,Boston Red Sox,1,68.45505116,2026-05-17T11:06Z,Atlanta Braves,8,119,119,129,-144,-144,-156,False,DraftKings,1,-113,9,,,-1.5,Final,8.5,-106
PHI,2026-05-17T17:35Z,401815380,PIT,2026,Philadelphia Phillies,6,63.2146974,2026-05-17T11:06Z,Pittsburgh Pirates,0,108,108,119,-131,-131,-143,False,DraftKings,1,101,9,,,1.5,Final,7.5,-122
CIN,2026-05-17T17:40Z,401815377,CLE,2026,Cincinnati Reds,3,61.56528591,2026-05-17T11:06Z,Cleveland Guardians,10,133,133,141,-161,-161,-171,False,DraftKings,1,-117,9,,,-1.5,Final,8.5,-103
NYY,2026-05-17T17:40Z,401815379,NYM,2026,New York Yankees,6,56.91012706000001,2026-05-17T11:06Z,New York Mets,7,105,105,-126,-126,-126,104,False,DraftKings,1,-102,10,,,1.5,Final/10,9.0,-119
TOR,2026-05-17T17:40Z,401815381,DET,2026,Toronto Blue Jays,4,50.364369499999995,2026-05-17T11:06Z,Detroit Tigers,1,-119,-119,-136,-102,-102,113,False,DraftKings,1,-112,9,,,1.5,Final,7.5,-108
CHC,2026-05-17T18:10Z,401815382,CHW,2026,Chicago Cubs,8,42.173597480000005,2026-05-17T11:06Z,Chicago White Sox,9,-132,-132,-143,109,109,119,False,DraftKings,1,-111,10,,,1.5,Final/10,9.0,-108
MIL,2026-05-17T18:10Z,401815384,MIN,2026,Milwaukee Brewers,4,54.4745723,2026-05-17T11:06Z,Minnesota Twins,5,-129,-129,-120,107,107,100,False,DraftKings,1,-105,9,,,1.5,Final,8.0,-114
TEX,2026-05-17T18:10Z,401815385,HOU,2026,Texas Rangers,8,50.98447057,2026-05-17T11:06Z,Houston Astros,0,-126,-126,-120,104,104,100,False,DraftKings,1,-107,9,,,1.5,Final,8.0,-112
KC,2026-05-17T18:15Z,401815383,STL,2026,Kansas City Royals,2,55.50517079,2026-05-17T11:06Z,St. Louis Cardinals,0,100,100,-105,-120,-120,-115,False,DraftKings,1,100,9,,,1.5,Final,9.5,-120
ARI,2026-05-17T19:10Z,401815386,COL,2026,Arizona Diamondbacks,8,40.98943526,2026-05-17T11:06Z,Colorado Rockies,6,-144,-144,-156,119,119,129,False,DraftKings,1,-105,9,,,1.5,Final,10.5,-115
SF,2026-05-17T20:05Z,401815389,ATH,2026,San Francisco Giants,10,58.03296566,2026-05-17T11:06Z,Athletics,1,123,123,123,-149,-149,-149,False,DraftKings,1,-102,9,,,-1.5,Final,9.5,-119
LAD,2026-05-17T20:07Z,401815387,LAA,2026,Los Angeles Dodgers,10,44.69487267,2026-05-17T11:06Z,Los Angeles Angels,1,-149,-149,-149,123,123,123,False,DraftKings,1,-102,9,,,1.5,Final,9.5,-119
SD,2026-05-17T23:20Z,401815388,SEA,2026,San Diego Padres,8,62.139310110000004,2026-05-17T11:06Z,Seattle Mariners,3,126,126,135,-153,-153,-163,False,DraftKings,1,-124,9,,,-1.5,Final,7.0,103
ATL,2026-05-18T22:40Z,401815390,MIA,2026,Atlanta Braves,0,50.04858402,2026-05-18T11:06Z,Miami Marlins,12,-105,-105,-115,-114,-114,-105,False,DraftKings,1,-105,9,,,1.5,Final,8.5,-114
BAL,2026-05-18T22:40Z,401815391,TB,2026,Baltimore Orioles,6,53.31794988,2026-05-18T11:06Z,Tampa Bay Rays,16,118,118,123,-142,-142,-149,False,DraftKings,1,102,9,,,-1.5,Final,7.5,-123
CIN,2026-05-18T22:40Z,401815392,PHI,2026,Cincinnati Reds,4,51.273910369999996,2026-05-18T11:06Z,Philadelphia Phillies,5,104,104,113,-125,-125,-136,False,DraftKings,1,-112,9,,,1.5,Final,10.0,-107
CLE,2026-05-18T22:40Z,401815393,DET,2026,Cleveland Guardians,8,58.05845491,2026-05-18T11:06Z,Detroit Tigers,2,134,134,139,-162,-162,-168,False,DraftKings,1,-111,9,,,-1.5,Final,8.0,-109
NYM,2026-05-18T22:45Z,401815394,WSH,2026,New York Mets,16,49.06016171,2026-05-18T11:06Z,Washington Nationals,7,-125,-125,-143,104,104,119,False,DraftKings,1,-114,12,,,1.5,Final/12,10.0,-105
TOR,2026-05-18T23:05Z,401815395,NYY,2026,Toronto Blue Jays,6,66.58703829,2026-05-18T11:06Z,New York Yankees,7,146,146,163,-177,-177,-199,False,DraftKings,1,-106,9,,,-1.5,Final,9.0,-114
BOS,2026-05-18T23:10Z,401815396,KC,2026,Boston Red Sox,3,48.43283438,2026-05-18T11:06Z,Kansas City Royals,1,-111,-111,-112,-108,-108,-108,False,DraftKings,1,-113,9,,,1.5,Final,9.0,-106
HOU,2026-05-18T23:40Z,401815397,MIN,2026,Houston Astros,3,60.40058792000001,2026-05-18T11:06Z,Minnesota Twins,6,-105,-105,-105,-115,-115,-115,False,DraftKings,1,-115,9,,,1.5,Final,9.0,-104
MIL,2026-05-18T23:40Z,401815398,CHC,2026,Milwaukee Brewers,9,59.658824210000006,2026-05-18T11:06Z,Chicago Cubs,3,135,135,139,-163,-163,-168,False,DraftKings,1,-107,9,,,-1.5,Final,10.5,-112
TEX,2026-05-19T00:40Z,401815399,COL,2026,Texas Rangers,6,48.416164189999996,2026-05-18T11:06Z,Colorado Rockies,7,-138,-138,-156,114,114,129,False,DraftKings,1,-119,9,,,1.5,Final,9.0,-102
ATH,2026-05-19T01:38Z,401815400,LAA,2026,Athletics,1,49.13422551,2026-05-18T11:06Z,Los Angeles Angels,2,-129,-129,-131,107,107,109,False,DraftKings,1,-109,9,,,1.5,Final,9.0,-111
CHW,2026-05-19T01:40Z,401815401,SEA,2026,Chicago White Sox,1,66.69236509999999,2026-05-18T11:06Z,Seattle Mariners,6,134,134,149,-162,-162,-181,False,DraftKings,1,-118,9,,,-1.5,Final,7.0,-102
LAD,2026-05-19T01:40Z,401815402,SD,2026,Los Angeles Dodgers,0,44.08484942,2026-05-18T11:06Z,San Diego Padres,1,-149,-149,-156,124,124,129,False,DraftKings,1,-122,9,,,1.5,Final,7.0,102
SF,2026-05-19T01:40Z,401815403,ARI,2026,San Francisco Giants,2,51.62695470999999,2026-05-18T11:06Z,Arizona Diamondbacks,12,114,114,113,-137,-137,-136,False,DraftKings,1,-117,9,,,-1.5,Final,9.0,-103
ATL,2026-05-19T20:10Z,401815404,MIA,2026,Atlanta Braves,8,40.37992012,2026-05-19T11:05Z,Miami Marlins,4,-143,-143,-131,118,118,109,False,DraftKings,1,-115,9,,,1.5,Final,8.0,-105
BAL,2026-05-19T22:40Z,401815405,TB,2026,Baltimore Orioles,1,56.56817528,2026-05-19T11:06Z,Tampa Bay Rays,4,-101,-101,104,-120,-120,-126,False,DraftKings,1,-112,9,,,1.5,Final,7.5,-107
CIN,2026-05-19T22:40Z,401815406,PHI,2026,Cincinnati Reds,4,49.64510711,2026-05-19T11:05Z,Philadelphia Phillies,1,124,124,113,-149,-149,-136,False,DraftKings,1,-109,9,,,-1.5,Final,8.5,-111
CLE,2026-05-19T22:40Z,401815407,DET,2026,Cleveland Guardians,4,40.0205816,2026-05-19T11:06Z,Detroit Tigers,3,-163,-163,-122,135,135,102,False,DraftKings,1,-108,9,,,1.5,Final,8.0,-112
NYM,2026-05-19T22:45Z,401815408,WSH,2026,New York Mets,6,47.72911165,2026-05-19T11:06Z,Washington Nationals,9,-134,-134,-163,111,111,135,False,DraftKings,1,-121,9,,,1.5,Final,8.5,101
TOR,2026-05-19T23:05Z,401815409,NYY,2026,Toronto Blue Jays,4,58.725315339999995,2026-05-19T11:06Z,New York Yankees,5,109,109,113,-132,-132,-136,False,DraftKings,1,-121,9,,,-1.5,Final,8.5,100
BOS,2026-05-19T23:40Z,401815410,KC,2026,Boston Red Sox,7,38.97105846,2026-05-19T11:06Z,Kansas City Royals,1,-136,-136,-115,113,113,-105,False,DraftKings,1,100,9,,,1.5,Final,7.5,-120
HOU,2026-05-19T23:40Z,401815411,MIN,2026,Houston Astros,2,67.79995066,2026-05-19T11:05Z,Minnesota Twins,1,115,115,119,-138,-138,-143,False,DraftKings,1,-114,9,,,-1.5,Final,8.5,-106
MIL,2026-05-19T23:40Z,401815412,CHC,2026,Milwaukee Brewers,5,50.35378962,2026-05-19T11:05Z,Chicago Cubs,2,-125,-125,-115,104,104,-105,False,DraftKings,1,-125,9,,,1.5,Final,7.0,104
PIT,2026-05-19T23:45Z,401815413,STL,2026,Pittsburgh Pirates,6,51.326657909999994,2026-05-19T11:05Z,St. Louis Cardinals,9,-110,-110,-112,-110,-110,-108,False,DraftKings,1,-111,10,,,1.5,Final/10,8.0,-109
TEX,2026-05-20T00:40Z,401815414,COL,2026,Texas Rangers,10,51.019980190000005,2026-05-19T11:06Z,Colorado Rockies,0,-108,-108,-132,-112,-112,109,False,DraftKings,1,-107,9,,,1.5,Final,10.0,-112
ATH,2026-05-20T01:38Z,401815415,LAA,2026,Athletics,14,57.38455601,2026-05-19T11:05Z,Los Angeles Angels,6,118,118,109,-142,-142,-131,False,DraftKings,1,-111,9,,,-1.5,Final,9.0,-108
CHW,2026-05-20T01:40Z,401815416,SEA,2026,Chicago White Sox,2,56.4032486,2026-05-19T11:06Z,Seattle Mariners,1,114,114,125,-137,-137,-151,False,DraftKings,1,-102,9,,,-1.5,Final,8.0,-119
LAD,2026-05-20T01:40Z,401815417,SD,2026,Los Angeles Dodgers,5,37.86562612,2026-05-19T11:06Z,San Diego Padres,4,-174,-174,-156,143,143,129,False,DraftKings,1,-109,9,,,1.5,Final,8.0,-110
SF,2026-05-20T01:40Z,401815418,ARI,2026,San Francisco Giants,3,57.20798916,2026-05-19T11:05Z,Arizona Diamondbacks,5,105,105,100,-126,-126,-120,False,DraftKings,1,-107,9,,,-1.5,Final,8.5,-112
CIN,2026-05-20T17:05Z,401815421,PHI,2026,Cincinnati Reds,9,49.5805263,2026-05-20T11:05Z,Philadelphia Phillies,4,130,130,119,-157,-157,-143,False,DraftKings,1,-117,9,,,-1.5,Final,9.5,-103
BAL,2026-05-20T17:10Z,401815420,TB,2026,Baltimore Orioles,3,62.470200330000004,2026-05-20T11:05Z,Tampa Bay Rays,5,-103,-103,-102,-117,-117,-118,False,DraftKings,1,-105,9,,,1.5,Final,8.5,-114
HOU,2026-05-20T17:40Z,401815426,MIN,2026,Houston Astros,1,64.67909402000001,2026-05-20T11:05Z,Minnesota Twins,4,113,113,135,-136,-136,-163,False,DraftKings,1,-114,9,,,-1.5,Final,7.5,-105
TEX,2026-05-20T19:10Z,401815429,COL,2026,Texas Rangers,5,44.81534193,2026-05-20T11:05Z,Colorado Rockies,4,-123,-123,-131,102,102,109,False,DraftKings,1,-110,9,,,1.5,Final,10.0,-110
SF,2026-05-20T19:40Z,401815433,ARI,2026,San Francisco Giants,3,59.99548839,2026-05-20T11:05Z,Arizona Diamondbacks,6,-107,-107,109,-112,-112,-131,False,DraftKings,1,-112,9,,,1.5,Final,8.5,-107
CHW,2026-05-20T20:10Z,401815431,SEA,2026,Chicago White Sox,4,60.71620585,2026-05-20T11:05Z,Seattle Mariners,5,119,119,129,-144,-144,-156,False,DraftKings,1,100,9,,,-1.5,Final,7.5,-121
ATL,2026-05-20T22:40Z,401815419,MIA,2026,Atlanta Braves,9,36.46952632,2026-05-20T11:05Z,Miami Marlins,1,-186,-186,-199,153,153,163,False,DraftKings,1,-114,9,,,1.5,Final,7.0,-105
CLE,2026-05-20T22:40Z,401815422,DET,2026,Cleveland Guardians,3,50.77106522,2026-05-20T11:05Z,Detroit Tigers,2,-115,-115,-131,-105,-105,109,False,DraftKings,1,-101,10,,,1.5,Final/10,7.5,-120
NYM,2026-05-20T22:45Z,401815423,WSH,2026,New York Mets,4,52.86042346999999,2026-05-20T11:05Z,Washington Nationals,8,-126,-126,-126,105,105,104,False,DraftKings,1,-105,9,,,1.5,Final,9.5,-114
TOR,2026-05-20T23:05Z,401815424,NYY,2026,Toronto Blue Jays,2,69.04625459,2026-05-20T11:05Z,New York Yankees,1,137,137,135,-166,-166,-163,False,DraftKings,1,-119,9,,,-1.5,Final,7.5,-101
BOS,2026-05-20T23:40Z,401815425,KC,2026,Boston Red Sox,4,48.24490931,2026-05-20T11:05Z,Kansas City Royals,3,-105,-105,100,-114,-114,-120,False,DraftKings,1,-108,9,,,1.5,Final,7.5,-111
MIL,2026-05-20T23:40Z,401815427,CHC,2026,Milwaukee Brewers,5,51.11833139,2026-05-20T11:05Z,Chicago Cubs,0,104,104,-105,-125,-125,-115,False,DraftKings,1,-101,9,,,-1.5,Final,6.5,-120
PIT,2026-05-20T23:45Z,401815428,STL,2026,Pittsburgh Pirates,7,56.261358800000004,2026-05-20T11:05Z,St. Louis Cardinals,0,-102,-102,104,-118,-118,-126,False,DraftKings,1,-109,9,,,1.5,Final,7.5,-110
LAD,2026-05-21T00:40Z,401815432,SD,2026,Los Angeles Dodgers,4,31.14064625,2026-05-20T11:05Z,San Diego Padres,0,-198,-198,-163,162,162,139,False,DraftKings,1,-103,9,,,1.5,Final,7.5,-117
ATH,2026-05-21T01:38Z,401815430,LAA,2026,Athletics,6,39.41098528,2026-05-20T11:05Z,Los Angeles Angels,5,-125,-125,-122,104,104,102,False,DraftKings,1,-112,10,,,1.5,Final/10,9.5,-108
CLE,2026-05-21T17:10Z,401815435,DET,2026,Cleveland Guardians,3,50.273394579999994,2026-05-21T11:05Z,Detroit Tigers,1,108,108,-102,-131,-131,-118,False,DraftKings,1,102,9,,,-1.5,Final,7.5,-122
PIT,2026-05-21T17:15Z,401815438,STL,2026,Pittsburgh Pirates,6,41.80789145,2026-05-21T11:05Z,St. Louis Cardinals,2,-120,-120,-126,-101,-101,104,False,DraftKings,1,-112,9,,,1.5,Final,7.0,-107
NYM,2026-05-21T20:05Z,401815436,WSH,2026,New York Mets,2,57.66699449,2026-05-21T11:05Z,Washington Nationals,1,-112,-112,-112,-108,-108,-108,False,DraftKings,1,-102,9,,,1.5,Final,8.0,-119
ATL,2026-05-21T22:40Z,401815434,MIA,2026,Atlanta Braves,9,47.86783382,2026-05-21T11:05Z,Miami Marlins,3,-137,-137,-143,114,114,119,False,DraftKings,1,-106,9,,,1.5,Final,7.5,-114
TOR,2026-05-21T23:05Z,401815437,NYY,2026,Toronto Blue Jays,2,59.52696266,2026-05-21T11:05Z,New York Yankees,0,124,124,129,-149,-149,-156,False,DraftKings,1,-103,9,,,-1.5,Final,8.5,-117
ATH,2026-05-22T01:38Z,401815439,LAA,2026,Athletics,3,56.14603728,2026-05-21T11:05Z,Los Angeles Angels,2,101,101,-105,-122,-122,-115,False,DraftKings,1,-103,10,,,1.5,Final/10,8.5,-117
COL,2026-05-22T01:40Z,401815440,ARI,2026,Colorado Rockies,1,72.67208759,2026-05-21T11:05Z,Arizona Diamondbacks,2,178,178,159,-218,-218,-194,False,DraftKings,1,-103,9,,,-1.5,Final,9.5,-117
HOU,2026-05-22T18:20Z,401815449,CHC,2026,Houston Astros,4,58.16565625,2026-05-22T11:06Z,Chicago Cubs,2,123,123,119,-148,-148,-143,False,DraftKings,1,101,9,,,-1.5,Final,7.0,-121
CLE,2026-05-22T22:40Z,401815441,PHI,2026,Cleveland Guardians,1,65.85830851,2026-05-22T11:05Z,Philadelphia Phillies,0,153,153,159,-186,-186,-194,False,DraftKings,1,-118,9,,,-1.5,Final,6.5,-102
TB,2026-05-22T23:05Z,401815447,NYY,2026,Tampa Bay Rays,4,52.205561349999996,2026-05-22T11:05Z,New York Yankees,2,128,128,129,-154,-154,-156,False,DraftKings,1,-108,9,,,-1.5,Final,7.5,-112
PIT,2026-05-22T23:07Z,401815445,TOR,2026,Pittsburgh Pirates,2,52.54704068,2026-05-22T11:06Z,Toronto Blue Jays,6,139,139,135,-168,-168,-163,False,DraftKings,1,-108,9,,,-1.5,Final,8.0,-111
MIN,2026-05-22T23:10Z,401815443,BOS,2026,Minnesota Twins,8,53.02212277,2026-05-22T11:05Z,Boston Red Sox,6,129,129,135,-156,-156,-163,False,DraftKings,1,-123,9,,,-1.5,Final,7.0,102
NYM,2026-05-22T23:10Z,401815444,MIA,2026,New York Mets,1,52.41188554,2026-05-22T11:06Z,Miami Marlins,2,-101,-101,-131,-120,-120,109,False,DraftKings,1,-106,9,,,1.5,Final,8.0,-114
DET,2026-05-22T23:15Z,401815442,BAL,2026,Detroit Tigers,4,59.128678629999996,2026-05-22T11:05Z,Baltimore Orioles,7,109,109,109,-131,-131,-131,False,DraftKings,1,-112,9,,,-1.5,Final,8.0,-107
WSH,2026-05-22T23:15Z,401815448,ATL,2026,Washington Nationals,4,72.37570313,2026-05-22T11:06Z,Atlanta Braves,5,159,159,179,-194,-194,-219,False,DraftKings,1,-109,11,,,-1.5,Final/11,8.5,-110
LAD,2026-05-22T23:40Z,401815450,MIL,2026,Los Angeles Dodgers,1,50.37972467,2026-05-22T11:05Z,Milwaukee Brewers,5,-109,-109,-126,-110,-110,104,False,DraftKings,1,-114,9,,,1.5,Final,8.0,-105
SEA,2026-05-22T23:40Z,401815451,KC,2026,Seattle Mariners,2,45.13266112,2026-05-22T11:06Z,Kansas City Royals,0,-121,-121,-136,100,100,113,False,DraftKings,1,-114,9,,,1.5,Final,8.0,-105
TEX,2026-05-23T01:38Z,401815455,LAA,2026,Texas Rangers,6,37.139646479999996,2026-05-22T11:05Z,Los Angeles Angels,9,-163,-163,-168,135,135,139,False,DraftKings,1,-113,9,,,1.5,Final,7.5,-106
ATH,2026-05-23T01:40Z,401815452,SD,2026,Athletics,3,51.23685146,2026-05-22T11:05Z,San Diego Padres,7,102,102,113,-123,-123,-136,False,DraftKings,1,-115,9,,,-1.5,Final,7.5,-104
COL,2026-05-23T01:40Z,401815454,ARI,2026,Colorado Rockies,3,68.37460202999999,2026-05-22T11:06Z,Arizona Diamondbacks,2,192,192,169,-237,-237,-207,False,DraftKings,1,-119,9,,,-1.5,Final,9.0,-102
CHW,2026-05-23T02:15Z,401815453,SF,2026,Chicago White Sox,9,58.84960026,2026-05-22T11:05Z,San Francisco Giants,4,-120,-120,-118,100,100,-102,False,DraftKings,1,100,9,,,1.5,Final,7.5,-120
STL,2026-05-23T17:10Z,401873647,CIN,2026,St. Louis Cardinals,8,46.88082952,2026-05-23T11:06Z,Cincinnati Reds,1,-105,-105,-102,-114,-114,-118,False,DraftKings,1,-105,9,,,1.5,Final,10.0,-115
HOU,2026-05-23T18:20Z,401815464,CHC,2026,Houston Astros,3,56.474715659999994,2026-05-23T11:06Z,Chicago Cubs,0,123,123,123,-149,-149,-149,False,DraftKings,1,-112,9,,,-1.5,Final,7.0,-107
PIT,2026-05-23T19:07Z,401815460,TOR,2026,Pittsburgh Pirates,2,36.69320772,2026-05-23T11:06Z,Toronto Blue Jays,5,-144,-144,-149,119,119,123,False,DraftKings,1,102,9,,,1.5,Final,7.5,-122
CLE,2026-05-23T20:05Z,401815456,PHI,2026,Cleveland Guardians,0,68.55302175,2026-05-23T11:06Z,Philadelphia Phillies,3,138,138,163,-167,-167,-199,False,DraftKings,1,-102,9,,,-1.5,Final,7.0,-118
CHW,2026-05-23T20:05Z,401815468,SF,2026,Chicago White Sox,3,60.20775974,2026-05-23T11:05Z,San Francisco Giants,10,-103,-103,104,-117,-117,-126,False,DraftKings,1,-102,9,,,1.5,Final,9.0,-119
MIN,2026-05-23T20:10Z,401815458,BOS,2026,Minnesota Twins,4,50.855572130000006,2026-05-23T11:06Z,Boston Red Sox,2,109,109,-102,-131,-131,-118,False,DraftKings,1,-117,9,,,-1.5,Final,7.5,-103
NYM,2026-05-23T20:10Z,401815459,MIA,2026,New York Mets,1,52.28109454,2026-05-23T11:06Z,Miami Marlins,4,-108,-108,-108,-112,-112,-112,False,DraftKings,1,-104,9,,,1.5,Final,8.0,-116
WSH,2026-05-23T20:10Z,401815463,ATL,2026,Washington Nationals,2,69.47971985,2026-05-23T11:06Z,Atlanta Braves,0,143,143,163,-173,-173,-199,False,DraftKings,1,-113,9,,,-1.5,Final,8.5,-107
SEA,2026-05-23T20:10Z,401815466,KC,2026,Seattle Mariners,0,46.50441976,2026-05-23T11:06Z,Kansas City Royals,5,-131,-131,-143,108,108,119,False,DraftKings,1,-118,9,,,1.5,Final,8.0,-102
STL,2026-05-23T23:15Z,401815461,CIN,2026,St. Louis Cardinals,6,28.96202264,2026-05-23T11:06Z,Cincinnati Reds,7,-106,-106,-108,-114,-114,-112,False,DraftKings,1,-107,11,,,1.5,Final/11,10.0,-113
LAD,2026-05-23T23:15Z,401815465,MIL,2026,Los Angeles Dodgers,11,51.680181989999994,2026-05-23T11:06Z,Milwaukee Brewers,3,-115,-115,-126,-105,-105,104,False,DraftKings,1,-115,9,,,1.5,Final,8.5,-104
ATH,2026-05-24T01:40Z,401815467,SD,2026,Athletics,0,54.86563723,2026-05-23T11:06Z,San Diego Padres,2,-132,-132,-112,109,109,-108,False,DraftKings,1,-105,9,,,1.5,Final,8.0,-115
TEX,2026-05-24T02:05Z,401815470,LAA,2026,Texas Rangers,2,42.39458308,2026-05-23T11:06Z,Los Angeles Angels,5,-137,-137,-136,114,114,113,False,DraftKings,1,-105,9,,,1.5,Final,7.5,-114
COL,2026-05-24T02:10Z,401815469,ARI,2026,Colorado Rockies,4,66.51493263,2026-05-23T11:06Z,Arizona Diamondbacks,5,159,159,149,-194,-194,-181,False,DraftKings,1,-103,9,,,-1.5,Final,9.5,-117
PIT,2026-05-24T16:15Z,401815475,TOR,2026,Pittsburgh Pirates,4,55.78486246999999,2026-05-24T11:06Z,Toronto Blue Jays,1,145,145,129,-176,-176,-156,False,DraftKings,1,-114,9,,,-1.5,Final,7.5,-106
DET,2026-05-24T16:35Z,401815472,BAL,2026,Detroit Tigers,3,51.036901840000006,2026-05-24T11:06Z,Baltimore Orioles,5,105,105,113,-126,-126,-136,False,DraftKings,1,-105,9,,,-1.5,Final,8.0,-114
CLE,2026-05-24T17:35Z,401815471,PHI,2026,Cleveland Guardians,3,39.40710163,2026-05-24T11:06Z,Philadelphia Phillies,1,-115,-115,-136,-105,-105,113,False,DraftKings,1,-120,9,,,1.5,Final,7.0,100
MIN,2026-05-24T17:35Z,401815473,BOS,2026,Minnesota Twins,6,59.126097109999996,2026-05-24T11:06Z,Boston Red Sox,5,144,144,129,-175,-175,-156,False,DraftKings,1,-114,9,,,-1.5,Final,7.0,-105
TB,2026-05-24T17:35Z,401815477,NYY,2026,Tampa Bay Rays,0,56.630950989999995,2026-05-24T11:06Z,New York Yankees,2,117,117,113,-141,-141,-136,False,DraftKings,1,-114,9,,,-1.5,Final,7.0,-106
NYM,2026-05-24T17:40Z,401815474,MIA,2026,New York Mets,0,61.874752779999994,2026-05-24T11:06Z,Miami Marlins,4,108,108,-115,-131,-131,-105,False,DraftKings,1,-114,9,,,-1.5,Final,7.5,-105
LAD,2026-05-24T18:10Z,401815480,MIL,2026,Los Angeles Dodgers,5,40.86949216,2026-05-24T11:06Z,Milwaukee Brewers,1,-149,-149,-175,123,123,144,False,DraftKings,1,-112,9,,,1.5,Final,8.0,-107
SEA,2026-05-24T18:10Z,401815481,KC,2026,Seattle Mariners,6,44.62214859,2026-05-24T11:06Z,Kansas City Royals,8,-127,-127,-136,106,106,113,False,DraftKings,1,-103,9,,,1.5,Final,8.5,-117
HOU,2026-05-24T18:20Z,401815479,CHC,2026,Houston Astros,8,61.90473076000001,2026-05-24T11:06Z,Chicago Cubs,5,139,139,139,-168,-168,-168,False,DraftKings,1,-106,9,,,-1.5,Final,7.0,-113
CHW,2026-05-24T20:05Z,401815483,SF,2026,Chicago White Sox,5,61.090171670000004,2026-05-24T11:06Z,San Francisco Giants,8,103,103,-115,-124,-124,-105,False,DraftKings,1,-108,9,,,1.5,Final,8.0,-112
WSH,2026-05-24T20:10Z,401815478,ATL,2026,Washington Nationals,2,62.925747089999994,2026-05-24T11:06Z,Atlanta Braves,1,130,130,144,-157,-157,-175,False,DraftKings,1,-118,9,,,-1.5,Final,8.0,-102
ATH,2026-05-24T20:10Z,401815482,SD,2026,Athletics,5,66.13027791,2026-05-24T11:06Z,San Diego Padres,2,144,144,139,-175,-175,-168,False,DraftKings,1,-104,9,,,-1.5,Final,7.5,-115
COL,2026-05-24T20:10Z,401815484,ARI,2026,Colorado Rockies,1,64.4689976,2026-05-24T11:06Z,Arizona Diamondbacks,9,168,168,144,-205,-205,-175,False,DraftKings,1,100,9,,,-1.5,Final,9.0,-120
DET,2026-05-24T22:05Z,401873649,BAL,2026,Detroit Tigers,4,58.06785913,2026-05-24T11:06Z,Baltimore Orioles,1,106,106,100,-127,-127,-121,False,DraftKings,1,-113,9,,,-1.5,Final,8.0,-107
TEX,2026-05-24T23:20Z,401815485,LAA,2026,Texas Rangers,1,51.91659835,2026-05-24T11:06Z,Los Angeles Angels,2,104,104,105,-125,-125,-126,False,DraftKings,1,-119,9,,,1.5,Final,7.5,-102
CHC,2026-05-25T17:35Z,401815486,PIT,2026,Chicago Cubs,1,51.859286059999995,2026-05-25T11:06Z,Pittsburgh Pirates,2,-123,-123,-115,102,102,-105,False,DraftKings,1,-103,9,,,1.5,Final,8.5,-117
TB,2026-05-25T17:35Z,401815489,BAL,2026,Tampa Bay Rays,7,59.98625733,2026-05-25T11:06Z,Baltimore Orioles,9,-114,-114,-126,-105,-105,104,False,DraftKings,1,-114,13,,,1.5,Final/13,7.5,-105
MIN,2026-05-25T18:10Z,401815492,CHW,2026,Minnesota Twins,1,46.46245267,2026-05-25T11:06Z,Chicago White Sox,3,-105,-105,-112,-114,-114,-108,False,DraftKings,1,-117,9,,,1.5,Final,8.0,-103
STL,2026-05-25T18:10Z,401815494,MIL,2026,St. Louis Cardinals,1,70.90980087999999,2026-05-25T11:06Z,Milwaukee Brewers,5,192,192,184,-237,-237,-226,False,DraftKings,1,-102,9,,,-1.5,Final,7.5,-119
NYY,2026-05-25T19:40Z,401815493,KC,2026,New York Yankees,4,50.73842923,2026-05-25T11:05Z,Kansas City Royals,3,-137,-137,-149,114,114,123,False,DraftKings,1,-122,9,,,1.5,Final,8.5,101
CIN,2026-05-25T20:10Z,401815487,NYM,2026,Cincinnati Reds,7,64.47263672,2026-05-25T11:06Z,New York Mets,2,109,109,135,-132,-132,-163,False,DraftKings,1,-114,9,,,-1.5,Final,7.5,-105
ARI,2026-05-25T21:05Z,401815495,SF,2026,Arizona Diamondbacks,6,55.42193056,2026-05-25T11:06Z,San Francisco Giants,2,108,108,119,-131,-131,-143,False,DraftKings,1,-107,9,,,-1.5,Final,8.0,-113
WSH,2026-05-25T22:10Z,401815490,CLE,2026,Washington Nationals,10,60.501077120000005,2026-05-25T11:06Z,Cleveland Guardians,2,139,139,149,-169,-169,-181,False,DraftKings,1,-105,9,,,-1.5,Final,8.5,-114
PHI,2026-05-25T22:40Z,401815497,SD,2026,Philadelphia Phillies,3,55.69016288,2026-05-25T11:06Z,San Diego Padres,0,-118,-118,-126,-102,-102,104,False,DraftKings,1,-121,9,,,1.5,Final,7.0,101
HOU,2026-05-25T23:05Z,401815491,TEX,2026,Houston Astros,9,60.21327727,2026-05-25T11:06Z,Texas Rangers,0,-101,-101,119,-120,-120,-143,False,DraftKings,1,-102,9,,,1.5,Final,8.0,-119
MIA,2026-05-25T23:07Z,401815488,TOR,2026,Miami Marlins,8,62.44997003,2026-05-25T11:06Z,Toronto Blue Jays,2,124,124,144,-149,-149,-175,False,DraftKings,1,101,9,,,-1.5,Final,7.5,-122
COL,2026-05-26T01:10Z,401815496,LAD,2026,Colorado Rockies,3,78.79313956,2026-05-25T11:06Z,Los Angeles Dodgers,5,257,257,224,-326,-326,-280,False,DraftKings,1,102,9,,,-1.5,Final,9.0,-123
SEA,2026-05-26T01:40Z,401815498,ATH,2026,Seattle Mariners,9,58.95543472,2026-05-25T11:06Z,Athletics,2,-108,-108,-122,-112,-112,102,False,DraftKings,1,-115,9,,,1.5,Final,10.5,-104
WSH,2026-05-26T22:10Z,401815505,CLE,2026,Washington Nationals,6,58.131452110000005,2026-05-26T11:05Z,Cleveland Guardians,3,109,109,129,-132,-132,-156,False,DraftKings,1,-104,9,,,-1.5,Final,7.5,-115
TB,2026-05-26T22:35Z,401815504,BAL,2026,Tampa Bay Rays,1,44.62293011,2026-05-26T11:05Z,Baltimore Orioles,6,-114,-114,-115,-105,-105,-105,False,DraftKings,1,-114,9,,,1.5,Final,8.5,-105
LAA,2026-05-26T22:40Z,401815499,DET,2026,Los Angeles Angels,10,63.30129821,2026-05-26T11:05Z,Detroit Tigers,6,114,114,113,-137,-137,-136,False,DraftKings,1,-105,9,,,-1.5,Final,9.0,-114
CHC,2026-05-26T22:40Z,401815501,PIT,2026,Chicago Cubs,1,62.990476269999995,2026-05-26T11:05Z,Pittsburgh Pirates,12,114,114,109,-137,-137,-131,False,DraftKings,1,-118,9,,,-1.5,Final,8.0,-102
ATL,2026-05-26T22:45Z,401815500,BOS,2026,Atlanta Braves,7,53.75056386,2026-05-26T11:05Z,Boston Red Sox,6,-107,-107,-115,-112,-112,-105,False,DraftKings,1,-112,9,,,1.5,Final,8.0,-107
MIA,2026-05-26T23:07Z,401815503,TOR,2026,Miami Marlins,1,59.83601683999999,2026-05-26T11:05Z,Toronto Blue Jays,8,102,102,119,-123,-123,-143,False,DraftKings,1,-113,9,,,1.5,Final,7.5,-107
CIN,2026-05-26T23:10Z,401815502,NYM,2026,Cincinnati Reds,7,43.5150163,2026-05-26T11:05Z,New York Mets,2,-122,-122,-118,101,101,-102,False,DraftKings,1,-105,9,,,1.5,Final,7.5,-115
MIN,2026-05-26T23:40Z,401815507,CHW,2026,Minnesota Twins,5,42.45824248,2026-05-26T11:05Z,Chicago White Sox,3,-115,-115,-115,-105,-105,-105,False,DraftKings,1,-117,11,,,1.5,Final/11,7.5,-103
NYY,2026-05-26T23:40Z,401815508,KC,2026,New York Yankees,15,27.407266730000003,2026-05-26T11:05Z,Kansas City Royals,1,-199,-199,-207,163,163,169,False,DraftKings,1,-114,9,,,1.5,Final,8.5,-105
STL,2026-05-26T23:40Z,401815509,MIL,2026,St. Louis Cardinals,0,64.84956464,2026-05-26T11:05Z,Milwaukee Brewers,6,178,178,129,-218,-218,-156,False,DraftKings,1,-107,9,,,-1.5,Final,8.0,-112
HOU,2026-05-27T00:05Z,401815506,TEX,2026,Houston Astros,7,59.80275700999999,2026-05-26T11:05Z,Texas Rangers,10,109,109,123,-132,-132,-149,False,DraftKings,1,-109,9,,,-1.5,Final,8.0,-110
PHI,2026-05-27T01:40Z,401815512,SD,2026,Philadelphia Phillies,4,64.26076811,2026-05-26T11:05Z,San Diego Padres,3,-110,-110,104,-110,-110,-126,False,DraftKings,1,-102,9,,,1.5,Final,7.5,-118
SEA,2026-05-27T01:40Z,401815513,ATH,2026,Seattle Mariners,4,53.649131559999994,2026-05-26T11:05Z,Athletics,1,-108,-108,-110,-112,-112,-110,False,DraftKings,1,-106,9,,,1.5,Final,9.5,-114
ARI,2026-05-27T01:45Z,401815510,SF,2026,Arizona Diamondbacks,7,43.913376240000005,2026-05-26T11:05Z,San Francisco Giants,5,-105,-105,-105,-115,-115,-115,False,DraftKings,1,-108,9,,,1.5,Final,8.0,-112
COL,2026-05-27T02:10Z,401815511,LAD,2026,Colorado Rockies,6,73.44139633,2026-05-26T11:05Z,Los Angeles Dodgers,15,197,197,199,-244,-244,-246,False,DraftKings,1,-111,9,,,-1.5,Final,9.0,-109
MIA,2026-05-27T17:07Z,401815518,TOR,2026,Miami Marlins,1,58.544243449999996,2026-05-27T11:05Z,Toronto Blue Jays,2,129,129,129,-156,-156,-156,False,DraftKings,1,-103,9,,,-1.5,Final,7.5,-117
WSH,2026-05-27T17:10Z,401815520,CLE,2026,Washington Nationals,2,63.88633738,2026-05-27T11:05Z,Cleveland Guardians,3,148,148,163,-180,-180,-199,False,DraftKings,1,-118,9,,,-1.5,Final,7.5,-102
STL,2026-05-27T17:40Z,401815524,MIL,2026,St. Louis Cardinals,1,71.51198716,2026-05-27T11:05Z,Milwaukee Brewers,2,148,148,123,-180,-180,-148,False,DraftKings,1,-114,9,,,-1.5,Final,8.0,-105
SEA,2026-05-27T19:05Z,401815528,ATH,2026,Seattle Mariners,9,46.866092970000004,2026-05-27T11:05Z,Athletics,1,-119,-119,-126,-102,-102,105,False,DraftKings,1,-105,9,,,1.5,Final,9.0,-114
ARI,2026-05-27T19:45Z,401815525,SF,2026,Arizona Diamondbacks,3,50.399346800000004,2026-05-27T11:05Z,San Francisco Giants,2,-114,-114,-136,-106,-106,113,False,DraftKings,1,-109,9,,,1.5,Final,7.5,-111
PHI,2026-05-27T20:10Z,401815527,SD,2026,Philadelphia Phillies,3,34.11042137,2026-05-27T11:05Z,San Diego Padres,0,-148,-148,-156,123,123,129,False,DraftKings,1,-103,9,,,1.5,Final,7.0,-117
TB,2026-05-27T22:35Z,401815519,BAL,2026,Tampa Bay Rays,2,48.25166804,2026-05-27T11:05Z,Baltimore Orioles,11,-125,-125,-122,104,104,102,False,DraftKings,1,-104,9,,,1.5,Final,9.5,-115
LAA,2026-05-27T22:40Z,401815514,DET,2026,Los Angeles Angels,0,55.610061509999994,2026-05-27T11:05Z,Detroit Tigers,4,-108,-108,104,-112,-112,-126,False,DraftKings,1,-108,9,,,1.5,Final,7.5,-111
CHC,2026-05-27T22:40Z,401815516,PIT,2026,Chicago Cubs,10,61.14200038999999,2026-05-27T11:05Z,Pittsburgh Pirates,4,104,104,-105,-125,-125,-115,False,DraftKings,1,-122,9,,,1.5,Final,8.5,101
ATL,2026-05-27T22:45Z,401815515,BOS,2026,Atlanta Braves,0,51.22956425,2026-05-27T11:05Z,Boston Red Sox,8,-105,-105,-131,-115,-115,109,False,DraftKings,1,-119,9,,,1.5,Final,8.0,-102
CIN,2026-05-27T23:10Z,401815517,NYM,2026,Cincinnati Reds,2,57.403995699999996,2026-05-27T11:05Z,New York Mets,4,102,102,102,-123,-123,-122,False,DraftKings,1,-105,9,,,1.5,Final,8.5,-114
MIN,2026-05-27T23:40Z,401815522,CHW,2026,Minnesota Twins,2,49.60441921,2026-05-27T11:05Z,Chicago White Sox,15,-110,-110,109,-110,-110,-131,False,DraftKings,1,-112,9,,,1.5,Final,8.0,-107
NYY,2026-05-27T23:40Z,401815523,KC,2026,New York Yankees,7,44.45711102,2026-05-27T11:05Z,Kansas City Royals,0,-156,-156,-143,129,129,119,False,DraftKings,1,-120,9,,,1.5,Final,8.5,-101
HOU,2026-05-28T00:05Z,401815521,TEX,2026,Houston Astros,4,61.819605020000004,2026-05-27T11:05Z,Texas Rangers,3,124,124,139,-149,-149,-168,False,DraftKings,1,-118,9,,,-1.5,Final,7.0,-102
COL,2026-05-28T02:10Z,401815526,LAD,2026,Colorado Rockies,1,86.60900535,2026-05-27T11:05Z,Los Angeles Dodgers,4,343,343,308,-454,-454,-400,False,DraftKings,1,-110,9,,,-1.5,Final,8.0,-109
LAA,2026-05-28T17:10Z,401815529,DET,2026,Los Angeles Angels,7,59.94941239,2026-05-28T11:05Z,Detroit Tigers,1,113,113,109,-136,-136,-131,False,DraftKings,1,-109,9,,,-1.5,Final,8.5,-110
MIN,2026-05-28T18:10Z,401815534,CHW,2026,Minnesota Twins,2,56.51996416,2026-05-28T11:05Z,Chicago White Sox,6,144,144,-110,-175,-175,-110,False,DraftKings,1,-105,9,,,-1.5,Final,8.0,-114
ATL,2026-05-28T20:10Z,401815530,BOS,2026,Atlanta Braves,10,33.41884931,2026-05-28T11:05Z,Boston Red Sox,2,-142,-142,-143,118,118,119,False,DraftKings,1,-118,9,,,1.5,Final,6.5,-102
TOR,2026-05-28T22:35Z,401815532,BAL,2026,Toronto Blue Jays,2,57.24659503,2026-05-28T11:05Z,Baltimore Orioles,1,105,105,109,-126,-126,-131,False,DraftKings,1,-112,9,,,-1.5,Final,8.5,-107
CHC,2026-05-28T22:40Z,401815531,PIT,2026,Chicago Cubs,7,67.29896458,2026-05-28T11:05Z,Pittsburgh Pirates,2,144,144,144,-175,-175,-175,False,DraftKings,1,-117,9,,,-1.5,Final,7.5,-103
HOU,2026-05-29T00:05Z,401815533,TEX,2026,Houston Astros,5,61.16118668,2026-05-28T11:05Z,Texas Rangers,1,123,123,129,-149,-149,-156,False,DraftKings,1,-116,9,,,-1.5,Final,7.0,-104
ATL,2026-05-29T22:40Z,401815536,CIN,2026,Atlanta Braves,8,36.40692462,2026-05-29T11:05Z,Cincinnati Reds,3,-136,-136,-143,113,113,119,False,DraftKings,1,-107,9,,,1.5,Final,9.5,-112
MIN,2026-05-29T22:45Z,401815539,PIT,2026,Minnesota Twins,5,52.80937977,2026-05-29T11:05Z,Pittsburgh Pirates,6,114,114,119,-137,-137,-143,False,DraftKings,1,-114,9,,,-1.5,Final,8.0,-106
SD,2026-05-29T22:45Z,401815540,WSH,2026,San Diego Padres,7,56.92654443000001,2026-05-29T11:05Z,Washington Nationals,5,-104,-104,-110,-116,-116,-110,False,DraftKings,1,101,9,,,1.5,Final,9.5,-122
TOR,2026-05-29T23:05Z,401815541,BAL,2026,Toronto Blue Jays,6,55.64292361,2026-05-29T11:05Z,Baltimore Orioles,5,105,105,-105,-126,-126,-115,False,DraftKings,1,-102,9,,,1.5,Final,9.5,-118
LAA,2026-05-29T23:10Z,401815535,TB,2026,Los Angeles Angels,5,64.33513329,2026-05-29T11:05Z,Tampa Bay Rays,8,143,143,149,-173,-173,-181,False,DraftKings,1,-103,9,,,-1.5,Final,8.0,-117
BOS,2026-05-29T23:10Z,401815537,CLE,2026,Boston Red Sox,3,52.90835677,2026-05-29T11:05Z,Cleveland Guardians,4,104,104,-102,-126,-126,-118,False,DraftKings,1,-110,9,,,1.5,Final,8.0,-109
MIA,2026-05-29T23:10Z,401815538,NYM,2026,Miami Marlins,7,56.39119532,2026-05-29T11:05Z,New York Mets,9,-105,-105,104,-115,-115,-126,False,DraftKings,1,-114,10,,,1.5,Final/10,7.5,-105
CHC,2026-05-29T23:15Z,401815542,STL,2026,Chicago Cubs,5,49.55896158,2026-05-29T11:05Z,St. Louis Cardinals,6,-135,-135,-136,112,112,113,False,DraftKings,1,-118,9,,,1.5,Final,7.5,-102
DET,2026-05-29T23:40Z,401815543,CHW,2026,Detroit Tigers,3,49.2632389,2026-05-29T11:05Z,Chicago White Sox,4,-108,-108,-122,-112,-112,102,False,DraftKings,1,-122,10,,,1.5,Final/10,8.5,101
KC,2026-05-30T00:05Z,401815544,TEX,2026,Kansas City Royals,1,57.51170966,2026-05-29T11:05Z,Texas Rangers,9,114,114,104,-137,-137,-126,False,DraftKings,1,-103,9,,,-1.5,Final,7.5,-117
MIL,2026-05-30T00:10Z,401815545,HOU,2026,Milwaukee Brewers,5,54.44236899,2026-05-29T11:05Z,Houston Astros,4,-144,-144,-122,119,119,102,False,DraftKings,1,-110,10,,,1.5,Final/10,8.5,-109
SF,2026-05-30T00:40Z,401815546,COL,2026,San Francisco Giants,6,38.40027138,2026-05-29T11:05Z,Colorado Rockies,8,-154,-154,-171,128,128,141,False,DraftKings,1,-110,9,,,1.5,Final,10.5,-110
NYY,2026-05-30T01:40Z,401815548,ATH,2026,New York Yankees,8,44.153624130000004,2026-05-29T11:05Z,Athletics,2,-143,-143,-149,119,119,123,False,DraftKings,1,-106,9,,,1.5,Final,9.5,-113
ARI,2026-05-30T02:10Z,401815547,SEA,2026,Arizona Diamondbacks,6,60.93554556,2026-05-29T11:05Z,Seattle Mariners,7,119,119,123,-144,-144,-149,False,DraftKings,1,-107,10,,,-1.5,Final/10,7.0,-112
PHI,2026-05-30T02:15Z,401815549,LAD,2026,Philadelphia Phillies,2,64.39889403,2026-05-29T11:05Z,Los Angeles Dodgers,4,-105,-105,100,-115,-115,-120,False,DraftKings,1,-112,9,,,1.5,Final,8.0,-107
DET,2026-05-30T18:10Z,401815558,CHW,2026,Detroit Tigers,1,54.14994153,2026-05-30T11:05Z,Chicago White Sox,7,-121,-121,-120,100,100,100,False,DraftKings,1,-113,9,,,1.5,Final,7.5,-107
MIN,2026-05-30T20:05Z,401815554,PIT,2026,Minnesota Twins,9,61.343446400000005,2026-05-30T11:05Z,Pittsburgh Pirates,10,128,128,119,-154,-154,-143,False,DraftKings,1,-106,9,,,-1.5,Final,8.5,-114
SD,2026-05-30T20:05Z,401815555,WSH,2026,San Diego Padres,4,52.31490489,2026-05-30T11:05Z,Washington Nationals,9,-136,-136,-126,113,113,104,False,DraftKings,1,-114,9,,,1.5,Final,7.5,-106
TOR,2026-05-30T20:05Z,401815556,BAL,2026,Toronto Blue Jays,5,46.465581830000005,2026-05-30T11:05Z,Baltimore Orioles,6,-131,-131,-131,108,108,109,False,DraftKings,1,-109,9,,,1.5,Final,7.5,-110
KC,2026-05-30T20:05Z,401815559,TEX,2026,Kansas City Royals,6,58.66313464,2026-05-30T11:05Z,Texas Rangers,7,-102,-102,104,-118,-118,-126,False,DraftKings,1,-101,9,,,1.5,Final,8.0,-119
LAA,2026-05-30T20:10Z,401815550,TB,2026,Los Angeles Angels,14,63.51650557000001,2026-05-30T11:05Z,Tampa Bay Rays,3,143,143,141,-173,-173,-171,False,DraftKings,1,-112,9,,,-1.5,Final,7.0,-108
BOS,2026-05-30T20:10Z,401815552,CLE,2026,Boston Red Sox,9,63.25648860999999,2026-05-30T11:05Z,Cleveland Guardians,1,109,109,119,-131,-131,-143,False,DraftKings,1,100,9,,,-1.5,Final,6.5,-120
MIA,2026-05-30T20:10Z,401815553,NYM,2026,Miami Marlins,1,49.47182497,2026-05-30T11:05Z,New York Mets,6,105,105,119,-126,-126,-143,False,DraftKings,1,-120,9,,,-1.5,Final,7.0,100
MIL,2026-05-30T20:10Z,401815560,HOU,2026,Milwaukee Brewers,2,50.30406509000001,2026-05-30T11:05Z,Houston Astros,9,-117,-117,-115,-103,-103,-105,False,DraftKings,1,100,9,,,1.5,Final,9.0,-121
ATL,2026-05-30T23:15Z,401815551,CIN,2026,Atlanta Braves,5,39.2677426,2026-05-30T11:05Z,Cincinnati Reds,2,-130,-130,-143,108,108,119,False,DraftKings,1,-108,9,,,1.5,Final,9.5,-111
CHC,2026-05-30T23:15Z,401815557,STL,2026,Chicago Cubs,6,48.25192809,2026-05-30T11:05Z,St. Louis Cardinals,1,-131,-131,-126,109,109,104,False,DraftKings,1,-105,9,,,1.5,Final,8.0,-114
SF,2026-05-31T01:10Z,401815561,COL,2026,San Francisco Giants,3,48.588761590000004,2026-05-30T11:05Z,Colorado Rockies,8,-120,-120,-131,-101,-101,109,False,DraftKings,1,-114,9,,,1.5,Final,11.0,-106
NYY,2026-05-31T02:05Z,401815563,ATH,2026,New York Yankees,4,44.88351592,2026-05-30T11:05Z,Athletics,6,-162,-162,-163,134,134,135,False,DraftKings,1,-112,9,,,1.5,Final,9.5,-107
ARI,2026-05-31T02:10Z,401815562,SEA,2026,Arizona Diamondbacks,1,57.69161019,2026-05-30T11:05Z,Seattle Mariners,5,129,129,135,-156,-156,-163,False,DraftKings,1,-102,9,,,-1.5,Final,7.0,-119
PHI,2026-05-31T02:10Z,401815564,LAD,2026,Philadelphia Phillies,4,66.44583448,2026-05-30T11:05Z,Los Angeles Dodgers,3,105,105,104,-126,-126,-126,False,DraftKings,1,-114,9,,,1.5,Final,8.5,-106
TOR,2026-05-31T16:15Z,401815571,BAL,2026,Toronto Blue Jays,5,64.28747614,2026-05-31T11:05Z,Baltimore Orioles,9,114,114,109,-137,-137,-131,False,DraftKings,1,-107,9,,,-1.5,Final,8.0,-112
MIN,2026-05-31T17:35Z,401815569,PIT,2026,Minnesota Twins,3,64.53127512,2026-05-31T11:05Z,Pittsburgh Pirates,9,139,139,135,-168,-168,-163,False,DraftKings,1,-105,9,,,-1.5,Final,7.5,-114
SD,2026-05-31T17:35Z,401815570,WSH,2026,San Diego Padres,2,57.98902621999999,2026-05-31T11:05Z,Washington Nationals,4,-110,-110,-136,-109,-109,113,False,DraftKings,1,-113,9,,,1.5,Final,9.5,-106
LAA,2026-05-31T17:40Z,401815565,TB,2026,Los Angeles Angels,2,69.18055441,2026-05-31T11:05Z,Tampa Bay Rays,5,168,168,159,-205,-205,-194,False,DraftKings,1,-112,9,,,-1.5,Final,8.0,-107
ATL,2026-05-31T17:40Z,401815566,CIN,2026,Atlanta Braves,4,46.85149469,2026-05-31T11:05Z,Cincinnati Reds,6,-125,-125,-136,104,104,113,False,DraftKings,1,-120,9,,,1.5,Final,8.5,100
BOS,2026-05-31T17:40Z,401815567,CLE,2026,Boston Red Sox,9,48.8586222,2026-05-31T11:05Z,Cleveland Guardians,4,-105,-105,-112,-114,-114,-108,False,DraftKings,1,-101,9,,,1.5,Final,7.0,-120
MIA,2026-05-31T17:40Z,401815568,NYM,2026,Miami Marlins,1,61.32168139,2026-05-31T11:05Z,New York Mets,10,133,133,139,-161,-161,-168,False,DraftKings,1,-109,9,,,-1.5,Final,7.5,-111
DET,2026-05-31T18:10Z,401815573,CHW,2026,Detroit Tigers,1,58.976644109999995,2026-05-31T11:05Z,Chicago White Sox,2,113,113,109,-136,-136,-131,False,DraftKings,1,-105,9,,,-1.5,Final,8.0,-114
MIL,2026-05-31T18:10Z,401815575,HOU,2026,Milwaukee Brewers,2,35.02989472,2026-05-31T11:05Z,Houston Astros,0,-193,-193,-181,159,159,149,False,DraftKings,1,-109,9,,,1.5,Final,7.5,-111
KC,2026-05-31T18:35Z,401815574,TEX,2026,Kansas City Royals,3,52.72874264000001,2026-05-31T11:05Z,Texas Rangers,6,-108,-108,-105,-112,-112,-115,False,DraftKings,1,-107,9,,,1.5,Final,7.5,-112
SF,2026-05-31T19:10Z,401815576,COL,2026,San Francisco Giants,19,45.49053799,2026-05-31T11:05Z,Colorado Rockies,6,-117,-117,-131,-103,-103,109,False,DraftKings,1,-113,9,,,1.5,Final,11.0,-107
NYY,2026-05-31T20:05Z,401815578,ATH,2026,New York Yankees,13,42.47757977,2026-05-31T11:05Z,Athletics,8,-172,-172,-156,142,142,129,False,DraftKings,1,-105,9,,,1.5,Final,10.0,-115
ARI,2026-05-31T20:10Z,401815577,SEA,2026,Arizona Diamondbacks,2,51.2369229,2026-05-31T11:05Z,Seattle Mariners,3,128,128,129,-155,-155,-156,False,DraftKings,1,-101,10,,,-1.5,Final/10,7.5,-120
PHI,2026-05-31T20:10Z,401815579,LAD,2026,Philadelphia Phillies,1,78.50986621,2026-05-31T11:05Z,Los Angeles Dodgers,9,199,199,184,-246,-246,-226,False,DraftKings,1,-105,9,,,-1.5,Final,9.0,-114
CHC,2026-05-31T23:20Z,401815572,STL,2026,Chicago Cubs,1,54.04265911,2026-05-31T11:05Z,St. Louis Cardinals,5,-101,-101,-115,-120,-120,-105,False,DraftKings,1,-115,9,,,1.5,Final,8.5,-104
DET,2026-06-01T22:40Z,401815580,TB,2026,Detroit Tigers,10,69.38322109,2026-06-01T11:05Z,Tampa Bay Rays,9,134,134,139,-162,-162,-168,False,DraftKings,1,-103,9,,,-1.5,Final,8.5,-117
MIA,2026-06-01T22:45Z,401815582,WSH,2026,Miami Marlins,7,63.265756399999994,2026-06-01T11:05Z,Washington Nationals,3,115,115,119,-138,-138,-143,False,DraftKings,1,-118,9,,,-1.5,Final,8.0,-102
KC,2026-06-01T23:10Z,401815581,CIN,2026,Kansas City Royals,9,67.02393561,2026-06-01T11:05Z,Cincinnati Reds,2,109,109,159,-131,-131,-194,False,DraftKings,1,-111,9,,,-1.5,Final,9.5,-109
CHW,2026-06-01T23:40Z,401815583,MIN,2026,Chicago White Sox,6,65.46187626999999,2026-06-01T11:05Z,Minnesota Twins,9,119,119,144,-144,-144,-175,False,DraftKings,1,-106,9,,,-1.5,Final,8.0,-114
SF,2026-06-01T23:40Z,401815584,MIL,2026,San Francisco Giants,2,59.60446768999999,2026-06-01T11:05Z,Milwaukee Brewers,16,138,138,119,-167,-167,-143,False,DraftKings,1,-126,9,,,-1.5,Final,7.0,104
TEX,2026-06-01T23:45Z,401815585,STL,2026,Texas Rangers,2,53.49720771999999,2026-06-01T11:05Z,St. Louis Cardinals,1,-131,-131,-122,109,109,102,False,DraftKings,1,101,9,,,1.5,Final,7.5,-122
COL,2026-06-02T01:38Z,401815586,LAA,2026,Colorado Rockies,9,70.71089021,2026-06-01T11:05Z,Los Angeles Angels,8,162,162,169,-198,-198,-207,False,DraftKings,1,-114,9,,,-1.5,Final,8.0,-105
LAD,2026-06-02T01:40Z,401815587,ARI,2026,Los Angeles Dodgers,1,46.96700675,2026-06-01T11:05Z,Arizona Diamondbacks,4,-163,-163,-156,135,135,129,False,DraftKings,1,-119,9,,,1.5,Final,8.5,-101
NYM,2026-06-02T01:40Z,401815588,SEA,2026,New York Mets,2,49.4621228,2026-06-01T11:05Z,Seattle Mariners,3,105,105,123,-126,-126,-149,False,DraftKings,1,-120,10,,,-1.5,Final/10,7.0,100
DET,2026-06-02T22:40Z,401815591,TB,2026,Detroit Tigers,8,64.51499422,2026-06-02T11:05Z,Tampa Bay Rays,0,119,119,123,-143,-143,-149,False,DraftKings,1,-119,9,,,-1.5,Final,8.0,-101
SD,2026-06-02T22:40Z,401815594,PHI,2026,San Diego Padres,2,47.411538289999996,2026-06-02T11:05Z,Philadelphia Phillies,3,128,128,109,-154,-154,-131,False,DraftKings,1,-115,9,,,-1.5,Final,8.0,-105
BAL,2026-06-02T22:45Z,401815589,BOS,2026,Baltimore Orioles,4,65.29866012,2026-06-02T11:05Z,Boston Red Sox,2,113,113,109,-136,-136,-131,False,DraftKings,1,-115,9,,,-1.5,Final,8.5,-104
MIA,2026-06-02T22:45Z,401815593,WSH,2026,Miami Marlins,7,50.02920435,2026-06-02T11:05Z,Washington Nationals,3,-106,-106,-102,-114,-114,-118,False,DraftKings,1,-108,9,,,1.5,Final,9.0,-112
CLE,2026-06-02T23:05Z,401815590,NYY,2026,Cleveland Guardians,9,71.20301204,2026-06-02T11:05Z,New York Yankees,4,163,163,163,-199,-199,-199,False,DraftKings,1,101,9,,,-1.5,Final,7.5,-122
KC,2026-06-02T23:10Z,401815592,CIN,2026,Kansas City Royals,3,61.70990871000001,2026-06-02T11:05Z,Cincinnati Reds,4,107,107,109,-128,-128,-131,False,DraftKings,1,-106,10,,,-1.5,Final/10,9.0,-114
TOR,2026-06-02T23:15Z,401815595,ATL,2026,Toronto Blue Jays,3,63.716508329999996,2026-06-02T11:05Z,Atlanta Braves,4,-105,-105,109,-115,-115,-131,False,DraftKings,1,-105,9,,,1.5,Final,7.5,-114
CHW,2026-06-02T23:40Z,401815597,MIN,2026,Chicago White Sox,4,49.25969459,2026-06-02T11:05Z,Minnesota Twins,6,-125,-125,-118,104,104,-102,False,DraftKings,1,-105,9,,,1.5,Final,8.0,-114
SF,2026-06-02T23:40Z,401815599,MIL,2026,San Francisco Giants,3,68.49278344000001,2026-06-02T11:05Z,Milwaukee Brewers,8,218,218,153,-272,-272,-186,False,DraftKings,1,-114,9,,,-1.5,Final,7.0,-105
TEX,2026-06-02T23:45Z,401815600,STL,2026,Texas Rangers,7,44.777668489999996,2026-06-02T11:05Z,St. Louis Cardinals,4,-112,-112,-110,-108,-108,-110,False,DraftKings,1,-107,9,,,1.5,Final,7.0,-112
ATH,2026-06-03T00:05Z,401815596,CHC,2026,Athletics,2,61.07344681,2026-06-02T11:05Z,Chicago Cubs,1,109,109,104,-132,-132,-126,False,DraftKings,1,-103,9,,,-1.5,Final,7.5,-117
PIT,2026-06-03T00:10Z,401815598,HOU,2026,Pittsburgh Pirates,10,47.01534479,2026-06-02T11:05Z,Houston Astros,6,-102,-102,-105,-119,-119,-115,False,DraftKings,1,-111,9,,,1.5,Final,9.0,-108
COL,2026-06-03T01:38Z,401815601,LAA,2026,Colorado Rockies,8,54.8260541,2026-06-02T11:05Z,Los Angeles Angels,2,135,135,135,-163,-163,-163,False,DraftKings,1,-107,9,,,-1.5,Final,8.5,-112
LAD,2026-06-03T01:40Z,401815602,ARI,2026,Los Angeles Dodgers,6,52.44150698,2026-06-02T11:05Z,Arizona Diamondbacks,5,-115,-115,-120,-104,-104,100,False,DraftKings,1,-115,9,,,1.5,Final,9.0,-104
NYM,2026-06-03T01:40Z,401815603,SEA,2026,New York Mets,3,63.88344189,2026-06-02T11:05Z,Seattle Mariners,8,124,124,123,-149,-149,-149,False,DraftKings,1,-112,9,,,-1.5,Final,7.5,-108
MIA,2026-06-03T17:05Z,401815608,WSH,2026,Miami Marlins,4,57.46278916000001,2026-06-03T11:05Z,Washington Nationals,1,-117,-117,-110,-103,-103,-110,False,DraftKings,1,-114,9,,,1.5,Final,8.0,-105
DET,2026-06-03T17:10Z,401815606,TB,2026,Detroit Tigers,7,65.56400743,2026-06-03T11:05Z,Tampa Bay Rays,2,119,119,123,-144,-144,-149,False,DraftKings,1,-102,9,,,-1.5,Final,8.5,-119
CHW,2026-06-03T17:40Z,401815612,MIN,2026,Chicago White Sox,8,66.27382476,2026-06-03T11:05Z,Minnesota Twins,0,123,123,129,-149,-149,-156,False,DraftKings,1,-108,9,,,-1.5,Final,9.0,-111
NYM,2026-06-03T19:40Z,401815618,SEA,2026,New York Mets,7,56.26097249000001,2026-06-03T11:05Z,Seattle Mariners,1,119,119,123,-144,-144,-149,False,DraftKings,1,-124,9,,,-1.5,Final,7.0,103
SD,2026-06-03T22:40Z,401815609,PHI,2026,San Diego Padres,2,75.10884142,2026-06-03T11:05Z,Philadelphia Phillies,3,194,194,159,-239,-239,-194,False,DraftKings,1,-107,9,,,-1.5,Final,8.0,-113
BAL,2026-06-03T22:45Z,401815604,BOS,2026,Baltimore Orioles,1,53.86456379,2026-06-03T11:05Z,Boston Red Sox,8,130,130,129,-157,-157,-156,False,DraftKings,1,-120,9,,,-1.5,Final,8.5,100
CLE,2026-06-03T23:05Z,401815605,NYY,2026,Cleveland Guardians,5,59.124038420000005,2026-06-03T11:05Z,New York Yankees,4,113,113,139,-136,-136,-168,False,DraftKings,1,101,9,,,-1.5,Final,7.5,-122
KC,2026-06-03T23:10Z,401815607,CIN,2026,Kansas City Royals,5,68.69289423000001,2026-06-03T11:05Z,Cincinnati Reds,2,134,134,113,-162,-162,-136,False,DraftKings,1,-112,9,,,-1.5,Final,8.0,-108
TOR,2026-06-03T23:15Z,401815610,ATL,2026,Toronto Blue Jays,3,65.53756229,2026-06-03T11:05Z,Atlanta Braves,7,123,123,123,-149,-149,-149,False,DraftKings,1,-115,9,,,-1.5,Final,8.0,-104
SF,2026-06-03T23:40Z,401815614,MIL,2026,San Francisco Giants,1,67.07482779,2026-06-03T11:05Z,Milwaukee Brewers,0,113,113,135,-136,-136,-163,False,DraftKings,1,-102,9,,,-1.5,Final,8.5,-119
TEX,2026-06-03T23:45Z,401815615,STL,2026,Texas Rangers,3,49.22898951,2026-06-03T11:05Z,St. Louis Cardinals,5,-108,-108,-108,-112,-112,-112,False,DraftKings,1,-102,9,,,1.5,Final,8.0,-118
ATH,2026-06-04T00:05Z,401815611,CHC,2026,Athletics,5,61.16643856,2026-06-03T11:05Z,Chicago Cubs,4,113,113,104,-136,-136,-126,False,DraftKings,1,-114,10,,,-1.5,Final/10,8.5,-105
PIT,2026-06-04T00:10Z,401815613,HOU,2026,Pittsburgh Pirates,9,41.69640973,2026-06-03T11:05Z,Houston Astros,11,-144,-144,-156,119,119,129,False,DraftKings,1,-103,9,,,1.5,Final,8.0,-117
COL,2026-06-04T01:38Z,401815616,LAA,2026,Colorado Rockies,4,67.08909068,2026-06-03T11:05Z,Los Angeles Angels,11,124,124,135,-149,-149,-163,False,DraftKings,1,-118,9,,,-1.5,Final,8.5,-102
LAD,2026-06-04T01:40Z,401815617,ARI,2026,Los Angeles Dodgers,7,28.23022014,2026-06-03T11:05Z,Arizona Diamondbacks,0,-218,-218,-199,178,178,163,False,DraftKings,1,-102,9,,,1.5,Final,8.5,-119
SD,2026-06-04T17:05Z,401815621,PHI,2026,San Diego Padres,4,67.16973630999999,2026-06-04T11:05Z,Philadelphia Phillies,6,178,178,153,-219,-219,-186,False,DraftKings,1,-111,9,,,-1.5,Final,8.5,-109
BAL,2026-06-04T17:35Z,401815619,BOS,2026,Baltimore Orioles,8,50.70088475,2026-06-04T11:05Z,Boston Red Sox,2,104,104,100,-125,-125,-120,False,DraftKings,1,-110,9,,,-1.5,Final,10.5,-110
CLE,2026-06-04T17:35Z,401815620,NYY,2026,Cleveland Guardians,1,67.80708308999999,2026-06-04T11:05Z,New York Yankees,2,135,135,139,-163,-163,-168,False,DraftKings,1,-105,9,,,-1.5,Final,9.0,-114
SF,2026-06-04T18:10Z,401815626,MIL,2026,San Francisco Giants,12,65.45929093000001,2026-06-04T11:05Z,Milwaukee Brewers,9,158,158,144,-193,-193,-175,False,DraftKings,1,-120,9,,,-1.5,Final,9.0,100
TOR,2026-06-04T23:15Z,401815622,ATL,2026,Toronto Blue Jays,7,77.74314588,2026-06-04T11:05Z,Atlanta Braves,2,210,210,153,-261,-261,-186,False,DraftKings,1,-105,9,,,-1.5,Final,7.5,-115
KC,2026-06-04T23:40Z,401815624,MIN,2026,Kansas City Royals,8,58.79736722,2026-06-04T11:05Z,Minnesota Twins,6,-118,-118,-118,-102,-102,-102,False,DraftKings,1,100,9,,,1.5,Final,9.0,-120
ATH,2026-06-05T00:05Z,401815623,CHC,2026,Athletics,6,55.87509075,2026-06-04T11:05Z,Chicago Cubs,7,123,123,113,-148,-148,-136,False,DraftKings,1,-116,9,,,-1.5,Final,10.0,-104
PIT,2026-06-05T00:10Z,401815625,HOU,2026,Pittsburgh Pirates,5,59.804707300000004,2026-06-04T11:05Z,Houston Astros,1,-108,-108,-108,-112,-112,-112,False,DraftKings,1,-112,9,,,1.5,Final,8.5,-107
LAD,2026-06-05T01:40Z,401815627,ARI,2026,Los Angeles Dodgers,2,38.21709135,2026-06-04T11:05Z,Arizona Diamondbacks,3,-136,-136,-149,113,113,123,False,DraftKings,1,-107,9,,,1.5,Final,9.0,-113
SF,2026-06-05T18:20Z,401815638,CHC,2026,San Francisco Giants,18,63.88580066,2026-06-05T11:05Z,Chicago Cubs,3,134,134,135,-162,-162,-163,False,DraftKings,1,-120,9,,,-1.5,Final,10.5,100
CHW,2026-06-05T22:40Z,401815630,PHI,2026,Chicago White Sox,6,59.25249119,2026-06-05T11:05Z,Philadelphia Phillies,8,157,157,153,-192,-192,-186,False,DraftKings,1,-110,9,,,-1.5,Final,8.5,-110
SEA,2026-06-05T22:40Z,401815632,DET,2026,Seattle Mariners,3,45.90670638,2026-06-05T11:05Z,Detroit Tigers,7,-120,-120,-131,-101,-101,109,False,DraftKings,1,-114,9,,,1.5,Final,7.5,-106
BOS,2026-06-05T23:05Z,401815629,NYY,2026,Boston Red Sox,5,58.88784874,2026-06-05T11:05Z,New York Yankees,3,119,119,123,-144,-144,-149,False,DraftKings,1,-113,9,,,-1.5,Final,8.0,-106
BAL,2026-06-05T23:07Z,401815628,TOR,2026,Baltimore Orioles,13,63.076827599999994,2026-06-05T11:05Z,Toronto Blue Jays,3,128,128,129,-154,-154,-156,False,DraftKings,1,-113,9,,,-1.5,Final,8.5,-107
TB,2026-06-05T23:10Z,401815633,MIA,2026,Tampa Bay Rays,6,45.931254700000004,2026-06-05T11:05Z,Miami Marlins,0,-131,-131,-143,109,109,119,False,DraftKings,1,-102,9,,,1.5,Final,8.0,-118
PIT,2026-06-05T23:15Z,401815631,ATL,2026,Pittsburgh Pirates,3,61.37729287,2026-06-05T11:05Z,Atlanta Braves,6,119,119,119,-144,-144,-143,False,DraftKings,1,-102,9,,,-1.5,Final,8.5,-118
ATH,2026-06-06T00:10Z,401815634,HOU,2026,Athletics,1,59.14198622,2026-06-05T11:05Z,Houston Astros,5,-105,-105,-115,-115,-115,-105,False,DraftKings,1,-102,9,,,1.5,Final,9.0,-118
CIN,2026-06-06T00:15Z,401815635,STL,2026,Cincinnati Reds,3,63.96093999,2026-06-05T11:05Z,St. Louis Cardinals,10,119,119,113,-144,-144,-136,False,DraftKings,1,-121,9,,,-1.5,Final,9.0,100
CLE,2026-06-06T00:15Z,401815636,TEX,2026,Cleveland Guardians,2,43.28584,2026-06-05T11:05Z,Texas Rangers,3,-131,-131,-143,108,108,119,False,DraftKings,1,-109,9,,,1.5,Final,7.5,-110
KC,2026-06-06T00:15Z,401815637,MIN,2026,Kansas City Royals,3,55.59563496,2026-06-05T11:05Z,Minnesota Twins,5,100,100,-105,-121,-121,-115,False,DraftKings,1,-111,9,,,1.5,Final,8.5,-109
MIL,2026-06-06T00:40Z,401815639,COL,2026,Milwaukee Brewers,9,44.07383798,2026-06-05T11:05Z,Colorado Rockies,7,-161,-161,-156,133,133,129,False,DraftKings,1,-111,10,,,1.5,Final/10,12.0,-109
NYM,2026-06-06T01:40Z,401815641,SD,2026,New York Mets,5,59.33318147999999,2026-06-05T11:05Z,San Diego Padres,0,108,108,109,-131,-131,-131,False,DraftKings,1,-120,9,,,-1.5,Final,7.0,100
WSH,2026-06-06T01:40Z,401815642,ARI,2026,Washington Nationals,14,54.32921265,2026-06-05T11:05Z,Arizona Diamondbacks,1,113,113,113,-136,-136,-136,False,DraftKings,1,-102,9,,,-1.5,Final,9.0,-118
LAA,2026-06-06T02:10Z,401815640,LAD,2026,Los Angeles Angels,0,61.99983305,2026-06-05T11:05Z,Los Angeles Dodgers,1,168,168,153,-205,-205,-186,False,DraftKings,1,-114,9,,,-1.5,Final,8.5,-105
SEA,2026-06-06T17:10Z,401815647,DET,2026,Seattle Mariners,4,51.5625363,2026-06-06T11:05Z,Detroit Tigers,0,-126,-126,-136,104,104,113,False,DraftKings,1,-103,9,,,1.5,Final,9.0,-117
KC,2026-06-06T18:10Z,401815652,MIN,2026,Kansas City Royals,3,61.844707050000004,2026-06-06T11:05Z,Minnesota Twins,2,119,119,123,-144,-144,-149,False,DraftKings,1,-109,9,,,-1.5,Final,8.5,-111
CIN,2026-06-06T18:15Z,401815650,STL,2026,Cincinnati Reds,5,56.327314279999996,2026-06-06T11:05Z,St. Louis Cardinals,6,105,105,109,-126,-126,-131,False,DraftKings,1,-114,9,,,-1.5,Final,9.0,-105
SF,2026-06-06T18:20Z,401815653,CHC,2026,San Francisco Giants,2,64.67804715,2026-06-06T11:05Z,Chicago Cubs,3,124,124,119,-149,-149,-143,False,DraftKings,1,-108,10,,,-1.5,Final/10,7.5,-111
BAL,2026-06-06T19:07Z,401815643,TOR,2026,Baltimore Orioles,4,49.04499188,2026-06-06T11:05Z,Toronto Blue Jays,6,-105,-105,-108,-115,-115,-112,False,DraftKings,1,-110,9,,,1.5,Final,8.5,-110
CHW,2026-06-06T20:05Z,401815645,PHI,2026,Chicago White Sox,6,49.65672497,2026-06-06T11:05Z,Philadelphia Phillies,3,117,117,113,-141,-141,-136,False,DraftKings,1,-111,9,,,-1.5,Final,10.0,-109
PIT,2026-06-06T20:10Z,401815646,ATL,2026,Pittsburgh Pirates,3,50.12021067,2026-06-06T11:05Z,Atlanta Braves,6,-103,-103,-105,-117,-117,-115,False,DraftKings,1,-106,9,,,1.5,Final,8.0,-114
TB,2026-06-06T20:10Z,401815648,MIA,2026,Tampa Bay Rays,3,52.83969771,2026-06-06T11:05Z,Miami Marlins,4,-131,-131,-149,109,109,123,False,DraftKings,1,-112,9,,,1.5,Final,7.5,-107
ATH,2026-06-06T20:10Z,401815649,HOU,2026,Athletics,2,56.38614236,2026-06-06T11:05Z,Houston Astros,13,108,108,-108,-130,-130,-112,False,DraftKings,1,-107,9,,,-1.5,Final,9.5,-113
WSH,2026-06-06T20:10Z,401815657,ARI,2026,Washington Nationals,6,61.29779117,2026-06-06T11:05Z,Arizona Diamondbacks,1,134,134,135,-162,-162,-163,False,DraftKings,1,-102,9,,,-1.5,Final,9.0,-119
CLE,2026-06-06T23:35Z,401815651,TEX,2026,Cleveland Guardians,6,55.402755260000006,2026-06-06T11:05Z,Texas Rangers,0,104,104,-110,-126,-126,-110,False,DraftKings,1,-112,9,,,-1.5,Final,7.5,-107
MIL,2026-06-07T01:10Z,401815654,COL,2026,Milwaukee Brewers,7,25.8284775,2026-06-06T11:05Z,Colorado Rockies,1,-313,-313,-259,248,248,209,False,DraftKings,1,-105,9,,,1.5,Final,11.0,-114
LAA,2026-06-07T02:10Z,401815655,LAD,2026,Los Angeles Angels,2,82.76076097,2026-06-06T11:05Z,Los Angeles Dodgers,9,290,290,258,-374,-374,-328,False,DraftKings,1,-117,9,,,-1.5,Final,8.5,-103
NYM,2026-06-07T02:10Z,401815656,SD,2026,New York Mets,2,42.82493703,2026-06-06T11:05Z,San Diego Padres,3,-125,-125,-122,104,104,102,False,DraftKings,1,-107,9,,,1.5,Final,7.5,-112
BOS,2026-06-07T17:35Z,401815659,NYY,2026,Boston Red Sox,1,68.58332193,2026-06-07T11:05Z,New York Yankees,6,123,123,144,-149,-149,-175,False,DraftKings,1,-103,9,,,-1.5,Final,8.0,-117
CHW,2026-06-07T17:35Z,401815660,PHI,2026,Chicago White Sox,5,53.07858489,2026-06-07T11:05Z,Philadelphia Phillies,9,143,143,135,-173,-173,-163,False,DraftKings,1,-114,9,,,-1.5,Final,9.0,-106
PIT,2026-06-07T17:35Z,401815661,ATL,2026,Pittsburgh Pirates,2,61.150124059999996,2026-06-07T11:05Z,Atlanta Braves,3,133,133,119,-161,-161,-143,False,DraftKings,1,-112,9,,,-1.5,Final,8.5,-108
BAL,2026-06-07T17:37Z,401815658,TOR,2026,Baltimore Orioles,4,56.43156344,2026-06-07T11:05Z,Toronto Blue Jays,6,118,118,113,-143,-143,-136,False,DraftKings,1,-118,9,,,-1.5,Final,8.0,-102
SEA,2026-06-07T17:40Z,401815662,DET,2026,Seattle Mariners,4,50.82805254,2026-06-07T11:05Z,Detroit Tigers,5,102,102,-122,-123,-123,102,False,DraftKings,1,-122,9,,,1.5,Final,8.5,102
TB,2026-06-07T17:40Z,401815663,MIA,2026,Tampa Bay Rays,1,46.26188148,2026-06-07T11:05Z,Miami Marlins,4,-109,-109,-115,-111,-111,-105,False,DraftKings,1,-117,9,,,1.5,Final,7.5,-103
ATH,2026-06-07T18:10Z,401815664,HOU,2026,Athletics,5,58.03066234999999,2026-06-07T11:05Z,Houston Astros,0,-110,-110,-112,-109,-109,-108,False,DraftKings,1,-114,9,,,1.5,Final,9.0,-105
KC,2026-06-07T18:10Z,401815667,MIN,2026,Kansas City Royals,6,55.62911066,2026-06-07T11:05Z,Minnesota Twins,5,-119,-119,-112,-102,-102,-108,False,DraftKings,1,-114,9,,,1.5,Final,8.5,-105
CIN,2026-06-07T18:15Z,401815665,STL,2026,Cincinnati Reds,3,64.83283351,2026-06-07T11:05Z,St. Louis Cardinals,5,128,128,113,-155,-155,-136,False,DraftKings,1,100,9,,,-1.5,Final,9.5,-120
CLE,2026-06-07T18:35Z,401815666,TEX,2026,Cleveland Guardians,0,56.9850797,2026-06-07T11:05Z,Texas Rangers,10,119,119,113,-144,-144,-136,False,DraftKings,1,-114,9,,,-1.5,Final,7.0,-105
MIL,2026-06-07T19:10Z,401815669,COL,2026,Milwaukee Brewers,12,33.12878369,2026-06-07T11:05Z,Colorado Rockies,4,-188,-188,-181,154,154,149,False,DraftKings,1,-114,9,,,1.5,Final,11.5,-105
WSH,2026-06-07T19:15Z,401815672,ARI,2026,Washington Nationals,1,54.658314649999994,2026-06-07T11:05Z,Arizona Diamondbacks,5,114,114,113,-137,-137,-136,False,DraftKings,1,-118,9,,,-1.5,Final,8.0,-102
LAA,2026-06-07T20:10Z,401815670,LAD,2026,Los Angeles Angels,13,67.85175348,2026-06-07T11:05Z,Los Angeles Dodgers,5,214,214,169,-266,-266,-207,False,DraftKings,1,-103,9,,,-1.5,Final,8.5,-117
NYM,2026-06-07T20:10Z,401815671,SD,2026,New York Mets,7,55.27206253,2026-06-07T11:05Z,San Diego Padres,3,-114,-114,-105,-106,-106,-115,False,DraftKings,1,-112,9,,,1.5,Final,7.5,-107
SF,2026-06-08T00:30Z,401815668,CHC,2026,San Francisco Giants,2,52.185591769999995,2026-06-07T11:05Z,Chicago Cubs,1,104,104,-102,-126,-126,-118,False,DraftKings,1,-102,10,,,-1.5,Final/10,8.5,-118
SEA,2026-06-08T22:35Z,401815676,BAL,2026,Seattle Mariners,6,53.94370516,2026-06-08T11:05Z,Baltimore Orioles,3,-126,-126,-136,104,104,113,False,DraftKings,1,-102,9,,,1.5,Final,9.5,-118
BOS,2026-06-08T22:40Z,401815673,TB,2026,Boston Red Sox,1,46.68516266,2026-06-08T11:05Z,Tampa Bay Rays,3,-109,-109,-118,-111,-111,-102,False,DraftKings,1,-106,9,,,1.5,Final,8.0,-114
NYY,2026-06-08T22:40Z,401815674,CLE,2026,New York Yankees,7,48.91155629,2026-06-08T11:05Z,Cleveland Guardians,5,109,109,-105,-132,-132,-115,False,DraftKings,1,-118,10,,,-1.5,Final/10,7.5,-102
PHI,2026-06-08T23:07Z,401815675,TOR,2026,Philadelphia Phillies,5,37.35384535,2026-06-08T11:05Z,Toronto Blue Jays,2,-186,-186,-181,153,153,149,False,DraftKings,1,-125,9,,,1.5,Final,7.0,104
HOU,2026-06-09T01:38Z,401815678,LAA,2026,Houston Astros,5,42.144581339999995,2026-06-08T11:05Z,Los Angeles Angels,4,-131,-131,-115,108,108,-105,False,DraftKings,1,100,10,,,1.5,Final/10,9.5,-120
CIN,2026-06-09T01:40Z,401815677,SD,2026,Cincinnati Reds,2,48.76614574,2026-06-08T11:05Z,San Diego Padres,6,118,118,119,-142,-142,-143,False,DraftKings,1,-113,9,,,-1.5,Final,7.5,-106
WSH,2026-06-09T01:45Z,401815680,SF,2026,Washington Nationals,4,66.19505347,2026-06-08T11:05Z,San Francisco Giants,3,129,129,149,-156,-156,-181,False,DraftKings,1,-114,9,,,-1.5,Final,8.0,-105
MIL,2026-06-09T02:05Z,401815679,ATH,2026,Milwaukee Brewers,15,29.510918800000002,2026-06-08T11:05Z,Athletics,14,-157,-157,-156,130,130,129,False,DraftKings,1,-108,12,,,1.5,Final/12,11.0,-112
SEA,2026-06-09T22:35Z,401815687,BAL,2026,Seattle Mariners,6,50.43141072,2026-06-09T11:05Z,Baltimore Orioles,5,-120,-120,-126,-101,-101,104,False,DraftKings,1,-118,10,,,1.5,Final/10,8.5,-102
ARI,2026-06-09T22:40Z,401815681,MIA,2026,Arizona Diamondbacks,6,61.993659619999995,2026-06-09T11:05Z,Miami Marlins,10,109,109,100,-132,-132,-120,False,DraftKings,1,-102,9,,,-1.5,Final,8.0,-118
BOS,2026-06-09T22:40Z,401815682,TB,2026,Boston Red Sox,3,59.24909523,2026-06-09T11:05Z,Tampa Bay Rays,4,-116,-116,-105,-104,-104,-115,False,DraftKings,1,-102,9,,,1.5,Final,7.5,-118
LAD,2026-06-09T22:40Z,401815683,PIT,2026,Los Angeles Dodgers,12,62.54066987,2026-06-09T11:05Z,Pittsburgh Pirates,3,100,100,-115,-121,-121,-105,False,DraftKings,1,-108,9,,,1.5,Final,8.5,-111
MIN,2026-06-09T22:40Z,401815684,DET,2026,Minnesota Twins,4,52.20718755,2026-06-09T11:05Z,Detroit Tigers,10,116,116,100,-140,-140,-120,False,DraftKings,1,-122,9,,,-1.5,Final,8.5,101
NYY,2026-06-09T22:40Z,401815685,CLE,2026,New York Yankees,3,44.081079560000006,2026-06-09T11:05Z,Cleveland Guardians,2,-126,-126,-131,104,104,109,False,DraftKings,1,-120,9,,,1.5,Final,8.5,-101
PHI,2026-06-09T23:07Z,401815686,TOR,2026,Philadelphia Phillies,2,47.67347886,2026-06-09T11:05Z,Toronto Blue Jays,3,-111,-111,-115,-108,-108,-105,False,DraftKings,1,-114,9,,,1.5,Final,7.0,-105
STL,2026-06-09T23:10Z,401815688,NYM,2026,St. Louis Cardinals,7,64.01394532,2026-06-09T11:05Z,New York Mets,0,113,113,104,-136,-136,-126,False,DraftKings,1,-102,9,,,-1.5,Final,8.0,-118
ATL,2026-06-09T23:40Z,401815689,CHW,2026,Atlanta Braves,5,45.54205758,2026-06-09T11:05Z,Chicago White Sox,6,-157,-157,-156,130,130,129,False,DraftKings,1,-120,10,,,1.5,Final/10,9.0,-101
TEX,2026-06-09T23:40Z,401815690,KC,2026,Texas Rangers,3,46.77751367,2026-06-09T11:05Z,Kansas City Royals,5,-125,-125,-118,104,104,-102,False,DraftKings,1,-114,9,,,1.5,Final,9.5,-105
CHC,2026-06-10T00:40Z,401815691,COL,2026,Chicago Cubs,3,44.81073318,2026-06-09T11:05Z,Colorado Rockies,7,-168,-168,-149,139,139,123,False,DraftKings,1,-114,9,,,1.5,Final,12.5,-106
HOU,2026-06-10T01:38Z,401815693,LAA,2026,Houston Astros,1,50.73184861,2026-06-09T11:05Z,Los Angeles Angels,10,-126,-126,-126,104,104,104,False,DraftKings,1,-121,9,,,1.5,Final,8.5,100
CIN,2026-06-10T01:40Z,401815692,SD,2026,Cincinnati Reds,5,44.41063295,2026-06-09T11:05Z,San Diego Padres,3,-136,-136,-110,113,113,-110,False,DraftKings,1,-124,11,,,1.5,Final/11,7.0,103
WSH,2026-06-10T01:45Z,401815695,SF,2026,Washington Nationals,6,45.76997909,2026-06-09T11:05Z,San Francisco Giants,3,-112,-112,104,-108,-108,-126,False,DraftKings,1,-121,9,,,1.5,Final,8.5,100
MIL,2026-06-10T02:05Z,401815694,ATH,2026,Milwaukee Brewers,5,48.43936922,2026-06-09T11:05Z,Athletics,7,-113,-113,-120,-107,-107,100,False,DraftKings,1,-109,9,,,1.5,Final,13.5,-111
BOS,2026-06-10T17:10Z,401815697,TB,2026,Boston Red Sox,5,64.26296419,2026-06-10T11:05Z,Tampa Bay Rays,7,135,135,134,-163,-163,-162,False,DraftKings,1,102,9,,,-1.5,Final,7.5,-123
NYY,2026-06-10T17:10Z,401815700,CLE,2026,New York Yankees,8,52.78471218000001,2026-06-10T11:05Z,Cleveland Guardians,4,101,101,100,-122,-122,-120,False,DraftKings,1,-117,9,,,-1.5,Final,7.5,-103
WSH,2026-06-10T19:45Z,401815710,SF,2026,Washington Nationals,10,51.3816185,2026-06-10T11:05Z,San Francisco Giants,11,-105,-105,100,-115,-115,-120,False,DraftKings,1,-108,9,,,1.5,Final,8.5,-112
CIN,2026-06-10T20:10Z,401815707,SD,2026,Cincinnati Reds,4,65.72331877,2026-06-10T11:05Z,San Diego Padres,5,143,143,129,-173,-173,-156,False,DraftKings,1,-108,9,,,-1.5,Final,8.5,-112
SEA,2026-06-10T22:35Z,401815702,BAL,2026,Seattle Mariners,2,49.6352226,2026-06-10T11:05Z,Baltimore Orioles,7,-115,-115,-131,-105,-105,109,False,DraftKings,1,-110,9,,,1.5,Final,9.0,-110
ARI,2026-06-10T22:40Z,401815696,MIA,2026,Arizona Diamondbacks,0,47.28502513,2026-06-10T11:05Z,Miami Marlins,8,-118,-118,-108,-102,-102,-112,False,DraftKings,1,-111,9,,,1.5,Final,8.5,-108
LAD,2026-06-10T22:40Z,401815698,PIT,2026,Los Angeles Dodgers,8,28.620975110000003,2026-06-10T11:05Z,Pittsburgh Pirates,9,-207,-207,-186,169,169,153,False,DraftKings,1,-112,9,,,1.5,Final,8.5,-107
MIN,2026-06-10T22:40Z,401815699,DET,2026,Minnesota Twins,6,57.53525296000001,2026-06-10T11:05Z,Detroit Tigers,4,141,141,143,-171,-171,-173,False,DraftKings,1,-109,9,,,-1.5,Final,9.5,-110
PHI,2026-06-10T23:07Z,401815701,TOR,2026,Philadelphia Phillies,7,40.62884288,2026-06-10T11:05Z,Toronto Blue Jays,4,-136,-136,-143,113,113,119,False,DraftKings,1,-112,9,,,1.5,Final,9.0,-107
STL,2026-06-10T23:10Z,401815703,NYM,2026,St. Louis Cardinals,9,59.45635258000001,2026-06-10T11:05Z,New York Mets,2,113,113,113,-136,-136,-136,False,DraftKings,1,-110,9,,,-1.5,Final,8.5,-110
ATL,2026-06-10T23:40Z,401815704,CHW,2026,Atlanta Braves,1,36.50680451,2026-06-10T11:05Z,Chicago White Sox,2,-149,-149,-156,123,123,129,False,DraftKings,1,-124,9,,,1.5,Final,7.0,103
TEX,2026-06-10T23:40Z,401815705,KC,2026,Texas Rangers,6,48.33015908,2026-06-10T11:05Z,Kansas City Royals,4,-115,-115,-118,-105,-105,-102,False,DraftKings,1,-112,10,,,1.5,Final/10,10.0,-108
CHC,2026-06-11T00:40Z,401815706,COL,2026,Chicago Cubs,2,39.47836909,2026-06-10T11:05Z,Colorado Rockies,3,-175,-175,-168,144,144,139,False,DraftKings,1,-108,9,,,1.5,Final,12.0,-112
MIL,2026-06-11T01:05Z,401815709,ATH,2026,Milwaukee Brewers,3,39.815140310000004,2026-06-10T11:05Z,Athletics,4,-105,-105,-118,-114,-114,-102,False,DraftKings,1,-105,9,,,1.5,Final,15.0,-114
HOU,2026-06-11T01:38Z,401815708,LAA,2026,Houston Astros,2,55.68019339,2026-06-10T11:05Z,Los Angeles Angels,3,108,108,102,-130,-130,-122,False,DraftKings,1,102,10,,,-1.5,Final/10,9.0,-122
ARI,2026-06-11T17:10Z,401815711,MIA,2026,Arizona Diamondbacks,0,61.88390773,2026-06-11T11:05Z,Miami Marlins,2,112,112,-105,-135,-135,-115,False,DraftKings,1,-103,9,,,-1.5,Final,8.5,-117
MIN,2026-06-11T17:10Z,401815713,DET,2026,Minnesota Twins,0,50.308227419999994,2026-06-11T11:05Z,Detroit Tigers,11,108,108,104,-131,-131,-126,False,DraftKings,1,-114,9,,,-1.5,Final,9.5,-105
STL,2026-06-11T17:10Z,401815715,NYM,2026,St. Louis Cardinals,4,55.29976781,2026-06-11T11:05Z,New York Mets,5,122,122,113,-148,-148,-136,False,DraftKings,1,-103,9,,,-1.5,Final,9.0,-117
TEX,2026-06-11T18:10Z,401815717,KC,2026,Texas Rangers,4,55.50968143,2026-06-11T11:05Z,Kansas City Royals,2,-101,-101,104,-120,-120,-126,False,DraftKings,1,-106,9,,,1.5,Final,10.5,-114
CHC,2026-06-11T19:10Z,401815718,COL,2026,Chicago Cubs,9,45.21076272,2026-06-11T11:05Z,Colorado Rockies,3,-168,-168,-156,139,139,129,False,DraftKings,1,-114,9,,,1.5,Final,11.0,-106
LAD,2026-06-11T22:40Z,401815712,PIT,2026,Los Angeles Dodgers,8,37.62989551,2026-06-11T11:05Z,Pittsburgh Pirates,6,-200,-200,-149,164,164,123,False,DraftKings,1,-115,9,,,1.5,Final,9.5,-104
SEA,2026-06-11T23:00Z,401815714,BAL,2026,Seattle Mariners,5,58.933317900000006,2026-06-11T11:05Z,Baltimore Orioles,7,-114,-114,-112,-106,-106,-108,False,DraftKings,1,-119,9,,,1.5,Final,8.5,-101
MIA,2026-06-12T22:40Z,401815722,PIT,2026,Miami Marlins,8,67.65083422000001,2026-06-12T11:05Z,Pittsburgh Pirates,3,119,119,119,-143,-143,-143,False,DraftKings,1,-121,9,,,-1.5,Final,8.5,100
SEA,2026-06-12T22:45Z,401815725,WSH,2026,Seattle Mariners,10,54.459057099999995,2026-06-12T11:05Z,Washington Nationals,2,-144,-144,-149,120,120,123,False,DraftKings,1,-105,9,,,1.5,Final,9.5,-115
SD,2026-06-12T23:05Z,401815724,BAL,2026,San Diego Padres,3,61.682470450000004,2026-06-12T11:05Z,Baltimore Orioles,7,109,109,119,-131,-131,-143,False,DraftKings,1,-112,9,,,-1.5,Final,9.5,-107
DET,2026-06-12T23:10Z,401815721,CLE,2026,Detroit Tigers,2,59.223331810000005,2026-06-12T11:05Z,Cleveland Guardians,3,104,104,-110,-125,-125,-110,False,DraftKings,1,-114,9,,,1.5,Final,8.5,-105
TEX,2026-06-12T23:10Z,401815726,BOS,2026,Texas Rangers,1,61.34616571,2026-06-12T11:05Z,Boston Red Sox,10,116,116,113,-140,-140,-136,False,DraftKings,1,-108,9,,,-1.5,Final,8.5,-112
ARI,2026-06-12T23:15Z,401815719,CIN,2026,Arizona Diamondbacks,5,48.73297232,2026-06-12T11:05Z,Cincinnati Reds,2,-105,-105,-110,-114,-114,-110,False,DraftKings,1,-105,9,,,1.5,Final,10.0,-114
ATL,2026-06-12T23:15Z,401815720,NYM,2026,Atlanta Braves,5,54.436485850000004,2026-06-12T11:05Z,New York Mets,7,107,107,-120,-129,-129,100,False,DraftKings,1,-112,9,,,-1.5,Final,8.0,-108
NYY,2026-06-12T23:37Z,401815723,TOR,2026,New York Yankees,5,50.70342279,2026-06-12T11:05Z,Toronto Blue Jays,8,102,102,-108,-123,-123,-111,False,DraftKings,1,-108,9,,,-1.5,Final,8.0,-111
LAD,2026-06-12T23:40Z,401815728,CHW,2026,Los Angeles Dodgers,2,44.491154970000004,2026-06-12T11:05Z,Chicago White Sox,8,-156,-156,-136,129,129,113,False,DraftKings,1,-101,9,,,1.5,Final,9.0,-120
PHI,2026-06-12T23:40Z,401815729,MIL,2026,Philadelphia Phillies,0,80.20919427,2026-06-12T11:05Z,Milwaukee Brewers,6,209,209,209,-259,-259,-259,False,DraftKings,1,-119,9,,,-1.5,Final,7.5,-102
HOU,2026-06-13T00:10Z,401815727,KC,2026,Houston Astros,10,59.23188853,2026-06-12T11:05Z,Kansas City Royals,8,-105,-105,-120,-115,-115,100,False,DraftKings,1,-113,9,,,1.5,Final,9.5,-106
STL,2026-06-13T00:10Z,401815730,MIN,2026,St. Louis Cardinals,8,57.76035455,2026-06-12T11:05Z,Minnesota Twins,9,118,118,119,-142,-142,-143,False,DraftKings,1,-114,9,,,-1.5,Final,9.0,-105
TB,2026-06-13T01:38Z,401815733,LAA,2026,Tampa Bay Rays,3,44.84194693,2026-06-12T11:05Z,Los Angeles Angels,4,-168,-168,-175,139,139,144,False,DraftKings,1,-109,9,,,1.5,Final,9.0,-111
COL,2026-06-13T02:05Z,401815732,ATH,2026,Colorado Rockies,4,62.13396915,2026-06-12T11:05Z,Athletics,6,178,178,153,-219,-219,-186,False,DraftKings,1,-114,9,,,-1.5,Final,13.5,-105
CHC,2026-06-13T02:15Z,401815731,SF,2026,Chicago Cubs,5,54.762755780000006,2026-06-12T11:05Z,San Francisco Giants,1,108,108,-110,-130,-130,-110,False,DraftKings,1,-107,9,,,-1.5,Final,8.5,-112
STL,2026-06-13T18:10Z,401815745,MIN,2026,St. Louis Cardinals,9,50.553331130000004,2026-06-13T11:05Z,Minnesota Twins,6,-111,-111,-108,-108,-108,-112,False,DraftKings,1,100,9,,,1.5,Final,9.5,-120
NYY,2026-06-13T19:07Z,401815738,TOR,2026,New York Yankees,3,38.30623889,2026-06-13T11:05Z,Toronto Blue Jays,1,-117,-117,-131,-103,-103,109,False,DraftKings,1,-112,9,,,1.5,Final,7.5,-107
MIA,2026-06-13T20:05Z,401815737,PIT,2026,Miami Marlins,2,57.689566029999995,2026-06-13T11:05Z,Pittsburgh Pirates,3,-105,-105,114,-114,-114,-137,False,DraftKings,1,-102,9,,,1.5,Final,9.5,-119
SD,2026-06-13T20:05Z,401815739,BAL,2026,San Diego Padres,9,56.73894325,2026-06-13T11:05Z,Baltimore Orioles,3,100,100,104,-120,-120,-126,False,DraftKings,1,-102,9,,,1.5,Final,10.5,-118
SEA,2026-06-13T20:05Z,401815740,WSH,2026,Seattle Mariners,3,58.554974140000006,2026-06-13T11:05Z,Washington Nationals,8,-105,-105,-110,-115,-115,-110,False,DraftKings,1,-111,9,,,1.5,Final,9.0,-109
ARI,2026-06-13T20:10Z,401815734,CIN,2026,Arizona Diamondbacks,1,44.388069,2026-06-13T11:05Z,Cincinnati Reds,2,-144,-144,-136,119,119,113,False,DraftKings,1,-111,9,,,1.5,Final,9.5,-109
ATL,2026-06-13T20:10Z,401815735,NYM,2026,Atlanta Braves,3,44.20035217,2026-06-13T11:05Z,New York Mets,1,-101,-101,-108,-120,-120,-112,False,DraftKings,1,-110,9,,,1.5,Final,8.5,-109
DET,2026-06-13T20:10Z,401815736,CLE,2026,Detroit Tigers,1,44.21688734,2026-06-13T11:05Z,Cleveland Guardians,3,-141,-141,-149,117,117,123,False,DraftKings,1,-114,9,,,1.5,Final,7.5,-106
TEX,2026-06-13T20:10Z,401815741,BOS,2026,Texas Rangers,3,55.722095419999995,2026-06-13T11:05Z,Boston Red Sox,6,108,108,-102,-130,-130,-118,False,DraftKings,1,-118,9,,,-1.5,Final,7.5,-102
LAD,2026-06-13T20:10Z,401815743,CHW,2026,Los Angeles Dodgers,7,33.917318540000004,2026-06-13T11:05Z,Chicago White Sox,1,-205,-205,-207,168,168,169,False,DraftKings,1,-114,9,,,1.5,Final,8.5,-105
HOU,2026-06-13T23:10Z,401815742,KC,2026,Houston Astros,8,55.05678065,2026-06-13T11:05Z,Kansas City Royals,7,104,104,109,-125,-125,-131,False,DraftKings,1,-101,9,,,-1.5,Final,9.5,-120
PHI,2026-06-13T23:10Z,401815744,MIL,2026,Philadelphia Phillies,9,70.67764692,2026-06-13T11:05Z,Milwaukee Brewers,8,137,137,104,-166,-166,-126,False,DraftKings,1,-105,9,,,-1.5,Final,8.5,-115
CHC,2026-06-14T02:05Z,401815746,SF,2026,Chicago Cubs,6,48.31422003,2026-06-13T11:05Z,San Francisco Giants,1,-122,-122,-131,101,101,109,False,DraftKings,1,-109,9,,,1.5,Final,8.0,-110
COL,2026-06-14T02:05Z,401815747,ATH,2026,Colorado Rockies,5,50.121311739999996,2026-06-13T11:05Z,Athletics,7,134,134,141,-162,-162,-171,False,DraftKings,1,-112,9,,,-1.5,Final,14.5,-108
TB,2026-06-14T02:07Z,401815748,LAA,2026,Tampa Bay Rays,0,52.367260110000004,2026-06-13T11:05Z,Los Angeles Angels,8,-115,-115,-110,-105,-105,-110,False,DraftKings,1,-107,9,,,1.5,Final,8.5,-112
MIA,2026-06-14T16:15Z,401815752,PIT,2026,Miami Marlins,4,67.28625663,2026-06-14T11:04Z,Pittsburgh Pirates,2,135,135,135,-164,-164,-163,False,DraftKings,1,-120,9,,,-1.5,Final,7.0,-101
SD,2026-06-14T17:35Z,401815754,BAL,2026,San Diego Padres,5,62.13801991,2026-06-14T11:04Z,Baltimore Orioles,2,114,114,109,-137,-137,-131,False,DraftKings,1,-104,9,,,-1.5,Final,10.5,-116
SEA,2026-06-14T17:35Z,401815755,WSH,2026,Seattle Mariners,1,47.764521370000004,2026-06-14T11:04Z,Washington Nationals,10,-132,-132,-149,109,109,123,False,DraftKings,1,-105,9,,,1.5,Final,10.5,-114
NYY,2026-06-14T17:37Z,401815753,TOR,2026,New York Yankees,8,41.948341830000004,2026-06-14T11:04Z,Toronto Blue Jays,3,-136,-136,-126,113,113,104,False,DraftKings,1,-105,9,,,1.5,Final,8.5,-114
ARI,2026-06-14T17:40Z,401815749,CIN,2026,Arizona Diamondbacks,5,59.42006512,2026-06-14T11:04Z,Cincinnati Reds,3,-111,-111,-112,-109,-109,-108,False,DraftKings,1,-111,9,,,1.5,Final,10.0,-109
ATL,2026-06-14T17:40Z,401815750,NYM,2026,Atlanta Braves,1,47.053803620000004,2026-06-14T11:04Z,New York Mets,8,113,113,-102,-136,-136,-118,False,DraftKings,1,-112,9,,,-1.5,Final,8.5,-107
HOU,2026-06-14T18:10Z,401815757,KC,2026,Houston Astros,0,51.159158989999995,2026-06-14T11:04Z,Kansas City Royals,4,-102,-102,100,-119,-119,-120,False,DraftKings,1,-119,9,,,1.5,Final,8.5,-102
LAD,2026-06-14T18:10Z,401815758,CHW,2026,Los Angeles Dodgers,4,42.529203519999996,2026-06-14T11:04Z,Chicago White Sox,6,-199,-199,-186,163,163,153,False,DraftKings,1,101,9,,,1.5,Final,9.5,-122
PHI,2026-06-14T18:10Z,401815759,MIL,2026,Philadelphia Phillies,0,56.14817312,2026-06-14T11:04Z,Milwaukee Brewers,4,-131,-131,-118,108,108,-102,False,DraftKings,1,-122,9,,,1.5,Final,6.5,102
STL,2026-06-14T18:10Z,401815760,MIN,2026,St. Louis Cardinals,4,49.603547799999994,2026-06-14T11:04Z,Minnesota Twins,5,-103,-103,-105,-117,-117,-115,False,DraftKings,1,-103,9,,,1.5,Final,9.5,-117
COL,2026-06-14T19:05Z,401815762,ATH,2026,Colorado Rockies,23,54.61874437,2026-06-14T11:04Z,Athletics,9,163,163,149,-198,-198,-181,False,DraftKings,1,-108,9,,,-1.5,Final,14.0,-112
CHC,2026-06-14T19:10Z,401815761,SF,2026,Chicago Cubs,1,65.47075815,2026-06-14T11:04Z,San Francisco Giants,5,109,109,119,-132,-132,-143,False,DraftKings,1,-119,9,,,-1.5,Final,8.0,-102
TB,2026-06-14T20:07Z,401815763,LAA,2026,Tampa Bay Rays,8,47.80981745,2026-06-14T11:04Z,Los Angeles Angels,3,-125,-125,-121,104,104,100,False,DraftKings,1,-114,9,,,1.5,Final,9.0,-105
TEX,2026-06-14T23:20Z,401815756,BOS,2026,Texas Rangers,6,60.720395270000004,2026-06-14T11:04Z,Boston Red Sox,4,-102,-102,-108,-118,-118,-112,False,DraftKings,1,-101,9,,,1.5,Final,9.5,-119
MIA,2026-06-15T22:40Z,401815765,PHI,2026,Miami Marlins,0,70.60675465,2026-06-15T11:04Z,Philadelphia Phillies,7,162,162,169,-198,-198,-207,False,DraftKings,1,-108,9,,,-1.5,Final,8.0,-111
KC,2026-06-15T22:45Z,401815764,WSH,2026,Kansas City Royals,3,71.77760808,2026-06-15T11:04Z,Washington Nationals,7,113,113,113,-136,-136,-136,False,DraftKings,1,-111,9,,,-1.5,Final,9.5,-109
NYM,2026-06-15T23:10Z,401815766,CIN,2026,New York Mets,0,63.04001178000001,2026-06-15T11:04Z,Cincinnati Reds,12,113,113,113,-136,-136,-136,False,DraftKings,1,101,9,,,-1.5,Final,9.0,-121
SD,2026-06-15T23:45Z,401815770,STL,2026,San Diego Padres,0,56.04320927999999,2026-06-15T11:04Z,St. Louis Cardinals,3,125,125,123,-151,-151,-149,False,DraftKings,1,-109,9,,,-1.5,Final,8.5,-111
COL,2026-06-16T00:05Z,401815767,CHC,2026,Colorado Rockies,4,68.65755484,2026-06-15T11:04Z,Chicago Cubs,5,183,183,169,-224,-224,-207,False,DraftKings,1,-105,9,,,-1.5,Final,9.5,-115
MIN,2026-06-16T00:05Z,401815769,TEX,2026,Minnesota Twins,4,57.99863906,2026-06-15T11:04Z,Texas Rangers,2,124,124,140,-149,-149,-170,False,DraftKings,1,-108,9,,,-1.5,Final,8.5,-111
DET,2026-06-16T00:10Z,401815768,HOU,2026,Detroit Tigers,9,60.348161929999996,2026-06-15T11:04Z,Houston Astros,3,104,104,113,-125,-125,-136,False,DraftKings,1,-110,9,,,-1.5,Final,9.0,-109
LAA,2026-06-16T01:40Z,401815771,ARI,2026,Los Angeles Angels,3,52.199344,2026-06-15T11:04Z,Arizona Diamondbacks,4,114,114,113,-137,-137,-136,False,DraftKings,1,-109,9,,,-1.5,Final,9.0,-111
PIT,2026-06-16T01:40Z,401815772,ATH,2026,Pittsburgh Pirates,2,56.31870359,2026-06-15T11:04Z,Athletics,11,104,104,109,-126,-126,-131,False,DraftKings,1,-115,9,,,-1.5,Final,10.0,-104
TB,2026-06-16T02:00Z,401815773,LAD,2026,Tampa Bay Rays,3,61.19212165,2026-06-15T11:04Z,Los Angeles Dodgers,4,149,149,135,-181,-181,-163,False,DraftKings,1,-104,9,,,-1.5,Final,9.5,-115
MIA,2026-06-16T22:40Z,401815776,PHI,2026,Miami Marlins,2,53.47235195,2026-06-16T11:04Z,Philadelphia Phillies,8,153,153,141,-186,-186,-171,False,DraftKings,1,-106,9,,,-1.5,Final,8.5,-114
KC,2026-06-16T22:45Z,401815775,WSH,2026,Kansas City Royals,4,61.61596497,2026-06-16T11:04Z,Washington Nationals,6,119,119,104,-143,-143,-126,False,DraftKings,1,-120,9,,,-1.5,Final,8.5,-101
TOR,2026-06-16T22:45Z,401815779,BOS,2026,Toronto Blue Jays,6,52.093766620000004,2026-06-16T11:04Z,Boston Red Sox,1,-120,-120,-114,100,100,-105,False,DraftKings,1,-105,9,,,1.5,Final,7.5,-114
CHW,2026-06-16T23:05Z,401815774,NYY,2026,Chicago White Sox,2,59.31048003,2026-06-16T11:04Z,New York Yankees,12,124,124,119,-149,-149,-143,False,DraftKings,1,-106,9,,,-1.5,Final,8.0,-113
NYM,2026-06-16T23:10Z,401815777,CIN,2026,New York Mets,3,55.21263502,2026-06-16T11:04Z,Cincinnati Reds,5,-117,-117,-126,-103,-103,104,False,DraftKings,1,-108,9,,,1.5,Final,10.0,-111
SF,2026-06-16T23:15Z,401815778,ATL,2026,San Francisco Giants,7,66.49727396,2026-06-16T11:04Z,Atlanta Braves,2,144,144,129,-175,-175,-156,False,DraftKings,1,-108,9,,,-1.5,Final,9.0,-111
CLE,2026-06-16T23:40Z,401815780,MIL,2026,Cleveland Guardians,1,59.82275611,2026-06-16T11:04Z,Milwaukee Brewers,2,129,129,129,-156,-156,-156,False,DraftKings,1,-115,9,,,-1.5,Final,8.0,-104
SD,2026-06-16T23:45Z,401815784,STL,2026,San Diego Padres,2,51.676943890000004,2026-06-16T11:04Z,St. Louis Cardinals,3,-106,-106,-110,-114,-114,-110,False,DraftKings,1,-112,9,,,1.5,Final,8.0,-108
COL,2026-06-17T00:05Z,401815781,CHC,2026,Colorado Rockies,5,65.69012055,2026-06-16T11:04Z,Chicago Cubs,2,178,178,163,-219,-219,-199,False,DraftKings,1,-112,9,,,-1.5,Final,10.0,-107
MIN,2026-06-17T00:05Z,401815783,TEX,2026,Minnesota Twins,12,55.16680519,2026-06-16T11:04Z,Texas Rangers,2,108,108,119,-131,-131,-143,False,DraftKings,1,-103,9,,,-1.5,Final,8.5,-117
DET,2026-06-17T00:10Z,401815782,HOU,2026,Detroit Tigers,2,65.83073501,2026-06-16T11:04Z,Houston Astros,4,148,148,129,-180,-180,-156,False,DraftKings,1,-106,9,,,-1.5,Final,8.5,-114
LAA,2026-06-17T01:40Z,401815785,ARI,2026,Los Angeles Angels,7,51.04079580999999,2026-06-16T11:04Z,Arizona Diamondbacks,0,-106,-106,-105,-114,-114,-115,False,DraftKings,1,-114,9,,,1.5,Final,8.5,-106
BAL,2026-06-17T01:40Z,401815786,SEA,2026,Baltimore Orioles,1,61.43083247,2026-06-16T11:04Z,Seattle Mariners,3,128,128,129,-154,-154,-156,False,DraftKings,1,-112,9,,,-1.5,Final,7.5,-108
PIT,2026-06-17T01:40Z,401815787,ATH,2026,Pittsburgh Pirates,6,50.294861329999996,2026-06-16T11:04Z,Athletics,5,119,119,109,-144,-144,-131,False,DraftKings,1,-106,9,,,-1.5,Final,11.0,-113
TB,2026-06-17T02:10Z,401815788,LAD,2026,Tampa Bay Rays,0,69.31288177,2026-06-16T11:04Z,Los Angeles Dodgers,1,119,119,123,-144,-144,-149,False,DraftKings,1,-112,9,,,-1.5,Final,8.0,-107
NYM,2026-06-17T16:40Z,401815792,CIN,2026,New York Mets,9,47.89560213,2026-06-17T11:04Z,Cincinnati Reds,1,-137,-137,-126,114,114,104,False,DraftKings,1,-102,9,,,1.5,Final,9.0,-118
KC,2026-06-17T17:05Z,401815790,WSH,2026,Kansas City Royals,6,56.87948597,2026-06-17T11:04Z,Washington Nationals,2,113,113,100,-136,-136,-120,False,DraftKings,1,-110,9,,,-1.5,Final,10.5,-109
MIA,2026-06-17T17:05Z,401815791,PHI,2026,Miami Marlins,12,48.735162700000004,2026-06-17T11:04Z,Philadelphia Phillies,4,103,103,-102,-124,-124,-118,False,DraftKings,1,101,9,,,1.5,Final,9.5,-122
DET,2026-06-17T18:10Z,401815797,HOU,2026,Detroit Tigers,2,53.73599543,2026-06-17T11:04Z,Houston Astros,4,-110,-110,-110,-110,-110,-110,False,DraftKings,1,-106,9,,,1.5,Final,8.5,-113
SD,2026-06-17T18:15Z,401815798,STL,2026,San Diego Padres,6,61.23463546,2026-06-17T11:04Z,St. Louis Cardinals,1,105,105,100,-126,-126,-121,False,DraftKings,1,-118,9,,,-1.5,Final,10.0,-102
TB,2026-06-17T19:10Z,401815802,LAD,2026,Tampa Bay Rays,4,80.69615108,2026-06-17T11:04Z,Los Angeles Dodgers,5,130,130,163,-157,-157,-199,False,DraftKings,1,-120,9,,,-1.5,Final,7.0,100
LAA,2026-06-17T19:40Z,401815799,ARI,2026,Los Angeles Angels,1,65.46574399,2026-06-17T11:04Z,Arizona Diamondbacks,8,144,144,139,-175,-175,-168,False,DraftKings,1,-112,9,,,-1.5,Final,9.0,-107
TOR,2026-06-17T22:45Z,401815794,BOS,2026,Toronto Blue Jays,3,63.87340563,2026-06-17T11:04Z,Boston Red Sox,0,-105,-105,104,-115,-115,-126,False,DraftKings,1,-113,9,,,1.5,Final,10.0,-106
CHW,2026-06-17T23:05Z,401815789,NYY,2026,Chicago White Sox,5,68.43989562,2026-06-17T11:04Z,New York Yankees,10,157,157,141,-192,-192,-171,False,DraftKings,1,-106,9,,,-1.5,Final,8.5,-114
SF,2026-06-17T23:15Z,401815793,ATL,2026,San Francisco Giants,7,62.037915860000005,2026-06-17T11:04Z,Atlanta Braves,5,117,117,129,-141,-141,-156,False,DraftKings,1,-118,9,,,-1.5,Final,9.0,-102
CLE,2026-06-17T23:40Z,401815795,MIL,2026,Cleveland Guardians,4,58.69261059000001,2026-06-17T11:04Z,Milwaukee Brewers,9,104,104,104,-126,-126,-126,False,DraftKings,1,-110,9,,,-1.5,Final,7.5,-109
COL,2026-06-18T00:05Z,401815796,CHC,2026,Colorado Rockies,6,62.717337539999995,2026-06-17T11:04Z,Chicago Cubs,8,172,172,159,-211,-211,-194,False,DraftKings,1,-112,9,,,-1.5,Final,10.0,-108
BAL,2026-06-18T01:40Z,401815800,SEA,2026,Baltimore Orioles,5,51.08470303,2026-06-17T11:04Z,Seattle Mariners,3,114,114,123,-137,-137,-149,False,DraftKings,1,-108,9,,,-1.5,Final,7.5,-112
PIT,2026-06-18T01:40Z,401815801,ATH,2026,Pittsburgh Pirates,12,43.934993500000004,2026-06-17T11:04Z,Athletics,4,-143,-143,-120,119,119,100,False,DraftKings,1,-105,9,,,1.5,Final,10.5,-115
TOR,2026-06-18T17:35Z,401815806,BOS,2026,Toronto Blue Jays,4,57.9366825,2026-06-18T11:04Z,Boston Red Sox,3,119,119,-105,-143,-143,-115,False,DraftKings,1,-110,9,,,-1.5,Final,9.5,-110
CLE,2026-06-18T18:10Z,401815807,MIL,2026,Cleveland Guardians,4,57.39777679,2026-06-18T11:04Z,Milwaukee Brewers,2,124,124,113,-150,-150,-136,False,DraftKings,1,-102,9,,,-1.5,Final,7.5,-118
MIN,2026-06-18T18:35Z,401815808,TEX,2026,Minnesota Twins,9,44.40898673,2026-06-18T11:04Z,Texas Rangers,3,-123,-123,-115,102,102,-105,False,DraftKings,1,-113,9,,,1.5,Final,7.5,-106
BAL,2026-06-18T20:10Z,401815811,SEA,2026,Baltimore Orioles,0,56.98374812,2026-06-18T11:04Z,Seattle Mariners,3,105,105,129,-126,-126,-156,False,DraftKings,1,-119,9,,,-1.5,Final,7.5,-101
NYM,2026-06-18T22:40Z,401815804,PHI,2026,New York Mets,6,48.31732051,2026-06-18T11:04Z,Philadelphia Phillies,4,103,103,104,-124,-124,-126,False,DraftKings,1,-108,9,,,-1.5,Final,10.0,-112
CHW,2026-06-18T23:05Z,401815803,NYY,2026,Chicago White Sox,5,65.17721904,2026-06-18T11:04Z,New York Yankees,1,146,146,129,-177,-177,-156,False,DraftKings,1,-117,9,,,-1.5,Final,9.5,-103
STL,2026-06-18T23:40Z,401815809,KC,2026,St. Louis Cardinals,6,52.409641979999996,2026-06-18T11:04Z,Kansas City Royals,14,-105,-105,100,-114,-114,-120,False,DraftKings,1,-101,9,,,1.5,Final,9.0,-119
LAA,2026-06-19T01:40Z,401815810,ATH,2026,Los Angeles Angels,0,50.362945429999996,2026-06-18T11:04Z,Athletics,5,161,161,102,-197,-197,-122,False,DraftKings,1,-119,9,,,-1.5,Final,10.0,-102
TOR,2026-06-19T18:20Z,401815820,CHC,2026,Toronto Blue Jays,2,63.46037706999999,2026-06-19T11:04Z,Chicago Cubs,16,-101,-101,100,-120,-120,-120,False,DraftKings,1,-121,9,,,1.5,Final,7.0,100
CHW,2026-06-19T22:40Z,401815812,DET,2026,Chicago White Sox,3,71.50622785,2026-06-19T11:04Z,Detroit Tigers,4,171,171,184,-209,-209,-226,False,DraftKings,1,-118,9,,,-1.5,Final,8.0,-102
CIN,2026-06-19T23:05Z,401815813,NYY,2026,Cincinnati Reds,0,77.817088,2026-06-19T11:04Z,New York Yankees,5,233,233,209,-292,-292,-259,False,DraftKings,1,-107,9,,,-1.5,Final,9.0,-112
SF,2026-06-19T23:10Z,401815815,MIA,2026,San Francisco Giants,3,53.52695853,2026-06-19T11:04Z,Miami Marlins,4,-107,-107,100,-112,-112,-121,False,DraftKings,1,-117,9,,,1.5,Final,8.0,-103
WSH,2026-06-19T23:10Z,401815816,TB,2026,Washington Nationals,2,56.6439567,2026-06-19T11:04Z,Tampa Bay Rays,5,135,135,102,-163,-163,-122,False,DraftKings,1,-105,9,,,-1.5,Final,8.5,-114
MIL,2026-06-19T23:15Z,401815814,ATL,2026,Milwaukee Brewers,2,43.08943392,2026-06-19T11:04Z,Atlanta Braves,3,-181,-181,-168,149,149,139,False,DraftKings,1,103,9,,,1.5,Final,7.5,-124
SD,2026-06-20T00:05Z,401815818,TEX,2026,San Diego Padres,7,61.71379753,2026-06-19T11:04Z,Texas Rangers,9,130,130,129,-157,-157,-156,False,DraftKings,1,-121,9,,,-1.5,Final,7.0,100
CLE,2026-06-20T00:10Z,401815817,HOU,2026,Cleveland Guardians,3,50.214673899999994,2026-06-19T11:04Z,Houston Astros,9,104,104,-105,-125,-125,-115,False,DraftKings,1,-108,9,,,-1.5,Final,8.5,-111
STL,2026-06-20T00:15Z,401815819,KC,2026,St. Louis Cardinals,5,47.33130606,2026-06-19T11:04Z,Kansas City Royals,6,-120,-120,-120,100,100,100,False,DraftKings,1,-120,9,,,1.5,Final,9.0,-101
PIT,2026-06-20T00:40Z,401815821,COL,2026,Pittsburgh Pirates,3,36.42245279,2026-06-19T11:04Z,Colorado Rockies,4,-143,-143,-136,119,119,113,False,DraftKings,1,-107,9,,,1.5,Final,11.5,-112
LAA,2026-06-20T01:40Z,401815822,ATH,2026,Los Angeles Angels,11,47.09679418,2026-06-19T11:04Z,Athletics,12,130,130,141,-157,-157,-171,False,DraftKings,1,-110,10,,,-1.5,Final/10,10.0,-110
MIN,2026-06-20T01:45Z,401815824,ARI,2026,Minnesota Twins,5,62.426973139999994,2026-06-19T11:04Z,Arizona Diamondbacks,9,144,144,135,-175,-175,-163,False,DraftKings,1,-118,9,,,-1.5,Final,8.5,-102
BAL,2026-06-20T02:10Z,401815823,LAD,2026,Baltimore Orioles,5,63.44086519,2026-06-19T11:04Z,Los Angeles Dodgers,6,182,182,159,-224,-224,-194,False,DraftKings,1,-120,9,,,-1.5,Final,9.0,100
BOS,2026-06-20T02:10Z,401815837,SEA,2026,Boston Red Sox,6,51.37173801,2026-06-19T11:04Z,Seattle Mariners,2,-103,-103,109,-117,-117,-131,False,DraftKings,1,-118,9,,,1.5,Final,6.5,-102
CHW,2026-06-20T17:10Z,401815825,DET,2026,Chicago White Sox,1,46.39043413,2026-06-20T11:04Z,Detroit Tigers,4,108,108,119,-130,-130,-143,False,DraftKings,1,-105,9,,,-1.5,Final,9.0,-115
CIN,2026-06-20T17:35Z,401815826,NYY,2026,Cincinnati Reds,10,65.45281969,2026-06-20T11:04Z,New York Yankees,2,164,164,159,-201,-201,-194,False,DraftKings,1,-111,9,,,-1.5,Final,9.5,-109
TOR,2026-06-20T18:20Z,401815833,CHC,2026,Toronto Blue Jays,8,60.07242346,2026-06-20T11:04Z,Chicago Cubs,6,118,118,104,-142,-142,-126,False,DraftKings,1,-119,9,,,-1.5,Final,9.0,-102
SD,2026-06-20T20:05Z,401815832,TEX,2026,San Diego Padres,6,64.59664219,2026-06-20T11:04Z,Texas Rangers,4,105,105,119,-126,-126,-143,False,DraftKings,1,-117,10,,,-1.5,Final/10,7.5,-103
MIL,2026-06-20T20:10Z,401815827,ATL,2026,Milwaukee Brewers,3,60.391032,2026-06-20T11:04Z,Atlanta Braves,4,113,113,109,-136,-136,-131,False,DraftKings,1,-117,9,,,-1.5,Final,7.0,-103
SF,2026-06-20T20:10Z,401815829,MIA,2026,San Francisco Giants,3,58.813196899999994,2026-06-20T11:04Z,Miami Marlins,6,123,123,119,-149,-149,-143,False,DraftKings,1,-110,9,,,-1.5,Final,8.0,-109
WSH,2026-06-20T20:10Z,401815830,TB,2026,Washington Nationals,4,51.8295026,2026-06-20T11:04Z,Tampa Bay Rays,3,108,108,100,-130,-130,-120,False,DraftKings,1,-111,9,,,-1.5,Final,8.0,-109
NYM,2026-06-20T23:15Z,401815828,PHI,2026,New York Mets,3,66.28784796000001,2026-06-20T11:04Z,Philadelphia Phillies,15,162,162,149,-198,-198,-181,False,DraftKings,1,-112,9,,,-1.5,Final,7.5,-107
CLE,2026-06-20T23:15Z,401815831,HOU,2026,Cleveland Guardians,8,57.750321220000004,2026-06-20T11:04Z,Houston Astros,1,130,130,119,-157,-157,-143,False,DraftKings,1,-103,9,,,-1.5,Final,8.5,-117
PIT,2026-06-21T01:10Z,401815834,COL,2026,Pittsburgh Pirates,1,33.41624675,2026-06-20T11:04Z,Colorado Rockies,2,-225,-225,-207,183,183,169,False,DraftKings,1,-115,9,,,1.5,Final,10.5,-105
LAA,2026-06-21T02:05Z,401815835,ATH,2026,Los Angeles Angels,7,57.18867872,2026-06-20T11:04Z,Athletics,0,134,134,147,-162,-162,-179,False,DraftKings,1,-104,9,,,-1.5,Final,10.0,-116
BOS,2026-06-21T02:10Z,401814478,SEA,2026,Boston Red Sox,5,47.84388438,2026-06-20T11:04Z,Seattle Mariners,1,105,105,104,-126,-126,-126,False,DraftKings,1,-121,9,,,-1.5,Final,7.0,100
BAL,2026-06-21T02:10Z,401815836,LAD,2026,Baltimore Orioles,3,73.88122881,2026-06-20T11:04Z,Los Angeles Dodgers,2,230,230,209,-288,-288,-259,False,DraftKings,1,-119,9,,,-1.5,Final,8.0,-102
MIN,2026-06-21T02:10Z,401815838,ARI,2026,Minnesota Twins,16,50.98828154,2026-06-20T11:04Z,Arizona Diamondbacks,8,100,100,109,-120,-120,-131,False,DraftKings,1,100,9,,,1.5,Final,9.5,-121
CIN,2026-06-21T17:35Z,401815840,NYY,2026,Cincinnati Reds,4,52.15204073,2026-06-21T11:04Z,New York Yankees,1,-102,-102,119,-118,-118,-143,False,DraftKings,1,-102,9,,,1.5,Final,9.0,-118
MIL,2026-06-21T17:35Z,401815841,ATL,2026,Milwaukee Brewers,9,61.21853056,2026-06-21T11:04Z,Atlanta Braves,4,-102,-102,119,-119,-119,-143,False,DraftKings,1,-103,9,,,1.5,Final,9.0,-117
CHW,2026-06-21T17:40Z,401815839,DET,2026,Chicago White Sox,4,52.15483937,2026-06-21T11:04Z,Detroit Tigers,5,-101,-101,-105,-120,-120,-115,False,DraftKings,1,-103,10,,,1.5,Final/10,8.5,-117
SF,2026-06-21T17:40Z,401815843,MIA,2026,San Francisco Giants,1,42.326646849999996,2026-06-21T11:04Z,Miami Marlins,2,-144,-144,-143,119,119,119,False,DraftKings,1,-104,9,,,1.5,Final,8.5,-115
WSH,2026-06-21T17:40Z,401815844,TB,2026,Washington Nationals,3,51.11040487,2026-06-21T11:04Z,Tampa Bay Rays,4,114,114,119,-137,-137,-143,False,DraftKings,1,-103,9,,,-1.5,Final,8.5,-117
CLE,2026-06-21T18:10Z,401815845,HOU,2026,Cleveland Guardians,1,59.66439277,2026-06-21T11:04Z,Houston Astros,2,109,109,113,-132,-132,-136,False,DraftKings,1,-106,9,,,-1.5,Final,8.5,-113
STL,2026-06-21T18:10Z,401815847,KC,2026,St. Louis Cardinals,12,55.98381586,2026-06-21T11:04Z,Kansas City Royals,10,-125,-125,-122,104,104,102,False,DraftKings,1,-108,9,,,1.5,Final,9.0,-112
SD,2026-06-21T18:35Z,401815846,TEX,2026,San Diego Padres,3,61.36096486,2026-06-21T11:04Z,Texas Rangers,4,135,135,123,-163,-163,-149,False,DraftKings,1,-112,9,,,-1.5,Final,8.0,-108
PIT,2026-06-21T19:10Z,401815849,COL,2026,Pittsburgh Pirates,8,43.76478349,2026-06-21T11:04Z,Colorado Rockies,6,-149,-149,-149,123,123,123,False,DraftKings,1,-103,9,,,1.5,Final,11.5,-117
MIN,2026-06-21T19:15Z,401815853,ARI,2026,Minnesota Twins,4,53.59247345,2026-06-21T11:04Z,Arizona Diamondbacks,2,113,113,109,-136,-136,-131,False,DraftKings,1,-106,9,,,-1.5,Final,9.5,-114
LAA,2026-06-21T20:05Z,401815850,ATH,2026,Los Angeles Angels,9,46.914010229999995,2026-06-21T11:04Z,Athletics,7,113,113,109,-136,-136,-131,False,DraftKings,1,-119,9,,,-1.5,Final,9.0,-102
BAL,2026-06-21T20:10Z,401815851,LAD,2026,Baltimore Orioles,12,67.65975015,2026-06-21T11:04Z,Los Angeles Dodgers,1,194,194,179,-240,-240,-219,False,DraftKings,1,-115,9,,,-1.5,Final,9.0,-104
BOS,2026-06-21T20:10Z,401815852,SEA,2026,Boston Red Sox,1,63.25925879,2026-06-21T11:04Z,Seattle Mariners,3,113,113,123,-136,-136,-149,False,DraftKings,1,-114,9,,,-1.5,Final,6.5,-106
NYM,2026-06-21T23:20Z,401815842,PHI,2026,New York Mets,2,71.40520434,2026-06-21T11:04Z,Philadelphia Phillies,6,149,149,163,-181,-181,-199,False,DraftKings,1,-115,9,,,-1.5,Final,8.0,-104
NYY,2026-06-22T22:10Z,401815858,DET,2026,New York Yankees,3,47.13016667,2026-06-22T11:04Z,Detroit Tigers,5,-125,-125,-126,104,104,104,False,DraftKings,1,-112,9,,,1.5,Final,8.5,-108
KC,2026-06-22T22:40Z,401815856,TB,2026,Kansas City Royals,2,60.50770002,2026-06-22T11:04Z,Tampa Bay Rays,1,158,158,141,-193,-193,-171,False,DraftKings,1,-102,9,,,-1.5,Final,7.5,-118
TEX,2026-06-22T22:40Z,401815860,MIA,2026,Texas Rangers,4,62.399978440000005,2026-06-22T11:04Z,Miami Marlins,3,113,113,102,-136,-136,-122,False,DraftKings,1,-109,9,,,-1.5,Final,8.5,-111
PHI,2026-06-22T22:45Z,401815859,WSH,2026,Philadelphia Phillies,1,59.41247257,2026-06-22T11:04Z,Washington Nationals,4,105,105,-106,-127,-127,-114,False,DraftKings,1,-112,9,,,-1.5,Final,9.5,-108
HOU,2026-06-22T23:07Z,401815855,TOR,2026,Houston Astros,2,42.27786914,2026-06-22T11:04Z,Toronto Blue Jays,4,113,113,109,-136,-136,-131,False,DraftKings,1,-112,9,,,-1.5,Final,7.0,-107
MIL,2026-06-22T23:10Z,401815857,CIN,2026,Milwaukee Brewers,2,34.76511279,2026-06-22T11:04Z,Cincinnati Reds,1,-156,-156,-175,129,129,144,False,DraftKings,1,-106,10,,,1.5,Final/10,9.5,-114
CLE,2026-06-22T23:40Z,401815862,CHW,2026,Cleveland Guardians,5,51.00989679,2026-06-22T11:04Z,Chicago White Sox,6,-110,-110,-115,-110,-110,-105,False,DraftKings,1,101,9,,,1.5,Final,7.5,-122
LAD,2026-06-22T23:40Z,401815863,MIN,2026,Los Angeles Dodgers,2,47.85761895,2026-06-22T11:04Z,Minnesota Twins,1,-156,-156,-156,129,129,129,False,DraftKings,1,-111,9,,,1.5,Final,10.0,-109
ARI,2026-06-22T23:45Z,401815861,STL,2026,Arizona Diamondbacks,2,58.497186469999995,2026-06-22T11:04Z,St. Louis Cardinals,3,119,119,119,-144,-144,-143,False,DraftKings,1,-117,9,,,-1.5,Final,8.5,-103
BOS,2026-06-23T00:40Z,401815864,COL,2026,Boston Red Sox,2,52.332817119999994,2026-06-22T11:04Z,Colorado Rockies,3,-137,-137,-126,114,114,104,False,DraftKings,1,-103,9,,,1.5,Final,12.0,-116
BAL,2026-06-23T01:38Z,401815866,LAA,2026,Baltimore Orioles,6,37.89677983,2026-06-22T11:04Z,Los Angeles Angels,1,-158,-158,-163,131,131,135,False,DraftKings,1,-106,9,,,1.5,Final,9.0,-114
ATL,2026-06-23T02:00Z,401815865,SD,2026,Atlanta Braves,0,52.220362529999996,2026-06-22T11:04Z,San Diego Padres,1,-103,-103,-110,-117,-117,-110,False,DraftKings,1,104,9,,,1.5,Final,7.5,-125
HOU,2026-06-23T20:07Z,401815868,TOR,2026,Houston Astros,9,50.81589957,2026-06-23T11:04Z,Toronto Blue Jays,7,109,109,119,-132,-132,-143,False,DraftKings,1,101,11,,,-1.5,Final/11,9.0,-122
KC,2026-06-23T22:40Z,401815869,TB,2026,Kansas City Royals,12,54.923579970000006,2026-06-23T11:04Z,Tampa Bay Rays,5,162,162,159,-198,-198,-194,False,DraftKings,1,-114,9,,,-1.5,Final,7.5,-105
NYY,2026-06-23T22:40Z,401815871,DET,2026,New York Yankees,4,46.94207572,2026-06-23T11:04Z,Detroit Tigers,3,-118,-118,-115,-102,-102,-105,False,DraftKings,1,-107,9,,,1.5,Final,8.0,-113
SEA,2026-06-23T22:40Z,401815873,PIT,2026,Seattle Mariners,3,54.15332274,2026-06-23T11:04Z,Pittsburgh Pirates,2,-131,-131,-122,108,108,102,False,DraftKings,1,-102,9,,,1.5,Final,9.0,-118
TEX,2026-06-23T22:40Z,401815874,MIA,2026,Texas Rangers,4,60.8387671,2026-06-23T11:04Z,Miami Marlins,6,130,130,129,-157,-157,-156,False,DraftKings,1,-105,9,,,-1.5,Final,8.5,-114
PHI,2026-06-23T22:45Z,401815872,WSH,2026,Philadelphia Phillies,14,48.83370423,2026-06-23T11:04Z,Washington Nationals,9,-192,-192,-171,157,157,141,False,DraftKings,1,-108,9,,,1.5,Final,8.5,-112
CHC,2026-06-23T23:10Z,401815867,NYM,2026,Chicago Cubs,9,45.662238179999996,2026-06-23T11:04Z,New York Mets,6,-117,-117,123,-103,-103,-149,False,DraftKings,1,-110,9,,,1.5,Final,8.5,-109
MIL,2026-06-23T23:10Z,401815870,CIN,2026,Milwaukee Brewers,2,46.34157768,2026-06-23T11:04Z,Cincinnati Reds,0,-108,-108,-122,-112,-112,102,False,DraftKings,1,-103,9,,,1.5,Final,9.5,-117
CLE,2026-06-23T23:40Z,401815876,CHW,2026,Cleveland Guardians,1,45.996507120000004,2026-06-23T11:04Z,Chicago White Sox,2,-117,-117,-115,-103,-103,-105,False,DraftKings,1,-114,9,,,1.5,Final,7.0,-105
LAD,2026-06-23T23:40Z,401815877,MIN,2026,Los Angeles Dodgers,12,39.023597519999996,2026-06-23T11:04Z,Minnesota Twins,3,-181,-181,-136,149,149,113,False,DraftKings,1,-106,9,,,1.5,Final,9.0,-114
ARI,2026-06-23T23:45Z,401815875,STL,2026,Arizona Diamondbacks,4,54.12247888,2026-06-23T11:04Z,St. Louis Cardinals,3,-107,-107,-102,-112,-112,-118,False,DraftKings,1,-105,9,,,1.5,Final,8.5,-114
BOS,2026-06-24T00:40Z,401815878,COL,2026,Boston Red Sox,5,41.85253578,2026-06-23T11:04Z,Colorado Rockies,2,-167,-167,-168,138,138,139,False,DraftKings,1,-117,9,,,1.5,Final,10.5,-103
BAL,2026-06-24T01:38Z,401815881,LAA,2026,Baltimore Orioles,1,40.11224277,2026-06-23T11:04Z,Los Angeles Angels,5,-143,-143,-163,119,119,135,False,DraftKings,1,-105,9,,,1.5,Final,9.0,-114
ATL,2026-06-24T01:40Z,401815880,SD,2026,Atlanta Braves,6,45.29163308,2026-06-23T11:04Z,San Diego Padres,7,-110,-110,-109,-110,-110,-111,False,DraftKings,1,-104,10,,,1.5,Final/10,8.5,-116
ATH,2026-06-24T01:45Z,401815879,SF,2026,Athletics,1,59.137132400000006,2026-06-23T11:04Z,San Francisco Giants,3,123,123,104,-149,-149,-126,False,DraftKings,1,-107,9,,,-1.5,Final,9.0,-113
TEX,2026-06-24T16:10Z,401815889,MIA,2026,Texas Rangers,2,52.801525999999996,2026-06-24T11:04Z,Miami Marlins,4,-122,-122,-126,101,101,104,False,DraftKings,1,-103,9,,,1.5,Final,7.5,-117
CHC,2026-06-24T17:10Z,401879401,NYM,2026,Chicago Cubs,10,60.501077169999995,2026-06-24T11:04Z,New York Mets,3,100,100,-137,-121,-121,114,False,DraftKings,1,-103,9,,,1.5,Final,8.5,-117
CLE,2026-06-24T18:10Z,401815891,CHW,2026,Cleveland Guardians,4,48.976556980000005,2026-06-24T11:04Z,Chicago White Sox,3,-111,-111,-131,-109,-109,109,False,DraftKings,1,-115,10,,,1.5,Final/10,8.0,-105
BOS,2026-06-24T19:10Z,401815893,COL,2026,Boston Red Sox,6,36.516064,2026-06-24T11:04Z,Colorado Rockies,8,-164,-164,-175,136,136,144,False,DraftKings,1,-114,9,,,1.5,Final,10.5,-106
BAL,2026-06-24T20:07Z,401815896,LAA,2026,Baltimore Orioles,6,60.99445715,2026-06-24T11:04Z,Los Angeles Angels,7,102,102,104,-123,-123,-126,False,DraftKings,1,-113,10,,,1.5,Final/10,9.0,-107
KC,2026-06-24T22:40Z,401815884,TB,2026,Kansas City Royals,3,62.33905985,2026-06-24T11:04Z,Tampa Bay Rays,5,129,129,123,-156,-156,-149,False,DraftKings,1,-107,9,,,-1.5,Final,7.5,-112
NYY,2026-06-24T22:40Z,401815886,DET,2026,New York Yankees,4,57.403016959999995,2026-06-24T11:04Z,Detroit Tigers,2,113,113,119,-136,-136,-143,False,DraftKings,1,-120,9,,,-1.5,Final,7.0,-101
SEA,2026-06-24T22:40Z,401815888,PIT,2026,Seattle Mariners,1,62.6812532,2026-06-24T11:04Z,Pittsburgh Pirates,11,-105,-105,-102,-115,-115,-118,False,DraftKings,1,-105,9,,,1.5,Final,8.0,-115
PHI,2026-06-24T22:45Z,401815887,WSH,2026,Philadelphia Phillies,5,56.06399147,2026-06-24T11:04Z,Washington Nationals,4,-126,-126,-131,105,105,109,False,DraftKings,1,-105,9,,,1.5,Final,9.5,-114
HOU,2026-06-24T23:07Z,401815883,TOR,2026,Houston Astros,3,61.133643449999994,2026-06-24T11:04Z,Toronto Blue Jays,1,119,119,129,-144,-144,-156,False,DraftKings,1,-114,9,,,-1.5,Final,8.5,-105
CHC,2026-06-24T23:10Z,401815882,NYM,2026,Chicago Cubs,10,53.32134852,2026-06-24T11:04Z,New York Mets,5,-114,-114,100,-105,-105,-121,False,DraftKings,1,-105,9,,,1.5,Final,8.0,-114
MIL,2026-06-24T23:10Z,401815885,CIN,2026,Milwaukee Brewers,6,40.35688753,2026-06-24T11:04Z,Cincinnati Reds,5,-131,-131,-143,109,109,119,False,DraftKings,1,-106,9,,,1.5,Final,9.5,-113
LAD,2026-06-24T23:40Z,401815892,MIN,2026,Los Angeles Dodgers,4,38.2437141,2026-06-24T11:04Z,Minnesota Twins,3,-164,-164,-186,135,135,153,False,DraftKings,1,-102,9,,,1.5,Final,8.5,-118
ARI,2026-06-24T23:45Z,401815890,STL,2026,Arizona Diamondbacks,9,56.40264229,2026-06-24T11:04Z,St. Louis Cardinals,4,-102,-102,-102,-118,-118,-118,False,DraftKings,1,-117,9,,,1.5,Final,9.0,-103
ATL,2026-06-25T00:40Z,401815895,SD,2026,Atlanta Braves,2,38.77005826,2026-06-24T11:04Z,San Diego Padres,5,-117,-117,-126,-103,-103,104,False,DraftKings,1,-119,9,,,1.5,Final,8.0,-102
ATH,2026-06-25T01:45Z,401815894,SF,2026,Athletics,1,50.908678689999995,2026-06-24T11:04Z,San Francisco Giants,2,-114,-114,-131,-105,-105,109,False,DraftKings,1,-110,9,,,1.5,Final,8.5,-109
KC,2026-06-25T16:10Z,401815899,TB,2026,Kansas City Royals,2,55.33076152,2026-06-25T11:04Z,Tampa Bay Rays,13,123,123,123,-149,-149,-149,False,DraftKings,1,-112,9,,,-1.5,Final,8.0,-107
SEA,2026-06-25T16:35Z,401815902,PIT,2026,Seattle Mariners,1,61.03230022,2026-06-25T11:04Z,Pittsburgh Pirates,5,-144,-144,-136,119,119,113,False,DraftKings,1,-105,9,,,1.5,Final,8.5,-115
ATH,2026-06-25T19:45Z,401815905,SF,2026,Athletics,9,61.571631780000004,2026-06-25T11:04Z,San Francisco Giants,6,118,118,113,-142,-142,-136,False,DraftKings,1,-102,9,,,-1.5,Final,8.5,-119
HOU,2026-06-25T22:40Z,401815898,DET,2026,Houston Astros,2,58.818066130000005,2026-06-25T11:04Z,Detroit Tigers,1,100,100,104,-121,-121,-126,False,DraftKings,1,-113,9,,,1.5,Final,9.0,-107
PHI,2026-06-25T22:45Z,401815901,WSH,2026,Philadelphia Phillies,10,42.60623846,2026-06-25T11:04Z,Washington Nationals,5,-179,-179,-181,148,148,149,False,DraftKings,1,-111,9,,,1.5,Final,8.5,-109
TEX,2026-06-25T23:07Z,401815903,TOR,2026,Texas Rangers,6,55.60435684,2026-06-25T11:04Z,Toronto Blue Jays,5,119,119,123,-144,-144,-149,False,DraftKings,1,-105,9,,,-1.5,Final,8.0,-114
CHC,2026-06-25T23:10Z,401815897,NYM,2026,Chicago Cubs,4,50.617036230000004,2026-06-25T11:04Z,New York Mets,3,-102,-102,-105,-118,-118,-115,False,DraftKings,1,-120,10,,,1.5,Final/10,8.5,-101
NYY,2026-06-25T23:10Z,401815900,BOS,2026,New York Yankees,3,41.714606450000005,2026-06-25T11:04Z,Boston Red Sox,6,-148,-148,-156,123,123,129,False,DraftKings,1,-110,9,,,1.5,Final,8.0,-109
CIN,2026-06-26T22:40Z,401815907,PIT,2026,Cincinnati Reds,6,71.59330967000001,2026-06-26T11:04Z,Pittsburgh Pirates,4,149,149,179,-181,-181,-219,False,DraftKings,1,-114,9,,,-1.5,Final,7.5,-105
HOU,2026-06-26T22:40Z,401815908,DET,2026,Houston Astros,0,51.78168876,2026-06-26T11:04Z,Detroit Tigers,8,-108,-108,-105,-112,-112,-115,False,DraftKings,1,-112,9,,,1.5,Final,9.0,-107
WSH,2026-06-26T23:05Z,401815913,BAL,2026,Washington Nationals,1,52.18458479,2026-06-26T11:04Z,Baltimore Orioles,3,118,118,119,-143,-143,-143,False,DraftKings,1,-114,9,,,-1.5,Final,9.0,-106
TEX,2026-06-26T23:07Z,401815912,TOR,2026,Texas Rangers,5,46.75362382,2026-06-26T11:04Z,Toronto Blue Jays,4,-105,-105,-115,-114,-114,-105,False,DraftKings,1,-103,9,,,1.5,Final,8.5,-117
ARI,2026-06-26T23:10Z,401815906,TB,2026,Arizona Diamondbacks,1,64.91162844,2026-06-26T11:04Z,Tampa Bay Rays,6,114,114,104,-137,-137,-126,False,DraftKings,1,-109,9,,,-1.5,Final,8.5,-110
NYY,2026-06-26T23:10Z,401815909,BOS,2026,New York Yankees,1,44.93994054,2026-06-26T11:04Z,Boston Red Sox,6,104,104,-120,-125,-125,100,False,DraftKings,1,-120,9,,,1.5,Final,8.5,-101
PHI,2026-06-26T23:10Z,401815910,NYM,2026,Philadelphia Phillies,2,36.71041956,2026-06-26T11:04Z,New York Mets,1,-156,-156,-163,129,129,135,False,DraftKings,1,-105,9,,,1.5,Final,8.5,-114
SEA,2026-06-26T23:10Z,401815911,CLE,2026,Seattle Mariners,3,59.410604830000004,2026-06-26T11:04Z,Cleveland Guardians,1,-111,-111,-105,-108,-108,-115,False,DraftKings,1,-114,9,,,1.5,Final,7.5,-105
KC,2026-06-26T23:40Z,401815916,CHW,2026,Kansas City Royals,1,49.49389389,2026-06-26T11:04Z,Chicago White Sox,22,109,109,106,-131,-131,-127,False,DraftKings,1,101,9,,,-1.5,Final,9.0,-122
CHC,2026-06-26T23:45Z,401815914,MIL,2026,Chicago Cubs,2,72.7975582,2026-06-26T11:04Z,Milwaukee Brewers,6,207,207,218,-257,-257,-271,False,DraftKings,1,-119,9,,,-1.5,Final,7.0,-101
COL,2026-06-27T00:10Z,401815915,MIN,2026,Colorado Rockies,8,61.237173330000005,2026-06-26T11:04Z,Minnesota Twins,9,146,146,139,-177,-177,-168,False,DraftKings,1,-123,10,,,-1.5,Final/10,9.0,102
MIA,2026-06-27T00:15Z,401815917,STL,2026,Miami Marlins,4,53.51962541,2026-06-26T11:04Z,St. Louis Cardinals,0,-110,-110,100,-110,-110,-120,False,DraftKings,1,-101,9,,,1.5,Final,8.5,-120
ATH,2026-06-27T01:38Z,401815918,LAA,2026,Athletics,9,56.19245208,2026-06-26T11:04Z,Los Angeles Angels,3,-114,-114,-122,-105,-105,102,False,DraftKings,1,-107,9,,,1.5,Final,8.5,-112
LAD,2026-06-27T01:45Z,401815920,SD,2026,Los Angeles Dodgers,1,45.89725761,2026-06-26T11:04Z,San Diego Padres,7,-149,-149,-156,124,124,129,False,DraftKings,1,-114,9,,,1.5,Final,7.5,-105
ATL,2026-06-27T02:15Z,401815919,SF,2026,Atlanta Braves,3,52.50801893,2026-06-26T11:04Z,San Francisco Giants,1,-125,-125,-128,104,104,107,False,DraftKings,1,-110,9,,,1.5,Final,8.5,-109
NYY,2026-06-27T17:00Z,401815924,BOS,2026,New York Yankees,1,46.382158839999995,2026-06-27T11:04Z,Boston Red Sox,4,-123,-123,-131,102,102,109,False,DraftKings,1,-117,9,,,1.5,Final,8.0,-103
HOU,2026-06-27T17:10Z,401815923,DET,2026,Houston Astros,8,54.922436829999995,2026-06-27T11:04Z,Detroit Tigers,6,117,117,104,-141,-141,-126,False,DraftKings,1,-111,9,,,-1.5,Final,8.5,-109
TEX,2026-06-27T19:07Z,401815927,TOR,2026,Texas Rangers,7,66.49485849,2026-06-27T11:04Z,Toronto Blue Jays,4,168,168,135,-205,-205,-163,False,DraftKings,1,-103,9,,,-1.5,Final,8.0,-117
PHI,2026-06-27T20:10Z,401815925,NYM,2026,Philadelphia Phillies,2,54.66354229,2026-06-27T11:04Z,New York Mets,6,111,111,119,-134,-134,-143,False,DraftKings,1,-105,9,,,-1.5,Final,9.0,-115
KC,2026-06-27T20:10Z,401815931,CHW,2026,Kansas City Royals,1,57.38391703,2026-06-27T11:04Z,Chicago White Sox,2,107,107,119,-128,-128,-143,False,DraftKings,1,-109,9,,,-1.5,Final,8.0,-111
CIN,2026-06-27T20:40Z,401815922,PIT,2026,Cincinnati Reds,9,45.83263146,2026-06-27T11:04Z,Pittsburgh Pirates,7,-112,-112,-118,-108,-108,-102,False,DraftKings,1,-108,9,,,1.5,Final,8.0,-112
ARI,2026-06-27T22:10Z,401815921,TB,2026,Arizona Diamondbacks,2,57.8795643,2026-06-27T11:04Z,Tampa Bay Rays,4,123,123,153,-148,-148,-186,False,DraftKings,1,-105,9,,,-1.5,Final,8.5,-115
WSH,2026-06-27T23:05Z,401815928,BAL,2026,Washington Nationals,4,50.596489,2026-06-27T11:04Z,Baltimore Orioles,3,-101,-101,-105,-120,-120,-115,False,DraftKings,1,-107,10,,,1.5,Final/10,9.0,-113
SEA,2026-06-27T23:10Z,401815926,CLE,2026,Seattle Mariners,3,45.11722298,2026-06-27T11:04Z,Cleveland Guardians,4,-155,-155,-149,129,129,123,False,DraftKings,1,-101,9,,,1.5,Final,7.5,-120
CHC,2026-06-27T23:10Z,401815929,MIL,2026,Chicago Cubs,8,68.76913558,2026-06-27T11:04Z,Milwaukee Brewers,2,129,129,135,-156,-156,-163,False,DraftKings,1,-115,9,,,-1.5,Final,7.5,-104
COL,2026-06-27T23:10Z,401815930,MIN,2026,Colorado Rockies,8,65.60516616,2026-06-27T11:04Z,Minnesota Twins,5,114,114,123,-137,-137,-149,False,DraftKings,1,-113,9,,,-1.5,Final,9.5,-106
MIA,2026-06-27T23:15Z,401815932,STL,2026,Miami Marlins,5,60.10946544,2026-06-27T11:04Z,St. Louis Cardinals,1,118,118,119,-142,-142,-143,False,DraftKings,1,-116,9,,,-1.5,Final,8.5,-104
LAD,2026-06-28T00:40Z,401815935,SD,2026,Los Angeles Dodgers,15,32.34238561,2026-06-27T11:04Z,San Diego Padres,3,-216,-216,-199,176,176,163,False,DraftKings,1,-105,9,,,1.5,Final,8.0,-114
ATL,2026-06-28T01:05Z,401815934,SF,2026,Atlanta Braves,0,55.66959607999999,2026-06-27T11:04Z,San Francisco Giants,5,108,108,109,-130,-130,-131,False,DraftKings,1,-102,9,,,-1.5,Final,8.0,-119
ATH,2026-06-28T01:38Z,401815933,LAA,2026,Athletics,2,63.06832254,2026-06-27T11:04Z,Los Angeles Angels,5,-105,-105,-103,-114,-114,-117,False,DraftKings,1,-108,9,,,1.5,Final,8.5,-111
CIN,2026-06-28T17:35Z,401815937,PIT,2026,Cincinnati Reds,4,60.65745648000001,2026-06-28T11:04Z,Pittsburgh Pirates,9,117,117,109,-141,-141,-131,False,DraftKings,1,-111,9,,,-1.5,Final,9.0,-109
WSH,2026-06-28T17:35Z,401815943,BAL,2026,Washington Nationals,6,66.13899762,2026-06-28T11:04Z,Baltimore Orioles,4,168,168,159,-205,-205,-194,False,DraftKings,1,-107,9,,,-1.5,Final,9.5,-112
TEX,2026-06-28T17:37Z,401815942,TOR,2026,Texas Rangers,3,55.02374892,2026-06-28T11:04Z,Toronto Blue Jays,2,109,109,109,-131,-131,-131,False,DraftKings,1,-103,9,,,-1.5,Final,9.0,-117
ARI,2026-06-28T17:40Z,401815936,TB,2026,Arizona Diamondbacks,1,65.1864326,2026-06-28T11:04Z,Tampa Bay Rays,5,167,167,159,-204,-204,-194,False,DraftKings,1,-104,9,,,-1.5,Final,8.0,-116
HOU,2026-06-28T17:40Z,401815938,DET,2026,Houston Astros,7,40.39508173,2026-06-28T11:04Z,Detroit Tigers,5,-114,-114,-131,-105,-105,109,False,DraftKings,1,-115,10,,,1.5,Final/10,8.0,-105
PHI,2026-06-28T17:40Z,401815940,NYM,2026,Philadelphia Phillies,5,40.800993930000004,2026-06-28T11:04Z,New York Mets,4,-156,-156,-149,129,129,123,False,DraftKings,1,-102,9,,,1.5,Final,8.5,-118
SEA,2026-06-28T17:40Z,401815941,CLE,2026,Seattle Mariners,5,57.45234347,2026-06-28T11:04Z,Cleveland Guardians,6,104,104,-108,-126,-126,-112,False,DraftKings,1,-107,9,,,1.5,Final,7.5,-113
CHC,2026-06-28T18:10Z,401815944,MIL,2026,Chicago Cubs,4,71.27313828,2026-06-28T11:04Z,Milwaukee Brewers,3,139,139,184,-169,-169,-219,False,DraftKings,1,-120,10,,,-1.5,Final/10,8.0,-101
COL,2026-06-28T18:10Z,401815945,MIN,2026,Colorado Rockies,2,57.42988403,2026-06-28T11:04Z,Minnesota Twins,3,143,143,129,-173,-173,-156,False,DraftKings,1,-116,9,,,-1.5,Final,9.0,-104
KC,2026-06-28T18:10Z,401815946,CHW,2026,Kansas City Royals,5,54.9426618,2026-06-28T11:04Z,Chicago White Sox,4,114,114,113,-137,-137,-136,False,DraftKings,1,-114,9,,,-1.5,Final,8.5,-105
MIA,2026-06-28T18:15Z,401815947,STL,2026,Miami Marlins,1,55.54236349,2026-06-28T11:04Z,St. Louis Cardinals,2,104,104,104,-125,-125,-126,False,DraftKings,1,101,9,,,-1.5,Final,9.5,-122
ATH,2026-06-28T19:15Z,401815948,LAA,2026,Athletics,1,48.74391201,2026-06-28T11:04Z,Los Angeles Angels,4,-108,-108,-120,-112,-112,100,False,DraftKings,1,-123,9,,,1.5,Final,9.0,102
ATL,2026-06-28T20:05Z,401815949,SF,2026,Atlanta Braves,2,35.37410541,2026-06-28T11:04Z,San Francisco Giants,3,-186,-186,-156,153,153,129,False,DraftKings,1,-108,9,,,1.5,Final,7.5,-111
LAD,2026-06-28T20:10Z,401815950,SD,2026,Los Angeles Dodgers,4,47.80992751,2026-06-28T11:04Z,San Diego Padres,2,-137,-137,-136,114,114,113,False,DraftKings,1,-107,9,,,1.5,Final,8.0,-112
NYY,2026-06-28T23:20Z,401815939,BOS,2026,New York Yankees,4,51.20262609,2026-06-28T11:04Z,Boston Red Sox,5,-108,-108,102,-112,-112,-122,False,DraftKings,1,-107,10,,,1.5,Final/10,8.0,-112
CHW,2026-06-29T22:35Z,401815951,BAL,2026,Chicago White Sox,8,55.85871119,2026-06-29T11:04Z,Baltimore Orioles,2,113,113,104,-136,-136,-126,False,DraftKings,1,100,9,,,-1.5,Final,9.5,-121
PIT,2026-06-29T22:40Z,401815954,PHI,2026,Pittsburgh Pirates,11,38.66230846,2026-06-29T11:04Z,Philadelphia Phillies,7,-107,-107,-115,-112,-112,-105,False,DraftKings,1,-105,9,,,1.5,Final,9.0,-114
TEX,2026-06-29T23:00Z,401815955,CLE,2026,Texas Rangers,6,61.653366899999995,2026-06-29T11:04Z,Cleveland Guardians,3,130,130,113,-157,-157,-136,False,DraftKings,1,-108,9,,,-1.5,Final,7.5,-111
DET,2026-06-29T23:05Z,401815952,NYY,2026,Detroit Tigers,7,60.85216124,2026-06-29T11:04Z,New York Yankees,3,117,117,109,-141,-141,-131,False,DraftKings,1,-106,9,,,-1.5,Final,8.0,-114
NYM,2026-06-29T23:07Z,401815953,TOR,2026,New York Mets,1,59.580234450000006,2026-06-29T11:04Z,Toronto Blue Jays,2,104,104,104,-125,-125,-126,False,DraftKings,1,-117,9,,,-1.5,Final,8.5,-103
WSH,2026-06-29T23:10Z,401815956,BOS,2026,Washington Nationals,3,64.82905101,2026-06-29T11:04Z,Boston Red Sox,6,148,148,159,-180,-180,-194,False,DraftKings,1,-111,9,,,-1.5,Final,8.5,-109
CIN,2026-06-29T23:40Z,401815957,MIL,2026,Cincinnati Reds,3,60.41961221,2026-06-29T11:04Z,Milwaukee Brewers,5,117,117,129,-141,-141,-156,False,DraftKings,1,-114,9,,,-1.5,Final,9.0,-106
SD,2026-06-30T00:05Z,401815959,CHC,2026,San Diego Padres,2,59.442125170000004,2026-06-29T11:04Z,Chicago Cubs,3,135,135,129,-164,-164,-156,False,DraftKings,1,-104,9,,,-1.5,Final,11.5,-116
MIN,2026-06-30T00:10Z,401815958,HOU,2026,Minnesota Twins,5,57.19842415000001,2026-06-29T11:04Z,Houston Astros,4,119,119,104,-143,-143,-126,False,DraftKings,1,-101,9,,,-1.5,Final,9.0,-120
MIA,2026-06-30T00:40Z,401815960,COL,2026,Miami Marlins,10,46.74456877,2026-06-29T11:04Z,Colorado Rockies,7,-154,-154,-126,128,128,104,False,DraftKings,1,-103,9,,,1.5,Final,12.0,-117
LAA,2026-06-30T01:40Z,401815961,SEA,2026,Los Angeles Angels,2,67.10882777,2026-06-29T11:04Z,Seattle Mariners,6,168,168,179,-205,-205,-219,False,DraftKings,1,-115,9,,,-1.5,Final,7.5,-104
LAD,2026-06-30T01:40Z,401815962,ATH,2026,Los Angeles Dodgers,9,46.63807113,2026-06-29T11:04Z,Athletics,4,-120,-120,-120,-101,-101,100,False,DraftKings,1,-112,9,,,1.5,Final,10.5,-108
SF,2026-06-30T01:40Z,401815963,ARI,2026,San Francisco Giants,4,63.46370713,2026-06-29T11:04Z,Arizona Diamondbacks,5,113,113,113,-136,-136,-136,False,DraftKings,1,-110,9,,,-1.5,Final,9.0,-109
CHW,2026-06-30T22:35Z,401815964,BAL,2026,Chicago White Sox,9,56.47769875,2026-06-30T11:04Z,Baltimore Orioles,3,124,124,119,-149,-149,-143,False,DraftKings,1,-111,9,,,-1.5,Final,10.5,-108
PIT,2026-06-30T22:40Z,401815967,PHI,2026,Pittsburgh Pirates,0,62.69511758,2026-06-30T11:04Z,Philadelphia Phillies,8,191,191,163,-235,-235,-199,False,DraftKings,1,-118,9,,,-1.5,Final,8.5,-102
TEX,2026-06-30T22:40Z,401815969,CLE,2026,Texas Rangers,4,51.11524133,2026-06-30T11:04Z,Cleveland Guardians,2,-126,-126,-108,105,105,-112,False,DraftKings,1,-114,9,,,1.5,Final,7.5,-105
DET,2026-06-30T23:05Z,401815965,NYY,2026,Detroit Tigers,9,67.22201902,2026-06-30T11:04Z,New York Yankees,3,100,100,123,-121,-121,-149,False,DraftKings,1,-109,9,,,1.5,Final,7.0,-111
NYM,2026-06-30T23:07Z,401815966,TOR,2026,New York Mets,3,49.53366338,2026-06-30T11:04Z,Toronto Blue Jays,0,-117,-117,109,-103,-103,-131,False,DraftKings,1,-103,9,,,1.5,Final,8.0,-117
WSH,2026-06-30T23:10Z,401815970,BOS,2026,Washington Nationals,8,60.334455600000005,2026-06-30T11:04Z,Boston Red Sox,1,117,117,119,-141,-141,-143,False,DraftKings,1,-117,9,,,-1.5,Final,9.0,-103
STL,2026-06-30T23:15Z,401815968,ATL,2026,St. Louis Cardinals,5,67.36318535,2026-06-30T11:04Z,Atlanta Braves,3,123,123,135,-149,-149,-163,False,DraftKings,1,-120,9,,,-1.5,Final,9.0,-101
CIN,2026-06-30T23:40Z,401815971,MIL,2026,Cincinnati Reds,2,65.69389747,2026-06-30T11:04Z,Milwaukee Brewers,7,141,141,149,-171,-171,-181,False,DraftKings,1,-101,9,,,-1.5,Final,9.5,-119
TB,2026-06-30T23:40Z,401815974,KC,2026,Tampa Bay Rays,10,43.2217841,2026-06-30T11:04Z,Kansas City Royals,4,-112,-112,-122,-108,-108,102,False,DraftKings,1,-115,9,,,1.5,Final,9.5,-104
SD,2026-07-01T00:05Z,401815973,CHC,2026,San Diego Padres,7,66.39894457,2026-06-30T11:04Z,Chicago Cubs,9,119,119,129,-144,-144,-156,False,DraftKings,1,-114,9,,,-1.5,Final,11.0,-105
MIN,2026-07-01T00:10Z,401815972,HOU,2026,Minnesota Twins,4,45.58086325,2026-06-30T11:04Z,Houston Astros,6,-110,-110,-118,-110,-110,-102,False,DraftKings,1,-102,9,,,1.5,Final,8.5,-118
MIA,2026-07-01T00:40Z,401815975,COL,2026,Miami Marlins,14,42.698814660000004,2026-06-30T11:04Z,Colorado Rockies,3,-141,-141,-149,117,117,123,False,DraftKings,1,-113,9,,,1.5,Final,11.0,-107
LAA,2026-07-01T01:40Z,401815976,SEA,2026,Los Angeles Angels,3,54.56114746,2026-06-30T11:04Z,Seattle Mariners,8,158,158,135,-193,-193,-163,False,DraftKings,1,-108,9,,,-1.5,Final,7.0,-111
LAD,2026-07-01T01:40Z,401815977,ATH,2026,Los Angeles Dodgers,9,30.72597328,2026-06-30T11:04Z,Athletics,3,-186,-186,-149,153,153,123,False,DraftKings,1,-120,9,,,1.5,Final,11.0,-101
SF,2026-07-01T01:40Z,401815978,ARI,2026,San Francisco Giants,2,51.063244350000005,2026-06-30T11:04Z,Arizona Diamondbacks,8,-101,-101,-108,-120,-120,-112,False,DraftKings,1,-106,9,,,1.5,Final,9.0,-114
CHW,2026-07-01T16:35Z,401815979,BAL,2026,Chicago White Sox,1,58.91094708,2026-07-01T11:04Z,Baltimore Orioles,6,129,129,118,-156,-156,-143,False,DraftKings,1,-114,9,,,-1.5,Final,10.0,-105
TEX,2026-07-01T17:10Z,401815984,CLE,2026,Texas Rangers,4,55.66123812,2026-07-01T11:04Z,Cleveland Guardians,9,104,104,-110,-125,-125,-110,False,DraftKings,1,-110,9,,,-1.5,Final,7.5,-109
DET,2026-07-01T17:35Z,401815980,NYY,2026,Detroit Tigers,6,62.40501904,2026-07-01T11:04Z,New York Yankees,2,117,117,123,-141,-141,-149,False,DraftKings,1,-109,11,,,-1.5,Final/11,9.5,-111
WSH,2026-07-01T17:35Z,401815985,BOS,2026,Washington Nationals,10,49.76175741,2026-07-01T11:04Z,Boston Red Sox,2,128,128,119,-154,-154,-143,False,DraftKings,1,-111,9,,,-1.5,Final,9.5,-109
SD,2026-07-01T18:20Z,401815988,CHC,2026,San Diego Padres,3,61.544777849999996,2026-07-01T11:04Z,Chicago Cubs,23,108,108,109,-130,-130,-131,False,DraftKings,1,-111,9,,,-1.5,Final,12.0,-109
NYM,2026-07-01T19:07Z,401815981,TOR,2026,New York Mets,3,57.429909079999995,2026-07-01T11:04Z,Toronto Blue Jays,9,-105,-105,-115,-115,-115,-105,False,DraftKings,1,-122,9,,,1.5,Final,8.5,102
PIT,2026-07-01T22:40Z,401815982,PHI,2026,Pittsburgh Pirates,6,54.886764570000004,2026-07-01T11:04Z,Philadelphia Phillies,10,119,119,113,-144,-144,-136,False,DraftKings,1,-114,9,,,-1.5,Final,8.0,-106
STL,2026-07-01T23:15Z,401815983,ATL,2026,St. Louis Cardinals,1,54.95974781,2026-07-01T11:04Z,Atlanta Braves,5,117,117,109,-141,-141,-131,False,DraftKings,1,-116,9,,,-1.5,Final,9.0,-104
TB,2026-07-01T23:40Z,401815989,KC,2026,Tampa Bay Rays,4,47.717456209999995,2026-07-01T11:04Z,Kansas City Royals,0,-155,-155,-143,128,128,119,False,DraftKings,1,-113,9,,,1.5,Final,10.5,-106
CIN,2026-07-02T00:00Z,401815986,MIL,2026,Cincinnati Reds,2,64.54565905,2026-07-01T11:04Z,Milwaukee Brewers,4,134,134,129,-163,-163,-156,False,DraftKings,1,-113,9,,,-1.5,Final,9.0,-107
MIN,2026-07-02T00:10Z,401815987,HOU,2026,Minnesota Twins,8,51.642319189999995,2026-07-01T11:04Z,Houston Astros,3,130,130,100,-157,-157,-120,False,DraftKings,1,-114,9,,,-1.5,Final,8.5,-105
MIA,2026-07-02T00:40Z,401815990,COL,2026,Miami Marlins,3,35.11860525,2026-07-01T11:04Z,Colorado Rockies,6,-144,-144,-163,119,119,135,False,DraftKings,1,-117,9,,,1.5,Final,11.0,-103
LAD,2026-07-02T01:40Z,401815991,ATH,2026,Los Angeles Dodgers,1,40.42780835,2026-07-01T11:04Z,Athletics,7,-158,-158,-194,131,131,159,False,DraftKings,1,-103,9,,,1.5,Final,11.0,-117
SF,2026-07-02T01:40Z,401815992,ARI,2026,San Francisco Giants,6,47.31157538,2026-07-01T11:04Z,Arizona Diamondbacks,4,114,114,104,-137,-137,-126,False,DraftKings,1,-106,9,,,-1.5,Final,9.5,-114
PIT,2026-07-02T16:35Z,401815994,PHI,2026,Pittsburgh Pirates,6,55.9314879,2026-07-02T11:04Z,Philadelphia Phillies,1,113,113,109,-136,-136,-131,False,DraftKings,1,-112,9,,,-1.5,Final,10.5,-107
CIN,2026-07-02T18:10Z,401815996,MIL,2026,Cincinnati Reds,7,70.62027146,2026-07-02T11:04Z,Milwaukee Brewers,2,178,178,163,-219,-219,-199,False,DraftKings,1,101,9,,,-1.5,Final,7.0,-122
MIA,2026-07-02T19:10Z,401815999,COL,2026,Miami Marlins,4,45.72998509,2026-07-02T11:04Z,Colorado Rockies,14,-136,-136,-126,113,113,104,False,DraftKings,1,-104,9,,,1.5,Final,12.5,-115
CHW,2026-07-02T22:40Z,401815993,CLE,2026,Chicago White Sox,5,49.12907233,2026-07-02T11:04Z,Cleveland Guardians,6,-101,-101,-120,-120,-120,100,False,DraftKings,1,-109,9,,,1.5,Final,8.5,-110
STL,2026-07-02T23:15Z,401815995,ATL,2026,St. Louis Cardinals,11,66.96195780000001,2026-07-02T11:04Z,Atlanta Braves,5,103,103,-105,-124,-124,-115,False,DraftKings,1,-106,9,,,1.5,Final,9.0,-114
TB,2026-07-02T23:40Z,401815998,KC,2026,Tampa Bay Rays,5,48.69383664,2026-07-02T11:04Z,Kansas City Royals,2,-122,-122,-126,101,101,104,False,DraftKings,1,-113,9,,,1.5,Final,10.0,-107
DET,2026-07-03T00:05Z,401815997,TEX,2026,Detroit Tigers,4,59.35473269,2026-07-02T11:04Z,Texas Rangers,10,-110,-110,109,-110,-110,-131,False,DraftKings,1,100,9,,,1.5,Final,7.5,-120
LAA,2026-07-03T01:40Z,401816000,SEA,2026,Los Angeles Angels,0,54.881442140000004,2026-07-02T11:04Z,Seattle Mariners,1,183,183,169,-225,-225,-207,False,DraftKings,1,-119,9,,,-1.5,Final,7.0,-102
SD,2026-07-03T02:10Z,401816001,LAD,2026,San Diego Padres,7,64.48890924,2026-07-02T11:04Z,Los Angeles Dodgers,12,178,178,162,-219,-219,-198,False,DraftKings,1,-103,9,,,-1.5,Final,9.5,-117
STL,2026-07-03T20:05Z,401816007,CHC,2026,St. Louis Cardinals,17,58.4595356,2026-07-03T11:04Z,Chicago Cubs,1,114,114,109,-137,-137,-131,False,DraftKings,1,-121,9,,,-1.5,Final,10.5,100
PIT,2026-07-03T22:45Z,401816006,WSH,2026,Pittsburgh Pirates,5,59.34376575,2026-07-03T11:04Z,Washington Nationals,9,124,124,109,-150,-150,-131,False,DraftKings,1,-116,9,,,-1.5,Final,9.5,-104
MIN,2026-07-03T23:05Z,401816004,NYY,2026,Minnesota Twins,2,60.41050281,2026-07-03T11:04Z,New York Yankees,5,194,194,153,-240,-240,-186,False,DraftKings,1,-103,9,,,-1.5,Final,10.0,-117
BAL,2026-07-03T23:10Z,401816002,CIN,2026,Baltimore Orioles,3,46.285975969999996,2026-07-03T11:04Z,Cincinnati Reds,0,-123,-123,-126,102,102,104,False,DraftKings,1,-114,9,,,1.5,Final,10.5,-106
CHW,2026-07-03T23:10Z,401816003,CLE,2026,Chicago White Sox,3,57.12410449000001,2026-07-03T11:04Z,Cleveland Guardians,4,114,114,109,-137,-137,-131,False,DraftKings,1,-114,10,,,-1.5,Final/10,8.0,-106
NYM,2026-07-03T23:15Z,401816005,ATL,2026,New York Mets,3,61.13972632,2026-07-03T11:04Z,Atlanta Braves,5,-101,-101,104,-120,-120,-126,False,DraftKings,1,-106,9,,,1.5,Final,9.0,-114
SF,2026-07-04T00:10Z,401816009,COL,2026,San Francisco Giants,3,44.0359233,2026-07-03T11:04Z,Colorado Rockies,15,-160,-160,-156,132,132,129,False,DraftKings,1,-108,9,,,1.5,Final,11.5,-112
TB,2026-07-04T00:15Z,401816008,HOU,2026,Tampa Bay Rays,3,49.00112157,2026-07-03T11:04Z,Houston Astros,1,-110,-110,-110,-110,-110,-110,False,DraftKings,1,-110,9,,,1.5,Final,9.0,-109
BOS,2026-07-04T01:38Z,401816010,LAA,2026,Boston Red Sox,5,59.98430675,2026-07-03T11:04Z,Los Angeles Angels,2,-105,-105,-110,-114,-114,-110,False,DraftKings,1,-110,9,,,1.5,Final,7.5,-109
MIA,2026-07-04T01:40Z,401816011,ATH,2026,Miami Marlins,12,45.812223759999995,2026-07-03T11:04Z,Athletics,5,119,119,104,-143,-143,-126,False,DraftKings,1,-107,9,,,-1.5,Final,11.0,-113
MIL,2026-07-04T01:45Z,401816012,ARI,2026,Milwaukee Brewers,7,38.994214240000005,2026-07-03T11:04Z,Arizona Diamondbacks,4,-136,-136,-171,113,113,141,False,DraftKings,1,-112,11,,,1.5,Final/11,8.5,-107
SD,2026-07-04T02:10Z,401816013,LAD,2026,San Diego Padres,3,79.01735242,2026-07-03T11:04Z,Los Angeles Dodgers,4,220,220,194,-274,-274,-240,False,DraftKings,1,-108,9,,,-1.5,Final,8.0,-111
TOR,2026-07-04T02:10Z,401816014,SEA,2026,Toronto Blue Jays,2,48.65656183,2026-07-03T11:04Z,Seattle Mariners,0,-136,-136,-122,113,113,102,False,DraftKings,1,-108,9,,,1.5,Final,7.0,-111
PIT,2026-07-04T15:05Z,401816019,WSH,2026,Pittsburgh Pirates,7,42.70088235,2026-07-04T11:04Z,Washington Nationals,1,-162,-162,-163,134,134,135,False,DraftKings,1,-107,9,,,1.5,Final,10.5,-112
MIN,2026-07-04T17:35Z,401816017,NYY,2026,Minnesota Twins,11,63.36560022,2026-07-04T11:04Z,New York Yankees,4,124,124,139,-149,-149,-164,False,DraftKings,1,-112,9,,,-1.5,Final,10.5,-107
DET,2026-07-04T20:05Z,401816020,TEX,2026,Detroit Tigers,3,56.21723799,2026-07-04T11:04Z,Texas Rangers,0,-121,-121,-112,100,100,-108,False,DraftKings,1,-110,9,,,1.5,Final,8.5,-110
TOR,2026-07-04T20:10Z,401816029,SEA,2026,Toronto Blue Jays,0,65.25690107,2026-07-04T11:04Z,Seattle Mariners,11,140,140,129,-169,-169,-156,False,DraftKings,1,-112,9,,,-1.5,Final,7.5,-108
BAL,2026-07-04T23:10Z,401816015,CIN,2026,Baltimore Orioles,8,56.49454117,2026-07-04T11:04Z,Cincinnati Reds,5,105,105,113,-126,-126,-136,False,DraftKings,1,-121,9,,,-1.5,Final,9.0,100
CHW,2026-07-04T23:10Z,401816016,CLE,2026,Chicago White Sox,3,61.66683024,2026-07-04T11:04Z,Cleveland Guardians,1,123,123,129,-148,-148,-156,False,DraftKings,1,-102,9,,,-1.5,Final,7.5,-118
TB,2026-07-04T23:10Z,401816023,HOU,2026,Tampa Bay Rays,8,58.135053199999994,2026-07-04T11:04Z,Houston Astros,10,-102,-102,-105,-118,-118,-115,False,DraftKings,1,-118,9,,,1.5,Final,7.0,-102
NYM,2026-07-05T00:08Z,401816018,ATL,2026,New York Mets,3,75.67174256,2026-07-04T11:04Z,Atlanta Braves,14,162,162,149,-198,-198,-181,False,DraftKings,1,-104,9,,,-1.5,Final,8.0,-115
STL,2026-07-05T00:08Z,401816022,CHC,2026,St. Louis Cardinals,3,54.37261064,2026-07-04T11:04Z,Chicago Cubs,0,146,146,129,-178,-178,-156,False,DraftKings,1,-110,9,,,-1.5,Final,8.0,-110
PHI,2026-07-05T00:10Z,401816021,KC,2026,Philadelphia Phillies,6,48.70867767,2026-07-04T11:04Z,Kansas City Royals,1,-162,-162,-149,134,134,123,False,DraftKings,1,-110,9,,,1.5,Final,9.0,-110
SF,2026-07-05T00:10Z,401816024,COL,2026,San Francisco Giants,6,47.59587414,2026-07-04T11:04Z,Colorado Rockies,4,-131,-131,-131,109,109,109,False,DraftKings,1,-105,9,,,1.5,Final,12.5,-115
BOS,2026-07-05T01:38Z,401816025,LAA,2026,Boston Red Sox,8,38.78595401,2026-07-04T11:04Z,Los Angeles Angels,1,-180,-180,-163,148,148,135,False,DraftKings,1,-109,9,,,1.5,Final,8.5,-110
MIA,2026-07-05T01:40Z,401816026,ATH,2026,Miami Marlins,7,50.338898109999995,2026-07-04T11:04Z,Athletics,2,-143,-143,-115,119,119,-105,False,DraftKings,1,-107,9,,,1.5,Final,11.5,-112
MIL,2026-07-05T01:40Z,401816027,ARI,2026,Milwaukee Brewers,3,34.60027071,2026-07-04T11:04Z,Arizona Diamondbacks,4,-167,-167,-156,138,138,129,False,DraftKings,1,-102,9,,,1.5,Final,9.5,-119
SD,2026-07-05T02:10Z,401816028,LAD,2026,San Diego Padres,0,81.19921074999999,2026-07-04T11:04Z,Los Angeles Dodgers,3,228,228,224,-285,-285,-280,False,DraftKings,1,-114,9,,,-1.5,Final,8.5,-105
NYM,2026-07-05T16:30Z,401816033,ATL,2026,New York Mets,10,59.57613594,2026-07-05T11:04Z,Atlanta Braves,9,102,102,100,-122,-122,-120,False,DraftKings,1,-102,9,,,1.5,Final,8.5,-118
PIT,2026-07-05T17:00Z,401816034,WSH,2026,Pittsburgh Pirates,11,53.201531079999995,2026-07-05T11:04Z,Washington Nationals,5,115,115,104,-138,-138,-126,False,DraftKings,1,-109,9,,,-1.5,Final,10.0,-111
BAL,2026-07-05T17:05Z,401816030,CIN,2026,Baltimore Orioles,2,43.42721878,2026-07-05T11:04Z,Cincinnati Reds,3,-118,-118,-108,-102,-102,-112,False,DraftKings,1,-106,9,,,1.5,Final,10.0,-113
MIN,2026-07-05T17:35Z,401816032,NYY,2026,Minnesota Twins,6,55.11855385,2026-07-05T11:04Z,New York Yankees,1,114,114,113,-137,-137,-136,False,DraftKings,1,-104,9,,,-1.5,Final,8.0,-116
CHW,2026-07-05T18:00Z,401816031,CLE,2026,Chicago White Sox,7,56.756476619999994,2026-07-05T11:04Z,Cleveland Guardians,6,122,122,135,-147,-147,-163,False,DraftKings,1,-115,9,,,-1.5,Final,8.0,-105
STL,2026-07-05T18:30Z,401816037,CHC,2026,St. Louis Cardinals,4,60.73305401,2026-07-05T11:04Z,Chicago Cubs,6,119,119,129,-143,-143,-156,False,DraftKings,1,-110,9,,,-1.5,Final,8.0,-109
PHI,2026-07-05T19:00Z,401816036,KC,2026,Philadelphia Phillies,2,57.76472047,2026-07-05T11:04Z,Kansas City Royals,5,-136,-136,-136,113,113,113,False,DraftKings,1,-111,9,,,1.5,Final,10.0,-108
DET,2026-07-05T19:30Z,401816035,TEX,2026,Detroit Tigers,6,49.26957566,2026-07-05T11:04Z,Texas Rangers,3,-126,-126,-108,105,105,-112,False,DraftKings,1,-102,9,,,1.5,Final,8.0,-118
TB,2026-07-05T19:30Z,401816038,HOU,2026,Tampa Bay Rays,0,49.591442810000004,2026-07-05T11:04Z,Houston Astros,2,-102,-102,-132,-118,-118,109,False,DraftKings,1,-103,9,,,1.5,Final,9.0,-117
SF,2026-07-05T20:00Z,401816039,COL,2026,San Francisco Giants,6,49.39262082,2026-07-05T11:04Z,Colorado Rockies,7,-129,-129,-131,107,107,109,False,DraftKings,1,-106,9,,,1.5,Final,13.0,-114
MIL,2026-07-05T20:00Z,401816042,ARI,2026,Milwaukee Brewers,3,55.70298688999999,2026-07-05T11:03Z,Arizona Diamondbacks,2,-122,-122,-126,101,101,104,False,DraftKings,1,101,9,,,1.5,Final,9.0,-122
MIA,2026-07-05T20:30Z,401816041,ATH,2026,Miami Marlins,9,51.42850995,2026-07-05T11:04Z,Athletics,8,-102,-102,104,-118,-118,-126,False,DraftKings,1,-111,9,,,1.5,Final,10.0,-109
TOR,2026-07-05T21:00Z,401816044,SEA,2026,Toronto Blue Jays,0,50.80786645999999,2026-07-05T11:04Z,Seattle Mariners,4,-110,-110,119,-110,-110,-143,False,DraftKings,1,101,9,,,1.5,Final,7.5,-122
SD,2026-07-05T23:20Z,401816043,LAD,2026,San Diego Padres,5,74.03033932000001,2026-07-05T11:04Z,Los Angeles Dodgers,2,184,184,179,-226,-226,-219,False,DraftKings,1,-112,9,,,-1.5,Final,10.0,-107
BOS,2026-07-06T01:30Z,401816040,LAA,2026,Boston Red Sox,7,37.9313617,2026-07-05T11:04Z,Los Angeles Angels,5,-163,-163,-156,135,135,129,False,DraftKings,1,-110,9,,,1.5,Final,8.0,-109
PHI,2026-07-06T18:10Z,401816049,KC,2026,Philadelphia Phillies,1,33.52060368,2026-07-06T11:03Z,Kansas City Royals,15,-219,-219,-171,178,178,141,False,DraftKings,1,-112,9,,,1.5,Final,8.5,-107
NYY,2026-07-06T22:40Z,401816046,TB,2026,New York Yankees,5,44.80348821,2026-07-06T11:04Z,Tampa Bay Rays,1,-129,-129,100,107,107,-120,False,DraftKings,1,101,9,,,1.5,Final,7.5,-122
HOU,2026-07-06T22:45Z,401816045,WSH,2026,Houston Astros,11,53.581406720000004,2026-07-06T11:03Z,Washington Nationals,12,-106,-106,113,-114,-114,-136,False,DraftKings,1,-102,9,,,1.5,Final,10.0,-118
NYM,2026-07-06T23:15Z,401816047,ATL,2026,New York Mets,7,60.37708325,2026-07-06T11:03Z,Atlanta Braves,6,104,104,104,-126,-126,-126,False,DraftKings,1,-109,10,,,-1.5,Final/10,9.0,-110
MIL,2026-07-06T23:45Z,401816048,STL,2026,Milwaukee Brewers,4,44.112927549999995,2026-07-06T11:03Z,St. Louis Cardinals,3,-122,-122,-112,101,101,-108,False,DraftKings,1,-112,9,,,1.5,Final,8.0,-108
ARI,2026-07-07T01:40Z,401816050,SD,2026,Arizona Diamondbacks,8,52.04167678,2026-07-06T11:03Z,San Diego Padres,0,108,108,-110,-131,-131,-110,False,DraftKings,1,-103,9,,,-1.5,Final,8.5,-117
TOR,2026-07-07T01:45Z,401816052,SF,2026,Toronto Blue Jays,1,53.73747535,2026-07-06T11:03Z,San Francisco Giants,10,-114,-114,-112,-105,-105,-108,False,DraftKings,1,-110,9,,,1.5,Final,7.5,-109
COL,2026-07-07T02:10Z,401816051,LAD,2026,Colorado Rockies,7,73.79958512,2026-07-06T11:04Z,Los Angeles Dodgers,8,203,203,149,-251,-251,-181,False,DraftKings,1,-117,11,,,-1.5,Final/11,9.5,-103
MIL,2026-07-07T18:15Z,401871790,STL,2026,Milwaukee Brewers,4,36.47643417,2026-07-07T11:04Z,St. Louis Cardinals,3,-211,-211,-193,172,172,158,False,DraftKings,1,-114,9,,,1.5,Final,7.5,-106
CHC,2026-07-07T22:35Z,401816055,BAL,2026,Chicago Cubs,5,49.88521032,2026-07-07T11:04Z,Baltimore Orioles,2,-114,-114,-120,-106,-106,100,False,DraftKings,1,-102,9,,,1.5,Final,9.5,-118
ATH,2026-07-07T22:40Z,401816053,DET,2026,Athletics,2,62.725351110000005,2026-07-07T11:04Z,Detroit Tigers,6,187,187,159,-231,-231,-194,False,DraftKings,1,-105,9,,,-1.5,Final,8.5,-114
ATL,2026-07-07T22:40Z,401816054,PIT,2026,Atlanta Braves,4,59.644288290000006,2026-07-07T11:04Z,Pittsburgh Pirates,12,124,124,153,-149,-149,-186,False,DraftKings,1,-107,9,,,-1.5,Final,8.5,-112
NYY,2026-07-07T22:40Z,401816058,TB,2026,New York Yankees,4,50.89476879,2026-07-07T11:04Z,Tampa Bay Rays,6,113,113,100,-136,-136,-120,False,DraftKings,1,-119,9,,,-1.5,Final,7.5,-102
SEA,2026-07-07T22:40Z,401816060,MIA,2026,Seattle Mariners,5,61.66698019,2026-07-07T11:04Z,Miami Marlins,6,102,102,-102,-123,-123,-118,False,DraftKings,1,-103,10,,,-1.5,Final/10,8.0,-117
HOU,2026-07-07T22:45Z,401816056,WSH,2026,Houston Astros,6,66.57471665999999,2026-07-07T11:04Z,Washington Nationals,3,-105,-105,-102,-115,-115,-118,False,DraftKings,1,100,9,,,1.5,Final,9.5,-121
KC,2026-07-07T23:10Z,401816057,NYM,2026,Kansas City Royals,16,57.05204007,2026-07-07T11:04Z,New York Mets,12,119,119,123,-144,-144,-149,False,DraftKings,1,-110,9,,,-1.5,Final,8.5,-109
PHI,2026-07-07T23:10Z,401816059,CIN,2026,Philadelphia Phillies,4,41.78909816,2026-07-07T11:04Z,Cincinnati Reds,1,-168,-168,-168,139,139,139,False,DraftKings,1,-104,9,,,1.5,Final,9.0,-116
BOS,2026-07-07T23:40Z,401816062,CHW,2026,Boston Red Sox,8,51.12876397,2026-07-07T11:04Z,Chicago White Sox,1,-125,-125,-126,104,104,104,False,DraftKings,1,-108,9,,,1.5,Final,8.5,-111
CLE,2026-07-07T23:40Z,401816063,MIN,2026,Cleveland Guardians,1,55.37639248,2026-07-07T11:04Z,Minnesota Twins,3,-110,-110,100,-110,-110,-120,False,DraftKings,1,-112,9,,,1.5,Final,8.5,-107
MIL,2026-07-07T23:45Z,401816064,STL,2026,Milwaukee Brewers,10,43.61411802,2026-07-07T11:04Z,St. Louis Cardinals,2,-107,-107,-132,-112,-112,109,False,DraftKings,1,-108,9,,,1.5,Final,8.5,-112
LAA,2026-07-08T00:05Z,401816061,TEX,2026,Los Angeles Angels,3,58.3556926,2026-07-07T11:04Z,Texas Rangers,8,138,138,135,-167,-167,-163,False,DraftKings,1,-117,9,,,-1.5,Final,7.0,-103
ARI,2026-07-08T01:40Z,401816065,SD,2026,Arizona Diamondbacks,1,59.264287319999994,2026-07-07T11:04Z,San Diego Padres,4,-102,-102,109,-119,-119,-131,False,DraftKings,1,-114,9,,,1.5,Final,9.0,-105
TOR,2026-07-08T01:45Z,401816067,SF,2026,Toronto Blue Jays,9,62.132392059999994,2026-07-07T11:04Z,San Francisco Giants,3,-118,-118,-112,-102,-102,-108,False,DraftKings,1,-105,9,,,1.5,Final,8.0,-114
COL,2026-07-08T02:10Z,401816066,LAD,2026,Colorado Rockies,4,80.24128789,2026-07-07T11:04Z,Los Angeles Dodgers,3,257,257,214,-326,-326,-267,False,DraftKings,1,-105,9,,,-1.5,Final,9.5,-114
TOR,2026-07-08T19:45Z,401816082,SF,2026,Toronto Blue Jays,10,57.66133684,2026-07-08T11:04Z,San Francisco Giants,0,-125,-125,-108,104,104,-112,False,DraftKings,1,-112,9,,,1.5,Final,7.0,-108
CHC,2026-07-08T22:35Z,401816070,BAL,2026,Chicago Cubs,9,53.14279569,2026-07-08T11:04Z,Baltimore Orioles,7,105,105,-102,-126,-126,-118,False,DraftKings,1,-114,9,,,-1.5,Final,10.0,-106
ATH,2026-07-08T22:40Z,401816068,DET,2026,Athletics,1,64.53266645,2026-07-08T11:04Z,Detroit Tigers,6,118,118,135,-142,-142,-163,False,DraftKings,1,-105,9,,,-1.5,Final,9.5,-114
ATL,2026-07-08T22:40Z,401816069,PIT,2026,Atlanta Braves,3,50.009593210000006,2026-07-08T11:04Z,Pittsburgh Pirates,0,102,102,-102,-123,-123,-118,False,DraftKings,1,-101,9,,,1.5,Final,9.5,-120
NYY,2026-07-08T22:40Z,401816073,TB,2026,New York Yankees,0,52.65064973,2026-07-08T11:04Z,Tampa Bay Rays,3,101,101,104,-122,-122,-126,False,DraftKings,1,-125,9,,,-1.5,Final,7.0,104
SEA,2026-07-08T22:40Z,401816075,MIA,2026,Seattle Mariners,0,56.34436579,2026-07-08T11:04Z,Miami Marlins,2,-126,-126,-131,105,105,109,False,DraftKings,1,-101,9,,,1.5,Final,9.0,-119
HOU,2026-07-08T22:45Z,401816071,WSH,2026,Houston Astros,2,62.50232728,2026-07-08T11:04Z,Washington Nationals,8,108,108,113,-130,-130,-136,False,DraftKings,1,-102,9,,,-1.5,Final,10.0,-118
PHI,2026-07-08T23:00Z,401816074,CIN,2026,Philadelphia Phillies,5,61.53565699,2026-07-08T11:04Z,Cincinnati Reds,11,119,119,114,-144,-144,-137,False,DraftKings,1,101,9,,,-1.5,Final,9.0,-121
KC,2026-07-08T23:10Z,401816072,NYM,2026,Kansas City Royals,2,59.68896747,2026-07-08T11:04Z,New York Mets,6,163,163,123,-199,-199,-148,False,DraftKings,1,-110,9,,,-1.5,Final,9.5,-109
BOS,2026-07-08T23:40Z,401816077,CHW,2026,Boston Red Sox,5,58.14739549,2026-07-08T11:04Z,Chicago White Sox,0,-103,-103,109,-117,-117,-131,False,DraftKings,1,-114,9,,,-1.5,Final,8.0,-106
CLE,2026-07-08T23:40Z,401816078,MIN,2026,Cleveland Guardians,5,56.57039474,2026-07-08T11:04Z,Minnesota Twins,6,108,108,113,-131,-131,-136,False,DraftKings,1,-112,9,,,-1.5,Final,8.5,-107
MIL,2026-07-08T23:45Z,401816079,STL,2026,Milwaukee Brewers,1,45.325507599999995,2026-07-08T11:04Z,St. Louis Cardinals,5,-149,-149,-131,124,124,109,False,DraftKings,1,-104,9,,,1.5,Final,8.5,-116
LAA,2026-07-09T00:05Z,401816076,TEX,2026,Los Angeles Angels,13,55.24571763,2026-07-08T11:04Z,Texas Rangers,1,113,113,135,-136,-136,-163,False,DraftKings,1,-106,9,,,-1.5,Final,8.0,-113
ARI,2026-07-09T02:00Z,401816080,SD,2026,Arizona Diamondbacks,4,61.039495460000005,2026-07-08T11:04Z,San Diego Padres,10,123,123,129,-148,-148,-156,False,DraftKings,1,-105,9,,,-1.5,Final,8.5,-114
COL,2026-07-09T02:10Z,401816081,LAD,2026,Colorado Rockies,3,60.971717459999994,2026-07-08T11:04Z,Los Angeles Dodgers,4,217,217,184,-271,-271,-226,False,DraftKings,1,-103,9,,,-1.5,Final,10.0,-117
ATL,2026-07-09T16:35Z,401816084,PIT,2026,Atlanta Braves,10,52.84503058,2026-07-09T11:04Z,Pittsburgh Pirates,5,-110,-110,-115,-110,-110,-105,False,DraftKings,1,-104,9,,,1.5,Final,10.0,-116
KC,2026-07-09T17:10Z,401816086,NYM,2026,Kansas City Royals,3,53.01342768,2026-07-09T11:04Z,New York Mets,7,124,124,119,-149,-149,-143,False,DraftKings,1,-120,9,,,-1.5,Final,9.0,-101
NYY,2026-07-09T17:10Z,401816087,TB,2026,New York Yankees,12,51.856423799999995,2026-07-09T11:03Z,Tampa Bay Rays,4,119,119,129,-144,-144,-156,False,DraftKings,1,-110,9,,,-1.5,Final,7.5,-109
CHC,2026-07-09T17:30Z,401816085,BAL,2026,Chicago Cubs,2,59.74523188999999,2026-07-09T11:04Z,Baltimore Orioles,3,108,108,109,-130,-130,-131,False,DraftKings,1,-105,9,,,-1.5,Final,10.0,-114
CLE,2026-07-09T17:40Z,401816092,MIN,2026,Cleveland Guardians,5,53.53088471,2026-07-09T11:03Z,Minnesota Twins,2,-115,-115,-131,-105,-105,109,False,DraftKings,1,-118,9,,,1.5,Final,8.5,-102
BOS,2026-07-09T18:10Z,401816091,CHW,2026,Boston Red Sox,2,56.99256724,2026-07-09T11:04Z,Chicago White Sox,1,-105,-105,-102,-114,-114,-118,False,DraftKings,1,-111,9,,,1.5,Final,9.0,-108
ATH,2026-07-09T22:40Z,401816083,DET,2026,Athletics,1,63.36291790000001,2026-07-09T11:04Z,Detroit Tigers,4,109,109,119,-131,-131,-143,False,DraftKings,1,-110,9,,,-1.5,Final,9.0,-109
SEA,2026-07-09T22:40Z,401816089,MIA,2026,Seattle Mariners,4,56.47899622,2026-07-09T11:04Z,Miami Marlins,8,-131,-131,-149,109,109,123,False,DraftKings,1,-114,9,,,1.5,Final,8.0,-105
PHI,2026-07-09T23:10Z,401816088,CIN,2026,Philadelphia Phillies,1,44.13569349,2026-07-09T11:04Z,Cincinnati Reds,0,-180,-180,-168,148,148,139,False,DraftKings,1,101,9,,,1.5,Final,9.5,-121
MIL,2026-07-09T23:45Z,401816093,STL,2026,Milwaukee Brewers,8,39.76070005,2026-07-09T11:04Z,St. Louis Cardinals,4,-126,-126,-131,104,104,109,False,DraftKings,1,-105,9,,,1.5,Final,8.5,-114
LAA,2026-07-10T00:05Z,401816090,TEX,2026,Los Angeles Angels,6,58.42554916,2026-07-09T11:03Z,Texas Rangers,7,119,119,123,-143,-143,-149,False,DraftKings,1,-105,9,,,-1.5,Final,7.5,-115
ARI,2026-07-10T01:40Z,401816094,SD,2026,Arizona Diamondbacks,3,51.57706194,2026-07-09T11:04Z,San Diego Padres,1,108,108,104,-131,-131,-126,False,DraftKings,1,-106,9,,,-1.5,Final,9.0,-113
COL,2026-07-10T01:45Z,401816095,SF,2026,Colorado Rockies,2,53.6055841,2026-07-09T11:04Z,San Francisco Giants,8,109,109,118,-132,-132,-143,False,DraftKings,1,-111,9,,,-1.5,Final,9.0,-109
PHI,2026-07-10T22:40Z,401816102,DET,2026,Philadelphia Phillies,2,59.90851701,2026-07-10T11:04Z,Detroit Tigers,10,-101,-101,104,-120,-120,-126,False,DraftKings,1,-108,9,,,1.5,Final,9.0,-111
NYY,2026-07-10T22:45Z,401816101,WSH,2026,New York Yankees,5,37.161337700000004,2026-07-10T11:04Z,Washington Nationals,3,-158,-158,-163,131,131,135,False,DraftKings,1,-108,9,,,1.5,Final,10.0,-112
KC,2026-07-10T23:05Z,401816099,BAL,2026,Kansas City Royals,3,55.27141557,2026-07-10T11:04Z,Baltimore Orioles,5,124,124,129,-149,-149,-156,False,DraftKings,1,-104,9,,,-1.5,Final,10.5,-116
CHC,2026-07-10T23:10Z,401816097,CIN,2026,Chicago Cubs,0,48.877376430000005,2026-07-10T11:04Z,Cincinnati Reds,4,-121,-121,-108,101,101,-112,False,DraftKings,1,-103,9,,,1.5,Final,9.5,-117
CLE,2026-07-10T23:10Z,401816098,MIA,2026,Cleveland Guardians,3,50.76946977,2026-07-10T11:04Z,Miami Marlins,2,104,104,-110,-126,-126,-110,False,DraftKings,1,-126,9,,,-1.5,Final,7.0,104
SEA,2026-07-10T23:10Z,401816103,TB,2026,Seattle Mariners,2,62.06042842,2026-07-10T11:04Z,Tampa Bay Rays,7,112,112,-102,-135,-135,-118,False,DraftKings,1,-117,9,,,-1.5,Final,8.5,-103
ATH,2026-07-10T23:40Z,401816105,CHW,2026,Athletics,1,62.927121799999995,2026-07-10T11:04Z,Chicago White Sox,14,153,153,123,-186,-186,-149,False,DraftKings,1,-118,9,,,-1.5,Final,8.5,-102
BOS,2026-07-10T23:50Z,401816096,NYM,2026,Boston Red Sox,6,54.15745913,2026-07-10T11:04Z,New York Mets,2,123,123,113,-148,-148,-136,False,DraftKings,1,-110,9,,,-1.5,Final,7.5,-110
HOU,2026-07-11T00:05Z,401816107,TEX,2026,Houston Astros,3,41.53851374,2026-07-10T11:04Z,Texas Rangers,7,-137,-137,-136,114,114,113,False,DraftKings,1,-116,9,,,1.5,Final,8.5,-104
LAA,2026-07-11T00:10Z,401816104,MIN,2026,Los Angeles Angels,4,64.57153201,2026-07-10T11:04Z,Minnesota Twins,3,134,134,104,-162,-162,-126,False,DraftKings,1,-103,9,,,-1.5,Final,9.5,-117
ATL,2026-07-11T00:15Z,401816106,STL,2026,Atlanta Braves,1,39.80401314,2026-07-10T11:04Z,St. Louis Cardinals,2,-163,-163,-168,135,135,139,False,DraftKings,1,-109,9,,,1.5,Final,8.0,-111
TOR,2026-07-11T01:40Z,401816110,SD,2026,Toronto Blue Jays,5,55.62340686,2026-07-10T11:04Z,San Diego Padres,3,-101,-101,-105,-120,-120,-115,False,DraftKings,1,-111,9,,,1.5,Final,8.5,-109
ARI,2026-07-11T02:10Z,401816108,LAD,2026,Arizona Diamondbacks,9,75.07231750999999,2026-07-10T11:04Z,Los Angeles Dodgers,3,168,168,209,-205,-205,-259,False,DraftKings,1,-119,9,,,-1.5,Final,9.0,-102
COL,2026-07-11T02:15Z,401816109,SF,2026,Colorado Rockies,4,67.62103366,2026-07-10T11:04Z,San Francisco Giants,3,129,129,144,-156,-156,-175,False,DraftKings,1,-103,9,,,-1.5,Final,8.5,-117
MIL,2026-07-11T16:05Z,401889917,PIT,2026,Milwaukee Brewers,6,46.83493301,2026-07-11T11:04Z,Pittsburgh Pirates,7,-103,-103,-102,-117,-117,-118,False,DraftKings,1,-110,9,,,1.5,Final,8.5,-109
LAA,2026-07-11T18:10Z,401816119,MIN,2026,Los Angeles Angels,3,72.15584983,2026-07-11T11:04Z,Minnesota Twins,5,157,157,153,-191,-191,-186,False,DraftKings,1,-112,9,,,-1.5,Final,9.0,-108
ATH,2026-07-11T18:10Z,401816120,CHW,2026,Athletics,0,53.81474173,2026-07-11T11:03Z,Chicago White Sox,1,-103,-103,-112,-117,-117,-108,False,DraftKings,1,-120,9,,,1.5,Final,8.5,-101
NYY,2026-07-11T20:05Z,401816116,WSH,2026,New York Yankees,4,33.15355681,2026-07-11T11:04Z,Washington Nationals,2,-199,-199,-199,163,163,163,False,DraftKings,1,-112,9,,,1.5,Final,9.0,-107
COL,2026-07-11T20:05Z,401816124,SF,2026,Colorado Rockies,2,62.71997508,2026-07-11T11:03Z,San Francisco Giants,4,123,123,123,-149,-149,-149,False,DraftKings,1,-122,9,,,-1.5,Final,8.5,101
BOS,2026-07-11T20:10Z,401816111,NYM,2026,Boston Red Sox,4,53.68507681,2026-07-11T11:03Z,New York Mets,0,119,119,125,-144,-144,-151,False,DraftKings,1,-119,9,,,-1.5,Final,7.5,-101
CLE,2026-07-11T20:10Z,401816113,MIA,2026,Cleveland Guardians,4,61.90735105,2026-07-11T11:04Z,Miami Marlins,1,134,134,123,-162,-162,-149,False,DraftKings,1,-119,9,,,-1.5,Final,7.5,-102
SEA,2026-07-11T20:10Z,401816118,TB,2026,Seattle Mariners,1,56.94370121,2026-07-11T11:04Z,Tampa Bay Rays,6,-108,-108,-110,-112,-112,-110,False,DraftKings,1,-119,9,,,1.5,Final,7.0,-102
MIL,2026-07-11T20:15Z,401816115,PIT,2026,Milwaukee Brewers,2,51.30746572,2026-07-11T11:04Z,Pittsburgh Pirates,3,-148,-148,-131,123,123,109,False,DraftKings,1,-114,9,,,1.5,Final,9.0,-105
PHI,2026-07-11T22:10Z,401816117,DET,2026,Philadelphia Phillies,4,48.863584440000004,2026-07-11T11:03Z,Detroit Tigers,2,-148,-148,-134,123,123,111,False,DraftKings,1,-118,9,,,1.5,Final,7.5,-102
KC,2026-07-11T23:05Z,401816114,BAL,2026,Kansas City Royals,1,67.26620192,2026-07-11T11:04Z,Baltimore Orioles,6,135,135,129,-163,-163,-156,False,DraftKings,1,-104,9,,,-1.5,Final,9.0,-115
HOU,2026-07-11T23:05Z,401816122,TEX,2026,Houston Astros,9,49.24830075,2026-07-11T11:04Z,Texas Rangers,3,100,100,109,-120,-120,-131,False,DraftKings,1,100,9,,,1.5,Final,9.0,-121
CHC,2026-07-11T23:10Z,401816112,CIN,2026,Chicago Cubs,5,48.826528800000006,2026-07-11T11:03Z,Cincinnati Reds,3,-102,-102,-118,-118,-118,-102,False,DraftKings,1,-118,9,,,1.5,Final,9.5,-102
ATL,2026-07-11T23:15Z,401816121,STL,2026,Atlanta Braves,1,47.52570496,2026-07-11T11:04Z,St. Louis Cardinals,4,-107,-107,-120,-112,-112,100,False,DraftKings,1,-105,9,,,1.5,Final,8.5,-114
TOR,2026-07-12T00:40Z,401816125,SD,2026,Toronto Blue Jays,7,42.00646905,2026-07-11T11:03Z,San Diego Padres,8,-108,-108,-105,-111,-111,-115,False,DraftKings,1,-102,9,,,1.5,Final,8.0,-117
ARI,2026-07-12T01:10Z,401816123,LAD,2026,Arizona Diamondbacks,9,77.17965808,2026-07-11T11:03Z,Los Angeles Dodgers,2,255,255,224,-322,-322,-280,False,DraftKings,1,-110,9,,,-1.5,Final,8.5,-109
MIL,2026-07-12T16:15Z,401816130,PIT,2026,Milwaukee Brewers,5,65.59654058,2026-07-12T11:03Z,Pittsburgh Pirates,14,108,108,-126,-130,-130,104,False,DraftKings,1,-103,9,,,-1.5,Final,8.5,-117
KC,2026-07-12T17:35Z,401816129,BAL,2026,Kansas City Royals,2,62.29951804,2026-07-12T11:03Z,Baltimore Orioles,8,129,129,113,-156,-156,-136,False,DraftKings,1,-112,9,,,-1.5,Final,9.5,-107
NYY,2026-07-12T17:35Z,401816131,WSH,2026,New York Yankees,5,52.86563445,2026-07-12T11:03Z,Washington Nationals,3,-107,-107,-115,-113,-113,-105,False,DraftKings,1,101,9,,,1.5,Final,9.5,-122
BOS,2026-07-12T17:40Z,401816126,NYM,2026,Boston Red Sox,3,50.86539795,2026-07-12T11:03Z,New York Mets,2,-115,-115,-115,-105,-105,-105,False,DraftKings,1,-108,10,,,1.5,Final/10,8.0,-111
CHC,2026-07-12T17:40Z,401816127,CIN,2026,Chicago Cubs,8,47.339155760000004,2026-07-12T11:03Z,Cincinnati Reds,4,-130,-130,-131,108,108,109,False,DraftKings,1,-118,9,,,1.5,Final,9.0,-102
CLE,2026-07-12T17:40Z,401816128,MIA,2026,Cleveland Guardians,5,58.25899915,2026-07-12T11:03Z,Miami Marlins,2,-114,-114,-108,-105,-105,-112,False,DraftKings,1,-118,9,,,1.5,Final,7.5,-102
PHI,2026-07-12T17:40Z,401816132,DET,2026,Philadelphia Phillies,5,54.86423943,2026-07-12T11:03Z,Detroit Tigers,0,113,113,-115,-136,-136,-105,False,DraftKings,1,-117,9,,,-1.5,Final,7.0,-103
SEA,2026-07-12T17:40Z,401816133,TB,2026,Seattle Mariners,8,59.9715594,2026-07-12T11:03Z,Tampa Bay Rays,2,129,129,119,-156,-156,-143,False,DraftKings,1,-105,9,,,-1.5,Final,8.0,-114
LAA,2026-07-12T18:10Z,401816134,MIN,2026,Los Angeles Angels,2,55.48123443,2026-07-12T11:03Z,Minnesota Twins,4,105,105,123,-126,-126,-149,False,DraftKings,1,-121,9,,,-1.5,Final,9.0,101
ATH,2026-07-12T18:10Z,401816135,CHW,2026,Athletics,1,48.96594861,2026-07-12T11:03Z,Chicago White Sox,9,129,129,-110,-156,-156,-110,False,DraftKings,1,-108,9,,,-1.5,Final,9.0,-111
ATL,2026-07-12T18:15Z,401816136,STL,2026,Atlanta Braves,4,50.081444659999995,2026-07-12T11:03Z,St. Louis Cardinals,3,113,113,113,-136,-136,-136,False,DraftKings,1,-112,9,,,-1.5,Final,7.5,-107
HOU,2026-07-12T18:35Z,401816137,TEX,2026,Houston Astros,5,56.773193389999996,2026-07-12T11:03Z,Texas Rangers,6,119,119,109,-144,-144,-131,False,DraftKings,1,-109,9,,,-1.5,Final,9.0,-110
COL,2026-07-12T20:05Z,401816139,SF,2026,Colorado Rockies,1,63.066072309999996,2026-07-12T11:03Z,San Francisco Giants,3,124,124,139,-149,-149,-168,False,DraftKings,1,-121,9,,,-1.5,Final,9.0,100
ARI,2026-07-12T20:10Z,401816138,LAD,2026,Arizona Diamondbacks,5,68.33049024,2026-07-12T11:03Z,Los Angeles Dodgers,3,194,194,163,-239,-239,-199,False,DraftKings,1,-105,9,,,-1.5,Final,9.5,-114
TOR,2026-07-12T20:10Z,401816140,SD,2026,Toronto Blue Jays,4,45.70066935,2026-07-12T11:03Z,San Diego Padres,5,-126,-126,-126,105,105,104,False,DraftKings,1,-122,9,,,1.5,Final,8.5,101
AL,2026-07-15T00:00Z,401817370,NL,2026,American All-Stars,4,,,National All-Stars,0,125,125,110,-150,-150,-135,True,DraftKings,1,-105,9,,,-1.5,Final,8.5,-120
NYM,2026-07-16T22:00Z,401816143,PHI,2026,New York Mets,4,48.50624602,2026-07-16T11:03Z,Philadelphia Phillies,1,104,104,122,-125,-125,-147,False,DraftKings,1,-108,9,,,-1.5,Final,9.5,-112
TB,2026-07-17T17:35Z,401872178,BOS,2026,Tampa Bay Rays,0,49.30520009,2026-07-17T11:12Z,Boston Red Sox,10,-101,-101,104,-119,-119,-126,False,DraftKings,1,-102,9,,,1.5,Final,8.5,-118
LAD,2026-07-17T23:05Z,401816142,NYY,2026,Los Angeles Dodgers,2,56.40355138,2026-07-17T11:12Z,New York Yankees,1,-113,-113,-110,-107,-107,-110,False,DraftKings,1,-118,9,,,1.5,Final,9.0,-102
TB,2026-07-17T23:10Z,401816145,BOS,2026,Tampa Bay Rays,3,54.15668357,2026-07-17T11:12Z,Boston Red Sox,5,109,109,-111,-131,-131,-108,False,DraftKings,1,-105,9,,,-1.5,Final,9.0,-115
CHW,2026-07-17T23:15Z,401816141,TOR,2026,Chicago White Sox,12,55.238665929999996,2026-07-17T11:12Z,Toronto Blue Jays,4,113,113,109,-136,-136,-132,False,DraftKings,1,-121,9,,,-1.5,Final,8.5,100
TEX,2026-07-17T23:15Z,401816146,ATL,2026,Texas Rangers,1,77.22735437,2026-07-17T11:12Z,Atlanta Braves,15,179,179,169,-219,-219,-207,False,DraftKings,1,-104,9,,,-1.5,Final,8.0,-115
MIA,2026-07-17T23:40Z,401816148,MIL,2026,Miami Marlins,1,68.55111291,2026-07-17T11:12Z,Milwaukee Brewers,2,124,124,129,-150,-150,-156,False,DraftKings,1,-105,10,,,-1.5,Final/10,8.5,-115
MIN,2026-07-18T00:05Z,401816149,CHC,2026,Minnesota Twins,5,59.834738509999994,2026-07-17T11:12Z,Chicago Cubs,2,125,125,119,-151,-151,-143,False,DraftKings,1,-119,9,,,-1.5,Final,11.0,-102
BAL,2026-07-18T00:10Z,401816147,HOU,2026,Baltimore Orioles,3,57.69712417,2026-07-17T11:12Z,Houston Astros,2,102,102,-108,-123,-123,-112,False,DraftKings,1,-122,9,,,1.5,Final,8.5,101
SD,2026-07-18T00:10Z,401816150,KC,2026,San Diego Padres,6,45.41435073,2026-07-17T11:12Z,Kansas City Royals,7,-126,-126,102,104,104,-123,False,DraftKings,1,-110,10,,,1.5,Final/10,10.0,-110
CIN,2026-07-18T00:40Z,401816151,COL,2026,Cincinnati Reds,7,55.95609721,2026-07-17T11:12Z,Colorado Rockies,2,-108,-108,-105,-112,-112,-115,False,DraftKings,1,-111,9,,,1.5,Final,12.0,-109
DET,2026-07-18T01:38Z,401816152,LAA,2026,Detroit Tigers,2,52.408174669999994,2026-07-17T11:12Z,Los Angeles Angels,1,-120,-120,-105,100,100,-115,False,DraftKings,1,-102,9,,,1.5,Final,8.5,-118
STL,2026-07-18T01:40Z,401816154,ARI,2026,St. Louis Cardinals,5,50.73840671999999,2026-07-17T11:12Z,Arizona Diamondbacks,4,-105,-105,-112,-115,-115,-108,False,DraftKings,1,-109,9,,,1.5,Final,9.0,-111
WSH,2026-07-18T01:40Z,401816155,ATH,2026,Washington Nationals,23,48.35067765,2026-07-17T11:12Z,Athletics,4,-136,-136,-108,113,113,-112,False,DraftKings,1,-105,9,,,1.5,Final,10.5,-115
SF,2026-07-18T02:10Z,401816153,SEA,2026,San Francisco Giants,7,57.6856971,2026-07-17T11:12Z,Seattle Mariners,0,155,155,129,-188,-188,-156,False,DraftKings,1,-123,9,,,-1.5,Final,7.0,102
PIT,2026-07-18T17:10Z,401896568,CLE,2026,Pittsburgh Pirates,7,51.77536057,2026-07-18T11:12Z,Cleveland Guardians,1,109,109,109,-131,-131,-131,False,DraftKings,1,-111,9,,,-1.5,Final,7.5,-109
MIN,2026-07-18T18:20Z,401816164,CHC,2026,Minnesota Twins,2,59.262448410000005,2026-07-18T11:12Z,Chicago Cubs,6,135,135,124,-163,-163,-150,False,DraftKings,1,-118,9,,,-1.5,Final,8.0,-102
NYM,2026-07-18T19:05Z,401816158,PHI,2026,New York Mets,1,62.95979441,2026-07-18T11:12Z,Philadelphia Phillies,6,144,144,136,-175,-175,-164,False,DraftKings,1,-105,9,,,-1.5,Final,9.0,-114
CHW,2026-07-18T19:07Z,401816156,TOR,2026,Chicago White Sox,0,45.6261725,2026-07-18T11:12Z,Toronto Blue Jays,1,-106,-106,-117,-113,-113,-103,False,DraftKings,1,-118,9,,,1.5,Final,9.0,-102
CIN,2026-07-18T19:10Z,401816166,COL,2026,Cincinnati Reds,3,54.70313577,2026-07-18T11:12Z,Colorado Rockies,10,-117,-117,-112,-103,-103,-108,False,DraftKings,1,-107,9,,,1.5,Final,12.5,-112
TB,2026-07-18T20:10Z,401816160,BOS,2026,Tampa Bay Rays,6,51.92867813000001,2026-07-18T11:12Z,Boston Red Sox,7,-102,-102,100,-118,-118,-120,False,DraftKings,1,-114,9,,,1.5,Final,9.5,-106
TEX,2026-07-18T20:10Z,401816161,ATL,2026,Texas Rangers,7,61.35433872,2026-07-18T11:12Z,Atlanta Braves,6,-103,-103,104,-117,-117,-125,False,DraftKings,1,-112,9,,,1.5,Final,9.0,-108
BAL,2026-07-18T20:10Z,401816162,HOU,2026,Baltimore Orioles,4,47.22782057,2026-07-18T11:12Z,Houston Astros,2,-110,-110,-110,-110,-110,-110,False,DraftKings,1,-101,11,,,1.5,Final/11,9.0,-119
MIA,2026-07-18T20:10Z,401816163,MIL,2026,Miami Marlins,6,57.60590764,2026-07-18T11:12Z,Milwaukee Brewers,8,113,113,110,-136,-136,-133,False,DraftKings,1,-114,9,,,-1.5,Final,8.0,-105
SD,2026-07-18T20:10Z,401816165,KC,2026,San Diego Padres,1,58.162733200000005,2026-07-18T11:12Z,Kansas City Royals,6,-110,-110,-112,-109,-109,-108,False,DraftKings,1,-104,9,,,1.5,Final,11.0,-116
STL,2026-07-18T20:10Z,401816169,ARI,2026,St. Louis Cardinals,3,55.64454617,2026-07-18T11:12Z,Arizona Diamondbacks,5,-101,-101,100,-120,-120,-120,False,DraftKings,1,102,9,,,1.5,Final,9.0,-122
PIT,2026-07-18T23:10Z,401816159,CLE,2026,Pittsburgh Pirates,3,39.6001402,2026-07-18T11:12Z,Cleveland Guardians,5,-111,-111,-110,-109,-109,-110,False,DraftKings,1,-108,9,,,1.5,Final,8.5,-112
SF,2026-07-19T00:08Z,401816168,SEA,2026,San Francisco Giants,3,52.0826878,2026-07-18T11:12Z,Seattle Mariners,4,136,136,110,-164,-164,-133,False,DraftKings,1,-109,10,,,-1.5,Final/10,7.0,-111
WSH,2026-07-19T02:05Z,401816170,ATH,2026,Washington Nationals,1,52.20937239,2026-07-18T11:12Z,Athletics,15,-111,-111,106,-109,-109,-128,False,DraftKings,1,-113,9,,,1.5,Final,11.5,-107
DET,2026-07-19T02:07Z,401816167,LAA,2026,Detroit Tigers,7,34.89045938,2026-07-18T11:12Z,Los Angeles Angels,0,-217,-217,-178,177,177,147,False,DraftKings,1,-117,9,,,1.5,Final,8.0,-103
CHW,2026-07-19T16:15Z,401816171,TOR,2026,Chicago White Sox,3,54.817932,2026-07-19T11:11Z,Toronto Blue Jays,0,-112,-112,-115,-108,-108,-105,False,DraftKings,1,-104,9,,,1.5,Final,8.0,-116
LAD,2026-07-19T16:35Z,401897386,NYY,2026,Los Angeles Dodgers,8,50.334800550000004,2026-07-19T11:11Z,New York Yankees,2,-131,-131,-112,109,109,-108,False,DraftKings,1,-116,9,,,1.5,Final,7.5,-104
NYM,2026-07-19T17:35Z,401816173,PHI,2026,New York Mets,6,48.71717228,2026-07-19T11:11Z,Philadelphia Phillies,1,-126,-126,-126,105,105,104,False,DraftKings,1,-118,9,,,1.5,Final,8.5,-102
TB,2026-07-19T17:35Z,401816175,BOS,2026,Tampa Bay Rays,1,61.590153830000006,2026-07-19T11:11Z,Boston Red Sox,6,102,102,100,-123,-123,-120,False,DraftKings,1,-102,9,,,-1.5,Final,8.5,-118
TEX,2026-07-19T17:35Z,401816176,ATL,2026,Texas Rangers,5,60.058634229999996,2026-07-19T11:11Z,Atlanta Braves,8,-117,-117,-118,-103,-103,-102,False,DraftKings,1,-120,9,,,1.5,Final,8.5,100
PIT,2026-07-19T17:40Z,401816174,CLE,2026,Pittsburgh Pirates,7,39.68017344,2026-07-19T11:11Z,Cleveland Guardians,1,-107,-107,-131,-113,-113,109,False,DraftKings,1,100,9,,,1.5,Final,7.0,-121
BAL,2026-07-19T18:10Z,401816177,HOU,2026,Baltimore Orioles,5,54.049260939999996,2026-07-19T11:11Z,Houston Astros,2,106,106,100,-127,-127,-120,False,DraftKings,1,-108,9,,,-1.5,Final,8.5,-112
MIA,2026-07-19T18:10Z,401816178,MIL,2026,Miami Marlins,1,51.747690729999995,2026-07-19T11:11Z,Milwaukee Brewers,3,109,109,109,-131,-131,-132,False,DraftKings,1,-108,9,,,-1.5,Final,8.0,-112
SD,2026-07-19T18:10Z,401816180,KC,2026,San Diego Padres,19,59.82265847,2026-07-19T11:11Z,Kansas City Royals,2,-105,-105,-102,-115,-115,-118,False,DraftKings,1,-112,9,,,1.5,Final,9.5,-107
MIN,2026-07-19T18:20Z,401816179,CHC,2026,Minnesota Twins,1,58.51124211,2026-07-19T11:11Z,Chicago Cubs,10,149,149,135,-181,-181,-163,False,DraftKings,1,-112,9,,,-1.5,Final,7.5,-107
CIN,2026-07-19T19:10Z,401816181,COL,2026,Cincinnati Reds,9,51.90554456,2026-07-19T11:11Z,Colorado Rockies,6,-171,-171,-135,141,141,112,False,DraftKings,1,-112,9,,,1.5,Final,11.0,-108
WSH,2026-07-19T20:05Z,401816185,ATH,2026,Washington Nationals,5,38.82017519,2026-07-19T11:11Z,Athletics,2,-148,-148,-136,123,123,113,False,DraftKings,1,-121,9,,,1.5,Final,10.5,100
DET,2026-07-19T20:07Z,401816182,LAA,2026,Detroit Tigers,2,40.04441735,2026-07-19T11:11Z,Los Angeles Angels,3,-149,-149,-163,123,123,135,False,DraftKings,1,100,9,,,1.5,Final,9.5,-120
SF,2026-07-19T20:10Z,401816183,SEA,2026,San Francisco Giants,3,59.183552750000004,2026-07-19T11:11Z,Seattle Mariners,6,163,163,135,-199,-199,-163,False,DraftKings,1,-115,9,,,-1.5,Final,7.0,-104
STL,2026-07-19T20:10Z,401816184,ARI,2026,St. Louis Cardinals,7,62.72015664,2026-07-19T11:11Z,Arizona Diamondbacks,8,104,104,100,-126,-126,-120,False,DraftKings,1,-112,10,,,-1.5,Final/10,9.0,-108
LAD,2026-07-19T23:20Z,401816172,NYY,2026,Los Angeles Dodgers,1,53.75342947,2026-07-19T11:11Z,New York Yankees,2,-144,-144,-120,119,119,100,False,DraftKings,1,-116,9,,,1.5,Final,9.0,-104
MIN,2026-07-20T22:40Z,401816188,CLE,2026,Minnesota Twins,4,45.03638738,2026-07-20T11:11Z,Cleveland Guardians,13,-131,-131,-120,109,109,100,False,DraftKings,1,-109,9,,,1.5,Final,7.5,-111
LAD,2026-07-20T23:00Z,401816187,PHI,2026,Los Angeles Dodgers,7,55.17744182,2026-07-20T11:12Z,Philadelphia Phillies,10,129,129,119,-156,-156,-143,False,DraftKings,1,-112,9,,,-1.5,Final,8.5,-107
PIT,2026-07-20T23:05Z,401816189,NYY,2026,Pittsburgh Pirates,5,48.57217875,2026-07-20T11:12Z,New York Yankees,8,100,100,103,-121,-121,-125,False,DraftKings,1,-102,9,,,1.5,Final,8.0,-118
TB,2026-07-20T23:07Z,401816191,TOR,2026,Tampa Bay Rays,7,56.50800878,2026-07-20T11:11Z,Toronto Blue Jays,1,148,148,119,-180,-180,-143,False,DraftKings,1,101,9,,,-1.5,Final,7.5,-121
BAL,2026-07-20T23:10Z,401816186,BOS,2026,Baltimore Orioles,5,55.65638058,2026-07-20T11:11Z,Boston Red Sox,6,139,139,119,-168,-168,-143,False,DraftKings,1,101,9,,,-1.5,Final,9.0,-122
SD,2026-07-20T23:15Z,401816190,ATL,2026,San Diego Padres,2,66.0885814,2026-07-20T11:12Z,Atlanta Braves,3,114,114,135,-138,-138,-163,False,DraftKings,1,-122,9,,,-1.5,Final,9.0,102
NYM,2026-07-20T23:40Z,401816195,MIL,2026,New York Mets,3,75.6999313,2026-07-20T11:11Z,Milwaukee Brewers,8,183,183,159,-224,-224,-194,False,DraftKings,1,-114,9,,,-1.5,Final,7.5,-106
SF,2026-07-20T23:40Z,401816196,KC,2026,San Francisco Giants,3,55.018221960000005,2026-07-20T11:12Z,Kansas City Royals,4,104,104,-105,-126,-126,-115,False,DraftKings,1,-118,9,,,-1.5,Final,10.0,-102
CHW,2026-07-21T00:05Z,401816192,TEX,2026,Chicago White Sox,10,62.04856506,2026-07-20T11:12Z,Texas Rangers,3,141,141,144,-171,-171,-175,False,DraftKings,1,-102,9,,,-1.5,Final,8.0,-118
DET,2026-07-21T00:05Z,401816193,CHC,2026,Detroit Tigers,8,58.350062859999994,2026-07-20T11:12Z,Chicago Cubs,6,-108,-108,-105,-112,-112,-115,False,DraftKings,1,-105,10,,,1.5,Final/10,11.5,-115
MIA,2026-07-21T00:10Z,401816194,HOU,2026,Miami Marlins,5,53.36245453,2026-07-20T11:11Z,Houston Astros,8,102,102,109,-123,-123,-131,False,DraftKings,1,101,9,,,-1.5,Final,9.0,-121
WSH,2026-07-21T00:40Z,401816197,COL,2026,Washington Nationals,7,37.87160996,2026-07-20T11:11Z,Colorado Rockies,3,-131,-131,-120,109,109,100,False,DraftKings,1,-112,9,,,1.5,Final,12.0,-108
ATH,2026-07-21T01:40Z,401816198,ARI,2026,Athletics,5,62.96367245,2026-07-20T11:11Z,Arizona Diamondbacks,2,124,124,139,-150,-150,-168,False,DraftKings,1,101,9,,,-1.5,Final,9.5,-121
CIN,2026-07-21T01:40Z,401816199,SEA,2026,Cincinnati Reds,0,59.13787458,2026-07-20T11:11Z,Seattle Mariners,8,129,129,129,-156,-156,-156,False,DraftKings,1,-112,9,,,-1.5,Final,7.5,-107
STL,2026-07-21T02:00Z,401816200,LAA,2026,St. Louis Cardinals,2,50.74452475,2026-07-20T11:11Z,Los Angeles Angels,3,-115,-115,101,-104,-104,-120,False,DraftKings,1,-105,9,,,1.5,Final,9.0,-115
LAD,2026-07-21T22:40Z,401816202,PHI,2026,Los Angeles Dodgers,2,58.90532845999999,2026-07-21T11:12Z,Philadelphia Phillies,1,-106,-106,115,-114,-114,-138,False,DraftKings,1,-101,9,,,1.5,Final,9.0,-119
MIN,2026-07-21T22:40Z,401816203,CLE,2026,Minnesota Twins,2,62.35910246,2026-07-21T11:12Z,Cleveland Guardians,5,134,134,129,-162,-162,-156,False,DraftKings,1,-102,9,,,-1.5,Final,8.0,-118
TB,2026-07-21T23:07Z,401816206,TOR,2026,Tampa Bay Rays,12,48.763681930000004,2026-07-21T11:12Z,Toronto Blue Jays,2,-111,-111,-115,-108,-108,-105,False,DraftKings,1,-102,9,,,1.5,Final,7.5,-118
SD,2026-07-21T23:15Z,401816205,ATL,2026,San Diego Padres,8,67.65383498,2026-07-21T11:12Z,Atlanta Braves,3,123,123,123,-149,-149,-149,False,DraftKings,1,-112,9,,,-1.5,Final,9.0,-108
NYM,2026-07-21T23:40Z,401816210,MIL,2026,New York Mets,4,62.47937985000001,2026-07-21T11:12Z,Milwaukee Brewers,0,117,117,121,-141,-141,-146,False,DraftKings,1,-123,9,,,-1.5,Final,8.5,102
SF,2026-07-21T23:40Z,401816211,KC,2026,San Francisco Giants,2,57.00650707,2026-07-21T11:12Z,Kansas City Royals,3,-112,-112,-112,-108,-108,-108,False,DraftKings,1,-115,9,,,1.5,Final,9.0,-105
CHW,2026-07-22T00:05Z,401816207,TEX,2026,Chicago White Sox,0,53.854412669999995,2026-07-21T11:12Z,Texas Rangers,10,-105,-105,109,-114,-114,-131,False,DraftKings,1,-121,9,,,1.5,Final,8.5,100
DET,2026-07-22T00:05Z,401816208,CHC,2026,Detroit Tigers,2,53.37841043,2026-07-21T11:12Z,Chicago Cubs,11,102,102,-103,-123,-123,-117,False,DraftKings,1,-109,9,,,-1.5,Final,7.5,-111
MIA,2026-07-22T00:10Z,401816209,HOU,2026,Miami Marlins,3,47.53417744,2026-07-21T11:12Z,Houston Astros,5,102,102,107,-123,-123,-129,False,DraftKings,1,-122,9,,,-1.5,Final,9.0,101
WSH,2026-07-22T00:40Z,401816212,COL,2026,Washington Nationals,7,49.32820786,2026-07-21T11:12Z,Colorado Rockies,8,-117,-117,-106,-103,-103,-114,False,DraftKings,1,-118,9,,,1.5,Final,13.0,-102
STL,2026-07-22T01:38Z,401816215,LAA,2026,St. Louis Cardinals,1,57.943177889999994,2026-07-21T11:12Z,Los Angeles Angels,5,104,104,-123,-126,-126,102,False,DraftKings,1,-120,9,,,-1.5,Final,9.0,100
ATH,2026-07-22T01:40Z,401816213,ARI,2026,Athletics,5,64.6168593,2026-07-21T11:12Z,Arizona Diamondbacks,6,114,114,111,-137,-137,-133,False,DraftKings,1,-102,10,,,-1.5,Final/10,9.5,-118
CIN,2026-07-22T01:40Z,401816214,SEA,2026,Cincinnati Reds,4,45.639929439999996,2026-07-21T11:12Z,Seattle Mariners,2,-102,-102,-106,-119,-119,-114,False,DraftKings,1,-108,9,,,1.5,Final,7.5,-112
PIT,2026-07-22T17:05Z,401816219,NYY,2026,Pittsburgh Pirates,5,56.7175932,2026-07-22T11:12Z,New York Yankees,3,167,167,136,-205,-205,-164,False,DraftKings,1,-107,10,,,-1.5,Final/10,9.5,-112
BAL,2026-07-22T17:35Z,401898715,BOS,2026,Baltimore Orioles,3,57.63890807999999,2026-07-22T11:12Z,Boston Red Sox,6,144,144,113,-175,-175,-136,False,DraftKings,1,-106,9,,,-1.5,Final,9.5,-114
NYM,2026-07-22T18:10Z,401816225,MIL,2026,New York Mets,3,69.7570128,2026-07-22T11:12Z,Milwaukee Brewers,4,133,133,123,-161,-161,-149,False,DraftKings,1,-110,9,,,-1.5,Final,7.5,-110
SF,2026-07-22T18:10Z,401816226,KC,2026,San Francisco Giants,4,49.58259856,2026-07-22T11:12Z,Kansas City Royals,5,-142,-142,-110,118,118,-110,False,DraftKings,1,-119,9,,,1.5,Final,8.5,-101
WSH,2026-07-22T19:10Z,401816227,COL,2026,Washington Nationals,8,47.54761682,2026-07-22T11:12Z,Colorado Rockies,0,-148,-148,-136,123,123,113,False,DraftKings,1,-116,9,,,1.5,Final,11.5,-104
ATH,2026-07-22T19:40Z,401816228,ARI,2026,Athletics,5,57.01522007999999,2026-07-22T11:12Z,Arizona Diamondbacks,15,123,123,-102,-149,-149,-118,False,DraftKings,1,100,9,,,-1.5,Final,9.0,-120
CIN,2026-07-22T19:40Z,401816229,SEA,2026,Cincinnati Reds,5,59.43269677000001,2026-07-22T11:12Z,Seattle Mariners,3,144,144,129,-175,-175,-156,False,DraftKings,1,-105,9,,,-1.5,Final,8.5,-115
STL,2026-07-22T20:07Z,401816230,LAA,2026,St. Louis Cardinals,1,55.91879444,2026-07-22T11:12Z,Los Angeles Angels,0,123,123,100,-149,-149,-120,False,DraftKings,1,-119,9,,,-1.5,Final,8.5,-101
LAD,2026-07-22T22:40Z,401816217,PHI,2026,Los Angeles Dodgers,9,39.984675450000005,2026-07-22T11:12Z,Philadelphia Phillies,5,-131,-131,-110,109,109,-110,False,DraftKings,1,-118,9,,,1.5,Final,9.5,-102
MIN,2026-07-22T22:40Z,401816218,CLE,2026,Minnesota Twins,10,53.61518971,2026-07-22T11:12Z,Cleveland Guardians,6,114,114,104,-137,-137,-126,False,DraftKings,1,-109,9,,,-1.5,Final,8.0,-111
PIT,2026-07-22T23:05Z,401898714,NYY,2026,Pittsburgh Pirates,0,60.10347534,2026-07-22T11:12Z,New York Yankees,2,153,153,149,-186,-186,-181,False,DraftKings,1,-117,9,,,-1.5,Final,9.0,-103
TB,2026-07-22T23:07Z,401816221,TOR,2026,Tampa Bay Rays,4,50.8378386,2026-07-22T11:12Z,Toronto Blue Jays,2,-109,-109,-110,-111,-111,-110,False,DraftKings,1,-112,9,,,1.5,Final,7.5,-107
BAL,2026-07-22T23:10Z,401816216,BOS,2026,Baltimore Orioles,5,49.43283064,2026-07-22T11:12Z,Boston Red Sox,1,108,108,134,-130,-130,-162,False,DraftKings,1,-110,9,,,-1.5,Final,9.0,-110
SD,2026-07-22T23:15Z,401816220,ATL,2026,San Diego Padres,6,59.59836979999999,2026-07-22T11:12Z,Atlanta Braves,7,-107,-107,100,-112,-112,-120,False,DraftKings,1,-120,9,,,1.5,Final,8.5,100
DET,2026-07-23T00:00Z,401816223,CHC,2026,Detroit Tigers,5,58.955355659999995,2026-07-22T11:12Z,Chicago Cubs,1,105,105,-105,-126,-126,-115,False,DraftKings,1,-108,9,,,-1.5,Final,8.0,-112
CHW,2026-07-23T00:05Z,401816222,TEX,2026,Chicago White Sox,4,56.889646250000006,2026-07-22T11:12Z,Texas Rangers,2,-122,-122,-105,101,101,-115,False,DraftKings,1,-121,9,,,1.5,Final,8.5,100
MIA,2026-07-23T00:10Z,401816224,HOU,2026,Miami Marlins,2,58.597313979999996,2026-07-22T11:12Z,Houston Astros,5,-107,-107,-107,-112,-112,-113,False,DraftKings,1,-111,9,,,1.5,Final,8.0,-108
SD,2026-07-23T16:15Z,401816233,ATL,2026,San Diego Padres,5,80.26205116,2026-07-23T11:12Z,Atlanta Braves,6,215,215,189,-268,-268,-232,False,DraftKings,1,-111,9,,,-1.5,Final,8.0,-108
MIN,2026-07-23T17:10Z,401816232,CLE,2026,Minnesota Twins,3,53.851958440000004,2026-07-23T11:12Z,Cleveland Guardians,1,123,123,109,-149,-149,-131,False,DraftKings,1,-119,12,,,-1.5,Final/12,7.0,-102
TB,2026-07-23T19:07Z,401816234,TOR,2026,Tampa Bay Rays,1,47.74656568,2026-07-23T11:11Z,Toronto Blue Jays,3,-118,-118,-121,-102,-102,101,False,DraftKings,1,-113,9,,,1.5,Final,8.5,-107
ARI,2026-07-23T21:15Z,401881162,STL,2026,Arizona Diamondbacks,10,59.90852135,2026-07-23T11:12Z,St. Louis Cardinals,6,104,104,109,-126,-126,-131,False,DraftKings,1,-104,9,,,-1.5,Final,8.0,-116
KC,2026-07-23T22:40Z,401816231,DET,2026,Kansas City Royals,3,62.742281170000005,2026-07-23T11:12Z,Detroit Tigers,4,188,188,163,-232,-232,-199,False,DraftKings,1,-105,9,,,-1.5,Final,8.5,-114
COL,2026-07-24T20:10Z,401816246,MIL,2026,Colorado Rockies,5,69.51432822,2026-07-24T11:11Z,Milwaukee Brewers,2,234,234,199,-294,-294,-246,False,DraftKings,1,-120,9,,,-1.5,Final,8.5,-101
CHC,2026-07-24T22:40Z,401816237,PIT,2026,Chicago Cubs,3,50.89592639,2026-07-24T11:11Z,Pittsburgh Pirates,2,-110,-110,102,-110,-110,-123,False,DraftKings,1,-107,10,,,1.5,Final/10,8.0,-112
KC,2026-07-24T22:40Z,401816239,DET,2026,Kansas City Royals,1,71.21528620999999,2026-07-24T11:12Z,Detroit Tigers,2,218,218,194,-272,-272,-240,False,DraftKings,1,-104,9,,,-1.5,Final,7.5,-115
ARI,2026-07-24T22:45Z,401816235,WSH,2026,Arizona Diamondbacks,3,35.86320337,2026-07-24T11:12Z,Washington Nationals,2,-126,-126,-117,104,104,-103,False,DraftKings,1,-104,9,,,1.5,Final,9.5,-116
NYY,2026-07-24T22:45Z,401816241,PHI,2026,New York Yankees,1,44.26663138,2026-07-24T11:12Z,Philadelphia Phillies,0,115,115,104,-138,-138,-126,False,DraftKings,1,104,9,,,-1.5,Final,7.5,-125
ATL,2026-07-24T23:05Z,401816236,BAL,2026,Atlanta Braves,7,52.727467100000005,2026-07-24T11:11Z,Baltimore Orioles,6,107,107,100,-129,-129,-120,False,DraftKings,1,-120,10,,,-1.5,Final/10,8.5,-101
CLE,2026-07-24T23:10Z,401816238,TB,2026,Cleveland Guardians,3,56.127809510000006,2026-07-24T11:11Z,Tampa Bay Rays,11,117,117,117,-141,-141,-141,False,DraftKings,1,-125,9,,,-1.5,Final,7.0,104
LAD,2026-07-24T23:10Z,401816240,NYM,2026,Los Angeles Dodgers,4,48.58215951,2026-07-24T11:11Z,New York Mets,2,-126,-126,-159,104,104,132,False,DraftKings,1,-103,9,,,1.5,Final,9.0,-117
SD,2026-07-24T23:10Z,401816242,MIA,2026,San Diego Padres,4,64.77789805,2026-07-24T11:12Z,Miami Marlins,2,104,104,119,-126,-126,-143,False,DraftKings,1,-112,9,,,-1.5,Final,9.0,-107
TOR,2026-07-24T23:15Z,401816243,BOS,2026,Toronto Blue Jays,4,52.09720429,2026-07-24T11:12Z,Boston Red Sox,6,109,109,104,-131,-131,-126,False,DraftKings,1,-122,9,,,-1.5,Final,8.5,102
HOU,2026-07-24T23:40Z,401816247,CHW,2026,Houston Astros,9,59.894442270000006,2026-07-24T11:12Z,Chicago White Sox,5,114,114,126,-137,-137,-153,False,DraftKings,1,-103,9,,,-1.5,Final,9.0,-117
SEA,2026-07-25T00:05Z,401816248,TEX,2026,Seattle Mariners,4,52.373736189999995,2026-07-24T11:12Z,Texas Rangers,5,-118,-118,-120,-102,-102,100,False,DraftKings,1,-109,9,,,1.5,Final,7.5,-110
ATH,2026-07-25T00:10Z,401816244,MIN,2026,Athletics,2,60.938025429999996,2026-07-24T11:12Z,Minnesota Twins,0,114,114,119,-137,-137,-144,False,DraftKings,1,-103,9,,,-1.5,Final,10.0,-117
CIN,2026-07-25T00:15Z,401816245,STL,2026,Cincinnati Reds,4,61.08123598,2026-07-24T11:11Z,St. Louis Cardinals,2,119,119,134,-144,-144,-162,False,DraftKings,1,-114,9,,,-1.5,Final,8.0,-106
LAA,2026-07-25T02:15Z,401816249,SF,2026,Los Angeles Angels,6,70.84454624,2026-07-24T11:11Z,San Francisco Giants,7,131,131,126,-158,-158,-153,False,DraftKings,1,-113,10,,,-1.5,Final/10,8.0,-106
KC,2026-07-25T17:10Z,401816254,DET,2026,Kansas City Royals,3,60.54437766,2026-07-25T11:11Z,Detroit Tigers,2,141,141,144,-171,-171,-175,False,DraftKings,1,-105,9,,,-1.5,Final,8.0,-115
ARI,2026-07-25T20:05Z,401816250,WSH,2026,Arizona Diamondbacks,3,65.75646861,2026-07-25T11:12Z,Washington Nationals,5,113,113,109,-136,-136,-131,False,DraftKings,1,-117,9,,,-1.5,Final,9.0,-103
LAA,2026-07-25T20:05Z,401816264,SF,2026,Los Angeles Angels,2,67.48960194,2026-07-25T11:12Z,San Francisco Giants,9,113,113,107,-136,-136,-128,False,DraftKings,1,-111,9,,,-1.5,Final,9.0,-109
SD,2026-07-25T20:10Z,401816257,MIA,2026,San Diego Padres,7,64.64198255,2026-07-25T11:12Z,Miami Marlins,2,123,123,104,-148,-148,-125,False,DraftKings,1,-110,9,,,-1.5,Final,8.0,-110
TOR,2026-07-25T20:10Z,401816258,BOS,2026,Toronto Blue Jays,6,62.15404163,2026-07-25T11:11Z,Boston Red Sox,0,-104,-104,100,-116,-116,-120,False,DraftKings,1,-123,9,,,1.5,Final,7.0,102
NYY,2026-07-25T22:05Z,401816256,PHI,2026,New York Yankees,3,51.202755200000006,2026-07-25T11:12Z,Philadelphia Phillies,1,-126,-126,-118,104,104,-102,False,DraftKings,1,-110,9,,,1.5,Final,9.0,-110
CLE,2026-07-25T22:10Z,401816253,TB,2026,Cleveland Guardians,0,61.932557,2026-07-25T11:12Z,Tampa Bay Rays,3,-105,-105,113,-114,-114,-136,False,DraftKings,1,-108,9,,,1.5,Final,8.0,-112
CHC,2026-07-25T22:40Z,401816252,PIT,2026,Chicago Cubs,11,64.19779798,2026-07-25T11:12Z,Pittsburgh Pirates,0,107,107,113,-128,-128,-136,False,DraftKings,1,-114,9,,,-1.5,Final,7.5,-106
ATL,2026-07-25T23:05Z,401816251,BAL,2026,Atlanta Braves,2,50.82256047,2026-07-25T11:12Z,Baltimore Orioles,3,-103,-103,-108,-117,-117,-112,False,DraftKings,1,-110,9,,,1.5,Final,9.0,-110
ATH,2026-07-25T23:10Z,401816259,MIN,2026,Athletics,0,60.35929611,2026-07-25T11:12Z,Minnesota Twins,2,123,123,139,-149,-149,-168,False,DraftKings,1,-109,9,,,-1.5,Final,10.0,-110
COL,2026-07-25T23:10Z,401816261,MIL,2026,Colorado Rockies,5,62.264082710000004,2026-07-25T11:12Z,Milwaukee Brewers,8,197,197,184,-244,-244,-226,False,DraftKings,1,-110,9,,,-1.5,Final,9.0,-110
HOU,2026-07-25T23:10Z,401816262,CHW,2026,Houston Astros,4,51.082017459999996,2026-07-25T11:12Z,Chicago White Sox,1,100,100,104,-121,-121,-126,False,DraftKings,1,-115,9,,,-1.5,Final,8.5,-105
LAD,2026-07-25T23:15Z,401816255,NYM,2026,Los Angeles Dodgers,4,40.50644976,2026-07-25T11:12Z,New York Mets,3,-161,-161,-156,133,133,129,False,DraftKings,1,-119,9,,,1.5,Final,7.0,-102
CIN,2026-07-25T23:15Z,401816260,STL,2026,Cincinnati Reds,0,54.43547256,2026-07-25T11:12Z,St. Louis Cardinals,7,-115,-115,102,-104,-104,-122,False,DraftKings,1,-104,9,,,1.5,Final,8.0,-116
SEA,2026-07-25T23:15Z,401816263,TEX,2026,Seattle Mariners,1,57.58956942,2026-07-25T11:12Z,Texas Rangers,7,-108,-108,-112,-111,-111,-107,False,DraftKings,1,-124,9,,,1.5,Final,7.0,103
CLE,2026-07-26T16:15Z,401816268,TB,2026,Cleveland Guardians,0,54.29544293000001,2026-07-26T11:10Z,Tampa Bay Rays,1,103,103,113,-125,-125,-136,False,DraftKings,1,-122,9,,,-1.5,Final,6.5,101
ARI,2026-07-26T17:35Z,401816265,WSH,2026,Arizona Diamondbacks,7,52.222301689999995,2026-07-26T11:10Z,Washington Nationals,10,-117,-117,-126,-103,-103,105,False,DraftKings,1,-115,9,,,1.5,Final,10.0,-105
ATL,2026-07-26T17:35Z,401816266,BAL,2026,Atlanta Braves,3,53.57011959,2026-07-26T11:10Z,Baltimore Orioles,2,-114,-114,-106,-105,-105,-114,False,DraftKings,1,101,11,,,1.5,Final/11,9.0,-122
CHC,2026-07-26T17:35Z,401816267,PIT,2026,Chicago Cubs,7,62.095200399999996,2026-07-26T11:10Z,Pittsburgh Pirates,8,119,119,104,-144,-144,-125,False,DraftKings,1,-108,9,,,-1.5,Final,9.0,-112
TOR,2026-07-26T17:35Z,401816273,BOS,2026,Toronto Blue Jays,1,65.71139105,2026-07-26T11:10Z,Boston Red Sox,6,122,122,113,-147,-147,-136,False,DraftKings,1,-112,9,,,-1.5,Final,7.5,-108
KC,2026-07-26T17:40Z,401816269,DET,2026,Kansas City Royals,5,56.15316562,2026-07-26T11:10Z,Detroit Tigers,4,157,157,157,-192,-192,-192,False,DraftKings,1,-109,9,,,-1.5,Final,9.0,-111
LAD,2026-07-26T17:40Z,401816270,NYM,2026,Los Angeles Dodgers,3,42.67958731,2026-07-26T11:10Z,New York Mets,8,-150,-150,-151,124,124,125,False,DraftKings,1,-114,9,,,1.5,Final,8.5,-105
SD,2026-07-26T17:40Z,401816272,MIA,2026,San Diego Padres,5,62.071583409999995,2026-07-26T11:10Z,Miami Marlins,3,-104,-104,108,-115,-115,-131,False,DraftKings,1,-114,9,,,1.5,Final,8.5,-105
ATH,2026-07-26T18:10Z,401816274,MIN,2026,Athletics,8,62.543159530000004,2026-07-26T11:10Z,Minnesota Twins,11,135,135,113,-163,-163,-136,False,DraftKings,1,-105,9,,,-1.5,Final,10.0,-114
COL,2026-07-26T18:10Z,401816276,MIL,2026,Colorado Rockies,2,82.47396018,2026-07-26T11:10Z,Milwaukee Brewers,11,290,290,243,-373,-373,-306,False,DraftKings,1,-108,9,,,-1.5,Final,8.0,-112
HOU,2026-07-26T18:10Z,401816277,CHW,2026,Houston Astros,3,51.974639499999995,2026-07-26T11:10Z,Chicago White Sox,12,102,102,100,-123,-123,-120,False,DraftKings,1,-111,9,,,1.5,Final,9.0,-109
CIN,2026-07-26T18:15Z,401816275,STL,2026,Cincinnati Reds,5,61.70807515,2026-07-26T11:10Z,St. Louis Cardinals,3,113,113,113,-136,-136,-136,False,DraftKings,1,-114,10,,,-1.5,Final/10,8.5,-105
SEA,2026-07-26T18:35Z,401816278,TEX,2026,Seattle Mariners,6,53.720270709999994,2026-07-26T11:10Z,Texas Rangers,4,-103,-103,-107,-117,-117,-113,False,DraftKings,1,-123,9,,,1.5,Final,7.0,102
LAA,2026-07-26T20:05Z,401816279,SF,2026,Los Angeles Angels,4,44.79528721,2026-07-26T11:10Z,San Francisco Giants,3,-126,-126,100,104,104,-120,False,DraftKings,1,-106,9,,,1.5,Final,8.5,-113
NYY,2026-07-26T23:20Z,401816271,PHI,2026,New York Yankees,4,60.59376789,2026-07-26T11:10Z,Philadelphia Phillies,11,177,177,134,-218,-218,-162,False,DraftKings,1,-102,9,,,-1.5,Final,8.5,-118
SEA,2026-07-27T18:35Z,401816288,TEX,2026,Seattle Mariners,3,48.90209929,2026-07-27T11:11Z,Texas Rangers,7,-126,-126,-120,104,104,100,False,DraftKings,1,-117,9,,,1.5,Final,8.0,-103
ARI,2026-07-27T22:40Z,401816280,PIT,2026,Arizona Diamondbacks,2,58.25378925,2026-07-27T11:11Z,Pittsburgh Pirates,3,-104,-104,115,-115,-115,-138,False,DraftKings,1,-112,10,,,1.5,Final/10,9.5,-107
BAL,2026-07-27T22:40Z,401816282,DET,2026,Baltimore Orioles,8,46.47710875,2026-07-27T11:11Z,Detroit Tigers,5,108,108,-107,-130,-130,-113,False,DraftKings,1,-102,9,,,-1.5,Final,8.5,-118
PHI,2026-07-27T22:40Z,401816284,MIA,2026,Philadelphia Phillies,7,43.87258943,2026-07-27T11:11Z,Miami Marlins,8,-205,-205,-175,167,167,144,False,DraftKings,1,100,9,,,1.5,Final,8.0,-120
TOR,2026-07-27T22:45Z,401816285,WSH,2026,Toronto Blue Jays,3,74.52672269,2026-07-27T11:11Z,Washington Nationals,2,104,104,104,-126,-126,-126,False,DraftKings,1,-106,9,,,-1.5,Final,10.0,-113
ATL,2026-07-27T23:10Z,401816281,NYM,2026,Atlanta Braves,3,45.742316869999996,2026-07-27T11:11Z,New York Mets,14,-105,-105,-110,-114,-114,-110,False,DraftKings,1,-123,9,,,1.5,Final,8.5,102
NYY,2026-07-27T23:40Z,401816287,CHW,2026,New York Yankees,9,38.15278969,2026-07-27T11:11Z,Chicago White Sox,5,-144,-144,-138,119,119,115,False,DraftKings,1,-102,9,,,1.5,Final,8.5,-118
CHC,2026-07-27T23:45Z,401816286,STL,2026,Chicago Cubs,7,49.85809423,2026-07-27T11:11Z,St. Louis Cardinals,3,-124,-124,-126,103,103,104,False,DraftKings,1,-102,9,,,1.5,Final,9.5,-118
HOU,2026-07-28T01:38Z,401816290,LAA,2026,Houston Astros,6,59.78560575,2026-07-27T11:11Z,Los Angeles Angels,4,-106,-106,-114,-114,-114,-106,False,DraftKings,1,-115,9,,,1.5,Final,8.5,-105
BOS,2026-07-28T01:40Z,401816289,ATH,2026,Boston Red Sox,4,42.8562395,2026-07-27T11:11Z,Athletics,2,-205,-205,-146,167,167,121,False,DraftKings,1,-107,9,,,1.5,Final,10.0,-112
MIL,2026-07-28T01:45Z,401816291,SF,2026,Milwaukee Brewers,0,45.903785219999996,2026-07-27T11:11Z,San Francisco Giants,3,-136,-136,-125,113,113,104,False,DraftKings,1,-109,9,,,1.5,Final,8.5,-110
CLE,2026-07-28T17:40Z,401901849,CIN,2026,Cleveland Guardians,6,67.6793416,2026-07-28T11:11Z,Cincinnati Reds,5,136,136,139,-164,-164,-168,False,DraftKings,1,-108,9,,,-1.5,Final,9.0,-112
ARI,2026-07-28T22:40Z,401816292,PIT,2026,Arizona Diamondbacks,8,61.939421630000005,2026-07-28T11:11Z,Pittsburgh Pirates,7,-108,-108,-105,-111,-111,-115,False,DraftKings,1,-120,12,,,1.5,Final/12,9.0,100
BAL,2026-07-28T22:40Z,401816294,DET,2026,Baltimore Orioles,0,58.602479110000004,2026-07-28T11:11Z,Detroit Tigers,14,123,123,123,-149,-149,-149,False,DraftKings,1,-112,9,,,-1.5,Final,9.0,-107
PHI,2026-07-28T22:40Z,401816296,MIA,2026,Philadelphia Phillies,0,62.296387249999995,2026-07-28T11:11Z,Miami Marlins,1,114,114,-110,-137,-137,-110,False,DraftKings,1,-106,9,,,-1.5,Final,8.0,-114
TEX,2026-07-28T22:40Z,401816297,TB,2026,Texas Rangers,4,66.87921552,2026-07-28T11:11Z,Tampa Bay Rays,1,144,144,149,-175,-175,-181,False,DraftKings,1,-120,9,,,-1.5,Final,8.0,-101
TOR,2026-07-28T22:45Z,401816298,WSH,2026,Toronto Blue Jays,6,66.40656411,2026-07-28T11:11Z,Washington Nationals,8,112,112,129,-135,-135,-156,False,DraftKings,1,100,9,,,-1.5,Final,9.0,-120
CLE,2026-07-28T23:10Z,401816295,CIN,2026,Cleveland Guardians,0,51.35514459,2026-07-28T11:11Z,Cincinnati Reds,2,-144,-144,-122,119,119,102,False,DraftKings,1,-103,9,,,1.5,Final,9.0,-117
KC,2026-07-28T23:40Z,401816300,MIN,2026,Kansas City Royals,2,62.74920289,2026-07-28T11:11Z,Minnesota Twins,3,158,158,129,-193,-193,-156,False,DraftKings,1,-112,9,,,-1.5,Final,9.0,-108
NYY,2026-07-28T23:40Z,401816301,CHW,2026,New York Yankees,3,50.7110786,2026-07-28T11:11Z,Chicago White Sox,2,-125,-125,-149,104,104,123,False,DraftKings,1,-102,9,,,1.5,Final,8.0,-118
CHC,2026-07-28T23:45Z,401816299,STL,2026,Chicago Cubs,10,54.27401264,2026-07-28T11:11Z,St. Louis Cardinals,2,-108,-108,-115,-112,-112,-105,False,DraftKings,1,-119,9,,,1.5,Final,8.5,-101
HOU,2026-07-29T01:38Z,401816304,LAA,2026,Houston Astros,3,50.83882199999999,2026-07-28T11:11Z,Los Angeles Angels,2,-114,-114,-115,-106,-106,-105,False,DraftKings,1,-105,9,,,1.5,Final,8.5,-114
BOS,2026-07-29T01:40Z,401816302,ATH,2026,Boston Red Sox,3,45.604585539999995,2026-07-28T11:11Z,Athletics,4,-157,-157,-146,130,130,121,False,DraftKings,1,-111,9,,,1.5,Final,10.5,-108
COL,2026-07-29T01:40Z,401816303,SD,2026,Colorado Rockies,7,70.77317297,2026-07-28T11:11Z,San Diego Padres,8,198,198,160,-245,-245,-195,False,DraftKings,1,-112,9,,,-1.5,Final,8.0,-107
MIL,2026-07-29T01:45Z,401816305,SF,2026,Milwaukee Brewers,8,39.01816432,2026-07-28T11:11Z,San Francisco Giants,2,-150,-150,-144,124,124,119,False,DraftKings,1,102,9,,,1.5,Final,7.5,-123
SEA,2026-07-29T02:10Z,401816306,LAD,2026,Seattle Mariners,7,76.10826314,2026-07-28T11:11Z,Los Angeles Dodgers,6,193,193,155,-238,-238,-189,False,DraftKings,1,100,9,,,-1.5,Final,9.5,-121
PHI,2026-07-29T16:10Z,401816311,MIA,2026,Philadelphia Phillies,6,44.58299369,2026-07-29T11:11Z,Miami Marlins,8,-180,-180,-156,148,148,129,False,DraftKings,1,-119,9,,,1.5,Final,7.0,-102
ARI,2026-07-29T16:35Z,401816307,PIT,2026,Arizona Diamondbacks,3,53.24648025,2026-07-29T11:11Z,Pittsburgh Pirates,0,118,118,113,-143,-143,-136,False,DraftKings,1,-119,9,,,-1.5,Final,8.5,-102
TOR,2026-07-29T17:05Z,401816313,WSH,2026,Toronto Blue Jays,5,54.831582700000006,2026-07-29T11:11Z,Washington Nationals,2,-119,-119,-120,-101,-101,100,False,DraftKings,1,-123,9,,,1.5,Final,9.0,102
ATL,2026-07-29T17:10Z,401816308,NYM,2026,Atlanta Braves,2,49.192916170000004,2026-07-29T11:11Z,New York Mets,3,-112,-112,-118,-108,-108,-102,False,DraftKings,1,-113,9,,,1.5,Final,8.5,-107
BAL,2026-07-29T17:10Z,401816309,DET,2026,Baltimore Orioles,10,62.17900904,2026-07-29T11:11Z,Detroit Tigers,9,161,161,138,-197,-197,-167,False,DraftKings,1,-105,12,,,-1.5,Final/12,7.5,-114
MIL,2026-07-29T19:45Z,401816320,SF,2026,Milwaukee Brewers,3,49.85009353,2026-07-29T11:11Z,San Francisco Giants,16,-109,-109,-118,-111,-111,-102,False,DraftKings,1,-118,9,,,1.5,Final,7.5,-102
COL,2026-07-29T20:10Z,401816318,SD,2026,Colorado Rockies,1,55.75260256,2026-07-29T11:11Z,San Diego Padres,3,161,161,123,-197,-197,-149,False,DraftKings,1,-105,9,,,-1.5,Final,8.5,-114
TEX,2026-07-29T22:40Z,401816312,TB,2026,Texas Rangers,0,56.36839801,2026-07-29T11:11Z,Tampa Bay Rays,3,119,119,113,-144,-144,-136,False,DraftKings,1,-113,9,,,-1.5,Final,7.5,-107
CLE,2026-07-29T23:10Z,401816310,CIN,2026,Cleveland Guardians,6,51.3691989,2026-07-29T11:11Z,Cincinnati Reds,1,-139,-139,-137,115,115,114,False,DraftKings,1,-119,9,,,1.5,Final,8.5,-102
ATL,2026-07-29T23:10Z,401902545,NYM,2026,Atlanta Braves,1,35.53763205,2026-07-29T11:11Z,New York Mets,0,-184,-184,-156,151,151,129,False,DraftKings,1,-120,9,,,1.5,Final,7.0,100
KC,2026-07-29T23:40Z,401816315,MIN,2026,Kansas City Royals,4,64.36871286,2026-07-29T11:11Z,Minnesota Twins,0,169,169,141,-206,-206,-171,False,DraftKings,1,-106,9,,,-1.5,Final,9.0,-113
NYY,2026-07-29T23:40Z,401816316,CHW,2026,New York Yankees,5,40.47389716,2026-07-29T11:11Z,Chicago White Sox,6,-145,-145,-143,120,120,119,False,DraftKings,1,-108,12,,,1.5,Final/12,7.5,-112
CHC,2026-07-29T23:45Z,401816314,STL,2026,Chicago Cubs,2,41.20115963,2026-07-29T11:11Z,St. Louis Cardinals,3,-108,-108,-120,-112,-112,100,False,DraftKings,1,-115,10,,,1.5,Final/10,7.5,-105
HOU,2026-07-30T01:38Z,401816319,LAA,2026,Houston Astros,7,42.09902791,2026-07-29T11:11Z,Los Angeles Angels,4,-126,-126,-136,105,105,113,False,DraftKings,1,-112,9,,,1.5,Final,9.5,-108
BOS,2026-07-30T01:40Z,401816317,ATH,2026,Boston Red Sox,4,47.94230385,2026-07-29T11:11Z,Athletics,2,-150,-150,-156,124,124,129,False,DraftKings,1,-102,10,,,1.5,Final/10,11.0,-118
SEA,2026-07-30T02:10Z,401816321,LAD,2026,Seattle Mariners,2,63.911421329999996,2026-07-29T11:11Z,Los Angeles Dodgers,4,153,153,129,-186,-186,-156,False,DraftKings,1,-114,9,,,-1.5,Final,9.5,-105
TEX,2026-07-30T16:10Z,401816324,TB,2026,Texas Rangers,2,61.473738170000004,2026-07-30T11:11Z,Tampa Bay Rays,3,152,152,103,-185,-185,-125,False,DraftKings,1,-105,9,,,-1.5,Final,8.0,-115
KC,2026-07-30T17:40Z,401816327,MIN,2026,Kansas City Royals,3,58.40658516,2026-07-30T11:11Z,Minnesota Twins,4,109,109,119,-131,-131,-143,False,DraftKings,1,-114,9,,,-1.5,Final,9.0,-105
NYY,2026-07-30T18:10Z,401816328,CHW,2026,New York Yankees,1,54.32568904,2026-07-30T11:11Z,Chicago White Sox,2,-110,-110,-106,-110,-110,-114,False,DraftKings,1,-101,11,,,1.5,Final/11,7.5,-120
CHC,2026-07-30T18:15Z,401816326,STL,2026,Chicago Cubs,4,46.975287869999995,2026-07-30T11:11Z,St. Louis Cardinals,2,-106,-106,-102,-114,-114,-118,False,DraftKings,1,-101,10,,,1.5,Final/10,8.5,-119
WSH,2026-07-30T23:00Z,401816325,ATL,2026,Washington Nationals,4,65.18699531,2026-07-30T11:11Z,Atlanta Braves,5,134,134,123,-162,-162,-149,False,DraftKings,1,-113,9,,,-1.5,Final,10.0,-107
MIA,2026-07-30T23:10Z,401816322,NYM,2026,Miami Marlins,2,59.108939240000005,2026-07-30T11:11Z,New York Mets,4,114,114,109,-137,-137,-131,False,DraftKings,1,-114,9,,,-1.5,Final,7.0,-106
PIT,2026-07-30T23:10Z,401816323,CIN,2026,Pittsburgh Pirates,2,37.454878130000004,2026-07-30T11:11Z,Cincinnati Reds,3,-126,-126,-118,104,104,-102,False,DraftKings,1,-103,9,,,1.5,Final,10.0,-117
BOS,2026-07-31T01:40Z,401816329,ATH,2026,Boston Red Sox,5,37.714710350000004,2026-07-30T11:11Z,Athletics,4,-196,-196,-163,161,161,135,False,DraftKings,1,-110,9,,,1.5,Final,10.0,-110
SF,2026-07-31T01:40Z,401816331,SD,2026,San Francisco Giants,4,47.820754529999995,2026-07-30T11:11Z,San Diego Padres,1,137,137,109,-166,-166,-131,False,DraftKings,1,-118,9,,,-1.5,Final,8.0,-102
SEA,2026-07-31T02:10Z,401816330,LAD,2026,Seattle Mariners,2,59.19422188,2026-07-30T11:11Z,Los Angeles Dodgers,6,124,124,129,-150,-150,-156,False,DraftKings,1,-118,9,,,-1.5,Final,8.5,-102
NYY,2026-07-31T18:20Z,401816339,CHC,2026,New York Yankees,2,58.60433875,2026-07-31T11:11Z,Chicago Cubs,0,143,143,113,-174,-174,-136,False,DraftKings,1,101,9,,,-1.5,Final,9.0,-121
PIT,2026-07-31T22:10Z,401816336,CIN,2026,Pittsburgh Pirates,7,38.83294361,2026-07-31T11:11Z,Cincinnati Reds,8,-126,-126,-126,105,105,104,False,DraftKings,1,-104,9,,,1.5,Final,8.0,-115
PHI,2026-07-31T23:05Z,401816335,BAL,2026,Philadelphia Phillies,4,56.959745559999995,2026-07-31T11:11Z,Baltimore Orioles,6,100,100,105,-121,-121,-126,False,DraftKings,1,-105,9,,,1.5,Final,9.0,-114
STL,2026-07-31T23:07Z,401816337,TOR,2026,St. Louis Cardinals,1,56.46415261,2026-07-31T11:11Z,Toronto Blue Jays,3,163,163,139,-198,-198,-168,False,DraftKings,1,-102,9,,,-1.5,Final,7.5,-118
ARI,2026-07-31T23:10Z,401816332,CLE,2026,Arizona Diamondbacks,4,57.55687186,2026-07-31T11:11Z,Cleveland Guardians,1,113,113,113,-136,-136,-136,False,DraftKings,1,-118,9,,,-1.5,Final,8.5,-102
CHW,2026-07-31T23:10Z,401816333,TB,2026,Chicago White Sox,6,64.64695747,2026-07-31T11:11Z,Tampa Bay Rays,1,119,119,123,-144,-144,-149,False,DraftKings,1,-101,9,,,-1.5,Final,8.5,-119
MIA,2026-07-31T23:10Z,401816334,NYM,2026,Miami Marlins,5,54.13832067999999,2026-07-31T11:11Z,New York Mets,2,-101,-101,108,-120,-120,-131,False,DraftKings,1,-105,9,,,1.5,Final,8.5,-114
WSH,2026-07-31T23:15Z,401816338,ATL,2026,Washington Nationals,2,50.45179774,2026-07-31T11:11Z,Atlanta Braves,6,103,103,109,-124,-124,-131,False,DraftKings,1,-114,9,,,1.5,Final,9.0,-106
TEX,2026-08-01T00:15Z,401816340,HOU,2026,Texas Rangers,2,60.68445437,2026-07-31T11:11Z,Houston Astros,11,109,109,113,-131,-131,-136,False,DraftKings,1,-108,9,,,-1.5,Final,7.5,-111
KC,2026-08-01T00:40Z,401816341,COL,2026,Kansas City Royals,1,49.727280289999996,2026-07-31T11:11Z,Colorado Rockies,3,-108,-108,-120,-112,-112,100,False,DraftKings,1,-110,9,,,1.5,Final,11.0,-110
MIL,2026-08-01T01:38Z,401816344,LAA,2026,Milwaukee Brewers,6,34.77875274,2026-07-31T11:11Z,Los Angeles Angels,2,-179,-179,-168,147,147,139,False,DraftKings,1,-108,9,,,1.5,Final,9.0,-112
DET,2026-08-01T01:40Z,401816343,ATH,2026,Detroit Tigers,13,37.80068851,2026-07-31T11:11Z,Athletics,1,-143,-143,-168,118,118,139,False,DraftKings,1,-105,9,,,1.5,Final,11.0,-115
SF,2026-08-01T01:45Z,401816346,SD,2026,San Francisco Giants,0,73.57805343,2026-07-31T11:11Z,San Diego Padres,7,129,129,121,-156,-156,-146,False,DraftKings,1,-110,9,,,-1.5,Final,8.5,-109
BOS,2026-08-01T02:10Z,401816342,LAD,2026,Boston Red Sox,9,60.96935746,2026-07-31T11:11Z,Los Angeles Dodgers,4,114,114,-104,-137,-137,-116,False,DraftKings,1,-109,9,,,-1.5,Final,8.0,-111
MIN,2026-08-01T02:10Z,401816345,SEA,2026,Minnesota Twins,5,56.76740449,2026-07-31T11:11Z,Seattle Mariners,3,144,144,153,-175,-175,-186,False,DraftKings,1,-112,9,,,-1.5,Final,7.5,-107
STL,2026-08-01T19:07Z,401816352,TOR,2026,St. Louis Cardinals,1,56.089404970000004,2026-08-01T11:11Z,Toronto Blue Jays,5,147,147,117,-179,-179,-141,False,DraftKings,1,-112,9,,,-1.5,Final,8.0,-108
CHW,2026-08-01T20:10Z,401816348,TB,2026,Chicago White Sox,0,61.910140479999995,2026-08-01T11:11Z,Tampa Bay Rays,1,142,142,150,-172,-172,-182,False,DraftKings,1,-102,9,,,-1.5,Final,7.5,-118
MIA,2026-08-01T20:10Z,401816349,NYM,2026,Miami Marlins,6,53.39818271,2026-08-01T11:10Z,New York Mets,2,112,112,108,-135,-135,-131,False,DraftKings,1,100,9,,,-1.5,Final,9.0,-120
MIN,2026-08-01T20:10Z,401816360,SEA,2026,Minnesota Twins,3,62.35749834999999,2026-08-01T11:11Z,Seattle Mariners,4,142,142,147,-172,-172,-178,False,DraftKings,1,-115,9,,,-1.5,Final,7.0,-105
PIT,2026-08-01T22:40Z,401816351,CIN,2026,Pittsburgh Pirates,4,46.09934453,2026-08-01T11:10Z,Cincinnati Reds,1,-121,-121,-118,100,100,-102,False,DraftKings,1,-115,9,,,1.5,Final,8.0,-104
PHI,2026-08-01T23:05Z,401816350,BAL,2026,Philadelphia Phillies,5,47.44245446,2026-08-01T11:11Z,Baltimore Orioles,0,-154,-154,-141,127,127,117,False,DraftKings,1,-115,9,,,1.5,Final,8.0,-105
TEX,2026-08-01T23:10Z,401816355,HOU,2026,Texas Rangers,4,51.26753032,2026-08-01T11:11Z,Houston Astros,5,-126,-126,-131,104,104,108,False,DraftKings,1,-112,9,,,1.5,Final,8.0,-107
ARI,2026-08-01T23:15Z,401816347,CLE,2026,Arizona Diamondbacks,12,64.25103621,2026-08-01T11:11Z,Cleveland Guardians,8,152,152,130,-185,-185,-157,False,DraftKings,1,-115,9,,,-1.5,Final,8.0,-105
WSH,2026-08-01T23:15Z,401816353,ATL,2026,Washington Nationals,3,61.8550142,2026-08-01T11:11Z,Atlanta Braves,8,141,141,159,-171,-171,-194,False,DraftKings,1,-113,9,,,-1.5,Final,9.5,-106
NYY,2026-08-01T23:15Z,401816354,CHC,2026,New York Yankees,2,45.65136201,2026-08-01T11:11Z,Chicago Cubs,5,103,103,-123,-124,-124,102,False,DraftKings,1,-117,9,,,1.5,Final,6.0,-103
KC,2026-08-02T00:10Z,401816356,COL,2026,Kansas City Royals,6,49.90569569,2026-08-01T11:11Z,Colorado Rockies,12,109,109,-106,-131,-131,-114,False,DraftKings,1,-107,9,,,-1.5,Final,11.5,-113
SF,2026-08-02T00:40Z,401816361,SD,2026,San Francisco Giants,5,50.610282319999996,2026-08-01T11:11Z,San Diego Padres,6,124,124,115,-150,-150,-138,False,DraftKings,1,-101,9,,,-1.5,Final,8.5,-120
BOS,2026-08-02T01:10Z,401816357,LAD,2026,Boston Red Sox,3,72.25631702999999,2026-08-01T11:11Z,Los Angeles Dodgers,2,157,157,145,-191,-191,-176,False,DraftKings,1,-115,9,,,-1.5,Final,7.0,-105
MIL,2026-08-02T01:38Z,401816359,LAA,2026,Milwaukee Brewers,3,54.274891589999996,2026-08-01T11:11Z,Los Angeles Angels,1,-162,-162,-131,134,134,108,False,DraftKings,1,-108,9,,,1.5,Final,9.0,-112
DET,2026-08-02T01:40Z,401816358,ATH,2026,Detroit Tigers,8,43.22914873,2026-08-01T11:11Z,Athletics,6,-187,-187,-141,153,153,117,False,DraftKings,1,-108,9,,,1.5,Final,10.5,-112
PHI,2026-08-02T17:35Z,401816365,BAL,2026,Philadelphia Phillies,8,52.919136290000004,2026-08-02T11:11Z,Baltimore Orioles,0,-150,-150,-132,124,124,109,False,DraftKings,1,-108,6,,,1.5,Final/6,8.0,-112
WSH,2026-08-02T17:35Z,401816368,ATL,2026,Washington Nationals,2,57.11169801,2026-08-02T11:11Z,Atlanta Braves,4,104,104,104,-125,-125,-126,False,DraftKings,1,-106,9,,,1.5,Final,9.0,-114
STL,2026-08-02T17:37Z,401816367,TOR,2026,St. Louis Cardinals,5,40.13179086,2026-08-02T11:11Z,Toronto Blue Jays,1,113,113,-109,-136,-136,-111,False,DraftKings,1,-119,9,,,-1.5,Final,8.5,-102
ARI,2026-08-02T17:40Z,401816362,CLE,2026,Arizona Diamondbacks,0,54.571895250000004,2026-08-02T11:11Z,Cleveland Guardians,5,157,157,118,-191,-191,-142,False,DraftKings,1,-102,9,,,-1.5,Final,8.0,-118
CHW,2026-08-02T17:40Z,401816363,TB,2026,Chicago White Sox,9,61.84505764,2026-08-02T11:11Z,Tampa Bay Rays,1,124,124,124,-150,-150,-150,False,DraftKings,1,-105,9,,,-1.5,Final,7.5,-115
MIA,2026-08-02T17:40Z,401816364,NYM,2026,Miami Marlins,2,41.57871886,2026-08-02T11:11Z,New York Mets,0,-122,-122,-115,101,101,-101,False,DraftKings,1,-114,9,,,1.5,Final,8.5,-105
PIT,2026-08-02T17:40Z,401816366,CIN,2026,Pittsburgh Pirates,2,59.739189800000005,2026-08-02T11:11Z,Cincinnati Reds,10,118,118,124,-142,-142,-150,False,DraftKings,1,-120,9,,,-1.5,Final,8.5,100
TEX,2026-08-02T18:10Z,401816370,HOU,2026,Texas Rangers,3,64.20948196,2026-08-02T11:11Z,Houston Astros,7,118,118,104,-142,-142,-126,False,DraftKings,1,-112,9,,,-1.5,Final,8.5,-107
NYY,2026-08-02T18:20Z,401816369,CHC,2026,New York Yankees,2,54.90656082,2026-08-02T11:11Z,Chicago Cubs,1,-114,-114,-126,-105,-105,104,False,DraftKings,1,-123,9,,,1.5,Final,6.5,102
KC,2026-08-02T19:10Z,401816371,COL,2026,Kansas City Royals,1,48.47232761,2026-08-02T11:11Z,Colorado Rockies,8,106,106,-108,-127,-127,-112,False,DraftKings,1,-108,9,,,-1.5,Final,11.5,-112
MIL,2026-08-02T19:15Z,401816374,LAA,2026,Milwaukee Brewers,0,35.23465145,2026-08-02T11:11Z,Los Angeles Angels,3,-234,-234,-232,190,190,188,False,DraftKings,1,-102,9,,,1.5,Final,7.5,-118
DET,2026-08-02T20:05Z,401816373,ATH,2026,Detroit Tigers,11,47.98733945,2026-08-02T11:11Z,Athletics,0,-126,-126,-113,105,105,-107,False,DraftKings,1,-108,9,,,1.5,Final,10.0,-111
MIN,2026-08-02T20:10Z,401816375,SEA,2026,Minnesota Twins,6,54.72058568,2026-08-02T11:11Z,Seattle Mariners,7,122,122,113,-147,-147,-136,False,DraftKings,1,-113,9,,,-1.5,Final,7.0,-107
SF,2026-08-02T20:10Z,401816376,SD,2026,San Francisco Giants,4,61.77727488,2026-08-02T11:11Z,San Diego Padres,5,109,109,119,-131,-131,-144,False,DraftKings,1,-106,9,,,-1.5,Final,8.0,-114
BOS,2026-08-02T23:20Z,401816372,LAD,2026,Boston Red Sox,8,60.870016289999995,2026-08-02T11:11Z,Los Angeles Dodgers,4,153,153,129,-186,-186,-156,False,DraftKings,1,-108,9,,,-1.5,Final,8.5,-112
WSH,2026-08-03T22:40Z,401816378,PHI,2026,Washington Nationals,3,46.63536956,2026-08-03T11:11Z,Philadelphia Phillies,6,134,134,123,-162,-162,-149,False,DraftKings,1,-122,9,,,-1.5,Final,9.0,102
STL,2026-08-03T23:05Z,401816377,NYY,2026,St. Louis Cardinals,13,71.38669763,2026-08-03T11:11Z,New York Yankees,7,202,202,153,-250,-250,-186,False,DraftKings,1,-103,9,,,-1.5,Final,8.0,-117
PIT,2026-08-03T23:40Z,401816380,MIL,2026,Pittsburgh Pirates,4,53.62365774,2026-08-03T11:11Z,Milwaukee Brewers,3,129,129,130,-156,-156,-157,False,DraftKings,1,-103,9,,,-1.5,Final,8.5,-117
SF,2026-08-04T00:00Z,401816381,TEX,2026,San Francisco Giants,5,45.131064599999995,2026-08-03T11:11Z,Texas Rangers,1,109,109,-112,-131,-131,-108,False,DraftKings,1,-112,9,,,-1.5,Final,8.0,-107
LAD,2026-08-04T00:05Z,401816379,CHC,2026,Los Angeles Dodgers,5,48.85481094,2026-08-03T11:11Z,Chicago Cubs,10,-125,-125,-131,104,104,109,False,DraftKings,1,-113,9,,,1.5,Final,7.5,-106
TOR,2026-08-04T00:10Z,401816382,HOU,2026,Toronto Blue Jays,3,60.293999590000006,2026-08-03T11:11Z,Houston Astros,1,129,129,113,-156,-156,-136,False,DraftKings,1,-122,9,,,-1.5,Final,9.0,101
TB,2026-08-04T00:40Z,401816383,COL,2026,Tampa Bay Rays,13,43.55246469,2026-08-03T11:11Z,Colorado Rockies,9,-175,-175,-162,144,144,134,False,DraftKings,1,-103,9,,,1.5,Final,11.5,-117
SD,2026-08-04T01:40Z,401815079,ARI,2026,San Diego Padres,1,51.65219156999999,2026-08-03T11:11Z,Arizona Diamondbacks,5,-107,-107,-110,-113,-113,-110,False,DraftKings,1,-119,9,,,1.5,Final,8.5,-101
LAA,2026-08-04T22:35Z,401816384,BAL,2026,Los Angeles Angels,1,67.8031164,2026-08-04T11:10Z,Baltimore Orioles,3,134,134,113,-142,-142,-136,False,DraftKings,1,-114,9,,,-1.5,Final,9.0,-106
ATH,2026-08-04T22:40Z,401816385,CIN,2026,Athletics,4,54.594274389999995,2026-08-04T11:10Z,Cincinnati Reds,5,121,121,117,-129,-129,-141,False,DraftKings,1,-114,9,,,-1.5,Final,9.0,-105
NYM,2026-08-04T22:40Z,401816388,CLE,2026,New York Mets,6,57.19433104,2026-08-04T11:10Z,Cleveland Guardians,2,120,120,114,-128,-128,-137,False,DraftKings,1,102,9,,,-1.5,Final,7.5,-122
WSH,2026-08-04T22:40Z,401816390,PHI,2026,Washington Nationals,0,61.36429098,2026-08-04T11:10Z,Philadelphia Phillies,5,282,282,180,-304,-304,-221,False,DraftKings,1,100,9,,,-1.5,Final,9.0,-121
STL,2026-08-04T23:05Z,401816389,NYY,2026,St. Louis Cardinals,0,60.51395968,2026-08-04T11:10Z,New York Yankees,2,179,179,139,-192,-192,-168,False,DraftKings,1,-112,9,,,-1.5,Final,8.0,-107
CHW,2026-08-04T23:10Z,401816386,BOS,2026,Chicago White Sox,2,52.85936584,2026-08-04T11:10Z,Boston Red Sox,14,138,138,102,-147,-147,-122,False,DraftKings,1,-105,9,,,-1.5,Final,9.0,-114
MIA,2026-08-04T23:15Z,401816387,ATL,2026,Miami Marlins,2,66.49701778000001,2026-08-04T11:10Z,Atlanta Braves,4,138,138,113,-147,-147,-136,False,DraftKings,1,-112,9,,,-1.5,Final,9.0,-107
MIN,2026-08-04T23:40Z,401816392,KC,2026,Minnesota Twins,2,47.29057839,2026-08-04T11:10Z,Kansas City Royals,8,-142,-142,-144,133,133,119,False,DraftKings,1,-118,9,,,1.5,Final,9.0,-102
PIT,2026-08-04T23:40Z,401816393,MIL,2026,Pittsburgh Pirates,2,66.60569472,2026-08-04T11:10Z,Milwaukee Brewers,4,132,132,138,-141,-141,-167,False,DraftKings,1,100,9,,,-1.5,Final,7.5,-120
LAD,2026-08-05T00:05Z,401816391,CHC,2026,Los Angeles Dodgers,1,41.68216811,2026-08-04T11:10Z,Chicago Cubs,5,-186,-186,-199,174,174,163,False,DraftKings,1,-113,9,,,1.5,Final,9.0,-107
SF,2026-08-05T00:05Z,401816394,TEX,2026,San Francisco Giants,4,63.42004023,2026-08-04T11:10Z,Texas Rangers,5,175,175,162,-187,-187,-198,False,DraftKings,1,-108,9,,,-1.5,Final,8.0,-112
TOR,2026-08-05T00:10Z,401816395,HOU,2026,Toronto Blue Jays,2,54.82018209,2026-08-04T11:10Z,Houston Astros,7,131,131,109,-140,-140,-131,False,DraftKings,1,-104,9,,,-1.5,Final,8.5,-115
TB,2026-08-05T00:40Z,401816396,COL,2026,Tampa Bay Rays,9,54.59688205,2026-08-04T11:10Z,Colorado Rockies,7,-165,-165,-136,154,154,113,False,DraftKings,1,-119,11,,,1.5,Final/11,10.5,-102
DET,2026-08-05T01:40Z,401816397,SEA,2026,Detroit Tigers,8,47.91641033,2026-08-04T11:10Z,Seattle Mariners,0,108,108,109,-115,-115,-131,False,DraftKings,1,-118,9,,,-1.5,Final,7.5,-102
SD,2026-08-05T01:40Z,401816398,ARI,2026,San Diego Padres,9,65.3027263,2026-08-04T11:10Z,Arizona Diamondbacks,4,111,111,109,-118,-118,-131,False,DraftKings,1,-102,9,,,-1.5,Final,9.0,-118
TOR,2026-08-05T18:10Z,401816410,HOU,2026,Toronto Blue Jays,5,74.0925498,2026-08-05T11:10Z,Houston Astros,4,195,195,-105,-208,-208,-115,False,DraftKings,1,-113,10,,,-1.5,Final/10,8.0,-107
LAD,2026-08-05T18:20Z,401816406,CHC,2026,Los Angeles Dodgers,6,54.43600402,2026-08-05T11:10Z,Chicago Cubs,7,102,102,101,-108,-108,-121,False,DraftKings,1,-106,9,,,1.5,Final,10.0,-114
SF,2026-08-05T18:35Z,401816409,TEX,2026,San Francisco Giants,0,60.95271536,2026-08-05T11:10Z,Texas Rangers,6,138,138,149,-147,-147,-181,False,DraftKings,1,-104,9,,,-1.5,Final,8.5,-116
TB,2026-08-05T19:10Z,401816411,COL,2026,Tampa Bay Rays,4,45.92710207,2026-08-05T11:10Z,Colorado Rockies,0,-147,-147,-156,138,138,129,False,DraftKings,1,-114,9,,,1.5,Final,11.0,-105
LAA,2026-08-05T22:35Z,401816399,BAL,2026,Los Angeles Angels,2,60.31320713,2026-08-05T11:10Z,Baltimore Orioles,5,126,126,119,-134,-134,-143,False,DraftKings,1,-105,9,,,-1.5,Final,8.0,-115
ATH,2026-08-05T22:40Z,401816400,CIN,2026,Athletics,2,55.22590391,2026-08-05T11:10Z,Cincinnati Reds,3,154,154,125,-164,-164,-151,False,DraftKings,1,-105,9,,,-1.5,Final,9.5,-114
NYM,2026-08-05T22:40Z,401816403,CLE,2026,New York Mets,6,53.3831941,2026-08-05T11:10Z,Cleveland Guardians,5,101,101,-121,-107,-107,101,False,DraftKings,1,-109,10,,,1.5,Final/10,7.5,-111
STL,2026-08-05T23:05Z,401816404,NYY,2026,St. Louis Cardinals,3,60.45288609,2026-08-05T11:10Z,New York Yankees,1,144,144,123,-153,-153,-149,False,DraftKings,1,-105,9,,,-1.5,Final,8.5,-115
WSH,2026-08-05T23:05Z,401816405,PHI,2026,Washington Nationals,10,52.41862008,2026-08-05T11:10Z,Philadelphia Phillies,4,175,175,135,-187,-187,-163,False,DraftKings,1,-111,11,,,-1.5,Final/11,9.5,-109
CHW,2026-08-05T23:10Z,401816401,BOS,2026,Chicago White Sox,0,60.6291967,2026-08-05T11:10Z,Boston Red Sox,4,137,137,108,-146,-146,-131,False,DraftKings,1,-117,9,,,-1.5,Final,8.0,-103
MIA,2026-08-05T23:15Z,401816402,ATL,2026,Miami Marlins,1,57.12712214,2026-08-05T11:10Z,Atlanta Braves,4,116,116,108,-123,-123,-131,False,DraftKings,1,-103,9,,,-1.5,Final,8.5,-117
PIT,2026-08-05T23:30Z,401816408,MIL,2026,Pittsburgh Pirates,2,55.58625329,2026-08-05T11:10Z,Milwaukee Brewers,4,120,120,102,-128,-128,-123,False,DraftKings,1,-106,9,,,-1.5,Final,7.0,-113
MIN,2026-08-05T23:40Z,401816407,KC,2026,Minnesota Twins,1,53.78117161,2026-08-05T11:10Z,Kansas City Royals,2,107,107,-108,-113,-113,-112,False,DraftKings,1,-118,9,,,1.5,Final,8.5,-102
DET,2026-08-06T01:40Z,401816412,SEA,2026,Detroit Tigers,2,54.92823506,2026-08-05T11:10Z,Seattle Mariners,4,136,136,123,-144,-144,-149,False,DraftKings,1,-108,9,,,-1.5,Final,7.5,-112
SD,2026-08-06T01:40Z,401816413,ARI,2026,San Diego Padres,4,46.30363348,2026-08-05T11:10Z,Arizona Diamondbacks,10,-128,-128,-108,120,120,-112,False,DraftKings,1,-111,9,,,1.5,Final,8.5,-109
LAA,2026-08-06T16:35Z,401816414,BAL,2026,Los Angeles Angels,4,69.43075598,2026-08-06T11:11Z,Baltimore Orioles,1,169,169,144,-182,-182,-175,False,DraftKings,1,-114,9,,,-1.5,Final,9.5,-106
ATH,2026-08-06T16:40Z,401816415,CIN,2026,Athletics,5,63.11404172,2026-08-06T11:11Z,Cincinnati Reds,6,153,153,150,-165,-165,-183,False,DraftKings,1,-104,9,,,-1.5,Final,9.0,-115
NYM,2026-08-06T17:10Z,401816418,CLE,2026,New York Mets,13,50.153701510000005,2026-08-06T11:11Z,Cleveland Guardians,6,114,114,100,-123,-123,-120,False,DraftKings,1,-109,9,,,-1.5,Final,7.0,-110
PIT,2026-08-06T18:10Z,401816421,MIL,2026,Pittsburgh Pirates,2,51.3093442,2026-08-06T11:11Z,Milwaukee Brewers,5,121,121,117,-129,-129,-141,False,DraftKings,1,-106,9,,,-1.5,Final,7.5,-114
TOR,2026-08-06T18:20Z,401879389,CHC,2026,Toronto Blue Jays,2,53.547502,2026-08-06T11:11Z,Chicago Cubs,3,-101,-101,-103,-106,-106,-117,False,DraftKings,1,-103,11,,,1.5,Final/11,7.5,-117
DET,2026-08-06T20:10Z,401816422,SEA,2026,Detroit Tigers,11,52.05424131,2026-08-06T11:11Z,Seattle Mariners,0,102,102,104,-110,-110,-125,False,DraftKings,1,-102,9,,,1.5,Final,8.0,-118
WSH,2026-08-06T22:05Z,401816419,PHI,2026,Washington Nationals,3,69.79798723,2026-08-06T11:11Z,Philadelphia Phillies,7,303,303,268,-332,-332,-341,False,DraftKings,1,-106,9,,,-1.5,Final,9.0,-113
CHW,2026-08-06T23:10Z,401816416,BOS,2026,Chicago White Sox,11,65.34534336,2026-08-06T11:11Z,Boston Red Sox,12,179,179,155,-193,-193,-189,False,DraftKings,1,-110,13,,,-1.5,Final/13,8.5,-110
MIA,2026-08-06T23:15Z,401816417,ATL,2026,Miami Marlins,3,63.87186191999999,2026-08-06T11:11Z,Atlanta Braves,11,153,153,134,-164,-164,-162,False,DraftKings,1,100,9,,,-1.5,Final,9.0,-120
MIN,2026-08-06T23:30Z,401816420,KC,2026,Minnesota Twins,4,57.02925998,2026-08-06T11:11Z,Kansas City Royals,3,113,113,-103,-121,-121,-117,False,DraftKings,1,-101,9,,,-1.5,Final,9.0,-119
SD,2026-08-07T01:40Z,401816423,ARI,2026,San Diego Padres,5,60.07266301000001,2026-08-06T11:11Z,Arizona Diamondbacks,1,-106,-106,-113,-101,-101,-107,False,DraftKings,1,-111,9,,,1.5,Final,9.0,-108
NYM,2026-08-07T22:40Z,401816428,PIT,2026,New York Mets,6,65.33620248000001,2026-08-07T11:11Z,Pittsburgh Pirates,4,119,119,123,-128,-128,-149,False,DraftKings,1,-103,9,,,-1.5,Final,8.5,-116
TOR,2026-08-07T22:40Z,401816429,PHI,2026,Toronto Blue Jays,5,68.71384956,2026-08-07T11:11Z,Philadelphia Phillies,4,187,187,184,-202,-202,-226,False,DraftKings,1,-118,9,,,-1.5,Final,7.5,-102
CIN,2026-08-07T22:45Z,401816427,WSH,2026,Cincinnati Reds,3,64.73352871,2026-08-07T11:11Z,Washington Nationals,5,113,113,-101,-121,-121,-119,False,DraftKings,1,-116,9,,,-1.5,Final,8.5,-104
ATL,2026-08-07T23:05Z,401816426,NYY,2026,Atlanta Braves,2,61.25047797999999,2026-08-07T11:11Z,New York Yankees,3,120,120,-118,-128,-128,-102,False,DraftKings,1,-115,10,,,-1.5,Final/10,8.0,-105
LAA,2026-08-07T23:10Z,401816424,MIA,2026,Los Angeles Angels,4,65.86227875,2026-08-07T11:11Z,Miami Marlins,3,137,137,141,-147,-147,-171,False,DraftKings,1,101,9,,,-1.5,Final,9.0,-122
ATH,2026-08-07T23:10Z,401816425,BOS,2026,Athletics,1,70.09439073,2026-08-07T11:11Z,Boston Red Sox,13,240,240,214,-260,-260,-267,False,DraftKings,1,-105,9,,,-1.5,Final,8.5,-115
CLE,2026-08-07T23:40Z,401816432,CHW,2026,Cleveland Guardians,8,43.21563723,2026-08-07T11:11Z,Chicago White Sox,2,-135,-135,-122,125,125,102,False,DraftKings,1,-115,9,,,1.5,Final,7.5,-105
MIN,2026-08-07T23:40Z,401816434,MIL,2026,Minnesota Twins,8,65.67085956999999,2026-08-07T11:11Z,Milwaukee Brewers,6,158,158,153,-170,-170,-186,False,DraftKings,1,-112,9,,,-1.5,Final,8.0,-107
CHC,2026-08-08T00:10Z,401816431,KC,2026,Chicago Cubs,6,45.81348593,2026-08-07T11:11Z,Kansas City Royals,4,-165,-165,-167,153,153,138,False,DraftKings,1,-117,9,,,1.5,Final,9.0,-103
BAL,2026-08-08T00:15Z,401816430,TEX,2026,Baltimore Orioles,1,55.294011590000004,2026-08-07T11:11Z,Texas Rangers,2,131,131,119,-140,-140,-143,False,DraftKings,1,100,9,,,-1.5,Final,7.5,-120
COL,2026-08-08T00:15Z,401816433,STL,2026,Colorado Rockies,2,66.45244338,2026-08-07T11:11Z,St. Louis Cardinals,3,158,158,129,-170,-170,-156,False,DraftKings,1,-122,9,,,-1.5,Final,8.5,101
HOU,2026-08-08T01:40Z,401816436,SD,2026,Houston Astros,6,63.32492739,2026-08-07T11:11Z,San Diego Padres,3,101,101,102,-108,-108,-122,False,DraftKings,1,-116,9,,,1.5,Final,8.5,-104
LAD,2026-08-08T01:40Z,401816437,ARI,2026,Los Angeles Dodgers,3,50.67098468,2026-08-07T11:11Z,Arizona Diamondbacks,4,-180,-180,-175,167,167,144,False,DraftKings,1,-113,9,,,1.5,Final,9.0,-107
TB,2026-08-08T01:45Z,401816438,SEA,2026,Tampa Bay Rays,2,52.34163358,2026-08-07T11:11Z,Seattle Mariners,1,101,101,-102,-108,-108,-118,False,DraftKings,1,-120,9,,,1.5,Final,6.5,100
DET,2026-08-08T02:15Z,401816435,SF,2026,Detroit Tigers,2,48.572979249999996,2026-08-07T11:11Z,San Francisco Giants,5,-142,-142,-122,132,132,101,False,DraftKings,1,-105,9,,,1.5,Final,8.5,-115
ATL,2026-08-08T19:05Z,401816441,NYY,2026,Atlanta Braves,4,39.9007625,2026-08-08T11:11Z,New York Yankees,5,-141,-141,-135,131,131,112,False,DraftKings,1,-115,9,,,1.5,Final,7.5,-105
LAA,2026-08-08T20:10Z,401816439,MIA,2026,Los Angeles Angels,0,55.186876,2026-08-08T11:10Z,Miami Marlins,7,137,137,142,-147,-147,-173,False,DraftKings,1,103,9,,,-1.5,Final,7.5,-125
ATH,2026-08-08T20:10Z,401816440,BOS,2026,Athletics,7,67.87793538,2026-08-08T11:10Z,Boston Red Sox,3,255,255,199,-277,-277,-246,False,DraftKings,1,-105,9,,,-1.5,Final,9.0,-115
TOR,2026-08-08T22:05Z,401816444,PHI,2026,Toronto Blue Jays,7,62.89868596,2026-08-08T11:11Z,Philadelphia Phillies,5,157,157,134,-168,-168,-162,False,DraftKings,1,100,11,,,-1.5,Final/11,9.5,-120
NYM,2026-08-08T22:40Z,401816443,PIT,2026,New York Mets,0,70.34044343,2026-08-08T11:11Z,Pittsburgh Pirates,9,106,106,118,-114,-114,-142,False,DraftKings,1,-121,9,,,-1.5,Final,9.0,101
CIN,2026-08-08T22:45Z,401816442,WSH,2026,Cincinnati Reds,2,53.50326116,2026-08-08T11:11Z,Washington Nationals,8,-133,-133,-142,124,124,118,False,DraftKings,1,-114,9,,,1.5,Final,8.5,-105
CHC,2026-08-08T23:10Z,401816446,KC,2026,Chicago Cubs,3,37.443887450000005,2026-08-08T11:11Z,Kansas City Royals,6,-148,-148,-167,138,138,138,False,DraftKings,1,-115,9,,,1.5,Final,9.0,-105
MIN,2026-08-08T23:10Z,401816449,MIL,2026,Minnesota Twins,3,55.79134805,2026-08-08T11:11Z,Milwaukee Brewers,4,131,131,124,-140,-140,-150,False,DraftKings,1,-113,9,,,-1.5,Final,8.0,-107
BAL,2026-08-08T23:15Z,401816445,TEX,2026,Baltimore Orioles,1,49.131198659999995,2026-08-08T11:11Z,Texas Rangers,5,131,131,118,-140,-140,-142,False,DraftKings,1,-102,9,,,-1.5,Final,7.5,-119
CLE,2026-08-08T23:15Z,401816447,CHW,2026,Cleveland Guardians,3,55.182268570000005,2026-08-08T11:10Z,Chicago White Sox,6,-123,-123,-123,114,114,102,False,DraftKings,1,-108,9,,,1.5,Final,7.0,-112
COL,2026-08-08T23:15Z,401816448,STL,2026,Colorado Rockies,8,62.25090016,2026-08-08T11:11Z,St. Louis Cardinals,6,143,143,135,-154,-154,-163,False,DraftKings,1,-112,9,,,-1.5,Final,8.5,-108
DET,2026-08-08T23:15Z,401816450,SF,2026,Detroit Tigers,8,58.50442182,2026-08-08T11:11Z,San Francisco Giants,0,-114,-114,-110,106,106,-110,False,DraftKings,1,-114,9,,,1.5,Final,8.0,-105
HOU,2026-08-08T23:15Z,401816451,SD,2026,Houston Astros,2,53.86102692,2026-08-08T11:11Z,San Diego Padres,3,108,108,104,-116,-116,-125,False,DraftKings,1,-105,9,,,1.5,Final,8.0,-115
LAD,2026-08-09T00:10Z,401816452,ARI,2026,Los Angeles Dodgers,2,39.9104546,2026-08-08T11:11Z,Arizona Diamondbacks,1,-192,-192,-173,178,178,143,False,DraftKings,1,-106,10,,,1.5,Final/10,8.5,-114
TB,2026-08-09T01:50Z,401816453,SEA,2026,Tampa Bay Rays,3,49.3395347,2026-08-08T11:10Z,Seattle Mariners,2,125,125,100,-134,-134,-120,False,DraftKings,1,-115,9,,,-1.5,Final,7.0,-105
CIN,2026-08-09T16:15Z,401816457,WSH,2026,Cincinnati Reds,1,63.30643962,2026-08-09T11:10Z,Washington Nationals,7,102,102,-112,-110,-110,-108,False,DraftKings,1,-101,9,,,1.5,Final,9.5,-119
ATH,2026-08-09T17:35Z,401816455,BOS,2026,Athletics,4,63.04909276,2026-08-09T11:10Z,Boston Red Sox,3,195,195,209,-211,-211,-259,False,DraftKings,1,-117,9,,,-1.5,Final,9.0,-103
ATL,2026-08-09T17:35Z,401816456,NYY,2026,Atlanta Braves,2,62.60146817,2026-08-09T11:10Z,New York Yankees,1,131,131,124,-141,-141,-150,False,DraftKings,1,-108,10,,,-1.5,Final/10,8.5,-112
NYM,2026-08-09T17:35Z,401816458,PIT,2026,New York Mets,11,58.80505212,2026-08-09T11:10Z,Pittsburgh Pirates,1,130,130,104,-140,-140,-125,False,DraftKings,1,-115,9,,,-1.5,Final,8.0,-105
TOR,2026-08-09T17:35Z,401816459,PHI,2026,Toronto Blue Jays,6,68.54421154,2026-08-09T11:10Z,Philadelphia Phillies,7,217,217,163,-235,-235,-199,False,DraftKings,1,-109,12,,,-1.5,Final/12,8.5,-110
LAA,2026-08-09T17:40Z,401816454,MIA,2026,Los Angeles Angels,3,63.71461492,2026-08-09T11:10Z,Miami Marlins,12,137,137,125,-147,-147,-151,False,DraftKings,1,-104,9,,,-1.5,Final,8.5,-116
CHC,2026-08-09T18:10Z,401816461,KC,2026,Chicago Cubs,10,43.72397918,2026-08-09T11:10Z,Kansas City Royals,2,-158,-158,-178,147,147,147,False,DraftKings,1,-103,9,,,1.5,Final,10.5,-117
CLE,2026-08-09T18:10Z,401816462,CHW,2026,Cleveland Guardians,3,54.94968817,2026-08-09T11:10Z,Chicago White Sox,5,-125,-125,102,116,116,-123,False,DraftKings,1,-107,9,,,1.5,Final,8.5,-112
MIN,2026-08-09T18:10Z,401816464,MIL,2026,Minnesota Twins,3,76.28674386,2026-08-09T11:10Z,Milwaukee Brewers,4,238,238,200,-258,-258,-247,False,DraftKings,1,-121,10,,,-1.5,Final/10,7.0,100
COL,2026-08-09T18:15Z,401816463,STL,2026,Colorado Rockies,4,66.93174202,2026-08-09T11:10Z,St. Louis Cardinals,7,147,147,142,-158,-158,-173,False,DraftKings,1,-119,9,,,-1.5,Final,9.0,-101
BAL,2026-08-09T18:35Z,401816460,TEX,2026,Baltimore Orioles,10,52.18665116,2026-08-09T11:10Z,Texas Rangers,5,116,116,121,-124,-124,-146,False,DraftKings,1,-116,9,,,-1.5,Final,8.0,-104
DET,2026-08-09T20:05Z,401816465,SF,2026,Detroit Tigers,3,51.01567262,2026-08-09T11:10Z,San Francisco Giants,1,-125,-125,-116,116,116,-104,False,DraftKings,1,-108,10,,,1.5,Final/10,7.5,-112
LAD,2026-08-09T20:10Z,401816467,ARI,2026,Los Angeles Dodgers,2,46.98266333,2026-08-09T11:10Z,Arizona Diamondbacks,4,-134,-134,-131,125,125,108,False,DraftKings,1,-118,9,,,1.5,Final,8.5,-102
TB,2026-08-09T20:10Z,401816468,SEA,2026,Tampa Bay Rays,4,50.711473100000006,2026-08-09T11:10Z,Seattle Mariners,1,-104,-104,107,-104,-104,-115,False,DraftKings,1,104,9,,,1.5,Final,7.5,-126
HOU,2026-08-10T00:20Z,401816466,SD,2026,Houston Astros,2,54.95690922000001,2026-08-09T11:10Z,San Diego Padres,7,103,103,104,-111,-111,-126,False,DraftKings,1,-113,9,,,1.5,Final,9.0,-107
BOS,2026-08-10T23:07Z,401816469,TOR,2026,Boston Red Sox,1,33.43454838,2026-08-10T11:10Z,Toronto Blue Jays,2,-162,-162,-173,151,151,142,False,DraftKings,1,-115,9,,,1.5,Final,8.0,-105
NYM,2026-08-10T23:15Z,401816470,ATL,2026,New York Mets,8,59.903167440000004,2026-08-10T11:10Z,Atlanta Braves,5,127,127,130,-136,-136,-157,False,DraftKings,1,-108,9,,,-1.5,Final,8.5,-112
BAL,2026-08-10T23:40Z,401816471,MIN,2026,Baltimore Orioles,5,46.732618609999996,2026-08-10T11:10Z,Minnesota Twins,9,-101,-101,-113,-106,-106,-107,False,DraftKings,1,-112,9,,,1.5,Final,8.5,-107
PHI,2026-08-10T23:45Z,401816472,STL,2026,Philadelphia Phillies,6,63.33261164,2026-08-10T11:10Z,St. Louis Cardinals,5,-113,-113,-111,105,105,-109,False,DraftKings,1,-110,9,,,1.5,Final,9.0,-110
TEX,2026-08-11T01:38Z,401816478,LAA,2026,Texas Rangers,4,56.330340199999995,2026-08-10T11:10Z,Los Angeles Angels,1,-106,-106,-125,-101,-101,104,False,DraftKings,1,-110,10,,,1.5,Final/10,7.5,-110
COL,2026-08-11T01:40Z,401816473,ARI,2026,Colorado Rockies,0,63.439136829999995,2026-08-10T11:10Z,Arizona Diamondbacks,9,194,194,141,-209,-209,-171,False,DraftKings,1,-114,9,,,-1.5,Final,8.5,-105
MIL,2026-08-11T01:40Z,401816476,SD,2026,Milwaukee Brewers,2,43.19506719,2026-08-10T11:10Z,San Diego Padres,3,-121,-121,-110,113,113,-110,False,DraftKings,1,-112,9,,,1.5,Final,7.0,-108
TB,2026-08-11T01:40Z,401816477,ATH,2026,Tampa Bay Rays,10,49.379796320000004,2026-08-10T11:10Z,Athletics,6,-154,-154,-156,143,143,129,False,DraftKings,1,-105,9,,,1.5,Final,10.0,-114
HOU,2026-08-11T01:45Z,401816474,SF,2026,Houston Astros,6,41.66377058,2026-08-10T11:10Z,San Francisco Giants,3,-140,-140,-156,130,130,129,False,DraftKings,1,-119,10,,,1.5,Final/10,8.0,-102
KC,2026-08-11T02:10Z,401816475,LAD,2026,Kansas City Royals,5,78.81904285,2026-08-10T11:10Z,Los Angeles Dodgers,6,259,259,235,-282,-282,-295,False,DraftKings,1,104,9,,,-1.5,Final,7.5,-125
CLE,2026-08-11T22:40Z,401816481,DET,2026,Cleveland Guardians,4,56.971839270000004,2026-08-11T11:10Z,Detroit Tigers,6,131,131,107,-140,-140,-129,False,DraftKings,1,-105,9,,,-1.5,Final,8.5,-115
PIT,2026-08-11T22:40Z,401816483,MIA,2026,Pittsburgh Pirates,0,48.0224099,2026-08-11T11:10Z,Miami Marlins,2,-111,-111,-120,103,103,100,False,DraftKings,1,-105,9,,,1.5,Final,7.0,-115
CHC,2026-08-11T22:45Z,401816480,WSH,2026,Chicago Cubs,8,42.50737227,2026-08-11T11:10Z,Washington Nationals,6,-167,-167,-171,155,155,141,False,DraftKings,1,-112,9,,,1.5,Final,9.0,-108
SEA,2026-08-11T23:05Z,401816484,NYY,2026,Seattle Mariners,1,61.55466534,2026-08-11T11:10Z,New York Yankees,4,120,120,113,-129,-129,-136,False,DraftKings,1,-106,9,,,-1.5,Final,8.0,-114
BOS,2026-08-11T23:07Z,401816479,TOR,2026,Boston Red Sox,3,59.72015390999999,2026-08-11T11:10Z,Toronto Blue Jays,5,120,120,113,-129,-129,-136,False,DraftKings,1,-125,9,,,-1.5,Final,6.5,104
NYM,2026-08-11T23:15Z,401816482,ATL,2026,New York Mets,0,57.99846749,2026-08-11T11:10Z,Atlanta Braves,4,111,111,109,-119,-119,-131,False,DraftKings,1,-108,9,,,-1.5,Final,8.5,-112
BAL,2026-08-11T23:40Z,401816485,MIN,2026,Baltimore Orioles,5,52.39168743,2026-08-11T11:10Z,Minnesota Twins,2,102,102,100,-109,-109,-120,False,DraftKings,1,-111,9,,,1.5,Final,9.0,-108
CIN,2026-08-11T23:40Z,401816486,CHW,2026,Cincinnati Reds,5,62.156378329999995,2026-08-11T11:10Z,Chicago White Sox,4,138,138,125,-148,-148,-151,False,DraftKings,1,-112,10,,,-1.5,Final/10,7.5,-108
PHI,2026-08-11T23:45Z,401816487,STL,2026,Philadelphia Phillies,0,42.24800823,2026-08-11T11:10Z,St. Louis Cardinals,2,-159,-159,-168,148,148,139,False,DraftKings,1,-114,9,,,1.5,Final,7.5,-106
TEX,2026-08-12T01:38Z,401816493,LAA,2026,Texas Rangers,2,44.12941873,2026-08-11T11:10Z,Los Angeles Angels,3,-142,-142,-143,132,132,119,False,DraftKings,1,-115,9,,,1.5,Final,9.0,-105
COL,2026-08-12T01:40Z,401816488,ARI,2026,Colorado Rockies,3,59.81834155,2026-08-11T11:10Z,Arizona Diamondbacks,2,153,153,144,-165,-165,-175,False,DraftKings,1,101,9,,,-1.5,Final,9.5,-122
MIL,2026-08-12T01:40Z,401816491,SD,2026,Milwaukee Brewers,2,36.293160549999996,2026-08-11T11:10Z,San Diego Padres,11,-126,-126,-143,118,118,119,False,DraftKings,1,-105,9,,,1.5,Final,7.5,-115
TB,2026-08-12T01:40Z,401816492,ATH,2026,Tampa Bay Rays,12,40.08751112,2026-08-11T11:10Z,Athletics,4,-182,-182,-163,169,169,135,False,DraftKings,1,-107,9,,,1.5,Final,10.5,-113
HOU,2026-08-12T01:45Z,401816489,SF,2026,Houston Astros,1,32.323963160000005,2026-08-11T11:10Z,San Francisco Giants,4,-187,-187,-199,173,173,163,False,DraftKings,1,-107,9,,,1.5,Final,8.0,-112
KC,2026-08-12T02:10Z,401816490,LAD,2026,Kansas City Royals,4,68.53936148000001,2026-08-11T11:10Z,Los Angeles Dodgers,5,250,250,219,-272,-272,-274,False,DraftKings,1,-114,10,,,-1.5,Final/10,8.0,-105
BAL,2026-08-12T17:40Z,401816500,MIN,2026,Baltimore Orioles,5,49.94423353,2026-08-12T11:10Z,Minnesota Twins,7,-105,-105,100,-103,-103,-120,False,DraftKings,1,-101,9,,,1.5,Final,9.0,-119
PHI,2026-08-12T18:15Z,401816502,STL,2026,Philadelphia Phillies,1,48.91324186,2026-08-12T11:10Z,St. Louis Cardinals,7,-163,-163,-156,151,151,129,False,DraftKings,1,-103,9,,,1.5,Final,8.0,-117
TB,2026-08-12T19:05Z,401816507,ATH,2026,Tampa Bay Rays,8,33.87346229,2026-08-12T11:10Z,Athletics,4,-222,-222,-193,205,205,159,False,DraftKings,1,-113,9,,,1.5,Final,9.0,-107
COL,2026-08-12T19:40Z,401816503,ARI,2026,Colorado Rockies,6,62.16591684,2026-08-12T11:10Z,Arizona Diamondbacks,4,157,157,147,-168,-168,-178,False,DraftKings,1,-118,9,,,-1.5,Final,9.0,-102
HOU,2026-08-12T19:45Z,401816504,SF,2026,Houston Astros,2,45.640511509999996,2026-08-12T11:10Z,San Francisco Giants,1,-147,-147,-143,137,137,118,False,DraftKings,1,-102,9,,,1.5,Final,8.5,-118
MIL,2026-08-12T20:10Z,401816506,SD,2026,Milwaukee Brewers,3,57.392982,2026-08-12T11:10Z,San Diego Padres,4,-120,-120,-125,112,112,104,False,DraftKings,1,-113,11,,,1.5,Final/11,8.0,-107
CLE,2026-08-12T22:40Z,401816496,DET,2026,Cleveland Guardians,6,58.75578074,2026-08-12T11:10Z,Detroit Tigers,4,116,116,111,-124,-124,-134,False,DraftKings,1,-113,9,,,-1.5,Final,8.0,-106
PIT,2026-08-12T22:40Z,401816498,MIA,2026,Pittsburgh Pirates,2,47.29304711,2026-08-12T11:10Z,Miami Marlins,8,108,108,100,-116,-116,-120,False,DraftKings,1,-112,9,,,-1.5,Final,8.0,-108
CHC,2026-08-12T22:45Z,401816495,WSH,2026,Chicago Cubs,12,46.91585204,2026-08-12T11:10Z,Washington Nationals,6,-153,-153,-163,143,143,135,False,DraftKings,1,-115,9,,,1.5,Final,9.5,-105
SEA,2026-08-12T23:00Z,401816499,NYY,2026,Seattle Mariners,5,61.75340578,2026-08-12T11:10Z,New York Yankees,10,120,120,104,-128,-128,-125,False,DraftKings,1,-105,9,,,-1.5,Final,8.5,-114
BOS,2026-08-12T23:07Z,401816494,TOR,2026,Boston Red Sox,4,46.35205837,2026-08-12T11:10Z,Toronto Blue Jays,6,-129,-129,-131,120,120,108,False,DraftKings,1,-120,9,,,1.5,Final,7.0,-101
NYM,2026-08-12T23:15Z,401816497,ATL,2026,New York Mets,3,59.17701005,2026-08-12T11:10Z,Atlanta Braves,6,158,158,130,-170,-170,-157,False,DraftKings,1,-120,9,,,-1.5,Final,8.5,-101
CIN,2026-08-12T23:40Z,401816501,CHW,2026,Cincinnati Reds,0,60.975072139999995,2026-08-12T11:10Z,Chicago White Sox,5,132,132,119,-142,-142,-144,False,DraftKings,1,-123,9,,,-1.5,Final,8.5,102
TEX,2026-08-13T02:00Z,401816508,LAA,2026,Texas Rangers,2,50.672854810000004,2026-08-12T11:10Z,Los Angeles Angels,5,-124,-124,-136,116,116,113,False,DraftKings,1,102,9,,,1.5,Final,9.0,-122
KC,2026-08-13T02:10Z,401816505,LAD,2026,Kansas City Royals,2,64.38896453000001,2026-08-12T11:10Z,Los Angeles Dodgers,4,201,201,196,-217,-217,-242,False,DraftKings,1,-110,9,,,-1.5,Final,9.0,-110
CLE,2026-08-13T17:10Z,401816511,DET,2026,Cleveland Guardians,0,51.60765403999999,2026-08-13T11:10Z,Detroit Tigers,3,-108,-108,-120,101,101,100,False,DraftKings,1,-107,9,,,1.5,Final,8.0,-112
PIT,2026-08-13T17:10Z,401816512,MIA,2026,Pittsburgh Pirates,13,50.91842173,2026-08-13T11:10Z,Miami Marlins,1,-117,-117,-125,109,109,104,False,DraftKings,1,-107,9,,,1.5,Final,8.0,-112
CIN,2026-08-13T17:10Z,401816514,CHW,2026,Cincinnati Reds,9,56.26421706,2026-08-13T11:10Z,Chicago White Sox,8,125,125,113,-135,-135,-136,False,DraftKings,1,-105,9,,,-1.5,Final,8.5,-115
SEA,2026-08-13T17:35Z,401816513,NYY,2026,Seattle Mariners,1,65.40720891000001,2026-08-13T11:10Z,New York Yankees,0,152,152,125,-163,-163,-151,False,DraftKings,1,-107,9,,,-1.5,Final,7.5,-112
BOS,2026-08-13T19:07Z,401816509,TOR,2026,Boston Red Sox,7,37.7912606,2026-08-13T11:10Z,Toronto Blue Jays,0,-136,-136,-157,126,126,130,False,DraftKings,1,-112,9,,,1.5,Final,7.5,-107
CHC,2026-08-13T20:05Z,401816510,WSH,2026,Chicago Cubs,0,52.57890997,2026-08-13T11:10Z,Washington Nationals,7,-141,-141,-138,131,131,115,False,DraftKings,1,-112,9,,,1.5,Final,8.5,-107
PHI,2026-08-13T23:30Z,401816525,MIN,2026,Philadelphia Phillies,7,57.565643619999996,2026-08-13T11:10Z,Minnesota Twins,1,-104,-104,-102,-104,-104,-118,True,DraftKings,1,-101,9,,,1.5,Final,9.0,-119
TEX,2026-08-14T02:07Z,401816516,LAA,2026,Texas Rangers,0,53.75498322,2026-08-13T11:10Z,Los Angeles Angels,7,-146,-146,-162,136,136,134,False,DraftKings,1,-123,9,,,1.5,Final,7.0,102
MIL,2026-08-14T02:10Z,401816515,LAD,2026,Milwaukee Brewers,5,52.85567927,2026-08-13T11:10Z,Los Angeles Dodgers,4,131,131,113,-140,-140,-136,False,DraftKings,1,-108,9,,,-1.5,Final,8.0,-112
STL,2026-08-14T18:20Z,401816527,CHC,2026,St. Louis Cardinals,0,69.16717514,2026-08-14T11:10Z,Chicago Cubs,3,168,168,150,-180,-180,-183,False,DraftKings,1,-106,9,,,-1.5,Final,8.0,-114
MIA,2026-08-14T22:10Z,401816521,CIN,2026,Miami Marlins,0,60.10103456,2026-08-14T11:10Z,Cincinnati Reds,1,105,105,-105,-113,-113,-115,False,DraftKings,1,-118,9,,,1.5,Final,7.5,-102
BOS,2026-08-14T22:40Z,401816519,PIT,2026,Boston Red Sox,4,57.38143346,2026-08-14T11:10Z,Pittsburgh Pirates,8,-113,-113,-136,105,105,113,False,DraftKings,1,-102,9,,,1.5,Final,8.0,-118
CHW,2026-08-14T22:40Z,401816520,DET,2026,Chicago White Sox,9,43.315011930000004,2026-08-14T11:10Z,Detroit Tigers,5,124,124,130,-134,-134,-157,False,DraftKings,1,-108,9,,,-1.5,Final,8.5,-112
BAL,2026-08-14T23:10Z,401816518,TB,2026,Baltimore Orioles,6,47.107302960000005,2026-08-14T11:10Z,Tampa Bay Rays,5,138,138,135,-148,-148,-163,False,DraftKings,1,-116,9,,,-1.5,Final,8.0,-104
SD,2026-08-14T23:10Z,401816523,CLE,2026,San Diego Padres,7,49.84339868,2026-08-14T11:10Z,Cleveland Guardians,5,111,111,109,-119,-119,-131,False,DraftKings,1,-118,9,,,-1.5,Final,7.0,-102
WSH,2026-08-14T23:10Z,401816524,NYM,2026,Washington Nationals,1,34.32967845,2026-08-14T11:10Z,New York Mets,4,106,106,104,-114,-114,-126,False,DraftKings,1,-116,9,,,-1.5,Final,8.5,-104
ARI,2026-08-14T23:15Z,401816517,ATL,2026,Arizona Diamondbacks,2,70.92490869,2026-08-14T11:10Z,Atlanta Braves,0,177,177,169,-191,-191,-207,False,DraftKings,1,-110,9,,,-1.5,Final,8.0,-110
NYY,2026-08-14T23:15Z,401816522,TOR,2026,New York Yankees,1,42.737109249999996,2026-08-14T11:10Z,Toronto Blue Jays,3,-147,-147,-156,137,137,129,False,DraftKings,1,-119,9,,,1.5,Final,7.5,-101
SEA,2026-08-15T00:10Z,401816526,HOU,2026,Seattle Mariners,7,61.38938427,2026-08-14T11:10Z,Houston Astros,10,111,111,108,-119,-119,-131,False,DraftKings,1,-112,10,,,-1.5,Final/10,8.0,-107
KC,2026-08-15T01:38Z,401816529,LAA,2026,Kansas City Royals,7,49.200476720000005,2026-08-14T11:10Z,Los Angeles Angels,6,-105,-105,-108,-103,-103,-112,False,DraftKings,1,-108,9,,,1.5,Final,8.5,-112
TEX,2026-08-15T01:40Z,401816531,ATH,2026,Texas Rangers,3,53.34125993999999,2026-08-14T11:10Z,Athletics,8,-119,-119,-105,111,111,-114,False,DraftKings,1,-110,9,,,1.5,Final,9.5,-110
MIL,2026-08-15T02:10Z,401816530,LAD,2026,Milwaukee Brewers,1,71.1116484,2026-08-14T11:10Z,Los Angeles Dodgers,3,161,161,147,-173,-173,-178,False,DraftKings,1,-112,9,,,-1.5,Final,7.5,-108
COL,2026-08-15T02:15Z,401816528,SF,2026,Colorado Rockies,5,63.870389679999995,2026-08-14T11:10Z,San Francisco Giants,2,125,125,107,-135,-135,-129,False,DraftKings,1,-108,9,,,-1.5,Final,7.5,-112
CHW,2026-08-15T17:10Z,401816535,DET,2026,Chicago White Sox,4,63.07235966,2026-08-15T11:10Z,Detroit Tigers,3,137,137,136,-147,-147,-164,False,DraftKings,1,-103,9,,,-1.5,Final,8.0,-117
STL,2026-08-15T18:20Z,401816542,CHC,2026,St. Louis Cardinals,8,66.13023744,2026-08-15T11:10Z,Chicago Cubs,4,168,168,147,-181,-181,-178,False,DraftKings,1,-110,9,,,-1.5,Final,9.0,-109
NYY,2026-08-15T19:07Z,401816537,TOR,2026,New York Yankees,1,40.35369406,2026-08-15T11:10Z,Toronto Blue Jays,4,-187,-187,-171,173,173,141,False,DraftKings,1,-114,9,,,1.5,Final,7.0,-105
COL,2026-08-15T20:05Z,401816543,SF,2026,Colorado Rockies,1,70.68231247,2026-08-15T11:10Z,San Francisco Giants,7,155,155,147,-167,-167,-178,False,DraftKings,1,-114,9,,,-1.5,Final,7.5,-106
WSH,2026-08-15T20:10Z,401816539,NYM,2026,Washington Nationals,4,51.66903317,2026-08-15T11:10Z,New York Mets,5,126,126,119,-135,-135,-143,False,DraftKings,1,-117,9,,,-1.5,Final,7.5,-103
BAL,2026-08-15T22:10Z,401816533,TB,2026,Baltimore Orioles,4,51.51885346,2026-08-15T11:10Z,Tampa Bay Rays,3,131,131,125,-141,-141,-151,False,DraftKings,1,102,10,,,-1.5,Final/10,7.5,-123
MIA,2026-08-15T22:40Z,401816536,CIN,2026,Miami Marlins,8,54.71871236,2026-08-15T11:10Z,Cincinnati Reds,4,-102,-102,-105,-105,-105,-115,False,DraftKings,1,-110,9,,,1.5,Final,9.0,-110
SD,2026-08-15T23:10Z,401816538,CLE,2026,San Diego Padres,1,55.86083492,2026-08-15T11:10Z,Cleveland Guardians,6,-101,-101,100,-106,-106,-121,False,DraftKings,1,-112,9,,,1.5,Final,8.5,-107
PHI,2026-08-15T23:10Z,401816540,MIN,2026,Philadelphia Phillies,9,45.49345243,2026-08-15T11:10Z,Minnesota Twins,1,-133,-133,-155,123,123,128,False,DraftKings,1,-115,9,,,1.5,Final,8.0,-105
SEA,2026-08-15T23:10Z,401816541,HOU,2026,Seattle Mariners,10,59.64440928,2026-08-15T11:10Z,Houston Astros,5,111,111,108,-119,-119,-131,False,DraftKings,1,-108,9,,,-1.5,Final,8.5,-112
ARI,2026-08-15T23:15Z,401816532,ATL,2026,Arizona Diamondbacks,10,56.87387673999999,2026-08-15T11:10Z,Atlanta Braves,3,123,123,144,-133,-133,-175,False,DraftKings,1,-109,9,,,-1.5,Final,9.0,-111
BOS,2026-08-15T23:15Z,401816534,PIT,2026,Boston Red Sox,4,44.53493667,2026-08-15T11:10Z,Pittsburgh Pirates,0,-119,-119,-125,111,111,104,False,DraftKings,1,-115,9,,,1.5,Final,7.5,-105
MIL,2026-08-15T23:15Z,401816545,LAD,2026,Milwaukee Brewers,4,50.32799635000001,2026-08-15T11:10Z,Los Angeles Dodgers,1,-122,-122,-136,114,114,113,False,DraftKings,1,-105,9,,,1.5,Final,7.5,-115
KC,2026-08-16T01:38Z,401816544,LAA,2026,Kansas City Royals,0,57.03096014,2026-08-15T11:10Z,Los Angeles Angels,1,142,142,123,-153,-153,-149,False,DraftKings,1,-102,9,,,-1.5,Final,8.0,-118
TEX,2026-08-16T01:40Z,401816546,ATH,2026,Texas Rangers,5,55.58716426,2026-08-15T11:10Z,Athletics,3,-154,-154,-131,143,143,108,False,DraftKings,1,101,9,,,1.5,Final,9.5,-122
BAL,2026-08-16T16:15Z,401816548,TB,2026,Baltimore Orioles,10,48.77230493,2026-08-16T11:10Z,Tampa Bay Rays,2,126,126,121,-136,-136,-146,False,DraftKings,1,-119,9,,,-1.5,Final,7.0,-102
ARI,2026-08-16T17:35Z,401816547,ATL,2026,Arizona Diamondbacks,3,53.199655990000004,2026-08-16T11:10Z,Atlanta Braves,5,112,112,108,-120,-120,-131,False,DraftKings,1,-114,9,,,-1.5,Final,9.0,-105
BOS,2026-08-16T17:35Z,401816549,PIT,2026,Boston Red Sox,3,57.994591250000006,2026-08-16T11:10Z,Pittsburgh Pirates,8,-105,-105,100,-102,-102,-120,False,DraftKings,1,-115,9,,,1.5,Final,8.0,-105
NYY,2026-08-16T17:37Z,401816552,TOR,2026,New York Yankees,4,55.669322740000005,2026-08-16T11:10Z,Toronto Blue Jays,3,110,110,101,-118,-118,-122,False,DraftKings,1,-121,10,,,-1.5,Final/10,6.5,101
CHW,2026-08-16T17:40Z,401816550,DET,2026,Chicago White Sox,7,50.70899059,2026-08-16T11:10Z,Detroit Tigers,5,105,105,-109,-113,-113,-111,False,DraftKings,1,-108,9,,,1.5,Final,8.0,-111
MIA,2026-08-16T17:40Z,401816551,CIN,2026,Miami Marlins,7,47.04088889,2026-08-16T11:10Z,Cincinnati Reds,1,-118,-118,-125,110,110,104,False,DraftKings,1,-102,9,,,1.5,Final,8.5,-119
SD,2026-08-16T17:40Z,401816553,CLE,2026,San Diego Padres,5,48.61091498,2026-08-16T11:10Z,Cleveland Guardians,0,-105,-105,-113,-103,-103,-107,False,DraftKings,1,-114,9,,,1.5,Final,8.0,-106
WSH,2026-08-16T17:40Z,401816554,NYM,2026,Washington Nationals,3,62.01537809999999,2026-08-16T11:10Z,New York Mets,4,148,148,138,-160,-160,-167,False,DraftKings,1,-113,9,,,-1.5,Final,8.5,-107
PHI,2026-08-16T18:10Z,401816555,MIN,2026,Philadelphia Phillies,7,59.89702896,2026-08-16T11:10Z,Minnesota Twins,5,-108,-108,-115,101,101,-105,False,DraftKings,1,-102,9,,,1.5,Final,9.5,-118
STL,2026-08-16T19:00Z,401816557,CHC,2026,St. Louis Cardinals,11,60.74652332,2026-08-16T11:10Z,Chicago Cubs,4,163,163,130,-176,-176,-157,False,DraftKings,1,-104,9,,,-1.5,Final,9.0,-115
COL,2026-08-16T20:05Z,401816558,SF,2026,Colorado Rockies,13,49.83819664,2026-08-16T11:10Z,San Francisco Giants,7,116,116,111,-124,-124,-134,False,DraftKings,1,-106,9,,,-1.5,Final,8.0,-114
TEX,2026-08-16T20:05Z,401816561,ATH,2026,Texas Rangers,2,51.60111784,2026-08-16T11:10Z,Athletics,5,-118,-118,-138,110,110,115,False,DraftKings,1,101,9,,,1.5,Final,9.5,-121
KC,2026-08-16T20:07Z,401816559,LAA,2026,Kansas City Royals,3,46.9082593,2026-08-16T11:10Z,Los Angeles Angels,0,-117,-117,-131,109,109,108,False,DraftKings,1,-110,9,,,1.5,Final,8.5,-110
MIL,2026-08-16T20:10Z,401816560,LAD,2026,Milwaukee Brewers,6,60.696139370000004,2026-08-16T11:10Z,Los Angeles Dodgers,2,169,169,138,-182,-182,-167,False,DraftKings,1,101,9,,,-1.5,Final,7.5,-122
SEA,2026-08-16T23:20Z,401816556,HOU,2026,Seattle Mariners,3,65.16751886,2026-08-16T11:10Z,Houston Astros,2,111,111,111,-119,-119,-134,False,DraftKings,1,-102,9,,,-1.5,Final,8.0,-118
STL,2026-08-17T17:40Z,401873710,CIN,2026,St. Louis Cardinals,2,52.95933479,2026-08-17T11:10Z,Cincinnati Reds,1,-109,-109,-109,101,101,101,False,DraftKings,1,-102,9,,,1.5,Final,9.5,-118
BAL,2026-08-17T22:05Z,401816563,TB,2026,Baltimore Orioles,6,57.29897221,2026-08-17T11:10Z,Tampa Bay Rays,7,150,150,134,-161,-161,-162,False,DraftKings,1,-117,9,,,-1.5,Final,7.5,-103
MIA,2026-08-17T22:40Z,401816565,PHI,2026,Miami Marlins,5,66.98977081000001,2026-08-17T11:10Z,Philadelphia Phillies,6,232,232,150,-252,-252,-183,False,DraftKings,1,-105,9,,,-1.5,Final,8.5,-115
STL,2026-08-17T22:40Z,401816567,CIN,2026,St. Louis Cardinals,5,45.598872039999996,2026-08-17T11:10Z,Cincinnati Reds,6,-112,-112,-119,104,104,111,False,DraftKings,1,-109,10,,,1.5,Final/10,9.0,-111
DET,2026-08-17T23:00Z,401816564,PIT,2026,Detroit Tigers,8,60.12598574,2026-08-17T11:10Z,Pittsburgh Pirates,5,-105,-105,-120,-103,-103,100,False,DraftKings,1,-110,9,,,1.5,Final,8.5,-110
ARI,2026-08-17T23:10Z,401816562,BOS,2026,Arizona Diamondbacks,1,57.58774553,2026-08-17T11:10Z,Boston Red Sox,11,125,125,129,-134,-134,-156,False,DraftKings,1,102,9,,,-1.5,Final,9.0,-122
SD,2026-08-17T23:10Z,401816566,NYM,2026,San Diego Padres,1,67.7198607,2026-08-17T11:10Z,New York Mets,2,110,110,108,-118,-118,-131,False,DraftKings,1,-112,9,,,-1.5,Final,7.5,-108
ATH,2026-08-17T23:40Z,401816568,KC,2026,Athletics,5,64.2852112,2026-08-17T11:10Z,Kansas City Royals,9,168,168,155,-181,-181,-189,False,DraftKings,1,-105,9,,,-1.5,Final,9.0,-115
ATL,2026-08-17T23:40Z,401816581,MIN,2026,Atlanta Braves,2,46.68971569,2026-08-18T11:10Z,Minnesota Twins,4,-131,-131,-131,122,122,108,False,DraftKings,1,-118,9,,,1.5,Final,9.0,-102
CHW,2026-08-18T00:05Z,401816569,CHC,2026,Chicago White Sox,5,62.989887069999995,2026-08-17T11:10Z,Chicago Cubs,7,145,145,142,-155,-155,-173,False,DraftKings,1,-114,10,,,-1.5,Final/10,8.0,-106
LAD,2026-08-18T00:40Z,401816570,COL,2026,Los Angeles Dodgers,11,39.02364966,2026-08-17T11:10Z,Colorado Rockies,5,-283,-283,-245,260,260,198,False,DraftKings,1,-101,9,,,1.5,Final,11.0,-119
NYY,2026-08-18T22:35Z,401816574,BAL,2026,New York Yankees,3,50.34866026,2026-08-18T11:10Z,Baltimore Orioles,1,-106,-106,-110,-101,-101,-110,False,DraftKings,1,-112,9,,,1.5,Final,8.5,-107
DET,2026-08-18T22:40Z,401816572,PIT,2026,Detroit Tigers,1,60.072847890000006,2026-08-18T11:10Z,Pittsburgh Pirates,4,142,142,113,-153,-153,-136,False,DraftKings,1,-114,9,,,-1.5,Final,8.0,-105
MIA,2026-08-18T22:40Z,401816573,PHI,2026,Miami Marlins,4,67.39641686,2026-08-18T11:10Z,Philadelphia Phillies,6,195,195,199,-211,-211,-246,False,DraftKings,1,-116,9,,,-1.5,Final,8.0,-104
SF,2026-08-18T22:40Z,401816576,CLE,2026,San Francisco Giants,1,67.49872719,2026-08-18T11:10Z,Cleveland Guardians,8,178,178,144,-192,-192,-175,False,DraftKings,1,-112,9,,,-1.5,Final,8.0,-107
STL,2026-08-18T22:40Z,401816577,CIN,2026,St. Louis Cardinals,3,47.34334055,2026-08-18T11:10Z,Cincinnati Reds,0,-115,-115,-115,107,107,-105,False,DraftKings,1,-102,9,,,1.5,Final,9.0,-119
TOR,2026-08-18T22:40Z,401816578,TB,2026,Toronto Blue Jays,10,61.599767699999994,2026-08-18T11:10Z,Tampa Bay Rays,5,120,120,129,-129,-129,-156,False,DraftKings,1,-103,9,,,-1.5,Final,7.5,-117
ARI,2026-08-18T23:10Z,401816571,BOS,2026,Arizona Diamondbacks,4,65.51902816,2026-08-18T11:10Z,Boston Red Sox,9,148,148,139,-159,-159,-168,False,DraftKings,1,-113,9,,,-1.5,Final,7.5,-107
SD,2026-08-18T23:10Z,401816575,NYM,2026,San Diego Padres,5,50.614684870000005,2026-08-18T11:10Z,New York Mets,2,-116,-116,-118,108,108,-102,False,DraftKings,1,-112,9,,,1.5,Final,8.5,-108
ATH,2026-08-18T23:40Z,401816580,KC,2026,Athletics,3,65.66186426,2026-08-18T11:10Z,Kansas City Royals,4,143,143,113,-154,-154,-136,False,DraftKings,1,-110,9,,,-1.5,Final,9.0,-110
SEA,2026-08-18T23:40Z,401816583,MIL,2026,Seattle Mariners,0,70.52407522,2026-08-18T11:10Z,Milwaukee Brewers,22,153,153,135,-165,-165,-163,False,DraftKings,1,-115,9,,,-1.5,Final,7.5,-105
ATL,2026-08-18T23:40Z,401816596,MIN,2026,Atlanta Braves,1,51.44026023,2026-08-19T11:10Z,Minnesota Twins,4,-147,-147,-134,137,137,111,False,DraftKings,1,-111,9,,,1.5,Final,9.0,-108
CHW,2026-08-19T00:05Z,401816582,CHC,2026,Chicago White Sox,3,60.12334729,2026-08-18T11:10Z,Chicago Cubs,4,158,158,144,-170,-170,-175,False,DraftKings,1,100,9,,,-1.5,Final,9.5,-120
WSH,2026-08-19T00:05Z,401816584,TEX,2026,Washington Nationals,0,49.950124169999995,2026-08-18T11:10Z,Texas Rangers,5,127,127,134,-136,-136,-162,False,DraftKings,1,-115,9,,,-1.5,Final,7.5,-104
LAA,2026-08-19T00:10Z,401816579,HOU,2026,Los Angeles Angels,3,60.800539490000006,2026-08-18T11:10Z,Houston Astros,1,152,152,144,-163,-163,-175,False,DraftKings,1,-119,9,,,-1.5,Final,9.0,-101
LAD,2026-08-19T00:40Z,401816585,COL,2026,Los Angeles Dodgers,7,42.04983412,2026-08-18T11:10Z,Colorado Rockies,6,-193,-193,-173,179,179,142,False,DraftKings,1,-115,9,,,1.5,Final,11.5,-105
DET,2026-08-19T16:35Z,401816587,PIT,2026,Detroit Tigers,3,70.76633412999999,2026-08-19T11:10Z,Pittsburgh Pirates,4,143,143,116,-154,-154,-139,False,DraftKings,1,-107,9,,,-1.5,Final,8.5,-112
SD,2026-08-19T17:10Z,401816590,NYM,2026,San Diego Padres,2,36.92160592,2026-08-19T11:10Z,New York Mets,4,-136,-136,-129,126,126,107,False,DraftKings,1,-114,9,,,1.5,Final,8.5,-106
ATL,2026-08-19T17:40Z,401816607,MIN,2026,Atlanta Braves,4,54.87720176999999,2025-11-10T12:08Z,Minnesota Twins,6,-108,-108,-141,100,100,117,False,DraftKings,1,-107,9,,,1.5,Final,9.0,-112
CHW,2026-08-19T18:20Z,401816597,CHC,2026,Chicago White Sox,3,65.86039343,2026-08-19T11:10Z,Chicago Cubs,0,135,135,130,-145,-145,-140,False,DraftKings,1,-112,9,,,-1.5,Final,7.5,-108
ARI,2026-08-19T20:10Z,401816586,BOS,2026,Arizona Diamondbacks,7,57.30014009999999,2026-08-19T11:10Z,Boston Red Sox,6,148,148,117,-159,-159,-141,False,DraftKings,1,-105,10,,,-1.5,Final/10,8.5,-114
MIA,2026-08-19T22:05Z,401816588,PHI,2026,Miami Marlins,1,47.536904740000004,2026-08-19T11:10Z,Philadelphia Phillies,4,131,131,-102,-141,-141,-118,False,DraftKings,1,-105,9,,,-1.5,Final,9.0,-115
NYY,2026-08-19T22:35Z,401816589,BAL,2026,New York Yankees,5,52.92816629,2026-08-19T11:10Z,Baltimore Orioles,3,-105,-105,-121,-102,-102,101,False,DraftKings,1,-120,9,,,1.5,Final,9.0,100
SF,2026-08-19T22:40Z,401816591,CLE,2026,San Francisco Giants,1,68.25693427,2026-08-19T11:10Z,Cleveland Guardians,0,206,206,153,-223,-223,-186,False,DraftKings,1,-126,9,,,-1.5,Final,7.0,104
STL,2026-08-19T22:40Z,401816592,CIN,2026,St. Louis Cardinals,4,65.47939853,2026-08-19T11:10Z,Cincinnati Reds,5,125,125,112,-134,-134,-135,False,DraftKings,1,-103,9,,,-1.5,Final,8.5,-117
TOR,2026-08-19T22:40Z,401816593,TB,2026,Toronto Blue Jays,6,74.11615278,2026-08-19T11:10Z,Tampa Bay Rays,7,179,179,180,-193,-193,-221,False,DraftKings,1,-114,9,,,-1.5,Final,7.0,-105
ATH,2026-08-19T23:40Z,401816595,KC,2026,Athletics,7,54.28820393,2026-08-19T11:10Z,Kansas City Royals,9,169,169,114,-182,-182,-137,False,DraftKings,1,-120,9,,,-1.5,Final,8.5,-101
SEA,2026-08-19T23:40Z,401816598,MIL,2026,Seattle Mariners,7,59.026763370000005,2026-08-19T11:10Z,Milwaukee Brewers,5,108,108,107,-116,-116,-129,False,DraftKings,1,-107,9,,,1.5,Final,7.5,-112
WSH,2026-08-20T00:05Z,401816599,TEX,2026,Washington Nationals,6,42.31143682,2026-08-19T11:10Z,Texas Rangers,0,108,108,104,-116,-116,-126,False,DraftKings,1,-112,9,,,-1.5,Final,7.5,-107
LAA,2026-08-20T00:10Z,401816594,HOU,2026,Los Angeles Angels,2,54.10911271,2026-08-19T11:10Z,Houston Astros,3,137,137,137,-147,-147,-165,False,DraftKings,1,-109,9,,,-1.5,Final,8.5,-110
LAD,2026-08-20T00:40Z,401816600,COL,2026,Los Angeles Dodgers,6,42.467023399999995,2026-08-19T11:10Z,Colorado Rockies,4,-193,-193,-192,179,179,157,False,DraftKings,1,-102,10,,,1.5,Final/10,11.5,-118
STL,2026-08-20T16:40Z,401816603,CIN,2026,St. Louis Cardinals,10,47.69117187,2026-08-20T11:10Z,Cincinnati Reds,9,-110,-110,-118,103,103,-110,False,DraftKings,1,-102,9,,,1.5,Final,9.0,-118
SF,2026-08-20T17:10Z,401816602,CLE,2026,San Francisco Giants,2,57.730096620000005,2026-08-20T11:10Z,Cleveland Guardians,5,191,191,147,-206,-206,-178,False,DraftKings,1,103,9,,,-1.5,Final,7.0,-125
TOR,2026-08-20T17:10Z,401816604,TB,2026,Toronto Blue Jays,5,64.66299243,2026-08-20T11:10Z,Tampa Bay Rays,1,150,150,147,-161,-161,-178,False,DraftKings,1,101,9,,,-1.5,Final,7.5,-121
ATH,2026-08-20T18:10Z,401816606,KC,2026,Athletics,2,61.454580469999996,2026-08-20T11:10Z,Kansas City Royals,6,116,116,119,-124,-124,-143,False,DraftKings,1,-115,9,,,-1.5,Final,8.0,-105
SEA,2026-08-20T18:10Z,401816608,MIL,2026,Seattle Mariners,4,59.03139654,2026-08-20T11:10Z,Milwaukee Brewers,7,127,127,108,-136,-136,-131,False,DraftKings,1,-103,9,,,-1.5,Final,8.0,-117
ATL,2026-08-20T18:10Z,401877087,CHW,2026,Atlanta Braves,2,50.65497262,2026-08-20T11:10Z,Chicago White Sox,0,-108,-108,-125,101,101,104,False,DraftKings,1,-120,9,,,1.5,Final,8.5,100
NYY,2026-08-20T22:35Z,401816601,BAL,2026,New York Yankees,6,57.813065370000004,2026-08-20T11:10Z,Baltimore Orioles,1,-110,-110,-126,102,102,104,False,DraftKings,1,-101,9,,,1.5,Final,7.5,-120
WSH,2026-08-21T00:05Z,401816609,TEX,2026,Washington Nationals,0,48.42635472,2026-08-20T11:10Z,Texas Rangers,2,168,168,118,-181,-181,-142,False,DraftKings,1,-105,9,,,-1.5,Final,7.5,-115
LAA,2026-08-21T00:10Z,401816605,HOU,2026,Los Angeles Angels,18,73.10919157,2026-08-20T11:10Z,Houston Astros,3,169,169,158,-182,-182,-193,False,DraftKings,1,-112,9,,,-1.5,Final,8.0,-107
ATL,2026-08-21T20:10Z,401816617,MIL,2026,Atlanta Braves,1,58.63848761,2026-08-21T11:10Z,Milwaukee Brewers,2,127,127,123,-137,-137,-149,False,DraftKings,1,-105,9,,,-1.5,Final,6.0,-115
STL,2026-08-21T22:40Z,401816611,PHI,2026,St. Louis Cardinals,6,62.47334287,2026-08-21T11:10Z,Philadelphia Phillies,7,227,227,169,-246,-246,-206,False,DraftKings,1,-112,10,,,-1.5,Final/10,8.0,-108
TOR,2026-08-21T23:05Z,401816613,NYY,2026,Toronto Blue Jays,1,73.60756034,2026-08-21T11:10Z,New York Yankees,3,179,179,193,-193,-193,-238,False,DraftKings,1,-106,9,,,-1.5,Final,7.0,-114
SF,2026-08-21T23:10Z,401816610,BOS,2026,San Francisco Giants,4,63.841731010000004,2026-08-21T11:10Z,Boston Red Sox,6,163,163,144,-176,-176,-175,False,DraftKings,1,103,9,,,-1.5,Final,7.5,-124
WSH,2026-08-21T23:10Z,401816614,MIA,2026,Washington Nationals,2,48.16205583,2026-08-21T11:10Z,Miami Marlins,3,132,132,123,-142,-142,-149,False,DraftKings,1,-117,9,,,-1.5,Final,7.5,-103
TB,2026-08-21T23:15Z,401816612,BAL,2026,Tampa Bay Rays,3,61.53178657,2026-08-21T11:10Z,Baltimore Orioles,5,106,106,104,-114,-114,-126,False,DraftKings,1,-111,9,,,-1.5,Final,7.5,-109
NYM,2026-08-21T23:40Z,401816619,CHW,2026,New York Mets,4,59.62005722,2026-08-21T11:10Z,Chicago White Sox,6,116,116,123,-124,-124,-149,False,DraftKings,1,-102,9,,,-1.5,Final,8.0,-118
ATH,2026-08-22T00:10Z,401816616,HOU,2026,Athletics,0,56.78818747,2026-08-21T11:10Z,Houston Astros,4,163,163,159,-176,-176,-194,False,DraftKings,1,-110,9,,,-1.5,Final,8.5,-109
DET,2026-08-22T00:10Z,401816618,KC,2026,Detroit Tigers,2,42.1045406,2026-08-21T11:10Z,Kansas City Royals,5,-105,-105,-121,-103,-103,101,False,DraftKings,1,-117,9,,,1.5,Final,8.0,-103
LAA,2026-08-22T00:15Z,401816615,TEX,2026,Los Angeles Angels,1,51.353444960000004,2026-08-21T11:10Z,Texas Rangers,2,127,127,121,-136,-136,-146,False,DraftKings,1,102,10,,,-1.5,Final/10,7.5,-123
CLE,2026-08-22T00:40Z,401816620,COL,2026,Cleveland Guardians,9,46.86141154,2026-08-21T11:10Z,Colorado Rockies,1,-150,-150,-156,140,140,129,False,DraftKings,1,-112,9,,,1.5,Final,10.5,-108
CIN,2026-08-22T01:40Z,401816622,ARI,2026,Cincinnati Reds,0,64.84781337,2026-08-21T11:10Z,Arizona Diamondbacks,9,141,141,123,-151,-151,-149,False,DraftKings,1,-102,9,,,-1.5,Final,8.5,-118
MIN,2026-08-22T01:40Z,401816623,SD,2026,Minnesota Twins,2,58.56185352999999,2026-08-21T11:10Z,San Diego Padres,6,111,111,118,-119,-119,-143,False,DraftKings,1,-118,9,,,-1.5,Final,8.0,-102
CHC,2026-08-22T02:10Z,401816621,SEA,2026,Chicago Cubs,5,42.68191837,2026-08-21T11:10Z,Seattle Mariners,6,-103,-103,-112,-105,-105,-108,False,DraftKings,1,-113,10,,,1.5,Final/10,7.5,-107
PIT,2026-08-22T02:10Z,401816624,LAD,2026,Pittsburgh Pirates,4,66.87876539999999,2026-08-21T11:10Z,Los Angeles Dodgers,5,212,212,199,-229,-229,-246,False,DraftKings,1,-114,10,,,-1.5,Final/10,8.0,-106
TOR,2026-08-22T17:35Z,401816628,NYY,2026,Toronto Blue Jays,4,56.00485886,2026-08-22T11:10Z,New York Yankees,3,-106,-106,102,-101,-101,-122,False,DraftKings,1,-115,9,,,1.5,Final,6.5,-104
ATL,2026-08-22T18:10Z,401816632,MIL,2026,Atlanta Braves,1,67.48088203,2026-08-22T11:10Z,Milwaukee Brewers,4,142,142,139,-153,-153,-168,False,DraftKings,1,-107,9,,,-1.5,Final,8.0,-112
WSH,2026-08-22T20:10Z,401816629,MIA,2026,Washington Nationals,2,66.49907685999999,2026-08-22T11:10Z,Miami Marlins,4,172,172,153,-185,-185,-186,False,DraftKings,1,-101,9,,,-1.5,Final,7.5,-119
STL,2026-08-22T22:05Z,401816626,PHI,2026,St. Louis Cardinals,3,46.91287654,2026-08-22T11:10Z,Philadelphia Phillies,12,143,143,113,-154,-154,-136,False,DraftKings,1,-115,9,,,-1.5,Final,9.0,-104
TB,2026-08-22T23:05Z,401816627,BAL,2026,Tampa Bay Rays,2,52.62010058,2026-08-22T11:10Z,Baltimore Orioles,3,-124,-124,-131,116,116,109,False,DraftKings,1,-102,10,,,1.5,Final/10,8.5,-118
LAA,2026-08-22T23:05Z,401816630,TEX,2026,Los Angeles Angels,3,62.81764807,2026-08-22T11:10Z,Texas Rangers,0,152,152,144,-163,-163,-175,False,DraftKings,1,-120,9,,,-1.5,Final,8.0,-101
ATH,2026-08-22T23:10Z,401816631,HOU,2026,Athletics,4,70.08280468,2026-08-22T11:10Z,Houston Astros,3,217,217,199,-235,-235,-246,False,DraftKings,1,-105,9,,,-1.5,Final,8.0,-114
NYM,2026-08-22T23:10Z,401816634,CHW,2026,New York Mets,10,53.849674400000005,2026-08-22T11:10Z,Chicago White Sox,5,-102,-102,101,-105,-105,-122,False,DraftKings,1,-114,9,,,1.5,Final,8.5,-106
SF,2026-08-22T23:15Z,401816625,BOS,2026,San Francisco Giants,2,67.5611174,2026-08-22T11:10Z,Boston Red Sox,3,189,189,179,-204,-204,-219,False,DraftKings,1,-112,9,,,-1.5,Final,8.0,-108
DET,2026-08-22T23:15Z,401816633,KC,2026,Detroit Tigers,1,54.337622919999994,2026-08-22T11:10Z,Kansas City Royals,3,-104,-104,-108,-103,-103,-112,False,DraftKings,1,-102,9,,,1.5,Final,8.5,-118
CHC,2026-08-22T23:15Z,401816636,SEA,2026,Chicago Cubs,4,44.298857819999995,2026-08-22T11:10Z,Seattle Mariners,5,110,110,-102,-118,-118,-118,False,DraftKings,1,-103,9,,,-1.5,Final,7.5,-117
PIT,2026-08-22T23:15Z,401816639,LAD,2026,Pittsburgh Pirates,3,72.68999943,2026-08-22T11:10Z,Los Angeles Dodgers,4,234,234,209,-254,-254,-259,False,DraftKings,1,-112,9,,,-1.5,Final,7.5,-108
CLE,2026-08-23T00:10Z,401816635,COL,2026,Cleveland Guardians,4,48.703354510000004,2026-08-22T11:10Z,Colorado Rockies,3,-129,-129,-143,120,120,119,False,DraftKings,1,-102,9,,,1.5,Final,11.0,-118
CIN,2026-08-23T00:10Z,401816637,ARI,2026,Cincinnati Reds,11,70.07802034000001,2026-08-22T11:10Z,Arizona Diamondbacks,5,173,173,134,-187,-187,-162,False,DraftKings,1,-108,9,,,-1.5,Final,8.5,-112
MIN,2026-08-23T00:40Z,401816638,SD,2026,Minnesota Twins,5,64.52004948,2026-08-22T11:10Z,San Diego Padres,7,129,129,139,-139,-139,-168,False,DraftKings,1,-108,9,,,-1.5,Final,8.0,-112
STL,2026-08-23T17:35Z,401816641,PHI,2026,St. Louis Cardinals,4,63.83157584,2026-08-23T11:10Z,Philadelphia Phillies,6,200,200,159,-216,-216,-194,False,DraftKings,1,-117,9,,,-1.5,Final,8.0,-103
TB,2026-08-23T17:35Z,401816642,BAL,2026,Tampa Bay Rays,3,52.233635879999994,2026-08-23T11:10Z,Baltimore Orioles,1,101,101,-120,-108,-108,100,False,DraftKings,1,-122,9,,,1.5,Final,8.5,102
TOR,2026-08-23T17:35Z,401816643,NYY,2026,Toronto Blue Jays,3,62.119383770000006,2026-08-23T11:10Z,New York Yankees,8,114,114,119,-122,-122,-143,False,DraftKings,1,-118,9,,,-1.5,Final,8.0,-102
WSH,2026-08-23T17:40Z,401816644,MIA,2026,Washington Nationals,2,58.392880319999996,2026-08-23T11:10Z,Miami Marlins,6,147,147,135,-158,-158,-163,False,DraftKings,1,-118,9,,,-1.5,Final,8.0,-102
ATH,2026-08-23T18:10Z,401816646,HOU,2026,Athletics,7,58.37358015,2026-08-23T11:10Z,Houston Astros,6,163,163,159,-176,-176,-194,False,DraftKings,1,-120,9,,,-1.5,Final,8.5,100
DET,2026-08-23T18:10Z,401816648,KC,2026,Detroit Tigers,7,46.239614169999996,2026-08-23T11:10Z,Kansas City Royals,11,-108,-108,-112,100,100,-108,False,DraftKings,1,-108,9,,,1.5,Final,8.5,-112
NYM,2026-08-23T18:10Z,401816649,CHW,2026,New York Mets,1,58.73865546,2026-08-23T11:10Z,Chicago White Sox,2,-106,-106,-114,-102,-102,-106,False,DraftKings,1,-103,9,,,1.5,Final,8.5,-117
LAA,2026-08-23T18:35Z,401816645,TEX,2026,Los Angeles Angels,3,58.5708664,2026-08-23T11:10Z,Texas Rangers,5,143,143,141,-154,-154,-171,False,DraftKings,1,-105,9,,,-1.5,Final,8.0,-115
CLE,2026-08-23T19:10Z,401816650,COL,2026,Cleveland Guardians,7,48.15962148,2026-08-23T11:10Z,Colorado Rockies,2,-158,-158,-173,147,147,142,False,DraftKings,1,101,9,,,1.5,Final,11.0,-121
SF,2026-08-23T19:15Z,401816640,BOS,2026,San Francisco Giants,4,64.96409458,2026-08-23T11:10Z,Boston Red Sox,5,187,187,194,-201,-201,-240,False,DraftKings,1,-111,9,,,-1.5,Final,8.5,-108
CHC,2026-08-23T20:10Z,401816651,SEA,2026,Chicago Cubs,19,42.45000642,2026-08-23T11:10Z,Seattle Mariners,2,-122,-122,-110,113,113,-110,False,DraftKings,1,-110,9,,,1.5,Final,7.5,-110
MIN,2026-08-23T20:10Z,401816653,SD,2026,Minnesota Twins,1,54.18763763,2026-08-23T11:10Z,San Diego Padres,8,142,142,125,-153,-153,-151,False,DraftKings,1,-122,9,,,-1.5,Final,8.5,102
PIT,2026-08-23T20:10Z,401816654,LAD,2026,Pittsburgh Pirates,0,63.55974079,2026-08-23T11:10Z,Los Angeles Dodgers,4,253,253,209,-275,-275,-259,False,DraftKings,1,-112,9,,,-1.5,Final,8.5,-108
CIN,2026-08-23T20:15Z,401816652,ARI,2026,Cincinnati Reds,3,56.51570445,2026-08-23T11:10Z,Arizona Diamondbacks,5,131,131,113,-140,-140,-136,False,DraftKings,1,-120,9,,,-1.5,Final,8.5,100
ATL,2026-08-23T23:00Z,401816647,MIL,2026,Atlanta Braves,4,53.11361494,2026-08-23T11:10Z,Milwaukee Brewers,2,101,101,-102,-108,-108,-118,True,DraftKings,1,-102,9,,,1.5,Final,8.0,-118
BOS,2026-08-24T22:40Z,401816655,MIA,2026,Boston Red Sox,4,48.0157203,2026-08-24T11:10Z,Miami Marlins,2,-124,-124,-136,115,115,113,False,DraftKings,1,-117,9,,,1.5,Final,7.0,-103
TB,2026-08-24T22:40Z,401816657,DET,2026,Tampa Bay Rays,4,50.746228,2026-08-24T11:10Z,Detroit Tigers,1,-135,-135,-131,126,126,109,False,DraftKings,1,-114,9,,,1.5,Final,7.5,-106
COL,2026-08-24T22:45Z,401816656,WSH,2026,Colorado Rockies,3,69.17135594,2026-08-24T11:10Z,Washington Nationals,13,180,180,159,-194,-194,-194,False,DraftKings,1,-118,9,,,-1.5,Final,8.0,-102
TEX,2026-08-24T23:40Z,401816658,CHW,2026,Texas Rangers,11,56.092075269999995,2026-08-24T11:10Z,Chicago White Sox,2,116,116,109,-124,-124,-131,False,DraftKings,1,-115,9,,,-1.5,Final,8.0,-105
CLE,2026-08-25T01:38Z,401816661,LAA,2026,Cleveland Guardians,4,40.95765668,2026-08-24T11:10Z,Los Angeles Angels,2,-161,-161,-156,150,150,129,False,DraftKings,1,-120,9,,,1.5,Final,7.0,100
CHC,2026-08-25T01:40Z,401816659,ARI,2026,Chicago Cubs,7,45.55041674,2026-08-24T11:10Z,Arizona Diamondbacks,0,-140,-140,-131,130,130,109,False,DraftKings,1,-110,9,,,1.5,Final,9.0,-110
MIN,2026-08-25T01:40Z,401816662,ATH,2026,Minnesota Twins,9,45.40156877,2026-08-24T11:10Z,Athletics,6,-140,-140,-150,131,131,124,False,DraftKings,1,100,9,,,1.5,Final,11.5,-120
PHI,2026-08-25T01:40Z,401816663,SEA,2026,Philadelphia Phillies,2,45.353357360000004,2026-08-24T11:10Z,Seattle Mariners,9,-114,-114,-123,106,106,102,False,DraftKings,1,-122,9,,,1.5,Final,6.5,101
PIT,2026-08-25T01:40Z,401816664,SD,2026,Pittsburgh Pirates,3,53.383423259999994,2026-08-24T11:10Z,San Diego Padres,2,104,104,104,-112,-112,-126,False,DraftKings,1,-102,12,,,1.5,Final/12,7.5,-118
CIN,2026-08-25T01:45Z,401816660,SF,2026,Cincinnati Reds,0,33.44673067,2026-08-24T11:10Z,San Francisco Giants,5,-170,-170,-134,158,158,111,False,DraftKings,1,-103,9,,,1.5,Final,7.5,-117
BOS,2026-08-25T22:40Z,401816665,MIA,2026,Boston Red Sox,7,50.07888414,2026-08-25T11:10Z,Miami Marlins,3,-140,-140,-163,131,131,135,False,DraftKings,1,-118,11,,,1.5,Final/11,7.0,-102
TB,2026-08-25T22:40Z,401816671,DET,2026,Tampa Bay Rays,1,47.65535039,2026-08-25T11:10Z,Detroit Tigers,4,-128,-128,-136,119,119,113,False,DraftKings,1,-102,9,,,1.5,Final,8.0,-118
COL,2026-08-25T22:45Z,401816666,WSH,2026,Colorado Rockies,3,65.70544903,2026-08-25T11:10Z,Washington Nationals,1,147,147,134,-157,-157,-162,False,DraftKings,1,-114,9,,,-1.5,Final,8.5,-106
HOU,2026-08-25T23:05Z,401816667,NYY,2026,Houston Astros,9,58.7697065,2026-08-25T11:10Z,New York Yankees,7,131,131,121,-140,-140,-146,False,DraftKings,1,102,9,,,-1.5,Final,9.0,-122
KC,2026-08-25T23:07Z,401816668,TOR,2026,Kansas City Royals,5,48.36143388,2026-08-25T11:10Z,Toronto Blue Jays,3,120,120,101,-129,-129,-121,False,DraftKings,1,-115,9,,,-1.5,Final,8.0,-105
MIL,2026-08-25T23:10Z,401816670,NYM,2026,Milwaukee Brewers,2,42.13979863,2026-08-25T11:10Z,New York Mets,3,-159,-159,-164,148,148,136,False,DraftKings,1,100,10,,,1.5,Final/10,7.5,-120
LAD,2026-08-25T23:15Z,401816669,ATL,2026,Los Angeles Dodgers,3,46.30621916,2026-08-25T11:10Z,Atlanta Braves,4,-153,-153,-162,142,142,134,False,DraftKings,1,-118,9,,,1.5,Final,8.5,-102
TEX,2026-08-25T23:40Z,401816673,CHW,2026,Texas Rangers,7,55.63623165,2026-08-25T11:10Z,Chicago White Sox,11,-111,-111,-108,103,103,-112,False,DraftKings,1,-122,9,,,1.5,Final,7.0,101
BAL,2026-08-25T23:45Z,401816672,STL,2026,Baltimore Orioles,13,52.0451656,2026-08-25T11:10Z,St. Louis Cardinals,1,111,111,104,-119,-119,-126,False,DraftKings,1,-105,9,,,-1.5,Final,8.0,-115
CLE,2026-08-26T01:38Z,401816676,LAA,2026,Cleveland Guardians,8,55.59930575999999,2026-08-25T11:10Z,Los Angeles Angels,6,-140,-140,-136,131,131,113,False,DraftKings,1,102,10,,,1.5,Final/10,7.0,-122
CHC,2026-08-26T01:40Z,401816674,ARI,2026,Chicago Cubs,4,46.2506434,2026-08-25T11:10Z,Arizona Diamondbacks,5,-104,-104,-111,-103,-103,-109,False,DraftKings,1,-102,9,,,1.5,Final,8.5,-118
MIN,2026-08-26T01:40Z,401816677,ATH,2026,Minnesota Twins,2,46.70816982,2026-08-25T11:10Z,Athletics,4,-142,-142,-151,132,132,125,False,DraftKings,1,-118,9,,,1.5,Final,9.5,-102
PHI,2026-08-26T01:40Z,401816678,SEA,2026,Philadelphia Phillies,1,56.41192045,2026-08-25T11:10Z,Seattle Mariners,4,103,103,100,-111,-111,-120,False,DraftKings,1,-110,9,,,1.5,Final,8.0,-110
PIT,2026-08-26T01:40Z,401816679,SD,2026,Pittsburgh Pirates,1,51.05378348000001,2026-08-25T11:10Z,San Diego Padres,0,115,115,-103,-123,-123,-117,False,DraftKings,1,-122,9,,,-1.5,Final,7.0,101
CIN,2026-08-26T01:45Z,401816675,SF,2026,Cincinnati Reds,1,59.97476068,2026-08-25T11:10Z,San Francisco Giants,3,-101,-101,-107,-106,-106,-113,False,DraftKings,1,-114,9,,,1.5,Final,7.5,-106
TB,2026-08-26T17:10Z,401816686,DET,2026,Tampa Bay Rays,3,66.27541259,2026-08-26T11:10Z,Detroit Tigers,0,114,114,100,-123,-123,-120,False,DraftKings,1,-106,9,,,-1.5,Final,7.5,-113
CHC,2026-08-26T19:40Z,401816689,ARI,2026,Chicago Cubs,0,52.954422359999995,2026-08-26T11:10Z,Arizona Diamondbacks,2,-110,-110,-110,103,103,-110,False,DraftKings,1,-102,9,,,1.5,Final,8.5,-119
CIN,2026-08-26T19:45Z,401816690,SF,2026,Cincinnati Reds,10,57.767610049999995,2026-08-26T11:10Z,San Francisco Giants,9,110,110,-110,-118,-118,-110,False,DraftKings,1,-123,9,,,1.5,Final,7.0,102
CLE,2026-08-26T20:07Z,401816691,LAA,2026,Cleveland Guardians,4,41.437235789999995,2026-08-26T11:10Z,Los Angeles Angels,3,-136,-136,-145,126,126,120,False,DraftKings,1,-110,9,,,1.5,Final,8.0,-109
PHI,2026-08-26T20:10Z,401816693,SEA,2026,Philadelphia Phillies,6,45.0794062,2026-08-26T11:10Z,Seattle Mariners,0,-134,-134,-128,125,125,106,False,DraftKings,1,-109,9,,,1.5,Final,7.0,-111
PIT,2026-08-26T20:10Z,401816694,SD,2026,Pittsburgh Pirates,0,48.92075493,2026-08-26T11:10Z,San Diego Padres,3,126,126,109,-135,-135,-131,False,DraftKings,1,-102,9,,,-1.5,Final,8.5,-119
BOS,2026-08-26T22:40Z,401816680,MIA,2026,Boston Red Sox,0,38.738529459999995,2026-08-26T11:10Z,Miami Marlins,4,-129,-129,-160,120,120,133,False,DraftKings,1,-110,9,,,1.5,Final,7.5,-110
COL,2026-08-26T22:45Z,401816681,WSH,2026,Colorado Rockies,13,54.33619245,2026-08-26T11:10Z,Washington Nationals,1,121,121,109,-129,-129,-131,False,DraftKings,1,-110,9,,,-1.5,Final,9.0,-110
HOU,2026-08-26T23:05Z,401816682,NYY,2026,Houston Astros,3,61.51292797,2026-08-26T11:10Z,New York Yankees,9,110,110,119,-118,-118,-143,False,DraftKings,1,102,9,,,-1.5,Final,9.0,-122
KC,2026-08-26T23:07Z,401816683,TOR,2026,Kansas City Royals,0,53.0759828,2026-08-26T11:10Z,Toronto Blue Jays,3,146,146,113,-157,-157,-136,False,DraftKings,1,-105,9,,,-1.5,Final,8.5,-114
MIL,2026-08-26T23:10Z,401816685,NYM,2026,Milwaukee Brewers,8,39.69356362,2026-08-26T11:10Z,New York Mets,1,-154,-154,-167,144,144,138,False,DraftKings,1,-102,9,,,1.5,Final,8.5,-118
LAD,2026-08-26T23:15Z,401816684,ATL,2026,Los Angeles Dodgers,5,53.35259287,2026-08-26T11:10Z,Atlanta Braves,6,-120,-120,-128,111,111,106,False,DraftKings,1,-122,9,,,1.5,Final,8.5,101
TEX,2026-08-26T23:40Z,401816688,CHW,2026,Texas Rangers,4,61.70345845000001,2026-08-26T11:10Z,Chicago White Sox,10,110,110,113,-118,-118,-136,False,DraftKings,1,-108,9,,,-1.5,Final,8.0,-112
BAL,2026-08-26T23:45Z,401816687,STL,2026,Baltimore Orioles,8,48.28126609,2026-08-26T11:10Z,St. Louis Cardinals,7,-106,-106,-108,-101,-101,-112,False,DraftKings,1,-105,9,,,1.5,Final,8.5,-115
MIN,2026-08-27T01:05Z,401816692,ATH,2026,Minnesota Twins,4,58.15349314,2026-08-26T11:10Z,Athletics,7,-125,-125,-137,116,116,114,False,DraftKings,1,-103,9,,,1.5,Final,10.5,-116
COL,2026-08-27T17:05Z,401816695,WSH,2026,Colorado Rockies,1,54.99112932,2026-08-27T11:10Z,Washington Nationals,7,131,131,-105,-140,-140,-115,False,DraftKings,1,-118,9,,,-1.5,Final,9.5,-102
BAL,2026-08-27T18:15Z,401816700,STL,2026,Baltimore Orioles,5,50.2124641,2026-08-27T11:10Z,St. Louis Cardinals,7,-127,-127,-118,119,119,-102,False,DraftKings,1,-109,9,,,1.5,Final,8.0,-110
HOU,2026-08-27T23:05Z,401816696,NYY,2026,Houston Astros,5,61.30809404000001,2026-08-27T11:10Z,New York Yankees,1,147,147,125,-158,-158,-151,False,DraftKings,1,-109,9,,,-1.5,Final,8.0,-110
KC,2026-08-27T23:07Z,401816697,TOR,2026,Kansas City Royals,13,49.12770605,2026-08-27T11:10Z,Toronto Blue Jays,2,-104,-104,-113,-103,-103,-107,False,DraftKings,1,-103,9,,,1.5,Final,8.5,-117
MIL,2026-08-27T23:10Z,401816699,NYM,2026,Milwaukee Brewers,8,32.60007817,2026-08-27T11:10Z,New York Mets,2,-198,-198,-220,184,184,179,False,DraftKings,1,-108,9,,,1.5,Final,7.0,-112
LAD,2026-08-27T23:15Z,401816698,ATL,2026,Los Angeles Dodgers,0,55.51039731,2026-08-27T11:10Z,Atlanta Braves,1,107,107,-115,-115,-115,-105,False,DraftKings,1,-103,9,,,-1.5,Final,6.5,-117
ARI,2026-08-28T01:45Z,401816701,SF,2026,Arizona Diamondbacks,1,55.53389645,2026-08-27T11:10Z,San Francisco Giants,6,-116,-116,-114,108,108,-106,False,DraftKings,1,-102,9,,,1.5,Final,8.5,-118
CIN,2026-08-28T18:20Z,401816711,CHC,2026,Cincinnati Reds,10,67.56866701999999,2026-08-28T11:10Z,Chicago Cubs,8,179,179,163,-193,-193,-199,False,DraftKings,1,-103,9,,,-1.5,Final,9.0,-117
LAD,2026-08-28T22:40Z,401816706,DET,2026,Los Angeles Dodgers,2,36.26024178,2026-08-28T11:10Z,Detroit Tigers,1,-180,-180,-215,168,168,175,False,DraftKings,1,101,9,,,1.5,Final,7.5,-122
MIA,2026-08-28T22:45Z,401816707,WSH,2026,Miami Marlins,2,47.36033587,2026-08-28T11:10Z,Washington Nationals,9,-134,-134,-140,125,125,116,False,DraftKings,1,-105,9,,,1.5,Final,8.5,-115
HOU,2026-08-28T23:10Z,401816704,NYM,2026,Houston Astros,3,46.19696258,2026-08-28T11:10Z,New York Mets,1,-102,-102,-126,-105,-105,104,False,DraftKings,1,-112,9,,,1.5,Final,7.5,-108
KC,2026-08-28T23:10Z,401816705,CLE,2026,Kansas City Royals,3,54.111829469999996,2026-08-28T11:10Z,Cleveland Guardians,0,120,120,115,-129,-129,-138,False,DraftKings,1,-102,9,,,-1.5,Final,7.5,-118
SD,2026-08-28T23:10Z,401816708,TB,2026,San Diego Padres,4,53.606241229999995,2026-08-28T11:10Z,Tampa Bay Rays,9,114,114,111,-123,-123,-134,False,DraftKings,1,-105,9,,,-1.5,Final,7.5,-115
BOS,2026-08-28T23:15Z,401816702,NYY,2026,Boston Red Sox,0,69.6412707,2026-08-28T11:10Z,New York Yankees,1,142,142,141,-152,-152,-171,False,DraftKings,1,-114,9,,,-1.5,Final,7.0,-106
COL,2026-08-28T23:15Z,401816703,ATL,2026,Colorado Rockies,4,67.35797044,2026-08-28T11:10Z,Atlanta Braves,6,200,200,184,-216,-216,-226,False,DraftKings,1,-109,9,,,-1.5,Final,9.0,-111
SEA,2026-08-28T23:15Z,401816709,TOR,2026,Seattle Mariners,1,64.83538850000001,2026-08-28T11:10Z,Toronto Blue Jays,8,131,131,142,-140,-140,-172,False,DraftKings,1,-102,9,,,-1.5,Final,7.0,-119
TEX,2026-08-28T23:40Z,401816713,MIL,2026,Texas Rangers,1,75.91243250000001,2026-08-28T11:10Z,Milwaukee Brewers,6,195,195,149,-210,-210,-181,False,DraftKings,1,-118,9,,,-1.5,Final,7.5,-102
CHW,2026-08-29T00:10Z,401816710,MIN,2026,Chicago White Sox,7,52.839469650000005,2026-08-28T11:10Z,Minnesota Twins,4,116,116,-107,-124,-124,-113,False,DraftKings,1,100,9,,,-1.5,Final,9.0,-120
PIT,2026-08-29T00:15Z,401816712,STL,2026,Pittsburgh Pirates,1,49.853680929999996,2026-08-28T11:10Z,St. Louis Cardinals,4,-112,-112,-110,105,105,-110,False,DraftKings,1,-108,9,,,1.5,Final,7.5,-112
PHI,2026-08-29T01:38Z,401816716,LAA,2026,Philadelphia Phillies,5,62.35908893,2026-08-28T11:10Z,Los Angeles Angels,3,-113,-113,-146,105,105,121,False,DraftKings,1,-112,9,,,1.5,Final,7.5,-108
BAL,2026-08-29T01:40Z,401816715,ATH,2026,Baltimore Orioles,4,47.51138236,2026-08-28T11:10Z,Athletics,3,-108,-108,-146,101,101,121,False,DraftKings,1,101,10,,,1.5,Final/10,9.5,-122
ARI,2026-08-29T02:15Z,401816714,SF,2026,Arizona Diamondbacks,10,46.849494390000004,2026-08-28T11:10Z,San Francisco Giants,6,-112,-112,-126,104,104,104,False,DraftKings,1,-112,9,,,1.5,Final,8.0,-108
BOS,2026-08-29T17:05Z,401874913,NYY,2026,Boston Red Sox,6,58.28401867,2026-08-29T11:10Z,New York Yankees,0,-103,-103,109,-104,-104,-131,False,DraftKings,1,-112,9,,,1.5,Final,7.5,-108
LAD,2026-08-29T17:10Z,401816721,DET,2026,Los Angeles Dodgers,1,43.2493471,2026-08-29T11:10Z,Detroit Tigers,2,-181,-181,-181,168,168,149,False,DraftKings,1,-120,9,,,1.5,Final,7.0,100
CHW,2026-08-29T18:10Z,401816725,MIN,2026,Chicago White Sox,3,53.37868314000001,2026-08-29T11:10Z,Minnesota Twins,2,-102,-102,102,-105,-105,-122,False,DraftKings,1,-113,9,,,1.5,Final,9.0,-106
PIT,2026-08-29T18:15Z,401816727,STL,2026,Pittsburgh Pirates,6,57.100459709999996,2026-08-29T11:10Z,St. Louis Cardinals,2,114,114,100,-123,-123,-120,False,DraftKings,1,-114,9,,,-1.5,Final,8.0,-106
CIN,2026-08-29T18:20Z,401816726,CHC,2026,Cincinnati Reds,5,65.50363279,2026-08-29T11:10Z,Chicago Cubs,17,189,189,163,-204,-204,-199,False,DraftKings,1,-107,9,,,-1.5,Final,9.5,-113
SEA,2026-08-29T19:07Z,401816724,TOR,2026,Seattle Mariners,3,63.0507936,2026-08-29T11:10Z,Toronto Blue Jays,4,109,109,104,-117,-117,-126,False,DraftKings,1,-110,9,,,1.5,Final,7.5,-110
MIA,2026-08-29T20:05Z,401816722,WSH,2026,Miami Marlins,4,60.16457218,2026-08-29T11:10Z,Washington Nationals,5,-109,-109,-110,101,101,-109,False,DraftKings,1,-108,10,,,1.5,Final/10,8.0,-111
ARI,2026-08-29T20:05Z,401816744,SF,2026,Arizona Diamondbacks,7,54.205178919999994,2026-08-29T11:10Z,San Francisco Giants,1,-114,-114,106,106,106,-114,False,DraftKings,1,-107,9,,,1.5,Final,8.5,-112
COL,2026-08-29T20:10Z,401816718,ATL,2026,Colorado Rockies,1,70.86091902,2026-08-29T11:10Z,Atlanta Braves,2,216,216,188,-233,-233,-231,False,DraftKings,1,-120,9,,,-1.5,Final,8.5,100
HOU,2026-08-29T20:10Z,401816719,NYM,2026,Houston Astros,2,57.985355289999994,2026-08-29T11:10Z,New York Mets,6,143,143,119,-154,-154,-143,False,DraftKings,1,-114,9,,,-1.5,Final,8.0,-105
KC,2026-08-29T20:10Z,401816720,CLE,2026,Kansas City Royals,8,59.080807130000004,2026-08-29T11:10Z,Cleveland Guardians,3,148,148,129,-159,-159,-156,False,DraftKings,1,-105,9,,,-1.5,Final,8.0,-114
SD,2026-08-29T20:10Z,401816723,TB,2026,San Diego Padres,6,64.26110764,2026-08-29T11:10Z,Tampa Bay Rays,7,119,119,113,-128,-128,-136,False,DraftKings,1,-108,9,,,-1.5,Final,8.0,-112
BOS,2026-08-29T23:15Z,401816717,NYY,2026,Boston Red Sox,2,61.31908481,2026-08-29T11:10Z,New York Yankees,9,130,130,110,-140,-140,-132,False,DraftKings,1,-125,9,,,-1.5,Final,7.0,104
TEX,2026-08-29T23:15Z,401816728,MIL,2026,Texas Rangers,3,66.24398869,2026-08-29T11:10Z,Milwaukee Brewers,5,154,154,141,-166,-166,-171,False,DraftKings,1,-112,9,,,-1.5,Final,8.0,-108
ARI,2026-08-30T02:05Z,401816729,SF,2026,Arizona Diamondbacks,2,53.309945160000005,2026-08-29T11:10Z,San Francisco Giants,7,-124,-124,-120,116,116,100,False,DraftKings,1,-112,9,,,1.5,Final,8.0,-108
BAL,2026-08-30T02:05Z,401816730,ATH,2026,Baltimore Orioles,5,40.407855409999996,2026-08-29T11:10Z,Athletics,3,-142,-142,-148,132,132,122,False,DraftKings,1,-104,9,,,1.5,Final,10.0,-115
PHI,2026-08-30T02:07Z,401816731,LAA,2026,Philadelphia Phillies,4,31.00566819,2026-08-29T11:10Z,Los Angeles Angels,2,-223,-223,-239,206,206,194,False,DraftKings,1,-104,10,,,1.5,Final/10,8.5,-116
MIA,2026-08-30T16:15Z,401816737,WSH,2026,Miami Marlins,6,60.50770638,2026-08-30T11:10Z,Washington Nationals,2,108,108,-110,-116,-116,-110,False,DraftKings,1,101,9,,,1.5,Final,9.5,-122
BOS,2026-08-30T17:35Z,401816732,NYY,2026,Boston Red Sox,1,48.21062886,2026-08-30T11:10Z,New York Yankees,16,-141,-141,-110,131,131,-110,False,DraftKings,1,-110,9,,,1.5,Final,8.0,-110
COL,2026-08-30T17:35Z,401816733,ATL,2026,Colorado Rockies,2,63.559617040000006,2026-08-30T11:10Z,Atlanta Braves,3,217,217,184,-235,-235,-226,False,DraftKings,1,-107,10,,,-1.5,Final/10,8.5,-113
SEA,2026-08-30T17:37Z,401816739,TOR,2026,Seattle Mariners,0,39.27120863,2026-08-30T11:10Z,Toronto Blue Jays,7,-129,-129,-126,121,121,104,False,DraftKings,1,-108,9,,,1.5,Final,8.0,-112
KC,2026-08-30T17:40Z,401816735,CLE,2026,Kansas City Royals,1,69.60701141,2026-08-30T11:10Z,Cleveland Guardians,11,162,162,138,-174,-174,-167,False,DraftKings,1,102,9,,,-1.5,Final,7.5,-123
LAD,2026-08-30T17:40Z,401816736,DET,2026,Los Angeles Dodgers,6,44.8803658,2026-08-30T11:10Z,Detroit Tigers,1,-146,-146,-162,136,136,134,False,DraftKings,1,100,9,,,1.5,Final,7.5,-121
SD,2026-08-30T17:40Z,401816738,TB,2026,San Diego Padres,4,56.46783355,2026-08-30T11:10Z,Tampa Bay Rays,5,142,142,135,-153,-153,-163,False,DraftKings,1,-114,11,,,-1.5,Final/11,7.0,-105
CHW,2026-08-30T18:10Z,401816740,MIN,2026,Chicago White Sox,1,53.06159795999999,2026-08-30T11:10Z,Minnesota Twins,5,105,105,100,-113,-113,-120,False,DraftKings,1,100,9,,,1.5,Final,9.0,-120
TEX,2026-08-30T18:10Z,401816743,MIL,2026,Texas Rangers,7,65.84012046,2026-08-30T11:10Z,Milwaukee Brewers,4,143,143,142,-154,-154,-173,False,DraftKings,1,-122,9,,,-1.5,Final,8.5,101
PIT,2026-08-30T18:15Z,401816742,STL,2026,Pittsburgh Pirates,5,40.45204968,2026-08-30T11:10Z,St. Louis Cardinals,4,-119,-119,-113,111,111,-107,False,DraftKings,1,-118,9,,,1.5,Final,7.5,-102
HOU,2026-08-30T19:10Z,401816734,NYM,2026,Houston Astros,6,60.039256640000005,2026-08-30T11:10Z,New York Mets,3,114,114,104,-123,-123,-125,False,DraftKings,1,-110,9,,,-1.5,Final,9.0,-110
BAL,2026-08-30T20:05Z,401816745,ATH,2026,Baltimore Orioles,8,41.20924283,2026-08-30T11:10Z,Athletics,5,-147,-147,-146,137,137,121,False,DraftKings,1,-108,9,,,1.5,Final,10.0,-112
PHI,2026-08-30T20:07Z,401816746,LAA,2026,Philadelphia Phillies,5,36.73075808,2026-08-30T11:10Z,Los Angeles Angels,2,-161,-161,-199,150,150,163,False,DraftKings,1,-117,9,,,1.5,Final,7.5,-103
CIN,2026-08-30T23:20Z,401816741,CHC,2026,Cincinnati Reds,7,59.042692009999996,2026-08-30T11:10Z,Chicago Cubs,5,140,140,121,-150,-150,-146,False,DraftKings,1,102,9,,,-1.5,Final,9.5,-122
SF,2026-08-31T22:05Z,401878657,ATL,2026,San Francisco Giants,7,69.93837139,2026-08-31T11:10Z,Atlanta Braves,3,179,179,118,-193,-193,-142,False,DraftKings,1,-115,9,,,-1.5,Final,9.0,-105
NYM,2026-08-31T22:40Z,401816748,TB,2026,New York Mets,3,70.90064268,2026-08-31T11:10Z,Tampa Bay Rays,2,168,168,144,-181,-181,-175,False,DraftKings,1,-102,9,,,-1.5,Final,8.0,-118
SD,2026-08-31T22:40Z,401816749,CIN,2026,San Diego Padres,5,43.12221947,2026-08-31T11:10Z,Cincinnati Reds,0,-147,-147,-144,137,137,119,False,DraftKings,1,-104,9,,,1.5,Final,9.0,-115
MIA,2026-08-31T22:45Z,401816747,WSH,2026,Miami Marlins,3,59.01148881,2026-08-31T11:10Z,Washington Nationals,6,-108,-108,-118,101,101,-102,False,DraftKings,1,-115,9,,,1.5,Final,8.5,-105
SEA,2026-08-31T22:45Z,401816750,BOS,2026,Seattle Mariners,8,63.00249736,2026-08-31T11:10Z,Boston Red Sox,9,138,138,135,-148,-148,-163,False,DraftKings,1,-110,10,,,-1.5,Final/10,7.5,-109
DET,2026-08-31T23:40Z,401816753,MIN,2026,Detroit Tigers,1,59.27816198,2026-08-31T11:10Z,Minnesota Twins,11,114,114,109,-123,-123,-132,False,DraftKings,1,-102,9,,,-1.5,Final,9.0,-118
MIL,2026-08-31T23:40Z,401816754,CHC,2026,Milwaukee Brewers,3,55.56986283999999,2026-08-31T11:10Z,Chicago Cubs,17,-103,-103,-110,-105,-105,-110,False,DraftKings,1,-103,9,,,1.5,Final,9.5,-117
ATH,2026-09-01T00:05Z,401816751,TEX,2026,Athletics,1,61.61253459,2026-08-31T11:10Z,Texas Rangers,8,200,200,178,-216,-216,-218,False,DraftKings,1,-102,9,,,-1.5,Final,7.5,-118
CHW,2026-09-01T00:10Z,401816752,HOU,2026,Chicago White Sox,3,56.772307489999996,2026-08-31T11:10Z,Houston Astros,6,119,119,104,-128,-128,-126,False,DraftKings,1,-114,9,,,-1.5,Final,8.5,-105
BAL,2026-09-01T00:40Z,401816755,COL,2026,Baltimore Orioles,2,40.4943574,2026-08-31T11:10Z,Colorado Rockies,1,-120,-120,-143,112,112,119,False,DraftKings,1,-108,9,,,1.5,Final,11.0,-112
NYY,2026-09-01T01:38Z,401816756,LAA,2026,New York Yankees,1,53.600035950000006,2026-08-31T11:10Z,Los Angeles Angels,10,-121,-121,-149,113,113,123,False,DraftKings,1,-107,9,,,1.5,Final,8.0,-113
PHI,2026-09-01T01:40Z,401816757,ARI,2026,Philadelphia Phillies,2,61.40989793,2026-08-31T11:10Z,Arizona Diamondbacks,1,-106,-106,-115,-101,-101,-105,False,DraftKings,1,-117,9,,,1.5,Final,8.0,-102
NYM,2026-09-01T22:40Z,401816759,TB,2026,New York Mets,2,55.23035647,2026-09-01T11:10Z,Tampa Bay Rays,6,113,113,109,-136,-136,-132,False,DraftKings,1,-115,9,,,-1.5,Final,7.5,-104
SD,2026-09-01T22:40Z,401816760,CIN,2026,San Diego Padres,3,49.905838540000005,2026-09-01T11:10Z,Cincinnati Reds,4,-136,-136,-125,113,113,104,False,DraftKings,1,-119,9,,,1.5,Final,9.0,-101
SF,2026-09-01T22:40Z,401816762,PIT,2026,San Francisco Giants,12,62.74802998,2026-09-01T11:10Z,Pittsburgh Pirates,13,144,144,129,-175,-175,-156,False,DraftKings,1,-108,9,,,-1.5,Final,7.5,-112
TOR,2026-09-01T22:40Z,401816763,CLE,2026,Toronto Blue Jays,1,63.79605977,2026-09-01T11:10Z,Cleveland Guardians,6,148,148,144,-179,-179,-175,False,DraftKings,1,-106,9,,,-1.5,Final,8.0,-114
ATL,2026-09-01T22:45Z,401816758,WSH,2026,Atlanta Braves,5,46.74946104,2026-09-01T11:10Z,Washington Nationals,9,-147,-147,-175,122,122,144,False,DraftKings,1,-105,9,,,1.5,Final,10.0,-115
SEA,2026-09-01T22:45Z,401816761,BOS,2026,Seattle Mariners,9,63.20408999,2026-09-01T11:10Z,Boston Red Sox,6,-101,-101,104,-120,-120,-126,False,DraftKings,1,-123,9,,,1.5,Final,7.0,102
DET,2026-09-01T23:40Z,401816766,MIN,2026,Detroit Tigers,2,47.600805480000005,2026-09-01T11:10Z,Minnesota Twins,15,-107,-107,-131,-113,-113,108,False,DraftKings,1,-109,9,,,1.5,Final,8.5,-110
MIA,2026-09-01T23:40Z,401816767,KC,2026,Miami Marlins,6,54.94227488,2026-09-01T11:10Z,Kansas City Royals,3,-114,-114,-106,-105,-105,-114,False,DraftKings,1,-110,9,,,1.5,Final,10.0,-110
MIL,2026-09-01T23:40Z,401816768,CHC,2026,Milwaukee Brewers,9,63.40695208,2026-09-01T11:10Z,Chicago Cubs,4,100,100,104,-121,-121,-125,False,DraftKings,1,-112,9,,,1.5,Final,10.0,-108
ATH,2026-09-02T00:05Z,401816764,TEX,2026,Athletics,5,59.038124700000004,2026-09-01T11:10Z,Texas Rangers,8,182,182,147,-224,-224,-178,False,DraftKings,1,-114,9,,,-1.5,Final,7.5,-105
CHW,2026-09-02T00:10Z,401816765,HOU,2026,Chicago White Sox,5,46.66817135,2026-09-01T11:10Z,Houston Astros,1,-116,-116,-120,-104,-104,100,False,DraftKings,1,-112,9,,,1.5,Final,8.5,-108
BAL,2026-09-02T00:40Z,401816769,COL,2026,Baltimore Orioles,2,39.837883829999996,2026-09-01T11:10Z,Colorado Rockies,4,-156,-156,-143,129,129,119,False,DraftKings,1,-121,9,,,1.5,Final,11.0,100
NYY,2026-09-02T01:38Z,401816770,LAA,2026,New York Yankees,7,37.78010699,2026-09-01T11:10Z,Los Angeles Angels,3,-192,-192,-183,157,157,150,False,DraftKings,1,-120,9,,,1.5,Final,7.0,100
PHI,2026-09-02T01:40Z,401816771,ARI,2026,Philadelphia Phillies,7,54.04047439000001,2026-09-01T11:10Z,Arizona Diamondbacks,1,-137,-137,-136,114,114,113,False,DraftKings,1,-102,9,,,1.5,Final,7.5,-118
STL,2026-09-02T02:10Z,401816772,LAD,2026,St. Louis Cardinals,13,61.18022567,2026-09-01T11:10Z,Los Angeles Dodgers,8,163,163,150,-199,-199,-183,False,DraftKings,1,-101,9,,,-1.5,Final,9.0,-119
SD,2026-09-02T16:40Z,401816775,CIN,2026,San Diego Padres,3,40.67705509,2026-09-02T11:09Z,Cincinnati Reds,7,-167,-167,-139,138,138,116,False,DraftKings,1,-105,9,,,1.5,Final,9.5,-114
ATL,2026-09-02T17:05Z,401816773,WSH,2026,Atlanta Braves,9,48.50159073,2026-09-02T11:09Z,Washington Nationals,0,-142,-142,-163,118,118,135,False,DraftKings,1,-105,9,,,1.5,Final,9.5,-114
ATH,2026-09-02T18:35Z,401816779,TEX,2026,Athletics,9,57.208106150000006,2026-09-02T11:09Z,Texas Rangers,2,137,137,142,-166,-166,-173,False,DraftKings,1,-119,9,,,-1.5,Final,7.5,-101
BAL,2026-09-02T19:10Z,401816784,COL,2026,Baltimore Orioles,5,42.88412008,2026-09-02T11:09Z,Colorado Rockies,6,-186,-186,-162,153,153,134,False,DraftKings,1,100,11,,,1.5,Final/11,11.5,-120
PHI,2026-09-02T19:40Z,401816786,ARI,2026,Philadelphia Phillies,0,66.78166152,2026-09-02T11:09Z,Arizona Diamondbacks,1,-132,-132,-112,109,109,-107,False,DraftKings,1,-122,9,,,1.5,Final,8.5,101
SEA,2026-09-02T20:10Z,401816776,BOS,2026,Seattle Mariners,8,62.9747159,2026-09-02T11:09Z,Boston Red Sox,3,123,123,113,-149,-149,-136,False,DraftKings,1,-107,9,,,-1.5,Final,8.5,-112
NYM,2026-09-02T22:40Z,401816774,TB,2026,New York Mets,10,59.03368026,2026-09-02T11:09Z,Tampa Bay Rays,4,157,157,141,-191,-191,-171,False,DraftKings,1,-112,9,,,-1.5,Final,8.0,-108
SF,2026-09-02T22:40Z,401816777,PIT,2026,San Francisco Giants,5,56.77655634999999,2026-09-02T11:09Z,Pittsburgh Pirates,4,134,134,121,-162,-162,-146,False,DraftKings,1,-106,10,,,-1.5,Final/10,9.0,-113
TOR,2026-09-02T22:40Z,401816778,CLE,2026,Toronto Blue Jays,11,51.50458529,2026-09-02T11:09Z,Cleveland Guardians,0,-137,-137,-123,114,114,102,False,DraftKings,1,-125,9,,,1.5,Final,7.0,104
DET,2026-09-02T23:40Z,401816781,MIN,2026,Detroit Tigers,11,52.87479604000001,2026-09-02T11:09Z,Minnesota Twins,6,100,100,-105,-120,-120,-115,False,DraftKings,1,-115,12,,,-1.5,Final/12,8.5,-105
MIA,2026-09-02T23:40Z,401816782,KC,2026,Miami Marlins,9,49.57661476,2026-09-02T11:09Z,Kansas City Royals,6,104,104,-110,-126,-126,-110,False,DraftKings,1,-109,9,,,-1.5,Final,9.0,-111
MIL,2026-09-02T23:40Z,401816783,CHC,2026,Milwaukee Brewers,9,40.23648603,2026-09-02T11:09Z,Chicago Cubs,5,-157,-157,-162,130,130,134,False,DraftKings,1,-117,9,,,1.5,Final,8.5,-103
CHW,2026-09-03T00:10Z,401816780,HOU,2026,Chicago White Sox,0,55.76054024,2026-09-02T11:09Z,Houston Astros,2,122,122,109,-147,-147,-131,False,DraftKings,1,-110,9,,,-1.5,Final,8.5,-110
NYY,2026-09-03T01:38Z,401816785,LAA,2026,New York Yankees,6,38.818661920000004,2026-09-02T11:09Z,Los Angeles Angels,3,-161,-161,-173,133,133,142,False,DraftKings,1,-112,10,,,1.5,Final/10,6.5,-108
STL,2026-09-03T02:10Z,401816787,LAD,2026,St. Louis Cardinals,8,72.21936282,2026-09-02T11:09Z,Los Angeles Dodgers,6,246,246,203,-311,-311,-252,False,DraftKings,1,-111,10,,,-1.5,Final/10,8.0,-109
SF,2026-09-03T16:35Z,401816789,PIT,2026,San Francisco Giants,2,70.97845791,2026-09-03T11:09Z,Pittsburgh Pirates,5,144,144,139,-175,-175,-168,False,DraftKings,1,-108,9,,,-1.5,Final,9.0,-112
TOR,2026-09-03T17:10Z,401816790,CLE,2026,Toronto Blue Jays,6,55.13818576,2026-09-03T11:09Z,Cleveland Guardians,3,-110,-110,-105,-110,-110,-115,False,DraftKings,1,-102,9,,,1.5,Final,8.0,-118
CHW,2026-09-03T18:10Z,401816791,HOU,2026,Chicago White Sox,2,65.53812942,2026-09-03T11:09Z,Houston Astros,6,130,130,130,-157,-157,-157,False,DraftKings,1,-110,9,,,-1.5,Final,8.5,-109
BOS,2026-09-03T23:15Z,401816788,BAL,2026,Boston Red Sox,6,52.130326100000005,2026-09-03T11:09Z,Baltimore Orioles,5,-120,-120,-126,100,100,105,False,DraftKings,1,-105,9,,,1.5,Final,8.5,-114
MIL,2026-09-03T23:15Z,401816793,CHC,2026,Milwaukee Brewers,1,46.13972004,2026-09-03T11:09Z,Chicago Cubs,2,-121,-121,-115,100,100,-105,False,DraftKings,1,-106,9,,,1.5,Final,8.5,-114
MIA,2026-09-03T23:40Z,401816792,KC,2026,Miami Marlins,3,54.32918209,2026-09-03T11:09Z,Kansas City Royals,7,104,104,-128,-125,-125,106,False,DraftKings,1,-119,9,,,1.5,Final,9.0,-101
TB,2026-09-04T00:05Z,401816794,TEX,2026,Tampa Bay Rays,0,49.07049051,2026-09-03T11:09Z,Texas Rangers,6,-125,-125,-131,104,104,109,False,DraftKings,1,-102,9,,,1.5,Final,8.0,-119
ATH,2026-09-04T01:40Z,401816795,SEA,2026,Athletics,7,60.00002522,2026-09-03T11:09Z,Seattle Mariners,4,181,181,169,-223,-223,-207,False,DraftKings,1,-107,9,,,-1.5,Final,7.5,-113
STL,2026-09-04T02:10Z,401816796,LAD,2026,St. Louis Cardinals,2,76.291367,2026-09-03T11:09Z,Los Angeles Dodgers,3,237,237,223,-298,-298,-279,False,DraftKings,1,100,9,,,-1.5,Final,7.5,-120
DET,2026-09-04T18:10Z,401877193,CLE,2026,Detroit Tigers,6,48.84449486,2026-09-04T11:10Z,Cleveland Guardians,7,108,108,119,-130,-130,-143,False,DraftKings,1,-118,9,,,-1.5,Final,8.0,-102
MIL,2026-09-04T22:10Z,401816802,CIN,2026,Milwaukee Brewers,10,38.36176206,2026-09-04T11:10Z,Cincinnati Reds,7,-155,-155,-163,128,128,135,False,DraftKings,1,-107,9,,,1.5,Final,9.5,-112
LAA,2026-09-04T22:40Z,401816797,PIT,2026,Los Angeles Angels,0,66.05347085,2026-09-04T11:10Z,Pittsburgh Pirates,1,163,163,169,-198,-198,-207,False,DraftKings,1,101,9,,,-1.5,Final,9.0,-122
ATL,2026-09-04T22:40Z,401816798,PHI,2026,Atlanta Braves,5,49.88159195,2026-09-04T11:10Z,Philadelphia Phillies,2,102,102,-108,-123,-123,-112,False,DraftKings,1,-102,9,,,1.5,Final,7.0,-119
BOS,2026-09-04T23:05Z,401816799,BAL,2026,Boston Red Sox,1,49.53878217,2026-09-04T11:10Z,Baltimore Orioles,0,-118,-118,-118,-102,-102,-102,False,DraftKings,1,-117,9,,,1.5,Final,8.0,-103
CHC,2026-09-04T23:10Z,401816800,MIA,2026,Chicago Cubs,6,48.576785220000005,2026-09-04T11:10Z,Miami Marlins,1,-161,-161,-129,133,133,107,False,DraftKings,1,-112,9,,,1.5,Final,8.0,-108
SF,2026-09-04T23:10Z,401816803,NYM,2026,San Francisco Giants,6,69.30696478,2026-09-04T11:10Z,New York Mets,10,168,168,152,-205,-205,-184,False,DraftKings,1,-113,9,,,-1.5,Final,7.5,-107
MIN,2026-09-04T23:40Z,401816805,CHW,2026,Minnesota Twins,1,53.31630382,2026-09-04T11:10Z,Chicago White Sox,4,109,109,114,-131,-131,-137,False,DraftKings,1,-118,9,,,-1.5,Final,9.0,-102
DET,2026-09-04T23:45Z,401816801,CLE,2026,Detroit Tigers,3,62.127454019999995,2026-09-04T11:10Z,Cleveland Guardians,4,133,133,119,-161,-161,-143,False,DraftKings,1,-118,10,,,-1.5,Final/10,7.5,-102
TB,2026-09-05T00:05Z,401816806,TEX,2026,Tampa Bay Rays,7,44.56588328,2026-09-04T11:10Z,Texas Rangers,6,100,100,-126,-120,-120,104,False,DraftKings,1,-112,9,,,1.5,Final,8.5,-108
ARI,2026-09-05T00:10Z,401816804,HOU,2026,Arizona Diamondbacks,1,53.18352314,2026-09-04T11:10Z,Houston Astros,3,109,109,112,-131,-131,-136,False,DraftKings,1,-104,9,,,-1.5,Final,9.0,-116
TOR,2026-09-05T00:10Z,401816807,KC,2026,Toronto Blue Jays,9,62.35193661,2026-09-04T11:10Z,Kansas City Royals,2,-102,-102,104,-119,-119,-125,False,DraftKings,1,-105,9,,,1.5,Final,10.0,-114
STL,2026-09-05T00:40Z,401816808,COL,2026,St. Louis Cardinals,7,40.61148574,2026-09-04T11:10Z,Colorado Rockies,6,-133,-133,-136,110,110,113,False,DraftKings,1,-108,9,,,1.5,Final,11.0,-112
NYY,2026-09-05T01:40Z,401816810,SD,2026,New York Yankees,2,37.72370617,2026-09-04T11:10Z,San Diego Padres,3,-114,-114,-131,-105,-105,109,False,DraftKings,1,-127,10,,,1.5,Final/10,7.0,105
ATH,2026-09-05T02:10Z,401816809,SEA,2026,Athletics,7,60.43862709,2026-09-04T11:10Z,Seattle Mariners,6,202,202,180,-250,-250,-221,False,DraftKings,1,-120,9,,,-1.5,Final,7.0,100
WSH,2026-09-05T02:10Z,401816811,LAD,2026,Washington Nationals,3,70.27421832,2026-09-04T11:10Z,Los Angeles Dodgers,5,224,224,243,-280,-280,-306,False,DraftKings,1,-110,9,,,-1.5,Final,8.0,-110
CHC,2026-09-05T20:10Z,401816815,MIA,2026,Chicago Cubs,6,42.81294758,2026-09-05T11:09Z,Miami Marlins,5,-126,-126,-136,105,105,113,False,DraftKings,1,-102,9,,,1.5,Final,8.5,-118
SF,2026-09-05T20:10Z,401816818,NYM,2026,San Francisco Giants,9,67.92218403,2026-09-05T11:09Z,New York Mets,5,141,141,153,-171,-171,-186,False,DraftKings,1,-107,9,,,-1.5,Final,8.0,-112
ATL,2026-09-05T22:05Z,401816813,PHI,2026,Atlanta Braves,2,56.13953077,2026-09-05T11:09Z,Philadelphia Phillies,4,137,137,135,-166,-166,-163,False,DraftKings,1,-115,9,,,-1.5,Final,8.0,-104
DET,2026-09-05T22:10Z,401816816,CLE,2026,Detroit Tigers,6,64.53508392,2026-09-05T11:09Z,Cleveland Guardians,0,134,134,135,-163,-163,-163,False,DraftKings,1,-102,9,,,-1.5,Final,7.0,-119
LAA,2026-09-05T22:40Z,401816812,PIT,2026,Los Angeles Angels,6,72.37928345,2026-09-05T11:09Z,Pittsburgh Pirates,1,154,154,149,-188,-188,-181,False,DraftKings,1,-112,9,,,-1.5,Final,7.5,-108
MIL,2026-09-05T22:40Z,401816817,CIN,2026,Milwaukee Brewers,3,47.114862089999995,2026-09-05T11:09Z,Cincinnati Reds,5,-156,-156,-163,129,129,135,False,DraftKings,1,-114,9,,,1.5,Final,9.0,-106
BOS,2026-09-05T23:05Z,401816814,BAL,2026,Boston Red Sox,5,44.14030947,2026-09-05T11:09Z,Baltimore Orioles,0,-126,-126,-143,105,105,119,False,DraftKings,1,-118,9,,,1.5,Final,7.5,-102
TB,2026-09-05T23:05Z,401816821,TEX,2026,Tampa Bay Rays,6,48.32850306,2026-09-05T11:09Z,Texas Rangers,3,-107,-107,-110,-112,-112,-110,False,DraftKings,1,104,10,,,1.5,Final/10,7.0,-126
MIN,2026-09-05T23:10Z,401816820,CHW,2026,Minnesota Twins,6,54.144826980000005,2026-09-05T11:09Z,Chicago White Sox,4,104,104,104,-126,-126,-126,False,DraftKings,1,-118,9,,,-1.5,Final,8.0,-102
TOR,2026-09-05T23:10Z,401816822,KC,2026,Toronto Blue Jays,4,57.4621984,2026-09-05T11:09Z,Kansas City Royals,3,-111,-111,-108,-108,-108,-112,False,DraftKings,1,-104,9,,,1.5,Final,9.5,-115
ARI,2026-09-05T23:15Z,401816819,HOU,2026,Arizona Diamondbacks,4,49.28699749,2026-09-05T11:09Z,Houston Astros,3,-113,-113,-108,-106,-106,-112,False,DraftKings,1,100,10,,,1.5,Final/10,9.0,-120
NYY,2026-09-05T23:15Z,401816825,SD,2026,New York Yankees,5,54.191225210000006,2026-09-05T11:09Z,San Diego Padres,1,105,105,-105,-126,-126,-115,False,DraftKings,1,-114,9,,,-1.5,Final,7.5,-106
STL,2026-09-06T00:10Z,401816823,COL,2026,St. Louis Cardinals,7,56.57860096,2026-09-05T11:09Z,Colorado Rockies,10,-130,-130,-126,108,108,104,False,DraftKings,1,100,9,,,1.5,Final,11.0,-120
WSH,2026-09-06T01:10Z,401816826,LAD,2026,Washington Nationals,5,60.68861194,2026-09-05T11:09Z,Los Angeles Dodgers,6,154,154,189,-188,-188,-232,False,DraftKings,1,-105,9,,,-1.5,Final,7.0,-114
ATH,2026-09-06T01:40Z,401816824,SEA,2026,Athletics,6,66.31957481,2026-09-05T11:09Z,Seattle Mariners,2,201,201,214,-249,-249,-267,False,DraftKings,1,-109,9,,,-1.5,Final,7.5,-110
MIL,2026-09-06T16:10Z,401816832,CIN,2026,Milwaukee Brewers,8,37.95987462,2026-09-06T11:09Z,Cincinnati Reds,12,-149,-149,-157,123,123,130,False,DraftKings,1,-105,9,,,1.5,Final,8.5,-114
ATL,2026-09-06T17:10Z,401816828,PHI,2026,Atlanta Braves,5,46.62127246,2026-09-06T11:09Z,Philadelphia Phillies,4,-107,-107,-114,-112,-112,-106,False,DraftKings,1,-112,9,,,1.5,Final,8.0,-108
LAA,2026-09-06T17:35Z,401816827,PIT,2026,Los Angeles Angels,0,65.65643754,2026-09-06T11:09Z,Pittsburgh Pirates,1,148,148,159,-179,-179,-194,False,DraftKings,1,-117,9,,,-1.5,Final,7.0,-103
BOS,2026-09-06T17:35Z,401816829,BAL,2026,Boston Red Sox,3,56.378450449999995,2026-09-06T11:09Z,Baltimore Orioles,1,-135,-135,-136,112,112,113,False,DraftKings,1,-125,9,,,1.5,Final,7.0,104
CHC,2026-09-06T17:40Z,401816830,MIA,2026,Chicago Cubs,3,41.4170144,2026-09-06T11:09Z,Miami Marlins,10,-142,-142,-149,118,118,123,False,DraftKings,1,-117,9,,,1.5,Final,8.0,-103
DET,2026-09-06T17:40Z,401816831,CLE,2026,Detroit Tigers,2,61.33928087,2026-09-06T11:09Z,Cleveland Guardians,3,143,143,138,-173,-173,-167,False,DraftKings,1,101,10,,,-1.5,Final/10,7.0,-122
SF,2026-09-06T17:40Z,401816833,NYM,2026,San Francisco Giants,2,59.58917073,2026-09-06T11:09Z,New York Mets,4,130,130,129,-157,-157,-156,False,DraftKings,1,-113,9,,,-1.5,Final,8.0,-107
ARI,2026-09-06T18:10Z,401816834,HOU,2026,Arizona Diamondbacks,3,51.097263270000006,2026-09-06T11:09Z,Houston Astros,2,101,101,-110,-121,-121,-110,False,DraftKings,1,-111,9,,,1.5,Final,8.0,-108
TOR,2026-09-06T18:10Z,401816837,KC,2026,Toronto Blue Jays,1,62.50294634,2026-09-06T11:09Z,Kansas City Royals,6,-123,-123,-118,102,102,-102,False,DraftKings,1,100,9,,,1.5,Final,9.5,-120
TB,2026-09-06T18:35Z,401816836,TEX,2026,Tampa Bay Rays,6,50.22218143,2026-09-06T11:09Z,Texas Rangers,8,-120,-120,-108,-101,-101,-112,False,DraftKings,1,-108,9,,,1.5,Final,7.5,-111
STL,2026-09-06T19:10Z,401816838,COL,2026,St. Louis Cardinals,10,41.88705887,2026-09-06T11:09Z,Colorado Rockies,8,-136,-136,-135,113,113,112,False,DraftKings,1,-113,9,,,1.5,Final,11.0,-106
ATH,2026-09-06T20:10Z,401816839,SEA,2026,Athletics,0,61.688635749999996,2026-09-06T11:09Z,Seattle Mariners,2,177,177,155,-217,-217,-189,False,DraftKings,1,-114,9,,,-1.5,Final,7.0,-105
NYY,2026-09-06T20:10Z,401816840,SD,2026,New York Yankees,3,56.23390467,2026-09-06T11:09Z,San Diego Padres,4,100,100,-110,-120,-120,-110,False,DraftKings,1,-105,9,,,1.5,Final,7.0,-114
MIN,2026-09-06T22:20Z,401816835,CHW,2026,Minnesota Twins,1,59.64452403,2026-09-06T11:09Z,Chicago White Sox,10,120,120,130,-144,-144,-157,False,DraftKings,1,-115,9,,,-1.5,Final,8.5,-105
WSH,2026-09-07T02:10Z,401816841,LAD,2026,Washington Nationals,5,60.93910559,2026-09-06T11:09Z,Los Angeles Dodgers,7,159,159,179,-194,-194,-219,False,DraftKings,1,-107,9,,,-1.5,Final,8.5,-112
ATL,2026-09-07T17:05Z,401816843,PHI,2026,Atlanta Braves,0,58.269230809999996,2026-09-07T11:09Z,Philadelphia Phillies,1,153,153,138,-187,-187,-167,False,DraftKings,1,-114,9,,,-1.5,Final,7.5,-105
NYM,2026-09-07T17:10Z,401816846,MIA,2026,New York Mets,9,62.584328310000004,2026-09-07T11:09Z,Miami Marlins,4,117,117,106,-141,-141,-128,False,DraftKings,1,-120,9,,,-1.5,Final,8.0,-101
LAA,2026-09-07T17:35Z,401816842,BOS,2026,Los Angeles Angels,2,65.33180680000001,2026-09-07T11:09Z,Boston Red Sox,5,149,149,149,-181,-181,-181,False,DraftKings,1,-110,9,,,-1.5,Final,8.5,-109
CLE,2026-09-07T17:35Z,401816844,BAL,2026,Cleveland Guardians,4,57.9851628,2026-09-07T11:09Z,Baltimore Orioles,6,118,118,105,-142,-142,-126,False,DraftKings,1,-118,9,,,-1.5,Final,7.0,-102
ARI,2026-09-07T18:10Z,401816847,KC,2026,Arizona Diamondbacks,5,51.964188209999996,2026-09-07T11:09Z,Kansas City Royals,4,-101,-101,-103,-119,-119,-117,False,DraftKings,1,100,10,,,1.5,Final/10,9.5,-120
CHC,2026-09-07T18:10Z,401816848,MIL,2026,Chicago Cubs,3,47.906478070000006,2026-09-07T11:09Z,Milwaukee Brewers,4,105,105,107,-126,-126,-129,False,DraftKings,1,-118,9,,,-1.5,Final,8.0,-102
MIN,2026-09-07T19:10Z,401816845,DET,2026,Minnesota Twins,4,62.368390520000005,2026-09-07T11:09Z,Detroit Tigers,5,101,101,111,-122,-122,-134,False,DraftKings,1,-103,9,,,-1.5,Final,8.0,-117
WSH,2026-09-07T21:10Z,401816852,SD,2026,Washington Nationals,2,66.35605108,2026-09-07T11:09Z,San Diego Padres,3,164,164,168,-200,-200,-205,False,DraftKings,1,-102,9,,,-1.5,Final,8.5,-118
STL,2026-09-08T00:10Z,401816850,SF,2026,St. Louis Cardinals,4,57.293866019999996,2026-09-07T11:09Z,San Francisco Giants,5,109,109,109,-131,-131,-131,False,DraftKings,1,-106,11,,,-1.5,Final/11,8.5,-114
CIN,2026-09-08T01:10Z,401816849,LAD,2026,Cincinnati Reds,3,61.447450280000005,2026-09-07T11:09Z,Los Angeles Dodgers,6,154,154,129,-188,-188,-156,False,DraftKings,1,-105,9,,,-1.5,Final,8.5,-115
TOR,2026-09-08T02:05Z,401816851,ATH,2026,Toronto Blue Jays,5,42.37324869,2026-09-07T11:09Z,Athletics,6,-219,-219,-194,178,178,159,False,DraftKings,1,-120,9,,,1.5,Final,7.5,-101
CLE,2026-09-08T22:35Z,401816854,BAL,2026,Cleveland Guardians,9,57.48962781,2026-09-08T11:09Z,Baltimore Orioles,5,104,104,100,-125,-125,-120,False,DraftKings,1,-104,9,,,-1.5,Final,8.0,-116
HOU,2026-09-08T22:40Z,401816856,PHI,2026,Houston Astros,6,47.35288955,2026-09-08T11:09Z,Philadelphia Phillies,5,112,112,129,-135,-135,-156,False,DraftKings,1,-120,9,,,-1.5,Final,8.5,100
MIN,2026-09-08T22:40Z,401816857,DET,2026,Minnesota Twins,3,59.41494054,2026-09-08T11:09Z,Detroit Tigers,2,113,113,107,-136,-136,-129,False,DraftKings,1,-105,9,,,-1.5,Final,8.5,-115
NYM,2026-09-08T22:40Z,401816858,MIA,2026,New York Mets,7,59.28634733,2026-09-08T11:09Z,Miami Marlins,5,-105,-105,113,-115,-115,-136,False,DraftKings,1,-114,9,,,1.5,Final,8.0,-105
LAA,2026-09-08T22:45Z,401816853,BOS,2026,Los Angeles Angels,6,54.68721815999999,2026-09-08T11:09Z,Boston Red Sox,1,123,123,121,-149,-149,-146,False,DraftKings,1,-109,9,,,-1.5,Final,7.5,-111
COL,2026-09-08T23:05Z,401816855,NYY,2026,Colorado Rockies,3,76.63602023,2026-09-08T11:09Z,New York Yankees,5,277,277,248,-354,-354,-314,False,DraftKings,1,-113,9,,,-1.5,Final,7.5,-107
TB,2026-09-08T23:15Z,401816859,ATL,2026,Tampa Bay Rays,7,56.41283772,2026-09-08T11:09Z,Atlanta Braves,1,-103,-103,100,-117,-117,-120,False,DraftKings,1,-115,9,,,1.5,Final,8.5,-105
ARI,2026-09-08T23:40Z,401816860,KC,2026,Arizona Diamondbacks,5,54.62756753,2026-09-08T11:09Z,Kansas City Royals,3,-106,-106,-113,-114,-114,-107,False,DraftKings,1,-110,11,,,1.5,Final/11,9.0,-110
CHC,2026-09-08T23:40Z,401816861,MIL,2026,Chicago Cubs,3,70.07606669,2026-09-08T11:09Z,Milwaukee Brewers,4,163,163,171,-199,-199,-210,False,DraftKings,1,-122,10,,,-1.5,Final/10,7.0,102
PIT,2026-09-08T23:40Z,401816862,CHW,2026,Pittsburgh Pirates,9,55.31803072,2026-09-08T11:09Z,Chicago White Sox,3,119,119,116,-144,-144,-139,False,DraftKings,1,-105,9,,,-1.5,Final,8.5,-114
TEX,2026-09-09T01:40Z,401816865,SEA,2026,Texas Rangers,10,58.110993300000004,2026-09-08T11:09Z,Seattle Mariners,5,104,104,123,-126,-126,-148,False,DraftKings,1,-104,9,,,-1.5,Final,7.5,-116
TOR,2026-09-09T01:40Z,401816866,ATH,2026,Toronto Blue Jays,4,42.45806272,2026-09-08T11:09Z,Athletics,2,-185,-185,-180,152,152,148,False,DraftKings,1,-115,9,,,1.5,Final,9.0,-105
WSH,2026-09-09T01:40Z,401816867,SD,2026,Washington Nationals,4,61.47454937,2026-09-08T11:09Z,San Diego Padres,5,158,158,159,-193,-193,-194,False,DraftKings,1,-117,9,,,-1.5,Final,8.0,-103
STL,2026-09-09T01:45Z,401816864,SF,2026,St. Louis Cardinals,1,56.88421284,2026-09-08T11:09Z,San Francisco Giants,2,-110,-110,-110,-110,-110,-110,False,DraftKings,1,-118,9,,,1.5,Final,7.5,-102
CIN,2026-09-09T02:10Z,401816863,LAD,2026,Cincinnati Reds,2,77.39993635,2026-09-08T11:09Z,Los Angeles Dodgers,3,249,249,250,-314,-314,-316,False,DraftKings,1,-107,9,,,-1.5,Final,8.0,-113
MIN,2026-09-09T17:10Z,401816872,DET,2026,Minnesota Twins,2,57.466408189999996,2026-09-09T11:09Z,Detroit Tigers,7,108,108,109,-130,-130,-131,False,DraftKings,1,-112,9,,,-1.5,Final,8.5,-108
TOR,2026-09-09T19:05Z,401816881,ATH,2026,Toronto Blue Jays,0,46.17540479,2026-09-09T11:09Z,Athletics,2,-162,-162,-185,134,134,152,False,DraftKings,1,100,9,,,1.5,Final,9.5,-120
STL,2026-09-09T19:45Z,401816879,SF,2026,St. Louis Cardinals,6,42.663384539999996,2026-09-09T11:09Z,San Francisco Giants,7,-123,-123,-126,102,102,104,False,DraftKings,1,-110,9,,,1.5,Final,8.0,-110
TEX,2026-09-09T20:10Z,401816880,SEA,2026,Texas Rangers,2,51.86426253999999,2026-09-09T11:09Z,Seattle Mariners,3,123,123,134,-148,-148,-162,False,DraftKings,1,-106,9,,,-1.5,Final,8.0,-114
WSH,2026-09-09T20:10Z,401816882,SD,2026,Washington Nationals,2,53.41067123,2026-09-09T11:09Z,San Diego Padres,9,154,154,163,-187,-187,-199,False,DraftKings,1,-109,9,,,-1.5,Final,8.5,-111
CLE,2026-09-09T22:35Z,401816869,BAL,2026,Cleveland Guardians,5,55.166941439999995,2026-09-09T11:09Z,Baltimore Orioles,9,-118,-118,-106,-102,-102,-114,False,DraftKings,1,-113,9,,,1.5,Final,8.5,-107
HOU,2026-09-09T22:40Z,401816871,PHI,2026,Houston Astros,7,59.86728194,2026-09-09T11:09Z,Philadelphia Phillies,11,133,133,135,-161,-161,-163,False,DraftKings,1,-114,9,,,-1.5,Final,8.0,-106
NYM,2026-09-09T22:40Z,401816873,MIA,2026,New York Mets,15,68.32755351,2026-09-09T11:09Z,Miami Marlins,14,108,108,104,-131,-131,-125,False,DraftKings,1,-122,9,,,-1.5,Final,8.5,101
LAA,2026-09-09T22:45Z,401816868,BOS,2026,Los Angeles Angels,6,69.05375808000001,2026-09-09T11:09Z,Boston Red Sox,4,183,183,184,-224,-224,-226,False,DraftKings,1,-117,9,,,-1.5,Final,9.0,-103
COL,2026-09-09T23:05Z,401816870,NYY,2026,Colorado Rockies,1,65.57636803,2026-09-09T11:09Z,New York Yankees,6,207,207,203,-257,-257,-252,False,DraftKings,1,-103,9,,,-1.5,Final,9.5,-117
TB,2026-09-09T23:15Z,401816874,ATL,2026,Tampa Bay Rays,7,50.458495709999994,2026-09-09T11:09Z,Atlanta Braves,2,104,104,102,-126,-126,-122,False,DraftKings,1,-115,9,,,-1.5,Final,8.0,-105
ARI,2026-09-09T23:40Z,401816875,KC,2026,Arizona Diamondbacks,2,60.111142959999995,2026-09-09T11:09Z,Kansas City Royals,5,-115,-115,-115,-105,-105,-105,False,DraftKings,1,101,9,,,1.5,Final,9.0,-122
CHC,2026-09-09T23:40Z,401816876,MIL,2026,Chicago Cubs,6,64.07802549,2026-09-09T11:09Z,Milwaukee Brewers,8,113,113,113,-136,-136,-136,False,DraftKings,1,-107,9,,,-1.5,Final,7.5,-113
PIT,2026-09-09T23:40Z,401816877,CHW,2026,Pittsburgh Pirates,4,50.82430877,2026-09-09T11:09Z,Chicago White Sox,2,108,108,118,-131,-131,-143,False,DraftKings,1,100,9,,,-1.5,Final,9.0,-120
CIN,2026-09-10T02:10Z,401816878,LAD,2026,Cincinnati Reds,1,79.46745328,2026-09-09T11:09Z,Los Angeles Dodgers,14,239,239,238,-301,-301,-300,False,DraftKings,1,-113,9,,,-1.5,Final,8.0,-107
TB,2026-09-10T16:15Z,401816885,ATL,2026,Tampa Bay Rays,1,57.48414812,2026-09-10T11:09Z,Atlanta Braves,3,113,113,-103,-136,-136,-117,False,DraftKings,1,-120,9,,,-1.5,Final,8.0,-101
HOU,2026-09-10T17:05Z,401816884,PHI,2026,Houston Astros,2,67.61998475,2026-09-10T11:09Z,Philadelphia Phillies,1,159,159,149,-194,-194,-181,False,DraftKings,1,-114,9,,,-1.5,Final,8.5,-105
TEX,2026-09-10T20:10Z,401816887,SEA,2026,Texas Rangers,3,55.37310600000001,2026-09-10T11:09Z,Seattle Mariners,4,-107,-107,109,-112,-112,-132,False,DraftKings,1,-103,9,,,1.5,Final,7.0,-117
COL,2026-09-10T23:05Z,401816883,NYY,2026,Colorado Rockies,3,74.18803657000001,2026-09-10T11:09Z,New York Yankees,10,243,243,277,-306,-306,-354,False,DraftKings,1,-103,9,,,-1.5,Final,8.5,-117
PIT,2026-09-10T23:40Z,401816886,CHW,2026,Pittsburgh Pirates,2,56.66139346,2026-09-10T11:09Z,Chicago White Sox,0,-104,-104,-110,-115,-115,-110,False,DraftKings,1,-119,9,,,1.5,Final,7.5,-102
PIT,2026-09-11T18:20Z,401816899,CHC,2026,Pittsburgh Pirates,2,62.65849978,2026-09-11T11:09Z,Chicago Cubs,12,156,156,158,-189,-189,-193,False,DraftKings,1,-108,9,,,-1.5,Final,8.5,-112
COL,2026-09-11T22:40Z,401816890,DET,2026,Colorado Rockies,2,60.506208439999995,2026-09-11T11:09Z,Detroit Tigers,6,150,150,147,-182,-182,-178,False,DraftKings,1,-107,9,,,-1.5,Final,8.0,-112
LAA,2026-09-11T22:45Z,401816888,WSH,2026,Los Angeles Angels,3,68.48542855999999,2026-09-11T11:09Z,Washington Nationals,4,133,133,129,-161,-161,-156,False,DraftKings,1,-105,9,,,-1.5,Final,8.0,-115
NYM,2026-09-11T23:05Z,401816894,NYY,2026,New York Mets,4,55.623329160000004,2026-09-11T11:09Z,New York Yankees,6,113,113,115,-137,-137,-138,False,DraftKings,1,-115,9,,,-1.5,Final,8.0,-105
BAL,2026-09-11T23:07Z,401816889,TOR,2026,Baltimore Orioles,7,44.37573462,2026-09-11T11:09Z,Toronto Blue Jays,4,113,113,106,-137,-137,-128,False,DraftKings,1,-102,9,,,-1.5,Final,8.0,-118
HOU,2026-09-11T23:10Z,401816891,TB,2026,Houston Astros,1,64.38922508,2026-09-11T11:09Z,Tampa Bay Rays,3,162,162,141,-198,-198,-171,False,DraftKings,1,-108,9,,,-1.5,Final,7.5,-112
KC,2026-09-11T23:10Z,401816892,BOS,2026,Kansas City Royals,3,73.00639747,2026-09-11T11:09Z,Boston Red Sox,2,177,177,169,-217,-217,-206,False,DraftKings,1,-102,9,,,-1.5,Final,8.5,-118
LAD,2026-09-11T23:10Z,401816893,MIA,2026,Los Angeles Dodgers,6,36.09464068,2026-09-11T11:09Z,Miami Marlins,2,-209,-209,-208,171,171,170,False,DraftKings,1,-110,9,,,1.5,Final,7.5,-110
PHI,2026-09-11T23:15Z,401816895,ATL,2026,Philadelphia Phillies,5,74.68201461,2026-09-11T11:09Z,Atlanta Braves,6,155,155,149,-188,-188,-182,False,DraftKings,1,-108,11,,,-1.5,Final/11,7.0,-112
CIN,2026-09-11T23:40Z,401816897,MIL,2026,Cincinnati Reds,0,62.578519629999995,2026-09-11T11:09Z,Milwaukee Brewers,20,169,169,158,-207,-207,-192,False,DraftKings,1,-114,9,,,-1.5,Final,8.0,-105
CLE,2026-09-12T00:10Z,401816898,MIN,2026,Cleveland Guardians,5,46.70204245,2026-09-11T11:09Z,Minnesota Twins,2,-119,-119,-120,-101,-101,100,False,DraftKings,1,-114,9,,,1.5,Final,7.5,-105
CHW,2026-09-12T00:15Z,401816896,STL,2026,Chicago White Sox,3,49.80442396,2026-09-11T11:09Z,St. Louis Cardinals,7,-111,-111,-112,-109,-109,-108,False,DraftKings,1,-119,9,,,1.5,Final,7.5,-101
SEA,2026-09-12T01:40Z,401816901,ATH,2026,Seattle Mariners,5,45.1669616,2026-09-11T11:09Z,Athletics,6,-167,-167,-151,138,138,125,False,DraftKings,1,-105,10,,,1.5,Final/10,10.5,-114
TEX,2026-09-12T01:40Z,401816902,ARI,2026,Texas Rangers,1,59.069471289999996,2026-09-11T11:09Z,Arizona Diamondbacks,9,-102,-102,109,-118,-118,-132,False,DraftKings,1,-122,9,,,1.5,Final,8.5,102
SD,2026-09-12T02:15Z,401816900,SF,2026,San Diego Padres,7,39.74429929,2026-09-11T11:09Z,San Francisco Giants,5,-163,-163,-143,134,134,118,False,DraftKings,1,-117,9,,,1.5,Final,7.5,-103
COL,2026-09-12T17:10Z,401816905,DET,2026,Colorado Rockies,7,60.23384488,2026-09-12T11:09Z,Detroit Tigers,11,138,138,135,-168,-168,-164,False,DraftKings,1,-102,9,,,-1.5,Final,8.5,-118
NYM,2026-09-12T17:35Z,401816909,NYY,2026,New York Mets,12,60.98731281999999,2026-09-12T11:09Z,New York Yankees,2,141,141,152,-171,-171,-185,False,DraftKings,1,-114,9,,,-1.5,Final,8.0,-105
PIT,2026-09-12T18:20Z,401816914,CHC,2026,Pittsburgh Pirates,3,59.072036139999994,2026-09-12T11:09Z,Chicago Cubs,4,109,109,104,-132,-132,-125,False,DraftKings,1,-112,9,,,-1.5,Final,9.5,-108
BAL,2026-09-12T19:07Z,401816904,TOR,2026,Baltimore Orioles,3,48.611587979999996,2026-09-12T11:09Z,Toronto Blue Jays,7,118,118,-107,-142,-142,-112,False,DraftKings,1,-118,9,,,-1.5,Final,8.0,-102
LAA,2026-09-12T20:05Z,401816903,WSH,2026,Los Angeles Angels,5,60.51146208,2026-09-12T11:09Z,Washington Nationals,6,109,109,-105,-132,-132,-115,False,DraftKings,1,-120,10,,,-1.5,Final/10,8.5,-101
SD,2026-09-12T20:05Z,401816915,SF,2026,San Diego Padres,7,44.75852069,2026-09-12T11:09Z,San Francisco Giants,6,-192,-192,-157,158,158,130,False,DraftKings,1,-104,9,,,1.5,Final,8.0,-116
KC,2026-09-12T20:10Z,401816907,BOS,2026,Kansas City Royals,1,62.97845552,2026-09-12T11:09Z,Boston Red Sox,5,183,183,153,-225,-225,-186,False,DraftKings,1,-118,9,,,-1.5,Final,8.5,-102
LAD,2026-09-12T20:10Z,401816908,MIA,2026,Los Angeles Dodgers,3,44.533925149999995,2026-09-12T11:09Z,Miami Marlins,4,-168,-168,-197,138,138,161,False,DraftKings,1,-103,9,,,1.5,Final,8.0,-117
CLE,2026-09-12T20:10Z,401816913,MIN,2026,Cleveland Guardians,3,52.93667945,2026-09-12T11:09Z,Minnesota Twins,4,-109,-109,-119,-110,-110,-101,False,DraftKings,1,-104,9,,,1.5,Final,8.5,-116
HOU,2026-09-12T22:10Z,401816906,TB,2026,Houston Astros,2,54.888137719999996,2026-09-12T11:09Z,Tampa Bay Rays,3,123,123,124,-149,-149,-149,False,DraftKings,1,-114,9,,,-1.5,Final,7.5,-105
CIN,2026-09-12T23:10Z,401816912,MIL,2026,Cincinnati Reds,9,72.81109204,2026-09-12T11:09Z,Milwaukee Brewers,13,178,178,156,-218,-218,-190,False,DraftKings,1,-104,9,,,-1.5,Final,9.0,-116
PHI,2026-09-12T23:15Z,401816910,ATL,2026,Philadelphia Phillies,2,57.3835844,2026-09-12T11:09Z,Atlanta Braves,12,120,120,-121,-145,-145,101,False,DraftKings,1,-103,9,,,-1.5,Final,8.5,-117
CHW,2026-09-12T23:15Z,401816911,STL,2026,Chicago White Sox,6,64.50616235,2026-09-12T11:09Z,St. Louis Cardinals,5,-111,-111,-108,-108,-108,-112,False,DraftKings,1,-106,9,,,1.5,Final,8.5,-114
TEX,2026-09-13T00:10Z,401816917,ARI,2026,Texas Rangers,6,64.52967921,2026-09-12T11:09Z,Arizona Diamondbacks,2,113,113,119,-136,-136,-143,False,DraftKings,1,-101,9,,,-1.5,Final,8.5,-119
SEA,2026-09-13T01:40Z,401816916,ATH,2026,Seattle Mariners,19,48.07906691,2026-09-12T11:09Z,Athletics,1,-155,-155,-163,128,128,135,False,DraftKings,1,-109,9,,,1.5,Final,9.5,-111
COL,2026-09-13T16:10Z,401816920,DET,2026,Colorado Rockies,1,57.812991540000006,2026-09-13T11:09Z,Detroit Tigers,8,155,155,129,-188,-188,-156,False,DraftKings,1,-105,9,,,-1.5,Final,9.0,-114
LAA,2026-09-13T17:35Z,401816918,WSH,2026,Los Angeles Angels,5,59.99007181,2026-09-13T11:09Z,Washington Nationals,6,114,114,109,-138,-138,-131,False,DraftKings,1,-101,9,,,-1.5,Final,9.5,-119
NYM,2026-09-13T17:35Z,401816924,NYY,2026,New York Mets,0,71.08601621,2026-09-13T11:09Z,New York Yankees,2,152,152,152,-185,-185,-185,False,DraftKings,1,-109,9,,,-1.5,Final,8.0,-110
PHI,2026-09-13T17:35Z,401816925,ATL,2026,Philadelphia Phillies,9,67.954477,2026-09-13T11:09Z,Atlanta Braves,4,109,109,105,-131,-131,-126,False,DraftKings,1,100,9,,,-1.5,Final,9.5,-120
BAL,2026-09-13T17:37Z,401816919,TOR,2026,Baltimore Orioles,1,57.69404309,2026-09-13T11:09Z,Toronto Blue Jays,8,127,127,123,-154,-154,-149,False,DraftKings,1,-120,9,,,-1.5,Final,7.0,-101
HOU,2026-09-13T17:40Z,401816921,TB,2026,Houston Astros,4,52.86986922,2026-09-13T11:09Z,Tampa Bay Rays,14,110,110,119,-133,-133,-143,False,DraftKings,1,-104,9,,,-1.5,Final,8.0,-116
LAD,2026-09-13T17:40Z,401816923,MIA,2026,Los Angeles Dodgers,4,49.856568270000004,2026-09-13T11:09Z,Miami Marlins,6,-137,-137,-155,114,114,128,False,DraftKings,1,-103,9,,,1.5,Final,8.5,-117
CIN,2026-09-13T18:10Z,401816927,MIL,2026,Cincinnati Reds,4,55.07256505,2026-09-13T11:09Z,Milwaukee Brewers,3,168,168,170,-206,-206,-207,False,DraftKings,1,-114,9,,,-1.5,Final,8.0,-105
CLE,2026-09-13T18:10Z,401816928,MIN,2026,Cleveland Guardians,9,60.93301349,2026-09-13T11:09Z,Minnesota Twins,2,104,104,114,-126,-126,-137,False,DraftKings,1,-103,9,,,-1.5,Final,8.0,-117
CHW,2026-09-13T18:15Z,401816926,STL,2026,Chicago White Sox,1,52.888071999999994,2026-09-13T11:09Z,St. Louis Cardinals,3,-120,-120,-137,-101,-101,114,False,DraftKings,1,-122,9,,,1.5,Final,8.5,101
PIT,2026-09-13T18:20Z,401816929,CHC,2026,Pittsburgh Pirates,4,61.35807975,2026-09-13T11:09Z,Chicago Cubs,3,141,141,123,-171,-171,-149,False,DraftKings,1,-117,9,,,-1.5,Final,7.0,-103
KC,2026-09-13T19:05Z,401816922,BOS,2026,Kansas City Royals,1,61.99016221,2026-09-13T11:09Z,Boston Red Sox,4,159,159,149,-194,-194,-181,False,DraftKings,1,-107,9,,,-1.5,Final,7.5,-113
SEA,2026-09-13T20:05Z,401816931,ATH,2026,Seattle Mariners,7,55.580568500000005,2026-09-13T11:09Z,Athletics,8,-131,-131,-143,109,109,119,False,DraftKings,1,-105,9,,,1.5,Final,9.0,-114
TEX,2026-09-13T20:10Z,401816932,ARI,2026,Texas Rangers,7,64.37722739,2026-09-13T11:09Z,Arizona Diamondbacks,6,110,110,119,-132,-132,-144,False,DraftKings,1,-115,9,,,-1.5,Final,8.0,-105
SD,2026-09-13T23:20Z,401816930,SF,2026,San Diego Padres,6,52.297424299999996,2026-09-13T11:09Z,San Francisco Giants,4,-143,-143,-126,119,119,104,False,DraftKings,1,-102,9,,,1.5,Final,7.5,-119
CHW,2026-09-14T22:40Z,401816934,CLE,2026,Chicago White Sox,7,47.11433753,2026-09-14T11:08Z,Cleveland Guardians,3,152,152,113,-184,-184,-136,False,DraftKings,1,-104,9,,,-1.5,Final,7.0,-116
LAD,2026-09-14T22:40Z,401816936,CIN,2026,Los Angeles Dodgers,4,31.08723269,2026-09-14T11:08Z,Cincinnati Reds,1,-224,-224,-207,182,182,169,False,DraftKings,1,-110,9,,,1.5,Final,7.5,-110
DET,2026-09-14T23:07Z,401816935,TOR,2026,Detroit Tigers,6,49.83158417,2026-09-14T11:08Z,Toronto Blue Jays,5,123,123,113,-149,-149,-136,False,DraftKings,1,-108,9,,,-1.5,Final,7.5,-112
BAL,2026-09-14T23:10Z,401816933,NYM,2026,Baltimore Orioles,2,51.25986375,2026-09-14T11:08Z,New York Mets,1,118,118,115,-143,-143,-138,False,DraftKings,1,-106,9,,,-1.5,Final,8.5,-114
ATL,2026-09-14T23:40Z,401816937,CHC,2026,Atlanta Braves,3,59.71785988,2026-09-14T11:08Z,Chicago Cubs,7,113,113,111,-136,-136,-134,False,DraftKings,1,-108,9,,,-1.5,Final,9.5,-112
NYY,2026-09-14T23:40Z,401816938,MIN,2026,New York Yankees,8,45.8098961,2026-09-14T11:08Z,Minnesota Twins,3,-132,-132,-143,110,110,119,False,DraftKings,1,-112,9,,,1.5,Final,8.5,-107
SF,2026-09-14T23:45Z,401816939,STL,2026,San Francisco Giants,1,53.03058204,2026-09-14T11:08Z,St. Louis Cardinals,2,129,129,113,-156,-156,-136,False,DraftKings,1,-104,9,,,-1.5,Final,8.0,-116
SD,2026-09-15T00:40Z,401816940,COL,2026,San Diego Padres,8,42.19139858,2026-09-14T11:08Z,Colorado Rockies,7,-207,-207,-185,169,169,152,False,DraftKings,1,-119,9,,,1.5,Final,11.0,-101
SEA,2026-09-15T01:38Z,401816942,LAA,2026,Seattle Mariners,4,63.54095841,2026-09-14T11:08Z,Los Angeles Angels,6,-108,-108,-118,-112,-112,-102,False,DraftKings,1,-104,9,,,1.5,Final,7.5,-115
MIA,2026-09-15T01:40Z,401816941,ARI,2026,Miami Marlins,7,56.797219219999995,2026-09-14T11:08Z,Arizona Diamondbacks,8,110,110,113,-132,-132,-136,False,DraftKings,1,-111,9,,,-1.5,Final,8.5,-109
ATH,2026-09-15T22:40Z,401816943,TB,2026,Athletics,1,72.47093944000001,2026-09-15T11:08Z,Tampa Bay Rays,2,189,189,188,-233,-233,-231,False,DraftKings,1,-114,9,,,-1.5,Final,8.0,-106
CHW,2026-09-15T22:40Z,401816945,CLE,2026,Chicago White Sox,6,55.206635309999996,2026-09-15T11:08Z,Cleveland Guardians,7,132,132,108,-160,-160,-131,False,DraftKings,1,-103,9,,,-1.5,Final,9.0,-117
LAD,2026-09-15T22:40Z,401816947,CIN,2026,Los Angeles Dodgers,4,26.999979699999997,2026-09-15T11:08Z,Cincinnati Reds,0,-251,-251,-221,202,202,180,False,DraftKings,1,-109,9,,,1.5,Final,8.5,-110
MIL,2026-09-15T22:40Z,401816948,PIT,2026,Milwaukee Brewers,5,38.00633296,2026-09-15T11:08Z,Pittsburgh Pirates,1,-217,-217,-266,177,177,214,False,DraftKings,1,-101,9,,,1.5,Final,7.5,-119
PHI,2026-09-15T22:45Z,401816949,WSH,2026,Philadelphia Phillies,3,39.84734333,2026-09-15T11:08Z,Washington Nationals,6,-222,-222,-189,181,181,155,False,DraftKings,1,-112,9,,,1.5,Final,8.0,-107
DET,2026-09-15T23:07Z,401816946,TOR,2026,Detroit Tigers,10,58.355264829999996,2026-09-15T11:08Z,Toronto Blue Jays,1,115,115,118,-138,-138,-142,False,DraftKings,1,-118,9,,,-1.5,Final,8.0,-102
BAL,2026-09-15T23:10Z,401816944,NYM,2026,Baltimore Orioles,7,52.52885966,2026-09-15T11:08Z,New York Mets,5,113,113,104,-136,-136,-125,False,DraftKings,1,-115,11,,,-1.5,Final/11,8.0,-104
ATL,2026-09-15T23:40Z,401816950,CHC,2026,Atlanta Braves,6,55.84151061,2026-09-15T11:08Z,Chicago Cubs,3,120,120,117,-144,-144,-141,False,DraftKings,1,-110,9,,,-1.5,Final,8.5,-110
NYY,2026-09-15T23:40Z,401816953,MIN,2026,New York Yankees,8,39.58864721,2026-09-15T11:08Z,Minnesota Twins,1,-172,-172,-178,142,142,147,False,DraftKings,1,-109,9,,,1.5,Final,7.5,-110
SF,2026-09-15T23:45Z,401816954,STL,2026,San Francisco Giants,10,67.62171617,2026-09-15T11:08Z,St. Louis Cardinals,3,154,154,125,-187,-187,-151,False,DraftKings,1,-106,9,,,-1.5,Final,8.0,-113
BOS,2026-09-16T00:05Z,401816951,TEX,2026,Boston Red Sox,2,49.41471454,2026-09-15T11:08Z,Texas Rangers,4,123,123,-126,-148,-148,104,False,DraftKings,1,-118,9,,,-1.5,Final,7.5,-102
KC,2026-09-16T00:10Z,401816952,HOU,2026,Kansas City Royals,2,61.316571870000004,2026-09-15T11:08Z,Houston Astros,4,136,136,125,-165,-165,-151,False,DraftKings,1,-105,9,,,-1.5,Final,8.0,-115
SD,2026-09-16T00:40Z,401816955,COL,2026,San Diego Padres,3,49.041924980000005,2026-09-15T11:08Z,Colorado Rockies,9,-200,-200,-198,164,164,162,False,DraftKings,1,-116,9,,,1.5,Final,11.0,-103
SEA,2026-09-16T01:38Z,401816957,LAA,2026,Seattle Mariners,1,43.25625606,2026-09-15T11:08Z,Los Angeles Angels,2,-167,-167,-162,138,138,134,False,DraftKings,1,-111,9,,,1.5,Final,8.0,-108
MIA,2026-09-16T01:40Z,401816956,ARI,2026,Miami Marlins,4,58.836617759999996,2026-09-15T11:08Z,Arizona Diamondbacks,2,128,128,113,-155,-155,-136,False,DraftKings,1,-122,11,,,-1.5,Final/11,8.5,101
CHW,2026-09-16T17:00Z,401816960,CLE,2026,Chicago White Sox,3,65.53720939,2026-09-16T11:08Z,Cleveland Guardians,6,137,137,144,-166,-166,-175,False,DraftKings,1,101,9,,,-1.5,Final,7.0,-122
SF,2026-09-16T17:15Z,401816969,STL,2026,San Francisco Giants,6,60.80814354,2026-09-16T11:08Z,St. Louis Cardinals,5,141,141,135,-171,-171,-164,False,DraftKings,1,-112,10,,,-1.5,Final/10,8.0,-108
NYY,2026-09-16T17:40Z,401816968,MIN,2026,New York Yankees,4,41.99958144,2026-09-16T11:08Z,Minnesota Twins,5,-163,-163,-149,135,135,123,False,DraftKings,1,-107,13,,,1.5,Final/13,8.5,-112
DET,2026-09-16T19:07Z,401816961,TOR,2026,Detroit Tigers,1,41.00413531,2026-09-16T11:08Z,Toronto Blue Jays,5,109,109,100,-131,-131,-120,False,DraftKings,1,-105,9,,,-1.5,Final,8.5,-115
ATH,2026-09-16T22:40Z,401816958,TB,2026,Athletics,3,65.98031568,2026-09-16T11:08Z,Tampa Bay Rays,4,157,157,169,-191,-191,-207,False,DraftKings,1,-108,9,,,-1.5,Final,8.0,-112
LAD,2026-09-16T22:40Z,401816962,CIN,2026,Los Angeles Dodgers,2,33.01120418,2026-09-16T11:08Z,Cincinnati Reds,6,-232,-232,-207,188,188,169,False,DraftKings,1,-118,9,,,1.5,Final,8.0,-102
MIL,2026-09-16T22:40Z,401816963,PIT,2026,Milwaukee Brewers,5,36.61021512,2026-09-16T11:08Z,Pittsburgh Pirates,4,-135,-135,-149,112,112,123,False,DraftKings,1,-102,9,,,1.5,Final,7.5,-118
PHI,2026-09-16T22:45Z,401816964,WSH,2026,Philadelphia Phillies,3,44.0666858,2026-09-16T11:08Z,Washington Nationals,0,-194,-194,-136,159,159,113,False,DraftKings,1,-105,9,,,1.5,Final,9.0,-115
BAL,2026-09-16T23:00Z,401816959,NYM,2026,Baltimore Orioles,7,43.87434296,2026-09-16T11:09Z,New York Mets,1,-103,-103,121,-117,-117,-146,False,DraftKings,1,-120,9,,,1.5,Final,9.0,100
ATL,2026-09-16T23:40Z,401816965,CHC,2026,Atlanta Braves,4,62.51513138,2026-09-16T11:08Z,Chicago Cubs,8,140,140,117,-170,-170,-141,False,DraftKings,1,-105,9,,,-1.5,Final,7.5,-115
BOS,2026-09-17T00:05Z,401816966,TEX,2026,Boston Red Sox,3,48.42750503,2026-09-16T11:08Z,Texas Rangers,7,-114,-114,-106,-105,-105,-114,False,DraftKings,1,-105,9,,,1.5,Final,8.0,-114
KC,2026-09-17T00:10Z,401816967,HOU,2026,Kansas City Royals,5,55.66933988,2026-09-16T11:08Z,Houston Astros,2,141,141,121,-170,-170,-146,False,DraftKings,1,-105,9,,,-1.5,Final,9.0,-115
SD,2026-09-17T00:40Z,401816970,COL,2026,San Diego Padres,9,47.13553395,2026-09-16T11:08Z,Colorado Rockies,3,-168,-168,-183,139,139,150,False,DraftKings,1,-103,9,,,1.5,Final,11.0,-117
SEA,2026-09-17T01:38Z,401816972,LAA,2026,Seattle Mariners,7,50.5590069,2026-09-16T11:08Z,Los Angeles Angels,2,-131,-131,-136,109,109,113,False,DraftKings,1,-108,9,,,1.5,Final,8.0,-112
MIA,2026-09-17T01:40Z,401816971,ARI,2026,Miami Marlins,4,55.379488349999995,2026-09-16T11:08Z,Arizona Diamondbacks,3,119,119,-136,-143,-143,113,False,DraftKings,1,101,9,,,-1.5,Final,9.0,-122
MIL,2026-09-17T16:35Z,401816975,PIT,2026,Milwaukee Brewers,4,43.279219149999996,2026-09-17T11:08Z,Pittsburgh Pirates,7,-143,-143,-135,118,118,112,False,DraftKings,1,-122,9,,,1.5,Final,8.5,101
LAD,2026-09-17T16:40Z,401816974,CIN,2026,Los Angeles Dodgers,8,35.16615022,2026-09-17T11:08Z,Cincinnati Reds,2,-172,-172,-172,142,142,141,False,DraftKings,1,-105,9,,,1.5,Final,10.0,-115
ATH,2026-09-17T17:10Z,401816973,TB,2026,Athletics,1,74.39107659999999,2026-09-17T11:08Z,Tampa Bay Rays,10,223,223,239,-279,-279,-300,False,DraftKings,1,-115,9,,,-1.5,Final,7.5,-105
SD,2026-09-17T19:10Z,401816980,COL,2026,San Diego Padres,9,38.66829518,2026-09-17T11:08Z,Colorado Rockies,2,-198,-198,-194,162,162,159,False,DraftKings,1,100,9,,,1.5,Final,11.0,-120
PHI,2026-09-17T23:15Z,401816976,NYM,2026,Philadelphia Phillies,3,66.20504187,2026-09-17T11:08Z,New York Mets,0,109,109,119,-132,-132,-144,False,DraftKings,1,-116,9,,,-1.5,Final,8.0,-104
KC,2026-09-17T23:15Z,401816979,HOU,2026,Kansas City Royals,2,61.61774965,2026-09-17T11:08Z,Houston Astros,6,129,129,123,-156,-156,-155,False,DraftKings,1,-102,9,,,-1.5,Final,9.0,-118
DET,2026-09-17T23:40Z,401816978,CHW,2026,Detroit Tigers,1,50.551911329999996,2026-09-17T11:08Z,Chicago White Sox,3,-104,-104,113,-116,-116,-136,False,DraftKings,1,-106,9,,,1.5,Final,8.5,-114
BOS,2026-09-18T00:05Z,401816977,TEX,2026,Boston Red Sox,4,43.72137772,2026-09-17T11:08Z,Texas Rangers,3,-130,-130,-136,108,108,113,False,DraftKings,1,-103,9,,,1.5,Final,8.0,-116
MIN,2026-09-18T01:38Z,401816981,LAA,2026,Minnesota Twins,4,55.23885137,2026-09-17T11:08Z,Los Angeles Angels,5,-105,-105,-136,-115,-115,112,False,DraftKings,1,-124,10,,,1.5,Final/10,7.0,103
CHC,2026-09-18T22:40Z,401816984,CIN,2026,Chicago Cubs,4,46.829243240000004,2026-09-18T11:08Z,Cincinnati Reds,6,-150,-150,-130,124,124,108,False,DraftKings,1,-111,9,,,1.5,Final,8.5,-109
KC,2026-09-18T22:40Z,401816985,PIT,2026,Kansas City Royals,5,66.05741470999999,2026-09-18T11:08Z,Pittsburgh Pirates,8,158,158,142,-193,-193,-173,False,DraftKings,1,-104,9,,,-1.5,Final,8.5,-116
MIL,2026-09-18T23:05Z,401816986,BAL,2026,Milwaukee Brewers,6,48.94940757,2026-09-18T11:08Z,Baltimore Orioles,5,-149,-149,-149,124,124,123,False,DraftKings,1,-118,10,,,1.5,Final/10,8.0,-102
ATH,2026-09-18T23:10Z,401816982,CLE,2026,Athletics,3,64.46874627,2026-09-18T11:08Z,Cleveland Guardians,5,199,199,159,-246,-246,-193,False,DraftKings,1,-110,9,,,-1.5,Final,8.0,-110
BOS,2026-09-18T23:10Z,401816983,TB,2026,Boston Red Sox,4,49.9195226,2026-09-18T11:08Z,Tampa Bay Rays,2,114,114,108,-137,-137,-131,False,DraftKings,1,-112,9,,,-1.5,Final,7.0,-108
PHI,2026-09-18T23:10Z,401816987,NYM,2026,Philadelphia Phillies,3,52.302185089999995,2026-09-18T11:08Z,New York Mets,6,109,109,-102,-131,-131,-118,False,DraftKings,1,-115,9,,,-1.5,Final,8.5,-105
DET,2026-09-18T23:40Z,401816989,CHW,2026,Detroit Tigers,11,54.982960459999994,2026-09-18T11:08Z,Chicago White Sox,8,109,109,118,-132,-132,-142,False,DraftKings,1,-114,9,,,-1.5,Final,8.0,-105
TOR,2026-09-19T00:05Z,401816990,TEX,2026,Toronto Blue Jays,1,45.46116846,2026-09-18T11:08Z,Texas Rangers,7,-141,-141,-135,117,117,112,False,DraftKings,1,-105,9,,,1.5,Final,7.5,-114
ATL,2026-09-19T00:10Z,401816988,HOU,2026,Atlanta Braves,6,51.00463032,2026-09-18T11:08Z,Houston Astros,2,-120,-120,-120,100,100,100,False,DraftKings,1,-112,9,,,1.5,Final,8.0,-108
SEA,2026-09-19T00:10Z,401816992,COL,2026,Seattle Mariners,5,45.81813109,2026-09-18T11:08Z,Colorado Rockies,4,-191,-191,-186,157,157,153,False,DraftKings,1,-117,9,,,1.5,Final,10.5,-103
WSH,2026-09-19T00:15Z,401816991,STL,2026,Washington Nationals,9,54.27845535,2026-09-18T11:08Z,St. Louis Cardinals,1,-112,-112,-105,-107,-107,-115,False,DraftKings,1,-103,9,,,1.5,Final,8.0,-116
MIN,2026-09-19T01:38Z,401816994,LAA,2026,Minnesota Twins,3,48.73845712,2026-09-18T11:08Z,Los Angeles Angels,0,-114,-114,-120,-106,-106,100,False,DraftKings,1,-110,9,,,1.5,Final,8.0,-110
MIA,2026-09-19T01:40Z,401816993,SD,2026,Miami Marlins,2,60.087293470000006,2026-09-18T11:08Z,San Diego Padres,8,169,169,167,-206,-206,-204,False,DraftKings,1,-107,9,,,-1.5,Final,7.5,-112
NYY,2026-09-19T01:40Z,401816995,ARI,2026,New York Yankees,9,57.160860979999995,2026-09-18T11:08Z,Arizona Diamondbacks,2,-106,-106,-136,-114,-114,113,False,DraftKings,1,-113,9,,,1.5,Final,7.5,-107
SF,2026-09-19T02:15Z,401816996,LAD,2026,San Francisco Giants,2,69.51304846000001,2026-09-18T11:08Z,Los Angeles Dodgers,8,254,254,235,-321,-321,-295,False,DraftKings,1,-107,9,,,-1.5,Final,8.0,-112
DET,2026-09-19T18:10Z,401817004,CHW,2026,Detroit Tigers,1,61.24901688999999,2026-09-19T11:09Z,Chicago White Sox,3,113,113,117,-136,-136,-141,False,DraftKings,1,-104,9,,,-1.5,Final,8.0,-116
MIL,2026-09-19T20:05Z,401817001,BAL,2026,Milwaukee Brewers,1,54.02192236,2026-09-19T11:09Z,Baltimore Orioles,0,-109,-109,-135,-111,-111,112,False,DraftKings,1,-110,9,,,1.5,Final,7.5,-110
BOS,2026-09-19T20:10Z,401816998,TB,2026,Boston Red Sox,1,50.18366178,2026-09-19T11:09Z,Tampa Bay Rays,2,125,125,119,-151,-151,-143,False,DraftKings,1,-107,9,,,-1.5,Final,7.5,-112
PHI,2026-09-19T20:10Z,401817002,NYM,2026,Philadelphia Phillies,3,61.94272532,2026-09-19T11:09Z,New York Mets,10,104,104,100,-125,-125,-120,False,DraftKings,1,-113,9,,,-1.5,Final,8.0,-106
ATH,2026-09-19T22:10Z,401816997,CLE,2026,Athletics,6,61.62032161,2026-09-19T11:09Z,Cleveland Guardians,12,154,154,150,-188,-188,-183,False,DraftKings,1,-117,9,,,-1.5,Final,7.5,-103
CHC,2026-09-19T22:40Z,401816999,CIN,2026,Chicago Cubs,5,39.40462998,2026-09-19T11:09Z,Cincinnati Reds,2,-148,-148,-136,123,123,113,False,DraftKings,1,-117,9,,,1.5,Final,9.0,-103
KC,2026-09-19T22:40Z,401817000,PIT,2026,Kansas City Royals,5,62.26638904,2026-09-19T11:09Z,Pittsburgh Pirates,6,-101,-101,101,-119,-119,-121,False,DraftKings,1,-102,9,,,1.5,Final,8.0,-118
TOR,2026-09-19T23:05Z,401817005,TEX,2026,Toronto Blue Jays,2,54.425064479999996,2026-09-19T11:09Z,Texas Rangers,6,-106,-106,-107,-114,-114,-113,False,DraftKings,1,-114,9,,,1.5,Final,7.5,-105
ATL,2026-09-19T23:10Z,401817003,HOU,2026,Atlanta Braves,6,49.04784315,2026-09-19T11:09Z,Houston Astros,3,114,114,-103,-137,-137,-117,False,DraftKings,1,-122,9,,,-1.5,Final,8.5,101
WSH,2026-09-19T23:15Z,401817006,STL,2026,Washington Nationals,8,49.050744460000004,2026-09-19T11:09Z,St. Louis Cardinals,5,-104,-104,113,-115,-115,-136,False,DraftKings,1,-124,11,,,1.5,Final/11,8.5,103
SEA,2026-09-20T00:10Z,401817007,COL,2026,Seattle Mariners,3,53.487449389999995,2026-09-19T11:09Z,Colorado Rockies,5,-149,-149,-162,123,123,134,False,DraftKings,1,-120,9,,,1.5,Final,10.5,-101
NYY,2026-09-20T00:10Z,401817010,ARI,2026,New York Yankees,3,38.79448988,2026-09-19T11:09Z,Arizona Diamondbacks,5,-162,-162,-162,134,134,134,False,DraftKings,1,100,9,,,1.5,Final,7.5,-120
MIA,2026-09-20T00:40Z,401817008,SD,2026,Miami Marlins,6,59.07101899,2026-09-19T11:09Z,San Diego Padres,7,130,130,130,-158,-158,-157,False,DraftKings,1,-109,10,,,-1.5,Final/10,7.5,-110
SF,2026-09-20T01:10Z,401817011,LAD,2026,San Francisco Giants,4,77.13647511,2026-09-19T11:09Z,Los Angeles Dodgers,10,318,318,273,-415,-415,-349,False,DraftKings,1,-106,9,,,-1.5,Final,7.5,-113
MIN,2026-09-20T01:38Z,401817009,LAA,2026,Minnesota Twins,5,53.69680722,2026-09-19T11:09Z,Los Angeles Angels,6,105,105,-107,-126,-126,-113,False,DraftKings,1,-119,11,,,-1.5,Final/11,7.0,-101
PHI,2026-09-20T17:10Z,401817017,NYM,2026,Philadelphia Phillies,7,42.28353227,2026-09-20T11:08Z,New York Mets,2,-160,-160,-163,132,132,135,False,DraftKings,1,-115,9,,,1.5,Final,7.5,-104
KC,2026-09-20T17:35Z,401817015,PIT,2026,Kansas City Royals,3,59.88453237,2026-09-20T11:08Z,Pittsburgh Pirates,4,101,101,-118,-122,-122,-102,False,DraftKings,1,-108,9,,,1.5,Final,8.5,-112
ATH,2026-09-20T17:40Z,401817012,CLE,2026,Athletics,0,68.36470931000001,2026-09-20T11:08Z,Cleveland Guardians,1,213,213,192,-265,-265,-237,False,DraftKings,1,-115,9,,,-1.5,Final,7.0,-105
BOS,2026-09-20T17:40Z,401817013,TB,2026,Boston Red Sox,1,64.06664139,2026-09-20T11:08Z,Tampa Bay Rays,5,127,127,129,-153,-153,-155,False,DraftKings,1,-109,9,,,-1.5,Final,7.5,-110
CHC,2026-09-20T17:40Z,401817014,CIN,2026,Chicago Cubs,9,38.17850998,2026-09-20T11:08Z,Cincinnati Reds,1,-168,-168,-155,139,139,129,False,DraftKings,1,-109,9,,,1.5,Final,9.5,-111
ATL,2026-09-20T18:10Z,401817018,HOU,2026,Atlanta Braves,4,54.16897676,2026-09-20T11:08Z,Houston Astros,2,133,133,113,-161,-161,-136,False,DraftKings,1,-114,9,,,-1.5,Final,8.0,-105
DET,2026-09-20T18:10Z,401817019,CHW,2026,Detroit Tigers,1,49.97283375,2026-09-20T11:08Z,Chicago White Sox,8,-101,-101,100,-120,-120,-120,False,DraftKings,1,-115,9,,,1.5,Final,8.0,-105
WSH,2026-09-20T18:15Z,401817021,STL,2026,Washington Nationals,3,60.40685416,2026-09-20T11:08Z,St. Louis Cardinals,5,108,108,123,-131,-131,-149,False,DraftKings,1,-121,9,,,-1.5,Final,8.5,100
TOR,2026-09-20T18:35Z,401817020,TEX,2026,Toronto Blue Jays,7,56.42107318,2026-09-20T11:08Z,Texas Rangers,2,145,145,140,-176,-176,-169,False,DraftKings,1,-125,9,,,-1.5,Final,7.0,104
SEA,2026-09-20T19:10Z,401817022,COL,2026,Seattle Mariners,2,53.385971590000004,2026-09-20T11:08Z,Colorado Rockies,1,-163,-163,-164,135,135,136,False,DraftKings,1,-108,9,,,1.5,Final,11.0,-112
MIN,2026-09-20T20:07Z,401817024,LAA,2026,Minnesota Twins,8,50.18947654,2026-09-20T11:08Z,Los Angeles Angels,0,-111,-111,-122,-109,-109,102,False,DraftKings,1,-112,9,,,1.5,Final,8.0,-108
MIA,2026-09-20T20:10Z,401817023,SD,2026,Miami Marlins,3,51.840506090000005,2026-09-20T11:08Z,San Diego Padres,7,129,129,114,-156,-156,-137,False,DraftKings,1,-113,9,,,-1.5,Final,8.0,-106
NYY,2026-09-20T20:10Z,401817025,ARI,2026,New York Yankees,4,50.67515738,2026-09-20T11:08Z,Arizona Diamondbacks,8,105,105,-114,-126,-126,-106,False,DraftKings,1,-112,9,,,-1.5,Final,8.0,-108
SF,2026-09-20T20:10Z,401817026,LAD,2026,San Francisco Giants,1,72.09900991,2026-09-20T11:08Z,Los Angeles Dodgers,3,229,229,214,-287,-287,-267,False,DraftKings,1,-109,9,,,-1.5,Final,8.5,-111
MIL,2026-09-20T23:20Z,401817016,BAL,2026,Milwaukee Brewers,3,34.493934120000006,2026-09-20T11:08Z,Baltimore Orioles,0,-217,-217,-206,177,177,169,False,DraftKings,1,-105,9,,,1.5,Final,7.5,-114
TOR,2026-09-21T22:35Z,401817027,BAL,2026,Toronto Blue Jays,3,54.313066060000004,2026-09-21T11:08Z,Baltimore Orioles,4,-109,-109,-108,-111,-111,-112,False,DraftKings,1,103,9,,,1.5,Final,7.5,-125
WSH,2026-09-21T22:40Z,401817028,DET,2026,Washington Nationals,2,53.24355868,2026-09-21T11:08Z,Detroit Tigers,9,113,113,129,-136,-136,-156,False,DraftKings,1,-115,9,,,-1.5,Final,8.5,-104
MIN,2026-09-22T01:45Z,401817029,SF,2026,Minnesota Twins,2,46.77869444,2026-09-21T11:08Z,San Francisco Giants,5,-136,-136,-118,113,113,-102,False,DraftKings,1,-109,9,,,1.5,Final,8.0,-111
TB,2026-09-22T17:05Z,401873648,NYY,2026,Tampa Bay Rays,0,59.012739059999994,2026-09-22T11:08Z,New York Yankees,2,120,120,117,-145,-145,-141,False,DraftKings,1,-118,9,,,-1.5,Final,6.5,-102
MIL,2026-09-22T22:40Z,401817032,PHI,2026,Milwaukee Brewers,4,59.42763275,2026-09-22T11:08Z,Philadelphia Phillies,6,134,134,113,-162,-162,-136,False,DraftKings,1,-110,9,,,-1.5,Final,7.0,-110
STL,2026-09-22T22:40Z,401817033,PIT,2026,St. Louis Cardinals,0,57.02890148,2026-09-22T11:08Z,Pittsburgh Pirates,2,140,140,121,-169,-169,-146,False,DraftKings,1,-115,9,,,-1.5,Final,7.0,-104
WSH,2026-09-22T22:40Z,401817036,DET,2026,Washington Nationals,3,60.538345699999994,2026-09-22T11:08Z,Detroit Tigers,1,129,129,128,-156,-156,-155,False,DraftKings,1,-119,9,,,-1.5,Final,8.0,-101
CLE,2026-09-22T22:45Z,401817031,BOS,2026,Cleveland Guardians,3,51.02562133000001,2026-09-22T11:08Z,Boston Red Sox,2,102,102,102,-123,-123,-122,False,DraftKings,1,-115,9,,,-1.5,Final,6.0,-105
TB,2026-09-22T23:05Z,401817034,NYY,2026,Tampa Bay Rays,6,60.23271649,2026-09-22T11:08Z,New York Yankees,1,104,104,113,-125,-125,-136,False,DraftKings,1,-104,9,,,-1.5,Final,6.0,-115
CIN,2026-09-22T23:15Z,401817030,ATL,2026,Cincinnati Reds,4,64.25575597999999,2026-09-22T11:08Z,Atlanta Braves,0,194,194,159,-239,-239,-194,False,DraftKings,1,100,9,,,-1.5,Final,9.5,-120
CHW,2026-09-22T23:40Z,401817037,KC,2026,Chicago White Sox,14,52.54348659,2026-09-22T11:08Z,Kansas City Royals,11,-125,-125,-122,104,104,102,False,DraftKings,1,-107,9,,,1.5,Final,8.0,-112
MIA,2026-09-22T23:40Z,401817038,CHC,2026,Miami Marlins,8,63.69170802000001,2026-09-22T11:08Z,Chicago Cubs,2,181,181,179,-223,-223,-220,False,DraftKings,1,-115,12,,,-1.5,Final/12,6.5,-105
NYM,2026-09-23T00:05Z,401817039,TEX,2026,New York Mets,6,53.14560438,2026-09-22T11:08Z,Texas Rangers,3,105,105,121,-126,-126,-146,False,DraftKings,1,-108,9,,,-1.5,Final,8.5,-112
ARI,2026-09-23T00:40Z,401817040,COL,2026,Arizona Diamondbacks,7,40.12782628,2026-09-22T11:08Z,Colorado Rockies,2,-181,-181,-199,149,149,163,False,DraftKings,1,-105,9,,,1.5,Final,11.0,-115
LAA,2026-09-23T01:40Z,401817041,ATH,2026,Los Angeles Angels,7,56.48400515,2026-09-22T11:08Z,Athletics,9,-108,-108,-110,-112,-112,-110,False,DraftKings,1,-105,9,,,1.5,Final,9.5,-114
HOU,2026-09-23T01:40Z,401817042,SEA,2026,Houston Astros,7,59.90837046000001,2026-09-22T11:08Z,Seattle Mariners,0,109,109,123,-132,-132,-149,False,DraftKings,1,-117,9,,,-1.5,Final,7.0,-103
MIN,2026-09-23T01:45Z,401817043,SF,2026,Minnesota Twins,3,44.69300885,2026-09-22T11:08Z,San Francisco Giants,2,-144,-144,-131,119,119,108,False,DraftKings,1,-122,9,,,1.5,Final,7.0,102
SD,2026-09-23T02:10Z,401817044,LAD,2026,San Diego Padres,0,66.82199856,2026-09-22T11:08Z,Los Angeles Dodgers,7,104,104,101,-126,-126,-122,False,DraftKings,1,-105,9,,,-1.5,Final,8.5,-115
WSH,2026-09-23T17:10Z,401817051,DET,2026,Washington Nationals,4,60.870001009999996,2026-09-23T11:04Z,Detroit Tigers,2,136,136,148,-165,-165,-180,False,DraftKings,1,-113,9,,,-1.5,Final,7.5,-106
TOR,2026-09-23T17:35Z,401923610,BAL,2026,Toronto Blue Jays,2,65.96631337,2026-09-23T11:04Z,Baltimore Orioles,4,106,106,109,-127,-127,-131,False,DraftKings,1,-118,9,,,-1.5,Final,7.0,-102
MIN,2026-09-23T19:45Z,401817058,SF,2026,Minnesota Twins,4,56.498980519999996,2026-09-23T11:04Z,San Francisco Giants,2,-155,-155,-149,129,129,124,False,DraftKings,1,-118,9,,,1.5,Final,7.5,-102
TOR,2026-09-23T22:35Z,401817050,BAL,2026,Toronto Blue Jays,2,57.972309040000006,2026-09-23T11:04Z,Baltimore Orioles,4,102,102,102,-123,-123,-123,False,DraftKings,1,-112,9,,,-1.5,Final,7.5,-107
MIL,2026-09-23T22:40Z,401817047,PHI,2026,Milwaukee Brewers,4,34.885717379999996,2026-09-23T11:04Z,Philadelphia Phillies,1,-126,-126,-143,104,104,119,False,DraftKings,1,-112,9,,,1.5,Final,7.0,-107
STL,2026-09-23T22:40Z,401817048,PIT,2026,St. Louis Cardinals,5,65.42055944,2026-09-23T11:04Z,Pittsburgh Pirates,1,114,114,100,-138,-138,-121,False,DraftKings,1,-107,9,,,-1.5,Final,7.5,-112
CLE,2026-09-23T23:00Z,401817046,BOS,2026,Cleveland Guardians,0,64.22881810999999,2026-09-23T11:04Z,Boston Red Sox,1,118,118,110,-143,-143,-132,False,DraftKings,1,-114,9,,,-1.5,Final,6.5,-105
TB,2026-09-23T23:05Z,401817049,NYY,2026,Tampa Bay Rays,2,58.17662003,2026-09-23T11:04Z,New York Yankees,9,118,118,118,-143,-143,-142,False,DraftKings,1,-114,9,,,-1.5,Final,6.5,-105
CIN,2026-09-23T23:15Z,401817045,ATL,2026,Cincinnati Reds,2,77.61571995,2026-09-23T11:04Z,Atlanta Braves,3,223,223,203,-279,-279,-252,False,DraftKings,1,-112,10,,,-1.5,Final/10,7.0,-107
CHW,2026-09-23T23:40Z,401817052,KC,2026,Chicago White Sox,4,42.55361003,2026-09-23T11:04Z,Kansas City Royals,5,-122,-122,-112,101,101,-108,False,DraftKings,1,-122,9,,,1.5,Final,8.5,101
MIA,2026-09-23T23:40Z,401817053,CHC,2026,Miami Marlins,3,65.09945096999999,2026-09-23T11:04Z,Chicago Cubs,2,159,159,144,-194,-194,-175,False,DraftKings,1,-121,9,,,-1.5,Final,6.5,101
NYM,2026-09-24T00:05Z,401817054,TEX,2026,New York Mets,7,41.86299472,2026-09-23T11:04Z,Texas Rangers,2,-113,-113,-104,-107,-107,-115,False,DraftKings,1,-110,9,,,1.5,Final,8.0,-110
ARI,2026-09-24T00:40Z,401817055,COL,2026,Arizona Diamondbacks,5,50.80206421,2026-09-23T11:04Z,Colorado Rockies,3,-168,-168,-161,139,139,133,False,DraftKings,1,-114,9,,,1.5,Final,11.0,-105
LAA,2026-09-24T01:40Z,401817056,ATH,2026,Los Angeles Angels,3,41.28938075,2026-09-23T11:04Z,Athletics,7,-142,-142,-131,118,118,108,False,DraftKings,1,-114,9,,,1.5,Final,9.0,-106
HOU,2026-09-24T02:00Z,401817057,SEA,2026,Houston Astros,5,54.06169111,2026-09-23T11:04Z,Seattle Mariners,6,108,108,124,-130,-130,-149,False,DraftKings,1,-112,10,,,-1.5,Final/10,7.5,-107
SD,2026-09-24T02:10Z,401817059,LAD,2026,San Diego Padres,5,69.83513341999999,2026-09-23T11:04Z,Los Angeles Dodgers,1,194,194,179,-239,-239,-219,False,DraftKings,1,-112,9,,,-1.5,Final,8.0,-108
STL,2026-09-24T16:35Z,401817063,PIT,2026,St. Louis Cardinals,1,60.66492359,2026-09-24T11:05Z,Pittsburgh Pirates,2,138,138,135,-167,-167,-164,False,DraftKings,1,-110,9,,,-1.5,Final,7.0,-110
CHW,2026-09-24T18:10Z,401817065,KC,2026,Chicago White Sox,9,57.74746593,2026-09-24T11:05Z,Kansas City Royals,1,-142,-142,-120,118,118,100,False,DraftKings,1,-118,9,,,1.5,Final,8.5,-102
MIA,2026-09-24T18:20Z,401817066,CHC,2026,Miami Marlins,1,63.085703390000006,2026-09-24T11:05Z,Chicago Cubs,2,184,184,168,-226,-226,-206,False,DraftKings,1,-112,9,,,-1.5,Final,7.0,-108
NYM,2026-09-24T18:35Z,401817067,TEX,2026,New York Mets,1,47.84455577,2026-09-24T11:05Z,Texas Rangers,3,110,110,109,-132,-132,-131,False,DraftKings,1,-101,9,,,-1.5,Final,8.5,-119
ARI,2026-09-24T19:10Z,401817068,COL,2026,Arizona Diamondbacks,12,38.10080737,2026-09-24T11:05Z,Colorado Rockies,8,-196,-196,-186,161,161,153,False,DraftKings,1,-113,9,,,1.5,Final,10.0,-107
MIL,2026-09-24T22:05Z,401817062,PHI,2026,Milwaukee Brewers,5,48.03476734,2026-09-24T11:05Z,Philadelphia Phillies,1,109,109,-102,-131,-131,-119,False,DraftKings,1,-112,9,,,-1.5,Final,7.5,-107
CLE,2026-09-24T22:45Z,401817061,BOS,2026,Cleveland Guardians,1,66.86842155000001,2026-09-24T11:05Z,Boston Red Sox,0,106,106,119,-127,-127,-143,False,DraftKings,1,-112,9,,,-1.5,Final,6.5,-107
TB,2026-09-24T23:05Z,401817064,NYY,2026,Tampa Bay Rays,4,70.84907304,2026-09-24T11:05Z,New York Yankees,6,123,123,129,-149,-149,-156,False,DraftKings,1,-104,9,,,-1.5,Final,6.0,-116
CIN,2026-09-24T23:15Z,401817060,ATL,2026,Cincinnati Reds,7,71.41477249,2026-09-24T11:05Z,Atlanta Braves,6,194,194,179,-239,-239,-220,False,DraftKings,1,-118,9,,,-1.5,Final,8.0,-102
LAA,2026-09-25T01:40Z,401817069,SEA,2026,Los Angeles Angels,6,67.68782388,2026-09-24T11:05Z,Seattle Mariners,4,163,163,168,-198,-198,-206,False,DraftKings,1,-104,9,,,-1.5,Final,7.0,-115
HOU,2026-09-25T01:40Z,401817070,ATH,2026,Houston Astros,7,40.93282494,2026-09-24T11:05Z,Athletics,5,-180,-180,-163,148,148,135,False,DraftKings,1,-108,9,,,1.5,Final,11.0,-111
SD,2026-09-25T02:10Z,401817071,LAD,2026,San Diego Padres,4,60.59155904,2026-09-24T11:05Z,Los Angeles Dodgers,2,144,144,139,-175,-175,-169,False,DraftKings,1,-115,9,,,-1.5,Final,7.5,-105
CHC,2026-09-25T17:05Z,401817104,BOS,2026,Chicago Cubs,3,51.25906577,2026-09-27T11:04Z,Boston Red Sox,4,-123,-123,-123,102,102,102,False,DraftKings,1,-110,9,,,1.5,Final,6.5,-110
BAL,2026-09-25T20:05Z,401817088,NYY,2026,Baltimore Orioles,10,49.856270349999996,2026-09-25T11:04Z,New York Yankees,2,-113,-113,105,-106,-106,-126,False,DraftKings,1,-105,9,,,1.5,Final,7.0,-114
CHC,2026-09-25T21:30Z,401817074,BOS,2026,Chicago Cubs,0,49.25999207,2026-09-25T11:04Z,Boston Red Sox,2,-120,-120,-118,-101,-101,-102,False,DraftKings,1,-115,9,,,1.5,Final,6.5,-105
PIT,2026-09-25T22:40Z,401817077,DET,2026,Pittsburgh Pirates,7,47.93653168,2026-09-25T11:04Z,Detroit Tigers,8,100,100,-112,-121,-121,-107,False,DraftKings,1,-104,9,,,1.5,Final,8.0,-116
TB,2026-09-25T22:40Z,401817078,PHI,2026,Tampa Bay Rays,2,65.06342166,2026-09-25T11:04Z,Philadelphia Phillies,0,152,152,129,-184,-184,-156,False,DraftKings,1,-114,9,,,-1.5,Final,6.5,-105
NYM,2026-09-25T22:45Z,401817076,WSH,2026,New York Mets,6,63.02619195,2026-09-25T11:04Z,Washington Nationals,7,-108,-108,-136,-112,-112,113,False,DraftKings,1,-121,9,,,1.5,Final,8.5,100
CIN,2026-09-25T23:07Z,401817075,TOR,2026,Cincinnati Reds,5,60.43181507999999,2026-09-25T11:04Z,Toronto Blue Jays,6,143,143,113,-174,-174,-136,False,DraftKings,1,-114,9,,,-1.5,Final,7.5,-105
ATL,2026-09-25T23:10Z,401817072,MIA,2026,Atlanta Braves,0,53.45854503,2026-09-25T11:04Z,Miami Marlins,3,-115,-115,-125,-105,-105,104,False,DraftKings,1,-108,9,,,1.5,Final,8.0,-112
BAL,2026-09-25T23:30Z,401817073,NYY,2026,Baltimore Orioles,3,65.71310623,2026-09-25T11:04Z,New York Yankees,6,-102,-102,118,-118,-118,-142,False,DraftKings,1,-119,9,,,1.5,Final,6.5,-102
CLE,2026-09-25T23:40Z,401817079,KC,2026,Cleveland Guardians,12,50.82283228,2026-09-25T11:04Z,Kansas City Royals,9,-148,-148,-131,122,122,108,False,DraftKings,1,-119,9,,,1.5,Final,7.0,-101
COL,2026-09-25T23:40Z,401817080,CHW,2026,Colorado Rockies,1,67.81242073,2026-09-25T11:04Z,Chicago White Sox,6,200,200,181,-247,-247,-222,False,DraftKings,1,-112,9,,,-1.5,Final,8.0,-107
STL,2026-09-25T23:40Z,401817081,MIL,2026,St. Louis Cardinals,4,61.26527747,2026-09-25T11:04Z,Milwaukee Brewers,8,158,158,151,-193,-193,-184,False,DraftKings,1,-114,9,,,-1.5,Final,7.5,-105
TEX,2026-09-26T00:10Z,401817082,MIN,2026,Texas Rangers,2,57.278679079999996,2026-09-25T11:04Z,Minnesota Twins,10,-126,-126,-110,105,105,-110,False,DraftKings,1,-110,9,,,1.5,Final,7.0,-109
ARI,2026-09-26T01:40Z,401817084,SD,2026,Arizona Diamondbacks,11,56.617295639999995,2026-09-25T11:04Z,San Diego Padres,4,-115,-115,118,-105,-105,-142,False,DraftKings,1,-104,9,,,1.5,Final,8.0,-115
HOU,2026-09-26T01:40Z,401817085,ATH,2026,Houston Astros,5,38.55781257,2026-09-25T11:04Z,Athletics,6,-203,-203,-174,166,166,143,False,DraftKings,1,-103,9,,,1.5,Final,9.5,-117
LAA,2026-09-26T02:10Z,401817083,SEA,2026,Los Angeles Angels,7,48.8378899,2026-09-25T11:04Z,Seattle Mariners,5,-105,-105,111,-115,-115,-134,False,DraftKings,1,-114,9,,,1.5,Final,6.5,-105
LAD,2026-09-26T02:15Z,401817086,SF,2026,Los Angeles Dodgers,2,30.535306730000002,2026-09-25T11:04Z,San Francisco Giants,0,-337,-337,-398,264,264,307,False,DraftKings,1,-118,9,,,1.5,Final,7.5,-102
NYM,2026-09-26T16:35Z,401817091,WSH,2026,New York Mets,7,68.73831391,2026-09-26T11:04Z,Washington Nationals,1,-109,-109,-131,-110,-110,109,False,DraftKings,1,-113,9,,,1.5,Final,8.5,-106
PIT,2026-09-26T17:10Z,401817092,DET,2026,Pittsburgh Pirates,3,50.6147338,2026-09-26T11:04Z,Detroit Tigers,4,-101,-101,102,-120,-120,-123,False,DraftKings,1,-107,9,,,1.5,Final,9.0,-112
CIN,2026-09-26T19:07Z,401817090,TOR,2026,Cincinnati Reds,5,69.17360430000001,2026-09-26T11:04Z,Toronto Blue Jays,1,139,139,129,-168,-168,-156,False,DraftKings,1,-118,9,,,-1.5,Final,8.0,-102
LAD,2026-09-26T20:05Z,401817101,SF,2026,Los Angeles Dodgers,4,33.785082509999995,2026-09-26T11:04Z,San Francisco Giants,3,-292,-292,-330,233,233,260,False,DraftKings,1,-118,9,,,1.5,Final,7.0,-102
ATL,2026-09-26T20:10Z,401817087,MIA,2026,Atlanta Braves,8,47.1025292,2026-09-26T11:04Z,Miami Marlins,3,-118,-118,-131,-102,-102,109,False,DraftKings,1,-111,9,,,1.5,Final,8.5,-109
TEX,2026-09-26T20:10Z,401817097,MIN,2026,Texas Rangers,6,51.596222690000005,2026-09-26T11:04Z,Minnesota Twins,2,-125,-125,-131,104,104,109,False,DraftKings,1,-118,9,,,1.5,Final,7.5,-102
CLE,2026-09-26T23:10Z,401817094,KC,2026,Cleveland Guardians,11,57.63844159,2026-09-26T11:04Z,Kansas City Royals,5,-112,-112,-131,-108,-108,108,False,DraftKings,1,-102,9,,,1.5,Final,8.5,-118
COL,2026-09-26T23:10Z,401817095,CHW,2026,Colorado Rockies,9,65.27019068,2026-09-26T11:04Z,Chicago White Sox,6,211,211,188,-262,-262,-231,False,DraftKings,1,-120,9,,,-1.5,Final,8.0,-101
STL,2026-09-26T23:10Z,401817096,MIL,2026,St. Louis Cardinals,2,61.90804569,2026-09-26T11:04Z,Milwaukee Brewers,3,134,134,159,-163,-163,-194,False,DraftKings,1,-105,9,,,-1.5,Final,7.5,-114
TB,2026-09-26T23:15Z,401817093,PHI,2026,Tampa Bay Rays,12,51.25813571,2026-09-26T11:04Z,Philadelphia Phillies,1,108,108,-114,-130,-130,-105,False,DraftKings,1,-124,9,,,-1.5,Final,6.5,103
ARI,2026-09-27T00:40Z,401817099,SD,2026,Arizona Diamondbacks,7,50.854903809999996,2026-09-26T11:04Z,San Diego Padres,10,104,104,108,-125,-125,-131,False,DraftKings,1,-102,9,,,-1.5,Final,8.0,-118
LAA,2026-09-27T01:40Z,401817098,SEA,2026,Los Angeles Angels,4,59.346079259999996,2026-09-26T11:04Z,Seattle Mariners,8,134,134,153,-163,-163,-186,False,DraftKings,1,-117,9,,,-1.5,Final,7.0,-103
HOU,2026-09-27T01:40Z,401817100,ATH,2026,Houston Astros,13,43.3990745,2026-09-26T11:04Z,Athletics,2,-170,-170,-143,140,140,118,False,DraftKings,1,-105,9,,,1.5,Final,10.0,-115
NYM,2026-09-27T17:05Z,401817106,WSH,2026,New York Mets,4,53.20536500000001,2026-09-27T11:04Z,Washington Nationals,6,-112,-112,-110,-108,-108,-110,False,DraftKings,1,-103,9,,,1.5,Final,8.5,-117
TB,2026-09-27T18:30Z,401817108,PHI,2026,Tampa Bay Rays,3,58.20354867,2026-09-27T11:04Z,Philadelphia Phillies,7,169,169,111,-207,-207,-134,False,DraftKings,1,-104,9,,,-1.5,Final,6.5,-115
CHC,2026-09-27T19:05Z,401817089,BOS,2026,Chicago Cubs,6,48.06672752,2026-09-25T11:04Z,Boston Red Sox,2,-120,-120,-124,-101,-101,103,True,DraftKings,1,-105,9,,,1.5,Final,7.5,-114
HOU,2026-09-27T19:05Z,401817115,ATH,2026,Houston Astros,9,46.440384689999995,2026-09-27T11:04Z,Athletics,0,-199,-199,-168,163,163,139,False,DraftKings,1,-105,9,,,1.5,Final,10.5,-115
LAD,2026-09-27T19:05Z,401817116,SF,2026,Los Angeles Dodgers,5,33.4614847,2026-09-27T11:04Z,San Francisco Giants,1,-249,-249,-259,201,201,208,False,DraftKings,1,-105,10,,,1.5,Final/10,8.5,-114
CIN,2026-09-27T19:07Z,401817105,TOR,2026,Cincinnati Reds,1,51.44889203,2026-09-27T11:04Z,Toronto Blue Jays,5,141,141,142,-171,-171,-172,False,DraftKings,1,-119,9,,,-1.5,Final,8.5,-102
ATL,2026-09-27T19:10Z,401817102,MIA,2026,Atlanta Braves,3,56.037061060000006,2026-09-27T11:04Z,Miami Marlins,5,105,105,-110,-126,-126,-110,False,DraftKings,1,-107,9,,,-1.5,Final,8.0,-113
PIT,2026-09-27T19:10Z,401817107,DET,2026,Pittsburgh Pirates,4,51.04667839,2026-09-27T11:04Z,Detroit Tigers,2,101,101,-136,-122,-122,113,False,DraftKings,1,-103,9,,,1.5,Final,8.0,-117
CLE,2026-09-27T19:10Z,401817109,KC,2026,Cleveland Guardians,2,39.93702372,2026-09-27T11:04Z,Kansas City Royals,3,-109,-109,-149,-111,-111,123,False,DraftKings,1,-115,9,,,1.5,Final,8.0,-105
COL,2026-09-27T19:10Z,401817110,CHW,2026,Colorado Rockies,2,66.08153053,2026-09-27T11:04Z,Chicago White Sox,4,135,135,180,-163,-163,-221,False,DraftKings,1,-105,9,,,-1.5,Final,8.5,-115
STL,2026-09-27T19:10Z,401817111,MIL,2026,St. Louis Cardinals,4,76.38613775,2026-09-27T11:04Z,Milwaukee Brewers,6,178,178,188,-218,-218,-231,False,DraftKings,1,-119,9,,,-1.5,Final,7.0,-101
TEX,2026-09-27T19:10Z,401817112,MIN,2026,Texas Rangers,4,55.13644521,2026-09-27T11:04Z,Minnesota Twins,6,-115,-115,-126,-105,-105,104,False,DraftKings,1,-116,9,,,1.5,Final,8.0,-104
LAA,2026-09-27T19:10Z,401817113,SEA,2026,Los Angeles Angels,3,64.61569845,2026-09-27T11:04Z,Seattle Mariners,7,137,137,147,-166,-166,-179,False,DraftKings,1,100,9,,,-1.5,Final,7.0,-121
ARI,2026-09-27T19:10Z,401817114,SD,2026,Arizona Diamondbacks,4,50.94797953,2026-09-27T11:04Z,San Diego Padres,9,-156,-156,-131,129,129,108,False,DraftKings,1,-105,9,,,1.5,Final,8.0,-115
