away,date_utc,espn_id,home,season,away_name,away_score,home_name,home_score,ml_away,ml_away_close,ml_away_open,ml_home,ml_home_close,ml_home_open,neutral,odds_provider,odds_providers_n,over_price,periods,result_type,sp_price_away,sp_price_home,spread_home,status_detail,total,under_price,ml_home_raw,ml_away_raw,ml_provider,ml_status,ml_sane_books
SJ,2022-10-07T18:00Z,401458590,NSH,2022,San Jose Sharks,1,Nashville Predators,4,160,,,-192,,,True,DraftKings,14,100,3,REG,-155,135,-1.5,Final,6.0,-120,-115,235,ESPN BET,fixed,7
NSH,2022-10-08T18:00Z,401458591,SJ,2022,Nashville Predators,3,San Jose Sharks,2,-175,,,144,,,True,DraftKings,14,-110,3,REG,145,-170,1.5,Final,6.0,-110,215,-110,ESPN BET,fixed,9
TB,2022-10-11T23:30Z,401458593,NYR,2022,Tampa Bay Lightning,1,New York Rangers,3,110,,,-133,,,False,DraftKings,13,-105,3,REG,-255,215,-1.5,Final,5.5,-115,130,160,ESPN BET,fixed,7
VGK,2022-10-12T02:00Z,401458592,LA,2022,Vegas Golden Knights,4,Los Angeles Kings,3,-105,,,-115,,,False,DraftKings,13,100,3,REG,-245,205,-1.5,Final,6.5,-120,130,150,ESPN BET,fixed,8
CBJ,2022-10-12T23:00Z,401458595,CAR,2022,Columbus Blue Jackets,1,Carolina Hurricanes,4,220,,,-278,,,False,DraftKings,13,100,3,REG,-110,-110,-1.5,Final,6.5,-120,-170,350,ESPN BET,fixed,7
TOR,2022-10-12T23:00Z,401458598,MTL,2022,Toronto Maple Leafs,3,Montreal Canadiens,4,-250,,,205,,,False,DraftKings,12,105,3,REG,-105,-115,1.5,Final,7.0,-125,310,-160,ESPN BET,fixed,6
BOS,2022-10-12T23:00Z,401458599,WSH,2022,Boston Bruins,5,Washington Capitals,2,110,,,-133,,,False,DraftKings,13,-115,3,REG,-210,180,-1.5,Final,6.0,-105,110,185,ESPN BET,fixed,8
CHI,2022-10-13T01:30Z,401458596,COL,2022,Chicago Blackhawks,2,Colorado Avalanche,5,310,,,-410,,,False,DraftKings,13,-120,3,REG,135,-155,-1.5,Final,6.5,100,-255,500,ESPN BET,fixed,8
SEA,2022-10-13T02:00Z,401458594,ANA,2022,Seattle Kraken,4,Anaheim Ducks,5,105,,,-125,,,False,DraftKings,13,-120,4,OT,-250,210,-1.5,Final/OT,5.5,100,125,165,Caesars Sportsbook,fixed,6
VAN,2022-10-13T02:00Z,401458597,EDM,2022,Vancouver Canucks,3,Edmonton Oilers,5,150,,,-180,,,False,DraftKings,13,-120,3,REG,-155,135,-1.5,Final,6.5,100,-120,240,ESPN BET,fixed,7
OTT,2022-10-13T23:00Z,401458600,BUF,2022,Ottawa Senators,1,Buffalo Sabres,4,-125,,,105,,,False,DraftKings,13,-120,3,REG,210,-250,1.5,Final,6.5,100,160,130,Caesars Sportsbook,fixed,6
NJ,2022-10-13T23:00Z,401458606,PHI,2022,New Jersey Devils,2,Philadelphia Flyers,5,-125,,,105,,,False,DraftKings,13,-110,3,REG,200,-240,1.5,Final,6.0,-110,165,125,ESPN BET,fixed,8
ARI,2022-10-13T23:00Z,401458607,PIT,2022,Arizona Coyotes,2,Pittsburgh Penguins,6,300,,,-375,,,False,DraftKings,13,100,3,REG,135,-155,-1.5,Final,6.5,-120,-260,500,ESPN BET,fixed,7
FLA,2022-10-13T23:30Z,401458604,NYI,2022,Florida Panthers,3,New York Islanders,1,-140,,,110,,,False,DraftKings,13,-115,3,REG,180,-210,1.5,Final,6.0,-105,165,120,ESPN BET,fixed,8
WSH,2022-10-13T23:30Z,401458608,TOR,2022,Washington Capitals,2,Toronto Maple Leafs,3,170,,,-210,,,False,DraftKings,13,115,3,REG,-145,125,-1.5,Final,7.0,-135,-125,240,ESPN BET,fixed,7
NYR,2022-10-14T00:00Z,401458603,MIN,2022,New York Rangers,7,Minnesota Wild,3,110,,,-130,,,False,DraftKings,13,-105,3,REG,-225,190,-1.5,Final,6.0,-115,120,175,ESPN BET,fixed,8
DAL,2022-10-14T00:30Z,401458605,NSH,2022,Dallas Stars,4,Nashville Predators,1,115,,,-135,,,False,DraftKings,13,-115,3,REG,-225,190,-1.5,Final,5.5,-105,120,170,ESPN BET,fixed,7
COL,2022-10-14T01:30Z,401458601,CGY,2022,Colorado Avalanche,3,Calgary Flames,5,120,,,-145,,,False,DraftKings,13,100,3,REG,-225,190,-1.5,Final,6.5,-120,120,165,ESPN BET,fixed,8
CHI,2022-10-14T02:00Z,401458609,VGK,2022,Chicago Blackhawks,0,Vegas Golden Knights,1,270,,,-340,,,False,DraftKings,13,-115,3,REG,125,-145,-1.5,Final,6.5,-105,-235,475,ESPN BET,fixed,8
SEA,2022-10-14T02:30Z,401458602,LA,2022,Seattle Kraken,4,Los Angeles Kings,1,145,,,-170,,,False,DraftKings,13,-125,3,REG,-165,140,-1.5,Final,6.0,105,-120,240,ESPN BET,fixed,7
TB,2022-10-14T23:00Z,401458610,CBJ,2022,Tampa Bay Lightning,5,Columbus Blue Jackets,2,-200,,,150,,,False,DraftKings,13,-115,3,REG,135,-155,1.5,Final,6.0,-105,270,-130,ESPN BET,fixed,7
MTL,2022-10-14T23:00Z,401458611,DET,2022,Montreal Canadiens,0,Detroit Red Wings,3,135,,,-175,,,False,DraftKings,12,-105,3,REG,-175,150,-1.5,Final,6.5,-115,-115,225,ESPN BET,fixed,6
NYR,2022-10-15T00:00Z,401458613,WPG,2022,New York Rangers,1,Winnipeg Jets,4,120,,,-140,,,False,DraftKings,13,-110,3,REG,-225,190,-1.5,Final,6.5,-110,115,165,ESPN BET,fixed,8
CAR,2022-10-15T02:30Z,401458612,SJ,2022,Carolina Hurricanes,2,San Jose Sharks,1,-200,,,165,,,False,DraftKings,13,-110,3,REG,135,-155,1.5,Final,6.0,-110,245,-120,ESPN BET,fixed,8
FLA,2022-10-15T17:00Z,401458615,BUF,2022,Florida Panthers,4,Buffalo Sabres,3,-185,,,155,,,False,DraftKings,13,110,3,REG,125,-145,1.5,Final,7.0,-130,240,-115,ESPN BET,fixed,7
VAN,2022-10-15T20:00Z,401458621,PHI,2022,Vancouver Canucks,2,Philadelphia Flyers,3,-165,,,135,,,False,DraftKings,13,-110,3,REG,180,-210,1.5,Final,6.0,-110,185,110,ESPN BET,fixed,8
ARI,2022-10-15T23:00Z,401458614,BOS,2022,Arizona Coyotes,3,Boston Bruins,6,280,,,-375,,,False,DraftKings,13,-105,3,REG,105,-125,-1.5,Final,6.5,-115,-200,390,ESPN BET,fixed,8
DET,2022-10-15T23:00Z,401458620,NJ,2022,Detroit Red Wings,5,New Jersey Devils,2,155,,,-180,,,False,DraftKings,13,-130,3,REG,-170,145,-1.5,Final,6.5,110,-110,215,ESPN BET,fixed,8
TB,2022-10-15T23:00Z,401458622,PIT,2022,Tampa Bay Lightning,2,Pittsburgh Penguins,6,150,,,-175,,,False,DraftKings,12,-105,3,REG,-175,150,-1.5,Final,6.5,-115,-115,225,ESPN BET,fixed,7
OTT,2022-10-15T23:00Z,401458626,TOR,2022,Ottawa Senators,2,Toronto Maple Leafs,3,205,,,-245,,,False,DraftKings,13,110,3,REG,-130,110,-1.5,Final,7.0,-130,-145,280,ESPN BET,fixed,8
MTL,2022-10-15T23:00Z,401458627,WSH,2022,Montreal Canadiens,1,Washington Capitals,3,240,,,-320,,,False,DraftKings,13,-105,3,REG,110,-130,-1.5,Final,6.5,-115,-220,425,ESPN BET,fixed,8
ANA,2022-10-15T23:30Z,401458619,NYI,2022,Anaheim Ducks,1,New York Islanders,7,160,,,-195,,,False,DraftKings,13,-120,3,REG,-170,145,-1.5,Final,5.5,100,-115,240,ESPN BET,fixed,7
NSH,2022-10-16T00:00Z,401458616,DAL,2022,Nashville Predators,1,Dallas Stars,5,105,,,-125,,,False,DraftKings,13,-120,3,REG,-240,200,-1.5,Final,5.5,100,130,160,ESPN BET,fixed,8
LA,2022-10-16T00:00Z,401458618,MIN,2022,Los Angeles Kings,7,Minnesota Wild,6,155,,,-180,,,False,DraftKings,13,-110,3,REG,-170,145,-1.5,Final,6.0,-110,-115,230,ESPN BET,fixed,8
CBJ,2022-10-16T00:00Z,401458625,STL,2022,Columbus Blue Jackets,2,St. Louis Blues,5,215,,,-270,,,False,DraftKings,13,-110,3,REG,-120,100,-1.5,Final,6.5,-110,-165,320,ESPN BET,fixed,7
CGY,2022-10-16T02:00Z,401458617,EDM,2022,Calgary Flames,4,Edmonton Oilers,3,115,,,-145,,,False,DraftKings,13,110,3,REG,-205,175,-1.5,Final,7.0,-130,115,170,ESPN BET,fixed,8
CHI,2022-10-16T02:00Z,401458623,SJ,2022,Chicago Blackhawks,5,San Jose Sharks,2,125,,,-145,,,False,DraftKings,13,-105,3,REG,-205,175,-1.5,Final,6.0,-115,110,185,ESPN BET,fixed,7
VGK,2022-10-16T02:00Z,401458624,SEA,2022,Vegas Golden Knights,5,Seattle Kraken,2,-135,,,105,,,False,DraftKings,13,-110,3,REG,180,-210,1.5,Final,6.5,-110,190,110,ESPN BET,fixed,8
FLA,2022-10-17T23:00Z,401458628,BOS,2022,Florida Panthers,3,Boston Bruins,5,-140,,,120,,,False,DraftKings,12,100,3,REG,190,-225,1.5,Final,6.5,-120,175,115,ESPN BET,fixed,6
LA,2022-10-17T23:00Z,401458630,DET,2022,Los Angeles Kings,5,Detroit Red Wings,4,-145,,,125,,,False,DraftKings,12,-110,4,OT,205,-245,1.5,Final/OT,6.5,-110,150,130,ESPN BET,fixed,7
PIT,2022-10-17T23:00Z,401458632,MTL,2022,Pittsburgh Penguins,2,Montreal Canadiens,3,-255,,,215,,,False,DraftKings,12,110,4,OT,100,-120,1.5,Final/OT,7.0,-130,300,-160,ESPN BET,fixed,7
ANA,2022-10-17T23:00Z,401458633,NYR,2022,Anaheim Ducks,4,New York Rangers,6,210,,,-250,,,False,DraftKings,12,100,3,REG,-125,105,-1.5,Final,6.0,-120,-160,330,ESPN BET,fixed,6
ARI,2022-10-17T23:00Z,401458635,TOR,2022,Arizona Coyotes,4,Toronto Maple Leafs,2,425,,,-550,,,False,DraftKings,12,105,3,REG,,,,Final,7.0,-125,-310,600,ESPN BET,fixed,7
VAN,2022-10-17T23:00Z,401458636,WSH,2022,Vancouver Canucks,4,Washington Capitals,6,115,,,-135,,,False,DraftKings,11,-120,3,REG,-225,190,-1.5,Final,6.0,100,115,175,ESPN BET,fixed,6
COL,2022-10-18T00:00Z,401458631,MIN,2022,Colorado Avalanche,6,Minnesota Wild,3,-125,,,105,,,False,DraftKings,12,-125,3,REG,205,-245,1.5,Final,6.5,105,150,130,Caesars Sportsbook,fixed,5
WPG,2022-10-18T00:30Z,401458629,DAL,2022,Winnipeg Jets,1,Dallas Stars,4,130,,,-150,,,False,DraftKings,12,-110,3,REG,-215,185,-1.5,Final,6.0,-110,110,180,ESPN BET,fixed,7
CAR,2022-10-18T02:00Z,401458634,SEA,2022,Carolina Hurricanes,5,Seattle Kraken,1,-175,,,150,,,False,DraftKings,12,100,3,REG,155,-180,1.5,Final,6.5,-120,215,-105,ESPN BET,fixed,7
VAN,2022-10-18T23:00Z,401458638,CBJ,2022,Vancouver Canucks,3,Columbus Blue Jackets,4,-110,,,-110,,,False,DraftKings,12,-105,4,OT,-275,230,-1.5,Final/OT,6.5,-115,145,135,ESPN BET,fixed,7
ANA,2022-10-18T23:00Z,401458642,NJ,2022,Anaheim Ducks,2,New Jersey Devils,4,170,,,-200,,,False,DraftKings,11,-115,3,REG,-155,135,-1.5,Final,6.5,-105,-125,255,ESPN BET,fixed,5
BOS,2022-10-18T23:00Z,401458643,OTT,2022,Boston Bruins,5,Ottawa Senators,7,120,,,-140,,,False,DraftKings,12,105,3,REG,-210,180,-1.5,Final,6.5,-125,120,160,ESPN BET,fixed,6
PHI,2022-10-18T23:00Z,401458644,TB,2022,Philadelphia Flyers,3,Tampa Bay Lightning,2,255,,,-305,,,False,DraftKings,12,-120,3,REG,100,-120,-1.5,Final,6.0,100,-185,380,ESPN BET,fixed,6
SJ,2022-10-18T23:30Z,401458640,NYI,2022,San Jose Sharks,2,New York Islanders,5,180,,,-230,,,False,DraftKings,12,-115,3,REG,-165,140,-1.5,Final,5.5,-105,-115,250,ESPN BET,fixed,6
VGK,2022-10-19T01:00Z,401458637,CGY,2022,Vegas Golden Knights,2,Calgary Flames,3,140,,,-165,,,False,DraftKings,12,-105,3,REG,-180,155,-1.5,Final,6.5,-115,100,200,ESPN BET,fixed,7
BUF,2022-10-19T01:00Z,401458639,EDM,2022,Buffalo Sabres,4,Edmonton Oilers,2,195,,,-240,,,False,DraftKings,12,-110,3,REG,-125,105,-1.5,Final,7.0,-110,-155,295,ESPN BET,fixed,7
LA,2022-10-19T01:30Z,401458641,NSH,2022,Los Angeles Kings,4,Nashville Predators,3,155,,,-180,,,False,DraftKings,12,-110,5,SO,-165,140,-1.5,Final/SO,6.0,-110,-110,225,ESPN BET,fixed,7
PHI,2022-10-19T23:30Z,401458646,FLA,2022,Philadelphia Flyers,3,Florida Panthers,4,300,,,-370,,,False,DraftKings,10,-125,3,REG,115,-135,-1.5,Final,6.5,105,-230,425,ESPN BET,fixed,4
WPG,2022-10-20T00:00Z,401458645,COL,2022,Winnipeg Jets,4,Colorado Avalanche,3,190,,,-260,,,False,DraftKings,12,-125,4,OT,-125,105,-1.5,Final/OT,6.5,105,-145,285,ESPN BET,fixed,7
STL,2022-10-20T02:00Z,401458647,SEA,2022,St. Louis Blues,4,Seattle Kraken,3,-135,,,105,,,False,DraftKings,12,100,4,OT,195,-230,1.5,Final/OT,6.0,-120,175,115,ESPN BET,fixed,6
ANA,2022-10-20T23:00Z,401458648,BOS,2022,Anaheim Ducks,1,Boston Bruins,2,180,,,-220,,,False,DraftKings,12,-110,5,SO,-135,115,-1.5,Final/SO,6.5,-110,-150,295,ESPN BET,fixed,6
NSH,2022-10-20T23:00Z,401458650,CBJ,2022,Nashville Predators,3,Columbus Blue Jackets,5,-130,,,110,,,False,DraftKings,12,-115,3,REG,185,-215,1.5,Final,6.5,-105,175,110,ESPN BET,fixed,7
ARI,2022-10-20T23:00Z,401458653,MTL,2022,Arizona Coyotes,2,Montreal Canadiens,6,145,,,-170,,,False,DraftKings,12,100,3,REG,-165,140,-1.5,Final,6.5,-120,-120,235,ESPN BET,fixed,7
SJ,2022-10-20T23:00Z,401458655,NYR,2022,San Jose Sharks,3,New York Rangers,2,230,,,-280,,,False,DraftKings,12,-120,4,OT,-105,-115,-1.5,Final/OT,6.0,100,-190,380,ESPN BET,fixed,7
WSH,2022-10-20T23:00Z,401458656,OTT,2022,Washington Capitals,2,Ottawa Senators,5,-105,,,-115,,,False,DraftKings,12,-115,3,REG,-245,205,-1.5,Final,6.5,-105,130,150,ESPN BET,fixed,7
LA,2022-10-20T23:00Z,401458657,PIT,2022,Los Angeles Kings,1,Pittsburgh Penguins,6,165,,,-195,,,False,DraftKings,11,-130,3,REG,-140,120,-1.5,Final,6.5,110,-125,250,ESPN BET,fixed,6
DAL,2022-10-20T23:00Z,401458658,TOR,2022,Dallas Stars,2,Toronto Maple Leafs,3,160,,,-190,,,False,DraftKings,12,-110,4,OT,-165,140,-1.5,Final/OT,6.5,-110,-115,225,ESPN BET,fixed,7
NJ,2022-10-20T23:30Z,401458654,NYI,2022,New Jersey Devils,4,New York Islanders,1,125,,,-145,,,False,DraftKings,12,-120,3,REG,-195,165,-1.5,Final,6.0,100,105,195,ESPN BET,fixed,6
VAN,2022-10-21T00:00Z,401458652,MIN,2022,Vancouver Canucks,3,Minnesota Wild,4,150,,,-175,,,False,DraftKings,12,-110,4,OT,-165,140,-1.5,Final/OT,6.5,-110,-120,230,ESPN BET,fixed,6
CAR,2022-10-21T01:00Z,401458651,EDM,2022,Carolina Hurricanes,4,Edmonton Oilers,6,-105,,,-115,,,False,DraftKings,12,-130,3,REG,-250,210,-1.5,Final,6.5,110,130,150,Caesars Sportsbook,fixed,5
BUF,2022-10-21T01:30Z,401458649,CGY,2022,Buffalo Sabres,6,Calgary Flames,3,245,,,-305,,,False,DraftKings,12,-115,3,REG,100,-120,-1.5,Final,6.5,-105,-190,370,ESPN BET,fixed,7
WPG,2022-10-21T02:00Z,401458659,VGK,2022,Winnipeg Jets,2,Vegas Golden Knights,5,195,,,-230,,,False,DraftKings,12,-135,3,REG,-135,115,-1.5,Final,6.5,115,-140,270,ESPN BET,fixed,6
TB,2022-10-21T23:30Z,401458662,FLA,2022,Tampa Bay Lightning,3,Florida Panthers,2,-105,,,-115,,,False,DraftKings,11,-130,4,OT,-260,220,-1.5,Final/OT,6.5,110,135,140,ESPN BET,fixed,6
DET,2022-10-22T00:30Z,401458660,CHI,2022,Detroit Red Wings,3,Chicago Blackhawks,4,-115,,,-105,,,False,DraftKings,12,380,4,OT,210,-250,1.5,Final/OT,8.5,-520,160,130,ESPN BET,fixed,6
SEA,2022-10-22T01:00Z,401458661,COL,2022,Seattle Kraken,3,Colorado Avalanche,2,205,,,-250,,,False,DraftKings,12,180,3,REG,-120,100,-1.5,Final,7.5,-220,-160,310,ESPN BET,fixed,7
MIN,2022-10-22T17:00Z,401458663,BOS,2022,Minnesota Wild,3,Boston Bruins,4,-110,,,-115,,,False,DraftKings,12,-120,4,OT,-240,200,-1.5,Final/OT,6.5,100,125,155,ESPN BET,fixed,6
SJ,2022-10-22T17:00Z,401458669,NJ,2022,San Jose Sharks,1,New Jersey Devils,2,170,,,-210,,,False,DraftKings,12,-110,3,REG,-145,125,-1.5,Final,6.5,-110,-125,245,ESPN BET,fixed,7
STL,2022-10-22T20:00Z,401458666,EDM,2022,St. Louis Blues,2,Edmonton Oilers,0,120,,,-150,,,False,DraftKings,12,-135,3,REG,-180,155,-1.5,Final,6.5,115,-105,200,ESPN BET,fixed,7
ARI,2022-10-22T20:00Z,401458670,OTT,2022,Arizona Coyotes,2,Ottawa Senators,6,210,,,-280,,,False,DraftKings,12,175,3,REG,-115,-105,-1.5,Final,7.5,-215,-165,320,ESPN BET,fixed,6
PIT,2022-10-22T23:00Z,401458665,CBJ,2022,Pittsburgh Penguins,6,Columbus Blue Jackets,3,-150,,,130,,,False,DraftKings,12,-120,3,REG,140,-165,1.5,Final,6.5,100,210,-110,ESPN BET,fixed,7
DAL,2022-10-22T23:00Z,401458667,MTL,2022,Dallas Stars,5,Montreal Canadiens,2,-170,,,145,,,False,DraftKings,12,-105,3,REG,145,-170,1.5,Final,6.0,-115,230,-115,ESPN BET,fixed,6
NYI,2022-10-22T23:00Z,401458671,TB,2022,New York Islanders,3,Tampa Bay Lightning,5,110,,,-130,,,False,DraftKings,12,-120,3,REG,-225,190,-1.5,Final,6.0,100,115,175,ESPN BET,fixed,7
LA,2022-10-22T23:00Z,401458674,WSH,2022,Los Angeles Kings,3,Washington Capitals,4,115,,,-135,,,False,DraftKings,12,100,3,REG,-200,170,-1.5,Final,6.5,-120,110,180,ESPN BET,fixed,6
TOR,2022-10-22T23:00Z,401458675,WPG,2022,Toronto Maple Leafs,4,Winnipeg Jets,1,-165,,,140,,,False,DraftKings,12,-125,3,REG,150,-175,1.5,Final,6.5,105,210,-110,ESPN BET,fixed,7
PHI,2022-10-23T00:00Z,401458668,NSH,2022,Philadelphia Flyers,3,Nashville Predators,1,190,,,-220,,,False,DraftKings,12,230,3,REG,-140,120,-1.5,Final,7.5,-290,-135,275,ESPN BET,fixed,7
CAR,2022-10-23T02:00Z,401458664,CGY,2022,Carolina Hurricanes,2,Calgary Flames,3,125,,,-145,,,False,DraftKings,12,-105,4,OT,-210,180,-1.5,Final/OT,6.5,-115,110,180,ESPN BET,fixed,7
BUF,2022-10-23T02:00Z,401458672,VAN,2022,Buffalo Sabres,5,Vancouver Canucks,1,140,,,-165,,,False,DraftKings,12,-105,3,REG,-190,160,-1.5,Final,6.5,-115,100,200,ESPN BET,fixed,7
COL,2022-10-23T02:00Z,401458673,VGK,2022,Colorado Avalanche,3,Vegas Golden Knights,2,110,,,-130,,,False,DraftKings,12,-130,3,REG,-240,200,-1.5,Final,6.5,110,120,165,ESPN BET,fixed,6
SEA,2022-10-23T18:00Z,401458676,CHI,2022,Seattle Kraken,4,Chicago Blackhawks,5,-140,,,120,,,False,DraftKings,12,255,3,REG,180,-210,1.5,Final,7.5,-325,185,110,ESPN BET,fixed,7
ANA,2022-10-23T21:00Z,401458677,DET,2022,Anaheim Ducks,1,Detroit Red Wings,5,120,,,-140,,,False,DraftKings,12,-105,3,REG,-210,180,-1.5,Final,6.5,-115,110,180,ESPN BET,fixed,6
NYI,2022-10-23T21:00Z,401458678,FLA,2022,New York Islanders,2,Florida Panthers,3,160,,,-200,,,False,DraftKings,12,-110,3,REG,-150,130,-1.5,Final,6.5,-110,-125,255,ESPN BET,fixed,7
CBJ,2022-10-23T21:00Z,401458679,NYR,2022,Columbus Blue Jackets,5,New York Rangers,1,220,,,-300,,,False,DraftKings,11,175,3,REG,-110,-110,-1.5,Final,7.5,-215,-175,330,ESPN BET,fixed,5
SJ,2022-10-23T23:00Z,401458680,PHI,2022,San Jose Sharks,3,Philadelphia Flyers,0,110,,,-130,,,False,DraftKings,12,-125,3,REG,-240,200,-1.5,Final,5.5,105,120,170,ESPN BET,fixed,7
WSH,2022-10-24T23:00Z,401458682,NJ,2022,Washington Capitals,6,New Jersey Devils,3,115,,,-135,,,False,DraftKings,12,-115,3,REG,-225,190,-1.5,Final,6.5,-105,115,170,ESPN BET,fixed,7
DAL,2022-10-24T23:00Z,401458683,OTT,2022,Dallas Stars,2,Ottawa Senators,4,-105,,,-125,,,False,DraftKings,12,-120,3,REG,-260,220,-1.5,Final,6.5,100,140,145,ESPN BET,fixed,6
PIT,2022-10-25T00:00Z,401458681,EDM,2022,Pittsburgh Penguins,3,Edmonton Oilers,6,110,,,-130,,,False,DraftKings,12,-135,3,REG,-225,190,-1.5,Final,6.5,115,115,165,ESPN BET,fixed,7
STL,2022-10-25T00:00Z,401458686,WPG,2022,St. Louis Blues,0,Winnipeg Jets,4,-110,,,-110,,,False,DraftKings,12,110,3,REG,-250,210,-1.5,Final,6.5,-130,125,155,Caesars Sportsbook,fixed,6
TOR,2022-10-25T02:00Z,401458685,VGK,2022,Toronto Maple Leafs,1,Vegas Golden Knights,3,-125,,,-105,,,False,DraftKings,12,-135,3,REG,225,-265,1.5,Final,6.5,115,135,140,ESPN BET,fixed,7
CAR,2022-10-25T02:30Z,401458684,VAN,2022,Carolina Hurricanes,3,Vancouver Canucks,2,-150,,,130,,,False,DraftKings,12,-105,3,REG,150,-175,1.5,Final,6.5,-115,205,-105,ESPN BET,fixed,6
DAL,2022-10-25T23:00Z,401458687,BOS,2022,Dallas Stars,1,Boston Bruins,3,140,,,-180,,,False,DraftKings,11,-120,3,REG,-170,145,-1.5,Final,5.5,100,-115,240,ESPN BET,fixed,6
ARI,2022-10-25T23:00Z,401458690,CBJ,2022,Arizona Coyotes,6,Columbus Blue Jackets,3,190,,,-220,,,False,DraftKings,11,-130,3,REG,-130,110,-1.5,Final,6.5,110,-140,280,ESPN BET,fixed,5
NJ,2022-10-25T23:00Z,401458691,DET,2022,New Jersey Devils,6,Detroit Red Wings,2,-115,,,-105,,,False,DraftKings,11,-125,3,REG,-260,220,-1.5,Final,6.5,105,135,140,ESPN BET,fixed,6
MIN,2022-10-25T23:00Z,401458693,MTL,2022,Minnesota Wild,3,Montreal Canadiens,1,-220,,,180,,,False,DraftKings,11,-130,3,REG,125,-145,1.5,Final,6.5,110,245,-130,ESPN BET,fixed,5
COL,2022-10-26T00:00Z,401458694,NYR,2022,Colorado Avalanche,3,New York Rangers,2,-110,,,-110,,,False,DraftKings,11,-120,5,SO,-265,225,-1.5,Final/SO,6.0,100,150,130,ESPN BET,fixed,6
FLA,2022-10-26T00:30Z,401458689,CHI,2022,Florida Panthers,2,Chicago Blackhawks,4,-240,,,205,,,False,DraftKings,11,-110,3,REG,100,-120,1.5,Final,6.5,-110,330,-165,ESPN BET,fixed,6
PIT,2022-10-26T01:00Z,401458688,CGY,2022,Pittsburgh Penguins,1,Calgary Flames,4,160,,,-190,,,False,DraftKings,11,-120,3,REG,-155,135,-1.5,Final,6.5,100,-120,235,ESPN BET,fixed,6
BUF,2022-10-26T02:00Z,401458696,SEA,2022,Buffalo Sabres,1,Seattle Kraken,5,115,,,-135,,,False,DraftKings,11,-130,3,REG,-215,185,-1.5,Final,6.5,110,115,170,ESPN BET,fixed,6
TB,2022-10-26T02:30Z,401458692,LA,2022,Tampa Bay Lightning,2,Los Angeles Kings,4,-130,,,110,,,False,DraftKings,11,-120,3,REG,180,-210,1.5,Final,6.0,100,180,110,ESPN BET,fixed,5
VGK,2022-10-26T02:50Z,401458695,SJ,2022,Vegas Golden Knights,4,San Jose Sharks,2,-170,,,145,,,False,DraftKings,11,-120,3,REG,155,-180,1.5,Final,6.0,100,220,-110,ESPN BET,fixed,6
NYR,2022-10-26T23:30Z,401458698,NYI,2022,New York Rangers,0,New York Islanders,3,125,,,-145,,,False,DraftKings,11,-110,3,REG,-205,175,-1.5,Final,6.0,-110,120,170,ESPN BET,fixed,5
EDM,2022-10-27T00:00Z,401458699,STL,2022,Edmonton Oilers,3,St. Louis Blues,1,-120,,,100,,,False,DraftKings,10,-115,3,REG,-275,230,-1.5,Final,6.5,-105,145,140,Caesars Sportsbook (Colorado),fixed,3
TB,2022-10-27T02:00Z,401458697,ANA,2022,Tampa Bay Lightning,4,Anaheim Ducks,2,-140,,,120,,,False,DraftKings,11,-115,3,REG,170,-200,1.5,Final,6.5,-105,190,105,ESPN BET,fixed,6
DET,2022-10-27T23:00Z,401458700,BOS,2022,Detroit Red Wings,1,Boston Bruins,5,210,,,-245,,,False,DraftKings,11,100,3,REG,-115,-105,-1.5,Final,6.5,-120,-160,320,ESPN BET,fixed,6
MTL,2022-10-27T23:00Z,401458701,BUF,2022,Montreal Canadiens,3,Buffalo Sabres,2,165,,,-195,,,False,DraftKings,11,-130,3,REG,-150,130,-1.5,Final,6.5,110,-115,230,ESPN BET,fixed,6
MIN,2022-10-27T23:00Z,401458706,OTT,2022,Minnesota Wild,4,Ottawa Senators,2,-130,,,110,,,False,DraftKings,11,-120,3,REG,195,-230,1.5,Final,6.5,100,160,120,ESPN BET,fixed,5
FLA,2022-10-27T23:00Z,401458707,PHI,2022,Florida Panthers,3,Philadelphia Flyers,4,-220,,,180,,,False,DraftKings,11,105,3,REG,115,-135,1.5,Final,6.5,-125,285,-140,ESPN BET,fixed,5
STL,2022-10-28T00:00Z,401458705,NSH,2022,St. Louis Blues,2,Nashville Predators,6,150,,,-175,,,False,DraftKings,11,-110,3,REG,-190,160,-1.5,Final,6.0,-110,-105,205,ESPN BET,fixed,5
EDM,2022-10-28T00:30Z,401458702,CHI,2022,Edmonton Oilers,6,Chicago Blackhawks,5,-200,,,170,,,False,DraftKings,11,-110,3,REG,110,-130,1.5,Final,6.5,-110,295,-145,ESPN BET,fixed,6
WSH,2022-10-28T00:30Z,401458703,DAL,2022,Washington Capitals,0,Dallas Stars,2,105,,,-125,,,False,DraftKings,11,-120,3,REG,-240,200,-1.5,Final,5.5,100,115,175,ESPN BET,fixed,5
VAN,2022-10-28T02:00Z,401458709,SEA,2022,Vancouver Canucks,5,Seattle Kraken,4,110,,,-130,,,False,DraftKings,11,-110,3,REG,-225,190,-1.5,Final,6.5,-110,115,165,ESPN BET,fixed,6
WPG,2022-10-28T02:30Z,401458704,LA,2022,Winnipeg Jets,6,Los Angeles Kings,4,120,,,-140,,,False,DraftKings,11,-115,3,REG,-210,180,-1.5,Final,6.0,-105,110,185,ESPN BET,fixed,5
TOR,2022-10-28T02:30Z,401458708,SJ,2022,Toronto Maple Leafs,3,San Jose Sharks,4,-225,,,190,,,False,DraftKings,11,100,4,OT,120,-140,1.5,Final/OT,6.5,-120,310,-150,ESPN BET,fixed,6
ANA,2022-10-28T22:00Z,401458715,VGK,2022,Anaheim Ducks,0,Vegas Golden Knights,4,250,,,-325,,,False,DraftKings,11,-105,3,REG,100,-120,-1.5,Final,6.5,-115,-175,350,ESPN BET,fixed,6
NYI,2022-10-28T23:00Z,401458711,CAR,2022,New York Islanders,6,Carolina Hurricanes,2,150,,,-200,,,False,DraftKings,11,-120,3,REG,-165,140,-1.5,Final,5.5,100,-125,255,ESPN BET,fixed,5
BOS,2022-10-28T23:00Z,401458712,CBJ,2022,Boston Bruins,4,Columbus Blue Jackets,0,-145,,,125,,,False,DraftKings,11,-105,3,REG,165,-195,1.5,Final,6.5,-115,195,100,ESPN BET,fixed,6
COL,2022-10-28T23:00Z,401458713,NJ,2022,Colorado Avalanche,0,New Jersey Devils,1,-135,,,105,,,False,DraftKings,11,-115,3,REG,180,-210,1.5,Final,6.5,-105,180,110,ESPN BET,fixed,6
PIT,2022-10-29T02:00Z,401458714,VAN,2022,Pittsburgh Penguins,1,Vancouver Canucks,5,-190,,,165,,,False,DraftKings,11,-105,3,REG,135,-155,1.5,Final,6.5,-115,245,-125,ESPN BET,fixed,6
WPG,2022-10-29T02:30Z,401458710,ARI,2022,Winnipeg Jets,3,Arizona Coyotes,2,-145,,,125,,,False,DraftKings,11,-110,4,OT,160,-190,1.5,Final/OT,6.5,-110,195,100,ESPN BET,fixed,6
NYR,2022-10-29T18:00Z,401458718,DAL,2022,New York Rangers,6,Dallas Stars,3,-110,,,-110,,,False,DraftKings,11,-115,3,REG,-260,220,-1.5,Final,5.5,-105,130,155,ESPN BET,fixed,5
OTT,2022-10-29T20:00Z,401458720,FLA,2022,Ottawa Senators,3,Florida Panthers,5,165,,,-195,,,False,DraftKings,11,-120,3,REG,-145,125,-1.5,Final,6.5,100,-135,265,ESPN BET,fixed,5
TB,2022-10-29T20:30Z,401458725,SJ,2022,Tampa Bay Lightning,4,San Jose Sharks,3,-200,,,170,,,False,DraftKings,11,-120,3,REG,125,-145,1.5,Final,5.5,100,265,-130,ESPN BET,fixed,6
CHI,2022-10-29T23:00Z,401458716,BUF,2022,Chicago Blackhawks,3,Buffalo Sabres,4,160,,,-190,,,False,DraftKings,11,-110,4,OT,-150,130,-1.5,Final/OT,6.5,-110,-120,235,ESPN BET,fixed,5
MIN,2022-10-29T23:00Z,401458719,DET,2022,Minnesota Wild,1,Detroit Red Wings,2,-160,,,140,,,False,DraftKings,11,-120,3,REG,165,-195,1.5,Final,6.5,100,195,100,ESPN BET,fixed,6
TOR,2022-10-29T23:00Z,401458721,LA,2022,Toronto Maple Leafs,2,Los Angeles Kings,4,-140,,,120,,,False,DraftKings,11,-115,3,REG,170,-200,1.5,Final,6.5,-105,190,105,ESPN BET,fixed,6
CAR,2022-10-29T23:00Z,401458724,PHI,2022,Carolina Hurricanes,4,Philadelphia Flyers,3,-205,,,175,,,False,DraftKings,11,100,4,OT,140,-165,1.5,Final/OT,6.0,-120,255,-125,ESPN BET,fixed,5
MTL,2022-10-29T23:00Z,401458727,STL,2022,Montreal Canadiens,7,St. Louis Blues,4,205,,,-250,,,False,DraftKings,11,-115,3,REG,-120,100,-1.5,Final,6.0,-105,-165,340,ESPN BET,fixed,6
COL,2022-10-29T23:30Z,401458722,NYI,2022,Colorado Avalanche,4,New York Islanders,5,-140,,,115,,,False,DraftKings,11,-120,3,REG,195,-230,1.5,Final,5.5,100,180,115,ESPN BET,fixed,5
WSH,2022-10-30T00:00Z,401458723,NSH,2022,Washington Capitals,3,Nashville Predators,0,115,,,-135,,,False,DraftKings,11,-115,3,REG,-210,180,-1.5,Final,6.0,-105,115,175,ESPN BET,fixed,5
EDM,2022-10-30T02:00Z,401458717,CGY,2022,Edmonton Oilers,3,Calgary Flames,2,130,,,-155,,,False,DraftKings,11,-130,3,REG,-190,160,-1.5,Final,6.5,110,-105,200,ESPN BET,fixed,5
PIT,2022-10-30T02:00Z,401458726,SEA,2022,Pittsburgh Penguins,1,Seattle Kraken,3,-130,,,110,,,False,DraftKings,11,-125,3,REG,195,-230,1.5,Final,6.5,105,170,115,Caesars Sportsbook,fixed,4
CBJ,2022-10-30T18:00Z,401458731,NJ,2022,Columbus Blue Jackets,1,New Jersey Devils,7,165,,,-200,,,False,DraftKings,11,-110,3,REG,-135,115,-1.5,Final,6.5,-110,-140,280,ESPN BET,fixed,6
MIN,2022-10-30T23:00Z,401458730,CHI,2022,Minnesota Wild,4,Chicago Blackhawks,3,-240,,,200,,,False,DraftKings,11,-115,5,SO,105,-125,1.5,Final/SO,6.0,-105,320,-160,ESPN BET,fixed,5
TOR,2022-10-31T00:00Z,401458728,ANA,2022,Toronto Maple Leafs,3,Anaheim Ducks,4,-185,,,155,,,False,DraftKings,11,-120,4,OT,135,-155,1.5,Final/OT,6.5,100,245,-125,ESPN BET,fixed,5
NYR,2022-10-31T00:00Z,401458729,ARI,2022,New York Rangers,3,Arizona Coyotes,2,-245,,,200,,,False,DraftKings,11,-120,3,REG,100,-120,1.5,Final,6.0,100,340,-170,ESPN BET,fixed,5
WPG,2022-10-31T00:00Z,401458732,VGK,2022,Winnipeg Jets,1,Vegas Golden Knights,2,155,,,-185,,,False,DraftKings,11,100,4,OT,-155,135,-1.5,Final/OT,6.5,-120,-125,250,ESPN BET,fixed,6
DET,2022-10-31T23:00Z,401458733,BUF,2022,Detroit Red Wings,3,Buffalo Sabres,8,135,,,-155,,,False,DraftKings,11,-120,3,REG,-195,165,-1.5,Final,6.5,100,105,185,ESPN BET,fixed,5
WSH,2022-10-31T23:00Z,401458734,CAR,2022,Washington Capitals,2,Carolina Hurricanes,3,170,,,-200,,,False,DraftKings,11,-105,5,SO,-150,130,-1.5,Final/SO,6.0,-115,-135,275,ESPN BET,fixed,5
LA,2022-11-01T00:00Z,401458735,STL,2022,Los Angeles Kings,5,St. Louis Blues,1,110,,,-130,,,False,DraftKings,11,-105,3,REG,-230,195,-1.5,Final,6.0,-115,120,170,ESPN BET,fixed,6
PHI,2022-11-01T23:00Z,401458742,NYR,2022,Philadelphia Flyers,0,New York Rangers,1,230,,,-275,,,False,DraftKings,11,-125,4,OT,-125,105,-1.5,Final/OT,5.5,105,-160,330,ESPN BET,fixed,5
OTT,2022-11-01T23:00Z,401458745,TB,2022,Ottawa Senators,3,Tampa Bay Lightning,4,160,,,-190,,,False,DraftKings,11,-110,3,REG,-150,130,-1.5,Final,6.5,-110,-125,255,ESPN BET,fixed,6
VGK,2022-11-01T23:00Z,401458747,WSH,2022,Vegas Golden Knights,3,Washington Capitals,2,-165,,,145,,,False,DraftKings,11,-125,4,OT,160,-190,1.5,Final/OT,6.0,105,205,-105,ESPN BET,fixed,6
MTL,2022-11-02T00:00Z,401458741,MIN,2022,Montreal Canadiens,1,Minnesota Wild,4,215,,,-255,,,False,DraftKings,10,-105,3,REG,-125,105,-1.5,Final,6.5,-115,-155,310,ESPN BET,fixed,4
BOS,2022-11-02T00:00Z,401458743,PIT,2022,Boston Bruins,6,Pittsburgh Penguins,5,105,,,-125,,,False,DraftKings,10,100,4,OT,-240,200,-1.5,Final/OT,6.5,-120,125,160,ESPN BET,fixed,4
NYI,2022-11-02T00:30Z,401458738,CHI,2022,New York Islanders,3,Chicago Blackhawks,1,-195,,,165,,,False,DraftKings,10,-105,3,REG,135,-155,1.5,Final,6.0,-115,255,-125,ESPN BET,fixed,4
LA,2022-11-02T00:30Z,401458739,DAL,2022,Los Angeles Kings,2,Dallas Stars,5,115,,,-135,,,False,DraftKings,10,-105,3,REG,-210,180,-1.5,Final,6.5,-115,110,180,ESPN BET,fixed,5
SEA,2022-11-02T01:00Z,401458737,CGY,2022,Seattle Kraken,5,Calgary Flames,4,190,,,-230,,,False,DraftKings,11,-120,3,REG,-135,115,-1.5,Final,6.5,100,-140,270,ESPN BET,fixed,5
NSH,2022-11-02T01:00Z,401458740,EDM,2022,Nashville Predators,4,Edmonton Oilers,7,145,,,-165,,,False,DraftKings,11,-120,3,REG,-180,155,-1.5,Final,6.5,100,-110,210,ESPN BET,fixed,6
FLA,2022-11-02T02:00Z,401458736,ARI,2022,Florida Panthers,1,Arizona Coyotes,3,-300,,,250,,,False,DraftKings,10,100,3,REG,-120,100,1.5,Final,6.5,-120,390,-200,ESPN BET,fixed,4
NJ,2022-11-02T02:00Z,401458746,VAN,2022,New Jersey Devils,5,Vancouver Canucks,2,-125,,,105,,,False,DraftKings,9,-105,3,REG,205,-245,1.5,Final,6.5,-115,155,130,Caesars Sportsbook,fixed,3
ANA,2022-11-02T02:50Z,401458744,SJ,2022,Anaheim Ducks,6,San Jose Sharks,5,115,,,-135,,,False,DraftKings,10,-125,5,SO,-225,190,-1.5,Final/SO,5.5,105,115,175,ESPN BET,fixed,4
PHI,2022-11-02T23:00Z,401458749,TOR,2022,Philadelphia Flyers,2,Toronto Maple Leafs,5,280,,,-340,,,False,DraftKings,11,-105,3,REG,120,-140,-1.5,Final,6.5,-115,-215,425,ESPN BET,fixed,6
PIT,2022-11-02T23:30Z,401458748,BUF,2022,Pittsburgh Penguins,3,Buffalo Sabres,6,-115,,,-105,,,False,DraftKings,11,-130,3,REG,200,-240,1.5,Final,6.5,110,155,125,Caesars Sportsbook,fixed,4
WSH,2022-11-03T23:00Z,401458753,DET,2022,Washington Capitals,1,Detroit Red Wings,3,-120,,,-105,,,False,DraftKings,10,-105,3,REG,195,-230,1.5,Final,6.0,-115,175,120,ESPN BET,fixed,5
VGK,2022-11-03T23:00Z,401458757,OTT,2022,Vegas Golden Knights,5,Ottawa Senators,4,-145,,,125,,,False,DraftKings,10,-110,3,REG,175,-205,1.5,Final,6.5,-110,185,105,ESPN BET,fixed,5
CAR,2022-11-03T23:00Z,401458760,TB,2022,Carolina Hurricanes,4,Tampa Bay Lightning,3,-105,,,-115,,,False,DraftKings,10,-110,5,SO,-245,205,-1.5,Final/SO,6.0,-110,125,160,ESPN BET,fixed,4
BOS,2022-11-03T23:30Z,401458756,NYR,2022,Boston Bruins,5,New York Rangers,2,115,,,-140,,,False,DraftKings,11,-110,3,REG,-225,190,-1.5,Final,6.0,-110,115,175,ESPN BET,fixed,6
SEA,2022-11-04T00:00Z,401458755,MIN,2022,Seattle Kraken,4,Minnesota Wild,0,135,,,-175,,,False,DraftKings,11,-120,3,REG,-180,155,-1.5,Final,6.5,100,-105,210,ESPN BET,fixed,6
NYI,2022-11-04T00:00Z,401458759,STL,2022,New York Islanders,5,St. Louis Blues,2,-110,,,-115,,,False,DraftKings,11,-125,3,REG,-245,205,-1.5,Final,5.5,105,125,165,ESPN BET,fixed,5
MTL,2022-11-04T00:00Z,401458762,WPG,2022,Montreal Canadiens,2,Winnipeg Jets,3,160,,,-210,,,False,DraftKings,11,100,4,OT,-140,120,-1.5,Final/OT,6.5,-120,-135,275,ESPN BET,fixed,6
LA,2022-11-04T00:30Z,401458752,CHI,2022,Los Angeles Kings,1,Chicago Blackhawks,2,-190,,,140,,,False,DraftKings,11,-115,4,OT,145,-170,1.5,Final/OT,6.0,-105,225,-115,ESPN BET,fixed,6
NSH,2022-11-04T01:00Z,401458751,CGY,2022,Nashville Predators,4,Calgary Flames,1,200,,,-240,,,False,DraftKings,11,-115,3,REG,-125,105,-1.5,Final,6.5,-105,-145,285,ESPN BET,fixed,6
NJ,2022-11-04T01:00Z,401458754,EDM,2022,New Jersey Devils,4,Edmonton Oilers,3,140,,,-165,,,False,DraftKings,11,110,3,REG,-175,150,-1.5,Final,7.0,-130,-105,205,ESPN BET,fixed,5
DAL,2022-11-04T02:00Z,401458750,ARI,2022,Dallas Stars,7,Arizona Coyotes,2,-230,,,195,,,False,DraftKings,11,-105,3,REG,110,-130,1.5,Final,6.0,-115,310,-150,ESPN BET,fixed,5
ANA,2022-11-04T02:00Z,401458761,VAN,2022,Anaheim Ducks,5,Vancouver Canucks,8,150,,,-200,,,False,DraftKings,11,-105,3,REG,-165,140,-1.5,Final,6.5,-115,-115,220,ESPN BET,fixed,6
FLA,2022-11-04T02:30Z,401458758,SJ,2022,Florida Panthers,4,San Jose Sharks,3,-210,,,160,,,False,DraftKings,11,100,5,SO,115,-135,1.5,Final/SO,6.5,-120,285,-140,ESPN BET,fixed,5
CBJ,2022-11-04T18:00Z,401458764,COL,2022,Columbus Blue Jackets,3,Colorado Avalanche,6,220,,,-260,,,True,DraftKings,11,-105,3,REG,-115,-105,-1.5,Final,6.5,-115,-170,340,ESPN BET,fixed,5
BUF,2022-11-04T23:00Z,401458763,CAR,2022,Buffalo Sabres,3,Carolina Hurricanes,5,150,,,-200,,,False,DraftKings,11,-110,3,REG,-145,125,-1.5,Final,6.5,-110,-130,260,ESPN BET,fixed,5
NYI,2022-11-05T17:00Z,401458767,DET,2022,New York Islanders,0,Detroit Red Wings,3,-135,,,105,,,False,DraftKings,11,-110,3,REG,200,-240,1.5,Final,6.0,-110,170,120,ESPN BET,fixed,6
COL,2022-11-05T18:00Z,401458766,CBJ,2022,Colorado Avalanche,5,Columbus Blue Jackets,1,-240,,,200,,,True,DraftKings,11,-125,3,REG,-115,-105,1.5,Final,6.5,105,360,-185,ESPN BET,fixed,6
CHI,2022-11-05T19:00Z,401458778,WPG,2022,Chicago Blackhawks,0,Winnipeg Jets,4,190,,,-250,,,False,DraftKings,11,-120,3,REG,-130,110,-1.5,Final,6.0,100,-150,300,ESPN BET,fixed,5
DAL,2022-11-05T20:00Z,401458768,EDM,2022,Dallas Stars,6,Edmonton Oilers,2,135,,,-160,,,False,DraftKings,11,-135,3,REG,-175,150,-1.5,Final,6.5,115,-105,205,ESPN BET,fixed,6
VGK,2022-11-05T23:00Z,401458770,MTL,2022,Vegas Golden Knights,6,Montreal Canadiens,4,-210,,,180,,,False,DraftKings,11,100,3,REG,125,-145,1.5,Final,6.5,-120,265,-130,ESPN BET,fixed,6
PHI,2022-11-05T23:00Z,401458771,OTT,2022,Philadelphia Flyers,2,Ottawa Senators,1,165,,,-195,,,False,DraftKings,11,-105,3,REG,-165,140,-1.5,Final,6.5,-115,-115,230,ESPN BET,fixed,5
SEA,2022-11-05T23:00Z,401458772,PIT,2022,Seattle Kraken,3,Pittsburgh Penguins,2,170,,,-200,,,False,DraftKings,11,-105,3,REG,-140,120,-1.5,Final,6.5,-115,-135,275,ESPN BET,fixed,5
BUF,2022-11-05T23:00Z,401458774,TB,2022,Buffalo Sabres,3,Tampa Bay Lightning,5,210,,,-250,,,False,DraftKings,10,175,3,REG,-120,100,-1.5,Final,7.5,-240,-160,310,ESPN BET,fixed,5
BOS,2022-11-05T23:00Z,401458775,TOR,2022,Boston Bruins,1,Toronto Maple Leafs,2,115,,,-135,,,False,DraftKings,11,-120,3,REG,-215,185,-1.5,Final,6.5,100,115,175,ESPN BET,fixed,6
ARI,2022-11-05T23:00Z,401458777,WSH,2022,Arizona Coyotes,3,Washington Capitals,2,245,,,-295,,,False,DraftKings,11,-120,3,REG,105,-125,-1.5,Final,6.0,100,-210,425,ESPN BET,fixed,6
NJ,2022-11-06T02:00Z,401458765,CGY,2022,New Jersey Devils,4,Calgary Flames,3,145,,,-170,,,False,DraftKings,11,-120,4,OT,-170,145,-1.5,Final/OT,6.5,100,-110,220,ESPN BET,fixed,6
NSH,2022-11-06T02:00Z,401458776,VAN,2022,Nashville Predators,4,Vancouver Canucks,3,-115,,,-115,,,False,DraftKings,11,-105,5,SO,-240,200,-1.5,Final/SO,6.5,-115,125,160,ESPN BET,fixed,5
FLA,2022-11-06T02:30Z,401458769,LA,2022,Florida Panthers,4,Los Angeles Kings,5,-130,,,110,,,False,DraftKings,11,-105,3,REG,175,-205,1.5,Final,6.5,-115,185,110,ESPN BET,fixed,5
ANA,2022-11-06T02:30Z,401458773,SJ,2022,Anaheim Ducks,5,San Jose Sharks,4,125,,,-145,,,False,DraftKings,11,-110,5,SO,-200,170,-1.5,Final/SO,6.5,-110,105,190,ESPN BET,fixed,5
TOR,2022-11-06T22:00Z,401458780,CAR,2022,Toronto Maple Leafs,3,Carolina Hurricanes,1,130,,,-165,,,False,DraftKings,11,-115,3,REG,-180,155,-1.5,Final,6.5,-105,-105,210,ESPN BET,fixed,5
DET,2022-11-06T22:00Z,401458781,NYR,2022,Detroit Red Wings,3,New York Rangers,2,190,,,-250,,,False,DraftKings,11,-115,4,OT,-125,105,-1.5,Final/OT,6.5,-105,-150,295,ESPN BET,fixed,6
FLA,2022-11-07T02:00Z,401458779,ANA,2022,Florida Panthers,5,Anaheim Ducks,3,-200,,,165,,,False,DraftKings,11,-110,3,REG,130,-150,1.5,Final,6.5,-110,255,-130,ESPN BET,fixed,5
STL,2022-11-08T00:00Z,401458782,BOS,2022,St. Louis Blues,1,Boston Bruins,3,160,,,-210,,,False,DraftKings,11,-115,3,REG,-150,130,-1.5,Final,6.0,-105,-130,260,ESPN BET,fixed,6
CGY,2022-11-08T00:00Z,401458783,NYI,2022,Calgary Flames,3,New York Islanders,4,-120,,,-105,,,False,DraftKings,11,-105,4,OT,205,-245,1.5,Final/OT,6.0,-115,165,125,ESPN BET,fixed,6
EDM,2022-11-08T01:00Z,401458784,WSH,2022,Edmonton Oilers,4,Washington Capitals,5,-160,,,125,,,False,DraftKings,11,-110,3,REG,155,-180,1.5,Final,6.5,-110,205,-105,ESPN BET,fixed,6
ARI,2022-11-09T00:00Z,401458785,BUF,2022,Arizona Coyotes,4,Buffalo Sabres,1,180,,,-240,,,False,DraftKings,11,-115,3,REG,-115,-105,-1.5,Final,6.5,-105,-170,340,ESPN BET,fixed,5
MTL,2022-11-09T00:00Z,401458786,DET,2022,Montreal Canadiens,3,Detroit Red Wings,2,140,,,-160,,,False,DraftKings,11,-115,5,SO,-180,155,-1.5,Final/SO,6.0,-105,-110,220,ESPN BET,fixed,5
NYI,2022-11-09T00:00Z,401458788,NYR,2022,New York Islanders,4,New York Rangers,3,135,,,-170,,,False,DraftKings,11,-105,3,REG,-175,150,-1.5,Final,6.0,-115,-110,230,ESPN BET,fixed,6
CGY,2022-11-09T00:00Z,401458789,NJ,2022,Calgary Flames,2,New Jersey Devils,3,125,,,-145,,,False,DraftKings,11,-130,3,REG,-210,180,-1.5,Final,6.5,110,105,180,ESPN BET,fixed,5
VAN,2022-11-09T00:00Z,401458790,OTT,2022,Vancouver Canucks,6,Ottawa Senators,4,-105,,,-125,,,False,DraftKings,11,115,3,REG,-225,190,-1.5,Final,7.0,-135,120,160,ESPN BET,fixed,6
STL,2022-11-09T00:00Z,401458791,PHI,2022,St. Louis Blues,1,Philadelphia Flyers,5,-130,,,110,,,False,DraftKings,11,-105,3,REG,185,-215,1.5,Final,6.0,-115,180,115,Caesars Sportsbook,fixed,5
VGK,2022-11-09T00:00Z,401458794,TOR,2022,Vegas Golden Knights,4,Toronto Maple Leafs,3,-110,,,-120,,,False,DraftKings,11,-110,4,OT,-245,205,-1.5,Final/OT,6.5,-110,130,155,ESPN BET,fixed,5
EDM,2022-11-09T00:30Z,401458793,TB,2022,Edmonton Oilers,3,Tampa Bay Lightning,2,140,,,-165,,,False,DraftKings,11,120,3,REG,-170,145,-1.5,Final,7.0,-140,-115,220,ESPN BET,fixed,5
DAL,2022-11-09T01:00Z,401458795,WPG,2022,Dallas Stars,1,Winnipeg Jets,5,-120,,,100,,,False,DraftKings,11,-115,3,REG,215,-255,1.5,Final,6.0,-105,155,130,Caesars Sportsbook,fixed,4
NSH,2022-11-09T03:00Z,401458792,SEA,2022,Nashville Predators,1,Seattle Kraken,5,-105,,,-115,,,False,DraftKings,11,-115,3,REG,-250,210,-1.5,Final,6.0,-105,130,160,Caesars Sportsbook,fixed,5
MIN,2022-11-09T03:30Z,401458787,LA,2022,Minnesota Wild,0,Los Angeles Kings,1,-110,,,-120,,,False,DraftKings,11,265,3,REG,-255,215,-1.5,Final,8.0,-385,135,145,ESPN BET,fixed,6
CAR,2022-11-10T00:00Z,401458797,FLA,2022,Carolina Hurricanes,0,Florida Panthers,3,-125,,,-105,,,False,DraftKings,11,-120,3,REG,205,-245,1.5,Final,6.5,100,160,120,ESPN BET,fixed,5
VAN,2022-11-10T00:30Z,401458798,MTL,2022,Vancouver Canucks,2,Montreal Canadiens,5,-165,,,140,,,False,DraftKings,11,-130,3,REG,155,-180,1.5,Final,6.5,110,200,-105,ESPN BET,fixed,6
PIT,2022-11-10T00:30Z,401458799,WSH,2022,Pittsburgh Penguins,4,Washington Capitals,1,-130,,,110,,,False,DraftKings,11,-120,3,REG,195,-230,1.5,Final,6.0,100,170,120,ESPN BET,fixed,5
MIN,2022-11-10T03:00Z,401458796,ANA,2022,Minnesota Wild,4,Anaheim Ducks,1,-155,,,135,,,False,DraftKings,11,-105,3,REG,155,-180,1.5,Final,6.5,-115,215,-110,ESPN BET,fixed,6
CGY,2022-11-11T00:00Z,401458800,BOS,2022,Calgary Flames,1,Boston Bruins,3,165,,,-195,,,False,DraftKings,11,-115,3,REG,-150,130,-1.5,Final,6.0,-105,-130,255,ESPN BET,fixed,5
VGK,2022-11-11T00:00Z,401458801,BUF,2022,Vegas Golden Knights,7,Buffalo Sabres,4,-165,,,130,,,False,DraftKings,11,-105,3,REG,155,-180,1.5,Final,6.5,-115,205,-105,ESPN BET,fixed,5
EDM,2022-11-11T00:00Z,401458802,CAR,2022,Edmonton Oilers,2,Carolina Hurricanes,7,110,,,-140,,,False,DraftKings,11,-120,3,REG,-195,165,-1.5,Final,6.5,100,100,190,ESPN BET,fixed,5
PHI,2022-11-11T00:00Z,401458804,CBJ,2022,Philadelphia Flyers,2,Columbus Blue Jackets,5,-105,,,-115,,,False,DraftKings,10,215,3,REG,-260,220,-1.5,Final,7.5,-300,135,150,ESPN BET,fixed,5
NYR,2022-11-11T00:00Z,401458805,DET,2022,New York Rangers,8,Detroit Red Wings,2,-155,,,135,,,False,DraftKings,11,100,3,REG,160,-190,1.5,Final,6.0,-120,210,-105,ESPN BET,fixed,5
OTT,2022-11-11T00:00Z,401458808,NJ,2022,Ottawa Senators,3,New Jersey Devils,4,150,,,-190,,,False,DraftKings,11,175,4,OT,-155,135,-1.5,Final/OT,7.5,-240,-115,220,ESPN BET,fixed,6
ARI,2022-11-11T00:30Z,401458807,NYI,2022,Arizona Coyotes,2,New York Islanders,0,230,,,-320,,,False,DraftKings,11,260,3,REG,-105,-115,-1.5,Final,7.5,-375,-185,370,ESPN BET,fixed,6
SJ,2022-11-11T01:00Z,401458809,STL,2022,San Jose Sharks,3,St. Louis Blues,5,125,,,-160,,,False,DraftKings,11,-115,3,REG,-180,155,-1.5,Final,6.0,-105,-105,210,ESPN BET,fixed,5
NSH,2022-11-11T02:00Z,401458803,COL,2022,Nashville Predators,3,Colorado Avalanche,5,150,,,-190,,,False,DraftKings,11,-105,3,REG,-145,125,-1.5,Final,6.5,-115,-130,260,ESPN BET,fixed,6
CHI,2022-11-11T03:30Z,401458806,LA,2022,Chicago Blackhawks,1,Los Angeles Kings,2,225,,,-310,,,False,DraftKings,11,105,4,OT,-105,-115,-1.5,Final/OT,6.5,-125,-185,380,ESPN BET,fixed,6
PIT,2022-11-12T00:00Z,401458812,TOR,2022,Pittsburgh Penguins,4,Toronto Maple Leafs,2,130,,,-155,,,False,DraftKings,11,-115,3,REG,-195,165,-1.5,Final,6.5,-105,105,195,ESPN BET,fixed,6
TB,2022-11-12T00:00Z,401458813,WSH,2022,Tampa Bay Lightning,1,Washington Capitals,5,-135,,,115,,,False,DraftKings,11,-110,3,REG,185,-215,1.5,Final,6.0,-110,185,110,ESPN BET,fixed,6
SJ,2022-11-12T01:30Z,401458810,DAL,2022,San Jose Sharks,5,Dallas Stars,4,190,,,-230,,,False,DraftKings,11,-110,3,REG,-125,105,-1.5,Final,6.0,-110,-155,320,ESPN BET,fixed,5
MIN,2022-11-12T03:00Z,401458811,SEA,2022,Minnesota Wild,1,Seattle Kraken,0,-125,,,-105,,,False,DraftKings,11,-105,3,REG,200,-240,1.5,Final,6.0,-115,165,120,ESPN BET,fixed,6
OTT,2022-11-12T18:00Z,401458824,PHI,2022,Ottawa Senators,4,Philadelphia Flyers,1,-125,,,105,,,False,DraftKings,11,100,3,REG,200,-240,1.5,Final,6.5,-120,155,130,Caesars Sportsbook,fixed,5
EDM,2022-11-12T21:00Z,401458818,FLA,2022,Edmonton Oilers,4,Florida Panthers,2,135,,,-170,,,False,DraftKings,11,110,3,REG,-165,140,-1.5,Final,7.0,-130,-115,220,ESPN BET,fixed,5
BOS,2022-11-13T00:00Z,401458815,BUF,2022,Boston Bruins,3,Buffalo Sabres,1,-190,,,160,,,False,DraftKings,11,-125,3,REG,135,-155,1.5,Final,6.5,105,225,-115,ESPN BET,fixed,5
PIT,2022-11-13T00:00Z,401458820,MTL,2022,Pittsburgh Penguins,4,Montreal Canadiens,5,-170,,,135,,,False,DraftKings,11,-110,4,OT,145,-170,1.5,Final/OT,6.5,-110,215,-110,ESPN BET,fixed,6
ARI,2022-11-13T00:00Z,401458823,NJ,2022,Arizona Coyotes,2,New Jersey Devils,4,250,,,-300,,,False,DraftKings,11,-115,3,REG,105,-125,-1.5,Final,6.5,-105,-200,400,ESPN BET,fixed,6
VAN,2022-11-13T00:00Z,401458825,TOR,2022,Vancouver Canucks,2,Toronto Maple Leafs,3,145,,,-170,,,False,DraftKings,11,-135,3,REG,-175,150,-1.5,Final,6.5,115,-105,210,ESPN BET,fixed,5
CBJ,2022-11-13T00:30Z,401458821,NYI,2022,Columbus Blue Jackets,3,New York Islanders,4,190,,,-250,,,False,DraftKings,11,-115,4,OT,-115,-105,-1.5,Final/OT,6.0,-105,-175,360,ESPN BET,fixed,5
NYR,2022-11-13T01:00Z,401458822,NSH,2022,New York Rangers,1,Nashville Predators,2,-110,,,-110,,,False,DraftKings,11,-105,3,REG,210,-250,1.5,Final,6.5,-115,155,130,ESPN BET,fixed,6
CAR,2022-11-13T02:00Z,401458817,COL,2022,Carolina Hurricanes,1,Colorado Avalanche,4,105,,,-125,,,False,DraftKings,11,-115,3,REG,-240,200,-1.5,Final,6.0,-105,125,165,Caesars Sportsbook,fixed,5
CHI,2022-11-13T03:00Z,401458814,ANA,2022,Chicago Blackhawks,3,Anaheim Ducks,2,110,,,-130,,,False,DraftKings,11,100,3,REG,-210,180,-1.5,Final,6.5,-120,115,175,ESPN BET,fixed,5
WPG,2022-11-13T03:00Z,401458816,CGY,2022,Winnipeg Jets,2,Calgary Flames,3,140,,,-165,,,False,DraftKings,11,-115,3,REG,-175,150,-1.5,Final,6.0,-105,-105,215,ESPN BET,fixed,5
STL,2022-11-13T03:00Z,401458826,VGK,2022,St. Louis Blues,3,Vegas Golden Knights,2,160,,,-200,,,False,DraftKings,11,-105,3,REG,-140,120,-1.5,Final,6.5,-115,-130,265,ESPN BET,fixed,5
DET,2022-11-13T03:30Z,401458819,LA,2022,Detroit Red Wings,3,Los Angeles Kings,4,160,,,-200,,,False,DraftKings,11,100,3,REG,-145,125,-1.5,Final,6.5,-120,-130,265,ESPN BET,fixed,5
DAL,2022-11-13T18:00Z,401458830,PHI,2022,Dallas Stars,5,Philadelphia Flyers,1,-190,,,150,,,False,DraftKings,11,100,3,REG,140,-165,1.5,Final,6.5,-120,245,-125,ESPN BET,fixed,5
VAN,2022-11-13T23:00Z,401458827,BOS,2022,Vancouver Canucks,2,Boston Bruins,5,180,,,-240,,,False,DraftKings,11,100,3,REG,-130,110,-1.5,Final,6.5,-120,-150,300,ESPN BET,fixed,6
SJ,2022-11-13T23:00Z,401458828,MIN,2022,San Jose Sharks,3,Minnesota Wild,2,180,,,-210,,,False,DraftKings,11,-105,5,SO,-145,125,-1.5,Final/SO,6.0,-115,-135,275,ESPN BET,fixed,5
ARI,2022-11-14T00:00Z,401458829,NYR,2022,Arizona Coyotes,1,New York Rangers,4,290,,,-360,,,False,DraftKings,11,350,3,REG,120,-140,-1.5,Final,8.0,-475,-260,500,ESPN BET,fixed,6
WSH,2022-11-14T00:00Z,401458832,TB,2022,Washington Capitals,3,Tampa Bay Lightning,6,155,,,-185,,,False,DraftKings,11,-125,3,REG,-170,145,-1.5,Final,5.5,105,-115,235,ESPN BET,fixed,5
WPG,2022-11-14T01:00Z,401458831,SEA,2022,Winnipeg Jets,3,Seattle Kraken,2,140,,,-170,,,False,DraftKings,11,-115,4,OT,-200,170,-1.5,Final/OT,6.0,-105,105,195,ESPN BET,fixed,6
NYI,2022-11-14T22:30Z,401458836,OTT,2022,New York Islanders,4,Ottawa Senators,2,-125,,,105,,,False,DraftKings,11,-120,3,REG,210,-250,1.5,Final,6.0,100,150,135,Caesars Sportsbook,fixed,5
LA,2022-11-15T01:30Z,401458833,CGY,2022,Los Angeles Kings,5,Calgary Flames,6,145,,,-175,,,False,DraftKings,11,-110,3,REG,-175,150,-1.5,Final,6.0,-110,-110,225,ESPN BET,fixed,6
CAR,2022-11-15T01:30Z,401458834,CHI,2022,Carolina Hurricanes,3,Chicago Blackhawks,0,-240,,,200,,,False,DraftKings,11,100,3,REG,110,-130,1.5,Final,6.0,-120,300,-150,ESPN BET,fixed,5
STL,2022-11-15T02:00Z,401458835,COL,2022,St. Louis Blues,3,Colorado Avalanche,2,150,,,-190,,,False,DraftKings,11,-120,3,REG,-150,130,-1.5,Final,6.0,100,-130,265,ESPN BET,fixed,6
VAN,2022-11-16T00:00Z,401458838,BUF,2022,Vancouver Canucks,5,Buffalo Sabres,4,-115,,,-115,,,False,DraftKings,11,-130,3,REG,-260,220,-1.5,Final,6.5,110,135,145,ESPN BET,fixed,5
WSH,2022-11-16T00:00Z,401458840,FLA,2022,Washington Capitals,2,Florida Panthers,5,170,,,-210,,,False,DraftKings,11,100,3,REG,-150,130,-1.5,Final,6.5,-120,-130,255,ESPN BET,fixed,6
NJ,2022-11-16T00:00Z,401458841,MTL,2022,New Jersey Devils,5,Montreal Canadiens,1,-190,,,160,,,False,DraftKings,11,-110,3,REG,135,-155,1.5,Final,6.5,-110,245,-125,ESPN BET,fixed,5
TOR,2022-11-16T00:00Z,401458843,PIT,2022,Toronto Maple Leafs,5,Pittsburgh Penguins,2,-120,,,100,,,False,DraftKings,10,-120,3,REG,205,-245,1.5,Final,6.5,100,155,125,Caesars Sportsbook,fixed,5
DAL,2022-11-16T00:00Z,401458844,TB,2022,Dallas Stars,4,Tampa Bay Lightning,5,110,,,-130,,,False,DraftKings,11,-115,4,OT,-200,170,-1.5,Final/OT,6.0,-105,105,195,ESPN BET,fixed,5
PHI,2022-11-16T00:30Z,401458839,CBJ,2022,Philadelphia Flyers,4,Columbus Blue Jackets,5,-125,,,-105,,,False,DraftKings,11,-120,4,OT,-275,230,-1.5,Final/OT,6.0,100,135,145,ESPN BET,fixed,6
MIN,2022-11-16T01:00Z,401458842,NSH,2022,Minnesota Wild,1,Nashville Predators,2,-115,,,-115,,,False,DraftKings,11,-120,3,REG,225,-265,1.5,Final,5.5,100,150,135,ESPN BET,fixed,6
DET,2022-11-16T03:00Z,401458837,ANA,2022,Detroit Red Wings,2,Anaheim Ducks,3,-115,,,-105,,,False,DraftKings,11,-105,4,OT,200,-240,1.5,Final/OT,6.5,-115,160,125,ESPN BET,fixed,5
SJ,2022-11-16T03:00Z,401458845,VGK,2022,San Jose Sharks,5,Vegas Golden Knights,2,215,,,-265,,,False,DraftKings,11,100,3,REG,-115,-105,-1.5,Final,6.5,-120,-175,350,ESPN BET,fixed,5
BUF,2022-11-17T00:00Z,401458848,OTT,2022,Buffalo Sabres,1,Ottawa Senators,4,140,,,-165,,,False,DraftKings,12,-135,3,REG,-175,150,-1.5,Final,6.5,115,-105,205,ESPN BET,fixed,6
STL,2022-11-17T00:30Z,401458846,CHI,2022,St. Louis Blues,5,Chicago Blackhawks,2,-175,,,150,,,False,DraftKings,12,100,3,REG,155,-180,1.5,Final,6.0,-120,225,-110,ESPN BET,fixed,6
LA,2022-11-17T03:00Z,401458847,EDM,2022,Los Angeles Kings,3,Edmonton Oilers,1,115,,,-135,,,False,DraftKings,12,-135,3,REG,-195,165,-1.5,Final,6.5,115,105,190,ESPN BET,fixed,5
PHI,2022-11-18T00:00Z,401458849,BOS,2022,Philadelphia Flyers,1,Boston Bruins,4,260,,,-375,,,False,DraftKings,12,-120,3,REG,110,-130,-1.5,Final,6.0,100,-220,450,ESPN BET,fixed,5
COL,2022-11-18T00:00Z,401458850,CAR,2022,Colorado Avalanche,3,Carolina Hurricanes,2,110,,,-140,,,False,DraftKings,12,-110,4,OT,-225,190,-1.5,Final/OT,6.0,-110,115,175,ESPN BET,fixed,6
MTL,2022-11-18T00:00Z,401458851,CBJ,2022,Montreal Canadiens,4,Columbus Blue Jackets,6,-110,,,-110,,,False,DraftKings,12,-115,3,REG,-250,210,-1.5,Final,6.5,-105,130,150,Caesars Sportsbook,fixed,5
DAL,2022-11-18T00:00Z,401458852,FLA,2022,Dallas Stars,6,Florida Panthers,4,140,,,-170,,,False,DraftKings,12,-110,3,REG,-190,160,-1.5,Final,6.5,-110,-105,205,ESPN BET,fixed,6
CGY,2022-11-18T00:00Z,401458858,TB,2022,Calgary Flames,1,Tampa Bay Lightning,4,105,,,-125,,,False,DraftKings,12,-120,3,REG,-240,200,-1.5,Final,6.0,100,125,165,Caesars Sportsbook,fixed,4
NJ,2022-11-18T00:00Z,401458859,TOR,2022,New Jersey Devils,3,Toronto Maple Leafs,2,125,,,-145,,,False,DraftKings,12,-120,4,OT,-205,175,-1.5,Final/OT,6.5,100,110,180,ESPN BET,fixed,6
PIT,2022-11-18T01:00Z,401458853,MIN,2022,Pittsburgh Penguins,6,Minnesota Wild,4,-110,,,-120,,,False,DraftKings,12,-110,3,REG,220,-260,1.5,Final,6.5,-110,140,140,ESPN BET,fixed,6
NYI,2022-11-18T01:00Z,401458854,NSH,2022,New York Islanders,4,Nashville Predators,5,-110,,,-120,,,False,DraftKings,12,-120,3,REG,-255,215,-1.5,Final,5.5,100,130,160,ESPN BET,fixed,6
WSH,2022-11-18T01:00Z,401458857,STL,2022,Washington Capitals,4,St. Louis Blues,5,-115,,,-115,,,False,DraftKings,12,-105,5,SO,-225,190,-1.5,Final/SO,6.5,-115,120,165,ESPN BET,fixed,5
ANA,2022-11-18T01:00Z,401458861,WPG,2022,Anaheim Ducks,2,Winnipeg Jets,3,190,,,-250,,,False,DraftKings,12,-120,3,REG,-140,120,-1.5,Final,6.0,100,-135,280,ESPN BET,fixed,6
NYR,2022-11-18T03:00Z,401458856,SEA,2022,New York Rangers,2,Seattle Kraken,3,-130,,,110,,,False,DraftKings,12,100,4,OT,185,-215,1.5,Final/OT,6.0,-120,185,110,ESPN BET,fixed,5
ARI,2022-11-18T03:00Z,401458860,VGK,2022,Arizona Coyotes,1,Vegas Golden Knights,4,300,,,-450,,,False,DraftKings,12,100,3,REG,130,-150,-1.5,Final,6.5,-120,-260,500,ESPN BET,fixed,6
DET,2022-11-18T03:30Z,401458855,SJ,2022,Detroit Red Wings,7,San Jose Sharks,4,105,,,-125,,,False,DraftKings,12,-105,3,REG,-240,200,-1.5,Final,6.0,-115,125,165,Caesars Sportsbook,fixed,5
LA,2022-11-19T03:00Z,401458862,VAN,2022,Los Angeles Kings,1,Vancouver Canucks,4,-110,,,-120,,,False,DraftKings,12,330,3,REG,225,-265,1.5,Final,8.5,-505,145,140,ESPN BET,fixed,5
NJ,2022-11-19T18:00Z,401458871,OTT,2022,New Jersey Devils,5,Ottawa Senators,1,-140,,,110,,,False,DraftKings,11,-130,3,REG,170,-200,1.5,Final,6.5,110,180,110,ESPN BET,fixed,4
CGY,2022-11-19T21:00Z,401458867,FLA,2022,Calgary Flames,5,Florida Panthers,4,120,,,-140,,,False,DraftKings,12,105,5,SO,-210,180,-1.5,Final/SO,6.5,-125,110,180,ESPN BET,fixed,6
CHI,2022-11-20T00:00Z,401458863,BOS,2022,Chicago Blackhawks,1,Boston Bruins,6,320,,,-450,,,False,DraftKings,12,-105,3,REG,145,-170,-1.5,Final,6.0,-115,-295,600,ESPN BET,fixed,6
DET,2022-11-20T00:00Z,401458864,CBJ,2022,Detroit Red Wings,6,Columbus Blue Jackets,1,-135,,,105,,,False,DraftKings,12,-125,3,REG,175,-205,1.5,Final,6.5,105,175,115,ESPN BET,fixed,6
PHI,2022-11-20T00:00Z,401458869,MTL,2022,Philadelphia Flyers,4,Montreal Canadiens,5,105,,,-135,,,False,DraftKings,12,-115,5,SO,-225,190,-1.5,Final/SO,6.0,-105,115,175,ESPN BET,fixed,6
BUF,2022-11-20T00:00Z,401458875,TOR,2022,Buffalo Sabres,2,Toronto Maple Leafs,5,210,,,-280,,,False,DraftKings,12,100,3,REG,-105,-115,-1.5,Final,6.5,-120,-190,370,ESPN BET,fixed,5
COL,2022-11-20T00:00Z,401458876,WSH,2022,Colorado Avalanche,4,Washington Capitals,0,-120,,,100,,,False,DraftKings,12,-110,3,REG,200,-240,1.5,Final,6.0,-110,175,120,Caesars Sportsbook,fixed,4
PIT,2022-11-20T00:00Z,401458877,WPG,2022,Pittsburgh Penguins,3,Winnipeg Jets,0,-125,,,105,,,False,DraftKings,12,-105,3,REG,195,-230,1.5,Final,6.5,-115,160,125,Caesars Sportsbook,fixed,5
NYI,2022-11-20T01:00Z,401458865,DAL,2022,New York Islanders,2,Dallas Stars,5,125,,,-160,,,False,DraftKings,12,100,3,REG,-200,170,-1.5,Final,6.0,-120,100,205,ESPN BET,fixed,5
CAR,2022-11-20T01:00Z,401458868,MIN,2022,Carolina Hurricanes,1,Minnesota Wild,2,-135,,,105,,,False,DraftKings,12,-120,4,OT,195,-230,1.5,Final/OT,6.0,100,170,120,ESPN BET,fixed,6
TB,2022-11-20T01:00Z,401458870,NSH,2022,Tampa Bay Lightning,3,Nashville Predators,2,-135,,,105,,,False,DraftKings,12,-105,4,OT,195,-230,1.5,Final/OT,6.0,-115,170,120,ESPN BET,fixed,6
ANA,2022-11-20T01:00Z,401458874,STL,2022,Anaheim Ducks,2,St. Louis Blues,6,140,,,-180,,,False,DraftKings,12,-105,3,REG,-155,135,-1.5,Final,6.0,-115,-125,250,ESPN BET,fixed,6
VGK,2022-11-20T03:00Z,401458866,EDM,2022,Vegas Golden Knights,3,Edmonton Oilers,4,-115,,,-115,,,False,DraftKings,12,-125,4,OT,210,-250,1.5,Final/OT,6.5,105,145,130,ESPN BET,fixed,6
LA,2022-11-20T03:00Z,401458873,SEA,2022,Los Angeles Kings,2,Seattle Kraken,3,110,,,-130,,,False,DraftKings,12,-110,4,OT,-230,195,-1.5,Final/OT,6.0,-110,115,175,ESPN BET,fixed,6
NYR,2022-11-20T03:30Z,401458872,SJ,2022,New York Rangers,2,San Jose Sharks,1,-170,,,145,,,False,DraftKings,12,-105,3,REG,150,-175,1.5,Final,6.0,-115,225,-110,ESPN BET,fixed,6
FLA,2022-11-20T23:00Z,401458879,CBJ,2022,Florida Panthers,3,Columbus Blue Jackets,5,-300,,,220,,,False,DraftKings,12,-120,3,REG,-105,-115,1.5,Final,6.5,100,330,-170,ESPN BET,fixed,5
PIT,2022-11-21T00:00Z,401458878,CHI,2022,Pittsburgh Penguins,5,Chicago Blackhawks,3,-240,,,195,,,False,DraftKings,12,100,3,REG,115,-135,1.5,Final,6.5,-120,295,-145,ESPN BET,fixed,5
EDM,2022-11-22T00:00Z,401458882,NJ,2022,Edmonton Oilers,2,New Jersey Devils,5,125,,,-160,,,False,DraftKings,12,-130,3,REG,-195,165,-1.5,Final,6.5,110,105,190,ESPN BET,fixed,5
CGY,2022-11-22T00:00Z,401458883,PHI,2022,Calgary Flames,5,Philadelphia Flyers,2,-220,,,170,,,False,DraftKings,12,100,3,REG,115,-135,1.5,Final,6.0,-120,300,-150,ESPN BET,fixed,5
BOS,2022-11-22T00:00Z,401458886,TB,2022,Boston Bruins,5,Tampa Bay Lightning,3,-120,,,-110,,,False,DraftKings,12,-110,3,REG,-275,230,-1.5,Final,6.0,-110,135,145,ESPN BET,fixed,5
NYI,2022-11-22T00:30Z,401458887,TOR,2022,New York Islanders,3,Toronto Maple Leafs,2,150,,,-175,,,False,DraftKings,12,-125,4,OT,-170,145,-1.5,Final/OT,6.0,105,-110,225,ESPN BET,fixed,6
CAR,2022-11-22T00:30Z,401458889,WPG,2022,Carolina Hurricanes,3,Winnipeg Jets,4,-180,,,140,,,False,DraftKings,12,100,4,OT,150,-175,1.5,Final/OT,6.0,-120,220,-105,ESPN BET,fixed,6
ARI,2022-11-22T01:00Z,401458881,NSH,2022,Arizona Coyotes,3,Nashville Predators,4,190,,,-250,,,False,DraftKings,12,-110,5,SO,-120,100,-1.5,Final/SO,6.0,-110,-165,330,ESPN BET,fixed,6
ANA,2022-11-22T01:00Z,401458885,STL,2022,Anaheim Ducks,1,St. Louis Blues,3,170,,,-200,,,False,DraftKings,12,-125,3,REG,-145,125,-1.5,Final,6.0,105,-135,265,ESPN BET,fixed,5
COL,2022-11-22T01:30Z,401458880,DAL,2022,Colorado Avalanche,3,Dallas Stars,2,-115,,,-115,,,False,DraftKings,12,-115,5,SO,-250,210,-1.5,Final/SO,6.0,-105,135,155,ESPN BET,fixed,5
OTT,2022-11-22T03:30Z,401458884,SJ,2022,Ottawa Senators,1,San Jose Sharks,5,-120,,,-110,,,False,DraftKings,12,-105,3,REG,-260,220,-1.5,Final,6.5,-115,135,145,ESPN BET,fixed,6
VGK,2022-11-22T03:30Z,401458888,VAN,2022,Vegas Golden Knights,5,Vancouver Canucks,4,-140,,,110,,,False,DraftKings,12,-110,3,REG,180,-210,1.5,Final,6.5,-110,175,110,ESPN BET,fixed,6
BUF,2022-11-23T00:00Z,401458891,MTL,2022,Buffalo Sabres,7,Montreal Canadiens,2,-110,,,-120,,,False,DraftKings,12,-115,3,REG,-275,230,-1.5,Final,6.5,-105,140,145,ESPN BET,fixed,6
NYR,2022-11-23T03:30Z,401458890,LA,2022,New York Rangers,5,Los Angeles Kings,3,-130,,,110,,,False,DraftKings,12,100,3,REG,190,-225,1.5,Final,6.0,-120,175,120,ESPN BET,fixed,6
STL,2022-11-24T00:00Z,401458893,BUF,2022,St. Louis Blues,2,Buffalo Sabres,6,-150,,,120,,,False,DraftKings,12,-110,3,REG,180,-210,1.5,Final,6.5,-110,180,110,ESPN BET,fixed,5
ARI,2022-11-24T00:00Z,401458894,CAR,2022,Arizona Coyotes,4,Carolina Hurricanes,0,270,,,-390,,,False,DraftKings,12,100,3,REG,115,-135,-1.5,Final,6.0,-120,-230,475,ESPN BET,fixed,6
MTL,2022-11-24T00:00Z,401458896,CBJ,2022,Montreal Canadiens,3,Columbus Blue Jackets,1,105,,,-125,,,False,DraftKings,12,-135,3,REG,-245,205,-1.5,Final,6.5,115,125,150,ESPN BET,fixed,5
NSH,2022-11-24T00:00Z,401458898,DET,2022,Nashville Predators,0,Detroit Red Wings,3,110,,,-140,,,False,DraftKings,12,100,3,REG,-245,205,-1.5,Final,6.5,-120,130,155,ESPN BET,fixed,5
BOS,2022-11-24T00:00Z,401458899,FLA,2022,Boston Bruins,2,Florida Panthers,5,105,,,-125,,,False,DraftKings,12,-115,3,REG,-250,210,-1.5,Final,6.5,-105,130,150,ESPN BET,fixed,6
WPG,2022-11-24T00:00Z,401458900,MIN,2022,Winnipeg Jets,1,Minnesota Wild,6,125,,,-160,,,False,DraftKings,12,100,3,REG,-195,165,-1.5,Final,6.0,-120,100,205,ESPN BET,fixed,5
TOR,2022-11-24T00:00Z,401458902,NJ,2022,Toronto Maple Leafs,2,New Jersey Devils,1,120,,,-140,,,False,DraftKings,12,-105,3,REG,-210,180,-1.5,Final,6.5,-115,110,180,ESPN BET,fixed,5
CGY,2022-11-24T00:00Z,401458903,PIT,2022,Calgary Flames,1,Pittsburgh Penguins,2,100,,,-120,,,False,DraftKings,12,-120,5,SO,-230,195,-1.5,Final/SO,6.5,100,120,160,Caesars Sportsbook,fixed,4
EDM,2022-11-24T00:30Z,401458901,NYI,2022,Edmonton Oilers,0,New York Islanders,3,100,,,-120,,,False,DraftKings,12,-120,3,REG,-255,215,-1.5,Final,6.0,100,130,160,Caesars Sportsbook,fixed,5
PHI,2022-11-24T00:30Z,401458906,WSH,2022,Philadelphia Flyers,2,Washington Capitals,3,205,,,-245,,,False,DraftKings,12,255,4,OT,-125,105,-1.5,Final/OT,7.5,-370,-160,330,ESPN BET,fixed,6
CHI,2022-11-24T01:30Z,401458897,DAL,2022,Chicago Blackhawks,4,Dallas Stars,6,250,,,-310,,,False,DraftKings,12,105,3,REG,100,-120,-1.5,Final,6.0,-125,-200,400,ESPN BET,fixed,6
NYR,2022-11-24T03:00Z,401458892,ANA,2022,New York Rangers,2,Anaheim Ducks,3,-160,,,135,,,False,DraftKings,12,100,3,REG,160,-190,1.5,Final,6.5,-120,205,100,ESPN BET,fixed,5
VAN,2022-11-24T03:00Z,401458895,COL,2022,Vancouver Canucks,4,Colorado Avalanche,3,165,,,-200,,,False,DraftKings,12,-125,3,REG,-145,125,-1.5,Final,6.5,105,-130,260,ESPN BET,fixed,6
SJ,2022-11-24T03:00Z,401458904,SEA,2022,San Jose Sharks,5,Seattle Kraken,8,150,,,-190,,,False,DraftKings,12,100,3,REG,-190,160,-1.5,Final,6.0,-120,-105,215,ESPN BET,fixed,5
OTT,2022-11-24T03:00Z,401458905,VGK,2022,Ottawa Senators,1,Vegas Golden Knights,4,200,,,-260,,,False,DraftKings,12,-135,3,REG,-125,105,-1.5,Final,6.5,115,-155,295,ESPN BET,fixed,5
CAR,2022-11-25T18:00Z,401458908,BOS,2022,Carolina Hurricanes,2,Boston Bruins,3,125,,,-160,,,False,DraftKings,12,100,4,OT,-195,165,-1.5,Final/OT,6.0,-120,100,205,ESPN BET,fixed,6
MTL,2022-11-25T19:00Z,401458910,CHI,2022,Montreal Canadiens,3,Chicago Blackhawks,2,100,,,-120,,,False,DraftKings,12,-105,5,SO,-230,195,-1.5,Final/SO,6.5,-115,120,165,Caesars Sportsbook,fixed,4
TOR,2022-11-25T19:00Z,401458914,MIN,2022,Toronto Maple Leafs,4,Minnesota Wild,3,-110,,,-110,,,False,DraftKings,12,-120,3,REG,-280,235,-1.5,Final,6.0,100,140,140,ESPN BET,fixed,5
CGY,2022-11-25T19:00Z,401458920,WSH,2022,Calgary Flames,0,Washington Capitals,3,-125,,,105,,,False,DraftKings,12,-105,3,REG,200,-240,1.5,Final,6.0,-115,165,125,Caesars Sportsbook,fixed,4
OTT,2022-11-25T20:00Z,401458907,ANA,2022,Ottawa Senators,5,Anaheim Ducks,1,-145,,,125,,,False,DraftKings,12,-105,3,REG,160,-190,1.5,Final,6.5,-115,200,100,ESPN BET,fixed,5
PIT,2022-11-25T22:30Z,401458916,PHI,2022,Pittsburgh Penguins,4,Philadelphia Flyers,1,-230,,,190,,,False,DraftKings,12,-115,3,REG,110,-130,1.5,Final,6.0,-105,310,-150,ESPN BET,fixed,6
NJ,2022-11-26T01:00Z,401458909,BUF,2022,New Jersey Devils,3,Buffalo Sabres,1,-160,,,135,,,False,DraftKings,12,-125,3,REG,150,-175,1.5,Final,6.5,105,210,-105,ESPN BET,fixed,6
NYI,2022-11-26T01:00Z,401458911,CBJ,2022,New York Islanders,3,Columbus Blue Jackets,2,-190,,,160,,,False,DraftKings,12,-115,3,REG,140,-165,1.5,Final,6.0,-105,240,-120,ESPN BET,fixed,5
ARI,2022-11-26T01:00Z,401458913,DET,2022,Arizona Coyotes,3,Detroit Red Wings,4,165,,,-200,,,False,DraftKings,12,-110,5,SO,-145,125,-1.5,Final/SO,6.0,-110,-135,275,ESPN BET,fixed,5
STL,2022-11-26T01:00Z,401458918,TB,2022,St. Louis Blues,2,Tampa Bay Lightning,5,165,,,-200,,,False,DraftKings,12,-115,3,REG,-155,135,-1.5,Final,6.0,-105,-120,250,ESPN BET,fixed,6
SEA,2022-11-26T01:00Z,401458919,VGK,2022,Seattle Kraken,4,Vegas Golden Knights,2,160,,,-190,,,False,DraftKings,12,-105,3,REG,-165,140,-1.5,Final,6.5,-115,-115,230,ESPN BET,fixed,6
WPG,2022-11-26T01:30Z,401458912,DAL,2022,Winnipeg Jets,5,Dallas Stars,4,140,,,-165,,,False,DraftKings,12,100,4,OT,-175,150,-1.5,Final/OT,6.0,-120,-115,230,ESPN BET,fixed,6
LA,2022-11-26T03:30Z,401458917,SJ,2022,Los Angeles Kings,5,San Jose Sharks,2,-150,,,125,,,False,DraftKings,12,-115,3,REG,185,-215,1.5,Final,6.0,-105,180,110,ESPN BET,fixed,5
EDM,2022-11-26T18:00Z,401458925,NYR,2022,Edmonton Oilers,4,New York Rangers,3,130,,,-165,,,False,DraftKings,12,100,3,REG,-180,155,-1.5,Final,6.5,-120,-105,215,ESPN BET,fixed,6
CGY,2022-11-26T21:00Z,401458921,CAR,2022,Calgary Flames,2,Carolina Hurricanes,3,110,,,-130,,,False,DraftKings,12,-115,3,REG,-215,185,-1.5,Final,6.0,-105,115,180,ESPN BET,fixed,6
STL,2022-11-26T23:30Z,401458923,FLA,2022,St. Louis Blues,5,Florida Panthers,4,170,,,-200,,,False,DraftKings,12,-110,4,OT,-140,120,-1.5,Final/OT,6.5,-110,-130,260,ESPN BET,fixed,5
WSH,2022-11-27T00:00Z,401458927,NJ,2022,Washington Capitals,1,New Jersey Devils,5,155,,,-185,,,False,DraftKings,12,-135,3,REG,-150,130,-1.5,Final,6.0,115,-115,230,ESPN BET,fixed,5
TOR,2022-11-27T00:00Z,401458928,PIT,2022,Toronto Maple Leafs,4,Pittsburgh Penguins,1,115,,,-135,,,False,DraftKings,12,-120,3,REG,-215,185,-1.5,Final,6.5,100,115,165,ESPN BET,fixed,6
PHI,2022-11-27T00:30Z,401458924,NYI,2022,Philadelphia Flyers,2,New York Islanders,5,190,,,-230,,,False,DraftKings,12,100,3,REG,-135,115,-1.5,Final,6.0,-120,-150,310,ESPN BET,fixed,5
DAL,2022-11-27T02:00Z,401458922,COL,2022,Dallas Stars,1,Colorado Avalanche,4,140,,,-170,,,False,DraftKings,12,105,3,REG,-175,150,-1.5,Final,6.5,-125,-110,220,ESPN BET,fixed,6
VAN,2022-11-27T03:00Z,401458929,VGK,2022,Vancouver Canucks,5,Vegas Golden Knights,1,145,,,-175,,,False,DraftKings,12,-120,3,REG,-165,140,-1.5,Final,6.5,100,-115,225,ESPN BET,fixed,6
ARI,2022-11-27T19:00Z,401458933,MIN,2022,Arizona Coyotes,3,Minnesota Wild,4,240,,,-330,,,False,DraftKings,12,-120,3,REG,100,-120,-1.5,Final,6.0,100,-205,400,ESPN BET,fixed,5
WPG,2022-11-28T00:00Z,401458931,CHI,2022,Winnipeg Jets,7,Chicago Blackhawks,2,-165,,,140,,,False,DraftKings,12,-120,3,REG,150,-175,1.5,Final,5.5,100,230,-110,ESPN BET,fixed,5
SEA,2022-11-28T01:00Z,401458930,ANA,2022,Seattle Kraken,5,Anaheim Ducks,4,-175,,,145,,,False,DraftKings,12,-120,3,REG,140,-165,1.5,Final,6.0,100,235,-115,ESPN BET,fixed,6
VAN,2022-11-28T01:00Z,401458934,SJ,2022,Vancouver Canucks,4,San Jose Sharks,3,-115,,,-105,,,False,DraftKings,12,-115,4,OT,210,-250,1.5,Final/OT,6.5,-105,150,135,ESPN BET,fixed,6
OTT,2022-11-28T03:30Z,401458932,LA,2022,Ottawa Senators,3,Los Angeles Kings,2,130,,,-155,,,False,DraftKings,12,-110,4,OT,-190,160,-1.5,Final/OT,6.5,-110,100,200,ESPN BET,fixed,5
TB,2022-11-29T00:00Z,401458935,BUF,2022,Tampa Bay Lightning,6,Buffalo Sabres,5,-145,,,120,,,False,DraftKings,12,170,4,OT,160,-190,1.5,Final/OT,7.5,-230,190,100,ESPN BET,fixed,5
VGK,2022-11-29T00:00Z,401458936,CBJ,2022,Vegas Golden Knights,3,Columbus Blue Jackets,2,-260,,,205,,,False,DraftKings,12,-115,5,SO,-105,-115,1.5,Final/SO,6.5,-105,340,-175,ESPN BET,fixed,6
TOR,2022-11-29T00:00Z,401458937,DET,2022,Toronto Maple Leafs,4,Detroit Red Wings,2,-150,,,125,,,False,DraftKings,12,-125,3,REG,165,-195,1.5,Final,6.0,105,205,100,ESPN BET,fixed,5
NJ,2022-11-29T00:00Z,401458939,NYR,2022,New Jersey Devils,5,New York Rangers,3,100,,,-120,,,False,DraftKings,12,-105,3,REG,-240,200,-1.5,Final,6.0,-115,140,140,Caesars Sportsbook,fixed,4
DAL,2022-11-29T01:00Z,401458940,STL,2022,Dallas Stars,4,St. Louis Blues,1,-125,,,105,,,False,DraftKings,12,-120,3,REG,205,-245,1.5,Final,6.0,100,160,125,Caesars Sportsbook,fixed,4
FLA,2022-11-29T02:30Z,401458938,EDM,2022,Florida Panthers,3,Edmonton Oilers,4,-120,,,-110,,,False,DraftKings,12,-115,4,OT,215,-255,1.5,Final/OT,6.5,-105,155,130,ESPN BET,fixed,6
TB,2022-11-30T00:00Z,401458941,BOS,2022,Tampa Bay Lightning,1,Boston Bruins,3,145,,,-170,,,False,DraftKings,12,100,3,REG,-175,150,-1.5,Final,6.5,-120,-110,220,ESPN BET,fixed,5
SJ,2022-11-30T00:00Z,401458944,MTL,2022,San Jose Sharks,4,Montreal Canadiens,0,-110,,,-110,,,False,DraftKings,12,-105,3,REG,-265,225,-1.5,Final,6.5,-115,140,145,ESPN BET,fixed,6
CAR,2022-11-30T00:00Z,401458947,PIT,2022,Carolina Hurricanes,3,Pittsburgh Penguins,2,-105,,,-115,,,False,DraftKings,12,-110,4,OT,-265,225,-1.5,Final/OT,6.0,-110,135,150,ESPN BET,fixed,6
NYI,2022-11-30T00:30Z,401458946,PHI,2022,New York Islanders,1,Philadelphia Flyers,3,-185,,,155,,,False,DraftKings,12,100,3,REG,135,-155,1.5,Final,5.5,-120,260,-120,ESPN BET,fixed,5
ANA,2022-11-30T01:00Z,401458945,NSH,2022,Anaheim Ducks,1,Nashville Predators,2,195,,,-235,,,False,DraftKings,12,105,4,OT,-125,105,-1.5,Final/OT,6.5,-125,-155,320,ESPN BET,fixed,6
COL,2022-11-30T01:00Z,401458949,WPG,2022,Colorado Avalanche,0,Winnipeg Jets,5,-140,,,120,,,False,DraftKings,12,-110,3,REG,175,-205,1.5,Final,6.0,-110,170,120,ESPN BET,fixed,5
FLA,2022-11-30T02:00Z,401458942,CGY,2022,Florida Panthers,2,Calgary Flames,6,130,,,-155,,,False,DraftKings,12,-105,3,REG,-190,160,-1.5,Final,6.5,-115,100,200,ESPN BET,fixed,6
WSH,2022-11-30T03:00Z,401458948,VAN,2022,Washington Capitals,5,Vancouver Canucks,1,100,,,-120,,,False,DraftKings,12,-110,3,REG,-250,210,-1.5,Final,6.5,-110,130,155,Caesars Sportsbook,fixed,4
SEA,2022-11-30T03:30Z,401458943,LA,2022,Seattle Kraken,9,Los Angeles Kings,8,115,,,-135,,,False,DraftKings,12,-120,4,OT,-225,190,-1.5,Final/OT,5.5,100,115,180,ESPN BET,fixed,5
BUF,2022-12-01T00:00Z,401458951,DET,2022,Buffalo Sabres,5,Detroit Red Wings,4,110,,,-130,,,False,DraftKings,12,115,5,SO,-215,185,-1.5,Final/SO,7.0,-135,115,165,ESPN BET,fixed,5
NYR,2022-12-01T00:00Z,401458952,OTT,2022,New York Rangers,3,Ottawa Senators,1,105,,,-125,,,False,DraftKings,11,-120,3,REG,-250,210,-1.5,Final,6.5,100,130,150,ESPN BET,fixed,4
SJ,2022-12-01T00:00Z,401458953,TOR,2022,San Jose Sharks,1,Toronto Maple Leafs,3,240,,,-300,,,False,DraftKings,12,100,3,REG,100,-120,-1.5,Final,6.5,-120,-205,400,ESPN BET,fixed,5
EDM,2022-12-01T02:30Z,401458950,CHI,2022,Edmonton Oilers,5,Chicago Blackhawks,4,-210,,,175,,,False,DraftKings,12,100,3,REG,115,-135,1.5,Final,6.5,-120,285,-145,ESPN BET,fixed,6
COL,2022-12-02T00:00Z,401458954,BUF,2022,Colorado Avalanche,6,Buffalo Sabres,4,-180,,,150,,,False,DraftKings,12,-105,3,REG,140,-165,1.5,Final,6.5,-115,230,-120,ESPN BET,fixed,6
NSH,2022-12-02T00:00Z,401458959,NJ,2022,Nashville Predators,4,New Jersey Devils,3,150,,,-190,,,False,DraftKings,12,-120,4,OT,-150,130,-1.5,Final/OT,6.0,100,-130,260,ESPN BET,fixed,6
TB,2022-12-02T00:00Z,401458960,PHI,2022,Tampa Bay Lightning,4,Philadelphia Flyers,1,-200,,,160,,,False,DraftKings,12,100,3,REG,120,-140,1.5,Final,6.0,-120,290,-145,ESPN BET,fixed,5
VGK,2022-12-02T00:00Z,401458961,PIT,2022,Vegas Golden Knights,3,Pittsburgh Penguins,4,-105,,,-115,,,False,DraftKings,12,100,3,REG,-255,215,-1.5,Final,6.5,-120,130,155,ESPN BET,fixed,6
EDM,2022-12-02T01:00Z,401458958,MIN,2022,Edmonton Oilers,3,Minnesota Wild,5,135,,,-155,,,False,DraftKings,12,-135,3,REG,-175,150,-1.5,Final,6.5,115,-105,200,ESPN BET,fixed,5
CAR,2022-12-02T01:00Z,401458963,STL,2022,Carolina Hurricanes,6,St. Louis Blues,4,-145,,,115,,,False,DraftKings,12,-105,3,REG,185,-215,1.5,Final,5.5,-115,190,110,ESPN BET,fixed,6
ANA,2022-12-02T01:30Z,401458956,DAL,2022,Anaheim Ducks,0,Dallas Stars,5,250,,,-350,,,False,DraftKings,12,-120,3,REG,100,-120,-1.5,Final,6.0,100,-200,400,ESPN BET,fixed,6
MTL,2022-12-02T02:00Z,401458955,CGY,2022,Montreal Canadiens,2,Calgary Flames,1,230,,,-320,,,False,DraftKings,12,-115,3,REG,-105,-115,-1.5,Final,6.0,-105,-200,400,ESPN BET,fixed,5
WSH,2022-12-02T03:00Z,401458962,SEA,2022,Washington Capitals,2,Seattle Kraken,3,-105,,,-125,,,False,DraftKings,12,100,4,OT,-245,205,-1.5,Final/OT,6.0,-120,125,160,ESPN BET,fixed,6
FLA,2022-12-02T03:00Z,401458964,VAN,2022,Florida Panthers,5,Vancouver Canucks,1,-130,,,110,,,False,DraftKings,12,-120,3,REG,175,-205,1.5,Final,6.5,100,185,105,ESPN BET,fixed,5
ARI,2022-12-02T03:30Z,401458957,LA,2022,Arizona Coyotes,3,Los Angeles Kings,5,190,,,-250,,,False,DraftKings,12,-115,3,REG,-120,100,-1.5,Final,6.0,-105,-160,320,ESPN BET,fixed,6
OTT,2022-12-03T00:00Z,401458966,NYR,2022,Ottawa Senators,3,New York Rangers,2,165,,,-185,,,False,DraftKings,12,100,4,OT,-155,135,-1.5,Final/OT,6.5,-120,-130,255,ESPN BET,fixed,5
NSH,2022-12-03T00:30Z,401458965,NYI,2022,Nashville Predators,4,New York Islanders,1,140,,,-165,,,False,DraftKings,11,-105,3,REG,-195,165,-1.5,Final,6.0,-115,-110,220,ESPN BET,fixed,5
CBJ,2022-12-03T01:00Z,401458967,WPG,2022,Columbus Blue Jackets,4,Winnipeg Jets,1,150,,,-190,,,False,DraftKings,12,-115,3,REG,-140,120,-1.5,Final,6.5,-105,-140,285,ESPN BET,fixed,6
ANA,2022-12-03T19:00Z,401458973,MIN,2022,Anaheim Ducks,4,Minnesota Wild,5,225,,,-300,,,False,DraftKings,12,100,5,SO,-105,-115,-1.5,Final/SO,6.5,-120,-195,390,ESPN BET,fixed,5
COL,2022-12-04T00:00Z,401458968,BOS,2022,Colorado Avalanche,1,Boston Bruins,5,140,,,-170,,,False,DraftKings,12,-120,3,REG,-165,140,-1.5,Final,6.0,100,-115,230,ESPN BET,fixed,6
VGK,2022-12-04T00:00Z,401458970,DET,2022,Vegas Golden Knights,4,Detroit Red Wings,1,-135,,,105,,,False,DraftKings,12,-115,3,REG,180,-210,1.5,Final,6.5,-105,170,115,ESPN BET,fixed,6
MTL,2022-12-04T00:00Z,401458971,EDM,2022,Montreal Canadiens,3,Edmonton Oilers,5,210,,,-255,,,False,DraftKings,11,-120,3,REG,-120,100,-1.5,Final,6.5,100,-160,310,ESPN BET,fixed,5
SJ,2022-12-04T00:00Z,401458975,OTT,2022,San Jose Sharks,2,Ottawa Senators,5,125,,,-145,,,False,DraftKings,12,-110,3,REG,-195,165,-1.5,Final,6.5,-110,105,190,ESPN BET,fixed,6
NJ,2022-12-04T00:00Z,401458976,PHI,2022,New Jersey Devils,3,Philadelphia Flyers,2,-230,,,190,,,False,DraftKings,12,-105,3,REG,115,-135,1.5,Final,6.0,-115,300,-150,ESPN BET,fixed,5
STL,2022-12-04T00:00Z,401458977,PIT,2022,St. Louis Blues,2,Pittsburgh Penguins,6,145,,,-175,,,False,DraftKings,12,-120,3,REG,-165,140,-1.5,Final,6.0,100,-120,245,ESPN BET,fixed,6
TOR,2022-12-04T00:00Z,401458979,TB,2022,Toronto Maple Leafs,3,Tampa Bay Lightning,4,115,,,-135,,,False,DraftKings,12,100,4,OT,-225,190,-1.5,Final/OT,6.0,-120,115,170,ESPN BET,fixed,6
CHI,2022-12-04T00:30Z,401458974,NYR,2022,Chicago Blackhawks,5,New York Rangers,2,220,,,-265,,,False,DraftKings,12,-110,3,REG,-115,-105,-1.5,Final,6.0,-110,-175,360,ESPN BET,fixed,6
WSH,2022-12-04T03:00Z,401458969,CGY,2022,Washington Capitals,2,Calgary Flames,5,135,,,-160,,,False,DraftKings,12,100,3,REG,-180,155,-1.5,Final,6.0,-120,100,210,ESPN BET,fixed,5
FLA,2022-12-04T03:00Z,401458978,SEA,2022,Florida Panthers,5,Seattle Kraken,1,-115,,,-105,,,False,DraftKings,12,100,3,REG,200,-240,1.5,Final,6.5,-120,155,130,Caesars Sportsbook,fixed,5
ARI,2022-12-04T03:00Z,401458980,VAN,2022,Arizona Coyotes,2,Vancouver Canucks,3,170,,,-220,,,False,DraftKings,12,100,4,OT,-130,110,-1.5,Final/OT,6.5,-120,-145,295,ESPN BET,fixed,5
CAR,2022-12-04T03:30Z,401458972,LA,2022,Carolina Hurricanes,4,Los Angeles Kings,2,-140,,,120,,,False,DraftKings,12,100,3,REG,190,-225,1.5,Final,6.0,-120,175,115,ESPN BET,fixed,5
MIN,2022-12-04T20:00Z,401458983,DAL,2022,Minnesota Wild,6,Dallas Stars,5,130,,,-155,,,False,DraftKings,12,-115,5,SO,-195,165,-1.5,Final/SO,6.0,-105,100,195,ESPN BET,fixed,6
ANA,2022-12-04T20:00Z,401458985,WPG,2022,Anaheim Ducks,2,Winnipeg Jets,5,220,,,-270,,,False,DraftKings,12,-115,3,REG,-110,-110,-1.5,Final,6.0,-105,-175,360,ESPN BET,fixed,6
DET,2022-12-04T23:00Z,401458982,CBJ,2022,Detroit Red Wings,4,Columbus Blue Jackets,2,-125,,,-105,,,False,DraftKings,12,205,3,REG,195,-230,1.5,Final,7.5,-285,160,120,ESPN BET,fixed,5
SJ,2022-12-05T00:00Z,401458981,BUF,2022,San Jose Sharks,3,Buffalo Sabres,6,135,,,-160,,,False,DraftKings,12,190,3,REG,-180,155,-1.5,Final,7.5,-260,100,195,ESPN BET,fixed,5
CHI,2022-12-05T00:30Z,401458984,NYI,2022,Chicago Blackhawks,0,New York Islanders,3,230,,,-285,,,False,DraftKings,11,-115,3,REG,-115,-105,-1.5,Final,5.5,-105,-180,370,ESPN BET,fixed,4
VGK,2022-12-06T00:00Z,401458986,BOS,2022,Vegas Golden Knights,4,Boston Bruins,3,160,,,-190,,,False,DraftKings,12,-105,5,SO,-150,130,-1.5,Final/SO,6.0,-115,-125,260,ESPN BET,fixed,6
STL,2022-12-06T00:00Z,401458989,NYR,2022,St. Louis Blues,4,New York Rangers,6,150,,,-175,,,False,DraftKings,12,-105,3,REG,-170,145,-1.5,Final,6.0,-115,-110,225,ESPN BET,fixed,5
COL,2022-12-06T00:00Z,401458990,PHI,2022,Colorado Avalanche,3,Philadelphia Flyers,5,-195,,,165,,,False,DraftKings,12,-125,3,REG,135,-155,1.5,Final,5.5,105,260,-125,ESPN BET,fixed,6
WSH,2022-12-06T01:30Z,401458988,EDM,2022,Washington Capitals,3,Edmonton Oilers,2,140,,,-165,,,False,DraftKings,12,-115,3,REG,-175,150,-1.5,Final,6.5,-105,-105,210,ESPN BET,fixed,6
ARI,2022-12-06T02:00Z,401458987,CGY,2022,Arizona Coyotes,2,Calgary Flames,3,260,,,-320,,,False,DraftKings,12,-110,3,REG,105,-125,-1.5,Final,6.0,-110,-220,450,ESPN BET,fixed,6
MTL,2022-12-06T03:30Z,401458991,VAN,2022,Montreal Canadiens,6,Vancouver Canucks,7,195,,,-225,,,False,DraftKings,12,-120,4,OT,-135,115,-1.5,Final/OT,6.5,100,-150,290,ESPN BET,fixed,6
CHI,2022-12-07T00:00Z,401458995,NJ,2022,Chicago Blackhawks,0,New Jersey Devils,3,325,,,-410,,,False,DraftKings,12,100,3,REG,135,-155,-1.5,Final,6.5,-120,-240,475,ESPN BET,fixed,5
LA,2022-12-07T00:00Z,401458996,OTT,2022,Los Angeles Kings,5,Ottawa Senators,2,-110,,,-110,,,False,DraftKings,12,-120,3,REG,-250,210,-1.5,Final,6.5,100,140,145,ESPN BET,fixed,6
CBJ,2022-12-07T00:00Z,401458997,PIT,2022,Columbus Blue Jackets,1,Pittsburgh Penguins,4,250,,,-300,,,False,DraftKings,12,-115,3,REG,100,-120,-1.5,Final,6.5,-105,-195,390,ESPN BET,fixed,5
DET,2022-12-07T00:00Z,401458999,TB,2022,Detroit Red Wings,4,Tampa Bay Lightning,2,210,,,-250,,,False,DraftKings,12,-125,3,REG,-120,100,-1.5,Final,6.0,105,-165,330,ESPN BET,fixed,6
STL,2022-12-07T00:30Z,401458994,NYI,2022,St. Louis Blues,7,New York Islanders,4,160,,,-185,,,False,DraftKings,12,-120,3,REG,-170,145,-1.5,Final,5.5,100,-120,245,ESPN BET,fixed,5
FLA,2022-12-07T01:00Z,401459000,WPG,2022,Florida Panthers,2,Winnipeg Jets,5,-115,,,-105,,,False,DraftKings,12,-105,3,REG,210,-250,1.5,Final,6.0,-115,160,125,Caesars Sportsbook,fixed,5
TOR,2022-12-07T01:30Z,401458993,DAL,2022,Toronto Maple Leafs,4,Dallas Stars,0,-105,,,-125,,,False,DraftKings,12,225,3,REG,-245,205,-1.5,Final,7.5,-320,130,155,ESPN BET,fixed,5
CAR,2022-12-07T03:00Z,401458992,ANA,2022,Carolina Hurricanes,3,Anaheim Ducks,4,-320,,,230,,,False,DraftKings,12,-105,4,OT,-115,-105,1.5,Final/OT,6.0,-115,370,-185,ESPN BET,fixed,5
MTL,2022-12-07T03:00Z,401458998,SEA,2022,Montreal Canadiens,4,Seattle Kraken,2,225,,,-310,,,False,DraftKings,12,215,3,REG,-110,-110,-1.5,Final,7.5,-300,-190,380,ESPN BET,fixed,5
WSH,2022-12-08T00:00Z,401459005,PHI,2022,Washington Capitals,4,Philadelphia Flyers,1,-140,,,110,,,False,DraftKings,11,-125,3,REG,170,-200,1.5,Final,6.0,105,185,110,ESPN BET,fixed,5
BUF,2022-12-08T00:30Z,401459003,CBJ,2022,Buffalo Sabres,9,Columbus Blue Jackets,4,-155,,,135,,,False,DraftKings,12,-135,3,REG,155,-180,1.5,Final,6.5,115,220,-115,ESPN BET,fixed,6
MIN,2022-12-08T01:00Z,401459001,CGY,2022,Minnesota Wild,3,Calgary Flames,5,130,,,-150,,,False,DraftKings,12,-120,3,REG,-200,170,-1.5,Final,6.0,100,105,195,ESPN BET,fixed,6
BOS,2022-12-08T02:00Z,401459002,COL,2022,Boston Bruins,4,Colorado Avalanche,0,-175,,,150,,,False,DraftKings,12,-105,3,REG,140,-165,1.5,Final,6.0,-115,270,-130,ESPN BET,fixed,5
ARI,2022-12-08T02:30Z,401459004,EDM,2022,Arizona Coyotes,2,Edmonton Oilers,8,250,,,-310,,,False,DraftKings,12,100,3,REG,110,-130,-1.5,Final,6.5,-120,-200,400,ESPN BET,fixed,6
NYR,2022-12-08T03:00Z,401459007,VGK,2022,New York Rangers,5,Vegas Golden Knights,1,110,,,-140,,,False,DraftKings,12,100,3,REG,-225,190,-1.5,Final,6.0,-120,110,185,ESPN BET,fixed,6
VAN,2022-12-08T03:30Z,401459006,SJ,2022,Vancouver Canucks,6,San Jose Sharks,5,-125,,,-105,,,False,DraftKings,12,-130,4,OT,210,-250,1.5,Final/OT,6.5,110,150,130,ESPN BET,fixed,5
NSH,2022-12-09T00:00Z,401459011,TB,2022,Nashville Predators,2,Tampa Bay Lightning,5,160,,,-185,,,False,DraftKings,12,-105,3,REG,-170,145,-1.5,Final,6.5,-115,-115,220,ESPN BET,fixed,5
LA,2022-12-09T00:00Z,401459012,TOR,2022,Los Angeles Kings,0,Toronto Maple Leafs,5,150,,,-175,,,False,DraftKings,12,-105,3,REG,-165,140,-1.5,Final,6.0,-115,-120,240,ESPN BET,fixed,6
DET,2022-12-09T00:30Z,401459009,FLA,2022,Detroit Red Wings,1,Florida Panthers,5,180,,,-240,,,False,DraftKings,12,-110,3,REG,-150,130,-1.5,Final,6.5,-110,-135,265,ESPN BET,fixed,5
WPG,2022-12-09T01:00Z,401459010,STL,2022,Winnipeg Jets,5,St. Louis Blues,2,-120,,,100,,,False,DraftKings,12,-105,3,REG,215,-255,1.5,Final,6.0,-115,160,125,Caesars Sportsbook,fixed,4
OTT,2022-12-09T01:30Z,401459008,DAL,2022,Ottawa Senators,3,Dallas Stars,4,165,,,-200,,,False,DraftKings,12,-125,4,OT,-150,130,-1.5,Final/OT,6.5,105,-125,240,ESPN BET,fixed,5
PIT,2022-12-10T00:00Z,401459015,BUF,2022,Pittsburgh Penguins,4,Buffalo Sabres,3,-145,,,125,,,False,DraftKings,11,110,4,OT,160,-190,1.5,Final/OT,7.0,-130,180,105,ESPN BET,fixed,4
CGY,2022-12-10T00:00Z,401459018,CBJ,2022,Calgary Flames,1,Columbus Blue Jackets,3,-260,,,215,,,False,DraftKings,12,-105,3,REG,100,-120,1.5,Final,6.5,-115,310,-155,ESPN BET,fixed,5
NYI,2022-12-10T00:00Z,401459020,NJ,2022,New York Islanders,6,New Jersey Devils,4,180,,,-210,,,False,DraftKings,12,-110,3,REG,-135,115,-1.5,Final,6.0,-110,-135,280,ESPN BET,fixed,5
SEA,2022-12-10T00:00Z,401459022,WSH,2022,Seattle Kraken,1,Washington Capitals,4,120,,,-140,,,False,DraftKings,12,-120,3,REG,-195,165,-1.5,Final,6.0,100,105,190,ESPN BET,fixed,6
WPG,2022-12-10T01:30Z,401459016,CHI,2022,Winnipeg Jets,3,Chicago Blackhawks,1,-140,,,120,,,False,DraftKings,12,-130,3,REG,165,-195,1.5,Final,6.0,110,180,110,ESPN BET,fixed,6
NYR,2022-12-10T02:00Z,401459017,COL,2022,New York Rangers,2,Colorado Avalanche,1,-155,,,130,,,False,DraftKings,12,-115,5,SO,170,-200,1.5,Final/SO,5.5,-105,200,100,ESPN BET,fixed,6
MIN,2022-12-10T02:00Z,401459019,EDM,2022,Minnesota Wild,2,Edmonton Oilers,5,105,,,-125,,,False,DraftKings,12,-105,3,REG,-230,195,-1.5,Final,6.5,-115,130,155,ESPN BET,fixed,6
BOS,2022-12-10T02:30Z,401459014,ARI,2022,Boston Bruins,3,Arizona Coyotes,4,-320,,,260,,,False,DraftKings,12,-115,3,REG,-140,120,1.5,Final,6.0,-105,450,-215,ESPN BET,fixed,5
SJ,2022-12-10T03:00Z,401459013,ANA,2022,San Jose Sharks,6,Anaheim Ducks,1,-110,,,-110,,,False,DraftKings,12,-125,3,REG,215,-255,1.5,Final,6.5,105,140,140,Caesars Sportsbook,fixed,4
PHI,2022-12-10T03:00Z,401459021,VGK,2022,Philadelphia Flyers,1,Vegas Golden Knights,2,190,,,-250,,,False,DraftKings,12,-120,4,OT,-120,100,-1.5,Final/OT,6.0,100,-160,320,ESPN BET,fixed,6
OTT,2022-12-10T18:30Z,401459026,NSH,2022,Ottawa Senators,3,Nashville Predators,2,115,,,-135,,,False,DraftKings,12,-110,3,REG,-200,170,-1.5,Final,6.5,-110,110,175,ESPN BET,fixed,6
DET,2022-12-10T19:00Z,401459023,DAL,2022,Detroit Red Wings,2,Dallas Stars,3,170,,,-200,,,False,DraftKings,12,-105,4,OT,-145,125,-1.5,Final/OT,6.5,-115,-135,270,ESPN BET,fixed,6
FLA,2022-12-10T21:30Z,401459028,TB,2022,Florida Panthers,1,Tampa Bay Lightning,4,125,,,-145,,,False,DraftKings,12,-110,3,REG,-200,170,-1.5,Final,6.5,-110,110,185,ESPN BET,fixed,5
LA,2022-12-11T00:00Z,401459024,MTL,2022,Los Angeles Kings,4,Montreal Canadiens,2,-170,,,145,,,False,DraftKings,12,-105,3,REG,150,-175,1.5,Final,6.5,-115,210,-105,ESPN BET,fixed,5
BUF,2022-12-11T00:00Z,401459027,PIT,2022,Buffalo Sabres,1,Pittsburgh Penguins,3,185,,,-225,,,False,DraftKings,12,-135,3,REG,-130,110,-1.5,Final,6.5,115,-140,270,ESPN BET,fixed,6
CGY,2022-12-11T00:00Z,401459029,TOR,2022,Calgary Flames,4,Toronto Maple Leafs,5,140,,,-165,,,False,DraftKings,12,100,4,OT,-175,150,-1.5,Final/OT,6.0,-120,-110,230,ESPN BET,fixed,5
CAR,2022-12-11T00:30Z,401459025,NYI,2022,Carolina Hurricanes,3,New York Islanders,0,-135,,,115,,,False,DraftKings,12,-120,3,REG,185,-215,1.5,Final,5.5,100,180,115,ESPN BET,fixed,6
MIN,2022-12-11T03:00Z,401459030,VAN,2022,Minnesota Wild,3,Vancouver Canucks,0,-110,,,-120,,,False,DraftKings,12,-130,3,REG,-250,210,-1.5,Final,6.5,110,135,145,ESPN BET,fixed,6
COL,2022-12-11T20:00Z,401459034,STL,2022,Colorado Avalanche,3,St. Louis Blues,2,-120,,,-110,,,False,DraftKings,12,-105,4,OT,225,-265,1.5,Final/OT,6.0,-115,145,140,ESPN BET,fixed,5
LA,2022-12-11T23:00Z,401459032,CBJ,2022,Los Angeles Kings,5,Columbus Blue Jackets,6,-150,,,125,,,False,DraftKings,12,100,4,OT,175,-205,1.5,Final/OT,6.5,-120,180,110,ESPN BET,fixed,6
SEA,2022-12-11T23:00Z,401459033,FLA,2022,Seattle Kraken,5,Florida Panthers,2,130,,,-165,,,False,DraftKings,12,-120,3,REG,-180,155,-1.5,Final,6.5,100,100,195,ESPN BET,fixed,6
PHI,2022-12-12T00:00Z,401459031,ARI,2022,Philadelphia Flyers,4,Arizona Coyotes,5,-120,,,-110,,,False,DraftKings,12,-105,4,OT,-260,220,-1.5,Final/OT,5.5,-115,135,155,ESPN BET,fixed,5
WSH,2022-12-12T00:00Z,401459036,WPG,2022,Washington Capitals,5,Winnipeg Jets,2,110,,,-130,,,False,DraftKings,12,-110,3,REG,-215,185,-1.5,Final,6.0,-110,115,180,ESPN BET,fixed,5
BOS,2022-12-12T01:00Z,401459035,VGK,2022,Boston Bruins,3,Vegas Golden Knights,1,-160,,,135,,,False,DraftKings,12,100,3,REG,150,-175,1.5,Final,6.0,-120,225,-110,ESPN BET,fixed,6
CGY,2022-12-13T00:00Z,401459038,MTL,2022,Calgary Flames,1,Montreal Canadiens,2,-210,,,170,,,False,DraftKings,12,-105,5,SO,130,-150,1.5,Final/SO,6.0,-115,260,-125,ESPN BET,fixed,6
NJ,2022-12-13T00:00Z,401459039,NYR,2022,New Jersey Devils,3,New York Rangers,4,-115,,,-115,,,False,DraftKings,12,-110,4,OT,225,-265,1.5,Final/OT,6.0,-110,150,135,ESPN BET,fixed,6
DAL,2022-12-13T00:00Z,401459041,PIT,2022,Dallas Stars,1,Pittsburgh Penguins,2,105,,,-125,,,False,DraftKings,12,100,3,REG,-230,195,-1.5,Final,6.5,-120,125,160,ESPN BET,fixed,6
ANA,2022-12-13T00:30Z,401459040,OTT,2022,Anaheim Ducks,0,Ottawa Senators,3,180,,,-220,,,False,DraftKings,12,-125,3,REG,-125,105,-1.5,Final,6.5,105,-145,285,ESPN BET,fixed,6
EDM,2022-12-13T01:00Z,401459037,MIN,2022,Edmonton Oilers,1,Minnesota Wild,2,105,,,-125,,,False,DraftKings,12,-120,3,REG,-230,195,-1.5,Final,6.5,100,125,155,ESPN BET,fixed,5
NSH,2022-12-13T01:00Z,401459042,STL,2022,Nashville Predators,0,St. Louis Blues,1,-122,,,102,,,False,DraftKings,12,-110,4,OT,200,-240,1.5,Final/OT,6.0,-110,160,125,Caesars Sportsbook,fixed,5
NYI,2022-12-14T00:00Z,401459043,BOS,2022,New York Islanders,3,Boston Bruins,4,215,,,-260,,,False,DraftKings,12,-125,5,SO,-125,105,-1.5,Final/SO,5.5,105,-150,310,ESPN BET,fixed,6
LA,2022-12-14T00:00Z,401459044,BUF,2022,Los Angeles Kings,0,Buffalo Sabres,6,-110,,,-110,,,False,DraftKings,12,170,3,REG,220,-260,1.5,Final,7.5,-230,135,140,ESPN BET,fixed,6
CAR,2022-12-14T00:00Z,401459047,DET,2022,Carolina Hurricanes,1,Detroit Red Wings,0,-170,,,145,,,False,DraftKings,12,-105,3,REG,155,-180,1.5,Final,6.0,-115,205,100,ESPN BET,fixed,6
CBJ,2022-12-14T00:00Z,401459048,FLA,2022,Columbus Blue Jackets,0,Florida Panthers,4,230,,,-290,,,False,DraftKings,12,-120,3,REG,-110,-110,-1.5,Final,6.5,100,-175,340,ESPN BET,fixed,5
DAL,2022-12-14T00:00Z,401459050,NJ,2022,Dallas Stars,4,New Jersey Devils,1,135,,,-160,,,False,DraftKings,12,-105,3,REG,-170,145,-1.5,Final,6.5,-115,-105,205,ESPN BET,fixed,6
SEA,2022-12-14T00:00Z,401459052,TB,2022,Seattle Kraken,2,Tampa Bay Lightning,6,160,,,-210,,,False,DraftKings,11,100,3,REG,-150,130,-1.5,Final,6.5,-120,-115,230,ESPN BET,fixed,4
ANA,2022-12-14T00:00Z,401459053,TOR,2022,Anaheim Ducks,0,Toronto Maple Leafs,7,400,,,-600,,,False,DraftKings,12,100,3,REG,160,-190,-1.5,Final,6.5,-120,-275,550,ESPN BET,fixed,6
EDM,2022-12-14T01:00Z,401459049,NSH,2022,Edmonton Oilers,6,Nashville Predators,3,-130,,,110,,,False,DraftKings,12,-125,3,REG,190,-225,1.5,Final,6.5,105,160,125,ESPN BET,fixed,6
VGK,2022-12-14T01:00Z,401459054,WPG,2022,Vegas Golden Knights,6,Winnipeg Jets,5,120,,,-140,,,False,DraftKings,12,100,3,REG,-205,175,-1.5,Final,6.0,-120,110,190,ESPN BET,fixed,6
WSH,2022-12-14T02:00Z,401459045,CHI,2022,Washington Capitals,7,Chicago Blackhawks,3,-210,,,175,,,False,DraftKings,12,-115,3,REG,130,-150,1.5,Final,6.0,-105,255,-125,ESPN BET,fixed,5
PHI,2022-12-14T02:00Z,401459046,COL,2022,Philadelphia Flyers,2,Colorado Avalanche,3,195,,,-235,,,False,DraftKings,12,100,3,REG,-130,110,-1.5,Final,6.0,-120,-145,300,ESPN BET,fixed,5
ARI,2022-12-14T03:30Z,401459051,SJ,2022,Arizona Coyotes,2,San Jose Sharks,3,145,,,-175,,,False,DraftKings,12,-115,3,REG,-170,145,-1.5,Final,6.0,-105,-110,220,ESPN BET,fixed,5
MTL,2022-12-15T00:00Z,401459057,OTT,2022,Montreal Canadiens,2,Ottawa Senators,3,175,,,-205,,,False,DraftKings,12,-105,3,REG,-135,115,-1.5,Final,6.5,-115,-140,280,ESPN BET,fixed,5
DET,2022-12-15T00:30Z,401459056,MIN,2022,Detroit Red Wings,1,Minnesota Wild,4,215,,,-255,,,False,DraftKings,12,100,3,REG,-115,-105,-1.5,Final,6.5,-120,-165,330,ESPN BET,fixed,6
VAN,2022-12-15T03:00Z,401459055,CGY,2022,Vancouver Canucks,4,Calgary Flames,3,160,,,-190,,,False,DraftKings,10,-105,5,SO,-155,135,-1.5,Final/SO,6.5,-115,-120,235,ESPN BET,fixed,5
LA,2022-12-16T00:00Z,401459058,BOS,2022,Los Angeles Kings,3,Boston Bruins,2,210,,,-250,,,False,DraftKings,12,-110,5,SO,-130,110,-1.5,Final/SO,6.0,-110,-145,300,ESPN BET,fixed,5
SEA,2022-12-16T00:00Z,401459059,CAR,2022,Seattle Kraken,2,Carolina Hurricanes,3,170,,,-200,,,False,DraftKings,12,-120,3,REG,-155,135,-1.5,Final,5.5,100,-125,255,ESPN BET,fixed,5
PIT,2022-12-16T00:00Z,401459063,FLA,2022,Pittsburgh Penguins,4,Florida Panthers,2,-105,,,-115,,,False,DraftKings,12,100,3,REG,-260,220,-1.5,Final,6.5,-120,140,145,ESPN BET,fixed,5
ANA,2022-12-16T00:00Z,401459064,MTL,2022,Anaheim Ducks,5,Montreal Canadiens,2,145,,,-165,,,False,DraftKings,12,100,3,REG,-190,160,-1.5,Final,6.5,-120,100,195,ESPN BET,fixed,5
TOR,2022-12-16T00:00Z,401459065,NYR,2022,Toronto Maple Leafs,1,New York Rangers,3,-125,,,105,,,False,DraftKings,12,285,3,REG,205,-245,1.5,Final,7.5,-425,160,125,Caesars Sportsbook,fixed,5
PHI,2022-12-16T00:00Z,401459066,NJ,2022,Philadelphia Flyers,2,New Jersey Devils,1,240,,,-290,,,False,DraftKings,12,-115,3,REG,-110,-110,-1.5,Final,6.0,-105,-175,360,ESPN BET,fixed,6
CBJ,2022-12-16T00:00Z,401459067,TB,2022,Columbus Blue Jackets,1,Tampa Bay Lightning,4,250,,,-325,,,False,DraftKings,12,-130,3,REG,110,-130,-1.5,Final,6.5,110,-200,390,ESPN BET,fixed,5
DAL,2022-12-16T00:00Z,401459068,WSH,2022,Dallas Stars,2,Washington Capitals,1,-115,,,-105,,,False,DraftKings,12,-110,3,REG,220,-260,1.5,Final,6.0,-110,145,135,ESPN BET,fixed,5
NSH,2022-12-16T01:00Z,401459069,WPG,2022,Nashville Predators,1,Winnipeg Jets,2,135,,,-175,,,False,DraftKings,12,-115,4,OT,-180,155,-1.5,Final/OT,6.0,-105,100,205,ESPN BET,fixed,6
VGK,2022-12-16T01:30Z,401459060,CHI,2022,Vegas Golden Knights,4,Chicago Blackhawks,1,-210,,,160,,,False,DraftKings,12,-110,3,REG,125,-145,1.5,Final,6.0,-110,265,-130,ESPN BET,fixed,6
BUF,2022-12-16T02:00Z,401459061,COL,2022,Buffalo Sabres,4,Colorado Avalanche,2,155,,,-180,,,False,DraftKings,12,-105,3,REG,-165,140,-1.5,Final,6.5,-115,-115,230,ESPN BET,fixed,5
STL,2022-12-16T02:00Z,401459062,EDM,2022,St. Louis Blues,4,Edmonton Oilers,3,135,,,-175,,,False,DraftKings,12,100,5,SO,-170,145,-1.5,Final/SO,6.5,-120,-110,215,ESPN BET,fixed,6
CHI,2022-12-17T01:00Z,401459072,MIN,2022,Chicago Blackhawks,1,Minnesota Wild,4,320,,,-450,,,False,DraftKings,12,-110,3,REG,145,-170,-1.5,Final,6.0,-110,-265,550,ESPN BET,fixed,5
STL,2022-12-17T02:00Z,401459071,CGY,2022,St. Louis Blues,5,Calgary Flames,2,190,,,-230,,,False,DraftKings,12,100,3,REG,-135,115,-1.5,Final,6.0,-120,-135,275,ESPN BET,fixed,6
NYI,2022-12-17T02:30Z,401459070,ARI,2022,New York Islanders,4,Arizona Coyotes,5,-185,,,155,,,False,DraftKings,12,-110,3,REG,140,-165,1.5,Final,5.5,-110,230,-110,ESPN BET,fixed,5
CBJ,2022-12-17T18:00Z,401459074,BOS,2022,Columbus Blue Jackets,2,Boston Bruins,4,320,,,-450,,,False,DraftKings,12,-105,3,REG,145,-170,-1.5,Final,6.5,-115,-270,550,ESPN BET,fixed,5
OTT,2022-12-17T18:00Z,401459077,DET,2022,Ottawa Senators,6,Detroit Red Wings,3,-115,,,-110,,,False,DraftKings,12,-115,3,REG,-250,210,-1.5,Final,6.0,-105,140,140,ESPN BET,fixed,6
ANA,2022-12-17T21:00Z,401459078,EDM,2022,Anaheim Ducks,4,Edmonton Oilers,3,260,,,-320,,,False,DraftKings,12,-130,3,REG,125,-145,-1.5,Final,6.5,110,-215,425,ESPN BET,fixed,6
DAL,2022-12-18T00:00Z,401459075,CAR,2022,Dallas Stars,4,Carolina Hurricanes,5,125,,,-155,,,False,DraftKings,12,-120,4,OT,-195,165,-1.5,Final/OT,5.5,100,105,200,ESPN BET,fixed,5
TB,2022-12-18T00:00Z,401459080,MTL,2022,Tampa Bay Lightning,5,Montreal Canadiens,1,-250,,,210,,,False,DraftKings,12,-115,3,REG,105,-125,1.5,Final,6.0,-105,310,-150,ESPN BET,fixed,5
NYR,2022-12-18T00:00Z,401459082,PHI,2022,New York Rangers,6,Philadelphia Flyers,3,-165,,,137,,,False,DraftKings,12,-120,3,REG,160,-190,1.5,Final,5.5,100,225,-110,ESPN BET,fixed,6
TOR,2022-12-18T00:00Z,401459085,WSH,2022,Toronto Maple Leafs,2,Washington Capitals,5,-140,,,120,,,False,DraftKings,12,-120,3,REG,185,-215,1.5,Final,6.0,100,175,115,ESPN BET,fixed,6
FLA,2022-12-18T00:30Z,401459081,NJ,2022,Florida Panthers,4,New Jersey Devils,2,115,,,-135,,,False,DraftKings,12,-125,3,REG,-210,180,-1.5,Final,6.5,105,115,170,ESPN BET,fixed,6
BUF,2022-12-18T02:00Z,401459073,ARI,2022,Buffalo Sabres,5,Arizona Coyotes,2,-175,,,150,,,False,DraftKings,12,-115,3,REG,140,-165,1.5,Final,6.5,-105,220,-110,ESPN BET,fixed,6
NSH,2022-12-18T02:00Z,401459076,COL,2022,Nashville Predators,1,Colorado Avalanche,3,145,,,-170,,,False,DraftKings,12,-115,3,REG,-170,145,-1.5,Final,5.5,-105,-110,230,ESPN BET,fixed,6
WPG,2022-12-18T03:00Z,401459083,VAN,2022,Winnipeg Jets,5,Vancouver Canucks,1,-130,,,110,,,False,DraftKings,12,100,3,REG,195,-230,1.5,Final,6.5,-120,160,125,ESPN BET,fixed,5
NYI,2022-12-18T03:00Z,401459084,VGK,2022,New York Islanders,5,Vegas Golden Knights,2,145,,,-170,,,False,DraftKings,12,100,3,REG,-175,150,-1.5,Final,6.0,-120,-110,230,ESPN BET,fixed,6
SJ,2022-12-18T03:30Z,401459079,LA,2022,San Jose Sharks,2,Los Angeles Kings,3,135,,,-155,,,False,DraftKings,12,-120,5,SO,-175,150,-1.5,Final/SO,6.0,100,-110,215,ESPN BET,fixed,6
OTT,2022-12-18T19:00Z,401459088,MIN,2022,Ottawa Senators,2,Minnesota Wild,4,175,,,-210,,,False,DraftKings,12,-120,3,REG,-140,120,-1.5,Final,6.0,100,-125,255,ESPN BET,fixed,5
PIT,2022-12-18T22:00Z,401459086,CAR,2022,Pittsburgh Penguins,2,Carolina Hurricanes,3,105,,,-125,,,False,DraftKings,12,-110,3,REG,-230,195,-1.5,Final,6.0,-110,120,170,Caesars Sportsbook,fixed,4
NYR,2022-12-19T00:42Z,401459087,CHI,2022,New York Rangers,7,Chicago Blackhawks,1,-240,,,200,,,False,DraftKings,12,-120,3,REG,100,-120,1.5,Final,5.5,100,320,-155,ESPN BET,fixed,5
WPG,2022-12-19T01:00Z,401459090,SEA,2022,Winnipeg Jets,2,Seattle Kraken,3,135,,,-160,,,False,DraftKings,12,-120,3,REG,-190,160,-1.5,Final,6.0,100,100,195,ESPN BET,fixed,5
CGY,2022-12-19T03:00Z,401459089,SJ,2022,Calgary Flames,5,San Jose Sharks,2,-185,,,155,,,False,DraftKings,12,-120,3,REG,135,-155,1.5,Final,6.0,100,235,-115,ESPN BET,fixed,5
FLA,2022-12-20T00:00Z,401459092,BOS,2022,Florida Panthers,3,Boston Bruins,7,170,,,-220,,,False,DraftKings,12,100,3,REG,-150,130,-1.5,Final,6.5,-120,-130,265,ESPN BET,fixed,5
DAL,2022-12-20T00:00Z,401459094,CBJ,2022,Dallas Stars,2,Columbus Blue Jackets,1,-240,,,180,,,False,DraftKings,12,100,3,REG,105,-125,1.5,Final,6.5,-120,300,-150,ESPN BET,fixed,5
DET,2022-12-20T00:00Z,401459098,WSH,2022,Detroit Red Wings,3,Washington Capitals,4,150,,,-175,,,False,DraftKings,12,-110,4,OT,-165,140,-1.5,Final/OT,6.0,-110,-115,230,ESPN BET,fixed,6
EDM,2022-12-20T01:00Z,401459095,NSH,2022,Edmonton Oilers,3,Nashville Predators,4,-130,,,110,,,False,DraftKings,12,-110,4,OT,200,-240,1.5,Final/OT,6.5,-110,160,125,Caesars Sportsbook,fixed,5
NYI,2022-12-20T02:00Z,401459093,COL,2022,New York Islanders,0,Colorado Avalanche,1,125,,,-155,,,False,DraftKings,12,-110,5,SO,-195,165,-1.5,Final/SO,5.5,-110,105,205,ESPN BET,fixed,5
MTL,2022-12-20T03:00Z,401459091,ARI,2022,Montreal Canadiens,3,Arizona Coyotes,2,100,,,-120,,,False,DraftKings,12,100,4,OT,-230,195,-1.5,Final/OT,6.0,-120,120,170,Caesars Sportsbook,fixed,4
BUF,2022-12-20T03:00Z,401459097,VGK,2022,Buffalo Sabres,3,Vegas Golden Knights,2,130,,,-150,,,False,DraftKings,12,-115,3,REG,-190,160,-1.5,Final,6.5,-105,105,190,ESPN BET,fixed,5
STL,2022-12-20T03:30Z,401459096,VAN,2022,St. Louis Blues,5,Vancouver Canucks,1,-115,,,-110,,,False,DraftKings,12,-115,3,REG,-265,225,-1.5,Final,6.0,-105,140,145,ESPN BET,fixed,6
NJ,2022-12-21T00:00Z,401459099,CAR,2022,New Jersey Devils,1,Carolina Hurricanes,4,100,,,-120,,,False,DraftKings,13,105,3,REG,-250,210,-1.5,Final,6.0,-125,130,160,Caesars Sportsbook,fixed,5
CBJ,2022-12-21T00:00Z,401459101,PHI,2022,Columbus Blue Jackets,3,Philadelphia Flyers,5,150,,,-175,,,False,DraftKings,13,-120,3,REG,-170,145,-1.5,Final,6.0,100,-115,235,ESPN BET,fixed,6
NYR,2022-12-21T00:00Z,401459102,PIT,2022,New York Rangers,2,Pittsburgh Penguins,3,115,,,-145,,,False,DraftKings,13,100,3,REG,-215,185,-1.5,Final,6.0,-120,110,185,ESPN BET,fixed,6
TB,2022-12-21T00:00Z,401459105,TOR,2022,Tampa Bay Lightning,1,Toronto Maple Leafs,4,120,,,-140,,,False,DraftKings,13,250,3,REG,-215,185,-1.5,Final,7.5,-360,115,175,ESPN BET,fixed,6
OTT,2022-12-21T01:00Z,401459106,WPG,2022,Ottawa Senators,1,Winnipeg Jets,5,105,,,-125,,,False,DraftKings,13,-110,3,REG,-225,190,-1.5,Final,6.5,-110,125,160,ESPN BET,fixed,5
STL,2022-12-21T03:00Z,401459104,SEA,2022,St. Louis Blues,2,Seattle Kraken,5,150,,,-175,,,False,DraftKings,12,-120,3,REG,-170,145,-1.5,Final,5.5,100,-110,230,ESPN BET,fixed,5
ANA,2022-12-21T03:30Z,401459100,LA,2022,Anaheim Ducks,1,Los Angeles Kings,4,225,,,-265,,,False,DraftKings,13,-105,3,REG,-110,-110,-1.5,Final,6.5,-115,-180,370,ESPN BET,fixed,6
CGY,2022-12-21T03:30Z,401459103,SJ,2022,Calgary Flames,7,San Jose Sharks,3,-175,,,150,,,False,DraftKings,13,-120,3,REG,135,-155,1.5,Final,5.5,100,270,-125,ESPN BET,fixed,5
TB,2022-12-22T00:00Z,401459111,DET,2022,Tampa Bay Lightning,4,Detroit Red Wings,7,-140,,,120,,,False,DraftKings,12,-125,3,REG,165,-195,1.5,Final,6.0,105,190,105,ESPN BET,fixed,5
NJ,2022-12-22T00:00Z,401459112,FLA,2022,New Jersey Devils,4,Florida Panthers,2,110,,,-140,,,False,DraftKings,11,-125,3,REG,-215,185,-1.5,Final,6.5,105,120,165,ESPN BET,fixed,5
MTL,2022-12-22T01:00Z,401459109,COL,2022,Montreal Canadiens,1,Colorado Avalanche,2,225,,,-300,,,False,DraftKings,11,-115,4,OT,-115,-105,-1.5,Final/OT,5.5,-105,-175,370,ESPN BET,fixed,5
NSH,2022-12-22T01:30Z,401459108,CHI,2022,Nashville Predators,4,Chicago Blackhawks,2,-200,,,170,,,False,DraftKings,11,-120,3,REG,130,-150,1.5,Final,5.5,100,250,-120,ESPN BET,fixed,4
EDM,2022-12-22T02:30Z,401459110,DAL,2022,Edmonton Oilers,6,Dallas Stars,3,120,,,-145,,,False,DraftKings,11,-120,3,REG,-195,165,-1.5,Final,6.5,100,110,180,ESPN BET,fixed,5
MIN,2022-12-22T03:00Z,401459107,ANA,2022,Minnesota Wild,4,Anaheim Ducks,1,-285,,,230,,,False,DraftKings,12,-105,3,REG,-115,-105,1.5,Final,6.5,-115,360,-180,ESPN BET,fixed,5
ARI,2022-12-22T03:00Z,401459113,VGK,2022,Arizona Coyotes,2,Vegas Golden Knights,5,250,,,-300,,,False,DraftKings,11,-105,3,REG,-105,-115,-1.5,Final,6.0,-115,-185,380,ESPN BET,fixed,4
PHI,2022-12-22T19:00Z,401459120,TOR,2022,Philadelphia Flyers,3,Toronto Maple Leafs,4,250,,,-325,,,False,DraftKings,12,-105,3,REG,110,-130,-1.5,Final,6.0,-115,-210,425,ESPN BET,fixed,5
WPG,2022-12-23T00:00Z,401459114,BOS,2022,Winnipeg Jets,2,Boston Bruins,3,205,,,-245,,,False,DraftKings,12,-120,3,REG,-130,110,-1.5,Final,6.0,100,-145,290,ESPN BET,fixed,5
NYI,2022-12-23T00:00Z,401459116,NYR,2022,New York Islanders,3,New York Rangers,5,140,,,-160,,,False,DraftKings,12,-110,3,REG,-190,160,-1.5,Final,5.5,-110,100,210,ESPN BET,fixed,6
WSH,2022-12-23T00:00Z,401459117,OTT,2022,Washington Capitals,3,Ottawa Senators,2,-130,,,110,,,False,DraftKings,12,100,4,OT,190,-225,1.5,Final/OT,6.5,-120,175,115,ESPN BET,fixed,6
CAR,2022-12-23T00:00Z,401459118,PIT,2022,Carolina Hurricanes,4,Pittsburgh Penguins,3,115,,,-135,,,False,DraftKings,12,-115,4,OT,-210,180,-1.5,Final/OT,5.5,-105,115,180,ESPN BET,fixed,5
SEA,2022-12-23T03:00Z,401459121,VAN,2022,Seattle Kraken,5,Vancouver Canucks,6,-125,,,105,,,False,DraftKings,12,-105,5,SO,200,-240,1.5,Final/SO,6.5,-115,160,125,Caesars Sportsbook,fixed,4
CGY,2022-12-23T03:30Z,401459115,LA,2022,Calgary Flames,3,Los Angeles Kings,4,-120,,,100,,,False,DraftKings,12,-115,4,OT,220,-260,1.5,Final/OT,6.0,-105,150,135,Caesars Sportsbook,fixed,5
MIN,2022-12-23T03:30Z,401459119,SJ,2022,Minnesota Wild,2,San Jose Sharks,5,-175,,,150,,,False,DraftKings,12,-120,3,REG,150,-175,1.5,Final,6.0,100,215,-105,ESPN BET,fixed,5
PHI,2022-12-24T00:00Z,401459125,CAR,2022,Philadelphia Flyers,5,Carolina Hurricanes,6,280,,,-345,,,False,DraftKings,12,-110,3,REG,115,-135,-1.5,Final,6.0,-110,-225,450,ESPN BET,fixed,5
BOS,2022-12-24T00:00Z,401459131,NJ,2022,Boston Bruins,4,New Jersey Devils,3,-115,,,-110,,,False,DraftKings,12,-120,3,REG,215,-255,1.5,Final,6.0,100,150,135,ESPN BET,fixed,6
WPG,2022-12-24T00:00Z,401459134,WSH,2022,Winnipeg Jets,1,Washington Capitals,4,150,,,-175,,,False,DraftKings,12,-115,3,REG,-180,155,-1.5,Final,6.0,-105,-105,210,ESPN BET,fixed,5
FLA,2022-12-24T00:30Z,401459129,NYI,2022,Florida Panthers,1,New York Islanders,5,-125,,,105,,,False,DraftKings,12,-120,3,REG,195,-230,1.5,Final,6.0,100,155,130,ESPN BET,fixed,5
MTL,2022-12-24T01:00Z,401459127,DAL,2022,Montreal Canadiens,2,Dallas Stars,4,255,,,-305,,,False,DraftKings,12,-115,3,REG,-105,-115,-1.5,Final,6.0,-105,-180,370,ESPN BET,fixed,5
COL,2022-12-24T01:00Z,401459130,NSH,2022,Colorado Avalanche,3,Nashville Predators,2,-120,,,100,,,False,DraftKings,12,-110,4,OT,210,-250,1.5,Final/OT,5.5,-110,165,125,Caesars Sportsbook,fixed,5
CBJ,2022-12-24T01:30Z,401459126,CHI,2022,Columbus Blue Jackets,2,Chicago Blackhawks,5,-105,,,-115,,,False,DraftKings,12,-105,3,REG,-260,220,-1.5,Final,6.5,-115,140,140,ESPN BET,fixed,5
VAN,2022-12-24T02:00Z,401459128,EDM,2022,Vancouver Canucks,5,Edmonton Oilers,2,190,,,-220,,,False,DraftKings,11,110,3,REG,-125,105,-1.5,Final,7.0,-130,-145,280,ESPN BET,fixed,4
LA,2022-12-24T02:30Z,401459123,ARI,2022,Los Angeles Kings,1,Arizona Coyotes,2,-170,,,145,,,False,DraftKings,12,225,5,SO,150,-175,1.5,Final/SO,7.5,-320,215,-105,ESPN BET,fixed,5
STL,2022-12-24T03:00Z,401459133,VGK,2022,St. Louis Blues,4,Vegas Golden Knights,5,140,,,-165,,,False,DraftKings,12,225,5,SO,-190,160,-1.5,Final/SO,7.0,-320,100,205,ESPN BET,fixed,5
CGY,2022-12-24T03:30Z,401459122,ANA,2022,Calgary Flames,3,Anaheim Ducks,2,-220,,,180,,,False,DraftKings,12,-120,4,OT,115,-135,1.5,Final/OT,6.0,100,280,-140,ESPN BET,fixed,5
CHI,2022-12-28T00:00Z,401459137,CAR,2022,Chicago Blackhawks,0,Carolina Hurricanes,3,340,,,-500,,,False,DraftKings,12,-115,3,REG,155,-180,-1.5,Final,6.0,-105,-310,650,ESPN BET,fixed,5
WSH,2022-12-28T00:00Z,401459141,NYR,2022,Washington Capitals,4,New York Rangers,0,135,,,-155,,,False,DraftKings,12,-105,3,REG,-190,160,-1.5,Final,6.0,-115,105,200,ESPN BET,fixed,5
BOS,2022-12-28T00:00Z,401459143,OTT,2022,Boston Bruins,2,Ottawa Senators,3,-200,,,150,,,False,DraftKings,12,100,5,SO,135,-155,1.5,Final/SO,6.5,-120,245,-120,ESPN BET,fixed,5
PIT,2022-12-28T00:30Z,401459140,NYI,2022,Pittsburgh Penguins,1,New York Islanders,5,-145,,,115,,,False,DraftKings,12,-125,3,REG,200,-240,1.5,Final,5.5,105,170,120,ESPN BET,fixed,5
DAL,2022-12-28T01:00Z,401459142,NSH,2022,Dallas Stars,3,Nashville Predators,2,-140,,,110,,,False,DraftKings,12,100,3,REG,195,-230,1.5,Final,6.0,-120,170,120,ESPN BET,fixed,5
TOR,2022-12-28T01:00Z,401459144,STL,2022,Toronto Maple Leafs,5,St. Louis Blues,4,-175,,,150,,,False,DraftKings,12,100,4,OT,140,-165,1.5,Final/OT,6.0,-120,230,-115,ESPN BET,fixed,6
MIN,2022-12-28T01:00Z,401459146,WPG,2022,Minnesota Wild,4,Winnipeg Jets,1,-120,,,100,,,False,DraftKings,12,100,3,REG,210,-250,1.5,Final,6.0,-120,155,130,Caesars Sportsbook,fixed,5
COL,2022-12-28T02:00Z,401459135,ARI,2022,Colorado Avalanche,3,Arizona Coyotes,6,-230,,,195,,,False,DraftKings,12,-105,3,REG,120,-140,1.5,Final,5.5,-115,310,-145,ESPN BET,fixed,6
EDM,2022-12-28T02:00Z,401459136,CGY,2022,Edmonton Oilers,2,Calgary Flames,1,120,,,-140,,,False,DraftKings,12,-120,3,REG,-195,165,-1.5,Final,6.5,100,110,180,ESPN BET,fixed,5
SJ,2022-12-28T03:00Z,401459145,VAN,2022,San Jose Sharks,2,Vancouver Canucks,6,105,,,-135,,,False,DraftKings,12,-130,3,REG,-210,180,-1.5,Final,6.5,110,115,170,ESPN BET,fixed,5
VGK,2022-12-28T03:30Z,401459139,LA,2022,Vegas Golden Knights,2,Los Angeles Kings,4,-105,,,-120,,,False,DraftKings,12,100,3,REG,-245,205,-1.5,Final,6.5,-120,135,150,ESPN BET,fixed,5
MTL,2022-12-29T00:00Z,401459151,TB,2022,Montreal Canadiens,1,Tampa Bay Lightning,4,290,,,-400,,,False,DraftKings,12,100,3,REG,120,-140,-1.5,Final,6.0,-120,-235,475,ESPN BET,fixed,6
BOS,2022-12-29T00:30Z,401459148,NJ,2022,Boston Bruins,3,New Jersey Devils,1,-120,,,-105,,,False,DraftKings,12,220,3,REG,210,-250,1.5,Final,7.5,-310,150,135,ESPN BET,fixed,5
DET,2022-12-29T00:30Z,401459149,PIT,2022,Detroit Red Wings,5,Pittsburgh Penguins,4,160,,,-210,,,False,DraftKings,12,-105,4,OT,-145,125,-1.5,Final/OT,6.5,-115,-135,270,ESPN BET,fixed,6
VGK,2022-12-29T03:00Z,401459147,ANA,2022,Vegas Golden Knights,2,Anaheim Ducks,3,-165,,,140,,,False,DraftKings,12,-120,5,SO,155,-180,1.5,Final/SO,6.0,100,205,100,ESPN BET,fixed,5
CGY,2022-12-29T03:00Z,401459150,SEA,2022,Calgary Flames,3,Seattle Kraken,2,-115,,,-105,,,False,DraftKings,12,105,3,REG,225,-265,1.5,Final,6.5,-125,145,135,ESPN BET,fixed,6
DET,2022-12-30T00:00Z,401459153,BUF,2022,Detroit Red Wings,3,Buffalo Sabres,6,140,,,-190,,,False,DraftKings,11,-130,3,REG,-165,140,-1.5,Final,6.5,110,-110,220,ESPN BET,fixed,5
MTL,2022-12-30T00:00Z,401459155,FLA,2022,Montreal Canadiens,2,Florida Panthers,7,280,,,-375,,,False,DraftKings,12,-110,3,REG,115,-135,-1.5,Final,6.5,-110,-205,425,ESPN BET,fixed,5
NYR,2022-12-30T00:00Z,401459160,TB,2022,New York Rangers,1,Tampa Bay Lightning,2,115,,,-145,,,False,DraftKings,12,300,5,SO,-200,170,-1.5,Final/SO,7.5,-450,105,195,ESPN BET,fixed,5
OTT,2022-12-30T00:00Z,401459161,WSH,2022,Ottawa Senators,4,Washington Capitals,3,145,,,-170,,,False,DraftKings,12,255,4,OT,-175,150,-1.5,Final/OT,7.5,-370,-110,220,ESPN BET,fixed,6
CBJ,2022-12-30T00:30Z,401459157,NYI,2022,Columbus Blue Jackets,1,New York Islanders,2,190,,,-260,,,False,DraftKings,12,105,3,REG,-110,-110,-1.5,Final,6.5,-125,-170,340,ESPN BET,fixed,6
DAL,2022-12-30T01:00Z,401459156,MIN,2022,Dallas Stars,4,Minnesota Wild,1,100,,,-120,,,False,DraftKings,12,-105,3,REG,-240,200,-1.5,Final,6.0,-115,125,160,Caesars Sportsbook,fixed,5
CHI,2022-12-30T01:00Z,401459159,STL,2022,Chicago Blackhawks,1,St. Louis Blues,3,200,,,-270,,,False,DraftKings,12,-110,3,REG,-105,-115,-1.5,Final,6.0,-110,-165,340,ESPN BET,fixed,5
VAN,2022-12-30T01:00Z,401459162,WPG,2022,Vancouver Canucks,2,Winnipeg Jets,4,120,,,-150,,,False,DraftKings,12,-105,3,REG,-190,160,-1.5,Final,6.5,-115,100,195,ESPN BET,fixed,6
TOR,2022-12-30T02:00Z,401459152,ARI,2022,Toronto Maple Leafs,3,Arizona Coyotes,6,-290,,,240,,,False,DraftKings,12,260,3,REG,-120,100,1.5,Final,7.5,-375,390,-190,ESPN BET,fixed,6
LA,2022-12-30T02:00Z,401459154,COL,2022,Los Angeles Kings,5,Colorado Avalanche,4,120,,,-150,,,False,DraftKings,12,-120,5,SO,-200,170,-1.5,Final/SO,5.5,100,105,195,ESPN BET,fixed,6
PHI,2022-12-30T03:30Z,401459158,SJ,2022,Philadelphia Flyers,4,San Jose Sharks,3,125,,,-160,,,False,DraftKings,12,100,4,OT,-190,160,-1.5,Final/OT,6.5,-120,105,195,ESPN BET,fixed,6
NSH,2022-12-30T22:00Z,401459163,ANA,2022,Nashville Predators,6,Anaheim Ducks,1,-170,,,145,,,False,DraftKings,12,-110,3,REG,145,-170,1.5,Final,6.0,-110,225,-110,ESPN BET,fixed,6
NJ,2022-12-31T00:00Z,401459165,PIT,2022,New Jersey Devils,4,Pittsburgh Penguins,2,-110,,,-110,,,False,DraftKings,12,100,3,REG,-250,210,-1.5,Final,6.5,-120,135,150,ESPN BET,fixed,6
FLA,2022-12-31T00:30Z,401459164,CAR,2022,Florida Panthers,0,Carolina Hurricanes,4,150,,,-175,,,False,DraftKings,12,-110,3,REG,-165,140,-1.5,Final,6.0,-110,-110,225,ESPN BET,fixed,6
EDM,2022-12-31T03:00Z,401459166,SEA,2022,Edmonton Oilers,7,Seattle Kraken,2,110,,,-120,,,False,DraftKings,12,-110,3,REG,-250,210,-1.5,Final,6.5,-110,135,150,ESPN BET,fixed,6
BUF,2022-12-31T18:00Z,401459167,BOS,2022,Buffalo Sabres,4,Boston Bruins,3,200,,,-250,,,False,DraftKings,12,-125,4,OT,-120,100,-1.5,Final/OT,6.5,105,-160,320,ESPN BET,fixed,5
CHI,2022-12-31T18:00Z,401459170,CBJ,2022,Chicago Blackhawks,1,Columbus Blue Jackets,4,120,,,-140,,,False,DraftKings,10,-115,3,REG,-205,175,-1.5,Final,6.0,-105,105,195,ESPN BET,fixed,4
NSH,2022-12-31T20:00Z,401459177,VGK,2022,Nashville Predators,4,Vegas Golden Knights,5,140,,,-165,,,False,DraftKings,12,-120,4,OT,-175,150,-1.5,Final/OT,6.0,100,-105,215,ESPN BET,fixed,5
PHI,2022-12-31T21:00Z,401459174,LA,2022,Philadelphia Flyers,4,Los Angeles Kings,2,190,,,-220,,,False,DraftKings,12,-115,3,REG,-130,110,-1.5,Final,6.0,-105,-140,290,ESPN BET,fixed,5
MTL,2022-12-31T21:00Z,401459178,WSH,2022,Montreal Canadiens,2,Washington Capitals,9,230,,,-270,,,False,DraftKings,12,-115,3,REG,-120,100,-1.5,Final,6.0,-105,-160,330,ESPN BET,fixed,6
ARI,2022-12-31T22:00Z,401459176,TB,2022,Arizona Coyotes,3,Tampa Bay Lightning,5,290,,,-360,,,False,DraftKings,12,-105,3,REG,115,-135,-1.5,Final,6.0,-115,-220,450,ESPN BET,fixed,6
MIN,2022-12-31T23:00Z,401459175,STL,2022,Minnesota Wild,5,St. Louis Blues,2,-150,,,120,,,False,DraftKings,12,-115,3,REG,200,-240,1.5,Final,5.5,-105,165,125,ESPN BET,fixed,6
TOR,2023-01-01T00:00Z,401459169,COL,2022,Toronto Maple Leafs,6,Colorado Avalanche,2,-115,,,-105,,,False,DraftKings,12,-110,3,REG,195,-230,1.5,Final,6.0,-110,170,120,ESPN BET,fixed,5
OTT,2023-01-01T00:00Z,401459172,DET,2022,Ottawa Senators,2,Detroit Red Wings,4,-130,,,110,,,False,DraftKings,12,-120,3,REG,190,-225,1.5,Final,6.5,100,160,120,ESPN BET,fixed,6
SJ,2023-01-01T01:00Z,401459171,DAL,2022,San Jose Sharks,2,Dallas Stars,5,190,,,-260,,,False,DraftKings,12,-125,3,REG,-125,105,-1.5,Final,6.0,105,-145,295,ESPN BET,fixed,5
VAN,2023-01-01T03:00Z,401459168,CGY,2022,Vancouver Canucks,2,Calgary Flames,3,195,,,-230,,,False,DraftKings,12,-105,3,REG,-125,105,-1.5,Final,6.5,-115,-150,295,ESPN BET,fixed,5
WPG,2023-01-01T03:00Z,401459173,EDM,2022,Winnipeg Jets,2,Edmonton Oilers,1,-105,,,-120,,,False,DraftKings,12,-110,3,REG,-250,210,-1.5,Final,6.0,-110,130,155,ESPN BET,fixed,6
CAR,2023-01-01T20:00Z,401459181,NJ,2022,Carolina Hurricanes,5,New Jersey Devils,4,-115,,,-105,,,False,DraftKings,12,-105,5,SO,210,-250,1.5,Final/SO,6.0,-115,155,130,ESPN BET,fixed,6
NYR,2023-01-01T22:00Z,401459180,FLA,2022,New York Rangers,5,Florida Panthers,3,125,,,-155,,,False,DraftKings,12,-120,3,REG,-205,175,-1.5,Final,6.0,100,110,185,ESPN BET,fixed,6
SJ,2023-01-02T00:00Z,401459179,CHI,2022,San Jose Sharks,5,Chicago Blackhawks,2,-150,,,130,,,False,DraftKings,12,100,3,REG,185,-215,1.5,Final,6.5,-120,165,120,ESPN BET,fixed,6
BUF,2023-01-02T00:00Z,401459182,OTT,2022,Buffalo Sabres,1,Ottawa Senators,3,110,,,-130,,,False,DraftKings,12,-135,3,REG,-210,180,-1.5,Final,6.5,115,120,160,ESPN BET,fixed,6
NYI,2023-01-02T01:00Z,401459183,SEA,2022,New York Islanders,1,Seattle Kraken,4,105,,,-125,,,False,DraftKings,12,-110,3,REG,-225,190,-1.5,Final,6.0,-110,120,170,ESPN BET,fixed,5
PIT,2023-01-02T19:00Z,401459185,BOS,2022,Pittsburgh Penguins,1,Boston Bruins,2,150,,,-180,,,False,DraftKings,12,-115,3,REG,-155,135,-1.5,Final,6.0,-105,-115,230,ESPN BET,fixed,5
VGK,2023-01-03T02:00Z,401459186,COL,2022,Vegas Golden Knights,3,Colorado Avalanche,2,125,,,-160,,,False,DraftKings,12,100,3,REG,-195,165,-1.5,Final,6.0,-120,100,200,ESPN BET,fixed,6
PHI,2023-01-03T03:00Z,401459184,ANA,2022,Philadelphia Flyers,4,Anaheim Ducks,1,-120,,,100,,,False,DraftKings,12,-120,3,REG,220,-260,1.5,Final,6.0,100,145,140,Caesars Sportsbook,fixed,4
ARI,2023-01-04T00:00Z,401459189,FLA,2022,Arizona Coyotes,3,Florida Panthers,5,250,,,-325,,,False,DraftKings,12,100,3,REG,105,-125,-1.5,Final,6.5,-120,-210,425,ESPN BET,fixed,6
CAR,2023-01-04T00:00Z,401459191,NYR,2022,Carolina Hurricanes,3,New York Rangers,5,-125,,,105,,,False,DraftKings,11,-110,3,REG,195,-230,1.5,Final,5.5,-110,165,125,ESPN BET,fixed,5
CBJ,2023-01-04T00:00Z,401459193,OTT,2022,Columbus Blue Jackets,0,Ottawa Senators,4,170,,,-220,,,False,DraftKings,12,-110,3,REG,-135,115,-1.5,Final,6.5,-110,-135,270,ESPN BET,fixed,5
STL,2023-01-04T00:00Z,401459194,TOR,2022,St. Louis Blues,6,Toronto Maple Leafs,5,225,,,-300,,,False,DraftKings,12,-110,5,SO,-105,-115,-1.5,Final/SO,6.0,-110,-170,350,ESPN BET,fixed,6
BUF,2023-01-04T00:00Z,401459196,WSH,2022,Buffalo Sabres,5,Washington Capitals,4,140,,,-170,,,False,DraftKings,12,-115,4,OT,-180,155,-1.5,Final/OT,6.5,-105,100,200,ESPN BET,fixed,6
MTL,2023-01-04T01:00Z,401459192,NSH,2022,Montreal Canadiens,3,Nashville Predators,6,190,,,-260,,,False,DraftKings,12,-115,3,REG,-115,-105,-1.5,Final,6.0,-105,-165,340,ESPN BET,fixed,6
CGY,2023-01-04T01:00Z,401459197,WPG,2022,Calgary Flames,2,Winnipeg Jets,3,-150,,,120,,,False,DraftKings,12,-115,3,REG,190,-225,1.5,Final,5.5,-105,180,115,ESPN BET,fixed,6
TB,2023-01-04T01:30Z,401459187,CHI,2022,Tampa Bay Lightning,4,Chicago Blackhawks,1,-400,,,290,,,False,DraftKings,12,-110,3,REG,-140,120,1.5,Final,6.5,-110,475,-240,ESPN BET,fixed,5
SEA,2023-01-04T02:00Z,401459188,EDM,2022,Seattle Kraken,5,Edmonton Oilers,2,125,,,-160,,,False,DraftKings,12,-125,3,REG,-175,150,-1.5,Final,6.5,105,-105,200,ESPN BET,fixed,6
DAL,2023-01-04T03:00Z,401459190,LA,2022,Dallas Stars,2,Los Angeles Kings,3,-128,,,108,,,False,DraftKings,12,-105,3,REG,200,-240,1.5,Final,6.0,-115,160,130,Caesars Sportsbook,fixed,4
NYI,2023-01-04T03:00Z,401459195,VAN,2022,New York Islanders,6,Vancouver Canucks,2,-115,,,-110,,,False,DraftKings,12,-120,3,REG,225,-265,1.5,Final,6.0,100,140,140,ESPN BET,fixed,6
NJ,2023-01-05T00:00Z,401459199,DET,2022,New Jersey Devils,5,Detroit Red Wings,1,-150,,,120,,,False,DraftKings,12,-110,3,REG,155,-180,1.5,Final,6.5,-110,210,-105,ESPN BET,fixed,5
TB,2023-01-05T02:30Z,401459200,MIN,2022,Tampa Bay Lightning,1,Minnesota Wild,5,-105,,,-115,,,False,DraftKings,12,-125,3,REG,-245,205,-1.5,Final,6.0,105,130,155,ESPN BET,fixed,6
DAL,2023-01-05T03:00Z,401459198,ANA,2022,Dallas Stars,0,Anaheim Ducks,2,-220,,,185,,,False,DraftKings,12,-120,3,REG,125,-145,1.5,Final,6.0,100,260,-130,ESPN BET,fixed,5
NSH,2023-01-06T00:00Z,401459201,CAR,2022,Nashville Predators,5,Carolina Hurricanes,3,180,,,-230,,,False,DraftKings,12,-120,3,REG,-135,115,-1.5,Final,5.5,100,-140,285,ESPN BET,fixed,5
WSH,2023-01-06T00:00Z,401459202,CBJ,2022,Washington Capitals,6,Columbus Blue Jackets,2,-220,,,185,,,False,DraftKings,12,100,3,REG,115,-135,1.5,Final,6.5,-120,270,-135,ESPN BET,fixed,6
NYR,2023-01-06T00:00Z,401459205,MTL,2022,New York Rangers,4,Montreal Canadiens,1,-210,,,160,,,False,DraftKings,12,100,3,REG,120,-140,1.5,Final,6.5,-120,260,-130,ESPN BET,fixed,6
STL,2023-01-06T00:00Z,401459206,NJ,2022,St. Louis Blues,5,New Jersey Devils,3,140,,,-190,,,False,DraftKings,12,-105,3,REG,-170,145,-1.5,Final,6.5,-115,-115,225,ESPN BET,fixed,6
ARI,2023-01-06T00:00Z,401459207,PHI,2022,Arizona Coyotes,2,Philadelphia Flyers,6,125,,,-160,,,False,DraftKings,12,-115,3,REG,-200,170,-1.5,Final,6.0,-105,105,195,ESPN BET,fixed,6
SEA,2023-01-06T00:00Z,401459208,TOR,2022,Seattle Kraken,5,Toronto Maple Leafs,1,180,,,-240,,,False,DraftKings,12,-115,3,REG,-120,100,-1.5,Final,6.5,-105,-150,295,ESPN BET,fixed,5
NYI,2023-01-06T02:00Z,401459203,EDM,2022,New York Islanders,2,Edmonton Oilers,4,135,,,-155,,,False,DraftKings,12,-120,3,REG,-180,155,-1.5,Final,6.0,100,100,200,ESPN BET,fixed,6
COL,2023-01-06T03:00Z,401459209,VAN,2022,Colorado Avalanche,2,Vancouver Canucks,4,-155,,,135,,,False,DraftKings,12,-120,3,REG,170,-200,1.5,Final,6.0,100,195,105,ESPN BET,fixed,5
PIT,2023-01-06T03:00Z,401459210,VGK,2022,Pittsburgh Penguins,2,Vegas Golden Knights,5,-110,,,-115,,,False,DraftKings,12,-115,3,REG,-250,210,-1.5,Final,6.0,-105,130,155,ESPN BET,fixed,6
BOS,2023-01-06T03:30Z,401459204,LA,2022,Boston Bruins,5,Los Angeles Kings,2,-165,,,140,,,False,DraftKings,12,100,3,REG,155,-180,1.5,Final,6.0,-120,200,100,ESPN BET,fixed,6
FLA,2023-01-07T00:00Z,401459214,DET,2022,Florida Panthers,3,Detroit Red Wings,2,-150,,,130,,,False,DraftKings,11,-120,3,REG,160,-190,1.5,Final,6.5,100,190,105,ESPN BET,fixed,4
NSH,2023-01-07T00:00Z,401459215,WSH,2022,Nashville Predators,3,Washington Capitals,2,140,,,-165,,,False,DraftKings,11,100,3,REG,-175,150,-1.5,Final,6.5,-120,-105,215,ESPN BET,fixed,4
TB,2023-01-07T01:00Z,401459216,WPG,2022,Tampa Bay Lightning,2,Winnipeg Jets,4,-110,,,-110,,,False,DraftKings,11,-105,3,REG,230,-275,1.5,Final,6.0,-115,145,140,ESPN BET,fixed,4
ARI,2023-01-07T01:30Z,401459213,CHI,2022,Arizona Coyotes,0,Chicago Blackhawks,2,-115,,,-105,,,False,DraftKings,12,-110,3,REG,-255,215,-1.5,Final,6.0,-110,135,150,ESPN BET,fixed,6
NYI,2023-01-07T02:00Z,401459212,CGY,2022,New York Islanders,1,Calgary Flames,4,190,,,-220,,,False,DraftKings,11,105,3,REG,-135,115,-1.5,Final,6.0,-125,-140,285,ESPN BET,fixed,4
SJ,2023-01-07T03:00Z,401459211,ANA,2022,San Jose Sharks,4,Anaheim Ducks,5,-170,,,130,,,False,DraftKings,12,-105,4,OT,160,-190,1.5,Final/OT,6.5,-115,200,100,ESPN BET,fixed,6
NYR,2023-01-07T18:00Z,401459221,NJ,2022,New York Rangers,3,New Jersey Devils,4,105,,,-125,,,False,DraftKings,12,-110,4,OT,-240,200,-1.5,Final/OT,6.0,-110,120,170,Caesars Sportsbook,fixed,5
CAR,2023-01-07T21:00Z,401459218,CBJ,2022,Carolina Hurricanes,3,Columbus Blue Jackets,4,-360,,,290,,,False,DraftKings,12,100,5,SO,-135,115,1.5,Final/SO,6.5,-120,450,-220,ESPN BET,fixed,5
MIN,2023-01-08T00:00Z,401459217,BUF,2022,Minnesota Wild,5,Buffalo Sabres,6,-125,,,105,,,False,DraftKings,12,-125,4,OT,205,-245,1.5,Final/OT,6.5,105,155,125,Caesars Sportsbook,fixed,4
STL,2023-01-08T00:00Z,401459220,MTL,2022,St. Louis Blues,4,Montreal Canadiens,5,-175,,,135,,,False,DraftKings,12,-120,3,REG,150,-175,1.5,Final,6.0,100,215,-105,ESPN BET,fixed,6
SEA,2023-01-08T00:00Z,401459222,OTT,2022,Seattle Kraken,8,Ottawa Senators,4,-110,,,-115,,,False,DraftKings,12,100,3,REG,-265,225,-1.5,Final,6.5,-120,140,145,ESPN BET,fixed,5
DET,2023-01-08T00:00Z,401459224,TOR,2022,Detroit Red Wings,1,Toronto Maple Leafs,4,280,,,-375,,,False,DraftKings,12,-120,3,REG,115,-135,-1.5,Final,6.5,100,-215,425,ESPN BET,fixed,6
COL,2023-01-08T03:00Z,401459219,EDM,2022,Colorado Avalanche,3,Edmonton Oilers,2,110,,,-125,,,False,DraftKings,12,100,4,OT,-230,195,-1.5,Final/OT,6.5,-120,120,160,ESPN BET,fixed,6
LA,2023-01-08T03:00Z,401459225,VGK,2022,Los Angeles Kings,5,Vegas Golden Knights,1,135,,,-155,,,False,DraftKings,12,-115,3,REG,-200,170,-1.5,Final,6.0,-105,105,190,ESPN BET,fixed,5
BOS,2023-01-08T03:30Z,401459223,SJ,2022,Boston Bruins,4,San Jose Sharks,2,-270,,,220,,,False,DraftKings,12,380,3,REG,-110,-110,1.5,Final,8.5,-615,350,-175,ESPN BET,fixed,5
VAN,2023-01-08T20:00Z,401459233,WPG,2022,Vancouver Canucks,4,Winnipeg Jets,7,160,,,-185,,,False,DraftKings,12,-110,3,REG,-170,145,-1.5,Final,6.5,-110,-105,210,ESPN BET,fixed,5
FLA,2023-01-08T20:30Z,401459229,DAL,2022,Florida Panthers,1,Dallas Stars,5,110,,,-130,,,False,DraftKings,12,-120,3,REG,-210,180,-1.5,Final,6.5,100,115,170,ESPN BET,fixed,5
CBJ,2023-01-08T22:00Z,401459232,WSH,2022,Columbus Blue Jackets,0,Washington Capitals,1,285,,,-360,,,False,DraftKings,12,-110,3,REG,120,-140,-1.5,Final,6.5,-110,-225,450,ESPN BET,fixed,6
PIT,2023-01-09T00:00Z,401459227,ARI,2022,Pittsburgh Penguins,4,Arizona Coyotes,1,-230,,,190,,,False,DraftKings,12,330,3,REG,110,-130,1.5,Final,8.5,-505,275,-140,ESPN BET,fixed,5
CGY,2023-01-09T00:00Z,401459228,CHI,2022,Calgary Flames,3,Chicago Blackhawks,4,-340,,,275,,,False,DraftKings,12,100,4,OT,-135,115,1.5,Final/OT,6.0,-120,425,-210,ESPN BET,fixed,6
STL,2023-01-09T00:00Z,401459230,MIN,2022,St. Louis Blues,3,Minnesota Wild,0,160,,,-210,,,False,DraftKings,12,105,3,REG,-140,120,-1.5,Final,6.5,-125,-130,265,ESPN BET,fixed,5
TOR,2023-01-09T00:00Z,401459231,PHI,2022,Toronto Maple Leafs,6,Philadelphia Flyers,2,-210,,,160,,,False,DraftKings,12,-115,3,REG,120,-140,1.5,Final,6.0,-105,270,-135,ESPN BET,fixed,5
BOS,2023-01-09T01:30Z,401459226,ANA,2022,Boston Bruins,7,Anaheim Ducks,1,-300,,,250,,,False,DraftKings,11,-115,3,REG,-115,-105,1.5,Final,6.0,-105,370,-180,ESPN BET,fixed,5
PHI,2023-01-10T00:00Z,401459579,BUF,2022,Philadelphia Flyers,4,Buffalo Sabres,0,190,,,-220,,,False,DraftKings,12,-130,3,REG,-125,105,-1.5,Final,6.5,110,-150,285,ESPN BET,fixed,6
SEA,2023-01-10T00:30Z,401459235,MTL,2022,Seattle Kraken,4,Montreal Canadiens,0,-230,,,180,,,False,DraftKings,12,-125,3,REG,115,-135,1.5,Final,6.0,105,275,-140,ESPN BET,fixed,5
NSH,2023-01-10T00:30Z,401459236,OTT,2022,Nashville Predators,3,Ottawa Senators,0,100,,,-120,,,False,DraftKings,12,-115,3,REG,-245,205,-1.5,Final,6.0,-105,130,155,Caesars Sportsbook,fixed,5
EDM,2023-01-10T03:30Z,401459234,LA,2022,Edmonton Oilers,3,Los Angeles Kings,6,-110,,,-110,,,False,DraftKings,12,-120,3,REG,-265,225,-1.5,Final,6.5,100,145,135,ESPN BET,fixed,6
SEA,2023-01-11T00:00Z,401459238,BUF,2022,Seattle Kraken,4,Buffalo Sabres,3,-105,,,-115,,,False,DraftKings,12,-130,3,REG,-245,205,-1.5,Final,6.5,110,130,145,ESPN BET,fixed,6
NJ,2023-01-11T00:00Z,401459239,CAR,2022,New Jersey Devils,5,Carolina Hurricanes,3,125,,,-155,,,False,DraftKings,12,-115,3,REG,-195,165,-1.5,Final,6.0,-105,105,190,ESPN BET,fixed,5
WPG,2023-01-11T00:00Z,401459241,DET,2022,Winnipeg Jets,5,Detroit Red Wings,7,-135,,,115,,,False,DraftKings,12,-115,3,REG,175,-205,1.5,Final,6.0,-105,180,110,ESPN BET,fixed,5
MIN,2023-01-11T00:00Z,401459243,NYR,2022,Minnesota Wild,3,New York Rangers,4,120,,,-145,,,False,DraftKings,12,270,5,SO,-210,180,-1.5,Final/SO,7.5,-400,110,185,ESPN BET,fixed,6
VAN,2023-01-11T00:00Z,401459244,PIT,2022,Vancouver Canucks,4,Pittsburgh Penguins,5,140,,,-190,,,False,DraftKings,12,-135,3,REG,-145,125,-1.5,Final,6.5,115,-125,240,ESPN BET,fixed,5
CBJ,2023-01-11T00:00Z,401459246,TB,2022,Columbus Blue Jackets,3,Tampa Bay Lightning,6,340,,,-435,,,False,DraftKings,12,-120,3,REG,135,-155,-1.5,Final,6.0,100,-260,500,ESPN BET,fixed,5
DAL,2023-01-11T00:30Z,401459242,NYI,2022,Dallas Stars,2,New York Islanders,1,-120,,,-105,,,False,DraftKings,12,-105,5,SO,215,-255,1.5,Final/SO,5.5,-115,160,130,ESPN BET,fixed,6
CGY,2023-01-11T01:00Z,401459245,STL,2022,Calgary Flames,3,St. Louis Blues,4,-175,,,135,,,False,DraftKings,12,105,4,OT,145,-170,1.5,Final/OT,6.0,-125,220,-105,ESPN BET,fixed,6
SJ,2023-01-11T02:00Z,401459237,ARI,2022,San Jose Sharks,4,Arizona Coyotes,2,-140,,,120,,,False,DraftKings,12,100,3,REG,185,-215,1.5,Final,6.5,-120,170,115,ESPN BET,fixed,6
FLA,2023-01-11T02:30Z,401459240,COL,2022,Florida Panthers,5,Colorado Avalanche,4,105,,,-135,,,False,DraftKings,12,105,3,REG,-215,185,-1.5,Final,6.5,-125,115,175,ESPN BET,fixed,5
WSH,2023-01-12T00:00Z,401459249,PHI,2022,Washington Capitals,3,Philadelphia Flyers,5,-190,,,160,,,False,DraftKings,12,-120,3,REG,150,-175,1.5,Final,6.0,100,215,-105,ESPN BET,fixed,6
NSH,2023-01-12T00:30Z,401459250,TOR,2022,Nashville Predators,1,Toronto Maple Leafs,2,145,,,-175,,,False,DraftKings,12,100,3,REG,-175,150,-1.5,Final,6.0,-120,-110,230,ESPN BET,fixed,5
EDM,2023-01-12T03:00Z,401459247,ANA,2022,Edmonton Oilers,6,Anaheim Ducks,2,-260,,,190,,,False,DraftKings,11,105,3,REG,-110,-110,1.5,Final,7.0,-125,320,-165,ESPN BET,fixed,5
SJ,2023-01-12T03:00Z,401459248,LA,2022,San Jose Sharks,3,Los Angeles Kings,4,180,,,-210,,,False,DraftKings,12,-110,3,REG,-140,120,-1.5,Final,6.5,-110,-135,270,ESPN BET,fixed,6
SEA,2023-01-13T00:00Z,401459252,BOS,2022,Seattle Kraken,3,Boston Bruins,0,170,,,-220,,,False,DraftKings,12,-105,3,REG,-120,100,-1.5,Final,6.0,-115,-150,310,ESPN BET,fixed,5
WPG,2023-01-13T00:00Z,401459253,BUF,2022,Winnipeg Jets,4,Buffalo Sabres,2,-135,,,105,,,False,DraftKings,12,-120,3,REG,190,-225,1.5,Final,6.5,100,155,125,ESPN BET,fixed,6
CAR,2023-01-13T00:00Z,401459255,CBJ,2022,Carolina Hurricanes,6,Columbus Blue Jackets,2,-325,,,250,,,False,DraftKings,12,100,3,REG,-125,105,1.5,Final,6.5,-120,425,-210,ESPN BET,fixed,6
TOR,2023-01-13T00:00Z,401459256,DET,2022,Toronto Maple Leafs,1,Detroit Red Wings,4,-140,,,120,,,False,DraftKings,12,-120,3,REG,170,-200,1.5,Final,6.0,100,190,105,ESPN BET,fixed,5
NSH,2023-01-13T00:00Z,401459257,MTL,2022,Nashville Predators,3,Montreal Canadiens,4,-175,,,135,,,False,DraftKings,12,-115,3,REG,145,-170,1.5,Final,6.5,-105,215,-110,ESPN BET,fixed,5
DAL,2023-01-13T00:00Z,401459259,NYR,2022,Dallas Stars,1,New York Rangers,2,110,,,-130,,,False,DraftKings,12,-120,4,OT,-230,195,-1.5,Final/OT,5.5,100,120,170,ESPN BET,fixed,6
VAN,2023-01-13T00:00Z,401459261,TB,2022,Vancouver Canucks,4,Tampa Bay Lightning,5,230,,,-280,,,False,DraftKings,12,-140,3,REG,-115,-105,-1.5,Final,6.5,120,-160,310,ESPN BET,fixed,5
MIN,2023-01-13T00:30Z,401459258,NYI,2022,Minnesota Wild,3,New York Islanders,1,-120,,,-105,,,False,DraftKings,12,-120,3,REG,220,-260,1.5,Final,5.5,100,150,135,ESPN BET,fixed,6
CGY,2023-01-13T01:00Z,401459260,STL,2022,Calgary Flames,4,St. Louis Blues,1,-170,,,130,,,False,DraftKings,12,260,3,REG,145,-170,1.5,Final,7.5,-375,210,100,ESPN BET,fixed,6
COL,2023-01-13T01:30Z,401459254,CHI,2022,Colorado Avalanche,2,Chicago Blackhawks,3,-320,,,260,,,False,DraftKings,12,-105,3,REG,-125,105,1.5,Final,6.0,-115,400,-195,ESPN BET,fixed,5
OTT,2023-01-13T02:00Z,401459251,ARI,2022,Ottawa Senators,5,Arizona Coyotes,3,-170,,,130,,,False,DraftKings,12,210,3,REG,160,-190,1.5,Final,7.5,-290,210,-105,ESPN BET,fixed,5
FLA,2023-01-13T03:00Z,401459262,VGK,2022,Florida Panthers,2,Vegas Golden Knights,4,100,,,-120,,,False,DraftKings,12,-115,3,REG,-250,210,-1.5,Final,6.5,-105,135,145,Caesars Sportsbook,fixed,5
WPG,2023-01-14T00:00Z,401459264,PIT,2022,Winnipeg Jets,4,Pittsburgh Penguins,1,136,,,-160,,,False,DraftKings,12,-110,3,REG,-165,140,-1.5,Final,6.5,-110,-110,220,ESPN BET,fixed,6
NJ,2023-01-14T03:00Z,401459263,ANA,2022,New Jersey Devils,6,Anaheim Ducks,2,-325,,,250,,,False,DraftKings,12,-115,3,REG,-140,120,1.5,Final,6.5,-105,450,-225,ESPN BET,fixed,5
EDM,2023-01-14T03:30Z,401459265,SJ,2022,Edmonton Oilers,7,San Jose Sharks,1,-175,,,135,,,False,DraftKings,12,115,3,REG,150,-175,1.5,Final,7.0,-135,195,100,ESPN BET,fixed,5
CGY,2023-01-14T19:00Z,401459270,DAL,2022,Calgary Flames,6,Dallas Stars,5,-105,,,-115,,,False,DraftKings,12,-110,3,REG,-265,225,-1.5,Final,6.0,-110,140,145,ESPN BET,fixed,5
TOR,2023-01-15T00:00Z,401459266,BOS,2022,Toronto Maple Leafs,3,Boston Bruins,4,125,,,-160,,,False,DraftKings,12,100,3,REG,-195,165,-1.5,Final,6.0,-120,105,195,ESPN BET,fixed,6
PIT,2023-01-15T00:00Z,401459267,CAR,2022,Pittsburgh Penguins,1,Carolina Hurricanes,2,180,,,-215,,,False,DraftKings,12,105,3,REG,-145,125,-1.5,Final,6.5,-125,-130,265,ESPN BET,fixed,6
OTT,2023-01-15T00:00Z,401459269,COL,2022,Ottawa Senators,0,Colorado Avalanche,7,145,,,-170,,,False,DraftKings,11,105,3,REG,-175,150,-1.5,Final,6.5,-125,-105,210,ESPN BET,fixed,4
CBJ,2023-01-15T00:00Z,401459271,DET,2022,Columbus Blue Jackets,4,Detroit Red Wings,3,190,,,-230,,,False,DraftKings,12,-115,3,REG,-125,105,-1.5,Final,6.5,-105,-150,295,ESPN BET,fixed,6
VAN,2023-01-15T00:00Z,401459272,FLA,2022,Vancouver Canucks,3,Florida Panthers,4,170,,,-220,,,False,DraftKings,12,100,3,REG,-135,115,-1.5,Final,7.0,-120,-135,260,ESPN BET,fixed,6
MTL,2023-01-15T00:00Z,401459275,NYI,2022,Montreal Canadiens,1,New York Islanders,2,200,,,-230,,,False,DraftKings,12,-115,3,REG,-125,105,-1.5,Final,5.5,-105,-150,320,ESPN BET,fixed,5
PHI,2023-01-15T00:00Z,401459279,WSH,2022,Philadelphia Flyers,3,Washington Capitals,1,170,,,-200,,,False,DraftKings,12,-120,3,REG,-130,110,-1.5,Final,6.0,100,-145,290,ESPN BET,fixed,6
SEA,2023-01-15T01:00Z,401459268,CHI,2022,Seattle Kraken,8,Chicago Blackhawks,5,-220,,,190,,,False,DraftKings,12,-110,3,REG,110,-130,1.5,Final,6.0,-110,295,-145,ESPN BET,fixed,5
ARI,2023-01-15T01:00Z,401459274,MIN,2022,Arizona Coyotes,1,Minnesota Wild,2,280,,,-350,,,False,DraftKings,11,-125,3,REG,115,-135,-1.5,Final,6.0,105,-220,450,ESPN BET,fixed,5
BUF,2023-01-15T01:00Z,401459276,NSH,2022,Buffalo Sabres,5,Nashville Predators,3,110,,,-130,,,False,DraftKings,12,-110,3,REG,-200,170,-1.5,Final,6.5,-110,110,185,ESPN BET,fixed,5
TB,2023-01-15T01:00Z,401459277,STL,2022,Tampa Bay Lightning,4,St. Louis Blues,2,-190,,,160,,,False,DraftKings,12,-115,3,REG,140,-165,1.5,Final,6.0,-105,230,-115,ESPN BET,fixed,5
EDM,2023-01-15T03:00Z,401459278,VGK,2022,Edmonton Oilers,4,Vegas Golden Knights,3,110,,,-140,,,False,DraftKings,11,-125,3,REG,-200,170,-1.5,Final,6.5,105,110,180,ESPN BET,fixed,4
NJ,2023-01-15T03:30Z,401459273,LA,2022,New Jersey Devils,5,Los Angeles Kings,2,100,,,-120,,,False,DraftKings,12,-120,3,REG,-255,215,-1.5,Final,6.5,100,135,145,Caesars Sportsbook,fixed,5
VAN,2023-01-15T22:00Z,401459280,CAR,2022,Vancouver Canucks,4,Carolina Hurricanes,3,225,,,-300,,,False,DraftKings,12,-130,5,SO,-105,-115,-1.5,Final/SO,6.5,110,-170,330,ESPN BET,fixed,5
MTL,2023-01-15T22:00Z,401459281,NYR,2022,Montreal Canadiens,2,New York Rangers,1,280,,,-375,,,False,DraftKings,12,-110,3,REG,125,-145,-1.5,Final,6.0,-110,-235,475,ESPN BET,fixed,5
ARI,2023-01-16T00:00Z,401459282,WPG,2022,Arizona Coyotes,1,Winnipeg Jets,2,280,,,-375,,,False,DraftKings,12,-130,3,REG,130,-150,-1.5,Final,6.0,110,-230,450,ESPN BET,fixed,6
PHI,2023-01-16T18:00Z,401459283,BOS,2022,Philadelphia Flyers,0,Boston Bruins,6,240,,,-290,,,False,DraftKings,12,-110,3,REG,-105,-115,-1.5,Final,6.0,-110,-180,370,ESPN BET,fixed,6
FLA,2023-01-16T18:00Z,401459284,BUF,2022,Florida Panthers,4,Buffalo Sabres,1,-125,,,105,,,False,DraftKings,12,115,3,REG,190,-225,1.5,Final,7.0,-135,155,125,ESPN BET,fixed,5
DET,2023-01-16T20:00Z,401459285,COL,2022,Detroit Red Wings,3,Colorado Avalanche,6,170,,,-200,,,False,DraftKings,12,-105,3,REG,-150,130,-1.5,Final,6.5,-115,-125,245,ESPN BET,fixed,5
NJ,2023-01-16T21:00Z,401459290,SJ,2022,New Jersey Devils,4,San Jose Sharks,3,-190,,,160,,,False,DraftKings,12,-115,5,SO,125,-145,1.5,Final/SO,6.5,-105,235,-120,ESPN BET,fixed,6
TB,2023-01-16T21:00Z,401459291,SEA,2022,Tampa Bay Lightning,4,Seattle Kraken,1,-140,,,120,,,False,DraftKings,12,-120,3,REG,180,-210,1.5,Final,6.0,100,175,115,ESPN BET,fixed,5
DAL,2023-01-16T23:00Z,401459293,VGK,2022,Dallas Stars,4,Vegas Golden Knights,0,-110,,,-110,,,False,DraftKings,12,100,3,REG,-250,210,-1.5,Final,6.0,-120,130,155,ESPN BET,fixed,5
NYR,2023-01-17T00:00Z,401459286,CBJ,2022,New York Rangers,3,Columbus Blue Jackets,1,-170,,,145,,,False,DraftKings,12,100,3,REG,140,-165,1.5,Final,6.5,-120,225,-115,ESPN BET,fixed,6
ANA,2023-01-17T00:00Z,401459289,PIT,2022,Anaheim Ducks,3,Pittsburgh Penguins,4,260,,,-320,,,False,DraftKings,12,260,4,OT,110,-130,-1.5,Final/OT,8.0,-375,-205,400,ESPN BET,fixed,5
WSH,2023-01-17T00:30Z,401459287,NYI,2022,Washington Capitals,4,New York Islanders,3,-105,,,-115,,,False,DraftKings,12,-105,4,OT,-285,240,-1.5,Final/OT,5.5,-115,145,145,ESPN BET,fixed,6
CGY,2023-01-17T01:00Z,401459288,NSH,2022,Calgary Flames,1,Nashville Predators,2,-135,,,115,,,False,DraftKings,12,-110,3,REG,175,-205,1.5,Final,6.0,-110,180,110,ESPN BET,fixed,5
OTT,2023-01-17T01:00Z,401459292,STL,2022,Ottawa Senators,1,St. Louis Blues,2,-110,,,-110,,,False,DraftKings,12,105,3,REG,-265,225,-1.5,Final,6.5,-125,140,140,ESPN BET,fixed,5
WPG,2023-01-18T00:00Z,401459297,MTL,2022,Winnipeg Jets,1,Montreal Canadiens,4,-240,,,180,,,False,DraftKings,12,-110,3,REG,100,-120,1.5,Final,6.0,-110,320,-160,ESPN BET,fixed,5
ANA,2023-01-18T00:00Z,401459298,PHI,2022,Anaheim Ducks,2,Philadelphia Flyers,5,170,,,-220,,,False,DraftKings,12,-115,3,REG,-140,120,-1.5,Final,6.0,-105,-130,270,ESPN BET,fixed,5
FLA,2023-01-18T00:00Z,401459299,TOR,2022,Florida Panthers,4,Toronto Maple Leafs,5,145,,,-170,,,False,DraftKings,12,-120,4,OT,-165,140,-1.5,Final/OT,6.5,100,-110,220,ESPN BET,fixed,6
MIN,2023-01-18T00:00Z,401459300,WSH,2022,Minnesota Wild,4,Washington Capitals,2,-150,,,120,,,False,DraftKings,12,265,3,REG,200,-240,1.5,Final,7.5,-385,165,125,ESPN BET,fixed,6
CBJ,2023-01-18T01:00Z,401507548,NSH,2022,Columbus Blue Jackets,1,Nashville Predators,2,170,,,-220,,,False,DraftKings,12,-110,3,REG,-140,120,-1.5,Final,6.5,-110,-130,260,ESPN BET,fixed,6
BUF,2023-01-18T01:30Z,401459295,CHI,2022,Buffalo Sabres,3,Chicago Blackhawks,4,-210,,,160,,,False,DraftKings,12,-125,4,OT,125,-145,1.5,Final/OT,6.5,105,250,-125,ESPN BET,fixed,5
DET,2023-01-18T02:00Z,401459294,ARI,2022,Detroit Red Wings,3,Arizona Coyotes,4,-135,,,105,,,False,DraftKings,12,-105,5,SO,185,-215,1.5,Final/SO,6.5,-115,170,115,ESPN BET,fixed,6
SEA,2023-01-18T02:00Z,401459296,EDM,2022,Seattle Kraken,2,Edmonton Oilers,5,140,,,-190,,,False,DraftKings,12,-130,3,REG,-155,135,-1.5,Final,6.5,110,-115,220,ESPN BET,fixed,6
PIT,2023-01-19T00:00Z,401459303,OTT,2022,Pittsburgh Penguins,4,Ottawa Senators,5,-105,,,-115,,,False,DraftKings,12,100,4,OT,215,-255,1.5,Final/OT,6.5,-120,145,140,ESPN BET,fixed,6
BOS,2023-01-19T00:30Z,401459302,NYI,2022,Boston Bruins,4,New York Islanders,1,-200,,,150,,,False,DraftKings,11,-115,3,REG,140,-165,1.5,Final,5.5,-105,245,-120,ESPN BET,fixed,4
COL,2023-01-19T02:30Z,401459301,CGY,2022,Colorado Avalanche,4,Calgary Flames,1,125,,,-145,,,False,DraftKings,12,-105,3,REG,-195,165,-1.5,Final,6.0,-115,100,200,ESPN BET,fixed,5
DAL,2023-01-19T03:00Z,401459304,SJ,2022,Dallas Stars,3,San Jose Sharks,5,-150,,,130,,,False,DraftKings,12,-110,3,REG,160,-190,1.5,Final,6.0,-110,200,100,ESPN BET,fixed,6
TB,2023-01-19T03:00Z,401459305,VAN,2022,Tampa Bay Lightning,5,Vancouver Canucks,2,-165,,,140,,,False,DraftKings,12,100,3,REG,150,-175,1.5,Final,7.0,-120,195,100,ESPN BET,fixed,6
MIN,2023-01-20T00:00Z,401459308,CAR,2022,Minnesota Wild,2,Carolina Hurricanes,5,140,,,-180,,,False,DraftKings,12,-120,3,REG,-170,145,-1.5,Final,5.5,100,-110,230,ESPN BET,fixed,5
ANA,2023-01-20T00:00Z,401459309,CBJ,2022,Anaheim Ducks,5,Columbus Blue Jackets,3,140,,,-165,,,False,DraftKings,12,-115,3,REG,-175,150,-1.5,Final,6.5,-105,-105,205,ESPN BET,fixed,6
FLA,2023-01-20T00:00Z,401459312,MTL,2022,Florida Panthers,6,Montreal Canadiens,2,-220,,,190,,,False,DraftKings,12,-110,3,REG,100,-120,1.5,Final,6.5,-110,320,-160,ESPN BET,fixed,6
BOS,2023-01-20T00:00Z,401459313,NYR,2022,Boston Bruins,3,New York Rangers,1,-110,,,-115,,,False,DraftKings,12,-115,3,REG,220,-260,1.5,Final,5.5,-105,160,130,ESPN BET,fixed,6
CHI,2023-01-20T00:00Z,401459314,PHI,2022,Chicago Blackhawks,4,Philadelphia Flyers,1,195,,,-230,,,False,DraftKings,12,-115,3,REG,-130,110,-1.5,Final,6.0,-105,-150,300,ESPN BET,fixed,5
WPG,2023-01-20T00:00Z,401459317,TOR,2022,Winnipeg Jets,1,Toronto Maple Leafs,4,140,,,-165,,,False,DraftKings,12,-120,3,REG,-175,150,-1.5,Final,6.0,100,-105,215,ESPN BET,fixed,5
NYI,2023-01-20T00:30Z,401459307,BUF,2022,New York Islanders,2,Buffalo Sabres,3,105,,,-125,,,False,DraftKings,12,-115,4,OT,-240,200,-1.5,Final/OT,6.0,-105,125,160,Caesars Sportsbook,fixed,5
NSH,2023-01-20T01:00Z,401459316,STL,2022,Nashville Predators,2,St. Louis Blues,5,-115,,,-110,,,False,DraftKings,12,-105,3,REG,220,-260,1.5,Final,6.0,-115,150,135,ESPN BET,fixed,5
WSH,2023-01-20T02:00Z,401459306,ARI,2022,Washington Capitals,4,Arizona Coyotes,0,-240,,,180,,,False,DraftKings,12,-105,3,REG,115,-135,1.5,Final,6.0,-115,275,-135,ESPN BET,fixed,6
TB,2023-01-20T02:00Z,401459310,EDM,2022,Tampa Bay Lightning,3,Edmonton Oilers,5,105,,,-125,,,False,DraftKings,12,-130,3,REG,-240,200,-1.5,Final,6.5,110,135,150,ESPN BET,fixed,5
NJ,2023-01-20T03:00Z,401459315,SEA,2022,New Jersey Devils,3,Seattle Kraken,4,-135,,,105,,,False,DraftKings,12,-105,4,OT,200,-240,1.5,Final/OT,6.5,-115,155,125,ESPN BET,fixed,5
DET,2023-01-20T03:00Z,401459318,VGK,2022,Detroit Red Wings,3,Vegas Golden Knights,2,135,,,-175,,,False,DraftKings,12,100,3,REG,-170,145,-1.5,Final,6.5,-120,-105,215,ESPN BET,fixed,6
DAL,2023-01-20T03:30Z,401459311,LA,2022,Dallas Stars,4,Los Angeles Kings,0,120,,,-140,,,False,DraftKings,12,-105,3,REG,-215,185,-1.5,Final,6.0,-115,115,180,ESPN BET,fixed,5
OTT,2023-01-21T00:00Z,401459319,PIT,2022,Ottawa Senators,1,Pittsburgh Penguins,4,140,,,-160,,,False,DraftKings,12,-115,3,REG,-175,150,-1.5,Final,6.5,-105,-105,200,ESPN BET,fixed,5
COL,2023-01-21T03:00Z,401459320,VAN,2022,Colorado Avalanche,4,Vancouver Canucks,1,-145,,,125,,,False,DraftKings,12,-135,3,REG,165,-195,1.5,Final,6.5,115,185,105,ESPN BET,fixed,5
ANA,2023-01-21T17:30Z,401459321,BUF,2022,Anaheim Ducks,3,Buffalo Sabres,6,210,,,-280,,,False,DraftKings,12,110,3,REG,100,-120,-1.5,Final,7.0,-130,-180,350,ESPN BET,fixed,5
TB,2023-01-21T20:00Z,401459322,CGY,2022,Tampa Bay Lightning,3,Calgary Flames,6,-110,,,-115,,,False,DraftKings,12,-115,3,REG,-250,210,-1.5,Final,6.0,-105,130,155,ESPN BET,fixed,5
MIN,2023-01-21T23:00Z,401459326,FLA,2022,Minnesota Wild,3,Florida Panthers,5,-105,,,-115,,,False,DraftKings,12,-130,3,REG,-230,195,-1.5,Final,6.5,110,125,155,Caesars Sportsbook,fixed,4
SJ,2023-01-22T00:00Z,401459323,CBJ,2022,San Jose Sharks,3,Columbus Blue Jackets,5,-135,,,105,,,False,DraftKings,12,-130,3,REG,185,-215,1.5,Final,6.5,110,165,120,ESPN BET,fixed,6
PHI,2023-01-22T00:00Z,401459325,DET,2022,Philadelphia Flyers,2,Detroit Red Wings,1,110,,,-140,,,False,DraftKings,12,-120,3,REG,-200,170,-1.5,Final,6.0,100,110,190,ESPN BET,fixed,5
TOR,2023-01-22T00:00Z,401459327,MTL,2022,Toronto Maple Leafs,2,Montreal Canadiens,3,-380,,,300,,,False,DraftKings,12,100,4,OT,-130,110,1.5,Final/OT,6.5,-120,425,-210,ESPN BET,fixed,6
WPG,2023-01-22T00:00Z,401459330,OTT,2022,Winnipeg Jets,5,Ottawa Senators,1,-145,,,115,,,False,DraftKings,12,-120,3,REG,180,-210,1.5,Final,6.0,100,180,115,ESPN BET,fixed,6
CAR,2023-01-22T00:30Z,401459328,NYI,2022,Carolina Hurricanes,5,New York Islanders,2,-175,,,150,,,False,DraftKings,12,-105,3,REG,155,-180,1.5,Final,5.5,-115,220,-105,ESPN BET,fixed,6
ARI,2023-01-22T01:00Z,401459324,DAL,2022,Arizona Coyotes,0,Dallas Stars,4,280,,,-350,,,False,DraftKings,12,-110,3,REG,115,-135,-1.5,Final,6.0,-110,-220,450,ESPN BET,fixed,6
LA,2023-01-22T01:00Z,401459329,NSH,2022,Los Angeles Kings,3,Nashville Predators,5,-105,,,-115,,,False,DraftKings,12,-105,3,REG,-245,205,-1.5,Final,6.0,-115,130,160,ESPN BET,fixed,6
CHI,2023-01-22T01:00Z,401459332,STL,2022,Chicago Blackhawks,5,St. Louis Blues,3,210,,,-280,,,False,DraftKings,12,-115,3,REG,-125,105,-1.5,Final,6.0,-105,-150,310,ESPN BET,fixed,5
COL,2023-01-22T03:00Z,401459331,SEA,2022,Colorado Avalanche,2,Seattle Kraken,1,-115,,,-110,,,False,DraftKings,12,100,5,SO,-280,235,-1.5,Final/SO,6.5,-120,145,140,ESPN BET,fixed,5
EDM,2023-01-22T03:00Z,401459333,VAN,2022,Edmonton Oilers,4,Vancouver Canucks,2,-220,,,170,,,False,DraftKings,12,-120,3,REG,120,-140,1.5,Final,7.0,100,235,-120,ESPN BET,fixed,5
WSH,2023-01-22T03:00Z,401459334,VGK,2022,Washington Capitals,2,Vegas Golden Knights,6,105,,,-125,,,False,DraftKings,12,-120,3,REG,-245,205,-1.5,Final,5.5,100,130,160,ESPN BET,fixed,6
PIT,2023-01-22T19:00Z,401459338,NJ,2022,Pittsburgh Penguins,1,New Jersey Devils,2,110,,,-140,,,False,DraftKings,12,-110,4,OT,-195,165,-1.5,Final/OT,6.5,-110,110,185,ESPN BET,fixed,5
SJ,2023-01-23T00:00Z,401459336,BOS,2022,San Jose Sharks,0,Boston Bruins,4,280,,,-375,,,False,DraftKings,12,-125,3,REG,135,-155,-1.5,Final,6.0,105,-245,500,ESPN BET,fixed,5
LA,2023-01-23T00:00Z,401459337,CHI,2022,Los Angeles Kings,2,Chicago Blackhawks,1,-230,,,190,,,False,DraftKings,12,-125,3,REG,110,-130,1.5,Final,6.0,105,290,-145,ESPN BET,fixed,6
WPG,2023-01-23T00:00Z,401459339,PHI,2022,Winnipeg Jets,5,Philadelphia Flyers,3,-170,,,145,,,False,DraftKings,12,100,3,REG,150,-175,1.5,Final,6.5,-120,210,-105,ESPN BET,fixed,6
VGK,2023-01-23T01:00Z,401459335,ARI,2022,Vegas Golden Knights,1,Arizona Coyotes,4,-220,,,170,,,False,DraftKings,12,350,3,REG,120,-140,1.5,Final,8.5,-550,290,-140,ESPN BET,fixed,6
FLA,2023-01-24T00:00Z,401459342,NYR,2022,Florida Panthers,2,New York Rangers,6,130,,,-155,,,False,DraftKings,12,-110,3,REG,-180,155,-1.5,Final,6.5,-110,100,200,ESPN BET,fixed,5
NYI,2023-01-24T00:00Z,401459343,TOR,2022,New York Islanders,2,Toronto Maple Leafs,5,200,,,-240,,,False,DraftKings,12,-115,3,REG,-130,110,-1.5,Final,5.5,-105,-145,300,ESPN BET,fixed,6
BUF,2023-01-24T01:30Z,401459341,DAL,2022,Buffalo Sabres,3,Dallas Stars,2,155,,,-180,,,False,DraftKings,12,-130,4,OT,-145,125,-1.5,Final/OT,6.5,110,-125,245,ESPN BET,fixed,5
CBJ,2023-01-24T02:30Z,401459340,CGY,2022,Columbus Blue Jackets,3,Calgary Flames,4,280,,,-375,,,False,DraftKings,12,100,4,OT,130,-150,-1.5,Final/OT,6.5,-120,-235,475,ESPN BET,fixed,6
SJ,2023-01-25T00:00Z,401459346,DET,2022,San Jose Sharks,2,Detroit Red Wings,3,120,,,-150,,,False,DraftKings,12,-110,4,OT,-200,170,-1.5,Final/OT,6.5,-110,105,190,ESPN BET,fixed,5
BOS,2023-01-25T00:00Z,401459347,MTL,2022,Boston Bruins,4,Montreal Canadiens,2,-425,,,330,,,False,DraftKings,12,-110,3,REG,-165,140,1.5,Final,6.0,-110,500,-260,ESPN BET,fixed,6
LA,2023-01-25T00:00Z,401459350,PHI,2022,Los Angeles Kings,4,Philadelphia Flyers,3,-135,,,105,,,False,DraftKings,12,-110,4,OT,195,-230,1.5,Final/OT,6.0,-110,170,120,ESPN BET,fixed,6
FLA,2023-01-25T00:00Z,401459351,PIT,2022,Florida Panthers,6,Pittsburgh Penguins,7,140,,,-165,,,False,DraftKings,12,-125,4,OT,-175,150,-1.5,Final/OT,6.5,105,100,190,ESPN BET,fixed,6
MIN,2023-01-25T00:00Z,401459353,TB,2022,Minnesota Wild,2,Tampa Bay Lightning,4,140,,,-165,,,False,DraftKings,12,100,3,REG,-175,150,-1.5,Final,6.5,-120,-105,210,ESPN BET,fixed,5
VGK,2023-01-25T00:30Z,401459349,NJ,2022,Vegas Golden Knights,2,New Jersey Devils,3,140,,,-180,,,False,DraftKings,12,-120,4,OT,-170,145,-1.5,Final/OT,6.0,100,-110,225,ESPN BET,fixed,5
WPG,2023-01-25T01:00Z,401459348,NSH,2022,Winnipeg Jets,1,Nashville Predators,2,-115,,,-105,,,False,DraftKings,12,-120,3,REG,215,-255,1.5,Final,5.5,100,155,130,Caesars Sportsbook,fixed,4
BUF,2023-01-25T01:00Z,401459352,STL,2022,Buffalo Sabres,5,St. Louis Blues,3,115,,,-135,,,False,DraftKings,12,-135,3,REG,-215,185,-1.5,Final,6.5,115,120,165,ESPN BET,fixed,6
ANA,2023-01-25T02:00Z,401459344,ARI,2022,Anaheim Ducks,5,Arizona Coyotes,2,105,,,-135,,,False,DraftKings,12,-105,3,REG,-225,190,-1.5,Final,6.5,-115,115,170,ESPN BET,fixed,6
WSH,2023-01-25T02:00Z,401459345,COL,2022,Washington Capitals,2,Colorado Avalanche,3,115,,,-135,,,False,DraftKings,12,100,3,REG,-225,190,-1.5,Final,6.0,-120,120,175,ESPN BET,fixed,6
CHI,2023-01-25T03:00Z,401459354,VAN,2022,Chicago Blackhawks,2,Vancouver Canucks,5,190,,,-230,,,False,DraftKings,12,-105,3,REG,-120,100,-1.5,Final,6.5,-115,-145,295,ESPN BET,fixed,6
NYI,2023-01-26T00:00Z,401459357,OTT,2022,New York Islanders,1,Ottawa Senators,2,110,,,-130,,,False,DraftKings,12,235,3,REG,-255,215,-1.5,Final,7.5,-335,125,160,ESPN BET,fixed,5
NYR,2023-01-26T00:00Z,401459359,TOR,2022,New York Rangers,2,Toronto Maple Leafs,3,140,,,-160,,,False,DraftKings,12,280,4,OT,-190,160,-1.5,Final/OT,7.5,-420,100,205,ESPN BET,fixed,6
CAR,2023-01-26T01:30Z,401459355,DAL,2022,Carolina Hurricanes,3,Dallas Stars,2,-120,,,-105,,,False,DraftKings,12,265,4,OT,-250,210,-1.5,Final/OT,7.5,-385,155,130,ESPN BET,fixed,5
CBJ,2023-01-26T02:30Z,401459356,EDM,2022,Columbus Blue Jackets,3,Edmonton Oilers,2,280,,,-375,,,False,DraftKings,12,245,4,OT,,,,Final/OT,8.5,-350,-240,475,ESPN BET,fixed,5
VAN,2023-01-26T03:00Z,401459358,SEA,2022,Vancouver Canucks,1,Seattle Kraken,6,140,,,-190,,,False,DraftKings,11,215,3,REG,-165,140,-1.5,Final,8.5,-300,-105,200,ESPN BET,fixed,4
DET,2023-01-27T00:00Z,401459364,MTL,2022,Detroit Red Wings,4,Montreal Canadiens,3,-160,,,135,,,False,DraftKings,12,-105,4,OT,170,-200,1.5,Final/OT,6.0,-115,190,105,ESPN BET,fixed,5
BOS,2023-01-27T00:00Z,401459366,TB,2022,Boston Bruins,2,Tampa Bay Lightning,3,-110,,,-115,,,False,DraftKings,12,100,3,REG,-275,230,-1.5,Final,6.0,-120,140,145,ESPN BET,fixed,6
PIT,2023-01-27T00:00Z,401459367,WSH,2022,Pittsburgh Penguins,2,Washington Capitals,3,105,,,-125,,,False,DraftKings,12,100,5,SO,-230,195,-1.5,Final/SO,6.5,-120,125,160,Caesars Sportsbook,fixed,4
PHI,2023-01-27T01:00Z,401459363,MIN,2022,Philadelphia Flyers,2,Minnesota Wild,3,180,,,-230,,,False,DraftKings,12,-110,4,OT,-135,115,-1.5,Final/OT,6.0,-110,-140,290,ESPN BET,fixed,6
NJ,2023-01-27T01:00Z,401459365,NSH,2022,New Jersey Devils,4,Nashville Predators,6,-120,,,-105,,,False,DraftKings,12,100,3,REG,210,-250,1.5,Final,6.5,-120,150,130,ESPN BET,fixed,6
BUF,2023-01-27T01:00Z,401459368,WPG,2022,Buffalo Sabres,3,Winnipeg Jets,2,155,,,-180,,,False,DraftKings,12,-120,3,REG,-155,135,-1.5,Final,6.5,100,-115,230,ESPN BET,fixed,6
STL,2023-01-27T02:00Z,401459360,ARI,2022,St. Louis Blues,0,Arizona Coyotes,5,-170,,,130,,,False,DraftKings,12,100,3,REG,160,-190,1.5,Final,6.5,-120,195,100,ESPN BET,fixed,6
CHI,2023-01-27T02:00Z,401459361,CGY,2022,Chicago Blackhawks,5,Calgary Flames,1,320,,,-400,,,False,DraftKings,11,105,3,REG,135,-155,-1.5,Final,6.5,-125,-255,500,ESPN BET,fixed,5
ANA,2023-01-27T02:00Z,401459362,COL,2022,Anaheim Ducks,5,Colorado Avalanche,3,320,,,-450,,,False,DraftKings,12,100,3,REG,125,-145,-1.5,Final,6.5,-120,-235,475,ESPN BET,fixed,6
SJ,2023-01-28T00:00Z,401459369,CAR,2022,San Jose Sharks,4,Carolina Hurricanes,5,225,,,-300,,,False,DraftKings,12,105,4,OT,-110,-110,-1.5,Final/OT,6.5,-125,-175,350,ESPN BET,fixed,5
LA,2023-01-28T00:00Z,401459371,FLA,2022,Los Angeles Kings,4,Florida Panthers,3,120,,,-140,,,False,DraftKings,11,-130,3,REG,-205,175,-1.5,Final,6.5,110,115,170,ESPN BET,fixed,4
DET,2023-01-28T00:00Z,401459372,NYI,2022,Detroit Red Wings,0,New York Islanders,2,155,,,-180,,,False,DraftKings,12,105,3,REG,-175,150,-1.5,Final,6.0,-125,-110,225,ESPN BET,fixed,5
VGK,2023-01-28T00:00Z,401459373,NYR,2022,Vegas Golden Knights,1,New York Rangers,4,115,,,-135,,,False,DraftKings,11,100,3,REG,-210,180,-1.5,Final,6.0,-120,110,185,ESPN BET,fixed,5
OTT,2023-01-28T00:00Z,401459375,TOR,2022,Ottawa Senators,6,Toronto Maple Leafs,2,170,,,-200,,,False,DraftKings,12,-120,3,REG,-135,115,-1.5,Final,6.0,100,-140,285,ESPN BET,fixed,5
NJ,2023-01-28T01:30Z,401459370,DAL,2022,New Jersey Devils,3,Dallas Stars,2,140,,,-160,,,False,DraftKings,12,245,4,OT,-195,165,-1.5,Final/OT,7.5,-350,105,195,ESPN BET,fixed,6
CGY,2023-01-28T03:00Z,401459374,SEA,2022,Calgary Flames,5,Seattle Kraken,2,-105,,,-115,,,False,DraftKings,11,-115,3,REG,-255,215,-1.5,Final,6.0,-105,130,155,ESPN BET,fixed,5
CBJ,2023-01-28T03:00Z,401459376,VAN,2022,Columbus Blue Jackets,2,Vancouver Canucks,5,155,,,-180,,,False,DraftKings,12,110,3,REG,-155,135,-1.5,Final,7.0,-130,-115,220,ESPN BET,fixed,6
STL,2023-01-28T20:00Z,401459378,COL,2022,St. Louis Blues,2,Colorado Avalanche,4,195,,,-230,,,False,DraftKings,12,100,3,REG,-130,110,-1.5,Final,6.0,-120,-145,310,ESPN BET,fixed,5
BOS,2023-01-28T23:00Z,401459380,FLA,2022,Boston Bruins,3,Florida Panthers,4,-150,,,130,,,False,DraftKings,11,-130,4,OT,150,-175,1.5,Final/OT,6.5,110,210,-105,ESPN BET,fixed,4
MTL,2023-01-29T00:00Z,401459383,OTT,2022,Montreal Canadiens,0,Ottawa Senators,5,195,,,-230,,,False,DraftKings,12,100,3,REG,-125,105,-1.5,Final,6.5,-120,-150,300,ESPN BET,fixed,5
SJ,2023-01-29T00:00Z,401459384,PIT,2022,San Jose Sharks,6,Pittsburgh Penguins,4,210,,,-250,,,False,DraftKings,11,-120,3,REG,-120,100,-1.5,Final,6.5,100,-165,330,ESPN BET,fixed,4
LA,2023-01-29T00:00Z,401459386,TB,2022,Los Angeles Kings,2,Tampa Bay Lightning,5,190,,,-235,,,False,DraftKings,12,-120,3,REG,-135,115,-1.5,Final,6.0,100,-140,285,ESPN BET,fixed,5
PHI,2023-01-29T00:00Z,401459387,WPG,2022,Philadelphia Flyers,4,Winnipeg Jets,0,180,,,-210,,,False,DraftKings,12,230,3,REG,-135,115,-1.5,Final,7.5,-325,-140,280,ESPN BET,fixed,5
VGK,2023-01-29T00:30Z,401459382,NYI,2022,Vegas Golden Knights,1,New York Islanders,2,-120,,,100,,,False,DraftKings,12,-105,4,OT,-255,215,-1.5,Final/OT,6.0,-115,135,155,Caesars Sportsbook,fixed,4
BUF,2023-01-29T02:00Z,401459381,MIN,2022,Buffalo Sabres,2,Minnesota Wild,3,150,,,-175,,,False,DraftKings,12,-110,5,SO,-165,140,-1.5,Final/SO,6.5,-110,-115,225,ESPN BET,fixed,5
CHI,2023-01-29T03:00Z,401459379,EDM,2022,Chicago Blackhawks,3,Edmonton Oilers,7,320,,,-400,,,False,DraftKings,12,-135,3,REG,,,,Final,6.5,115,-240,475,ESPN BET,fixed,5
CBJ,2023-01-29T03:00Z,401459385,SEA,2022,Columbus Blue Jackets,1,Seattle Kraken,3,220,,,-270,,,False,DraftKings,12,-115,3,REG,-115,-105,-1.5,Final,6.5,-105,-165,330,ESPN BET,fixed,6
ARI,2023-01-29T03:30Z,401459377,ANA,2022,Arizona Coyotes,1,Anaheim Ducks,2,-105,,,-115,,,False,DraftKings,12,-115,4,OT,-265,225,-1.5,Final/OT,6.5,-105,140,140,ESPN BET,fixed,6
BOS,2023-01-29T22:00Z,401459388,CAR,2022,Boston Bruins,1,Carolina Hurricanes,4,105,,,-130,,,False,DraftKings,12,-115,3,REG,-230,195,-1.5,Final,5.5,-105,125,170,ESPN BET,fixed,6
WSH,2023-01-29T22:00Z,401459389,TOR,2022,Washington Capitals,1,Toronto Maple Leafs,5,115,,,-145,,,False,DraftKings,12,-115,3,REG,-205,175,-1.5,Final,6.0,-105,105,190,ESPN BET,fixed,5
STL,2023-01-31T01:00Z,401459390,WPG,2022,St. Louis Blues,2,Winnipeg Jets,4,190,,,-225,,,False,DraftKings,12,-120,3,REG,-130,110,-1.5,Final,6.0,100,-150,310,ESPN BET,fixed,6
LA,2023-02-01T00:00Z,401459391,CAR,2022,Los Angeles Kings,4,Carolina Hurricanes,5,170,,,-200,,,False,DraftKings,12,-105,4,OT,-145,125,-1.5,Final/OT,6.0,-115,-125,260,ESPN BET,fixed,6
WSH,2023-02-01T00:00Z,401459392,CBJ,2022,Washington Capitals,4,Columbus Blue Jackets,3,-210,,,175,,,False,DraftKings,12,-105,4,OT,115,-135,1.5,Final/OT,6.5,-115,260,-130,ESPN BET,fixed,5
OTT,2023-02-01T00:00Z,401459393,MTL,2022,Ottawa Senators,5,Montreal Canadiens,4,-220,,,170,,,False,DraftKings,12,-110,3,REG,125,-145,1.5,Final,6.5,-110,240,-120,ESPN BET,fixed,5
CAR,2023-02-02T00:30Z,401459394,BUF,2022,Carolina Hurricanes,5,Buffalo Sabres,1,-140,,,110,,,False,DraftKings,12,-130,3,REG,170,-200,1.5,Final,6.5,110,175,110,ESPN BET,fixed,5
BOS,2023-02-02T00:30Z,401459395,TOR,2022,Boston Bruins,5,Toronto Maple Leafs,2,-125,,,105,,,False,DraftKings,12,-110,3,REG,200,-240,1.5,Final,5.5,-110,170,120,ESPN BET,fixed,5
PAC,2023-02-04T20:00Z,401524157,CEN,2022,Pacific,4,Central,6,,,,,,,False,,,,2,REG,,,,Final,,,,,,excluded,0
MET,2023-02-04T21:00Z,401524158,ATL,2022,Metro,6,Atlantic,10,,,,,,,False,,,,2,REG,,,,Final,,,,,,excluded,0
CEN,2023-02-04T22:00Z,401524159,ATL,2022,Central,5,Atlantic,7,,,,,,,False,,,,2,REG,,,,Final,,,,,,excluded,0
TB,2023-02-07T00:00Z,401459398,FLA,2022,Tampa Bay Lightning,1,Florida Panthers,7,-125,,,105,,,False,DraftKings,13,-125,3,REG,205,-245,1.5,Final,6.5,105,145,135,ESPN BET,fixed,7
NYI,2023-02-07T00:00Z,401459401,PHI,2022,New York Islanders,2,Philadelphia Flyers,1,-125,,,105,,,False,DraftKings,13,100,3,REG,195,-230,1.5,Final,6.0,-120,170,120,Caesars Sportsbook,fixed,6
CGY,2023-02-07T00:30Z,401459399,NYR,2022,Calgary Flames,4,New York Rangers,5,-115,,,-110,,,False,DraftKings,13,-105,4,OT,-265,225,-1.5,Final/OT,6.0,-115,140,145,ESPN BET,fixed,6
VAN,2023-02-07T00:30Z,401459400,NJ,2022,Vancouver Canucks,4,New Jersey Devils,5,180,,,-240,,,False,DraftKings,13,-120,4,OT,-130,110,-1.5,Final/OT,6.5,100,-140,280,ESPN BET,fixed,6
ANA,2023-02-07T01:30Z,401459397,DAL,2022,Anaheim Ducks,2,Dallas Stars,3,280,,,-375,,,False,DraftKings,13,100,5,SO,130,-150,-1.5,Final/SO,6.5,-120,-245,500,ESPN BET,fixed,6
MIN,2023-02-07T02:00Z,401459396,ARI,2022,Minnesota Wild,2,Arizona Coyotes,3,-240,,,180,,,False,DraftKings,13,370,3,REG,110,-130,1.5,Final,8.5,-600,300,-145,ESPN BET,fixed,6
COL,2023-02-08T00:00Z,401459406,PIT,2022,Colorado Avalanche,1,Pittsburgh Penguins,2,-115,,,-105,,,False,DraftKings,13,-110,4,OT,-260,220,-1.5,Final/OT,6.5,-110,140,140,ESPN BET,fixed,7
SJ,2023-02-08T00:00Z,401459407,TB,2022,San Jose Sharks,4,Tampa Bay Lightning,3,185,,,-225,,,False,DraftKings,13,-140,4,OT,-130,110,-1.5,Final/OT,6.5,120,-135,265,ESPN BET,fixed,6
EDM,2023-02-08T00:30Z,401459403,DET,2022,Edmonton Oilers,5,Detroit Red Wings,2,-180,,,140,,,False,DraftKings,12,-130,3,REG,150,-175,1.5,Final,6.5,110,200,-105,ESPN BET,fixed,6
SEA,2023-02-08T00:30Z,401459404,NYI,2022,Seattle Kraken,0,New York Islanders,4,-105,,,-115,,,False,DraftKings,13,-115,3,REG,-255,215,-1.5,Final,5.5,-105,135,155,Caesars Sportsbook,fixed,5
VGK,2023-02-08T01:00Z,401459405,NSH,2022,Vegas Golden Knights,5,Nashville Predators,1,100,,,-120,,,False,DraftKings,13,-105,3,REG,-255,215,-1.5,Final,6.0,-115,135,150,Caesars Sportsbook,fixed,6
ANA,2023-02-08T01:30Z,401459402,CHI,2022,Anaheim Ducks,3,Chicago Blackhawks,2,105,,,-125,,,False,DraftKings,13,100,4,OT,-245,205,-1.5,Final/OT,6.5,-120,130,150,ESPN BET,fixed,6
VAN,2023-02-09T01:00Z,401459409,NYR,2022,Vancouver Canucks,3,New York Rangers,4,200,,,-240,,,False,DraftKings,13,-110,3,REG,-120,100,-1.5,Final,6.5,-110,-150,300,ESPN BET,fixed,6
MIN,2023-02-09T01:30Z,401459408,DAL,2022,Minnesota Wild,1,Dallas Stars,4,130,,,-150,,,False,DraftKings,13,-125,3,REG,-195,165,-1.5,Final,5.5,105,105,195,ESPN BET,fixed,6
CGY,2023-02-10T00:00Z,401459410,DET,2022,Calgary Flames,1,Detroit Red Wings,2,-155,,,135,,,False,DraftKings,13,-110,3,REG,160,-190,1.5,Final,6.0,-110,200,100,ESPN BET,fixed,7
SJ,2023-02-10T00:00Z,401459411,FLA,2022,San Jose Sharks,1,Florida Panthers,4,190,,,-220,,,False,DraftKings,13,105,3,REG,-120,100,-1.5,Final,7.0,-125,-150,290,ESPN BET,fixed,7
SEA,2023-02-10T00:00Z,401459414,NJ,2022,Seattle Kraken,1,New Jersey Devils,3,110,,,-130,,,False,DraftKings,13,100,3,REG,-225,190,-1.5,Final,6.5,-120,120,165,ESPN BET,fixed,6
EDM,2023-02-10T00:00Z,401459415,PHI,2022,Edmonton Oilers,1,Philadelphia Flyers,2,-190,,,160,,,False,DraftKings,13,110,5,SO,135,-155,1.5,Final/SO,7.0,-130,220,-115,ESPN BET,fixed,6
COL,2023-02-10T00:00Z,401459416,TB,2022,Colorado Avalanche,0,Tampa Bay Lightning,5,120,,,-140,,,False,DraftKings,13,-110,3,REG,-195,165,-1.5,Final,6.0,-110,110,180,ESPN BET,fixed,6
VAN,2023-02-10T00:30Z,401459413,NYI,2022,Vancouver Canucks,6,New York Islanders,5,190,,,-220,,,False,DraftKings,13,105,3,REG,-130,110,-1.5,Final,6.5,-125,-140,285,ESPN BET,fixed,6
VGK,2023-02-10T01:00Z,401459412,MIN,2022,Vegas Golden Knights,5,Minnesota Wild,1,100,,,-120,,,False,DraftKings,13,-120,3,REG,-255,215,-1.5,Final,5.5,100,130,160,Caesars Sportsbook,fixed,6
TOR,2023-02-11T00:00Z,401459419,CBJ,2022,Toronto Maple Leafs,3,Columbus Blue Jackets,0,-250,,,210,,,False,DraftKings,13,100,3,REG,-105,-115,1.5,Final,6.5,-120,330,-160,ESPN BET,fixed,6
SEA,2023-02-11T00:00Z,401459420,NYR,2022,Seattle Kraken,3,New York Rangers,6,170,,,-200,,,False,DraftKings,13,-110,3,REG,-145,125,-1.5,Final,6.0,-110,-125,250,ESPN BET,fixed,6
ARI,2023-02-11T01:30Z,401459418,CHI,2022,Arizona Coyotes,3,Chicago Blackhawks,4,-110,,,-110,,,False,DraftKings,13,-115,4,OT,225,-265,1.5,Final/OT,6.0,-105,145,140,ESPN BET,fixed,6
PIT,2023-02-11T03:00Z,401459417,ANA,2022,Pittsburgh Penguins,6,Anaheim Ducks,3,-250,,,210,,,False,DraftKings,13,105,3,REG,-105,-115,1.5,Final,6.5,-125,320,-160,ESPN BET,fixed,7
VAN,2023-02-11T17:00Z,401459425,DET,2022,Vancouver Canucks,2,Detroit Red Wings,5,105,,,-125,,,False,DraftKings,13,-120,3,REG,-215,185,-1.5,Final,6.5,100,120,165,ESPN BET,fixed,6
CGY,2023-02-11T17:30Z,401459422,BUF,2022,Calgary Flames,7,Buffalo Sabres,2,-130,,,110,,,False,DraftKings,13,-120,3,REG,190,-225,1.5,Final,6.5,100,160,120,ESPN BET,fixed,7
NYI,2023-02-11T17:30Z,401459429,MTL,2022,New York Islanders,3,Montreal Canadiens,4,-220,,,190,,,False,DraftKings,13,100,4,OT,115,-135,1.5,Final/OT,6.0,-120,285,-140,ESPN BET,fixed,7
EDM,2023-02-11T17:30Z,401459430,OTT,2022,Edmonton Oilers,6,Ottawa Senators,3,-135,,,115,,,False,DraftKings,12,245,3,REG,170,-200,1.5,Final,8.5,-350,175,110,ESPN BET,fixed,6
NSH,2023-02-11T17:30Z,401459431,PHI,2022,Nashville Predators,2,Philadelphia Flyers,1,-125,,,105,,,False,DraftKings,13,105,4,OT,180,-210,1.5,Final/OT,6.0,-125,185,110,ESPN BET,fixed,7
TB,2023-02-11T18:00Z,401459424,DAL,2022,Tampa Bay Lightning,3,Dallas Stars,1,-110,,,-110,,,False,DraftKings,13,-110,3,REG,-250,210,-1.5,Final,6.0,-110,130,155,Caesars Sportsbook,fixed,5
WSH,2023-02-11T20:30Z,401459421,BOS,2022,Washington Capitals,2,Boston Bruins,1,170,,,-200,,,False,DraftKings,13,-110,3,REG,-155,135,-1.5,Final,6.0,-110,-115,235,ESPN BET,fixed,6
COL,2023-02-11T23:00Z,401459426,FLA,2022,Colorado Avalanche,5,Florida Panthers,3,115,,,-135,,,False,DraftKings,13,-110,3,REG,-210,180,-1.5,Final,6.5,-110,120,165,ESPN BET,fixed,6
NYR,2023-02-12T00:00Z,401459423,CAR,2022,New York Rangers,6,Carolina Hurricanes,2,170,,,-200,,,False,DraftKings,12,230,3,REG,-130,110,-1.5,Final,7.5,-325,-140,285,ESPN BET,fixed,5
CBJ,2023-02-12T00:00Z,401459433,TOR,2022,Columbus Blue Jackets,4,Toronto Maple Leafs,3,290,,,-360,,,False,DraftKings,12,-120,3,REG,115,-135,-1.5,Final,6.0,100,-220,450,ESPN BET,fixed,6
NJ,2023-02-12T01:00Z,401459428,MIN,2022,New Jersey Devils,2,Minnesota Wild,3,105,,,-125,,,False,DraftKings,13,100,5,SO,-250,210,-1.5,Final/SO,6.0,-120,130,155,ESPN BET,fixed,7
ARI,2023-02-12T01:00Z,401459432,STL,2022,Arizona Coyotes,5,St. Louis Blues,6,170,,,-200,,,False,DraftKings,13,-115,4,OT,-150,130,-1.5,Final/OT,6.0,-105,-125,255,ESPN BET,fixed,6
CHI,2023-02-12T03:00Z,401459434,WPG,2022,Chicago Blackhawks,1,Winnipeg Jets,4,320,,,-400,,,False,DraftKings,12,-115,3,REG,125,-145,-1.5,Final,6.0,-105,-235,475,ESPN BET,fixed,5
PIT,2023-02-12T03:30Z,401459427,LA,2022,Pittsburgh Penguins,0,Los Angeles Kings,6,110,,,-130,,,False,DraftKings,13,-115,3,REG,-240,200,-1.5,Final,6.5,-105,135,150,ESPN BET,fixed,6
EDM,2023-02-12T17:30Z,401459435,MTL,2022,Edmonton Oilers,2,Montreal Canadiens,6,-275,,,225,,,False,DraftKings,13,110,3,REG,-115,-105,1.5,Final,7.0,-130,380,-190,ESPN BET,fixed,6
SEA,2023-02-12T18:00Z,401459436,PHI,2022,Seattle Kraken,4,Philadelphia Flyers,3,-155,,,135,,,False,DraftKings,13,105,3,REG,160,-190,1.5,Final,6.5,-125,195,100,ESPN BET,fixed,6
SJ,2023-02-12T18:30Z,401459438,WSH,2022,San Jose Sharks,4,Washington Capitals,1,150,,,-175,,,False,DraftKings,13,-110,3,REG,-165,140,-1.5,Final,6.5,-110,-110,220,ESPN BET,fixed,6
ANA,2023-02-12T20:00Z,401459437,VGK,2022,Anaheim Ducks,2,Vegas Golden Knights,7,280,,,-350,,,False,DraftKings,13,-105,3,REG,120,-140,-1.5,Final,6.5,-115,-225,450,ESPN BET,fixed,7
CGY,2023-02-14T00:30Z,401459442,OTT,2022,Calgary Flames,3,Ottawa Senators,4,-155,,,135,,,False,DraftKings,13,-115,4,OT,155,-180,1.5,Final/OT,6.5,-105,200,-105,ESPN BET,fixed,7
FLA,2023-02-14T01:00Z,401459440,MIN,2022,Florida Panthers,2,Minnesota Wild,1,-115,,,-105,,,False,DraftKings,13,-120,5,SO,-265,225,-1.5,Final/SO,6.5,100,145,135,ESPN BET,fixed,6
ARI,2023-02-14T01:00Z,401459441,NSH,2022,Arizona Coyotes,4,Nashville Predators,2,210,,,-250,,,False,DraftKings,13,-105,3,REG,-125,105,-1.5,Final,6.0,-115,-145,300,ESPN BET,fixed,6
DET,2023-02-14T03:00Z,401459443,VAN,2022,Detroit Red Wings,6,Vancouver Canucks,1,105,,,-125,,,False,DraftKings,13,-120,3,REG,-240,200,-1.5,Final,6.5,100,130,150,ESPN BET,fixed,7
BUF,2023-02-14T03:30Z,401459439,LA,2022,Buffalo Sabres,2,Los Angeles Kings,5,120,,,-140,,,False,DraftKings,13,-135,3,REG,-205,175,-1.5,Final,6.5,115,110,180,ESPN BET,fixed,6
CHI,2023-02-15T00:00Z,401459447,MTL,2022,Chicago Blackhawks,0,Montreal Canadiens,4,120,,,-140,,,False,DraftKings,13,-120,3,REG,-210,180,-1.5,Final,6.0,100,110,185,ESPN BET,fixed,6
CAR,2023-02-15T00:00Z,401459451,WSH,2022,Carolina Hurricanes,3,Washington Capitals,2,-170,,,145,,,False,DraftKings,13,-115,3,REG,155,-180,1.5,Final,5.5,-105,220,-105,ESPN BET,fixed,6
NJ,2023-02-15T00:30Z,401459445,CBJ,2022,New Jersey Devils,3,Columbus Blue Jackets,2,-200,,,170,,,False,DraftKings,13,100,3,REG,120,-140,1.5,Final,6.5,-120,265,-130,ESPN BET,fixed,6
OTT,2023-02-15T00:30Z,401459448,NYI,2022,Ottawa Senators,3,New York Islanders,2,170,,,-200,,,False,DraftKings,13,-120,5,SO,-150,130,-1.5,Final/SO,6.0,100,-135,275,ESPN BET,fixed,6
FLA,2023-02-15T01:00Z,401459450,STL,2022,Florida Panthers,2,St. Louis Blues,6,-135,,,115,,,False,DraftKings,13,-135,3,REG,190,-225,1.5,Final,6.5,115,160,120,ESPN BET,fixed,6
SEA,2023-02-15T01:00Z,401459452,WPG,2022,Seattle Kraken,2,Winnipeg Jets,3,115,,,-135,,,False,DraftKings,13,100,5,SO,-210,180,-1.5,Final/SO,6.5,-120,115,180,ESPN BET,fixed,7
BOS,2023-02-15T01:30Z,401459446,DAL,2022,Boston Bruins,3,Dallas Stars,2,-120,,,100,,,False,DraftKings,13,-110,4,OT,210,-250,1.5,Final/OT,5.5,-110,165,130,Caesars Sportsbook,fixed,5
TB,2023-02-15T02:00Z,401459444,COL,2022,Tampa Bay Lightning,4,Colorado Avalanche,3,-125,,,105,,,False,DraftKings,13,100,5,SO,220,-260,1.5,Final/SO,6.0,-120,150,135,Caesars Sportsbook,fixed,5
PIT,2023-02-15T03:30Z,401459449,SJ,2022,Pittsburgh Penguins,3,San Jose Sharks,1,-165,,,140,,,False,DraftKings,13,115,3,REG,145,-170,1.5,Final,7.0,-135,200,-105,ESPN BET,fixed,7
CHI,2023-02-16T00:00Z,401459457,TOR,2022,Chicago Blackhawks,2,Toronto Maple Leafs,5,425,,,-575,,,False,DraftKings,12,100,3,REG,180,-210,-1.5,Final,6.5,-120,-275,550,ESPN BET,fixed,5
TB,2023-02-16T02:00Z,401459454,ARI,2022,Tampa Bay Lightning,0,Arizona Coyotes,1,-240,,,200,,,False,DraftKings,13,100,5,SO,105,-125,1.5,Final/SO,6.5,-120,300,-150,ESPN BET,fixed,7
DET,2023-02-16T02:30Z,401459455,EDM,2022,Detroit Red Wings,5,Edmonton Oilers,4,200,,,-240,,,False,DraftKings,12,-130,5,SO,-115,-105,-1.5,Final/SO,6.5,110,-160,310,ESPN BET,fixed,5
COL,2023-02-16T02:30Z,401459456,MIN,2022,Colorado Avalanche,3,Minnesota Wild,2,105,,,-125,,,False,DraftKings,13,100,3,REG,-225,190,-1.5,Final,6.0,-120,120,170,ESPN BET,fixed,6
BUF,2023-02-16T03:00Z,401459453,ANA,2022,Buffalo Sabres,7,Anaheim Ducks,3,-200,,,170,,,False,DraftKings,12,105,3,REG,120,-140,1.5,Final,7.0,-125,245,-130,ESPN BET,fixed,5
NYR,2023-02-16T03:00Z,401459458,VAN,2022,New York Rangers,6,Vancouver Canucks,4,-210,,,180,,,False,DraftKings,13,-115,3,REG,135,-155,1.5,Final,6.5,-105,220,-115,ESPN BET,fixed,6
MTL,2023-02-17T00:00Z,401459460,CAR,2022,Montreal Canadiens,2,Carolina Hurricanes,6,360,,,-475,,,False,DraftKings,13,-120,3,REG,145,-170,-1.5,Final,6.0,100,-270,550,ESPN BET,fixed,6
WPG,2023-02-17T00:00Z,401459461,CBJ,2022,Winnipeg Jets,1,Columbus Blue Jackets,3,-175,,,150,,,False,DraftKings,12,-105,3,REG,130,-150,1.5,Final,6.5,-115,245,-125,ESPN BET,fixed,6
FLA,2023-02-17T00:00Z,401459466,WSH,2022,Florida Panthers,6,Washington Capitals,3,-120,,,-105,,,False,DraftKings,13,100,3,REG,200,-240,1.5,Final,6.5,-120,160,125,ESPN BET,fixed,6
BOS,2023-02-17T01:00Z,401459462,NSH,2022,Boston Bruins,5,Nashville Predators,0,-180,,,140,,,False,DraftKings,13,-125,3,REG,150,-175,1.5,Final,5.5,105,230,-110,ESPN BET,fixed,7
DET,2023-02-17T02:00Z,401459459,CGY,2022,Detroit Red Wings,5,Calgary Flames,2,240,,,-290,,,False,DraftKings,11,-120,3,REG,-115,-105,-1.5,Final,6.5,100,-160,320,ESPN BET,fixed,6
NJ,2023-02-17T02:00Z,401459464,STL,2022,New Jersey Devils,2,St. Louis Blues,4,-140,,,110,,,False,DraftKings,13,-115,3,REG,165,-195,1.5,Final,6.0,-105,195,105,ESPN BET,fixed,7
PHI,2023-02-17T03:00Z,401459463,SEA,2022,Philadelphia Flyers,2,Seattle Kraken,6,150,,,-200,,,False,DraftKings,13,-120,3,REG,-150,130,-1.5,Final,5.5,100,-125,260,ESPN BET,fixed,6
SJ,2023-02-17T03:00Z,401459465,VGK,2022,San Jose Sharks,1,Vegas Golden Knights,2,160,,,-190,,,False,DraftKings,13,-125,3,REG,-150,130,-1.5,Final,6.5,105,-120,235,ESPN BET,fixed,6
PIT,2023-02-18T00:00Z,401459470,NYI,2022,Pittsburgh Penguins,4,New York Islanders,5,110,,,-130,,,False,DraftKings,13,-120,3,REG,-230,195,-1.5,Final,5.5,100,120,170,ESPN BET,fixed,6
CHI,2023-02-18T00:00Z,401459471,OTT,2022,Chicago Blackhawks,4,Ottawa Senators,3,215,,,-255,,,False,DraftKings,13,-105,4,OT,-110,-110,-1.5,Final/OT,6.5,-115,-175,350,ESPN BET,fixed,6
DAL,2023-02-18T01:00Z,401459469,MIN,2022,Dallas Stars,1,Minnesota Wild,2,-120,,,-105,,,False,DraftKings,13,-105,5,SO,230,-275,1.5,Final/SO,5.5,-115,150,140,ESPN BET,fixed,6
LA,2023-02-18T02:00Z,401459467,ANA,2022,Los Angeles Kings,6,Anaheim Ducks,3,-320,,,240,,,False,DraftKings,13,-120,3,REG,-115,-105,1.5,Final,6.5,100,350,-175,ESPN BET,fixed,7
NYR,2023-02-18T02:00Z,401459468,EDM,2022,New York Rangers,5,Edmonton Oilers,4,110,,,-130,,,False,DraftKings,12,100,5,SO,-200,170,-1.5,Final/SO,7.0,-120,110,170,Caesars Sportsbook,fixed,5
FLA,2023-02-18T19:00Z,401459477,NSH,2022,Florida Panthers,3,Nashville Predators,7,-140,,,120,,,False,DraftKings,13,-120,3,REG,190,-225,1.5,Final,6.5,100,165,120,ESPN BET,fixed,7
COL,2023-02-18T19:00Z,401459481,STL,2022,Colorado Avalanche,4,St. Louis Blues,1,-180,,,155,,,False,DraftKings,13,-110,3,REG,140,-165,1.5,Final,6.5,-110,225,-115,ESPN BET,fixed,7
NYI,2023-02-18T22:00Z,401459472,BOS,2022,New York Islanders,2,Boston Bruins,6,210,,,-280,,,False,DraftKings,13,-110,3,REG,-110,-110,-1.5,Final,5.5,-110,-175,370,ESPN BET,fixed,7
NJ,2023-02-18T22:30Z,401459478,PIT,2022,New Jersey Devils,5,Pittsburgh Penguins,2,-135,,,115,,,False,DraftKings,13,-115,3,REG,185,-215,1.5,Final,6.5,-105,165,120,ESPN BET,fixed,7
CBJ,2023-02-18T23:00Z,401459475,DAL,2022,Columbus Blue Jackets,4,Dallas Stars,1,210,,,-280,,,False,DraftKings,13,-105,3,REG,-110,-110,-1.5,Final,6.0,-115,-170,350,ESPN BET,fixed,7
MTL,2023-02-19T00:00Z,401459482,TOR,2022,Montreal Canadiens,1,Toronto Maple Leafs,5,340,,,-450,,,False,DraftKings,13,-105,3,REG,135,-155,-1.5,Final,6.5,-115,-260,500,ESPN BET,fixed,6
WSH,2023-02-19T01:00Z,401459474,CAR,2022,Washington Capitals,1,Carolina Hurricanes,4,165,,,-200,,,False,DraftKings,13,-110,3,REG,-165,140,-1.5,Final,5.5,-110,-115,245,ESPN BET,fixed,7
NYR,2023-02-19T03:00Z,401459473,CGY,2022,New York Rangers,2,Calgary Flames,3,130,,,-150,,,False,DraftKings,13,-105,4,OT,-195,165,-1.5,Final/OT,6.5,-115,105,190,ESPN BET,fixed,6
PHI,2023-02-19T03:00Z,401459483,VAN,2022,Philadelphia Flyers,2,Vancouver Canucks,6,100,,,-120,,,False,DraftKings,13,115,3,REG,-245,205,-1.5,Final,7.0,-135,135,140,Caesars Sportsbook,fixed,6
ARI,2023-02-19T03:30Z,401459476,LA,2022,Arizona Coyotes,5,Los Angeles Kings,6,200,,,-240,,,False,DraftKings,13,100,5,SO,-130,110,-1.5,Final/SO,6.5,-120,-145,285,ESPN BET,fixed,7
BUF,2023-02-19T03:30Z,401459479,SJ,2022,Buffalo Sabres,4,San Jose Sharks,2,-120,,,100,,,False,DraftKings,13,-105,3,REG,195,-230,1.5,Final,7.0,-115,145,130,Caesars Sportsbook,fixed,6
DET,2023-02-19T03:30Z,401459480,SEA,2022,Detroit Red Wings,2,Seattle Kraken,4,150,,,-175,,,False,DraftKings,13,-115,3,REG,-165,140,-1.5,Final,6.0,-105,-110,225,ESPN BET,fixed,6
TB,2023-02-19T03:30Z,401459484,VGK,2022,Tampa Bay Lightning,4,Vegas Golden Knights,5,-130,,,115,,,False,DraftKings,13,-115,3,REG,195,-230,1.5,Final,6.0,-105,165,120,ESPN BET,fixed,6
NSH,2023-02-19T19:00Z,401459488,MIN,2022,Nashville Predators,3,Minnesota Wild,4,140,,,-165,,,False,DraftKings,12,110,3,REG,-165,140,-1.5,Final,6.0,-130,-115,235,ESPN BET,fixed,5
STL,2023-02-19T19:00Z,401459490,OTT,2022,St. Louis Blues,2,Ottawa Senators,7,140,,,-180,,,False,DraftKings,13,100,3,REG,-175,150,-1.5,Final,6.5,-120,-105,215,ESPN BET,fixed,6
EDM,2023-02-19T20:00Z,401459487,COL,2022,Edmonton Oilers,5,Colorado Avalanche,6,-110,,,-115,,,False,DraftKings,13,-125,4,OT,-275,230,-1.5,Final/OT,6.5,105,145,135,ESPN BET,fixed,6
TOR,2023-02-19T23:00Z,401459486,CHI,2022,Toronto Maple Leafs,3,Chicago Blackhawks,5,-325,,,250,,,False,DraftKings,13,320,3,REG,-130,110,1.5,Final,8.5,-485,425,-215,ESPN BET,fixed,7
WPG,2023-02-20T00:00Z,401459489,NJ,2022,Winnipeg Jets,2,New Jersey Devils,4,105,,,-125,,,False,DraftKings,12,215,3,REG,-240,200,-1.5,Final,7.5,-300,130,155,Caesars Sportsbook,fixed,5
CBJ,2023-02-20T01:30Z,401459485,ARI,2022,Columbus Blue Jackets,2,Arizona Coyotes,3,110,,,-130,,,False,DraftKings,13,105,4,OT,-225,190,-1.5,Final/OT,6.5,-125,120,165,ESPN BET,fixed,6
OTT,2023-02-20T18:00Z,401459491,BOS,2022,Ottawa Senators,1,Boston Bruins,3,290,,,-365,,,False,DraftKings,13,100,3,REG,125,-145,-1.5,Final,6.5,-120,-240,475,ESPN BET,fixed,7
ANA,2023-02-20T18:00Z,401459493,FLA,2022,Anaheim Ducks,3,Florida Panthers,4,320,,,-450,,,False,DraftKings,13,-110,4,OT,145,-170,-1.5,Final/OT,7.0,-110,-270,500,ESPN BET,fixed,6
PHI,2023-02-20T21:00Z,401459492,CGY,2022,Philadelphia Flyers,4,Calgary Flames,3,190,,,-260,,,False,DraftKings,13,-120,3,REG,-125,105,-1.5,Final,6.0,100,-150,310,ESPN BET,fixed,6
SEA,2023-02-20T21:00Z,401459496,SJ,2022,Seattle Kraken,0,San Jose Sharks,4,-160,,,140,,,False,DraftKings,13,-105,3,REG,150,-175,1.5,Final,6.5,-115,200,100,ESPN BET,fixed,7
WPG,2023-02-21T00:00Z,401459494,NYR,2022,Winnipeg Jets,4,New York Rangers,1,145,,,-170,,,False,DraftKings,13,-110,3,REG,-170,145,-1.5,Final,6.0,-110,-105,215,ESPN BET,fixed,7
NYI,2023-02-21T00:00Z,401459495,PIT,2022,New York Islanders,4,Pittsburgh Penguins,2,140,,,-165,,,False,DraftKings,13,-110,3,REG,-190,160,-1.5,Final,6.0,-110,105,195,ESPN BET,fixed,6
STL,2023-02-22T00:00Z,401459498,CAR,2022,St. Louis Blues,1,Carolina Hurricanes,4,290,,,-360,,,False,DraftKings,13,-115,3,REG,120,-140,-1.5,Final,6.0,-105,-230,475,ESPN BET,fixed,6
MTL,2023-02-22T00:00Z,401459503,NJ,2022,Montreal Canadiens,5,New Jersey Devils,2,280,,,-375,,,False,DraftKings,13,100,3,REG,115,-135,-1.5,Final,6.5,-120,-215,425,ESPN BET,fixed,6
ANA,2023-02-22T00:00Z,401459504,TB,2022,Anaheim Ducks,1,Tampa Bay Lightning,6,400,,,-525,,,False,DraftKings,13,-125,3,REG,175,-205,-1.5,Final,6.5,105,-350,700,ESPN BET,fixed,6
DET,2023-02-22T00:00Z,401459505,WSH,2022,Detroit Red Wings,3,Washington Capitals,1,125,,,-160,,,False,DraftKings,13,-110,3,REG,-190,160,-1.5,Final,6.0,-110,100,200,ESPN BET,fixed,7
TOR,2023-02-22T00:30Z,401459497,BUF,2022,Toronto Maple Leafs,6,Buffalo Sabres,3,-175,,,135,,,False,DraftKings,13,105,3,REG,145,-170,1.5,Final,7.0,-125,200,-105,ESPN BET,fixed,7
LA,2023-02-22T01:00Z,401459501,MIN,2022,Los Angeles Kings,1,Minnesota Wild,2,105,,,-125,,,False,DraftKings,13,265,3,REG,-245,205,-1.5,Final,7.5,-385,125,165,Caesars Sportsbook,fixed,6
VAN,2023-02-22T01:00Z,401459502,NSH,2022,Vancouver Canucks,4,Nashville Predators,5,130,,,-170,,,False,DraftKings,13,-135,5,SO,-180,155,-1.5,Final/SO,6.5,115,-105,205,ESPN BET,fixed,7
VGK,2023-02-22T01:30Z,401459499,CHI,2022,Vegas Golden Knights,2,Chicago Blackhawks,3,-300,,,225,,,False,DraftKings,13,100,5,SO,-110,-110,1.5,Final/SO,6.5,-120,350,-170,ESPN BET,fixed,6
PHI,2023-02-22T02:00Z,401459500,EDM,2022,Philadelphia Flyers,2,Edmonton Oilers,4,250,,,-325,,,False,DraftKings,13,-135,3,REG,120,-140,-1.5,Final,6.5,115,-205,400,ESPN BET,fixed,6
WPG,2023-02-23T00:00Z,401459508,NYI,2022,Winnipeg Jets,1,New York Islanders,2,-115,,,-105,,,False,DraftKings,12,105,3,REG,-275,230,-1.5,Final,5.5,-125,135,155,ESPN BET,fixed,6
CGY,2023-02-23T02:30Z,401459506,ARI,2022,Calgary Flames,6,Arizona Coyotes,3,-230,,,190,,,False,DraftKings,13,100,3,REG,110,-130,1.5,Final,6.5,-120,290,-145,ESPN BET,fixed,6
CHI,2023-02-23T02:30Z,401459507,DAL,2022,Chicago Blackhawks,4,Dallas Stars,3,375,,,-475,,,False,DraftKings,13,110,3,REG,150,-175,-1.5,Final,6.0,-130,-285,600,ESPN BET,fixed,7
MIN,2023-02-24T00:00Z,401459509,CBJ,2022,Minnesota Wild,2,Columbus Blue Jackets,0,-175,,,150,,,False,DraftKings,13,105,3,REG,140,-165,1.5,Final,6.0,-125,235,-115,ESPN BET,fixed,6
NYR,2023-02-24T00:00Z,401459510,DET,2022,New York Rangers,1,Detroit Red Wings,4,-150,,,130,,,False,DraftKings,13,-110,3,REG,165,-195,1.5,Final,6.5,-110,190,105,ESPN BET,fixed,7
LA,2023-02-24T00:00Z,401459511,NJ,2022,Los Angeles Kings,3,New Jersey Devils,4,115,,,-135,,,False,DraftKings,13,-120,4,OT,-200,170,-1.5,Final/OT,6.0,100,110,180,ESPN BET,fixed,6
EDM,2023-02-24T00:00Z,401459512,PIT,2022,Edmonton Oilers,7,Pittsburgh Penguins,2,-110,,,-115,,,False,DraftKings,13,-120,3,REG,-240,200,-1.5,Final,7.0,100,140,135,ESPN BET,fixed,7
BUF,2023-02-24T00:00Z,401459516,TB,2022,Buffalo Sabres,6,Tampa Bay Lightning,5,170,,,-220,,,False,DraftKings,13,105,4,OT,-120,100,-1.5,Final/OT,7.0,-125,-150,290,ESPN BET,fixed,7
ANA,2023-02-24T00:00Z,401459518,WSH,2022,Anaheim Ducks,4,Washington Capitals,2,250,,,-325,,,False,DraftKings,13,100,3,REG,110,-130,-1.5,Final,6.5,-120,-205,425,ESPN BET,fixed,6
VAN,2023-02-24T01:00Z,401459515,STL,2022,Vancouver Canucks,3,St. Louis Blues,2,105,,,-135,,,False,DraftKings,12,-145,4,OT,-230,195,-1.5,Final/OT,6.5,125,125,155,ESPN BET,fixed,6
CGY,2023-02-24T02:00Z,401459517,VGK,2022,Calgary Flames,3,Vegas Golden Knights,4,105,,,-135,,,False,DraftKings,12,100,4,OT,-210,180,-1.5,Final/OT,6.5,-120,110,180,ESPN BET,fixed,6
BOS,2023-02-24T03:00Z,401459514,SEA,2022,Boston Bruins,6,Seattle Kraken,5,-190,,,140,,,False,DraftKings,13,105,3,REG,155,-180,1.5,Final,6.0,-125,225,-110,ESPN BET,fixed,6
NSH,2023-02-24T03:30Z,401459513,SJ,2022,Nashville Predators,6,San Jose Sharks,2,-125,,,105,,,False,DraftKings,13,-105,3,REG,200,-240,1.5,Final,6.0,-115,160,130,Caesars Sportsbook,fixed,5
OTT,2023-02-25T00:00Z,401459519,CAR,2022,Ottawa Senators,0,Carolina Hurricanes,4,200,,,-240,,,False,DraftKings,13,-105,3,REG,-125,105,-1.5,Final,6.5,-115,-150,300,ESPN BET,fixed,6
BUF,2023-02-25T00:00Z,401459520,FLA,2022,Buffalo Sabres,3,Florida Panthers,1,150,,,-200,,,False,DraftKings,13,-120,3,REG,-140,120,-1.5,Final,7.0,100,-125,235,ESPN BET,fixed,6
MTL,2023-02-25T00:00Z,401459522,PHI,2022,Montreal Canadiens,5,Philadelphia Flyers,2,140,,,-165,,,False,DraftKings,13,100,3,REG,-180,155,-1.5,Final,6.5,-120,100,200,ESPN BET,fixed,7
MIN,2023-02-25T00:00Z,401459523,TOR,2022,Minnesota Wild,1,Toronto Maple Leafs,2,160,,,-210,,,False,DraftKings,13,-120,4,OT,-140,120,-1.5,Final/OT,6.0,100,-135,270,ESPN BET,fixed,6
LA,2023-02-25T00:30Z,401459521,NYI,2022,Los Angeles Kings,3,New York Islanders,2,105,,,-135,,,False,DraftKings,13,-115,3,REG,-230,195,-1.5,Final,5.5,-105,120,175,ESPN BET,fixed,6
COL,2023-02-25T01:00Z,401459524,WPG,2022,Colorado Avalanche,5,Winnipeg Jets,1,-110,,,-110,,,False,DraftKings,13,-120,3,REG,225,-265,1.5,Final,5.5,100,150,140,ESPN BET,fixed,7
EDM,2023-02-25T17:30Z,401459527,CBJ,2022,Edmonton Oilers,5,Columbus Blue Jackets,6,-270,,,200,,,False,DraftKings,13,110,3,REG,-110,-110,1.5,Final,7.0,-130,320,-165,ESPN BET,fixed,7
NYR,2023-02-25T18:00Z,401459535,WSH,2022,New York Rangers,3,Washington Capitals,6,-155,,,125,,,False,DraftKings,13,-110,3,REG,170,-200,1.5,Final,6.0,-110,190,105,ESPN BET,fixed,6
PIT,2023-02-25T20:30Z,401459532,STL,2022,Pittsburgh Penguins,3,St. Louis Blues,2,-170,,,145,,,False,DraftKings,13,-110,4,OT,145,-170,1.5,Final/OT,6.5,-110,215,-110,ESPN BET,fixed,7
ANA,2023-02-26T00:00Z,401459525,CAR,2022,Anaheim Ducks,3,Carolina Hurricanes,2,400,,,-525,,,False,DraftKings,13,-110,3,REG,160,-190,-1.5,Final,6.5,-110,-300,600,ESPN BET,fixed,6
OTT,2023-02-26T00:00Z,401459529,MTL,2022,Ottawa Senators,5,Montreal Canadiens,2,-165,,,140,,,False,DraftKings,13,-115,3,REG,145,-170,1.5,Final,6.5,-105,215,-110,ESPN BET,fixed,7
PHI,2023-02-26T00:00Z,401459530,NJ,2022,Philadelphia Flyers,0,New Jersey Devils,7,240,,,-290,,,False,DraftKings,13,-115,3,REG,100,-120,-1.5,Final,6.0,-105,-190,390,ESPN BET,fixed,7
BOS,2023-02-26T00:00Z,401459533,VAN,2022,Boston Bruins,3,Vancouver Canucks,1,-270,,,225,,,False,DraftKings,13,-105,3,REG,-115,-105,1.5,Final,6.5,-115,340,-170,ESPN BET,fixed,6
TB,2023-02-26T01:00Z,401459528,DET,2022,Tampa Bay Lightning,3,Detroit Red Wings,0,-180,,,150,,,False,DraftKings,13,-120,3,REG,145,-170,1.5,Final,6.0,100,220,-110,ESPN BET,fixed,7
CGY,2023-02-26T03:00Z,401459526,COL,2022,Calgary Flames,1,Colorado Avalanche,4,-105,,,-115,,,False,DraftKings,13,105,3,REG,-245,205,-1.5,Final,6.5,-125,130,155,Caesars Sportsbook,fixed,6
CHI,2023-02-26T03:00Z,401459531,SJ,2022,Chicago Blackhawks,4,San Jose Sharks,3,180,,,-210,,,False,DraftKings,13,-110,5,SO,-140,120,-1.5,Final/SO,6.0,-110,-135,275,ESPN BET,fixed,6
DAL,2023-02-26T03:00Z,401459534,VGK,2022,Dallas Stars,3,Vegas Golden Knights,2,100,,,-120,,,False,DraftKings,13,-120,5,SO,-255,215,-1.5,Final/SO,5.5,100,130,160,Caesars Sportsbook,fixed,6
WSH,2023-02-26T18:00Z,401459537,BUF,2022,Washington Capitals,4,Buffalo Sabres,7,-105,,,-120,,,False,DraftKings,12,-120,3,REG,-240,200,-1.5,Final,6.5,100,130,150,ESPN BET,fixed,5
CBJ,2023-02-26T19:00Z,401459538,MIN,2022,Columbus Blue Jackets,2,Minnesota Wild,3,225,,,-300,,,False,DraftKings,12,-125,4,OT,105,-125,-1.5,Final/OT,5.5,105,-205,425,ESPN BET,fixed,5
NYI,2023-02-26T20:30Z,401459542,WPG,2022,New York Islanders,4,Winnipeg Jets,0,125,,,-150,,,False,DraftKings,13,-120,3,REG,-225,190,-1.5,Final,5.5,100,115,175,ESPN BET,fixed,6
LA,2023-02-26T22:00Z,401459539,NYR,2022,Los Angeles Kings,2,New York Rangers,5,140,,,-165,,,False,DraftKings,13,-120,3,REG,-195,165,-1.5,Final,6.0,100,100,205,ESPN BET,fixed,6
TB,2023-02-26T23:00Z,401459540,PIT,2022,Tampa Bay Lightning,3,Pittsburgh Penguins,7,-105,,,-115,,,False,DraftKings,13,-130,3,REG,220,-260,1.5,Final,6.5,110,135,145,ESPN BET,fixed,7
NSH,2023-02-27T00:00Z,401459536,ARI,2022,Nashville Predators,6,Arizona Coyotes,2,-170,,,145,,,False,DraftKings,13,-105,3,REG,155,-180,1.5,Final,6.0,-115,215,-105,ESPN BET,fixed,6
TOR,2023-02-27T00:00Z,401459541,SEA,2022,Toronto Maple Leafs,5,Seattle Kraken,1,-155,,,135,,,False,DraftKings,13,-110,3,REG,160,-190,1.5,Final,6.5,-110,195,105,ESPN BET,fixed,7
DET,2023-02-28T00:00Z,401511870,OTT,2022,Detroit Red Wings,2,Ottawa Senators,6,115,,,-135,,,False,DraftKings,13,-105,3,REG,-225,190,-1.5,Final,6.5,-115,120,160,Caesars Sportsbook,fixed,5
VAN,2023-02-28T01:30Z,401459545,DAL,2022,Vancouver Canucks,5,Dallas Stars,4,225,,,-275,,,False,DraftKings,13,-115,4,OT,-110,-110,-1.5,Final/OT,6.0,-105,-175,360,ESPN BET,fixed,7
BOS,2023-02-28T01:30Z,401459546,EDM,2022,Boston Bruins,3,Edmonton Oilers,2,-125,,,105,,,False,DraftKings,13,-125,3,REG,190,-225,1.5,Final,6.5,105,160,120,ESPN BET,fixed,7
VGK,2023-02-28T02:00Z,401459544,COL,2022,Vegas Golden Knights,0,Colorado Avalanche,3,120,,,-140,,,False,DraftKings,13,-105,3,REG,-205,175,-1.5,Final,6.0,-115,105,190,ESPN BET,fixed,6
CHI,2023-02-28T03:00Z,401459543,ANA,2022,Chicago Blackhawks,2,Anaheim Ducks,4,110,,,-130,,,False,DraftKings,13,-115,3,REG,-225,190,-1.5,Final,6.0,-105,120,170,ESPN BET,fixed,7
DET,2023-03-01T00:00Z,401459552,OTT,2022,Detroit Red Wings,1,Ottawa Senators,6,105,,,-125,,,False,DraftKings,12,-105,3,REG,-215,185,-1.5,Final,6.5,-115,120,170,ESPN BET,fixed,6
FLA,2023-03-01T00:00Z,401459555,TB,2022,Florida Panthers,4,Tampa Bay Lightning,1,150,,,-175,,,False,DraftKings,13,-135,3,REG,-170,145,-1.5,Final,6.5,115,-105,205,ESPN BET,fixed,6
CBJ,2023-03-01T00:30Z,401459548,BUF,2022,Columbus Blue Jackets,5,Buffalo Sabres,3,175,,,-205,,,False,DraftKings,13,110,3,REG,-130,110,-1.5,Final,7.0,-130,-135,265,ESPN BET,fixed,7
NYI,2023-03-01T01:00Z,401459550,MIN,2022,New York Islanders,1,Minnesota Wild,2,125,,,-145,,,False,DraftKings,13,120,5,SO,-225,190,-1.5,Final/SO,5.5,-140,110,195,ESPN BET,fixed,6
PIT,2023-03-01T01:00Z,401459551,NSH,2022,Pittsburgh Penguins,3,Nashville Predators,1,-140,,,120,,,False,DraftKings,13,-105,3,REG,180,-210,1.5,Final,6.0,-115,180,115,ESPN BET,fixed,7
SEA,2023-03-01T01:00Z,401459554,STL,2022,Seattle Kraken,5,St. Louis Blues,3,-150,,,130,,,False,DraftKings,13,-115,3,REG,175,-205,1.5,Final,6.0,-105,195,105,ESPN BET,fixed,6
LA,2023-03-01T01:00Z,401459556,WPG,2022,Los Angeles Kings,6,Winnipeg Jets,5,115,,,-135,,,False,DraftKings,13,260,5,SO,-210,180,-1.5,Final/SO,7.5,-375,110,185,ESPN BET,fixed,7
CHI,2023-03-01T02:00Z,401459547,ARI,2022,Chicago Blackhawks,1,Arizona Coyotes,4,160,,,-190,,,False,DraftKings,13,-125,3,REG,-165,140,-1.5,Final,5.5,105,-115,240,ESPN BET,fixed,6
BOS,2023-03-01T02:00Z,401459549,CGY,2022,Boston Bruins,4,Calgary Flames,3,-130,,,110,,,False,DraftKings,13,100,4,OT,195,-230,1.5,Final/OT,6.0,-120,170,120,ESPN BET,fixed,7
MTL,2023-03-01T03:30Z,401459553,SJ,2022,Montreal Canadiens,3,San Jose Sharks,1,125,,,-160,,,False,DraftKings,13,-125,3,REG,-175,150,-1.5,Final,6.0,105,-105,220,ESPN BET,fixed,6
NYR,2023-03-02T00:30Z,401459561,PHI,2022,New York Rangers,3,Philadelphia Flyers,2,-220,,,190,,,False,DraftKings,13,-110,4,OT,105,-125,1.5,Final/OT,6.0,-110,310,-150,ESPN BET,fixed,6
TOR,2023-03-02T01:00Z,401459560,EDM,2022,Toronto Maple Leafs,2,Edmonton Oilers,5,-110,,,-110,,,False,DraftKings,13,100,3,REG,200,-240,1.5,Final,7.0,-120,145,135,ESPN BET,fixed,6
ARI,2023-03-02T01:30Z,401459559,DAL,2022,Arizona Coyotes,2,Dallas Stars,4,340,,,-425,,,False,DraftKings,12,-125,3,REG,135,-155,-1.5,Final,5.5,105,-270,550,ESPN BET,fixed,6
NJ,2023-03-02T02:00Z,401459558,COL,2022,New Jersey Devils,7,Colorado Avalanche,5,-105,,,-115,,,False,DraftKings,13,-110,3,REG,-265,225,-1.5,Final,6.0,-110,140,145,ESPN BET,fixed,7
WSH,2023-03-02T03:00Z,401459557,ANA,2022,Washington Capitals,3,Anaheim Ducks,2,-220,,,185,,,False,DraftKings,13,100,4,OT,125,-145,1.5,Final/OT,6.5,-120,255,-125,ESPN BET,fixed,7
CAR,2023-03-02T03:00Z,401459562,VGK,2022,Carolina Hurricanes,2,Vegas Golden Knights,3,-150,,,125,,,False,DraftKings,13,105,3,REG,170,-200,1.5,Final,6.0,-125,195,105,ESPN BET,fixed,6
BUF,2023-03-03T00:00Z,401459563,BOS,2022,Buffalo Sabres,1,Boston Bruins,7,225,,,-300,,,False,DraftKings,12,-125,3,REG,-105,-115,-1.5,Final,6.5,105,-180,350,ESPN BET,fixed,5
SEA,2023-03-03T00:00Z,401459566,DET,2022,Seattle Kraken,5,Detroit Red Wings,4,-130,,,110,,,False,DraftKings,12,100,4,OT,215,-255,1.5,Final/OT,6.5,-120,145,140,Caesars Sportsbook,fixed,4
NSH,2023-03-03T00:00Z,401459567,FLA,2022,Nashville Predators,2,Florida Panthers,1,190,,,-225,,,False,DraftKings,12,105,3,REG,-135,115,-1.5,Final,7.0,-125,-130,250,ESPN BET,fixed,5
OTT,2023-03-03T00:00Z,401459569,NYR,2022,Ottawa Senators,5,New York Rangers,3,125,,,-160,,,False,DraftKings,11,-125,3,REG,-170,145,-1.5,Final,6.5,105,-105,210,ESPN BET,fixed,5
PIT,2023-03-03T00:00Z,401459571,TB,2022,Pittsburgh Penguins,5,Tampa Bay Lightning,4,140,,,-165,,,False,DraftKings,12,-105,4,OT,-175,150,-1.5,Final/OT,6.5,-115,-105,210,ESPN BET,fixed,5
DAL,2023-03-03T01:30Z,401459565,CHI,2022,Dallas Stars,5,Chicago Blackhawks,2,-280,,,210,,,False,DraftKings,13,-115,3,REG,-110,-110,1.5,Final,6.0,-105,350,-170,ESPN BET,fixed,7
TOR,2023-03-03T02:00Z,401459564,CGY,2022,Toronto Maple Leafs,2,Calgary Flames,1,-105,,,-120,,,False,DraftKings,12,-120,3,REG,-230,195,-1.5,Final,6.5,100,125,155,ESPN BET,fixed,6
MIN,2023-03-03T03:00Z,401459572,VAN,2022,Minnesota Wild,2,Vancouver Canucks,1,-160,,,125,,,False,DraftKings,12,-115,3,REG,160,-190,1.5,Final,6.0,-105,200,100,ESPN BET,fixed,6
MTL,2023-03-03T03:30Z,401459568,LA,2022,Montreal Canadiens,2,Los Angeles Kings,3,225,,,-270,,,False,DraftKings,13,-115,3,REG,-115,-105,-1.5,Final,6.0,-105,-165,340,ESPN BET,fixed,7
STL,2023-03-03T03:30Z,401459570,SJ,2022,St. Louis Blues,6,San Jose Sharks,3,100,,,-120,,,False,DraftKings,13,-105,3,REG,-250,210,-1.5,Final,6.0,-115,130,155,Caesars Sportsbook,fixed,5
SEA,2023-03-04T00:00Z,401459575,CBJ,2022,Seattle Kraken,4,Columbus Blue Jackets,2,-170,,,130,,,False,DraftKings,13,-120,3,REG,150,-175,1.5,Final,6.5,100,200,-105,ESPN BET,fixed,7
WPG,2023-03-04T02:00Z,401459576,EDM,2022,Winnipeg Jets,3,Edmonton Oilers,6,145,,,-175,,,False,DraftKings,11,230,3,REG,-175,150,-1.5,Final,8.0,-325,-105,200,ESPN BET,fixed,5
CAR,2023-03-04T02:30Z,401459574,ARI,2022,Carolina Hurricanes,6,Arizona Coyotes,1,-450,,,320,,,False,DraftKings,13,-105,3,REG,-140,120,1.5,Final,6.0,-115,475,-230,ESPN BET,fixed,6
MTL,2023-03-04T03:00Z,401459573,ANA,2022,Montreal Canadiens,2,Anaheim Ducks,3,100,,,-120,,,False,DraftKings,13,-125,3,REG,-225,190,-1.5,Final,6.0,105,120,165,Caesars Sportsbook,fixed,5
NJ,2023-03-04T03:00Z,401459577,VGK,2022,New Jersey Devils,3,Vegas Golden Knights,4,-115,,,-110,,,False,DraftKings,13,-120,5,SO,240,-285,1.5,Final/SO,6.0,100,135,150,ESPN BET,fixed,6
DET,2023-03-04T17:30Z,401459585,NYI,2022,Detroit Red Wings,1,New York Islanders,4,150,,,-200,,,False,DraftKings,13,100,3,REG,-155,135,-1.5,Final,6.0,-120,-120,250,ESPN BET,fixed,6
TB,2023-03-04T17:30Z,401511690,BUF,2022,Tampa Bay Lightning,3,Buffalo Sabres,5,-160,,,125,,,False,DraftKings,13,380,3,REG,150,-175,1.5,Final,9.0,-615,195,100,ESPN BET,fixed,6
NYR,2023-03-04T18:00Z,401459578,BOS,2022,New York Rangers,2,Boston Bruins,4,150,,,-200,,,False,DraftKings,13,100,3,REG,-170,145,-1.5,Final,6.0,-120,-110,225,ESPN BET,fixed,7
COL,2023-03-04T20:30Z,401459582,DAL,2022,Colorado Avalanche,3,Dallas Stars,7,-105,,,-115,,,False,DraftKings,13,105,3,REG,-245,205,-1.5,Final,6.0,-125,130,160,Caesars Sportsbook,fixed,6
PIT,2023-03-04T23:00Z,401459583,FLA,2022,Pittsburgh Penguins,1,Florida Panthers,4,130,,,-150,,,False,DraftKings,12,105,3,REG,-200,170,-1.5,Final,7.0,-125,110,175,ESPN BET,fixed,6
WSH,2023-03-04T23:00Z,401459587,SJ,2022,Washington Capitals,8,San Jose Sharks,3,-150,,,130,,,False,DraftKings,13,-120,3,REG,170,-200,1.5,Final,6.0,100,190,105,ESPN BET,fixed,6
CBJ,2023-03-05T00:00Z,401459586,OTT,2022,Columbus Blue Jackets,2,Ottawa Senators,5,230,,,-280,,,False,DraftKings,13,-120,3,REG,-105,-115,-1.5,Final,6.5,100,-175,340,ESPN BET,fixed,7
TOR,2023-03-05T00:00Z,401459588,VAN,2022,Toronto Maple Leafs,1,Vancouver Canucks,4,-220,,,185,,,False,DraftKings,13,-125,3,REG,120,-140,1.5,Final,6.5,105,250,-130,ESPN BET,fixed,6
EDM,2023-03-05T00:00Z,401459589,WPG,2022,Edmonton Oilers,5,Winnipeg Jets,7,-120,,,100,,,False,DraftKings,13,-135,3,REG,210,-250,1.5,Final,6.5,115,145,135,Caesars Sportsbook,fixed,6
NSH,2023-03-05T01:00Z,401459581,CHI,2022,Nashville Predators,3,Chicago Blackhawks,1,-260,,,190,,,False,DraftKings,13,-105,3,REG,115,-135,1.5,Final,5.5,-115,300,-145,ESPN BET,fixed,7
MIN,2023-03-05T03:00Z,401459580,CGY,2022,Minnesota Wild,3,Calgary Flames,0,130,,,-170,,,False,DraftKings,13,-110,3,REG,-195,165,-1.5,Final,5.5,-110,100,210,ESPN BET,fixed,7
STL,2023-03-05T03:30Z,401459584,LA,2022,St. Louis Blues,2,Los Angeles Kings,4,160,,,-210,,,False,DraftKings,13,100,3,REG,-145,125,-1.5,Final,6.5,-120,-130,260,ESPN BET,fixed,6
TB,2023-03-05T20:00Z,401459591,CAR,2022,Tampa Bay Lightning,0,Carolina Hurricanes,6,145,,,-170,,,False,DraftKings,13,-105,3,REG,-175,150,-1.5,Final,6.0,-115,-105,215,ESPN BET,fixed,6
DET,2023-03-05T23:00Z,401459593,PHI,2022,Detroit Red Wings,1,Philadelphia Flyers,3,105,,,-125,,,False,DraftKings,13,100,3,REG,-230,195,-1.5,Final,6.0,-120,120,170,ESPN BET,fixed,7
MTL,2023-03-05T23:00Z,401459594,VGK,2022,Montreal Canadiens,3,Vegas Golden Knights,4,230,,,-280,,,False,DraftKings,13,-125,3,REG,-115,-105,-1.5,Final,6.0,105,-165,330,ESPN BET,fixed,6
NJ,2023-03-06T00:00Z,401459590,ARI,2022,New Jersey Devils,5,Arizona Coyotes,4,-350,,,260,,,False,DraftKings,13,-105,4,OT,-140,120,1.5,Final/OT,6.5,-115,450,-225,ESPN BET,fixed,7
SEA,2023-03-06T02:00Z,401459592,COL,2022,Seattle Kraken,3,Colorado Avalanche,2,145,,,-170,,,False,DraftKings,13,-130,4,OT,-170,145,-1.5,Final/OT,6.0,110,100,205,ESPN BET,fixed,7
EDM,2023-03-07T00:30Z,401459595,BUF,2022,Edmonton Oilers,3,Buffalo Sabres,2,-160,,,140,,,False,DraftKings,13,105,3,REG,150,-175,1.5,Final,7.5,-125,185,100,ESPN BET,fixed,6
SJ,2023-03-07T00:30Z,401459600,WPG,2022,San Jose Sharks,3,Winnipeg Jets,2,170,,,-200,,,False,DraftKings,12,100,4,OT,-135,115,-1.5,Final/OT,6.5,-120,-135,275,ESPN BET,fixed,6
CGY,2023-03-07T01:30Z,401459597,DAL,2022,Calgary Flames,5,Dallas Stars,4,110,,,-140,,,False,DraftKings,13,-120,3,REG,-215,185,-1.5,Final,5.5,100,115,180,ESPN BET,fixed,6
OTT,2023-03-07T02:00Z,401459596,CHI,2022,Ottawa Senators,0,Chicago Blackhawks,5,-260,,,210,,,False,DraftKings,13,-120,3,REG,-110,-110,1.5,Final,6.0,100,340,-170,ESPN BET,fixed,6
WSH,2023-03-07T03:30Z,401459598,LA,2022,Washington Capitals,2,Los Angeles Kings,4,120,,,-150,,,False,DraftKings,13,-105,3,REG,-200,170,-1.5,Final,6.5,-115,105,185,ESPN BET,fixed,6
NSH,2023-03-07T03:30Z,401459599,VAN,2022,Nashville Predators,3,Vancouver Canucks,4,-120,,,-105,,,False,DraftKings,13,105,5,SO,215,-255,1.5,Final/SO,6.5,-125,150,135,ESPN BET,fixed,6
VGK,2023-03-08T00:00Z,401459603,FLA,2022,Vegas Golden Knights,1,Florida Panthers,2,140,,,-165,,,False,DraftKings,13,-130,3,REG,-170,145,-1.5,Final,6.5,110,-105,205,ESPN BET,fixed,6
CAR,2023-03-08T00:00Z,401459605,MTL,2022,Carolina Hurricanes,4,Montreal Canadiens,3,-360,,,290,,,False,DraftKings,13,-115,5,SO,-140,120,1.5,Final/SO,6.0,-105,450,-220,ESPN BET,fixed,6
TOR,2023-03-08T00:00Z,401459607,NJ,2022,Toronto Maple Leafs,4,New Jersey Devils,3,115,,,-135,,,False,DraftKings,13,-110,3,REG,-225,190,-1.5,Final,6.5,-110,120,165,ESPN BET,fixed,7
CBJ,2023-03-08T00:00Z,401459608,PIT,2022,Columbus Blue Jackets,4,Pittsburgh Penguins,5,260,,,-320,,,False,DraftKings,13,-120,4,OT,110,-130,-1.5,Final/OT,6.5,100,-215,425,ESPN BET,fixed,6
PHI,2023-03-08T00:00Z,401459610,TB,2022,Philadelphia Flyers,2,Tampa Bay Lightning,5,240,,,-290,,,False,DraftKings,13,-115,3,REG,-105,-115,-1.5,Final,6.0,-105,-180,370,ESPN BET,fixed,6
BUF,2023-03-08T00:30Z,401459606,NYI,2022,Buffalo Sabres,2,New York Islanders,3,150,,,-175,,,False,DraftKings,12,100,3,REG,-175,150,-1.5,Final,6.5,-120,-105,210,ESPN BET,fixed,6
CGY,2023-03-08T01:00Z,401459604,MIN,2022,Calgary Flames,1,Minnesota Wild,0,125,,,-145,,,False,DraftKings,13,-115,5,SO,-200,170,-1.5,Final/SO,5.5,-105,110,190,ESPN BET,fixed,6
STL,2023-03-08T02:00Z,401459601,ARI,2022,St. Louis Blues,2,Arizona Coyotes,6,-140,,,120,,,False,DraftKings,12,-120,3,REG,185,-215,1.5,Final,6.0,100,180,115,ESPN BET,fixed,6
SJ,2023-03-08T02:00Z,401459602,COL,2022,San Jose Sharks,0,Colorado Avalanche,6,280,,,-350,,,False,DraftKings,13,-105,3,REG,120,-140,-1.5,Final,6.5,-115,-230,450,ESPN BET,fixed,7
ANA,2023-03-08T03:00Z,401459609,SEA,2022,Anaheim Ducks,2,Seattle Kraken,5,240,,,-290,,,False,DraftKings,13,100,3,REG,105,-125,-1.5,Final,6.5,-120,-200,400,ESPN BET,fixed,6
CHI,2023-03-09T00:30Z,401459611,DET,2022,Chicago Blackhawks,3,Detroit Red Wings,4,210,,,-250,,,False,DraftKings,13,-105,3,REG,-130,110,-1.5,Final,5.5,-115,-150,310,ESPN BET,fixed,6
MIN,2023-03-09T00:30Z,401459613,WPG,2022,Minnesota Wild,4,Winnipeg Jets,2,125,,,-145,,,False,DraftKings,13,-120,3,REG,-225,190,-1.5,Final,5.5,100,120,175,ESPN BET,fixed,7
ANA,2023-03-09T03:00Z,401459612,VAN,2022,Anaheim Ducks,2,Vancouver Canucks,3,210,,,-250,,,False,DraftKings,12,-130,4,OT,-125,105,-1.5,Final/OT,6.5,110,-145,285,ESPN BET,fixed,6
DAL,2023-03-10T00:00Z,401459616,BUF,2022,Dallas Stars,10,Buffalo Sabres,4,-165,,,140,,,False,DraftKings,14,-115,3,REG,150,-175,1.5,Final,6.5,-105,205,-105,ESPN BET,fixed,7
PHI,2023-03-10T00:00Z,401459617,CAR,2022,Philadelphia Flyers,0,Carolina Hurricanes,1,320,,,-400,,,False,DraftKings,14,-125,3,REG,130,-150,-1.5,Final,6.0,105,-245,500,ESPN BET,fixed,8
NYR,2023-03-10T00:00Z,401459619,MTL,2022,New York Rangers,4,Montreal Canadiens,3,-285,,,230,,,False,DraftKings,14,100,5,SO,-110,-110,1.5,Final/SO,6.5,-120,360,-180,ESPN BET,fixed,8
NYI,2023-03-10T00:00Z,401459620,PIT,2022,New York Islanders,4,Pittsburgh Penguins,3,125,,,-145,,,False,DraftKings,13,100,4,OT,-205,175,-1.5,Final/OT,6.0,-120,110,185,ESPN BET,fixed,7
VGK,2023-03-10T00:00Z,401459623,TB,2022,Vegas Golden Knights,4,Tampa Bay Lightning,3,140,,,-180,,,False,DraftKings,14,-120,4,OT,-180,155,-1.5,Final/OT,6.0,100,-105,205,ESPN BET,fixed,8
NJ,2023-03-10T00:00Z,401459624,WSH,2022,New Jersey Devils,3,Washington Capitals,2,-155,,,125,,,False,DraftKings,14,-120,5,SO,165,-195,1.5,Final/SO,6.5,100,185,110,ESPN BET,fixed,8
EDM,2023-03-10T00:30Z,401459615,BOS,2022,Edmonton Oilers,3,Boston Bruins,2,135,,,-160,,,False,DraftKings,14,-125,3,REG,-180,155,-1.5,Final,6.5,105,100,195,ESPN BET,fixed,8
SJ,2023-03-10T01:00Z,401459622,STL,2022,San Jose Sharks,2,St. Louis Blues,4,130,,,-150,,,False,DraftKings,14,-125,3,REG,-195,165,-1.5,Final,6.0,105,105,195,ESPN BET,fixed,7
NSH,2023-03-10T02:00Z,401459614,ARI,2022,Nashville Predators,1,Arizona Coyotes,4,-175,,,150,,,False,DraftKings,14,-110,3,REG,145,-170,1.5,Final,6.0,-110,225,-110,ESPN BET,fixed,7
LA,2023-03-10T02:00Z,401459618,COL,2022,Los Angeles Kings,5,Colorado Avalanche,2,140,,,-165,,,False,DraftKings,14,340,3,REG,-175,150,-1.5,Final,8.5,-525,-105,210,ESPN BET,fixed,7
OTT,2023-03-10T03:00Z,401459621,SEA,2022,Ottawa Senators,5,Seattle Kraken,4,110,,,-130,,,False,DraftKings,14,-115,3,REG,-225,190,-1.5,Final,6.5,-105,120,165,ESPN BET,fixed,8
CHI,2023-03-11T00:00Z,401459626,FLA,2022,Chicago Blackhawks,3,Florida Panthers,4,380,,,-500,,,False,DraftKings,14,-110,4,OT,165,-195,-1.5,Final/OT,6.5,-110,-310,600,ESPN BET,fixed,7
ANA,2023-03-11T02:00Z,401459625,CGY,2022,Anaheim Ducks,3,Calgary Flames,1,320,,,-400,,,False,DraftKings,14,-120,3,REG,140,-165,-1.5,Final,6.0,100,-270,550,ESPN BET,fixed,8
DET,2023-03-11T18:00Z,401459627,BOS,2022,Detroit Red Wings,2,Boston Bruins,3,320,,,-450,,,False,DraftKings,14,-120,3,REG,140,-165,-1.5,Final,6.0,100,-260,500,ESPN BET,fixed,8
PHI,2023-03-11T20:30Z,401459636,PIT,2022,Philadelphia Flyers,1,Pittsburgh Penguins,5,210,,,-280,,,False,DraftKings,14,320,3,REG,-110,-110,-1.5,Final,8.5,-485,-170,340,ESPN BET,fixed,7
NYR,2023-03-11T22:00Z,401459628,BUF,2022,New York Rangers,2,Buffalo Sabres,1,-165,,,140,,,False,DraftKings,14,-130,4,OT,145,-170,1.5,Final/OT,6.5,110,200,100,ESPN BET,fixed,7
ARI,2023-03-11T23:00Z,401459630,COL,2022,Arizona Coyotes,2,Colorado Avalanche,3,340,,,-500,,,False,DraftKings,14,-105,4,OT,160,-190,-1.5,Final/OT,6.5,-115,-300,600,ESPN BET,fixed,7
VGK,2023-03-12T00:00Z,401459629,CAR,2022,Vegas Golden Knights,4,Carolina Hurricanes,0,180,,,-210,,,False,DraftKings,14,-110,3,REG,-130,110,-1.5,Final,6.0,-110,-140,285,ESPN BET,fixed,8
STL,2023-03-12T00:00Z,401459631,CBJ,2022,St. Louis Blues,5,Columbus Blue Jackets,2,-135,,,115,,,False,DraftKings,14,110,3,REG,190,-225,1.5,Final,7.0,-130,155,125,ESPN BET,fixed,8
WPG,2023-03-12T00:00Z,401459632,FLA,2022,Winnipeg Jets,5,Florida Panthers,4,115,,,-135,,,False,DraftKings,14,-115,4,OT,-225,190,-1.5,Final/OT,6.5,-105,120,165,ESPN BET,fixed,7
NJ,2023-03-12T00:00Z,401459634,MTL,2022,New Jersey Devils,3,Montreal Canadiens,1,-270,,,220,,,False,DraftKings,13,-125,3,REG,-115,-105,1.5,Final,6.5,105,350,-175,ESPN BET,fixed,7
CHI,2023-03-12T00:00Z,401459639,TB,2022,Chicago Blackhawks,1,Tampa Bay Lightning,3,380,,,-500,,,False,DraftKings,14,-110,3,REG,155,-180,-1.5,Final,6.5,-110,-320,650,ESPN BET,fixed,7
EDM,2023-03-12T00:00Z,401459640,TOR,2022,Edmonton Oilers,4,Toronto Maple Leafs,7,105,,,-125,,,False,DraftKings,14,110,3,REG,-210,180,-1.5,Final,7.0,-130,115,165,ESPN BET,fixed,7
WSH,2023-03-12T00:30Z,401459635,NYI,2022,Washington Capitals,5,New York Islanders,1,105,,,-135,,,False,DraftKings,13,-120,3,REG,-225,190,-1.5,Final,5.5,100,115,175,ESPN BET,fixed,7
DAL,2023-03-12T03:00Z,401459638,SEA,2022,Dallas Stars,4,Seattle Kraken,3,-135,,,105,,,False,DraftKings,14,100,4,OT,200,-240,1.5,Final/OT,6.5,-120,155,130,ESPN BET,fixed,8
OTT,2023-03-12T03:00Z,401459641,VAN,2022,Ottawa Senators,2,Vancouver Canucks,5,-125,,,105,,,False,DraftKings,14,265,3,REG,195,-230,1.5,Final,8.5,-385,150,130,ESPN BET,fixed,7
NSH,2023-03-12T03:30Z,401459633,LA,2022,Nashville Predators,2,Los Angeles Kings,1,160,,,-190,,,False,DraftKings,14,-105,5,SO,-155,135,-1.5,Final/SO,6.0,-115,-115,235,ESPN BET,fixed,8
MIN,2023-03-12T03:30Z,401459637,SJ,2022,Minnesota Wild,5,San Jose Sharks,2,-175,,,135,,,False,DraftKings,14,100,3,REG,145,-170,1.5,Final,6.0,-120,225,-110,ESPN BET,fixed,8
BOS,2023-03-12T17:30Z,401459645,DET,2022,Boston Bruins,3,Detroit Red Wings,5,-240,,,200,,,False,DraftKings,14,-110,3,REG,100,-120,1.5,Final,6.0,-110,300,-145,ESPN BET,fixed,7
NYR,2023-03-12T20:00Z,401459647,PIT,2022,New York Rangers,2,Pittsburgh Penguins,3,120,,,-140,,,False,DraftKings,13,-115,4,OT,-225,190,-1.5,Final/OT,6.5,-105,120,165,ESPN BET,fixed,7
CAR,2023-03-12T23:00Z,401459646,NJ,2022,Carolina Hurricanes,0,New Jersey Devils,3,-105,,,-115,,,False,DraftKings,14,-120,3,REG,230,-275,1.5,Final,6.0,100,140,145,Caesars Sportsbook,fixed,6
VGK,2023-03-12T23:00Z,401459648,STL,2022,Vegas Golden Knights,5,St. Louis Blues,3,-140,,,120,,,False,DraftKings,14,-120,3,REG,165,-195,1.5,Final,6.5,100,185,105,ESPN BET,fixed,7
WPG,2023-03-12T23:00Z,401459649,TB,2022,Winnipeg Jets,3,Tampa Bay Lightning,2,150,,,-180,,,False,DraftKings,14,-115,3,REG,-155,135,-1.5,Final,6.0,-105,-110,225,ESPN BET,fixed,8
OTT,2023-03-13T01:00Z,401459644,CGY,2022,Ottawa Senators,1,Calgary Flames,5,170,,,-200,,,False,DraftKings,14,-105,3,REG,-150,130,-1.5,Final,6.5,-115,-120,235,ESPN BET,fixed,8
NSH,2023-03-13T01:30Z,401459642,ANA,2022,Nashville Predators,5,Anaheim Ducks,4,-155,,,135,,,False,DraftKings,14,-120,4,OT,165,-195,1.5,Final/OT,5.5,100,200,105,ESPN BET,fixed,7
MIN,2023-03-13T01:30Z,401459643,ARI,2022,Minnesota Wild,4,Arizona Coyotes,5,-210,,,160,,,False,DraftKings,13,-115,4,OT,130,-150,1.5,Final/OT,5.5,-105,265,-125,ESPN BET,fixed,7
COL,2023-03-13T23:30Z,401459650,MTL,2022,Colorado Avalanche,8,Montreal Canadiens,4,-250,,,210,,,False,DraftKings,14,-110,3,REG,-105,-115,1.5,Final,6.5,-110,330,-165,ESPN BET,fixed,7
BUF,2023-03-13T23:30Z,401459652,TOR,2022,Buffalo Sabres,4,Toronto Maple Leafs,3,200,,,-240,,,False,DraftKings,14,100,3,REG,-125,105,-1.5,Final,7.0,-120,-145,280,ESPN BET,fixed,8
DAL,2023-03-14T02:00Z,401459651,SEA,2022,Dallas Stars,5,Seattle Kraken,2,-125,,,105,,,False,DraftKings,14,100,3,REG,195,-230,1.5,Final,6.5,-120,160,125,Caesars Sportsbook,fixed,7
WPG,2023-03-14T23:00Z,401459654,CAR,2022,Winnipeg Jets,3,Carolina Hurricanes,5,195,,,-230,,,False,DraftKings,13,-105,3,REG,-130,110,-1.5,Final,6.0,-115,-145,295,ESPN BET,fixed,6
WSH,2023-03-14T23:00Z,401459658,NYR,2022,Washington Capitals,3,New York Rangers,5,160,,,-190,,,False,DraftKings,13,-105,3,REG,-155,135,-1.5,Final,6.0,-115,-120,240,ESPN BET,fixed,7
TB,2023-03-14T23:00Z,401459660,NJ,2022,Tampa Bay Lightning,4,New Jersey Devils,1,125,,,-145,,,False,DraftKings,13,-110,3,REG,-190,160,-1.5,Final,6.5,-110,105,185,ESPN BET,fixed,6
VGK,2023-03-14T23:00Z,401459661,PHI,2022,Vegas Golden Knights,5,Philadelphia Flyers,3,-180,,,155,,,False,DraftKings,13,-115,3,REG,135,-155,1.5,Final,6.0,-105,235,-115,ESPN BET,fixed,7
MTL,2023-03-14T23:00Z,401459662,PIT,2022,Montreal Canadiens,6,Pittsburgh Penguins,4,285,,,-360,,,False,DraftKings,13,-120,3,REG,130,-150,-1.5,Final,6.5,100,-235,450,ESPN BET,fixed,7
DET,2023-03-15T00:00Z,401459659,NSH,2022,Detroit Red Wings,1,Nashville Predators,2,125,,,-145,,,False,DraftKings,13,-125,3,REG,-200,170,-1.5,Final,5.5,105,100,200,ESPN BET,fixed,7
BOS,2023-03-15T00:30Z,401459655,CHI,2022,Boston Bruins,3,Chicago Blackhawks,6,-450,,,355,,,False,DraftKings,13,105,3,REG,-175,150,1.5,Final,6.0,-125,600,-285,ESPN BET,fixed,6
OTT,2023-03-15T01:00Z,401459656,EDM,2022,Ottawa Senators,3,Edmonton Oilers,6,180,,,-210,,,False,DraftKings,12,-110,3,REG,-125,105,-1.5,Final,7.0,-110,-140,265,ESPN BET,fixed,6
CGY,2023-03-15T02:00Z,401459653,ARI,2022,Calgary Flames,3,Arizona Coyotes,4,-250,,,210,,,False,DraftKings,13,350,4,OT,-110,-110,1.5,Final/OT,8.0,-550,330,-160,ESPN BET,fixed,6
DAL,2023-03-15T02:00Z,401459664,VAN,2022,Dallas Stars,2,Vancouver Canucks,5,-135,,,115,,,False,DraftKings,13,-110,3,REG,180,-210,1.5,Final,6.5,-110,170,115,ESPN BET,fixed,7
NYI,2023-03-15T02:30Z,401459657,LA,2022,New York Islanders,2,Los Angeles Kings,5,110,,,-130,,,False,DraftKings,13,-105,3,REG,-230,195,-1.5,Final,5.5,-115,120,175,ESPN BET,fixed,7
CBJ,2023-03-15T02:30Z,401459663,SJ,2022,Columbus Blue Jackets,6,San Jose Sharks,5,125,,,-145,,,False,DraftKings,12,-115,4,OT,-200,170,-1.5,Final/OT,6.5,-105,110,180,ESPN BET,fixed,5
COL,2023-03-15T23:00Z,401459667,TOR,2022,Colorado Avalanche,2,Toronto Maple Leafs,1,120,,,-140,,,False,DraftKings,13,-110,5,SO,-200,170,-1.5,Final/SO,6.5,-110,115,175,ESPN BET,fixed,7
BUF,2023-03-15T23:00Z,401459668,WSH,2022,Buffalo Sabres,4,Washington Capitals,5,110,,,-130,,,False,DraftKings,11,110,5,SO,-230,195,-1.5,Final/SO,7.0,-130,130,150,ESPN BET,fixed,5
MIN,2023-03-16T01:30Z,401459666,STL,2022,Minnesota Wild,8,St. Louis Blues,5,-135,,,115,,,False,DraftKings,13,-125,3,REG,180,-210,1.5,Final,5.5,105,185,110,ESPN BET,fixed,7
NYI,2023-03-16T02:00Z,401459665,ANA,2022,New York Islanders,6,Anaheim Ducks,3,-210,,,175,,,False,DraftKings,12,-120,3,REG,130,-150,1.5,Final,5.5,100,260,-125,ESPN BET,fixed,6
MTL,2023-03-16T23:00Z,401459671,FLA,2022,Montreal Canadiens,5,Florida Panthers,9,280,,,-350,,,False,DraftKings,13,-140,3,REG,125,-145,-1.5,Final,6.5,120,-215,425,ESPN BET,fixed,7
PIT,2023-03-16T23:00Z,401459673,NYR,2022,Pittsburgh Penguins,2,New York Rangers,4,120,,,-140,,,False,DraftKings,13,-105,3,REG,-205,175,-1.5,Final,6.5,-115,110,185,ESPN BET,fixed,7
TB,2023-03-16T23:00Z,401459675,NJ,2022,Tampa Bay Lightning,4,New Jersey Devils,3,110,,,-130,,,False,DraftKings,13,-120,5,SO,-225,190,-1.5,Final/SO,6.5,100,125,160,ESPN BET,fixed,7
COL,2023-03-16T23:00Z,401459676,OTT,2022,Colorado Avalanche,5,Ottawa Senators,4,-115,,,-105,,,False,DraftKings,12,-135,3,REG,195,-230,1.5,Final,6.5,115,150,125,ESPN BET,fixed,6
CHI,2023-03-17T00:00Z,401459674,NSH,2022,Chicago Blackhawks,2,Nashville Predators,1,210,,,-250,,,False,DraftKings,13,-120,3,REG,-120,100,-1.5,Final,5.5,100,-165,340,ESPN BET,fixed,6
BOS,2023-03-17T00:00Z,401459679,WPG,2022,Boston Bruins,3,Winnipeg Jets,0,-150,,,130,,,False,DraftKings,13,-115,3,REG,175,-205,1.5,Final,6.0,-105,180,115,ESPN BET,fixed,6
DAL,2023-03-17T01:00Z,401459670,EDM,2022,Dallas Stars,1,Edmonton Oilers,4,140,,,-160,,,False,DraftKings,13,-130,3,REG,-190,160,-1.5,Final,6.5,110,105,185,ESPN BET,fixed,7
VAN,2023-03-17T02:00Z,401459669,ARI,2022,Vancouver Canucks,2,Arizona Coyotes,3,-155,,,135,,,False,DraftKings,13,-115,3,REG,165,-195,1.5,Final,6.5,-105,185,105,ESPN BET,fixed,7
CGY,2023-03-17T02:00Z,401459678,VGK,2022,Calgary Flames,7,Vegas Golden Knights,2,-110,,,-110,,,False,DraftKings,13,105,3,REG,-265,225,-1.5,Final,6.5,-125,145,140,Caesars Sportsbook,fixed,5
CBJ,2023-03-17T02:30Z,401459672,LA,2022,Columbus Blue Jackets,1,Los Angeles Kings,4,230,,,-290,,,False,DraftKings,13,-120,3,REG,100,-120,-1.5,Final,6.5,100,-190,380,ESPN BET,fixed,6
SEA,2023-03-17T02:30Z,401459677,SJ,2022,Seattle Kraken,2,San Jose Sharks,1,-165,,,140,,,False,DraftKings,13,-120,4,OT,145,-170,1.5,Final/OT,6.5,100,210,-105,ESPN BET,fixed,7
BUF,2023-03-17T23:00Z,401459681,PHI,2022,Buffalo Sabres,2,Philadelphia Flyers,5,-135,,,115,,,False,DraftKings,13,-115,3,REG,180,-210,1.5,Final,6.5,-105,170,115,ESPN BET,fixed,6
CAR,2023-03-17T23:00Z,401459682,TOR,2022,Carolina Hurricanes,2,Toronto Maple Leafs,5,-105,,,-115,,,False,DraftKings,13,370,3,REG,-240,200,-1.5,Final,8.5,-600,125,160,ESPN BET,fixed,7
STL,2023-03-17T23:00Z,401459683,WSH,2022,St. Louis Blues,5,Washington Capitals,2,150,,,-175,,,False,DraftKings,12,-135,3,REG,-155,135,-1.5,Final,6.5,115,-110,220,ESPN BET,fixed,5
CBJ,2023-03-18T02:00Z,401459680,ANA,2022,Columbus Blue Jackets,4,Anaheim Ducks,7,-105,,,-120,,,False,DraftKings,14,115,3,REG,-240,200,-1.5,Final,7.0,-135,135,145,ESPN BET,fixed,7
COL,2023-03-18T17:00Z,401459686,DET,2022,Colorado Avalanche,5,Detroit Red Wings,1,-175,,,135,,,False,DraftKings,13,-115,3,REG,140,-165,1.5,Final,6.0,-105,225,-110,ESPN BET,fixed,7
BOS,2023-03-18T18:00Z,401459689,MIN,2022,Boston Bruins,5,Minnesota Wild,2,-160,,,125,,,False,DraftKings,14,-105,3,REG,165,-195,1.5,Final,5.5,-115,210,100,ESPN BET,fixed,8
WPG,2023-03-18T18:00Z,401459691,NSH,2022,Winnipeg Jets,3,Nashville Predators,2,-145,,,115,,,False,DraftKings,14,-110,4,OT,185,-215,1.5,Final/OT,5.5,-110,185,110,ESPN BET,fixed,7
EDM,2023-03-18T20:00Z,401459695,SEA,2022,Edmonton Oilers,6,Seattle Kraken,4,-145,,,115,,,False,DraftKings,13,110,3,REG,170,-200,1.5,Final,7.0,-130,175,110,ESPN BET,fixed,7
CAR,2023-03-18T21:00Z,401459693,PHI,2022,Carolina Hurricanes,5,Philadelphia Flyers,4,-240,,,210,,,False,DraftKings,13,-120,4,OT,-105,-115,1.5,Final/OT,6.0,100,310,-155,ESPN BET,fixed,6
NJ,2023-03-18T22:00Z,401459687,FLA,2022,New Jersey Devils,2,Florida Panthers,4,110,,,-130,,,False,DraftKings,14,105,3,REG,-230,195,-1.5,Final,7.0,-125,130,145,ESPN BET,fixed,7
TOR,2023-03-18T23:00Z,401459692,OTT,2022,Toronto Maple Leafs,5,Ottawa Senators,4,-135,,,115,,,False,DraftKings,13,-130,5,SO,180,-210,1.5,Final/SO,6.5,110,170,115,ESPN BET,fixed,7
MTL,2023-03-18T23:00Z,401459696,TB,2022,Montreal Canadiens,3,Tampa Bay Lightning,5,260,,,-320,,,False,DraftKings,14,-130,3,REG,100,-120,-1.5,Final,6.5,110,-185,360,ESPN BET,fixed,8
PIT,2023-03-19T00:00Z,401459690,NYR,2022,Pittsburgh Penguins,0,New York Rangers,6,125,,,-155,,,False,DraftKings,13,-105,3,REG,-195,165,-1.5,Final,6.5,-115,110,175,ESPN BET,fixed,7
DAL,2023-03-19T02:00Z,401459685,CGY,2022,Dallas Stars,6,Calgary Flames,5,115,,,-135,,,False,DraftKings,14,-110,4,OT,-230,195,-1.5,Final/OT,6.0,-110,120,170,ESPN BET,fixed,7
VAN,2023-03-19T02:00Z,401459688,LA,2022,Vancouver Canucks,3,Los Angeles Kings,2,165,,,-195,,,False,DraftKings,14,100,5,SO,-150,130,-1.5,Final/SO,6.5,-120,-125,250,ESPN BET,fixed,7
CHI,2023-03-19T02:30Z,401459684,ARI,2022,Chicago Blackhawks,2,Arizona Coyotes,4,125,,,-145,,,False,DraftKings,14,100,3,REG,-205,175,-1.5,Final,6.0,-120,110,190,ESPN BET,fixed,8
NYI,2023-03-19T02:30Z,401459694,SJ,2022,New York Islanders,4,San Jose Sharks,1,-190,,,160,,,False,DraftKings,14,105,3,REG,130,-150,1.5,Final,6.0,-125,245,-120,ESPN BET,fixed,7
BOS,2023-03-19T17:00Z,401459698,BUF,2022,Boston Bruins,7,Buffalo Sabres,0,-170,,,145,,,False,DraftKings,13,-125,3,REG,140,-165,1.5,Final,6.5,105,210,-110,ESPN BET,fixed,7
WSH,2023-03-19T18:00Z,401459699,MIN,2022,Washington Capitals,3,Minnesota Wild,5,120,,,-140,,,False,DraftKings,14,-105,3,REG,-205,175,-1.5,Final,6.0,-115,110,185,ESPN BET,fixed,7
CBJ,2023-03-19T20:00Z,401459703,VGK,2022,Columbus Blue Jackets,2,Vegas Golden Knights,7,270,,,-320,,,False,DraftKings,14,-115,3,REG,115,-135,-1.5,Final,6.5,-105,-210,425,ESPN BET,fixed,7
NSH,2023-03-19T23:00Z,401459700,NYR,2022,Nashville Predators,0,New York Rangers,7,200,,,-240,,,False,DraftKings,13,-105,3,REG,-125,105,-1.5,Final,6.0,-115,-145,295,ESPN BET,fixed,7
WPG,2023-03-19T23:00Z,401459701,STL,2022,Winnipeg Jets,0,St. Louis Blues,3,-145,,,125,,,False,DraftKings,13,-110,3,REG,175,-205,1.5,Final,6.5,-110,175,115,ESPN BET,fixed,7
NJ,2023-03-19T23:00Z,401459702,TB,2022,New Jersey Devils,5,Tampa Bay Lightning,2,105,,,-125,,,False,DraftKings,14,-105,3,REG,-225,190,-1.5,Final,6.5,-115,120,165,ESPN BET,fixed,8
VAN,2023-03-20T00:00Z,401459697,ANA,2022,Vancouver Canucks,2,Anaheim Ducks,1,-140,,,110,,,False,DraftKings,14,110,3,REG,175,-205,1.5,Final,7.0,-130,165,115,ESPN BET,fixed,8
FLA,2023-03-20T23:00Z,401459705,DET,2022,Florida Panthers,5,Detroit Red Wings,2,-195,,,165,,,False,DraftKings,14,-140,3,REG,120,-140,1.5,Final,6.5,120,255,-130,ESPN BET,fixed,7
OTT,2023-03-20T23:00Z,401459708,PIT,2022,Ottawa Senators,2,Pittsburgh Penguins,1,140,,,-165,,,False,DraftKings,14,110,3,REG,-165,140,-1.5,Final,7.0,-130,-110,210,ESPN BET,fixed,7
CHI,2023-03-21T01:00Z,401459704,COL,2022,Chicago Blackhawks,0,Colorado Avalanche,5,320,,,-400,,,False,DraftKings,14,-110,3,REG,140,-165,-1.5,Final,6.0,-110,-275,550,ESPN BET,fixed,7
SJ,2023-03-21T01:30Z,401459706,EDM,2022,San Jose Sharks,4,Edmonton Oilers,5,260,,,-310,,,False,DraftKings,14,100,4,OT,125,-145,-1.5,Final/OT,7.0,-120,-220,425,ESPN BET,fixed,8
CGY,2023-03-21T02:30Z,401459707,LA,2022,Calgary Flames,2,Los Angeles Kings,8,-110,,,-110,,,False,DraftKings,13,-125,3,REG,-260,220,-1.5,Final,6.0,105,135,145,ESPN BET,fixed,7
OTT,2023-03-21T23:00Z,401459710,BOS,2022,Ottawa Senators,1,Boston Bruins,2,250,,,-300,,,False,DraftKings,14,-110,3,REG,105,-125,-1.5,Final,6.5,-110,-190,380,ESPN BET,fixed,8
NSH,2023-03-21T23:00Z,401459711,BUF,2022,Nashville Predators,7,Buffalo Sabres,3,135,,,-155,,,False,DraftKings,14,-125,3,REG,-180,155,-1.5,Final,6.5,105,100,195,ESPN BET,fixed,8
TB,2023-03-21T23:00Z,401459713,MTL,2022,Tampa Bay Lightning,2,Montreal Canadiens,3,-250,,,210,,,False,DraftKings,14,-115,3,REG,-105,-115,1.5,Final,6.5,-105,320,-160,ESPN BET,fixed,7
CAR,2023-03-21T23:00Z,401459715,NYR,2022,Carolina Hurricanes,3,New York Rangers,2,110,,,-130,,,False,DraftKings,14,-110,3,REG,-250,210,-1.5,Final,6.0,-110,135,150,Caesars Sportsbook,fixed,7
MIN,2023-03-21T23:00Z,401459716,NJ,2022,Minnesota Wild,2,New Jersey Devils,1,140,,,-190,,,False,DraftKings,14,-110,4,OT,-165,140,-1.5,Final/OT,6.0,-110,-115,235,ESPN BET,fixed,8
FLA,2023-03-21T23:00Z,401459717,PHI,2022,Florida Panthers,3,Philadelphia Flyers,6,-160,,,135,,,False,DraftKings,14,-125,3,REG,160,-190,1.5,Final,6.5,105,190,105,ESPN BET,fixed,7
CBJ,2023-03-21T23:00Z,401459720,WSH,2022,Columbus Blue Jackets,7,Washington Capitals,6,200,,,-240,,,False,DraftKings,14,-120,4,OT,-120,100,-1.5,Final/OT,6.5,100,-155,310,ESPN BET,fixed,7
TOR,2023-03-21T23:30Z,401459714,NYI,2022,Toronto Maple Leafs,2,New York Islanders,7,-115,,,-105,,,False,DraftKings,14,125,3,REG,200,-240,1.5,Final,6.5,-165,165,125,Caesars Sportsbook,fixed,7
DET,2023-03-22T00:00Z,401459718,STL,2022,Detroit Red Wings,3,St. Louis Blues,2,130,,,-150,,,False,DraftKings,14,-125,5,SO,-200,170,-1.5,Final/SO,6.5,105,110,180,ESPN BET,fixed,7
ARI,2023-03-22T00:00Z,401459721,WPG,2022,Arizona Coyotes,1,Winnipeg Jets,2,260,,,-320,,,False,DraftKings,14,100,3,REG,100,-120,-1.5,Final,6.5,-120,-190,380,ESPN BET,fixed,7
SEA,2023-03-22T00:30Z,401459712,DAL,2022,Seattle Kraken,5,Dallas Stars,4,140,,,-165,,,False,DraftKings,14,-115,4,OT,-175,150,-1.5,Final/OT,6.5,-105,-105,210,ESPN BET,fixed,8
CGY,2023-03-22T02:00Z,401459709,ANA,2022,Calgary Flames,5,Anaheim Ducks,1,-220,,,190,,,False,DraftKings,13,-115,3,REG,115,-135,1.5,Final,6.5,-105,270,-135,ESPN BET,fixed,6
VGK,2023-03-22T02:00Z,401459719,VAN,2022,Vegas Golden Knights,4,Vancouver Canucks,3,-135,,,115,,,False,DraftKings,14,-125,3,REG,175,-205,1.5,Final,6.5,105,170,115,ESPN BET,fixed,7
PIT,2023-03-23T00:00Z,401459722,COL,2022,Pittsburgh Penguins,5,Colorado Avalanche,2,130,,,-150,,,False,DraftKings,13,-105,3,REG,-190,160,-1.5,Final,6.5,-115,100,195,ESPN BET,fixed,6
ARI,2023-03-23T02:30Z,401459723,EDM,2022,Arizona Coyotes,3,Edmonton Oilers,4,360,,,-450,,,False,DraftKings,13,100,4,OT,160,-190,-1.5,Final/OT,7.0,-120,-285,550,ESPN BET,fixed,6
MIN,2023-03-23T22:30Z,401459733,PHI,2022,Minnesota Wild,4,Philadelphia Flyers,5,-150,,,130,,,False,DraftKings,14,-120,5,SO,160,-190,1.5,Final/SO,5.5,100,205,100,ESPN BET,fixed,7
MTL,2023-03-23T23:00Z,401459725,BOS,2022,Montreal Canadiens,2,Boston Bruins,4,340,,,-425,,,False,DraftKings,14,-115,3,REG,130,-150,-1.5,Final,6.5,-105,-245,500,ESPN BET,fixed,7
NYR,2023-03-23T23:00Z,401459727,CAR,2022,New York Rangers,2,Carolina Hurricanes,1,125,,,-145,,,False,DraftKings,14,-120,3,REG,-205,175,-1.5,Final,5.5,100,105,190,ESPN BET,fixed,7
STL,2023-03-23T23:00Z,401459729,DET,2022,St. Louis Blues,4,Detroit Red Wings,3,105,,,-125,,,False,DraftKings,14,100,3,REG,-225,190,-1.5,Final,6.5,-120,120,165,ESPN BET,fixed,7
TOR,2023-03-23T23:00Z,401459730,FLA,2022,Toronto Maple Leafs,6,Florida Panthers,2,115,,,-135,,,False,DraftKings,14,100,3,REG,-200,170,-1.5,Final,7.0,-120,110,175,ESPN BET,fixed,7
TB,2023-03-23T23:00Z,401459732,OTT,2022,Tampa Bay Lightning,2,Ottawa Senators,7,-125,,,105,,,False,DraftKings,14,-135,3,REG,185,-215,1.5,Final,6.5,115,165,120,ESPN BET,fixed,8
CHI,2023-03-23T23:00Z,401459735,WSH,2022,Chicago Blackhawks,1,Washington Capitals,6,250,,,-300,,,False,DraftKings,14,400,3,REG,-105,-115,-1.5,Final,8.5,-650,-185,380,ESPN BET,fixed,8
SEA,2023-03-24T00:00Z,401459731,NSH,2022,Seattle Kraken,1,Nashville Predators,2,-135,,,115,,,False,DraftKings,14,100,5,SO,190,-225,1.5,Final/SO,6.5,-120,155,125,ESPN BET,fixed,8
VGK,2023-03-24T01:00Z,401459726,CGY,2022,Vegas Golden Knights,3,Calgary Flames,2,120,,,-140,,,False,DraftKings,13,100,3,REG,-205,175,-1.5,Final,6.5,-120,110,180,ESPN BET,fixed,7
PIT,2023-03-24T01:00Z,401459728,DAL,2022,Pittsburgh Penguins,2,Dallas Stars,3,135,,,-155,,,False,DraftKings,12,-105,3,REG,-180,155,-1.5,Final,6.5,-115,100,200,ESPN BET,fixed,6
WPG,2023-03-24T02:00Z,401459724,ANA,2022,Winnipeg Jets,3,Anaheim Ducks,2,-280,,,230,,,False,DraftKings,14,-120,3,REG,-105,-115,1.5,Final,6.0,100,340,-165,ESPN BET,fixed,8
SJ,2023-03-24T02:00Z,401459734,VAN,2022,San Jose Sharks,2,Vancouver Canucks,7,145,,,-170,,,False,DraftKings,13,115,3,REG,-165,140,-1.5,Final,7.0,-135,-110,210,ESPN BET,fixed,6
NJ,2023-03-24T23:00Z,401459736,BUF,2022,New Jersey Devils,4,Buffalo Sabres,5,-175,,,150,,,False,DraftKings,14,100,3,REG,140,-165,1.5,Final,7.0,-120,210,-110,ESPN BET,fixed,7
NYI,2023-03-24T23:00Z,401459738,CBJ,2022,New York Islanders,4,Columbus Blue Jackets,5,-220,,,190,,,False,DraftKings,14,100,4,OT,110,-130,1.5,Final/OT,6.5,-120,285,-145,ESPN BET,fixed,7
ARI,2023-03-25T01:00Z,401459737,COL,2022,Arizona Coyotes,1,Colorado Avalanche,3,360,,,-450,,,False,DraftKings,14,-115,3,REG,140,-165,-1.5,Final,6.0,-105,-270,550,ESPN BET,fixed,7
TB,2023-03-25T17:00Z,401459740,BOS,2022,Tampa Bay Lightning,1,Boston Bruins,2,140,,,-165,,,False,DraftKings,13,100,3,REG,-170,145,-1.5,Final,6.0,-120,-105,210,ESPN BET,fixed,7
DET,2023-03-25T17:00Z,401459752,PHI,2022,Detroit Red Wings,0,Philadelphia Flyers,3,105,,,-135,,,False,DraftKings,14,-105,3,REG,-225,190,-1.5,Final,6.0,-115,115,175,ESPN BET,fixed,7
SEA,2023-03-25T18:00Z,401459750,NSH,2022,Seattle Kraken,7,Nashville Predators,2,-135,,,115,,,False,DraftKings,14,-115,3,REG,180,-210,1.5,Final,6.0,-105,175,115,ESPN BET,fixed,7
SJ,2023-03-25T20:00Z,401459741,CGY,2022,San Jose Sharks,3,Calgary Flames,5,250,,,-300,,,False,DraftKings,14,-130,3,REG,105,-125,-1.5,Final,6.5,110,-190,370,ESPN BET,fixed,7
WPG,2023-03-25T20:00Z,401459746,LA,2022,Winnipeg Jets,1,Los Angeles Kings,4,-105,,,-115,,,False,DraftKings,14,-120,3,REG,-230,195,-1.5,Final,6.0,100,130,155,Caesars Sportsbook,fixed,7
NYR,2023-03-25T21:00Z,401459745,FLA,2022,New York Rangers,4,Florida Panthers,3,125,,,-145,,,False,DraftKings,14,110,3,REG,-205,175,-1.5,Final,7.0,-130,120,160,ESPN BET,fixed,7
CHI,2023-03-25T21:00Z,401459747,MIN,2022,Chicago Blackhawks,1,Minnesota Wild,3,300,,,-380,,,False,DraftKings,14,-120,3,REG,110,-130,-1.5,Final,5.5,100,-225,475,ESPN BET,fixed,7
BUF,2023-03-25T21:00Z,401459749,NYI,2022,Buffalo Sabres,2,New York Islanders,0,150,,,-175,,,False,DraftKings,14,-120,3,REG,-175,150,-1.5,Final,6.5,100,-105,205,ESPN BET,fixed,7
TOR,2023-03-25T23:00Z,401459742,CAR,2022,Toronto Maple Leafs,3,Carolina Hurricanes,5,125,,,-145,,,False,DraftKings,14,-110,3,REG,-205,175,-1.5,Final,6.0,-110,110,185,ESPN BET,fixed,7
VAN,2023-03-25T23:00Z,401459743,DAL,2022,Vancouver Canucks,3,Dallas Stars,1,145,,,-170,,,False,DraftKings,14,-110,3,REG,-170,145,-1.5,Final,6.5,-110,-110,215,ESPN BET,fixed,8
CBJ,2023-03-25T23:00Z,401459748,MTL,2022,Columbus Blue Jackets,2,Montreal Canadiens,8,130,,,-155,,,False,DraftKings,14,-120,3,REG,-195,165,-1.5,Final,6.5,100,105,185,ESPN BET,fixed,8
OTT,2023-03-25T23:00Z,401459751,NJ,2022,Ottawa Senators,3,New Jersey Devils,5,170,,,-200,,,False,DraftKings,14,-120,3,REG,-150,130,-1.5,Final,6.5,100,-120,240,ESPN BET,fixed,7
WSH,2023-03-26T00:00Z,401459753,PIT,2022,Washington Capitals,3,Pittsburgh Penguins,4,125,,,-145,,,False,DraftKings,14,-120,3,REG,-200,170,-1.5,Final,6.5,100,110,180,ESPN BET,fixed,7
VGK,2023-03-26T02:00Z,401459744,EDM,2022,Vegas Golden Knights,4,Edmonton Oilers,3,160,,,-210,,,False,DraftKings,14,105,4,OT,-150,130,-1.5,Final/OT,7.0,-125,-115,225,ESPN BET,fixed,8
STL,2023-03-26T02:30Z,401459739,ANA,2022,St. Louis Blues,6,Anaheim Ducks,3,-155,,,125,,,False,DraftKings,14,-110,3,REG,155,-180,1.5,Final,6.5,-110,190,105,ESPN BET,fixed,7
COL,2023-03-26T19:00Z,401459754,ARI,2022,Colorado Avalanche,4,Arizona Coyotes,3,-290,,,240,,,False,DraftKings,13,-120,5,SO,-115,-105,1.5,Final/SO,6.0,100,370,-180,ESPN BET,fixed,7
BOS,2023-03-26T21:00Z,401459755,CAR,2022,Boston Bruins,4,Carolina Hurricanes,3,130,,,-155,,,False,DraftKings,14,105,5,SO,-210,180,-1.5,Final/SO,5.5,-125,110,195,ESPN BET,fixed,8
VAN,2023-03-26T22:00Z,401459756,CHI,2022,Vancouver Canucks,4,Chicago Blackhawks,2,-175,,,135,,,False,DraftKings,14,-125,3,REG,140,-165,1.5,Final,6.0,105,225,-110,ESPN BET,fixed,7
TOR,2023-03-26T22:00Z,401459758,NSH,2022,Toronto Maple Leafs,3,Nashville Predators,2,-200,,,170,,,False,DraftKings,14,-105,3,REG,130,-150,1.5,Final,6.5,-115,235,-120,ESPN BET,fixed,7
STL,2023-03-27T02:30Z,401459757,LA,2022,St. Louis Blues,6,Los Angeles Kings,7,180,,,-230,,,False,DraftKings,14,-120,3,REG,-120,100,-1.5,Final,6.5,100,-160,310,ESPN BET,fixed,8
MTL,2023-03-27T23:00Z,401459761,BUF,2022,Montreal Canadiens,4,Buffalo Sabres,3,150,,,-175,,,False,DraftKings,14,105,5,SO,-165,140,-1.5,Final/SO,7.0,-125,-110,210,ESPN BET,fixed,7
FLA,2023-03-27T23:00Z,401459764,OTT,2022,Florida Panthers,2,Ottawa Senators,5,-150,,,130,,,False,DraftKings,14,-120,3,REG,160,-190,1.5,Final,7.0,100,180,105,ESPN BET,fixed,7
NJ,2023-03-27T23:30Z,401459763,NYI,2022,New Jersey Devils,1,New York Islanders,5,-125,,,105,,,False,DraftKings,14,-110,3,REG,205,-245,1.5,Final,6.0,-110,160,130,ESPN BET,fixed,8
SEA,2023-03-28T00:00Z,401459762,MIN,2022,Seattle Kraken,1,Minnesota Wild,5,105,,,-125,,,False,DraftKings,14,100,3,REG,-230,195,-1.5,Final,6.0,-120,130,160,ESPN BET,fixed,8
COL,2023-03-28T02:00Z,401459759,ANA,2022,Colorado Avalanche,5,Anaheim Ducks,1,-275,,,225,,,False,DraftKings,13,-120,3,REG,-105,-115,1.5,Final,6.5,100,330,-165,ESPN BET,fixed,7
EDM,2023-03-28T02:00Z,401459760,ARI,2022,Edmonton Oilers,5,Arizona Coyotes,4,-320,,,260,,,False,DraftKings,14,-110,3,REG,-130,110,1.5,Final,7.0,-110,380,-200,ESPN BET,fixed,7
NSH,2023-03-28T23:00Z,401459765,BOS,2022,Nashville Predators,2,Boston Bruins,1,260,,,-315,,,False,DraftKings,14,-105,3,REG,100,-120,-1.5,Final,5.5,-115,-195,425,ESPN BET,fixed,7
TB,2023-03-28T23:00Z,401459767,CAR,2022,Tampa Bay Lightning,4,Carolina Hurricanes,0,120,,,-140,,,False,DraftKings,13,-105,3,REG,-215,185,-1.5,Final,6.0,-115,115,175,ESPN BET,fixed,7
PIT,2023-03-28T23:00Z,401459769,DET,2022,Pittsburgh Penguins,4,Detroit Red Wings,7,-190,,,160,,,False,DraftKings,14,100,3,REG,135,-155,1.5,Final,6.5,-120,240,-120,ESPN BET,fixed,8
CBJ,2023-03-28T23:00Z,401459770,NYR,2022,Columbus Blue Jackets,2,New York Rangers,6,330,,,-400,,,False,DraftKings,14,-135,3,REG,130,-150,-1.5,Final,6.5,115,-240,475,ESPN BET,fixed,7
MTL,2023-03-28T23:00Z,401459771,PHI,2022,Montreal Canadiens,2,Philadelphia Flyers,3,125,,,-145,,,False,DraftKings,14,-105,3,REG,-200,170,-1.5,Final,6.5,-115,105,185,ESPN BET,fixed,8
VAN,2023-03-29T00:00Z,401459773,STL,2022,Vancouver Canucks,5,St. Louis Blues,6,-110,,,-110,,,False,DraftKings,14,-135,4,OT,-265,225,-1.5,Final/OT,6.5,115,145,135,ESPN BET,fixed,8
DAL,2023-03-29T00:30Z,401459768,CHI,2022,Dallas Stars,4,Chicago Blackhawks,1,-290,,,240,,,False,DraftKings,14,-115,3,REG,-110,-110,1.5,Final,5.5,-105,370,-180,ESPN BET,fixed,8
LA,2023-03-29T01:00Z,401459766,CGY,2022,Los Angeles Kings,1,Calgary Flames,2,120,,,-140,,,False,DraftKings,14,-110,3,REG,-210,180,-1.5,Final,6.0,-110,110,180,ESPN BET,fixed,7
EDM,2023-03-29T02:00Z,401459774,VGK,2022,Edmonton Oilers,7,Vegas Golden Knights,4,-120,,,100,,,False,DraftKings,14,110,3,REG,195,-230,1.5,Final,7.0,-130,145,130,Caesars Sportsbook,fixed,7
WPG,2023-03-29T02:30Z,401459772,SJ,2022,Winnipeg Jets,0,San Jose Sharks,3,-210,,,180,,,False,DraftKings,13,100,3,REG,125,-145,1.5,Final,6.5,-120,255,-125,ESPN BET,fixed,7
FLA,2023-03-29T23:30Z,401459776,TOR,2022,Florida Panthers,3,Toronto Maple Leafs,2,135,,,-160,,,False,DraftKings,14,-115,4,OT,-170,145,-1.5,Final/OT,7.0,-105,100,195,ESPN BET,fixed,7
NYI,2023-03-29T23:30Z,401459777,WSH,2022,New York Islanders,2,Washington Capitals,1,-125,,,105,,,False,DraftKings,13,-105,5,SO,200,-240,1.5,Final/SO,6.0,-115,155,130,ESPN BET,fixed,7
MIN,2023-03-30T02:00Z,401459775,COL,2022,Minnesota Wild,4,Colorado Avalanche,2,135,,,-155,,,False,DraftKings,14,100,3,REG,-190,160,-1.5,Final,6.0,-120,100,205,ESPN BET,fixed,8
CBJ,2023-03-30T23:00Z,401459778,BOS,2022,Columbus Blue Jackets,1,Boston Bruins,2,365,,,-470,,,False,DraftKings,14,-120,4,OT,160,-190,-1.5,Final/OT,6.5,100,-280,550,ESPN BET,fixed,8
FLA,2023-03-30T23:00Z,401459782,MTL,2022,Florida Panthers,5,Montreal Canadiens,2,-195,,,165,,,False,DraftKings,14,105,3,REG,125,-145,1.5,Final,7.0,-125,230,-120,ESPN BET,fixed,8
NYR,2023-03-30T23:00Z,401459783,NJ,2022,New York Rangers,1,New Jersey Devils,2,120,,,-140,,,False,DraftKings,13,-105,3,REG,-210,180,-1.5,Final,6.5,-115,115,175,ESPN BET,fixed,7
PHI,2023-03-30T23:00Z,401459784,OTT,2022,Philadelphia Flyers,4,Ottawa Senators,5,150,,,-180,,,False,DraftKings,14,-105,4,OT,-155,135,-1.5,Final/OT,6.5,-115,-115,225,ESPN BET,fixed,8
NSH,2023-03-30T23:00Z,401459785,PIT,2022,Nashville Predators,0,Pittsburgh Penguins,2,185,,,-215,,,False,DraftKings,14,-110,3,REG,-150,130,-1.5,Final,6.5,-110,-125,245,ESPN BET,fixed,7
WSH,2023-03-30T23:00Z,401459788,TB,2022,Washington Capitals,1,Tampa Bay Lightning,5,180,,,-210,,,False,DraftKings,13,-125,3,REG,-150,130,-1.5,Final,6.0,105,-125,245,ESPN BET,fixed,7
CAR,2023-03-30T23:30Z,401459780,DET,2022,Carolina Hurricanes,2,Detroit Red Wings,3,-200,,,170,,,False,DraftKings,14,-110,3,REG,125,-145,1.5,Final,5.5,-110,280,-135,ESPN BET,fixed,8
STL,2023-03-31T00:30Z,401459779,CHI,2022,St. Louis Blues,5,Chicago Blackhawks,3,-145,,,125,,,False,DraftKings,14,-105,3,REG,165,-195,1.5,Final,6.5,-115,190,105,ESPN BET,fixed,7
LA,2023-03-31T01:00Z,401459781,EDM,2022,Los Angeles Kings,0,Edmonton Oilers,2,160,,,-185,,,False,DraftKings,14,-140,3,REG,-150,130,-1.5,Final,6.5,120,-120,230,ESPN BET,fixed,8
ANA,2023-03-31T02:00Z,401459787,SEA,2022,Anaheim Ducks,1,Seattle Kraken,4,300,,,-375,,,False,DraftKings,13,-120,3,REG,130,-150,-1.5,Final,6.5,100,-240,475,ESPN BET,fixed,7
VGK,2023-03-31T02:30Z,401459786,SJ,2022,Vegas Golden Knights,3,San Jose Sharks,4,-175,,,150,,,False,DraftKings,13,-110,4,OT,135,-155,1.5,Final/OT,6.5,-110,225,-110,ESPN BET,fixed,6
NYR,2023-03-31T23:00Z,401459790,BUF,2022,New York Rangers,2,Buffalo Sabres,3,-145,,,125,,,False,DraftKings,13,-130,4,OT,165,-195,1.5,Final/OT,6.5,110,180,105,ESPN BET,fixed,7
DET,2023-04-01T00:00Z,401459792,WPG,2022,Detroit Red Wings,2,Winnipeg Jets,6,220,,,-270,,,False,DraftKings,13,-105,3,REG,-130,110,-1.5,Final,6.0,-115,-145,295,ESPN BET,fixed,7
CGY,2023-04-01T02:00Z,401459791,VAN,2022,Calgary Flames,5,Vancouver Canucks,4,-150,,,130,,,False,DraftKings,14,-125,4,OT,175,-205,1.5,Final/OT,6.5,105,170,115,ESPN BET,fixed,8
DAL,2023-04-01T02:30Z,401459789,ARI,2022,Dallas Stars,5,Arizona Coyotes,2,-240,,,200,,,False,DraftKings,14,-105,3,REG,115,-135,1.5,Final,6.0,-115,290,-140,ESPN BET,fixed,7
STL,2023-04-01T17:00Z,401459799,NSH,2022,St. Louis Blues,1,Nashville Predators,6,115,,,-145,,,False,DraftKings,14,-110,3,REG,-205,175,-1.5,Final,6.0,-110,110,185,ESPN BET,fixed,7
BOS,2023-04-01T19:00Z,401459802,PIT,2022,Boston Bruins,4,Pittsburgh Penguins,3,-125,,,105,,,False,DraftKings,14,100,3,REG,210,-250,1.5,Final,6.5,-120,150,130,Caesars Sportsbook,fixed,7
FLA,2023-04-01T23:00Z,401459796,CBJ,2022,Florida Panthers,7,Columbus Blue Jackets,0,-260,,,215,,,False,DraftKings,13,-105,3,REG,100,-120,1.5,Final,7.0,-115,290,-150,ESPN BET,fixed,6
CAR,2023-04-01T23:00Z,401459798,MTL,2022,Carolina Hurricanes,3,Montreal Canadiens,0,-260,,,215,,,False,DraftKings,13,100,3,REG,100,-120,1.5,Final,6.5,-120,320,-155,ESPN BET,fixed,7
TOR,2023-04-01T23:00Z,401459800,OTT,2022,Toronto Maple Leafs,3,Ottawa Senators,0,-165,,,140,,,False,DraftKings,13,-140,3,REG,150,-175,1.5,Final,6.5,120,200,-105,ESPN BET,fixed,7
BUF,2023-04-01T23:00Z,401459801,PHI,2022,Buffalo Sabres,6,Philadelphia Flyers,3,-105,,,-115,,,False,DraftKings,12,-130,3,REG,215,-255,1.5,Final,6.5,110,130,145,Caesars Sportsbook,fixed,5
NYI,2023-04-01T23:00Z,401459804,TB,2022,New York Islanders,0,Tampa Bay Lightning,5,130,,,-150,,,False,DraftKings,13,-115,3,REG,-205,175,-1.5,Final,5.5,-105,110,190,ESPN BET,fixed,7
NJ,2023-04-02T00:00Z,401459794,CHI,2022,New Jersey Devils,6,Chicago Blackhawks,3,-350,,,280,,,False,DraftKings,13,-130,3,REG,-135,115,1.5,Final,6.0,110,425,-210,ESPN BET,fixed,7
DAL,2023-04-02T01:00Z,401459795,COL,2022,Dallas Stars,2,Colorado Avalanche,5,140,,,-165,,,False,DraftKings,14,-110,3,REG,-190,160,-1.5,Final,6.0,-110,105,195,ESPN BET,fixed,7
SJ,2023-04-02T02:00Z,401459793,ARI,2022,San Jose Sharks,7,Arizona Coyotes,2,-120,,,100,,,False,DraftKings,12,-105,3,REG,205,-245,1.5,Final,6.5,-115,150,130,Caesars Sportsbook,fixed,6
ANA,2023-04-02T02:00Z,401459797,EDM,2022,Anaheim Ducks,0,Edmonton Oilers,6,425,,,-550,,,False,DraftKings,14,-105,3,REG,160,-190,-1.5,Final,7.0,-115,-300,550,ESPN BET,fixed,7
LA,2023-04-02T02:00Z,401459803,SEA,2022,Los Angeles Kings,3,Seattle Kraken,1,-105,,,-115,,,False,DraftKings,14,-120,3,REG,-250,210,-1.5,Final,6.0,100,130,150,ESPN BET,fixed,8
MIN,2023-04-02T02:00Z,401459805,VGK,2022,Minnesota Wild,1,Vegas Golden Knights,4,-105,,,-115,,,False,DraftKings,14,-110,3,REG,-265,225,-1.5,Final,6.0,-110,140,145,ESPN BET,fixed,8
NYR,2023-04-02T17:00Z,401459813,WSH,2022,New York Rangers,5,Washington Capitals,2,-135,,,115,,,False,DraftKings,13,-105,3,REG,190,-225,1.5,Final,6.0,-115,175,115,ESPN BET,fixed,7
BOS,2023-04-02T19:30Z,401459810,STL,2022,Boston Bruins,4,St. Louis Blues,3,-220,,,190,,,False,DraftKings,14,-120,5,SO,105,-125,1.5,Final/SO,6.0,100,290,-145,ESPN BET,fixed,8
NYI,2023-04-02T22:00Z,401459807,CAR,2022,New York Islanders,1,Carolina Hurricanes,2,140,,,-165,,,False,DraftKings,14,-105,3,REG,-180,155,-1.5,Final,5.5,-115,-105,220,ESPN BET,fixed,8
OTT,2023-04-02T22:00Z,401459808,CBJ,2022,Ottawa Senators,3,Columbus Blue Jackets,4,-190,,,160,,,False,DraftKings,13,115,4,OT,130,-150,1.5,Final/OT,7.0,-135,220,-115,ESPN BET,fixed,7
PHI,2023-04-02T22:00Z,401459809,PIT,2022,Philadelphia Flyers,2,Pittsburgh Penguins,4,210,,,-250,,,False,DraftKings,13,-105,3,REG,-120,100,-1.5,Final,6.5,-115,-155,310,ESPN BET,fixed,7
DET,2023-04-02T23:00Z,401459811,TOR,2022,Detroit Red Wings,5,Toronto Maple Leafs,2,200,,,-240,,,False,DraftKings,14,-105,3,REG,-125,105,-1.5,Final,6.5,-115,-150,300,ESPN BET,fixed,8
NJ,2023-04-02T23:00Z,401459814,WPG,2022,New Jersey Devils,1,Winnipeg Jets,6,-105,,,-115,,,False,DraftKings,13,-120,3,REG,-265,225,-1.5,Final,6.0,100,140,140,Caesars Sportsbook,fixed,6
ANA,2023-04-03T00:00Z,401459806,CGY,2022,Anaheim Ducks,4,Calgary Flames,5,425,,,-550,,,False,DraftKings,14,-110,3,REG,170,-200,-1.5,Final,6.5,-110,-320,650,ESPN BET,fixed,8
LA,2023-04-03T00:00Z,401459812,VAN,2022,Los Angeles Kings,4,Vancouver Canucks,1,-120,,,100,,,False,DraftKings,14,-105,3,REG,205,-245,1.5,Final,6.5,-115,150,135,Caesars Sportsbook,fixed,6
VGK,2023-04-04T00:00Z,401459816,MIN,2022,Vegas Golden Knights,4,Minnesota Wild,3,120,,,-140,,,False,DraftKings,14,100,5,SO,-210,180,-1.5,Final/SO,6.0,-120,110,185,ESPN BET,fixed,7
NSH,2023-04-04T00:30Z,401459815,DAL,2022,Nashville Predators,1,Dallas Stars,5,170,,,-220,,,False,DraftKings,14,100,3,REG,-140,120,-1.5,Final,6.0,-120,-130,265,ESPN BET,fixed,8
ARI,2023-04-04T02:00Z,401459817,SEA,2022,Arizona Coyotes,1,Seattle Kraken,8,250,,,-325,,,False,DraftKings,14,-115,3,REG,105,-125,-1.5,Final,6.5,-105,-195,390,ESPN BET,fixed,7
OTT,2023-04-04T23:00Z,401459819,CAR,2022,Ottawa Senators,2,Carolina Hurricanes,3,220,,,-270,,,False,DraftKings,14,-120,4,OT,-115,-105,-1.5,Final/OT,6.0,100,-165,340,ESPN BET,fixed,8
BUF,2023-04-04T23:00Z,401459820,FLA,2022,Buffalo Sabres,1,Florida Panthers,2,160,,,-190,,,False,DraftKings,14,-125,3,REG,-145,125,-1.5,Final,7.0,105,-120,225,ESPN BET,fixed,8
DET,2023-04-04T23:00Z,401459822,MTL,2022,Detroit Red Wings,5,Montreal Canadiens,0,-125,,,105,,,False,DraftKings,14,-120,3,REG,205,-245,1.5,Final,6.0,100,155,130,Caesars Sportsbook,fixed,6
PIT,2023-04-04T23:00Z,401459824,NJ,2022,Pittsburgh Penguins,1,New Jersey Devils,5,140,,,-165,,,False,DraftKings,13,-125,3,REG,-175,150,-1.5,Final,6.5,105,-105,200,ESPN BET,fixed,7
CBJ,2023-04-04T23:00Z,401459827,TOR,2022,Columbus Blue Jackets,2,Toronto Maple Leafs,4,340,,,-425,,,False,DraftKings,14,110,3,REG,155,-180,-1.5,Final,7.0,-130,-275,550,ESPN BET,fixed,8
VGK,2023-04-05T00:00Z,401459823,NSH,2022,Vegas Golden Knights,2,Nashville Predators,3,-145,,,125,,,False,DraftKings,14,-105,4,OT,185,-215,1.5,Final/OT,6.0,-115,175,115,ESPN BET,fixed,8
PHI,2023-04-05T00:00Z,401459826,STL,2022,Philadelphia Flyers,2,St. Louis Blues,4,105,,,-125,,,False,DraftKings,14,-110,3,REG,-230,195,-1.5,Final,6.5,-110,125,160,ESPN BET,fixed,8
CHI,2023-04-05T01:00Z,401459818,CGY,2022,Chicago Blackhawks,4,Calgary Flames,3,340,,,-425,,,False,DraftKings,13,-120,3,REG,135,-155,-1.5,Final,6.0,100,-260,500,ESPN BET,fixed,7
SEA,2023-04-05T02:00Z,401459828,VAN,2022,Seattle Kraken,5,Vancouver Canucks,2,-115,,,-110,,,False,DraftKings,13,-130,3,REG,210,-250,1.5,Final,6.5,110,145,135,ESPN BET,fixed,7
EDM,2023-04-05T02:30Z,401459821,LA,2022,Edmonton Oilers,3,Los Angeles Kings,1,-145,,,115,,,False,DraftKings,14,-120,3,REG,175,-205,1.5,Final,6.5,100,175,115,ESPN BET,fixed,8
COL,2023-04-05T02:30Z,401459825,SJ,2022,Colorado Avalanche,4,San Jose Sharks,3,-250,,,210,,,False,DraftKings,14,-120,4,OT,110,-130,1.5,Final/OT,6.0,100,295,-145,ESPN BET,fixed,8
TB,2023-04-05T23:30Z,401459830,NYR,2022,Tampa Bay Lightning,3,New York Rangers,6,105,,,-125,,,False,DraftKings,14,-120,3,REG,-240,200,-1.5,Final,5.5,100,130,160,ESPN BET,fixed,7
CGY,2023-04-05T23:30Z,401459831,WPG,2022,Calgary Flames,3,Winnipeg Jets,1,120,,,-145,,,False,DraftKings,13,100,3,REG,-210,180,-1.5,Final,6.0,-120,110,180,ESPN BET,fixed,7
EDM,2023-04-06T02:00Z,401459829,ANA,2022,Edmonton Oilers,3,Anaheim Ducks,1,-330,,,270,,,False,DraftKings,14,-110,3,REG,-140,120,1.5,Final,7.0,-110,400,-210,ESPN BET,fixed,7
TOR,2023-04-06T23:00Z,401459832,BOS,2022,Toronto Maple Leafs,1,Boston Bruins,2,125,,,-145,,,False,DraftKings,14,-110,4,OT,-200,170,-1.5,Final/OT,6.0,-110,105,190,ESPN BET,fixed,7
BUF,2023-04-06T23:00Z,401459834,DET,2022,Buffalo Sabres,7,Detroit Red Wings,6,-110,,,-110,,,False,DraftKings,14,-135,5,SO,215,-255,1.5,Final/SO,6.5,115,135,145,ESPN BET,fixed,7
OTT,2023-04-06T23:00Z,401459835,FLA,2022,Ottawa Senators,2,Florida Panthers,7,200,,,-270,,,False,DraftKings,14,105,3,REG,-110,-110,-1.5,Final,7.0,-125,-155,300,ESPN BET,fixed,7
WSH,2023-04-06T23:00Z,401459836,MTL,2022,Washington Capitals,2,Montreal Canadiens,6,-155,,,135,,,False,DraftKings,14,-110,3,REG,155,-180,1.5,Final,6.5,-110,195,105,ESPN BET,fixed,7
CBJ,2023-04-06T23:00Z,401459839,NJ,2022,Columbus Blue Jackets,1,New Jersey Devils,8,290,,,-400,,,False,DraftKings,14,105,3,REG,145,-170,-1.5,Final,7.0,-125,-265,500,ESPN BET,fixed,8
MIN,2023-04-06T23:00Z,401459840,PIT,2022,Minnesota Wild,1,Pittsburgh Penguins,4,110,,,-130,,,False,DraftKings,14,-115,3,REG,-230,195,-1.5,Final,6.0,-105,120,165,ESPN BET,fixed,8
TB,2023-04-06T23:30Z,401459837,NYI,2022,Tampa Bay Lightning,1,New York Islanders,6,145,,,-165,,,False,DraftKings,14,-120,3,REG,-195,165,-1.5,Final,5.5,100,110,190,ESPN BET,fixed,7
CAR,2023-04-07T00:00Z,401459838,NSH,2022,Carolina Hurricanes,0,Nashville Predators,3,-200,,,175,,,False,DraftKings,14,-120,3,REG,135,-155,1.5,Final,5.5,100,255,-120,ESPN BET,fixed,8
NYR,2023-04-07T00:00Z,401459843,STL,2022,New York Rangers,2,St. Louis Blues,3,-165,,,140,,,False,DraftKings,14,-115,4,OT,150,-175,1.5,Final/OT,6.5,-105,205,-105,ESPN BET,fixed,8
PHI,2023-04-07T00:30Z,401459833,DAL,2022,Philadelphia Flyers,1,Dallas Stars,4,200,,,-235,,,False,DraftKings,13,-115,3,REG,-130,110,-1.5,Final,6.0,-105,-145,295,ESPN BET,fixed,7
CHI,2023-04-07T02:00Z,401459844,VAN,2022,Chicago Blackhawks,0,Vancouver Canucks,3,200,,,-240,,,False,DraftKings,14,-120,3,REG,-130,110,-1.5,Final,6.5,100,-145,285,ESPN BET,fixed,7
LA,2023-04-07T02:00Z,401459845,VGK,2022,Los Angeles Kings,2,Vegas Golden Knights,5,105,,,-125,,,False,DraftKings,14,-110,3,REG,-245,205,-1.5,Final,6.0,-110,130,155,ESPN BET,fixed,7
COL,2023-04-07T02:30Z,401459841,SJ,2022,Colorado Avalanche,6,San Jose Sharks,2,-235,,,195,,,False,DraftKings,14,-120,3,REG,105,-125,1.5,Final,6.5,100,300,-150,ESPN BET,fixed,7
ARI,2023-04-07T02:30Z,401459842,SEA,2022,Arizona Coyotes,2,Seattle Kraken,4,270,,,-325,,,False,DraftKings,14,-105,3,REG,110,-130,-1.5,Final,6.5,-115,-210,425,ESPN BET,fixed,7
CAR,2023-04-08T16:30Z,401459848,BUF,2022,Carolina Hurricanes,3,Buffalo Sabres,4,-180,,,140,,,False,DraftKings,14,,3,REG,145,-170,1.5,Final,,,220,-110,ESPN BET,fixed,7
PIT,2023-04-08T17:00Z,401459851,DET,2022,Pittsburgh Penguins,5,Detroit Red Wings,1,-190,,,140,,,False,DraftKings,14,,3,REG,135,-155,1.5,Final,,,225,-115,ESPN BET,fixed,8
VGK,2023-04-08T19:30Z,401459850,DAL,2022,Vegas Golden Knights,1,Dallas Stars,2,150,,,-175,,,False,DraftKings,14,,5,SO,-175,150,-1.5,Final/SO,,,100,205,ESPN BET,fixed,7
EDM,2023-04-08T20:00Z,401459856,SJ,2022,Edmonton Oilers,6,San Jose Sharks,1,-290,,,240,,,False,DraftKings,14,,3,REG,-120,100,1.5,Final,,,360,-185,ESPN BET,fixed,7
ANA,2023-04-08T21:30Z,401459846,ARI,2022,Anaheim Ducks,4,Arizona Coyotes,5,125,,,-145,,,False,DraftKings,14,,4,OT,-200,170,-1.5,Final/OT,,,105,185,ESPN BET,fixed,8
NYR,2023-04-08T23:00Z,401459849,CBJ,2022,New York Rangers,4,Columbus Blue Jackets,0,-300,,,250,,,False,DraftKings,14,,3,REG,-130,110,1.5,Final,,,400,-205,ESPN BET,fixed,7
TB,2023-04-08T23:00Z,401459855,OTT,2022,Tampa Bay Lightning,4,Ottawa Senators,7,-140,,,120,,,False,DraftKings,14,,3,REG,165,-195,1.5,Final,,,180,110,ESPN BET,fixed,7
MTL,2023-04-08T23:00Z,401459858,TOR,2022,Montreal Canadiens,1,Toronto Maple Leafs,7,300,,,-380,,,False,DraftKings,14,,3,REG,120,-140,-1.5,Final,,,-220,425,ESPN BET,fixed,7
FLA,2023-04-08T23:00Z,401459860,WSH,2022,Florida Panthers,4,Washington Capitals,2,-190,,,155,,,False,DraftKings,14,,3,REG,140,-165,1.5,Final,,,220,-115,ESPN BET,fixed,8
NSH,2023-04-08T23:00Z,401459861,WPG,2022,Nashville Predators,0,Winnipeg Jets,2,165,,,-195,,,False,DraftKings,14,,3,REG,-155,135,-1.5,Final,,,-115,245,ESPN BET,fixed,7
PHI,2023-04-08T23:30Z,401459854,NYI,2022,Philadelphia Flyers,0,New York Islanders,4,225,,,-300,,,False,DraftKings,14,,3,REG,-115,-105,-1.5,Final,,,-175,360,ESPN BET,fixed,8
NJ,2023-04-09T00:00Z,401459847,BOS,2022,New Jersey Devils,1,Boston Bruins,2,140,,,-165,,,False,DraftKings,14,,3,REG,-195,165,-1.5,Final,,,105,200,ESPN BET,fixed,8
STL,2023-04-09T00:00Z,401459853,MIN,2022,St. Louis Blues,3,Minnesota Wild,5,200,,,-240,,,False,DraftKings,14,,3,REG,-120,100,-1.5,Final,,,-150,310,ESPN BET,fixed,7
CHI,2023-04-09T02:00Z,401459857,SEA,2022,Chicago Blackhawks,3,Seattle Kraken,7,300,,,-380,,,False,DraftKings,14,,3,REG,125,-145,-1.5,Final,,,-235,475,ESPN BET,fixed,7
CGY,2023-04-09T02:00Z,401459859,VAN,2022,Calgary Flames,2,Vancouver Canucks,3,-170,,,145,,,False,DraftKings,14,,5,SO,150,-175,1.5,Final/SO,,,205,-105,ESPN BET,fixed,8
COL,2023-04-09T02:30Z,401459852,LA,2022,Colorado Avalanche,4,Los Angeles Kings,3,-120,,,100,,,False,DraftKings,14,,3,REG,205,-245,1.5,Final,,,165,125,Caesars Sportsbook,fixed,7
BOS,2023-04-09T22:00Z,401459863,PHI,2022,Boston Bruins,5,Philadelphia Flyers,3,-220,,,190,,,False,DraftKings,14,,3,REG,105,-125,1.5,Final,,,330,-160,ESPN BET,fixed,8
COL,2023-04-10T00:30Z,401459862,ANA,2022,Colorado Avalanche,5,Anaheim Ducks,4,-340,,,290,,,False,DraftKings,13,,4,OT,-140,120,1.5,Final/OT,,,400,-210,ESPN BET,fixed,7
DAL,2023-04-10T23:00Z,401459867,DET,2022,Dallas Stars,6,Detroit Red Wings,1,-180,,,155,,,False,DraftKings,14,,3,REG,140,-165,1.5,Final,,,225,-110,ESPN BET,fixed,7
TOR,2023-04-10T23:00Z,401459868,FLA,2022,Toronto Maple Leafs,2,Florida Panthers,1,125,,,-145,,,False,DraftKings,14,,4,OT,-195,165,-1.5,Final/OT,,,110,180,ESPN BET,fixed,7
BUF,2023-04-10T23:00Z,401459870,NYR,2022,Buffalo Sabres,3,New York Rangers,2,180,,,-210,,,False,DraftKings,13,,5,SO,-135,115,-1.5,Final/SO,,,-135,265,ESPN BET,fixed,7
CAR,2023-04-10T23:00Z,401459871,OTT,2022,Carolina Hurricanes,2,Ottawa Senators,3,-190,,,160,,,False,DraftKings,14,,3,REG,135,-155,1.5,Final,,,220,-110,ESPN BET,fixed,8
NYI,2023-04-10T23:00Z,401459872,WSH,2022,New York Islanders,2,Washington Capitals,5,-190,,,160,,,False,DraftKings,14,,3,REG,140,-165,1.5,Final,,,240,-115,ESPN BET,fixed,8
SJ,2023-04-10T23:00Z,401459873,WPG,2022,San Jose Sharks,2,Winnipeg Jets,6,280,,,-350,,,False,DraftKings,14,,3,REG,115,-135,-1.5,Final,,,-215,425,ESPN BET,fixed,7
MIN,2023-04-11T01:00Z,401459866,CHI,2022,Minnesota Wild,4,Chicago Blackhawks,2,-240,,,200,,,False,DraftKings,14,,3,REG,105,-125,1.5,Final,,,310,-150,ESPN BET,fixed,7
NSH,2023-04-11T01:30Z,401459865,CGY,2022,Nashville Predators,3,Calgary Flames,2,180,,,-210,,,False,DraftKings,14,,5,SO,-145,125,-1.5,Final/SO,,,-135,280,ESPN BET,fixed,7
SEA,2023-04-11T02:00Z,401459864,ARI,2022,Seattle Kraken,4,Arizona Coyotes,1,-240,,,200,,,False,DraftKings,14,,3,REG,105,-125,1.5,Final,,,295,-150,ESPN BET,fixed,8
VAN,2023-04-11T02:30Z,401459869,LA,2022,Vancouver Canucks,0,Los Angeles Kings,3,170,,,-200,,,False,DraftKings,14,,3,REG,-150,130,-1.5,Final,,,-120,245,ESPN BET,fixed,8
WSH,2023-04-11T23:00Z,401459875,BOS,2022,Washington Capitals,2,Boston Bruins,5,265,,,-330,,,False,DraftKings,13,,3,REG,115,-135,-1.5,Final,,,-210,425,ESPN BET,fixed,7
DET,2023-04-11T23:00Z,401459876,CAR,2022,Detroit Red Wings,1,Carolina Hurricanes,4,260,,,-320,,,False,DraftKings,14,,3,REG,100,-120,-1.5,Final,,,-195,400,ESPN BET,fixed,7
BUF,2023-04-11T23:00Z,401459879,NJ,2022,Buffalo Sabres,2,New Jersey Devils,6,200,,,-240,,,False,DraftKings,14,,3,REG,-110,-110,-1.5,Final,,,-155,300,ESPN BET,fixed,8
CBJ,2023-04-11T23:00Z,401459880,PHI,2022,Columbus Blue Jackets,3,Philadelphia Flyers,4,175,,,-210,,,False,DraftKings,14,,4,OT,-145,125,-1.5,Final/OT,,,-125,240,ESPN BET,fixed,7
TOR,2023-04-11T23:00Z,401459882,TB,2022,Toronto Maple Leafs,4,Tampa Bay Lightning,3,185,,,-225,,,False,DraftKings,14,,3,REG,-130,110,-1.5,Final,,,-135,270,ESPN BET,fixed,8
CHI,2023-04-11T23:30Z,401459881,PIT,2022,Chicago Blackhawks,5,Pittsburgh Penguins,2,400,,,-525,,,False,DraftKings,14,,3,REG,180,-210,-1.5,Final,,,-330,650,ESPN BET,fixed,7
WPG,2023-04-12T00:00Z,401459878,MIN,2022,Winnipeg Jets,3,Minnesota Wild,1,100,,,-120,,,False,DraftKings,14,,3,REG,-250,210,-1.5,Final,,,130,160,Caesars Sportsbook,fixed,7
EDM,2023-04-12T01:30Z,401459877,COL,2022,Edmonton Oilers,2,Colorado Avalanche,1,-115,,,-105,,,False,DraftKings,14,,4,OT,210,-250,1.5,Final/OT,,,145,135,ESPN BET,fixed,7
VAN,2023-04-12T02:00Z,401459874,ANA,2022,Vancouver Canucks,3,Anaheim Ducks,2,-150,,,130,,,False,DraftKings,13,,3,REG,160,-190,1.5,Final,,,190,105,ESPN BET,fixed,6
SEA,2023-04-12T02:00Z,401459883,VGK,2022,Seattle Kraken,1,Vegas Golden Knights,4,135,,,-160,,,False,DraftKings,14,,3,REG,-190,160,-1.5,Final,,,105,195,ESPN BET,fixed,7
MTL,2023-04-12T23:00Z,401459885,NYI,2022,Montreal Canadiens,2,New York Islanders,4,280,,,-350,,,False,DraftKings,14,,3,REG,110,-130,-1.5,Final,,,-215,450,ESPN BET,fixed,7
DAL,2023-04-12T23:30Z,401459886,STL,2022,Dallas Stars,5,St. Louis Blues,2,-165,,,140,,,False,DraftKings,14,,3,REG,155,-180,1.5,Final,,,205,100,ESPN BET,fixed,7
SJ,2023-04-13T02:00Z,401459884,CGY,2022,San Jose Sharks,1,Calgary Flames,3,200,,,-240,,,False,DraftKings,14,,3,REG,-115,-105,-1.5,Final,,,-160,320,ESPN BET,fixed,7
OTT,2023-04-13T23:00Z,401459889,BUF,2022,Ottawa Senators,3,Buffalo Sabres,4,115,,,-135,,,False,DraftKings,14,,4,OT,-205,175,-1.5,Final/OT,,,115,160,ESPN BET,fixed,8
PIT,2023-04-13T23:00Z,401459892,CBJ,2022,Pittsburgh Penguins,2,Columbus Blue Jackets,3,-250,,,210,,,False,DraftKings,13,,4,OT,100,-120,1.5,Final/OT,,,285,-145,ESPN BET,fixed,6
CAR,2023-04-13T23:00Z,401459895,FLA,2022,Carolina Hurricanes,6,Florida Panthers,4,-110,,,-110,,,False,DraftKings,14,,3,REG,-260,220,-1.5,Final,,,140,145,ESPN BET,fixed,7
BOS,2023-04-13T23:00Z,401459896,MTL,2022,Boston Bruins,5,Montreal Canadiens,4,-345,,,270,,,False,DraftKings,14,,3,REG,-135,115,1.5,Final,,,400,-200,ESPN BET,fixed,7
TOR,2023-04-13T23:00Z,401459897,NYR,2022,Toronto Maple Leafs,3,New York Rangers,2,115,,,-135,,,False,DraftKings,14,,3,REG,-205,175,-1.5,Final,,,110,180,ESPN BET,fixed,8
DET,2023-04-13T23:00Z,401459900,TB,2022,Detroit Red Wings,0,Tampa Bay Lightning,5,195,,,-235,,,False,DraftKings,14,,3,REG,-125,105,-1.5,Final,,,-150,295,ESPN BET,fixed,8
NJ,2023-04-13T23:00Z,401459901,WSH,2022,New Jersey Devils,5,Washington Capitals,4,-155,,,130,,,False,DraftKings,14,,4,OT,150,-175,1.5,Final/OT,,,205,-105,ESPN BET,fixed,8
WPG,2023-04-14T00:00Z,401459891,COL,2022,Winnipeg Jets,2,Colorado Avalanche,4,260,,,-310,,,False,DraftKings,14,,3,REG,-105,-115,-1.5,Final,,,-195,380,ESPN BET,fixed,8
STL,2023-04-14T00:00Z,401459893,DAL,2022,St. Louis Blues,0,Dallas Stars,1,250,,,-300,,,False,DraftKings,14,,3,REG,-110,-110,-1.5,Final,,,-175,350,ESPN BET,fixed,7
MIN,2023-04-14T00:00Z,401459898,NSH,2022,Minnesota Wild,3,Nashville Predators,4,135,,,-160,,,False,DraftKings,13,,4,OT,-215,185,-1.5,Final/OT,,,115,185,ESPN BET,fixed,6
PHI,2023-04-14T00:30Z,401459890,CHI,2022,Philadelphia Flyers,5,Chicago Blackhawks,4,-115,,,-105,,,False,DraftKings,14,,4,OT,225,-265,1.5,Final/OT,,,145,140,ESPN BET,fixed,8
SJ,2023-04-14T01:00Z,401459894,EDM,2022,San Jose Sharks,2,Edmonton Oilers,5,400,,,-600,,,False,DraftKings,14,,3,REG,175,-205,-1.5,Final,,,-320,600,ESPN BET,fixed,7
LA,2023-04-14T02:00Z,401459887,ANA,2022,Los Angeles Kings,5,Anaheim Ducks,3,-270,,,200,,,False,DraftKings,14,,3,REG,-105,-115,1.5,Final,,,310,-155,ESPN BET,fixed,8
VAN,2023-04-14T02:00Z,401459888,ARI,2022,Vancouver Canucks,5,Arizona Coyotes,4,-140,,,125,,,False,DraftKings,14,,4,OT,165,-195,1.5,Final/OT,,,185,105,ESPN BET,fixed,8
VGK,2023-04-14T02:30Z,401459899,SEA,2022,Vegas Golden Knights,3,Seattle Kraken,1,-110,,,-110,,,False,DraftKings,14,,3,REG,210,-250,1.5,Final,,,155,130,ESPN BET,fixed,8
BUF,2023-04-14T23:30Z,401519678,CBJ,2022,Buffalo Sabres,5,Columbus Blue Jackets,2,-190,,,160,,,False,DraftKings,13,,3,REG,130,-150,1.5,Final,,,225,-115,ESPN BET,fixed,6
COL,2023-04-15T00:00Z,401507549,NSH,2022,Colorado Avalanche,4,Nashville Predators,3,-240,,,200,,,False,DraftKings,14,,3,REG,115,-135,1.5,Final,,,300,-145,ESPN BET,fixed,8
