away,date_utc,espn_id,home,season,away_name,away_score,home_name,home_score,ml_away,ml_away_close,ml_away_open,ml_home,ml_home_close,ml_home_open,neutral,odds_provider,odds_providers_n,over_price,periods,result_type,sp_price_away,sp_price_home,spread_home,status_detail,total,under_price,ml_home_raw,ml_away_raw,ml_provider,ml_status,ml_sane_books
NSH,2023-10-10T21:30Z,401559236,TB,2023,Nashville Predators,3,Tampa Bay Lightning,5,135,,,-155,,,False,ESPN BET,12,-105,3,REG,-190,150,-1.5,Final,6.5,-115,-155,135,ESPN BET,fixed,7
CHI,2023-10-11T00:00Z,401559237,PIT,2023,Chicago Blackhawks,4,Pittsburgh Penguins,2,210,,,-250,,,False,ESPN BET,12,-140,3,REG,-125,105,-1.5,Final,6.5,120,-250,210,ESPN BET,fixed,7
SEA,2023-10-11T03:14Z,401559238,VGK,2023,Seattle Kraken,1,Vegas Golden Knights,4,140,,,-165,,,False,ESPN BET,12,,3,REG,-170,135,-1.5,Final,6.5,-130,-165,140,ESPN BET,fixed,6
MTL,2023-10-11T23:00Z,401559239,TOR,2023,Montreal Canadiens,5,Toronto Maple Leafs,6,250,,,-300,,,False,DraftKings,12,,5,SO,100,-120,-1.5,Final/SO,,,-185,360,ESPN BET,fixed,6
OTT,2023-10-11T23:00Z,401559240,CAR,2023,Ottawa Senators,3,Carolina Hurricanes,5,165,,,-195,,,False,DraftKings,12,,3,REG,-155,130,-1.5,Final,,,-120,245,ESPN BET,fixed,6
CHI,2023-10-11T23:30Z,401559241,BOS,2023,Chicago Blackhawks,1,Boston Bruins,3,280,,,-340,,,False,DraftKings,12,,3,REG,110,-130,-1.5,Final,,,-210,425,ESPN BET,fixed,5
WPG,2023-10-12T02:00Z,401559242,CGY,2023,Winnipeg Jets,3,Calgary Flames,5,120,,,-140,,,False,DraftKings,12,,3,REG,-218,180,-1.5,Final,,,115,180,ESPN BET,fixed,5
EDM,2023-10-12T02:00Z,401559243,VAN,2023,Edmonton Oilers,1,Vancouver Canucks,8,-155,,,130,,,False,DraftKings,12,,3,REG,145,-175,1.5,Final,,,200,-105,ESPN BET,fixed,5
COL,2023-10-12T02:00Z,401559244,LA,2023,Colorado Avalanche,5,Los Angeles Kings,2,-125,,,105,,,False,DraftKings,12,,3,REG,200,-245,1.5,Final,,,155,130,ESPN BET,fixed,5
NYR,2023-10-12T23:00Z,401559245,BUF,2023,New York Rangers,5,Buffalo Sabres,1,-145,,,115,,,False,DraftKings,13,,3,REG,185,-225,1.5,Final,,,160,120,ESPN BET,fixed,8
PHI,2023-10-12T23:00Z,401559248,CBJ,2023,Philadelphia Flyers,4,Columbus Blue Jackets,2,-105,,,-125,,,False,DraftKings,13,,3,REG,-238,195,-1.5,Final,,,125,155,ESPN BET,fixed,7
DET,2023-10-12T23:30Z,401559247,NJ,2023,Detroit Red Wings,3,New Jersey Devils,4,195,,,-240,,,False,DraftKings,13,,3,REG,-125,105,-1.5,Final,,,-150,290,ESPN BET,fixed,7
SEA,2023-10-13T00:00Z,401559249,NSH,2023,Seattle Kraken,0,Nashville Predators,3,-110,,,-120,,,False,DraftKings,13,,3,REG,-258,210,-1.5,Final,,,135,150,ESPN BET,fixed,7
STL,2023-10-13T00:00Z,401559250,DAL,2023,St. Louis Blues,1,Dallas Stars,2,170,,,-220,,,False,DraftKings,13,,5,SO,-135,114,-1.5,Final/SO,,,-140,275,ESPN BET,fixed,8
FLA,2023-10-13T00:00Z,401559251,MIN,2023,Florida Panthers,0,Minnesota Wild,2,115,,,-145,,,False,DraftKings,13,,3,REG,-225,185,-1.5,Final,,,120,165,ESPN BET,fixed,8
VGK,2023-10-13T02:30Z,401559252,SJ,2023,Vegas Golden Knights,4,San Jose Sharks,1,-260,,,200,,,False,DraftKings,13,,3,REG,100,-120,1.5,Final,,,310,-155,ESPN BET,fixed,7
ARI,2023-10-13T23:00Z,401559253,NJ,2023,Arizona Coyotes,4,New Jersey Devils,3,180,,,-240,,,False,DraftKings,13,,5,SO,-115,-105,-1.5,Final/SO,,,-160,320,ESPN BET,fixed,7
PIT,2023-10-13T23:30Z,401559254,WSH,2023,Pittsburgh Penguins,4,Washington Capitals,0,-130,,,110,,,False,DraftKings,13,,3,REG,195,-238,1.5,Final,,,155,125,ESPN BET,fixed,8
PHI,2023-10-14T17:00Z,401559255,OTT,2023,Philadelphia Flyers,2,Ottawa Senators,5,150,,,-190,,,False,DraftKings,12,,3,REG,-162,136,-1.5,Final,,,-115,225,ESPN BET,fixed,7
FLA,2023-10-14T20:00Z,401559256,WPG,2023,Florida Panthers,4,Winnipeg Jets,6,120,,,-140,,,False,DraftKings,12,,3,REG,-205,170,-1.5,Final,,,110,175,ESPN BET,fixed,7
NSH,2023-10-14T23:00Z,401559257,BOS,2023,Nashville Predators,2,Boston Bruins,3,155,,,-185,,,False,DraftKings,12,,3,REG,-162,136,-1.5,Final,,,-120,245,ESPN BET,fixed,7
MIN,2023-10-14T23:00Z,401559258,TOR,2023,Minnesota Wild,4,Toronto Maple Leafs,7,140,,,-165,,,False,DraftKings,12,,3,REG,-175,145,-1.5,Final,,,-105,210,ESPN BET,fixed,7
CHI,2023-10-14T23:00Z,401559259,MTL,2023,Chicago Blackhawks,2,Montreal Canadiens,3,120,,,-140,,,False,DraftKings,12,,3,REG,-185,154,-1.5,Final,,,100,200,ESPN BET,fixed,6
TB,2023-10-14T23:00Z,401559260,DET,2023,Tampa Bay Lightning,4,Detroit Red Wings,6,-130,,,110,,,False,DraftKings,12,,3,REG,180,-218,1.5,Final,,,165,120,ESPN BET,fixed,6
CGY,2023-10-14T23:00Z,401559261,PIT,2023,Calgary Flames,2,Pittsburgh Penguins,5,-115,,,-105,,,False,DraftKings,12,,3,REG,-245,200,-1.5,Final,,,130,150,MGM,fixed,5
NYR,2023-10-14T23:00Z,401559262,CBJ,2023,New York Rangers,3,Columbus Blue Jackets,5,-235,,,195,,,False,DraftKings,12,,3,REG,105,-125,1.5,Final,,,290,-145,ESPN BET,fixed,6
BUF,2023-10-14T23:30Z,401559263,NYI,2023,Buffalo Sabres,2,New York Islanders,3,110,,,-140,,,False,DraftKings,12,,3,REG,-218,180,-1.5,Final,,,110,185,ESPN BET,fixed,6
SEA,2023-10-15T00:00Z,401559264,STL,2023,Seattle Kraken,1,St. Louis Blues,2,-120,,,-110,,,False,DraftKings,12,,5,SO,205,-250,1.5,Final/SO,,,150,130,ESPN BET,fixed,7
VAN,2023-10-15T02:00Z,401559265,EDM,2023,Vancouver Canucks,4,Edmonton Oilers,3,190,,,-230,,,False,DraftKings,12,,3,REG,-120,100,-1.5,Final,,,-150,290,ESPN BET,fixed,6
ANA,2023-10-15T02:00Z,401559266,VGK,2023,Anaheim Ducks,1,Vegas Golden Knights,4,260,,,-320,,,False,DraftKings,12,,3,REG,110,-130,-1.5,Final,,,-210,425,ESPN BET,fixed,6
COL,2023-10-15T02:00Z,401559267,SJ,2023,Colorado Avalanche,2,San Jose Sharks,1,-300,,,250,,,False,DraftKings,12,,5,SO,-120,100,1.5,Final/SO,,,380,-190,ESPN BET,fixed,7
CAR,2023-10-15T02:30Z,401559268,LA,2023,Carolina Hurricanes,6,Los Angeles Kings,5,-130,,,110,,,False,DraftKings,12,,5,SO,190,-230,1.5,Final/SO,,,170,120,ESPN BET,fixed,7
TB,2023-10-15T23:00Z,401559246,OTT,2023,Tampa Bay Lightning,2,Ottawa Senators,5,120,,,-140,,,False,DraftKings,12,,3,REG,-198,164,-1.5,Final,,,110,175,ESPN BET,fixed,7
CAR,2023-10-16T00:30Z,401559269,ANA,2023,Carolina Hurricanes,3,Anaheim Ducks,6,-300,,,250,,,False,DraftKings,12,,3,REG,-120,100,1.5,Final,,,380,-190,ESPN BET,fixed,7
CHI,2023-10-16T23:00Z,401559270,TOR,2023,Chicago Blackhawks,4,Toronto Maple Leafs,1,290,,,-360,,,False,DraftKings,12,,3,REG,120,-142,-1.5,Final,,,-220,425,ESPN BET,fixed,6
FLA,2023-10-16T23:00Z,401559271,NJ,2023,Florida Panthers,4,New Jersey Devils,3,150,,,-175,,,False,DraftKings,12,,3,REG,-155,130,-1.5,Final,,,-115,225,ESPN BET,fixed,6
ARI,2023-10-16T23:00Z,401559272,NYR,2023,Arizona Coyotes,1,New York Rangers,2,200,,,-240,,,False,DraftKings,12,,3,REG,-125,105,-1.5,Final,,,-145,280,ESPN BET,fixed,6
CGY,2023-10-16T23:00Z,401559273,WSH,2023,Calgary Flames,2,Washington Capitals,3,-130,,,110,,,False,DraftKings,12,,5,SO,200,-245,1.5,Final/SO,,,155,130,ESPN BET,fixed,7
DET,2023-10-16T23:00Z,401559274,CBJ,2023,Detroit Red Wings,4,Columbus Blue Jackets,0,-140,,,120,,,False,DraftKings,12,,3,REG,170,-205,1.5,Final,,,170,115,ESPN BET,fixed,6
VAN,2023-10-17T22:00Z,401559277,PHI,2023,Vancouver Canucks,0,Philadelphia Flyers,2,-135,,,115,,,False,DraftKings,12,,3,REG,180,-218,1.5,Final,,,180,115,ESPN BET,fixed,7
MIN,2023-10-17T23:00Z,401559276,MTL,2023,Minnesota Wild,5,Montreal Canadiens,2,-140,,,120,,,False,DraftKings,12,,3,REG,164,-198,1.5,Final,,,195,105,ESPN BET,fixed,6
TB,2023-10-17T23:30Z,401559275,BUF,2023,Tampa Bay Lightning,2,Buffalo Sabres,3,105,,,-125,,,False,DraftKings,12,,4,OT,-225,185,-1.5,Final/OT,,,130,150,ESPN BET,fixed,7
ARI,2023-10-17T23:30Z,401559278,NYI,2023,Arizona Coyotes,0,New York Islanders,1,165,,,-195,,,False,DraftKings,12,,3,REG,-148,124,-1.5,Final,,,-130,265,ESPN BET,fixed,6
EDM,2023-10-18T00:00Z,401559279,NSH,2023,Edmonton Oilers,6,Nashville Predators,1,-135,,,115,,,False,DraftKings,12,,3,REG,170,-205,1.5,Final,,,170,115,ESPN BET,fixed,7
LA,2023-10-18T00:00Z,401559280,WPG,2023,Los Angeles Kings,5,Winnipeg Jets,1,120,,,-140,,,False,DraftKings,12,,3,REG,-205,170,-1.5,Final,,,120,165,ESPN BET,fixed,7
COL,2023-10-18T02:00Z,401559281,SEA,2023,Colorado Avalanche,4,Seattle Kraken,1,-160,,,140,,,False,DraftKings,12,,3,REG,154,-185,1.5,Final,,,200,100,ESPN BET,fixed,6
DAL,2023-10-18T02:30Z,401559282,VGK,2023,Dallas Stars,2,Vegas Golden Knights,3,-115,,,-105,,,False,DraftKings,12,,5,SO,200,-245,1.5,Final/SO,,,165,125,ESPN BET,fixed,7
CAR,2023-10-18T02:30Z,401559283,SJ,2023,Carolina Hurricanes,6,San Jose Sharks,3,-320,,,260,,,False,DraftKings,12,,3,REG,-125,105,1.5,Final,,,400,-200,ESPN BET,fixed,6
WSH,2023-10-18T23:00Z,401559284,OTT,2023,Washington Capitals,1,Ottawa Senators,6,150,,,-180,,,False,DraftKings,12,,3,REG,-166,140,-1.5,Final,,,-110,215,ESPN BET,fixed,7
PIT,2023-10-18T23:30Z,401559285,DET,2023,Pittsburgh Penguins,3,Detroit Red Wings,6,-135,,,115,,,False,DraftKings,12,,3,REG,180,-218,1.5,Final,,,165,120,ESPN BET,fixed,7
CGY,2023-10-19T23:00Z,401559286,BUF,2023,Calgary Flames,4,Buffalo Sabres,3,-125,,,105,,,False,DraftKings,12,,3,REG,-258,210,-1.5,Final,,,140,140,MGM,fixed,6
VAN,2023-10-19T23:00Z,401559287,TB,2023,Vancouver Canucks,3,Tampa Bay Lightning,4,110,,,-130,,,False,DraftKings,12,,3,REG,-192,160,-1.5,Final,,,105,180,ESPN BET,fixed,7
TOR,2023-10-19T23:00Z,401559288,FLA,2023,Toronto Maple Leafs,1,Florida Panthers,3,-135,,,115,,,False,DraftKings,12,,3,REG,170,-205,1.5,Final,,,170,115,ESPN BET,fixed,6
NSH,2023-10-19T23:00Z,401559289,NYR,2023,Nashville Predators,4,New York Rangers,1,160,,,-190,,,False,DraftKings,12,,3,REG,-155,130,-1.5,Final,,,-120,245,ESPN BET,fixed,7
EDM,2023-10-19T23:30Z,401559290,PHI,2023,Edmonton Oilers,1,Philadelphia Flyers,4,-195,,,165,,,False,DraftKings,12,,3,REG,110,-130,1.5,Final,,,250,-130,ESPN BET,fixed,7
ARI,2023-10-20T00:00Z,401559291,STL,2023,Arizona Coyotes,6,St. Louis Blues,2,-110,,,-110,,,False,DraftKings,12,,3,REG,-265,215,-1.5,Final,,,135,145,ESPN BET,fixed,7
LA,2023-10-20T00:00Z,401559292,MIN,2023,Los Angeles Kings,7,Minnesota Wild,3,-110,,,-110,,,False,DraftKings,12,,3,REG,-265,210,-1.5,Final,,,140,145,ESPN BET,fixed,6
VGK,2023-10-20T00:00Z,401559293,WPG,2023,Vegas Golden Knights,5,Winnipeg Jets,3,-115,,,-105,,,False,DraftKings,12,,3,REG,210,-258,1.5,Final,,,150,135,MGM,fixed,6
DAL,2023-10-20T02:00Z,401559294,ANA,2023,Dallas Stars,3,Anaheim Ducks,2,-250,,,190,,,False,DraftKings,12,,3,REG,-102,-118,1.5,Final,,,330,-160,ESPN BET,fixed,7
CAR,2023-10-20T02:00Z,401559295,SEA,2023,Carolina Hurricanes,4,Seattle Kraken,7,-140,,,120,,,False,DraftKings,12,,3,REG,160,-192,1.5,Final,,,200,100,ESPN BET,fixed,6
CHI,2023-10-20T02:30Z,401559296,COL,2023,Chicago Blackhawks,0,Colorado Avalanche,4,280,,,-350,,,False,DraftKings,12,,3,REG,120,-142,-1.5,Final,,,-225,450,ESPN BET,fixed,7
BOS,2023-10-20T02:30Z,401559297,SJ,2023,Boston Bruins,3,San Jose Sharks,1,-275,,,225,,,False,DraftKings,12,,3,REG,-112,-108,1.5,Final,,,360,-175,ESPN BET,fixed,7
CGY,2023-10-20T23:00Z,401559298,CBJ,2023,Calgary Flames,1,Columbus Blue Jackets,3,-160,,,135,,,False,DraftKings,12,,3,REG,154,-185,1.5,Final,,,190,105,ESPN BET,fixed,6
NJ,2023-10-20T23:30Z,401559299,NYI,2023,New Jersey Devils,5,New York Islanders,4,-115,,,-105,,,False,DraftKings,12,,4,OT,205,-250,1.5,Final/OT,,,155,130,ESPN BET,fixed,6
DET,2023-10-21T17:00Z,401559300,OTT,2023,Detroit Red Wings,5,Ottawa Senators,2,125,,,-160,,,False,DraftKings,12,,3,REG,-185,154,-1.5,Final,,,100,200,ESPN BET,fixed,6
ANA,2023-10-21T20:00Z,401559301,ARI,2023,Anaheim Ducks,1,Arizona Coyotes,2,150,,,-190,,,False,DraftKings,12,,3,REG,-155,130,-1.5,Final,,,-115,230,ESPN BET,fixed,6
NYI,2023-10-21T23:00Z,401559302,BUF,2023,New York Islanders,1,Buffalo Sabres,3,110,,,-130,,,False,DraftKings,12,,3,REG,-225,185,-1.5,Final,,,120,165,ESPN BET,fixed,7
WSH,2023-10-21T23:00Z,401559303,MTL,2023,Washington Capitals,2,Montreal Canadiens,3,-115,,,-105,,,False,DraftKings,11,,4,OT,205,-250,1.5,Final/OT,,,150,130,MGM,fixed,6
TOR,2023-10-21T23:00Z,401559304,TB,2023,Toronto Maple Leafs,4,Tampa Bay Lightning,3,-145,,,125,,,False,DraftKings,12,,4,OT,154,-185,1.5,Final/OT,,,185,105,ESPN BET,fixed,7
VAN,2023-10-21T23:00Z,401559305,FLA,2023,Vancouver Canucks,5,Florida Panthers,3,130,,,-150,,,False,DraftKings,12,,3,REG,-198,164,-1.5,Final,,,105,185,ESPN BET,fixed,6
VGK,2023-10-22T00:00Z,401559306,CHI,2023,Vegas Golden Knights,5,Chicago Blackhawks,3,-215,,,180,,,False,DraftKings,12,,3,REG,114,-135,1.5,Final,,,300,-145,ESPN BET,fixed,6
PIT,2023-10-22T00:00Z,401559307,STL,2023,Pittsburgh Penguins,2,St. Louis Blues,4,-170,,,145,,,False,DraftKings,12,,3,REG,145,-175,1.5,Final,,,210,-105,ESPN BET,fixed,6
SJ,2023-10-22T00:00Z,401559308,NSH,2023,San Jose Sharks,1,Nashville Predators,5,210,,,-250,,,False,DraftKings,12,,3,REG,-115,-105,-1.5,Final,,,-175,370,ESPN BET,fixed,6
PHI,2023-10-22T00:00Z,401559309,DAL,2023,Philadelphia Flyers,4,Dallas Stars,5,205,,,-240,,,False,DraftKings,12,,4,OT,-125,105,-1.5,Final/OT,,,-160,330,ESPN BET,fixed,6
CBJ,2023-10-22T00:00Z,401559310,MIN,2023,Columbus Blue Jackets,5,Minnesota Wild,4,190,,,-225,,,False,DraftKings,12,,4,OT,-125,105,-1.5,Final/OT,,,-155,310,ESPN BET,fixed,6
CAR,2023-10-22T01:00Z,401559311,COL,2023,Carolina Hurricanes,4,Colorado Avalanche,6,135,,,-155,,,False,DraftKings,12,,3,REG,-192,160,-1.5,Final,,,105,195,ESPN BET,fixed,6
WPG,2023-10-22T02:00Z,401559312,EDM,2023,Winnipeg Jets,3,Edmonton Oilers,2,145,,,-170,,,False,DraftKings,12,,4,OT,-162,136,-1.5,Final/OT,,,-110,215,ESPN BET,fixed,7
NYR,2023-10-22T02:00Z,401559313,SEA,2023,New York Rangers,4,Seattle Kraken,1,-125,,,105,,,False,DraftKings,12,,3,REG,195,-238,1.5,Final,,,160,125,MGM,fixed,5
BOS,2023-10-22T02:30Z,401559314,LA,2023,Boston Bruins,4,Los Angeles Kings,2,-115,,,-105,,,False,DraftKings,12,,3,REG,225,-278,1.5,Final,,,150,140,ESPN BET,fixed,7
CGY,2023-10-22T21:00Z,401559315,DET,2023,Calgary Flames,2,Detroit Red Wings,6,-145,,,125,,,False,DraftKings,12,,3,REG,160,-192,1.5,Final,,,185,105,ESPN BET,fixed,6
BOS,2023-10-23T00:30Z,401559316,ANA,2023,Boston Bruins,3,Anaheim Ducks,1,-250,,,210,,,False,DraftKings,12,,3,REG,-105,-115,1.5,Final,,,340,-165,ESPN BET,fixed,7
MTL,2023-10-23T23:00Z,401559317,BUF,2023,Montreal Canadiens,3,Buffalo Sabres,1,155,,,-185,,,False,DraftKings,12,,3,REG,-148,124,-1.5,Final,,,-120,240,ESPN BET,fixed,7
TOR,2023-10-24T22:00Z,401559318,WSH,2023,Toronto Maple Leafs,4,Washington Capitals,1,-175,,,150,,,False,DraftKings,12,,3,REG,140,-166,1.5,Final,,,215,-110,ESPN BET,fixed,7
BUF,2023-10-24T22:45Z,401559320,OTT,2023,Buffalo Sabres,6,Ottawa Senators,4,160,,,-190,,,False,DraftKings,12,,3,REG,-155,130,-1.5,Final,,,-115,225,ESPN BET,fixed,6
CAR,2023-10-24T23:00Z,401559321,TB,2023,Carolina Hurricanes,0,Tampa Bay Lightning,3,-130,,,110,,,False,DraftKings,12,,3,REG,185,-225,1.5,Final,,,160,120,ESPN BET,fixed,6
NJ,2023-10-24T23:15Z,401559322,MTL,2023,New Jersey Devils,5,Montreal Canadiens,2,-240,,,195,,,False,DraftKings,12,,3,REG,100,-120,1.5,Final,,,295,-150,ESPN BET,fixed,7
DAL,2023-10-24T23:30Z,401559323,PIT,2023,Dallas Stars,4,Pittsburgh Penguins,1,-130,,,110,,,False,DraftKings,12,,3,REG,185,-225,1.5,Final,,,170,120,ESPN BET,fixed,6
SJ,2023-10-24T23:45Z,401559324,FLA,2023,San Jose Sharks,1,Florida Panthers,3,200,,,-245,,,False,DraftKings,12,,3,REG,-122,102,-1.5,Final,,,-150,295,ESPN BET,fixed,7
COL,2023-10-25T00:00Z,401559325,NYI,2023,Colorado Avalanche,7,New York Islanders,4,-140,,,120,,,False,DraftKings,12,,3,REG,185,-225,1.5,Final,,,180,115,ESPN BET,fixed,7
SEA,2023-10-25T00:15Z,401559326,DET,2023,Seattle Kraken,5,Detroit Red Wings,4,105,,,-125,,,False,DraftKings,12,,4,OT,-238,195,-1.5,Final/OT,,,125,160,MGM,fixed,6
ANA,2023-10-25T00:30Z,401559319,CBJ,2023,Anaheim Ducks,3,Columbus Blue Jackets,2,130,,,-150,,,False,DraftKings,12,,4,OT,-185,154,-1.5,Final/OT,,,100,200,ESPN BET,fixed,7
BOS,2023-10-25T00:45Z,401559327,CHI,2023,Boston Bruins,3,Chicago Blackhawks,0,-225,,,190,,,False,DraftKings,12,,3,REG,110,-130,1.5,Final,,,300,-145,ESPN BET,fixed,7
STL,2023-10-25T00:45Z,401559328,WPG,2023,St. Louis Blues,2,Winnipeg Jets,4,160,,,-190,,,False,DraftKings,12,,3,REG,-155,130,-1.5,Final,,,-120,245,ESPN BET,fixed,6
EDM,2023-10-25T01:00Z,401559329,MIN,2023,Edmonton Oilers,4,Minnesota Wild,7,-110,,,-110,,,False,DraftKings,12,,3,REG,-250,205,-1.5,Final,,,135,145,ESPN BET,fixed,7
VAN,2023-10-25T01:15Z,401559330,NSH,2023,Vancouver Canucks,3,Nashville Predators,2,110,,,-130,,,False,DraftKings,12,,3,REG,-230,190,-1.5,Final,,,120,165,ESPN BET,fixed,7
NYR,2023-10-25T01:45Z,401559331,CGY,2023,New York Rangers,3,Calgary Flames,1,-135,,,115,,,False,DraftKings,12,,3,REG,180,-218,1.5,Final,,,175,120,ESPN BET,fixed,7
ARI,2023-10-25T02:30Z,401559332,LA,2023,Arizona Coyotes,3,Los Angeles Kings,6,150,,,-190,,,False,DraftKings,12,,3,REG,-155,130,-1.5,Final,,,-120,240,ESPN BET,fixed,7
PHI,2023-10-25T03:17Z,401559333,VGK,2023,Philadelphia Flyers,2,Vegas Golden Knights,3,165,,,-195,,,False,DraftKings,12,,3,REG,-148,124,-1.5,Final,,,-125,255,ESPN BET,fixed,6
WSH,2023-10-25T23:30Z,401559334,NJ,2023,Washington Capitals,6,New Jersey Devils,4,200,,,-240,,,False,DraftKings,12,,3,REG,-115,-105,-1.5,Final,,,-165,330,ESPN BET,fixed,7
ANA,2023-10-26T23:00Z,401559335,BOS,2023,Anaheim Ducks,4,Boston Bruins,3,260,,,-320,,,False,DraftKings,12,,4,OT,102,-122,-1.5,Final/OT,,,-195,400,ESPN BET,fixed,7
CBJ,2023-10-26T23:00Z,401559336,MTL,2023,Columbus Blue Jackets,3,Montreal Canadiens,4,-105,,,-115,,,False,DraftKings,12,,4,OT,-258,210,-1.5,Final/OT,,,135,145,ESPN BET,fixed,7
WPG,2023-10-26T23:00Z,401559337,DET,2023,Winnipeg Jets,4,Detroit Red Wings,1,-130,,,110,,,False,DraftKings,12,,3,REG,190,-230,1.5,Final,,,160,120,ESPN BET,fixed,7
SJ,2023-10-26T23:00Z,401559338,TB,2023,San Jose Sharks,0,Tampa Bay Lightning,6,240,,,-290,,,False,DraftKings,12,,3,REG,-105,-115,-1.5,Final,,,-180,350,ESPN BET,fixed,6
COL,2023-10-26T23:00Z,401559340,PIT,2023,Colorado Avalanche,0,Pittsburgh Penguins,4,-155,,,135,,,False,DraftKings,12,,3,REG,170,-205,1.5,Final,,,175,110,ESPN BET,fixed,7
SEA,2023-10-26T23:00Z,401559341,CAR,2023,Seattle Kraken,2,Carolina Hurricanes,3,170,,,-200,,,False,DraftKings,12,,4,OT,-148,124,-1.5,Final/OT,,,-125,250,ESPN BET,fixed,6
MIN,2023-10-26T23:30Z,401559339,PHI,2023,Minnesota Wild,2,Philadelphia Flyers,6,-115,,,-105,,,False,DraftKings,12,,3,REG,200,-245,1.5,Final,,,160,125,MGM,fixed,5
OTT,2023-10-26T23:30Z,401559342,NYI,2023,Ottawa Senators,2,New York Islanders,3,105,,,-125,,,False,DraftKings,12,,3,REG,-230,190,-1.5,Final,,,125,165,ESPN BET,fixed,7
TOR,2023-10-27T00:00Z,401559343,DAL,2023,Toronto Maple Leafs,4,Dallas Stars,1,-105,,,-115,,,False,DraftKings,12,,3,REG,-258,210,-1.5,Final,,,135,145,ESPN BET,fixed,7
STL,2023-10-27T01:00Z,401559344,CGY,2023,St. Louis Blues,3,Calgary Flames,0,160,,,-190,,,False,DraftKings,12,,3,REG,-155,130,-1.5,Final,,,-120,245,ESPN BET,fixed,7
NYR,2023-10-27T01:00Z,401559345,EDM,2023,New York Rangers,3,Edmonton Oilers,0,-125,,,105,,,False,DraftKings,12,,3,REG,195,-238,1.5,Final,,,160,125,ESPN BET,fixed,7
CHI,2023-10-27T22:00Z,401559346,VGK,2023,Chicago Blackhawks,4,Vegas Golden Knights,3,280,,,-360,,,False,DraftKings,12,,4,OT,120,-142,-1.5,Final/OT,,,-230,475,ESPN BET,fixed,7
BUF,2023-10-27T23:00Z,401559347,NJ,2023,Buffalo Sabres,4,New Jersey Devils,5,155,,,-185,,,False,DraftKings,12,,3,REG,-142,120,-1.5,Final,,,-120,230,ESPN BET,fixed,7
MIN,2023-10-27T23:00Z,401559348,WSH,2023,Minnesota Wild,2,Washington Capitals,3,105,,,-125,,,False,DraftKings,12,,5,SO,-245,200,-1.5,Final/SO,,,130,155,ESPN BET,fixed,6
SJ,2023-10-27T23:00Z,401559349,CAR,2023,San Jose Sharks,0,Carolina Hurricanes,3,350,,,-440,,,False,DraftKings,12,,3,REG,142,-170,-1.5,Final,,,-270,550,ESPN BET,fixed,6
STL,2023-10-28T02:00Z,401559350,VAN,2023,St. Louis Blues,0,Vancouver Canucks,5,165,,,-195,,,False,DraftKings,12,,3,REG,-155,130,-1.5,Final,,,-125,250,ESPN BET,fixed,6
LA,2023-10-28T02:00Z,401559351,ARI,2023,Los Angeles Kings,5,Arizona Coyotes,4,-140,,,120,,,False,DraftKings,12,,3,REG,180,-218,1.5,Final,,,175,115,ESPN BET,fixed,6
ANA,2023-10-28T17:00Z,401559352,PHI,2023,Anaheim Ducks,7,Philadelphia Flyers,4,145,,,-170,,,False,DraftKings,12,,3,REG,-175,145,-1.5,Final,,,-105,210,ESPN BET,fixed,7
SEA,2023-10-28T22:00Z,401559353,FLA,2023,Seattle Kraken,2,Florida Panthers,3,120,,,-140,,,False,DraftKings,12,,3,REG,-198,164,-1.5,Final,,,105,185,ESPN BET,fixed,7
DET,2023-10-28T23:00Z,401559354,BOS,2023,Detroit Red Wings,1,Boston Bruins,4,155,,,-185,,,False,DraftKings,12,,3,REG,-162,136,-1.5,Final,,,-120,245,ESPN BET,fixed,6
WPG,2023-10-28T23:00Z,401559356,MTL,2023,Winnipeg Jets,3,Montreal Canadiens,4,-155,,,135,,,False,DraftKings,12,,5,SO,160,-192,1.5,Final/SO,,,190,105,ESPN BET,fixed,6
OTT,2023-10-28T23:00Z,401559357,PIT,2023,Ottawa Senators,5,Pittsburgh Penguins,2,115,,,-135,,,False,DraftKings,12,,3,REG,-192,160,-1.5,Final,,,110,175,ESPN BET,fixed,7
NYI,2023-10-28T23:00Z,401559358,CBJ,2023,New York Islanders,2,Columbus Blue Jackets,0,-145,,,125,,,False,DraftKings,12,,3,REG,164,-198,1.5,Final,,,190,105,ESPN BET,fixed,7
TOR,2023-10-28T23:00Z,401559359,NSH,2023,Toronto Maple Leafs,2,Nashville Predators,3,-135,,,115,,,False,DraftKings,12,,4,OT,170,-205,1.5,Final/OT,,,175,115,ESPN BET,fixed,7
NYR,2023-10-29T02:00Z,401559360,VAN,2023,New York Rangers,4,Vancouver Canucks,3,-180,,,140,,,False,DraftKings,12,,4,OT,150,-180,1.5,Final/OT,,,220,-105,ESPN BET,fixed,7
VGK,2023-10-29T02:30Z,401559361,LA,2023,Vegas Golden Knights,4,Los Angeles Kings,3,-110,,,-110,,,False,DraftKings,12,,5,SO,215,-265,1.5,Final/SO,,,145,140,ESPN BET,fixed,7
COL,2023-10-29T17:00Z,401559355,BUF,2023,Colorado Avalanche,0,Buffalo Sabres,4,-195,,,160,,,False,DraftKings,13,,3,REG,130,-155,1.5,Final,,,220,-115,ESPN BET,fixed,8
MIN,2023-10-29T21:00Z,401559362,NJ,2023,Minnesota Wild,3,New Jersey Devils,4,140,,,-165,,,False,DraftKings,13,,3,REG,-162,136,-1.5,Final,,,-110,215,ESPN BET,fixed,7
SJ,2023-10-29T21:00Z,401559364,WSH,2023,San Jose Sharks,1,Washington Capitals,3,190,,,-230,,,False,DraftKings,13,,3,REG,-130,110,-1.5,Final,,,-145,295,ESPN BET,fixed,7
CGY,2023-10-29T23:00Z,401555903,EDM,2023,Calgary Flames,2,Edmonton Oilers,5,130,,,-155,,,True,DraftKings,13,,3,REG,-180,150,-1.5,Final,,,100,200,ESPN BET,fixed,7
CAR,2023-10-30T23:00Z,401559363,PHI,2023,Carolina Hurricanes,3,Philadelphia Flyers,2,-190,,,160,,,False,DraftKings,13,,3,REG,130,-155,1.5,Final,,,240,-120,ESPN BET,fixed,8
FLA,2023-10-30T23:00Z,401559365,BOS,2023,Florida Panthers,2,Boston Bruins,3,135,,,-165,,,False,DraftKings,13,,4,OT,-175,145,-1.5,Final/OT,,,-110,215,ESPN BET,fixed,8
SEA,2023-10-30T23:00Z,401559366,TB,2023,Seattle Kraken,4,Tampa Bay Lightning,3,120,,,-140,,,False,DraftKings,13,,4,OT,-198,164,-1.5,Final/OT,,,105,185,ESPN BET,fixed,7
ANA,2023-10-30T23:00Z,401559367,PIT,2023,Anaheim Ducks,4,Pittsburgh Penguins,3,200,,,-250,,,False,DraftKings,13,,3,REG,-122,102,-1.5,Final,,,-150,295,ESPN BET,fixed,8
DET,2023-10-30T23:30Z,401559368,NYI,2023,Detroit Red Wings,4,New York Islanders,3,135,,,-165,,,False,DraftKings,13,,4,OT,-192,160,-1.5,Final/OT,,,100,200,ESPN BET,fixed,7
NYR,2023-10-30T23:30Z,401559369,WPG,2023,New York Rangers,3,Winnipeg Jets,2,-125,,,105,,,False,DraftKings,13,,4,OT,200,-245,1.5,Final/OT,,,160,125,Caesars Sportsbook,fixed,7
CBJ,2023-10-31T00:00Z,401559370,DAL,2023,Columbus Blue Jackets,3,Dallas Stars,5,230,,,-280,,,False,DraftKings,13,,3,REG,-110,-110,-1.5,Final,,,-175,350,ESPN BET,fixed,8
CHI,2023-10-31T02:00Z,401559371,ARI,2023,Chicago Blackhawks,1,Arizona Coyotes,8,160,,,-190,,,False,DraftKings,13,,3,REG,-162,136,-1.5,Final,,,-115,235,ESPN BET,fixed,7
MTL,2023-10-31T02:00Z,401559372,VGK,2023,Montreal Canadiens,2,Vegas Golden Knights,3,200,,,-245,,,False,DraftKings,13,,5,SO,-125,105,-1.5,Final/SO,,,-150,300,ESPN BET,fixed,7
LA,2023-11-01T00:00Z,401559374,TOR,2023,Los Angeles Kings,4,Toronto Maple Leafs,1,130,,,-150,,,False,DraftKings,12,,3,REG,-185,154,-1.5,Final,,,100,190,ESPN BET,fixed,7
NSH,2023-11-01T02:00Z,401559373,VAN,2023,Nashville Predators,2,Vancouver Canucks,5,145,,,-165,,,False,DraftKings,12,,3,REG,-180,150,-1.5,Final,,,100,205,ESPN BET,fixed,7
BUF,2023-11-01T23:00Z,401559375,PHI,2023,Buffalo Sabres,5,Philadelphia Flyers,2,-115,,,-115,,,False,DraftKings,12,,3,REG,200,-245,1.5,Final,,,130,140,ESPN BET,fixed,6
DAL,2023-11-02T00:30Z,401559376,CGY,2023,Dallas Stars,4,Calgary Flames,3,-140,,,120,,,False,DraftKings,12,,3,REG,185,-225,1.5,Final,,,175,120,ESPN BET,fixed,6
STL,2023-11-02T01:30Z,401559377,COL,2023,St. Louis Blues,1,Colorado Avalanche,4,200,,,-240,,,False,DraftKings,12,,3,REG,-122,102,-1.5,Final,,,-150,295,ESPN BET,fixed,7
ARI,2023-11-02T02:00Z,401559378,ANA,2023,Arizona Coyotes,3,Anaheim Ducks,4,-130,,,110,,,False,DraftKings,12,,4,OT,185,-225,1.5,Final/OT,,,165,120,MGM,fixed,5
LA,2023-11-02T23:00Z,401559380,OTT,2023,Los Angeles Kings,3,Ottawa Senators,2,-115,,,-105,,,False,DraftKings,12,,3,REG,210,-258,1.5,Final,,,135,140,ESPN BET,fixed,7
FLA,2023-11-02T23:00Z,401559381,DET,2023,Florida Panthers,2,Detroit Red Wings,0,-125,,,105,,,False,DraftKings,12,,3,REG,200,-245,1.5,Final,,,150,130,ESPN BET,fixed,6
CAR,2023-11-02T23:00Z,401559382,NYR,2023,Carolina Hurricanes,1,New York Rangers,2,-105,,,-115,,,False,DraftKings,12,,3,REG,-270,220,-1.5,Final,,,135,150,ESPN BET,fixed,7
NYI,2023-11-02T23:00Z,401559383,WSH,2023,New York Islanders,3,Washington Capitals,0,-120,,,100,,,False,DraftKings,12,,3,REG,210,-258,1.5,Final,,,150,135,MGM,fixed,5
TB,2023-11-02T23:00Z,401559384,CBJ,2023,Tampa Bay Lightning,2,Columbus Blue Jackets,4,-165,,,135,,,False,DraftKings,12,,3,REG,150,-180,1.5,Final,,,195,100,ESPN BET,fixed,6
TOR,2023-11-02T23:30Z,401559379,BOS,2023,Toronto Maple Leafs,2,Boston Bruins,3,-115,,,-105,,,False,DraftKings,12,,5,SO,-278,225,-1.5,Final/SO,,,145,140,ESPN BET,fixed,6
NJ,2023-11-03T00:00Z,401559385,MIN,2023,New Jersey Devils,5,Minnesota Wild,3,-120,,,100,,,False,DraftKings,12,,3,REG,205,-250,1.5,Final,,,145,135,MGM,fixed,5
DAL,2023-11-03T01:00Z,401559386,EDM,2023,Dallas Stars,4,Edmonton Oilers,3,130,,,-150,,,False,DraftKings,12,,3,REG,-185,154,-1.5,Final,,,100,195,ESPN BET,fixed,7
MTL,2023-11-03T02:00Z,401559387,ARI,2023,Montreal Canadiens,2,Arizona Coyotes,3,110,,,-130,,,False,DraftKings,11,,3,REG,-225,185,-1.5,Final,,,120,170,MGM,fixed,5
WPG,2023-11-03T02:00Z,401559388,VGK,2023,Winnipeg Jets,2,Vegas Golden Knights,5,115,,,-135,,,False,DraftKings,11,,3,REG,-205,170,-1.5,Final,,,110,190,MGM,fixed,5
NSH,2023-11-03T02:00Z,401559389,SEA,2023,Nashville Predators,2,Seattle Kraken,4,100,,,-120,,,False,DraftKings,11,,3,REG,-250,205,-1.5,Final,,,130,160,MGM,fixed,5
VAN,2023-11-03T02:30Z,401559390,SJ,2023,Vancouver Canucks,10,San Jose Sharks,1,-225,,,180,,,False,DraftKings,11,,3,REG,110,-130,1.5,Final,,,300,-145,MGM,fixed,6
PHI,2023-11-03T23:00Z,401559391,BUF,2023,Philadelphia Flyers,5,Buffalo Sabres,1,135,,,-160,,,False,DraftKings,11,,3,REG,-180,150,-1.5,Final,,,-110,205,MGM,fixed,5
NJ,2023-11-04T00:00Z,401559392,STL,2023,New Jersey Devils,1,St. Louis Blues,4,-150,,,130,,,False,DraftKings,12,,3,REG,164,-198,1.5,Final,,,165,115,ESPN BET,fixed,7
NSH,2023-11-04T19:00Z,401559393,EDM,2023,Nashville Predators,5,Edmonton Oilers,2,165,,,-200,,,False,DraftKings,11,,3,REG,-162,136,-1.5,Final,,,-120,225,ESPN BET,fixed,5
WPG,2023-11-04T20:00Z,401559394,ARI,2023,Winnipeg Jets,5,Arizona Coyotes,3,-140,,,120,,,False,DraftKings,12,,3,REG,180,-218,1.5,Final,,,170,110,ESPN BET,fixed,6
BUF,2023-11-04T23:00Z,401559395,TOR,2023,Buffalo Sabres,6,Toronto Maple Leafs,4,190,,,-225,,,False,DraftKings,12,,3,REG,-130,110,-1.5,Final,,,-145,260,ESPN BET,fixed,6
TB,2023-11-04T23:00Z,401559396,OTT,2023,Tampa Bay Lightning,6,Ottawa Senators,4,105,,,-125,,,False,DraftKings,12,,3,REG,-230,190,-1.5,Final,,,115,160,ESPN BET,fixed,7
BOS,2023-11-04T23:00Z,401559397,DET,2023,Boston Bruins,4,Detroit Red Wings,5,-140,,,120,,,False,DraftKings,12,,3,REG,170,-205,1.5,Final,,,180,110,ESPN BET,fixed,6
CBJ,2023-11-04T23:00Z,401559399,WSH,2023,Columbus Blue Jackets,1,Washington Capitals,2,125,,,-145,,,False,DraftKings,12,,3,REG,-198,164,-1.5,Final,,,100,190,ESPN BET,fixed,6
MTL,2023-11-04T23:00Z,401559400,STL,2023,Montreal Canadiens,3,St. Louis Blues,6,100,,,-120,,,False,DraftKings,12,,3,REG,-250,205,-1.5,Final,,,120,155,ESPN BET,fixed,6
LA,2023-11-04T23:30Z,401559398,PHI,2023,Los Angeles Kings,5,Philadelphia Flyers,0,-185,,,155,,,False,DraftKings,12,,3,REG,130,-155,1.5,Final,,,215,-110,ESPN BET,fixed,6
CAR,2023-11-04T23:30Z,401559401,NYI,2023,Carolina Hurricanes,4,New York Islanders,3,-135,,,115,,,False,DraftKings,12,,4,OT,200,-245,1.5,Final/OT,,,165,120,ESPN BET,fixed,6
FLA,2023-11-05T00:00Z,401559402,CHI,2023,Florida Panthers,2,Chicago Blackhawks,5,-200,,,170,,,False,DraftKings,12,,3,REG,124,-148,1.5,Final,,,230,-120,ESPN BET,fixed,7
NYR,2023-11-05T00:00Z,401559403,MIN,2023,New York Rangers,4,Minnesota Wild,5,100,,,-120,,,False,DraftKings,12,,5,SO,-258,210,-1.5,Final/SO,,,135,150,ESPN BET,fixed,7
DAL,2023-11-05T02:00Z,401559404,VAN,2023,Dallas Stars,0,Vancouver Canucks,2,-120,,,100,,,False,DraftKings,12,,3,REG,200,-245,1.5,Final,,,155,130,ESPN BET,fixed,7
COL,2023-11-05T02:00Z,401559405,VGK,2023,Colorado Avalanche,0,Vegas Golden Knights,7,-120,,,100,,,False,DraftKings,12,,3,REG,205,-250,1.5,Final,,,155,130,ESPN BET,fixed,6
PIT,2023-11-05T02:00Z,401559406,SJ,2023,Pittsburgh Penguins,10,San Jose Sharks,2,-270,,,220,,,False,DraftKings,12,,3,REG,-108,-112,1.5,Final,,,330,-165,ESPN BET,fixed,7
CGY,2023-11-05T02:00Z,401559407,SEA,2023,Calgary Flames,6,Seattle Kraken,3,-105,,,-115,,,False,DraftKings,12,,3,REG,-258,210,-1.5,Final,,,135,150,ESPN BET,fixed,7
NJ,2023-11-06T00:00Z,401559408,CHI,2023,New Jersey Devils,4,Chicago Blackhawks,2,-215,,,180,,,False,DraftKings,12,,3,REG,114,-135,1.5,Final,,,275,-135,ESPN BET,fixed,7
VGK,2023-11-06T01:00Z,401559409,ANA,2023,Vegas Golden Knights,2,Anaheim Ducks,4,-175,,,150,,,False,DraftKings,12,,3,REG,136,-162,1.5,Final,,,240,-120,ESPN BET,fixed,6
TB,2023-11-07T00:00Z,401559410,TOR,2023,Tampa Bay Lightning,5,Toronto Maple Leafs,6,130,,,-155,,,False,DraftKings,12,,4,OT,-198,164,-1.5,Final/OT,,,100,185,ESPN BET,fixed,7
CBJ,2023-11-07T00:00Z,401559411,FLA,2023,Columbus Blue Jackets,4,Florida Panthers,5,190,,,-230,,,False,DraftKings,12,,4,OT,-130,110,-1.5,Final/OT,,,-145,280,ESPN BET,fixed,7
BOS,2023-11-07T01:00Z,401559412,DAL,2023,Boston Bruins,3,Dallas Stars,2,120,,,-140,,,False,DraftKings,12,,3,REG,-230,190,-1.5,Final,,,115,170,ESPN BET,fixed,7
EDM,2023-11-07T03:00Z,401559413,VAN,2023,Edmonton Oilers,2,Vancouver Canucks,6,-115,,,-105,,,False,DraftKings,12,,3,REG,200,-245,1.5,Final,,,140,130,ESPN BET,fixed,7
TB,2023-11-08T00:00Z,401559414,MTL,2023,Tampa Bay Lightning,5,Montreal Canadiens,3,-130,,,110,,,False,DraftKings,12,,3,REG,170,-205,1.5,Final,,,160,115,ESPN BET,fixed,6
BUF,2023-11-08T00:00Z,401559925,CAR,2023,Buffalo Sabres,2,Carolina Hurricanes,3,190,,,-225,,,False,DraftKings,12,,4,OT,-135,114,-1.5,Final/OT,,,-135,250,ESPN BET,fixed,7
MIN,2023-11-08T00:30Z,401559415,NYI,2023,Minnesota Wild,4,New York Islanders,2,-110,,,-110,,,False,DraftKings,12,,3,REG,-285,230,-1.5,Final,,,140,140,ESPN BET,fixed,7
DET,2023-11-08T00:30Z,401559416,NYR,2023,Detroit Red Wings,3,New York Rangers,5,125,,,-145,,,False,DraftKings,12,,3,REG,-192,160,-1.5,Final,,,100,195,ESPN BET,fixed,7
WPG,2023-11-08T01:00Z,401559417,STL,2023,Winnipeg Jets,5,St. Louis Blues,2,-145,,,125,,,False,DraftKings,12,,3,REG,170,-205,1.5,Final,,,185,105,ESPN BET,fixed,6
NSH,2023-11-08T02:00Z,401559418,CGY,2023,Nashville Predators,2,Calgary Flames,4,105,,,-125,,,False,DraftKings,12,,3,REG,-258,210,-1.5,Final,,,125,155,ESPN BET,fixed,6
SEA,2023-11-08T02:00Z,401559419,ARI,2023,Seattle Kraken,3,Arizona Coyotes,4,-110,,,-110,,,False,DraftKings,12,,5,SO,-270,220,-1.5,Final/SO,,,125,150,ESPN BET,fixed,6
NJ,2023-11-08T03:00Z,401559420,COL,2023,New Jersey Devils,3,Colorado Avalanche,6,155,,,-180,,,False,DraftKings,12,,3,REG,-166,140,-1.5,Final,,,-115,220,ESPN BET,fixed,6
PIT,2023-11-08T03:00Z,401559421,ANA,2023,Pittsburgh Penguins,2,Anaheim Ducks,0,-190,,,160,,,False,DraftKings,12,,3,REG,136,-162,1.5,Final,,,205,-110,ESPN BET,fixed,7
PHI,2023-11-08T03:30Z,401559422,SJ,2023,Philadelphia Flyers,1,San Jose Sharks,2,-200,,,165,,,False,DraftKings,12,,3,REG,110,-130,1.5,Final,,,265,-140,ESPN BET,fixed,7
OTT,2023-11-09T00:00Z,401559423,TOR,2023,Ottawa Senators,6,Toronto Maple Leafs,3,145,,,-170,,,False,DraftKings,12,,3,REG,-170,142,-1.5,Final,,,-110,210,ESPN BET,fixed,7
FLA,2023-11-09T00:30Z,401559424,WSH,2023,Florida Panthers,4,Washington Capitals,3,-140,,,120,,,False,DraftKings,12,,4,OT,170,-205,1.5,Final/OT,,,170,110,ESPN BET,fixed,6
LA,2023-11-09T03:00Z,401559425,VGK,2023,Los Angeles Kings,4,Vegas Golden Knights,1,105,,,-125,,,False,DraftKings,12,,3,REG,-230,190,-1.5,Final,,,115,170,ESPN BET,fixed,7
NYI,2023-11-10T00:00Z,401559426,BOS,2023,New York Islanders,2,Boston Bruins,5,120,,,-140,,,False,DraftKings,12,,3,REG,-230,190,-1.5,Final,,,115,175,ESPN BET,fixed,7
VAN,2023-11-10T00:00Z,401559427,OTT,2023,Vancouver Canucks,5,Ottawa Senators,2,-130,,,110,,,False,DraftKings,12,,3,REG,185,-225,1.5,Final,,,150,120,ESPN BET,fixed,7
MTL,2023-11-10T00:00Z,401559428,DET,2023,Montreal Canadiens,3,Detroit Red Wings,2,160,,,-190,,,False,DraftKings,12,,4,OT,-166,140,-1.5,Final/OT,,,-115,220,ESPN BET,fixed,6
CHI,2023-11-10T00:00Z,401559429,TB,2023,Chicago Blackhawks,5,Tampa Bay Lightning,3,200,,,-240,,,False,DraftKings,12,,3,REG,-120,100,-1.5,Final,,,-160,300,ESPN BET,fixed,7
MIN,2023-11-10T00:00Z,401559430,NYR,2023,Minnesota Wild,1,New York Rangers,4,100,,,-120,,,False,DraftKings,12,,3,REG,-250,205,-1.5,Final,,,125,155,ESPN BET,fixed,7
DAL,2023-11-10T00:30Z,401559431,CBJ,2023,Dallas Stars,5,Columbus Blue Jackets,2,-225,,,190,,,False,DraftKings,12,,3,REG,114,-135,1.5,Final,,,265,-135,ESPN BET,fixed,6
ARI,2023-11-10T01:00Z,401559432,STL,2023,Arizona Coyotes,1,St. Louis Blues,2,100,,,-120,,,False,DraftKings,12,,3,REG,-258,205,-1.5,Final,,,125,155,ESPN BET,fixed,7
NSH,2023-11-10T01:00Z,401559433,WPG,2023,Nashville Predators,3,Winnipeg Jets,6,110,,,-130,,,False,DraftKings,12,,3,REG,-245,200,-1.5,Final,,,125,155,ESPN BET,fixed,6
SEA,2023-11-10T02:00Z,401559434,COL,2023,Seattle Kraken,4,Colorado Avalanche,3,165,,,-195,,,False,DraftKings,12,,3,REG,-148,124,-1.5,Final,,,-130,250,ESPN BET,fixed,7
PIT,2023-11-10T03:30Z,401559435,LA,2023,Pittsburgh Penguins,4,Los Angeles Kings,3,100,,,-120,,,False,DraftKings,12,,4,OT,-230,190,-1.5,Final/OT,,,110,170,ESPN BET,fixed,7
EDM,2023-11-10T03:30Z,401559436,SJ,2023,Edmonton Oilers,2,San Jose Sharks,3,-350,,,280,,,False,DraftKings,12,,3,REG,-155,130,1.5,Final,,,475,-250,ESPN BET,fixed,7
MIN,2023-11-11T00:00Z,401559437,BUF,2023,Minnesota Wild,2,Buffalo Sabres,3,-110,,,-110,,,False,DraftKings,12,,3,REG,-250,205,-1.5,Final,,,120,155,ESPN BET,fixed,7
CGY,2023-11-11T00:00Z,401559438,TOR,2023,Calgary Flames,4,Toronto Maple Leafs,5,130,,,-150,,,False,DraftKings,12,,5,SO,-185,154,-1.5,Final/SO,,,100,195,ESPN BET,fixed,6
CAR,2023-11-11T00:00Z,401559439,FLA,2023,Carolina Hurricanes,2,Florida Panthers,5,-140,,,120,,,False,DraftKings,12,,3,REG,185,-225,1.5,Final,,,160,115,ESPN BET,fixed,6
WSH,2023-11-11T00:00Z,401559440,NJ,2023,Washington Capitals,4,New Jersey Devils,2,160,,,-190,,,False,DraftKings,12,,3,REG,-148,124,-1.5,Final,,,-125,235,ESPN BET,fixed,7
SJ,2023-11-11T03:00Z,401559441,VGK,2023,San Jose Sharks,0,Vegas Golden Knights,5,400,,,-520,,,False,DraftKings,12,,3,REG,164,-198,-1.5,Final,,,-310,600,ESPN BET,fixed,6
PHI,2023-11-11T03:00Z,401559442,ANA,2023,Philadelphia Flyers,6,Anaheim Ducks,3,-120,,,100,,,False,DraftKings,12,,3,REG,205,-250,1.5,Final,,,155,125,ESPN BET,fixed,7
CBJ,2023-11-11T18:00Z,401559443,DET,2023,Columbus Blue Jackets,4,Detroit Red Wings,5,135,,,-155,,,False,DraftKings,12,,3,REG,-175,145,-1.5,Final,,,-110,210,ESPN BET,fixed,6
DAL,2023-11-11T20:00Z,401559444,WPG,2023,Dallas Stars,3,Winnipeg Jets,2,-120,,,100,,,False,DraftKings,12,,3,REG,230,-285,1.5,Final,,,145,135,ESPN BET,fixed,6
VAN,2023-11-12T00:00Z,401559445,TOR,2023,Vancouver Canucks,2,Toronto Maple Leafs,5,100,,,-120,,,False,DraftKings,12,,3,REG,-245,200,-1.5,Final,,,125,150,ESPN BET,fixed,6
BOS,2023-11-12T00:00Z,401559446,MTL,2023,Boston Bruins,2,Montreal Canadiens,3,-195,,,165,,,False,DraftKings,12,,4,OT,120,-142,1.5,Final/OT,,,260,-130,ESPN BET,fixed,7
CGY,2023-11-12T00:00Z,401559447,OTT,2023,Calgary Flames,1,Ottawa Senators,4,120,,,-140,,,False,DraftKings,12,,3,REG,-205,170,-1.5,Final,,,100,185,ESPN BET,fixed,6
CAR,2023-11-12T00:00Z,401559448,TB,2023,Carolina Hurricanes,4,Tampa Bay Lightning,0,-135,,,115,,,False,DraftKings,12,,3,REG,180,-218,1.5,Final,,,160,115,ESPN BET,fixed,6
BUF,2023-11-12T00:30Z,401559449,PIT,2023,Buffalo Sabres,0,Pittsburgh Penguins,4,170,,,-200,,,False,DraftKings,12,,3,REG,-155,130,-1.5,Final,,,-125,230,ESPN BET,fixed,6
WSH,2023-11-12T00:30Z,401559450,NYI,2023,Washington Capitals,4,New York Islanders,1,145,,,-170,,,False,DraftKings,12,,3,REG,-180,150,-1.5,Final,,,-115,225,ESPN BET,fixed,6
ARI,2023-11-12T01:00Z,401559451,NSH,2023,Arizona Coyotes,7,Nashville Predators,5,130,,,-150,,,False,DraftKings,12,,3,REG,-192,160,-1.5,Final,,,100,200,ESPN BET,fixed,6
STL,2023-11-12T02:00Z,401559452,COL,2023,St. Louis Blues,8,Colorado Avalanche,2,200,,,-240,,,False,DraftKings,12,,3,REG,-125,105,-1.5,Final,,,-150,295,ESPN BET,fixed,6
EDM,2023-11-12T03:00Z,401559453,SEA,2023,Edmonton Oilers,4,Seattle Kraken,1,-135,,,115,,,False,DraftKings,12,,3,REG,170,-205,1.5,Final,,,165,115,ESPN BET,fixed,6
PHI,2023-11-12T03:30Z,401559454,LA,2023,Philadelphia Flyers,4,Los Angeles Kings,2,180,,,-215,,,False,DraftKings,12,,3,REG,-125,105,-1.5,Final,,,-145,285,ESPN BET,fixed,6
CHI,2023-11-12T18:00Z,401559455,FLA,2023,Chicago Blackhawks,3,Florida Panthers,4,240,,,-285,,,False,DraftKings,12,,3,REG,-105,-115,-1.5,Final,,,-180,340,ESPN BET,fixed,7
DAL,2023-11-12T23:00Z,401559456,MIN,2023,Dallas Stars,8,Minnesota Wild,3,-120,,,100,,,False,DraftKings,12,,3,REG,210,-258,1.5,Final,,,145,130,ESPN BET,fixed,7
VAN,2023-11-13T00:00Z,401559457,MTL,2023,Vancouver Canucks,5,Montreal Canadiens,2,-170,,,145,,,False,DraftKings,12,,3,REG,145,-175,1.5,Final,,,200,-105,ESPN BET,fixed,7
CBJ,2023-11-13T00:00Z,401559458,NYR,2023,Columbus Blue Jackets,3,New York Rangers,4,200,,,-235,,,False,DraftKings,12,,5,SO,-120,100,-1.5,Final/SO,,,-160,320,ESPN BET,fixed,7
SJ,2023-11-13T01:00Z,401559459,ANA,2023,San Jose Sharks,1,Anaheim Ducks,4,170,,,-200,,,False,DraftKings,12,,3,REG,-142,120,-1.5,Final,,,-125,240,ESPN BET,fixed,7
NYI,2023-11-14T01:30Z,401559460,EDM,2023,New York Islanders,1,Edmonton Oilers,4,135,,,-155,,,False,DraftKings,12,,3,REG,-185,154,-1.5,Final,,,-105,205,ESPN BET,fixed,6
COL,2023-11-14T03:00Z,401559461,SEA,2023,Colorado Avalanche,5,Seattle Kraken,1,-155,,,135,,,False,DraftKings,12,,3,REG,164,-198,1.5,Final,,,185,105,ESPN BET,fixed,6
BOS,2023-11-15T00:00Z,401559462,BUF,2023,Boston Bruins,5,Buffalo Sabres,2,-150,,,130,,,False,DraftKings,12,,3,REG,160,-192,1.5,Final,,,200,-105,ESPN BET,fixed,6
CGY,2023-11-15T00:00Z,401559463,MTL,2023,Calgary Flames,2,Montreal Canadiens,1,-160,,,140,,,False,DraftKings,12,,3,REG,154,-185,1.5,Final,,,200,100,ESPN BET,fixed,7
VGK,2023-11-15T00:00Z,401559464,WSH,2023,Vegas Golden Knights,0,Washington Capitals,3,-155,,,135,,,False,DraftKings,12,,3,REG,160,-192,1.5,Final,,,195,100,ESPN BET,fixed,7
PIT,2023-11-15T00:00Z,401559465,CBJ,2023,Pittsburgh Penguins,5,Columbus Blue Jackets,3,-185,,,155,,,False,DraftKings,12,,3,REG,136,-162,1.5,Final,,,200,-105,ESPN BET,fixed,6
TB,2023-11-15T01:00Z,401559466,STL,2023,Tampa Bay Lightning,0,St. Louis Blues,5,-130,,,110,,,False,DraftKings,12,,3,REG,180,-218,1.5,Final,,,170,110,ESPN BET,fixed,6
ANA,2023-11-15T01:00Z,401559467,NSH,2023,Anaheim Ducks,3,Nashville Predators,2,155,,,-185,,,False,DraftKings,12,,3,REG,-162,136,-1.5,Final,,,-110,215,ESPN BET,fixed,7
ARI,2023-11-15T01:00Z,401559468,DAL,2023,Arizona Coyotes,3,Dallas Stars,4,200,,,-240,,,False,DraftKings,12,,4,OT,-125,105,-1.5,Final/OT,,,-145,280,ESPN BET,fixed,7
NJ,2023-11-15T01:00Z,401559469,WPG,2023,New Jersey Devils,3,Winnipeg Jets,6,125,,,-145,,,False,DraftKings,12,,3,REG,-198,164,-1.5,Final,,,110,175,ESPN BET,fixed,7
FLA,2023-11-15T03:30Z,401559470,SJ,2023,Florida Panthers,5,San Jose Sharks,3,-300,,,240,,,False,DraftKings,12,,3,REG,-122,102,1.5,Final,,,340,-175,ESPN BET,fixed,7
PHI,2023-11-16T00:30Z,401559471,CAR,2023,Philadelphia Flyers,3,Carolina Hurricanes,1,195,,,-230,,,False,DraftKings,12,,3,REG,-135,114,-1.5,Final,,,-145,290,ESPN BET,fixed,7
SEA,2023-11-16T01:30Z,401559472,EDM,2023,Seattle Kraken,3,Edmonton Oilers,4,155,,,-185,,,False,DraftKings,12,,4,OT,-148,124,-1.5,Final/OT,,,-130,245,ESPN BET,fixed,6
ANA,2023-11-16T02:00Z,401559473,COL,2023,Anaheim Ducks,2,Colorado Avalanche,8,250,,,-300,,,False,DraftKings,12,,3,REG,110,-130,-1.5,Final,,,-205,390,ESPN BET,fixed,6
NYI,2023-11-16T03:00Z,401559474,VAN,2023,New York Islanders,3,Vancouver Canucks,4,130,,,-155,,,False,DraftKings,12,,4,OT,-185,154,-1.5,Final/OT,,,-105,205,ESPN BET,fixed,6
DET,2023-11-16T19:00Z,401555904,OTT,2023,Detroit Red Wings,4,Ottawa Senators,5,110,,,-125,,,True,DraftKings,12,,4,OT,-218,180,-1.5,Final/OT,,,110,170,ESPN BET,fixed,6
VGK,2023-11-17T00:00Z,401559475,MTL,2023,Vegas Golden Knights,6,Montreal Canadiens,5,-200,,,170,,,False,DraftKings,12,,3,REG,124,-148,1.5,Final,,,250,-135,ESPN BET,fixed,7
NJ,2023-11-17T00:00Z,401559476,PIT,2023,New Jersey Devils,5,Pittsburgh Penguins,2,135,,,-155,,,False,DraftKings,12,,3,REG,-192,160,-1.5,Final,,,-105,195,ESPN BET,fixed,7
ARI,2023-11-17T00:00Z,401559477,CBJ,2023,Arizona Coyotes,3,Columbus Blue Jackets,2,-125,,,105,,,False,DraftKings,12,,3,REG,190,-230,1.5,Final,,,150,120,ESPN BET,fixed,6
TB,2023-11-17T01:00Z,401559478,CHI,2023,Tampa Bay Lightning,4,Chicago Blackhawks,2,-185,,,155,,,False,DraftKings,12,,3,REG,130,-155,1.5,Final,,,230,-130,ESPN BET,fixed,6
VAN,2023-11-17T02:00Z,401559479,CGY,2023,Vancouver Canucks,2,Calgary Flames,5,130,,,-150,,,False,DraftKings,12,,3,REG,-192,160,-1.5,Final,,,-110,210,ESPN BET,fixed,7
NYI,2023-11-17T03:00Z,401559480,SEA,2023,New York Islanders,3,Seattle Kraken,4,100,,,-120,,,False,DraftKings,12,,5,SO,-265,215,-1.5,Final/SO,,,120,155,ESPN BET,fixed,7
FLA,2023-11-17T03:30Z,401559481,LA,2023,Florida Panthers,1,Los Angeles Kings,2,110,,,-130,,,False,DraftKings,12,,3,REG,-225,185,-1.5,Final,,,110,165,ESPN BET,fixed,6
STL,2023-11-17T03:30Z,401559482,SJ,2023,St. Louis Blues,1,San Jose Sharks,5,-220,,,185,,,False,DraftKings,12,,3,REG,105,-125,1.5,Final,,,290,-155,ESPN BET,fixed,7
TOR,2023-11-17T19:00Z,401555905,DET,2023,Toronto Maple Leafs,3,Detroit Red Wings,2,-175,,,150,,,True,DraftKings,12,,3,REG,136,-162,1.5,Final,,,205,-115,ESPN BET,fixed,7
BUF,2023-11-18T01:00Z,401559483,WPG,2023,Buffalo Sabres,2,Winnipeg Jets,3,155,,,-185,,,False,DraftKings,12,,3,REG,-166,140,-1.5,Final,,,-125,230,ESPN BET,fixed,7
FLA,2023-11-18T03:00Z,401559484,ANA,2023,Florida Panthers,2,Anaheim Ducks,1,-180,,,150,,,False,DraftKings,12,,3,REG,130,-155,1.5,Final,,,215,-120,ESPN BET,fixed,6
MIN,2023-11-18T16:00Z,401555906,OTT,2023,Minnesota Wild,1,Ottawa Senators,2,-115,,,-105,,,True,DraftKings,12,,5,SO,205,-250,1.5,Final/SO,,,140,125,ESPN BET,fixed,7
VGK,2023-11-18T18:00Z,401559485,PHI,2023,Vegas Golden Knights,3,Philadelphia Flyers,4,-150,,,130,,,False,DraftKings,12,,4,OT,164,-198,1.5,Final/OT,,,205,-105,ESPN BET,fixed,7
CHI,2023-11-18T19:00Z,401559493,NSH,2023,Chicago Blackhawks,2,Nashville Predators,4,155,,,-185,,,False,DraftKings,12,,3,REG,-155,130,-1.5,Final,,,-135,255,ESPN BET,fixed,7
EDM,2023-11-18T21:00Z,401559486,TB,2023,Edmonton Oilers,4,Tampa Bay Lightning,6,-135,,,115,,,False,DraftKings,12,,3,REG,180,-218,1.5,Final,,,160,110,ESPN BET,fixed,7
MTL,2023-11-19T00:00Z,401559487,BOS,2023,Montreal Canadiens,2,Boston Bruins,5,220,,,-270,,,False,DraftKings,12,,3,REG,-108,-112,-1.5,Final,,,-185,350,ESPN BET,fixed,6
NYR,2023-11-19T00:00Z,401559488,NJ,2023,New York Rangers,5,New Jersey Devils,3,-105,,,-115,,,False,DraftKings,12,,3,REG,-258,210,-1.5,Final,,,110,170,ESPN BET,fixed,6
PIT,2023-11-19T00:00Z,401559490,CAR,2023,Pittsburgh Penguins,2,Carolina Hurricanes,4,145,,,-170,,,False,DraftKings,12,,3,REG,-170,142,-1.5,Final,,,-120,230,ESPN BET,fixed,6
ARI,2023-11-19T00:00Z,401559491,WPG,2023,Arizona Coyotes,2,Winnipeg Jets,5,125,,,-145,,,False,DraftKings,12,,3,REG,-192,160,-1.5,Final,,,-105,200,ESPN BET,fixed,7
NYI,2023-11-19T00:00Z,401559492,CGY,2023,New York Islanders,5,Calgary Flames,4,120,,,-140,,,False,DraftKings,12,,5,SO,-218,180,-1.5,Final/SO,,,100,190,ESPN BET,fixed,7
CBJ,2023-11-19T00:30Z,401559489,WSH,2023,Columbus Blue Jackets,3,Washington Capitals,4,135,,,-160,,,False,DraftKings,12,,3,REG,-185,154,-1.5,Final,,,-115,220,ESPN BET,fixed,6
COL,2023-11-19T01:00Z,401559494,DAL,2023,Colorado Avalanche,6,Dallas Stars,3,110,,,-130,,,False,DraftKings,12,,3,REG,-230,190,-1.5,Final,,,105,180,ESPN BET,fixed,6
SEA,2023-11-19T03:00Z,401559495,VAN,2023,Seattle Kraken,4,Vancouver Canucks,3,135,,,-155,,,False,DraftKings,12,,3,REG,-185,154,-1.5,Final,,,-110,205,ESPN BET,fixed,7
STL,2023-11-19T03:30Z,401559496,LA,2023,St. Louis Blues,1,Los Angeles Kings,5,160,,,-190,,,False,DraftKings,12,,3,REG,-155,130,-1.5,Final,,,-130,250,ESPN BET,fixed,7
TOR,2023-11-19T13:00Z,401555907,MIN,2023,Toronto Maple Leafs,4,Minnesota Wild,3,-175,,,150,,,True,DraftKings,12,,4,OT,145,-175,1.5,Final/OT,,,200,-110,ESPN BET,fixed,7
CBJ,2023-11-19T22:30Z,401559497,PHI,2023,Columbus Blue Jackets,2,Philadelphia Flyers,5,140,,,-165,,,False,DraftKings,12,,3,REG,-180,150,-1.5,Final,,,-110,200,ESPN BET,fixed,7
VGK,2023-11-19T23:00Z,401559498,PIT,2023,Vegas Golden Knights,0,Pittsburgh Penguins,3,-120,,,100,,,False,DraftKings,12,,3,REG,190,-230,1.5,Final,,,145,125,ESPN BET,fixed,6
BUF,2023-11-20T00:00Z,401559499,CHI,2023,Buffalo Sabres,3,Chicago Blackhawks,2,-175,,,150,,,False,DraftKings,12,,3,REG,136,-162,1.5,Final,,,210,-115,ESPN BET,fixed,7
STL,2023-11-20T01:00Z,401559500,ANA,2023,St. Louis Blues,3,Anaheim Ducks,1,-105,,,-115,,,False,DraftKings,12,,3,REG,-258,210,-1.5,Final,,,125,150,ESPN BET,fixed,6
BOS,2023-11-21T00:00Z,401559501,TB,2023,Boston Bruins,4,Tampa Bay Lightning,5,-140,,,120,,,False,DraftKings,12,,4,OT,170,-205,1.5,Final/OT,,,170,110,ESPN BET,fixed,6
EDM,2023-11-21T00:00Z,401559502,FLA,2023,Edmonton Oilers,3,Florida Panthers,5,100,,,-120,,,False,DraftKings,12,,3,REG,-238,195,-1.5,Final,,,115,155,ESPN BET,fixed,7
COL,2023-11-21T01:00Z,401559503,NSH,2023,Colorado Avalanche,3,Nashville Predators,4,-165,,,140,,,False,DraftKings,12,,3,REG,150,-180,1.5,Final,,,200,-110,ESPN BET,fixed,7
NYR,2023-11-21T01:00Z,401559504,DAL,2023,New York Rangers,3,Dallas Stars,6,110,,,-130,,,False,DraftKings,12,,3,REG,-245,200,-1.5,Final,,,110,175,ESPN BET,fixed,6
LA,2023-11-21T02:00Z,401559505,ARI,2023,Los Angeles Kings,4,Arizona Coyotes,1,-150,,,130,,,False,DraftKings,12,,3,REG,164,-198,1.5,Final,,,175,105,ESPN BET,fixed,6
SJ,2023-11-21T03:00Z,401559506,VAN,2023,San Jose Sharks,1,Vancouver Canucks,3,300,,,-400,,,False,DraftKings,12,,3,REG,124,-148,-1.5,Final,,,-235,425,ESPN BET,fixed,7
CGY,2023-11-21T03:00Z,401559507,SEA,2023,Calgary Flames,4,Seattle Kraken,3,-105,,,-115,,,False,DraftKings,12,,4,OT,-250,205,-1.5,Final/OT,,,120,160,ESPN BET,fixed,6
NJ,2023-11-23T00:00Z,401559508,DET,2023,New Jersey Devils,0,Detroit Red Wings,4,-150,,,130,,,False,DraftKings,12,,3,REG,160,-192,1.5,Final,,,175,105,ESPN BET,fixed,7
WPG,2023-11-23T00:00Z,401559509,TB,2023,Winnipeg Jets,3,Tampa Bay Lightning,2,-115,,,-105,,,False,DraftKings,12,,4,OT,-265,215,-1.5,Final/OT,,,120,150,ESPN BET,fixed,6
BOS,2023-11-23T00:00Z,401559510,FLA,2023,Boston Bruins,3,Florida Panthers,1,-110,,,-110,,,False,DraftKings,12,,3,REG,215,-265,1.5,Final,,,140,135,ESPN BET,fixed,7
NYR,2023-11-23T00:00Z,401559511,PIT,2023,New York Rangers,1,Pittsburgh Penguins,0,100,,,-120,,,False,DraftKings,12,,3,REG,-250,205,-1.5,Final,,,125,155,ESPN BET,fixed,6
BUF,2023-11-23T00:00Z,401559512,WSH,2023,Buffalo Sabres,3,Washington Capitals,4,110,,,-130,,,False,DraftKings,12,,4,OT,-230,190,-1.5,Final/OT,,,110,175,ESPN BET,fixed,7
EDM,2023-11-23T00:00Z,401559513,CAR,2023,Edmonton Oilers,3,Carolina Hurricanes,6,125,,,-145,,,False,DraftKings,12,,3,REG,-198,164,-1.5,Final,,,-110,200,ESPN BET,fixed,6
CHI,2023-11-23T00:00Z,401559514,CBJ,2023,Chicago Blackhawks,3,Columbus Blue Jackets,7,120,,,-140,,,False,DraftKings,12,,3,REG,-198,164,-1.5,Final,,,-105,200,ESPN BET,fixed,6
PHI,2023-11-23T00:30Z,401559515,NYI,2023,Philadelphia Flyers,2,New York Islanders,3,130,,,-150,,,False,DraftKings,12,,3,REG,-198,164,-1.5,Final,,,-105,205,ESPN BET,fixed,7
CGY,2023-11-23T02:00Z,401559516,NSH,2023,Calgary Flames,2,Nashville Predators,4,-115,,,-105,,,False,DraftKings,12,,3,REG,-278,225,-1.5,Final,,,140,135,ESPN BET,fixed,6
STL,2023-11-23T02:00Z,401559517,ARI,2023,St. Louis Blues,6,Arizona Coyotes,5,-105,,,-115,,,False,DraftKings,12,,3,REG,-250,205,-1.5,Final,,,120,160,ESPN BET,fixed,7
VGK,2023-11-23T02:30Z,401559518,DAL,2023,Vegas Golden Knights,2,Dallas Stars,1,120,,,-140,,,False,DraftKings,12,,4,OT,-225,185,-1.5,Final/OT,,,105,180,ESPN BET,fixed,6
VAN,2023-11-23T03:00Z,401559519,COL,2023,Vancouver Canucks,2,Colorado Avalanche,5,145,,,-170,,,False,DraftKings,12,,3,REG,-170,142,-1.5,Final,,,-125,235,ESPN BET,fixed,7
MTL,2023-11-23T03:00Z,401559520,ANA,2023,Montreal Canadiens,4,Anaheim Ducks,3,100,,,-120,,,False,DraftKings,12,,3,REG,-225,185,-1.5,Final,,,120,160,ESPN BET,fixed,6
SJ,2023-11-23T03:00Z,401559521,SEA,2023,San Jose Sharks,1,Seattle Kraken,7,250,,,-300,,,False,DraftKings,12,,3,REG,-112,-108,-1.5,Final,,,-185,350,ESPN BET,fixed,7
DET,2023-11-24T18:00Z,401559522,BOS,2023,Detroit Red Wings,5,Boston Bruins,2,170,,,-200,,,False,DraftKings,12,,3,REG,-148,124,-1.5,Final,,,-145,275,ESPN BET,fixed,6
NYR,2023-11-24T18:00Z,401559523,PHI,2023,New York Rangers,3,Philadelphia Flyers,1,-145,,,125,,,False,DraftKings,12,,3,REG,164,-198,1.5,Final,,,185,105,ESPN BET,fixed,7
TOR,2023-11-24T19:00Z,401559524,CHI,2023,Toronto Maple Leafs,3,Chicago Blackhawks,4,-275,,,230,,,False,DraftKings,12,,4,OT,-108,-112,1.5,Final/OT,,,320,-175,ESPN BET,fixed,6
EDM,2023-11-24T20:00Z,401559525,WSH,2023,Edmonton Oilers,5,Washington Capitals,0,-145,,,125,,,False,DraftKings,12,,3,REG,164,-198,1.5,Final,,,165,110,ESPN BET,fixed,7
NSH,2023-11-24T20:00Z,401559527,STL,2023,Nashville Predators,8,St. Louis Blues,3,-110,,,-110,,,False,DraftKings,12,,3,REG,-270,220,-1.5,Final,,,135,140,ESPN BET,fixed,7
CBJ,2023-11-24T20:00Z,401559532,NJ,2023,Columbus Blue Jackets,2,New Jersey Devils,1,210,,,-250,,,False,DraftKings,12,,3,REG,-120,100,-1.5,Final,,,-175,320,ESPN BET,fixed,6
LA,2023-11-24T20:30Z,401559528,ANA,2023,Los Angeles Kings,5,Anaheim Ducks,2,-210,,,175,,,False,DraftKings,12,,3,REG,130,-155,1.5,Final,,,235,-125,ESPN BET,fixed,6
MTL,2023-11-24T20:30Z,401559529,SJ,2023,Montreal Canadiens,3,San Jose Sharks,2,-150,,,125,,,False,DraftKings,12,,5,SO,154,-185,1.5,Final/SO,,,175,105,ESPN BET,fixed,7
PIT,2023-11-24T23:00Z,401559530,BUF,2023,Pittsburgh Penguins,2,Buffalo Sabres,3,-120,,,100,,,False,DraftKings,12,,3,REG,190,-230,1.5,Final,,,150,120,ESPN BET,fixed,7
NYI,2023-11-25T00:30Z,401559531,OTT,2023,New York Islanders,5,Ottawa Senators,3,110,,,-130,,,False,DraftKings,12,,3,REG,-218,180,-1.5,Final,,,105,175,ESPN BET,fixed,7
TB,2023-11-25T01:00Z,401559526,CAR,2023,Tampa Bay Lightning,8,Carolina Hurricanes,2,145,,,-170,,,False,DraftKings,12,,3,REG,-185,154,-1.5,Final,,,-110,210,ESPN BET,fixed,7
WPG,2023-11-25T01:00Z,401559533,FLA,2023,Winnipeg Jets,3,Florida Panthers,0,120,,,-140,,,False,DraftKings,11,,3,REG,-205,170,-1.5,Final,,,100,190,ESPN BET,fixed,6
CGY,2023-11-25T01:30Z,401559534,DAL,2023,Calgary Flames,7,Dallas Stars,4,145,,,-175,,,False,DraftKings,11,,3,REG,-170,142,-1.5,Final,,,-120,225,MGM,fixed,6
COL,2023-11-25T01:30Z,401559535,MIN,2023,Colorado Avalanche,3,Minnesota Wild,2,-135,,,115,,,False,DraftKings,12,,3,REG,185,-225,1.5,Final,,,140,130,ESPN BET,fixed,7
VAN,2023-11-25T03:00Z,401559536,SEA,2023,Vancouver Canucks,5,Seattle Kraken,1,-110,,,-110,,,False,DraftKings,12,,3,REG,205,-250,1.5,Final,,,140,130,ESPN BET,fixed,6
BOS,2023-11-25T18:00Z,401559537,NYR,2023,Boston Bruins,4,New York Rangers,7,-120,,,100,,,False,DraftKings,12,,3,REG,210,-258,1.5,Final,,,145,135,ESPN BET,fixed,6
MTL,2023-11-25T21:00Z,401559538,LA,2023,Montreal Canadiens,0,Los Angeles Kings,4,225,,,-275,,,False,DraftKings,12,,3,REG,-110,-110,-1.5,Final,,,-185,350,ESPN BET,fixed,7
BUF,2023-11-26T00:00Z,401559539,NJ,2023,Buffalo Sabres,2,New Jersey Devils,7,160,,,-190,,,False,DraftKings,12,,3,REG,-155,130,-1.5,Final,,,-130,245,ESPN BET,fixed,7
TOR,2023-11-26T00:00Z,401559540,PIT,2023,Toronto Maple Leafs,2,Pittsburgh Penguins,3,-125,,,105,,,False,DraftKings,12,,3,REG,190,-230,1.5,Final,,,160,115,ESPN BET,fixed,6
PHI,2023-11-26T00:30Z,401559541,NYI,2023,Philadelphia Flyers,1,New York Islanders,0,130,,,-150,,,False,DraftKings,12,,5,SO,-192,160,-1.5,Final/SO,,,-105,200,ESPN BET,fixed,7
CGY,2023-11-26T03:00Z,401559542,COL,2023,Calgary Flames,1,Colorado Avalanche,3,140,,,-165,,,False,DraftKings,12,,3,REG,-180,150,-1.5,Final,,,-120,220,ESPN BET,fixed,6
ARI,2023-11-26T03:00Z,401559543,VGK,2023,Arizona Coyotes,2,Vegas Golden Knights,0,175,,,-210,,,False,DraftKings,12,,3,REG,-135,114,-1.5,Final,,,-150,285,ESPN BET,fixed,7
VAN,2023-11-26T03:00Z,401559544,SJ,2023,Vancouver Canucks,3,San Jose Sharks,4,-290,,,240,,,False,DraftKings,11,,3,REG,-115,-105,1.5,Final,,,390,-205,ESPN BET,fixed,6
MIN,2023-11-26T18:00Z,401559545,DET,2023,Minnesota Wild,1,Detroit Red Wings,4,-115,,,-105,,,False,DraftKings,12,,3,REG,210,-258,1.5,Final,,,145,125,ESPN BET,fixed,7
STL,2023-11-26T19:00Z,401559546,CHI,2023,St. Louis Blues,4,Chicago Blackhawks,2,-155,,,133,,,False,DraftKings,12,,3,REG,160,-192,1.5,Final,,,180,105,ESPN BET,fixed,7
CBJ,2023-11-26T22:00Z,401559547,CAR,2023,Columbus Blue Jackets,2,Carolina Hurricanes,3,255,,,-310,,,False,DraftKings,12,,3,REG,102,-122,-1.5,Final,,,-205,390,ESPN BET,fixed,7
WPG,2023-11-27T01:00Z,401559548,NSH,2023,Winnipeg Jets,2,Nashville Predators,3,-105,,,-115,,,False,DraftKings,12,,3,REG,220,-270,1.5,Final,,,135,135,ESPN BET,fixed,6
ANA,2023-11-27T02:00Z,401559549,EDM,2023,Anaheim Ducks,2,Edmonton Oilers,8,240,,,-290,,,False,DraftKings,12,,3,REG,-105,-115,-1.5,Final,,,-200,370,ESPN BET,fixed,6
FLA,2023-11-28T00:00Z,401559550,OTT,2023,Florida Panthers,5,Ottawa Senators,0,-140,,,120,,,False,DraftKings,12,,3,REG,180,-218,1.5,Final,,,155,115,ESPN BET,fixed,7
BUF,2023-11-28T00:00Z,401559551,NYR,2023,Buffalo Sabres,5,New York Rangers,1,190,,,-225,,,False,DraftKings,12,,3,REG,-118,-102,-1.5,Final,,,-160,300,ESPN BET,fixed,7
BOS,2023-11-28T00:00Z,401559552,CBJ,2023,Boston Bruins,2,Columbus Blue Jackets,5,-270,,,230,,,False,DraftKings,12,,3,REG,-110,-110,1.5,Final,,,330,-170,ESPN BET,fixed,7
TB,2023-11-28T02:00Z,401559553,COL,2023,Tampa Bay Lightning,1,Colorado Avalanche,4,110,,,-130,,,False,DraftKings,12,,3,REG,-218,180,-1.5,Final,,,100,185,ESPN BET,fixed,6
VGK,2023-11-28T02:30Z,401559554,CGY,2023,Vegas Golden Knights,1,Calgary Flames,2,-120,,,100,,,False,DraftKings,12,,4,OT,200,-245,1.5,Final/OT,,,145,130,ESPN BET,fixed,6
WSH,2023-11-28T03:30Z,401559556,SJ,2023,Washington Capitals,1,San Jose Sharks,2,-240,,,200,,,False,DraftKings,9,,3,REG,105,-125,1.5,Final,,,310,-160,ESPN BET,fixed,4
FLA,2023-11-29T00:00Z,401559557,TOR,2023,Florida Panthers,1,Toronto Maple Leafs,2,115,,,-135,,,False,DraftKings,12,,5,SO,-205,170,-1.5,Final/SO,,,100,190,ESPN BET,fixed,7
NYI,2023-11-29T00:00Z,401559558,NJ,2023,New York Islanders,4,New Jersey Devils,5,140,,,-165,,,False,DraftKings,12,,3,REG,-185,154,-1.5,Final,,,-110,205,ESPN BET,fixed,7
CAR,2023-11-29T00:30Z,401559559,PHI,2023,Carolina Hurricanes,4,Philadelphia Flyers,1,-165,,,140,,,False,DraftKings,12,,3,REG,154,-185,1.5,Final,,,190,100,ESPN BET,fixed,7
PIT,2023-11-29T01:00Z,401559560,NSH,2023,Pittsburgh Penguins,2,Nashville Predators,3,-115,,,-105,,,False,DraftKings,12,,4,OT,215,-265,1.5,Final/OT,,,155,120,ESPN BET,fixed,7
STL,2023-11-29T01:00Z,401559561,MIN,2023,St. Louis Blues,1,Minnesota Wild,3,140,,,-160,,,False,DraftKings,12,,3,REG,-175,145,-1.5,Final,,,-115,220,ESPN BET,fixed,7
DAL,2023-11-29T01:00Z,401559562,WPG,2023,Dallas Stars,2,Winnipeg Jets,0,-125,,,105,,,False,DraftKings,12,,3,REG,210,-258,1.5,Final,,,160,120,ESPN BET,fixed,6
SEA,2023-11-29T01:30Z,401559563,CHI,2023,Seattle Kraken,3,Chicago Blackhawks,4,-190,,,160,,,False,DraftKings,12,,3,REG,136,-162,1.5,Final,,,240,-125,ESPN BET,fixed,6
VGK,2023-11-29T02:00Z,401559564,EDM,2023,Vegas Golden Knights,4,Edmonton Oilers,5,130,,,-150,,,False,DraftKings,12,,5,SO,-198,164,-1.5,Final/SO,,,-110,205,ESPN BET,fixed,7
TB,2023-11-29T02:00Z,401559565,ARI,2023,Tampa Bay Lightning,1,Arizona Coyotes,3,-120,,,100,,,False,DraftKings,12,,3,REG,195,-238,1.5,Final,,,150,120,ESPN BET,fixed,7
ANA,2023-11-29T03:00Z,401559555,VAN,2023,Anaheim Ducks,1,Vancouver Canucks,3,225,,,-270,,,False,DraftKings,12,,3,REG,-110,-110,-1.5,Final,,,-190,350,ESPN BET,fixed,6
MTL,2023-11-30T00:00Z,401559566,CBJ,2023,Montreal Canadiens,4,Columbus Blue Jackets,2,110,,,-130,,,False,DraftKings,12,,3,REG,-218,180,-1.5,Final,,,100,185,ESPN BET,fixed,7
DET,2023-11-30T00:30Z,401559567,NYR,2023,Detroit Red Wings,2,New York Rangers,3,185,,,-220,,,False,DraftKings,12,,3,REG,-135,114,-1.5,Final,,,-135,260,ESPN BET,fixed,7
WSH,2023-11-30T03:30Z,401559568,LA,2023,Washington Capitals,2,Los Angeles Kings,1,180,,,-215,,,False,DraftKings,12,,3,REG,-142,120,-1.5,Final,,,-150,290,ESPN BET,fixed,6
SJ,2023-12-01T00:00Z,401559569,BOS,2023,San Jose Sharks,0,Boston Bruins,3,400,,,-525,,,False,DraftKings,12,,3,REG,154,-185,-1.5,Final,,,-340,650,ESPN BET,fixed,6
SEA,2023-12-01T00:00Z,401559570,TOR,2023,Seattle Kraken,3,Toronto Maple Leafs,4,150,,,-180,,,False,DraftKings,12,,5,SO,-162,136,-1.5,Final/SO,,,-125,235,ESPN BET,fixed,6
FLA,2023-12-01T00:00Z,401559571,MTL,2023,Florida Panthers,5,Montreal Canadiens,1,-255,,,210,,,False,DraftKings,12,,3,REG,-105,-115,1.5,Final,,,310,-170,ESPN BET,fixed,6
CHI,2023-12-01T00:00Z,401559572,DET,2023,Chicago Blackhawks,1,Detroit Red Wings,5,170,,,-200,,,False,DraftKings,12,,3,REG,-148,124,-1.5,Final,,,-140,270,ESPN BET,fixed,7
PIT,2023-12-01T00:00Z,401559573,TB,2023,Pittsburgh Penguins,4,Tampa Bay Lightning,2,110,,,-130,,,False,DraftKings,12,,3,REG,-218,180,-1.5,Final,,,105,175,ESPN BET,fixed,7
NJ,2023-12-01T00:00Z,401559574,PHI,2023,New Jersey Devils,4,Philadelphia Flyers,3,-135,,,115,,,False,DraftKings,12,,4,OT,170,-205,1.5,Final/OT,,,175,105,ESPN BET,fixed,6
NYI,2023-12-01T00:30Z,401559575,CAR,2023,New York Islanders,5,Carolina Hurricanes,4,175,,,-210,,,False,DraftKings,12,,4,OT,-148,124,-1.5,Final/OT,,,-140,270,ESPN BET,fixed,6
BUF,2023-12-01T01:00Z,401559576,STL,2023,Buffalo Sabres,4,St. Louis Blues,6,100,,,-120,,,False,DraftKings,12,,3,REG,-238,195,-1.5,Final,,,115,160,ESPN BET,fixed,7
MIN,2023-12-01T01:00Z,401559577,NSH,2023,Minnesota Wild,6,Nashville Predators,1,105,,,-125,,,False,DraftKings,12,,3,REG,-245,200,-1.5,Final,,,110,175,ESPN BET,fixed,7
EDM,2023-12-01T01:00Z,401559578,WPG,2023,Edmonton Oilers,3,Winnipeg Jets,1,-115,,,-105,,,False,DraftKings,12,,3,REG,205,-250,1.5,Final,,,140,130,ESPN BET,fixed,7
DAL,2023-12-01T02:00Z,401559579,CGY,2023,Dallas Stars,3,Calgary Flames,4,-130,,,110,,,False,DraftKings,12,,4,OT,190,-230,1.5,Final/OT,,,160,115,ESPN BET,fixed,7
COL,2023-12-01T02:00Z,401559580,ARI,2023,Colorado Avalanche,3,Arizona Coyotes,4,-190,,,160,,,False,DraftKings,12,,4,OT,124,-148,1.5,Final/OT,,,240,-130,ESPN BET,fixed,7
VGK,2023-12-01T03:00Z,401559581,VAN,2023,Vegas Golden Knights,4,Vancouver Canucks,1,105,,,-125,,,False,DraftKings,12,,3,REG,-245,200,-1.5,Final,,,120,155,ESPN BET,fixed,6
WSH,2023-12-01T03:00Z,401559582,ANA,2023,Washington Capitals,5,Anaheim Ducks,4,-120,,,100,,,False,DraftKings,12,,3,REG,210,-258,1.5,Final,,,150,125,ESPN BET,fixed,7
SJ,2023-12-02T00:00Z,401559583,NJ,2023,San Jose Sharks,6,New Jersey Devils,3,370,,,-480,,,False,DraftKings,12,,3,REG,,,,Final,,,-230,425,ESPN BET,fixed,6
OTT,2023-12-02T00:00Z,401559584,CBJ,2023,Ottawa Senators,2,Columbus Blue Jackets,4,-155,,,135,,,False,DraftKings,12,,3,REG,150,-180,1.5,Final,,,200,-115,ESPN BET,fixed,6
TB,2023-12-02T19:00Z,401559585,DAL,2023,Tampa Bay Lightning,1,Dallas Stars,8,120,,,-140,,,False,DraftKings,12,,3,REG,-205,170,-1.5,Final,,,100,195,ESPN BET,fixed,6
CHI,2023-12-02T20:00Z,401559586,WPG,2023,Chicago Blackhawks,1,Winnipeg Jets,3,250,,,-300,,,False,DraftKings,12,,3,REG,-105,-115,-1.5,Final,,,-200,380,ESPN BET,fixed,7
NYR,2023-12-02T21:30Z,401559587,NSH,2023,New York Rangers,4,Nashville Predators,3,-160,,,140,,,False,DraftKings,12,,3,REG,154,-185,1.5,Final,,,215,-110,ESPN BET,fixed,7
NYI,2023-12-02T23:00Z,401559588,FLA,2023,New York Islanders,4,Florida Panthers,3,155,,,-180,,,False,DraftKings,12,,3,REG,-166,140,-1.5,Final,,,-120,225,ESPN BET,fixed,7
BOS,2023-12-03T00:00Z,401559589,TOR,2023,Boston Bruins,4,Toronto Maple Leafs,3,-110,,,-110,,,False,DraftKings,12,,4,OT,220,-270,1.5,Final/OT,,,160,120,ESPN BET,fixed,6
DET,2023-12-03T00:00Z,401559590,MTL,2023,Detroit Red Wings,5,Montreal Canadiens,4,-160,,,140,,,False,DraftKings,12,,4,OT,160,-192,1.5,Final/OT,,,175,105,ESPN BET,fixed,7
SEA,2023-12-03T00:00Z,401559591,OTT,2023,Seattle Kraken,0,Ottawa Senators,2,105,,,-125,,,False,DraftKings,12,,3,REG,-238,195,-1.5,Final,,,120,155,ESPN BET,fixed,7
PHI,2023-12-03T00:00Z,401559592,PIT,2023,Philadelphia Flyers,4,Pittsburgh Penguins,3,145,,,-175,,,False,DraftKings,12,,5,SO,-175,145,-1.5,Final/SO,,,-120,225,ESPN BET,fixed,6
BUF,2023-12-03T00:00Z,401559593,CAR,2023,Buffalo Sabres,2,Carolina Hurricanes,6,210,,,-250,,,False,DraftKings,12,,3,REG,-122,102,-1.5,Final,,,-165,320,ESPN BET,fixed,6
STL,2023-12-03T02:00Z,401559594,ARI,2023,St. Louis Blues,1,Arizona Coyotes,4,105,,,-125,,,False,DraftKings,12,,3,REG,-238,195,-1.5,Final,,,120,160,ESPN BET,fixed,7
VAN,2023-12-03T03:00Z,401559595,CGY,2023,Vancouver Canucks,4,Calgary Flames,3,100,,,-120,,,False,DraftKings,12,,3,REG,-245,200,-1.5,Final,,,115,160,ESPN BET,fixed,7
WSH,2023-12-03T03:00Z,401559596,VGK,2023,Washington Capitals,1,Vegas Golden Knights,4,155,,,-185,,,False,DraftKings,12,,3,REG,-162,136,-1.5,Final,,,-125,240,ESPN BET,fixed,6
COL,2023-12-03T03:00Z,401559597,ANA,2023,Colorado Avalanche,3,Anaheim Ducks,4,-225,,,190,,,False,DraftKings,12,,5,SO,105,-125,1.5,Final/SO,,,275,-155,ESPN BET,fixed,6
CHI,2023-12-03T19:00Z,401559598,MIN,2023,Chicago Blackhawks,1,Minnesota Wild,4,265,,,-325,,,False,DraftKings,12,,3,REG,110,-130,-1.5,Final,,,-215,400,ESPN BET,fixed,6
SJ,2023-12-03T23:00Z,401559599,NYR,2023,San Jose Sharks,5,New York Rangers,6,325,,,-425,,,False,DraftKings,12,,3,REG,130,-155,-1.5,Final,,,-270,500,ESPN BET,fixed,7
CBJ,2023-12-04T00:00Z,401559600,BOS,2023,Columbus Blue Jackets,1,Boston Bruins,3,220,,,-260,,,False,DraftKings,12,,3,REG,-110,-110,-1.5,Final,,,-180,340,ESPN BET,fixed,7
NSH,2023-12-04T00:00Z,401559601,BUF,2023,Nashville Predators,2,Buffalo Sabres,1,-120,,,100,,,False,DraftKings,12,,3,REG,-278,225,-1.5,Final,,,125,150,ESPN BET,fixed,7
COL,2023-12-04T01:00Z,401559602,LA,2023,Colorado Avalanche,1,Los Angeles Kings,4,135,,,-155,,,False,DraftKings,12,,3,REG,-198,164,-1.5,Final,,,-105,200,ESPN BET,fixed,6
DAL,2023-12-05T00:00Z,401559604,TB,2023,Dallas Stars,0,Tampa Bay Lightning,4,-125,,,105,,,False,DraftKings,12,,3,REG,210,-258,1.5,Final,,,135,130,ESPN BET,fixed,6
PIT,2023-12-05T00:00Z,401559605,PHI,2023,Pittsburgh Penguins,1,Philadelphia Flyers,2,-120,,,100,,,False,DraftKings,12,,4,OT,205,-250,1.5,Final/OT,,,140,130,ESPN BET,fixed,6
SEA,2023-12-05T00:30Z,401559603,MTL,2023,Seattle Kraken,2,Montreal Canadiens,4,-160,,,135,,,False,DraftKings,12,,3,REG,164,-198,1.5,Final,,,195,-105,ESPN BET,fixed,7
CAR,2023-12-05T00:30Z,401559606,WPG,2023,Carolina Hurricanes,1,Winnipeg Jets,2,-150,,,125,,,False,DraftKings,12,,3,REG,170,-205,1.5,Final,,,170,105,ESPN BET,fixed,7
WSH,2023-12-05T02:00Z,401559607,ARI,2023,Washington Capitals,0,Arizona Coyotes,6,105,,,-125,,,False,DraftKings,12,,3,REG,-225,185,-1.5,Final,,,-110,200,ESPN BET,fixed,7
STL,2023-12-05T03:00Z,401559608,VGK,2023,St. Louis Blues,2,Vegas Golden Knights,1,170,,,-200,,,False,DraftKings,12,,4,OT,-142,120,-1.5,Final/OT,,,-150,270,ESPN BET,fixed,7
NYR,2023-12-06T00:00Z,401559610,OTT,2023,New York Rangers,2,Ottawa Senators,6,-150,,,130,,,False,DraftKings,12,,3,REG,160,-192,1.5,Final,,,185,100,ESPN BET,fixed,7
LA,2023-12-06T00:00Z,401559611,CBJ,2023,Los Angeles Kings,4,Columbus Blue Jackets,3,-210,,,175,,,False,DraftKings,12,,4,OT,114,-135,1.5,Final/OT,,,285,-155,ESPN BET,fixed,6
DET,2023-12-06T00:30Z,401559609,BUF,2023,Detroit Red Wings,5,Buffalo Sabres,3,-130,,,110,,,False,DraftKings,12,,3,REG,185,-225,1.5,Final,,,150,120,ESPN BET,fixed,6
SJ,2023-12-06T00:30Z,401559612,NYI,2023,San Jose Sharks,5,New York Islanders,4,260,,,-325,,,False,DraftKings,12,,4,OT,105,-125,-1.5,Final/OT,,,-220,425,ESPN BET,fixed,7
NSH,2023-12-06T01:30Z,401559613,CHI,2023,Nashville Predators,4,Chicago Blackhawks,3,-190,,,160,,,False,DraftKings,12,,5,SO,136,-162,1.5,Final/SO,,,240,-130,ESPN BET,fixed,6
ANA,2023-12-06T02:00Z,401559614,COL,2023,Anaheim Ducks,2,Colorado Avalanche,3,225,,,-275,,,False,DraftKings,12,,3,REG,-110,-110,-1.5,Final,,,-190,340,ESPN BET,fixed,7
MIN,2023-12-06T02:00Z,401559615,CGY,2023,Minnesota Wild,5,Calgary Flames,2,-115,,,-105,,,False,DraftKings,12,,3,REG,220,-270,1.5,Final,,,145,130,ESPN BET,fixed,6
NJ,2023-12-06T03:00Z,401559616,VAN,2023,New Jersey Devils,6,Vancouver Canucks,5,-120,,,100,,,False,DraftKings,12,,3,REG,-285,230,-1.5,Final,,,150,110,ESPN BET,fixed,7
PIT,2023-12-07T00:00Z,401559617,TB,2023,Pittsburgh Penguins,1,Tampa Bay Lightning,3,105,,,-125,,,False,DraftKings,12,,3,REG,-218,180,-1.5,Final,,,115,160,ESPN BET,fixed,6
DAL,2023-12-07T00:00Z,401559618,FLA,2023,Dallas Stars,4,Florida Panthers,5,100,,,-120,,,False,DraftKings,12,,3,REG,-245,200,-1.5,Final,,,120,150,ESPN BET,fixed,7
VGK,2023-12-07T02:00Z,401559619,STL,2023,Vegas Golden Knights,6,St. Louis Blues,3,-165,,,140,,,False,DraftKings,12,,3,REG,154,-185,1.5,Final,,,200,-105,ESPN BET,fixed,7
CAR,2023-12-07T02:30Z,401559620,EDM,2023,Carolina Hurricanes,1,Edmonton Oilers,6,-105,,,-115,,,False,DraftKings,12,,3,REG,-238,195,-1.5,Final,,,125,140,ESPN BET,fixed,6
BUF,2023-12-08T00:00Z,401559621,BOS,2023,Buffalo Sabres,3,Boston Bruins,1,220,,,-270,,,False,DraftKings,12,,3,REG,-110,-110,-1.5,Final,,,-195,350,ESPN BET,fixed,7
LA,2023-12-08T00:00Z,401559622,MTL,2023,Los Angeles Kings,4,Montreal Canadiens,0,-215,,,180,,,False,DraftKings,12,,3,REG,114,-135,1.5,Final,,,280,-155,ESPN BET,fixed,8
TOR,2023-12-08T00:00Z,401559623,OTT,2023,Toronto Maple Leafs,4,Ottawa Senators,3,-130,,,110,,,False,DraftKings,12,,3,REG,185,-225,1.5,Final,,,140,120,ESPN BET,fixed,7
SJ,2023-12-08T00:00Z,401559624,DET,2023,San Jose Sharks,6,Detroit Red Wings,5,240,,,-290,,,False,DraftKings,12,,4,OT,-105,-115,-1.5,Final/OT,,,-210,370,ESPN BET,fixed,8
CBJ,2023-12-08T00:30Z,401559626,NYI,2023,Columbus Blue Jackets,3,New York Islanders,7,155,,,-185,,,False,DraftKings,12,,3,REG,-155,130,-1.5,Final,,,-135,245,ESPN BET,fixed,8
DAL,2023-12-08T01:00Z,401559625,WSH,2023,Dallas Stars,5,Washington Capitals,4,-140,,,120,,,False,DraftKings,12,,5,SO,170,-205,1.5,Final/SO,,,180,105,ESPN BET,fixed,8
TB,2023-12-08T01:00Z,401559627,NSH,2023,Tampa Bay Lightning,1,Nashville Predators,5,115,,,-135,,,False,DraftKings,12,,3,REG,-218,180,-1.5,Final,,,100,180,ESPN BET,fixed,7
ANA,2023-12-08T01:30Z,401559628,CHI,2023,Anaheim Ducks,0,Chicago Blackhawks,1,-115,,,-105,,,False,DraftKings,12,,3,REG,205,-250,1.5,Final,,,150,120,ESPN BET,fixed,8
WPG,2023-12-08T02:00Z,401559629,COL,2023,Winnipeg Jets,4,Colorado Avalanche,2,120,,,-140,,,False,DraftKings,12,,3,REG,-205,170,-1.5,Final,,,105,180,ESPN BET,fixed,8
CAR,2023-12-08T02:00Z,401559630,CGY,2023,Carolina Hurricanes,2,Calgary Flames,3,-130,,,110,,,False,DraftKings,12,,3,REG,190,-230,1.5,Final,,,135,130,ESPN BET,fixed,8
PHI,2023-12-08T02:00Z,401559631,ARI,2023,Philadelphia Flyers,4,Arizona Coyotes,1,-115,,,-105,,,False,DraftKings,12,,3,REG,-278,225,-1.5,Final,,,130,140,ESPN BET,fixed,7
MIN,2023-12-08T03:00Z,401559632,VAN,2023,Minnesota Wild,0,Vancouver Canucks,2,100,,,-120,,,False,DraftKings,12,,3,REG,-238,195,-1.5,Final,,,110,165,ESPN BET,fixed,7
NJ,2023-12-08T03:30Z,401559633,SEA,2023,New Jersey Devils,2,Seattle Kraken,1,-145,,,125,,,False,DraftKings,12,,3,REG,164,-198,1.5,Final,,,165,105,ESPN BET,fixed,8
PIT,2023-12-09T00:00Z,401559634,FLA,2023,Pittsburgh Penguins,1,Florida Panthers,3,140,,,-165,,,False,DraftKings,12,,3,REG,-175,145,-1.5,Final,,,-120,215,ESPN BET,fixed,8
STL,2023-12-09T00:00Z,401559635,CBJ,2023,St. Louis Blues,2,Columbus Blue Jackets,5,-150,,,130,,,False,DraftKings,12,,3,REG,154,-185,1.5,Final,,,185,-105,ESPN BET,fixed,7
MIN,2023-12-09T02:00Z,401559636,EDM,2023,Minnesota Wild,3,Edmonton Oilers,4,160,,,-190,,,False,DraftKings,12,,3,REG,-142,120,-1.5,Final,,,-145,255,ESPN BET,fixed,7
ARI,2023-12-09T18:00Z,401559637,BOS,2023,Arizona Coyotes,3,Boston Bruins,5,180,,,-215,,,False,DraftKings,12,,3,REG,-130,110,-1.5,Final,,,-145,275,ESPN BET,fixed,7
VGK,2023-12-09T21:00Z,401559638,DAL,2023,Vegas Golden Knights,6,Dallas Stars,1,100,,,-120,,,False,DraftKings,12,,3,REG,-245,200,-1.5,Final,,,105,175,ESPN BET,fixed,7
NJ,2023-12-09T21:00Z,401559639,CGY,2023,New Jersey Devils,4,Calgary Flames,2,-120,,,100,,,False,DraftKings,12,,3,REG,195,-238,1.5,Final,,,140,125,ESPN BET,fixed,8
MTL,2023-12-10T00:00Z,401559640,BUF,2023,Montreal Canadiens,3,Buffalo Sabres,2,155,,,-185,,,False,DraftKings,12,,5,SO,-162,136,-1.5,Final/SO,,,-125,230,ESPN BET,fixed,8
NSH,2023-12-10T00:00Z,401559641,TOR,2023,Nashville Predators,0,Toronto Maple Leafs,4,140,,,-165,,,False,DraftKings,12,,3,REG,-170,142,-1.5,Final,,,-120,220,ESPN BET,fixed,8
OTT,2023-12-10T00:00Z,401559642,DET,2023,Ottawa Senators,5,Detroit Red Wings,1,100,,,-120,,,False,DraftKings,12,,3,REG,-225,185,-1.5,Final,,,105,160,ESPN BET,fixed,8
NYR,2023-12-10T00:00Z,401559643,WSH,2023,New York Rangers,0,Washington Capitals,4,-195,,,165,,,False,DraftKings,12,,3,REG,136,-162,1.5,Final,,,225,-120,ESPN BET,fixed,8
LA,2023-12-10T00:30Z,401559644,NYI,2023,Los Angeles Kings,2,New York Islanders,3,-150,,,130,,,False,DraftKings,12,,4,OT,170,-205,1.5,Final/OT,,,195,-105,ESPN BET,fixed,7
STL,2023-12-10T01:00Z,401559645,CHI,2023,St. Louis Blues,1,Chicago Blackhawks,3,-130,,,110,,,False,DraftKings,12,,3,REG,180,-218,1.5,Final,,,170,105,ESPN BET,fixed,8
PHI,2023-12-10T02:00Z,401559646,COL,2023,Philadelphia Flyers,5,Colorado Avalanche,2,150,,,-175,,,False,DraftKings,12,,3,REG,-162,136,-1.5,Final,,,-130,240,ESPN BET,fixed,8
CAR,2023-12-10T03:00Z,401559647,VAN,2023,Carolina Hurricanes,3,Vancouver Canucks,4,-135,,,115,,,False,DraftKings,12,,3,REG,180,-218,1.5,Final,,,160,110,ESPN BET,fixed,8
TB,2023-12-10T03:00Z,401559648,SEA,2023,Tampa Bay Lightning,4,Seattle Kraken,3,-120,,,100,,,False,DraftKings,12,,4,OT,210,-258,1.5,Final/OT,,,145,125,ESPN BET,fixed,7
FLA,2023-12-10T18:00Z,401559649,CBJ,2023,Florida Panthers,5,Columbus Blue Jackets,2,-255,,,215,,,False,DraftKings,11,,3,REG,-108,-112,1.5,Final,,,310,-180,ESPN BET,fixed,5
NJ,2023-12-10T21:00Z,401559650,EDM,2023,New Jersey Devils,1,Edmonton Oilers,4,135,,,-160,,,False,DraftKings,11,,3,REG,-175,145,-1.5,Final,,,-120,205,ESPN BET,fixed,7
NSH,2023-12-11T00:00Z,401559651,MTL,2023,Nashville Predators,2,Montreal Canadiens,1,-165,,,140,,,False,DraftKings,12,,3,REG,150,-180,1.5,Final,,,200,-110,ESPN BET,fixed,7
LA,2023-12-11T00:00Z,401559652,NYR,2023,Los Angeles Kings,1,New York Rangers,4,100,,,-120,,,False,DraftKings,12,,3,REG,-238,195,-1.5,Final,,,110,165,ESPN BET,fixed,8
WSH,2023-12-11T00:00Z,401559653,CHI,2023,Washington Capitals,4,Chicago Blackhawks,2,-170,,,145,,,False,DraftKings,12,,3,REG,154,-185,1.5,Final,,,200,-110,ESPN BET,fixed,7
WPG,2023-12-11T01:00Z,401559654,ANA,2023,Winnipeg Jets,4,Anaheim Ducks,2,-200,,,170,,,False,DraftKings,12,,3,REG,124,-148,1.5,Final,,,240,-130,ESPN BET,fixed,8
MIN,2023-12-11T02:00Z,401559655,SEA,2023,Minnesota Wild,3,Seattle Kraken,0,-135,,,115,,,False,DraftKings,12,,3,REG,180,-218,1.5,Final,,,170,110,ESPN BET,fixed,8
SJ,2023-12-11T03:00Z,401559656,VGK,2023,San Jose Sharks,4,Vegas Golden Knights,5,270,,,-325,,,False,DraftKings,12,,5,SO,105,-125,-1.5,Final/SO,,,-210,380,ESPN BET,fixed,7
ARI,2023-12-12T00:00Z,401559657,BUF,2023,Arizona Coyotes,2,Buffalo Sabres,5,110,,,-130,,,False,DraftKings,12,,3,REG,-225,185,-1.5,Final,,,110,165,ESPN BET,fixed,7
TOR,2023-12-12T00:00Z,401559658,NYI,2023,Toronto Maple Leafs,3,New York Islanders,4,-125,,,105,,,False,DraftKings,12,,4,OT,190,-230,1.5,Final/OT,,,160,115,ESPN BET,fixed,8
DET,2023-12-12T01:00Z,401559659,DAL,2023,Detroit Red Wings,3,Dallas Stars,6,175,,,-210,,,False,DraftKings,12,,3,REG,-142,120,-1.5,Final,,,-145,265,ESPN BET,fixed,7
CGY,2023-12-12T02:30Z,401559660,COL,2023,Calgary Flames,5,Colorado Avalanche,6,145,,,-170,,,False,DraftKings,12,,3,REG,-166,140,-1.5,Final,,,-125,225,ESPN BET,fixed,8
CAR,2023-12-13T00:00Z,401559661,OTT,2023,Carolina Hurricanes,4,Ottawa Senators,1,-135,,,115,,,False,DraftKings,12,,3,REG,170,-205,1.5,Final,,,155,115,ESPN BET,fixed,8
TOR,2023-12-13T00:00Z,401559662,NYR,2023,Toronto Maple Leafs,7,New York Rangers,3,155,,,-180,,,False,DraftKings,12,,3,REG,-155,130,-1.5,Final,,,-115,210,ESPN BET,fixed,7
ARI,2023-12-13T00:00Z,401559663,PIT,2023,Arizona Coyotes,2,Pittsburgh Penguins,4,165,,,-195,,,False,DraftKings,12,,3,REG,-155,130,-1.5,Final,,,-135,250,ESPN BET,fixed,8
DET,2023-12-13T00:30Z,401559664,STL,2023,Detroit Red Wings,6,St. Louis Blues,4,115,,,-135,,,False,DraftKings,12,,3,REG,-205,170,-1.5,Final,,,105,180,ESPN BET,fixed,8
PHI,2023-12-13T01:00Z,401559665,NSH,2023,Philadelphia Flyers,2,Nashville Predators,3,120,,,-140,,,False,DraftKings,12,,4,OT,-205,170,-1.5,Final/OT,,,-105,190,ESPN BET,fixed,6
TB,2023-12-13T03:00Z,401559667,VAN,2023,Tampa Bay Lightning,1,Vancouver Canucks,4,100,,,-120,,,False,DraftKings,12,,3,REG,-245,200,-1.5,Final,,,120,155,ESPN BET,fixed,7
CGY,2023-12-13T03:00Z,401559668,VGK,2023,Calgary Flames,4,Vegas Golden Knights,5,170,,,-200,,,False,DraftKings,12,,4,OT,-142,120,-1.5,Final/OT,,,-145,260,ESPN BET,fixed,7
FLA,2023-12-13T03:00Z,401559669,SEA,2023,Florida Panthers,0,Seattle Kraken,4,-170,,,145,,,False,DraftKings,12,,3,REG,145,-175,1.5,Final,,,205,-115,ESPN BET,fixed,7
CHI,2023-12-13T03:15Z,401559666,EDM,2023,Chicago Blackhawks,1,Edmonton Oilers,4,375,,,-490,,,False,DraftKings,12,,3,REG,150,-180,-1.5,Final,,,-290,500,ESPN BET,fixed,8
WPG,2023-12-13T03:30Z,401559670,SJ,2023,Winnipeg Jets,1,San Jose Sharks,2,-200,,,170,,,False,DraftKings,12,,3,REG,120,-142,1.5,Final,,,275,-150,ESPN BET,fixed,8
PIT,2023-12-14T00:00Z,401559671,MTL,2023,Pittsburgh Penguins,4,Montreal Canadiens,3,-145,,,125,,,False,DraftKings,12,,5,SO,164,-198,1.5,Final/SO,,,185,100,ESPN BET,fixed,7
BOS,2023-12-14T00:30Z,401559672,NJ,2023,Boston Bruins,1,New Jersey Devils,2,105,,,-125,,,False,DraftKings,12,,4,OT,-238,195,-1.5,Final/OT,,,115,160,ESPN BET,fixed,7
ANA,2023-12-14T00:30Z,401559673,NYI,2023,Anaheim Ducks,3,New York Islanders,4,165,,,-200,,,False,DraftKings,12,,3,REG,-148,124,-1.5,Final,,,-135,250,ESPN BET,fixed,8
BUF,2023-12-14T03:00Z,401559674,COL,2023,Buffalo Sabres,1,Colorado Avalanche,5,160,,,-190,,,False,DraftKings,12,,3,REG,-148,124,-1.5,Final,,,-135,230,ESPN BET,fixed,8
WPG,2023-12-14T03:30Z,401559675,LA,2023,Winnipeg Jets,5,Los Angeles Kings,2,155,,,-185,,,False,DraftKings,12,,3,REG,-166,140,-1.5,Final,,,-125,230,ESPN BET,fixed,8
CBJ,2023-12-15T00:00Z,401559676,TOR,2023,Columbus Blue Jackets,6,Toronto Maple Leafs,5,200,,,-240,,,False,DraftKings,11,,4,OT,-118,-102,-1.5,Final/OT,,,-180,310,ESPN BET,fixed,6
WSH,2023-12-15T00:00Z,401559678,PHI,2023,Washington Capitals,3,Philadelphia Flyers,4,115,,,-135,,,False,DraftKings,11,,5,SO,-225,185,-1.5,Final/SO,,,110,165,ESPN BET,fixed,6
CAR,2023-12-15T00:30Z,401559677,DET,2023,Carolina Hurricanes,2,Detroit Red Wings,1,-165,,,140,,,False,DraftKings,11,,3,REG,140,-166,1.5,Final,,,205,-115,ESPN BET,fixed,6
OTT,2023-12-15T01:00Z,401559679,STL,2023,Ottawa Senators,2,St. Louis Blues,4,-120,,,100,,,False,DraftKings,11,,3,REG,195,-238,1.5,Final,,,135,130,ESPN BET,fixed,6
CGY,2023-12-15T01:00Z,401559680,MIN,2023,Calgary Flames,2,Minnesota Wild,3,125,,,-145,,,False,DraftKings,11,,5,SO,-198,164,-1.5,Final/SO,,,-110,200,ESPN BET,fixed,7
TB,2023-12-15T02:00Z,401559681,EDM,2023,Tampa Bay Lightning,7,Edmonton Oilers,4,155,,,-185,,,False,DraftKings,11,,3,REG,-166,140,-1.5,Final,,,-125,220,ESPN BET,fixed,7
FLA,2023-12-15T03:00Z,401559682,VAN,2023,Florida Panthers,0,Vancouver Canucks,4,-125,,,105,,,False,DraftKings,11,,3,REG,195,-238,1.5,Final,,,160,110,ESPN BET,fixed,7
CHI,2023-12-15T03:00Z,401559683,SEA,2023,Chicago Blackhawks,1,Seattle Kraken,7,210,,,-250,,,False,DraftKings,11,,3,REG,-125,105,-1.5,Final,,,-155,295,ESPN BET,fixed,6
ANA,2023-12-16T00:00Z,401559684,NYR,2023,Anaheim Ducks,1,New York Rangers,5,260,,,-320,,,False,DraftKings,11,,3,REG,114,-135,-1.5,Final,,,-210,380,ESPN BET,fixed,6
NSH,2023-12-16T00:30Z,401559685,CAR,2023,Nashville Predators,6,Carolina Hurricanes,5,150,,,-180,,,False,DraftKings,11,,4,OT,-170,142,-1.5,Final/OT,,,-125,230,ESPN BET,fixed,7
BOS,2023-12-16T00:30Z,401559686,NYI,2023,Boston Bruins,5,New York Islanders,4,-125,,,105,,,False,DraftKings,11,,5,SO,200,-245,1.5,Final/SO,,,175,110,ESPN BET,fixed,6
OTT,2023-12-16T01:00Z,401559687,DAL,2023,Ottawa Senators,4,Dallas Stars,5,175,,,-210,,,False,DraftKings,11,,3,REG,-142,120,-1.5,Final,,,-150,265,ESPN BET,fixed,5
SJ,2023-12-16T02:00Z,401559688,ARI,2023,San Jose Sharks,0,Arizona Coyotes,1,165,,,-195,,,False,DraftKings,11,,3,REG,-148,124,-1.5,Final,,,-140,260,ESPN BET,fixed,7
BUF,2023-12-16T03:00Z,401559689,VGK,2023,Buffalo Sabres,5,Vegas Golden Knights,2,175,,,-210,,,False,DraftKings,11,,3,REG,-135,114,-1.5,Final,,,-155,285,ESPN BET,fixed,7
VAN,2023-12-16T19:00Z,401559690,MIN,2023,Vancouver Canucks,1,Minnesota Wild,2,105,,,-125,,,False,DraftKings,11,,5,SO,-238,195,-1.5,Final/SO,,,115,160,ESPN BET,fixed,7
NYR,2023-12-17T00:00Z,401559691,BOS,2023,New York Rangers,2,Boston Bruins,1,100,,,-120,,,False,DraftKings,11,,4,OT,-258,210,-1.5,Final/OT,,,115,160,ESPN BET,fixed,6
PIT,2023-12-17T00:00Z,401559692,TOR,2023,Pittsburgh Penguins,0,Toronto Maple Leafs,7,-105,,,-115,,,False,DraftKings,11,,3,REG,-258,210,-1.5,Final,,,115,155,ESPN BET,fixed,6
NYI,2023-12-17T00:00Z,401559693,MTL,2023,New York Islanders,3,Montreal Canadiens,5,-125,,,105,,,False,DraftKings,11,,3,REG,190,-230,1.5,Final,,,160,115,ESPN BET,fixed,6
DET,2023-12-17T00:00Z,401559694,PHI,2023,Detroit Red Wings,0,Philadelphia Flyers,1,105,,,-125,,,False,DraftKings,11,,3,REG,-238,195,-1.5,Final,,,120,155,ESPN BET,fixed,6
NJ,2023-12-17T00:00Z,401559695,CBJ,2023,New Jersey Devils,6,Columbus Blue Jackets,3,-210,,,175,,,False,DraftKings,11,,3,REG,110,-130,1.5,Final,,,255,-150,ESPN BET,fixed,7
COL,2023-12-17T00:00Z,401559696,WPG,2023,Colorado Avalanche,2,Winnipeg Jets,6,100,,,-120,,,False,DraftKings,11,,3,REG,-258,210,-1.5,Final,,,125,150,ESPN BET,fixed,7
DAL,2023-12-17T01:00Z,401559697,STL,2023,Dallas Stars,3,St. Louis Blues,4,-135,,,115,,,False,DraftKings,11,,4,OT,170,-205,1.5,Final/OT,,,170,105,ESPN BET,fixed,7
WSH,2023-12-17T01:00Z,401559698,NSH,2023,Washington Capitals,1,Nashville Predators,3,120,,,-140,,,False,DraftKings,11,,3,REG,-218,180,-1.5,Final,,,100,180,ESPN BET,fixed,7
BUF,2023-12-17T02:00Z,401559699,ARI,2023,Buffalo Sabres,0,Arizona Coyotes,2,-115,,,-105,,,False,DraftKings,11,,3,REG,-270,220,-1.5,Final,,,120,150,ESPN BET,fixed,6
TB,2023-12-17T03:00Z,401559700,CGY,2023,Tampa Bay Lightning,2,Calgary Flames,4,-115,,,-105,,,False,DraftKings,11,,3,REG,-278,225,-1.5,Final,,,130,135,ESPN BET,fixed,6
FLA,2023-12-17T03:00Z,401559701,EDM,2023,Florida Panthers,5,Edmonton Oilers,1,120,,,-140,,,False,DraftKings,11,,3,REG,-198,164,-1.5,Final,,,-110,185,ESPN BET,fixed,5
LA,2023-12-17T03:00Z,401559702,SEA,2023,Los Angeles Kings,3,Seattle Kraken,2,-150,,,130,,,False,DraftKings,11,,5,SO,164,-198,1.5,Final/SO,,,195,-105,ESPN BET,fixed,6
VAN,2023-12-17T20:00Z,401559703,CHI,2023,Vancouver Canucks,4,Chicago Blackhawks,3,-215,,,180,,,False,DraftKings,11,,3,REG,110,-130,1.5,Final,,,280,-155,ESPN BET,fixed,7
WSH,2023-12-17T23:00Z,401559704,CAR,2023,Washington Capitals,2,Carolina Hurricanes,1,195,,,-230,,,False,DraftKings,11,,5,SO,-122,102,-1.5,Final/SO,,,-170,310,ESPN BET,fixed,6
ANA,2023-12-18T00:00Z,401559705,NJ,2023,Anaheim Ducks,5,New Jersey Devils,1,220,,,-270,,,False,DraftKings,11,,3,REG,-112,-108,-1.5,Final,,,-185,330,ESPN BET,fixed,7
SJ,2023-12-18T01:00Z,401559706,COL,2023,San Jose Sharks,2,Colorado Avalanche,6,225,,,-275,,,False,DraftKings,11,,3,REG,-110,-110,-1.5,Final,,,-190,340,ESPN BET,fixed,7
OTT,2023-12-18T01:00Z,401559707,VGK,2023,Ottawa Senators,3,Vegas Golden Knights,6,155,,,-185,,,False,DraftKings,11,,3,REG,-148,124,-1.5,Final,,,-135,250,ESPN BET,fixed,7
ANA,2023-12-19T00:00Z,401559708,DET,2023,Anaheim Ducks,4,Detroit Red Wings,3,200,,,-240,,,False,DraftKings,11,,3,REG,-115,-105,-1.5,Final,,,-175,320,ESPN BET,fixed,7
MIN,2023-12-19T00:00Z,401559709,PIT,2023,Minnesota Wild,3,Pittsburgh Penguins,4,105,,,-125,,,False,DraftKings,10,,3,REG,-250,205,-1.5,Final,,,125,150,ESPN BET,fixed,6
MTL,2023-12-19T00:30Z,401559710,WPG,2023,Montreal Canadiens,3,Winnipeg Jets,2,200,,,-240,,,False,DraftKings,11,,4,OT,-118,-102,-1.5,Final/OT,,,-170,320,ESPN BET,fixed,5
SEA,2023-12-19T01:00Z,401559711,DAL,2023,Seattle Kraken,3,Dallas Stars,4,155,,,-185,,,False,DraftKings,11,,4,OT,-162,136,-1.5,Final/OT,,,-130,245,ESPN BET,fixed,6
FLA,2023-12-19T02:30Z,401559712,CGY,2023,Florida Panthers,1,Calgary Flames,3,-125,,,105,,,False,DraftKings,11,,3,REG,190,-230,1.5,Final,,,145,125,ESPN BET,fixed,7
MIN,2023-12-20T00:00Z,401559713,BOS,2023,Minnesota Wild,4,Boston Bruins,3,180,,,-215,,,False,DraftKings,11,,4,OT,-135,114,-1.5,Final/OT,,,-145,270,ESPN BET,fixed,7
CBJ,2023-12-20T00:00Z,401559714,BUF,2023,Columbus Blue Jackets,9,Buffalo Sabres,4,165,,,-195,,,False,DraftKings,11,,3,REG,-155,130,-1.5,Final,,,-135,240,ESPN BET,fixed,6
NYR,2023-12-20T00:00Z,401559715,TOR,2023,New York Rangers,5,Toronto Maple Leafs,2,-110,,,-110,,,False,DraftKings,11,,3,REG,205,-250,1.5,Final,,,145,125,ESPN BET,fixed,7
STL,2023-12-20T00:00Z,401559716,TB,2023,St. Louis Blues,1,Tampa Bay Lightning,6,145,,,-175,,,False,DraftKings,11,,3,REG,-166,140,-1.5,Final,,,-130,235,ESPN BET,fixed,7
PHI,2023-12-20T00:00Z,401559717,NJ,2023,Philadelphia Flyers,3,New Jersey Devils,2,135,,,-155,,,False,DraftKings,11,,4,OT,-180,150,-1.5,Final/OT,,,-115,215,ESPN BET,fixed,7
VGK,2023-12-20T00:00Z,401559718,CAR,2023,Vegas Golden Knights,3,Carolina Hurricanes,6,120,,,-140,,,False,DraftKings,11,,3,REG,-225,185,-1.5,Final,,,105,175,ESPN BET,fixed,7
EDM,2023-12-20T00:30Z,401559719,NYI,2023,Edmonton Oilers,1,New York Islanders,3,-150,,,130,,,False,DraftKings,11,,3,REG,160,-192,1.5,Final,,,175,-105,ESPN BET,fixed,6
VAN,2023-12-20T01:00Z,401559720,NSH,2023,Vancouver Canucks,5,Nashville Predators,2,105,,,-125,,,False,DraftKings,11,,3,REG,-245,200,-1.5,Final,,,120,150,ESPN BET,fixed,6
COL,2023-12-20T01:30Z,401559721,CHI,2023,Colorado Avalanche,2,Chicago Blackhawks,3,-225,,,190,,,False,DraftKings,11,,3,REG,102,-122,1.5,Final,,,300,-165,ESPN BET,fixed,7
OTT,2023-12-20T02:00Z,401559722,ARI,2023,Ottawa Senators,3,Arizona Coyotes,4,-130,,,110,,,False,DraftKings,11,,3,REG,185,-225,1.5,Final,,,165,105,ESPN BET,fixed,6
LA,2023-12-20T03:30Z,401559723,SJ,2023,Los Angeles Kings,4,San Jose Sharks,1,-270,,,225,,,False,DraftKings,11,,3,REG,-108,-112,1.5,Final,,,340,-190,ESPN BET,fixed,6
NYI,2023-12-21T00:30Z,401559724,WSH,2023,New York Islanders,2,Washington Capitals,3,100,,,-120,,,False,DraftKings,11,,4,OT,-245,200,-1.5,Final/OT,,,110,170,ESPN BET,fixed,6
DET,2023-12-21T00:30Z,401559725,WPG,2023,Detroit Red Wings,2,Winnipeg Jets,5,130,,,-150,,,False,DraftKings,11,,3,REG,-185,154,-1.5,Final,,,-110,200,ESPN BET,fixed,6
SEA,2023-12-21T03:00Z,401559726,LA,2023,Seattle Kraken,2,Los Angeles Kings,1,150,,,-175,,,False,DraftKings,11,,3,REG,-170,142,-1.5,Final,,,-115,220,ESPN BET,fixed,7
TOR,2023-12-22T00:00Z,401559727,BUF,2023,Toronto Maple Leafs,3,Buffalo Sabres,9,-145,,,125,,,False,DraftKings,11,,3,REG,150,-180,1.5,Final,,,180,-105,ESPN BET,fixed,7
VGK,2023-12-22T00:00Z,401559728,TB,2023,Vegas Golden Knights,4,Tampa Bay Lightning,5,100,,,-120,,,False,DraftKings,11,,3,REG,-250,205,-1.5,Final,,,120,150,ESPN BET,fixed,7
STL,2023-12-22T00:00Z,401559729,FLA,2023,St. Louis Blues,4,Florida Panthers,1,180,,,-215,,,False,DraftKings,11,,3,REG,-135,114,-1.5,Final,,,-150,270,ESPN BET,fixed,6
NSH,2023-12-22T00:00Z,401559731,PHI,2023,Nashville Predators,4,Philadelphia Flyers,2,-105,,,-115,,,False,DraftKings,11,,3,REG,-258,210,-1.5,Final,,,115,155,ESPN BET,fixed,7
CAR,2023-12-22T00:00Z,401559732,PIT,2023,Carolina Hurricanes,1,Pittsburgh Penguins,2,-140,,,120,,,False,DraftKings,11,,5,SO,180,-218,1.5,Final/SO,,,155,115,ESPN BET,fixed,6
WSH,2023-12-22T00:00Z,401559733,CBJ,2023,Washington Capitals,3,Columbus Blue Jackets,2,-110,,,-110,,,False,DraftKings,11,,4,OT,205,-250,1.5,Final/OT,,,155,115,ESPN BET,fixed,6
EDM,2023-12-22T00:30Z,401559730,NJ,2023,Edmonton Oilers,6,New Jersey Devils,3,-110,,,-110,,,False,DraftKings,11,,3,REG,-258,210,-1.5,Final,,,135,125,ESPN BET,fixed,7
VAN,2023-12-22T01:00Z,401559734,DAL,2023,Vancouver Canucks,3,Dallas Stars,4,120,,,-140,,,False,DraftKings,11,,4,OT,-205,170,-1.5,Final/OT,,,100,175,ESPN BET,fixed,6
MTL,2023-12-22T01:00Z,401559735,MIN,2023,Montreal Canadiens,3,Minnesota Wild,4,150,,,-175,,,False,DraftKings,11,,4,OT,-180,150,-1.5,Final/OT,,,-120,220,ESPN BET,fixed,6
OTT,2023-12-22T02:00Z,401559736,COL,2023,Ottawa Senators,4,Colorado Avalanche,6,150,,,-175,,,False,DraftKings,11,,3,REG,-155,130,-1.5,Final,,,-125,210,ESPN BET,fixed,7
CGY,2023-12-22T03:00Z,401559737,ANA,2023,Calgary Flames,3,Anaheim Ducks,0,-190,,,160,,,False,DraftKings,11,,3,REG,130,-155,1.5,Final,,,240,-130,ESPN BET,fixed,7
ARI,2023-12-22T03:30Z,401559738,SJ,2023,Arizona Coyotes,5,San Jose Sharks,2,-150,,,130,,,False,DraftKings,11,,3,REG,160,-192,1.5,Final,,,195,-110,ESPN BET,fixed,7
PHI,2023-12-23T00:00Z,401559739,DET,2023,Philadelphia Flyers,6,Detroit Red Wings,7,115,,,-135,,,False,DraftKings,11,,5,SO,-218,180,-1.5,Final/SO,,,105,175,ESPN BET,fixed,6
EDM,2023-12-23T00:30Z,401559740,NYR,2023,Edmonton Oilers,4,New York Rangers,3,110,,,-130,,,False,DraftKings,11,,3,REG,-218,180,-1.5,Final,,,100,170,ESPN BET,fixed,6
BOS,2023-12-23T01:00Z,401559741,WPG,2023,Boston Bruins,1,Winnipeg Jets,5,-115,,,-105,,,False,DraftKings,11,,3,REG,215,-265,1.5,Final,,,155,120,ESPN BET,fixed,6
MTL,2023-12-23T01:30Z,401559742,CHI,2023,Montreal Canadiens,5,Chicago Blackhawks,2,-105,,,-115,,,False,DraftKings,11,,3,REG,-265,215,-1.5,Final,,,115,155,ESPN BET,fixed,6
DAL,2023-12-23T19:00Z,401559744,NSH,2023,Dallas Stars,3,Nashville Predators,2,-125,,,105,,,False,DraftKings,11,,3,REG,190,-230,1.5,Final,,,150,115,ESPN BET,fixed,6
VGK,2023-12-23T20:00Z,401559743,FLA,2023,Vegas Golden Knights,2,Florida Panthers,4,120,,,-140,,,False,DraftKings,11,,3,REG,-198,164,-1.5,Final,,,-105,190,ESPN BET,fixed,7
PIT,2023-12-24T00:00Z,401559745,OTT,2023,Pittsburgh Penguins,4,Ottawa Senators,5,-105,,,-115,,,False,DraftKings,11,,4,OT,-265,215,-1.5,Final/OT,,,120,140,ESPN BET,fixed,6
DET,2023-12-24T00:00Z,401559746,NJ,2023,Detroit Red Wings,2,New Jersey Devils,3,170,,,-200,,,False,DraftKings,11,,3,REG,-142,120,-1.5,Final,,,-140,240,ESPN BET,fixed,7
TB,2023-12-24T00:00Z,401559747,WSH,2023,Tampa Bay Lightning,2,Washington Capitals,1,-150,,,130,,,False,DraftKings,11,,5,SO,160,-192,1.5,Final/SO,,,180,100,ESPN BET,fixed,6
TOR,2023-12-24T00:00Z,401559749,CBJ,2023,Toronto Maple Leafs,4,Columbus Blue Jackets,1,-225,,,190,,,False,DraftKings,11,,3,REG,100,-120,1.5,Final,,,275,-160,ESPN BET,fixed,7
BOS,2023-12-24T00:00Z,401559750,MIN,2023,Boston Bruins,2,Minnesota Wild,3,-135,,,115,,,False,DraftKings,11,,3,REG,180,-218,1.5,Final,,,185,100,ESPN BET,fixed,6
NYI,2023-12-24T00:30Z,401559748,CAR,2023,New York Islanders,5,Carolina Hurricanes,4,150,,,-175,,,False,DraftKings,11,,3,REG,-162,136,-1.5,Final,,,-130,235,ESPN BET,fixed,7
BUF,2023-12-24T00:30Z,401559751,NYR,2023,Buffalo Sabres,3,New York Rangers,4,145,,,-170,,,False,DraftKings,11,,4,OT,-166,140,-1.5,Final/OT,,,-120,215,ESPN BET,fixed,7
CHI,2023-12-24T01:00Z,401559752,STL,2023,Chicago Blackhawks,5,St. Louis Blues,7,220,,,-270,,,False,DraftKings,11,,3,REG,-112,-108,-1.5,Final,,,-185,330,ESPN BET,fixed,6
SEA,2023-12-24T01:00Z,401559753,ANA,2023,Seattle Kraken,3,Anaheim Ducks,2,-160,,,135,,,False,DraftKings,11,,3,REG,164,-198,1.5,Final,,,190,-105,ESPN BET,fixed,6
ARI,2023-12-24T02:00Z,401559754,COL,2023,Arizona Coyotes,1,Colorado Avalanche,4,175,,,-210,,,False,DraftKings,11,,3,REG,-130,110,-1.5,Final,,,-155,265,ESPN BET,fixed,6
SJ,2023-12-24T03:00Z,401559755,VAN,2023,San Jose Sharks,4,Vancouver Canucks,7,250,,,-300,,,False,DraftKings,11,,3,REG,105,-125,-1.5,Final,,,-215,370,ESPN BET,fixed,6
CGY,2023-12-24T03:00Z,401559756,LA,2023,Calgary Flames,3,Los Angeles Kings,5,135,,,-155,,,False,DraftKings,11,,3,REG,-185,154,-1.5,Final,,,-115,210,ESPN BET,fixed,7
OTT,2023-12-28T00:00Z,401559757,TOR,2023,Ottawa Senators,4,Toronto Maple Leafs,2,135,,,-155,,,False,DraftKings,10,,3,REG,-175,145,-1.5,Final,,,-110,185,ESPN BET,fixed,6
FLA,2023-12-28T00:00Z,401559758,TB,2023,Florida Panthers,3,Tampa Bay Lightning,2,-130,,,110,,,False,DraftKings,10,,3,REG,185,-225,1.5,Final,,,165,105,ESPN BET,fixed,6
CBJ,2023-12-28T00:00Z,401559759,NJ,2023,Columbus Blue Jackets,3,New Jersey Devils,4,220,,,-270,,,False,DraftKings,10,,4,OT,-110,-110,-1.5,Final/OT,,,-190,330,ESPN BET,fixed,5
WSH,2023-12-28T00:00Z,401559760,NYR,2023,Washington Capitals,1,New York Rangers,5,175,,,-210,,,False,DraftKings,10,,3,REG,-135,114,-1.5,Final,,,-145,270,ESPN BET,fixed,6
BOS,2023-12-28T00:30Z,401559761,BUF,2023,Boston Bruins,4,Buffalo Sabres,1,-170,,,150,,,False,DraftKings,10,,3,REG,142,-170,1.5,Final,,,210,-115,ESPN BET,fixed,5
PIT,2023-12-28T00:30Z,401559762,NYI,2023,Pittsburgh Penguins,7,New York Islanders,0,100,,,-120,,,False,DraftKings,10,,3,REG,-250,205,-1.5,Final,,,120,150,ESPN BET,fixed,6
DAL,2023-12-28T01:00Z,401559763,STL,2023,Dallas Stars,1,St. Louis Blues,2,-175,,,150,,,False,DraftKings,10,,3,REG,142,-170,1.5,Final,,,190,-110,ESPN BET,fixed,5
CAR,2023-12-28T01:00Z,401559764,NSH,2023,Carolina Hurricanes,5,Nashville Predators,2,-145,,,125,,,False,DraftKings,10,,3,REG,180,-218,1.5,Final,,,160,115,ESPN BET,fixed,6
DET,2023-12-28T01:00Z,401559765,MIN,2023,Detroit Red Wings,3,Minnesota Wild,6,125,,,-145,,,False,DraftKings,10,,3,REG,-198,164,-1.5,Final,,,100,185,ESPN BET,fixed,6
WPG,2023-12-28T02:00Z,401559766,CHI,2023,Winnipeg Jets,1,Chicago Blackhawks,2,-240,,,210,,,False,DraftKings,10,,4,OT,105,-125,1.5,Final/OT,,,295,-160,ESPN BET,fixed,6
COL,2023-12-28T02:00Z,401559767,ARI,2023,Colorado Avalanche,4,Arizona Coyotes,5,-170,,,150,,,False,DraftKings,10,,4,OT,142,-170,1.5,Final/OT,,,200,-110,ESPN BET,fixed,6
SEA,2023-12-28T02:30Z,401559768,CGY,2023,Seattle Kraken,2,Calgary Flames,1,125,,,-145,,,False,DraftKings,10,,3,REG,-205,170,-1.5,Final,,,-105,190,ESPN BET,fixed,6
VGK,2023-12-28T03:00Z,401559769,ANA,2023,Vegas Golden Knights,2,Anaheim Ducks,5,-240,,,200,,,False,DraftKings,11,,3,REG,105,-125,1.5,Final,,,280,-155,ESPN BET,fixed,6
SJ,2023-12-28T03:00Z,401559770,LA,2023,San Jose Sharks,1,Los Angeles Kings,5,290,,,-360,,,False,DraftKings,10,,3,REG,120,-142,-1.5,Final,,,-240,425,ESPN BET,fixed,5
MTL,2023-12-29T00:00Z,401559771,CAR,2023,Montreal Canadiens,3,Carolina Hurricanes,5,210,,,-250,,,False,DraftKings,11,,3,REG,-115,-105,-1.5,Final,,,-170,330,ESPN BET,fixed,7
PHI,2023-12-29T03:00Z,401559772,VAN,2023,Philadelphia Flyers,4,Vancouver Canucks,1,130,,,-150,,,False,DraftKings,11,,3,REG,-192,160,-1.5,Final,,,-110,200,ESPN BET,fixed,6
LA,2023-12-29T03:00Z,401559773,VGK,2023,Los Angeles Kings,2,Vegas Golden Knights,3,-110,,,-110,,,False,DraftKings,11,,3,REG,-278,225,-1.5,Final,,,120,150,ESPN BET,fixed,6
EDM,2023-12-29T03:30Z,401559774,SJ,2023,Edmonton Oilers,5,San Jose Sharks,0,-425,,,340,,,False,DraftKings,11,,3,REG,-192,160,1.5,Final,,,550,-330,ESPN BET,fixed,5
NJ,2023-12-30T00:00Z,401559775,OTT,2023,New Jersey Devils,6,Ottawa Senators,2,-115,,,-105,,,False,DraftKings,11,,3,REG,-250,205,-1.5,Final,,,115,150,ESPN BET,fixed,7
NSH,2023-12-30T00:00Z,401559776,DET,2023,Nashville Predators,4,Detroit Red Wings,5,-105,,,-115,,,False,DraftKings,11,,4,OT,-265,210,-1.5,Final/OT,,,120,140,ESPN BET,fixed,7
NYR,2023-12-30T00:00Z,401559777,FLA,2023,New York Rangers,3,Florida Panthers,4,120,,,-140,,,False,DraftKings,11,,3,REG,-192,160,-1.5,Final,,,-115,205,ESPN BET,fixed,6
TOR,2023-12-30T00:00Z,401559778,CBJ,2023,Toronto Maple Leafs,5,Columbus Blue Jackets,6,-200,,,170,,,False,DraftKings,11,,4,OT,114,-135,1.5,Final/OT,,,250,-145,ESPN BET,fixed,6
WSH,2023-12-30T00:30Z,401559779,NYI,2023,Washington Capitals,1,New York Islanders,5,120,,,-140,,,False,DraftKings,11,,3,REG,-198,164,-1.5,Final,,,-110,195,ESPN BET,fixed,6
COL,2023-12-30T01:00Z,401559780,STL,2023,Colorado Avalanche,2,St. Louis Blues,1,-165,,,140,,,False,DraftKings,11,,3,REG,145,-175,1.5,Final,,,190,-110,ESPN BET,fixed,6
CHI,2023-12-30T01:00Z,401559781,DAL,2023,Chicago Blackhawks,4,Dallas Stars,5,310,,,-385,,,False,DraftKings,11,,4,OT,120,-142,-1.5,Final/OT,,,-245,425,ESPN BET,fixed,6
ARI,2023-12-30T03:00Z,401559782,ANA,2023,Arizona Coyotes,2,Anaheim Ducks,0,-130,,,110,,,False,DraftKings,11,,3,REG,180,-218,1.5,Final,,,165,110,ESPN BET,fixed,5
PHI,2023-12-30T03:00Z,401559783,SEA,2023,Philadelphia Flyers,1,Seattle Kraken,2,115,,,-135,,,False,DraftKings,11,,4,OT,-218,180,-1.5,Final/OT,,,100,185,ESPN BET,fixed,6
MIN,2023-12-30T19:00Z,401559784,WPG,2023,Minnesota Wild,2,Winnipeg Jets,4,120,,,-140,,,False,DraftKings,11,,3,REG,-205,170,-1.5,Final,,,-105,190,ESPN BET,fixed,6
CBJ,2023-12-30T22:00Z,401559785,BUF,2023,Columbus Blue Jackets,2,Buffalo Sabres,3,175,,,-210,,,False,DraftKings,11,,4,OT,-135,114,-1.5,Final/OT,,,-150,255,ESPN BET,fixed,6
NJ,2023-12-31T00:00Z,401559786,BOS,2023,New Jersey Devils,2,Boston Bruins,5,140,,,-165,,,False,DraftKings,11,,3,REG,-185,154,-1.5,Final,,,-115,210,ESPN BET,fixed,6
CAR,2023-12-31T00:00Z,401559787,TOR,2023,Carolina Hurricanes,3,Toronto Maple Leafs,2,-125,,,105,,,False,DraftKings,11,,3,REG,205,-250,1.5,Final,,,140,120,ESPN BET,fixed,6
NYR,2023-12-31T00:00Z,401559788,TB,2023,New York Rangers,5,Tampa Bay Lightning,1,-110,,,-110,,,False,DraftKings,11,,3,REG,-270,220,-1.5,Final,,,125,145,ESPN BET,fixed,6
MTL,2023-12-31T00:00Z,401559789,FLA,2023,Montreal Canadiens,1,Florida Panthers,4,210,,,-250,,,False,DraftKings,11,,3,REG,-115,-105,-1.5,Final,,,-190,330,ESPN BET,fixed,7
STL,2023-12-31T00:00Z,401559790,PIT,2023,St. Louis Blues,2,Pittsburgh Penguins,4,180,,,-220,,,False,DraftKings,11,,3,REG,-142,120,-1.5,Final,,,-145,265,ESPN BET,fixed,7
NSH,2023-12-31T00:00Z,401559791,WSH,2023,Nashville Predators,3,Washington Capitals,2,-115,,,-105,,,False,DraftKings,11,,5,SO,-298,240,-1.5,Final/SO,,,135,130,ESPN BET,fixed,6
EDM,2023-12-31T03:00Z,401559792,LA,2023,Edmonton Oilers,3,Los Angeles Kings,2,100,,,-120,,,False,DraftKings,11,,5,SO,-245,200,-1.5,Final/SO,,,120,140,ESPN BET,fixed,6
WPG,2023-12-31T19:00Z,401559793,MIN,2023,Winnipeg Jets,3,Minnesota Wild,2,-130,,,110,,,False,DraftKings,10,,3,REG,190,-230,1.5,Final,,,175,100,ESPN BET,fixed,5
BOS,2023-12-31T22:00Z,401559794,DET,2023,Boston Bruins,5,Detroit Red Wings,3,-130,,,110,,,False,DraftKings,10,,3,REG,180,-218,1.5,Final,,,170,105,ESPN BET,fixed,5
BUF,2023-12-31T23:00Z,401559795,OTT,2023,Buffalo Sabres,1,Ottawa Senators,5,130,,,-150,,,False,DraftKings,10,,3,REG,-185,154,-1.5,Final,,,-115,200,ESPN BET,fixed,5
NYI,2023-12-31T23:00Z,401559796,PIT,2023,New York Islanders,1,Pittsburgh Penguins,3,-115,,,-105,,,False,DraftKings,10,,3,REG,215,-265,1.5,Final,,,140,125,ESPN BET,fixed,5
MTL,2024-01-01T00:00Z,401559797,TB,2023,Montreal Canadiens,3,Tampa Bay Lightning,4,170,,,-200,,,False,DraftKings,9,,3,REG,-142,120,-1.5,Final,,,-150,260,ESPN BET,fixed,5
CHI,2024-01-01T01:00Z,401559798,DAL,2023,Chicago Blackhawks,1,Dallas Stars,8,290,,,-360,,,False,DraftKings,11,,3,REG,124,-148,-1.5,Final,,,-255,450,ESPN BET,fixed,6
SJ,2024-01-01T01:00Z,401559799,COL,2023,San Jose Sharks,1,Colorado Avalanche,3,320,,,-400,,,False,DraftKings,11,,3,REG,130,-155,-1.5,Final,,,-260,450,ESPN BET,fixed,6
PHI,2024-01-01T01:00Z,401559800,CGY,2023,Philadelphia Flyers,3,Calgary Flames,4,120,,,-145,,,False,DraftKings,11,,3,REG,-198,164,-1.5,Final,,,-110,205,ESPN BET,fixed,6
EDM,2024-01-01T01:00Z,401559801,ANA,2023,Edmonton Oilers,7,Anaheim Ducks,2,-210,,,175,,,False,DraftKings,11,,3,REG,110,-130,1.5,Final,,,260,-150,ESPN BET,fixed,6
VGK,2024-01-01T20:00Z,401555902,SEA,2023,Vegas Golden Knights,0,Seattle Kraken,3,-135,,,115,,,True,DraftKings,11,,3,REG,185,-225,1.5,Final,,,180,100,ESPN BET,fixed,7
CAR,2024-01-03T00:00Z,401559802,NYR,2023,Carolina Hurricanes,6,New York Rangers,1,110,,,-130,,,False,DraftKings,11,,3,REG,-230,190,-1.5,Final,,,115,155,ESPN BET,fixed,6
BOS,2024-01-03T00:00Z,401559804,CBJ,2023,Boston Bruins,4,Columbus Blue Jackets,1,-230,,,190,,,False,DraftKings,11,,3,REG,110,-130,1.5,Final,,,280,-155,ESPN BET,fixed,7
WSH,2024-01-03T00:30Z,401559803,PIT,2023,Washington Capitals,4,Pittsburgh Penguins,3,155,,,-185,,,False,DraftKings,11,,3,REG,-166,140,-1.5,Final,,,-125,225,ESPN BET,fixed,7
CHI,2024-01-03T01:00Z,401559805,NSH,2023,Chicago Blackhawks,0,Nashville Predators,3,240,,,-285,,,False,DraftKings,11,,3,REG,-108,-112,-1.5,Final,,,-190,340,ESPN BET,fixed,6
MTL,2024-01-03T01:00Z,401559806,DAL,2023,Montreal Canadiens,4,Dallas Stars,3,240,,,-290,,,False,DraftKings,11,,3,REG,-105,-115,-1.5,Final,,,-210,370,ESPN BET,fixed,7
CGY,2024-01-03T01:00Z,401559807,MIN,2023,Calgary Flames,3,Minnesota Wild,1,-120,,,100,,,False,DraftKings,11,,3,REG,-270,220,-1.5,Final,,,125,140,ESPN BET,fixed,7
TB,2024-01-03T01:00Z,401559808,WPG,2023,Tampa Bay Lightning,2,Winnipeg Jets,4,120,,,-140,,,False,DraftKings,11,,3,REG,-205,170,-1.5,Final,,,105,175,ESPN BET,fixed,7
NYI,2024-01-03T02:00Z,401559809,COL,2023,New York Islanders,4,Colorado Avalanche,5,160,,,-190,,,False,DraftKings,10,,4,OT,-162,136,-1.5,Final/OT,,,-130,235,ESPN BET,fixed,5
PHI,2024-01-03T02:00Z,401559810,EDM,2023,Philadelphia Flyers,2,Edmonton Oilers,5,160,,,-190,,,False,DraftKings,10,,3,REG,-155,130,-1.5,Final,,,-140,245,ESPN BET,fixed,5
FLA,2024-01-03T02:00Z,401559811,ARI,2023,Florida Panthers,4,Arizona Coyotes,1,-175,,,150,,,False,DraftKings,10,,3,REG,142,-170,1.5,Final,,,205,-110,ESPN BET,fixed,6
OTT,2024-01-03T03:00Z,401559812,VAN,2023,Ottawa Senators,3,Vancouver Canucks,6,125,,,-145,,,False,DraftKings,10,,3,REG,-185,154,-1.5,Final,,,-110,190,ESPN BET,fixed,6
TOR,2024-01-03T03:30Z,401559813,LA,2023,Toronto Maple Leafs,3,Los Angeles Kings,0,115,,,-135,,,False,DraftKings,10,,3,REG,-218,180,-1.5,Final,,,115,150,ESPN BET,fixed,5
DET,2024-01-03T03:30Z,401559814,SJ,2023,Detroit Red Wings,5,San Jose Sharks,3,-200,,,170,,,False,DraftKings,10,,3,REG,120,-142,1.5,Final,,,235,-135,ESPN BET,fixed,5
NJ,2024-01-04T00:30Z,401559815,WSH,2023,New Jersey Devils,6,Washington Capitals,3,-175,,,150,,,False,DraftKings,11,,3,REG,140,-166,1.5,Final,,,205,-115,ESPN BET,fixed,7
TOR,2024-01-04T02:00Z,401559816,ANA,2023,Toronto Maple Leafs,2,Anaheim Ducks,1,-210,,,175,,,False,DraftKings,11,,4,OT,110,-130,1.5,Final/OT,,,255,-150,ESPN BET,fixed,7
PIT,2024-01-05T00:00Z,401559817,BOS,2023,Pittsburgh Penguins,6,Boston Bruins,5,130,,,-150,,,False,DraftKings,10,,3,REG,-205,170,-1.5,Final,,,-105,190,ESPN BET,fixed,6
BUF,2024-01-05T00:00Z,401559818,MTL,2023,Buffalo Sabres,6,Montreal Canadiens,1,-155,,,135,,,False,DraftKings,10,,3,REG,164,-198,1.5,Final,,,175,100,ESPN BET,fixed,5
CHI,2024-01-05T00:00Z,401559819,NYR,2023,Chicago Blackhawks,1,New York Rangers,4,360,,,-450,,,False,DraftKings,10,,3,REG,142,-170,-1.5,Final,,,-275,500,ESPN BET,fixed,6
CBJ,2024-01-05T00:00Z,401559820,PHI,2023,Columbus Blue Jackets,3,Philadelphia Flyers,2,155,,,-185,,,False,DraftKings,10,,5,SO,-166,140,-1.5,Final/SO,,,-125,225,ESPN BET,fixed,5
VAN,2024-01-05T01:00Z,401559821,STL,2023,Vancouver Canucks,1,St. Louis Blues,2,-155,,,135,,,False,DraftKings,10,,3,REG,170,-205,1.5,Final,,,170,105,ESPN BET,fixed,5
CGY,2024-01-05T01:00Z,401559822,NSH,2023,Calgary Flames,6,Nashville Predators,3,100,,,-120,,,False,DraftKings,10,,3,REG,-238,195,-1.5,Final,,,110,165,ESPN BET,fixed,6
COL,2024-01-05T01:00Z,401559823,DAL,2023,Colorado Avalanche,5,Dallas Stars,4,100,,,-120,,,False,DraftKings,10,,4,OT,-230,190,-1.5,Final/OT,,,105,170,ESPN BET,fixed,5
TB,2024-01-05T01:00Z,401559824,MIN,2023,Tampa Bay Lightning,4,Minnesota Wild,1,-125,,,105,,,False,DraftKings,10,,3,REG,185,-225,1.5,Final,,,155,115,ESPN BET,fixed,5
NYI,2024-01-05T02:00Z,401559825,ARI,2023,New York Islanders,5,Arizona Coyotes,1,-110,,,-110,,,False,DraftKings,10,,3,REG,205,-250,1.5,Final,,,160,115,ESPN BET,fixed,5
FLA,2024-01-05T03:00Z,401559826,VGK,2023,Florida Panthers,4,Vegas Golden Knights,1,-125,,,105,,,False,DraftKings,10,,3,REG,195,-238,1.5,Final,,,145,120,ESPN BET,fixed,5
OTT,2024-01-05T03:00Z,401559827,SEA,2023,Ottawa Senators,1,Seattle Kraken,4,105,,,-125,,,False,DraftKings,10,,3,REG,-230,190,-1.5,Final,,,110,165,ESPN BET,fixed,6
DET,2024-01-05T03:30Z,401559828,LA,2023,Detroit Red Wings,4,Los Angeles Kings,3,155,,,-185,,,False,DraftKings,10,,5,SO,-162,136,-1.5,Final/SO,,,-130,235,ESPN BET,fixed,5
WPG,2024-01-05T03:30Z,401559829,SJ,2023,Winnipeg Jets,2,San Jose Sharks,1,-270,,,220,,,False,DraftKings,10,,3,REG,-105,-115,1.5,Final,,,320,-180,ESPN BET,fixed,5
CHI,2024-01-06T00:00Z,401559830,NJ,2023,Chicago Blackhawks,2,New Jersey Devils,4,320,,,-400,,,False,DraftKings,10,,3,REG,140,-166,-1.5,Final,,,-285,500,ESPN BET,fixed,5
CAR,2024-01-06T00:00Z,401559831,WSH,2023,Carolina Hurricanes,6,Washington Capitals,2,-190,,,155,,,False,DraftKings,9,,3,REG,142,-170,1.5,Final,,,205,-115,MGM,fixed,4
WPG,2024-01-06T03:00Z,401559832,ANA,2023,Winnipeg Jets,3,Anaheim Ducks,1,-190,,,160,,,False,DraftKings,10,,3,REG,130,-155,1.5,Final,,,240,-130,ESPN BET,fixed,5
CGY,2024-01-06T18:00Z,401559833,PHI,2023,Calgary Flames,2,Philadelphia Flyers,3,-115,,,-105,,,False,DraftKings,10,,3,REG,220,-270,1.5,Final,,,155,120,ESPN BET,fixed,6
FLA,2024-01-06T21:00Z,401559834,COL,2023,Florida Panthers,8,Colorado Avalanche,4,-105,,,-115,,,False,DraftKings,10,,3,REG,-278,225,-1.5,Final,,,120,150,ESPN BET,fixed,6
TB,2024-01-07T00:00Z,401559835,BOS,2023,Tampa Bay Lightning,3,Boston Bruins,7,135,,,-155,,,False,DraftKings,10,,3,REG,-185,154,-1.5,Final,,,-110,205,ESPN BET,fixed,5
NYR,2024-01-07T00:00Z,401559836,MTL,2023,New York Rangers,3,Montreal Canadiens,4,-190,,,160,,,False,DraftKings,10,,5,SO,124,-148,1.5,Final/SO,,,240,-135,ESPN BET,fixed,6
VAN,2024-01-07T00:00Z,401559837,NJ,2023,Vancouver Canucks,6,New Jersey Devils,4,-125,,,105,,,False,DraftKings,10,,3,REG,200,-245,1.5,Final,,,135,130,ESPN BET,fixed,5
BUF,2024-01-07T00:00Z,401559838,PIT,2023,Buffalo Sabres,3,Pittsburgh Penguins,1,140,,,-165,,,False,DraftKings,10,,3,REG,-170,142,-1.5,Final,,,-125,215,ESPN BET,fixed,5
MIN,2024-01-07T00:00Z,401559840,CBJ,2023,Minnesota Wild,4,Columbus Blue Jackets,3,-130,,,110,,,False,DraftKings,10,,4,OT,190,-230,1.5,Final/OT,,,155,115,ESPN BET,fixed,6
TOR,2024-01-07T00:00Z,401559841,SJ,2023,Toronto Maple Leafs,4,San Jose Sharks,1,-295,,,245,,,False,DraftKings,10,,3,REG,-115,-105,1.5,Final,,,360,-205,ESPN BET,fixed,6
STL,2024-01-07T01:00Z,401559839,CAR,2023,St. Louis Blues,2,Carolina Hurricanes,1,170,,,-200,,,False,DraftKings,10,,5,SO,-148,124,-1.5,Final/SO,,,-140,250,ESPN BET,fixed,6
NSH,2024-01-07T01:00Z,401559842,DAL,2023,Nashville Predators,4,Dallas Stars,3,145,,,-170,,,False,DraftKings,10,,3,REG,-162,136,-1.5,Final,,,-130,230,ESPN BET,fixed,5
OTT,2024-01-07T03:00Z,401559843,EDM,2023,Ottawa Senators,1,Edmonton Oilers,3,170,,,-200,,,False,DraftKings,10,,3,REG,-130,110,-1.5,Final,,,-155,265,ESPN BET,fixed,5
NYI,2024-01-07T03:00Z,401559844,VGK,2023,New York Islanders,2,Vegas Golden Knights,5,120,,,-140,,,False,DraftKings,10,,3,REG,-205,170,-1.5,Final,,,-105,195,ESPN BET,fixed,5
LA,2024-01-07T20:00Z,401559845,WSH,2023,Los Angeles Kings,3,Washington Capitals,4,-195,,,165,,,False,DraftKings,10,,3,REG,136,-162,1.5,Final,,,235,-125,ESPN BET,fixed,5
CGY,2024-01-07T20:00Z,401559846,CHI,2023,Calgary Flames,3,Chicago Blackhawks,4,-240,,,200,,,False,DraftKings,10,,3,REG,-102,-118,1.5,Final,,,310,-170,ESPN BET,fixed,5
WPG,2024-01-08T00:00Z,401559847,ARI,2023,Winnipeg Jets,6,Arizona Coyotes,2,-150,,,130,,,False,DraftKings,10,,3,REG,160,-192,1.5,Final,,,185,100,ESPN BET,fixed,6
DET,2024-01-08T01:00Z,401559848,ANA,2023,Detroit Red Wings,3,Anaheim Ducks,2,-155,,,135,,,False,DraftKings,10,,3,REG,145,-175,1.5,Final,,,190,-110,ESPN BET,fixed,6
VAN,2024-01-09T00:00Z,401559849,NYR,2023,Vancouver Canucks,6,New York Rangers,3,125,,,-145,,,False,DraftKings,11,,3,REG,-192,160,-1.5,Final,,,-110,195,ESPN BET,fixed,6
PIT,2024-01-09T00:00Z,401559850,PHI,2023,Pittsburgh Penguins,4,Philadelphia Flyers,1,-125,,,105,,,False,DraftKings,11,,3,REG,195,-238,1.5,Final,,,140,125,ESPN BET,fixed,7
DAL,2024-01-09T01:00Z,401559851,MIN,2023,Dallas Stars,4,Minnesota Wild,0,-140,,,120,,,False,DraftKings,11,,3,REG,180,-218,1.5,Final,,,160,110,ESPN BET,fixed,7
BOS,2024-01-09T02:00Z,401559852,COL,2023,Boston Bruins,3,Colorado Avalanche,4,110,,,-130,,,False,DraftKings,11,,5,SO,-225,185,-1.5,Final/SO,,,105,170,ESPN BET,fixed,7
SEA,2024-01-10T00:00Z,401559853,BUF,2023,Seattle Kraken,5,Buffalo Sabres,2,100,,,-120,,,False,DraftKings,11,,3,REG,-270,220,-1.5,Final,,,115,155,ESPN BET,fixed,6
SJ,2024-01-10T00:00Z,401559854,TOR,2023,San Jose Sharks,1,Toronto Maple Leafs,7,360,,,-450,,,False,DraftKings,11,,3,REG,150,-180,-1.5,Final,,,-285,500,ESPN BET,fixed,6
LA,2024-01-10T00:00Z,401559855,TB,2023,Los Angeles Kings,2,Tampa Bay Lightning,3,-140,,,120,,,False,DraftKings,11,,4,OT,185,-225,1.5,Final/OT,,,150,120,ESPN BET,fixed,6
VAN,2024-01-10T00:30Z,401559856,NYI,2023,Vancouver Canucks,5,New York Islanders,2,115,,,-135,,,False,DraftKings,11,,3,REG,-218,180,-1.5,Final,,,105,170,ESPN BET,fixed,6
FLA,2024-01-10T01:00Z,401559857,STL,2023,Florida Panthers,5,St. Louis Blues,1,-185,,,155,,,False,DraftKings,11,,3,REG,136,-162,1.5,Final,,,220,-125,ESPN BET,fixed,7
ANA,2024-01-10T01:00Z,401559858,NSH,2023,Anaheim Ducks,5,Nashville Predators,3,190,,,-225,,,False,DraftKings,11,,3,REG,-130,110,-1.5,Final,,,-160,290,ESPN BET,fixed,7
CBJ,2024-01-10T01:00Z,401559859,WPG,2023,Columbus Blue Jackets,0,Winnipeg Jets,5,220,,,-265,,,False,DraftKings,11,,3,REG,-112,-108,-1.5,Final,,,-185,330,ESPN BET,fixed,7
EDM,2024-01-10T01:30Z,401559860,CHI,2023,Edmonton Oilers,2,Chicago Blackhawks,1,-450,,,360,,,False,DraftKings,11,,3,REG,-180,150,1.5,Final,,,475,-280,ESPN BET,fixed,7
OTT,2024-01-10T02:00Z,401559861,CGY,2023,Ottawa Senators,3,Calgary Flames,6,110,,,-130,,,False,DraftKings,11,,3,REG,-218,180,-1.5,Final,,,100,175,ESPN BET,fixed,6
BOS,2024-01-10T02:00Z,401559862,ARI,2023,Boston Bruins,3,Arizona Coyotes,4,-160,,,135,,,False,DraftKings,11,,4,OT,164,-198,1.5,Final/OT,,,195,-105,ESPN BET,fixed,7
MTL,2024-01-11T00:00Z,401559863,PHI,2023,Montreal Canadiens,2,Philadelphia Flyers,3,155,,,-185,,,False,DraftKings,11,,5,SO,-162,136,-1.5,Final/SO,,,-135,240,ESPN BET,fixed,6
MIN,2024-01-11T00:30Z,401559864,DAL,2023,Minnesota Wild,2,Dallas Stars,7,170,,,-200,,,False,DraftKings,11,,3,REG,-155,130,-1.5,Final,,,-140,255,ESPN BET,fixed,6
VGK,2024-01-11T03:00Z,401559865,COL,2023,Vegas Golden Knights,0,Colorado Avalanche,3,120,,,-140,,,False,DraftKings,11,,3,REG,-198,164,-1.5,Final,,,-110,195,ESPN BET,fixed,7
OTT,2024-01-12T00:00Z,401559866,BUF,2023,Ottawa Senators,3,Buffalo Sabres,5,105,,,-125,,,False,DraftKings,11,,3,REG,-218,180,-1.5,Final,,,100,170,ESPN BET,fixed,7
SJ,2024-01-12T00:00Z,401559867,MTL,2023,San Jose Sharks,3,Montreal Canadiens,2,140,,,-165,,,False,DraftKings,11,,3,REG,-180,150,-1.5,Final,,,-115,210,ESPN BET,fixed,6
EDM,2024-01-12T00:00Z,401559868,DET,2023,Edmonton Oilers,3,Detroit Red Wings,2,-185,,,155,,,False,DraftKings,11,,4,OT,140,-166,1.5,Final/OT,,,190,-110,ESPN BET,fixed,7
NJ,2024-01-12T00:00Z,401559869,TB,2023,New Jersey Devils,3,Tampa Bay Lightning,4,130,,,-150,,,False,DraftKings,11,,4,OT,-185,154,-1.5,Final/OT,,,-115,200,ESPN BET,fixed,7
LA,2024-01-12T00:00Z,401559870,FLA,2023,Los Angeles Kings,2,Florida Panthers,3,120,,,-140,,,False,DraftKings,11,,4,OT,-205,170,-1.5,Final/OT,,,-105,190,ESPN BET,fixed,7
VAN,2024-01-12T00:00Z,401559871,PIT,2023,Vancouver Canucks,4,Pittsburgh Penguins,3,105,,,-125,,,False,DraftKings,11,,4,OT,-218,180,-1.5,Final/OT,,,105,170,ESPN BET,fixed,6
SEA,2024-01-12T00:00Z,401559872,WSH,2023,Seattle Kraken,4,Washington Capitals,1,-130,,,110,,,False,DraftKings,11,,3,REG,190,-230,1.5,Final,,,190,-105,ESPN BET,fixed,6
ANA,2024-01-12T00:00Z,401559873,CAR,2023,Anaheim Ducks,3,Carolina Hurricanes,6,300,,,-370,,,False,DraftKings,11,,3,REG,114,-135,-1.5,Final,,,-230,400,ESPN BET,fixed,7
TOR,2024-01-12T00:00Z,401559874,NYI,2023,Toronto Maple Leafs,3,New York Islanders,4,-135,,,115,,,False,DraftKings,11,,4,OT,180,-218,1.5,Final/OT,,,155,110,ESPN BET,fixed,6
NYR,2024-01-12T01:00Z,401559875,STL,2023,New York Rangers,2,St. Louis Blues,5,-165,,,140,,,False,DraftKings,11,,3,REG,145,-175,1.5,Final,,,205,-115,ESPN BET,fixed,7
CHI,2024-01-12T01:00Z,401559876,WPG,2023,Chicago Blackhawks,1,Winnipeg Jets,2,340,,,-425,,,False,DraftKings,11,,3,REG,110,-140,-1.5,Final,,,-240,450,ESPN BET,fixed,6
CGY,2024-01-12T02:00Z,401559877,ARI,2023,Calgary Flames,6,Arizona Coyotes,2,-140,,,120,,,False,DraftKings,11,,3,REG,180,-218,1.5,Final,,,160,110,ESPN BET,fixed,7
BOS,2024-01-12T03:00Z,401559878,VGK,2023,Boston Bruins,1,Vegas Golden Knights,2,-130,,,110,,,False,DraftKings,11,,4,OT,180,-218,1.5,Final/OT,,,150,120,ESPN BET,fixed,6
NSH,2024-01-13T01:00Z,401559879,DAL,2023,Nashville Predators,6,Dallas Stars,3,155,,,-185,,,False,DraftKings,11,,3,REG,-155,130,-1.5,Final,,,-140,245,ESPN BET,fixed,7
PHI,2024-01-13T01:00Z,401559880,MIN,2023,Philadelphia Flyers,4,Minnesota Wild,3,-110,,,-110,,,False,DraftKings,11,,4,OT,-270,220,-1.5,Final/OT,,,115,160,ESPN BET,fixed,6
NYR,2024-01-13T18:00Z,401559881,WSH,2023,New York Rangers,2,Washington Capitals,3,-165,,,140,,,False,DraftKings,11,,3,REG,154,-185,1.5,Final,,,190,-105,ESPN BET,fixed,6
VAN,2024-01-13T21:00Z,401559882,BUF,2023,Vancouver Canucks,1,Buffalo Sabres,0,-150,,,130,,,False,DraftKings,11,,3,REG,154,-185,1.5,Final,,,185,-105,ESPN BET,fixed,7
SJ,2024-01-13T21:00Z,401559883,OTT,2023,San Jose Sharks,4,Ottawa Senators,5,205,,,-240,,,False,DraftKings,11,,3,REG,-115,-105,-1.5,Final,,,-190,330,ESPN BET,fixed,6
NJ,2024-01-13T23:00Z,401559884,FLA,2023,New Jersey Devils,4,Florida Panthers,1,180,,,-215,,,False,DraftKings,11,,3,REG,-135,114,-1.5,Final,,,-150,265,ESPN BET,fixed,7
COL,2024-01-14T00:00Z,401559885,TOR,2023,Colorado Avalanche,5,Toronto Maple Leafs,3,105,,,-125,,,False,DraftKings,11,,3,REG,-230,190,-1.5,Final,,,100,170,ESPN BET,fixed,7
EDM,2024-01-14T00:00Z,401559886,MTL,2023,Edmonton Oilers,2,Montreal Canadiens,1,-250,,,210,,,False,DraftKings,11,,4,OT,-105,-115,1.5,Final/OT,,,310,-175,ESPN BET,fixed,7
LA,2024-01-14T00:00Z,401559887,DET,2023,Los Angeles Kings,3,Detroit Red Wings,5,-170,,,145,,,False,DraftKings,11,,3,REG,150,-180,1.5,Final,,,200,-115,ESPN BET,fixed,7
ANA,2024-01-14T00:00Z,401559888,TB,2023,Anaheim Ducks,1,Tampa Bay Lightning,5,220,,,-270,,,False,DraftKings,11,,3,REG,-112,-108,-1.5,Final,,,-195,340,ESPN BET,fixed,7
PIT,2024-01-14T00:00Z,401559889,CAR,2023,Pittsburgh Penguins,2,Carolina Hurricanes,3,120,,,-140,,,False,DraftKings,11,,4,OT,-192,160,-1.5,Final/OT,,,-110,190,ESPN BET,fixed,6
SEA,2024-01-14T00:00Z,401559890,CBJ,2023,Seattle Kraken,7,Columbus Blue Jackets,4,-165,,,140,,,False,DraftKings,11,,3,REG,145,-175,1.5,Final,,,205,-115,ESPN BET,fixed,6
PHI,2024-01-14T00:00Z,401559891,WPG,2023,Philadelphia Flyers,2,Winnipeg Jets,0,170,,,-200,,,False,DraftKings,11,,3,REG,-148,124,-1.5,Final,,,-135,250,ESPN BET,fixed,7
DAL,2024-01-14T01:00Z,401559892,CHI,2023,Dallas Stars,3,Chicago Blackhawks,1,-280,,,235,,,False,DraftKings,11,,3,REG,-105,-115,1.5,Final,,,330,-180,ESPN BET,fixed,7
BOS,2024-01-14T01:00Z,401559893,STL,2023,Boston Bruins,4,St. Louis Blues,3,-170,,,145,,,False,DraftKings,11,,4,OT,142,-170,1.5,Final/OT,,,215,-120,ESPN BET,fixed,6
NYI,2024-01-14T01:00Z,401559894,NSH,2023,New York Islanders,1,Nashville Predators,3,-120,,,100,,,False,DraftKings,11,,3,REG,215,-265,1.5,Final,,,140,125,ESPN BET,fixed,7
ARI,2024-01-14T01:00Z,401559895,MIN,2023,Arizona Coyotes,6,Minnesota Wild,0,115,,,-135,,,False,DraftKings,11,,3,REG,-225,185,-1.5,Final,,,105,175,ESPN BET,fixed,6
CGY,2024-01-14T03:00Z,401559896,VGK,2023,Calgary Flames,3,Vegas Golden Knights,1,-110,,,-110,,,False,DraftKings,11,,3,REG,-258,210,-1.5,Final,,,115,155,ESPN BET,fixed,7
WSH,2024-01-14T18:00Z,401559897,NYR,2023,Washington Capitals,1,New York Rangers,2,200,,,-240,,,False,DraftKings,11,,3,REG,-122,102,-1.5,Final,,,-175,320,ESPN BET,fixed,6
DET,2024-01-15T00:30Z,401559898,TOR,2023,Detroit Red Wings,4,Toronto Maple Leafs,2,175,,,-210,,,False,DraftKings,11,,3,REG,-135,114,-1.5,Final,,,-155,260,ESPN BET,fixed,7
SJ,2024-01-15T17:00Z,401559900,BUF,2023,San Jose Sharks,0,Buffalo Sabres,3,220,,,-270,,,False,DraftKings,11,,3,REG,-110,-110,-1.5,Final,,,-190,330,ESPN BET,fixed,6
NJ,2024-01-15T18:00Z,401559899,BOS,2023,New Jersey Devils,0,Boston Bruins,3,150,,,-170,,,False,DraftKings,11,,3,REG,-170,142,-1.5,Final,,,-120,220,ESPN BET,fixed,6
ANA,2024-01-15T18:00Z,401559901,FLA,2023,Anaheim Ducks,5,Florida Panthers,4,320,,,-400,,,False,DraftKings,11,,4,OT,124,-148,-1.5,Final/OT,,,-240,425,ESPN BET,fixed,6
VAN,2024-01-15T18:00Z,401559902,CBJ,2023,Vancouver Canucks,3,Columbus Blue Jackets,4,-190,,,160,,,False,DraftKings,11,,5,SO,114,-135,1.5,Final/SO,,,240,-145,ESPN BET,fixed,7
SEA,2024-01-15T18:00Z,401559906,PIT,2023,Seattle Kraken,0,Pittsburgh Penguins,3,125,,,-145,,,False,DraftKings,11,,3,REG,-192,160,-1.5,Final,,,-110,195,ESPN BET,fixed,7
LA,2024-01-15T20:00Z,401559904,CAR,2023,Los Angeles Kings,5,Carolina Hurricanes,2,135,,,-155,,,False,DraftKings,11,,3,REG,-192,160,-1.5,Final,,,-110,195,ESPN BET,fixed,6
NYI,2024-01-15T23:00Z,401559903,MIN,2023,New York Islanders,0,Minnesota Wild,5,-110,,,-110,,,False,DraftKings,11,,3,REG,-250,205,-1.5,Final,,,115,155,ESPN BET,fixed,6
NSH,2024-01-15T23:00Z,401559908,VGK,2023,Nashville Predators,1,Vegas Golden Knights,4,105,,,-125,,,False,DraftKings,11,,3,REG,-245,200,-1.5,Final,,,115,155,ESPN BET,fixed,7
COL,2024-01-16T00:00Z,401559905,MTL,2023,Colorado Avalanche,3,Montreal Canadiens,4,-210,,,180,,,False,DraftKings,11,,3,REG,120,-142,1.5,Final,,,260,-145,ESPN BET,fixed,7
PHI,2024-01-16T01:00Z,401559907,STL,2023,Philadelphia Flyers,4,St. Louis Blues,2,-115,,,-105,,,False,DraftKings,11,,3,REG,-265,215,-1.5,Final,,,115,160,ESPN BET,fixed,6
COL,2024-01-17T00:00Z,401559909,OTT,2023,Colorado Avalanche,7,Ottawa Senators,4,-120,,,100,,,False,DraftKings,11,,3,REG,195,-238,1.5,Final,,,150,115,ESPN BET,fixed,6
SEA,2024-01-17T00:00Z,401559910,NYR,2023,Seattle Kraken,2,New York Rangers,5,210,,,-265,,,False,DraftKings,11,,3,REG,-135,114,-1.5,Final,,,-160,290,ESPN BET,fixed,7
ANA,2024-01-17T00:00Z,401559911,WSH,2023,Anaheim Ducks,0,Washington Capitals,2,130,,,-160,,,False,DraftKings,11,,3,REG,-162,136,-1.5,Final,,,-135,240,ESPN BET,fixed,6
LA,2024-01-17T01:00Z,401559912,DAL,2023,Los Angeles Kings,1,Dallas Stars,5,110,,,-130,,,False,DraftKings,11,,3,REG,-218,180,-1.5,Final,,,100,180,ESPN BET,fixed,7
NYI,2024-01-17T01:00Z,401559913,WPG,2023,New York Islanders,2,Winnipeg Jets,4,175,,,-210,,,False,DraftKings,11,,3,REG,-162,136,-1.5,Final,,,-130,230,ESPN BET,fixed,7
SJ,2024-01-17T01:30Z,401559914,CHI,2023,San Jose Sharks,1,Chicago Blackhawks,2,135,,,-160,,,False,DraftKings,11,,5,SO,-218,180,-1.5,Final/SO,,,-110,195,ESPN BET,fixed,6
ARI,2024-01-17T02:00Z,401559915,CGY,2023,Arizona Coyotes,2,Calgary Flames,3,140,,,-170,,,False,DraftKings,11,,4,OT,-192,160,-1.5,Final/OT,,,-115,200,ESPN BET,fixed,7
TOR,2024-01-17T02:00Z,401559916,EDM,2023,Toronto Maple Leafs,2,Edmonton Oilers,4,140,,,-165,,,False,DraftKings,11,,3,REG,-175,145,-1.5,Final,,,-120,205,ESPN BET,fixed,6
DET,2024-01-18T00:00Z,401559917,FLA,2023,Detroit Red Wings,3,Florida Panthers,2,175,,,-210,,,False,DraftKings,11,,4,OT,-142,120,-1.5,Final/OT,,,-145,255,ESPN BET,fixed,6
MTL,2024-01-18T00:00Z,401559918,NJ,2023,Montreal Canadiens,3,New Jersey Devils,2,155,,,-185,,,False,DraftKings,11,,3,REG,-148,124,-1.5,Final,,,-130,235,ESPN BET,fixed,6
COL,2024-01-19T00:00Z,401559920,BOS,2023,Colorado Avalanche,2,Boston Bruins,5,130,,,-150,,,False,DraftKings,11,,3,REG,-198,164,-1.5,Final,,,-110,195,ESPN BET,fixed,6
MTL,2024-01-19T00:00Z,401559921,OTT,2023,Montreal Canadiens,2,Ottawa Senators,6,150,,,-175,,,False,DraftKings,11,,3,REG,-162,136,-1.5,Final,,,-130,225,ESPN BET,fixed,7
MIN,2024-01-19T00:00Z,401559922,TB,2023,Minnesota Wild,3,Tampa Bay Lightning,7,120,,,-140,,,False,DraftKings,11,,3,REG,-205,170,-1.5,Final,,,105,160,ESPN BET,fixed,7
DAL,2024-01-19T00:00Z,401559923,PHI,2023,Dallas Stars,1,Philadelphia Flyers,5,-135,,,115,,,False,DraftKings,11,,3,REG,180,-218,1.5,Final,,,175,105,ESPN BET,fixed,6
STL,2024-01-19T00:00Z,401559924,WSH,2023,St. Louis Blues,2,Washington Capitals,5,-105,,,-115,,,False,DraftKings,11,,3,REG,-270,220,-1.5,Final,,,120,155,ESPN BET,fixed,6
CHI,2024-01-19T00:00Z,401632079,BUF,2023,Chicago Blackhawks,0,Buffalo Sabres,3,215,,,-265,,,False,DraftKings,11,,3,REG,-108,-112,-1.5,Final,,,-185,340,ESPN BET,fixed,7
TOR,2024-01-19T02:00Z,401559926,CGY,2023,Toronto Maple Leafs,4,Calgary Flames,3,-135,,,115,,,False,DraftKings,11,,3,REG,170,-205,1.5,Final,,,155,110,ESPN BET,fixed,6
SEA,2024-01-19T02:00Z,401559927,EDM,2023,Seattle Kraken,2,Edmonton Oilers,4,180,,,-215,,,False,DraftKings,11,,3,REG,-130,110,-1.5,Final,,,-155,275,ESPN BET,fixed,7
NSH,2024-01-19T03:00Z,401559928,LA,2023,Nashville Predators,2,Los Angeles Kings,1,125,,,-145,,,False,DraftKings,11,,3,REG,-198,164,-1.5,Final,,,-105,190,ESPN BET,fixed,6
ARI,2024-01-19T03:00Z,401559929,VAN,2023,Arizona Coyotes,1,Vancouver Canucks,2,180,,,-215,,,False,DraftKings,11,,3,REG,-135,114,-1.5,Final,,,-155,280,ESPN BET,fixed,7
NYR,2024-01-19T03:00Z,401559930,VGK,2023,New York Rangers,1,Vegas Golden Knights,5,-140,,,120,,,False,DraftKings,11,,3,REG,180,-218,1.5,Final,,,175,105,ESPN BET,fixed,6
MIN,2024-01-20T00:00Z,401559931,FLA,2023,Minnesota Wild,6,Florida Panthers,4,175,,,-210,,,False,DraftKings,11,,3,REG,-135,114,-1.5,Final,,,-145,265,ESPN BET,fixed,7
DET,2024-01-20T00:00Z,401559932,CAR,2023,Detroit Red Wings,2,Carolina Hurricanes,4,180,,,-215,,,False,DraftKings,11,,3,REG,-135,114,-1.5,Final,,,-165,285,ESPN BET,fixed,7
NJ,2024-01-20T00:00Z,401559933,CBJ,2023,New Jersey Devils,4,Columbus Blue Jackets,1,-155,,,135,,,False,DraftKings,11,,3,REG,154,-185,1.5,Final,,,180,-105,ESPN BET,fixed,6
NYI,2024-01-20T01:30Z,401559934,CHI,2023,New York Islanders,3,Chicago Blackhawks,4,-280,,,230,,,False,DraftKings,11,,4,OT,-102,-118,1.5,Final/OT,,,350,-185,ESPN BET,fixed,6
TB,2024-01-20T17:30Z,401559935,BUF,2023,Tampa Bay Lightning,3,Buffalo Sabres,1,-105,,,-115,,,False,DraftKings,11,,3,REG,215,-265,1.5,Final,,,135,130,ESPN BET,fixed,6
COL,2024-01-20T18:00Z,401559936,PHI,2023,Colorado Avalanche,7,Philadelphia Flyers,4,-115,,,-105,,,False,DraftKings,11,,3,REG,200,-245,1.5,Final,,,140,125,ESPN BET,fixed,6
WPG,2024-01-20T20:00Z,401559937,OTT,2023,Winnipeg Jets,2,Ottawa Senators,1,-145,,,125,,,False,DraftKings,11,,4,OT,164,-198,1.5,Final/OT,,,175,100,ESPN BET,fixed,6
NSH,2024-01-20T20:00Z,401559938,ARI,2023,Nashville Predators,2,Arizona Coyotes,3,-140,,,120,,,False,DraftKings,11,,3,REG,190,-230,1.5,Final,,,160,115,ESPN BET,fixed,7
MTL,2024-01-21T00:00Z,401559939,BOS,2023,Montreal Canadiens,4,Boston Bruins,9,235,,,-290,,,False,DraftKings,11,,3,REG,-105,-115,-1.5,Final,,,-195,350,ESPN BET,fixed,6
DAL,2024-01-21T00:00Z,401559940,NJ,2023,Dallas Stars,6,New Jersey Devils,2,-135,,,115,,,False,DraftKings,11,,3,REG,180,-218,1.5,Final,,,155,110,ESPN BET,fixed,7
TOR,2024-01-21T00:00Z,401559941,VAN,2023,Toronto Maple Leafs,4,Vancouver Canucks,6,105,,,-125,,,False,DraftKings,11,,3,REG,-225,185,-1.5,Final,,,105,165,ESPN BET,fixed,7
WSH,2024-01-21T01:00Z,401559942,STL,2023,Washington Capitals,0,St. Louis Blues,3,105,,,-125,,,False,DraftKings,11,,3,REG,-245,200,-1.5,Final,,,105,170,ESPN BET,fixed,7
EDM,2024-01-21T03:00Z,401559943,CGY,2023,Edmonton Oilers,3,Calgary Flames,1,-190,,,165,,,False,DraftKings,11,,3,REG,136,-162,1.5,Final,,,210,-120,ESPN BET,fixed,6
PIT,2024-01-21T03:00Z,401559944,VGK,2023,Pittsburgh Penguins,2,Vegas Golden Knights,3,-130,,,110,,,False,DraftKings,11,,3,REG,185,-225,1.5,Final,,,175,105,ESPN BET,fixed,7
ANA,2024-01-21T03:00Z,401559945,SJ,2023,Anaheim Ducks,3,San Jose Sharks,5,-130,,,110,,,False,DraftKings,11,,3,REG,190,-230,1.5,Final,,,160,110,ESPN BET,fixed,6
NYR,2024-01-21T03:30Z,401559946,LA,2023,New York Rangers,1,Los Angeles Kings,2,105,,,-125,,,False,DraftKings,11,,3,REG,-238,195,-1.5,Final,,,110,160,ESPN BET,fixed,6
OTT,2024-01-21T18:00Z,401559947,PHI,2023,Ottawa Senators,5,Philadelphia Flyers,3,130,,,-155,,,False,DraftKings,11,,3,REG,-192,160,-1.5,Final,,,100,180,ESPN BET,fixed,7
MIN,2024-01-21T22:00Z,401559949,CAR,2023,Minnesota Wild,5,Carolina Hurricanes,2,150,,,-175,,,False,DraftKings,11,,3,REG,-155,130,-1.5,Final,,,-135,245,ESPN BET,fixed,7
TB,2024-01-22T00:00Z,401559948,DET,2023,Tampa Bay Lightning,1,Detroit Red Wings,2,-115,,,-105,,,False,DraftKings,11,,3,REG,200,-245,1.5,Final,,,145,120,ESPN BET,fixed,6
DAL,2024-01-22T00:30Z,401559950,NYI,2023,Dallas Stars,2,New York Islanders,3,-105,,,-115,,,False,DraftKings,11,,4,OT,-265,215,-1.5,Final/OT,,,105,130,ESPN BET,fixed,6
NYR,2024-01-22T01:30Z,401559951,ANA,2023,New York Rangers,5,Anaheim Ducks,2,-210,,,175,,,False,DraftKings,11,,3,REG,110,-130,1.5,Final,,,275,-150,ESPN BET,fixed,6
TOR,2024-01-22T02:00Z,401559952,SEA,2023,Toronto Maple Leafs,3,Seattle Kraken,1,-115,,,-105,,,False,DraftKings,11,,3,REG,210,-258,1.5,Final,,,145,120,ESPN BET,fixed,7
WPG,2024-01-23T00:00Z,401559953,BOS,2023,Winnipeg Jets,1,Boston Bruins,4,120,,,-140,,,False,DraftKings,11,,3,REG,-198,164,-1.5,Final,,,105,175,ESPN BET,fixed,6
VGK,2024-01-23T00:00Z,401559954,NJ,2023,Vegas Golden Knights,5,New Jersey Devils,6,105,,,-125,,,False,DraftKings,11,,4,OT,-250,205,-1.5,Final/OT,,,120,150,ESPN BET,fixed,7
FLA,2024-01-23T01:00Z,401559955,NSH,2023,Florida Panthers,4,Nashville Predators,1,-130,,,110,,,False,DraftKings,11,,3,REG,195,-238,1.5,Final,,,160,115,ESPN BET,fixed,7
PIT,2024-01-23T02:00Z,401559956,ARI,2023,Pittsburgh Penguins,2,Arizona Coyotes,5,-160,,,135,,,False,DraftKings,11,,3,REG,154,-185,1.5,Final,,,175,105,ESPN BET,fixed,7
CHI,2024-01-23T03:00Z,401559957,VAN,2023,Chicago Blackhawks,0,Vancouver Canucks,2,330,,,-420,,,False,DraftKings,11,,3,REG,145,-175,-1.5,Final,,,-320,550,ESPN BET,fixed,7
SJ,2024-01-23T03:30Z,401559958,LA,2023,San Jose Sharks,4,Los Angeles Kings,3,300,,,-380,,,False,DraftKings,11,,5,SO,130,-155,-1.5,Final/SO,,,-280,500,ESPN BET,fixed,6
OTT,2024-01-24T00:00Z,401559959,MTL,2023,Ottawa Senators,4,Montreal Canadiens,1,-160,,,135,,,False,DraftKings,11,,3,REG,160,-192,1.5,Final,,,170,100,ESPN BET,fixed,7
DAL,2024-01-24T00:00Z,401559960,DET,2023,Dallas Stars,5,Detroit Red Wings,4,-145,,,125,,,False,DraftKings,11,,3,REG,170,-205,1.5,Final,,,170,105,ESPN BET,fixed,7
TB,2024-01-24T00:00Z,401559961,PHI,2023,Tampa Bay Lightning,6,Philadelphia Flyers,3,-110,,,-110,,,False,DraftKings,11,,3,REG,-270,220,-1.5,Final,,,130,140,ESPN BET,fixed,7
VGK,2024-01-24T00:30Z,401559962,NYI,2023,Vegas Golden Knights,3,New York Islanders,2,130,,,-150,,,False,DraftKings,11,,3,REG,-198,164,-1.5,Final,,,-115,205,ESPN BET,fixed,6
WSH,2024-01-24T01:00Z,401559963,MIN,2023,Washington Capitals,3,Minnesota Wild,5,140,,,-165,,,False,DraftKings,11,,3,REG,-185,154,-1.5,Final,,,-115,210,ESPN BET,fixed,6
STL,2024-01-24T02:00Z,401559964,CGY,2023,St. Louis Blues,4,Calgary Flames,3,140,,,-165,,,False,DraftKings,11,,3,REG,-180,150,-1.5,Final,,,-120,215,ESPN BET,fixed,7
CBJ,2024-01-24T02:00Z,401559965,EDM,2023,Columbus Blue Jackets,1,Edmonton Oilers,4,290,,,-360,,,False,DraftKings,11,,3,REG,124,-148,-1.5,Final,,,-240,425,ESPN BET,fixed,7
BUF,2024-01-24T03:00Z,401559966,ANA,2023,Buffalo Sabres,2,Anaheim Ducks,4,-170,,,145,,,False,DraftKings,11,,3,REG,150,-180,1.5,Final,,,200,-110,ESPN BET,fixed,7
NYR,2024-01-24T03:30Z,401559967,SJ,2023,New York Rangers,2,San Jose Sharks,3,-360,,,290,,,False,DraftKings,11,,4,OT,-135,114,1.5,Final/OT,,,425,-240,ESPN BET,fixed,7
WPG,2024-01-25T00:00Z,401559968,TOR,2023,Winnipeg Jets,0,Toronto Maple Leafs,1,120,,,-140,,,False,DraftKings,11,,4,OT,-205,170,-1.5,Final/OT,,,-105,190,ESPN BET,fixed,7
ARI,2024-01-25T00:00Z,401559969,FLA,2023,Arizona Coyotes,2,Florida Panthers,6,195,,,-250,,,False,DraftKings,10,,3,REG,-120,100,-1.5,Final,,,-180,320,MGM,fixed,5
CAR,2024-01-25T00:30Z,401559970,BOS,2023,Carolina Hurricanes,3,Boston Bruins,2,125,,,-145,,,False,DraftKings,11,,3,REG,-205,170,-1.5,Final,,,100,185,ESPN BET,fixed,7
WSH,2024-01-25T02:30Z,401559971,COL,2023,Washington Capitals,2,Colorado Avalanche,6,240,,,-290,,,False,DraftKings,11,,3,REG,-120,100,-1.5,Final,,,-180,320,ESPN BET,fixed,7
STL,2024-01-25T03:00Z,401559972,VAN,2023,St. Louis Blues,4,Vancouver Canucks,3,220,,,-270,,,False,DraftKings,11,,4,OT,-120,100,-1.5,Final/OT,,,-175,310,ESPN BET,fixed,7
CHI,2024-01-25T03:00Z,401559973,SEA,2023,Chicago Blackhawks,2,Seattle Kraken,6,260,,,-320,,,False,DraftKings,11,,3,REG,-102,-118,-1.5,Final,,,-210,390,ESPN BET,fixed,6
BUF,2024-01-25T03:30Z,401559974,LA,2023,Buffalo Sabres,5,Los Angeles Kings,3,170,,,-200,,,False,DraftKings,11,,3,REG,-155,130,-1.5,Final,,,-135,245,ESPN BET,fixed,6
NYI,2024-01-26T00:00Z,401559975,MTL,2023,New York Islanders,3,Montreal Canadiens,4,-150,,,130,,,False,DraftKings,11,,3,REG,160,-192,1.5,Final,,,190,-105,ESPN BET,fixed,6
BOS,2024-01-26T00:00Z,401559976,OTT,2023,Boston Bruins,3,Ottawa Senators,2,-140,,,120,,,False,DraftKings,11,,4,OT,170,-205,1.5,Final/OT,,,180,100,ESPN BET,fixed,7
PHI,2024-01-26T00:00Z,401559977,DET,2023,Philadelphia Flyers,0,Detroit Red Wings,3,-105,,,-115,,,False,DraftKings,11,,3,REG,-258,210,-1.5,Final,,,115,155,ESPN BET,fixed,7
ARI,2024-01-26T00:00Z,401559978,TB,2023,Arizona Coyotes,3,Tampa Bay Lightning,6,175,,,-210,,,False,DraftKings,11,,3,REG,-130,110,-1.5,Final,,,-160,285,ESPN BET,fixed,7
NJ,2024-01-26T00:30Z,401559979,CAR,2023,New Jersey Devils,2,Carolina Hurricanes,3,140,,,-165,,,False,DraftKings,11,,3,REG,-175,145,-1.5,Final,,,-125,220,ESPN BET,fixed,6
ANA,2024-01-26T01:00Z,401559980,DAL,2023,Anaheim Ducks,3,Dallas Stars,4,270,,,-340,,,False,DraftKings,11,,4,OT,110,-130,-1.5,Final/OT,,,-225,390,ESPN BET,fixed,7
NSH,2024-01-26T01:00Z,401559981,MIN,2023,Nashville Predators,3,Minnesota Wild,2,100,,,-120,,,False,DraftKings,11,,3,REG,-250,205,-1.5,Final,,,105,170,ESPN BET,fixed,6
CBJ,2024-01-26T02:00Z,401559982,CGY,2023,Columbus Blue Jackets,5,Calgary Flames,2,160,,,-190,,,False,DraftKings,11,,3,REG,-142,120,-1.5,Final,,,-140,250,ESPN BET,fixed,7
CHI,2024-01-26T02:00Z,401559983,EDM,2023,Chicago Blackhawks,0,Edmonton Oilers,3,465,,,-630,,,False,DraftKings,11,,3,REG,,,,Final,,,-310,550,ESPN BET,fixed,6
VGK,2024-01-27T00:00Z,401559984,NYR,2023,Vegas Golden Knights,5,New York Rangers,2,140,,,-165,,,False,DraftKings,11,,3,REG,-185,154,-1.5,Final,,,-115,210,ESPN BET,fixed,6
FLA,2024-01-27T00:00Z,401559985,PIT,2023,Florida Panthers,3,Pittsburgh Penguins,2,-130,,,110,,,False,DraftKings,11,,5,SO,185,-225,1.5,Final/SO,,,150,120,ESPN BET,fixed,6
LA,2024-01-27T02:00Z,401559986,COL,2023,Los Angeles Kings,1,Colorado Avalanche,5,120,,,-140,,,False,DraftKings,11,,3,REG,-198,164,-1.5,Final,,,-110,195,ESPN BET,fixed,6
STL,2024-01-27T03:00Z,401559987,SEA,2023,St. Louis Blues,4,Seattle Kraken,3,145,,,-170,,,False,DraftKings,11,,4,OT,-170,142,-1.5,Final/OT,,,-125,225,ESPN BET,fixed,6
BOS,2024-01-27T17:30Z,401559988,PHI,2023,Boston Bruins,6,Philadelphia Flyers,2,-150,,,130,,,False,DraftKings,11,,3,REG,160,-192,1.5,Final,,,195,-105,ESPN BET,fixed,6
WSH,2024-01-27T19:00Z,401559989,DAL,2023,Washington Capitals,4,Dallas Stars,5,210,,,-250,,,False,DraftKings,11,,4,OT,-125,105,-1.5,Final/OT,,,-175,310,ESPN BET,fixed,6
NSH,2024-01-27T21:00Z,401559990,EDM,2023,Nashville Predators,1,Edmonton Oilers,4,190,,,-225,,,False,DraftKings,11,,3,REG,-125,105,-1.5,Final,,,-165,295,ESPN BET,fixed,6
BUF,2024-01-27T21:00Z,401559991,SJ,2023,Buffalo Sabres,5,San Jose Sharks,2,-215,,,180,,,False,DraftKings,11,,3,REG,120,-142,1.5,Final,,,265,-145,ESPN BET,fixed,7
NYR,2024-01-28T00:00Z,401559992,OTT,2023,New York Rangers,7,Ottawa Senators,2,100,,,-120,,,False,DraftKings,11,,3,REG,220,-270,1.5,Final,,,130,130,ESPN BET,fixed,7
NJ,2024-01-28T00:00Z,401559994,TB,2023,New Jersey Devils,3,Tampa Bay Lightning,6,130,,,-150,,,False,DraftKings,11,,3,REG,-185,154,-1.5,Final,,,-110,195,ESPN BET,fixed,7
MTL,2024-01-28T00:00Z,401559995,PIT,2023,Montreal Canadiens,2,Pittsburgh Penguins,3,190,,,-225,,,False,DraftKings,11,,4,OT,-130,110,-1.5,Final/OT,,,-160,290,ESPN BET,fixed,6
ARI,2024-01-28T00:00Z,401559996,CAR,2023,Arizona Coyotes,1,Carolina Hurricanes,3,190,,,-225,,,False,DraftKings,11,,3,REG,-122,102,-1.5,Final,,,-170,310,ESPN BET,fixed,6
TOR,2024-01-28T00:00Z,401559997,WPG,2023,Toronto Maple Leafs,4,Winnipeg Jets,2,115,,,-135,,,False,DraftKings,11,,3,REG,-225,185,-1.5,Final,,,105,175,ESPN BET,fixed,6
FLA,2024-01-28T00:30Z,401559998,NYI,2023,Florida Panthers,3,New York Islanders,2,-140,,,120,,,False,DraftKings,11,,4,OT,180,-218,1.5,Final/OT,,,160,110,ESPN BET,fixed,7
VGK,2024-01-28T01:00Z,401559993,DET,2023,Vegas Golden Knights,2,Detroit Red Wings,5,115,,,-135,,,False,DraftKings,11,,3,REG,-225,185,-1.5,Final,,,105,175,ESPN BET,fixed,6
ANA,2024-01-28T02:00Z,401559999,MIN,2023,Anaheim Ducks,3,Minnesota Wild,2,190,,,-225,,,False,DraftKings,11,,3,REG,-130,110,-1.5,Final,,,-165,300,ESPN BET,fixed,7
CHI,2024-01-28T03:00Z,401560000,CGY,2023,Chicago Blackhawks,0,Calgary Flames,1,250,,,-300,,,False,DraftKings,11,,3,REG,-105,-115,-1.5,Final,,,-205,370,ESPN BET,fixed,7
CBJ,2024-01-28T03:00Z,401560001,VAN,2023,Columbus Blue Jackets,4,Vancouver Canucks,5,230,,,-280,,,False,DraftKings,11,,4,OT,-105,-115,-1.5,Final/OT,,,-200,340,ESPN BET,fixed,6
LA,2024-01-28T19:00Z,401560002,STL,2023,Los Angeles Kings,3,St. Louis Blues,4,-145,,,125,,,False,DraftKings,11,,4,OT,150,-180,1.5,Final/OT,,,200,-110,ESPN BET,fixed,6
CBJ,2024-01-29T02:00Z,401560003,SEA,2023,Columbus Blue Jackets,2,Seattle Kraken,4,200,,,-240,,,False,DraftKings,11,110,3,REG,-115,100,-1.5,Final,6.5,-130,-185,330,ESPN BET,fixed,6
NSH,2024-01-30T00:00Z,401560004,OTT,2023,Nashville Predators,3,Ottawa Senators,4,-105,,,-115,,,False,DraftKings,11,-120,4,OT,-265,-245,1.5,Final/OT,6.5,100,140,125,ESPN BET,fixed,6
CBJ,2024-01-31T01:00Z,401560005,STL,2023,Columbus Blue Jackets,1,St. Louis Blues,0,130,,,-155,,,False,DraftKings,11,-122,3,REG,-180,150,-1.5,Final,6.5,102,-115,205,ESPN BET,fixed,5
SEA,2024-01-31T03:30Z,401560006,SJ,2023,Seattle Kraken,0,San Jose Sharks,2,-240,,,200,,,False,DraftKings,11,-125,3,REG,105,-125,1.5,Final,5.5,105,295,-160,ESPN BET,fixed,5
OTT,2024-02-01T00:00Z,401560007,DET,2023,Ottawa Senators,3,Detroit Red Wings,2,-105,,,-115,,,False,DraftKings,11,-102,4,OT,-245,200,-1.5,Final/OT,7.0,-118,115,145,ESPN BET,fixed,5
LA,2024-02-01T00:30Z,401560008,NSH,2023,Los Angeles Kings,4,Nashville Predators,2,-120,,,100,,,False,DraftKings,10,-112,3,REG,200,-245,1.5,Final,6.0,-108,165,110,ESPN BET,fixed,5
SJ,2024-02-01T03:30Z,401560009,ANA,2023,San Jose Sharks,2,Anaheim Ducks,3,155,,,-185,,,False,DraftKings,11,-105,4,OT,-155,130,-1.5,Final/OT,6.0,-115,-135,250,ESPN BET,fixed,5
MAC,2024-02-03T20:00Z,401633459,MCD,2023,Team MacKinnon,3,Team McDavid,4,-115,,,-115,,,False,ESPN BET,1,-125,5,SO,-215,170,-1.5,Final/SO,11.5,-105,-115,-115,ESPN BET,fixed,1
HUG,2024-02-03T21:00Z,401633460,MAT,2023,Team Hughes,5,Team Matthews,6,115,,,-135,,,False,ESPN BET,1,-105,5,SO,-190,160,-1.5,Final/SO,11.5,-115,-135,115,ESPN BET,fixed,1
MCD,2024-02-03T22:00Z,401633461,MAT,2023,Team McDavid,4,Team Matthews,7,,,,,,,False,,,,2,REG,,,,Final,,,,,,excluded,0
NYI,2024-02-06T00:00Z,401560010,TOR,2023,New York Islanders,3,Toronto Maple Leafs,2,125,,,-150,,,False,DraftKings,11,,3,REG,-192,160,-1.5,Final,,,-110,200,ESPN BET,fixed,6
COL,2024-02-06T00:00Z,401560011,NYR,2023,Colorado Avalanche,1,New York Rangers,2,-110,,,-110,,,False,DraftKings,11,,4,OT,-250,205,-1.5,Final/OT,,,125,140,ESPN BET,fixed,7
CGY,2024-02-07T00:00Z,401560012,BOS,2023,Calgary Flames,4,Boston Bruins,1,160,,,-190,,,False,DraftKings,11,,3,REG,-148,124,-1.5,Final,,,-135,245,ESPN BET,fixed,6
DAL,2024-02-07T00:00Z,401560013,BUF,2023,Dallas Stars,2,Buffalo Sabres,1,-155,,,135,,,False,DraftKings,11,,3,REG,154,-185,1.5,Final,,,185,-105,ESPN BET,fixed,6
PHI,2024-02-07T00:00Z,401560014,FLA,2023,Philadelphia Flyers,2,Florida Panthers,1,165,,,-195,,,False,DraftKings,11,,3,REG,-155,130,-1.5,Final,,,-140,250,ESPN BET,fixed,6
WPG,2024-02-07T00:00Z,401560016,PIT,2023,Winnipeg Jets,0,Pittsburgh Penguins,3,-105,,,-115,,,False,DraftKings,11,,3,REG,-270,220,-1.5,Final,,,115,160,ESPN BET,fixed,6
MTL,2024-02-07T00:00Z,401560017,WSH,2023,Montreal Canadiens,5,Washington Capitals,2,135,,,-155,,,False,DraftKings,11,,3,REG,-185,154,-1.5,Final,,,-115,210,ESPN BET,fixed,7
VAN,2024-02-07T00:00Z,401560018,CAR,2023,Vancouver Canucks,3,Carolina Hurricanes,2,125,,,-145,,,False,DraftKings,11,,3,REG,-198,164,-1.5,Final,,,-105,190,ESPN BET,fixed,7
COL,2024-02-07T00:30Z,401560015,NJ,2023,Colorado Avalanche,3,New Jersey Devils,5,-115,,,-105,,,False,DraftKings,11,,3,REG,200,-245,1.5,Final,,,140,120,ESPN BET,fixed,7
EDM,2024-02-07T03:00Z,401560019,VGK,2023,Edmonton Oilers,1,Vegas Golden Knights,3,-150,,,130,,,False,DraftKings,11,,3,REG,164,-198,1.5,Final,,,175,100,ESPN BET,fixed,6
DAL,2024-02-08T00:00Z,401560020,TOR,2023,Dallas Stars,4,Toronto Maple Leafs,5,110,,,-130,,,False,DraftKings,11,,3,REG,-205,170,-1.5,Final,,,-105,185,ESPN BET,fixed,6
TB,2024-02-08T00:00Z,401560021,NYR,2023,Tampa Bay Lightning,1,New York Rangers,3,100,,,-120,,,False,DraftKings,11,,3,REG,-250,205,-1.5,Final,,,115,155,ESPN BET,fixed,6
MIN,2024-02-08T02:30Z,401560022,CHI,2023,Minnesota Wild,2,Chicago Blackhawks,1,-200,,,170,,,False,DraftKings,11,,3,REG,130,-155,1.5,Final,,,255,-135,ESPN BET,fixed,5
VAN,2024-02-09T00:00Z,401560023,BOS,2023,Vancouver Canucks,0,Boston Bruins,4,115,,,-135,,,False,DraftKings,11,,3,REG,-218,180,-1.5,Final,,,100,180,ESPN BET,fixed,5
WSH,2024-02-09T00:00Z,401560024,FLA,2023,Washington Capitals,2,Florida Panthers,4,225,,,-275,,,False,DraftKings,11,,3,REG,-115,-105,-1.5,Final,,,-175,320,ESPN BET,fixed,5
CGY,2024-02-09T00:00Z,401560025,NJ,2023,Calgary Flames,5,New Jersey Devils,3,115,,,-135,,,False,DraftKings,11,,3,REG,-218,180,-1.5,Final,,,-105,180,ESPN BET,fixed,6
WPG,2024-02-09T00:00Z,401560026,PHI,2023,Winnipeg Jets,1,Philadelphia Flyers,4,-125,,,105,,,False,DraftKings,11,,3,REG,185,-225,1.5,Final,,,180,100,ESPN BET,fixed,5
COL,2024-02-09T00:00Z,401560028,CAR,2023,Colorado Avalanche,2,Carolina Hurricanes,5,110,,,-130,,,False,DraftKings,11,,3,REG,-218,180,-1.5,Final,,,100,180,ESPN BET,fixed,6
TB,2024-02-09T01:00Z,401560027,NYI,2023,Tampa Bay Lightning,2,New York Islanders,6,125,,,-145,,,False,DraftKings,11,,3,REG,-205,170,-1.5,Final,,,-105,185,ESPN BET,fixed,5
VGK,2024-02-09T02:00Z,401560029,ARI,2023,Vegas Golden Knights,3,Arizona Coyotes,2,-135,,,115,,,False,DraftKings,11,,3,REG,180,-218,1.5,Final,,,185,100,ESPN BET,fixed,6
PIT,2024-02-10T01:00Z,401560030,MIN,2023,Pittsburgh Penguins,2,Minnesota Wild,3,-140,,,120,,,False,DraftKings,11,,3,REG,195,-238,1.5,Final,,,155,115,ESPN BET,fixed,6
NYR,2024-02-10T01:30Z,401560031,CHI,2023,New York Rangers,4,Chicago Blackhawks,3,-300,,,230,,,False,DraftKings,10,,4,OT,-118,-102,1.5,Final/OT,,,370,-200,MGM,fixed,4
EDM,2024-02-10T03:00Z,401560032,ANA,2023,Edmonton Oilers,5,Anaheim Ducks,3,-300,,,240,,,False,DraftKings,11,,3,REG,-110,-110,1.5,Final,,,340,-190,ESPN BET,fixed,5
STL,2024-02-10T18:00Z,401560033,BUF,2023,St. Louis Blues,3,Buffalo Sabres,1,140,,,-165,,,False,DraftKings,10,,3,REG,-180,150,-1.5,Final,,,-115,210,MGM,fixed,5
DAL,2024-02-10T18:00Z,401560034,MTL,2023,Dallas Stars,3,Montreal Canadiens,2,-240,,,200,,,False,DraftKings,11,,3,REG,110,-130,1.5,Final,,,270,-155,ESPN BET,fixed,5
VAN,2024-02-10T18:00Z,401560035,DET,2023,Vancouver Canucks,3,Detroit Red Wings,4,-140,,,115,,,False,DraftKings,10,,4,OT,185,-225,1.5,Final/OT,,,150,115,MGM,fixed,5
CGY,2024-02-10T18:00Z,401560036,NYI,2023,Calgary Flames,5,New York Islanders,2,100,,,-120,,,False,DraftKings,11,,3,REG,-250,205,-1.5,Final,,,110,165,ESPN BET,fixed,5
WSH,2024-02-10T20:30Z,401560037,BOS,2023,Washington Capitals,3,Boston Bruins,0,225,,,-275,,,False,DraftKings,11,,3,REG,-110,-110,-1.5,Final,,,-180,330,ESPN BET,fixed,6
COL,2024-02-10T23:00Z,401560038,FLA,2023,Colorado Avalanche,0,Florida Panthers,4,120,,,-140,,,False,DraftKings,11,,3,REG,-205,170,-1.5,Final,,,100,175,ESPN BET,fixed,6
TOR,2024-02-11T00:00Z,401560039,OTT,2023,Toronto Maple Leafs,3,Ottawa Senators,5,-140,,,120,,,False,DraftKings,11,,3,REG,164,-198,1.5,Final,,,160,110,ESPN BET,fixed,5
SEA,2024-02-11T00:00Z,401560040,PHI,2023,Seattle Kraken,2,Philadelphia Flyers,3,-110,,,-110,,,False,DraftKings,11,,3,REG,-278,225,-1.5,Final,,,125,150,ESPN BET,fixed,6
NJ,2024-02-11T00:00Z,401560041,CAR,2023,New Jersey Devils,0,Carolina Hurricanes,1,140,,,-165,,,False,DraftKings,11,,4,OT,-166,140,-1.5,Final/OT,,,-125,225,ESPN BET,fixed,6
TB,2024-02-11T00:00Z,401560042,CBJ,2023,Tampa Bay Lightning,4,Columbus Blue Jackets,2,-175,,,150,,,False,DraftKings,11,,3,REG,136,-162,1.5,Final,,,200,-115,ESPN BET,fixed,5
PIT,2024-02-11T00:00Z,401560043,WPG,2023,Pittsburgh Penguins,1,Winnipeg Jets,2,130,,,-150,,,False,DraftKings,11,,3,REG,-192,160,-1.5,Final,,,-120,215,ESPN BET,fixed,6
ARI,2024-02-11T01:00Z,401560044,NSH,2023,Arizona Coyotes,4,Nashville Predators,5,125,,,-145,,,False,DraftKings,11,,4,OT,-198,164,-1.5,Final/OT,,,-110,200,ESPN BET,fixed,5
EDM,2024-02-11T03:00Z,401560045,LA,2023,Edmonton Oilers,0,Los Angeles Kings,4,-125,,,105,,,False,DraftKings,11,,3,REG,190,-230,1.5,Final,,,150,120,ESPN BET,fixed,5
STL,2024-02-11T18:00Z,401560046,MTL,2023,St. Louis Blues,7,Montreal Canadiens,2,-120,,,100,,,False,DraftKings,11,,3,REG,200,-245,1.5,Final,,,160,115,ESPN BET,fixed,6
VAN,2024-02-11T18:30Z,401560047,WSH,2023,Vancouver Canucks,3,Washington Capitals,2,-185,,,155,,,False,DraftKings,11,,4,OT,140,-166,1.5,Final/OT,,,220,-120,ESPN BET,fixed,6
SEA,2024-02-13T00:00Z,401560048,NJ,2023,Seattle Kraken,1,New Jersey Devils,3,115,,,-135,,,False,DraftKings,11,,3,REG,-205,170,-1.5,Final,,,100,185,ESPN BET,fixed,5
CGY,2024-02-13T00:00Z,401560049,NYR,2023,Calgary Flames,0,New York Rangers,2,135,,,-160,,,False,DraftKings,11,,3,REG,-185,154,-1.5,Final,,,-115,205,ESPN BET,fixed,5
ARI,2024-02-13T00:00Z,401560050,PHI,2023,Arizona Coyotes,3,Philadelphia Flyers,5,130,,,-155,,,False,DraftKings,11,,3,REG,-192,160,-1.5,Final,,,-110,195,ESPN BET,fixed,6
MIN,2024-02-13T03:00Z,401560051,VGK,2023,Minnesota Wild,5,Vegas Golden Knights,3,130,,,-150,,,False,DraftKings,11,,3,REG,-205,170,-1.5,Final,,,-105,190,ESPN BET,fixed,6
TB,2024-02-14T00:00Z,401560052,BOS,2023,Tampa Bay Lightning,3,Boston Bruins,2,135,,,-155,,,False,DraftKings,11,,5,SO,-180,150,-1.5,Final/SO,,,-110,200,ESPN BET,fixed,5
LA,2024-02-14T00:00Z,401560053,BUF,2023,Los Angeles Kings,0,Buffalo Sabres,7,-140,,,120,,,False,DraftKings,11,,3,REG,180,-218,1.5,Final,,,165,110,ESPN BET,fixed,5
STL,2024-02-14T00:00Z,401560054,TOR,2023,St. Louis Blues,1,Toronto Maple Leafs,4,160,,,-190,,,False,DraftKings,11,,3,REG,-155,130,-1.5,Final,,,-135,245,ESPN BET,fixed,5
ANA,2024-02-14T00:00Z,401560055,MTL,2023,Anaheim Ducks,0,Montreal Canadiens,5,100,,,-120,,,False,DraftKings,11,,3,REG,-238,195,-1.5,Final,,,110,165,ESPN BET,fixed,5
CBJ,2024-02-14T00:00Z,401560056,OTT,2023,Columbus Blue Jackets,3,Ottawa Senators,6,160,,,-185,,,False,DraftKings,11,,3,REG,-142,120,-1.5,Final,,,-145,250,ESPN BET,fixed,5
COL,2024-02-14T00:00Z,401560057,WSH,2023,Colorado Avalanche,6,Washington Capitals,3,-190,,,160,,,False,DraftKings,11,,3,REG,130,-155,1.5,Final,,,235,-130,ESPN BET,fixed,5
SEA,2024-02-14T00:30Z,401560058,NYI,2023,Seattle Kraken,2,New York Islanders,1,145,,,-170,,,False,DraftKings,11,,5,SO,-180,150,-1.5,Final/SO,,,-115,210,ESPN BET,fixed,5
NJ,2024-02-14T01:00Z,401560059,NSH,2023,New Jersey Devils,4,Nashville Predators,2,105,,,-125,,,False,DraftKings,11,,3,REG,-225,185,-1.5,Final,,,110,160,ESPN BET,fixed,5
CAR,2024-02-14T01:00Z,401560060,DAL,2023,Carolina Hurricanes,2,Dallas Stars,4,100,,,-120,,,False,DraftKings,11,,3,REG,-238,195,-1.5,Final,,,115,160,ESPN BET,fixed,6
VAN,2024-02-14T01:30Z,401560061,CHI,2023,Vancouver Canucks,4,Chicago Blackhawks,2,-275,,,225,,,False,DraftKings,11,,3,REG,-112,-108,1.5,Final,,,340,-185,ESPN BET,fixed,6
DET,2024-02-14T02:00Z,401560062,EDM,2023,Detroit Red Wings,4,Edmonton Oilers,8,180,,,-215,,,False,DraftKings,11,,3,REG,-112,-108,-1.5,Final,,,-190,330,ESPN BET,fixed,6
FLA,2024-02-15T00:30Z,401560063,PIT,2023,Florida Panthers,5,Pittsburgh Penguins,2,-135,,,115,,,False,DraftKings,11,,3,REG,185,-225,1.5,Final,,,160,110,ESPN BET,fixed,6
SJ,2024-02-15T00:30Z,401560064,WPG,2023,San Jose Sharks,0,Winnipeg Jets,1,360,,,-450,,,False,DraftKings,11,,3,REG,140,-166,-1.5,Final,,,-285,500,ESPN BET,fixed,6
MIN,2024-02-15T02:30Z,401560065,ARI,2023,Minnesota Wild,3,Arizona Coyotes,1,-120,,,100,,,False,DraftKings,11,,3,REG,205,-250,1.5,Final,,,160,110,ESPN BET,fixed,5
SEA,2024-02-16T00:00Z,401560066,BOS,2023,Seattle Kraken,4,Boston Bruins,1,160,,,-190,,,False,DraftKings,11,,3,REG,-155,130,-1.5,Final,,,-135,250,ESPN BET,fixed,5
FLA,2024-02-16T00:00Z,401560067,BUF,2023,Florida Panthers,4,Buffalo Sabres,0,-170,,,145,,,False,DraftKings,11,,3,REG,145,-175,1.5,Final,,,200,-110,ESPN BET,fixed,6
PHI,2024-02-16T00:00Z,401560068,TOR,2023,Philadelphia Flyers,3,Toronto Maple Leafs,4,130,,,-150,,,False,DraftKings,11,,4,OT,-192,160,-1.5,Final/OT,,,-105,190,ESPN BET,fixed,6
ANA,2024-02-16T00:00Z,401560069,OTT,2023,Anaheim Ducks,5,Ottawa Senators,1,185,,,-220,,,False,DraftKings,11,,3,REG,-122,102,-1.5,Final,,,-175,300,ESPN BET,fixed,5
COL,2024-02-16T00:00Z,401560070,TB,2023,Colorado Avalanche,3,Tampa Bay Lightning,6,105,,,-125,,,False,DraftKings,11,,3,REG,-218,180,-1.5,Final,,,100,170,ESPN BET,fixed,6
LA,2024-02-16T00:00Z,401560071,NJ,2023,Los Angeles Kings,2,New Jersey Devils,1,-110,,,-110,,,False,DraftKings,11,,3,REG,-238,200,-1.5,Final,,,110,160,ESPN BET,fixed,5
MTL,2024-02-16T00:00Z,401560072,NYR,2023,Montreal Canadiens,4,New York Rangers,7,210,,,-250,,,False,DraftKings,11,,3,REG,-108,-112,-1.5,Final,,,-180,320,ESPN BET,fixed,5
EDM,2024-02-16T01:00Z,401560073,STL,2023,Edmonton Oilers,3,St. Louis Blues,6,-225,,,190,,,False,DraftKings,11,,3,REG,105,-125,1.5,Final,,,280,-155,ESPN BET,fixed,6
DAL,2024-02-16T01:00Z,401560075,NSH,2023,Dallas Stars,9,Nashville Predators,2,-160,,,140,,,False,DraftKings,11,,3,REG,154,-185,1.5,Final,,,195,-110,ESPN BET,fixed,6
PIT,2024-02-16T01:30Z,401560074,CHI,2023,Pittsburgh Penguins,4,Chicago Blackhawks,1,-195,,,165,,,False,DraftKings,11,,3,REG,130,-155,1.5,Final,,,250,-135,ESPN BET,fixed,5
SJ,2024-02-16T02:00Z,401560076,CGY,2023,San Jose Sharks,6,Calgary Flames,3,280,,,-350,,,False,DraftKings,11,,3,REG,105,-125,-1.5,Final,,,-220,400,ESPN BET,fixed,5
DET,2024-02-16T03:00Z,401560077,VAN,2023,Detroit Red Wings,1,Vancouver Canucks,4,155,,,-185,,,False,DraftKings,11,,3,REG,-155,130,-1.5,Final,,,-140,250,ESPN BET,fixed,5
CAR,2024-02-17T02:00Z,401560078,ARI,2023,Carolina Hurricanes,5,Arizona Coyotes,1,-220,,,185,,,False,DraftKings,11,,3,REG,114,-135,1.5,Final,,,265,-145,ESPN BET,fixed,6
LA,2024-02-17T17:30Z,401560082,BOS,2023,Los Angeles Kings,5,Boston Bruins,4,145,,,-170,,,False,DraftKings,11,,4,OT,-180,150,-1.5,Final/OT,,,-120,220,ESPN BET,fixed,5
EDM,2024-02-17T20:00Z,401560079,DAL,2023,Edmonton Oilers,4,Dallas Stars,3,105,,,-125,,,False,DraftKings,11,,4,OT,-225,185,-1.5,Final/OT,,,105,165,ESPN BET,fixed,5
OTT,2024-02-17T20:00Z,401560080,CHI,2023,Ottawa Senators,2,Chicago Blackhawks,3,-200,,,170,,,False,DraftKings,11,,3,REG,124,-148,1.5,Final,,,245,-135,ESPN BET,fixed,5
DET,2024-02-17T21:00Z,401560081,CGY,2023,Detroit Red Wings,5,Calgary Flames,0,135,,,-155,,,False,DraftKings,11,,3,REG,-198,164,-1.5,Final,,,-110,195,ESPN BET,fixed,5
FLA,2024-02-17T22:00Z,401560083,TB,2023,Florida Panthers,9,Tampa Bay Lightning,2,-125,,,105,,,False,DraftKings,11,,3,REG,205,-250,1.5,Final,,,150,120,ESPN BET,fixed,5
NSH,2024-02-17T22:00Z,401560084,STL,2023,Nashville Predators,5,St. Louis Blues,2,-130,,,110,,,False,DraftKings,11,,3,REG,200,-245,1.5,Final,,,155,115,ESPN BET,fixed,6
BUF,2024-02-17T22:00Z,401560085,MIN,2023,Buffalo Sabres,3,Minnesota Wild,2,125,,,-145,,,False,DraftKings,11,,4,OT,-205,170,-1.5,Final/OT,,,100,180,ESPN BET,fixed,5
ANA,2024-02-18T00:00Z,401560086,TOR,2023,Anaheim Ducks,2,Toronto Maple Leafs,9,230,,,-275,,,False,DraftKings,11,,3,REG,-110,-110,-1.5,Final,,,-195,350,ESPN BET,fixed,5
WSH,2024-02-18T00:00Z,401560087,MTL,2023,Washington Capitals,4,Montreal Canadiens,3,-120,,,100,,,False,DraftKings,11,,3,REG,200,-245,1.5,Final,,,160,115,ESPN BET,fixed,6
PHI,2024-02-18T01:00Z,401555900,NJ,2023,Philadelphia Flyers,3,New Jersey Devils,6,120,,,-140,,,True,DraftKings,11,,3,REG,-205,170,-1.5,Final,,,100,170,ESPN BET,fixed,5
WPG,2024-02-18T03:00Z,401560088,VAN,2023,Winnipeg Jets,4,Vancouver Canucks,2,-105,,,-115,,,False,DraftKings,11,,3,REG,-250,205,-1.5,Final,,,110,170,ESPN BET,fixed,5
CAR,2024-02-18T03:30Z,401560089,VGK,2023,Carolina Hurricanes,3,Vegas Golden Knights,1,-105,,,-115,,,False,DraftKings,11,,3,REG,-238,195,-1.5,Final,,,105,170,ESPN BET,fixed,5
CBJ,2024-02-18T03:30Z,401560090,SJ,2023,Columbus Blue Jackets,4,San Jose Sharks,3,-155,,,135,,,False,DraftKings,11,,3,REG,164,-198,1.5,Final,,,170,105,ESPN BET,fixed,6
NYR,2024-02-18T20:00Z,401555901,NYI,2023,New York Rangers,6,New York Islanders,5,-150,,,130,,,True,DraftKings,11,,4,OT,164,-198,1.5,Final/OT,,,180,100,ESPN BET,fixed,4
LA,2024-02-18T23:00Z,401560091,PIT,2023,Los Angeles Kings,2,Pittsburgh Penguins,1,115,,,-135,,,False,DraftKings,11,,3,REG,-218,180,-1.5,Final,,,100,180,ESPN BET,fixed,6
ARI,2024-02-18T23:00Z,401560092,COL,2023,Arizona Coyotes,3,Colorado Avalanche,4,220,,,-270,,,False,DraftKings,11,,3,REG,-105,-115,-1.5,Final,,,-195,340,ESPN BET,fixed,6
ANA,2024-02-19T17:30Z,401560093,BUF,2023,Anaheim Ducks,4,Buffalo Sabres,3,170,,,-200,,,False,DraftKings,11,,3,REG,-142,120,-1.5,Final,,,-130,255,ESPN BET,fixed,5
DAL,2024-02-19T18:00Z,401560094,BOS,2023,Dallas Stars,3,Boston Bruins,4,120,,,-140,,,False,DraftKings,11,,5,SO,-218,180,-1.5,Final/SO,,,110,175,ESPN BET,fixed,6
TOR,2024-02-19T18:00Z,401560096,STL,2023,Toronto Maple Leafs,4,St. Louis Blues,2,-155,,,135,,,False,DraftKings,11,,3,REG,154,-185,1.5,Final,,,170,110,ESPN BET,fixed,5
VAN,2024-02-19T19:00Z,401560097,MIN,2023,Vancouver Canucks,7,Minnesota Wild,10,-125,,,105,,,False,DraftKings,11,,3,REG,195,-238,1.5,Final,,,170,120,ESPN BET,fixed,5
DET,2024-02-19T20:30Z,401560098,SEA,2023,Detroit Red Wings,4,Seattle Kraken,3,120,,,-140,,,False,DraftKings,11,,4,OT,-205,170,-1.5,Final/OT,,,105,185,ESPN BET,fixed,5
WPG,2024-02-19T21:00Z,401560099,CGY,2023,Winnipeg Jets,3,Calgary Flames,6,-130,,,110,,,False,DraftKings,11,,3,REG,195,-238,1.5,Final,,,175,120,ESPN BET,fixed,6
EDM,2024-02-19T21:00Z,401560100,ARI,2023,Edmonton Oilers,6,Arizona Coyotes,3,-285,,,245,,,False,DraftKings,11,,3,REG,-118,-102,1.5,Final,,,320,-175,ESPN BET,fixed,6
VGK,2024-02-19T21:00Z,401560101,SJ,2023,Vegas Golden Knights,4,San Jose Sharks,0,-270,,,225,,,False,DraftKings,11,,3,REG,-108,-112,1.5,Final,,,330,-170,ESPN BET,fixed,6
CHI,2024-02-20T00:00Z,401560095,CAR,2023,Chicago Blackhawks,3,Carolina Hurricanes,6,320,,,-400,,,False,DraftKings,11,,3,REG,124,-148,-1.5,Final,,,-230,450,ESPN BET,fixed,6
OTT,2024-02-20T00:00Z,401560102,TB,2023,Ottawa Senators,4,Tampa Bay Lightning,2,145,,,-170,,,False,DraftKings,11,,3,REG,-162,136,-1.5,Final,,,-115,220,ESPN BET,fixed,5
OTT,2024-02-21T00:00Z,401560103,FLA,2023,Ottawa Senators,2,Florida Panthers,3,225,,,-270,,,False,DraftKings,11,,4,OT,-105,-115,-1.5,Final/OT,,,-185,340,ESPN BET,fixed,6
DAL,2024-02-21T00:00Z,401560104,NYR,2023,Dallas Stars,1,New York Rangers,3,115,,,-135,,,False,DraftKings,11,,3,REG,-205,170,-1.5,Final,,,105,180,ESPN BET,fixed,5
NYI,2024-02-21T00:00Z,401560105,PIT,2023,New York Islanders,5,Pittsburgh Penguins,4,110,,,-130,,,False,DraftKings,11,,4,OT,-225,185,-1.5,Final/OT,,,115,170,ESPN BET,fixed,6
NJ,2024-02-21T00:00Z,401560106,WSH,2023,New Jersey Devils,2,Washington Capitals,6,-165,,,140,,,False,DraftKings,11,,3,REG,145,-175,1.5,Final,,,190,100,ESPN BET,fixed,5
MIN,2024-02-21T01:00Z,401560107,WPG,2023,Minnesota Wild,3,Winnipeg Jets,6,125,,,-145,,,False,DraftKings,11,,3,REG,-198,164,-1.5,Final,,,100,200,ESPN BET,fixed,6
VAN,2024-02-21T02:00Z,401560108,COL,2023,Vancouver Canucks,1,Colorado Avalanche,3,120,,,-140,,,False,DraftKings,11,,3,REG,-192,160,-1.5,Final,,,100,190,ESPN BET,fixed,6
NSH,2024-02-21T03:00Z,401560109,VGK,2023,Nashville Predators,5,Vegas Golden Knights,3,125,,,-145,,,False,DraftKings,11,,3,REG,-205,170,-1.5,Final,,,100,190,ESPN BET,fixed,6
CBJ,2024-02-21T03:30Z,401560110,LA,2023,Columbus Blue Jackets,1,Los Angeles Kings,5,200,,,-240,,,False,DraftKings,11,,3,REG,-122,102,-1.5,Final,,,-150,295,ESPN BET,fixed,6
BUF,2024-02-22T00:00Z,401560111,MTL,2023,Buffalo Sabres,3,Montreal Canadiens,2,-140,,,120,,,False,DraftKings,11,,3,REG,164,-198,1.5,Final,,,165,110,ESPN BET,fixed,6
PHI,2024-02-22T00:30Z,401560112,CHI,2023,Philadelphia Flyers,3,Chicago Blackhawks,1,-265,,,220,,,False,DraftKings,11,,3,REG,102,-122,1.5,Final,,,300,-150,ESPN BET,fixed,6
BOS,2024-02-22T03:00Z,401560113,EDM,2023,Boston Bruins,6,Edmonton Oilers,5,110,,,-130,,,False,DraftKings,11,,4,OT,-218,180,-1.5,Final/OT,,,110,180,ESPN BET,fixed,5
TOR,2024-02-22T03:00Z,401560114,ARI,2023,Toronto Maple Leafs,6,Arizona Coyotes,3,-190,,,160,,,False,DraftKings,11,,3,REG,130,-155,1.5,Final,,,215,-115,ESPN BET,fixed,6
CBJ,2024-02-22T03:00Z,401560115,ANA,2023,Columbus Blue Jackets,7,Anaheim Ducks,4,100,,,-120,,,False,DraftKings,10,,3,REG,-258,210,-1.5,Final,,,120,155,ESPN BET,fixed,5
DAL,2024-02-23T00:00Z,401560116,OTT,2023,Dallas Stars,1,Ottawa Senators,4,-175,,,150,,,False,DraftKings,11,,3,REG,142,-170,1.5,Final,,,180,100,ESPN BET,fixed,5
COL,2024-02-23T00:00Z,401560117,DET,2023,Colorado Avalanche,1,Detroit Red Wings,2,-140,,,120,,,False,DraftKings,11,,4,OT,170,-205,1.5,Final/OT,,,110,-130,ESPN BET,fixed,7
WSH,2024-02-23T00:00Z,401560118,TB,2023,Washington Capitals,5,Tampa Bay Lightning,3,170,,,-200,,,False,DraftKings,11,,3,REG,-148,124,-1.5,Final,,,-125,240,ESPN BET,fixed,5
NYR,2024-02-23T00:00Z,401560119,NJ,2023,New York Rangers,5,New Jersey Devils,1,-105,,,-115,,,False,DraftKings,10,,3,REG,-258,210,-1.5,Final,,,120,155,ESPN BET,fixed,5
MTL,2024-02-23T00:00Z,401560120,PIT,2023,Montreal Canadiens,1,Pittsburgh Penguins,4,225,,,-275,,,False,DraftKings,11,,3,REG,-110,-110,-1.5,Final,,,-160,310,ESPN BET,fixed,5
FLA,2024-02-23T00:00Z,401560121,CAR,2023,Florida Panthers,0,Carolina Hurricanes,1,-105,,,-115,,,False,DraftKings,11,,3,REG,-258,210,-1.5,Final,,,120,160,ESPN BET,fixed,5
NYI,2024-02-23T01:00Z,401560122,STL,2023,New York Islanders,0,St. Louis Blues,4,-120,,,100,,,False,DraftKings,11,,3,REG,200,-245,1.5,Final,,,160,120,ESPN BET,fixed,6
BOS,2024-02-23T02:00Z,401560123,CGY,2023,Boston Bruins,2,Calgary Flames,3,-130,,,100,,,False,DraftKings,11,,4,OT,210,-258,1.5,Final/OT,,,155,130,ESPN BET,fixed,5
TOR,2024-02-23T03:00Z,401560124,VGK,2023,Toronto Maple Leafs,7,Vegas Golden Knights,3,-110,,,-110,,,False,DraftKings,11,,3,REG,205,-250,1.5,Final,,,160,125,ESPN BET,fixed,6
VAN,2024-02-23T03:00Z,401560125,SEA,2023,Vancouver Canucks,2,Seattle Kraken,5,-140,,,120,,,False,DraftKings,11,,3,REG,185,-225,1.5,Final,,,175,110,ESPN BET,fixed,6
NSH,2024-02-23T03:30Z,401560126,LA,2023,Nashville Predators,4,Los Angeles Kings,1,135,,,-160,,,False,DraftKings,11,,3,REG,-198,164,-1.5,Final,,,-105,195,ESPN BET,fixed,5
BUF,2024-02-24T00:00Z,401560127,CBJ,2023,Buffalo Sabres,2,Columbus Blue Jackets,1,-150,,,130,,,False,DraftKings,11,,3,REG,145,-175,1.5,Final,,,175,105,ESPN BET,fixed,5
WPG,2024-02-24T01:30Z,401560128,CHI,2023,Winnipeg Jets,3,Chicago Blackhawks,2,-280,,,230,,,False,DraftKings,11,,4,OT,-108,-112,1.5,Final/OT,,,330,-170,ESPN BET,fixed,5
MIN,2024-02-24T02:00Z,401560129,EDM,2023,Minnesota Wild,4,Edmonton Oilers,2,160,,,-190,,,False,DraftKings,11,,3,REG,-155,130,-1.5,Final,,,-120,230,ESPN BET,fixed,5
STL,2024-02-24T17:00Z,401560135,DET,2023,St. Louis Blues,1,Detroit Red Wings,6,130,,,-150,,,False,DraftKings,11,,3,REG,-192,160,-1.5,Final,,,100,200,ESPN BET,fixed,5
MTL,2024-02-24T19:00Z,401560130,NJ,2023,Montreal Canadiens,3,New Jersey Devils,4,200,,,-240,,,False,DraftKings,11,,3,REG,-122,102,-1.5,Final,,,-155,295,ESPN BET,fixed,5
TB,2024-02-24T19:00Z,401560131,NYI,2023,Tampa Bay Lightning,4,New York Islanders,2,-115,,,-105,,,False,DraftKings,11,,3,REG,205,-250,1.5,Final,,,150,125,ESPN BET,fixed,5
NYR,2024-02-24T20:00Z,401560132,PHI,2023,New York Rangers,2,Philadelphia Flyers,1,-145,,,125,,,False,DraftKings,11,,3,REG,170,-205,1.5,Final,,,195,100,ESPN BET,fixed,5
WSH,2024-02-24T23:00Z,401560133,FLA,2023,Washington Capitals,2,Florida Panthers,3,200,,,-240,,,False,DraftKings,11,,4,OT,-125,105,-1.5,Final/OT,,,-145,285,ESPN BET,fixed,5
VGK,2024-02-25T00:00Z,401560134,OTT,2023,Vegas Golden Knights,3,Ottawa Senators,4,100,,,-120,,,False,DraftKings,11,,5,SO,-245,200,-1.5,Final/SO,,,120,160,ESPN BET,fixed,6
TOR,2024-02-25T00:00Z,401560137,COL,2023,Toronto Maple Leafs,4,Colorado Avalanche,3,100,,,-120,,,False,DraftKings,11,,3,REG,-225,185,-1.5,Final,,,115,160,ESPN BET,fixed,5
BOS,2024-02-25T00:00Z,401560138,VAN,2023,Boston Bruins,2,Vancouver Canucks,3,100,,,-120,,,False,DraftKings,11,,4,OT,-258,210,-1.5,Final/OT,,,120,160,ESPN BET,fixed,5
DAL,2024-02-25T01:00Z,401560136,CAR,2023,Dallas Stars,2,Carolina Hurricanes,1,115,,,-135,,,False,DraftKings,11,,3,REG,-218,180,-1.5,Final,,,105,185,ESPN BET,fixed,5
CGY,2024-02-25T03:00Z,401560139,EDM,2023,Calgary Flames,6,Edmonton Oilers,3,155,,,-185,,,False,DraftKings,11,,3,REG,-162,136,-1.5,Final,,,-120,235,ESPN BET,fixed,5
NSH,2024-02-25T03:00Z,401560140,SJ,2023,Nashville Predators,4,San Jose Sharks,2,-230,,,195,,,False,DraftKings,11,,3,REG,110,-130,1.5,Final,,,275,-140,ESPN BET,fixed,5
MIN,2024-02-25T03:00Z,401560141,SEA,2023,Minnesota Wild,5,Seattle Kraken,2,125,,,-145,,,False,DraftKings,11,,3,REG,-205,170,-1.5,Final,,,-105,195,ESPN BET,fixed,5
ANA,2024-02-25T03:30Z,401560142,LA,2023,Anaheim Ducks,2,Los Angeles Kings,3,220,,,-270,,,False,DraftKings,11,,5,SO,-112,-108,-1.5,Final/SO,,,-155,300,ESPN BET,fixed,6
TB,2024-02-25T18:00Z,401560143,NJ,2023,Tampa Bay Lightning,4,New Jersey Devils,1,120,,,-140,,,False,DraftKings,11,,3,REG,-205,170,-1.5,Final,,,105,180,ESPN BET,fixed,5
PHI,2024-02-25T20:30Z,401560144,PIT,2023,Philadelphia Flyers,6,Pittsburgh Penguins,7,145,,,-170,,,False,DraftKings,11,,3,REG,-175,145,-1.5,Final,,,-115,225,ESPN BET,fixed,5
CAR,2024-02-25T23:00Z,401560145,BUF,2023,Carolina Hurricanes,2,Buffalo Sabres,3,-135,,,115,,,False,DraftKings,11,,5,SO,170,-205,1.5,Final/SO,,,180,105,ESPN BET,fixed,5
NYR,2024-02-25T23:00Z,401560146,CBJ,2023,New York Rangers,2,Columbus Blue Jackets,4,-165,,,145,,,False,DraftKings,11,,3,REG,142,-170,1.5,Final,,,200,-105,ESPN BET,fixed,5
DET,2024-02-25T23:00Z,401560147,CHI,2023,Detroit Red Wings,3,Chicago Blackhawks,2,-170,,,145,,,False,DraftKings,11,,4,OT,142,-170,1.5,Final/OT,,,210,-110,ESPN BET,fixed,6
ARI,2024-02-25T23:00Z,401560148,WPG,2023,Arizona Coyotes,3,Winnipeg Jets,4,195,,,-235,,,False,DraftKings,11,,4,OT,-130,110,-1.5,Final/OT,,,-145,275,ESPN BET,fixed,5
NSH,2024-02-26T01:00Z,401560149,ANA,2023,Nashville Predators,4,Anaheim Ducks,2,-180,,,150,,,False,DraftKings,11,,3,REG,136,-162,1.5,Final,,,200,-105,ESPN BET,fixed,6
OTT,2024-02-27T00:00Z,401560150,WSH,2023,Ottawa Senators,3,Washington Capitals,6,-140,,,120,,,False,DraftKings,11,,3,REG,164,-198,1.5,Final,,,175,110,ESPN BET,fixed,5
NYI,2024-02-27T01:00Z,401560151,DAL,2023,New York Islanders,3,Dallas Stars,2,145,,,-170,,,False,DraftKings,11,,4,OT,-175,145,-1.5,Final/OT,,,-110,220,ESPN BET,fixed,5
LA,2024-02-27T02:30Z,401560152,EDM,2023,Los Angeles Kings,2,Edmonton Oilers,4,130,,,-155,,,False,DraftKings,11,,3,REG,-180,150,-1.5,Final,,,-105,210,ESPN BET,fixed,6
BOS,2024-02-27T03:00Z,401560153,SEA,2023,Boston Bruins,3,Seattle Kraken,4,-145,,,125,,,False,DraftKings,11,,5,SO,180,-218,1.5,Final/SO,,,190,105,ESPN BET,fixed,6
VGK,2024-02-28T00:00Z,401560154,TOR,2023,Vegas Golden Knights,6,Toronto Maple Leafs,2,140,,,-165,,,False,DraftKings,11,,3,REG,-175,145,-1.5,Final,,,-105,205,ESPN BET,fixed,5
ARI,2024-02-28T00:00Z,401560155,MTL,2023,Arizona Coyotes,2,Montreal Canadiens,4,-120,,,100,,,False,DraftKings,11,,3,REG,205,-250,1.5,Final,,,160,125,ESPN BET,fixed,5
WSH,2024-02-28T00:00Z,401560156,DET,2023,Washington Capitals,3,Detroit Red Wings,8,145,,,-170,,,False,DraftKings,11,,3,REG,-166,140,-1.5,Final,,,-115,220,ESPN BET,fixed,5
BUF,2024-02-28T00:00Z,401560157,FLA,2023,Buffalo Sabres,2,Florida Panthers,3,195,,,-235,,,False,DraftKings,11,,3,REG,-130,110,-1.5,Final,,,-145,280,ESPN BET,fixed,6
TB,2024-02-28T00:00Z,401560158,PHI,2023,Tampa Bay Lightning,2,Philadelphia Flyers,6,-135,,,115,,,False,DraftKings,11,,3,REG,190,-230,1.5,Final,,,165,115,ESPN BET,fixed,5
OTT,2024-02-28T01:00Z,401560159,NSH,2023,Ottawa Senators,1,Nashville Predators,4,130,,,-150,,,False,DraftKings,11,,3,REG,-192,160,-1.5,Final,,,105,190,ESPN BET,fixed,5
CAR,2024-02-28T01:00Z,401560160,MIN,2023,Carolina Hurricanes,3,Minnesota Wild,2,-140,,,120,,,False,DraftKings,11,,3,REG,160,-192,1.5,Final,,,190,105,ESPN BET,fixed,5
STL,2024-02-28T01:00Z,401560161,WPG,2023,St. Louis Blues,2,Winnipeg Jets,4,160,,,-190,,,False,DraftKings,11,,3,REG,-148,124,-1.5,Final,,,-120,235,ESPN BET,fixed,5
LA,2024-02-28T02:00Z,401560163,CGY,2023,Los Angeles Kings,2,Calgary Flames,4,105,,,-125,,,False,DraftKings,11,,3,REG,-265,215,-1.5,Final,,,120,165,ESPN BET,fixed,5
DAL,2024-02-28T02:30Z,401560162,COL,2023,Dallas Stars,1,Colorado Avalanche,5,115,,,-135,,,False,DraftKings,11,,3,REG,-192,160,-1.5,Final,,,110,180,ESPN BET,fixed,6
PIT,2024-02-28T03:00Z,401560164,VAN,2023,Pittsburgh Penguins,4,Vancouver Canucks,3,130,,,-150,,,False,DraftKings,11,,4,OT,-185,154,-1.5,Final/OT,,,-105,205,ESPN BET,fixed,6
NJ,2024-02-28T03:30Z,401560165,SJ,2023,New Jersey Devils,7,San Jose Sharks,2,-265,,,220,,,False,DraftKings,11,,3,REG,100,-120,1.5,Final,,,310,-160,ESPN BET,fixed,5
CBJ,2024-02-29T00:00Z,401560166,NYR,2023,Columbus Blue Jackets,1,New York Rangers,4,210,,,-250,,,False,DraftKings,11,,3,REG,,,,Final,,,-165,320,ESPN BET,fixed,6
STL,2024-02-29T01:30Z,401560167,EDM,2023,St. Louis Blues,2,Edmonton Oilers,3,250,,,-300,,,False,DraftKings,11,,4,OT,,,,Final/OT,,,-180,340,ESPN BET,fixed,6
VGK,2024-03-01T00:00Z,401560168,BOS,2023,Vegas Golden Knights,4,Boston Bruins,5,140,,,-165,,,False,DraftKings,11,,3,REG,-192,160,-1.5,Final,,,100,200,ESPN BET,fixed,6
ARI,2024-03-01T00:00Z,401560169,TOR,2023,Arizona Coyotes,2,Toronto Maple Leafs,4,190,,,-225,,,False,DraftKings,11,,3,REG,-125,105,-1.5,Final,,,-150,290,ESPN BET,fixed,5
NYI,2024-03-01T00:00Z,401560170,DET,2023,New York Islanders,5,Detroit Red Wings,3,-105,,,-115,,,False,DraftKings,11,,3,REG,-300,215,-1.5,Final,,,150,130,ESPN BET,fixed,6
BUF,2024-03-01T00:00Z,401560171,TB,2023,Buffalo Sabres,3,Tampa Bay Lightning,2,130,,,-150,,,False,DraftKings,11,,4,OT,-185,154,-1.5,Final/OT,,,-105,205,ESPN BET,fixed,6
MTL,2024-03-01T00:00Z,401560172,FLA,2023,Montreal Canadiens,3,Florida Panthers,4,280,,,-340,,,False,DraftKings,11,,5,SO,110,-130,-1.5,Final/SO,,,-190,360,ESPN BET,fixed,5
CAR,2024-03-01T00:00Z,401560173,CBJ,2023,Carolina Hurricanes,4,Columbus Blue Jackets,2,-290,,,240,,,False,DraftKings,11,,3,REG,-115,-105,1.5,Final,,,340,-180,ESPN BET,fixed,5
MIN,2024-03-01T01:00Z,401560174,NSH,2023,Minnesota Wild,1,Nashville Predators,6,-105,,,-115,,,False,DraftKings,11,,3,REG,-250,205,-1.5,Final,,,120,160,ESPN BET,fixed,6
WPG,2024-03-01T01:00Z,401560175,DAL,2023,Winnipeg Jets,1,Dallas Stars,4,120,,,-140,,,False,DraftKings,11,,3,REG,-230,190,-1.5,Final,,,115,170,ESPN BET,fixed,5
COL,2024-03-01T02:00Z,401560176,CHI,2023,Colorado Avalanche,5,Chicago Blackhawks,0,-270,,,225,,,False,DraftKings,11,,3,REG,-108,-112,1.5,Final,,,330,-175,ESPN BET,fixed,6
LA,2024-03-01T03:00Z,401560177,VAN,2023,Los Angeles Kings,5,Vancouver Canucks,1,125,,,-145,,,False,DraftKings,11,,3,REG,-205,170,-1.5,Final,,,100,190,ESPN BET,fixed,6
PIT,2024-03-01T03:00Z,401560178,SEA,2023,Pittsburgh Penguins,0,Seattle Kraken,2,-105,,,-115,,,False,DraftKings,11,,3,REG,220,-310,1.5,Final,,,130,155,ESPN BET,fixed,5
ANA,2024-03-01T03:30Z,401560179,SJ,2023,Anaheim Ducks,6,San Jose Sharks,4,-135,,,115,,,False,DraftKings,11,,3,REG,-350,245,-1.5,Final,,,180,110,ESPN BET,fixed,5
ARI,2024-03-02T00:00Z,401560180,OTT,2023,Arizona Coyotes,5,Ottawa Senators,3,155,,,-185,,,False,DraftKings,11,,3,REG,-148,124,-1.5,Final,,,-130,255,ESPN BET,fixed,5
PHI,2024-03-02T00:00Z,401560181,WSH,2023,Philadelphia Flyers,2,Washington Capitals,5,-150,,,125,,,False,DraftKings,11,,3,REG,185,-225,1.5,Final,,,170,115,ESPN BET,fixed,5
NJ,2024-03-02T03:00Z,401560182,ANA,2023,New Jersey Devils,3,Anaheim Ducks,4,-280,,,240,,,False,DraftKings,11,,3,REG,-118,-102,1.5,Final,,,330,-180,ESPN BET,fixed,5
WPG,2024-03-02T17:30Z,401560183,CAR,2023,Winnipeg Jets,5,Carolina Hurricanes,3,135,,,-155,,,False,DraftKings,11,,3,REG,-198,164,-1.5,Final,,,100,205,ESPN BET,fixed,5
FLA,2024-03-02T20:00Z,401560188,DET,2023,Florida Panthers,4,Detroit Red Wings,0,-165,,,140,,,False,DraftKings,11,,3,REG,142,-170,1.5,Final,,,195,100,ESPN BET,fixed,6
EDM,2024-03-02T21:00Z,401560185,SEA,2023,Edmonton Oilers,2,Seattle Kraken,1,-165,,,140,,,False,DraftKings,11,,3,REG,160,-192,1.5,Final,,,175,110,ESPN BET,fixed,5
MIN,2024-03-02T23:00Z,401560192,STL,2023,Minnesota Wild,1,St. Louis Blues,3,-135,,,115,,,False,DraftKings,11,,3,REG,190,-230,1.5,Final,,,160,120,ESPN BET,fixed,6
COL,2024-03-02T23:00Z,401560193,NSH,2023,Colorado Avalanche,1,Nashville Predators,5,-135,,,115,,,False,DraftKings,11,,3,REG,180,-218,1.5,Final,,,165,115,ESPN BET,fixed,6
VGK,2024-03-03T00:00Z,401560186,BUF,2023,Vegas Golden Knights,2,Buffalo Sabres,7,-110,,,-110,,,False,DraftKings,11,,3,REG,215,-265,1.5,Final,,,145,135,ESPN BET,fixed,6
NYR,2024-03-03T00:00Z,401560187,TOR,2023,New York Rangers,3,Toronto Maple Leafs,4,110,,,-130,,,False,DraftKings,11,,5,SO,-230,190,-1.5,Final/SO,,,115,170,ESPN BET,fixed,6
MTL,2024-03-03T00:00Z,401560189,TB,2023,Montreal Canadiens,3,Tampa Bay Lightning,4,220,,,-270,,,False,DraftKings,11,,5,SO,-112,-108,-1.5,Final/SO,,,-175,320,ESPN BET,fixed,6
OTT,2024-03-03T00:00Z,401560190,PHI,2023,Ottawa Senators,2,Philadelphia Flyers,4,110,,,-130,,,False,DraftKings,11,,3,REG,-205,170,-1.5,Final,,,105,185,ESPN BET,fixed,6
BOS,2024-03-03T00:30Z,401560184,NYI,2023,Boston Bruins,1,New York Islanders,5,-130,,,110,,,False,DraftKings,11,,3,REG,195,-238,1.5,Final,,,165,120,ESPN BET,fixed,5
CBJ,2024-03-03T01:00Z,401560191,CHI,2023,Columbus Blue Jackets,5,Chicago Blackhawks,2,-150,,,130,,,False,DraftKings,11,,3,REG,160,-192,1.5,Final,,,185,105,ESPN BET,fixed,6
SJ,2024-03-03T01:00Z,401560194,DAL,2023,San Jose Sharks,2,Dallas Stars,3,450,,,-600,,,False,DraftKings,11,,5,SO,180,-218,-1.5,Final/SO,,,-350,650,ESPN BET,fixed,6
PIT,2024-03-03T03:00Z,401560195,CGY,2023,Pittsburgh Penguins,3,Calgary Flames,4,110,,,-130,,,False,DraftKings,11,,3,REG,-250,205,-1.5,Final,,,120,160,ESPN BET,fixed,5
ARI,2024-03-03T18:00Z,401560196,WSH,2023,Arizona Coyotes,5,Washington Capitals,2,120,,,-140,,,False,DraftKings,11,,3,REG,-218,180,-1.5,Final,,,110,180,ESPN BET,fixed,6
NJ,2024-03-03T20:30Z,401560197,LA,2023,New Jersey Devils,1,Los Angeles Kings,5,100,,,-120,,,False,DraftKings,11,,3,REG,-225,185,-1.5,Final,,,115,170,ESPN BET,fixed,5
WPG,2024-03-04T00:00Z,401560198,BUF,2023,Winnipeg Jets,5,Buffalo Sabres,2,-120,,,100,,,False,DraftKings,11,,3,REG,200,-245,1.5,Final,,,170,120,ESPN BET,fixed,6
SJ,2024-03-04T00:00Z,401560199,MIN,2023,San Jose Sharks,3,Minnesota Wild,4,280,,,-350,,,False,DraftKings,11,,3,REG,120,-142,-1.5,Final,,,-220,400,ESPN BET,fixed,6
VAN,2024-03-04T01:00Z,401560200,ANA,2023,Vancouver Canucks,2,Anaheim Ducks,1,-275,,,225,,,False,DraftKings,11,,3,REG,-112,-108,1.5,Final,,,330,-175,ESPN BET,fixed,6
PIT,2024-03-04T02:00Z,401560201,EDM,2023,Pittsburgh Penguins,1,Edmonton Oilers,6,170,,,-205,,,False,DraftKings,11,,3,REG,-148,124,-1.5,Final,,,-125,245,ESPN BET,fixed,6
BOS,2024-03-05T00:00Z,401560202,TOR,2023,Boston Bruins,4,Toronto Maple Leafs,1,110,,,-130,,,False,DraftKings,11,,3,REG,-225,185,-1.5,Final,,,105,180,ESPN BET,fixed,6
FLA,2024-03-05T00:00Z,401560203,NYR,2023,Florida Panthers,4,New York Rangers,2,-130,,,110,,,False,DraftKings,11,,3,REG,195,-238,1.5,Final,,,160,125,ESPN BET,fixed,6
STL,2024-03-05T00:00Z,401560204,PHI,2023,St. Louis Blues,2,Philadelphia Flyers,1,125,,,-145,,,False,DraftKings,11,,5,SO,-198,164,-1.5,Final/SO,,,100,195,ESPN BET,fixed,6
VGK,2024-03-05T00:00Z,401560205,CBJ,2023,Vegas Golden Knights,3,Columbus Blue Jackets,6,-200,,,170,,,False,DraftKings,11,,3,REG,124,-148,1.5,Final,,,235,-125,ESPN BET,fixed,5
CHI,2024-03-05T02:00Z,401560206,COL,2023,Chicago Blackhawks,0,Colorado Avalanche,5,325,,,-420,,,False,DraftKings,11,,3,REG,136,-162,-1.5,Final,,,-255,500,ESPN BET,fixed,6
SEA,2024-03-05T02:30Z,401560207,CGY,2023,Seattle Kraken,4,Calgary Flames,2,110,,,-130,,,False,DraftKings,11,,3,REG,-225,185,-1.5,Final,,,110,180,ESPN BET,fixed,6
FLA,2024-03-06T00:00Z,401560209,NJ,2023,Florida Panthers,5,New Jersey Devils,3,-125,,,105,,,False,DraftKings,11,,3,REG,185,-225,1.5,Final,,,160,115,ESPN BET,fixed,5
CBJ,2024-03-06T00:00Z,401560210,PIT,2023,Columbus Blue Jackets,3,Pittsburgh Penguins,5,200,,,-240,,,False,DraftKings,11,,3,REG,-122,102,-1.5,Final,,,-150,285,ESPN BET,fixed,6
EDM,2024-03-06T00:30Z,401560208,BOS,2023,Edmonton Oilers,2,Boston Bruins,1,-140,,,120,,,False,DraftKings,11,,4,OT,180,-218,1.5,Final/OT,,,170,115,ESPN BET,fixed,6
STL,2024-03-06T00:30Z,401560211,NYI,2023,St. Louis Blues,2,New York Islanders,4,160,,,-190,,,False,DraftKings,11,,3,REG,-155,130,-1.5,Final,,,-120,230,ESPN BET,fixed,5
MTL,2024-03-06T01:00Z,401560212,NSH,2023,Montreal Canadiens,4,Nashville Predators,3,185,,,-220,,,False,DraftKings,11,,4,OT,-135,114,-1.5,Final/OT,,,-140,270,ESPN BET,fixed,5
SEA,2024-03-06T01:00Z,401560213,WPG,2023,Seattle Kraken,4,Winnipeg Jets,3,145,,,-170,,,False,DraftKings,11,,3,REG,-180,150,-1.5,Final,,,-105,215,ESPN BET,fixed,5
CHI,2024-03-06T02:00Z,401560214,ARI,2023,Chicago Blackhawks,5,Arizona Coyotes,2,220,,,-265,,,False,DraftKings,11,,3,REG,-112,-108,-1.5,Final,,,-160,310,ESPN BET,fixed,6
VAN,2024-03-06T03:30Z,401560215,LA,2023,Vancouver Canucks,2,Los Angeles Kings,1,-115,,,-105,,,False,DraftKings,11,,4,OT,215,-265,1.5,Final/OT,,,155,130,ESPN BET,fixed,6
DAL,2024-03-06T03:30Z,401560216,SJ,2023,Dallas Stars,7,San Jose Sharks,6,-425,,,340,,,False,DraftKings,11,,4,OT,-155,130,1.5,Final/OT,,,475,-255,ESPN BET,fixed,6
BUF,2024-03-07T00:00Z,401560217,TOR,2023,Buffalo Sabres,1,Toronto Maple Leafs,2,160,,,-190,,,False,DraftKings,11,,4,OT,-148,124,-1.5,Final/OT,,,-130,250,ESPN BET,fixed,5
DET,2024-03-07T02:30Z,401560218,COL,2023,Detroit Red Wings,2,Colorado Avalanche,7,170,,,-200,,,False,DraftKings,11,,3,REG,-148,124,-1.5,Final,,,-130,250,ESPN BET,fixed,5
OTT,2024-03-07T03:00Z,401560219,ANA,2023,Ottawa Senators,1,Anaheim Ducks,2,-200,,,170,,,False,DraftKings,11,,3,REG,130,-155,1.5,Final,,,230,-120,ESPN BET,fixed,5
TOR,2024-03-08T00:00Z,401560220,BOS,2023,Toronto Maple Leafs,1,Boston Bruins,4,130,,,-150,,,False,DraftKings,11,,3,REG,-198,164,-1.5,Final,,,100,195,ESPN BET,fixed,6
CGY,2024-03-08T00:00Z,401560221,TB,2023,Calgary Flames,6,Tampa Bay Lightning,3,130,,,-150,,,False,DraftKings,11,,3,REG,-192,160,-1.5,Final,,,-105,205,ESPN BET,fixed,6
PHI,2024-03-08T00:00Z,401560222,FLA,2023,Philadelphia Flyers,2,Florida Panthers,1,210,,,-250,,,False,DraftKings,11,,3,REG,-125,105,-1.5,Final,,,-145,285,ESPN BET,fixed,6
STL,2024-03-08T00:00Z,401560223,NJ,2023,St. Louis Blues,1,New Jersey Devils,4,145,,,-165,,,False,DraftKings,11,,3,REG,-170,142,-1.5,Final,,,-115,220,ESPN BET,fixed,6
WSH,2024-03-08T00:00Z,401560224,PIT,2023,Washington Capitals,6,Pittsburgh Penguins,0,140,,,-160,,,False,DraftKings,11,,3,REG,-175,145,-1.5,Final,,,-115,230,ESPN BET,fixed,6
MTL,2024-03-08T00:00Z,401560225,CAR,2023,Montreal Canadiens,1,Carolina Hurricanes,4,250,,,-315,,,False,DraftKings,11,,3,REG,105,-125,-1.5,Final,,,-190,360,ESPN BET,fixed,5
EDM,2024-03-08T00:00Z,401560226,CBJ,2023,Edmonton Oilers,2,Columbus Blue Jackets,4,-290,,,245,,,False,DraftKings,11,,3,REG,-125,105,1.5,Final,,,340,-185,ESPN BET,fixed,6
BUF,2024-03-08T01:00Z,401560227,NSH,2023,Buffalo Sabres,2,Nashville Predators,4,145,,,-175,,,False,DraftKings,11,,3,REG,-170,142,-1.5,Final,,,-115,225,ESPN BET,fixed,5
MIN,2024-03-08T02:00Z,401560228,ARI,2023,Minnesota Wild,5,Arizona Coyotes,2,-145,,,125,,,False,DraftKings,11,,3,REG,164,-198,1.5,Final,,,170,110,ESPN BET,fixed,6
VAN,2024-03-08T03:00Z,401560229,VGK,2023,Vancouver Canucks,3,Vegas Golden Knights,1,100,,,-120,,,False,DraftKings,11,,3,REG,-250,205,-1.5,Final,,,125,160,ESPN BET,fixed,5
OTT,2024-03-08T03:30Z,401560230,LA,2023,Ottawa Senators,3,Los Angeles Kings,4,175,,,-210,,,False,DraftKings,11,,4,OT,-142,120,-1.5,Final/OT,,,-130,255,ESPN BET,fixed,5
NYI,2024-03-08T03:30Z,401560231,SJ,2023,New York Islanders,7,San Jose Sharks,2,-320,,,255,,,False,DraftKings,11,,3,REG,-112,-108,1.5,Final,,,350,-180,ESPN BET,fixed,6
MIN,2024-03-09T02:00Z,401560232,COL,2023,Minnesota Wild,1,Colorado Avalanche,2,190,,,-225,,,False,DraftKings,11,,4,OT,-122,102,-1.5,Final/OT,,,-150,290,ESPN BET,fixed,6
DET,2024-03-09T02:00Z,401560233,ARI,2023,Detroit Red Wings,0,Arizona Coyotes,4,-140,,,120,,,False,DraftKings,11,,3,REG,170,-205,1.5,Final,,,170,110,ESPN BET,fixed,5
DAL,2024-03-09T03:00Z,401560234,ANA,2023,Dallas Stars,6,Anaheim Ducks,2,-320,,,270,,,False,DraftKings,11,,3,REG,-118,-102,1.5,Final,,,360,-185,ESPN BET,fixed,5
WPG,2024-03-09T03:00Z,401560235,SEA,2023,Winnipeg Jets,3,Seattle Kraken,0,-125,,,105,,,False,DraftKings,10,,3,REG,195,-238,1.5,Final,,,165,120,MGM,fixed,4
EDM,2024-03-09T17:30Z,401560236,BUF,2023,Edmonton Oilers,2,Buffalo Sabres,3,-185,,,155,,,False,DraftKings,11,,5,SO,140,-166,1.5,Final/SO,,,210,-110,ESPN BET,fixed,5
CAR,2024-03-09T17:30Z,401560237,NJ,2023,Carolina Hurricanes,4,New Jersey Devils,2,-150,,,130,,,False,DraftKings,11,,3,REG,160,-192,1.5,Final,,,180,105,ESPN BET,fixed,6
NSH,2024-03-09T17:30Z,401560238,CBJ,2023,Nashville Predators,2,Columbus Blue Jackets,1,-165,,,140,,,False,DraftKings,11,,3,REG,145,-175,1.5,Final,,,185,100,ESPN BET,fixed,5
PIT,2024-03-09T20:00Z,401560239,BOS,2023,Pittsburgh Penguins,1,Boston Bruins,5,170,,,-200,,,False,DraftKings,11,,3,REG,-148,124,-1.5,Final,,,-120,240,ESPN BET,fixed,5
CGY,2024-03-09T21:00Z,401560240,FLA,2023,Calgary Flames,1,Florida Panthers,5,190,,,-225,,,False,DraftKings,11,,3,REG,-130,110,-1.5,Final,,,-140,275,ESPN BET,fixed,6
TOR,2024-03-10T00:00Z,401560241,MTL,2023,Toronto Maple Leafs,3,Montreal Canadiens,2,-185,,,155,,,False,DraftKings,11,,3,REG,130,-155,1.5,Final,,,215,-115,ESPN BET,fixed,5
PHI,2024-03-10T00:00Z,401560242,TB,2023,Philadelphia Flyers,0,Tampa Bay Lightning,7,125,,,-145,,,False,DraftKings,11,,3,REG,-198,164,-1.5,Final,,,105,185,ESPN BET,fixed,6
CHI,2024-03-10T00:00Z,401560243,WSH,2023,Chicago Blackhawks,1,Washington Capitals,4,190,,,-225,,,False,DraftKings,11,,3,REG,-130,110,-1.5,Final,,,-140,275,ESPN BET,fixed,6
OTT,2024-03-10T00:00Z,401560244,SJ,2023,Ottawa Senators,1,San Jose Sharks,2,-225,,,190,,,False,DraftKings,11,,3,REG,110,-130,1.5,Final,,,265,-140,ESPN BET,fixed,5
STL,2024-03-10T00:30Z,401560245,NYR,2023,St. Louis Blues,0,New York Rangers,4,180,,,-215,,,False,DraftKings,11,,3,REG,-142,120,-1.5,Final,,,-135,265,ESPN BET,fixed,5
WPG,2024-03-10T03:00Z,401560246,VAN,2023,Winnipeg Jets,0,Vancouver Canucks,5,125,,,-145,,,False,DraftKings,11,,3,REG,-205,170,-1.5,Final,,,105,190,ESPN BET,fixed,6
DET,2024-03-10T03:00Z,401560247,VGK,2023,Detroit Red Wings,3,Vegas Golden Knights,5,175,,,-210,,,False,DraftKings,11,,3,REG,-148,124,-1.5,Final,,,-130,250,ESPN BET,fixed,6
DAL,2024-03-10T03:30Z,401560248,LA,2023,Dallas Stars,4,Los Angeles Kings,1,-115,,,-105,,,False,DraftKings,11,,3,REG,-265,215,-1.5,Final,,,125,155,ESPN BET,fixed,5
EDM,2024-03-10T17:00Z,401560249,PIT,2023,Edmonton Oilers,4,Pittsburgh Penguins,0,-150,,,130,,,False,DraftKings,11,,3,REG,145,-175,1.5,Final,,,190,100,ESPN BET,fixed,6
NSH,2024-03-10T19:30Z,401560250,MIN,2023,Nashville Predators,3,Minnesota Wild,4,110,,,-130,,,False,DraftKings,11,,4,OT,-205,170,-1.5,Final/OT,,,100,195,ESPN BET,fixed,5
CGY,2024-03-10T21:00Z,401560251,CAR,2023,Calgary Flames,2,Carolina Hurricanes,7,180,,,-215,,,False,DraftKings,11,,3,REG,-142,120,-1.5,Final,,,-125,245,ESPN BET,fixed,6
ARI,2024-03-10T22:00Z,401560252,CHI,2023,Arizona Coyotes,4,Chicago Blackhawks,7,-200,,,170,,,False,DraftKings,11,,3,REG,130,-155,1.5,Final,,,225,-115,ESPN BET,fixed,6
NYI,2024-03-11T00:00Z,401560253,ANA,2023,New York Islanders,6,Anaheim Ducks,1,-225,,,190,,,False,DraftKings,11,100,3,REG,105,-125,1.5,Final,6.5,-120,250,-130,ESPN BET,fixed,5
STL,2024-03-11T23:00Z,401560254,BOS,2023,St. Louis Blues,5,Boston Bruins,1,210,,,-250,,,False,DraftKings,11,-122,3,REG,-122,102,-1.5,Final,5.5,102,-140,275,ESPN BET,fixed,5
NJ,2024-03-11T23:00Z,401560255,NYR,2023,New Jersey Devils,1,New York Rangers,3,120,,,-140,,,False,DraftKings,11,-112,3,REG,-200,164,-1.5,Final,6.5,-108,105,185,ESPN BET,fixed,6
WSH,2024-03-11T23:30Z,401560256,WPG,2023,Washington Capitals,0,Winnipeg Jets,3,180,,,-215,,,False,DraftKings,11,-122,3,REG,-143,120,-1.5,Final,5.5,102,-130,255,ESPN BET,fixed,6
NYI,2024-03-12T02:30Z,401560257,LA,2023,New York Islanders,0,Los Angeles Kings,3,125,,,-145,,,False,DraftKings,11,105,3,REG,-200,164,-1.5,Final,6.0,-125,-105,200,ESPN BET,fixed,6
DET,2024-03-12T23:00Z,401560258,BUF,2023,Detroit Red Wings,3,Buffalo Sabres,7,110,,,-130,,,False,DraftKings,11,-105,3,REG,-225,185,-1.5,Final,6.5,-115,110,170,ESPN BET,fixed,4
CBJ,2024-03-12T23:00Z,401560259,MTL,2023,Columbus Blue Jackets,0,Montreal Canadiens,3,100,,,-120,,,False,DraftKings,11,-115,3,REG,-245,200,-1.5,Final,6.5,-105,120,160,ESPN BET,fixed,4
PIT,2024-03-12T23:00Z,401560260,OTT,2023,Pittsburgh Penguins,1,Ottawa Senators,2,-125,,,105,,,False,DraftKings,11,-105,4,OT,200,-245,1.5,Final/OT,6.5,-115,150,125,ESPN BET,fixed,4
SJ,2024-03-12T23:00Z,401560261,PHI,2023,San Jose Sharks,2,Philadelphia Flyers,3,280,,,-340,,,False,DraftKings,11,-112,3,REG,110,-130,-1.5,Final,6.0,-108,-195,370,ESPN BET,fixed,4
NYR,2024-03-12T23:00Z,401560262,CAR,2023,New York Rangers,1,Carolina Hurricanes,0,145,,,-170,,,False,DraftKings,11,-130,3,REG,-180,150,-1.5,Final,5.5,110,-115,220,ESPN BET,fixed,4
FLA,2024-03-13T00:00Z,401560263,DAL,2023,Florida Panthers,4,Dallas Stars,3,-105,,,-115,,,False,DraftKings,11,-110,3,REG,-265,215,-1.5,Final,6.0,-110,140,140,ESPN BET,fixed,4
ARI,2024-03-13T00:00Z,401560264,MIN,2023,Arizona Coyotes,1,Minnesota Wild,4,170,,,-200,,,False,DraftKings,11,-130,3,REG,-142,120,-1.5,Final,6.0,105,-130,255,ESPN BET,fixed,4
ANA,2024-03-13T00:30Z,401560265,CHI,2023,Anaheim Ducks,2,Chicago Blackhawks,7,115,,,-135,,,False,DraftKings,11,-102,3,REG,-258,210,-1.5,Final,6.0,-118,125,155,ESPN BET,fixed,4
COL,2024-03-13T01:00Z,401560266,CGY,2023,Colorado Avalanche,6,Calgary Flames,2,-175,,,150,,,False,DraftKings,11,-112,3,REG,140,-166,1.5,Final,6.5,-108,205,-110,ESPN BET,fixed,4
VGK,2024-03-13T02:00Z,401560267,SEA,2023,Vegas Golden Knights,5,Seattle Kraken,4,-150,,,130,,,False,DraftKings,11,102,4,OT,160,-192,1.5,Final/OT,6.0,-122,195,100,ESPN BET,fixed,4
LA,2024-03-13T23:30Z,401560268,STL,2023,Los Angeles Kings,1,St. Louis Blues,3,-160,,,135,,,False,DraftKings,11,,3,REG,160,-192,1.5,Final,,,215,-105,ESPN BET,fixed,5
NSH,2024-03-13T23:30Z,401560269,WPG,2023,Nashville Predators,4,Winnipeg Jets,2,125,,,-145,,,False,DraftKings,11,,3,REG,-205,170,-1.5,Final,,,105,190,ESPN BET,fixed,5
WSH,2024-03-14T02:00Z,401560270,EDM,2023,Washington Capitals,2,Edmonton Oilers,7,250,,,-300,,,False,DraftKings,10,,3,REG,100,-120,-1.5,Final,,,-180,340,MGM,fixed,4
COL,2024-03-14T02:30Z,401560271,VAN,2023,Colorado Avalanche,4,Vancouver Canucks,3,100,,,-120,,,False,DraftKings,11,,4,OT,-250,205,-1.5,Final/OT,,,125,150,ESPN BET,fixed,5
NYI,2024-03-14T23:00Z,401560272,BUF,2023,New York Islanders,0,Buffalo Sabres,4,-120,,,100,,,False,DraftKings,11,,3,REG,220,-270,1.5,Final,,,140,140,ESPN BET,fixed,5
BOS,2024-03-14T23:00Z,401560273,MTL,2023,Boston Bruins,2,Montreal Canadiens,1,-215,,,180,,,False,DraftKings,11,,4,OT,120,-142,1.5,Final/OT,,,275,-135,ESPN BET,fixed,5
ARI,2024-03-14T23:00Z,401560274,DET,2023,Arizona Coyotes,4,Detroit Red Wings,1,130,,,-150,,,False,DraftKings,11,,3,REG,-185,154,-1.5,Final,,,-105,200,ESPN BET,fixed,6
NYR,2024-03-14T23:00Z,401560275,TB,2023,New York Rangers,3,Tampa Bay Lightning,6,-110,,,-110,,,False,DraftKings,11,,3,REG,225,-278,1.5,Final,,,140,140,ESPN BET,fixed,6
SJ,2024-03-14T23:00Z,401560277,PIT,2023,San Jose Sharks,3,Pittsburgh Penguins,6,280,,,-340,,,False,DraftKings,11,,3,REG,105,-125,-1.5,Final,,,-180,350,ESPN BET,fixed,5
FLA,2024-03-14T23:00Z,401560278,CAR,2023,Florida Panthers,0,Carolina Hurricanes,4,110,,,-130,,,False,DraftKings,11,,3,REG,-245,200,-1.5,Final,,,125,155,ESPN BET,fixed,5
OTT,2024-03-14T23:00Z,401560279,CBJ,2023,Ottawa Senators,3,Columbus Blue Jackets,2,-125,,,105,,,False,DraftKings,11,,5,SO,180,-218,1.5,Final/SO,,,150,125,ESPN BET,fixed,5
TOR,2024-03-14T23:30Z,401560276,PHI,2023,Toronto Maple Leafs,6,Philadelphia Flyers,2,-120,,,100,,,False,DraftKings,11,,3,REG,200,-245,1.5,Final,,,155,120,ESPN BET,fixed,5
NJ,2024-03-15T00:00Z,401560280,DAL,2023,New Jersey Devils,6,Dallas Stars,2,160,,,-190,,,False,DraftKings,11,,3,REG,-155,130,-1.5,Final,,,-120,235,ESPN BET,fixed,5
ANA,2024-03-15T00:00Z,401560281,MIN,2023,Anaheim Ducks,0,Minnesota Wild,2,240,,,-290,,,False,DraftKings,11,,3,REG,-108,-112,-1.5,Final,,,-160,310,ESPN BET,fixed,6
VGK,2024-03-15T01:00Z,401560282,CGY,2023,Vegas Golden Knights,1,Calgary Flames,4,-170,,,140,,,False,DraftKings,11,,3,REG,142,-170,1.5,Final,,,190,100,ESPN BET,fixed,6
WSH,2024-03-15T02:00Z,401560283,SEA,2023,Washington Capitals,2,Seattle Kraken,1,155,,,-185,,,False,DraftKings,11,,3,REG,-185,154,-1.5,Final,,,-105,215,ESPN BET,fixed,6
ANA,2024-03-16T00:00Z,401560284,WPG,2023,Anaheim Ducks,0,Winnipeg Jets,6,340,,,-425,,,False,DraftKings,11,,3,REG,130,-155,-1.5,Final,,,-255,475,ESPN BET,fixed,5
LA,2024-03-16T00:30Z,401560285,CHI,2023,Los Angeles Kings,5,Chicago Blackhawks,0,-290,,,240,,,False,DraftKings,11,,3,REG,-108,-112,1.5,Final,,,330,-175,ESPN BET,fixed,6
BUF,2024-03-16T16:30Z,401560286,DET,2023,Buffalo Sabres,1,Detroit Red Wings,4,-125,,,105,,,False,DraftKings,11,,3,REG,200,-245,1.5,Final,,,155,125,ESPN BET,fixed,5
OTT,2024-03-16T16:30Z,401560287,NYI,2023,Ottawa Senators,4,New York Islanders,3,145,,,-170,,,False,DraftKings,11,,4,OT,-170,142,-1.5,Final/OT,,,-110,225,ESPN BET,fixed,5
NYR,2024-03-16T19:00Z,401560288,PIT,2023,New York Rangers,7,Pittsburgh Penguins,4,-115,,,-105,,,False,DraftKings,11,,3,REG,210,-258,1.5,Final,,,155,125,ESPN BET,fixed,5
NJ,2024-03-16T21:00Z,401560289,ARI,2023,New Jersey Devils,1,Arizona Coyotes,4,-155,,,135,,,False,DraftKings,11,,3,REG,150,-180,1.5,Final,,,190,100,ESPN BET,fixed,5
TB,2024-03-16T22:00Z,401560290,FLA,2023,Tampa Bay Lightning,5,Florida Panthers,3,140,,,-165,,,False,DraftKings,11,,3,REG,-175,145,-1.5,Final,,,-110,215,ESPN BET,fixed,5
PHI,2024-03-16T23:00Z,401560291,BOS,2023,Philadelphia Flyers,5,Boston Bruins,6,170,,,-200,,,False,DraftKings,11,,3,REG,-155,130,-1.5,Final,,,-125,230,ESPN BET,fixed,6
CAR,2024-03-16T23:00Z,401560292,TOR,2023,Carolina Hurricanes,5,Toronto Maple Leafs,4,-140,,,120,,,False,DraftKings,11,,5,SO,180,-218,1.5,Final/SO,,,180,105,ESPN BET,fixed,5
SJ,2024-03-16T23:00Z,401560293,CBJ,2023,San Jose Sharks,2,Columbus Blue Jackets,4,170,,,-200,,,False,DraftKings,11,,3,REG,-142,120,-1.5,Final,,,-135,260,ESPN BET,fixed,5
MTL,2024-03-16T23:00Z,401560294,CGY,2023,Montreal Canadiens,2,Calgary Flames,5,145,,,-170,,,False,DraftKings,11,,3,REG,-170,142,-1.5,Final,,,-110,215,ESPN BET,fixed,6
MIN,2024-03-17T00:00Z,401560295,STL,2023,Minnesota Wild,2,St. Louis Blues,3,-130,,,110,,,False,DraftKings,11,,5,SO,185,-225,1.5,Final/SO,,,170,120,ESPN BET,fixed,6
LA,2024-03-17T00:00Z,401560296,DAL,2023,Los Angeles Kings,1,Dallas Stars,4,140,,,-165,,,False,DraftKings,11,,3,REG,-185,154,-1.5,Final,,,-105,205,ESPN BET,fixed,6
COL,2024-03-17T02:00Z,401560297,EDM,2023,Colorado Avalanche,3,Edmonton Oilers,2,115,,,-135,,,False,DraftKings,11,,4,OT,-205,170,-1.5,Final/OT,,,110,165,ESPN BET,fixed,6
WSH,2024-03-17T02:00Z,401560298,VAN,2023,Washington Capitals,2,Vancouver Canucks,1,190,,,-225,,,False,DraftKings,11,,3,REG,-130,110,-1.5,Final,,,-140,275,ESPN BET,fixed,6
NSH,2024-03-17T02:00Z,401560299,SEA,2023,Nashville Predators,4,Seattle Kraken,1,-125,,,105,,,False,DraftKings,11,,3,REG,200,-245,1.5,Final,,,160,125,ESPN BET,fixed,5
NYI,2024-03-17T17:00Z,401560300,NYR,2023,New York Islanders,2,New York Rangers,5,130,,,-150,,,False,DraftKings,11,,3,REG,-205,170,-1.5,Final,,,100,195,ESPN BET,fixed,6
NJ,2024-03-17T19:30Z,401560301,VGK,2023,New Jersey Devils,1,Vegas Golden Knights,3,160,,,-190,,,False,DraftKings,11,,3,REG,-155,130,-1.5,Final,,,-120,235,ESPN BET,fixed,5
CAR,2024-03-17T22:00Z,401560302,OTT,2023,Carolina Hurricanes,7,Ottawa Senators,2,-230,,,190,,,False,DraftKings,11,,3,REG,114,-135,1.5,Final,,,255,-130,ESPN BET,fixed,6
DET,2024-03-17T22:00Z,401560303,PIT,2023,Detroit Red Wings,3,Pittsburgh Penguins,6,115,,,-135,,,False,DraftKings,11,,3,REG,-205,170,-1.5,Final,,,105,185,ESPN BET,fixed,6
WPG,2024-03-17T22:00Z,401560304,CBJ,2023,Winnipeg Jets,6,Columbus Blue Jackets,1,-250,,,210,,,False,DraftKings,11,,3,REG,-102,-118,1.5,Final,,,300,-155,ESPN BET,fixed,6
SJ,2024-03-17T22:00Z,401560305,CHI,2023,San Jose Sharks,2,Chicago Blackhawks,5,150,,,-175,,,False,DraftKings,11,,3,REG,-170,142,-1.5,Final,,,-120,235,ESPN BET,fixed,5
ANA,2024-03-17T23:00Z,401560306,STL,2023,Anaheim Ducks,2,St. Louis Blues,4,180,,,-215,,,False,DraftKings,11,,3,REG,-130,110,-1.5,Final,,,-145,280,ESPN BET,fixed,5
WSH,2024-03-19T00:30Z,401560308,CGY,2023,Washington Capitals,5,Calgary Flames,2,115,,,-135,,,False,DraftKings,11,,3,REG,-205,170,-1.5,Final,,,105,195,ESPN BET,fixed,5
BUF,2024-03-19T02:00Z,401560309,SEA,2023,Buffalo Sabres,6,Seattle Kraken,2,-105,,,-115,,,False,DraftKings,11,,3,REG,-258,210,-1.5,Final,,,140,140,ESPN BET,fixed,5
OTT,2024-03-19T23:00Z,401560310,BOS,2023,Ottawa Senators,2,Boston Bruins,6,190,,,-230,,,False,DraftKings,11,,3,REG,-130,110,-1.5,Final,,,-140,285,ESPN BET,fixed,6
CBJ,2024-03-19T23:00Z,401560311,DET,2023,Columbus Blue Jackets,3,Detroit Red Wings,4,145,,,-170,,,False,DraftKings,11,,4,OT,-166,140,-1.5,Final/OT,,,-110,215,ESPN BET,fixed,5
PIT,2024-03-19T23:00Z,401560312,NJ,2023,Pittsburgh Penguins,2,New Jersey Devils,5,-115,,,-105,,,False,DraftKings,11,,3,REG,-258,210,-1.5,Final,,,125,155,ESPN BET,fixed,5
WPG,2024-03-19T23:00Z,401560313,NYR,2023,Winnipeg Jets,4,New York Rangers,2,105,,,-125,,,False,DraftKings,11,,3,REG,-250,205,-1.5,Final,,,125,170,ESPN BET,fixed,6
TOR,2024-03-19T23:00Z,401560314,PHI,2023,Toronto Maple Leafs,3,Philadelphia Flyers,4,-135,,,115,,,False,DraftKings,11,,3,REG,180,-218,1.5,Final,,,155,125,ESPN BET,fixed,5
CAR,2024-03-19T23:30Z,401560315,NYI,2023,Carolina Hurricanes,4,New York Islanders,1,-160,,,135,,,False,DraftKings,11,,3,REG,164,-198,1.5,Final,,,180,110,ESPN BET,fixed,6
COL,2024-03-20T00:00Z,401560316,STL,2023,Colorado Avalanche,4,St. Louis Blues,3,-230,,,190,,,False,DraftKings,11,,3,REG,110,-130,1.5,Final,,,250,-130,ESPN BET,fixed,6
SJ,2024-03-20T00:00Z,401560317,NSH,2023,San Jose Sharks,2,Nashville Predators,8,375,,,-500,,,False,DraftKings,11,,3,REG,145,-175,-1.5,Final,,,-255,500,ESPN BET,fixed,5
MTL,2024-03-20T01:00Z,401560318,EDM,2023,Montreal Canadiens,2,Edmonton Oilers,3,300,,,-380,,,False,DraftKings,11,,4,OT,120,-142,-1.5,Final/OT,,,-210,425,ESPN BET,fixed,6
BUF,2024-03-20T02:00Z,401560319,VAN,2023,Buffalo Sabres,2,Vancouver Canucks,3,170,,,-205,,,False,DraftKings,11,,3,REG,-148,124,-1.5,Final,,,-135,275,ESPN BET,fixed,5
TB,2024-03-20T02:00Z,401560320,VGK,2023,Tampa Bay Lightning,5,Vegas Golden Knights,3,115,,,-135,,,False,DraftKings,11,,3,REG,-218,180,-1.5,Final,,,110,180,ESPN BET,fixed,5
MIN,2024-03-20T02:00Z,401560321,ANA,2023,Minnesota Wild,4,Anaheim Ducks,0,-230,,,190,,,False,DraftKings,11,,3,REG,114,-135,1.5,Final,,,270,-140,ESPN BET,fixed,6
CHI,2024-03-20T02:00Z,401560322,LA,2023,Chicago Blackhawks,2,Los Angeles Kings,6,290,,,-360,,,False,DraftKings,11,,3,REG,114,-135,-1.5,Final,,,-220,450,ESPN BET,fixed,5
TOR,2024-03-20T23:30Z,401560323,WSH,2023,Toronto Maple Leafs,7,Washington Capitals,3,-135,,,115,,,False,DraftKings,11,,3,REG,180,-218,1.5,Final,,,160,125,ESPN BET,fixed,6
ARI,2024-03-21T00:00Z,401560307,DAL,2023,Arizona Coyotes,2,Dallas Stars,5,250,,,-310,,,False,DraftKings,11,,3,REG,-105,-115,-1.5,Final,,,-165,330,ESPN BET,fixed,6
MIN,2024-03-21T02:00Z,401560324,LA,2023,Minnesota Wild,0,Los Angeles Kings,6,130,,,-155,,,False,DraftKings,11,,3,REG,-205,170,-1.5,Final,,,105,195,ESPN BET,fixed,6
NYR,2024-03-21T23:00Z,401560325,BOS,2023,New York Rangers,5,Boston Bruins,2,130,,,-150,,,False,DraftKings,11,,3,REG,-198,164,-1.5,Final,,,-105,200,ESPN BET,fixed,6
STL,2024-03-21T23:00Z,401560326,OTT,2023,St. Louis Blues,5,Ottawa Senators,2,110,,,-130,,,False,DraftKings,11,,3,REG,-218,180,-1.5,Final,,,105,185,ESPN BET,fixed,6
NYI,2024-03-21T23:00Z,401560327,DET,2023,New York Islanders,3,Detroit Red Wings,6,-120,,,100,,,False,DraftKings,11,,3,REG,215,-265,1.5,Final,,,145,135,ESPN BET,fixed,6
WPG,2024-03-21T23:00Z,401560329,NJ,2023,Winnipeg Jets,1,New Jersey Devils,4,-135,,,115,,,False,DraftKings,11,,3,REG,190,-230,1.5,Final,,,165,115,ESPN BET,fixed,6
PHI,2024-03-21T23:00Z,401560330,CAR,2023,Philadelphia Flyers,2,Carolina Hurricanes,3,210,,,-250,,,False,DraftKings,11,,4,OT,-115,-105,-1.5,Final/OT,,,-155,300,ESPN BET,fixed,6
NSH,2024-03-21T23:30Z,401560328,FLA,2023,Nashville Predators,3,Florida Panthers,0,140,,,-160,,,False,DraftKings,11,,3,REG,-170,142,-1.5,Final,,,-110,220,ESPN BET,fixed,6
BUF,2024-03-22T01:00Z,401560331,EDM,2023,Buffalo Sabres,3,Edmonton Oilers,8,200,,,-240,,,False,DraftKings,11,,3,REG,-125,105,-1.5,Final,,,-145,285,ESPN BET,fixed,5
MTL,2024-03-22T02:00Z,401560332,VAN,2023,Montreal Canadiens,1,Vancouver Canucks,4,220,,,-260,,,False,DraftKings,11,,3,REG,-112,-108,-1.5,Final,,,-165,320,ESPN BET,fixed,5
CHI,2024-03-22T02:00Z,401560334,ANA,2023,Chicago Blackhawks,0,Anaheim Ducks,4,100,,,-120,,,False,DraftKings,10,,3,REG,-245,200,-1.5,Final,,,125,160,MGM,fixed,5
SEA,2024-03-22T02:30Z,401560333,VGK,2023,Seattle Kraken,1,Vegas Golden Knights,3,175,,,-210,,,False,DraftKings,11,,3,REG,-148,124,-1.5,Final,,,-125,245,ESPN BET,fixed,5
TB,2024-03-22T02:30Z,401560335,SJ,2023,Tampa Bay Lightning,4,San Jose Sharks,1,-360,,,285,,,False,DraftKings,11,,3,REG,-135,114,1.5,Final,,,400,-220,ESPN BET,fixed,5
CAR,2024-03-22T23:00Z,401560336,WSH,2023,Carolina Hurricanes,6,Washington Capitals,7,-185,,,155,,,False,DraftKings,11,,5,SO,136,-162,1.5,Final/SO,,,225,-115,ESPN BET,fixed,6
PIT,2024-03-23T00:00Z,401560337,DAL,2023,Pittsburgh Penguins,2,Dallas Stars,4,165,,,-195,,,False,DraftKings,11,,3,REG,-148,124,-1.5,Final,,,-130,255,ESPN BET,fixed,5
CBJ,2024-03-23T01:00Z,401560338,COL,2023,Columbus Blue Jackets,1,Colorado Avalanche,6,325,,,-420,,,False,DraftKings,11,,3,REG,140,-166,-1.5,Final,,,-250,425,ESPN BET,fixed,5
SEA,2024-03-23T02:00Z,401560339,ARI,2023,Seattle Kraken,1,Arizona Coyotes,2,-110,,,-110,,,False,DraftKings,11,,4,OT,-278,225,-1.5,Final/OT,,,130,150,ESPN BET,fixed,5
WPG,2024-03-23T17:00Z,401560340,NYI,2023,Winnipeg Jets,3,New York Islanders,6,-135,,,115,,,False,DraftKings,11,,3,REG,185,-225,1.5,Final,,,175,115,ESPN BET,fixed,5
BOS,2024-03-23T17:00Z,401560341,PHI,2023,Boston Bruins,2,Philadelphia Flyers,3,-135,,,115,,,False,DraftKings,11,,3,REG,180,-218,1.5,Final,,,180,110,ESPN BET,fixed,6
STL,2024-03-23T18:00Z,401560342,MIN,2023,St. Louis Blues,5,Minnesota Wild,4,125,,,-145,,,False,DraftKings,11,,4,OT,-218,180,-1.5,Final/OT,,,105,190,ESPN BET,fixed,5
DET,2024-03-23T21:00Z,401560343,NSH,2023,Detroit Red Wings,0,Nashville Predators,1,140,,,-170,,,False,DraftKings,11,,3,REG,-170,142,-1.5,Final,,,-110,215,ESPN BET,fixed,6
EDM,2024-03-23T23:00Z,401560344,TOR,2023,Edmonton Oilers,3,Toronto Maple Leafs,6,-140,,,120,,,False,DraftKings,11,,3,REG,170,-205,1.5,Final,,,180,110,ESPN BET,fixed,6
OTT,2024-03-23T23:00Z,401560345,NJ,2023,Ottawa Senators,5,New Jersey Devils,2,135,,,-155,,,False,DraftKings,11,,3,REG,-180,150,-1.5,Final,,,-110,215,ESPN BET,fixed,6
FLA,2024-03-24T00:00Z,401560346,NYR,2023,Florida Panthers,3,New York Rangers,4,-105,,,-115,,,False,DraftKings,11,,5,SO,-265,215,-1.5,Final/SO,,,130,150,ESPN BET,fixed,6
CGY,2024-03-24T02:00Z,401560347,VAN,2023,Calgary Flames,2,Vancouver Canucks,4,150,,,-175,,,False,DraftKings,11,,3,REG,-166,140,-1.5,Final,,,-120,235,ESPN BET,fixed,6
CBJ,2024-03-24T02:30Z,401560348,VGK,2023,Columbus Blue Jackets,2,Vegas Golden Knights,4,320,,,-400,,,False,DraftKings,11,,3,REG,124,-148,-1.5,Final,,,-225,425,ESPN BET,fixed,5
TB,2024-03-24T02:30Z,401560349,LA,2023,Tampa Bay Lightning,3,Los Angeles Kings,4,110,,,-130,,,False,DraftKings,11,,4,OT,-230,190,-1.5,Final/OT,,,115,170,ESPN BET,fixed,6
CHI,2024-03-24T02:30Z,401560350,SJ,2023,Chicago Blackhawks,5,San Jose Sharks,4,-120,,,100,,,False,DraftKings,11,,4,OT,205,-250,1.5,Final/OT,,,155,130,ESPN BET,fixed,6
WPG,2024-03-24T16:30Z,401560351,WSH,2023,Winnipeg Jets,0,Washington Capitals,3,-150,,,130,,,False,DraftKings,11,,3,REG,170,-205,1.5,Final,,,200,100,ESPN BET,fixed,6
PIT,2024-03-24T18:00Z,401560352,COL,2023,Pittsburgh Penguins,4,Colorado Avalanche,5,220,,,-270,,,False,DraftKings,11,,4,OT,-110,-110,-1.5,Final/OT,,,-170,320,ESPN BET,fixed,5
NJ,2024-03-24T21:00Z,401560353,NYI,2023,New Jersey Devils,4,New York Islanders,0,120,,,-140,,,False,DraftKings,11,,3,REG,-218,180,-1.5,Final,,,110,175,ESPN BET,fixed,5
EDM,2024-03-24T22:00Z,401560354,OTT,2023,Edmonton Oilers,3,Ottawa Senators,5,-200,,,170,,,False,DraftKings,11,,3,REG,120,-142,1.5,Final,,,225,-120,ESPN BET,fixed,5
FLA,2024-03-24T22:00Z,401560355,PHI,2023,Florida Panthers,4,Philadelphia Flyers,1,-145,,,125,,,False,DraftKings,11,,3,REG,160,-192,1.5,Final,,,200,100,ESPN BET,fixed,6
TOR,2024-03-24T22:00Z,401560356,CAR,2023,Toronto Maple Leafs,1,Carolina Hurricanes,2,170,,,-200,,,False,DraftKings,11,,3,REG,-155,130,-1.5,Final,,,-125,245,ESPN BET,fixed,6
DAL,2024-03-25T00:00Z,401560357,ARI,2023,Dallas Stars,4,Arizona Coyotes,2,-220,,,185,,,False,DraftKings,11,,3,REG,110,-130,1.5,Final,,,260,-135,ESPN BET,fixed,6
TB,2024-03-25T00:30Z,401560358,ANA,2023,Tampa Bay Lightning,3,Anaheim Ducks,2,-220,,,185,,,False,DraftKings,11,,4,OT,110,-130,1.5,Final/OT,,,255,-135,ESPN BET,fixed,6
BUF,2024-03-25T01:00Z,401560359,CGY,2023,Buffalo Sabres,4,Calgary Flames,1,-140,,,120,,,False,DraftKings,11,,3,REG,185,-225,1.5,Final,,,165,120,ESPN BET,fixed,5
MTL,2024-03-25T01:00Z,401560360,SEA,2023,Montreal Canadiens,5,Seattle Kraken,1,130,,,-150,,,False,DraftKings,11,,3,REG,-185,154,-1.5,Final,,,-110,220,ESPN BET,fixed,6
VGK,2024-03-26T00:00Z,401560361,STL,2023,Vegas Golden Knights,2,St. Louis Blues,1,-155,,,135,,,False,DraftKings,11,,4,OT,160,-192,1.5,Final/OT,,,185,105,ESPN BET,fixed,5
LA,2024-03-26T01:00Z,401560362,VAN,2023,Los Angeles Kings,3,Vancouver Canucks,2,105,,,-125,,,False,DraftKings,11,,3,REG,-230,190,-1.5,Final,,,115,180,ESPN BET,fixed,6
BOS,2024-03-26T23:00Z,401560364,FLA,2023,Boston Bruins,4,Florida Panthers,3,120,,,-140,,,False,DraftKings,11,,3,REG,-218,180,-1.5,Final,,,110,180,ESPN BET,fixed,5
PHI,2024-03-26T23:00Z,401560365,NYR,2023,Philadelphia Flyers,5,New York Rangers,6,155,,,-190,,,False,DraftKings,11,,4,OT,-155,130,-1.5,Final/OT,,,-125,240,ESPN BET,fixed,5
CAR,2024-03-26T23:00Z,401560366,PIT,2023,Carolina Hurricanes,1,Pittsburgh Penguins,4,-190,,,160,,,False,DraftKings,11,,3,REG,130,-155,1.5,Final,,,220,-115,ESPN BET,fixed,5
DET,2024-03-26T23:00Z,401560367,WSH,2023,Detroit Red Wings,3,Washington Capitals,4,105,,,-125,,,False,DraftKings,11,,4,OT,-245,200,-1.5,Final/OT,,,120,165,ESPN BET,fixed,5
NJ,2024-03-26T23:30Z,401560363,TOR,2023,New Jersey Devils,6,Toronto Maple Leafs,3,130,,,-150,,,False,DraftKings,11,,3,REG,-192,160,-1.5,Final,,,100,195,ESPN BET,fixed,5
VGK,2024-03-27T00:00Z,401560368,NSH,2023,Vegas Golden Knights,4,Nashville Predators,5,125,,,-145,,,False,DraftKings,11,,4,OT,-198,164,-1.5,Final/OT,,,100,190,ESPN BET,fixed,5
EDM,2024-03-27T00:00Z,401560369,WPG,2023,Edmonton Oilers,4,Winnipeg Jets,3,-135,,,115,,,False,DraftKings,11,,4,OT,185,-225,1.5,Final/OT,,,170,115,ESPN BET,fixed,5
CGY,2024-03-27T00:30Z,401560370,CHI,2023,Calgary Flames,1,Chicago Blackhawks,3,-175,,,150,,,False,DraftKings,11,,3,REG,142,-170,1.5,Final,,,205,-105,ESPN BET,fixed,6
MTL,2024-03-27T01:00Z,401560371,COL,2023,Montreal Canadiens,2,Colorado Avalanche,1,380,,,-500,,,False,DraftKings,11,,3,REG,142,-170,-1.5,Final,,,-250,475,ESPN BET,fixed,6
CBJ,2024-03-27T02:00Z,401560372,ARI,2023,Columbus Blue Jackets,2,Arizona Coyotes,6,140,,,-165,,,False,DraftKings,11,,3,REG,-166,140,-1.5,Final,,,-115,220,ESPN BET,fixed,6
ANA,2024-03-27T02:00Z,401560373,SEA,2023,Anaheim Ducks,0,Seattle Kraken,4,160,,,-190,,,False,DraftKings,11,,3,REG,-155,130,-1.5,Final,,,-125,240,ESPN BET,fixed,6
DAL,2024-03-27T02:30Z,401560374,SJ,2023,Dallas Stars,6,San Jose Sharks,3,-430,,,330,,,False,DraftKings,11,,3,REG,-155,130,1.5,Final,,,500,-260,ESPN BET,fixed,5
OTT,2024-03-27T23:00Z,401560375,BUF,2023,Ottawa Senators,6,Buffalo Sabres,2,120,,,-140,,,False,DraftKings,11,,3,REG,-198,164,-1.5,Final,,,100,195,ESPN BET,fixed,5
BOS,2024-03-27T23:30Z,401560376,TB,2023,Boston Bruins,1,Tampa Bay Lightning,3,100,,,-120,,,False,DraftKings,11,,3,REG,-258,210,-1.5,Final,,,125,160,ESPN BET,fixed,5
WSH,2024-03-28T23:00Z,401560377,TOR,2023,Washington Capitals,1,Toronto Maple Leafs,5,155,,,-180,,,False,DraftKings,11,,3,REG,-155,130,-1.5,Final,,,-120,235,ESPN BET,fixed,5
PHI,2024-03-28T23:00Z,401560378,MTL,2023,Philadelphia Flyers,1,Montreal Canadiens,4,-165,,,140,,,False,DraftKings,11,,3,REG,150,-180,1.5,Final,,,200,100,ESPN BET,fixed,6
CHI,2024-03-28T23:00Z,401560379,OTT,2023,Chicago Blackhawks,0,Ottawa Senators,2,150,,,-175,,,False,DraftKings,11,,3,REG,-162,136,-1.5,Final,,,-115,230,ESPN BET,fixed,6
NYI,2024-03-28T23:00Z,401560380,FLA,2023,New York Islanders,3,Florida Panthers,2,160,,,-190,,,False,DraftKings,11,,3,REG,-155,130,-1.5,Final,,,-120,230,ESPN BET,fixed,6
CBJ,2024-03-28T23:00Z,401560381,PIT,2023,Columbus Blue Jackets,2,Pittsburgh Penguins,3,200,,,-240,,,False,DraftKings,11,,3,REG,-122,102,-1.5,Final,,,-150,285,ESPN BET,fixed,5
DET,2024-03-28T23:30Z,401560382,CAR,2023,Detroit Red Wings,0,Carolina Hurricanes,4,220,,,-265,,,False,DraftKings,11,,3,REG,-112,-108,-1.5,Final,,,-160,310,ESPN BET,fixed,6
CGY,2024-03-29T00:00Z,401560383,STL,2023,Calgary Flames,3,St. Louis Blues,5,105,,,-125,,,False,DraftKings,11,,3,REG,-245,200,-1.5,Final,,,120,160,ESPN BET,fixed,5
SJ,2024-03-29T00:00Z,401560384,MIN,2023,San Jose Sharks,1,Minnesota Wild,3,300,,,-375,,,False,DraftKings,11,,3,REG,120,-142,-1.5,Final,,,-220,400,ESPN BET,fixed,6
VGK,2024-03-29T00:00Z,401560385,WPG,2023,Vegas Golden Knights,4,Winnipeg Jets,1,100,,,-120,,,False,DraftKings,11,,3,REG,-250,205,-1.5,Final,,,120,165,ESPN BET,fixed,5
NYR,2024-03-29T01:00Z,401560386,COL,2023,New York Rangers,3,Colorado Avalanche,2,125,,,-145,,,False,DraftKings,11,,5,SO,-205,170,-1.5,Final/SO,,,100,190,ESPN BET,fixed,5
LA,2024-03-29T01:00Z,401560387,EDM,2023,Los Angeles Kings,1,Edmonton Oilers,4,140,,,-165,,,False,DraftKings,11,,3,REG,-185,154,-1.5,Final,,,-105,200,ESPN BET,fixed,6
DAL,2024-03-29T02:00Z,401560388,VAN,2023,Dallas Stars,3,Vancouver Canucks,1,-125,,,105,,,False,DraftKings,11,,3,REG,190,-230,1.5,Final,,,155,125,ESPN BET,fixed,5
NSH,2024-03-29T02:00Z,401560389,ARI,2023,Nashville Predators,4,Arizona Coyotes,8,-155,,,130,,,False,DraftKings,11,,3,REG,154,-185,1.5,Final,,,195,105,ESPN BET,fixed,5
ANA,2024-03-29T02:00Z,401560390,SEA,2023,Anaheim Ducks,2,Seattle Kraken,4,180,,,-220,,,False,DraftKings,11,,3,REG,-142,120,-1.5,Final,,,-130,255,ESPN BET,fixed,6
NJ,2024-03-29T23:00Z,401560391,BUF,2023,New Jersey Devils,2,Buffalo Sabres,5,-140,,,120,,,False,DraftKings,11,,3,REG,170,-205,1.5,Final,,,160,120,ESPN BET,fixed,5
DET,2024-03-30T16:30Z,401560392,FLA,2023,Detroit Red Wings,2,Florida Panthers,3,190,,,-225,,,False,DraftKings,11,,5,SO,-125,105,-1.5,Final/SO,,,-150,300,ESPN BET,fixed,5
VGK,2024-03-30T19:30Z,401560393,MIN,2023,Vegas Golden Knights,2,Minnesota Wild,1,-115,,,-105,,,False,DraftKings,11,,4,OT,205,-250,1.5,Final/OT,,,165,120,ESPN BET,fixed,5
ANA,2024-03-30T20:00Z,401560394,EDM,2023,Anaheim Ducks,1,Edmonton Oilers,6,420,,,-550,,,False,DraftKings,11,,3,REG,164,-198,-1.5,Final,,,-310,600,ESPN BET,fixed,5
NSH,2024-03-30T22:00Z,401560395,COL,2023,Nashville Predators,4,Colorado Avalanche,7,155,,,-185,,,False,DraftKings,11,,3,REG,-166,140,-1.5,Final,,,-110,215,ESPN BET,fixed,5
NYR,2024-03-30T22:00Z,401560396,ARI,2023,New York Rangers,8,Arizona Coyotes,5,-190,,,160,,,False,DraftKings,11,,3,REG,136,-162,1.5,Final,,,220,-115,ESPN BET,fixed,5
TOR,2024-03-30T23:00Z,401560397,BUF,2023,Toronto Maple Leafs,3,Buffalo Sabres,0,-150,,,130,,,False,DraftKings,11,,3,REG,154,-185,1.5,Final,,,175,105,ESPN BET,fixed,5
CAR,2024-03-30T23:00Z,401560398,MTL,2023,Carolina Hurricanes,3,Montreal Canadiens,0,-280,,,230,,,False,DraftKings,11,,3,REG,-105,-115,1.5,Final,,,300,-160,ESPN BET,fixed,5
NYI,2024-03-30T23:00Z,401560399,TB,2023,New York Islanders,1,Tampa Bay Lightning,4,125,,,-145,,,False,DraftKings,11,,3,REG,-192,160,-1.5,Final,,,-105,205,ESPN BET,fixed,6
CHI,2024-03-30T23:00Z,401560400,PHI,2023,Chicago Blackhawks,5,Philadelphia Flyers,1,250,,,-310,,,False,DraftKings,11,,3,REG,100,-120,-1.5,Final,,,-180,340,ESPN BET,fixed,5
BOS,2024-03-30T23:00Z,401560401,WSH,2023,Boston Bruins,3,Washington Capitals,2,-165,,,140,,,False,DraftKings,11,,5,SO,154,-185,1.5,Final/SO,,,215,-105,ESPN BET,fixed,6
PIT,2024-03-30T23:00Z,401560402,CBJ,2023,Pittsburgh Penguins,3,Columbus Blue Jackets,4,-175,,,150,,,False,DraftKings,11,,5,SO,136,-162,1.5,Final/SO,,,190,100,ESPN BET,fixed,6
OTT,2024-03-30T23:00Z,401560403,WPG,2023,Ottawa Senators,3,Winnipeg Jets,2,175,,,-205,,,False,DraftKings,11,,3,REG,-148,124,-1.5,Final,,,-120,240,ESPN BET,fixed,6
SJ,2024-03-31T00:00Z,401560404,STL,2023,San Jose Sharks,4,St. Louis Blues,0,290,,,-375,,,False,DraftKings,11,,3,REG,110,-130,-1.5,Final,,,-200,380,ESPN BET,fixed,6
LA,2024-03-31T02:00Z,401560405,CGY,2023,Los Angeles Kings,2,Calgary Flames,4,-160,,,135,,,False,DraftKings,11,,3,REG,160,-192,1.5,Final,,,220,-105,ESPN BET,fixed,6
DAL,2024-03-31T02:00Z,401560406,SEA,2023,Dallas Stars,3,Seattle Kraken,0,-160,,,135,,,False,DraftKings,11,,3,REG,145,-175,1.5,Final,,,220,-110,ESPN BET,fixed,6
ANA,2024-03-31T19:30Z,401560407,VAN,2023,Anaheim Ducks,2,Vancouver Canucks,3,400,,,-525,,,False,ESPN BET,10,110,3,REG,-125,105,-2.5,Final,6.5,-130,-525,400,ESPN BET,fixed,5
FLA,2024-04-01T23:00Z,401560408,TOR,2023,Florida Panthers,4,Toronto Maple Leafs,6,-135,,,115,,,False,DraftKings,11,,3,REG,185,-225,1.5,Final,,,160,120,ESPN BET,fixed,5
DET,2024-04-01T23:00Z,401560409,TB,2023,Detroit Red Wings,4,Tampa Bay Lightning,2,150,,,-180,,,False,DraftKings,11,,3,REG,-155,130,-1.5,Final,,,-120,235,ESPN BET,fixed,6
PIT,2024-04-01T23:00Z,401560410,NYR,2023,Pittsburgh Penguins,5,New York Rangers,2,165,,,-195,,,False,DraftKings,11,,3,REG,-155,130,-1.5,Final,,,-120,230,ESPN BET,fixed,5
NYI,2024-04-01T23:00Z,401560411,PHI,2023,New York Islanders,4,Philadelphia Flyers,3,105,,,-125,,,False,DraftKings,11,,4,OT,-245,200,-1.5,Final/OT,,,120,160,ESPN BET,fixed,6
COL,2024-04-01T23:00Z,401560412,CBJ,2023,Colorado Avalanche,1,Columbus Blue Jackets,4,-350,,,280,,,False,DraftKings,11,,3,REG,-135,114,1.5,Final,,,380,-210,ESPN BET,fixed,6
EDM,2024-04-02T01:00Z,401560413,STL,2023,Edmonton Oilers,2,St. Louis Blues,3,-210,,,175,,,False,DraftKings,11,,4,OT,120,-142,1.5,Final/OT,,,235,-120,ESPN BET,fixed,6
LA,2024-04-02T01:00Z,401560414,WPG,2023,Los Angeles Kings,3,Winnipeg Jets,4,100,,,-120,,,False,DraftKings,11,,3,REG,-250,205,-1.5,Final,,,120,165,ESPN BET,fixed,6
SEA,2024-04-02T02:30Z,401560415,SJ,2023,Seattle Kraken,4,San Jose Sharks,2,-220,,,185,,,False,DraftKings,11,,3,REG,114,-135,1.5,Final,,,285,-145,ESPN BET,fixed,5
WSH,2024-04-02T23:00Z,401560416,BUF,2023,Washington Capitals,2,Buffalo Sabres,6,115,,,-135,,,False,DraftKings,11,,3,REG,-218,180,-1.5,Final,,,105,180,ESPN BET,fixed,6
FLA,2024-04-02T23:00Z,401560417,MTL,2023,Florida Panthers,3,Montreal Canadiens,5,-180,,,155,,,False,DraftKings,11,,3,REG,140,-166,1.5,Final,,,240,-120,ESPN BET,fixed,5
PIT,2024-04-02T23:00Z,401560418,NJ,2023,Pittsburgh Penguins,6,New Jersey Devils,3,140,,,-165,,,False,DraftKings,11,,3,REG,-175,145,-1.5,Final,,,-110,210,ESPN BET,fixed,6
CHI,2024-04-02T23:30Z,401560419,NYI,2023,Chicago Blackhawks,1,New York Islanders,2,200,,,-240,,,False,DraftKings,11,,3,REG,-122,102,-1.5,Final,,,-145,290,ESPN BET,fixed,6
BOS,2024-04-03T00:00Z,401560420,NSH,2023,Boston Bruins,3,Nashville Predators,0,-110,,,-110,,,False,DraftKings,11,,3,REG,215,-265,1.5,Final,,,155,130,ESPN BET,fixed,5
OTT,2024-04-03T00:00Z,401560421,MIN,2023,Ottawa Senators,2,Minnesota Wild,3,115,,,-135,,,False,DraftKings,11,105,3,REG,-205,170,-1.5,Final,7.5,-135,105,190,ESPN BET,fixed,5
ANA,2024-04-03T01:00Z,401560422,CGY,2023,Anaheim Ducks,5,Calgary Flames,3,200,,,-240,,,False,DraftKings,11,,3,REG,-125,105,-1.5,Final,,,-150,295,ESPN BET,fixed,5
VAN,2024-04-03T02:00Z,401560423,VGK,2023,Vancouver Canucks,3,Vegas Golden Knights,6,110,,,-130,,,False,DraftKings,11,,3,REG,-230,190,-1.5,Final,,,110,180,ESPN BET,fixed,5
TB,2024-04-03T23:00Z,401560424,TOR,2023,Tampa Bay Lightning,4,Toronto Maple Leafs,1,-110,,,-110,,,False,DraftKings,11,,3,REG,-250,205,-1.5,Final,,,120,165,ESPN BET,fixed,5
NJ,2024-04-03T23:00Z,401560425,NYR,2023,New Jersey Devils,3,New York Rangers,4,175,,,-210,,,False,DraftKings,11,,3,REG,-142,120,-1.5,Final,,,-135,265,ESPN BET,fixed,5
EDM,2024-04-04T01:30Z,401560426,DAL,2023,Edmonton Oilers,0,Dallas Stars,5,105,,,-125,,,False,DraftKings,11,,3,REG,-230,190,-1.5,Final,,,115,165,ESPN BET,fixed,6
SEA,2024-04-04T01:30Z,401560428,LA,2023,Seattle Kraken,2,Los Angeles Kings,5,155,,,-185,,,False,DraftKings,11,,3,REG,-166,140,-1.5,Final,,,-115,230,ESPN BET,fixed,5
VAN,2024-04-04T02:00Z,401560427,ARI,2023,Vancouver Canucks,2,Arizona Coyotes,1,-145,,,125,,,False,DraftKings,11,,3,REG,164,-198,1.5,Final,,,175,110,ESPN BET,fixed,5
TB,2024-04-04T23:00Z,401560429,MTL,2023,Tampa Bay Lightning,7,Montreal Canadiens,4,-150,,,130,,,False,DraftKings,11,,3,REG,154,-185,1.5,Final,,,175,105,ESPN BET,fixed,6
FLA,2024-04-04T23:00Z,401560430,OTT,2023,Florida Panthers,6,Ottawa Senators,0,-160,,,135,,,False,DraftKings,11,,3,REG,150,-180,1.5,Final,,,180,110,ESPN BET,fixed,6
PIT,2024-04-04T23:00Z,401560431,WSH,2023,Pittsburgh Penguins,4,Washington Capitals,1,-115,,,-105,,,False,DraftKings,11,,3,REG,215,-265,1.5,Final,,,150,130,ESPN BET,fixed,6
BOS,2024-04-04T23:00Z,401560432,CAR,2023,Boston Bruins,4,Carolina Hurricanes,1,140,,,-160,,,False,DraftKings,11,,3,REG,-198,164,-1.5,Final,,,100,200,ESPN BET,fixed,5
NYI,2024-04-04T23:00Z,401560433,CBJ,2023,New York Islanders,4,Columbus Blue Jackets,2,-200,,,170,,,False,DraftKings,11,,3,REG,120,-142,1.5,Final,,,245,-125,ESPN BET,fixed,5
STL,2024-04-05T00:00Z,401560434,NSH,2023,St. Louis Blues,3,Nashville Predators,6,160,,,-190,,,False,DraftKings,11,,3,REG,-155,130,-1.5,Final,,,-135,275,ESPN BET,fixed,6
COL,2024-04-05T00:00Z,401560435,MIN,2023,Colorado Avalanche,5,Minnesota Wild,2,-165,,,140,,,False,DraftKings,11,,3,REG,145,-175,1.5,Final,,,190,100,ESPN BET,fixed,6
CGY,2024-04-05T00:00Z,401560436,WPG,2023,Calgary Flames,2,Winnipeg Jets,5,170,,,-210,,,False,DraftKings,10,,3,REG,-148,124,-1.5,Final,,,-120,235,MGM,fixed,4
LA,2024-04-05T02:30Z,401560437,SJ,2023,Los Angeles Kings,2,San Jose Sharks,1,-300,,,245,,,False,DraftKings,11,,3,REG,-122,102,1.5,Final,,,370,-190,ESPN BET,fixed,5
PHI,2024-04-05T23:00Z,401560438,BUF,2023,Philadelphia Flyers,2,Buffalo Sabres,4,-105,,,-115,,,False,DraftKings,11,,3,REG,-250,205,-1.5,Final,,,120,160,ESPN BET,fixed,5
NYR,2024-04-05T23:00Z,401560439,DET,2023,New York Rangers,4,Detroit Red Wings,3,-125,,,105,,,False,DraftKings,11,,3,REG,185,-225,1.5,Final,,,170,110,ESPN BET,fixed,5
WSH,2024-04-05T23:00Z,401560440,CAR,2023,Washington Capitals,2,Carolina Hurricanes,4,220,,,-270,,,False,DraftKings,11,,3,REG,-118,-102,-1.5,Final,,,-155,310,ESPN BET,fixed,5
COL,2024-04-06T01:00Z,401560441,EDM,2023,Colorado Avalanche,2,Edmonton Oilers,6,120,,,-140,,,False,DraftKings,11,,3,REG,-205,170,-1.5,Final,,,110,170,ESPN BET,fixed,5
VGK,2024-04-06T02:00Z,401560442,ARI,2023,Vegas Golden Knights,4,Arizona Coyotes,7,-185,,,155,,,False,DraftKings,11,,3,REG,130,-155,1.5,Final,,,205,-105,ESPN BET,fixed,5
SEA,2024-04-06T02:00Z,401560443,ANA,2023,Seattle Kraken,3,Anaheim Ducks,1,-170,,,145,,,False,DraftKings,11,,3,REG,142,-170,1.5,Final,,,240,-120,ESPN BET,fixed,6
TB,2024-04-06T17:00Z,401560444,PIT,2023,Tampa Bay Lightning,4,Pittsburgh Penguins,5,-115,,,-105,,,False,DraftKings,11,,3,REG,210,-258,1.5,Final,,,145,130,ESPN BET,fixed,6
FLA,2024-04-06T19:30Z,401560445,BOS,2023,Florida Panthers,2,Boston Bruins,3,100,,,-120,,,False,DraftKings,11,,4,OT,-245,200,-1.5,Final/OT,,,125,160,ESPN BET,fixed,5
DAL,2024-04-06T19:30Z,401560447,CHI,2023,Dallas Stars,2,Chicago Blackhawks,3,-350,,,280,,,False,DraftKings,11,,3,REG,-130,110,1.5,Final,,,390,-210,ESPN BET,fixed,6
WPG,2024-04-06T20:00Z,401560446,MIN,2023,Winnipeg Jets,4,Minnesota Wild,2,-140,,,120,,,False,DraftKings,11,,3,REG,185,-225,1.5,Final,,,180,110,ESPN BET,fixed,6
STL,2024-04-06T22:00Z,401560448,SJ,2023,St. Louis Blues,2,San Jose Sharks,3,-230,,,195,,,False,DraftKings,11,,4,OT,114,-135,1.5,Final/OT,,,260,-130,ESPN BET,fixed,6
TOR,2024-04-06T23:00Z,401560449,MTL,2023,Toronto Maple Leafs,4,Montreal Canadiens,2,-210,,,175,,,False,DraftKings,11,,3,REG,124,-148,1.5,Final,,,235,-125,ESPN BET,fixed,6
NJ,2024-04-06T23:00Z,401560450,OTT,2023,New Jersey Devils,4,Ottawa Senators,3,-135,,,115,,,False,DraftKings,11,,3,REG,180,-218,1.5,Final,,,165,115,ESPN BET,fixed,6
PHI,2024-04-06T23:00Z,401560451,CBJ,2023,Philadelphia Flyers,2,Columbus Blue Jackets,6,-175,,,150,,,False,DraftKings,11,,3,REG,142,-170,1.5,Final,,,195,100,ESPN BET,fixed,6
NSH,2024-04-06T23:30Z,401560452,NYI,2023,Nashville Predators,0,New York Islanders,2,-110,,,-110,,,False,DraftKings,11,,3,REG,-278,225,-1.5,Final,,,130,145,ESPN BET,fixed,6
EDM,2024-04-07T02:00Z,401560453,CGY,2023,Edmonton Oilers,4,Calgary Flames,2,-175,,,145,,,False,DraftKings,11,,3,REG,142,-170,1.5,Final,,,195,100,ESPN BET,fixed,6
VAN,2024-04-07T02:00Z,401560454,LA,2023,Vancouver Canucks,3,Los Angeles Kings,6,100,,,-120,,,False,DraftKings,11,,3,REG,-258,210,-1.5,Final,,,130,155,ESPN BET,fixed,6
BUF,2024-04-07T17:00Z,401560455,DET,2023,Buffalo Sabres,1,Detroit Red Wings,3,105,,,-125,,,False,DraftKings,11,,3,REG,-230,190,-1.5,Final,,,110,175,ESPN BET,fixed,5
MIN,2024-04-07T19:30Z,401560456,CHI,2023,Minnesota Wild,4,Chicago Blackhawks,0,-210,,,175,,,False,DraftKings,11,-130,3,REG,120,-143,1.5,Final,5.5,110,260,-130,ESPN BET,fixed,6
CBJ,2024-04-07T21:00Z,401560457,CAR,2023,Columbus Blue Jackets,0,Carolina Hurricanes,3,450,,,-600,,,False,DraftKings,11,105,3,REG,164,-200,-1.5,Final,6.5,-125,-303,600,ESPN BET,fixed,5
OTT,2024-04-07T22:00Z,401560458,WSH,2023,Ottawa Senators,3,Washington Capitals,2,120,,,-140,,,False,DraftKings,11,-115,4,OT,-205,170,-1.5,Final/OT,6.0,-105,100,190,ESPN BET,fixed,6
ARI,2024-04-07T22:00Z,401560459,SJ,2023,Arizona Coyotes,5,San Jose Sharks,2,-225,,,190,,,False,DraftKings,11,,3,REG,114,-135,1.5,Final,,,270,-135,ESPN BET,fixed,6
NSH,2024-04-07T23:00Z,401560460,NJ,2023,Nashville Predators,3,New Jersey Devils,2,-130,,,110,,,False,DraftKings,11,-105,5,SO,195,-238,1.5,Final/SO,6.5,-115,150,125,ESPN BET,fixed,5
MTL,2024-04-07T23:00Z,401560461,NYR,2023,Montreal Canadiens,2,New York Rangers,5,300,,,-375,,,False,DraftKings,11,-115,3,REG,120,-143,-1.5,Final,6.0,-105,-227,425,ESPN BET,fixed,5
STL,2024-04-08T00:00Z,401560462,ANA,2023,St. Louis Blues,6,Anaheim Ducks,5,-150,,,130,,,False,DraftKings,11,-122,5,SO,154,-185,1.5,Final/SO,5.5,102,215,-110,ESPN BET,fixed,5
DAL,2024-04-08T02:00Z,401560463,COL,2023,Dallas Stars,7,Colorado Avalanche,4,110,,,-130,,,False,DraftKings,11,,3,REG,-230,190,-1.5,Final,,,115,165,ESPN BET,fixed,6
PIT,2024-04-08T23:00Z,401560464,TOR,2023,Pittsburgh Penguins,2,Toronto Maple Leafs,3,120,,,-140,,,False,DraftKings,11,-108,4,OT,-205,170,-1.5,Final/OT,6.5,-112,120,165,ESPN BET,fixed,4
VGK,2024-04-09T02:00Z,401560465,VAN,2023,Vegas Golden Knights,3,Vancouver Canucks,4,100,,,-120,,,False,DraftKings,11,-112,3,REG,-245,200,-1.5,Final,6.0,-108,120,160,ESPN BET,fixed,4
CAR,2024-04-09T23:00Z,401560466,BOS,2023,Carolina Hurricanes,4,Boston Bruins,1,-125,,,100,,,False,DraftKings,11,-108,3,REG,-290,235,-1.5,Final,5.5,-112,145,135,ESPN BET,fixed,4
PHI,2024-04-09T23:00Z,401560467,MTL,2023,Philadelphia Flyers,3,Montreal Canadiens,9,-140,,,120,,,False,DraftKings,11,-110,3,REG,170,-205,1.5,Final,6.0,-110,180,105,ESPN BET,fixed,4
WSH,2024-04-09T23:00Z,401560468,DET,2023,Washington Capitals,2,Detroit Red Wings,1,135,,,-155,,,False,DraftKings,11,-122,3,REG,-185,154,-1.5,Final,6.0,102,100,195,ESPN BET,fixed,4
CBJ,2024-04-09T23:00Z,401560469,TB,2023,Columbus Blue Jackets,2,Tampa Bay Lightning,5,290,,,-365,,,False,DraftKings,11,-125,3,REG,114,-135,-1.5,Final,6.5,105,-210,380,ESPN BET,fixed,4
OTT,2024-04-09T23:00Z,401560470,FLA,2023,Ottawa Senators,0,Florida Panthers,2,200,,,-240,,,False,DraftKings,11,110,3,REG,-115,-105,-1.5,Final,6.5,-130,-159,310,ESPN BET,fixed,4
TOR,2024-04-09T23:00Z,401560471,NJ,2023,Toronto Maple Leafs,5,New Jersey Devils,2,-135,,,115,,,False,DraftKings,11,-110,3,REG,170,-205,1.5,Final,6.5,-110,170,115,ESPN BET,fixed,4
NYR,2024-04-09T23:00Z,401560472,NYI,2023,New York Rangers,2,New York Islanders,4,-120,,,100,,,False,DraftKings,11,-118,3,REG,205,-250,1.5,Final,5.5,-102,165,120,ESPN BET,fixed,4
WPG,2024-04-10T00:00Z,401560473,NSH,2023,Winnipeg Jets,4,Nashville Predators,3,-105,,,-115,,,False,DraftKings,11,-122,4,OT,-270,220,-1.5,Final/OT,5.5,102,130,150,ESPN BET,fixed,4
BUF,2024-04-10T00:00Z,401560474,DAL,2023,Buffalo Sabres,2,Dallas Stars,3,195,,,-230,,,False,DraftKings,11,-122,3,REG,-135,114,-1.5,Final,6.0,102,-140,280,ESPN BET,fixed,4
MIN,2024-04-10T01:30Z,401560475,COL,2023,Minnesota Wild,2,Colorado Avalanche,5,165,,,-195,,,False,DraftKings,11,-115,3,REG,-148,124,-1.5,Final,6.5,-105,-125,245,ESPN BET,fixed,4
LA,2024-04-10T02:00Z,401560476,ANA,2023,Los Angeles Kings,1,Anaheim Ducks,3,-303,,,240,,,False,DraftKings,10,-118,3,REG,-110,-110,1.5,Final,5.5,-102,340,-175,MGM,fixed,3
ARI,2024-04-10T02:00Z,401560477,SEA,2023,Arizona Coyotes,0,Seattle Kraken,5,120,,,-140,,,False,DraftKings,10,-108,3,REG,-200,164,-1.5,Final,6.0,-112,100,195,MGM,fixed,3
CGY,2024-04-10T02:30Z,401560478,SJ,2023,Calgary Flames,3,San Jose Sharks,2,-220,,,185,,,False,DraftKings,11,-118,4,OT,114,-135,1.5,Final/OT,6.0,-102,270,-140,ESPN BET,fixed,4
CHI,2024-04-11T00:00Z,401560479,STL,2023,Chicago Blackhawks,2,St. Louis Blues,5,200,,,-240,,,False,DraftKings,11,-115,3,REG,-125,105,-1.5,Final,5.5,-105,-150,280,ESPN BET,fixed,4
VGK,2024-04-11T00:30Z,401560480,EDM,2023,Vegas Golden Knights,1,Edmonton Oilers,5,-110,,,-110,,,False,DraftKings,11,-120,3,REG,-258,210,-1.5,Final,6.0,100,125,155,ESPN BET,fixed,4
ARI,2024-04-11T02:30Z,401560481,VAN,2023,Arizona Coyotes,4,Vancouver Canucks,3,230,,,-280,,,False,DraftKings,11,-122,4,OT,-105,-115,-1.5,Final/OT,6.0,102,-165,320,ESPN BET,fixed,4
WSH,2024-04-11T23:00Z,401560482,BUF,2023,Washington Capitals,2,Buffalo Sabres,4,115,,,-135,,,False,DraftKings,11,105,3,REG,-227,190,-1.5,Final,6.0,-125,115,170,ESPN BET,fixed,4
NJ,2024-04-11T23:00Z,401560483,TOR,2023,New Jersey Devils,6,Toronto Maple Leafs,5,170,,,-200,,,False,DraftKings,11,-115,3,REG,-143,120,-1.5,Final,6.5,-105,-140,275,ESPN BET,fixed,4
OTT,2024-04-11T23:00Z,401560484,TB,2023,Ottawa Senators,3,Tampa Bay Lightning,2,140,,,-165,,,False,DraftKings,11,-125,5,SO,-167,140,-1.5,Final/SO,6.5,105,-110,220,ESPN BET,fixed,4
CBJ,2024-04-11T23:00Z,401560485,FLA,2023,Columbus Blue Jackets,0,Florida Panthers,4,325,,,-415,,,False,DraftKings,11,102,3,REG,114,-135,-1.5,Final,6.5,-122,-227,425,ESPN BET,fixed,4
PHI,2024-04-11T23:00Z,401560486,NYR,2023,Philadelphia Flyers,4,New York Rangers,1,170,,,-200,,,False,DraftKings,11,-122,3,REG,-143,120,-1.5,Final,6.0,102,-135,265,ESPN BET,fixed,4
DET,2024-04-11T23:00Z,401560487,PIT,2023,Detroit Red Wings,5,Pittsburgh Penguins,6,135,,,-160,,,False,DraftKings,11,-125,4,OT,-185,154,-1.5,Final/OT,6.0,105,-105,210,ESPN BET,fixed,4
MTL,2024-04-11T23:30Z,401560488,NYI,2023,Montreal Canadiens,2,New York Islanders,3,195,,,-230,,,False,DraftKings,11,-110,4,OT,-135,114,-1.5,Final/OT,6.0,-110,-135,260,ESPN BET,fixed,4
WPG,2024-04-12T00:00Z,401560489,DAL,2023,Winnipeg Jets,3,Dallas Stars,0,160,,,-190,,,False,DraftKings,11,-105,3,REG,-170,142,-1.5,Final,6.0,-115,-115,220,ESPN BET,fixed,4
SJ,2024-04-12T02:00Z,401560490,SEA,2023,San Jose Sharks,3,Seattle Kraken,1,220,,,-270,,,False,DraftKings,11,-122,3,REG,-105,-115,-1.5,Final,5.5,102,-170,320,ESPN BET,fixed,4
CGY,2024-04-12T02:30Z,401560491,LA,2023,Calgary Flames,1,Los Angeles Kings,4,165,,,-195,,,False,DraftKings,11,102,3,REG,-161,136,-1.5,Final,6.0,-122,-125,240,ESPN BET,fixed,4
CAR,2024-04-13T00:00Z,401560492,STL,2023,Carolina Hurricanes,5,St. Louis Blues,2,-240,,,195,,,False,DraftKings,11,105,3,REG,114,-135,1.5,Final,6.0,-125,260,-130,ESPN BET,fixed,4
NSH,2024-04-13T00:30Z,401560493,CHI,2023,Nashville Predators,5,Chicago Blackhawks,1,-250,,,210,,,False,DraftKings,11,-130,3,REG,102,-122,1.5,Final,6.0,110,285,-150,ESPN BET,fixed,4
ARI,2024-04-13T01:00Z,401560494,EDM,2023,Arizona Coyotes,3,Edmonton Oilers,2,220,,,-270,,,False,DraftKings,11,-112,4,OT,-108,-112,-1.5,Final/OT,6.5,-108,-170,320,ESPN BET,fixed,4
MIN,2024-04-13T02:00Z,401560495,VGK,2023,Minnesota Wild,2,Vegas Golden Knights,7,150,,,-175,,,False,DraftKings,11,-105,3,REG,-170,142,-1.5,Final,6.0,-115,-120,235,ESPN BET,fixed,4
CGY,2024-04-13T02:00Z,401560496,ANA,2023,Calgary Flames,6,Anaheim Ducks,3,-140,,,120,,,False,DraftKings,11,-115,3,REG,170,-205,1.5,Final,6.0,-105,185,105,ESPN BET,fixed,4
NYI,2024-04-13T16:30Z,401560497,NYR,2023,New York Islanders,2,New York Rangers,3,145,,,-170,,,False,DraftKings,11,-122,5,SO,-180,150,-1.5,Final/SO,5.5,102,-115,225,ESPN BET,fixed,4
SEA,2024-04-13T19:00Z,401560498,DAL,2023,Seattle Kraken,1,Dallas Stars,3,200,,,-240,,,False,DraftKings,11,102,3,REG,-125,105,-1.5,Final,6.0,-122,-145,285,ESPN BET,fixed,4
WPG,2024-04-13T20:00Z,401560499,COL,2023,Winnipeg Jets,7,Colorado Avalanche,0,130,,,-150,,,False,DraftKings,11,-102,3,REG,-192,160,-1.5,Final,6.5,-118,100,200,ESPN BET,fixed,4
BUF,2024-04-13T21:00Z,401560500,FLA,2023,Buffalo Sabres,2,Florida Panthers,3,180,,,-215,,,False,DraftKings,11,-115,4,OT,-143,120,-1.5,Final/OT,5.5,-105,-135,255,ESPN BET,fixed,4
NJ,2024-04-13T21:00Z,401560501,PHI,2023,New Jersey Devils,0,Philadelphia Flyers,1,110,,,-130,,,False,DraftKings,11,-105,3,REG,-227,190,-1.5,Final,6.5,-115,115,165,ESPN BET,fixed,4
TB,2024-04-13T21:30Z,401560502,WSH,2023,Tampa Bay Lightning,2,Washington Capitals,4,-140,,,120,,,False,DraftKings,11,-118,3,REG,170,-205,1.5,Final,6.0,-102,175,110,ESPN BET,fixed,4
DET,2024-04-13T23:00Z,401560503,TOR,2023,Detroit Red Wings,5,Toronto Maple Leafs,4,145,,,-170,,,False,DraftKings,11,-125,4,OT,-167,140,-1.5,Final/OT,6.5,105,-115,230,ESPN BET,fixed,4
MTL,2024-04-13T23:00Z,401560504,OTT,2023,Montreal Canadiens,4,Ottawa Senators,5,140,,,-165,,,False,DraftKings,11,-112,5,SO,-180,150,-1.5,Final/SO,6.0,-108,-105,205,ESPN BET,fixed,4
BOS,2024-04-14T00:00Z,401560505,PIT,2023,Boston Bruins,6,Pittsburgh Penguins,4,-130,,,110,,,False,DraftKings,11,105,3,REG,190,-227,1.5,Final,6.0,-125,165,120,ESPN BET,fixed,4
CBJ,2024-04-14T00:00Z,401560506,NSH,2023,Columbus Blue Jackets,4,Nashville Predators,6,240,,,-300,,,False,DraftKings,11,102,3,REG,-105,-115,-1.5,Final,6.5,-122,-165,320,ESPN BET,fixed,4
VAN,2024-04-14T02:00Z,401560507,EDM,2023,Vancouver Canucks,3,Edmonton Oilers,1,-105,,,-115,,,False,DraftKings,11,-125,3,REG,-250,205,-1.5,Final,6.0,105,120,160,ESPN BET,fixed,4
ANA,2024-04-14T02:30Z,401560508,LA,2023,Anaheim Ducks,1,Los Angeles Kings,3,320,,,-400,,,False,DraftKings,11,-130,3,REG,120,-143,-1.5,Final,5.5,110,-227,425,ESPN BET,fixed,4
MIN,2024-04-14T02:30Z,401560509,SJ,2023,Minnesota Wild,6,San Jose Sharks,2,-220,,,180,,,False,DraftKings,11,-105,3,REG,120,-143,1.5,Final,6.0,-115,280,-140,ESPN BET,fixed,4
SEA,2024-04-14T17:00Z,401560510,STL,2023,Seattle Kraken,1,St. Louis Blues,4,110,,,-130,,,False,DraftKings,11,-122,3,REG,-227,185,-1.5,Final,5.5,102,105,185,ESPN BET,fixed,4
COL,2024-04-14T19:30Z,401560511,VGK,2023,Colorado Avalanche,3,Vegas Golden Knights,4,-105,,,-115,,,False,DraftKings,11,-122,4,OT,-265,215,-1.5,Final/OT,6.5,102,125,155,ESPN BET,fixed,4
CAR,2024-04-14T22:00Z,401560512,CHI,2023,Carolina Hurricanes,4,Chicago Blackhawks,2,-400,,,315,,,False,DraftKings,11,-130,3,REG,-148,124,1.5,Final,5.5,110,450,-227,ESPN BET,fixed,4
ARI,2024-04-15T00:00Z,401560513,CGY,2023,Arizona Coyotes,5,Calgary Flames,6,110,,,-130,,,False,DraftKings,11,-130,3,REG,-227,185,-1.5,Final,6.0,110,100,195,ESPN BET,fixed,4
MTL,2024-04-15T23:00Z,401560514,DET,2023,Montreal Canadiens,4,Detroit Red Wings,5,200,,,-240,,,False,DraftKings,11,-105,4,OT,-130,110,-1.5,Final/OT,6.5,-115,-140,275,ESPN BET,fixed,4
BUF,2024-04-15T23:00Z,401560515,TB,2023,Buffalo Sabres,4,Tampa Bay Lightning,2,145,,,-170,,,False,DraftKings,11,-118,3,REG,-170,142,-1.5,Final,6.0,-102,-115,220,ESPN BET,fixed,4
NYI,2024-04-15T23:00Z,401560516,NJ,2023,New York Islanders,4,New Jersey Devils,1,-125,,,105,,,False,DraftKings,11,-105,3,REG,210,-258,1.5,Final,6.0,-115,150,130,ESPN BET,fixed,4
NSH,2024-04-15T23:00Z,401560517,PIT,2023,Nashville Predators,2,Pittsburgh Penguins,4,-105,,,-115,,,False,DraftKings,11,-115,3,REG,-250,205,-1.5,Final,6.0,-105,120,160,ESPN BET,fixed,4
BOS,2024-04-15T23:00Z,401560518,WSH,2023,Boston Bruins,0,Washington Capitals,2,-155,,,135,,,False,DraftKings,11,-110,3,REG,170,-205,1.5,Final,5.5,-110,205,100,ESPN BET,fixed,4
OTT,2024-04-15T23:30Z,401560519,NYR,2023,Ottawa Senators,0,New York Rangers,4,195,,,-230,,,False,DraftKings,11,-125,3,REG,-130,110,-1.5,Final,6.0,105,-145,285,ESPN BET,fixed,4
SJ,2024-04-16T01:30Z,401560520,EDM,2023,San Jose Sharks,2,Edmonton Oilers,9,425,,,-565,,,False,DraftKings,11,-125,3,REG,164,-200,-1.5,Final,6.0,105,-310,550,ESPN BET,fixed,4
MIN,2024-04-16T01:30Z,401560521,LA,2023,Minnesota Wild,3,Los Angeles Kings,1,135,,,-160,,,False,DraftKings,11,-125,3,REG,-180,150,-1.5,Final,5.5,105,-110,215,ESPN BET,fixed,4
OTT,2024-04-16T23:00Z,401560522,BOS,2023,Ottawa Senators,3,Boston Bruins,1,185,,,-225,,,False,DraftKings,11,102,3,REG,-130,110,-1.5,Final,6.0,-122,-135,270,ESPN BET,fixed,4
DET,2024-04-16T23:00Z,401560523,MTL,2023,Detroit Red Wings,5,Montreal Canadiens,4,-215,,,180,,,False,DraftKings,11,-105,5,SO,124,-148,1.5,Final/SO,6.5,-115,250,-135,ESPN BET,fixed,4
WSH,2024-04-16T23:00Z,401560525,PHI,2023,Washington Capitals,2,Philadelphia Flyers,1,110,,,-130,,,False,DraftKings,11,-122,3,REG,-218,180,-1.5,Final,5.5,102,105,105,ESPN BET,fixed,4
CAR,2024-04-16T23:00Z,401560526,CBJ,2023,Carolina Hurricanes,3,Columbus Blue Jackets,6,-150,,,125,,,False,DraftKings,11,-110,3,REG,164,-200,1.5,Final,6.0,-110,195,100,ESPN BET,fixed,4
TOR,2024-04-16T23:30Z,401560524,FLA,2023,Toronto Maple Leafs,2,Florida Panthers,5,135,,,-160,,,False,DraftKings,11,-122,3,REG,-180,150,-1.5,Final,6.0,102,-105,205,ESPN BET,fixed,4
SEA,2024-04-17T00:00Z,401560527,WPG,2023,Seattle Kraken,3,Winnipeg Jets,4,195,,,-230,,,False,DraftKings,11,-105,3,REG,-143,120,-1.5,Final,5.5,-115,-135,260,ESPN BET,fixed,4
CHI,2024-04-17T02:00Z,401560528,VGK,2023,Chicago Blackhawks,1,Vegas Golden Knights,3,325,,,-410,,,False,DraftKings,11,-110,3,REG,130,-155,-1.5,Final,6.0,-110,-245,475,ESPN BET,fixed,4
CGY,2024-04-17T02:00Z,401560529,VAN,2023,Calgary Flames,1,Vancouver Canucks,4,175,,,-210,,,False,DraftKings,11,-122,3,REG,-135,114,-1.5,Final,6.0,102,-135,260,ESPN BET,fixed,4
TOR,2024-04-17T23:00Z,401560530,TB,2023,Toronto Maple Leafs,4,Tampa Bay Lightning,6,100,,,-120,,,False,DraftKings,11,-135,3,REG,-227,185,-1.5,Final,6.5,114,110,175,ESPN BET,fixed,4
PIT,2024-04-17T23:00Z,401560531,NYI,2023,Pittsburgh Penguins,4,New York Islanders,5,-135,,,115,,,False,DraftKings,11,-112,3,REG,190,-227,1.5,Final,6.0,-108,165,120,ESPN BET,fixed,4
STL,2024-04-18T01:30Z,401560532,DAL,2023,St. Louis Blues,1,Dallas Stars,2,225,,,-275,,,False,DraftKings,11,-122,5,SO,-115,-105,-1.5,Final/SO,6.0,102,-155,300,ESPN BET,fixed,4
EDM,2024-04-18T02:00Z,401560533,ARI,2023,Edmonton Oilers,2,Arizona Coyotes,5,-170,,,145,,,False,DraftKings,11,-130,3,REG,150,-180,1.5,Final,6.5,110,180,100,ESPN BET,fixed,4
SEA,2024-04-18T23:00Z,401560534,MIN,2023,Seattle Kraken,4,Minnesota Wild,3,145,,,-170,,,False,DraftKings,11,-108,3,REG,-161,136,-1.5,Final,6.0,-112,-120,230,ESPN BET,fixed,4
VAN,2024-04-19T00:00Z,401560535,WPG,2023,Vancouver Canucks,2,Winnipeg Jets,4,-130,,,110,,,False,DraftKings,11,-118,3,REG,205,-250,1.5,Final,5.5,-102,165,120,ESPN BET,fixed,4
SJ,2024-04-19T01:00Z,401560536,CGY,2023,San Jose Sharks,1,Calgary Flames,5,240,,,-290,,,False,DraftKings,11,-122,3,REG,-105,-115,-1.5,Final,6.5,102,-175,330,ESPN BET,fixed,4
EDM,2024-04-19T01:30Z,401560537,COL,2023,Edmonton Oilers,1,Colorado Avalanche,5,205,,,-250,,,False,DraftKings,11,-130,3,REG,-112,-108,-1.5,Final,6.5,110,-170,310,ESPN BET,fixed,4
ANA,2024-04-19T02:00Z,401560538,VGK,2023,Anaheim Ducks,4,Vegas Golden Knights,1,315,,,-400,,,False,DraftKings,11,-143,3,REG,130,-155,-1.5,Final,6.0,120,-245,450,ESPN BET,fixed,4
CHI,2024-04-19T02:30Z,401560539,LA,2023,Chicago Blackhawks,4,Los Angeles Kings,5,315,,,-400,,,False,DraftKings,11,102,4,OT,130,-155,-1.5,Final/OT,6.0,-122,-250,475,ESPN BET,fixed,4
