away,date_utc,espn_id,home,season,away_name,away_score,home_name,home_score,ml_away,ml_away_close,ml_away_open,ml_home,ml_home_close,ml_home_open,neutral,odds_provider,odds_providers_n,over_price,periods,result_type,sp_price_away,sp_price_home,spread_home,status_detail,total,under_price
NJ,2024-10-04T17:00Z,401687600,BUF,2024,New Jersey Devils,4,Buffalo Sabres,1,-150,-150,-145,130,130,125,True,ESPN BET,1,105,3,REG,165,-200,1.5,Final,6.5,-125
BUF,2024-10-05T14:00Z,401687601,NJ,2024,Buffalo Sabres,1,New Jersey Devils,3,120,120,135,-140,-140,-155,True,ESPN BET,1,-105,3,REG,-200,165,-1.5,Final,6.5,-115
STL,2024-10-08T20:30Z,401687602,SEA,2024,St. Louis Blues,3,Seattle Kraken,2,135,135,115,-155,-155,-135,False,ESPN BET,1,-130,3,REG,-215,170,-1.5,Final,5.5,110
BOS,2024-10-08T23:00Z,401687603,FLA,2024,Boston Bruins,4,Florida Panthers,6,135,135,130,-155,-155,-150,False,ESPN BET,1,-125,3,REG,-200,165,-1.5,Final,5.5,105
CHI,2024-10-09T02:00Z,401687604,UTAH,2024,Chicago Blackhawks,2,Utah Hockey Club,5,155,160,150,-185,-190,-175,False,ESPN BET,1,100,3,REG,-180,150,-1.5,Final,6.5,-120
TOR,2024-10-09T23:00Z,401687605,MTL,2024,Toronto Maple Leafs,0,Montreal Canadiens,1,-195,-195,-170,165,165,145,False,ESPN BET,1,-110,3,REG,135,-160,1.5,Final,6.5,-110
NYR,2024-10-09T23:30Z,401687606,PIT,2024,New York Rangers,6,Pittsburgh Penguins,0,-145,-145,-120,125,125,100,False,ESPN BET,1,105,3,REG,175,-225,1.5,Final,6.5,-125
WPG,2024-10-10T02:00Z,401687607,EDM,2024,Winnipeg Jets,6,Edmonton Oilers,0,155,155,150,-185,-185,-175,False,ESPN BET,1,110,3,REG,-180,150,-1.5,Final,6.5,-130
CGY,2024-10-10T02:00Z,401687608,VAN,2024,Calgary Flames,6,Vancouver Canucks,5,165,165,170,-195,-195,-200,False,ESPN BET,1,105,4,OT,-165,140,-1.5,Final/OT,6.5,-125
COL,2024-10-10T02:00Z,401687609,VGK,2024,Colorado Avalanche,4,Vegas Golden Knights,8,-105,-105,-105,-115,-115,-115,False,ESPN BET,1,100,3,REG,-300,210,-1.5,Final,6.5,-120
MTL,2024-10-10T23:00Z,401687610,BOS,2024,Montreal Canadiens,4,Boston Bruins,6,280,290,195,-350,-360,-230,False,ESPN BET,1,-145,3,REG,-105,-115,-1.5,Final,5.5,120
LA,2024-10-10T23:00Z,401687611,BUF,2024,Los Angeles Kings,3,Buffalo Sabres,1,-105,-105,-125,-115,-115,105,False,ESPN BET,1,110,3,REG,-300,210,-1.5,Final,6.5,-130
FLA,2024-10-10T23:00Z,401687612,OTT,2024,Florida Panthers,1,Ottawa Senators,3,-130,-135,-135,110,115,115,False,ESPN BET,1,105,3,REG,185,-250,1.5,Final,6.5,-125
TOR,2024-10-10T23:00Z,401687614,NJ,2024,Toronto Maple Leafs,4,New Jersey Devils,2,125,125,110,-145,-145,-130,False,ESPN BET,1,-115,3,REG,-215,170,-1.5,Final,6.5,-105
UTAH,2024-10-10T23:30Z,401687615,NYI,2024,Utah Hockey Club,5,New York Islanders,4,115,115,130,-135,-135,-150,False,ESPN BET,1,-130,4,OT,-235,180,-1.5,Final/OT,5.5,110
PIT,2024-10-11T00:00Z,401687613,DET,2024,Pittsburgh Penguins,6,Detroit Red Wings,3,125,125,110,-145,-145,-130,False,ESPN BET,1,-125,3,REG,-190,160,-1.5,Final,6.5,105
DAL,2024-10-11T00:00Z,401687616,NSH,2024,Dallas Stars,4,Nashville Predators,3,-130,-130,-115,110,110,-105,False,ESPN BET,1,-105,3,REG,175,-225,1.5,Final,6.5,-115
CBJ,2024-10-11T00:00Z,401687617,MIN,2024,Columbus Blue Jackets,2,Minnesota Wild,3,225,225,195,-275,-275,-230,False,ESPN BET,1,-105,3,REG,-110,-110,-1.5,Final,6.5,-115
STL,2024-10-11T02:30Z,401687618,SJ,2024,St. Louis Blues,5,San Jose Sharks,4,-175,-175,-165,150,150,140,False,ESPN BET,1,-135,4,OT,145,-175,1.5,Final/OT,5.5,115
TB,2024-10-11T23:00Z,401687619,CAR,2024,Tampa Bay Lightning,4,Carolina Hurricanes,1,130,130,115,-150,-150,-135,False,ESPN BET,1,105,3,REG,-200,165,-1.5,Final,6.5,-125
CHI,2024-10-12T00:00Z,401687620,WPG,2024,Chicago Blackhawks,1,Winnipeg Jets,2,220,220,200,-270,-270,-240,False,ESPN BET,1,115,4,OT,-115,-105,-1.5,Final/OT,6.5,-135
PHI,2024-10-12T02:00Z,401687621,VAN,2024,Philadelphia Flyers,3,Vancouver Canucks,2,170,170,135,-200,-200,-155,False,ESPN BET,1,-135,5,SO,-155,130,-1.5,Final/SO,5.5,115
STL,2024-10-12T02:00Z,401687622,VGK,2024,St. Louis Blues,3,Vegas Golden Knights,4,195,195,160,-230,-230,-190,False,ESPN BET,1,-135,3,REG,-150,125,-1.5,Final,5.5,115
LA,2024-10-12T17:00Z,401687623,BOS,2024,Los Angeles Kings,1,Boston Bruins,2,135,135,125,-155,-155,-145,False,ESPN BET,1,-130,4,OT,-190,160,-1.5,Final/OT,5.5,110
FLA,2024-10-12T23:00Z,401687624,BUF,2024,Florida Panthers,2,Buffalo Sabres,5,-115,-115,-135,-105,-105,115,False,ESPN BET,1,-125,3,REG,210,-300,1.5,Final,5.5,105
PIT,2024-10-12T23:00Z,401687625,TOR,2024,Pittsburgh Penguins,2,Toronto Maple Leafs,4,160,160,160,-190,-190,-190,False,ESPN BET,1,-125,3,REG,-160,135,-1.5,Final,6.5,105
OTT,2024-10-12T23:00Z,401687626,MTL,2024,Ottawa Senators,1,Montreal Canadiens,4,-155,-155,-135,135,135,115,False,ESPN BET,1,100,3,REG,170,-215,1.5,Final,6.5,-120
NSH,2024-10-12T23:00Z,401687627,DET,2024,Nashville Predators,0,Detroit Red Wings,3,-150,-150,-125,130,130,105,False,ESPN BET,1,-110,3,REG,175,-225,1.5,Final,6.5,-110
UTAH,2024-10-12T23:00Z,401687629,NYR,2024,Utah Hockey Club,6,New York Rangers,5,175,175,175,-210,-210,-210,False,ESPN BET,1,-135,4,OT,-145,120,-1.5,Final/OT,5.5,115
NJ,2024-10-12T23:00Z,401687630,WSH,2024,New Jersey Devils,5,Washington Capitals,3,-135,-135,-145,115,115,125,False,ESPN BET,1,-135,3,REG,180,-235,1.5,Final,5.5,115
NYI,2024-10-13T00:00Z,401687631,DAL,2024,New York Islanders,0,Dallas Stars,3,160,150,140,-190,-175,-165,False,ESPN BET,1,-120,3,REG,-165,140,-1.5,Final,5.5,100
SEA,2024-10-13T00:00Z,401687632,MIN,2024,Seattle Kraken,5,Minnesota Wild,4,115,115,120,-135,-135,-140,False,ESPN BET,1,-125,5,SO,-235,180,-1.5,Final/SO,5.5,105
CBJ,2024-10-13T01:00Z,401687633,COL,2024,Columbus Blue Jackets,6,Colorado Avalanche,4,290,280,270,-360,-350,-340,False,ESPN BET,1,-115,3,REG,110,-130,-1.5,Final,6.5,-105
PHI,2024-10-13T02:00Z,401687634,CGY,2024,Philadelphia Flyers,3,Calgary Flames,6,115,115,110,-135,-135,-130,False,ESPN BET,1,100,3,REG,-225,175,-1.5,Final,6.5,-120
CHI,2024-10-13T02:00Z,401687635,EDM,2024,Chicago Blackhawks,5,Edmonton Oilers,2,280,280,280,-350,-350,-350,False,ESPN BET,1,-110,3,REG,120,-145,-1.5,Final,6.5,-110
ANA,2024-10-13T02:00Z,401687636,SJ,2024,Anaheim Ducks,2,San Jose Sharks,0,-135,-135,-130,115,115,110,False,ESPN BET,1,105,3,REG,185,-250,1.5,Final,6.5,-125
MIN,2024-10-13T22:00Z,401687637,WPG,2024,Minnesota Wild,1,Winnipeg Jets,2,140,140,140,-165,-165,-165,False,ESPN BET,1,-115,4,OT,-180,150,-1.5,Final/OT,5.5,-105
SEA,2024-10-14T00:00Z,401687638,DAL,2024,Seattle Kraken,0,Dallas Stars,2,155,155,170,-185,-185,-200,False,ESPN BET,1,115,3,REG,-175,145,-1.5,Final,6.5,-135
CGY,2024-10-14T00:00Z,401687639,EDM,2024,Calgary Flames,4,Edmonton Oilers,1,210,210,220,-250,-250,-270,False,ESPN BET,1,-145,3,REG,-130,110,-1.5,Final,6.5,120
ANA,2024-10-14T02:00Z,401687640,VGK,2024,Anaheim Ducks,1,Vegas Golden Knights,3,250,250,230,-300,-300,-280,False,ESPN BET,1,-105,3,REG,-105,-115,-1.5,Final,6.5,-115
FLA,2024-10-14T17:00Z,401687641,BOS,2024,Florida Panthers,4,Boston Bruins,3,110,110,100,-130,-130,-120,False,ESPN BET,1,-105,3,REG,-250,185,-1.5,Final,5.5,-115
LA,2024-10-14T17:00Z,401687642,OTT,2024,Los Angeles Kings,7,Ottawa Senators,8,-105,-105,105,-115,-115,-125,False,ESPN BET,1,-135,4,OT,-275,200,-1.5,Final/OT,5.5,115
UTAH,2024-10-14T17:00Z,401687643,NJ,2024,Utah Hockey Club,0,New Jersey Devils,3,125,125,150,-145,-145,-175,False,ESPN BET,1,-115,3,REG,-190,160,-1.5,Final,6.5,-105
DET,2024-10-14T23:00Z,401687644,NYR,2024,Detroit Red Wings,1,New York Rangers,4,200,200,160,-240,-240,-190,False,ESPN BET,1,100,3,REG,-130,110,-1.5,Final,6.5,-120
PIT,2024-10-14T23:30Z,401687645,MTL,2024,Pittsburgh Penguins,6,Montreal Canadiens,3,-145,-145,-125,125,125,105,False,ESPN BET,1,105,3,REG,170,-215,1.5,Final,6.5,-125
NYI,2024-10-15T01:00Z,401687646,COL,2024,New York Islanders,6,Colorado Avalanche,2,135,135,145,-155,-155,-170,False,ESPN BET,1,-105,3,REG,-180,150,-1.5,Final,6.5,-115
VAN,2024-10-15T23:00Z,401687647,TB,2024,Vancouver Canucks,1,Tampa Bay Lightning,4,110,110,110,-130,-130,-130,False,ESPN BET,1,105,3,REG,-250,185,-1.5,Final,6.5,-125
VGK,2024-10-15T23:00Z,401687648,WSH,2024,Vegas Golden Knights,2,Washington Capitals,4,-130,-130,-130,110,110,110,False,ESPN BET,1,-130,3,REG,180,-235,1.5,Final,5.5,110
NJ,2024-10-15T23:00Z,401687649,CAR,2024,New Jersey Devils,2,Carolina Hurricanes,4,140,140,120,-165,-165,-140,False,ESPN BET,1,110,3,REG,-180,150,-1.5,Final,6.5,-130
FLA,2024-10-15T23:00Z,401687650,CBJ,2024,Florida Panthers,4,Columbus Blue Jackets,3,-140,-140,-165,120,120,140,False,ESPN BET,1,110,3,REG,165,-200,1.5,Final,6.5,-130
MIN,2024-10-15T23:30Z,401687651,STL,2024,Minnesota Wild,4,St. Louis Blues,1,-125,-125,-120,105,105,100,False,ESPN BET,1,-125,3,REG,190,-265,1.5,Final,5.5,105
SEA,2024-10-16T00:00Z,401687652,NSH,2024,Seattle Kraken,7,Nashville Predators,3,160,160,160,-190,-190,-190,False,ESPN BET,1,-125,3,REG,-160,135,-1.5,Final,5.5,105
SJ,2024-10-16T00:00Z,401687653,DAL,2024,San Jose Sharks,2,Dallas Stars,3,300,300,230,-380,-380,-280,False,ESPN BET,1,-130,5,SO,110,-130,-1.5,Final/SO,5.5,110
CHI,2024-10-16T01:00Z,401687654,CGY,2024,Chicago Blackhawks,1,Calgary Flames,3,130,130,150,-150,-150,-175,False,ESPN BET,1,105,3,REG,-190,160,-1.5,Final,6.5,-125
PHI,2024-10-16T02:00Z,401687655,EDM,2024,Philadelphia Flyers,3,Edmonton Oilers,4,175,175,190,-210,-210,-225,False,ESPN BET,1,-105,4,OT,-145,120,-1.5,Final/OT,6.5,-115
BUF,2024-10-16T23:00Z,401687656,PIT,2024,Buffalo Sabres,5,Pittsburgh Penguins,6,100,100,110,-120,-120,-130,False,ESPN BET,1,100,4,OT,-300,210,-1.5,Final/OT,6.5,-120
LA,2024-10-16T23:30Z,401687657,TOR,2024,Los Angeles Kings,2,Toronto Maple Leafs,6,165,165,145,-200,-200,-170,False,ESPN BET,1,110,3,REG,-150,125,-1.5,Final,6.5,-130
BOS,2024-10-17T01:30Z,401687658,COL,2024,Boston Bruins,5,Colorado Avalanche,3,120,120,100,-140,-140,-120,False,ESPN BET,1,-135,3,REG,-225,175,-1.5,Final,6.5,115
UTAH,2024-10-17T02:00Z,401687659,ANA,2024,Utah Hockey Club,4,Anaheim Ducks,5,-165,-165,-130,140,140,110,False,ESPN BET,1,110,4,OT,165,-200,1.5,Final/OT,6.5,-130
LA,2024-10-17T23:00Z,401687660,MTL,2024,Los Angeles Kings,4,Montreal Canadiens,1,-135,-135,-120,115,115,100,False,ESPN BET,1,-130,3,REG,180,-235,1.5,Final,5.5,110
NJ,2024-10-17T23:00Z,401687661,OTT,2024,New Jersey Devils,3,Ottawa Senators,1,-140,-140,-120,120,120,100,False,ESPN BET,1,-105,3,REG,170,-215,1.5,Final,6.5,-115
VGK,2024-10-17T23:00Z,401687663,TB,2024,Vegas Golden Knights,3,Tampa Bay Lightning,4,130,130,115,-150,-150,-135,False,ESPN BET,1,110,3,REG,-215,170,-1.5,Final,6.5,-130
VAN,2024-10-17T23:00Z,401687664,FLA,2024,Vancouver Canucks,3,Florida Panthers,2,-115,-115,100,-105,-105,-120,False,ESPN BET,1,-105,4,OT,210,-300,1.5,Final/OT,5.5,-115
DAL,2024-10-17T23:00Z,401687665,WSH,2024,Dallas Stars,2,Washington Capitals,3,-155,-155,-145,135,135,125,False,ESPN BET,1,-125,3,REG,165,-200,1.5,Final,5.5,105
BUF,2024-10-17T23:00Z,401687666,CBJ,2024,Buffalo Sabres,4,Columbus Blue Jackets,6,-140,-140,-125,120,120,105,False,ESPN BET,1,100,3,REG,175,-225,1.5,Final,6.5,-120
NYR,2024-10-17T23:30Z,401687662,DET,2024,New York Rangers,5,Detroit Red Wings,2,-145,-145,-145,125,125,125,False,ESPN BET,1,-110,3,REG,165,-200,1.5,Final,6.5,-110
NYI,2024-10-18T00:00Z,401687667,STL,2024,New York Islanders,0,St. Louis Blues,1,-145,-145,-135,125,125,115,False,ESPN BET,1,-125,4,OT,180,-235,1.5,Final/OT,5.5,105
EDM,2024-10-18T00:00Z,401687668,NSH,2024,Edmonton Oilers,4,Nashville Predators,2,-130,-130,-120,110,110,100,False,ESPN BET,1,-135,3,REG,175,-225,1.5,Final,6.5,115
SJ,2024-10-18T00:30Z,401687669,CHI,2024,San Jose Sharks,2,Chicago Blackhawks,4,155,155,150,-185,-185,-175,False,ESPN BET,1,120,3,REG,-155,130,-1.5,Final,6.5,-145
PHI,2024-10-18T02:00Z,401687670,SEA,2024,Philadelphia Flyers,4,Seattle Kraken,6,110,110,115,-130,-130,-135,False,ESPN BET,1,115,3,REG,-225,175,-1.5,Final,6.5,-135
CAR,2024-10-18T23:00Z,401687671,PIT,2024,Carolina Hurricanes,4,Pittsburgh Penguins,1,-170,-170,-145,145,145,125,False,ESPN BET,1,-105,3,REG,150,-180,1.5,Final,6.5,-115
SJ,2024-10-19T00:00Z,401687672,WPG,2024,San Jose Sharks,3,Winnipeg Jets,8,320,320,290,-400,-400,-360,False,ESPN BET,1,-130,3,REG,125,-150,-1.5,Final,5.5,110
ANA,2024-10-19T01:00Z,401687673,COL,2024,Anaheim Ducks,3,Colorado Avalanche,4,220,220,200,-270,-270,-240,False,ESPN BET,1,-130,4,OT,-105,-115,-1.5,Final/OT,6.5,110
TB,2024-10-19T17:00Z,401687674,OTT,2024,Tampa Bay Lightning,4,Ottawa Senators,5,-145,-145,-125,125,125,105,False,ESPN BET,1,-115,3,REG,170,-215,1.5,Final,6.5,-105
DET,2024-10-19T18:00Z,401687675,NSH,2024,Detroit Red Wings,5,Nashville Predators,2,170,170,150,-200,-200,-175,False,ESPN BET,1,-120,3,REG,-150,125,-1.5,Final,6.5,100
EDM,2024-10-19T20:00Z,401687676,DAL,2024,Edmonton Oilers,1,Dallas Stars,4,-120,-120,105,100,100,-125,False,ESPN BET,1,105,3,REG,190,-265,1.5,Final,6.5,-125
VGK,2024-10-19T22:00Z,401687677,FLA,2024,Vegas Golden Knights,3,Florida Panthers,4,105,105,-110,-125,-125,-110,False,ESPN BET,1,-115,4,OT,-250,185,-1.5,Final/OT,5.5,-105
NYR,2024-10-19T23:00Z,401687678,TOR,2024,New York Rangers,4,Toronto Maple Leafs,1,105,105,110,-125,-125,-130,False,ESPN BET,1,-105,3,REG,-250,185,-1.5,Final,6.5,-115
WSH,2024-10-19T23:00Z,401687679,NJ,2024,Washington Capitals,6,New Jersey Devils,5,145,145,155,-175,-175,-185,False,ESPN BET,1,110,4,OT,-160,135,-1.5,Final/OT,6.5,-130
MTL,2024-10-19T23:00Z,401687680,NYI,2024,Montreal Canadiens,3,New York Islanders,4,195,195,180,-230,-230,-215,False,ESPN BET,1,110,5,SO,-135,115,-1.5,Final/SO,6.5,-130
VAN,2024-10-19T23:00Z,401687681,PHI,2024,Vancouver Canucks,3,Philadelphia Flyers,0,-145,-145,-140,125,125,120,False,ESPN BET,1,110,3,REG,165,-200,1.5,Final,6.5,-130
MIN,2024-10-19T23:00Z,401687682,CBJ,2024,Minnesota Wild,3,Columbus Blue Jackets,1,-185,-185,-175,155,155,150,False,ESPN BET,1,105,3,REG,135,-160,1.5,Final,6.5,-125
CAR,2024-10-19T23:00Z,401687683,STL,2024,Carolina Hurricanes,3,St. Louis Blues,4,-170,-170,-140,145,145,120,False,ESPN BET,1,-135,3,REG,150,-180,1.5,Final,5.5,115
BUF,2024-10-20T00:00Z,401687684,CHI,2024,Buffalo Sabres,4,Chicago Blackhawks,2,-145,-145,-130,125,125,110,False,ESPN BET,1,115,3,REG,170,-215,1.5,Final,6.5,-135
BOS,2024-10-20T01:00Z,401687685,UTAH,2024,Boston Bruins,1,Utah Hockey Club,2,-140,-140,-135,120,120,115,False,ESPN BET,1,115,4,OT,185,-250,1.5,Final/OT,6.5,-135
CGY,2024-10-20T02:00Z,401687686,SEA,2024,Calgary Flames,1,Seattle Kraken,2,125,125,120,-145,-145,-140,False,ESPN BET,1,110,4,OT,-215,170,-1.5,Final/OT,6.5,-130
PIT,2024-10-20T19:00Z,401687687,WPG,2024,Pittsburgh Penguins,3,Winnipeg Jets,6,110,110,140,-130,-130,-165,False,ESPN BET,1,-105,3,REG,-250,185,-1.5,Final,6.5,-115
COL,2024-10-21T00:00Z,401687688,SJ,2024,Colorado Avalanche,4,San Jose Sharks,1,-280,-280,-270,230,230,220,False,ESPN BET,1,-110,3,REG,-115,-105,1.5,Final,6.5,-110
LA,2024-10-21T00:00Z,401687689,ANA,2024,Los Angeles Kings,4,Anaheim Ducks,1,-185,-185,-175,155,155,150,False,ESPN BET,1,105,3,REG,135,-160,1.5,Final,6.5,-125
TB,2024-10-21T23:30Z,401687690,TOR,2024,Tampa Bay Lightning,2,Toronto Maple Leafs,5,115,115,120,-135,-135,-140,False,ESPN BET,1,-110,3,REG,-225,175,-1.5,Final,6.5,-110
WSH,2024-10-22T22:00Z,401687691,PHI,2024,Washington Capitals,4,Philadelphia Flyers,1,125,125,100,-145,-145,-120,False,ESPN BET,1,-125,3,REG,-215,170,-1.5,Final,5.5,105
MIN,2024-10-22T22:30Z,401687692,FLA,2024,Minnesota Wild,5,Florida Panthers,1,135,135,130,-155,-155,-150,False,ESPN BET,1,-110,3,REG,-215,170,-1.5,Final,5.5,-110
TB,2024-10-22T22:45Z,401687693,NJ,2024,Tampa Bay Lightning,8,New Jersey Devils,5,130,130,140,-150,-150,-165,False,ESPN BET,1,-145,3,REG,-175,145,-1.5,Final,6.5,120
DAL,2024-10-22T23:00Z,401687694,BUF,2024,Dallas Stars,2,Buffalo Sabres,4,-150,-150,-150,130,130,130,False,ESPN BET,1,-130,3,REG,165,-200,1.5,Final,5.5,110
NYR,2024-10-22T23:15Z,401687695,MTL,2024,New York Rangers,7,Montreal Canadiens,2,-240,-240,-200,200,200,170,False,ESPN BET,1,110,3,REG,105,-125,1.5,Final,6.5,-130
TOR,2024-10-22T23:30Z,401687696,CBJ,2024,Toronto Maple Leafs,2,Columbus Blue Jackets,6,-200,-200,-225,170,170,190,False,ESPN BET,1,-110,3,REG,120,-145,1.5,Final,6.5,-110
DET,2024-10-22T23:45Z,401687697,NYI,2024,Detroit Red Wings,1,New York Islanders,0,145,145,130,-170,-170,-150,False,ESPN BET,1,115,3,REG,-175,145,-1.5,Final,6.5,-135
WPG,2024-10-23T00:00Z,401687698,STL,2024,Winnipeg Jets,3,St. Louis Blues,2,-140,-140,-140,120,120,120,False,ESPN BET,1,-120,3,REG,175,-225,1.5,Final,5.5,100
VAN,2024-10-23T00:15Z,401687699,CHI,2024,Vancouver Canucks,6,Chicago Blackhawks,3,-185,-185,-170,155,155,145,False,ESPN BET,1,-125,3,REG,140,-165,1.5,Final,5.5,105
COL,2024-10-23T00:30Z,401687705,SEA,2024,Colorado Avalanche,3,Seattle Kraken,2,-125,-125,-125,105,105,105,False,ESPN BET,1,105,3,REG,180,-235,1.5,Final,6.5,-125
BOS,2024-10-23T00:45Z,401687700,NSH,2024,Boston Bruins,0,Nashville Predators,4,120,120,105,-140,-140,-125,False,ESPN BET,1,-135,3,REG,-225,175,-1.5,Final,5.5,115
CAR,2024-10-23T01:00Z,401687702,EDM,2024,Carolina Hurricanes,3,Edmonton Oilers,2,-105,-105,115,-115,-115,-135,False,ESPN BET,1,100,4,OT,-235,180,-1.5,Final/OT,6.5,-120
OTT,2024-10-23T01:15Z,401687703,UTAH,2024,Ottawa Senators,4,Utah Hockey Club,0,-110,-110,-105,-110,-110,-115,False,ESPN BET,1,-105,3,REG,-325,220,-1.5,Final,6.5,-115
PIT,2024-10-23T01:30Z,401687701,CGY,2024,Pittsburgh Penguins,3,Calgary Flames,4,100,100,100,-120,-120,-120,False,ESPN BET,1,-105,5,SO,-265,190,-1.5,Final/SO,6.5,-115
SJ,2024-10-23T02:15Z,401687704,ANA,2024,San Jose Sharks,1,Anaheim Ducks,3,135,135,155,-155,-155,-185,False,ESPN BET,1,-130,3,REG,-190,160,-1.5,Final,5.5,110
LA,2024-10-23T03:00Z,401687706,VGK,2024,Los Angeles Kings,1,Vegas Golden Knights,6,105,105,125,-125,-125,-145,False,ESPN BET,1,-125,3,REG,-265,190,-1.5,Final,5.5,105
PHI,2024-10-23T23:30Z,401687707,WSH,2024,Philadelphia Flyers,3,Washington Capitals,6,125,125,115,-145,-145,-135,False,ESPN BET,1,110,3,REG,-200,165,-1.5,Final,6.5,-130
DAL,2024-10-24T23:00Z,401687708,BOS,2024,Dallas Stars,5,Boston Bruins,2,105,105,-120,-125,-125,100,False,ESPN BET,1,-120,3,REG,-300,210,-1.5,Final,5.5,100
STL,2024-10-24T23:00Z,401687709,TOR,2024,St. Louis Blues,5,Toronto Maple Leafs,1,200,200,190,-240,-240,-225,False,ESPN BET,1,110,3,REG,-130,110,-1.5,Final,6.5,-130
NJ,2024-10-24T23:00Z,401687710,DET,2024,New Jersey Devils,3,Detroit Red Wings,5,-175,-175,-150,150,150,130,False,ESPN BET,1,-115,3,REG,135,-160,1.5,Final,6.5,-105
MIN,2024-10-24T23:00Z,401687711,TB,2024,Minnesota Wild,4,Tampa Bay Lightning,2,145,145,125,-170,-170,-145,False,ESPN BET,1,105,3,REG,-175,145,-1.5,Final,6.5,-125
FLA,2024-10-24T23:00Z,401687712,NYR,2024,Florida Panthers,3,New York Rangers,1,130,130,130,-150,-150,-150,False,ESPN BET,1,-125,3,REG,-200,165,-1.5,Final,5.5,105
CAR,2024-10-25T01:00Z,401687713,CGY,2024,Carolina Hurricanes,4,Calgary Flames,2,-195,-195,-165,165,165,140,False,ESPN BET,1,100,3,REG,130,-155,1.5,Final,6.5,-120
COL,2024-10-25T01:00Z,401687714,UTAH,2024,Colorado Avalanche,5,Utah Hockey Club,1,-150,-150,-135,130,130,115,False,ESPN BET,1,-105,3,REG,160,-190,1.5,Final,6.5,-115
WPG,2024-10-25T02:00Z,401687715,SEA,2024,Winnipeg Jets,4,Seattle Kraken,3,-130,-130,-130,110,110,110,False,ESPN BET,1,-120,4,OT,185,-250,1.5,Final/OT,5.5,100
SJ,2024-10-25T02:30Z,401687716,LA,2024,San Jose Sharks,2,Los Angeles Kings,3,260,260,250,-320,-320,-300,False,ESPN BET,1,-135,3,REG,100,-120,-1.5,Final,5.5,115
OTT,2024-10-25T22:00Z,401687717,VGK,2024,Ottawa Senators,4,Vegas Golden Knights,6,105,105,130,-125,-125,-150,False,ESPN BET,1,100,3,REG,-225,175,-1.5,Final,6.5,-120
NYI,2024-10-25T23:00Z,401687718,NJ,2024,New York Islanders,4,New Jersey Devils,3,100,100,120,-120,-120,-140,False,ESPN BET,1,105,4,OT,-265,190,-1.5,Final/OT,6.5,-125
NSH,2024-10-26T00:30Z,401687719,CHI,2024,Nashville Predators,3,Chicago Blackhawks,2,-185,-185,-185,155,155,155,False,ESPN BET,1,110,3,REG,145,-175,1.5,Final,6.5,-130
PIT,2024-10-26T01:00Z,401687720,EDM,2024,Pittsburgh Penguins,0,Edmonton Oilers,4,195,195,175,-230,-230,-210,False,ESPN BET,1,-155,3,REG,-125,105,-1.5,Final,6.5,125
DET,2024-10-26T17:00Z,401687721,BUF,2024,Detroit Red Wings,3,Buffalo Sabres,5,125,125,120,-145,-145,-140,False,ESPN BET,1,-105,3,REG,-235,180,-1.5,Final,6.5,-115
MIN,2024-10-26T17:00Z,401687722,PHI,2024,Minnesota Wild,5,Philadelphia Flyers,7,-130,-130,-135,110,110,115,False,ESPN BET,1,-120,3,REG,185,-250,1.5,Final,5.5,100
UTAH,2024-10-26T20:00Z,401687723,LA,2024,Utah Hockey Club,2,Los Angeles Kings,3,125,125,130,-145,-145,-150,False,ESPN BET,1,-125,3,REG,-225,175,-1.5,Final,5.5,105
TOR,2024-10-26T23:00Z,401687724,BOS,2024,Toronto Maple Leafs,3,Boston Bruins,4,-120,-120,-105,100,100,-115,False,ESPN BET,1,-130,4,OT,200,-275,1.5,Final/OT,5.5,110
STL,2024-10-26T23:00Z,401687725,MTL,2024,St. Louis Blues,2,Montreal Canadiens,5,-130,-130,-125,110,110,105,False,ESPN BET,1,-135,3,REG,175,-225,1.5,Final,5.5,115
WSH,2024-10-26T23:00Z,401687726,TB,2024,Washington Capitals,0,Tampa Bay Lightning,3,140,140,140,-165,-165,-165,False,ESPN BET,1,-110,3,REG,-180,150,-1.5,Final,6.5,-110
ANA,2024-10-26T23:00Z,401687727,NYR,2024,Anaheim Ducks,1,New York Rangers,2,260,260,225,-320,-320,-275,False,ESPN BET,1,100,3,REG,100,-120,-1.5,Final,6.5,-120
WPG,2024-10-26T23:00Z,401687728,CGY,2024,Winnipeg Jets,5,Calgary Flames,3,-120,-120,-140,100,100,120,False,ESPN BET,1,-105,3,REG,180,-235,1.5,Final,6.5,-115
FLA,2024-10-26T23:30Z,401687729,NYI,2024,Florida Panthers,6,New York Islanders,3,-140,-140,-135,120,120,115,False,ESPN BET,1,-130,3,REG,170,-215,1.5,Final,5.5,110
CBJ,2024-10-27T00:00Z,401687730,NSH,2024,Columbus Blue Jackets,3,Nashville Predators,4,165,165,200,-195,-195,-240,False,ESPN BET,1,-115,4,OT,-145,120,-1.5,Final/OT,6.5,-105
CHI,2024-10-27T00:00Z,401687731,DAL,2024,Chicago Blackhawks,2,Dallas Stars,4,280,280,280,-360,-360,-360,False,ESPN BET,1,115,3,REG,110,-130,-1.5,Final,6.5,-135
PIT,2024-10-27T02:00Z,401687732,VAN,2024,Pittsburgh Penguins,3,Vancouver Canucks,4,175,175,155,-210,-210,-185,False,ESPN BET,1,-115,3,REG,-145,120,-1.5,Final,6.5,-105
SJ,2024-10-27T02:00Z,401687733,VGK,2024,San Jose Sharks,3,Vegas Golden Knights,7,260,260,280,-320,-320,-360,False,ESPN BET,1,-135,3,REG,100,-120,-1.5,Final,5.5,115
CAR,2024-10-27T02:00Z,401687734,SEA,2024,Carolina Hurricanes,4,Seattle Kraken,1,-190,-190,-150,160,160,130,False,ESPN BET,1,-125,3,REG,135,-160,1.5,Final,5.5,105
EDM,2024-10-27T22:00Z,401687735,DET,2024,Edmonton Oilers,3,Detroit Red Wings,2,-280,-280,-185,230,230,155,False,ESPN BET,1,-135,4,OT,-110,-110,1.5,Final/OT,6.5,115
ANA,2024-10-27T23:00Z,401687736,NJ,2024,Anaheim Ducks,2,New Jersey Devils,6,270,270,270,-340,-340,-340,False,ESPN BET,1,-115,3,REG,115,-135,-1.5,Final,6.5,-105
MTL,2024-10-27T23:00Z,401687737,PHI,2024,Montreal Canadiens,4,Philadelphia Flyers,3,150,150,130,-175,-175,-150,False,ESPN BET,1,-115,3,REG,-180,150,-1.5,Final,6.5,-105
OTT,2024-10-28T01:00Z,401687738,COL,2024,Ottawa Senators,4,Colorado Avalanche,5,150,150,145,-175,-175,-170,False,ESPN BET,1,-110,3,REG,-180,150,-1.5,Final,6.5,-110
FLA,2024-10-28T23:00Z,401687739,BUF,2024,Florida Panthers,5,Buffalo Sabres,2,-145,-145,-150,125,125,130,False,ESPN BET,1,110,3,REG,165,-200,1.5,Final,6.5,-130
EDM,2024-10-28T23:00Z,401687741,CBJ,2024,Edmonton Oilers,1,Columbus Blue Jackets,6,-250,-250,-250,210,210,210,False,ESPN BET,1,-125,3,REG,100,-120,1.5,Final,6.5,105
NSH,2024-10-28T23:30Z,401687740,TB,2024,Nashville Predators,2,Tampa Bay Lightning,3,115,115,115,-135,-135,-135,False,ESPN BET,1,105,4,OT,-225,175,-1.5,Final/OT,6.5,-125
TOR,2024-10-28T23:30Z,401687742,WPG,2024,Toronto Maple Leafs,6,Winnipeg Jets,4,-120,-120,100,100,100,-120,False,ESPN BET,1,-125,3,REG,210,-300,1.5,Final,5.5,105
CHI,2024-10-29T01:00Z,401687743,COL,2024,Chicago Blackhawks,5,Colorado Avalanche,2,160,160,195,-190,-190,-230,False,ESPN BET,1,-105,3,REG,-150,125,-1.5,Final,6.5,-115
SJ,2024-10-29T01:00Z,401687744,UTAH,2024,San Jose Sharks,5,Utah Hockey Club,4,220,220,210,-270,-270,-250,False,ESPN BET,1,110,4,OT,-115,-105,-1.5,Final/OT,6.5,-130
CAR,2024-10-29T02:00Z,401687745,VAN,2024,Carolina Hurricanes,4,Vancouver Canucks,3,-130,-130,-125,110,110,105,False,ESPN BET,1,-135,4,OT,180,-235,1.5,Final/OT,5.5,115
CGY,2024-10-29T02:00Z,401687746,VGK,2024,Calgary Flames,0,Vegas Golden Knights,5,140,140,170,-165,-165,-200,False,ESPN BET,1,-115,3,REG,-175,145,-1.5,Final,6.5,-105
PHI,2024-10-29T23:00Z,401687747,BOS,2024,Philadelphia Flyers,2,Boston Bruins,0,130,130,165,-150,-150,-195,False,ESPN BET,1,-120,3,REG,-180,150,-1.5,Final,6.5,100
SEA,2024-10-29T23:00Z,401687748,MTL,2024,Seattle Kraken,8,Montreal Canadiens,2,-175,-175,-140,150,150,120,False,ESPN BET,1,110,3,REG,150,-180,1.5,Final,6.5,-130
ANA,2024-10-29T23:00Z,401687751,NYI,2024,Anaheim Ducks,3,New York Islanders,1,200,200,200,-240,-240,-240,False,ESPN BET,1,-120,3,REG,-125,105,-1.5,Final,5.5,100
MIN,2024-10-29T23:00Z,401687752,PIT,2024,Minnesota Wild,5,Pittsburgh Penguins,3,-120,-120,-125,100,100,105,False,ESPN BET,1,105,3,REG,190,-265,1.5,Final,6.5,-125
STL,2024-10-29T23:30Z,401687749,OTT,2024,St. Louis Blues,1,Ottawa Senators,8,155,155,130,-185,-185,-150,False,ESPN BET,1,105,3,REG,-160,135,-1.5,Final,6.5,-125
NYR,2024-10-29T23:30Z,401687750,WSH,2024,New York Rangers,3,Washington Capitals,5,-155,-155,-145,135,135,125,False,ESPN BET,1,-135,3,REG,165,-200,1.5,Final,5.5,115
LA,2024-10-30T02:00Z,401687753,SJ,2024,Los Angeles Kings,2,San Jose Sharks,4,-320,-320,-250,260,260,210,False,ESPN BET,1,115,3,REG,-125,105,1.5,Final,6.5,-135
NYI,2024-10-30T23:00Z,401687754,CBJ,2024,New York Islanders,0,Columbus Blue Jackets,2,-130,-130,-150,110,110,130,False,ESPN BET,1,115,3,REG,175,-225,1.5,Final,6.5,-135
WPG,2024-10-30T23:30Z,401687755,DET,2024,Winnipeg Jets,6,Detroit Red Wings,2,-170,-170,-140,145,145,120,False,ESPN BET,1,110,3,REG,145,-175,1.5,Final,6.5,-130
TB,2024-10-31T01:00Z,401687756,COL,2024,Tampa Bay Lightning,5,Colorado Avalanche,2,-120,-120,100,100,100,-120,False,ESPN BET,1,-125,3,REG,190,-265,1.5,Final,6.5,105
CGY,2024-10-31T01:30Z,401687757,UTAH,2024,Calgary Flames,1,Utah Hockey Club,5,105,105,100,-125,-125,-120,False,ESPN BET,1,100,3,REG,-250,185,-1.5,Final,6.5,-120
VGK,2024-10-31T02:00Z,401687759,LA,2024,Vegas Golden Knights,3,Los Angeles Kings,6,-135,-135,-120,115,115,100,False,ESPN BET,1,105,3,REG,175,-225,1.5,Final,6.5,-125
NJ,2024-10-31T02:30Z,401687758,VAN,2024,New Jersey Devils,6,Vancouver Canucks,0,100,100,-110,-120,-120,-110,False,ESPN BET,1,-130,3,REG,-250,185,-1.5,Final,6.5,110
SEA,2024-10-31T23:00Z,401687760,TOR,2024,Seattle Kraken,1,Toronto Maple Leafs,4,175,175,175,-210,-210,-210,False,ESPN BET,1,110,3,REG,-145,120,-1.5,Final,6.5,-130
STL,2024-10-31T23:00Z,401687761,PHI,2024,St. Louis Blues,1,Philadelphia Flyers,2,125,125,115,-145,-145,-135,False,ESPN BET,1,-125,3,REG,-235,180,-1.5,Final,5.5,105
ANA,2024-10-31T23:00Z,401687762,PIT,2024,Anaheim Ducks,1,Pittsburgh Penguins,2,155,155,160,-185,-185,-190,False,ESPN BET,1,-120,4,OT,-155,130,-1.5,Final/OT,6.5,100
MTL,2024-10-31T23:00Z,401687763,WSH,2024,Montreal Canadiens,3,Washington Capitals,6,190,190,170,-225,-225,-200,False,ESPN BET,1,-105,3,REG,-135,115,-1.5,Final,6.5,-115
BOS,2024-10-31T23:00Z,401687764,CAR,2024,Boston Bruins,2,Carolina Hurricanes,8,155,155,140,-185,-185,-165,False,ESPN BET,1,-135,3,REG,-165,140,-1.5,Final,5.5,115
EDM,2024-11-01T00:00Z,401687765,NSH,2024,Edmonton Oilers,5,Nashville Predators,1,115,115,110,-135,-135,-130,False,ESPN BET,1,105,3,REG,-235,180,-1.5,Final,6.5,-125
CHI,2024-11-01T02:30Z,401687766,SJ,2024,Chicago Blackhawks,2,San Jose Sharks,3,-165,-165,-145,140,140,125,False,ESPN BET,1,-110,3,REG,160,-190,1.5,Final,6.5,-110
FLA,2024-11-01T18:00Z,401687771,DAL,2024,Florida Panthers,6,Dallas Stars,4,-120,-120,-105,100,100,-115,True,ESPN BET,1,115,3,REG,190,-265,1.5,Final,6.5,-135
NYI,2024-11-01T23:00Z,401687767,BUF,2024,New York Islanders,4,Buffalo Sabres,3,-105,-105,105,-115,-115,-125,False,ESPN BET,1,-115,3,REG,-265,190,-1.5,Final,5.5,-105
OTT,2024-11-01T23:00Z,401687768,NYR,2024,Ottawa Senators,1,New York Rangers,2,155,160,155,-185,-190,-185,False,ESPN BET,1,105,3,REG,-200,165,-1.5,Final,6.5,-125
WPG,2024-11-01T23:00Z,401687769,CBJ,2024,Winnipeg Jets,6,Columbus Blue Jackets,2,-150,-150,-190,130,130,160,False,ESPN BET,1,-115,3,REG,150,-180,1.5,Final,6.5,-105
TB,2024-11-02T00:00Z,401687770,MIN,2024,Tampa Bay Lightning,3,Minnesota Wild,5,-105,-105,-105,-115,-115,-115,False,ESPN BET,1,100,3,REG,-275,200,-1.5,Final,6.5,-120
NJ,2024-11-02T01:00Z,401687772,CGY,2024,New Jersey Devils,0,Calgary Flames,3,-175,-175,-150,150,150,130,False,ESPN BET,1,-125,3,REG,135,-160,1.5,Final,6.5,105
DAL,2024-11-02T16:00Z,401687776,FLA,2024,Dallas Stars,2,Florida Panthers,4,-110,-110,-110,-110,-110,-110,True,ESPN BET,1,100,3,REG,-325,220,-1.5,Final,6.5,-120
BOS,2024-11-02T17:00Z,401687773,PHI,2024,Boston Bruins,3,Philadelphia Flyers,0,-120,-120,-140,100,100,120,False,ESPN BET,1,100,3,REG,190,-265,1.5,Final,6.5,-120
CHI,2024-11-02T20:00Z,401687774,LA,2024,Chicago Blackhawks,4,Los Angeles Kings,3,155,155,175,-185,-185,-210,False,ESPN BET,1,105,5,SO,-165,140,-1.5,Final/SO,6.5,-125
CBJ,2024-11-02T21:00Z,401687775,WSH,2024,Columbus Blue Jackets,2,Washington Capitals,7,215,215,180,-260,-260,-215,False,ESPN BET,1,-105,3,REG,-115,-105,-1.5,Final,6.5,-115
SEA,2024-11-02T23:00Z,401687777,OTT,2024,Seattle Kraken,0,Ottawa Senators,3,105,105,110,-125,-125,-130,False,ESPN BET,1,105,3,REG,-250,185,-1.5,Final,6.5,-125
BUF,2024-11-02T23:00Z,401687778,DET,2024,Buffalo Sabres,1,Detroit Red Wings,2,105,105,110,-120,-120,-130,False,ESPN BET,1,100,3,REG,-300,210,-1.5,Final,6.5,-120
MTL,2024-11-02T23:00Z,401687779,PIT,2024,Montreal Canadiens,1,Pittsburgh Penguins,3,155,155,150,-185,-185,-175,False,ESPN BET,1,-130,3,REG,-155,130,-1.5,Final,6.5,110
TOR,2024-11-02T23:00Z,401687780,STL,2024,Toronto Maple Leafs,2,St. Louis Blues,4,-200,-200,-175,170,170,150,False,ESPN BET,1,-120,3,REG,125,-150,1.5,Final,5.5,100
COL,2024-11-03T00:00Z,401687781,NSH,2024,Colorado Avalanche,2,Nashville Predators,5,110,110,110,-130,-130,-130,False,ESPN BET,1,100,3,REG,-235,180,-1.5,Final,6.5,-120
UTAH,2024-11-03T02:00Z,401687782,VGK,2024,Utah Hockey Club,3,Vegas Golden Knights,4,145,145,160,-170,-170,-190,False,ESPN BET,1,100,4,OT,-175,145,-1.5,Final/OT,6.5,-120
VAN,2024-11-03T02:00Z,401687783,SJ,2024,Vancouver Canucks,3,San Jose Sharks,2,-290,-290,-270,240,240,220,False,ESPN BET,1,100,3,REG,-115,-105,1.5,Final,6.5,-120
NYI,2024-11-03T18:00Z,401687784,NYR,2024,New York Islanders,2,New York Rangers,5,165,165,165,-195,-195,-195,False,ESPN BET,1,-120,3,REG,-180,150,-1.5,Final,5.5,100
TB,2024-11-03T20:00Z,401687785,WPG,2024,Tampa Bay Lightning,4,Winnipeg Jets,7,130,130,115,-150,-150,-135,False,ESPN BET,1,-115,3,REG,-200,165,-1.5,Final,6.5,-105
SEA,2024-11-03T22:00Z,401687786,BOS,2024,Seattle Kraken,0,Boston Bruins,2,150,150,150,-175,-175,-175,False,ESPN BET,1,-125,3,REG,-175,145,-1.5,Final,5.5,105
WSH,2024-11-03T22:00Z,401687787,CAR,2024,Washington Capitals,2,Carolina Hurricanes,4,225,225,180,-275,-275,-215,False,ESPN BET,1,110,3,REG,-115,-105,-1.5,Final,6.5,-130
TOR,2024-11-03T23:00Z,401687788,MIN,2024,Toronto Maple Leafs,1,Minnesota Wild,2,105,105,100,-125,-125,-120,False,ESPN BET,1,105,4,OT,-235,180,-1.5,Final/OT,6.5,-125
EDM,2024-11-04T01:00Z,401687789,CGY,2024,Edmonton Oilers,4,Calgary Flames,2,-155,-155,-150,135,135,130,False,ESPN BET,1,100,3,REG,160,-190,1.5,Final,6.5,-120
CHI,2024-11-04T01:00Z,401687790,ANA,2024,Chicago Blackhawks,4,Anaheim Ducks,2,110,110,115,-130,-130,-135,False,ESPN BET,1,-110,3,REG,-225,175,-1.5,Final,6.5,-110
LA,2024-11-05T01:00Z,401687791,NSH,2024,Los Angeles Kings,3,Nashville Predators,0,125,125,120,-145,-145,-140,False,ESPN BET,1,105,3,REG,-215,170,-1.5,Final,6.5,-125
NJ,2024-11-05T01:30Z,401687792,EDM,2024,New Jersey Devils,3,Edmonton Oilers,0,-135,-135,-115,115,115,-105,False,ESPN BET,1,-130,3,REG,175,-225,1.5,Final,6.5,110
OTT,2024-11-06T00:00Z,401687793,BUF,2024,Ottawa Senators,1,Buffalo Sabres,5,-120,-120,-105,100,100,-115,False,ESPN BET,1,110,3,REG,200,-275,1.5,Final,6.5,-130
BOS,2024-11-06T00:00Z,401687794,TOR,2024,Boston Bruins,0,Toronto Maple Leafs,4,105,105,130,-125,-125,-150,False,ESPN BET,1,-110,3,REG,-250,185,-1.5,Final,5.5,-110
CGY,2024-11-06T00:00Z,401687795,MTL,2024,Calgary Flames,3,Montreal Canadiens,2,-155,-155,-125,130,130,105,False,ESPN BET,1,-105,4,OT,165,-200,1.5,Final/OT,6.5,-115
PHI,2024-11-06T00:00Z,401687796,CAR,2024,Philadelphia Flyers,4,Carolina Hurricanes,6,250,250,230,-300,-300,-280,False,ESPN BET,1,105,3,REG,105,-125,-1.5,Final,6.5,-125
PIT,2024-11-06T00:30Z,401687797,NYI,2024,Pittsburgh Penguins,3,New York Islanders,4,110,110,110,-130,-130,-130,False,ESPN BET,1,110,5,SO,-235,180,-1.5,Final/SO,6.5,-130
TB,2024-11-06T01:00Z,401687798,STL,2024,Tampa Bay Lightning,2,St. Louis Blues,3,-175,-175,-155,150,150,135,False,ESPN BET,1,115,3,REG,140,-165,1.5,Final,6.5,-135
LA,2024-11-06T01:00Z,401687799,MIN,2024,Los Angeles Kings,5,Minnesota Wild,1,155,155,135,-185,-185,-155,False,ESPN BET,1,-130,3,REG,-165,140,-1.5,Final,5.5,110
UTAH,2024-11-06T01:00Z,401687800,WPG,2024,Utah Hockey Club,0,Winnipeg Jets,3,180,180,165,-215,-215,-195,False,ESPN BET,1,110,3,REG,-135,115,-1.5,Final,6.5,-130
SEA,2024-11-06T02:00Z,401687801,COL,2024,Seattle Kraken,3,Colorado Avalanche,6,155,155,155,-185,-185,-185,False,ESPN BET,1,100,3,REG,-155,130,-1.5,Final,6.5,-120
VAN,2024-11-06T03:00Z,401687802,ANA,2024,Vancouver Canucks,5,Anaheim Ducks,1,-240,-240,-200,200,200,170,False,ESPN BET,1,120,3,REG,105,-125,1.5,Final,6.5,-145
CBJ,2024-11-06T03:30Z,401687803,SJ,2024,Columbus Blue Jackets,1,San Jose Sharks,2,-130,-130,-135,110,110,115,False,ESPN BET,1,-105,4,OT,175,-225,1.5,Final/OT,6.5,-115
NSH,2024-11-07T00:00Z,401687804,WSH,2024,Nashville Predators,2,Washington Capitals,3,100,100,105,-120,-120,-125,False,ESPN BET,1,110,3,REG,-275,200,-1.5,Final,6.5,-130
DET,2024-11-07T01:00Z,401687805,CHI,2024,Detroit Red Wings,4,Chicago Blackhawks,1,-110,-110,-125,-110,-110,105,False,ESPN BET,1,105,3,REG,-300,210,-1.5,Final,6.5,-125
VGK,2024-11-07T01:30Z,401687806,EDM,2024,Vegas Golden Knights,4,Edmonton Oilers,2,135,135,100,-155,-155,-120,False,ESPN BET,1,-125,3,REG,-200,160,-1.5,Final,6.5,105
CGY,2024-11-08T00:00Z,401687807,BOS,2024,Calgary Flames,3,Boston Bruins,4,125,125,160,-145,-145,-190,False,ESPN BET,1,-145,4,OT,-200,165,-1.5,Final/OT,5.5,120
NYI,2024-11-08T00:00Z,401687808,OTT,2024,New York Islanders,4,Ottawa Senators,2,120,120,125,-140,-140,-145,False,ESPN BET,1,110,3,REG,-215,170,-1.5,Final,6.5,-130
NSH,2024-11-08T00:00Z,401687810,FLA,2024,Nashville Predators,2,Florida Panthers,6,180,180,155,-215,-215,-185,False,ESPN BET,1,110,3,REG,-150,125,-1.5,Final,6.5,-130
MTL,2024-11-08T00:00Z,401687811,NJ,2024,Montreal Canadiens,3,New Jersey Devils,5,270,270,250,-340,-340,-300,False,ESPN BET,1,-110,3,REG,110,-130,-1.5,Final,6.5,-110
BUF,2024-11-08T00:00Z,401687812,NYR,2024,Buffalo Sabres,6,New York Rangers,1,170,170,165,-200,-200,-195,False,ESPN BET,1,-110,3,REG,-150,125,-1.5,Final,6.5,-110
PIT,2024-11-08T00:00Z,401687813,CAR,2024,Pittsburgh Penguins,1,Carolina Hurricanes,5,220,220,225,-270,-270,-275,False,ESPN BET,1,-115,3,REG,-115,-105,-1.5,Final,6.5,-105
PHI,2024-11-08T00:30Z,401687809,TB,2024,Philadelphia Flyers,2,Tampa Bay Lightning,1,175,175,165,-210,-210,-195,False,ESPN BET,1,-105,5,SO,-145,120,-1.5,Final/SO,6.5,-115
UTAH,2024-11-08T01:00Z,401687814,STL,2024,Utah Hockey Club,4,St. Louis Blues,2,-115,-115,-110,-105,-105,-110,False,ESPN BET,1,-120,3,REG,210,-300,1.5,Final,5.5,100
CHI,2024-11-08T01:00Z,401687815,DAL,2024,Chicago Blackhawks,1,Dallas Stars,3,270,270,300,-340,-340,-400,False,ESPN BET,1,105,3,REG,110,-130,-1.5,Final,6.5,-125
COL,2024-11-08T01:00Z,401687816,WPG,2024,Colorado Avalanche,0,Winnipeg Jets,1,120,120,120,-140,-140,-140,False,ESPN BET,1,-115,3,REG,-215,170,-1.5,Final,6.5,-105
VAN,2024-11-08T03:30Z,401687817,LA,2024,Vancouver Canucks,4,Los Angeles Kings,2,-130,-130,-105,110,110,-115,False,ESPN BET,1,-105,3,REG,185,-250,1.5,Final,5.5,-115
MIN,2024-11-08T03:30Z,401687818,SJ,2024,Minnesota Wild,5,San Jose Sharks,2,-260,-260,-260,215,215,215,False,ESPN BET,1,-145,3,REG,-105,-115,1.5,Final,5.5,120
DET,2024-11-09T00:00Z,401687819,TOR,2024,Detroit Red Wings,1,Toronto Maple Leafs,3,170,170,155,-200,-200,-185,False,ESPN BET,1,-130,3,REG,-155,130,-1.5,Final,5.5,110
PIT,2024-11-09T00:30Z,401687820,WSH,2024,Pittsburgh Penguins,4,Washington Capitals,2,155,155,140,-185,-185,-165,False,ESPN BET,1,-120,3,REG,-150,125,-1.5,Final,6.5,100
MIN,2024-11-09T03:00Z,401687821,ANA,2024,Minnesota Wild,5,Anaheim Ducks,2,-210,-210,-175,175,175,150,False,ESPN BET,1,-125,3,REG,130,-155,1.5,Final,5.5,105
VGK,2024-11-09T03:00Z,401687822,SEA,2024,Vegas Golden Knights,3,Seattle Kraken,4,-135,-135,-140,115,115,120,False,ESPN BET,1,-145,4,OT,175,-225,1.5,Final/OT,5.5,120
CGY,2024-11-09T18:00Z,401687823,BUF,2024,Calgary Flames,2,Buffalo Sabres,3,120,120,120,-140,-140,-140,False,ESPN BET,1,100,5,SO,-225,175,-1.5,Final/SO,6.5,-120
DAL,2024-11-09T20:00Z,401687829,WPG,2024,Dallas Stars,1,Winnipeg Jets,4,-105,-105,-105,-115,-115,-115,False,ESPN BET,1,-135,3,REG,220,-325,1.5,Final,5.5,115
PHI,2024-11-09T23:00Z,401687824,FLA,2024,Philadelphia Flyers,3,Florida Panthers,4,220,220,215,-270,-270,-260,False,ESPN BET,1,-125,5,SO,-120,100,-1.5,Final/SO,5.5,105
OTT,2024-11-10T00:00Z,401687825,BOS,2024,Ottawa Senators,3,Boston Bruins,2,125,125,135,-145,-145,-155,False,ESPN BET,1,-120,4,OT,-215,170,-1.5,Final/OT,5.5,100
MTL,2024-11-10T00:00Z,401687826,TOR,2024,Montreal Canadiens,1,Toronto Maple Leafs,4,175,175,175,-210,-210,-210,False,ESPN BET,1,100,3,REG,-145,120,-1.5,Final,6.5,-120
NYR,2024-11-10T00:00Z,401687827,DET,2024,New York Rangers,4,Detroit Red Wings,0,-215,-215,-155,180,180,135,False,ESPN BET,1,-145,3,REG,115,-135,1.5,Final,6.5,120
WSH,2024-11-10T00:00Z,401687828,STL,2024,Washington Capitals,8,St. Louis Blues,1,-140,-140,-120,120,120,100,False,ESPN BET,1,105,3,REG,175,-225,1.5,Final,6.5,-125
NJ,2024-11-10T00:30Z,401687830,NYI,2024,New Jersey Devils,4,New York Islanders,3,-140,-140,-145,120,120,125,False,ESPN BET,1,115,4,OT,175,-225,1.5,Final/OT,6.5,-135
UTAH,2024-11-10T01:00Z,401687831,NSH,2024,Utah Hockey Club,0,Nashville Predators,4,140,140,135,-165,-165,-155,False,ESPN BET,1,110,3,REG,-180,150,-1.5,Final,6.5,-130
CAR,2024-11-10T02:00Z,401687832,COL,2024,Carolina Hurricanes,4,Colorado Avalanche,6,-130,-130,-130,110,110,110,False,ESPN BET,1,-120,3,REG,170,-215,1.5,Final,6.5,100
CBJ,2024-11-10T02:00Z,401687833,LA,2024,Columbus Blue Jackets,2,Los Angeles Kings,5,180,180,175,-215,-215,-210,False,ESPN BET,1,-105,3,REG,-150,125,-1.5,Final,6.5,-115
EDM,2024-11-10T03:00Z,401687834,VAN,2024,Edmonton Oilers,7,Vancouver Canucks,3,-125,-125,-115,105,105,-105,False,ESPN BET,1,105,3,REG,185,-250,1.5,Final,6.5,-125
SJ,2024-11-11T00:00Z,401687835,NJ,2024,San Jose Sharks,1,New Jersey Devils,0,270,270,270,-340,-340,-340,False,ESPN BET,1,-105,3,REG,105,-125,-1.5,Final,6.5,-115
MIN,2024-11-11T00:00Z,401687836,CHI,2024,Minnesota Wild,1,Chicago Blackhawks,2,-190,-190,-175,160,160,150,False,ESPN BET,1,110,4,OT,135,-160,1.5,Final/OT,6.5,-130
CBJ,2024-11-11T01:00Z,401687837,ANA,2024,Columbus Blue Jackets,2,Anaheim Ducks,4,-110,-110,120,-110,-110,-140,False,ESPN BET,1,-105,3,REG,-275,200,-1.5,Final,6.5,-115
MTL,2024-11-11T17:30Z,401687838,BUF,2024,Montreal Canadiens,7,Buffalo Sabres,5,195,195,160,-230,-230,-190,False,ESPN BET,1,-105,3,REG,-130,110,-1.5,Final,6.5,-115
SJ,2024-11-12T00:00Z,401687839,PHI,2024,San Jose Sharks,3,Philadelphia Flyers,4,225,225,210,-275,-275,-250,False,ESPN BET,1,105,5,SO,-110,-110,-1.5,Final/SO,6.5,-125
DAL,2024-11-12T00:00Z,401687840,PIT,2024,Dallas Stars,7,Pittsburgh Penguins,1,-165,-165,-155,140,140,135,False,ESPN BET,1,-110,3,REG,150,-180,1.5,Final,6.5,-110
LA,2024-11-12T01:30Z,401687841,CGY,2024,Los Angeles Kings,1,Calgary Flames,3,-135,-135,-130,115,115,110,False,ESPN BET,1,-120,3,REG,185,-250,1.5,Final,5.5,100
NSH,2024-11-12T02:00Z,401687842,COL,2024,Nashville Predators,2,Colorado Avalanche,3,120,120,130,-140,-140,-150,False,ESPN BET,1,-115,4,OT,-225,175,-1.5,Final/OT,6.5,-105
CAR,2024-11-12T03:00Z,401687843,VGK,2024,Carolina Hurricanes,5,Vegas Golden Knights,2,-145,-145,-135,125,125,115,False,ESPN BET,1,-110,3,REG,165,-200,1.5,Final,6.5,-110
OTT,2024-11-13T00:00Z,401687844,TOR,2024,Ottawa Senators,3,Toronto Maple Leafs,0,105,105,120,-125,-125,-140,False,ESPN BET,1,-130,3,REG,-255,190,-1.5,Final,5.5,110
WPG,2024-11-13T00:00Z,401687846,NYR,2024,Winnipeg Jets,6,New York Rangers,3,100,100,110,-120,-120,-130,False,ESPN BET,1,105,3,REG,-265,190,-1.5,Final,6.5,-125
NJ,2024-11-13T00:30Z,401687845,FLA,2024,New Jersey Devils,4,Florida Panthers,1,100,100,120,-120,-120,-140,False,ESPN BET,1,-145,3,REG,-265,190,-1.5,Final,5.5,120
BOS,2024-11-13T01:00Z,401687847,STL,2024,Boston Bruins,3,St. Louis Blues,2,-170,-170,-155,145,145,135,False,ESPN BET,1,-105,3,REG,150,-180,1.5,Final,5.5,-115
NYI,2024-11-13T02:00Z,401687848,EDM,2024,New York Islanders,3,Edmonton Oilers,4,190,190,165,-225,-225,-195,False,ESPN BET,1,110,4,OT,-135,115,-1.5,Final/OT,6.5,-130
CGY,2024-11-13T03:00Z,401687849,VAN,2024,Calgary Flames,1,Vancouver Canucks,3,190,190,180,-225,-225,-215,False,ESPN BET,1,110,3,REG,-130,110,-1.5,Final,6.5,-130
CBJ,2024-11-13T03:00Z,401687850,SEA,2024,Columbus Blue Jackets,2,Seattle Kraken,5,120,120,155,-140,-140,-185,False,ESPN BET,1,105,3,REG,-200,165,-1.5,Final,6.5,-125
DET,2024-11-14T00:30Z,401687851,PIT,2024,Detroit Red Wings,3,Pittsburgh Penguins,2,115,115,120,-135,-135,-140,False,ESPN BET,1,-110,4,OT,-215,170,-1.5,Final/OT,6.5,-110
TOR,2024-11-14T00:30Z,401687852,WSH,2024,Toronto Maple Leafs,4,Washington Capitals,3,130,130,105,-150,-150,-125,False,ESPN BET,1,110,4,OT,-215,170,-1.5,Final/OT,6.5,-130
CAR,2024-11-14T02:00Z,401687853,UTAH,2024,Carolina Hurricanes,1,Utah Hockey Club,4,-200,-200,-175,170,170,150,False,ESPN BET,1,110,3,REG,120,-145,1.5,Final,6.5,-130
LA,2024-11-14T03:00Z,401687854,COL,2024,Los Angeles Kings,2,Colorado Avalanche,4,100,100,120,-120,-120,-140,False,ESPN BET,1,100,3,REG,-250,185,-1.5,Final,6.5,-120
VGK,2024-11-14T03:00Z,401687855,ANA,2024,Vegas Golden Knights,3,Anaheim Ducks,2,-225,-225,-190,190,190,160,False,ESPN BET,1,-120,3,REG,110,-130,1.5,Final,6.5,100
PHI,2024-11-15T00:00Z,401687857,OTT,2024,Philadelphia Flyers,5,Ottawa Senators,4,160,160,145,-190,-190,-170,False,ESPN BET,1,-130,4,OT,-160,135,-1.5,Final/OT,5.5,110
WPG,2024-11-15T00:00Z,401687858,TB,2024,Winnipeg Jets,1,Tampa Bay Lightning,4,125,125,-110,-145,-145,-110,False,ESPN BET,1,-110,3,REG,-235,180,-1.5,Final,6.5,-110
NJ,2024-11-15T00:00Z,401687859,FLA,2024,New Jersey Devils,6,Florida Panthers,2,135,135,115,-155,-155,-135,False,ESPN BET,1,-125,3,REG,-180,150,-1.5,Final,5.5,105
SJ,2024-11-15T00:00Z,401687860,NYR,2024,San Jose Sharks,2,New York Rangers,3,320,320,320,-425,-425,-425,False,ESPN BET,1,-110,3,REG,-145,120,-2.5,Final,6.5,-110
STL,2024-11-15T00:30Z,401687856,BUF,2024,St. Louis Blues,3,Buffalo Sabres,4,145,145,125,-170,-170,-145,False,ESPN BET,1,110,4,OT,-180,150,-1.5,Final/OT,6.5,-130
BOS,2024-11-15T01:00Z,401687861,DAL,2024,Boston Bruins,2,Dallas Stars,7,145,145,145,-170,-170,-170,False,ESPN BET,1,-135,3,REG,-175,145,-1.5,Final,5.5,115
MTL,2024-11-15T01:00Z,401687862,MIN,2024,Montreal Canadiens,0,Minnesota Wild,3,220,220,215,-270,-270,-260,False,ESPN BET,1,110,3,REG,-120,100,-1.5,Final,6.5,-130
NSH,2024-11-15T02:00Z,401687863,EDM,2024,Nashville Predators,2,Edmonton Oilers,3,160,160,155,-190,-190,-185,False,ESPN BET,1,-130,4,OT,-155,130,-1.5,Final/OT,6.5,110
NYI,2024-11-15T03:00Z,401687864,VAN,2024,New York Islanders,5,Vancouver Canucks,2,160,160,145,-190,-190,-170,False,ESPN BET,1,-130,3,REG,-175,145,-1.5,Final,5.5,110
CHI,2024-11-15T03:00Z,401687865,SEA,2024,Chicago Blackhawks,1,Seattle Kraken,3,135,135,135,-155,-155,-155,False,ESPN BET,1,-120,3,REG,-200,165,-1.5,Final,5.5,100
PIT,2024-11-16T00:00Z,401687866,CBJ,2024,Pittsburgh Penguins,2,Columbus Blue Jackets,6,-125,-125,-130,105,105,110,False,ESPN BET,1,-130,3,REG,175,-225,1.5,Final,6.5,110
WSH,2024-11-16T02:00Z,401687867,COL,2024,Washington Capitals,5,Colorado Avalanche,2,150,150,140,-175,-175,-165,False,ESPN BET,1,-130,3,REG,-160,135,-1.5,Final,6.5,110
NSH,2024-11-16T02:00Z,401687868,CGY,2024,Nashville Predators,0,Calgary Flames,2,-125,-125,-130,105,105,110,False,ESPN BET,1,115,3,REG,190,-265,1.5,Final,6.5,-135
VGK,2024-11-16T02:00Z,401687869,UTAH,2024,Vegas Golden Knights,4,Utah Hockey Club,2,-125,-125,-125,105,105,105,False,ESPN BET,1,110,3,REG,190,-265,1.5,Final,6.5,-130
DET,2024-11-16T03:00Z,401687870,ANA,2024,Detroit Red Wings,4,Anaheim Ducks,6,-150,-150,-140,130,130,120,False,ESPN BET,1,100,3,REG,170,-215,1.5,Final,6.5,-120
STL,2024-11-16T18:00Z,401687871,BOS,2024,St. Louis Blues,3,Boston Bruins,2,150,150,170,-175,-175,-200,False,ESPN BET,1,-125,4,OT,-175,145,-1.5,Final/OT,5.5,105
NYI,2024-11-16T21:00Z,401687872,SEA,2024,New York Islanders,2,Seattle Kraken,3,-115,-115,105,-105,-105,-125,False,ESPN BET,1,-110,3,REG,220,-325,1.5,Final,5.5,-110
EDM,2024-11-17T00:00Z,401687873,TOR,2024,Edmonton Oilers,3,Toronto Maple Leafs,4,-140,-140,-125,120,120,105,False,ESPN BET,1,110,4,OT,170,-215,1.5,Final/OT,6.5,-130
CBJ,2024-11-17T00:00Z,401687874,MTL,2024,Columbus Blue Jackets,1,Montreal Canadiens,5,100,100,120,-120,-120,-140,False,ESPN BET,1,-115,3,REG,-265,190,-1.5,Final,6.5,-105
NJ,2024-11-17T00:00Z,401687875,TB,2024,New Jersey Devils,0,Tampa Bay Lightning,4,-120,-120,-110,100,100,-110,False,ESPN BET,1,110,3,REG,190,-265,1.5,Final,6.5,-130
WPG,2024-11-17T00:00Z,401687876,FLA,2024,Winnipeg Jets,0,Florida Panthers,5,115,115,120,-135,-135,-140,False,ESPN BET,1,120,3,REG,-225,175,-1.5,Final,6.5,-145
BUF,2024-11-17T00:00Z,401687877,PHI,2024,Buffalo Sabres,2,Philadelphia Flyers,5,-110,-110,-105,-110,-110,-115,False,ESPN BET,1,110,3,REG,-300,210,-1.5,Final,6.5,-130
SJ,2024-11-17T00:00Z,401687878,PIT,2024,San Jose Sharks,3,Pittsburgh Penguins,4,175,175,175,-210,-210,-210,False,ESPN BET,1,-115,5,SO,-145,120,-1.5,Final/SO,6.5,-105
OTT,2024-11-17T00:00Z,401687879,CAR,2024,Ottawa Senators,0,Carolina Hurricanes,4,145,145,155,-170,-170,-185,False,ESPN BET,1,-120,3,REG,-165,140,-1.5,Final,6.5,100
DAL,2024-11-17T01:00Z,401687880,MIN,2024,Dallas Stars,2,Minnesota Wild,1,-150,-150,-140,130,130,120,False,ESPN BET,1,115,3,REG,160,-190,1.5,Final,6.5,-135
DET,2024-11-17T01:00Z,401687881,LA,2024,Detroit Red Wings,1,Los Angeles Kings,4,170,170,165,-200,-200,-195,False,ESPN BET,1,-120,3,REG,-150,125,-1.5,Final,5.5,100
CHI,2024-11-17T03:00Z,401687882,VAN,2024,Chicago Blackhawks,1,Vancouver Canucks,4,195,195,200,-230,-230,-240,False,ESPN BET,1,110,3,REG,-130,110,-1.5,Final,6.5,-130
STL,2024-11-17T22:00Z,401687883,CAR,2024,St. Louis Blues,1,Carolina Hurricanes,4,270,270,230,-340,-340,-280,False,ESPN BET,1,115,3,REG,105,-125,-1.5,Final,6.5,-135
WSH,2024-11-18T01:00Z,401687885,VGK,2024,Washington Capitals,5,Vegas Golden Knights,2,105,105,115,-125,-125,-135,False,ESPN BET,1,100,3,REG,-275,200,-1.5,Final,6.5,-120
NYR,2024-11-18T02:00Z,401687886,SEA,2024,New York Rangers,2,Seattle Kraken,0,-185,-185,-185,155,155,155,False,ESPN BET,1,110,3,REG,135,-160,1.5,Final,6.5,-130
NSH,2024-11-18T03:00Z,401687884,VAN,2024,Nashville Predators,5,Vancouver Canucks,3,-125,-130,100,105,110,-120,False,ESPN BET,1,-125,3,REG,210,-300,1.5,Final,5.5,105
CBJ,2024-11-19T00:00Z,401687887,BOS,2024,Columbus Blue Jackets,5,Boston Bruins,1,160,160,180,-190,-190,-215,False,ESPN BET,1,105,3,REG,-160,135,-1.5,Final,6.5,-125
COL,2024-11-19T00:00Z,401687888,PHI,2024,Colorado Avalanche,3,Philadelphia Flyers,2,-200,-200,-165,170,170,140,False,ESPN BET,1,105,3,REG,120,-145,1.5,Final,6.5,-125
EDM,2024-11-19T00:30Z,401687889,MTL,2024,Edmonton Oilers,0,Montreal Canadiens,3,-260,-260,-275,215,215,225,False,ESPN BET,1,-110,3,REG,-110,-110,1.5,Final,6.5,-110
ANA,2024-11-19T01:00Z,401687890,DAL,2024,Anaheim Ducks,4,Dallas Stars,2,340,340,270,-450,-450,-340,False,ESPN BET,1,-115,3,REG,-130,110,-2.5,Final,6.5,-105
WSH,2024-11-19T02:00Z,401687891,UTAH,2024,Washington Capitals,6,Utah Hockey Club,2,100,100,-120,-120,-120,100,False,ESPN BET,1,-105,3,REG,-265,190,-1.5,Final,6.5,-115
DET,2024-11-19T03:30Z,401687892,SJ,2024,Detroit Red Wings,4,San Jose Sharks,5,-165,-165,-155,140,140,135,False,ESPN BET,1,-135,4,OT,170,-215,1.5,Final/OT,5.5,115
EDM,2024-11-20T00:00Z,401687893,OTT,2024,Edmonton Oilers,5,Ottawa Senators,2,105,105,-140,-125,-125,120,False,ESPN BET,1,100,3,REG,-265,190,-1.5,Final,6.5,-120
TB,2024-11-20T00:00Z,401687894,PIT,2024,Tampa Bay Lightning,3,Pittsburgh Penguins,2,-170,-170,-145,145,145,125,False,ESPN BET,1,-110,4,OT,150,-180,1.5,Final/OT,6.5,-110
MIN,2024-11-20T01:00Z,401687895,STL,2024,Minnesota Wild,4,St. Louis Blues,2,-170,-170,-150,145,145,130,False,ESPN BET,1,-110,3,REG,165,-200,1.5,Final,5.5,-110
FLA,2024-11-20T01:00Z,401687896,WPG,2024,Florida Panthers,3,Winnipeg Jets,6,100,100,-110,-120,-120,-110,False,ESPN BET,1,-115,3,REG,-275,200,-1.5,Final,5.5,-105
ANA,2024-11-20T01:30Z,401687897,CHI,2024,Anaheim Ducks,3,Chicago Blackhawks,2,150,150,135,-175,-175,-155,False,ESPN BET,1,100,3,REG,-175,145,-1.5,Final,6.5,-120
NYI,2024-11-20T02:00Z,401687898,CGY,2024,New York Islanders,1,Calgary Flames,2,-115,-115,-110,-105,-105,-110,False,ESPN BET,1,-120,5,SO,-300,210,-1.5,Final/SO,5.5,100
NYR,2024-11-20T03:00Z,401687899,VAN,2024,New York Rangers,4,Vancouver Canucks,3,-145,-145,-115,125,125,-105,False,ESPN BET,1,110,3,REG,180,-235,1.5,Final,6.5,-130
VGK,2024-11-21T00:30Z,401687900,TOR,2024,Vegas Golden Knights,0,Toronto Maple Leafs,3,-110,-110,110,-110,-110,-130,False,ESPN BET,1,105,3,REG,200,-275,1.5,Final,6.5,-125
CAR,2024-11-21T00:30Z,401687901,PHI,2024,Carolina Hurricanes,4,Philadelphia Flyers,1,-230,-230,-225,195,195,190,False,ESPN BET,1,115,3,REG,105,-125,1.5,Final,6.5,-135
SJ,2024-11-21T01:00Z,401687902,DAL,2024,San Jose Sharks,2,Dallas Stars,5,340,340,320,-450,-450,-425,False,ESPN BET,1,-115,3,REG,-125,105,-2.5,Final,6.5,-105
NSH,2024-11-21T03:00Z,401687903,SEA,2024,Nashville Predators,0,Seattle Kraken,3,-135,-135,-130,115,115,110,False,ESPN BET,1,-110,3,REG,175,-225,1.5,Final,5.5,-110
BUF,2024-11-21T03:30Z,401687904,LA,2024,Buffalo Sabres,1,Los Angeles Kings,0,150,150,130,-175,-175,-150,False,ESPN BET,1,-115,3,REG,-180,150,-1.5,Final,5.5,-105
UTAH,2024-11-22T00:00Z,401687905,BOS,2024,Utah Hockey Club,0,Boston Bruins,1,115,115,135,-135,-135,-155,False,ESPN BET,1,115,3,REG,-225,175,-1.5,Final,6.5,-135
VGK,2024-11-22T00:00Z,401687906,OTT,2024,Vegas Golden Knights,3,Ottawa Senators,2,140,140,105,-165,-165,-125,False,ESPN BET,1,-105,3,REG,-200,165,-1.5,Final,6.5,-115
NYI,2024-11-22T00:00Z,401687907,DET,2024,New York Islanders,1,Detroit Red Wings,2,-145,-145,-115,125,125,-105,False,ESPN BET,1,-120,3,REG,175,-225,1.5,Final,5.5,100
CAR,2024-11-22T00:00Z,401687908,NJ,2024,Carolina Hurricanes,2,New Jersey Devils,4,-105,-105,105,-115,-115,-125,False,ESPN BET,1,115,3,REG,-300,210,-1.5,Final,6.5,-135
COL,2024-11-22T00:00Z,401687909,WSH,2024,Colorado Avalanche,2,Washington Capitals,1,-155,-155,-135,135,135,115,False,ESPN BET,1,-115,3,REG,150,-180,1.5,Final,6.5,-105
TB,2024-11-22T00:00Z,401687910,CBJ,2024,Tampa Bay Lightning,6,Columbus Blue Jackets,7,-165,-165,-170,140,140,145,False,ESPN BET,1,-125,4,OT,140,-165,1.5,Final/OT,6.5,105
SJ,2024-11-22T01:00Z,401687911,STL,2024,San Jose Sharks,2,St. Louis Blues,3,180,180,180,-215,-215,-215,False,ESPN BET,1,-125,5,SO,-145,120,-1.5,Final/SO,5.5,105
FLA,2024-11-22T01:30Z,401687912,CHI,2024,Florida Panthers,1,Chicago Blackhawks,3,-230,-230,-225,195,195,190,False,ESPN BET,1,-120,3,REG,110,-130,1.5,Final,5.5,100
NYR,2024-11-22T02:00Z,401687913,CGY,2024,New York Rangers,2,Calgary Flames,3,-165,-165,-165,140,140,140,False,ESPN BET,1,-140,3,REG,150,-180,1.5,Final,5.5,115
MIN,2024-11-22T02:00Z,401687914,EDM,2024,Minnesota Wild,5,Edmonton Oilers,3,135,135,135,-155,-155,-155,False,ESPN BET,1,100,3,REG,-180,150,-1.5,Final,6.5,-120
WPG,2024-11-23T00:00Z,401687915,PIT,2024,Winnipeg Jets,4,Pittsburgh Penguins,1,-190,-190,-150,160,160,130,False,ESPN BET,1,105,3,REG,135,-160,1.5,Final,6.5,-125
BUF,2024-11-23T03:00Z,401687916,ANA,2024,Buffalo Sabres,3,Anaheim Ducks,2,-175,-175,-140,150,150,120,False,ESPN BET,1,110,4,OT,140,-165,1.5,Final/OT,6.5,-130
CHI,2024-11-23T18:00Z,401687917,PHI,2024,Chicago Blackhawks,2,Philadelphia Flyers,3,140,140,140,-165,-165,-165,False,ESPN BET,1,-120,4,OT,-180,150,-1.5,Final/OT,5.5,100
MIN,2024-11-23T21:00Z,401687918,CGY,2024,Minnesota Wild,3,Calgary Flames,4,-115,-115,-145,-105,-105,125,False,ESPN BET,1,-110,5,SO,200,-275,1.5,Final/SO,5.5,-110
SEA,2024-11-23T21:00Z,401687919,LA,2024,Seattle Kraken,1,Los Angeles Kings,2,145,145,135,-170,-170,-155,False,ESPN BET,1,100,3,REG,-180,150,-1.5,Final,5.5,-120
COL,2024-11-23T23:00Z,401687920,FLA,2024,Colorado Avalanche,7,Florida Panthers,4,110,110,115,-130,-130,-135,False,ESPN BET,1,110,3,REG,-250,185,-1.5,Final,6.5,-130
VGK,2024-11-24T00:00Z,401687921,MTL,2024,Vegas Golden Knights,6,Montreal Canadiens,2,-175,-175,-165,150,150,140,False,ESPN BET,1,110,3,REG,135,-160,1.5,Final,6.5,-130
VAN,2024-11-24T00:00Z,401687922,OTT,2024,Vancouver Canucks,4,Ottawa Senators,3,120,120,110,-140,-140,-130,False,ESPN BET,1,115,3,REG,-215,170,-1.5,Final,6.5,-135
BOS,2024-11-24T00:00Z,401687923,DET,2024,Boston Bruins,2,Detroit Red Wings,1,-140,-140,-135,120,120,115,False,ESPN BET,1,-120,3,REG,180,-235,1.5,Final,5.5,100
DAL,2024-11-24T00:00Z,401687924,TB,2024,Dallas Stars,4,Tampa Bay Lightning,2,-120,-120,-115,100,100,-105,False,ESPN BET,1,115,3,REG,190,-265,1.5,Final,6.5,-135
UTAH,2024-11-24T00:00Z,401687925,PIT,2024,Utah Hockey Club,6,Pittsburgh Penguins,1,-130,-130,-105,110,110,-115,False,ESPN BET,1,105,3,REG,180,-235,1.5,Final,6.5,-125
NJ,2024-11-24T00:00Z,401687926,WSH,2024,New Jersey Devils,3,Washington Capitals,2,-145,-145,-135,125,125,115,False,ESPN BET,1,110,3,REG,160,-190,1.5,Final,6.5,-130
CAR,2024-11-24T00:00Z,401687927,CBJ,2024,Carolina Hurricanes,4,Columbus Blue Jackets,5,-240,-240,-250,200,200,210,False,ESPN BET,1,-110,5,SO,105,-125,1.5,Final/SO,6.5,-110
WPG,2024-11-24T00:00Z,401687928,NSH,2024,Winnipeg Jets,1,Nashville Predators,4,115,115,105,-135,-135,-125,False,ESPN BET,1,-115,3,REG,-225,175,-1.5,Final,6.5,-105
STL,2024-11-24T00:30Z,401687929,NYI,2024,St. Louis Blues,1,New York Islanders,3,140,140,145,-165,-165,-170,False,ESPN BET,1,-110,3,REG,-190,160,-1.5,Final,5.5,-110
BUF,2024-11-24T01:00Z,401687930,SJ,2024,Buffalo Sabres,4,San Jose Sharks,2,-135,-135,-155,115,115,135,False,ESPN BET,1,105,3,REG,165,-200,1.5,Final,6.5,-125
NYR,2024-11-24T03:00Z,401687931,EDM,2024,New York Rangers,2,Edmonton Oilers,6,125,125,120,-145,-145,-140,False,ESPN BET,1,-130,3,REG,-215,170,-1.5,Final,6.5,110
UTAH,2024-11-25T00:00Z,401687932,TOR,2024,Utah Hockey Club,2,Toronto Maple Leafs,3,165,165,155,-195,-195,-185,False,ESPN BET,1,-125,3,REG,-160,135,-1.5,Final,5.5,105
COL,2024-11-26T00:00Z,401687933,TB,2024,Colorado Avalanche,2,Tampa Bay Lightning,8,100,100,-110,-120,-120,-110,False,ESPN BET,1,-105,3,REG,-265,190,-1.5,Final,6.5,-115
WSH,2024-11-26T00:00Z,401687934,FLA,2024,Washington Capitals,4,Florida Panthers,1,145,145,160,-170,-170,-190,False,ESPN BET,1,-130,3,REG,-175,145,-1.5,Final,5.5,110
NSH,2024-11-26T00:00Z,401687935,NJ,2024,Nashville Predators,2,New Jersey Devils,5,115,115,135,-135,-135,-155,False,ESPN BET,1,110,3,REG,-215,170,-1.5,Final,6.5,-130
STL,2024-11-26T00:00Z,401687936,NYR,2024,St. Louis Blues,5,New York Rangers,2,180,180,200,-215,-215,-240,False,ESPN BET,1,-145,3,REG,-145,120,-1.5,Final,5.5,120
VGK,2024-11-26T00:00Z,401687937,PHI,2024,Vegas Golden Knights,5,Philadelphia Flyers,4,-130,-130,-140,110,110,120,False,ESPN BET,1,105,5,SO,175,-225,1.5,Final/SO,6.5,-125
DAL,2024-11-26T00:00Z,401687938,CAR,2024,Dallas Stars,4,Carolina Hurricanes,6,110,110,105,-130,-130,-125,False,ESPN BET,1,-105,3,REG,-265,190,-1.5,Final,6.5,-115
CGY,2024-11-26T00:30Z,401687939,OTT,2024,Calgary Flames,3,Ottawa Senators,4,135,135,125,-160,-160,-145,False,ESPN BET,1,-130,3,REG,-190,160,-1.5,Final,5.5,110
DET,2024-11-26T00:30Z,401687940,NYI,2024,Detroit Red Wings,4,New York Islanders,2,135,135,140,-155,-155,-165,False,ESPN BET,1,-115,3,REG,-190,160,-1.5,Final,5.5,-105
WPG,2024-11-26T01:00Z,401687941,MIN,2024,Winnipeg Jets,4,Minnesota Wild,1,-120,-120,-125,100,100,105,False,ESPN BET,1,-125,3,REG,210,-300,1.5,Final,5.5,105
SEA,2024-11-26T03:00Z,401687942,ANA,2024,Seattle Kraken,3,Anaheim Ducks,2,-155,-155,-145,135,135,125,False,ESPN BET,1,-125,3,REG,165,-200,1.5,Final,5.5,105
LA,2024-11-26T03:30Z,401687943,SJ,2024,Los Angeles Kings,2,San Jose Sharks,7,-240,-240,-250,200,200,210,False,ESPN BET,1,-115,3,REG,110,-130,1.5,Final,5.5,-105
VAN,2024-11-27T00:00Z,401687944,BOS,2024,Vancouver Canucks,2,Boston Bruins,0,100,100,110,-120,-120,-130,False,ESPN BET,1,100,3,REG,-275,200,-1.5,Final,5.5,-120
UTAH,2024-11-27T00:00Z,401687945,MTL,2024,Utah Hockey Club,3,Montreal Canadiens,2,-135,-135,-140,115,115,120,False,ESPN BET,1,110,4,OT,180,-235,1.5,Final/OT,6.5,-130
MIN,2024-11-28T00:00Z,401687946,BUF,2024,Minnesota Wild,1,Buffalo Sabres,0,-145,-145,-130,125,125,110,False,ESPN BET,1,-120,3,REG,170,-215,1.5,Final,5.5,100
STL,2024-11-28T00:00Z,401687947,NJ,2024,St. Louis Blues,3,New Jersey Devils,0,180,180,175,-215,-215,-210,False,ESPN BET,1,-135,3,REG,-135,115,-1.5,Final,5.5,115
NYR,2024-11-28T00:00Z,401687948,CAR,2024,New York Rangers,3,Carolina Hurricanes,4,155,155,120,-185,-185,-140,False,ESPN BET,1,-125,3,REG,-155,130,-1.5,Final,6.5,105
CGY,2024-11-28T00:30Z,401687949,DET,2024,Calgary Flames,1,Detroit Red Wings,2,-115,-115,105,-105,-105,-125,False,ESPN BET,1,-120,4,OT,210,-300,1.5,Final/OT,5.5,100
WSH,2024-11-28T00:30Z,401687950,TB,2024,Washington Capitals,5,Tampa Bay Lightning,4,135,135,120,-155,-155,-140,False,ESPN BET,1,110,3,REG,-200,165,-1.5,Final,6.5,-130
TOR,2024-11-28T00:30Z,401687951,FLA,2024,Toronto Maple Leafs,1,Florida Panthers,5,135,135,120,-155,-155,-140,False,ESPN BET,1,-120,3,REG,-215,170,-1.5,Final,5.5,100
BOS,2024-11-28T00:30Z,401687952,NYI,2024,Boston Bruins,6,New York Islanders,3,115,115,105,-135,-135,-125,False,ESPN BET,1,100,3,REG,-250,185,-1.5,Final,5.5,-120
VAN,2024-11-28T00:30Z,401687953,PIT,2024,Vancouver Canucks,4,Pittsburgh Penguins,5,-115,-115,-125,-105,-105,105,False,ESPN BET,1,110,3,REG,200,-275,1.5,Final,6.5,-130
MTL,2024-11-28T00:30Z,401687954,CBJ,2024,Montreal Canadiens,4,Columbus Blue Jackets,3,160,160,130,-190,-190,-150,False,ESPN BET,1,-125,4,OT,-150,125,-1.5,Final/OT,6.5,105
PHI,2024-11-28T01:00Z,401687955,NSH,2024,Philadelphia Flyers,3,Nashville Predators,2,150,150,145,-175,-175,-170,False,ESPN BET,1,-125,4,OT,-180,150,-1.5,Final/OT,5.5,105
DAL,2024-11-28T01:30Z,401687956,CHI,2024,Dallas Stars,2,Chicago Blackhawks,6,-240,-240,-225,200,200,190,False,ESPN BET,1,115,3,REG,110,-130,1.5,Final,6.5,-135
VGK,2024-11-28T03:00Z,401687957,COL,2024,Vegas Golden Knights,1,Colorado Avalanche,2,140,140,135,-165,-165,-155,False,ESPN BET,1,-125,5,SO,-165,140,-1.5,Final/SO,6.5,105
WPG,2024-11-28T03:00Z,401687958,LA,2024,Winnipeg Jets,1,Los Angeles Kings,4,-120,-120,-120,100,100,100,False,ESPN BET,1,-110,3,REG,200,-275,1.5,Final,5.5,-110
ANA,2024-11-28T03:00Z,401687959,SEA,2024,Anaheim Ducks,5,Seattle Kraken,2,170,170,170,-200,-200,-200,False,ESPN BET,1,-130,3,REG,-150,125,-1.5,Final,5.5,110
OTT,2024-11-28T03:30Z,401687960,SJ,2024,Ottawa Senators,4,San Jose Sharks,3,-250,-250,-195,210,210,165,False,ESPN BET,1,115,3,REG,110,-130,1.5,Final,6.5,-135
NYR,2024-11-29T18:00Z,401687961,PHI,2024,New York Rangers,1,Philadelphia Flyers,3,-155,-155,-155,130,130,135,False,ESPN BET,1,100,3,REG,160,-190,1.5,Final,6.5,-120
CHI,2024-11-29T19:00Z,401687962,MIN,2024,Chicago Blackhawks,2,Minnesota Wild,3,200,200,200,-240,-240,-240,False,ESPN BET,1,-115,3,REG,-130,110,-1.5,Final,5.5,-105
VAN,2024-11-29T20:00Z,401687963,BUF,2024,Vancouver Canucks,4,Buffalo Sabres,3,-110,-110,-125,-110,-110,105,False,ESPN BET,1,-115,4,OT,210,-300,1.5,Final/OT,5.5,-105
NJ,2024-11-29T20:00Z,401687964,DET,2024,New Jersey Devils,5,Detroit Red Wings,4,-195,-195,-175,165,165,150,False,ESPN BET,1,-135,3,REG,130,-155,1.5,Final,5.5,115
NYI,2024-11-29T20:00Z,401687965,WSH,2024,New York Islanders,4,Washington Capitals,5,130,130,125,-150,-150,-145,False,ESPN BET,1,-130,4,OT,-215,170,-1.5,Final/OT,5.5,110
FLA,2024-11-29T20:00Z,401687966,CAR,2024,Florida Panthers,6,Carolina Hurricanes,3,140,140,115,-165,-165,-135,False,ESPN BET,1,-145,3,REG,-190,160,-1.5,Final,5.5,120
CGY,2024-11-29T20:00Z,401687967,CBJ,2024,Calgary Flames,2,Columbus Blue Jackets,5,-110,-110,-115,-110,-110,-105,False,ESPN BET,1,100,3,REG,-275,200,-1.5,Final,6.5,-120
TB,2024-11-29T20:00Z,401687968,NSH,2024,Tampa Bay Lightning,3,Nashville Predators,2,110,110,-105,-130,-130,-115,False,ESPN BET,1,-125,4,OT,-225,175,-1.5,Final/OT,6.5,105
LA,2024-11-29T20:30Z,401687969,ANA,2024,Los Angeles Kings,2,Anaheim Ducks,1,-215,-215,-190,180,180,160,False,ESPN BET,1,-120,3,REG,120,-145,1.5,Final,5.5,100
SEA,2024-11-29T20:30Z,401687970,SJ,2024,Seattle Kraken,5,San Jose Sharks,8,-150,-150,-165,130,130,140,False,ESPN BET,1,-130,3,REG,160,-190,1.5,Final,5.5,110
PIT,2024-11-29T23:30Z,401687971,BOS,2024,Pittsburgh Penguins,2,Boston Bruins,1,145,145,150,-170,-170,-175,False,ESPN BET,1,-120,3,REG,-165,140,-1.5,Final,5.5,100
WPG,2024-11-30T01:30Z,401687973,VGK,2024,Winnipeg Jets,3,Vegas Golden Knights,4,-105,-105,-105,-115,-115,-115,False,ESPN BET,1,110,3,REG,-300,210,-1.5,Final,6.5,-130
COL,2024-11-30T02:00Z,401687972,DAL,2024,Colorado Avalanche,3,Dallas Stars,5,115,115,110,-135,-135,-130,False,ESPN BET,1,100,3,REG,-235,180,-1.5,Final,6.5,-120
EDM,2024-11-30T02:00Z,401687974,UTAH,2024,Edmonton Oilers,4,Utah Hockey Club,3,-165,-150,-155,140,130,135,False,ESPN BET,1,105,4,OT,160,-190,1.5,Final/OT,6.5,-125
MTL,2024-11-30T18:00Z,401687975,NYR,2024,Montreal Canadiens,3,New York Rangers,4,155,155,190,-185,-185,-225,False,ESPN BET,1,-105,3,REG,-160,135,-1.5,Final,6.5,-115
CAR,2024-11-30T21:00Z,401687976,FLA,2024,Carolina Hurricanes,0,Florida Panthers,6,-125,-125,115,105,105,-135,False,ESPN BET,1,-105,3,REG,185,-250,1.5,Final,6.5,-115
TOR,2024-12-01T00:00Z,401687977,TB,2024,Toronto Maple Leafs,5,Tampa Bay Lightning,3,-165,-165,-125,140,140,105,False,ESPN BET,1,-135,3,REG,160,-190,1.5,Final,5.5,115
WSH,2024-12-01T00:00Z,401687978,NJ,2024,Washington Capitals,6,New Jersey Devils,5,135,135,160,-155,-155,-190,False,ESPN BET,1,105,3,REG,-180,150,-1.5,Final,6.5,-125
CGY,2024-12-01T00:00Z,401687979,PIT,2024,Calgary Flames,2,Pittsburgh Penguins,6,-110,-110,105,-110,-110,-125,False,ESPN BET,1,105,3,REG,200,-275,1.5,Final,6.5,-125
PHI,2024-12-01T00:00Z,401687980,STL,2024,Philadelphia Flyers,3,St. Louis Blues,2,115,115,120,-135,-135,-140,False,ESPN BET,1,-125,4,OT,-235,180,-1.5,Final/OT,5.5,105
OTT,2024-12-01T00:00Z,401687981,LA,2024,Ottawa Senators,2,Los Angeles Kings,5,-105,-105,105,-115,-115,-125,False,ESPN BET,1,-125,3,REG,-300,210,-1.5,Final,5.5,105
BUF,2024-12-01T00:30Z,401687982,NYI,2024,Buffalo Sabres,0,New York Islanders,3,105,105,110,-125,-125,-130,False,ESPN BET,1,-120,3,REG,-265,190,-1.5,Final,5.5,100
NSH,2024-12-01T01:00Z,401687983,MIN,2024,Nashville Predators,2,Minnesota Wild,3,115,115,130,-135,-135,-150,False,ESPN BET,1,-120,4,OT,-250,185,-1.5,Final/OT,5.5,100
EDM,2024-12-01T03:00Z,401687984,COL,2024,Edmonton Oilers,4,Colorado Avalanche,1,110,110,105,-130,-130,-125,False,ESPN BET,1,-120,3,REG,-235,180,-1.5,Final,6.5,100
UTAH,2024-12-01T03:00Z,401687985,VGK,2024,Utah Hockey Club,6,Vegas Golden Knights,0,130,130,155,-150,-150,-185,False,ESPN BET,1,-110,3,REG,-190,160,-1.5,Final,6.5,-110
SJ,2024-12-01T03:00Z,401687986,SEA,2024,San Jose Sharks,4,Seattle Kraken,2,190,190,175,-225,-225,-210,False,ESPN BET,1,-120,3,REG,-135,115,-1.5,Final,5.5,100
VAN,2024-12-01T17:30Z,401687987,DET,2024,Vancouver Canucks,5,Detroit Red Wings,4,-130,-130,-140,110,110,120,False,ESPN BET,1,-115,4,OT,185,-250,1.5,Final/OT,5.5,-105
MTL,2024-12-01T20:00Z,401687988,BOS,2024,Montreal Canadiens,3,Boston Bruins,6,215,215,190,-260,-260,-225,False,ESPN BET,1,-120,3,REG,-125,105,-1.5,Final,5.5,100
CBJ,2024-12-01T20:00Z,401687989,CHI,2024,Columbus Blue Jackets,6,Chicago Blackhawks,3,-145,-145,-120,125,125,100,False,ESPN BET,1,-110,3,REG,180,-235,1.5,Final,6.5,-110
WPG,2024-12-01T21:30Z,401687990,DAL,2024,Winnipeg Jets,1,Dallas Stars,3,130,130,120,-155,-155,-140,False,ESPN BET,1,-130,3,REG,-200,165,-1.5,Final,5.5,110
OTT,2024-12-02T01:00Z,401687991,ANA,2024,Ottawa Senators,3,Anaheim Ducks,4,-165,-165,-165,140,140,140,False,ESPN BET,1,115,5,SO,145,-175,1.5,Final/SO,6.5,-135
NJ,2024-12-03T00:00Z,401687992,NYR,2024,New Jersey Devils,5,New York Rangers,1,-125,-125,-115,105,105,-105,False,ESPN BET,1,-110,3,REG,190,-265,1.5,Final,6.5,-110
CHI,2024-12-03T00:30Z,401687993,TOR,2024,Chicago Blackhawks,1,Toronto Maple Leafs,4,320,320,280,-425,-425,-360,False,ESPN BET,1,-135,3,REG,-145,120,-2.5,Final,5.5,115
DAL,2024-12-03T02:00Z,401687994,UTAH,2024,Dallas Stars,2,Utah Hockey Club,1,-125,-125,-140,105,105,120,False,ESPN BET,1,105,3,REG,185,-250,1.5,Final,6.5,-125
DET,2024-12-04T00:00Z,401687995,BOS,2024,Detroit Red Wings,2,Boston Bruins,3,145,145,165,-170,-170,-195,False,ESPN BET,1,115,4,OT,-175,145,-1.5,Final/OT,6.5,-135
COL,2024-12-04T00:00Z,401687996,BUF,2024,Colorado Avalanche,5,Buffalo Sabres,4,-155,-165,-140,135,140,120,False,ESPN BET,1,-115,3,REG,175,-225,1.5,Final,5.5,-105
NYI,2024-12-04T00:00Z,401687997,MTL,2024,New York Islanders,1,Montreal Canadiens,2,-135,-135,-145,115,115,125,False,ESPN BET,1,-105,4,OT,180,-235,1.5,Final/OT,5.5,-115
FLA,2024-12-04T00:00Z,401687998,PIT,2024,Florida Panthers,4,Pittsburgh Penguins,5,-175,-175,-175,150,150,150,False,ESPN BET,1,-105,4,OT,145,-175,1.5,Final/OT,6.5,-115
SJ,2024-12-04T00:00Z,401687999,WSH,2024,San Jose Sharks,2,Washington Capitals,1,225,225,240,-275,-275,-290,False,ESPN BET,1,110,4,OT,-110,-110,-1.5,Final/OT,6.5,-130
SEA,2024-12-04T00:00Z,401688000,CAR,2024,Seattle Kraken,4,Carolina Hurricanes,2,230,230,230,-280,-280,-280,False,ESPN BET,1,110,3,REG,-110,-110,-1.5,Final,6.5,-130
VAN,2024-12-04T01:00Z,401688001,MIN,2024,Vancouver Canucks,2,Minnesota Wild,3,125,125,125,-145,-145,-145,False,ESPN BET,1,-105,4,OT,-225,175,-1.5,Final/OT,5.5,-115
STL,2024-12-04T01:00Z,401688002,WPG,2024,St. Louis Blues,4,Winnipeg Jets,1,180,180,180,-215,-215,-215,False,ESPN BET,1,-105,3,REG,-145,120,-1.5,Final,5.5,-115
CBJ,2024-12-04T02:00Z,401688003,CGY,2024,Columbus Blue Jackets,0,Calgary Flames,3,125,125,120,-145,-145,-140,False,ESPN BET,1,100,3,REG,-215,170,-1.5,Final,6.5,-120
EDM,2024-12-04T03:00Z,401688004,VGK,2024,Edmonton Oilers,0,Vegas Golden Knights,1,-135,-135,-125,115,115,105,False,ESPN BET,1,-110,3,REG,170,-215,1.5,Final,6.5,-110
NSH,2024-12-05T00:30Z,401688005,TOR,2024,Nashville Predators,2,Toronto Maple Leafs,3,120,120,140,-140,-140,-165,False,ESPN BET,1,-130,3,REG,-215,170,-1.5,Final,5.5,110
BOS,2024-12-05T00:30Z,401688006,CHI,2024,Boston Bruins,4,Chicago Blackhawks,2,-145,-145,-165,125,125,140,False,ESPN BET,1,105,3,REG,165,-200,1.5,Final,5.5,-125
VGK,2024-12-05T03:00Z,401688007,ANA,2024,Vegas Golden Knights,4,Anaheim Ducks,1,-145,-145,-170,125,125,145,False,ESPN BET,1,100,3,REG,160,-190,1.5,Final,6.5,-120
DAL,2024-12-05T03:00Z,401688008,LA,2024,Dallas Stars,2,Los Angeles Kings,3,-115,-115,-125,-105,-105,105,False,ESPN BET,1,-110,3,REG,210,-300,1.5,Final,5.5,-110
WPG,2024-12-06T00:00Z,401688009,BUF,2024,Winnipeg Jets,3,Buffalo Sabres,2,-145,-145,-140,125,125,120,False,ESPN BET,1,-115,4,OT,175,-225,1.5,Final/OT,5.5,-105
NSH,2024-12-06T00:00Z,401688010,MTL,2024,Nashville Predators,0,Montreal Canadiens,3,-130,-130,-135,110,110,115,False,ESPN BET,1,105,3,REG,175,-225,1.5,Final,6.5,-125
DET,2024-12-06T00:00Z,401688011,OTT,2024,Detroit Red Wings,1,Ottawa Senators,2,155,155,150,-185,-185,-175,False,ESPN BET,1,100,3,REG,-165,140,-1.5,Final,6.5,-120
SJ,2024-12-06T00:00Z,401688012,TB,2024,San Jose Sharks,1,Tampa Bay Lightning,8,220,220,225,-270,-270,-275,False,ESPN BET,1,105,3,REG,-115,-105,-1.5,Final,6.5,-125
FLA,2024-12-06T00:00Z,401688013,PHI,2024,Florida Panthers,7,Philadelphia Flyers,5,-190,-190,-165,155,155,140,False,ESPN BET,1,105,3,REG,145,-175,1.5,Final,6.5,-125
COL,2024-12-06T00:00Z,401688014,CAR,2024,Colorado Avalanche,3,Carolina Hurricanes,5,125,125,130,-145,-145,-150,False,ESPN BET,1,-110,3,REG,-180,150,-1.5,Final,6.5,-110
SEA,2024-12-06T00:30Z,401688015,NYI,2024,Seattle Kraken,5,New York Islanders,2,110,110,110,-130,-130,-130,False,ESPN BET,1,110,3,REG,-250,185,-1.5,Final,5.5,-130
STL,2024-12-06T02:00Z,401688016,CGY,2024,St. Louis Blues,4,Calgary Flames,3,105,105,110,-125,-125,-130,False,ESPN BET,1,-115,4,OT,-250,185,-1.5,Final/OT,5.5,-105
CBJ,2024-12-06T02:00Z,401688017,EDM,2024,Columbus Blue Jackets,3,Edmonton Oilers,6,240,240,225,-295,-295,-275,False,ESPN BET,1,-135,3,REG,-105,-115,-1.5,Final,6.5,115
WSH,2024-12-07T00:00Z,401688018,TOR,2024,Washington Capitals,3,Toronto Maple Leafs,1,125,125,125,-145,-145,-145,False,ESPN BET,1,110,3,REG,-200,165,-1.5,Final,6.5,-130
SEA,2024-12-07T00:00Z,401688019,NJ,2024,Seattle Kraken,2,New Jersey Devils,3,220,220,210,-270,-270,-250,False,ESPN BET,1,120,3,REG,-110,-110,-1.5,Final,6.5,-145
PIT,2024-12-07T00:30Z,401688020,NYR,2024,Pittsburgh Penguins,2,New York Rangers,4,175,175,160,-210,-210,-190,False,ESPN BET,1,-125,3,REG,-150,125,-1.5,Final,6.5,105
CBJ,2024-12-07T03:00Z,401688021,VAN,2024,Columbus Blue Jackets,2,Vancouver Canucks,5,190,190,180,-225,-225,-215,False,ESPN BET,1,105,3,REG,-130,110,-1.5,Final,6.5,-125
DAL,2024-12-07T03:00Z,401688022,VGK,2024,Dallas Stars,2,Vegas Golden Knights,3,-150,-150,-110,130,130,-110,False,ESPN BET,1,115,3,REG,175,-225,1.5,Final,6.5,-135
MIN,2024-12-07T03:00Z,401688023,ANA,2024,Minnesota Wild,5,Anaheim Ducks,1,-195,-195,-200,165,165,170,False,ESPN BET,1,-135,3,REG,130,-155,1.5,Final,5.5,115
PHI,2024-12-07T18:00Z,401688024,BOS,2024,Philadelphia Flyers,3,Boston Bruins,4,130,135,145,-150,-155,-170,False,ESPN BET,1,-120,4,OT,-215,170,-1.5,Final/OT,5.5,100
UTAH,2024-12-07T18:00Z,401688025,BUF,2024,Utah Hockey Club,5,Buffalo Sabres,2,100,100,105,-120,-120,-125,False,ESPN BET,1,110,3,REG,-300,210,-1.5,Final,6.5,-130
WPG,2024-12-07T21:00Z,401688026,CHI,2024,Winnipeg Jets,4,Chicago Blackhawks,2,-200,-200,-200,170,170,170,False,ESPN BET,1,-115,3,REG,135,-160,1.5,Final,5.5,-105
CAR,2024-12-07T22:00Z,401688032,NYI,2024,Carolina Hurricanes,3,New York Islanders,4,-195,-195,-170,165,165,145,False,ESPN BET,1,-130,3,REG,130,-155,1.5,Final,5.5,110
SJ,2024-12-07T23:00Z,401688027,FLA,2024,San Jose Sharks,1,Florida Panthers,3,300,300,320,-400,-400,-425,False,ESPN BET,1,-105,3,REG,115,-135,-1.5,Final,6.5,-115
WSH,2024-12-08T00:00Z,401688028,MTL,2024,Washington Capitals,4,Montreal Canadiens,2,-145,-145,-150,125,125,130,False,ESPN BET,1,-140,3,REG,170,-215,1.5,Final,5.5,115
NSH,2024-12-08T00:00Z,401688029,OTT,2024,Nashville Predators,1,Ottawa Senators,3,105,105,110,-125,-125,-130,False,ESPN BET,1,-125,3,REG,-250,185,-1.5,Final,5.5,105
COL,2024-12-08T00:00Z,401688030,DET,2024,Colorado Avalanche,2,Detroit Red Wings,1,-210,-210,-175,175,175,150,False,ESPN BET,1,-125,3,REG,120,-145,1.5,Final,6.5,105
TOR,2024-12-08T00:00Z,401688031,PIT,2024,Toronto Maple Leafs,2,Pittsburgh Penguins,5,-170,-170,-155,145,145,135,False,ESPN BET,1,105,3,REG,150,-180,1.5,Final,6.5,-125
MIN,2024-12-08T01:00Z,401688033,LA,2024,Minnesota Wild,1,Los Angeles Kings,4,145,145,120,-175,-175,-140,False,ESPN BET,1,-105,3,REG,-190,160,-1.5,Final,5.5,-115
STL,2024-12-08T03:00Z,401688034,EDM,2024,St. Louis Blues,2,Edmonton Oilers,4,225,225,210,-275,-275,-250,False,ESPN BET,1,105,3,REG,-115,-105,-1.5,Final,6.5,-125
SEA,2024-12-08T18:00Z,401688035,NYR,2024,Seattle Kraken,7,New York Rangers,5,130,130,160,-150,-150,-190,False,ESPN BET,1,-135,3,REG,-215,170,-1.5,Final,5.5,115
TB,2024-12-08T21:00Z,401688036,VAN,2024,Tampa Bay Lightning,4,Vancouver Canucks,2,-125,-125,100,105,105,-120,False,ESPN BET,1,110,3,REG,200,-275,1.5,Final,6.5,-130
NYI,2024-12-08T22:00Z,401688037,OTT,2024,New York Islanders,4,Ottawa Senators,2,110,115,125,-130,-135,-145,False,ESPN BET,1,-120,3,REG,-265,190,-1.5,Final,5.5,100
CBJ,2024-12-08T23:00Z,401688038,WPG,2024,Columbus Blue Jackets,4,Winnipeg Jets,1,135,135,155,-155,-155,-185,False,ESPN BET,1,-105,3,REG,-180,150,-1.5,Final,6.5,-115
COL,2024-12-09T00:00Z,401688039,NJ,2024,Colorado Avalanche,4,New Jersey Devils,0,140,140,130,-165,-165,-150,False,ESPN BET,1,-130,3,REG,-180,150,-1.5,Final,6.5,110
UTAH,2024-12-09T00:30Z,401688040,PHI,2024,Utah Hockey Club,4,Philadelphia Flyers,2,-105,-105,100,-115,-115,-120,False,ESPN BET,1,-130,3,REG,-325,220,-1.5,Final,5.5,110
CGY,2024-12-09T01:00Z,401688041,DAL,2024,Calgary Flames,2,Dallas Stars,6,180,180,195,-215,-215,-230,False,ESPN BET,1,120,3,REG,-130,110,-1.5,Final,6.5,-145
DET,2024-12-10T00:00Z,401688042,BUF,2024,Detroit Red Wings,6,Buffalo Sabres,5,105,105,125,-125,-125,-145,False,ESPN BET,1,105,5,SO,-265,190,-1.5,Final/SO,6.5,-125
CHI,2024-12-10T00:00Z,401688043,NYR,2024,Chicago Blackhawks,2,New York Rangers,1,215,215,210,-260,-260,-250,False,ESPN BET,1,120,3,REG,-120,100,-1.5,Final,6.5,-145
ANA,2024-12-10T00:30Z,401688044,MTL,2024,Anaheim Ducks,2,Montreal Canadiens,3,135,135,125,-155,-155,-145,False,ESPN BET,1,110,5,SO,-190,160,-1.5,Final/SO,6.5,-130
TOR,2024-12-11T00:00Z,401688045,NJ,2024,Toronto Maple Leafs,2,New Jersey Devils,1,115,115,115,-135,-135,-135,False,ESPN BET,1,110,4,OT,-215,170,-1.5,Final/OT,6.5,-130
COL,2024-12-11T00:00Z,401688046,PIT,2024,Colorado Avalanche,6,Pittsburgh Penguins,2,-185,-185,-170,155,155,145,False,ESPN BET,1,-125,3,REG,130,-155,1.5,Final,6.5,105
SJ,2024-12-11T00:00Z,401688047,CAR,2024,San Jose Sharks,2,Carolina Hurricanes,3,380,380,340,-550,-550,-450,False,ESPN BET,1,-110,3,REG,-115,-105,-2.5,Final,6.5,-110
PHI,2024-12-11T00:00Z,401688048,CBJ,2024,Philadelphia Flyers,5,Columbus Blue Jackets,3,-125,-125,100,105,105,-120,False,ESPN BET,1,-115,3,REG,180,-235,1.5,Final,6.5,-105
LA,2024-12-11T00:30Z,401688049,NYI,2024,Los Angeles Kings,3,New York Islanders,1,-130,-130,-130,110,110,110,False,ESPN BET,1,110,3,REG,185,-250,1.5,Final,5.5,-130
CGY,2024-12-11T01:00Z,401688050,NSH,2024,Calgary Flames,4,Nashville Predators,3,155,155,130,-185,-185,-150,False,ESPN BET,1,-125,3,REG,-175,145,-1.5,Final,5.5,105
BOS,2024-12-11T01:00Z,401688051,WPG,2024,Boston Bruins,1,Winnipeg Jets,8,115,115,115,-135,-135,-135,False,ESPN BET,1,105,3,REG,-235,180,-1.5,Final,5.5,-125
TB,2024-12-11T02:00Z,401688052,EDM,2024,Tampa Bay Lightning,1,Edmonton Oilers,2,130,135,125,-150,-155,-145,False,ESPN BET,1,-115,3,REG,-180,150,-1.5,Final,6.5,-105
MIN,2024-12-11T02:30Z,401688053,UTAH,2024,Minnesota Wild,5,Utah Hockey Club,4,-105,-105,-125,-115,-115,105,False,ESPN BET,1,-110,5,SO,-275,200,-1.5,Final/SO,5.5,-110
STL,2024-12-11T03:00Z,401688054,VAN,2024,St. Louis Blues,4,Vancouver Canucks,3,145,145,155,-170,-170,-185,False,ESPN BET,1,-110,4,OT,-180,150,-1.5,Final/OT,5.5,-110
FLA,2024-12-11T03:00Z,401688055,SEA,2024,Florida Panthers,2,Seattle Kraken,1,-195,-195,-175,165,165,150,False,ESPN BET,1,-125,5,SO,130,-155,1.5,Final/SO,5.5,105
NYR,2024-12-12T00:00Z,401688056,BUF,2024,New York Rangers,3,Buffalo Sabres,2,-145,-145,-140,125,125,120,False,ESPN BET,1,110,3,REG,165,-200,1.5,Final,6.5,-130
ANA,2024-12-12T00:30Z,401688057,OTT,2024,Anaheim Ducks,1,Ottawa Senators,5,200,200,195,-240,-240,-230,False,ESPN BET,1,115,3,REG,-130,110,-1.5,Final,6.5,-135
ANA,2024-12-13T00:00Z,401688058,TOR,2024,Anaheim Ducks,2,Toronto Maple Leafs,3,340,340,320,-450,-450,-425,False,ESPN BET,1,-140,3,REG,-150,125,-2.5,Final,5.5,120
PIT,2024-12-13T00:00Z,401688059,MTL,2024,Pittsburgh Penguins,9,Montreal Canadiens,2,-120,-120,-125,100,100,105,False,ESPN BET,1,-115,3,REG,185,-250,1.5,Final,6.5,-105
LA,2024-12-13T00:00Z,401688060,NJ,2024,Los Angeles Kings,1,New Jersey Devils,3,135,135,130,-160,-160,-150,False,ESPN BET,1,-120,3,REG,-190,160,-1.5,Final,5.5,100
DET,2024-12-13T00:00Z,401688061,PHI,2024,Detroit Red Wings,1,Philadelphia Flyers,4,100,100,120,-120,-120,-140,False,ESPN BET,1,115,3,REG,-275,200,-1.5,Final,6.5,-135
WSH,2024-12-13T00:00Z,401688062,CBJ,2024,Washington Capitals,2,Columbus Blue Jackets,1,-175,-175,-150,150,150,130,False,ESPN BET,1,-115,4,OT,145,-175,1.5,Final/OT,6.5,-105
CHI,2024-12-13T00:30Z,401688063,NYI,2024,Chicago Blackhawks,4,New York Islanders,5,165,165,160,-200,-200,-190,False,ESPN BET,1,-105,3,REG,-160,135,-1.5,Final,5.5,-115
SJ,2024-12-13T01:00Z,401688064,STL,2024,San Jose Sharks,4,St. Louis Blues,3,155,155,170,-185,-185,-200,False,ESPN BET,1,-125,3,REG,-160,135,-1.5,Final,5.5,105
NSH,2024-12-13T01:00Z,401688065,DAL,2024,Nashville Predators,4,Dallas Stars,1,175,175,170,-210,-210,-200,False,ESPN BET,1,105,3,REG,-150,125,-1.5,Final,6.5,-125
VGK,2024-12-13T01:00Z,401688067,WPG,2024,Vegas Golden Knights,3,Winnipeg Jets,2,105,105,110,-125,-125,-130,False,ESPN BET,1,-110,4,OT,-265,190,-1.5,Final/OT,5.5,-110
EDM,2024-12-13T01:30Z,401688066,MIN,2024,Edmonton Oilers,7,Minnesota Wild,1,-140,-145,-130,120,125,110,False,ESPN BET,1,-125,3,REG,180,-235,1.5,Final,5.5,105
UTAH,2024-12-13T02:00Z,401688068,COL,2024,Utah Hockey Club,4,Colorado Avalanche,1,155,155,155,-185,-185,-185,False,ESPN BET,1,-105,3,REG,-165,140,-1.5,Final,6.5,-115
TB,2024-12-13T02:00Z,401688069,CGY,2024,Tampa Bay Lightning,8,Calgary Flames,3,-160,-160,-145,135,135,125,False,ESPN BET,1,115,3,REG,160,-190,1.5,Final,6.5,-135
FLA,2024-12-13T03:00Z,401688070,VAN,2024,Florida Panthers,0,Vancouver Canucks,4,-180,-180,-135,155,155,115,False,ESPN BET,1,-115,3,REG,145,-175,1.5,Final,5.5,-105
BOS,2024-12-13T03:00Z,401688071,SEA,2024,Boston Bruins,1,Seattle Kraken,5,-120,-120,-120,100,100,100,False,ESPN BET,1,-110,3,REG,200,-275,1.5,Final,5.5,-110
OTT,2024-12-14T00:00Z,401688072,CAR,2024,Ottawa Senators,3,Carolina Hurricanes,0,170,170,175,-200,-200,-210,False,ESPN BET,1,110,3,REG,-150,125,-1.5,Final,6.5,-130
CHI,2024-12-14T18:00Z,401688073,NJ,2024,Chicago Blackhawks,1,New Jersey Devils,4,290,290,240,-380,-380,-290,False,ESPN BET,1,-145,3,REG,110,-130,-1.5,Final,5.5,120
LA,2024-12-14T18:00Z,401688074,NYR,2024,Los Angeles Kings,5,New York Rangers,1,100,100,115,-120,-120,-135,False,ESPN BET,1,-110,3,REG,-325,220,-1.5,Final,5.5,-110
PHI,2024-12-14T19:00Z,401688075,MIN,2024,Philadelphia Flyers,1,Minnesota Wild,4,130,130,135,-150,-150,-155,False,ESPN BET,1,-125,3,REG,-190,160,-1.5,Final,5.5,105
VGK,2024-12-14T21:00Z,401688076,EDM,2024,Vegas Golden Knights,3,Edmonton Oilers,6,130,130,130,-150,-150,-150,False,ESPN BET,1,105,3,REG,-200,165,-1.5,Final,6.5,-125
PIT,2024-12-15T00:00Z,401688077,OTT,2024,Pittsburgh Penguins,2,Ottawa Senators,3,110,110,115,-130,-130,-135,False,ESPN BET,1,-105,4,OT,-235,180,-1.5,Final/OT,6.5,-115
TOR,2024-12-15T00:00Z,401688078,DET,2024,Toronto Maple Leafs,2,Detroit Red Wings,4,-185,-185,-175,155,155,150,False,ESPN BET,1,-130,3,REG,145,-175,1.5,Final,5.5,110
BUF,2024-12-15T00:00Z,401688079,WSH,2024,Buffalo Sabres,2,Washington Capitals,4,160,160,155,-190,-190,-185,False,ESPN BET,1,115,3,REG,-160,135,-1.5,Final,6.5,-135
ANA,2024-12-15T00:00Z,401688080,CBJ,2024,Anaheim Ducks,4,Columbus Blue Jackets,3,155,155,140,-185,-185,-165,False,ESPN BET,1,110,4,OT,-175,145,-1.5,Final/OT,6.5,-130
MTL,2024-12-15T00:00Z,401688081,WPG,2024,Montreal Canadiens,2,Winnipeg Jets,4,200,200,210,-240,-240,-250,False,ESPN BET,1,-135,3,REG,-130,110,-1.5,Final,5.5,115
STL,2024-12-15T01:00Z,401688082,DAL,2024,St. Louis Blues,1,Dallas Stars,2,195,195,195,-230,-230,-230,False,ESPN BET,1,-130,4,OT,-135,115,-1.5,Final/OT,5.5,110
NSH,2024-12-15T02:00Z,401688083,COL,2024,Nashville Predators,2,Colorado Avalanche,5,140,140,150,-165,-165,-175,False,ESPN BET,1,115,3,REG,-180,150,-1.5,Final,6.5,-135
FLA,2024-12-15T03:00Z,401688084,CGY,2024,Florida Panthers,0,Calgary Flames,3,-185,-185,-185,155,155,155,False,ESPN BET,1,-115,3,REG,140,-165,1.5,Final,5.5,-105
BOS,2024-12-15T03:00Z,401688085,VAN,2024,Boston Bruins,5,Vancouver Canucks,1,110,110,120,-130,-130,-140,False,ESPN BET,1,-110,3,REG,-250,185,-1.5,Final,5.5,-110
UTAH,2024-12-15T03:00Z,401688086,SJ,2024,Utah Hockey Club,4,San Jose Sharks,3,-190,-190,-165,160,160,140,False,ESPN BET,1,115,3,REG,130,-155,1.5,Final,6.5,-135
TB,2024-12-15T03:00Z,401688087,SEA,2024,Tampa Bay Lightning,5,Seattle Kraken,1,-130,-130,-130,110,110,110,False,ESPN BET,1,100,3,REG,175,-225,1.5,Final,6.5,-120
NYI,2024-12-15T20:00Z,401688088,CHI,2024,New York Islanders,3,Chicago Blackhawks,5,-200,-200,-165,170,170,140,False,ESPN BET,1,100,3,REG,145,-175,1.5,Final,5.5,-120
BUF,2024-12-15T22:00Z,401688089,TOR,2024,Buffalo Sabres,3,Toronto Maple Leafs,5,145,155,165,-170,-185,-195,False,ESPN BET,1,-110,3,REG,-180,150,-1.5,Final,6.5,-110
CBJ,2024-12-15T22:00Z,401688090,CAR,2024,Columbus Blue Jackets,1,Carolina Hurricanes,4,280,280,280,-360,-360,-360,False,ESPN BET,1,-105,3,REG,100,-120,-1.5,Final,6.5,-115
NYR,2024-12-15T23:00Z,401688091,STL,2024,New York Rangers,2,St. Louis Blues,3,-125,-125,-140,105,105,120,False,ESPN BET,1,-125,3,REG,180,-235,1.5,Final,5.5,105
VGK,2024-12-15T23:00Z,401688092,MIN,2024,Vegas Golden Knights,3,Minnesota Wild,2,-120,-120,115,100,100,-135,False,ESPN BET,1,-120,3,REG,200,-275,1.5,Final,5.5,100
WSH,2024-12-17T01:00Z,401688093,DAL,2024,Washington Capitals,1,Dallas Stars,3,135,135,125,-160,-160,-145,False,ESPN BET,1,-125,3,REG,-190,160,-1.5,Final,5.5,105
FLA,2024-12-17T01:30Z,401688094,EDM,2024,Florida Panthers,6,Edmonton Oilers,5,110,110,115,-130,-130,-135,False,ESPN BET,1,-155,3,REG,-235,180,-1.5,Final,5.5,125
COL,2024-12-17T03:30Z,401688095,VAN,2024,Colorado Avalanche,1,Vancouver Canucks,3,-135,-135,-135,115,115,115,False,ESPN BET,1,-135,3,REG,170,-215,1.5,Final,5.5,115
BUF,2024-12-18T00:00Z,401688096,MTL,2024,Buffalo Sabres,1,Montreal Canadiens,6,-130,-130,-130,110,110,110,False,ESPN BET,1,-125,3,REG,185,-250,1.5,Final,5.5,105
CBJ,2024-12-18T00:00Z,401688097,TB,2024,Columbus Blue Jackets,3,Tampa Bay Lightning,5,225,225,200,-275,-275,-240,False,ESPN BET,1,-105,3,REG,-105,-115,-1.5,Final,6.5,-115
LA,2024-12-18T00:00Z,401688098,PIT,2024,Los Angeles Kings,2,Pittsburgh Penguins,3,-150,-150,-140,130,130,120,False,ESPN BET,1,-120,4,OT,175,-225,1.5,Final/OT,5.5,100
NYI,2024-12-18T00:30Z,401688099,CAR,2024,New York Islanders,0,Carolina Hurricanes,4,195,195,190,-230,-230,-225,False,ESPN BET,1,-125,3,REG,-135,115,-1.5,Final,5.5,105
NJ,2024-12-18T01:00Z,401688100,STL,2024,New Jersey Devils,4,St. Louis Blues,1,-185,-185,-155,155,155,135,False,ESPN BET,1,-115,3,REG,140,-165,1.5,Final,5.5,-105
NYR,2024-12-18T01:00Z,401688101,NSH,2024,New York Rangers,0,Nashville Predators,2,120,120,-105,-140,-140,-115,False,ESPN BET,1,-130,3,REG,-215,170,-1.5,Final,5.5,110
WSH,2024-12-18T01:30Z,401688102,CHI,2024,Washington Capitals,2,Chicago Blackhawks,3,-200,-200,-170,170,170,145,False,ESPN BET,1,-120,3,REG,125,-150,1.5,Final,5.5,100
BOS,2024-12-18T02:00Z,401688103,CGY,2024,Boston Bruins,4,Calgary Flames,3,-135,-135,-130,115,115,110,False,ESPN BET,1,-105,4,OT,185,-250,1.5,Final/OT,5.5,-115
OTT,2024-12-18T03:00Z,401688104,SEA,2024,Ottawa Senators,3,Seattle Kraken,0,-135,-135,-115,115,115,-105,False,ESPN BET,1,110,3,REG,185,-250,1.5,Final,5.5,-130
WPG,2024-12-18T03:30Z,401688105,SJ,2024,Winnipeg Jets,4,San Jose Sharks,3,-225,-225,-225,190,190,190,False,ESPN BET,1,-125,3,REG,115,-135,1.5,Final,5.5,105
PHI,2024-12-19T00:00Z,401688106,DET,2024,Philadelphia Flyers,4,Detroit Red Wings,6,-115,-115,105,-105,-105,-125,False,ESPN BET,1,-125,3,REG,-325,220,-1.5,Final,5.5,105
TOR,2024-12-19T00:30Z,401688107,DAL,2024,Toronto Maple Leafs,5,Dallas Stars,3,115,115,115,-135,-135,-135,False,ESPN BET,1,-120,3,REG,-235,180,-1.5,Final,5.5,100
FLA,2024-12-19T02:30Z,401688108,MIN,2024,Florida Panthers,6,Minnesota Wild,1,-150,-150,-130,130,130,110,False,ESPN BET,1,-105,3,REG,165,-200,1.5,Final,5.5,-115
VAN,2024-12-19T03:00Z,401688109,UTAH,2024,Vancouver Canucks,2,Utah Hockey Club,3,100,100,-110,-120,-120,-110,False,ESPN BET,1,-130,4,OT,-265,190,-1.5,Final/OT,5.5,110
WPG,2024-12-19T03:00Z,401688110,ANA,2024,Winnipeg Jets,2,Anaheim Ducks,3,-150,-150,-190,130,130,160,False,ESPN BET,1,-130,3,REG,165,-200,1.5,Final,5.5,110
STL,2024-12-20T00:00Z,401688111,TB,2024,St. Louis Blues,1,Tampa Bay Lightning,3,180,180,175,-215,-215,-210,False,ESPN BET,1,-130,3,REG,-135,115,-1.5,Final,5.5,110
NJ,2024-12-20T00:00Z,401688113,CBJ,2024,New Jersey Devils,2,Columbus Blue Jackets,4,-225,-225,-210,190,190,175,False,ESPN BET,1,-105,3,REG,115,-135,1.5,Final,6.5,-115
LA,2024-12-20T00:30Z,401688112,PHI,2024,Los Angeles Kings,7,Philadelphia Flyers,3,-165,-165,-150,140,140,130,False,ESPN BET,1,-105,3,REG,150,-180,1.5,Final,5.5,-115
PIT,2024-12-20T01:00Z,401688114,NSH,2024,Pittsburgh Penguins,5,Nashville Predators,4,130,130,130,-150,-150,-150,False,ESPN BET,1,-130,4,OT,-200,165,-1.5,Final/OT,5.5,110
SEA,2024-12-20T01:30Z,401688115,CHI,2024,Seattle Kraken,1,Chicago Blackhawks,3,-145,-145,-135,125,125,115,False,ESPN BET,1,-105,3,REG,175,-225,1.5,Final,5.5,-115
OTT,2024-12-20T02:00Z,401688116,CGY,2024,Ottawa Senators,3,Calgary Flames,2,-125,-135,-125,105,115,105,False,ESPN BET,1,-110,4,OT,200,-275,1.5,Final/OT,5.5,-110
BOS,2024-12-20T02:00Z,401688117,EDM,2024,Boston Bruins,2,Edmonton Oilers,3,155,155,150,-185,-185,-175,False,ESPN BET,1,115,4,OT,-160,135,-1.5,Final/OT,6.5,-135
VAN,2024-12-20T03:00Z,401688118,VGK,2024,Vancouver Canucks,1,Vegas Golden Knights,3,140,140,140,-165,-165,-165,False,ESPN BET,1,-130,3,REG,-180,150,-1.5,Final,5.5,110
COL,2024-12-20T03:30Z,401688119,SJ,2024,Colorado Avalanche,4,San Jose Sharks,2,-260,-260,-270,215,215,220,False,ESPN BET,1,-105,3,REG,-105,-115,1.5,Final,6.5,-115
TOR,2024-12-21T00:00Z,401688120,BUF,2024,Toronto Maple Leafs,6,Buffalo Sabres,3,-155,-155,-150,130,130,130,False,ESPN BET,1,105,3,REG,165,-200,1.5,Final,6.5,-125
MTL,2024-12-21T00:00Z,401688121,DET,2024,Montreal Canadiens,4,Detroit Red Wings,3,135,135,140,-155,-155,-165,False,ESPN BET,1,115,3,REG,-215,170,-1.5,Final,6.5,-135
STL,2024-12-21T00:00Z,401688122,FLA,2024,St. Louis Blues,1,Florida Panthers,2,260,260,220,-320,-320,-270,False,ESPN BET,1,-120,4,OT,-105,-115,-1.5,Final/OT,5.5,100
CAR,2024-12-21T00:00Z,401688123,WSH,2024,Carolina Hurricanes,1,Washington Capitals,3,-155,-155,-130,135,135,110,False,ESPN BET,1,-130,3,REG,165,-200,1.5,Final,5.5,110
NYR,2024-12-21T01:00Z,401688124,DAL,2024,New York Rangers,3,Dallas Stars,1,150,150,155,-180,-180,-185,False,ESPN BET,1,105,3,REG,-175,145,-1.5,Final,6.5,-125
UTAH,2024-12-21T01:00Z,401688125,MIN,2024,Utah Hockey Club,2,Minnesota Wild,1,105,105,125,-125,-125,-145,False,ESPN BET,1,-120,3,REG,-265,190,-1.5,Final,5.5,100
COL,2024-12-21T03:00Z,401688126,ANA,2024,Colorado Avalanche,4,Anaheim Ducks,2,-210,-210,-215,170,170,180,False,ESPN BET,1,-115,3,REG,120,-140,1.5,Final,6.5,-105
LA,2024-12-21T18:30Z,401688127,NSH,2024,Los Angeles Kings,2,Nashville Predators,3,-110,-110,-115,-110,-110,-105,False,ESPN BET,1,-115,4,OT,220,-325,1.5,Final/OT,5.5,-105
CHI,2024-12-21T21:00Z,401688128,CGY,2024,Chicago Blackhawks,4,Calgary Flames,6,150,150,150,-175,-175,-175,False,ESPN BET,1,100,3,REG,-175,145,-1.5,Final,5.5,-120
SJ,2024-12-21T21:00Z,401688129,EDM,2024,San Jose Sharks,2,Edmonton Oilers,3,340,340,360,-450,-450,-500,False,ESPN BET,1,-130,4,OT,-130,110,-2.5,Final/OT,6.5,110
BUF,2024-12-22T00:00Z,401688130,BOS,2024,Buffalo Sabres,1,Boston Bruins,3,150,150,155,-175,-175,-185,False,ESPN BET,1,110,3,REG,-165,140,-1.5,Final,6.5,-130
NYI,2024-12-22T00:00Z,401688131,TOR,2024,New York Islanders,6,Toronto Maple Leafs,3,120,120,155,-140,-140,-185,False,ESPN BET,1,-110,3,REG,-235,180,-1.5,Final,5.5,-110
DET,2024-12-22T00:00Z,401688132,MTL,2024,Detroit Red Wings,1,Montreal Canadiens,5,-120,-120,-115,100,100,-105,False,ESPN BET,1,105,3,REG,190,-265,1.5,Final,6.5,-125
PIT,2024-12-22T00:00Z,401688133,NJ,2024,Pittsburgh Penguins,0,New Jersey Devils,3,215,215,195,-260,-260,-230,False,ESPN BET,1,110,3,REG,-120,100,-1.5,Final,6.5,-130
CBJ,2024-12-22T00:00Z,401688134,PHI,2024,Columbus Blue Jackets,4,Philadelphia Flyers,5,125,125,145,-145,-145,-170,False,ESPN BET,1,-105,4,OT,-200,165,-1.5,Final/OT,6.5,-115
MIN,2024-12-22T00:00Z,401688135,WPG,2024,Minnesota Wild,0,Winnipeg Jets,5,140,140,145,-165,-165,-170,False,ESPN BET,1,-120,3,REG,-190,160,-1.5,Final,5.5,100
OTT,2024-12-22T03:00Z,401688136,VAN,2024,Ottawa Senators,5,Vancouver Canucks,4,110,110,110,-130,-130,-130,False,ESPN BET,1,-120,4,OT,-235,180,-1.5,Final/OT,5.5,100
SEA,2024-12-22T03:00Z,401688137,VGK,2024,Seattle Kraken,2,Vegas Golden Knights,6,165,165,170,-195,-195,-200,False,ESPN BET,1,115,3,REG,-155,130,-1.5,Final,6.5,-135
CAR,2024-12-22T17:30Z,401688138,NYR,2024,Carolina Hurricanes,3,New York Rangers,1,-145,-145,-135,125,125,115,False,ESPN BET,1,-115,3,REG,175,-225,1.5,Final,5.5,-105
FLA,2024-12-22T22:00Z,401688139,TB,2024,Florida Panthers,4,Tampa Bay Lightning,2,-115,-115,-110,-105,-105,-110,False,ESPN BET,1,105,3,REG,190,-265,1.5,Final,6.5,-125
LA,2024-12-22T22:00Z,401688140,WSH,2024,Los Angeles Kings,1,Washington Capitals,3,140,140,115,-165,-165,-135,False,ESPN BET,1,105,3,REG,-200,165,-1.5,Final,5.5,-125
ANA,2024-12-22T22:00Z,401688141,UTAH,2024,Anaheim Ducks,5,Utah Hockey Club,4,180,180,190,-215,-215,-225,False,ESPN BET,1,105,5,SO,-135,115,-1.5,Final/SO,6.5,-125
SEA,2024-12-23T01:00Z,401688142,COL,2024,Seattle Kraken,2,Colorado Avalanche,5,250,250,195,-300,-300,-230,False,ESPN BET,1,110,3,REG,-105,-115,-1.5,Final,6.5,-130
OTT,2024-12-23T01:00Z,401688143,EDM,2024,Ottawa Senators,1,Edmonton Oilers,3,155,155,150,-185,-185,-175,False,ESPN BET,1,110,3,REG,-160,135,-1.5,Final,6.5,-130
NYR,2024-12-23T18:00Z,401688144,NJ,2024,New York Rangers,0,New Jersey Devils,5,220,220,165,-260,-260,-195,False,ESPN BET,1,115,3,REG,-125,105,-1.5,Final,6.5,-135
WPG,2024-12-23T19:00Z,401688145,TOR,2024,Winnipeg Jets,5,Toronto Maple Leafs,2,105,105,100,-125,-125,-120,False,ESPN BET,1,-115,3,REG,-265,190,-1.5,Final,5.5,-105
WSH,2024-12-24T00:00Z,401688146,BOS,2024,Washington Capitals,1,Boston Bruins,4,125,125,105,-145,-145,-125,False,ESPN BET,1,-115,3,REG,-235,180,-1.5,Final,5.5,-105
STL,2024-12-24T00:00Z,401688147,DET,2024,St. Louis Blues,4,Detroit Red Wings,0,100,100,-105,-120,-120,-115,False,ESPN BET,1,-115,3,REG,-300,210,-1.5,Final,5.5,-105
TB,2024-12-24T00:00Z,401688148,FLA,2024,Tampa Bay Lightning,4,Florida Panthers,0,130,130,135,-150,-150,-155,False,ESPN BET,1,-110,3,REG,-180,150,-1.5,Final,6.5,-110
PHI,2024-12-24T00:00Z,401688149,PIT,2024,Philadelphia Flyers,3,Pittsburgh Penguins,7,-105,-105,105,-115,-115,-125,False,ESPN BET,1,105,3,REG,-265,190,-1.5,Final,6.5,-125
MTL,2024-12-24T00:00Z,401688150,CBJ,2024,Montreal Canadiens,4,Columbus Blue Jackets,5,105,105,115,-125,-125,-135,False,ESPN BET,1,-105,3,REG,-235,180,-1.5,Final,6.5,-115
BUF,2024-12-24T00:30Z,401688151,NYI,2024,Buffalo Sabres,7,New York Islanders,1,140,140,130,-165,-165,-150,False,ESPN BET,1,-120,3,REG,-180,150,-1.5,Final,5.5,100
CAR,2024-12-24T01:00Z,401688152,NSH,2024,Carolina Hurricanes,2,Nashville Predators,5,-125,-125,-145,105,105,125,False,ESPN BET,1,-125,3,REG,190,-265,1.5,Final,5.5,105
CHI,2024-12-24T01:00Z,401688153,MIN,2024,Chicago Blackhawks,3,Minnesota Wild,4,180,180,220,-215,-215,-270,False,ESPN BET,1,-125,3,REG,-145,120,-1.5,Final,5.5,105
SJ,2024-12-24T02:00Z,401688154,VAN,2024,San Jose Sharks,3,Vancouver Canucks,4,200,200,200,-240,-240,-240,False,ESPN BET,1,-125,3,REG,-120,100,-1.5,Final,5.5,105
DAL,2024-12-24T02:00Z,401688155,UTAH,2024,Dallas Stars,3,Utah Hockey Club,2,-165,-165,-165,140,140,140,False,ESPN BET,1,120,3,REG,140,-165,1.5,Final,6.5,-145
ANA,2024-12-24T03:00Z,401688156,VGK,2024,Anaheim Ducks,1,Vegas Golden Knights,3,250,250,260,-300,-300,-320,False,ESPN BET,1,-120,3,REG,110,-130,-1.5,Final,6.5,100
CHI,2024-12-28T00:00Z,401688157,BUF,2024,Chicago Blackhawks,2,Buffalo Sabres,6,135,135,145,-155,-155,-170,False,ESPN BET,1,110,3,REG,-180,150,-1.5,Final,6.5,-130
TOR,2024-12-28T00:00Z,401688158,DET,2024,Toronto Maple Leafs,5,Detroit Red Wings,2,-135,-135,-150,115,115,130,False,ESPN BET,1,-120,3,REG,180,-235,1.5,Final,5.5,100
CAR,2024-12-28T00:00Z,401688159,NJ,2024,Carolina Hurricanes,2,New Jersey Devils,4,115,115,105,-135,-135,-125,False,ESPN BET,1,-110,3,REG,-235,180,-1.5,Final,5.5,-110
BOS,2024-12-28T00:00Z,401688160,CBJ,2024,Boston Bruins,2,Columbus Blue Jackets,6,-155,-155,-155,135,135,135,False,ESPN BET,1,100,3,REG,160,-190,1.5,Final,6.5,-120
NSH,2024-12-28T01:00Z,401688161,STL,2024,Nashville Predators,4,St. Louis Blues,7,-145,-145,-125,120,120,105,False,ESPN BET,1,-115,3,REG,180,-235,1.5,Final,5.5,-105
MIN,2024-12-28T01:00Z,401688162,DAL,2024,Minnesota Wild,3,Dallas Stars,2,175,175,135,-210,-210,-155,False,ESPN BET,1,100,4,OT,-155,130,-1.5,Final/OT,5.5,-120
COL,2024-12-28T02:30Z,401688163,UTAH,2024,Colorado Avalanche,4,Utah Hockey Club,1,-140,-140,-135,120,120,115,False,ESPN BET,1,-110,3,REG,170,-215,1.5,Final,6.5,-110
VGK,2024-12-28T03:30Z,401688164,SJ,2024,Vegas Golden Knights,6,San Jose Sharks,3,-240,-240,-230,200,200,195,False,ESPN BET,1,-105,3,REG,100,-120,1.5,Final,6.5,-115
MTL,2024-12-28T18:00Z,401688165,FLA,2024,Montreal Canadiens,4,Florida Panthers,0,270,270,250,-340,-340,-300,False,ESPN BET,1,100,3,REG,110,-130,-1.5,Final,6.5,-120
SEA,2024-12-28T21:00Z,401688166,VAN,2024,Seattle Kraken,5,Vancouver Canucks,4,110,110,145,-130,-130,-170,False,ESPN BET,1,-110,4,OT,-250,185,-1.5,Final/OT,5.5,-110
PHI,2024-12-28T21:00Z,401688167,ANA,2024,Philadelphia Flyers,3,Anaheim Ducks,1,-155,-155,-150,135,135,130,False,ESPN BET,1,110,3,REG,160,-190,1.5,Final,6.5,-130
EDM,2024-12-28T21:00Z,401688168,LA,2024,Edmonton Oilers,3,Los Angeles Kings,4,-135,-135,-120,115,115,100,False,ESPN BET,1,-115,4,OT,185,-250,1.5,Final/OT,5.5,-105
CBJ,2024-12-29T00:00Z,401688169,BOS,2024,Columbus Blue Jackets,0,Boston Bruins,4,170,170,180,-200,-200,-215,False,ESPN BET,1,110,3,REG,-150,125,-1.5,Final,6.5,-130
WSH,2024-12-29T00:00Z,401688170,TOR,2024,Washington Capitals,5,Toronto Maple Leafs,2,-130,-130,100,110,110,-120,False,ESPN BET,1,110,3,REG,190,-265,1.5,Final,6.5,-130
NYR,2024-12-29T00:00Z,401688171,TB,2024,New York Rangers,2,Tampa Bay Lightning,6,140,140,135,-165,-165,-155,False,ESPN BET,1,105,3,REG,-190,160,-1.5,Final,6.5,-125
NJ,2024-12-29T00:00Z,401688172,CAR,2024,New Jersey Devils,2,Carolina Hurricanes,5,115,115,115,-135,-135,-135,False,ESPN BET,1,110,3,REG,-225,175,-1.5,Final,6.5,-130
OTT,2024-12-29T00:00Z,401688173,WPG,2024,Ottawa Senators,2,Winnipeg Jets,4,145,145,130,-170,-170,-150,False,ESPN BET,1,-135,3,REG,-180,150,-1.5,Final,5.5,115
PIT,2024-12-29T00:30Z,401688174,NYI,2024,Pittsburgh Penguins,3,New York Islanders,6,140,140,120,-165,-165,-140,False,ESPN BET,1,105,3,REG,-190,160,-1.5,Final,6.5,-125
CGY,2024-12-29T03:00Z,401688175,SJ,2024,Calgary Flames,3,San Jose Sharks,1,-190,-190,-150,155,155,130,False,ESPN BET,1,-105,3,REG,140,-165,1.5,Final,6.5,-115
BUF,2024-12-29T20:00Z,401688181,STL,2024,Buffalo Sabres,4,St. Louis Blues,2,110,110,105,-130,-130,-125,False,ESPN BET,1,-110,3,REG,-275,200,-1.5,Final,5.5,-110
EDM,2024-12-29T21:00Z,401688177,ANA,2024,Edmonton Oilers,3,Anaheim Ducks,5,-280,-280,-280,230,230,230,False,ESPN BET,1,-130,3,REG,-105,-115,1.5,Final,6.5,110
WSH,2024-12-29T22:00Z,401688178,DET,2024,Washington Capitals,2,Detroit Red Wings,4,-140,-140,-145,120,120,125,False,ESPN BET,1,-120,3,REG,180,-235,1.5,Final,5.5,100
MTL,2024-12-29T22:00Z,401688179,TB,2024,Montreal Canadiens,5,Tampa Bay Lightning,2,175,175,215,-210,-210,-260,False,ESPN BET,1,-120,3,REG,-145,125,-1.5,Final,6.5,100
NYI,2024-12-29T22:30Z,401688180,PIT,2024,New York Islanders,2,Pittsburgh Penguins,3,-130,-130,100,110,110,-120,False,ESPN BET,1,100,3,REG,185,-250,1.5,Final,6.5,-120
OTT,2024-12-30T01:00Z,401688182,MIN,2024,Ottawa Senators,3,Minnesota Wild,1,140,140,120,-165,-165,-140,False,ESPN BET,1,-135,3,REG,-190,160,-1.5,Final,5.5,115
CGY,2024-12-30T01:00Z,401688183,VGK,2024,Calgary Flames,0,Vegas Golden Knights,3,180,180,200,-215,-215,-240,False,ESPN BET,1,-105,3,REG,-135,115,-1.5,Final,6.5,-115
DAL,2024-12-30T01:30Z,401688176,CHI,2024,Dallas Stars,5,Chicago Blackhawks,1,-275,-275,-250,225,225,210,False,ESPN BET,1,-130,3,REG,-105,-115,1.5,Final,5.5,110
PHI,2024-12-30T02:00Z,401688184,LA,2024,Philadelphia Flyers,4,Los Angeles Kings,5,130,130,175,-150,-150,-210,False,ESPN BET,1,-105,3,REG,-200,165,-1.5,Final,5.5,-115
NYR,2024-12-31T00:00Z,401688185,FLA,2024,New York Rangers,3,Florida Panthers,5,175,175,165,-210,-210,-195,False,ESPN BET,1,-130,3,REG,-150,125,-1.5,Final,5.5,110
NSH,2024-12-31T00:30Z,401688186,WPG,2024,Nashville Predators,0,Winnipeg Jets,3,110,110,135,-130,-130,-155,False,ESPN BET,1,-130,3,REG,-250,185,-1.5,Final,5.5,110
UTAH,2024-12-31T01:00Z,401688187,SEA,2024,Utah Hockey Club,2,Seattle Kraken,5,-165,-165,-120,140,140,100,False,ESPN BET,1,110,3,REG,160,-190,1.5,Final,6.5,-130
BOS,2024-12-31T17:30Z,401688188,WSH,2024,Boston Bruins,1,Washington Capitals,3,125,125,120,-145,-145,-140,False,ESPN BET,1,105,3,REG,-215,170,-1.5,Final,5.5,-125
NYI,2024-12-31T18:00Z,401688189,TOR,2024,New York Islanders,1,Toronto Maple Leafs,3,110,110,120,-130,-130,-140,False,ESPN BET,1,-135,3,REG,-225,175,-1.5,Final,5.5,115
MTL,2024-12-31T20:00Z,401688190,VGK,2024,Montreal Canadiens,3,Vegas Golden Knights,2,190,190,200,-225,-225,-240,False,ESPN BET,1,-110,3,REG,-125,105,-1.5,Final,6.5,-110
STL,2024-12-31T22:00Z,401688191,CHI,2024,St. Louis Blues,6,Chicago Blackhawks,2,-150,-150,-140,130,130,120,False,ESPN BET,1,-105,3,REG,170,-215,1.5,Final,5.5,-115
PIT,2025-01-01T01:00Z,401688192,DET,2024,Pittsburgh Penguins,2,Detroit Red Wings,4,110,110,110,-130,-130,-130,False,ESPN BET,1,-120,3,REG,-250,185,-1.5,Final,5.5,100
CAR,2025-01-01T01:00Z,401688193,CBJ,2024,Carolina Hurricanes,3,Columbus Blue Jackets,4,-250,-250,-210,210,210,175,False,ESPN BET,1,100,5,SO,100,-120,1.5,Final/SO,6.5,-120
BUF,2025-01-01T01:00Z,401688194,DAL,2024,Buffalo Sabres,2,Dallas Stars,4,175,175,190,-210,-210,-225,False,ESPN BET,1,110,3,REG,-145,120,-1.5,Final,6.5,-130
NSH,2025-01-01T01:00Z,401688195,MIN,2024,Nashville Predators,3,Minnesota Wild,5,105,105,130,-125,-125,-150,False,ESPN BET,1,-125,3,REG,-250,185,-1.5,Final,5.5,105
WPG,2025-01-01T01:00Z,401688196,COL,2024,Winnipeg Jets,2,Colorado Avalanche,5,175,175,140,-210,-210,-165,False,ESPN BET,1,-120,3,REG,-135,115,-1.5,Final,6.5,100
NJ,2025-01-01T01:00Z,401688197,ANA,2024,New Jersey Devils,2,Anaheim Ducks,3,-275,-275,-240,225,225,200,False,ESPN BET,1,-105,3,REG,-110,-110,1.5,Final,6.5,-115
PHI,2025-01-01T01:00Z,401688198,SJ,2024,Philadelphia Flyers,4,San Jose Sharks,0,-185,-185,-165,155,155,140,False,ESPN BET,1,100,3,REG,140,-165,1.5,Final,6.5,-120
VAN,2025-01-01T02:00Z,401688199,CGY,2024,Vancouver Canucks,1,Calgary Flames,3,115,115,-105,-135,-135,-115,False,ESPN BET,1,-120,3,REG,-225,175,-1.5,Final,5.5,100
UTAH,2025-01-01T02:00Z,401688200,EDM,2024,Utah Hockey Club,1,Edmonton Oilers,4,170,170,190,-200,-200,-225,False,ESPN BET,1,-125,3,REG,-135,115,-1.5,Final,6.5,105
NJ,2025-01-01T23:00Z,401688201,LA,2024,New Jersey Devils,0,Los Angeles Kings,3,-125,-125,105,105,105,-125,False,ESPN BET,1,-110,3,REG,200,-275,1.5,Final,5.5,-110
CAR,2025-01-03T00:00Z,401688202,FLA,2024,Carolina Hurricanes,3,Florida Panthers,1,105,105,105,-125,-125,-125,False,ESPN BET,1,-110,3,REG,-265,190,-1.5,Final,5.5,-110
BOS,2025-01-03T00:00Z,401688203,NYR,2024,Boston Bruins,1,New York Rangers,2,-105,-105,-120,-115,-115,100,False,ESPN BET,1,-125,3,REG,-300,210,-1.5,Final,5.5,105
MIN,2025-01-03T00:00Z,401688204,WSH,2024,Minnesota Wild,4,Washington Capitals,3,150,150,130,-175,-175,-150,False,ESPN BET,1,-120,5,SO,-190,160,-1.5,Final/SO,5.5,100
DET,2025-01-03T00:00Z,401688205,CBJ,2024,Detroit Red Wings,5,Columbus Blue Jackets,4,-105,-105,100,-115,-115,-120,False,ESPN BET,1,100,3,REG,-265,190,-1.5,Final,6.5,-120
TOR,2025-01-03T00:30Z,401688206,NYI,2024,Toronto Maple Leafs,2,New York Islanders,1,-110,-110,-120,-110,-110,100,False,ESPN BET,1,-120,3,REG,210,-300,1.5,Final,5.5,100
OTT,2025-01-03T01:00Z,401688207,DAL,2024,Ottawa Senators,2,Dallas Stars,4,165,165,150,-195,-195,-175,False,ESPN BET,1,-135,3,REG,-155,130,-1.5,Final,5.5,115
ANA,2025-01-03T01:00Z,401688208,WPG,2024,Anaheim Ducks,4,Winnipeg Jets,3,215,215,230,-260,-260,-280,False,ESPN BET,1,105,4,OT,-120,100,-1.5,Final/OT,6.5,-125
BUF,2025-01-03T02:00Z,401688209,COL,2024,Buffalo Sabres,5,Colorado Avalanche,6,170,170,190,-200,-200,-225,False,ESPN BET,1,-130,4,OT,-135,115,-1.5,Final/OT,6.5,110
UTAH,2025-01-03T02:00Z,401688210,CGY,2024,Utah Hockey Club,5,Calgary Flames,3,-130,-130,100,110,110,-120,False,ESPN BET,1,-110,3,REG,185,-250,1.5,Final,6.5,-110
PHI,2025-01-03T03:00Z,401688211,VGK,2024,Philadelphia Flyers,2,Vegas Golden Knights,5,160,160,170,-190,-190,-200,False,ESPN BET,1,-105,3,REG,-155,130,-1.5,Final,6.5,-115
VAN,2025-01-03T03:00Z,401688212,SEA,2024,Vancouver Canucks,4,Seattle Kraken,3,100,100,105,-120,-120,-125,False,ESPN BET,1,-105,5,SO,-275,200,-1.5,Final/SO,5.5,-115
TB,2025-01-03T03:30Z,401688213,SJ,2024,Tampa Bay Lightning,1,San Jose Sharks,2,-275,-275,-250,225,225,210,False,ESPN BET,1,-105,3,REG,-115,-110,1.5,Final,6.5,-115
PIT,2025-01-04T00:00Z,401688214,FLA,2024,Pittsburgh Penguins,2,Florida Panthers,3,160,160,170,-190,-190,-200,False,ESPN BET,1,-135,5,SO,-175,145,-1.5,Final/SO,5.5,115
MTL,2025-01-04T01:00Z,401688215,CHI,2024,Montreal Canadiens,2,Chicago Blackhawks,4,-155,-155,-125,130,130,105,False,ESPN BET,1,-130,3,REG,170,-210,1.5,Final,5.5,110
OTT,2025-01-04T01:00Z,401688216,STL,2024,Ottawa Senators,0,St. Louis Blues,4,110,110,-115,-130,-130,-105,False,ESPN BET,1,100,3,REG,-265,190,-1.5,Final,5.5,-120
ANA,2025-01-04T02:00Z,401688217,EDM,2024,Anaheim Ducks,2,Edmonton Oilers,3,360,360,340,-500,-500,-450,False,ESPN BET,1,-130,3,REG,-125,105,-2.5,Final,6.5,110
NSH,2025-01-04T03:00Z,401688218,VAN,2024,Nashville Predators,3,Vancouver Canucks,0,-195,-195,-130,160,160,110,False,ESPN BET,1,-125,3,REG,140,-165,1.5,Final,5.5,105
NYR,2025-01-04T17:00Z,401688219,WSH,2024,New York Rangers,4,Washington Capitals,7,140,140,125,-165,-165,-145,False,ESPN BET,1,110,3,REG,-175,145,-1.5,Final,6.5,-130
NJ,2025-01-04T21:00Z,401688221,SJ,2024,New Jersey Devils,2,San Jose Sharks,3,-340,-340,-275,270,270,225,False,ESPN BET,1,110,3,REG,-135,115,1.5,Final,6.5,-130
DET,2025-01-05T00:00Z,401688220,WPG,2024,Detroit Red Wings,4,Winnipeg Jets,2,175,175,170,-210,-210,-200,False,ESPN BET,1,-120,3,REG,-145,120,-1.5,Final,5.5,100
BOS,2025-01-05T00:00Z,401688222,TOR,2024,Boston Bruins,4,Toronto Maple Leafs,6,120,120,120,-140,-140,-140,False,ESPN BET,1,-125,3,REG,-225,175,-1.5,Final,5.5,105
MIN,2025-01-05T00:00Z,401688223,CAR,2024,Minnesota Wild,4,Carolina Hurricanes,0,190,190,155,-225,-225,-185,False,ESPN BET,1,-125,3,REG,-145,120,-1.5,Final,5.5,105
STL,2025-01-05T00:00Z,401688224,CBJ,2024,St. Louis Blues,4,Columbus Blue Jackets,6,-105,-105,105,-115,-115,-125,False,ESPN BET,1,-125,3,REG,-300,210,-1.5,Final,5.5,105
MTL,2025-01-05T00:00Z,401688225,COL,2024,Montreal Canadiens,2,Colorado Avalanche,1,260,260,230,-320,-320,-280,False,ESPN BET,1,-115,5,SO,110,-130,-1.5,Final/SO,6.5,-105
UTAH,2025-01-05T01:00Z,401688227,DAL,2024,Utah Hockey Club,2,Dallas Stars,3,140,140,155,-165,-165,-185,False,ESPN BET,1,-105,4,OT,-180,150,-1.5,Final/OT,6.5,-115
TB,2025-01-05T02:00Z,401688228,LA,2024,Tampa Bay Lightning,1,Los Angeles Kings,2,-105,-105,105,-115,-115,-125,False,ESPN BET,1,-120,3,REG,-275,200,-1.5,Final,5.5,100
NSH,2025-01-05T03:00Z,401688226,CGY,2024,Nashville Predators,4,Calgary Flames,1,110,110,-120,-130,-130,100,False,ESPN BET,1,100,3,REG,-250,185,-1.5,Final,6.5,-120
BUF,2025-01-05T03:00Z,401688229,VGK,2024,Buffalo Sabres,1,Vegas Golden Knights,3,190,190,170,-225,-225,-200,False,ESPN BET,1,-115,3,REG,-130,110,-1.5,Final,6.5,-105
EDM,2025-01-05T03:00Z,401688230,SEA,2024,Edmonton Oilers,4,Seattle Kraken,2,-185,-185,-150,155,155,130,False,ESPN BET,1,-110,3,REG,130,-155,1.5,Final,6.5,-110
NYR,2025-01-05T20:00Z,401688231,CHI,2024,New York Rangers,6,Chicago Blackhawks,2,-135,-135,-145,115,115,125,False,ESPN BET,1,-130,3,REG,180,-235,1.5,Final,6.5,110
NYI,2025-01-05T23:00Z,401688232,BOS,2024,New York Islanders,5,Boston Bruins,4,-115,-115,105,-105,-105,-125,False,ESPN BET,1,-115,4,OT,200,-275,1.5,Final/OT,5.5,-105
PIT,2025-01-05T23:00Z,401688233,CAR,2024,Pittsburgh Penguins,3,Carolina Hurricanes,4,175,175,175,-210,-210,-210,False,ESPN BET,1,110,4,OT,-150,125,-1.5,Final/OT,6.5,-130
PHI,2025-01-06T00:00Z,401688234,TOR,2024,Philadelphia Flyers,2,Toronto Maple Leafs,3,125,125,155,-150,-150,-185,False,ESPN BET,1,-105,4,OT,-190,160,-1.5,Final/OT,6.5,-115
TB,2025-01-06T01:00Z,401688235,ANA,2024,Tampa Bay Lightning,1,Anaheim Ducks,4,-165,-165,-185,140,140,155,False,ESPN BET,1,-145,3,REG,140,-165,1.5,Final,6.5,120
WSH,2025-01-07T00:00Z,401688236,BUF,2024,Washington Capitals,3,Buffalo Sabres,4,-160,-160,-145,135,135,125,False,ESPN BET,1,-130,5,SO,160,-190,1.5,Final/SO,5.5,110
VAN,2025-01-07T00:30Z,401688237,MTL,2024,Vancouver Canucks,4,Montreal Canadiens,5,-130,-130,-135,110,110,115,False,ESPN BET,1,-120,4,OT,185,-250,1.5,Final/OT,5.5,100
FLA,2025-01-07T02:00Z,401688238,COL,2024,Florida Panthers,1,Colorado Avalanche,3,100,100,110,-120,-120,-130,False,ESPN BET,1,110,3,REG,-250,185,-1.5,Final,6.5,-130
NJ,2025-01-07T03:00Z,401688239,SEA,2024,New Jersey Devils,3,Seattle Kraken,2,-260,-260,-200,215,215,170,False,ESPN BET,1,-135,3,REG,-105,-115,1.5,Final,5.5,115
EDM,2025-01-08T00:00Z,401688240,BOS,2024,Edmonton Oilers,4,Boston Bruins,0,-140,-140,-135,120,120,115,False,ESPN BET,1,-130,3,REG,165,-200,1.5,Final,5.5,110
OTT,2025-01-08T00:00Z,401688241,DET,2024,Ottawa Senators,2,Detroit Red Wings,3,-120,-120,-125,100,100,105,False,ESPN BET,1,-135,4,OT,190,-265,1.5,Final/OT,5.5,115
DAL,2025-01-08T00:00Z,401688242,NYR,2024,Dallas Stars,5,New York Rangers,4,-175,-175,-140,150,150,120,False,ESPN BET,1,-105,4,OT,145,-175,1.5,Final/OT,6.5,-115
CBJ,2025-01-08T00:00Z,401688244,PIT,2024,Columbus Blue Jackets,4,Pittsburgh Penguins,3,125,125,125,-145,-145,-145,False,ESPN BET,1,-110,5,SO,-190,160,-1.5,Final/SO,6.5,-110
CAR,2025-01-08T00:00Z,401734652,TB,2024,Carolina Hurricanes,2,Tampa Bay Lightning,3,-115,-115,-105,-105,-105,-115,False,ESPN BET,1,-135,3,REG,200,-275,1.5,Final,5.5,115
TOR,2025-01-08T00:30Z,401688243,PHI,2024,Toronto Maple Leafs,3,Philadelphia Flyers,2,-145,-145,-150,125,125,130,False,ESPN BET,1,-130,3,REG,165,-200,1.5,Final,5.5,110
STL,2025-01-08T01:00Z,401688245,MIN,2024,St. Louis Blues,4,Minnesota Wild,6,110,110,135,-130,-130,-155,False,ESPN BET,1,105,3,REG,-250,185,-1.5,Final,5.5,-125
NSH,2025-01-08T01:00Z,401688246,WPG,2024,Nashville Predators,2,Winnipeg Jets,5,135,135,120,-155,-155,-140,False,ESPN BET,1,-115,3,REG,-180,150,-1.5,Final,5.5,-105
CGY,2025-01-08T03:00Z,401688247,ANA,2024,Calgary Flames,3,Anaheim Ducks,2,-140,-140,-135,120,120,115,False,ESPN BET,1,110,4,OT,180,-235,1.5,Final/OT,6.5,-130
VGK,2025-01-08T03:30Z,401688248,SJ,2024,Vegas Golden Knights,4,San Jose Sharks,2,-270,-270,-225,220,220,190,False,ESPN BET,1,-105,3,REG,-110,-110,1.5,Final,6.5,-115
VAN,2025-01-09T00:30Z,401688249,WSH,2024,Vancouver Canucks,1,Washington Capitals,2,150,150,140,-175,-175,-165,False,ESPN BET,1,100,4,OT,-175,145,-1.5,Final/OT,5.5,-120
COL,2025-01-09T00:30Z,401688250,CHI,2024,Colorado Avalanche,1,Chicago Blackhawks,3,-240,-240,-250,200,200,210,False,ESPN BET,1,-125,3,REG,105,-125,1.5,Final,6.5,105
FLA,2025-01-09T03:00Z,401688251,UTAH,2024,Florida Panthers,4,Utah Hockey Club,1,-145,-145,-135,125,125,115,False,ESPN BET,1,-125,3,REG,170,-215,1.5,Final,5.5,105
BUF,2025-01-10T00:00Z,401688253,OTT,2024,Buffalo Sabres,4,Ottawa Senators,0,130,130,125,-150,-150,-145,False,ESPN BET,1,110,3,REG,-190,160,-1.5,Final,6.5,-130
BOS,2025-01-10T00:00Z,401688254,TB,2024,Boston Bruins,1,Tampa Bay Lightning,4,145,145,135,-170,-170,-155,False,ESPN BET,1,-125,3,REG,-180,150,-1.5,Final,5.5,105
NJ,2025-01-10T00:00Z,401688255,NYR,2024,New Jersey Devils,2,New York Rangers,3,-150,-150,-185,130,130,155,False,ESPN BET,1,110,4,OT,150,-180,1.5,Final/OT,6.5,-130
DAL,2025-01-10T00:00Z,401688256,PHI,2024,Dallas Stars,4,Philadelphia Flyers,1,-165,-165,-165,140,140,140,False,ESPN BET,1,105,3,REG,145,-175,1.5,Final,6.5,-125
EDM,2025-01-10T00:00Z,401688257,PIT,2024,Edmonton Oilers,3,Pittsburgh Penguins,5,-230,-230,-185,195,195,155,False,ESPN BET,1,-110,3,REG,110,-130,1.5,Final,6.5,-110
SEA,2025-01-10T00:00Z,401688259,CBJ,2024,Seattle Kraken,2,Columbus Blue Jackets,6,-125,-125,-115,105,105,-105,False,ESPN BET,1,100,3,REG,185,-250,1.5,Final,6.5,-120
TOR,2025-01-10T00:30Z,401688258,CAR,2024,Toronto Maple Leafs,3,Carolina Hurricanes,6,145,145,145,-170,-170,-170,False,ESPN BET,1,-115,3,REG,-175,145,-1.5,Final,5.5,-105
ANA,2025-01-10T01:00Z,401688260,STL,2024,Anaheim Ducks,2,St. Louis Blues,6,165,165,165,-195,-195,-195,False,ESPN BET,1,-125,3,REG,-155,130,-1.5,Final,5.5,105
COL,2025-01-10T01:00Z,401688261,MIN,2024,Colorado Avalanche,6,Minnesota Wild,1,-150,-150,-135,130,130,115,False,ESPN BET,1,-135,3,REG,165,-200,1.5,Final,5.5,115
NYI,2025-01-10T03:00Z,401688262,VGK,2024,New York Islanders,4,Vegas Golden Knights,0,155,155,145,-185,-185,-170,False,ESPN BET,1,-135,3,REG,-165,140,-1.5,Final,5.5,115
CHI,2025-01-11T00:00Z,401688263,DET,2024,Chicago Blackhawks,3,Detroit Red Wings,5,155,155,155,-185,-185,-185,False,ESPN BET,1,-130,3,REG,-165,140,-1.5,Final,5.5,110
MTL,2025-01-11T00:00Z,401688264,WSH,2024,Montreal Canadiens,3,Washington Capitals,2,180,180,180,-215,-215,-215,False,ESPN BET,1,115,4,OT,-145,120,-1.5,Final/OT,6.5,-135
VAN,2025-01-11T00:00Z,401688265,CAR,2024,Vancouver Canucks,0,Carolina Hurricanes,2,140,150,125,-165,-175,-145,False,ESPN BET,1,-125,3,REG,-200,165,-1.5,Final,5.5,105
LA,2025-01-11T01:00Z,401688266,WPG,2024,Los Angeles Kings,2,Winnipeg Jets,1,-110,-110,110,-110,-110,-130,False,ESPN BET,1,-125,4,OT,210,-300,1.5,Final/OT,5.5,105
SJ,2025-01-11T02:00Z,401688267,UTAH,2024,San Jose Sharks,1,Utah Hockey Club,2,225,220,200,-275,-270,-240,False,ESPN BET,1,100,3,REG,-125,105,-1.5,Final,6.5,-120
BOS,2025-01-11T18:00Z,401688268,FLA,2024,Boston Bruins,4,Florida Panthers,3,170,170,145,-200,-200,-170,False,ESPN BET,1,-115,4,OT,-160,135,-1.5,Final/OT,5.5,-105
SEA,2025-01-11T21:00Z,401688269,BUF,2024,Seattle Kraken,6,Buffalo Sabres,2,110,110,115,-130,-130,-135,False,ESPN BET,1,-125,3,REG,-250,185,-1.5,Final,5.5,105
OTT,2025-01-11T21:00Z,401688270,PIT,2024,Ottawa Senators,5,Pittsburgh Penguins,0,-115,-115,-120,-105,-105,100,False,ESPN BET,1,-135,3,REG,200,-275,1.5,Final,5.5,115
VAN,2025-01-12T00:00Z,401688271,TOR,2024,Vancouver Canucks,3,Toronto Maple Leafs,0,155,155,160,-185,-185,-190,False,ESPN BET,1,-125,3,REG,-165,140,-1.5,Final,5.5,105
DAL,2025-01-12T00:00Z,401688272,MTL,2024,Dallas Stars,2,Montreal Canadiens,1,-225,-225,-215,190,190,180,False,ESPN BET,1,-130,5,SO,115,-135,1.5,Final/SO,5.5,110
TB,2025-01-12T00:00Z,401688273,NJ,2024,Tampa Bay Lightning,2,New Jersey Devils,3,120,120,130,-140,-140,-150,False,ESPN BET,1,110,4,OT,-215,170,-1.5,Final/OT,6.5,-130
ANA,2025-01-12T00:00Z,401688274,PHI,2024,Anaheim Ducks,0,Philadelphia Flyers,6,160,160,170,-190,-190,-200,False,ESPN BET,1,-130,3,REG,-155,130,-1.5,Final,5.5,110
EDM,2025-01-12T00:00Z,401688275,CHI,2024,Edmonton Oilers,4,Chicago Blackhawks,3,-425,-425,-270,320,320,220,False,ESPN BET,1,-125,3,REG,120,-145,2.5,Final,6.5,105
CBJ,2025-01-12T00:00Z,401688276,STL,2024,Columbus Blue Jackets,2,St. Louis Blues,1,175,175,130,-210,-210,-150,False,ESPN BET,1,105,3,REG,-150,125,-1.5,Final,6.5,-125
COL,2025-01-12T00:00Z,401688277,WPG,2024,Colorado Avalanche,0,Winnipeg Jets,3,-130,-130,-110,110,110,-110,False,ESPN BET,1,105,3,REG,185,-250,1.5,Final,6.5,-125
WSH,2025-01-12T01:00Z,401688278,NSH,2024,Washington Capitals,4,Nashville Predators,1,125,125,105,-150,-150,-125,False,ESPN BET,1,-125,3,REG,-200,165,-1.5,Final,5.5,105
NYI,2025-01-12T02:00Z,401688279,UTAH,2024,New York Islanders,2,Utah Hockey Club,1,-105,-105,105,-115,-115,-125,False,ESPN BET,1,115,3,REG,-275,200,-1.5,Final,6.5,-135
LA,2025-01-12T03:00Z,401688280,CGY,2024,Los Angeles Kings,1,Calgary Flames,2,110,110,-130,-130,-130,110,False,ESPN BET,1,-105,3,REG,-265,190,-1.5,Final,5.5,-115
NYR,2025-01-12T03:00Z,401688281,VGK,2024,New York Rangers,2,Vegas Golden Knights,1,120,120,140,-140,-140,-165,False,ESPN BET,1,110,3,REG,-190,160,-1.5,Final,6.5,-130
MIN,2025-01-12T03:00Z,401688282,SJ,2024,Minnesota Wild,3,San Jose Sharks,1,-195,-195,-175,165,165,150,False,ESPN BET,1,-130,3,REG,130,-155,1.5,Final,5.5,110
SEA,2025-01-12T20:00Z,401688283,DET,2024,Seattle Kraken,2,Detroit Red Wings,6,150,150,125,-175,-175,-145,False,ESPN BET,1,-125,3,REG,-175,145,-1.5,Final,5.5,105
DAL,2025-01-12T22:00Z,401688284,OTT,2024,Dallas Stars,2,Ottawa Senators,3,-150,-150,-140,130,130,120,False,ESPN BET,1,-125,3,REG,165,-200,1.5,Final,5.5,105
TB,2025-01-12T22:00Z,401688285,PIT,2024,Tampa Bay Lightning,5,Pittsburgh Penguins,2,-150,-150,-145,130,130,125,False,ESPN BET,1,-115,3,REG,165,-200,1.5,Final,6.5,-105
ANA,2025-01-12T22:00Z,401688286,CAR,2024,Anaheim Ducks,3,Carolina Hurricanes,2,360,360,340,-500,-500,-450,False,ESPN BET,1,115,4,OT,-125,105,-2.5,Final/OT,6.5,-135
MIN,2025-01-13T01:00Z,401688287,VGK,2024,Minnesota Wild,1,Vegas Golden Knights,4,165,165,140,-195,-195,-165,False,ESPN BET,1,-125,3,REG,-160,135,-1.5,Final,5.5,105
FLA,2025-01-14T00:00Z,401688288,PHI,2024,Florida Panthers,3,Philadelphia Flyers,4,-185,-185,-150,155,155,130,False,ESPN BET,1,-130,3,REG,135,-160,1.5,Final,5.5,110
CGY,2025-01-14T00:30Z,401688289,CHI,2024,Calgary Flames,5,Chicago Blackhawks,2,-165,-165,-135,140,140,115,False,ESPN BET,1,-120,3,REG,160,-190,1.5,Final,5.5,100
LA,2025-01-14T02:30Z,401688290,EDM,2024,Los Angeles Kings,0,Edmonton Oilers,1,175,175,145,-210,-210,-170,False,ESPN BET,1,-115,3,REG,-150,125,-1.5,Final,5.5,-105
TB,2025-01-15T00:00Z,401688291,BOS,2024,Tampa Bay Lightning,2,Boston Bruins,6,-135,-135,-120,115,115,100,False,ESPN BET,1,-110,3,REG,185,-250,1.5,Final,5.5,-110
DAL,2025-01-15T00:00Z,401688292,TOR,2024,Dallas Stars,4,Toronto Maple Leafs,1,-125,-125,100,105,105,-120,False,ESPN BET,1,-120,3,REG,190,-265,1.5,Final,5.5,100
SJ,2025-01-15T00:00Z,401688293,DET,2024,San Jose Sharks,6,Detroit Red Wings,3,155,155,180,-185,-185,-215,False,ESPN BET,1,-125,3,REG,-160,135,-1.5,Final,5.5,105
SEA,2025-01-15T00:00Z,401688295,PIT,2024,Seattle Kraken,4,Pittsburgh Penguins,2,110,110,120,-130,-130,-140,False,ESPN BET,1,-130,3,REG,-225,175,-1.5,Final,5.5,110
ANA,2025-01-15T00:00Z,401688296,WSH,2024,Anaheim Ducks,0,Washington Capitals,3,220,220,230,-270,-270,-280,False,ESPN BET,1,-125,3,REG,-115,-105,-1.5,Final,5.5,105
PHI,2025-01-15T00:00Z,401688297,CBJ,2024,Philadelphia Flyers,2,Columbus Blue Jackets,3,-120,-120,100,100,100,-120,False,ESPN BET,1,-120,5,SO,190,-265,1.5,Final/SO,6.5,100
FLA,2025-01-15T00:30Z,401688294,NJ,2024,Florida Panthers,2,New Jersey Devils,1,140,135,125,-160,-155,-145,False,ESPN BET,1,-125,5,SO,-200,165,-1.5,Final/SO,5.5,105
OTT,2025-01-15T00:30Z,401688298,NYI,2024,Ottawa Senators,2,New York Islanders,0,-105,-105,105,-115,-115,-125,False,ESPN BET,1,-115,3,REG,-275,200,-1.5,Final,5.5,-105
CGY,2025-01-15T01:00Z,401688299,STL,2024,Calgary Flames,1,St. Louis Blues,2,150,150,130,-175,-175,-150,False,ESPN BET,1,-120,3,REG,-175,145,-1.5,Final,5.5,100
VGK,2025-01-15T01:00Z,401688300,NSH,2024,Vegas Golden Knights,3,Nashville Predators,5,-135,-135,-115,115,115,-105,False,ESPN BET,1,115,3,REG,175,-225,1.5,Final,6.5,-135
VAN,2025-01-15T01:00Z,401688301,WPG,2024,Vancouver Canucks,1,Winnipeg Jets,6,140,140,135,-165,-165,-155,False,ESPN BET,1,120,3,REG,-180,150,-1.5,Final,5.5,-145
NYR,2025-01-15T02:00Z,401688302,COL,2024,New York Rangers,2,Colorado Avalanche,3,130,130,155,-150,-150,-185,False,ESPN BET,1,100,4,OT,-190,160,-1.5,Final/OT,6.5,-120
MTL,2025-01-15T02:00Z,401688303,UTAH,2024,Montreal Canadiens,5,Utah Hockey Club,3,130,130,135,-150,-150,-155,False,ESPN BET,1,-135,3,REG,-215,170,-1.5,Final,5.5,115
CAR,2025-01-15T23:00Z,401688304,BUF,2024,Carolina Hurricanes,2,Buffalo Sabres,4,-185,-185,-170,155,155,145,False,ESPN BET,1,-130,3,REG,130,-155,1.5,Final,5.5,110
EDM,2025-01-16T01:30Z,401688305,MIN,2024,Edmonton Oilers,5,Minnesota Wild,3,-220,-220,-150,185,185,130,False,ESPN BET,1,110,3,REG,110,-130,1.5,Final,6.5,-130
NJ,2025-01-17T00:00Z,401688306,TOR,2024,New Jersey Devils,3,Toronto Maple Leafs,4,-130,-130,-105,110,110,-115,False,ESPN BET,1,-110,4,OT,180,-235,1.5,Final/OT,5.5,-110
WSH,2025-01-17T00:00Z,401688307,OTT,2024,Washington Capitals,1,Ottawa Senators,0,-105,-105,-115,-115,-115,-105,False,ESPN BET,1,-110,4,OT,-300,210,-1.5,Final/OT,5.5,-110
ANA,2025-01-17T00:00Z,401688308,TB,2024,Anaheim Ducks,3,Tampa Bay Lightning,4,260,270,240,-320,-340,-290,False,ESPN BET,1,100,5,SO,-105,-115,-1.5,Final/SO,6.5,-120
DET,2025-01-17T00:00Z,401688309,FLA,2024,Detroit Red Wings,5,Florida Panthers,2,215,215,180,-260,-260,-215,False,ESPN BET,1,-105,3,REG,-115,-105,-1.5,Final,5.5,-115
SJ,2025-01-17T00:00Z,401688310,CBJ,2024,San Jose Sharks,1,Columbus Blue Jackets,4,150,150,150,-175,-175,-175,False,ESPN BET,1,115,3,REG,-165,140,-1.5,Final,6.5,-135
PHI,2025-01-17T00:30Z,401688311,NYI,2024,Philadelphia Flyers,5,New York Islanders,3,120,120,115,-140,-140,-135,False,ESPN BET,1,-115,3,REG,-235,180,-1.5,Final,5.5,-105
CGY,2025-01-17T01:00Z,401688312,STL,2024,Calgary Flames,1,St. Louis Blues,4,115,115,125,-135,-135,-145,False,ESPN BET,1,-110,3,REG,-235,180,-1.5,Final,5.5,-110
CHI,2025-01-17T01:00Z,401688313,NSH,2024,Chicago Blackhawks,2,Nashville Predators,3,240,240,200,-300,-300,-240,False,ESPN BET,1,-145,5,SO,100,-120,-1.5,Final/SO,5.5,120
MTL,2025-01-17T01:00Z,401688314,DAL,2024,Montreal Canadiens,3,Dallas Stars,1,175,175,200,-210,-210,-240,False,ESPN BET,1,-130,3,REG,-150,125,-1.5,Final,5.5,110
SEA,2025-01-17T01:00Z,401688315,WPG,2024,Seattle Kraken,1,Winnipeg Jets,2,190,190,175,-225,-225,-210,False,ESPN BET,1,100,3,REG,-145,120,-1.5,Final,5.5,-120
NYR,2025-01-17T02:00Z,401688316,UTAH,2024,New York Rangers,5,Utah Hockey Club,3,-120,-120,-115,100,100,-105,False,ESPN BET,1,-130,3,REG,210,-300,1.5,Final,5.5,110
EDM,2025-01-17T02:30Z,401688317,COL,2024,Edmonton Oilers,4,Colorado Avalanche,3,105,105,110,-125,-125,-130,False,ESPN BET,1,100,3,REG,-265,190,-1.5,Final,6.5,-120
LA,2025-01-17T03:00Z,401688318,VAN,2024,Los Angeles Kings,5,Vancouver Canucks,1,-120,-120,-115,100,100,-105,False,ESPN BET,1,115,3,REG,200,-275,1.5,Final,5.5,-140
PIT,2025-01-18T00:00Z,401688319,BUF,2024,Pittsburgh Penguins,5,Buffalo Sabres,2,100,100,115,-120,-120,-135,False,ESPN BET,1,105,3,REG,-265,190,-1.5,Final,6.5,-125
VGK,2025-01-18T00:00Z,401688320,CAR,2024,Vegas Golden Knights,2,Carolina Hurricanes,3,125,125,125,-145,-145,-145,False,ESPN BET,1,-130,3,REG,-215,170,-1.5,Final,5.5,110
PHI,2025-01-18T17:30Z,401688321,NJ,2024,Philadelphia Flyers,3,New Jersey Devils,1,155,155,180,-185,-185,-215,False,ESPN BET,1,-130,3,REG,-160,135,-1.5,Final,5.5,110
BOS,2025-01-18T20:00Z,401688322,OTT,2024,Boston Bruins,5,Ottawa Senators,6,115,115,110,-135,-135,-130,False,ESPN BET,1,100,5,SO,-235,180,-1.5,Final/SO,5.5,-120
DAL,2025-01-18T21:00Z,401688323,COL,2024,Dallas Stars,3,Colorado Avalanche,6,110,110,110,-130,-130,-130,False,ESPN BET,1,110,3,REG,-225,175,-1.5,Final,6.5,-130
ANA,2025-01-18T23:00Z,401688324,FLA,2024,Anaheim Ducks,0,Florida Panthers,3,320,320,280,-425,-425,-360,False,ESPN BET,1,-135,3,REG,115,-135,-1.5,Final,5.5,115
TOR,2025-01-19T00:00Z,401688325,MTL,2024,Toronto Maple Leafs,7,Montreal Canadiens,3,-145,-145,-150,125,125,130,False,ESPN BET,1,-130,3,REG,170,-215,1.5,Final,5.5,110
DET,2025-01-19T00:00Z,401688326,TB,2024,Detroit Red Wings,1,Tampa Bay Lightning,5,170,170,170,-200,-200,-200,False,ESPN BET,1,110,3,REG,-145,120,-1.5,Final,6.5,-130
CBJ,2025-01-19T00:00Z,401688327,NYR,2024,Columbus Blue Jackets,0,New York Rangers,1,170,170,155,-200,-200,-185,False,ESPN BET,1,-110,5,SO,-145,120,-1.5,Final/SO,6.5,-110
PIT,2025-01-19T00:00Z,401688328,WSH,2024,Pittsburgh Penguins,1,Washington Capitals,4,165,165,180,-195,-195,-215,False,ESPN BET,1,-125,3,REG,-155,130,-1.5,Final,5.5,105
CGY,2025-01-19T00:00Z,401688329,WPG,2024,Calgary Flames,3,Winnipeg Jets,1,135,135,190,-160,-160,-225,False,ESPN BET,1,-135,3,REG,-175,145,-1.5,Final,5.5,115
SJ,2025-01-19T00:30Z,401688330,NYI,2024,San Jose Sharks,1,New York Islanders,4,195,195,190,-240,-240,-225,False,ESPN BET,1,-120,3,REG,-130,110,-1.5,Final,5.5,100
VGK,2025-01-19T01:00Z,401688331,CHI,2024,Vegas Golden Knights,3,Chicago Blackhawks,5,-250,-250,-215,210,210,180,False,ESPN BET,1,105,3,REG,100,-120,1.5,Final,6.5,-125
MIN,2025-01-19T01:00Z,401688332,NSH,2024,Minnesota Wild,2,Nashville Predators,6,160,160,120,-190,-190,-140,False,ESPN BET,1,-120,3,REG,-160,135,-1.5,Final,5.5,100
STL,2025-01-19T02:00Z,401688333,UTAH,2024,St. Louis Blues,2,Utah Hockey Club,4,-105,-105,115,-115,-115,-135,False,ESPN BET,1,-125,3,REG,-300,210,-1.5,Final,5.5,105
EDM,2025-01-19T03:00Z,401688334,VAN,2024,Edmonton Oilers,2,Vancouver Canucks,3,-180,-180,-150,150,150,130,False,ESPN BET,1,-125,3,REG,145,-175,1.5,Final,5.5,105
LA,2025-01-19T03:00Z,401688335,SEA,2024,Los Angeles Kings,2,Seattle Kraken,4,-155,-155,-140,130,130,120,False,ESPN BET,1,125,3,REG,170,-215,1.5,Final,5.5,-155
OTT,2025-01-19T18:00Z,401688336,NJ,2024,Ottawa Senators,2,New Jersey Devils,1,155,155,155,-185,-185,-185,False,ESPN BET,1,-115,3,REG,-175,145,-1.5,Final,5.5,-105
NYR,2025-01-20T00:00Z,401688337,MTL,2024,New York Rangers,4,Montreal Canadiens,5,-120,-120,-115,100,100,-105,False,ESPN BET,1,-105,4,OT,190,-265,1.5,Final/OT,6.5,-115
DET,2025-01-20T01:00Z,401688338,DAL,2024,Detroit Red Wings,1,Dallas Stars,4,180,180,200,-215,-215,-240,False,ESPN BET,1,-130,3,REG,-135,115,-1.5,Final,5.5,110
SJ,2025-01-20T18:00Z,401688339,BOS,2024,San Jose Sharks,3,Boston Bruins,6,180,180,210,-215,-215,-250,False,ESPN BET,1,-120,3,REG,-145,120,-1.5,Final,5.5,100
MIN,2025-01-20T20:00Z,401688340,COL,2024,Minnesota Wild,3,Colorado Avalanche,1,210,210,190,-250,-250,-225,False,ESPN BET,1,-130,3,REG,-125,105,-1.5,Final,5.5,110
BUF,2025-01-20T21:00Z,401688341,SEA,2024,Buffalo Sabres,4,Seattle Kraken,6,105,105,100,-125,-125,-120,False,ESPN BET,1,-115,3,REG,-265,190,-1.5,Final,5.5,-105
STL,2025-01-20T23:00Z,401688342,VGK,2024,St. Louis Blues,5,Vegas Golden Knights,4,160,160,165,-190,-190,-195,False,ESPN BET,1,-120,5,SO,-160,135,-1.5,Final/SO,5.5,100
TB,2025-01-21T00:30Z,401688343,TOR,2024,Tampa Bay Lightning,3,Toronto Maple Leafs,5,115,115,110,-135,-135,-130,False,ESPN BET,1,-110,3,REG,-225,175,-1.5,Final,6.5,-110
CBJ,2025-01-21T00:30Z,401688344,NYI,2024,Columbus Blue Jackets,1,New York Islanders,3,155,155,145,-185,-185,-170,False,ESPN BET,1,-120,3,REG,-175,145,-1.5,Final,5.5,100
CAR,2025-01-21T01:30Z,401688345,CHI,2024,Carolina Hurricanes,4,Chicago Blackhawks,3,-300,-300,-300,250,250,250,False,ESPN BET,1,-125,4,OT,-115,-105,1.5,Final/OT,5.5,105
WPG,2025-01-21T02:30Z,401688346,UTAH,2024,Winnipeg Jets,2,Utah Hockey Club,5,-175,-175,-135,150,150,115,False,ESPN BET,1,-120,3,REG,150,-180,1.5,Final,5.5,100
PIT,2025-01-21T03:30Z,401688347,LA,2024,Pittsburgh Penguins,5,Los Angeles Kings,1,165,165,155,-195,-195,-185,False,ESPN BET,1,-115,3,REG,-160,135,-1.5,Final,5.5,-105
TB,2025-01-22T00:00Z,401688348,MTL,2024,Tampa Bay Lightning,2,Montreal Canadiens,3,-135,-135,-150,115,115,130,False,ESPN BET,1,100,3,REG,170,-215,1.5,Final,6.5,-120
OTT,2025-01-22T00:00Z,401688349,NYR,2024,Ottawa Senators,0,New York Rangers,5,105,105,115,-125,-125,-135,False,ESPN BET,1,-115,3,REG,-265,190,-1.5,Final,5.5,-105
DET,2025-01-22T00:00Z,401688350,PHI,2024,Detroit Red Wings,1,Philadelphia Flyers,2,120,120,115,-140,-140,-135,False,ESPN BET,1,110,4,OT,-225,175,-1.5,Final/OT,6.5,-130
SJ,2025-01-22T01:00Z,401688351,NSH,2024,San Jose Sharks,5,Nashville Predators,7,280,280,270,-360,-360,-340,False,ESPN BET,1,-130,3,REG,-145,120,-2.5,Final,5.5,110
CAR,2025-01-22T01:00Z,401688352,DAL,2024,Carolina Hurricanes,2,Dallas Stars,1,110,110,110,-130,-130,-130,False,ESPN BET,1,-115,3,REG,-275,200,-1.5,Final,5.5,-105
WSH,2025-01-22T02:00Z,401688353,EDM,2024,Washington Capitals,3,Edmonton Oilers,2,135,135,115,-155,-155,-135,False,ESPN BET,1,-120,3,REG,-200,165,-1.5,Final,5.5,100
BUF,2025-01-22T03:00Z,401688354,VAN,2024,Buffalo Sabres,3,Vancouver Canucks,2,155,155,145,-185,-185,-170,False,ESPN BET,1,-115,3,REG,-160,135,-1.5,Final,5.5,-105
FLA,2025-01-22T03:00Z,401688355,ANA,2024,Florida Panthers,5,Anaheim Ducks,2,-260,-260,-250,215,215,210,False,ESPN BET,1,-120,3,REG,100,-120,1.5,Final,5.5,100
BOS,2025-01-23T00:00Z,401688357,NJ,2024,Boston Bruins,1,New Jersey Devils,5,175,175,160,-210,-210,-190,False,ESPN BET,1,-115,3,REG,-145,120,-1.5,Final,5.5,-105
CBJ,2025-01-23T00:30Z,401688356,TOR,2024,Columbus Blue Jackets,5,Toronto Maple Leafs,1,170,170,190,-200,-200,-225,False,ESPN BET,1,-110,3,REG,-145,120,-1.5,Final,6.5,-110
WPG,2025-01-23T02:30Z,401688358,COL,2024,Winnipeg Jets,3,Colorado Avalanche,2,100,100,125,-120,-120,-145,False,ESPN BET,1,-115,4,OT,-275,200,-1.5,Final/OT,5.5,-105
FLA,2025-01-23T03:00Z,401688359,LA,2024,Florida Panthers,1,Los Angeles Kings,2,105,105,105,-125,-125,-125,False,ESPN BET,1,-105,3,REG,-275,200,-1.5,Final,5.5,-115
OTT,2025-01-24T00:00Z,401688360,BOS,2024,Ottawa Senators,0,Boston Bruins,2,-160,-160,-110,135,135,-110,False,ESPN BET,1,-115,3,REG,165,-200,1.5,Final,5.5,-105
MTL,2025-01-24T00:00Z,401688361,DET,2024,Montreal Canadiens,2,Detroit Red Wings,4,110,110,110,-130,-130,-130,False,ESPN BET,1,115,3,REG,-235,180,-1.5,Final,6.5,-135
PHI,2025-01-24T00:00Z,401688362,NYR,2024,Philadelphia Flyers,1,New York Rangers,6,130,130,125,-150,-150,-145,False,ESPN BET,1,-120,3,REG,-200,165,-1.5,Final,5.5,100
CBJ,2025-01-24T00:00Z,401688363,CAR,2024,Columbus Blue Jackets,4,Carolina Hurricanes,7,300,300,250,-400,-400,-300,False,ESPN BET,1,115,3,REG,110,-130,-1.5,Final,6.5,-135
VGK,2025-01-24T01:00Z,401688364,STL,2024,Vegas Golden Knights,4,St. Louis Blues,2,-155,-155,-140,130,130,120,False,ESPN BET,1,115,3,REG,170,-215,1.5,Final,6.5,-135
UTAH,2025-01-24T01:00Z,401688365,MIN,2024,Utah Hockey Club,4,Minnesota Wild,0,125,125,130,-145,-145,-150,False,ESPN BET,1,-130,3,REG,-190,160,-1.5,Final,5.5,110
BUF,2025-01-24T02:00Z,401688366,CGY,2024,Buffalo Sabres,2,Calgary Flames,5,120,120,115,-140,-140,-135,False,ESPN BET,1,-120,3,REG,-225,175,-1.5,Final,5.5,100
VAN,2025-01-24T02:00Z,401688367,EDM,2024,Vancouver Canucks,2,Edmonton Oilers,6,150,150,150,-175,-175,-175,False,ESPN BET,1,-120,3,REG,-175,145,-1.5,Final,5.5,100
PIT,2025-01-24T03:00Z,401688368,ANA,2024,Pittsburgh Penguins,1,Anaheim Ducks,5,-150,-150,-140,130,130,120,False,ESPN BET,1,110,3,REG,150,-180,1.5,Final,6.5,-130
WSH,2025-01-24T03:00Z,401688369,SEA,2024,Washington Capitals,3,Seattle Kraken,0,-135,-135,-140,115,115,120,False,ESPN BET,1,-115,3,REG,180,-235,1.5,Final,5.5,-105
NSH,2025-01-24T03:30Z,401688370,SJ,2024,Nashville Predators,6,San Jose Sharks,5,-225,-225,-240,190,190,200,False,ESPN BET,1,105,3,REG,120,-145,1.5,Final,6.5,-125
PHI,2025-01-25T00:30Z,401688371,NYI,2024,Philadelphia Flyers,1,New York Islanders,3,135,135,135,-165,-165,-155,False,ESPN BET,1,-130,3,REG,-185,155,-1.5,Final,5.5,110
VGK,2025-01-25T00:30Z,401688373,DAL,2024,Vegas Golden Knights,3,Dallas Stars,4,130,130,130,-155,-155,-150,False,ESPN BET,1,-125,3,REG,-215,170,-1.5,Final,5.5,105
TB,2025-01-25T01:00Z,401688372,CHI,2024,Tampa Bay Lightning,4,Chicago Blackhawks,3,-250,-250,-210,210,210,175,False,ESPN BET,1,-130,4,OT,-105,-115,1.5,Final/OT,6.5,110
UTAH,2025-01-25T01:00Z,401688374,WPG,2024,Utah Hockey Club,2,Winnipeg Jets,5,200,200,175,-240,-240,-210,False,ESPN BET,1,-120,3,REG,-125,105,-1.5,Final,5.5,100
COL,2025-01-25T18:00Z,401688375,BOS,2024,Colorado Avalanche,1,Boston Bruins,3,-145,-145,-145,125,125,125,False,ESPN BET,1,-125,3,REG,165,-200,1.5,Final,5.5,105
BUF,2025-01-25T21:00Z,401688376,EDM,2024,Buffalo Sabres,2,Edmonton Oilers,3,220,220,190,-270,-270,-225,False,ESPN BET,1,-115,3,REG,-110,-110,-1.5,Final,6.5,-105
PIT,2025-01-25T21:00Z,401688377,SEA,2024,Pittsburgh Penguins,1,Seattle Kraken,4,-105,-105,105,-115,-115,-125,False,ESPN BET,1,-120,3,REG,-300,210,-1.5,Final,5.5,100
NJ,2025-01-26T00:00Z,401688378,MTL,2024,New Jersey Devils,4,Montreal Canadiens,3,-170,-170,-175,145,145,150,False,ESPN BET,1,110,4,OT,150,-180,1.5,Final/OT,6.5,-130
TOR,2025-01-26T00:00Z,401688379,OTT,2024,Toronto Maple Leafs,1,Ottawa Senators,2,-110,-110,-115,-110,-110,-105,False,ESPN BET,1,-115,3,REG,210,-300,1.5,Final,5.5,-105
TB,2025-01-26T00:00Z,401688380,DET,2024,Tampa Bay Lightning,0,Detroit Red Wings,2,-135,-135,-135,115,115,115,False,ESPN BET,1,105,3,REG,175,-225,1.5,Final,6.5,-125
LA,2025-01-26T00:00Z,401688381,CBJ,2024,Los Angeles Kings,2,Columbus Blue Jackets,3,-185,-185,-165,155,155,140,False,ESPN BET,1,-115,4,OT,140,-165,1.5,Final/OT,5.5,-105
DAL,2025-01-26T00:00Z,401688382,STL,2024,Dallas Stars,2,St. Louis Blues,0,-130,-130,-140,110,110,120,False,ESPN BET,1,-115,3,REG,180,-235,1.5,Final,5.5,-105
CGY,2025-01-26T00:00Z,401688383,MIN,2024,Calgary Flames,5,Minnesota Wild,4,125,125,145,-145,-145,-170,False,ESPN BET,1,-115,3,REG,-215,170,-1.5,Final,5.5,-105
CAR,2025-01-26T00:30Z,401688384,NYI,2024,Carolina Hurricanes,2,New York Islanders,3,-215,-215,-175,180,180,150,False,ESPN BET,1,-125,4,OT,125,-150,1.5,Final/OT,5.5,105
WSH,2025-01-26T03:00Z,401688385,VAN,2024,Washington Capitals,1,Vancouver Canucks,2,-120,-120,-125,100,100,105,False,ESPN BET,1,105,3,REG,200,-275,1.5,Final,5.5,-125
NSH,2025-01-26T03:00Z,401688386,ANA,2024,Nashville Predators,2,Anaheim Ducks,5,-195,-195,-190,165,165,160,False,ESPN BET,1,110,3,REG,130,-155,1.5,Final,6.5,-130
FLA,2025-01-26T03:00Z,401688387,SJ,2024,Florida Panthers,7,San Jose Sharks,2,-300,-300,-290,250,250,240,False,ESPN BET,1,-145,3,REG,-120,100,1.5,Final,5.5,120
COL,2025-01-26T18:00Z,401688388,NYR,2024,Colorado Avalanche,5,New York Rangers,4,115,115,100,-135,-135,-120,False,ESPN BET,1,-125,3,REG,-250,200,-1.5,Final,5.5,105
UTAH,2025-01-26T22:00Z,401688389,OTT,2024,Utah Hockey Club,1,Ottawa Senators,3,105,105,120,-125,-125,-140,False,ESPN BET,1,-115,3,REG,-265,190,-1.5,Final,5.5,-105
CGY,2025-01-26T23:00Z,401688390,WPG,2024,Calgary Flames,2,Winnipeg Jets,5,175,175,190,-210,-210,-225,False,ESPN BET,1,-135,3,REG,-155,130,-1.5,Final,5.5,115
MIN,2025-01-27T00:00Z,401688391,CHI,2024,Minnesota Wild,4,Chicago Blackhawks,2,-200,-200,-190,170,170,160,False,ESPN BET,1,-135,3,REG,125,-150,1.5,Final,5.5,115
FLA,2025-01-27T01:00Z,401688392,VGK,2024,Florida Panthers,1,Vegas Golden Knights,4,115,115,110,-135,-135,-130,False,ESPN BET,1,-130,3,REG,-235,180,-1.5,Final,5.5,110
LA,2025-01-28T00:00Z,401688393,DET,2024,Los Angeles Kings,2,Detroit Red Wings,5,-145,-145,-140,125,125,120,False,ESPN BET,1,-105,3,REG,170,-215,1.5,Final,5.5,-115
NJ,2025-01-28T00:00Z,401688394,PHI,2024,New Jersey Devils,2,Philadelphia Flyers,4,-145,-145,-140,125,125,120,False,ESPN BET,1,100,3,REG,170,-215,1.5,Final,5.5,-120
VAN,2025-01-28T00:30Z,401688395,STL,2024,Vancouver Canucks,5,St. Louis Blues,2,105,105,105,-125,-125,-125,False,ESPN BET,1,115,3,REG,-275,200,-1.5,Final,5.5,-135
SEA,2025-01-28T02:30Z,401688396,EDM,2024,Seattle Kraken,2,Edmonton Oilers,4,250,250,230,-300,-300,-280,False,ESPN BET,1,-105,3,REG,-110,-110,-1.5,Final,6.5,-115
PIT,2025-01-28T03:30Z,401688397,SJ,2024,Pittsburgh Penguins,1,San Jose Sharks,2,-185,-185,-155,155,155,135,False,ESPN BET,1,-110,3,REG,135,-160,1.5,Final,6.5,-110
BOS,2025-01-29T00:00Z,401688398,BUF,2024,Boston Bruins,2,Buffalo Sabres,7,100,100,-125,-120,-120,105,False,ESPN BET,1,-130,3,REG,-275,200,-1.5,Final,5.5,110
WPG,2025-01-29T00:00Z,401688399,MTL,2024,Winnipeg Jets,4,Montreal Canadiens,1,-170,-170,-155,145,145,130,False,ESPN BET,1,-120,3,REG,150,-180,1.5,Final,5.5,100
CHI,2025-01-29T00:00Z,401688400,TB,2024,Chicago Blackhawks,4,Tampa Bay Lightning,1,270,270,270,-340,-340,-340,False,ESPN BET,1,-115,3,REG,110,-130,-1.5,Final,6.5,-105
CAR,2025-01-29T00:00Z,401688401,NYR,2024,Carolina Hurricanes,4,New York Rangers,0,-135,-135,-135,115,115,115,False,ESPN BET,1,-125,3,REG,175,-225,1.5,Final,5.5,105
COL,2025-01-29T00:30Z,401688402,NYI,2024,Colorado Avalanche,2,New York Islanders,5,-135,-135,-145,115,115,125,False,ESPN BET,1,-125,3,REG,175,-225,1.5,Final,5.5,105
WSH,2025-01-29T02:00Z,401688403,CGY,2024,Washington Capitals,3,Calgary Flames,1,-145,-145,-145,125,125,125,False,ESPN BET,1,-115,3,REG,170,-215,1.5,Final,5.5,-105
DAL,2025-01-29T03:00Z,401688404,VGK,2024,Dallas Stars,4,Vegas Golden Knights,3,105,105,-105,-125,-125,-115,False,ESPN BET,1,-120,4,OT,-265,190,-1.5,Final/OT,5.5,100
ANA,2025-01-29T03:00Z,401688405,SEA,2024,Anaheim Ducks,6,Seattle Kraken,4,105,105,135,-125,-125,-155,False,ESPN BET,1,-125,3,REG,-235,180,-1.5,Final,5.5,105
MIN,2025-01-30T00:00Z,401688406,TOR,2024,Minnesota Wild,3,Toronto Maple Leafs,1,135,135,140,-155,-155,-165,False,ESPN BET,1,-115,3,REG,-190,160,-1.5,Final,5.5,-105
LA,2025-01-30T00:00Z,401688407,FLA,2024,Los Angeles Kings,0,Florida Panthers,3,130,130,135,-150,-150,-155,False,ESPN BET,1,110,3,REG,-215,170,-1.5,Final,5.5,-130
PHI,2025-01-30T00:00Z,401688408,NJ,2024,Philadelphia Flyers,0,New Jersey Devils,5,150,150,155,-175,-175,-185,False,ESPN BET,1,-115,3,REG,-160,135,-1.5,Final,5.5,-105
VAN,2025-01-30T02:00Z,401688409,NSH,2024,Vancouver Canucks,3,Nashville Predators,1,125,125,125,-145,-145,-145,False,ESPN BET,1,-125,3,REG,-215,170,-1.5,Final,5.5,105
PIT,2025-01-30T02:30Z,401688410,UTAH,2024,Pittsburgh Penguins,3,Utah Hockey Club,2,120,120,130,-140,-140,-150,False,ESPN BET,1,115,4,OT,-215,170,-1.5,Final/OT,6.5,-135
WPG,2025-01-31T00:00Z,401688411,BOS,2024,Winnipeg Jets,6,Boston Bruins,2,-165,-165,-130,140,140,110,False,ESPN BET,1,-110,3,REG,160,-190,1.5,Final,5.5,-110
MIN,2025-01-31T00:00Z,401688412,MTL,2024,Minnesota Wild,4,Montreal Canadiens,0,130,130,105,-150,-150,-125,False,ESPN BET,1,100,3,REG,-200,165,-1.5,Final,6.5,-120
WSH,2025-01-31T00:00Z,401688413,OTT,2024,Washington Capitals,4,Ottawa Senators,5,-105,-105,-115,-115,-115,-105,False,ESPN BET,1,115,4,OT,-325,220,-1.5,Final/OT,5.5,-135
LA,2025-01-31T00:00Z,401688414,TB,2024,Los Angeles Kings,0,Tampa Bay Lightning,3,145,145,125,-170,-170,-145,False,ESPN BET,1,-120,3,REG,-175,145,-1.5,Final,5.5,100
CHI,2025-01-31T00:00Z,401688416,CAR,2024,Chicago Blackhawks,2,Carolina Hurricanes,3,320,320,340,-425,-425,-450,False,ESPN BET,1,120,3,REG,-145,120,-2.5,Final,6.5,-145
NYI,2025-01-31T00:30Z,401688415,PHI,2024,New York Islanders,3,Philadelphia Flyers,0,-145,-145,-105,125,125,-115,False,ESPN BET,1,-110,3,REG,170,-215,1.5,Final,5.5,-110
ANA,2025-01-31T02:00Z,401688417,CGY,2024,Anaheim Ducks,1,Calgary Flames,4,155,155,145,-185,-185,-170,False,ESPN BET,1,-130,3,REG,-160,135,-1.5,Final,5.5,110
DET,2025-01-31T02:00Z,401688418,EDM,2024,Detroit Red Wings,3,Edmonton Oilers,2,225,225,215,-275,-275,-260,False,ESPN BET,1,-110,5,SO,-115,-105,-1.5,Final/SO,6.5,-110
CBJ,2025-01-31T03:00Z,401688419,VGK,2024,Columbus Blue Jackets,2,Vegas Golden Knights,1,240,240,200,-290,-290,-240,False,ESPN BET,1,100,4,OT,-115,-105,-1.5,Final/OT,6.5,-120
SJ,2025-01-31T03:30Z,401688420,SEA,2024,San Jose Sharks,2,Seattle Kraken,6,155,155,170,-185,-185,-200,False,ESPN BET,1,115,3,REG,-160,135,-1.5,Final,6.5,-140
NSH,2025-02-01T00:00Z,401688421,BUF,2024,Nashville Predators,3,Buffalo Sabres,4,-125,-125,-125,105,105,105,False,ESPN BET,1,-120,3,REG,180,-235,1.5,Final,6.5,100
VAN,2025-02-01T01:00Z,401688422,DAL,2024,Vancouver Canucks,3,Dallas Stars,5,145,145,145,-175,-175,-170,False,ESPN BET,1,110,3,REG,-180,150,-1.5,Final,5.5,-130
STL,2025-02-01T02:00Z,401688423,COL,2024,St. Louis Blues,0,Colorado Avalanche,5,150,150,175,-175,-175,-210,False,ESPN BET,1,-130,3,REG,-170,140,-1.5,Final,5.5,110
CBJ,2025-02-01T02:00Z,401688424,UTAH,2024,Columbus Blue Jackets,3,Utah Hockey Club,2,185,185,145,-225,-225,-170,False,ESPN BET,1,-135,4,OT,-120,100,-1.5,Final/OT,5.5,115
CHI,2025-02-01T18:00Z,401688425,FLA,2024,Chicago Blackhawks,1,Florida Panthers,5,340,340,300,-450,-450,-400,False,ESPN BET,1,-130,3,REG,115,-135,-1.5,Final,5.5,110
NYR,2025-02-01T20:30Z,401688426,BOS,2024,New York Rangers,3,Boston Bruins,6,-140,-140,-110,120,120,-110,False,ESPN BET,1,-135,3,REG,185,-250,1.5,Final,5.5,115
MIN,2025-02-02T00:00Z,401688427,OTT,2024,Minnesota Wild,0,Ottawa Senators,6,120,120,120,-140,-140,-140,False,ESPN BET,1,105,3,REG,-235,180,-1.5,Final,5.5,-125
NYI,2025-02-02T00:00Z,401688428,TB,2024,New York Islanders,3,Tampa Bay Lightning,2,145,145,135,-170,-170,-155,False,ESPN BET,1,-125,4,OT,-175,145,-1.5,Final/OT,5.5,105
NSH,2025-02-02T00:00Z,401688429,PIT,2024,Nashville Predators,0,Pittsburgh Penguins,3,-130,-130,-110,110,110,-110,False,ESPN BET,1,-105,3,REG,190,-265,1.5,Final,6.5,-115
WPG,2025-02-02T00:00Z,401688430,WSH,2024,Winnipeg Jets,5,Washington Capitals,4,-110,-110,105,-110,-110,-125,False,ESPN BET,1,100,4,OT,-300,210,-1.5,Final/OT,5.5,-120
LA,2025-02-02T00:00Z,401688431,CAR,2024,Los Angeles Kings,4,Carolina Hurricanes,2,125,125,135,-150,-150,-155,False,ESPN BET,1,105,3,REG,-200,160,-1.5,Final,5.5,-125
TOR,2025-02-02T00:00Z,401688432,EDM,2024,Toronto Maple Leafs,4,Edmonton Oilers,3,130,130,135,-150,-150,-155,False,ESPN BET,1,-110,3,REG,-175,145,-1.5,Final,6.5,-110
DET,2025-02-02T03:00Z,401688433,CGY,2024,Detroit Red Wings,3,Calgary Flames,1,-105,-105,105,-115,-115,-125,False,ESPN BET,1,-120,3,REG,-300,210,-1.5,Final,5.5,100
NJ,2025-02-02T18:00Z,401688434,BUF,2024,New Jersey Devils,3,Buffalo Sabres,4,-135,-135,-140,115,115,120,False,ESPN BET,1,105,3,REG,170,-215,1.5,Final,6.5,-125
PHI,2025-02-02T20:00Z,401688435,COL,2024,Philadelphia Flyers,0,Colorado Avalanche,2,170,170,200,-205,-205,-240,False,ESPN BET,1,-130,3,REG,-150,125,-1.5,Final,5.5,110
MTL,2025-02-02T21:00Z,401688436,ANA,2024,Montreal Canadiens,2,Anaheim Ducks,3,-140,-140,-125,120,120,105,False,ESPN BET,1,115,3,REG,175,-225,1.5,Final,6.5,-135
NYI,2025-02-02T23:00Z,401688437,FLA,2024,New York Islanders,3,Florida Panthers,6,220,220,170,-270,-270,-200,False,ESPN BET,1,-130,3,REG,-115,-105,-1.5,Final,5.5,110
VGK,2025-02-02T23:00Z,401688438,NYR,2024,Vegas Golden Knights,2,New York Rangers,4,-145,-145,-130,125,125,110,False,ESPN BET,1,105,3,REG,170,-215,1.5,Final,6.5,-125
CBJ,2025-02-02T23:00Z,401688439,DAL,2024,Columbus Blue Jackets,3,Dallas Stars,5,195,195,215,-230,-230,-260,False,ESPN BET,1,-120,3,REG,-120,100,-1.5,Final,5.5,100
STL,2025-02-03T00:00Z,401688440,UTAH,2024,St. Louis Blues,2,Utah Hockey Club,1,100,100,110,-120,-120,-130,False,ESPN BET,1,-110,3,REG,-265,190,-1.5,Final,5.5,-110
DET,2025-02-03T01:00Z,401688441,VAN,2024,Detroit Red Wings,3,Vancouver Canucks,2,130,130,140,-150,-150,-165,False,ESPN BET,1,-110,4,OT,-190,160,-1.5,Final/OT,5.5,-110
CGY,2025-02-03T02:00Z,401688442,SEA,2024,Calgary Flames,3,Seattle Kraken,2,150,150,125,-175,-175,-145,False,ESPN BET,1,-120,3,REG,-190,160,-1.5,Final,5.5,100
OTT,2025-02-04T00:30Z,401688443,NSH,2024,Ottawa Senators,5,Nashville Predators,2,115,115,110,-135,-135,-130,False,ESPN BET,1,-120,3,REG,-225,175,-1.5,Final,5.5,100
MIN,2025-02-05T00:00Z,401688444,BOS,2024,Minnesota Wild,0,Boston Bruins,3,115,115,110,-135,-135,-130,False,ESPN BET,1,-110,3,REG,-235,180,-1.5,Final,5.5,-110
CBJ,2025-02-05T00:00Z,401688445,BUF,2024,Columbus Blue Jackets,2,Buffalo Sabres,3,145,145,140,-170,-170,-165,False,ESPN BET,1,105,3,REG,-175,145,-1.5,Final,6.5,-125
OTT,2025-02-05T00:00Z,401688446,TB,2024,Ottawa Senators,3,Tampa Bay Lightning,4,155,155,150,-185,-185,-175,False,ESPN BET,1,-105,3,REG,-175,145,-1.5,Final,5.5,-115
NJ,2025-02-05T00:00Z,401688447,PIT,2024,New Jersey Devils,3,Pittsburgh Penguins,2,-135,-135,-155,115,115,135,False,ESPN BET,1,115,5,SO,175,-225,1.5,Final/SO,6.5,-135
FLA,2025-02-05T00:00Z,401688448,WSH,2024,Florida Panthers,3,Washington Capitals,6,-125,-125,-120,105,105,100,False,ESPN BET,1,-105,3,REG,190,-265,1.5,Final,5.5,-115
VGK,2025-02-05T00:30Z,401688449,NYI,2024,Vegas Golden Knights,1,New York Islanders,2,-145,-145,-140,125,125,120,False,ESPN BET,1,-125,3,REG,175,-225,1.5,Final,5.5,105
EDM,2025-02-05T01:00Z,401688450,STL,2024,Edmonton Oilers,3,St. Louis Blues,2,-190,-190,-180,160,160,150,False,ESPN BET,1,110,4,OT,135,-160,1.5,Final/OT,6.5,-130
CAR,2025-02-05T01:00Z,401688451,WPG,2024,Carolina Hurricanes,0,Winnipeg Jets,3,-155,-155,-110,135,135,-110,False,ESPN BET,1,-120,3,REG,165,-200,1.5,Final,5.5,100
TOR,2025-02-05T02:00Z,401688452,CGY,2024,Toronto Maple Leafs,6,Calgary Flames,3,-135,-135,-145,115,115,125,False,ESPN BET,1,-115,3,REG,190,-265,1.5,Final,5.5,-105
PHI,2025-02-05T02:00Z,401688453,UTAH,2024,Philadelphia Flyers,2,Utah Hockey Club,3,125,125,115,-145,-145,-135,False,ESPN BET,1,-105,4,OT,-225,175,-1.5,Final/OT,5.5,-115
COL,2025-02-05T03:00Z,401688454,VAN,2024,Colorado Avalanche,0,Vancouver Canucks,3,-165,-165,-135,140,140,115,False,ESPN BET,1,-110,3,REG,150,-180,1.5,Final,5.5,-110
DET,2025-02-05T03:00Z,401688456,SEA,2024,Detroit Red Wings,5,Seattle Kraken,4,-105,-105,100,-115,-115,-120,False,ESPN BET,1,-120,5,SO,-300,210,-1.5,Final/SO,5.5,100
DAL,2025-02-05T03:30Z,401688455,ANA,2024,Dallas Stars,1,Anaheim Ducks,2,-250,-250,-225,210,210,190,False,ESPN BET,1,-120,3,REG,105,-125,1.5,Final,5.5,100
MTL,2025-02-05T03:30Z,401688457,SJ,2024,Montreal Canadiens,4,San Jose Sharks,3,-170,-145,-165,145,125,140,False,ESPN BET,1,105,3,REG,150,-180,1.5,Final,6.5,-125
BOS,2025-02-06T00:00Z,401688458,NYR,2024,Boston Bruins,2,New York Rangers,3,190,190,145,-225,-225,-170,False,ESPN BET,1,110,3,REG,-135,115,-1.5,Final,6.5,-130
EDM,2025-02-06T02:30Z,401688459,CHI,2024,Edmonton Oilers,4,Chicago Blackhawks,3,-300,-300,-270,250,250,220,False,ESPN BET,1,-110,4,OT,-115,-105,1.5,Final/OT,6.5,-110
MTL,2025-02-06T03:30Z,401688460,LA,2024,Montreal Canadiens,3,Los Angeles Kings,6,210,210,200,-250,-250,-240,False,ESPN BET,1,-125,3,REG,-115,-105,-1.5,Final,5.5,105
OTT,2025-02-07T00:00Z,401688461,TB,2024,Ottawa Senators,1,Tampa Bay Lightning,5,140,140,135,-165,-165,-155,False,ESPN BET,1,-125,3,REG,-200,165,-1.5,Final,5.5,105
VGK,2025-02-07T00:00Z,401688462,NJ,2024,Vegas Golden Knights,3,New Jersey Devils,1,-125,-125,-105,105,105,-115,False,ESPN BET,1,-110,3,REG,210,-300,1.5,Final,5.5,-110
WSH,2025-02-07T00:00Z,401688463,PHI,2024,Washington Capitals,4,Philadelphia Flyers,3,-165,-165,-145,140,140,125,False,ESPN BET,1,-120,3,REG,160,-190,1.5,Final,5.5,100
UTAH,2025-02-07T00:00Z,401688464,CBJ,2024,Utah Hockey Club,3,Columbus Blue Jackets,2,-165,-165,-150,140,140,130,False,ESPN BET,1,-125,4,OT,150,-180,1.5,Final/OT,5.5,105
CAR,2025-02-07T00:30Z,401688466,MIN,2024,Carolina Hurricanes,1,Minnesota Wild,2,-185,-185,-170,155,155,145,False,ESPN BET,1,-105,3,REG,140,-165,1.5,Final,5.5,-115
FLA,2025-02-07T01:00Z,401688465,STL,2024,Florida Panthers,3,St. Louis Blues,2,-185,-170,-170,155,145,145,False,ESPN BET,1,-110,3,REG,150,-180,1.5,Final,5.5,-110
COL,2025-02-07T02:00Z,401688467,CGY,2024,Colorado Avalanche,4,Calgary Flames,2,-150,-150,-165,130,130,140,False,ESPN BET,1,-130,3,REG,170,-215,1.5,Final,5.5,110
TOR,2025-02-07T03:00Z,401688468,SEA,2024,Toronto Maple Leafs,3,Seattle Kraken,1,-165,-165,-165,140,140,140,False,ESPN BET,1,115,3,REG,160,-190,1.5,Final,6.5,-135
VAN,2025-02-07T03:30Z,401688469,SJ,2024,Vancouver Canucks,2,San Jose Sharks,1,-200,-200,-185,165,165,155,False,ESPN BET,1,-125,4,OT,130,-155,1.5,Final/OT,5.5,105
PIT,2025-02-08T00:00Z,401688470,NYR,2024,Pittsburgh Penguins,3,New York Rangers,2,175,175,165,-210,-210,-195,False,ESPN BET,1,-125,3,REG,-145,120,-1.5,Final,5.5,105
NYI,2025-02-08T01:00Z,401688471,WPG,2024,New York Islanders,3,Winnipeg Jets,4,160,160,160,-190,-190,-190,False,ESPN BET,1,100,3,REG,-160,135,-1.5,Final,5.5,-120
NSH,2025-02-08T01:30Z,401688472,CHI,2024,Nashville Predators,2,Chicago Blackhawks,6,-200,-200,-200,170,170,170,False,ESPN BET,1,115,3,REG,130,-155,1.5,Final,6.5,-135
COL,2025-02-08T02:00Z,401688473,EDM,2024,Colorado Avalanche,5,Edmonton Oilers,4,160,160,140,-190,-190,-165,False,ESPN BET,1,-120,3,REG,-160,135,-1.5,Final,6.5,100
DAL,2025-02-08T03:30Z,401688474,LA,2024,Dallas Stars,4,Los Angeles Kings,5,-110,-110,-105,-110,-110,-115,False,ESPN BET,1,105,5,SO,220,-325,1.5,Final/SO,5.5,-125
NJ,2025-02-08T18:00Z,401688475,MTL,2024,New Jersey Devils,4,Montreal Canadiens,0,-155,-155,-155,130,130,135,False,ESPN BET,1,-115,3,REG,165,-200,1.5,Final,5.5,-105
TB,2025-02-08T18:00Z,401688476,DET,2024,Tampa Bay Lightning,6,Detroit Red Wings,3,-170,-170,-140,145,145,120,False,ESPN BET,1,115,3,REG,150,-180,1.5,Final,6.5,-135
UTAH,2025-02-08T18:00Z,401688477,CAR,2024,Utah Hockey Club,3,Carolina Hurricanes,7,165,165,195,-195,-195,-230,False,ESPN BET,1,-105,3,REG,-155,130,-1.5,Final,5.5,-115
VGK,2025-02-08T20:30Z,401688478,BOS,2024,Vegas Golden Knights,4,Boston Bruins,3,-155,-155,-150,135,135,130,False,ESPN BET,1,-120,3,REG,175,-225,1.5,Final,5.5,100
OTT,2025-02-09T00:00Z,401688479,FLA,2024,Ottawa Senators,1,Florida Panthers,5,155,155,155,-185,-185,-185,False,ESPN BET,1,-105,3,REG,-175,145,-1.5,Final,5.5,-115
PIT,2025-02-09T00:00Z,401688480,PHI,2024,Pittsburgh Penguins,2,Philadelphia Flyers,3,145,145,130,-175,-175,-150,False,ESPN BET,1,105,3,REG,-210,155,-1.5,Final,5.5,-125
NYR,2025-02-09T00:00Z,401688481,CBJ,2024,New York Rangers,4,Columbus Blue Jackets,3,-145,-145,-150,125,125,130,False,ESPN BET,1,105,3,REG,170,-215,1.5,Final,6.5,-125
CHI,2025-02-09T00:00Z,401688482,STL,2024,Chicago Blackhawks,5,St. Louis Blues,6,215,215,200,-260,-260,-240,False,ESPN BET,1,-120,5,SO,-125,105,-1.5,Final/SO,5.5,100
TOR,2025-02-09T00:00Z,401688483,VAN,2024,Toronto Maple Leafs,1,Vancouver Canucks,2,-150,-150,-140,130,130,120,False,ESPN BET,1,-105,3,REG,170,-215,1.5,Final,5.5,-115
BUF,2025-02-09T01:00Z,401688484,NSH,2024,Buffalo Sabres,4,Nashville Predators,6,100,100,125,-120,-120,-145,False,ESPN BET,1,-105,3,REG,-265,190,-1.5,Final,6.5,-115
NYI,2025-02-09T01:00Z,401688485,MIN,2024,New York Islanders,3,Minnesota Wild,6,130,130,135,-155,-155,-155,False,ESPN BET,1,105,3,REG,-235,180,-1.5,Final,5.5,-125
SEA,2025-02-09T03:00Z,401688486,CGY,2024,Seattle Kraken,3,Calgary Flames,2,120,120,105,-140,-140,-125,False,ESPN BET,1,-120,4,OT,-250,185,-1.5,Final/OT,5.5,100
DAL,2025-02-09T03:00Z,401688488,SJ,2024,Dallas Stars,8,San Jose Sharks,3,-225,-225,-270,190,190,220,False,ESPN BET,1,110,3,REG,115,-135,1.5,Final,6.5,-130
ANA,2025-02-09T03:30Z,401688487,LA,2024,Anaheim Ducks,2,Los Angeles Kings,1,195,195,240,-230,-230,-290,False,ESPN BET,1,-110,5,SO,-130,110,-1.5,Final/SO,5.5,-110
UTAH,2025-02-09T17:30Z,401688489,WSH,2024,Utah Hockey Club,5,Washington Capitals,4,160,160,175,-190,-190,-210,False,ESPN BET,1,-110,5,SO,-150,125,-1.5,Final/SO,5.5,-110
TB,2025-02-09T18:00Z,401688490,MTL,2024,Tampa Bay Lightning,5,Montreal Canadiens,3,-190,-190,-150,160,160,125,False,ESPN BET,1,105,3,REG,140,-165,1.5,Final,6.5,-125
CAN,2025-02-13T01:00Z,401687575,SWE,2024,Canada,4,Sweden,3,-250,-250,-280,210,210,210,True,ESPN BET,1,100,4,OT,-105,-115,1.5,Final/OT,6.5,-120
USA,2025-02-14T01:00Z,401688916,FIN,2024,USA,6,Finland,1,-400,-400,-280,300,300,210,True,ESPN BET,1,-135,3,REG,120,-145,2.5,Final,5.5,115
FIN,2025-02-15T18:00Z,401688917,SWE,2024,Finland,4,Sweden,3,210,190,110,-250,-225,-140,True,ESPN BET,1,-105,4,OT,-145,120,-1.5,Final/OT,5.5,-115
USA,2025-02-16T01:00Z,401688918,CAN,2024,USA,3,Canada,1,-115,-115,-110,-105,-105,-120,True,ESPN BET,1,-105,3,REG,200,-275,1.5,Final,6.5,-115
CAN,2025-02-17T18:00Z,401688919,FIN,2024,Canada,5,Finland,3,-500,-500,-350,360,360,250,True,ESPN BET,1,110,3,REG,-170,140,1.5,Final,6.5,-130
SWE,2025-02-18T01:00Z,401688920,USA,2024,Sweden,2,USA,1,175,175,180,-210,-210,-240,True,ESPN BET,1,100,3,REG,-150,125,-1.5,Final,6.5,-120
CAN,2025-02-21T01:00Z,401688921,USA,2024,Canada,3,USA,2,-110,-110,100,-110,-110,-125,True,ESPN BET,1,110,4,OT,-325,220,-1.5,Final/OT,5.5,-130
MIN,2025-02-22T17:30Z,401688493,DET,2024,Minnesota Wild,4,Detroit Red Wings,3,120,120,-105,-140,-140,-115,False,ESPN BET,1,-120,4,OT,-235,180,-1.5,Final/OT,5.5,100
EDM,2025-02-22T18:00Z,401688491,PHI,2024,Edmonton Oilers,3,Philadelphia Flyers,6,-200,-200,-190,170,170,160,False,ESPN BET,1,110,3,REG,125,-150,1.5,Final,6.5,-130
WSH,2025-02-22T20:00Z,401688492,PIT,2024,Washington Capitals,8,Pittsburgh Penguins,3,-140,-140,-145,120,120,125,False,ESPN BET,1,-120,3,REG,175,-225,1.5,Final,5.5,100
NYR,2025-02-22T22:30Z,401688494,BUF,2024,New York Rangers,2,Buffalo Sabres,8,-135,-135,-120,115,115,100,False,ESPN BET,1,105,3,REG,185,-250,1.5,Final,6.5,-125
SEA,2025-02-22T23:00Z,401688495,FLA,2024,Seattle Kraken,2,Florida Panthers,1,210,210,210,-250,-250,-250,False,ESPN BET,1,-120,3,REG,-130,110,-1.5,Final,5.5,100
DAL,2025-02-22T23:00Z,401688496,NJ,2024,Dallas Stars,4,New Jersey Devils,2,105,105,-115,-125,-125,-105,False,ESPN BET,1,-115,3,REG,-250,185,-1.5,Final,5.5,-105
COL,2025-02-22T23:00Z,401688497,NSH,2024,Colorado Avalanche,1,Nashville Predators,2,-135,-135,-130,115,115,110,False,ESPN BET,1,-105,3,REG,170,-215,1.5,Final,6.5,-115
ANA,2025-02-23T00:00Z,401688498,BOS,2024,Anaheim Ducks,3,Boston Bruins,2,155,155,190,-185,-185,-225,False,ESPN BET,1,-115,4,OT,-165,140,-1.5,Final/OT,5.5,-105
CAR,2025-02-23T00:00Z,401688499,TOR,2024,Carolina Hurricanes,3,Toronto Maple Leafs,6,-120,-120,-120,100,100,100,False,ESPN BET,1,-125,3,REG,190,-265,1.5,Final,5.5,105
MTL,2025-02-23T00:00Z,401688500,OTT,2024,Montreal Canadiens,5,Ottawa Senators,2,140,140,145,-165,-165,-170,False,ESPN BET,1,-125,3,REG,-190,160,-1.5,Final,5.5,105
CHI,2025-02-23T00:00Z,401688501,CBJ,2024,Chicago Blackhawks,1,Columbus Blue Jackets,5,140,140,160,-165,-165,-190,False,ESPN BET,1,115,3,REG,-175,145,-1.5,Final,6.5,-135
WPG,2025-02-23T00:00Z,401688502,STL,2024,Winnipeg Jets,4,St. Louis Blues,3,-120,-120,-140,100,100,120,False,ESPN BET,1,-130,5,SO,190,-265,1.5,Final/SO,5.5,110
UTAH,2025-02-23T02:00Z,401688503,LA,2024,Utah Hockey Club,3,Los Angeles Kings,5,145,145,150,-170,-170,-175,False,ESPN BET,1,100,3,REG,-190,160,-1.5,Final,5.5,-120
VAN,2025-02-23T03:00Z,401688504,VGK,2024,Vancouver Canucks,1,Vegas Golden Knights,3,190,190,140,-225,-225,-165,False,ESPN BET,1,100,3,REG,-130,110,-1.5,Final,5.5,-120
EDM,2025-02-23T18:00Z,401688505,WSH,2024,Edmonton Oilers,3,Washington Capitals,7,-135,-135,-120,115,115,100,False,ESPN BET,1,-120,3,REG,170,-215,1.5,Final,6.5,100
NYR,2025-02-23T20:30Z,401688506,PIT,2024,New York Rangers,5,Pittsburgh Penguins,3,-145,-145,-135,125,125,115,False,ESPN BET,1,105,3,REG,175,-225,1.5,Final,6.5,-125
ANA,2025-02-23T23:00Z,401688507,DET,2024,Anaheim Ducks,4,Detroit Red Wings,5,160,160,165,-190,-190,-195,False,ESPN BET,1,-115,4,OT,-160,135,-1.5,Final/OT,5.5,-105
SEA,2025-02-23T23:00Z,401688508,TB,2024,Seattle Kraken,1,Tampa Bay Lightning,4,230,215,215,-280,-260,-260,False,ESPN BET,1,110,3,REG,-115,-105,-1.5,Final,6.5,-130
COL,2025-02-23T23:00Z,401688509,STL,2024,Colorado Avalanche,1,St. Louis Blues,3,-155,-155,-150,135,135,130,False,ESPN BET,1,-120,3,REG,170,-215,1.5,Final,5.5,100
NJ,2025-02-23T23:00Z,401688510,NSH,2024,New Jersey Devils,5,Nashville Predators,0,-125,-125,-115,105,105,-105,False,ESPN BET,1,-130,3,REG,190,-265,1.5,Final,5.5,110
TOR,2025-02-24T00:00Z,401688511,CHI,2024,Toronto Maple Leafs,5,Chicago Blackhawks,2,-250,-250,-250,210,210,210,False,ESPN BET,1,110,3,REG,100,-120,1.5,Final,6.5,-130
DAL,2025-02-24T00:30Z,401688512,NYI,2024,Dallas Stars,4,New York Islanders,3,-130,-130,-130,110,110,110,False,ESPN BET,1,-120,3,REG,185,-250,1.5,Final,5.5,100
SJ,2025-02-24T01:00Z,401688513,CGY,2024,San Jose Sharks,2,Calgary Flames,3,195,195,190,-230,-230,-225,False,ESPN BET,1,115,3,REG,-130,110,-1.5,Final,6.5,-135
VAN,2025-02-24T01:00Z,401688514,UTAH,2024,Vancouver Canucks,1,Utah Hockey Club,2,135,135,130,-155,-155,-150,False,ESPN BET,1,100,3,REG,-190,160,-1.5,Final,5.5,-120
SJ,2025-02-25T00:30Z,401688515,WPG,2024,San Jose Sharks,1,Winnipeg Jets,2,360,360,340,-500,-500,-450,False,ESPN BET,1,120,4,OT,-125,105,-2.5,Final/OT,6.5,-145
VGK,2025-02-25T03:30Z,401688516,LA,2024,Vegas Golden Knights,2,Los Angeles Kings,5,-115,-115,-105,-105,-105,-115,False,ESPN BET,1,-115,3,REG,210,-300,1.5,Final,5.5,-105
TOR,2025-02-26T00:00Z,401688517,BOS,2024,Toronto Maple Leafs,5,Boston Bruins,4,-145,-155,-130,125,135,110,False,ESPN BET,1,-130,4,OT,165,-200,1.5,Final/OT,5.5,110
ANA,2025-02-26T00:00Z,401688518,BUF,2024,Anaheim Ducks,2,Buffalo Sabres,3,160,160,165,-190,-190,-195,False,ESPN BET,1,110,3,REG,-155,130,-1.5,Final,6.5,-130
CAR,2025-02-26T00:00Z,401688519,MTL,2024,Carolina Hurricanes,0,Montreal Canadiens,4,-250,-225,-210,190,190,175,False,ESPN BET,1,120,3,REG,115,-135,1.5,Final,6.5,-145
PIT,2025-02-26T00:00Z,401688521,PHI,2024,Pittsburgh Penguins,1,Philadelphia Flyers,6,100,100,125,-120,-120,-145,False,ESPN BET,1,-120,3,REG,-250,185,-1.5,Final,5.5,100
CGY,2025-02-26T00:00Z,401688522,WSH,2024,Calgary Flames,3,Washington Capitals,1,170,170,180,-200,-200,-215,False,ESPN BET,1,120,3,REG,-150,125,-1.5,Final,6.5,-145
DAL,2025-02-26T00:00Z,401688523,CBJ,2024,Dallas Stars,4,Columbus Blue Jackets,6,-195,-195,-170,165,165,145,False,ESPN BET,1,115,3,REG,135,-160,1.5,Final,6.5,-135
EDM,2025-02-26T00:30Z,401688520,TB,2024,Edmonton Oilers,1,Tampa Bay Lightning,4,105,105,-120,-125,-125,100,False,ESPN BET,1,-125,3,REG,-250,185,-1.5,Final,6.5,105
NYR,2025-02-26T00:30Z,401688524,NYI,2024,New York Rangers,5,New York Islanders,1,-115,-115,-110,-105,-105,-110,False,ESPN BET,1,-125,3,REG,200,-275,1.5,Final,5.5,105
SEA,2025-02-26T01:00Z,401688525,STL,2024,Seattle Kraken,2,St. Louis Blues,7,120,120,125,-140,-140,-145,False,ESPN BET,1,-105,3,REG,-225,175,-1.5,Final,5.5,-115
FLA,2025-02-26T01:00Z,401688526,NSH,2024,Florida Panthers,4,Nashville Predators,1,-155,-155,-140,135,135,120,False,ESPN BET,1,-130,3,REG,160,-190,1.5,Final,5.5,110
DET,2025-02-26T01:00Z,401688527,MIN,2024,Detroit Red Wings,3,Minnesota Wild,2,-105,-105,125,-115,-115,-145,False,ESPN BET,1,-120,3,REG,-275,200,-1.5,Final,5.5,100
CHI,2025-02-26T02:00Z,401688528,UTAH,2024,Chicago Blackhawks,1,Utah Hockey Club,2,240,240,215,-290,-290,-260,False,ESPN BET,1,110,3,REG,-115,-105,-1.5,Final,6.5,-130
WPG,2025-02-27T00:00Z,401688529,OTT,2024,Winnipeg Jets,4,Ottawa Senators,1,-145,-145,-130,125,125,110,False,ESPN BET,1,110,3,REG,170,-215,1.5,Final,5.5,-130
NJ,2025-02-27T02:30Z,401688530,COL,2024,New Jersey Devils,1,Colorado Avalanche,5,135,135,115,-155,-155,-135,False,ESPN BET,1,-120,3,REG,-200,165,-1.5,Final,5.5,100
VAN,2025-02-27T03:00Z,401688531,LA,2024,Vancouver Canucks,3,Los Angeles Kings,2,155,155,140,-185,-185,-165,False,ESPN BET,1,120,4,OT,-165,140,-1.5,Final/OT,5.5,-145
NYI,2025-02-28T00:00Z,401688532,BOS,2024,New York Islanders,2,Boston Bruins,1,-120,-120,-105,100,100,-115,False,ESPN BET,1,-125,3,REG,190,-265,1.5,Final,5.5,105
SJ,2025-02-28T00:00Z,401688533,MTL,2024,San Jose Sharks,3,Montreal Canadiens,4,190,190,180,-225,-225,-215,False,ESPN BET,1,115,4,OT,-145,120,-1.5,Final/OT,6.5,-140
CBJ,2025-02-28T00:00Z,401688534,DET,2024,Columbus Blue Jackets,5,Detroit Red Wings,2,135,135,135,-155,-155,-155,False,ESPN BET,1,115,3,REG,-180,150,-1.5,Final,6.5,-135
CGY,2025-02-28T00:00Z,401688535,TB,2024,Calgary Flames,0,Tampa Bay Lightning,3,180,180,190,-215,-215,-225,False,ESPN BET,1,-130,3,REG,-135,115,-1.5,Final,5.5,110
EDM,2025-02-28T00:00Z,401688536,FLA,2024,Edmonton Oilers,3,Florida Panthers,4,120,120,-105,-140,-140,-115,False,ESPN BET,1,100,3,REG,-215,170,-1.5,Final,6.5,-120
STL,2025-02-28T00:00Z,401688538,WSH,2024,St. Louis Blues,5,Washington Capitals,2,135,135,155,-155,-155,-185,False,ESPN BET,1,-115,3,REG,-200,165,-1.5,Final,5.5,-105
BUF,2025-02-28T00:00Z,401688539,CAR,2024,Buffalo Sabres,2,Carolina Hurricanes,5,180,180,190,-215,-215,-225,False,ESPN BET,1,-110,3,REG,-140,115,-1.5,Final,6.5,-110
PHI,2025-02-28T00:30Z,401688537,PIT,2024,Philadelphia Flyers,4,Pittsburgh Penguins,5,-105,-105,-105,-115,-115,-115,False,ESPN BET,1,-125,4,OT,210,-300,1.5,Final/OT,5.5,105
WPG,2025-02-28T01:00Z,401688540,NSH,2024,Winnipeg Jets,1,Nashville Predators,2,-130,-130,-125,110,110,105,False,ESPN BET,1,-130,3,REG,185,-250,1.5,Final,5.5,110
MIN,2025-02-28T02:00Z,401688541,UTAH,2024,Minnesota Wild,1,Utah Hockey Club,6,155,155,120,-185,-185,-140,False,ESPN BET,1,-120,3,REG,-165,140,-1.5,Final,5.5,100
CHI,2025-02-28T03:00Z,401688542,VGK,2024,Chicago Blackhawks,5,Vegas Golden Knights,7,320,320,320,-425,-425,-425,False,ESPN BET,1,115,3,REG,125,-150,-1.5,Final,6.5,-135
VAN,2025-02-28T03:00Z,401688543,ANA,2024,Vancouver Canucks,2,Anaheim Ducks,5,-120,-120,-155,100,100,135,False,ESPN BET,1,-110,3,REG,200,-275,1.5,Final,5.5,-110
TOR,2025-03-01T00:00Z,401688544,NYR,2024,Toronto Maple Leafs,3,New York Rangers,2,-120,-120,-125,100,100,105,False,ESPN BET,1,115,3,REG,200,-275,1.5,Final,6.5,-135
LA,2025-03-01T01:00Z,401688545,DAL,2024,Los Angeles Kings,2,Dallas Stars,6,110,110,130,-130,-130,-150,False,ESPN BET,1,-110,3,REG,-250,185,-1.5,Final,5.5,-110
MIN,2025-03-01T02:00Z,401688546,COL,2024,Minnesota Wild,2,Colorado Avalanche,5,270,270,195,-340,-340,-230,False,ESPN BET,1,115,3,REG,105,-125,-1.5,Final,6.5,-135
NSH,2025-03-01T17:30Z,401688547,NYI,2024,Nashville Predators,4,New York Islanders,7,125,125,115,-145,-145,-135,False,ESPN BET,1,-115,3,REG,-215,170,-1.5,Final,5.5,-105
TB,2025-03-01T17:30Z,401688548,WSH,2024,Tampa Bay Lightning,3,Washington Capitals,1,-115,-115,110,-105,-105,-130,False,ESPN BET,1,-135,3,REG,200,-275,1.5,Final,5.5,115
CGY,2025-03-01T20:00Z,401688550,FLA,2024,Calgary Flames,0,Florida Panthers,3,230,230,190,-280,-280,-225,False,ESPN BET,1,-115,3,REG,-105,-115,-1.5,Final,5.5,-105
BOS,2025-03-01T20:00Z,401688551,PIT,2024,Boston Bruins,3,Pittsburgh Penguins,2,115,115,-115,-135,-135,-105,False,ESPN BET,1,100,3,REG,-215,170,-1.5,Final,6.5,-120
DET,2025-03-01T23:35Z,401688549,CBJ,2024,Detroit Red Wings,3,Columbus Blue Jackets,5,-120,-120,-110,100,100,-110,False,ESPN BET,1,-105,3,REG,190,-265,1.5,Final,6.5,-115
MTL,2025-03-02T00:00Z,401688552,BUF,2024,Montreal Canadiens,4,Buffalo Sabres,2,125,125,135,-145,-145,-155,False,ESPN BET,1,-110,3,REG,-190,160,-1.5,Final,6.5,-110
SJ,2025-03-02T00:00Z,401688553,OTT,2024,San Jose Sharks,3,Ottawa Senators,5,250,250,240,-300,-300,-290,False,ESPN BET,1,-125,3,REG,100,-120,-1.5,Final,5.5,105
EDM,2025-03-02T00:00Z,401688554,CAR,2024,Edmonton Oilers,3,Carolina Hurricanes,1,140,140,110,-165,-165,-130,False,ESPN BET,1,-115,3,REG,-175,145,-1.5,Final,6.5,-105
PHI,2025-03-02T00:00Z,401688555,WPG,2024,Philadelphia Flyers,2,Winnipeg Jets,1,190,190,180,-225,-225,-215,False,ESPN BET,1,-105,5,SO,-135,115,-1.5,Final/SO,5.5,-115
LA,2025-03-02T01:00Z,401688556,STL,2024,Los Angeles Kings,1,St. Louis Blues,4,-110,-110,-120,-110,-110,100,False,ESPN BET,1,110,3,REG,-300,210,-1.5,Final,5.5,-130
NJ,2025-03-02T02:00Z,401688557,UTAH,2024,New Jersey Devils,3,Utah Hockey Club,1,-105,100,-130,-115,-120,110,False,ESPN BET,1,100,3,REG,-325,220,-1.5,Final,5.5,-120
CHI,2025-03-02T03:00Z,401688558,ANA,2024,Chicago Blackhawks,6,Anaheim Ducks,3,135,135,130,-160,-160,-150,False,ESPN BET,1,-130,3,REG,-180,150,-1.5,Final,5.5,110
VAN,2025-03-02T03:00Z,401688559,SEA,2024,Vancouver Canucks,3,Seattle Kraken,6,-110,-110,-120,-110,-110,100,False,ESPN BET,1,100,3,REG,-325,220,-1.5,Final,5.5,-120
TOR,2025-03-02T18:00Z,401688560,PIT,2024,Toronto Maple Leafs,6,Pittsburgh Penguins,5,-195,-195,-185,160,160,155,False,ESPN BET,1,-105,4,OT,125,-150,1.5,Final/OT,6.5,-115
BOS,2025-03-02T20:30Z,401688561,MIN,2024,Boston Bruins,0,Minnesota Wild,1,135,135,120,-160,-160,-140,False,ESPN BET,1,-105,3,REG,-200,165,-1.5,Final,5.5,-115
CGY,2025-03-02T22:00Z,401688562,CAR,2024,Calgary Flames,1,Carolina Hurricanes,2,250,250,215,-300,-300,-260,False,ESPN BET,1,-130,4,OT,100,-120,-1.5,Final/OT,5.5,110
STL,2025-03-02T23:00Z,401688563,DAL,2024,St. Louis Blues,3,Dallas Stars,6,180,180,210,-215,-215,-250,False,ESPN BET,1,-130,3,REG,-145,120,-1.5,Final,5.5,110
NSH,2025-03-03T00:00Z,401688564,NYR,2024,Nashville Predators,0,New York Rangers,4,145,145,150,-170,-170,-175,False,ESPN BET,1,105,3,REG,-165,140,-1.5,Final,6.5,-125
NJ,2025-03-03T01:00Z,401688565,VGK,2024,New Jersey Devils,0,Vegas Golden Knights,2,140,140,135,-165,-165,-155,False,ESPN BET,1,-120,3,REG,-180,150,-1.5,Final,5.5,100
OTT,2025-03-03T23:30Z,401688566,WSH,2024,Ottawa Senators,4,Washington Capitals,5,125,125,135,-150,-150,-160,False,ESPN BET,1,-115,5,SO,-225,175,-1.5,Final/SO,5.5,-105
BUF,2025-03-04T00:00Z,401688567,MTL,2024,Buffalo Sabres,3,Montreal Canadiens,4,105,105,-105,-125,-125,-115,False,ESPN BET,1,100,4,OT,-265,190,-1.5,Final/OT,6.5,-120
TB,2025-03-04T00:00Z,401688568,FLA,2024,Tampa Bay Lightning,1,Florida Panthers,2,125,125,120,-150,-150,-140,False,ESPN BET,1,-120,3,REG,-200,165,-1.5,Final,5.5,100
NYI,2025-03-04T00:00Z,401688569,NYR,2024,New York Islanders,0,New York Rangers,4,-115,-115,110,-105,-105,-130,False,ESPN BET,1,-125,3,REG,-300,210,-1.5,Final,5.5,105
SJ,2025-03-04T00:30Z,401688570,TOR,2024,San Jose Sharks,3,Toronto Maple Leafs,2,280,280,320,-360,-360,-425,False,ESPN BET,1,105,5,SO,115,-135,-1.5,Final/SO,6.5,-125
LA,2025-03-04T01:30Z,401688571,CHI,2024,Los Angeles Kings,1,Chicago Blackhawks,5,-260,-260,-240,215,215,200,False,ESPN BET,1,-115,3,REG,105,-125,1.5,Final,5.5,-105
NSH,2025-03-05T00:00Z,401688572,BOS,2024,Nashville Predators,6,Boston Bruins,3,120,120,115,-140,-140,-135,False,ESPN BET,1,-115,3,REG,-235,180,-1.5,Final,5.5,-105
SJ,2025-03-05T00:00Z,401688573,BUF,2024,San Jose Sharks,6,Buffalo Sabres,2,180,180,210,-215,-215,-250,False,ESPN BET,1,-105,3,REG,-130,110,-1.5,Final,6.5,-115
CAR,2025-03-05T00:00Z,401688574,DET,2024,Carolina Hurricanes,2,Detroit Red Wings,1,-190,-190,-160,160,160,135,False,ESPN BET,1,110,3,REG,130,-155,1.5,Final,6.5,-130
CBJ,2025-03-05T00:00Z,401688575,TB,2024,Columbus Blue Jackets,2,Tampa Bay Lightning,6,125,125,150,-145,-145,-175,False,ESPN BET,1,-125,3,REG,-180,150,-1.5,Final,6.5,105
CGY,2025-03-05T00:00Z,401688576,PHI,2024,Calgary Flames,6,Philadelphia Flyers,3,125,125,120,-145,-145,-140,False,ESPN BET,1,-115,3,REG,-215,170,-1.5,Final,5.5,-105
WPG,2025-03-05T00:30Z,401688577,NYI,2024,Winnipeg Jets,2,New York Islanders,3,-195,-195,-150,165,165,130,False,ESPN BET,1,-115,3,REG,130,-155,1.5,Final,5.5,-105
NJ,2025-03-05T01:00Z,401688578,DAL,2024,New Jersey Devils,3,Dallas Stars,4,135,135,135,-155,-155,-155,False,ESPN BET,1,-120,3,REG,-200,165,-1.5,Final,5.5,100
PIT,2025-03-05T02:00Z,401688579,COL,2024,Pittsburgh Penguins,1,Colorado Avalanche,4,220,220,210,-270,-270,-250,False,ESPN BET,1,-120,3,REG,-120,100,-1.5,Final,6.5,100
ANA,2025-03-05T02:00Z,401688580,EDM,2024,Anaheim Ducks,6,Edmonton Oilers,2,290,290,260,-380,-380,-320,False,ESPN BET,1,-110,3,REG,115,-135,-1.5,Final,6.5,-110
MIN,2025-03-05T03:00Z,401688581,SEA,2024,Minnesota Wild,4,Seattle Kraken,3,100,100,-115,-120,-120,-105,False,ESPN BET,1,-105,3,REG,-275,200,-1.5,Final,5.5,-115
WSH,2025-03-06T00:30Z,401688582,NYR,2024,Washington Capitals,3,New York Rangers,2,-105,-105,-120,-115,-115,100,False,ESPN BET,1,-130,4,OT,-265,190,-1.5,Final/OT,5.5,110
OTT,2025-03-06T00:30Z,401688583,CHI,2024,Ottawa Senators,4,Chicago Blackhawks,3,-250,-250,-195,210,210,165,False,ESPN BET,1,-135,4,OT,115,-135,1.5,Final/OT,5.5,115
TOR,2025-03-06T03:00Z,401688584,VGK,2024,Toronto Maple Leafs,2,Vegas Golden Knights,5,145,145,115,-170,-170,-135,False,ESPN BET,1,-135,3,REG,-175,145,-1.5,Final,5.5,115
ANA,2025-03-06T03:30Z,401688585,VAN,2024,Anaheim Ducks,2,Vancouver Canucks,3,175,175,200,-210,-210,-240,False,ESPN BET,1,-115,3,REG,-150,125,-1.5,Final,5.5,-105
STL,2025-03-06T03:30Z,401688586,LA,2024,St. Louis Blues,3,Los Angeles Kings,2,135,135,140,-155,-155,-165,False,ESPN BET,1,110,5,SO,-215,170,-1.5,Final/SO,5.5,-130
UTAH,2025-03-07T00:00Z,401688587,DET,2024,Utah Hockey Club,4,Detroit Red Wings,2,-135,-135,-110,115,115,-110,False,ESPN BET,1,110,3,REG,175,-225,1.5,Final,6.5,-130
BUF,2025-03-07T00:00Z,401688588,TB,2024,Buffalo Sabres,5,Tampa Bay Lightning,6,200,200,190,-240,-240,-225,False,ESPN BET,1,100,3,REG,-120,100,-1.5,Final,6.5,-120
CBJ,2025-03-07T00:00Z,401688589,FLA,2024,Columbus Blue Jackets,0,Florida Panthers,3,250,250,210,-300,-300,-250,False,ESPN BET,1,110,3,REG,105,-125,-1.5,Final,6.5,-130
WPG,2025-03-07T00:00Z,401688590,PHI,2024,Winnipeg Jets,4,Philadelphia Flyers,1,-140,-140,-140,120,120,120,False,ESPN BET,1,-120,3,REG,175,-225,1.5,Final,5.5,100
BOS,2025-03-07T00:00Z,401688591,CAR,2024,Boston Bruins,2,Carolina Hurricanes,3,270,270,210,-340,-340,-250,False,ESPN BET,1,-120,3,REG,110,-130,-1.5,Final,5.5,100
SEA,2025-03-07T01:00Z,401688592,NSH,2024,Seattle Kraken,3,Nashville Predators,5,105,105,120,-125,-125,-140,False,ESPN BET,1,-120,3,REG,-235,180,-1.5,Final,5.5,100
CGY,2025-03-07T01:00Z,401688593,DAL,2024,Calgary Flames,2,Dallas Stars,3,210,210,195,-250,-250,-230,False,ESPN BET,1,115,4,OT,-125,105,-1.5,Final/OT,6.5,-135
MTL,2025-03-07T02:00Z,401688594,EDM,2024,Montreal Canadiens,2,Edmonton Oilers,3,200,200,215,-240,-240,-260,False,ESPN BET,1,-115,4,OT,-125,105,-1.5,Final/OT,6.5,-105
SJ,2025-03-07T02:30Z,401688595,COL,2024,San Jose Sharks,3,Colorado Avalanche,7,320,320,320,-425,-425,-425,False,ESPN BET,1,105,3,REG,-130,110,-2.5,Final,6.5,-125
WPG,2025-03-08T00:00Z,401688596,NJ,2024,Winnipeg Jets,6,New Jersey Devils,1,-125,-125,-120,105,105,100,False,ESPN BET,1,120,3,REG,200,-275,1.5,Final,5.5,-145
DET,2025-03-08T00:00Z,401688597,WSH,2024,Detroit Red Wings,2,Washington Capitals,5,195,195,195,-230,-230,-230,False,ESPN BET,1,-105,3,REG,-125,105,-1.5,Final,6.5,-115
UTAH,2025-03-08T01:30Z,401688598,CHI,2024,Utah Hockey Club,3,Chicago Blackhawks,4,-175,-170,-150,150,145,130,False,ESPN BET,1,-130,4,OT,150,-180,1.5,Final/OT,5.5,110
MIN,2025-03-08T03:00Z,401688599,VAN,2024,Minnesota Wild,1,Vancouver Canucks,3,110,110,110,-130,-130,-130,False,ESPN BET,1,100,3,REG,-265,190,-1.5,Final,5.5,-120
PIT,2025-03-08T03:00Z,401688600,VGK,2024,Pittsburgh Penguins,0,Vegas Golden Knights,4,195,195,210,-230,-230,-250,False,ESPN BET,1,-115,3,REG,-125,105,-1.5,Final,6.5,-105
STL,2025-03-08T03:00Z,401688601,ANA,2024,St. Louis Blues,4,Anaheim Ducks,3,-170,-170,-145,145,145,125,False,ESPN BET,1,-120,3,REG,165,-200,1.5,Final,5.5,100
NYR,2025-03-08T17:30Z,401688602,OTT,2024,New York Rangers,3,Ottawa Senators,4,105,105,115,-125,-125,-135,False,ESPN BET,1,-120,4,OT,-265,190,-1.5,Final/OT,5.5,100
SEA,2025-03-08T17:30Z,401688603,PHI,2024,Seattle Kraken,4,Philadelphia Flyers,1,125,125,125,-145,-145,-145,False,ESPN BET,1,-130,3,REG,-215,170,-1.5,Final,5.5,110
BOS,2025-03-08T20:00Z,401688604,TB,2024,Boston Bruins,4,Tampa Bay Lightning,0,230,240,210,-280,-290,-250,False,ESPN BET,1,-125,3,REG,-110,-110,-1.5,Final,5.5,105
BUF,2025-03-08T23:00Z,401688605,FLA,2024,Buffalo Sabres,0,Florida Panthers,4,210,210,225,-250,-250,-275,False,ESPN BET,1,105,3,REG,-115,-105,-1.5,Final,6.5,-125
TOR,2025-03-09T00:00Z,401688606,COL,2024,Toronto Maple Leafs,4,Colorado Avalanche,7,135,135,130,-155,-155,-150,False,ESPN BET,1,-110,3,REG,-190,160,-1.5,Final,6.5,-110
MTL,2025-03-09T00:00Z,401688607,CGY,2024,Montreal Canadiens,0,Calgary Flames,1,115,115,120,-135,-135,-140,False,ESPN BET,1,-125,3,REG,-235,180,-1.5,Final,5.5,105
CHI,2025-03-09T01:00Z,401688608,NSH,2024,Chicago Blackhawks,2,Nashville Predators,3,210,210,225,-250,-250,-275,False,ESPN BET,1,100,4,OT,-120,100,-1.5,Final/OT,6.5,-120
STL,2025-03-09T01:00Z,401688609,LA,2024,St. Louis Blues,1,Los Angeles Kings,2,170,170,160,-200,-200,-190,False,ESPN BET,1,100,4,OT,-160,135,-1.5,Final/OT,5.5,-120
DAL,2025-03-09T03:00Z,401688610,EDM,2024,Dallas Stars,4,Edmonton Oilers,5,-110,-110,110,-110,-110,-130,False,ESPN BET,1,-120,3,REG,-300,210,-1.5,Final,6.5,100
NYI,2025-03-09T03:00Z,401688611,SJ,2024,New York Islanders,4,San Jose Sharks,2,-155,-165,-175,135,140,150,False,ESPN BET,1,-135,3,REG,160,-190,1.5,Final,5.5,115
NJ,2025-03-09T17:00Z,401688612,PHI,2024,New Jersey Devils,3,Philadelphia Flyers,1,-155,-155,-145,135,135,125,False,ESPN BET,1,-105,3,REG,165,-200,1.5,Final,5.5,-115
SEA,2025-03-09T19:30Z,401688613,WSH,2024,Seattle Kraken,2,Washington Capitals,4,190,190,210,-225,-225,-250,False,ESPN BET,1,-135,3,REG,-135,115,-1.5,Final,5.5,115
PIT,2025-03-09T19:30Z,401688614,MIN,2024,Pittsburgh Penguins,3,Minnesota Wild,1,115,115,130,-135,-135,-150,False,ESPN BET,1,110,3,REG,-250,185,-1.5,Final,6.5,-130
WPG,2025-03-09T21:00Z,401688615,CAR,2024,Winnipeg Jets,2,Carolina Hurricanes,4,105,105,110,-125,-125,-130,False,ESPN BET,1,-105,3,REG,-250,185,-1.5,Final,5.5,-115
CBJ,2025-03-09T22:00Z,401688616,NYR,2024,Columbus Blue Jackets,7,New York Rangers,3,115,115,125,-135,-135,-145,False,ESPN BET,1,-110,3,REG,-215,170,-1.5,Final,6.5,-110
LA,2025-03-10T00:00Z,401688617,VGK,2024,Los Angeles Kings,6,Vegas Golden Knights,5,165,165,140,-195,-195,-165,False,ESPN BET,1,-115,3,REG,-160,135,-1.5,Final,5.5,-105
DAL,2025-03-10T01:00Z,401688618,VAN,2024,Dallas Stars,4,Vancouver Canucks,1,-115,-115,-145,-105,-105,125,False,ESPN BET,1,-125,3,REG,180,-235,1.5,Final,5.5,105
NYI,2025-03-10T01:00Z,401688619,ANA,2024,New York Islanders,1,Anaheim Ducks,4,-105,-105,-120,-115,-115,100,False,ESPN BET,1,110,3,REG,200,-275,1.5,Final,6.5,-130
EDM,2025-03-10T23:00Z,401688620,BUF,2024,Edmonton Oilers,2,Buffalo Sabres,3,-190,-190,-175,160,160,150,False,ESPN BET,1,-125,3,REG,125,-150,1.5,Final,6.5,105
DET,2025-03-10T23:30Z,401688621,OTT,2024,Detroit Red Wings,1,Ottawa Senators,2,150,150,140,-175,-175,-165,False,ESPN BET,1,110,3,REG,-175,145,-1.5,Final,6.5,-130
CHI,2025-03-11T01:00Z,401688622,COL,2024,Chicago Blackhawks,0,Colorado Avalanche,3,400,400,340,-550,-550,-450,False,ESPN BET,1,-105,3,REG,-120,100,-2.5,Final,6.5,-115
TOR,2025-03-11T02:00Z,401688623,UTAH,2024,Toronto Maple Leafs,4,Utah Hockey Club,3,-115,-115,-125,-105,-105,105,False,ESPN BET,1,110,5,SO,190,-265,1.5,Final/SO,6.5,-135
FLA,2025-03-11T23:00Z,401688624,BOS,2024,Florida Panthers,2,Boston Bruins,3,-210,-210,-210,175,175,175,False,ESPN BET,1,-105,3,REG,130,-155,1.5,Final,5.5,-115
CBJ,2025-03-11T23:00Z,401688625,NJ,2024,Columbus Blue Jackets,3,New Jersey Devils,5,140,140,140,-165,-165,-165,False,ESPN BET,1,-120,3,REG,-175,145,-1.5,Final,5.5,100
OTT,2025-03-11T23:00Z,401688626,PHI,2024,Ottawa Senators,5,Philadelphia Flyers,2,-120,-120,-125,100,100,105,False,ESPN BET,1,-110,3,REG,190,-265,1.5,Final,5.5,-110
VGK,2025-03-11T23:00Z,401688627,PIT,2024,Vegas Golden Knights,2,Pittsburgh Penguins,3,-190,-190,-210,160,160,175,False,ESPN BET,1,105,4,OT,125,-150,1.5,Final/OT,6.5,-125
TB,2025-03-11T23:30Z,401688628,CAR,2024,Tampa Bay Lightning,1,Carolina Hurricanes,4,100,105,115,-120,-125,-135,False,ESPN BET,1,-120,3,REG,-250,185,-1.5,Final,5.5,100
COL,2025-03-12T00:00Z,401688629,MIN,2024,Colorado Avalanche,1,Minnesota Wild,2,-155,-155,-190,135,135,160,False,ESPN BET,1,-115,5,SO,160,-190,1.5,Final/SO,5.5,-105
NYR,2025-03-12T00:00Z,401688630,WPG,2024,New York Rangers,1,Winnipeg Jets,2,160,160,150,-190,-190,-175,False,ESPN BET,1,-125,3,REG,-165,140,-1.5,Final,5.5,105
MTL,2025-03-12T02:00Z,401688631,VAN,2024,Montreal Canadiens,4,Vancouver Canucks,2,120,120,130,-140,-140,-150,False,ESPN BET,1,105,3,REG,-225,175,-1.5,Final,5.5,-125
WSH,2025-03-12T02:00Z,401688632,ANA,2024,Washington Capitals,7,Anaheim Ducks,4,-195,-195,-185,165,165,155,False,ESPN BET,1,-135,3,REG,130,-155,1.5,Final,5.5,115
NYI,2025-03-12T02:30Z,401688633,LA,2024,New York Islanders,1,Los Angeles Kings,4,160,160,145,-190,-190,-170,False,ESPN BET,1,100,3,REG,-165,140,-1.5,Final,5.5,-120
NSH,2025-03-12T02:30Z,401688634,SJ,2024,Nashville Predators,3,San Jose Sharks,2,-165,-165,-165,140,140,140,False,ESPN BET,1,100,3,REG,145,-175,1.5,Final,6.5,-120
BUF,2025-03-12T23:30Z,401688635,DET,2024,Buffalo Sabres,3,Detroit Red Wings,7,130,130,115,-150,-150,-135,False,ESPN BET,1,-115,3,REG,-200,165,-1.5,Final,6.5,-105
VAN,2025-03-13T01:00Z,401688636,CGY,2024,Vancouver Canucks,4,Calgary Flames,3,120,120,110,-140,-140,-130,False,ESPN BET,1,110,5,SO,-250,185,-1.5,Final/SO,5.5,-130
ANA,2025-03-13T02:00Z,401688637,UTAH,2024,Anaheim Ducks,2,Utah Hockey Club,3,250,250,180,-300,-300,-215,False,ESPN BET,1,100,3,REG,-105,-115,-1.5,Final,6.5,-120
MTL,2025-03-13T02:30Z,401688638,SEA,2024,Montreal Canadiens,4,Seattle Kraken,5,135,135,120,-155,-155,-140,False,ESPN BET,1,100,4,OT,-190,160,-1.5,Final/OT,6.5,-120
FLA,2025-03-13T23:00Z,401688639,TOR,2024,Florida Panthers,3,Toronto Maple Leafs,2,-135,-135,-110,115,115,-110,False,ESPN BET,1,-120,3,REG,180,-235,1.5,Final,5.5,100
BOS,2025-03-13T23:00Z,401688640,OTT,2024,Boston Bruins,3,Ottawa Senators,6,170,170,160,-200,-200,-190,False,ESPN BET,1,100,3,REG,-160,135,-1.5,Final,5.5,-120
TB,2025-03-13T23:00Z,401688642,PHI,2024,Tampa Bay Lightning,3,Philadelphia Flyers,4,-155,-155,-165,130,130,140,False,ESPN BET,1,115,5,SO,160,-190,1.5,Final/SO,6.5,-135
STL,2025-03-13T23:00Z,401688643,PIT,2024,St. Louis Blues,3,Pittsburgh Penguins,5,-125,-125,-115,105,105,-105,False,ESPN BET,1,-115,3,REG,190,-265,1.5,Final,5.5,-105
VGK,2025-03-13T23:00Z,401688644,CBJ,2024,Vegas Golden Knights,4,Columbus Blue Jackets,0,-185,-185,-170,155,155,145,False,ESPN BET,1,105,3,REG,130,-155,1.5,Final,6.5,-125
EDM,2025-03-13T23:30Z,401688641,NJ,2024,Edmonton Oilers,2,New Jersey Devils,3,-135,-135,-130,115,115,110,False,ESPN BET,1,-130,3,REG,180,-235,1.5,Final,5.5,110
NYR,2025-03-14T00:00Z,401688645,MIN,2024,New York Rangers,3,Minnesota Wild,2,-120,-120,-105,100,100,-115,False,ESPN BET,1,-105,4,OT,220,-325,1.5,Final/OT,5.5,-115
WSH,2025-03-14T02:30Z,401688646,LA,2024,Washington Capitals,0,Los Angeles Kings,3,125,125,110,-145,-145,-130,False,ESPN BET,1,-110,3,REG,-250,185,-1.5,Final,5.5,-110
CHI,2025-03-14T02:30Z,401688647,SJ,2024,Chicago Blackhawks,2,San Jose Sharks,4,100,100,100,-120,-120,-120,False,ESPN BET,1,105,3,REG,-265,190,-1.5,Final,6.5,-125
DET,2025-03-14T23:00Z,401688648,CAR,2024,Detroit Red Wings,2,Carolina Hurricanes,4,210,210,195,-260,-260,-230,False,ESPN BET,1,-135,3,REG,-120,100,-1.5,Final,5.5,115
EDM,2025-03-14T23:30Z,401688649,NYI,2024,Edmonton Oilers,2,New York Islanders,1,-130,-130,-140,110,110,120,False,ESPN BET,1,-110,4,OT,185,-250,1.5,Final/OT,6.5,-110
DAL,2025-03-15T00:00Z,401688650,WPG,2024,Dallas Stars,1,Winnipeg Jets,4,110,110,110,-130,-130,-130,False,ESPN BET,1,-115,3,REG,-265,190,-1.5,Final,5.5,-105
COL,2025-03-15T01:00Z,401688651,CGY,2024,Colorado Avalanche,4,Calgary Flames,2,-195,-195,-185,165,165,155,False,ESPN BET,1,-115,3,REG,130,-150,1.5,Final,5.5,-105
NSH,2025-03-15T02:00Z,401688652,ANA,2024,Nashville Predators,1,Anaheim Ducks,2,-160,-160,-130,135,135,110,False,ESPN BET,1,105,3,REG,160,-190,1.5,Final,6.5,-125
UTAH,2025-03-15T02:00Z,401688653,SEA,2024,Utah Hockey Club,2,Seattle Kraken,4,-150,-150,-130,130,130,110,False,ESPN BET,1,110,3,REG,165,-200,1.5,Final,6.5,-130
VGK,2025-03-15T16:30Z,401688654,BUF,2024,Vegas Golden Knights,3,Buffalo Sabres,4,-195,-195,-185,165,165,155,False,ESPN BET,1,100,5,SO,125,-150,1.5,Final/SO,6.5,-120
NJ,2025-03-15T19:00Z,401688655,PIT,2024,New Jersey Devils,3,Pittsburgh Penguins,7,-135,-135,-140,115,115,120,False,ESPN BET,1,105,3,REG,175,-225,1.5,Final,5.5,-125
WSH,2025-03-15T21:00Z,401688656,SJ,2024,Washington Capitals,5,San Jose Sharks,1,-240,-240,-260,200,200,215,False,ESPN BET,1,-135,3,REG,100,-120,1.5,Final,5.5,115
TB,2025-03-15T23:00Z,401688657,BOS,2024,Tampa Bay Lightning,6,Boston Bruins,2,-185,-185,-160,155,155,135,False,ESPN BET,1,-115,3,REG,140,-165,1.5,Final,5.5,-105
OTT,2025-03-15T23:00Z,401688658,TOR,2024,Ottawa Senators,4,Toronto Maple Leafs,2,115,115,140,-135,-135,-165,False,ESPN BET,1,-135,3,REG,-235,180,-1.5,Final,5.5,115
FLA,2025-03-15T23:00Z,401688659,MTL,2024,Florida Panthers,1,Montreal Canadiens,3,-215,-215,-195,180,180,165,False,ESPN BET,1,110,3,REG,130,-155,1.5,Final,5.5,-130
CAR,2025-03-15T23:00Z,401688660,PHI,2024,Carolina Hurricanes,5,Philadelphia Flyers,0,-170,-170,-175,145,145,150,False,ESPN BET,1,105,3,REG,150,-180,1.5,Final,5.5,-125
NYR,2025-03-15T23:00Z,401688661,CBJ,2024,New York Rangers,4,Columbus Blue Jackets,0,-140,-140,-130,120,120,110,False,ESPN BET,1,110,3,REG,165,-200,1.5,Final,6.5,-130
STL,2025-03-16T00:00Z,401688662,MIN,2024,St. Louis Blues,5,Minnesota Wild,1,-105,-105,105,-115,-115,-125,False,ESPN BET,1,105,3,REG,-300,210,-1.5,Final,5.5,-125
NSH,2025-03-16T00:00Z,401688663,LA,2024,Nashville Predators,0,Los Angeles Kings,1,210,210,180,-250,-250,-215,False,ESPN BET,1,-120,4,OT,-120,100,-1.5,Final/OT,5.5,100
CHI,2025-03-16T02:00Z,401688664,VAN,2024,Chicago Blackhawks,2,Vancouver Canucks,6,230,230,200,-280,-280,-240,False,ESPN BET,1,-115,3,REG,-120,100,-1.5,Final,5.5,-105
VGK,2025-03-16T17:00Z,401688665,DET,2024,Vegas Golden Knights,0,Detroit Red Wings,3,-125,-125,-150,105,105,130,False,ESPN BET,1,100,3,REG,200,-275,1.5,Final,6.5,-120
DAL,2025-03-16T19:30Z,401688666,COL,2024,Dallas Stars,3,Colorado Avalanche,4,110,110,120,-130,-130,-140,False,ESPN BET,1,-130,4,OT,-250,185,-1.5,Final/OT,5.5,110
EDM,2025-03-16T23:00Z,401688668,NYR,2024,Edmonton Oilers,3,New York Rangers,1,-150,-150,-140,130,130,120,False,ESPN BET,1,-105,3,REG,165,-200,1.5,Final,6.5,-115
FLA,2025-03-16T23:30Z,401688669,NYI,2024,Florida Panthers,2,New York Islanders,4,-165,-165,-140,140,140,120,False,ESPN BET,1,-110,3,REG,165,-200,1.5,Final,5.5,-110
ANA,2025-03-17T00:00Z,401688667,STL,2024,Anaheim Ducks,2,St. Louis Blues,7,150,150,155,-175,-175,-185,False,ESPN BET,1,-125,3,REG,-175,145,-1.5,Final,5.5,105
UTAH,2025-03-17T00:00Z,401688670,VAN,2024,Utah Hockey Club,3,Vancouver Canucks,1,-145,-145,-110,125,125,-110,False,ESPN BET,1,-110,3,REG,180,-235,1.5,Final,5.5,-110
WPG,2025-03-17T01:00Z,401688671,SEA,2024,Winnipeg Jets,3,Seattle Kraken,2,-150,-150,-175,130,130,150,False,ESPN BET,1,-135,4,OT,165,-200,1.5,Final/OT,5.5,115
BUF,2025-03-17T23:00Z,401688672,BOS,2024,Buffalo Sabres,3,Boston Bruins,2,-115,-115,105,-105,-105,-125,False,ESPN BET,1,110,4,OT,-300,210,-1.5,Final/OT,6.5,-130
PHI,2025-03-17T23:00Z,401688673,TB,2024,Philadelphia Flyers,0,Tampa Bay Lightning,2,260,260,210,-320,-320,-250,False,ESPN BET,1,-115,3,REG,-110,-110,-1.5,Final,5.5,-105
NJ,2025-03-17T23:00Z,401688674,CBJ,2024,New Jersey Devils,2,Columbus Blue Jackets,1,-130,-130,-135,110,110,115,False,ESPN BET,1,-105,3,REG,175,-225,1.5,Final,5.5,-115
CGY,2025-03-17T23:30Z,401688675,TOR,2024,Calgary Flames,2,Toronto Maple Leafs,6,170,170,175,-200,-200,-210,False,ESPN BET,1,-125,3,REG,-155,130,-1.5,Final,5.5,105
LA,2025-03-18T00:00Z,401688676,MIN,2024,Los Angeles Kings,1,Minnesota Wild,3,-150,-150,-140,130,130,120,False,ESPN BET,1,115,3,REG,175,-225,1.5,Final,5.5,-135
OTT,2025-03-18T23:00Z,401688677,MTL,2024,Ottawa Senators,3,Montreal Canadiens,6,-140,-140,-135,120,120,115,False,ESPN BET,1,-115,3,REG,180,-235,1.5,Final,5.5,-105
CGY,2025-03-18T23:00Z,401688678,NYR,2024,Calgary Flames,2,New York Rangers,1,225,225,190,-275,-275,-225,False,ESPN BET,1,-120,3,REG,-125,105,-1.5,Final,5.5,100
NYI,2025-03-18T23:00Z,401688679,PIT,2024,New York Islanders,4,Pittsburgh Penguins,2,-115,-115,-110,-105,-105,-110,False,ESPN BET,1,-125,3,REG,200,-275,1.5,Final,5.5,105
DET,2025-03-18T23:00Z,401688680,WSH,2024,Detroit Red Wings,1,Washington Capitals,4,145,145,165,-170,-170,-195,False,ESPN BET,1,115,3,REG,-165,140,-1.5,Final,6.5,-135
STL,2025-03-19T00:00Z,401688681,NSH,2024,St. Louis Blues,4,Nashville Predators,1,-115,-115,-110,-105,-105,-110,False,ESPN BET,1,100,3,REG,210,-300,1.5,Final,5.5,-120
ANA,2025-03-19T00:00Z,401688682,DAL,2024,Anaheim Ducks,3,Dallas Stars,4,290,290,280,-380,-380,-360,False,ESPN BET,1,100,4,OT,110,-130,-1.5,Final/OT,6.5,-120
SEA,2025-03-19T00:30Z,401688683,CHI,2024,Seattle Kraken,6,Chicago Blackhawks,2,-150,-150,-150,130,130,130,False,ESPN BET,1,-135,3,REG,165,-200,1.5,Final,5.5,115
UTAH,2025-03-19T01:00Z,401688684,EDM,2024,Utah Hockey Club,1,Edmonton Oilers,7,130,130,160,-150,-150,-190,False,ESPN BET,1,105,3,REG,-190,160,-1.5,Final,6.5,-125
WPG,2025-03-19T02:00Z,401688685,VAN,2024,Winnipeg Jets,2,Vancouver Canucks,6,-165,-165,-150,140,140,130,False,ESPN BET,1,110,3,REG,150,-180,1.5,Final,5.5,-130
COL,2025-03-19T23:00Z,401688686,TOR,2024,Colorado Avalanche,1,Toronto Maple Leafs,2,-130,-130,-115,110,110,-105,False,ESPN BET,1,115,3,REG,185,-250,1.5,Final,6.5,-135
SEA,2025-03-20T01:30Z,401688687,MIN,2024,Seattle Kraken,0,Minnesota Wild,4,145,145,155,-170,-170,-185,False,ESPN BET,1,-105,3,REG,-175,145,-1.5,Final,5.5,-115
COL,2025-03-20T23:00Z,401688688,OTT,2024,Colorado Avalanche,5,Ottawa Senators,1,-115,-115,-110,-105,-105,-110,False,ESPN BET,1,110,3,REG,-300,210,-1.5,Final,6.5,-130
CGY,2025-03-20T23:00Z,401688689,NJ,2024,Calgary Flames,5,New Jersey Devils,3,155,150,155,-185,-175,-185,False,ESPN BET,1,120,3,REG,-190,160,-1.5,Final,5.5,-145
TOR,2025-03-20T23:00Z,401688690,NYR,2024,Toronto Maple Leafs,4,New York Rangers,3,115,115,105,-135,-135,-125,False,ESPN BET,1,-120,3,REG,-225,175,-1.5,Final,5.5,100
PHI,2025-03-20T23:00Z,401688691,WSH,2024,Philadelphia Flyers,2,Washington Capitals,3,195,195,200,-230,-230,-240,False,ESPN BET,1,-120,3,REG,-135,115,-1.5,Final,5.5,100
FLA,2025-03-20T23:00Z,401688692,CBJ,2024,Florida Panthers,1,Columbus Blue Jackets,0,-190,-190,-195,160,160,165,False,ESPN BET,1,-125,4,OT,140,-165,1.5,Final/OT,5.5,105
MTL,2025-03-20T23:30Z,401688693,NYI,2024,Montreal Canadiens,3,New York Islanders,4,115,115,115,-135,-135,-135,False,ESPN BET,1,-125,4,OT,-225,175,-1.5,Final/OT,5.5,105
VAN,2025-03-20T23:30Z,401688694,STL,2024,Vancouver Canucks,3,St. Louis Blues,4,120,120,115,-140,-140,-135,False,ESPN BET,1,130,4,OT,-250,185,-1.5,Final/OT,5.5,-165
ANA,2025-03-21T00:00Z,401688695,NSH,2024,Anaheim Ducks,4,Nashville Predators,1,145,145,145,-170,-170,-170,False,ESPN BET,1,-115,3,REG,-200,165,-1.5,Final,6.5,-105
TB,2025-03-21T00:00Z,401688696,DAL,2024,Tampa Bay Lightning,3,Dallas Stars,2,-125,-125,110,105,105,-130,False,ESPN BET,1,-140,5,SO,210,-300,1.5,Final/SO,5.5,120
LA,2025-03-21T00:30Z,401688697,CHI,2024,Los Angeles Kings,3,Chicago Blackhawks,1,-270,-270,-250,220,220,210,False,ESPN BET,1,-115,3,REG,105,-125,1.5,Final,5.5,-105
WPG,2025-03-21T01:00Z,401688698,EDM,2024,Winnipeg Jets,4,Edmonton Oilers,3,-120,-120,110,100,100,-130,False,ESPN BET,1,-130,4,OT,200,-275,1.5,Final/OT,5.5,110
BUF,2025-03-21T01:00Z,401688699,UTAH,2024,Buffalo Sabres,2,Utah Hockey Club,5,165,160,145,-195,-190,-170,False,ESPN BET,1,-105,3,REG,-165,140,-1.5,Final,6.5,-115
BOS,2025-03-21T02:00Z,401688700,VGK,2024,Boston Bruins,1,Vegas Golden Knights,5,230,230,210,-280,-280,-250,False,ESPN BET,1,-120,3,REG,-110,-110,-1.5,Final,5.5,100
CAR,2025-03-21T02:30Z,401688701,SJ,2024,Carolina Hurricanes,3,San Jose Sharks,1,-340,-360,-300,270,280,250,False,ESPN BET,1,-125,3,REG,-140,115,1.5,Final,5.5,105
CBJ,2025-03-21T23:00Z,401688702,PIT,2024,Columbus Blue Jackets,3,Pittsburgh Penguins,6,-105,-105,115,-115,-115,-135,False,ESPN BET,1,105,3,REG,-275,200,-1.5,Final,6.5,-125
VAN,2025-03-22T17:00Z,401688703,NYR,2024,Vancouver Canucks,3,New York Rangers,5,140,140,125,-165,-165,-145,False,ESPN BET,1,115,3,REG,-200,165,-1.5,Final,5.5,-135
PHI,2025-03-22T18:00Z,401688704,DAL,2024,Philadelphia Flyers,2,Dallas Stars,3,230,230,220,-280,-280,-270,False,ESPN BET,1,-120,4,OT,-125,105,-1.5,Final/OT,5.5,100
BUF,2025-03-22T18:00Z,401688705,MIN,2024,Buffalo Sabres,1,Minnesota Wild,4,120,120,135,-140,-140,-155,False,ESPN BET,1,-115,3,REG,-235,180,-1.5,Final,5.5,-105
CHI,2025-03-22T19:00Z,401688706,STL,2024,Chicago Blackhawks,1,St. Louis Blues,4,270,270,220,-340,-340,-270,False,ESPN BET,1,-115,3,REG,100,-120,-1.5,Final,5.5,-105
CGY,2025-03-22T20:00Z,401688707,NYI,2024,Calgary Flames,4,New York Islanders,3,125,125,125,-145,-145,-145,False,ESPN BET,1,-125,4,OT,-225,175,-1.5,Final/OT,5.5,105
CAR,2025-03-22T20:00Z,401688708,LA,2024,Carolina Hurricanes,2,Los Angeles Kings,7,-110,-110,-120,-110,-110,100,False,ESPN BET,1,125,3,REG,-375,250,-1.5,Final,5.5,-155
FLA,2025-03-22T21:00Z,401688709,WSH,2024,Florida Panthers,3,Washington Capitals,6,-110,-110,-110,-110,-110,-110,False,ESPN BET,1,-110,3,REG,210,-300,1.5,Final,5.5,-110
TB,2025-03-22T21:00Z,401688710,UTAH,2024,Tampa Bay Lightning,4,Utah Hockey Club,6,-105,-105,-125,-115,-115,105,False,ESPN BET,1,105,3,REG,-275,200,-1.5,Final,6.5,-125
COL,2025-03-22T23:00Z,401688711,MTL,2024,Colorado Avalanche,5,Montreal Canadiens,4,-175,-175,-185,150,150,155,False,ESPN BET,1,115,5,SO,160,-190,1.5,Final/SO,6.5,-135
OTT,2025-03-22T23:00Z,401688712,NJ,2024,Ottawa Senators,3,New Jersey Devils,2,105,105,110,-125,-125,-130,False,ESPN BET,1,100,3,REG,-265,190,-1.5,Final,5.5,-120
TOR,2025-03-22T23:00Z,401688713,NSH,2024,Toronto Maple Leafs,2,Nashville Predators,5,-170,-170,-150,145,145,130,False,ESPN BET,1,-125,3,REG,160,-190,1.5,Final,5.5,105
DET,2025-03-23T00:00Z,401688714,VGK,2024,Detroit Red Wings,3,Vegas Golden Knights,6,170,170,170,-200,-200,-200,False,ESPN BET,1,-130,3,REG,-135,115,-1.5,Final,5.5,110
SEA,2025-03-23T02:00Z,401688715,EDM,2024,Seattle Kraken,4,Edmonton Oilers,5,130,130,145,-155,-155,-170,False,ESPN BET,1,-130,3,REG,-215,170,-1.5,Final,5.5,110
BOS,2025-03-23T02:30Z,401688716,SJ,2024,Boston Bruins,1,San Jose Sharks,3,-115,-115,-150,-105,-105,130,False,ESPN BET,1,-120,3,REG,220,-325,1.5,Final,5.5,100
PHI,2025-03-23T19:00Z,401688717,CHI,2024,Philadelphia Flyers,4,Chicago Blackhawks,7,-140,-140,-150,120,120,130,False,ESPN BET,1,-105,3,REG,175,-225,1.5,Final,5.5,-115
BUF,2025-03-23T19:00Z,401688718,WPG,2024,Buffalo Sabres,5,Winnipeg Jets,3,250,250,250,-300,-300,-300,False,ESPN BET,1,110,3,REG,-105,-115,-1.5,Final,6.5,-130
PIT,2025-03-23T22:00Z,401688719,FLA,2024,Pittsburgh Penguins,3,Florida Panthers,4,215,215,220,-260,-260,-270,False,ESPN BET,1,-125,5,SO,-120,100,-1.5,Final/SO,5.5,105
NSH,2025-03-23T22:00Z,401688720,STL,2024,Nashville Predators,1,St. Louis Blues,4,150,150,155,-175,-175,-185,False,ESPN BET,1,105,3,REG,-175,145,-1.5,Final,5.5,-125
TB,2025-03-24T00:00Z,401688721,VGK,2024,Tampa Bay Lightning,2,Vegas Golden Knights,4,-105,-105,100,-115,-115,-120,False,ESPN BET,1,110,3,REG,-250,185,-1.5,Final,6.5,-130
CAR,2025-03-24T00:00Z,401688722,ANA,2024,Carolina Hurricanes,5,Anaheim Ducks,2,-225,-225,-225,190,190,190,False,ESPN BET,1,-120,3,REG,110,-130,1.5,Final,5.5,100
BOS,2025-03-24T01:00Z,401688723,LA,2024,Boston Bruins,2,Los Angeles Kings,7,225,225,190,-275,-275,-225,False,ESPN BET,1,110,3,REG,-120,100,-1.5,Final,5.5,-130
VAN,2025-03-24T23:30Z,401688724,NJ,2024,Vancouver Canucks,4,New Jersey Devils,3,125,125,145,-145,-145,-170,False,ESPN BET,1,140,5,SO,-250,185,-1.5,Final/SO,5.5,-185
CBJ,2025-03-24T23:30Z,401688725,NYI,2024,Columbus Blue Jackets,4,New York Islanders,3,105,105,120,-125,-125,-140,False,ESPN BET,1,105,5,SO,-235,180,-1.5,Final/SO,6.5,-125
MIN,2025-03-25T00:00Z,401688726,DAL,2024,Minnesota Wild,0,Dallas Stars,3,180,180,195,-215,-215,-230,False,ESPN BET,1,100,3,REG,-150,125,-1.5,Final,5.5,-120
DET,2025-03-25T01:00Z,401688727,UTAH,2024,Detroit Red Wings,5,Utah Hockey Club,1,140,140,135,-165,-165,-160,False,ESPN BET,1,110,3,REG,-180,150,-1.5,Final,6.5,-130
OTT,2025-03-25T23:00Z,401688728,BUF,2024,Ottawa Senators,2,Buffalo Sabres,3,-165,-165,-140,140,140,120,False,ESPN BET,1,105,3,REG,150,-180,1.5,Final,6.5,-125
PHI,2025-03-25T23:00Z,401688729,TOR,2024,Philadelphia Flyers,2,Toronto Maple Leafs,7,210,215,215,-250,-260,-260,False,ESPN BET,1,-110,3,REG,-125,105,-1.5,Final,5.5,-110
PIT,2025-03-25T23:00Z,401688730,TB,2024,Pittsburgh Penguins,1,Tampa Bay Lightning,6,250,250,210,-300,-300,-250,False,ESPN BET,1,100,3,REG,-105,-115,-1.5,Final,6.5,-120
NSH,2025-03-25T23:00Z,401688731,CAR,2024,Nashville Predators,3,Carolina Hurricanes,1,220,220,220,-270,-270,-270,False,ESPN BET,1,-115,3,REG,-125,105,-1.5,Final,5.5,-105
MTL,2025-03-26T00:00Z,401688732,STL,2024,Montreal Canadiens,1,St. Louis Blues,6,130,130,135,-150,-150,-155,False,ESPN BET,1,-110,3,REG,-225,175,-1.5,Final,5.5,-110
VGK,2025-03-26T00:00Z,401688733,MIN,2024,Vegas Golden Knights,5,Minnesota Wild,1,-225,-225,-165,190,190,140,False,ESPN BET,1,-115,3,REG,130,-155,1.5,Final,5.5,-105
WSH,2025-03-26T00:00Z,401688734,WPG,2024,Washington Capitals,2,Winnipeg Jets,3,130,130,120,-150,-150,-140,False,ESPN BET,1,-115,4,OT,-225,175,-1.5,Final/OT,5.5,-105
DET,2025-03-26T01:00Z,401688735,COL,2024,Detroit Red Wings,2,Colorado Avalanche,5,280,280,240,-360,-360,-290,False,ESPN BET,1,105,3,REG,105,-125,-1.5,Final,6.5,-125
SEA,2025-03-26T01:00Z,401688736,CGY,2024,Seattle Kraken,3,Calgary Flames,4,120,120,130,-140,-140,-150,False,ESPN BET,1,-120,4,OT,-215,170,-1.5,Final/OT,5.5,100
NYR,2025-03-26T02:30Z,401688737,LA,2024,New York Rangers,1,Los Angeles Kings,3,155,155,140,-185,-185,-165,False,ESPN BET,1,105,3,REG,-160,135,-1.5,Final,5.5,-125
VAN,2025-03-26T23:30Z,401688738,NYI,2024,Vancouver Canucks,5,New York Islanders,2,100,100,105,-120,-120,-125,False,ESPN BET,1,125,3,REG,-325,220,-1.5,Final,5.5,-155
NJ,2025-03-26T23:30Z,401688739,CHI,2024,New Jersey Devils,5,Chicago Blackhawks,3,-215,-215,-225,180,180,190,False,ESPN BET,1,-120,3,REG,110,-130,1.5,Final,5.5,100
DAL,2025-03-27T02:00Z,401688740,EDM,2024,Dallas Stars,4,Edmonton Oilers,3,-130,-140,-140,110,120,120,False,ESPN BET,1,110,3,REG,170,-215,1.5,Final,6.5,-130
BOS,2025-03-27T02:00Z,401688741,ANA,2024,Boston Bruins,2,Anaheim Ducks,6,120,120,100,-140,-140,-120,False,ESPN BET,1,-130,3,REG,-235,180,-1.5,Final,5.5,110
PIT,2025-03-27T23:00Z,401688742,BUF,2024,Pittsburgh Penguins,3,Buffalo Sabres,7,115,115,120,-135,-135,-140,False,ESPN BET,1,110,3,REG,-225,175,-1.5,Final,6.5,-130
OTT,2025-03-27T23:00Z,401688743,DET,2024,Ottawa Senators,4,Detroit Red Wings,3,-135,-135,-130,115,115,110,False,ESPN BET,1,-125,3,REG,180,-235,1.5,Final,5.5,105
UTAH,2025-03-27T23:00Z,401688744,TB,2024,Utah Hockey Club,0,Tampa Bay Lightning,8,165,165,165,-195,-195,-195,False,ESPN BET,1,-135,3,REG,-155,130,-1.5,Final,5.5,115
MTL,2025-03-27T23:00Z,401688745,PHI,2024,Montreal Canadiens,4,Philadelphia Flyers,6,-130,-130,-115,110,110,-105,False,ESPN BET,1,115,3,REG,180,-235,1.5,Final,6.5,-135
WSH,2025-03-27T23:30Z,401688747,MIN,2024,Washington Capitals,2,Minnesota Wild,4,-140,-140,-155,120,120,135,False,ESPN BET,1,-115,3,REG,180,-235,1.5,Final,5.5,-105
STL,2025-03-28T00:00Z,401688746,NSH,2024,St. Louis Blues,3,Nashville Predators,2,-135,-135,-135,115,115,115,False,ESPN BET,1,110,3,REG,190,-265,1.5,Final,5.5,-130
DAL,2025-03-28T01:00Z,401688749,CGY,2024,Dallas Stars,5,Calgary Flames,2,-130,-130,-145,110,110,125,False,ESPN BET,1,-125,3,REG,185,-250,1.5,Final,5.5,105
LA,2025-03-28T02:00Z,401688748,COL,2024,Los Angeles Kings,0,Colorado Avalanche,4,140,140,130,-165,-165,-150,False,ESPN BET,1,-115,3,REG,-190,160,-1.5,Final,5.5,-105
EDM,2025-03-28T02:00Z,401688750,SEA,2024,Edmonton Oilers,1,Seattle Kraken,6,-120,-120,-115,100,100,-105,False,ESPN BET,1,110,3,REG,180,-235,1.5,Final,6.5,-130
TOR,2025-03-28T02:30Z,401688751,SJ,2024,Toronto Maple Leafs,5,San Jose Sharks,6,-250,-250,-280,210,210,230,False,ESPN BET,1,-140,5,SO,100,-120,1.5,Final/SO,5.5,115
UTAH,2025-03-28T23:00Z,401688752,FLA,2024,Utah Hockey Club,1,Florida Panthers,2,210,210,215,-250,-250,-260,False,ESPN BET,1,-115,4,OT,-125,105,-1.5,Final/OT,5.5,-105
MTL,2025-03-28T23:00Z,401688753,CAR,2024,Montreal Canadiens,1,Carolina Hurricanes,4,280,280,250,-360,-360,-300,False,ESPN BET,1,-140,3,REG,110,-130,-1.5,Final,5.5,115
VAN,2025-03-28T23:00Z,401688754,CBJ,2024,Vancouver Canucks,6,Columbus Blue Jackets,7,120,120,-110,-140,-140,-110,False,ESPN BET,1,-110,5,SO,-225,175,-1.5,Final/SO,5.5,-110
NJ,2025-03-29T00:00Z,401688755,WPG,2024,New Jersey Devils,0,Winnipeg Jets,4,180,180,150,-220,-220,-175,False,ESPN BET,1,105,3,REG,-150,125,-1.5,Final,5.5,-125
VGK,2025-03-29T00:30Z,401688756,CHI,2024,Vegas Golden Knights,5,Chicago Blackhawks,3,-340,-340,-275,270,270,225,False,ESPN BET,1,110,3,REG,-130,110,1.5,Final,6.5,-130
NYR,2025-03-29T02:00Z,401688757,ANA,2024,New York Rangers,4,Anaheim Ducks,5,-165,-165,-155,140,140,135,False,ESPN BET,1,-135,4,OT,150,-180,1.5,Final/OT,5.5,115
BUF,2025-03-29T17:00Z,401688758,PHI,2024,Buffalo Sabres,4,Philadelphia Flyers,7,105,105,-105,-125,-125,-115,False,ESPN BET,1,115,3,REG,-265,190,-1.5,Final,6.5,-135
NYI,2025-03-29T18:00Z,401688759,TB,2024,New York Islanders,3,Tampa Bay Lightning,5,170,170,160,-200,-200,-190,False,ESPN BET,1,110,3,REG,-145,120,-1.5,Final,6.5,-130
STL,2025-03-29T20:30Z,401688760,COL,2024,St. Louis Blues,2,Colorado Avalanche,1,165,165,165,-200,-200,-195,False,ESPN BET,1,-130,3,REG,-160,135,-1.5,Final,5.5,110
NJ,2025-03-29T22:00Z,401688761,MIN,2024,New Jersey Devils,5,Minnesota Wild,2,100,100,105,-120,-120,-125,False,ESPN BET,1,130,3,REG,-275,200,-1.5,Final,5.5,-155
VGK,2025-03-29T22:30Z,401688762,NSH,2024,Vegas Golden Knights,3,Nashville Predators,1,-165,-165,-155,140,140,135,False,ESPN BET,1,115,3,REG,145,-175,1.5,Final,6.5,-135
CBJ,2025-03-29T23:00Z,401688763,OTT,2024,Columbus Blue Jackets,2,Ottawa Senators,3,170,170,170,-200,-200,-200,False,ESPN BET,1,-105,3,REG,-145,120,-1.5,Final,6.5,-115
TOR,2025-03-29T23:00Z,401688764,LA,2024,Toronto Maple Leafs,3,Los Angeles Kings,1,130,130,110,-150,-150,-130,False,ESPN BET,1,-115,3,REG,-215,170,-1.5,Final,5.5,-105
BOS,2025-03-30T00:00Z,401688765,DET,2024,Boston Bruins,1,Detroit Red Wings,2,175,175,135,-210,-210,-155,False,ESPN BET,1,-115,3,REG,-160,135,-1.5,Final,5.5,-105
CGY,2025-03-30T02:00Z,401688766,EDM,2024,Calgary Flames,2,Edmonton Oilers,3,150,150,125,-175,-175,-145,False,ESPN BET,1,105,4,OT,-180,150,-1.5,Final/OT,6.5,-125
NYR,2025-03-30T02:30Z,401688767,SJ,2024,New York Rangers,6,San Jose Sharks,1,-155,-155,-190,135,135,160,False,ESPN BET,1,-130,3,REG,150,-180,1.5,Final,5.5,110
DAL,2025-03-30T02:30Z,401688768,SEA,2024,Dallas Stars,5,Seattle Kraken,1,-160,-160,-170,135,135,145,False,ESPN BET,1,115,3,REG,150,-180,1.5,Final,6.5,-135
MTL,2025-03-30T17:00Z,401688769,FLA,2024,Montreal Canadiens,4,Florida Panthers,2,240,240,225,-300,-300,-275,False,ESPN BET,1,-125,3,REG,-110,-110,-1.5,Final,5.5,105
BUF,2025-03-30T19:00Z,401688770,WSH,2024,Buffalo Sabres,8,Washington Capitals,5,250,250,225,-310,-310,-275,False,ESPN BET,1,105,3,REG,100,-120,-1.5,Final,6.5,-125
VAN,2025-03-30T19:00Z,401688771,WPG,2024,Vancouver Canucks,1,Winnipeg Jets,3,195,195,180,-230,-230,-215,False,ESPN BET,1,125,3,REG,-145,120,-1.5,Final,5.5,-155
UTAH,2025-03-30T20:00Z,401688772,CHI,2024,Utah Hockey Club,5,Chicago Blackhawks,2,-225,-225,-200,185,185,170,False,ESPN BET,1,105,3,REG,120,-145,1.5,Final,6.5,-125
OTT,2025-03-30T21:00Z,401688773,PIT,2024,Ottawa Senators,0,Pittsburgh Penguins,1,-155,-155,-140,130,130,120,False,ESPN BET,1,-130,4,OT,160,-190,1.5,Final/OT,5.5,110
NYI,2025-03-30T21:00Z,401688774,CAR,2024,New York Islanders,4,Carolina Hurricanes,6,290,280,230,-360,-350,-280,False,ESPN BET,1,-120,3,REG,105,-125,-1.5,Final,5.5,100
TOR,2025-03-31T00:00Z,401688775,ANA,2024,Toronto Maple Leafs,3,Anaheim Ducks,2,-170,-170,-160,145,145,135,False,ESPN BET,1,100,3,REG,145,-175,1.5,Final,6.5,-120
SJ,2025-03-31T02:00Z,401688776,LA,2024,San Jose Sharks,1,Los Angeles Kings,8,280,280,320,-360,-360,-425,False,ESPN BET,1,-120,3,REG,115,-135,-1.5,Final,5.5,100
MIN,2025-03-31T23:00Z,401688777,NJ,2024,Minnesota Wild,2,New Jersey Devils,3,125,125,135,-145,-145,-155,False,ESPN BET,1,115,5,SO,-215,170,-1.5,Final/SO,5.5,-135
NSH,2025-03-31T23:00Z,401688778,PHI,2024,Nashville Predators,1,Philadelphia Flyers,2,110,110,105,-130,-130,-125,False,ESPN BET,1,-135,3,REG,-225,175,-1.5,Final,5.5,115
CGY,2025-04-01T00:30Z,401688779,COL,2024,Calgary Flames,3,Colorado Avalanche,2,230,230,210,-280,-280,-250,False,ESPN BET,1,100,5,SO,-120,100,-1.5,Final/SO,6.5,-120
DAL,2025-04-01T02:00Z,401688780,SEA,2024,Dallas Stars,3,Seattle Kraken,1,-175,-175,-165,150,150,140,False,ESPN BET,1,-110,3,REG,145,-175,1.5,Final,6.5,-110
WSH,2025-04-01T23:00Z,401688781,BOS,2024,Washington Capitals,4,Boston Bruins,3,-225,-225,-200,190,190,170,False,ESPN BET,1,-120,3,REG,115,-135,1.5,Final,5.5,100
FLA,2025-04-01T23:00Z,401688782,MTL,2024,Florida Panthers,2,Montreal Canadiens,3,-165,-165,-185,140,140,155,False,ESPN BET,1,-125,4,OT,145,-175,1.5,Final/OT,5.5,105
BUF,2025-04-01T23:00Z,401688783,OTT,2024,Buffalo Sabres,5,Ottawa Senators,2,170,170,170,-200,-200,-200,False,ESPN BET,1,115,3,REG,-150,125,-1.5,Final,6.5,-135
NSH,2025-04-01T23:00Z,401688784,CBJ,2024,Nashville Predators,4,Columbus Blue Jackets,8,165,165,130,-195,-195,-150,False,ESPN BET,1,100,3,REG,-160,135,-1.5,Final,6.5,-120
TB,2025-04-01T23:30Z,401688785,NYI,2024,Tampa Bay Lightning,4,New York Islanders,1,-165,-165,-170,140,140,145,False,ESPN BET,1,-125,3,REG,150,-180,1.5,Final,5.5,105
DET,2025-04-02T00:00Z,401688786,STL,2024,Detroit Red Wings,1,St. Louis Blues,2,150,150,150,-175,-175,-175,False,ESPN BET,1,-125,4,OT,-175,145,-1.5,Final/OT,5.5,105
CGY,2025-04-02T01:00Z,401688787,UTAH,2024,Calgary Flames,1,Utah Hockey Club,3,150,150,150,-175,-175,-175,False,ESPN BET,1,-120,3,REG,-190,160,-1.5,Final,5.5,100
EDM,2025-04-02T02:00Z,401688788,VGK,2024,Edmonton Oilers,3,Vegas Golden Knights,2,145,145,140,-170,-170,-165,False,ESPN BET,1,100,3,REG,-175,145,-1.5,Final,6.5,-120
SJ,2025-04-02T02:00Z,401688789,ANA,2024,San Jose Sharks,3,Anaheim Ducks,4,155,155,150,-185,-185,-175,False,ESPN BET,1,100,5,SO,-155,130,-1.5,Final/SO,6.5,-120
WPG,2025-04-02T02:30Z,401688790,LA,2024,Winnipeg Jets,1,Los Angeles Kings,4,100,100,105,-120,-120,-125,False,ESPN BET,1,115,3,REG,-300,210,-1.5,Final,5.5,-135
MIN,2025-04-02T23:00Z,401688791,NYR,2024,Minnesota Wild,4,New York Rangers,5,140,140,135,-165,-165,-155,False,ESPN BET,1,105,4,OT,-215,170,-1.5,Final/OT,5.5,-125
WSH,2025-04-02T23:00Z,401688792,CAR,2024,Washington Capitals,1,Carolina Hurricanes,5,180,180,135,-215,-215,-155,False,ESPN BET,1,-125,3,REG,-145,120,-1.5,Final,5.5,105
FLA,2025-04-02T23:30Z,401688793,TOR,2024,Florida Panthers,2,Toronto Maple Leafs,3,115,115,105,-135,-135,-125,False,ESPN BET,1,-110,3,REG,-250,185,-1.5,Final,5.5,-110
COL,2025-04-03T01:30Z,401688794,CHI,2024,Colorado Avalanche,3,Chicago Blackhawks,2,-410,-410,-380,320,320,290,False,ESPN BET,1,-110,5,SO,125,-150,2.5,Final/SO,6.5,-110
SEA,2025-04-03T02:30Z,401688795,VAN,2024,Seattle Kraken,5,Vancouver Canucks,0,125,125,130,-145,-145,-150,False,ESPN BET,1,-105,3,REG,-215,170,-1.5,Final,5.5,-115
BOS,2025-04-03T23:00Z,401688796,MTL,2024,Boston Bruins,1,Montreal Canadiens,4,180,180,160,-215,-215,-190,False,ESPN BET,1,-125,3,REG,-150,125,-1.5,Final,5.5,105
TB,2025-04-03T23:00Z,401688797,OTT,2024,Tampa Bay Lightning,1,Ottawa Senators,2,-155,-155,-125,135,135,105,False,ESPN BET,1,-125,3,REG,175,-225,1.5,Final,5.5,105
COL,2025-04-03T23:30Z,401688798,CBJ,2024,Colorado Avalanche,7,Columbus Blue Jackets,3,-135,-135,-165,115,115,140,False,ESPN BET,1,-110,3,REG,160,-190,1.5,Final,6.5,-110
PIT,2025-04-04T00:00Z,401688799,STL,2024,Pittsburgh Penguins,4,St. Louis Blues,5,200,200,180,-240,-240,-215,False,ESPN BET,1,-120,4,OT,-130,110,-1.5,Final/OT,5.5,100
NSH,2025-04-04T00:00Z,401688800,DAL,2024,Nashville Predators,1,Dallas Stars,5,230,230,240,-280,-280,-290,False,ESPN BET,1,105,3,REG,-105,-115,-1.5,Final,6.5,-125
LA,2025-04-04T01:00Z,401688801,UTAH,2024,Los Angeles Kings,4,Utah Hockey Club,2,-140,-140,-130,120,120,110,False,ESPN BET,1,105,3,REG,175,-225,1.5,Final,5.5,-125
ANA,2025-04-04T01:30Z,401688802,CGY,2024,Anaheim Ducks,1,Calgary Flames,4,140,140,145,-165,-165,-170,False,ESPN BET,1,110,3,REG,-180,150,-1.5,Final,6.5,-130
WPG,2025-04-04T02:00Z,401688803,VGK,2024,Winnipeg Jets,4,Vegas Golden Knights,0,140,140,110,-165,-165,-130,False,ESPN BET,1,-125,3,REG,-180,150,-1.5,Final,5.5,105
EDM,2025-04-04T02:30Z,401688804,SJ,2024,Edmonton Oilers,3,San Jose Sharks,2,-280,-280,-280,230,230,230,False,ESPN BET,1,-125,3,REG,-110,-110,1.5,Final,6.5,105
CAR,2025-04-04T23:00Z,401688805,DET,2024,Carolina Hurricanes,3,Detroit Red Wings,5,-175,-175,-190,150,150,160,False,ESPN BET,1,-125,3,REG,145,-175,1.5,Final,5.5,105
CHI,2025-04-04T23:00Z,401688806,WSH,2024,Chicago Blackhawks,3,Washington Capitals,5,310,310,320,-400,-400,-425,False,ESPN BET,1,-125,3,REG,-145,120,-2.5,Final,6.5,105
MIN,2025-04-04T23:30Z,401688807,NYI,2024,Minnesota Wild,1,New York Islanders,3,100,100,110,-120,-120,-130,False,ESPN BET,1,-105,3,REG,-300,210,-1.5,Final,5.5,-115
NYR,2025-04-05T16:30Z,401688808,NJ,2024,New York Rangers,0,New Jersey Devils,4,110,110,100,-130,-130,-120,False,ESPN BET,1,105,3,REG,-265,190,-1.5,Final,5.5,-125
FLA,2025-04-05T18:00Z,401688809,OTT,2024,Florida Panthers,0,Ottawa Senators,3,-155,-155,-125,135,135,105,False,ESPN BET,1,105,3,REG,170,-215,1.5,Final,5.5,-125
PIT,2025-04-05T19:00Z,401688810,DAL,2024,Pittsburgh Penguins,5,Dallas Stars,3,215,215,250,-260,-260,-300,False,ESPN BET,1,-105,3,REG,-115,-105,-1.5,Final,6.5,-115
ANA,2025-04-05T20:00Z,401688811,VAN,2024,Anaheim Ducks,2,Vancouver Canucks,6,145,145,155,-175,-175,-185,False,ESPN BET,1,-120,3,REG,-175,145,-1.5,Final,5.5,100
EDM,2025-04-05T20:00Z,401688812,LA,2024,Edmonton Oilers,0,Los Angeles Kings,3,180,180,145,-215,-215,-170,False,ESPN BET,1,-110,3,REG,-155,130,-1.5,Final,5.5,-110
CAR,2025-04-05T23:00Z,401688813,BOS,2024,Carolina Hurricanes,1,Boston Bruins,5,-240,-240,-200,200,200,170,False,ESPN BET,1,-110,3,REG,110,-130,1.5,Final,5.5,-110
TB,2025-04-05T23:00Z,401688814,BUF,2024,Tampa Bay Lightning,2,Buffalo Sabres,3,-205,-205,-185,170,170,155,False,ESPN BET,1,-115,5,SO,115,-135,1.5,Final/SO,6.5,-105
CBJ,2025-04-05T23:00Z,401688815,TOR,2024,Columbus Blue Jackets,0,Toronto Maple Leafs,5,150,150,170,-175,-175,-200,False,ESPN BET,1,-125,3,REG,-160,135,-1.5,Final,6.5,105
PHI,2025-04-05T23:00Z,401688816,MTL,2024,Philadelphia Flyers,2,Montreal Canadiens,3,155,155,140,-185,-185,-165,False,ESPN BET,1,-135,3,REG,-160,135,-1.5,Final,5.5,115
COL,2025-04-05T23:00Z,401688817,STL,2024,Colorado Avalanche,4,St. Louis Blues,5,-140,-140,-135,120,120,115,False,ESPN BET,1,-115,3,REG,175,-225,1.5,Final,5.5,-105
WPG,2025-04-05T23:00Z,401688818,UTAH,2024,Winnipeg Jets,1,Utah Hockey Club,4,-125,-125,-145,105,105,125,False,ESPN BET,1,105,3,REG,200,-275,1.5,Final,5.5,-125
VGK,2025-04-06T02:00Z,401688819,CGY,2024,Vegas Golden Knights,3,Calgary Flames,2,-150,-150,-165,130,130,140,False,ESPN BET,1,-120,4,OT,165,-200,1.5,Final/OT,5.5,100
SEA,2025-04-06T02:00Z,401688820,SJ,2024,Seattle Kraken,5,San Jose Sharks,1,-165,-165,-165,140,140,140,False,ESPN BET,1,105,3,REG,145,-175,1.5,Final,6.5,-125
WSH,2025-04-06T16:30Z,401688821,NYI,2024,Washington Capitals,1,New York Islanders,4,-150,-150,-145,130,130,125,False,ESPN BET,1,105,3,REG,165,-200,1.5,Final,6.5,-125
DAL,2025-04-06T19:00Z,401688822,MIN,2024,Dallas Stars,2,Minnesota Wild,3,-130,-130,-155,110,110,135,False,ESPN BET,1,105,4,OT,190,-265,1.5,Final/OT,5.5,-125
CBJ,2025-04-06T21:00Z,401688823,OTT,2024,Columbus Blue Jackets,0,Ottawa Senators,4,130,130,160,-150,-150,-190,False,ESPN BET,1,115,3,REG,-200,165,-1.5,Final,6.5,-135
FLA,2025-04-06T21:30Z,401688824,DET,2024,Florida Panthers,1,Detroit Red Wings,2,110,110,-125,-130,-130,105,False,ESPN BET,1,105,3,REG,-300,210,-1.5,Final,5.5,-125
BOS,2025-04-06T22:00Z,401688825,BUF,2024,Boston Bruins,3,Buffalo Sabres,6,160,160,140,-190,-190,-165,False,ESPN BET,1,110,3,REG,-165,140,-1.5,Final,6.5,-130
PIT,2025-04-06T22:00Z,401688826,CHI,2024,Pittsburgh Penguins,1,Chicago Blackhawks,3,-130,-130,-135,110,110,115,False,ESPN BET,1,-115,3,REG,175,-225,1.5,Final,6.5,-105
MTL,2025-04-06T23:00Z,401688827,NSH,2024,Montreal Canadiens,2,Nashville Predators,1,-110,-110,-110,-110,-110,-110,False,ESPN BET,1,-135,3,REG,-300,210,-1.5,Final,5.5,115
VGK,2025-04-07T02:00Z,401688828,VAN,2024,Vegas Golden Knights,3,Vancouver Canucks,2,-185,-185,-150,155,155,130,False,ESPN BET,1,-105,3,REG,145,-175,1.5,Final,5.5,-115
TB,2025-04-07T23:00Z,401688829,NYR,2024,Tampa Bay Lightning,5,New York Rangers,1,-155,-155,-130,130,130,110,False,ESPN BET,1,-120,3,REG,165,-200,1.5,Final,5.5,100
STL,2025-04-07T23:30Z,401688830,WPG,2024,St. Louis Blues,1,Winnipeg Jets,3,170,170,140,-200,-200,-165,False,ESPN BET,1,105,3,REG,-160,135,-1.5,Final,5.5,-125
EDM,2025-04-08T02:30Z,401688831,ANA,2024,Edmonton Oilers,2,Anaheim Ducks,3,-140,-140,-150,120,120,130,False,ESPN BET,1,100,3,REG,165,-200,1.5,Final,6.5,-120
SEA,2025-04-08T02:30Z,401688832,LA,2024,Seattle Kraken,2,Los Angeles Kings,1,210,210,195,-250,-250,-230,False,ESPN BET,1,-115,3,REG,-125,105,-1.5,Final,5.5,-105
CGY,2025-04-08T02:30Z,401688833,SJ,2024,Calgary Flames,3,San Jose Sharks,2,-230,-230,-175,195,195,150,False,ESPN BET,1,-130,3,REG,120,-145,1.5,Final,5.5,110
CAR,2025-04-08T23:00Z,401688834,BUF,2024,Carolina Hurricanes,0,Buffalo Sabres,3,-250,-250,-185,210,210,155,False,ESPN BET,1,100,3,REG,105,-125,1.5,Final,6.5,-120
DET,2025-04-08T23:00Z,401688835,MTL,2024,Detroit Red Wings,1,Montreal Canadiens,4,120,120,115,-140,-140,-135,False,ESPN BET,1,-120,3,REG,-235,180,-1.5,Final,5.5,100
TOR,2025-04-08T23:00Z,401688836,FLA,2024,Toronto Maple Leafs,1,Florida Panthers,3,140,140,-120,-165,-165,100,False,ESPN BET,1,-105,3,REG,-190,160,-1.5,Final,5.5,-115
BOS,2025-04-08T23:00Z,401688837,NJ,2024,Boston Bruins,7,New Jersey Devils,2,195,200,210,-230,-240,-250,False,ESPN BET,1,110,3,REG,-160,135,-1.5,Final,5.5,-130
OTT,2025-04-08T23:00Z,401688838,CBJ,2024,Ottawa Senators,2,Columbus Blue Jackets,5,-115,-115,-130,-105,-105,110,False,ESPN BET,1,105,3,REG,190,-265,1.5,Final,6.5,-125
CHI,2025-04-08T23:00Z,401688839,PIT,2024,Chicago Blackhawks,0,Pittsburgh Penguins,5,175,175,175,-210,-210,-210,False,ESPN BET,1,-105,3,REG,-145,120,-1.5,Final,6.5,-115
NYI,2025-04-09T00:00Z,401688840,NSH,2024,New York Islanders,6,Nashville Predators,7,-115,-115,-125,-105,-105,105,False,ESPN BET,1,-115,4,OT,200,-275,1.5,Final/OT,5.5,-105
VAN,2025-04-09T00:00Z,401688841,DAL,2024,Vancouver Canucks,6,Dallas Stars,5,170,170,190,-200,-200,-225,False,ESPN BET,1,-115,4,OT,-155,130,-1.5,Final/OT,5.5,-105
SEA,2025-04-09T01:00Z,401688842,UTAH,2024,Seattle Kraken,1,Utah Hockey Club,7,195,195,170,-230,-230,-200,False,ESPN BET,1,100,3,REG,-130,110,-1.5,Final,6.5,-120
VGK,2025-04-09T01:30Z,401688843,COL,2024,Vegas Golden Knights,2,Colorado Avalanche,3,135,135,115,-155,-155,-135,False,ESPN BET,1,-135,5,SO,-215,170,-1.5,Final/SO,5.5,115
TOR,2025-04-09T23:00Z,401688844,TB,2024,Toronto Maple Leafs,4,Tampa Bay Lightning,3,150,160,135,-180,-190,-155,False,ESPN BET,1,-135,4,OT,-160,135,-1.5,Final/OT,5.5,115
PHI,2025-04-09T23:30Z,401688845,NYR,2024,Philadelphia Flyers,8,New York Rangers,5,155,155,165,-185,-185,-195,False,ESPN BET,1,-125,3,REG,-155,130,-1.5,Final,5.5,105
SJ,2025-04-10T00:00Z,401688846,MIN,2024,San Jose Sharks,7,Minnesota Wild,8,270,270,250,-340,-340,-300,False,ESPN BET,1,-130,4,OT,110,-130,-1.5,Final/OT,5.5,110
STL,2025-04-10T02:00Z,401688847,EDM,2024,St. Louis Blues,3,Edmonton Oilers,4,105,105,120,-125,-125,-140,False,ESPN BET,1,-115,3,REG,-265,190,-1.5,Final,5.5,-105
CGY,2025-04-10T02:00Z,401688848,ANA,2024,Calgary Flames,3,Anaheim Ducks,4,-155,-155,-130,135,135,110,False,ESPN BET,1,-105,4,OT,160,-190,1.5,Final/OT,6.5,-115
CHI,2025-04-10T23:00Z,401688849,BOS,2024,Chicago Blackhawks,5,Boston Bruins,2,145,145,165,-170,-170,-195,False,ESPN BET,1,-130,3,REG,-165,140,-1.5,Final,5.5,110
DET,2025-04-10T23:00Z,401688850,FLA,2024,Detroit Red Wings,1,Florida Panthers,4,175,175,175,-210,-210,-210,False,ESPN BET,1,105,3,REG,-150,125,-1.5,Final,5.5,-125
BUF,2025-04-10T23:00Z,401688852,CBJ,2024,Buffalo Sabres,2,Columbus Blue Jackets,3,115,115,115,-135,-135,-135,False,ESPN BET,1,-135,3,REG,-225,175,-1.5,Final,6.5,115
CAR,2025-04-10T23:30Z,401688851,WSH,2024,Carolina Hurricanes,4,Washington Capitals,5,-160,-160,100,135,135,-120,False,ESPN BET,1,110,5,SO,160,-190,1.5,Final/SO,6.5,-130
NYR,2025-04-10T23:30Z,401688853,NYI,2024,New York Rangers,9,New York Islanders,2,-110,-110,100,-110,-110,-120,False,ESPN BET,1,100,3,REG,-265,190,-1.5,Final,6.5,-120
WPG,2025-04-11T00:00Z,401688854,DAL,2024,Winnipeg Jets,4,Dallas Stars,0,100,100,120,-120,-120,-140,False,ESPN BET,1,-110,3,REG,-265,190,-1.5,Final,5.5,-110
VAN,2025-04-11T01:00Z,401688855,COL,2024,Vancouver Canucks,4,Colorado Avalanche,1,180,180,195,-215,-215,-230,False,ESPN BET,1,-115,3,REG,-145,120,-1.5,Final,5.5,-105
NSH,2025-04-11T01:00Z,401688856,UTAH,2024,Nashville Predators,4,Utah Hockey Club,3,160,160,155,-190,-190,-185,False,ESPN BET,1,-135,5,SO,-160,135,-1.5,Final/SO,5.5,115
SEA,2025-04-11T02:00Z,401688857,VGK,2024,Seattle Kraken,1,Vegas Golden Knights,2,230,230,210,-280,-280,-250,False,ESPN BET,1,115,3,REG,-120,100,-1.5,Final,6.5,-135
ANA,2025-04-11T02:00Z,401688858,LA,2024,Anaheim Ducks,1,Los Angeles Kings,6,280,280,280,-360,-360,-360,False,ESPN BET,1,-120,3,REG,110,-130,-1.5,Final,5.5,100
MTL,2025-04-11T23:00Z,401688859,OTT,2024,Montreal Canadiens,2,Ottawa Senators,5,125,125,145,-145,-145,-170,False,ESPN BET,1,-120,3,REG,-210,170,-1.5,Final,5.5,100
DET,2025-04-11T23:00Z,401688860,TB,2024,Detroit Red Wings,4,Tampa Bay Lightning,3,260,260,220,-325,-325,-270,False,ESPN BET,1,100,4,OT,110,-130,-1.5,Final/OT,6.5,-120
PIT,2025-04-11T23:00Z,401688861,NJ,2024,Pittsburgh Penguins,4,New Jersey Devils,2,155,155,175,-185,-185,-210,False,ESPN BET,1,-125,3,REG,-160,135,-1.5,Final,5.5,105
SJ,2025-04-12T01:30Z,401688862,EDM,2024,San Jose Sharks,2,Edmonton Oilers,4,300,300,320,-400,-400,-425,False,ESPN BET,1,-120,3,REG,-135,115,-2.5,Final,6.5,100
MIN,2025-04-12T02:00Z,401688863,CGY,2024,Minnesota Wild,2,Calgary Flames,4,-125,-125,-120,105,105,100,False,ESPN BET,1,-120,3,REG,190,-265,1.5,Final,5.5,100
NYI,2025-04-12T16:30Z,401688864,PHI,2024,New York Islanders,3,Philadelphia Flyers,4,-105,-105,-110,-115,-115,-110,False,ESPN BET,1,-130,5,SO,-275,200,-1.5,Final/SO,5.5,110
WSH,2025-04-12T16:30Z,401688869,CBJ,2024,Washington Capitals,0,Columbus Blue Jackets,7,105,105,-150,-125,-125,130,False,ESPN BET,1,-105,3,REG,-250,185,-1.5,Final,6.5,-115
NYR,2025-04-12T19:00Z,401688865,CAR,2024,New York Rangers,3,Carolina Hurricanes,7,165,165,160,-195,-195,-190,False,ESPN BET,1,-130,3,REG,-160,135,-1.5,Final,5.5,110
COL,2025-04-12T20:00Z,401688866,LA,2024,Colorado Avalanche,4,Los Angeles Kings,5,155,155,125,-185,-185,-145,False,ESPN BET,1,100,3,REG,-165,140,-1.5,Final,5.5,-120
BUF,2025-04-12T22:00Z,401688867,FLA,2024,Buffalo Sabres,2,Florida Panthers,3,135,135,195,-155,-155,-230,False,ESPN BET,1,-115,5,SO,-175,145,-1.5,Final/SO,5.5,-105
MTL,2025-04-12T23:00Z,401688868,TOR,2024,Montreal Canadiens,0,Toronto Maple Leafs,1,190,190,200,-225,-225,-240,False,ESPN BET,1,-135,4,OT,-135,115,-1.5,Final/OT,5.5,115
WPG,2025-04-12T23:00Z,401688870,CHI,2024,Winnipeg Jets,5,Chicago Blackhawks,4,-300,-300,-290,250,250,240,False,ESPN BET,1,-120,5,SO,-115,-105,1.5,Final/SO,5.5,100
UTAH,2025-04-13T00:00Z,401688871,DAL,2024,Utah Hockey Club,5,Dallas Stars,3,105,105,170,-125,-125,-200,False,ESPN BET,1,-120,3,REG,-225,175,-1.5,Final,6.5,100
MIN,2025-04-13T02:00Z,401688872,VAN,2024,Minnesota Wild,3,Vancouver Canucks,2,-125,-125,-110,105,105,-110,False,ESPN BET,1,-110,4,OT,200,-275,1.5,Final/OT,5.5,-110
NSH,2025-04-13T02:00Z,401688873,VGK,2024,Nashville Predators,3,Vegas Golden Knights,5,225,225,215,-275,-275,-260,False,ESPN BET,1,-125,3,REG,-110,-110,-1.5,Final,5.5,105
STL,2025-04-13T02:00Z,401688874,SEA,2024,St. Louis Blues,3,Seattle Kraken,4,-155,-155,-135,135,135,115,False,ESPN BET,1,-120,5,SO,165,-200,1.5,Final/SO,5.5,100
PHI,2025-04-13T17:00Z,401688875,OTT,2024,Philadelphia Flyers,3,Ottawa Senators,4,175,175,200,-210,-210,-240,False,ESPN BET,1,-130,4,OT,-145,120,-1.5,Final/OT,5.5,110
NYI,2025-04-13T17:00Z,401688876,NJ,2024,New York Islanders,1,New Jersey Devils,0,170,170,160,-200,-200,-190,False,ESPN BET,1,-120,3,REG,-150,125,-1.5,Final,5.5,100
BOS,2025-04-13T19:30Z,401688877,PIT,2024,Boston Bruins,4,Pittsburgh Penguins,1,140,140,130,-165,-165,-150,False,ESPN BET,1,115,3,REG,-190,160,-1.5,Final,6.5,-135
TOR,2025-04-13T21:00Z,401688878,CAR,2024,Toronto Maple Leafs,4,Carolina Hurricanes,1,180,180,150,-215,-215,-175,False,ESPN BET,1,-125,3,REG,-145,120,-1.5,Final,5.5,105
BUF,2025-04-13T22:00Z,401688879,TB,2024,Buffalo Sabres,4,Tampa Bay Lightning,7,215,215,240,-260,-260,-290,False,ESPN BET,1,-120,3,REG,-115,-105,-1.5,Final,6.5,100
CBJ,2025-04-13T22:00Z,401688880,WSH,2024,Columbus Blue Jackets,4,Washington Capitals,1,145,145,145,-170,-170,-170,False,ESPN BET,1,100,3,REG,-180,150,-1.5,Final,6.5,-120
EDM,2025-04-13T23:00Z,401688881,WPG,2024,Edmonton Oilers,4,Winnipeg Jets,1,-105,-105,105,-115,-115,-125,False,ESPN BET,1,-130,3,REG,-275,200,-1.5,Final,5.5,110
SJ,2025-04-14T00:00Z,401688882,CGY,2024,San Jose Sharks,2,Calgary Flames,5,280,280,240,-360,-360,-290,False,ESPN BET,1,-135,3,REG,110,-130,-1.5,Final,5.5,115
COL,2025-04-14T02:00Z,401688883,ANA,2024,Colorado Avalanche,4,Anaheim Ducks,2,-120,-120,-120,100,100,100,False,ESPN BET,1,110,3,REG,175,-225,1.5,Final,6.5,-130
CHI,2025-04-14T23:00Z,401688884,MTL,2024,Chicago Blackhawks,4,Montreal Canadiens,3,250,250,210,-300,-300,-250,False,ESPN BET,1,110,5,SO,-105,-115,-1.5,Final/SO,6.5,-130
DAL,2025-04-14T23:00Z,401688885,DET,2024,Dallas Stars,4,Detroit Red Wings,6,-120,-120,-130,100,100,110,False,ESPN BET,1,115,3,REG,200,-275,1.5,Final,6.5,-135
NYR,2025-04-14T23:00Z,401688886,FLA,2024,New York Rangers,5,Florida Panthers,3,145,145,130,-170,-170,-150,False,ESPN BET,1,-120,3,REG,-175,145,-1.5,Final,5.5,100
UTAH,2025-04-15T00:00Z,401688887,NSH,2024,Utah Hockey Club,7,Nashville Predators,3,-155,-155,-130,130,130,110,False,ESPN BET,1,100,3,REG,165,-200,1.5,Final,6.5,-120
LA,2025-04-15T02:00Z,401688888,EDM,2024,Los Angeles Kings,5,Edmonton Oilers,0,-190,-190,-110,160,160,-110,False,ESPN BET,1,-110,3,REG,150,-180,1.5,Final,5.5,-110
SJ,2025-04-15T02:00Z,401688889,VAN,2024,San Jose Sharks,1,Vancouver Canucks,2,270,270,270,-340,-340,-340,False,ESPN BET,1,115,4,OT,100,-120,-1.5,Final/OT,6.5,-135
NJ,2025-04-15T23:00Z,401688890,BOS,2024,New Jersey Devils,5,Boston Bruins,4,-145,-145,-140,125,125,120,False,ESPN BET,1,100,4,OT,165,-200,1.5,Final/OT,5.5,-120
TOR,2025-04-15T23:00Z,401688891,BUF,2024,Toronto Maple Leafs,4,Buffalo Sabres,0,-145,-145,-165,125,125,140,False,ESPN BET,1,105,3,REG,165,-200,1.5,Final,6.5,-125
CHI,2025-04-15T23:00Z,401688892,OTT,2024,Chicago Blackhawks,4,Ottawa Senators,3,220,220,240,-270,-270,-290,False,ESPN BET,1,110,4,OT,-120,100,-1.5,Final/OT,6.5,-130
CBJ,2025-04-15T23:00Z,401688894,PHI,2024,Columbus Blue Jackets,3,Philadelphia Flyers,0,-155,-155,-115,130,130,-105,False,ESPN BET,1,100,3,REG,160,-200,1.5,Final,6.5,-120
FLA,2025-04-15T23:30Z,401688893,TB,2024,Florida Panthers,1,Tampa Bay Lightning,5,185,185,145,-225,-225,-170,False,ESPN BET,1,-115,3,REG,-155,130,-1.5,Final,5.5,-105
WSH,2025-04-15T23:30Z,401688895,NYI,2024,Washington Capitals,3,New York Islanders,1,-110,-110,-110,-110,-110,-110,False,ESPN BET,1,-130,3,REG,210,-300,1.5,Final,5.5,110
UTAH,2025-04-16T00:00Z,401688896,STL,2024,Utah Hockey Club,1,St. Louis Blues,6,135,135,145,-155,-155,-170,False,ESPN BET,1,-125,3,REG,-190,160,-1.5,Final,5.5,105
ANA,2025-04-16T00:00Z,401688897,MIN,2024,Anaheim Ducks,2,Minnesota Wild,3,215,215,215,-260,-260,-260,False,ESPN BET,1,-135,4,OT,-120,100,-1.5,Final/OT,5.5,115
VGK,2025-04-16T01:00Z,401688898,CGY,2024,Vegas Golden Knights,4,Calgary Flames,5,100,100,-110,-120,-120,-110,False,ESPN BET,1,-115,5,SO,-300,210,-1.5,Final/SO,5.5,-105
LA,2025-04-16T02:30Z,401688899,SEA,2024,Los Angeles Kings,6,Seattle Kraken,5,-110,-110,-125,-110,-110,105,False,ESPN BET,1,-110,3,REG,-325,220,-1.5,Final,5.5,-110
CAR,2025-04-16T23:00Z,401688900,MTL,2024,Carolina Hurricanes,2,Montreal Canadiens,4,130,130,-110,-150,-150,-110,False,ESPN BET,1,-115,3,REG,-235,180,-1.5,Final,5.5,-105
ANA,2025-04-16T23:00Z,401688901,WPG,2024,Anaheim Ducks,1,Winnipeg Jets,2,270,270,225,-340,-340,-275,False,ESPN BET,1,-130,4,OT,110,-130,-1.5,Final/OT,5.5,110
DET,2025-04-16T23:30Z,401688902,NJ,2024,Detroit Red Wings,5,New Jersey Devils,2,-150,-150,-110,130,130,-110,False,ESPN BET,1,-125,3,REG,180,-235,1.5,Final,5.5,105
DAL,2025-04-17T00:00Z,401688903,NSH,2024,Dallas Stars,1,Nashville Predators,5,-175,-175,-155,150,150,135,False,ESPN BET,1,-110,3,REG,145,-175,1.5,Final,6.5,-110
VGK,2025-04-17T02:00Z,401688904,VAN,2024,Vegas Golden Knights,4,Vancouver Canucks,1,100,100,-105,-120,-120,-115,False,ESPN BET,1,-120,3,REG,-275,200,-1.5,Final,5.5,100
EDM,2025-04-17T02:30Z,401688905,SJ,2024,Edmonton Oilers,3,San Jose Sharks,0,-225,-225,-200,190,190,170,False,ESPN BET,1,-130,3,REG,115,-135,1.5,Final,6.5,110
PHI,2025-04-17T23:00Z,401688906,BUF,2024,Philadelphia Flyers,4,Buffalo Sabres,5,145,145,125,-170,-170,-145,False,ESPN BET,1,-110,3,REG,-175,145,-1.5,Final,6.5,-110
DET,2025-04-17T23:00Z,401688907,TOR,2024,Detroit Red Wings,3,Toronto Maple Leafs,4,155,155,115,-185,-185,-135,False,ESPN BET,1,-130,4,OT,-190,160,-1.5,Final/OT,5.5,110
CAR,2025-04-17T23:00Z,401688908,OTT,2024,Carolina Hurricanes,5,Ottawa Senators,7,135,135,105,-155,-155,-125,False,ESPN BET,1,-120,3,REG,-215,170,-1.5,Final,5.5,100
TB,2025-04-17T23:00Z,401688909,NYR,2024,Tampa Bay Lightning,0,New York Rangers,4,-105,-105,115,-115,-115,-135,False,ESPN BET,1,-120,3,REG,185,-250,1.5,Final,6.5,100
WSH,2025-04-17T23:00Z,401688910,PIT,2024,Washington Capitals,2,Pittsburgh Penguins,5,105,105,-110,-125,-125,-110,False,ESPN BET,1,-105,3,REG,-265,190,-1.5,Final,6.5,-115
NYI,2025-04-17T23:00Z,401688911,CBJ,2024,New York Islanders,1,Columbus Blue Jackets,6,165,165,110,-195,-195,-130,False,ESPN BET,1,-110,3,REG,-155,130,-1.5,Final,6.5,-110
CGY,2025-04-18T01:30Z,401751835,LA,2024,Calgary Flames,5,Los Angeles Kings,1,155,155,130,-185,-185,-150,False,ESPN BET,1,-125,3,REG,-175,145,-1.5,Final,5.5,105
