away,date_utc,espn_id,home,season,away_name,away_score,home_name,home_score,ml_away,ml_away_close,ml_away_open,ml_home,ml_home_close,ml_home_open,neutral,odds_provider,odds_providers_n,over_price,periods,result_type,sp_price_away,sp_price_home,spread_home,status_detail,total,under_price
CHI,2025-10-07T21:00Z,401801798,FLA,2025,Chicago Blackhawks,2,Florida Panthers,3,230,230,300,-280,-280,-400,False,ESPN BET,1,-120,3,REG,-125,-105,-1.5,Final,5.5,100
PIT,2025-10-08T00:00Z,401801799,NYR,2025,Pittsburgh Penguins,3,New York Rangers,0,195,195,175,-230,-230,-210,False,ESPN BET,1,110,3,REG,-140,110,-1.5,Final,6.5,-130
COL,2025-10-08T02:30Z,401801800,LA,2025,Colorado Avalanche,4,Los Angeles Kings,1,-120,-120,-115,100,100,-105,False,ESPN BET,1,-135,3,REG,200,-260,1.5,Final,5.5,115
MTL,2025-10-08T23:00Z,401802355,TOR,2025,Montreal Canadiens,2,Toronto Maple Leafs,5,145,145,120,-170,-170,-140,False,ESPN BET,1,-135,3,REG,-180,140,-1.5,Final,5.5,115
BOS,2025-10-08T23:30Z,401802356,WSH,2025,Boston Bruins,3,Washington Capitals,1,155,155,165,-185,-185,-195,False,ESPN BET,1,100,3,REG,-180,140,-1.5,Final,5.5,-120
CGY,2025-10-09T02:00Z,401802357,EDM,2025,Calgary Flames,4,Edmonton Oilers,3,170,175,175,-200,-210,-210,False,ESPN BET,1,-135,5,SO,-150,120,-1.5,Final/SO,5.5,115
LA,2025-10-09T02:00Z,401802358,VGK,2025,Los Angeles Kings,6,Vegas Golden Knights,5,170,170,155,-200,-200,-185,False,ESPN BET,1,-130,5,SO,-160,125,-1.5,Final/SO,5.5,110
CHI,2025-10-09T23:00Z,401802359,BOS,2025,Chicago Blackhawks,3,Boston Bruins,4,145,145,135,-170,-170,-155,False,ESPN BET,1,-130,4,OT,-220,170,-1.5,Final/OT,5.5,110
NYR,2025-10-09T23:00Z,401802360,BUF,2025,New York Rangers,4,Buffalo Sabres,0,-120,-120,-120,100,100,100,False,ESPN BET,1,105,3,REG,200,-260,1.5,Final,6.5,-125
MTL,2025-10-09T23:00Z,401802361,DET,2025,Montreal Canadiens,5,Detroit Red Wings,1,115,110,110,-135,-130,-130,False,ESPN BET,1,105,3,REG,-220,170,-1.5,Final,6.5,-125
OTT,2025-10-09T23:00Z,401802362,TB,2025,Ottawa Senators,5,Tampa Bay Lightning,4,145,145,130,-170,-170,-150,False,ESPN BET,1,115,3,REG,-180,140,-1.5,Final,6.5,-135
PHI,2025-10-09T23:00Z,401802363,FLA,2025,Philadelphia Flyers,1,Florida Panthers,2,195,195,170,-230,-230,-200,False,ESPN BET,1,-125,3,REG,-150,120,-1.5,Final,5.5,105
NYI,2025-10-09T23:00Z,401802364,PIT,2025,New York Islanders,3,Pittsburgh Penguins,4,-130,-130,-120,110,110,100,False,ESPN BET,1,-135,3,REG,190,-250,1.5,Final,5.5,115
NJ,2025-10-09T23:30Z,401802365,CAR,2025,New Jersey Devils,3,Carolina Hurricanes,6,145,145,135,-170,-170,-155,False,ESPN BET,1,-110,3,REG,-200,160,-1.5,Final,5.5,-110
MIN,2025-10-10T00:00Z,401802366,STL,2025,Minnesota Wild,5,St. Louis Blues,0,105,105,-110,-125,-125,-110,False,ESPN BET,1,-120,3,REG,-280,210,-1.5,Final,5.5,100
CBJ,2025-10-10T00:00Z,401802367,NSH,2025,Columbus Blue Jackets,1,Nashville Predators,2,105,105,115,-125,-125,-135,False,ESPN BET,1,110,3,REG,-280,210,-1.5,Final,6.5,-130
DAL,2025-10-10T00:00Z,401802368,WPG,2025,Dallas Stars,5,Winnipeg Jets,4,-110,-110,-110,-110,-110,-110,False,ESPN BET,1,-120,3,REG,-320,230,-1.5,Final,5.5,100
UTA,2025-10-10T01:00Z,401802369,COL,2025,Utah Mammoth,1,Colorado Avalanche,2,160,160,140,-190,-190,-165,False,ESPN BET,1,100,3,REG,-165,130,-1.5,Final,6.5,-120
CGY,2025-10-10T02:00Z,401802370,VAN,2025,Calgary Flames,1,Vancouver Canucks,5,165,165,155,-195,-195,-185,False,ESPN BET,1,-125,3,REG,-160,125,-1.5,Final,5.5,105
VGK,2025-10-10T02:00Z,401802371,SJ,2025,Vegas Golden Knights,4,San Jose Sharks,3,-210,-210,-185,175,175,155,False,ESPN BET,1,100,4,OT,125,-160,1.5,Final/OT,6.5,-120
ANA,2025-10-10T02:00Z,401802372,SEA,2025,Anaheim Ducks,1,Seattle Kraken,3,105,105,100,-125,-125,-120,False,ESPN BET,1,110,3,REG,-250,190,-1.5,Final,6.5,-130
LA,2025-10-11T17:30Z,401802373,WPG,2025,Los Angeles Kings,2,Winnipeg Jets,3,115,110,115,-135,-130,-135,False,ESPN BET,1,-105,3,REG,-250,190,-1.5,Final,5.5,-115
STL,2025-10-11T20:00Z,401802374,CGY,2025,St. Louis Blues,4,Calgary Flames,2,-120,-120,-115,100,100,-105,False,ESPN BET,1,-110,3,REG,225,-310,1.5,Final,5.5,-110
BUF,2025-10-11T23:00Z,401802375,BOS,2025,Buffalo Sabres,1,Boston Bruins,3,-110,-110,105,-110,-110,-125,False,ESPN BET,1,120,3,REG,-310,225,-1.5,Final,6.5,-145
TOR,2025-10-11T23:00Z,401802376,DET,2025,Toronto Maple Leafs,3,Detroit Red Wings,6,-135,-145,-130,115,125,110,False,ESPN BET,1,120,3,REG,180,-240,1.5,Final,6.5,-145
NJ,2025-10-11T23:00Z,401802377,TB,2025,New Jersey Devils,5,Tampa Bay Lightning,3,130,130,115,-150,-150,-135,False,ESPN BET,1,115,3,REG,-220,170,-1.5,Final,6.5,-135
OTT,2025-10-11T23:00Z,401802378,FLA,2025,Ottawa Senators,2,Florida Panthers,6,130,130,130,-150,-150,-150,False,ESPN BET,1,-115,3,REG,-200,160,-1.5,Final,5.5,-105
WSH,2025-10-11T23:00Z,401802379,NYI,2025,Washington Capitals,4,New York Islanders,2,-125,-125,-125,105,105,105,False,ESPN BET,1,-110,3,REG,220,-300,1.5,Final,5.5,-110
NYR,2025-10-11T23:00Z,401802380,PIT,2025,New York Rangers,6,Pittsburgh Penguins,1,-140,-140,-145,120,120,125,False,ESPN BET,1,-125,3,REG,180,-240,1.5,Final,5.5,105
PHI,2025-10-11T23:00Z,401802381,CAR,2025,Philadelphia Flyers,3,Carolina Hurricanes,4,240,250,195,-290,-300,-230,False,ESPN BET,1,-135,4,OT,-120,-110,-1.5,Final/OT,5.5,115
MTL,2025-10-11T23:00Z,401802382,CHI,2025,Montreal Canadiens,3,Chicago Blackhawks,2,-150,-165,-155,130,140,135,False,ESPN BET,1,115,3,REG,170,-220,1.5,Final,6.5,-135
UTA,2025-10-12T00:00Z,401802383,NSH,2025,Utah Mammoth,3,Nashville Predators,2,-125,-125,-110,105,105,-110,False,ESPN BET,1,-130,4,OT,200,-260,1.5,Final/OT,5.5,110
CBJ,2025-10-12T00:00Z,401802384,MIN,2025,Columbus Blue Jackets,7,Minnesota Wild,4,135,135,145,-155,-155,-170,False,ESPN BET,1,-105,3,REG,-190,150,-1.5,Final,6.5,-115
DAL,2025-10-12T01:00Z,401802385,COL,2025,Dallas Stars,5,Colorado Avalanche,4,125,125,105,-145,-145,-125,False,ESPN BET,1,110,5,SO,-220,170,-1.5,Final/SO,6.5,-130
VAN,2025-10-12T02:00Z,401802386,EDM,2025,Vancouver Canucks,1,Edmonton Oilers,3,145,150,145,-170,-175,-170,False,ESPN BET,1,-130,3,REG,-180,140,-1.5,Final,5.5,110
ANA,2025-10-12T02:00Z,401802387,SJ,2025,Anaheim Ducks,7,San Jose Sharks,6,-140,-135,-120,120,115,100,False,ESPN BET,1,-115,4,OT,190,-250,1.5,Final/OT,6.5,-105
VGK,2025-10-12T02:00Z,401802388,SEA,2025,Vegas Golden Knights,1,Seattle Kraken,2,-170,-175,-165,145,150,140,False,ESPN BET,1,-130,4,OT,140,-180,1.5,Final/OT,5.5,110
WSH,2025-10-12T23:00Z,401802389,NYR,2025,Washington Capitals,1,New York Rangers,0,-110,-110,100,-110,-110,-120,False,ESPN BET,1,105,3,REG,215,-290,1.5,Final,6.5,-125
COL,2025-10-13T16:30Z,401802390,BUF,2025,Colorado Avalanche,3,Buffalo Sabres,1,-175,-175,-145,150,150,125,False,ESPN BET,1,-110,3,REG,135,-160,1.5,Final,6.5,-110
TB,2025-10-13T17:00Z,401802391,BOS,2025,Tampa Bay Lightning,4,Boston Bruins,3,-165,-165,-155,140,140,135,False,ESPN BET,1,110,3,REG,150,-180,1.5,Final,6.5,-130
NSH,2025-10-13T17:00Z,401802392,OTT,2025,Nashville Predators,4,Ottawa Senators,1,155,155,150,-185,-185,-175,False,ESPN BET,1,-125,3,REG,-165,140,-1.5,Final,5.5,105
WPG,2025-10-13T17:00Z,401802393,NYI,2025,Winnipeg Jets,5,New York Islanders,2,-115,-115,-130,-105,-105,110,False,ESPN BET,1,-125,3,REG,210,-260,1.5,Final,5.5,105
DET,2025-10-13T18:00Z,401802394,TOR,2025,Detroit Red Wings,3,Toronto Maple Leafs,2,135,135,165,-155,-155,-195,False,ESPN BET,1,105,3,REG,-180,150,-1.5,Final,6.5,-125
FLA,2025-10-13T23:00Z,401802395,PHI,2025,Florida Panthers,2,Philadelphia Flyers,5,-150,-150,-140,130,130,120,False,ESPN BET,1,-125,3,REG,170,-210,1.5,Final,5.5,105
NJ,2025-10-13T23:00Z,401802396,CBJ,2025,New Jersey Devils,3,Columbus Blue Jackets,2,-120,-120,-140,100,100,120,False,ESPN BET,1,-105,3,REG,200,-250,1.5,Final,6.5,-115
STL,2025-10-13T23:30Z,401802397,VAN,2025,St. Louis Blues,5,Vancouver Canucks,2,105,105,115,-125,-125,-135,False,ESPN BET,1,-110,3,REG,-260,210,-1.5,Final,5.5,-110
LA,2025-10-14T00:00Z,401802398,MIN,2025,Los Angeles Kings,3,Minnesota Wild,4,-120,-120,110,100,100,-130,False,ESPN BET,1,-125,5,SO,215,-290,1.5,Final/SO,5.5,105
UTA,2025-10-14T00:30Z,401802399,CHI,2025,Utah Mammoth,1,Chicago Blackhawks,3,-150,-145,-165,130,125,140,False,ESPN BET,1,-135,3,REG,170,-210,1.5,Final,5.5,115
NSH,2025-10-14T23:00Z,401802400,TOR,2025,Nashville Predators,4,Toronto Maple Leafs,7,150,150,190,-175,-175,-225,False,ESPN BET,1,100,3,REG,-175,145,-1.5,Final,6.5,-120
SEA,2025-10-14T23:00Z,401802401,MTL,2025,Seattle Kraken,4,Montreal Canadiens,5,130,135,135,-150,-155,-155,False,ESPN BET,1,-120,4,OT,-210,170,-1.5,Final/OT,5.5,100
EDM,2025-10-14T23:00Z,401802402,NYR,2025,Edmonton Oilers,2,New York Rangers,0,-135,-135,-130,115,115,110,False,ESPN BET,1,-125,3,REG,180,-225,1.5,Final,5.5,105
TB,2025-10-14T23:00Z,401802403,WSH,2025,Tampa Bay Lightning,2,Washington Capitals,3,-115,-115,115,-105,-105,-135,False,ESPN BET,1,-135,4,OT,215,-290,1.5,Final/OT,5.5,115
VGK,2025-10-15T01:00Z,401802404,CGY,2025,Vegas Golden Knights,4,Calgary Flames,2,-170,-170,-165,145,145,140,False,ESPN BET,1,-125,3,REG,150,-180,1.5,Final,5.5,105
MIN,2025-10-15T01:50Z,401802405,DAL,2025,Minnesota Wild,2,Dallas Stars,5,160,160,190,-190,-190,-225,False,ESPN BET,1,-135,3,REG,-165,140,-1.5,Final,5.5,115
CAR,2025-10-15T02:00Z,401802406,SJ,2025,Carolina Hurricanes,5,San Jose Sharks,1,-250,-260,-230,210,215,195,False,ESPN BET,1,-120,3,REG,100,-120,1.5,Final,6.5,100
PIT,2025-10-15T02:30Z,401802407,ANA,2025,Pittsburgh Penguins,3,Anaheim Ducks,4,125,125,135,-145,-145,-155,False,ESPN BET,1,105,3,REG,-200,165,-1.5,Final,6.5,-125
OTT,2025-10-15T23:00Z,401802408,BUF,2025,Ottawa Senators,4,Buffalo Sabres,8,-120,-120,-115,100,100,-105,False,ESPN BET,1,110,3,REG,215,-290,1.5,Final,6.5,-130
FLA,2025-10-15T23:00Z,401802409,DET,2025,Florida Panthers,1,Detroit Red Wings,4,-155,-155,-150,130,130,130,False,ESPN BET,1,-115,3,REG,175,-215,1.5,Final,5.5,-105
CHI,2025-10-16T01:30Z,401802410,STL,2025,Chicago Blackhawks,8,St. Louis Blues,3,200,200,180,-240,-240,-215,False,ESPN BET,1,-130,3,REG,-115,-105,-1.5,Final,5.5,110
CGY,2025-10-16T01:30Z,401802411,UTA,2025,Calgary Flames,1,Utah Mammoth,3,200,200,160,-240,-240,-190,False,ESPN BET,1,-130,3,REG,-135,115,-1.5,Final,5.5,110
NYR,2025-10-16T23:00Z,401802412,TOR,2025,New York Rangers,1,Toronto Maple Leafs,2,125,125,120,-150,-150,-140,False,ESPN BET,1,-130,4,OT,-225,180,-1.5,Final/OT,5.5,110
NSH,2025-10-16T23:00Z,401802413,MTL,2025,Nashville Predators,2,Montreal Canadiens,3,120,120,130,-140,-140,-150,False,ESPN BET,1,-130,4,OT,-225,180,-1.5,Final/OT,5.5,110
SEA,2025-10-16T23:00Z,401802414,OTT,2025,Seattle Kraken,3,Ottawa Senators,4,130,135,135,-150,-160,-155,False,ESPN BET,1,115,5,SO,-200,165,-1.5,Final/SO,6.5,-135
FLA,2025-10-16T23:00Z,401802415,NJ,2025,Florida Panthers,1,New Jersey Devils,3,135,135,120,-155,-155,-140,False,ESPN BET,1,-135,3,REG,-190,160,-1.5,Final,5.5,115
WPG,2025-10-16T23:00Z,401802417,PHI,2025,Winnipeg Jets,5,Philadelphia Flyers,2,-135,-135,-135,115,115,115,False,ESPN BET,1,-115,3,REG,190,-235,1.5,Final,5.5,-105
COL,2025-10-16T23:00Z,401802418,CBJ,2025,Colorado Avalanche,4,Columbus Blue Jackets,1,-170,-170,-140,145,145,120,False,ESPN BET,1,-110,3,REG,145,-175,1.5,Final,6.5,-110
EDM,2025-10-16T23:30Z,401802416,NYI,2025,Edmonton Oilers,2,New York Islanders,4,-165,-165,-155,140,140,135,False,ESPN BET,1,100,3,REG,150,-180,1.5,Final,6.5,-120
VAN,2025-10-17T00:00Z,401802419,DAL,2025,Vancouver Canucks,5,Dallas Stars,3,130,130,160,-155,-155,-190,False,ESPN BET,1,115,3,REG,-190,160,-1.5,Final,6.5,-135
BOS,2025-10-17T02:00Z,401802420,VGK,2025,Boston Bruins,5,Vegas Golden Knights,6,190,190,165,-225,-225,-195,False,ESPN BET,1,115,3,REG,-140,115,-1.5,Final,6.5,-135
CAR,2025-10-17T02:00Z,401802421,ANA,2025,Carolina Hurricanes,4,Anaheim Ducks,1,-190,-190,-145,160,160,125,False,ESPN BET,1,-105,3,REG,135,-160,1.5,Final,6.5,-115
PIT,2025-10-17T02:00Z,401802422,LA,2025,Pittsburgh Penguins,4,Los Angeles Kings,2,175,175,175,-210,-210,-210,False,ESPN BET,1,105,3,REG,-150,125,-1.5,Final,6.5,-125
TB,2025-10-17T23:00Z,401802423,DET,2025,Tampa Bay Lightning,1,Detroit Red Wings,2,-130,-130,-155,110,110,135,False,ESPN BET,1,-130,4,OT,170,-210,1.5,Final/OT,5.5,110
MIN,2025-10-17T23:00Z,401802424,WSH,2025,Minnesota Wild,1,Washington Capitals,5,105,105,110,-125,-125,-130,False,ESPN BET,1,-125,3,REG,-250,200,-1.5,Final,5.5,105
VAN,2025-10-18T00:30Z,401802425,CHI,2025,Vancouver Canucks,3,Chicago Blackhawks,2,-130,-130,-135,110,110,115,False,ESPN BET,1,-135,5,SO,190,-235,1.5,Final/SO,5.5,115
SJ,2025-10-18T01:00Z,401802426,UTA,2025,San Jose Sharks,3,Utah Mammoth,6,215,215,200,-260,-260,-240,False,ESPN BET,1,105,3,REG,-120,100,-1.5,Final,6.5,-125
FLA,2025-10-18T17:00Z,401802427,BUF,2025,Florida Panthers,0,Buffalo Sabres,3,-145,-150,-145,125,130,125,False,ESPN BET,1,-130,3,REG,170,-210,1.5,Final,5.5,110
NYI,2025-10-18T19:00Z,401802428,OTT,2025,New York Islanders,5,Ottawa Senators,4,110,120,135,-130,-140,-155,False,ESPN BET,1,-135,3,REG,-235,190,-1.5,Final,5.5,115
EDM,2025-10-18T19:30Z,401802429,NJ,2025,Edmonton Oilers,3,New Jersey Devils,5,-115,-115,100,-105,-105,-120,False,ESPN BET,1,110,3,REG,220,-325,1.5,Final,6.5,-130
SEA,2025-10-18T23:00Z,401802430,TOR,2025,Seattle Kraken,4,Toronto Maple Leafs,3,170,170,180,-200,-200,-215,False,ESPN BET,1,115,4,OT,-150,125,-1.5,Final/OT,6.5,-135
NYR,2025-10-18T23:00Z,401802431,MTL,2025,New York Rangers,4,Montreal Canadiens,3,110,110,105,-130,-130,-125,False,ESPN BET,1,115,3,REG,-235,190,-1.5,Final,6.5,-135
MIN,2025-10-18T23:00Z,401802432,PHI,2025,Minnesota Wild,1,Philadelphia Flyers,2,100,100,-105,-120,-120,-115,False,ESPN BET,1,105,4,OT,-290,215,-1.5,Final/OT,6.5,-125
TB,2025-10-18T23:00Z,401802433,CBJ,2025,Tampa Bay Lightning,2,Columbus Blue Jackets,3,110,110,-125,-130,-130,105,False,ESPN BET,1,-105,3,REG,-225,175,-1.5,Final,6.5,-115
DAL,2025-10-18T23:00Z,401802434,STL,2025,Dallas Stars,1,St. Louis Blues,3,-125,-125,-135,105,105,115,False,ESPN BET,1,-135,3,REG,200,-250,1.5,Final,5.5,115
NSH,2025-10-18T23:00Z,401802435,WPG,2025,Nashville Predators,1,Winnipeg Jets,4,155,155,150,-185,-185,-175,False,ESPN BET,1,-110,3,REG,-165,140,-1.5,Final,5.5,-110
BOS,2025-10-19T01:00Z,401802436,COL,2025,Boston Bruins,1,Colorado Avalanche,4,220,220,180,-270,-270,-215,False,ESPN BET,1,115,3,REG,-120,100,-1.5,Final,6.5,-135
CAR,2025-10-19T01:00Z,401802437,LA,2025,Carolina Hurricanes,4,Los Angeles Kings,3,-130,-135,-125,110,115,105,False,ESPN BET,1,-130,4,OT,190,-235,1.5,Final/OT,5.5,110
CGY,2025-10-19T02:00Z,401802438,VGK,2025,Calgary Flames,1,Vegas Golden Knights,6,210,210,175,-260,-260,-210,False,ESPN BET,1,115,3,REG,-125,105,-1.5,Final,6.5,-135
PIT,2025-10-19T02:00Z,401802439,SJ,2025,Pittsburgh Penguins,3,San Jose Sharks,0,-165,-165,-125,140,140,105,False,ESPN BET,1,-110,3,REG,150,-200,1.5,Final,6.5,-110
VAN,2025-10-19T16:30Z,401802440,WSH,2025,Vancouver Canucks,4,Washington Capitals,3,135,135,130,-155,-155,-150,False,ESPN BET,1,-110,3,REG,-210,170,-1.5,Final,5.5,-110
EDM,2025-10-19T19:00Z,401802441,DET,2025,Edmonton Oilers,2,Detroit Red Wings,4,-130,-130,-135,110,110,115,False,ESPN BET,1,-135,3,REG,190,-235,1.5,Final,5.5,115
ANA,2025-10-19T23:00Z,401802442,CHI,2025,Anaheim Ducks,1,Chicago Blackhawks,2,-120,-120,-140,100,100,120,False,ESPN BET,1,105,4,OT,200,-240,1.5,Final/OT,6.5,-125
BOS,2025-10-19T23:00Z,401802443,UTA,2025,Boston Bruins,2,Utah Mammoth,3,180,180,210,-215,-215,-250,False,ESPN BET,1,-135,3,REG,-145,120,-1.5,Final,5.5,115
MIN,2025-10-20T23:00Z,401802444,NYR,2025,Minnesota Wild,3,New York Rangers,1,135,135,105,-155,-155,-125,False,ESPN BET,1,-105,3,REG,-210,170,-1.5,Final,5.5,-115
SEA,2025-10-20T23:00Z,401802445,PHI,2025,Seattle Kraken,2,Philadelphia Flyers,5,120,120,115,-140,-140,-135,False,ESPN BET,1,-115,3,REG,-215,175,-1.5,Final,5.5,-105
BUF,2025-10-20T23:30Z,401802446,MTL,2025,Buffalo Sabres,2,Montreal Canadiens,4,120,120,125,-140,-140,-145,False,ESPN BET,1,-155,3,REG,-210,170,-1.5,Final,5.5,125
WPG,2025-10-21T01:30Z,401802447,CGY,2025,Winnipeg Jets,2,Calgary Flames,1,-135,-135,-140,115,115,120,False,ESPN BET,1,-110,3,REG,190,-235,1.5,Final,5.5,-110
CAR,2025-10-21T02:00Z,401802448,VGK,2025,Carolina Hurricanes,1,Vegas Golden Knights,4,-115,-115,105,-105,-105,-125,False,ESPN BET,1,110,3,REG,215,-290,1.5,Final,6.5,-130
NJ,2025-10-21T23:00Z,401802449,TOR,2025,New Jersey Devils,5,Toronto Maple Leafs,2,100,100,115,-120,-120,-135,False,ESPN BET,1,-120,3,REG,-290,215,-1.5,Final,5.5,100
EDM,2025-10-21T23:00Z,401802450,OTT,2025,Edmonton Oilers,3,Ottawa Senators,2,-130,-130,-135,110,110,115,False,ESPN BET,1,-125,4,OT,190,-235,1.5,Final/OT,5.5,105
SJ,2025-10-21T23:00Z,401802451,NYI,2025,San Jose Sharks,3,New York Islanders,4,190,190,170,-225,-225,-200,False,ESPN BET,1,100,3,REG,-145,120,-1.5,Final,6.5,-120
VAN,2025-10-21T23:00Z,401802452,PIT,2025,Vancouver Canucks,1,Pittsburgh Penguins,5,-115,-115,-125,-105,-105,105,False,ESPN BET,1,105,3,REG,220,-325,1.5,Final,6.5,-125
SEA,2025-10-21T23:00Z,401802453,WSH,2025,Seattle Kraken,1,Washington Capitals,4,230,230,210,-280,-280,-250,False,ESPN BET,1,-120,3,REG,-105,-115,-1.5,Final,5.5,100
FLA,2025-10-21T23:30Z,401802454,BOS,2025,Florida Panthers,4,Boston Bruins,3,-155,-155,-145,135,135,125,False,ESPN BET,1,-110,3,REG,165,-200,1.5,Final,5.5,-110
LA,2025-10-22T00:00Z,401802455,STL,2025,Los Angeles Kings,2,St. Louis Blues,1,105,105,115,-125,-125,-135,False,ESPN BET,1,-120,4,OT,-290,215,-1.5,Final/OT,5.5,100
ANA,2025-10-22T00:00Z,401802456,NSH,2025,Anaheim Ducks,5,Nashville Predators,2,115,115,120,-135,-135,-140,False,ESPN BET,1,105,3,REG,-225,180,-1.5,Final,6.5,-125
CBJ,2025-10-22T00:00Z,401802457,DAL,2025,Columbus Blue Jackets,5,Dallas Stars,1,155,155,180,-185,-185,-215,False,ESPN BET,1,105,3,REG,-165,140,-1.5,Final,6.5,-125
COL,2025-10-22T02:00Z,401802458,UTA,2025,Colorado Avalanche,3,Utah Mammoth,4,-145,-145,-130,125,125,110,False,ESPN BET,1,-125,4,OT,175,-215,1.5,Final/OT,5.5,105
MIN,2025-10-22T23:00Z,401802459,NJ,2025,Minnesota Wild,1,New Jersey Devils,4,105,105,115,-125,-125,-135,False,ESPN BET,1,-125,3,REG,-250,200,-1.5,Final,5.5,105
DET,2025-10-22T23:30Z,401802460,BUF,2025,Detroit Red Wings,2,Buffalo Sabres,4,110,110,-105,-130,-130,-115,False,ESPN BET,1,110,3,REG,-260,210,-1.5,Final,6.5,-130
MTL,2025-10-23T00:30Z,401802461,CGY,2025,Montreal Canadiens,2,Calgary Flames,1,-115,-115,-120,-105,-105,100,False,ESPN BET,1,-125,4,OT,220,-325,1.5,Final/OT,5.5,105
CHI,2025-10-23T22:45Z,401802464,TB,2025,Chicago Blackhawks,3,Tampa Bay Lightning,2,240,245,260,-290,-300,-320,False,ESPN BET,1,115,3,REG,-105,-115,-1.5,Final,6.5,-135
ANA,2025-10-23T23:00Z,401802462,BOS,2025,Anaheim Ducks,7,Boston Bruins,5,-105,-105,110,-115,-115,-130,False,ESPN BET,1,100,3,REG,-290,215,-1.5,Final,6.5,-120
PHI,2025-10-23T23:00Z,401802463,OTT,2025,Philadelphia Flyers,1,Ottawa Senators,2,125,125,140,-145,-145,-165,False,ESPN BET,1,-120,3,REG,-215,175,-1.5,Final,5.5,100
PIT,2025-10-23T23:00Z,401802465,FLA,2025,Pittsburgh Penguins,5,Florida Panthers,3,150,165,190,-175,-195,-225,False,ESPN BET,1,-120,3,REG,-180,150,-1.5,Final,5.5,100
DET,2025-10-23T23:00Z,401802466,NYI,2025,Detroit Red Wings,2,New York Islanders,7,115,115,115,-135,-135,-135,False,ESPN BET,1,-135,3,REG,-230,185,-1.5,Final,5.5,115
SJ,2025-10-23T23:00Z,401802467,NYR,2025,San Jose Sharks,6,New York Rangers,5,230,230,260,-280,-280,-320,False,ESPN BET,1,115,4,OT,-110,-110,-1.5,Final/OT,6.5,-135
UTA,2025-10-24T00:00Z,401802468,STL,2025,Utah Mammoth,7,St. Louis Blues,4,-105,-110,105,-115,-110,-125,False,ESPN BET,1,-120,3,REG,-325,220,-1.5,Final,5.5,100
VAN,2025-10-24T00:00Z,401802469,NSH,2025,Vancouver Canucks,1,Nashville Predators,2,105,105,100,-125,-125,-120,False,ESPN BET,1,-125,3,REG,-260,210,-1.5,Final,5.5,105
SEA,2025-10-24T00:00Z,401802471,WPG,2025,Seattle Kraken,3,Winnipeg Jets,0,175,175,180,-210,-210,-215,False,ESPN BET,1,-105,3,REG,-145,120,-1.5,Final,5.5,-115
LA,2025-10-24T01:00Z,401802470,DAL,2025,Los Angeles Kings,3,Dallas Stars,2,115,115,145,-135,-135,-170,False,ESPN BET,1,-110,4,OT,-230,185,-1.5,Final/OT,5.5,-110
CAR,2025-10-24T01:00Z,401802472,COL,2025,Carolina Hurricanes,5,Colorado Avalanche,4,115,115,110,-135,-135,-130,False,ESPN BET,1,105,5,SO,-230,185,-1.5,Final/SO,6.5,-125
MTL,2025-10-24T01:00Z,401802473,EDM,2025,Montreal Canadiens,5,Edmonton Oilers,6,190,190,190,-230,-230,-225,False,ESPN BET,1,-135,3,REG,-130,110,-1.5,Final,5.5,115
TOR,2025-10-24T23:00Z,401802474,BUF,2025,Toronto Maple Leafs,3,Buffalo Sabres,5,-120,-120,-135,100,100,115,False,ESPN BET,1,100,3,REG,210,-260,1.5,Final,6.5,-120
SJ,2025-10-24T23:00Z,401802475,NJ,2025,San Jose Sharks,1,New Jersey Devils,3,290,290,290,-380,-380,-380,False,ESPN BET,1,105,3,REG,120,-145,-1.5,Final,6.5,-125
WSH,2025-10-24T23:00Z,401802476,CBJ,2025,Washington Capitals,5,Columbus Blue Jackets,1,-115,-115,-120,-105,-105,100,False,ESPN BET,1,110,3,REG,210,-260,1.5,Final,6.5,-130
CGY,2025-10-25T00:00Z,401802477,WPG,2025,Calgary Flames,3,Winnipeg Jets,5,110,110,165,-130,-130,-195,False,ESPN BET,1,-120,3,REG,-230,180,-1.5,Final,5.5,100
NYI,2025-10-25T16:30Z,401802478,PHI,2025,New York Islanders,3,Philadelphia Flyers,4,100,100,110,-120,-120,-130,False,ESPN BET,1,110,5,SO,-260,210,-1.5,Final/SO,6.5,-130
COL,2025-10-25T19:00Z,401802479,BOS,2025,Colorado Avalanche,2,Boston Bruins,3,-210,-210,-170,175,175,145,False,ESPN BET,1,105,3,REG,120,-145,1.5,Final,6.5,-125
ANA,2025-10-25T21:00Z,401802480,TB,2025,Anaheim Ducks,3,Tampa Bay Lightning,4,160,160,180,-190,-190,-215,False,ESPN BET,1,-120,3,REG,-155,130,-1.5,Final,6.5,100
BUF,2025-10-25T21:00Z,401802483,TOR,2025,Buffalo Sabres,3,Toronto Maple Leafs,4,115,115,155,-135,-135,-185,False,ESPN BET,1,-115,4,OT,-215,175,-1.5,Final/OT,6.5,-105
VGK,2025-10-25T22:00Z,401802481,FLA,2025,Vegas Golden Knights,0,Florida Panthers,3,-115,-115,105,-105,-105,-125,False,ESPN BET,1,-125,3,REG,215,-290,1.5,Final,5.5,105
UTA,2025-10-25T22:00Z,401802482,MIN,2025,Utah Mammoth,6,Minnesota Wild,2,-105,-105,110,-115,-115,-130,False,ESPN BET,1,-125,3,REG,-290,215,-1.5,Final,5.5,105
STL,2025-10-25T23:00Z,401802484,DET,2025,St. Louis Blues,4,Detroit Red Wings,6,-115,-115,100,-105,-105,-120,False,ESPN BET,1,-120,3,REG,220,-325,1.5,Final,5.5,100
CBJ,2025-10-25T23:00Z,401802485,PIT,2025,Columbus Blue Jackets,5,Pittsburgh Penguins,4,105,-105,105,-125,-115,-125,False,ESPN BET,1,-110,5,SO,-290,215,-1.5,Final/SO,6.5,-110
OTT,2025-10-25T23:00Z,401802486,WSH,2025,Ottawa Senators,7,Washington Capitals,1,110,110,105,-130,-130,-125,False,ESPN BET,1,-120,3,REG,-250,200,-1.5,Final,5.5,100
MTL,2025-10-25T23:00Z,401802487,VAN,2025,Montreal Canadiens,4,Vancouver Canucks,3,-110,-115,105,-110,-105,-125,False,ESPN BET,1,-130,3,REG,220,-325,1.5,Final,5.5,110
LA,2025-10-26T00:00Z,401802488,NSH,2025,Los Angeles Kings,4,Nashville Predators,5,-160,-160,-125,135,135,105,False,ESPN BET,1,-110,5,SO,175,-215,1.5,Final/SO,5.5,-110
CAR,2025-10-26T00:00Z,401802489,DAL,2025,Carolina Hurricanes,2,Dallas Stars,3,110,110,105,-130,-130,-125,False,ESPN BET,1,-125,3,REG,-250,200,-1.5,Final,5.5,105
EDM,2025-10-26T02:00Z,401802490,SEA,2025,Edmonton Oilers,2,Seattle Kraken,3,-170,-170,-165,145,145,140,False,ESPN BET,1,-135,3,REG,145,-175,1.5,Final,5.5,115
COL,2025-10-26T17:00Z,401802491,NJ,2025,Colorado Avalanche,3,New Jersey Devils,4,110,110,115,-130,-130,-135,False,ESPN BET,1,110,4,OT,-235,190,-1.5,Final/OT,6.5,-130
VGK,2025-10-26T21:00Z,401802492,TB,2025,Vegas Golden Knights,1,Tampa Bay Lightning,2,115,115,100,-135,-135,-120,False,ESPN BET,1,105,4,OT,-215,175,-1.5,Final/OT,6.5,-125
SJ,2025-10-26T22:00Z,401802493,MIN,2025,San Jose Sharks,6,Minnesota Wild,5,160,160,180,-190,-190,-215,False,ESPN BET,1,-105,4,OT,-145,120,-1.5,Final/OT,6.5,-115
UTA,2025-10-26T22:00Z,401802494,WPG,2025,Utah Mammoth,3,Winnipeg Jets,2,130,130,140,-150,-150,-165,False,ESPN BET,1,-120,3,REG,-210,170,-1.5,Final,5.5,100
LA,2025-10-26T23:00Z,401802495,CHI,2025,Los Angeles Kings,3,Chicago Blackhawks,1,-155,-155,-145,130,130,125,False,ESPN BET,1,110,3,REG,165,-200,1.5,Final,6.5,-130
DAL,2025-10-26T23:00Z,401802496,NSH,2025,Dallas Stars,3,Nashville Predators,2,-145,-145,-140,125,125,120,False,ESPN BET,1,-135,3,REG,170,-210,1.5,Final,5.5,115
NYR,2025-10-27T00:00Z,401802497,CGY,2025,New York Rangers,1,Calgary Flames,5,-135,-135,-130,115,115,110,False,ESPN BET,1,-105,3,REG,200,-275,1.5,Final,5.5,-115
EDM,2025-10-27T02:00Z,401802498,VAN,2025,Edmonton Oilers,3,Vancouver Canucks,4,-160,-160,-130,135,135,110,False,ESPN BET,1,105,4,OT,170,-210,1.5,Final/OT,6.5,-125
STL,2025-10-27T23:00Z,401802499,PIT,2025,St. Louis Blues,3,Pittsburgh Penguins,6,-115,-115,-120,-105,-105,100,False,ESPN BET,1,110,3,REG,210,-260,1.5,Final,6.5,-130
BOS,2025-10-27T23:30Z,401802500,OTT,2025,Boston Bruins,2,Ottawa Senators,7,140,140,155,-165,-165,-185,False,ESPN BET,1,-130,3,REG,-180,150,-1.5,Final,5.5,110
PIT,2025-10-28T22:00Z,401802501,PHI,2025,Pittsburgh Penguins,2,Philadelphia Flyers,3,150,150,125,-175,-175,-145,False,ESPN BET,1,110,5,SO,-180,150,-1.5,Final/SO,6.5,-130
CGY,2025-10-28T22:00Z,401802502,TOR,2025,Calgary Flames,3,Toronto Maple Leafs,4,155,150,180,-185,-175,-215,False,ESPN BET,1,-135,3,REG,-180,150,-1.5,Final,5.5,115
VGK,2025-10-28T22:30Z,401802506,CAR,2025,Vegas Golden Knights,6,Carolina Hurricanes,3,140,140,125,-165,-165,-145,False,ESPN BET,1,105,3,REG,-210,170,-1.5,Final,6.5,-125
CBJ,2025-10-28T22:45Z,401802503,BUF,2025,Columbus Blue Jackets,4,Buffalo Sabres,3,-105,-105,110,-115,-115,-130,False,ESPN BET,1,-110,4,OT,-290,215,-1.5,Final/OT,6.5,-110
ANA,2025-10-28T23:00Z,401802504,FLA,2025,Anaheim Ducks,3,Florida Panthers,2,145,150,170,-170,-175,-200,False,ESPN BET,1,110,5,SO,-175,145,-1.5,Final/SO,6.5,-130
NYI,2025-10-28T23:15Z,401802505,BOS,2025,New York Islanders,2,Boston Bruins,5,-145,-145,-130,125,125,110,False,ESPN BET,1,100,3,REG,170,-210,1.5,Final,6.5,-120
TB,2025-10-28T23:45Z,401802507,NSH,2025,Tampa Bay Lightning,5,Nashville Predators,2,-170,-175,-150,145,150,130,False,ESPN BET,1,-120,3,REG,150,-180,1.5,Final,5.5,100
WPG,2025-10-29T00:00Z,401802508,MIN,2025,Winnipeg Jets,4,Minnesota Wild,3,-110,-105,100,-110,-115,-120,False,ESPN BET,1,-130,4,OT,220,240,1.5,Final/OT,5.5,110
DET,2025-10-29T00:15Z,401802509,STL,2025,Detroit Red Wings,5,St. Louis Blues,2,-110,-105,105,-110,-115,-125,False,ESPN BET,1,-135,3,REG,-325,220,-1.5,Final,5.5,115
OTT,2025-10-29T00:45Z,401802511,CHI,2025,Ottawa Senators,3,Chicago Blackhawks,7,-145,-145,-130,125,125,110,False,ESPN BET,1,-130,3,REG,175,-215,1.5,Final,5.5,110
WSH,2025-10-29T00:50Z,401802510,DAL,2025,Washington Capitals,0,Dallas Stars,1,105,105,125,-125,-125,-145,False,ESPN BET,1,-115,3,REG,-260,210,-1.5,Final,5.5,-105
NJ,2025-10-29T01:00Z,401802512,COL,2025,New Jersey Devils,4,Colorado Avalanche,8,150,145,125,-175,-170,-145,False,ESPN BET,1,115,3,REG,-175,145,-1.5,Final,6.5,-135
UTA,2025-10-29T01:30Z,401802513,EDM,2025,Utah Mammoth,3,Edmonton Oilers,6,130,125,145,-150,-145,-170,False,ESPN BET,1,110,3,REG,-215,175,-1.5,Final,6.5,-130
NYR,2025-10-29T02:00Z,401802514,VAN,2025,New York Rangers,2,Vancouver Canucks,0,-125,-125,-115,105,105,-105,False,ESPN BET,1,-120,3,REG,215,-290,1.5,Final,5.5,100
MTL,2025-10-29T02:30Z,401802515,SEA,2025,Montreal Canadiens,4,Seattle Kraken,3,-125,-125,-115,105,105,-105,False,ESPN BET,1,-125,4,OT,210,-260,1.5,Final/OT,5.5,105
LA,2025-10-29T03:00Z,401802516,SJ,2025,Los Angeles Kings,4,San Jose Sharks,3,-210,-210,-185,175,175,155,False,ESPN BET,1,110,3,REG,135,-160,1.5,Final,6.5,-130
TOR,2025-10-29T23:30Z,401802517,CBJ,2025,Toronto Maple Leafs,3,Columbus Blue Jackets,6,105,105,-120,-125,-125,100,False,ESPN BET,1,-125,3,REG,-235,190,-1.5,Final,6.5,105
BUF,2025-10-30T23:00Z,401802518,BOS,2025,Buffalo Sabres,3,Boston Bruins,4,-140,-140,105,120,120,-125,False,ESPN BET,1,100,4,OT,190,-235,1.5,Final/OT,6.5,-120
CGY,2025-10-30T23:00Z,401802519,OTT,2025,Calgary Flames,3,Ottawa Senators,4,140,140,150,-165,-165,-175,False,ESPN BET,1,110,5,SO,-180,150,-1.5,Final/SO,6.5,-130
DAL,2025-10-30T23:00Z,401802520,TB,2025,Dallas Stars,1,Tampa Bay Lightning,2,130,130,115,-155,-155,-135,False,ESPN BET,1,-130,4,OT,-200,165,-1.5,Final/OT,5.5,110
NSH,2025-10-30T23:00Z,401802521,PHI,2025,Nashville Predators,1,Philadelphia Flyers,4,130,130,115,-155,-155,-135,False,ESPN BET,1,-110,3,REG,-200,165,-1.5,Final,5.5,-110
NYI,2025-10-30T23:30Z,401802522,CAR,2025,New York Islanders,2,Carolina Hurricanes,6,180,180,180,-215,-215,-215,False,ESPN BET,1,-120,3,REG,-135,115,-1.5,Final,6.5,100
VAN,2025-10-31T00:00Z,401802523,STL,2025,Vancouver Canucks,4,St. Louis Blues,3,140,140,120,-165,-165,-140,False,ESPN BET,1,-130,5,SO,-190,160,-1.5,Final/SO,5.5,110
PIT,2025-10-31T00:00Z,401802524,MIN,2025,Pittsburgh Penguins,4,Minnesota Wild,1,145,145,155,-175,-175,-185,False,ESPN BET,1,-120,3,REG,-180,150,-1.5,Final,6.5,100
CHI,2025-10-31T00:00Z,401802525,WPG,2025,Chicago Blackhawks,3,Winnipeg Jets,6,160,160,210,-190,-190,-250,False,ESPN BET,1,-130,3,REG,-155,130,-1.5,Final,5.5,110
NYR,2025-10-31T01:00Z,401802526,EDM,2025,New York Rangers,4,Edmonton Oilers,3,130,130,150,-155,-155,-175,False,ESPN BET,1,-125,4,OT,-200,165,-1.5,Final/OT,5.5,105
NJ,2025-10-31T02:00Z,401802527,SJ,2025,New Jersey Devils,2,San Jose Sharks,5,-215,-215,-230,180,180,195,False,ESPN BET,1,-115,3,REG,110,-130,1.5,Final,6.5,-105
DET,2025-10-31T02:30Z,401802528,LA,2025,Detroit Red Wings,4,Los Angeles Kings,3,125,125,135,-145,-145,-155,False,ESPN BET,1,-120,5,SO,-215,175,-1.5,Final/SO,5.5,100
COL,2025-10-31T20:00Z,401802529,VGK,2025,Colorado Avalanche,4,Vegas Golden Knights,2,-140,-140,105,120,120,-125,False,ESPN BET,1,-110,3,REG,180,-225,1.5,Final,6.5,-110
NYI,2025-10-31T23:00Z,401802530,WSH,2025,New York Islanders,3,Washington Capitals,1,185,185,180,-225,-225,-215,False,ESPN BET,1,110,3,REG,-130,110,-1.5,Final,6.5,-130
DET,2025-11-01T02:00Z,401802531,ANA,2025,Detroit Red Wings,2,Anaheim Ducks,5,110,110,120,-130,-130,-140,False,ESPN BET,1,-115,3,REG,-235,190,-1.5,Final,6.5,-105
CAR,2025-11-01T17:00Z,401802532,BOS,2025,Carolina Hurricanes,1,Boston Bruins,2,-190,-200,-190,160,170,160,False,ESPN BET,1,-110,3,REG,135,-160,1.5,Final,6.5,-110
PIT,2025-11-01T19:00Z,401802533,WPG,2025,Pittsburgh Penguins,2,Winnipeg Jets,5,135,140,170,-155,-165,-200,False,ESPN BET,1,100,3,REG,-190,160,-1.5,Final,6.5,-120
CGY,2025-11-01T19:30Z,401802534,NSH,2025,Calgary Flames,2,Nashville Predators,4,-105,-105,110,-115,-115,-130,False,ESPN BET,1,-115,3,REG,-260,210,-1.5,Final,5.5,-105
COL,2025-11-01T20:00Z,401802535,SJ,2025,Colorado Avalanche,2,San Jose Sharks,3,-210,-240,-210,175,200,175,False,ESPN BET,1,-135,4,OT,110,-130,1.5,Final/OT,6.5,115
DAL,2025-11-01T22:00Z,401802536,FLA,2025,Dallas Stars,3,Florida Panthers,4,120,120,105,-140,-140,-125,False,ESPN BET,1,100,5,SO,-215,180,-1.5,Final/SO,5.5,-120
WSH,2025-11-01T23:00Z,401802537,BUF,2025,Washington Capitals,3,Buffalo Sabres,4,110,110,-110,-130,-130,-110,False,ESPN BET,1,-105,5,SO,-225,180,-1.5,Final/SO,6.5,-115
OTT,2025-11-01T23:00Z,401802538,MTL,2025,Ottawa Senators,3,Montreal Canadiens,4,-110,-110,110,-110,-110,-130,False,ESPN BET,1,105,4,OT,-325,220,-1.5,Final/OT,6.5,-125
TOR,2025-11-01T23:00Z,401802539,PHI,2025,Toronto Maple Leafs,5,Philadelphia Flyers,2,-120,-120,-130,100,100,110,False,ESPN BET,1,-120,3,REG,210,-260,1.5,Final,5.5,100
STL,2025-11-01T23:00Z,401802540,CBJ,2025,St. Louis Blues,2,Columbus Blue Jackets,3,120,120,105,-140,-140,-125,False,ESPN BET,1,-105,3,REG,-215,175,-1.5,Final,6.5,-115
VAN,2025-11-01T23:00Z,401802541,MIN,2025,Vancouver Canucks,2,Minnesota Wild,5,150,150,145,-175,-175,-170,False,ESPN BET,1,-125,3,REG,-175,145,-1.5,Final,5.5,105
NJ,2025-11-02T01:00Z,401802542,LA,2025,New Jersey Devils,4,Los Angeles Kings,1,100,100,-110,-120,-120,-110,False,ESPN BET,1,-135,3,REG,-260,210,-1.5,Final,5.5,115
CHI,2025-11-02T02:00Z,401802543,EDM,2025,Chicago Blackhawks,2,Edmonton Oilers,3,240,240,260,-300,-300,-320,False,ESPN BET,1,100,4,OT,-105,-115,-1.5,Final/OT,6.5,-120
NYR,2025-11-02T02:00Z,401802544,SEA,2025,New York Rangers,3,Seattle Kraken,2,-135,-135,-140,115,115,120,False,ESPN BET,1,-105,4,OT,190,-235,1.5,Final/OT,5.5,-115
TB,2025-11-02T20:30Z,401802545,UTA,2025,Tampa Bay Lightning,4,Utah Mammoth,2,100,-105,-110,-120,-115,-110,False,ESPN BET,1,-105,3,REG,-290,215,-1.5,Final,6.5,-115
CBJ,2025-11-02T22:00Z,401802546,NYI,2025,Columbus Blue Jackets,2,New York Islanders,3,105,105,130,-125,-125,-150,False,ESPN BET,1,-125,3,REG,-235,190,-1.5,Final,6.5,105
CGY,2025-11-03T00:00Z,401802547,PHI,2025,Calgary Flames,2,Philadelphia Flyers,1,100,100,120,-120,-120,-140,False,ESPN BET,1,-115,3,REG,-260,210,-1.5,Final,5.5,-105
NJ,2025-11-03T01:00Z,401802548,ANA,2025,New Jersey Devils,1,Anaheim Ducks,4,-115,-115,-145,-105,-105,125,False,ESPN BET,1,-105,3,REG,200,-250,1.5,Final,6.5,-115
DET,2025-11-03T01:00Z,401802549,SJ,2025,Detroit Red Wings,3,San Jose Sharks,2,-190,-195,-175,160,165,150,False,ESPN BET,1,-120,5,SO,130,-155,1.5,Final/SO,6.5,100
PIT,2025-11-04T00:30Z,401802550,TOR,2025,Pittsburgh Penguins,3,Toronto Maple Leafs,4,150,150,155,-175,-175,-185,False,ESPN BET,1,-115,3,REG,-165,140,-1.5,Final,6.5,-105
EDM,2025-11-04T01:30Z,401802551,STL,2025,Edmonton Oilers,2,St. Louis Blues,3,-125,-125,-155,105,105,135,False,ESPN BET,1,105,3,REG,190,-235,1.5,Final,6.5,-125
VAN,2025-11-04T01:30Z,401802552,NSH,2025,Vancouver Canucks,5,Nashville Predators,4,-110,-110,-105,-110,-110,-115,False,ESPN BET,1,-110,4,OT,-290,215,-1.5,Final/OT,5.5,-110
CHI,2025-11-04T03:00Z,401802553,SEA,2025,Chicago Blackhawks,1,Seattle Kraken,3,145,135,140,-170,-155,-165,False,ESPN BET,1,-130,3,REG,-190,160,-1.5,Final,5.5,110
UTA,2025-11-05T00:00Z,401802554,BUF,2025,Utah Mammoth,2,Buffalo Sabres,1,-135,-135,-115,115,115,-105,False,ESPN BET,1,100,4,OT,200,-250,1.5,Final/OT,6.5,-120
PHI,2025-11-05T00:00Z,401802555,MTL,2025,Philadelphia Flyers,5,Montreal Canadiens,4,130,130,135,-150,-150,-155,False,ESPN BET,1,-110,5,SO,-215,175,-1.5,Final/SO,5.5,-110
BOS,2025-11-05T00:00Z,401802556,NYI,2025,Boston Bruins,4,New York Islanders,3,140,140,130,-165,-165,-150,False,ESPN BET,1,-135,5,SO,-190,160,-1.5,Final/SO,5.5,115
CAR,2025-11-05T00:00Z,401802557,NYR,2025,Carolina Hurricanes,3,New York Rangers,0,-115,-115,-115,-105,-105,-105,False,ESPN BET,1,-135,3,REG,220,-325,1.5,Final,5.5,115
EDM,2025-11-05T01:00Z,401802558,DAL,2025,Edmonton Oilers,3,Dallas Stars,4,105,105,125,-125,-125,-145,False,ESPN BET,1,-120,5,SO,-290,215,-1.5,Final/SO,5.5,100
NSH,2025-11-05T01:00Z,401802559,MIN,2025,Nashville Predators,2,Minnesota Wild,3,180,190,175,-215,-225,-210,False,ESPN BET,1,100,4,OT,-130,110,-1.5,Final/OT,6.5,-120
TB,2025-11-05T02:30Z,401802560,COL,2025,Tampa Bay Lightning,2,Colorado Avalanche,3,125,125,125,-145,-145,-145,False,ESPN BET,1,110,3,REG,-225,180,-1.5,Final,6.5,-130
DET,2025-11-05T03:00Z,401802561,VGK,2025,Detroit Red Wings,0,Vegas Golden Knights,1,160,160,150,-190,-190,-175,False,ESPN BET,1,105,3,REG,-160,135,-1.5,Final,6.5,-125
FLA,2025-11-05T03:00Z,401802562,ANA,2025,Florida Panthers,3,Anaheim Ducks,7,-165,-155,-140,140,135,120,False,ESPN BET,1,105,3,REG,160,-190,1.5,Final,6.5,-125
WPG,2025-11-05T03:30Z,401802563,LA,2025,Winnipeg Jets,0,Los Angeles Kings,3,110,105,100,-130,-125,-120,False,ESPN BET,1,100,3,REG,-290,215,-1.5,Final,5.5,-120
UTA,2025-11-06T00:00Z,401802564,TOR,2025,Utah Mammoth,3,Toronto Maple Leafs,5,125,125,135,-145,-145,-155,False,ESPN BET,1,-105,3,REG,-210,170,-1.5,Final,6.5,-115
STL,2025-11-06T00:30Z,401802565,WSH,2025,St. Louis Blues,1,Washington Capitals,6,130,130,145,-150,-150,-170,False,ESPN BET,1,-105,3,REG,-215,175,-1.5,Final,5.5,-115
CBJ,2025-11-06T02:30Z,401802566,CGY,2025,Columbus Blue Jackets,1,Calgary Flames,5,-105,-105,-110,-115,-115,-110,False,ESPN BET,1,-135,3,REG,-325,220,-1.5,Final,5.5,115
CHI,2025-11-06T03:00Z,401802567,VAN,2025,Chicago Blackhawks,5,Vancouver Canucks,2,120,120,155,-140,-140,-185,False,ESPN BET,1,-105,3,REG,-215,175,-1.5,Final,5.5,-115
SJ,2025-11-06T03:00Z,401802568,SEA,2025,San Jose Sharks,6,Seattle Kraken,1,140,140,155,-165,-165,-185,False,ESPN BET,1,115,3,REG,-200,165,-1.5,Final,6.5,-135
OTT,2025-11-07T00:00Z,401802569,BOS,2025,Ottawa Senators,2,Boston Bruins,3,-165,-160,-125,140,135,105,False,ESPN BET,1,-135,4,OT,165,-200,1.5,Final/OT,5.5,115
STL,2025-11-07T00:00Z,401802570,BUF,2025,St. Louis Blues,3,Buffalo Sabres,0,125,125,115,-145,-145,-135,False,ESPN BET,1,100,3,REG,-215,180,-1.5,Final,6.5,-120
MTL,2025-11-07T00:00Z,401802571,NJ,2025,Montreal Canadiens,3,New Jersey Devils,4,120,120,140,-140,-140,-165,False,ESPN BET,1,105,4,OT,-210,170,-1.5,Final/OT,6.5,-125
MIN,2025-11-07T00:00Z,401802573,CAR,2025,Minnesota Wild,3,Carolina Hurricanes,4,160,160,150,-190,-190,-175,False,ESPN BET,1,100,3,REG,-155,130,-1.5,Final,6.5,-120
WSH,2025-11-07T00:30Z,401802572,PIT,2025,Washington Capitals,3,Pittsburgh Penguins,5,-110,-110,-110,-110,-110,-110,False,ESPN BET,1,100,3,REG,220,-325,1.5,Final,6.5,-120
PHI,2025-11-07T01:00Z,401802574,NSH,2025,Philadelphia Flyers,3,Nashville Predators,1,105,105,-105,-125,-125,-115,False,ESPN BET,1,-105,3,REG,-260,210,-1.5,Final,5.5,-115
ANA,2025-11-07T01:00Z,401802575,DAL,2025,Anaheim Ducks,7,Dallas Stars,5,145,145,155,-170,-170,-185,False,ESPN BET,1,100,3,REG,-175,145,-1.5,Final,6.5,-120
TB,2025-11-07T03:00Z,401802576,VGK,2025,Tampa Bay Lightning,6,Vegas Golden Knights,3,100,100,110,-120,-120,-130,False,ESPN BET,1,-130,3,REG,-300,210,-1.5,Final,5.5,110
FLA,2025-11-07T03:00Z,401802577,LA,2025,Florida Panthers,5,Los Angeles Kings,2,-110,-110,100,-110,-110,-120,False,ESPN BET,1,100,3,REG,240,-350,1.5,Final,5.5,-120
NYR,2025-11-08T00:00Z,401802578,DET,2025,New York Rangers,4,Detroit Red Wings,1,100,100,-115,-120,-120,-105,False,ESPN BET,1,-135,3,REG,-285,210,-1.5,Final,5.5,115
MIN,2025-11-08T00:00Z,401802579,NYI,2025,Minnesota Wild,5,New York Islanders,2,135,135,105,-160,-160,-125,False,ESPN BET,1,-120,3,REG,-190,160,-1.5,Final,6.5,100
CHI,2025-11-08T02:00Z,401802580,CGY,2025,Chicago Blackhawks,4,Calgary Flames,0,125,125,130,-150,-150,-150,False,ESPN BET,1,-130,3,REG,-190,160,-1.5,Final,5.5,110
WPG,2025-11-08T03:00Z,401802581,SJ,2025,Winnipeg Jets,1,San Jose Sharks,2,-190,-190,-200,160,160,170,False,ESPN BET,1,-105,3,REG,120,-145,1.5,Final,6.5,-115
PIT,2025-11-08T17:30Z,401802582,NJ,2025,Pittsburgh Penguins,1,New Jersey Devils,2,155,155,180,-185,-185,-215,False,ESPN BET,1,-105,5,SO,-165,140,-1.5,Final/SO,6.5,-115
OTT,2025-11-08T18:00Z,401802583,PHI,2025,Ottawa Senators,3,Philadelphia Flyers,2,-120,-115,-110,100,-105,-110,False,ESPN BET,1,-110,4,OT,215,-290,1.5,Final/OT,5.5,-110
DAL,2025-11-08T20:30Z,401802584,NSH,2025,Dallas Stars,5,Nashville Predators,4,-155,-155,-155,135,135,135,False,ESPN BET,1,-135,3,REG,150,-180,1.5,Final,5.5,115
BOS,2025-11-09T00:00Z,401802585,TOR,2025,Boston Bruins,5,Toronto Maple Leafs,3,170,170,145,-200,-200,-170,False,ESPN BET,1,-130,3,REG,-150,125,-1.5,Final,5.5,110
UTA,2025-11-09T00:00Z,401802586,MTL,2025,Utah Mammoth,2,Montreal Canadiens,6,-130,-130,100,110,110,-120,False,ESPN BET,1,-135,3,REG,210,-260,1.5,Final,5.5,115
WSH,2025-11-09T00:00Z,401802587,TB,2025,Washington Capitals,2,Tampa Bay Lightning,3,125,125,125,-145,-145,-145,False,ESPN BET,1,-115,3,REG,-215,175,-1.5,Final,5.5,-105
NYI,2025-11-09T00:00Z,401802588,NYR,2025,New York Islanders,5,New York Rangers,0,130,130,130,-150,-150,-150,False,ESPN BET,1,-130,3,REG,-200,165,-1.5,Final,5.5,110
BUF,2025-11-09T00:00Z,401802589,CAR,2025,Buffalo Sabres,3,Carolina Hurricanes,6,200,200,195,-240,-240,-230,False,ESPN BET,1,-125,3,REG,-130,110,-1.5,Final,6.5,105
SEA,2025-11-09T00:00Z,401802590,STL,2025,Seattle Kraken,4,St. Louis Blues,3,140,140,120,-165,-165,-140,False,ESPN BET,1,-130,4,OT,-180,150,-1.5,Final/OT,5.5,110
COL,2025-11-09T03:00Z,401802591,EDM,2025,Colorado Avalanche,9,Edmonton Oilers,1,-125,-125,-110,105,105,-110,False,ESPN BET,1,-110,3,REG,200,-250,1.5,Final,6.5,-110
CBJ,2025-11-09T03:00Z,401802592,VAN,2025,Columbus Blue Jackets,3,Vancouver Canucks,4,-110,-110,105,-110,-110,-125,False,ESPN BET,1,-110,3,REG,215,-290,1.5,Final,6.5,-110
ANA,2025-11-09T03:00Z,401802593,VGK,2025,Anaheim Ducks,4,Vegas Golden Knights,3,190,190,170,-225,-225,-200,False,ESPN BET,1,-140,4,OT,-150,125,-1.5,Final/OT,6.5,120
FLA,2025-11-09T03:00Z,401802594,SJ,2025,Florida Panthers,1,San Jose Sharks,3,-250,-250,-240,210,210,200,False,ESPN BET,1,100,3,REG,100,-120,1.5,Final,6.5,-120
CHI,2025-11-09T18:00Z,401802595,DET,2025,Chicago Blackhawks,5,Detroit Red Wings,1,155,155,150,-185,-185,-175,False,ESPN BET,1,110,3,REG,-175,145,-1.5,Final,6.5,-130
LA,2025-11-09T19:00Z,401802596,PIT,2025,Los Angeles Kings,3,Pittsburgh Penguins,2,-165,-165,-145,145,145,125,False,ESPN BET,1,-135,3,REG,160,-190,1.5,Final,5.5,115
CAR,2025-11-10T00:00Z,401802597,TOR,2025,Carolina Hurricanes,5,Toronto Maple Leafs,4,-135,-135,-125,115,115,105,False,ESPN BET,1,-120,3,REG,180,-225,1.5,Final,6.5,100
UTA,2025-11-10T00:00Z,401802598,OTT,2025,Utah Mammoth,2,Ottawa Senators,4,-120,-120,110,100,100,-130,False,ESPN BET,1,-125,3,REG,215,-290,1.5,Final,5.5,105
SEA,2025-11-10T00:00Z,401802599,DAL,2025,Seattle Kraken,1,Dallas Stars,2,170,170,210,-200,-200,-250,False,ESPN BET,1,-120,3,REG,-160,135,-1.5,Final,5.5,100
CGY,2025-11-10T01:00Z,401802600,MIN,2025,Calgary Flames,0,Minnesota Wild,2,120,120,150,-140,-140,-175,False,ESPN BET,1,110,3,REG,-215,175,-1.5,Final,6.5,-130
COL,2025-11-10T03:00Z,401802601,VAN,2025,Colorado Avalanche,5,Vancouver Canucks,4,-210,-210,-155,175,175,135,False,ESPN BET,1,-120,4,OT,120,-145,1.5,Final/OT,6.5,100
WPG,2025-11-10T03:00Z,401802602,ANA,2025,Winnipeg Jets,1,Anaheim Ducks,4,-140,-140,-140,120,120,120,False,ESPN BET,1,-105,3,REG,175,-215,1.5,Final,6.5,-115
NYI,2025-11-11T00:00Z,401802603,NJ,2025,New York Islanders,3,New Jersey Devils,2,115,115,160,-135,-135,-190,False,ESPN BET,1,105,4,OT,-215,175,-1.5,Final/OT,6.5,-125
NSH,2025-11-11T00:00Z,401802604,NYR,2025,Nashville Predators,3,New York Rangers,6,165,165,150,-195,-195,-175,False,ESPN BET,1,-115,3,REG,-160,135,-1.5,Final,5.5,-105
CBJ,2025-11-11T01:30Z,401802605,EDM,2025,Columbus Blue Jackets,4,Edmonton Oilers,5,155,155,165,-185,-185,-195,False,ESPN BET,1,-115,4,OT,-160,135,-1.5,Final/OT,6.5,-105
FLA,2025-11-11T03:00Z,401802606,VGK,2025,Florida Panthers,3,Vegas Golden Knights,2,110,110,120,-130,-130,-140,False,ESPN BET,1,-115,3,REG,-235,190,-1.5,Final,5.5,-105
TOR,2025-11-12T00:00Z,401802607,BOS,2025,Toronto Maple Leafs,3,Boston Bruins,5,-140,-135,-130,120,115,110,False,ESPN BET,1,-130,3,REG,180,-225,1.5,Final,5.5,110
LA,2025-11-12T00:00Z,401802608,MTL,2025,Los Angeles Kings,5,Montreal Canadiens,1,-120,-125,115,100,105,-135,False,ESPN BET,1,-115,3,REG,215,-290,1.5,Final,5.5,-105
DAL,2025-11-12T00:00Z,401802609,OTT,2025,Dallas Stars,3,Ottawa Senators,2,100,100,-125,-120,-120,105,False,ESPN BET,1,-120,4,OT,-290,215,-1.5,Final/OT,5.5,100
WSH,2025-11-12T00:00Z,401802610,CAR,2025,Washington Capitals,4,Carolina Hurricanes,1,125,125,135,-145,-145,-155,False,ESPN BET,1,110,3,REG,-200,165,-1.5,Final,6.5,-130
CGY,2025-11-12T01:00Z,401802611,STL,2025,Calgary Flames,2,St. Louis Blues,3,115,115,130,-135,-135,-150,False,ESPN BET,1,-120,3,REG,-235,190,-1.5,Final,5.5,100
SJ,2025-11-12T01:00Z,401802612,MIN,2025,San Jose Sharks,2,Minnesota Wild,1,170,170,180,-200,-200,-215,False,ESPN BET,1,-110,4,OT,-155,130,-1.5,Final/OT,6.5,-110
ANA,2025-11-12T02:30Z,401802613,COL,2025,Anaheim Ducks,1,Colorado Avalanche,4,200,200,180,-240,-240,-215,False,ESPN BET,1,-155,3,REG,-120,100,-1.5,Final,6.5,125
WPG,2025-11-12T03:00Z,401802614,VAN,2025,Winnipeg Jets,5,Vancouver Canucks,3,-120,-120,-115,100,100,-105,False,ESPN BET,1,-135,3,REG,210,-260,1.5,Final,5.5,115
CBJ,2025-11-12T03:00Z,401802615,SEA,2025,Columbus Blue Jackets,2,Seattle Kraken,1,100,100,100,-120,-120,-120,False,ESPN BET,1,100,5,SO,-250,200,-1.5,Final/SO,6.5,-120
NYR,2025-11-13T00:00Z,401802616,TB,2025,New York Rangers,7,Tampa Bay Lightning,3,110,110,140,-130,-130,-165,False,ESPN BET,1,-125,3,REG,-235,190,-1.5,Final,5.5,105
EDM,2025-11-13T00:30Z,401802617,PHI,2025,Edmonton Oilers,2,Philadelphia Flyers,1,-115,-115,-135,-105,-105,115,False,ESPN BET,1,-120,4,OT,220,-325,1.5,Final/OT,5.5,100
BUF,2025-11-13T02:00Z,401802618,UTA,2025,Buffalo Sabres,2,Utah Mammoth,5,165,165,145,-195,-195,-170,False,ESPN BET,1,-105,3,REG,-155,130,-1.5,Final,6.5,-115
NJ,2025-11-13T02:30Z,401802619,CHI,2025,New Jersey Devils,4,Chicago Blackhawks,3,-135,-135,-165,115,115,140,False,ESPN BET,1,105,4,OT,190,-235,1.5,Final/OT,6.5,-125
LA,2025-11-14T00:00Z,401802620,TOR,2025,Los Angeles Kings,4,Toronto Maple Leafs,3,-135,-135,105,115,115,-125,False,ESPN BET,1,-130,4,OT,175,-215,1.5,Final/OT,5.5,110
DAL,2025-11-14T00:00Z,401802621,MTL,2025,Dallas Stars,7,Montreal Canadiens,0,100,100,-125,-120,-120,105,False,ESPN BET,1,-125,3,REG,-260,210,-1.5,Final,5.5,105
BOS,2025-11-14T00:00Z,401802622,OTT,2025,Boston Bruins,3,Ottawa Senators,5,135,135,155,-160,-160,-185,False,ESPN BET,1,-120,3,REG,-200,165,-1.5,Final,5.5,100
ANA,2025-11-14T00:00Z,401802623,DET,2025,Anaheim Ducks,3,Detroit Red Wings,6,115,115,110,-135,-135,-130,False,ESPN BET,1,-115,3,REG,-210,170,-1.5,Final,6.5,-105
WSH,2025-11-14T00:00Z,401802624,FLA,2025,Washington Capitals,3,Florida Panthers,6,100,100,125,-120,-120,-145,False,ESPN BET,1,105,3,REG,-290,215,-1.5,Final,5.5,-125
EDM,2025-11-14T00:30Z,401802625,CBJ,2025,Edmonton Oilers,4,Columbus Blue Jackets,5,110,110,-125,-130,-130,105,False,ESPN BET,1,-115,3,REG,-225,180,-1.5,Final,6.5,-105
BUF,2025-11-14T02:00Z,401802626,COL,2025,Buffalo Sabres,3,Colorado Avalanche,6,300,300,240,-400,-400,-290,False,ESPN BET,1,-120,3,REG,115,-135,-1.5,Final,6.5,100
SJ,2025-11-14T02:00Z,401802627,CGY,2025,San Jose Sharks,0,Calgary Flames,2,135,135,140,-160,-160,-165,False,ESPN BET,1,-130,3,REG,-200,165,-1.5,Final,5.5,110
NYI,2025-11-14T03:00Z,401802628,VGK,2025,New York Islanders,4,Vegas Golden Knights,3,160,160,170,-190,-190,-200,False,ESPN BET,1,105,4,OT,-160,135,-1.5,Final/OT,6.5,-125
WPG,2025-11-14T03:00Z,401802629,SEA,2025,Winnipeg Jets,3,Seattle Kraken,5,-145,-145,-140,125,125,120,False,ESPN BET,1,-120,3,REG,175,-215,1.5,Final,5.5,100
PIT,2025-11-14T19:00Z,401802630,NSH,2025,Pittsburgh Penguins,1,Nashville Predators,2,-135,-135,-120,115,115,100,True,ESPN BET,1,105,4,OT,190,-235,1.5,Final/OT,6.5,-125
VAN,2025-11-15T00:00Z,401802631,CAR,2025,Vancouver Canucks,3,Carolina Hurricanes,4,240,240,195,-290,-290,-230,False,ESPN BET,1,-115,4,OT,100,-120,-1.5,Final/OT,6.5,-105
PHI,2025-11-15T01:00Z,401802632,STL,2025,Philadelphia Flyers,6,St. Louis Blues,5,120,120,125,-140,-140,-145,False,ESPN BET,1,-110,5,SO,-225,185,-1.5,Final/SO,5.5,-110
NYI,2025-11-15T02:00Z,401802633,UTA,2025,New York Islanders,3,Utah Mammoth,2,180,180,165,-215,-215,-195,False,ESPN BET,1,-115,4,OT,-135,115,-1.5,Final/OT,6.5,-105
TB,2025-11-15T22:00Z,401802634,FLA,2025,Tampa Bay Lightning,3,Florida Panthers,1,125,125,120,-145,-145,-140,False,ESPN BET,1,-125,3,REG,-215,175,-1.5,Final,5.5,105
ANA,2025-11-15T23:00Z,401802635,MIN,2025,Anaheim Ducks,0,Minnesota Wild,2,100,100,120,-120,-120,-140,False,ESPN BET,1,-140,3,REG,-225,180,-1.5,Final,6.5,120
BOS,2025-11-16T00:00Z,401802636,MTL,2025,Boston Bruins,3,Montreal Canadiens,2,135,135,140,-155,-155,-165,False,ESPN BET,1,-115,3,REG,-190,160,-1.5,Final,5.5,-105
LA,2025-11-16T00:00Z,401802637,OTT,2025,Los Angeles Kings,1,Ottawa Senators,0,-110,-110,105,-110,-110,-125,False,ESPN BET,1,-105,3,REG,-325,220,-1.5,Final,5.5,-115
BUF,2025-11-16T00:00Z,401802638,DET,2025,Buffalo Sabres,5,Detroit Red Wings,4,140,140,140,-160,-160,-165,False,ESPN BET,1,-105,4,OT,-175,145,-1.5,Final/OT,6.5,-115
NJ,2025-11-16T00:00Z,401802639,WSH,2025,New Jersey Devils,3,Washington Capitals,2,130,130,105,-150,-150,-125,False,ESPN BET,1,-110,5,SO,-230,180,-1.5,Final/SO,5.5,-110
EDM,2025-11-16T00:00Z,401802640,CAR,2025,Edmonton Oilers,4,Carolina Hurricanes,3,105,105,115,-125,-125,-135,False,ESPN BET,1,-105,4,OT,-275,200,-1.5,Final/OT,6.5,-115
NYR,2025-11-16T00:00Z,401802641,CBJ,2025,New York Rangers,2,Columbus Blue Jackets,1,-120,-115,-115,100,-105,-105,False,ESPN BET,1,110,5,SO,215,-290,1.5,Final/SO,6.5,-130
TOR,2025-11-16T00:00Z,401802642,CHI,2025,Toronto Maple Leafs,2,Chicago Blackhawks,3,-125,-125,-135,105,105,115,False,ESPN BET,1,-105,3,REG,210,-260,1.5,Final,6.5,-115
VGK,2025-11-16T01:00Z,401802643,STL,2025,Vegas Golden Knights,4,St. Louis Blues,1,-165,-155,-145,140,135,125,False,ESPN BET,1,-135,3,REG,160,-190,1.5,Final,5.5,115
PHI,2025-11-16T01:00Z,401802644,DAL,2025,Philadelphia Flyers,1,Dallas Stars,5,165,165,175,-195,-195,-210,False,ESPN BET,1,-105,3,REG,-160,135,-1.5,Final,5.5,-115
WPG,2025-11-16T03:00Z,401802645,CGY,2025,Winnipeg Jets,4,Calgary Flames,3,-130,-130,-135,110,110,115,False,ESPN BET,1,-120,5,SO,200,-275,1.5,Final/SO,5.5,100
SJ,2025-11-16T03:00Z,401802646,SEA,2025,San Jose Sharks,1,Seattle Kraken,4,130,130,130,-150,-150,-150,False,ESPN BET,1,-120,3,REG,-215,170,-1.5,Final,5.5,100
NSH,2025-11-16T14:00Z,401802647,PIT,2025,Nashville Predators,0,Pittsburgh Penguins,4,105,105,110,-125,-125,-130,True,ESPN BET,1,105,3,REG,-260,210,-1.5,Final,6.5,-125
VAN,2025-11-16T22:00Z,401802648,TB,2025,Vancouver Canucks,6,Tampa Bay Lightning,2,125,125,175,-145,-145,-210,False,ESPN BET,1,-120,3,REG,-190,160,-1.5,Final,6.5,100
VGK,2025-11-16T23:00Z,401802649,MIN,2025,Vegas Golden Knights,2,Minnesota Wild,3,-125,-125,-125,105,105,105,False,ESPN BET,1,115,4,OT,200,-250,1.5,Final/OT,6.5,-135
DET,2025-11-17T00:00Z,401802650,NYR,2025,Detroit Red Wings,2,New York Rangers,1,115,115,130,-135,-135,-150,False,ESPN BET,1,-135,3,REG,-225,180,-1.5,Final,5.5,115
NYI,2025-11-17T02:00Z,401802651,COL,2025,New York Islanders,1,Colorado Avalanche,4,200,200,200,-240,-240,-240,False,ESPN BET,1,-110,3,REG,-125,105,-1.5,Final,6.5,-110
CAR,2025-11-18T00:00Z,401802652,BOS,2025,Carolina Hurricanes,3,Boston Bruins,1,-200,-200,-175,170,170,150,False,ESPN BET,1,105,3,REG,130,-155,1.5,Final,6.5,-125
EDM,2025-11-18T00:00Z,401802653,BUF,2025,Edmonton Oilers,1,Buffalo Sabres,5,-150,-150,-145,130,130,125,False,ESPN BET,1,-105,3,REG,160,-190,1.5,Final,6.5,-115
VAN,2025-11-18T00:00Z,401802654,FLA,2025,Vancouver Canucks,5,Florida Panthers,8,225,225,240,-275,-275,-290,False,ESPN BET,1,-125,3,REG,-115,-105,-1.5,Final,5.5,105
LA,2025-11-18T00:00Z,401802655,WSH,2025,Los Angeles Kings,1,Washington Capitals,2,-105,-105,125,-115,-115,-145,False,ESPN BET,1,-110,3,REG,-260,210,-1.5,Final,5.5,-110
MTL,2025-11-18T00:30Z,401802656,CBJ,2025,Montreal Canadiens,3,Columbus Blue Jackets,4,115,115,-105,-135,-135,-115,False,ESPN BET,1,100,5,SO,-215,175,-1.5,Final/SO,6.5,-120
UTA,2025-11-18T03:00Z,401802657,ANA,2025,Utah Mammoth,2,Anaheim Ducks,3,-110,-110,100,-110,-110,-120,False,ESPN BET,1,105,4,OT,-325,220,-1.5,Final/OT,6.5,-125
STL,2025-11-19T00:00Z,401802658,TOR,2025,St. Louis Blues,2,Toronto Maple Leafs,3,-110,-110,115,-110,-110,-135,False,ESPN BET,1,-130,4,OT,220,-325,1.5,Final/OT,5.5,110
SEA,2025-11-19T00:00Z,401802659,DET,2025,Seattle Kraken,2,Detroit Red Wings,4,130,145,130,-165,-170,-150,False,ESPN BET,1,-130,3,REG,-200,165,-1.5,Final,5.5,110
NJ,2025-11-19T00:00Z,401802660,TB,2025,New Jersey Devils,1,Tampa Bay Lightning,5,135,135,125,-155,-155,-145,False,ESPN BET,1,-135,3,REG,-200,165,-1.5,Final,5.5,115
NYI,2025-11-19T01:00Z,401802661,DAL,2025,New York Islanders,3,Dallas Stars,2,155,155,145,-185,-185,-170,False,ESPN BET,1,100,3,REG,-165,140,-1.5,Final,6.5,-120
CBJ,2025-11-19T01:00Z,401802662,WPG,2025,Columbus Blue Jackets,2,Winnipeg Jets,5,145,145,165,-170,-170,-195,False,ESPN BET,1,-115,3,REG,-160,135,-1.5,Final,6.5,-105
CGY,2025-11-19T01:30Z,401802663,CHI,2025,Calgary Flames,2,Chicago Blackhawks,5,-130,-130,-110,110,110,-110,False,ESPN BET,1,-130,3,REG,215,-290,1.5,Final,5.5,110
NYR,2025-11-19T03:00Z,401802664,VGK,2025,New York Rangers,2,Vegas Golden Knights,3,120,120,135,-140,-140,-155,False,ESPN BET,1,-115,3,REG,-235,190,-1.5,Final,5.5,-105
UTA,2025-11-19T03:00Z,401802665,SJ,2025,Utah Mammoth,2,San Jose Sharks,3,-135,-135,-140,115,115,120,False,ESPN BET,1,105,4,OT,180,-225,1.5,Final/OT,6.5,-125
EDM,2025-11-20T00:00Z,401802666,WSH,2025,Edmonton Oilers,4,Washington Capitals,7,105,105,-105,-125,-125,-115,False,ESPN BET,1,105,3,REG,-250,200,-1.5,Final,6.5,-125
CGY,2025-11-20T00:30Z,401802667,BUF,2025,Calgary Flames,6,Buffalo Sabres,2,130,130,130,-150,-150,-150,False,ESPN BET,1,115,3,REG,-200,165,-1.5,Final,6.5,-135
CAR,2025-11-20T02:30Z,401802668,MIN,2025,Carolina Hurricanes,3,Minnesota Wild,4,-170,-170,-145,145,145,125,False,ESPN BET,1,110,5,SO,150,-180,1.5,Final/SO,6.5,-130
BOS,2025-11-20T03:00Z,401802669,ANA,2025,Boston Bruins,3,Anaheim Ducks,4,150,150,125,-175,-175,-145,False,ESPN BET,1,105,3,REG,-175,145,-1.5,Final,6.5,-125
CBJ,2025-11-21T00:00Z,401802670,TOR,2025,Columbus Blue Jackets,3,Toronto Maple Leafs,2,-120,-120,135,100,100,-155,False,ESPN BET,1,-105,4,OT,200,-250,1.5,Final/OT,6.5,-115
WSH,2025-11-21T00:00Z,401802671,MTL,2025,Washington Capitals,8,Montreal Canadiens,4,110,110,120,-130,-130,-140,False,ESPN BET,1,115,3,REG,-235,190,-1.5,Final,6.5,-135
NYI,2025-11-21T00:00Z,401802672,DET,2025,New York Islanders,5,Detroit Red Wings,0,105,105,125,-125,-125,-145,False,ESPN BET,1,110,3,REG,-235,190,-1.5,Final,6.5,-130
NJ,2025-11-21T00:00Z,401802674,FLA,2025,New Jersey Devils,0,Florida Panthers,1,130,130,130,-150,-150,-150,False,ESPN BET,1,-105,3,REG,-210,170,-1.5,Final,5.5,-115
STL,2025-11-21T00:00Z,401802675,PHI,2025,St. Louis Blues,2,Philadelphia Flyers,3,105,105,110,-125,-125,-130,False,ESPN BET,1,-105,4,OT,-250,200,-1.5,Final/OT,5.5,-115
EDM,2025-11-21T00:30Z,401802673,TB,2025,Edmonton Oilers,1,Tampa Bay Lightning,2,145,145,130,-170,-170,-150,False,ESPN BET,1,-110,4,OT,-175,145,-1.5,Final/OT,6.5,-110
SEA,2025-11-21T01:00Z,401802676,CHI,2025,Seattle Kraken,3,Chicago Blackhawks,2,-105,-105,100,-115,-115,-120,False,ESPN BET,1,-120,3,REG,220,-325,1.5,Final,5.5,100
NYR,2025-11-21T02:00Z,401802677,COL,2025,New York Rangers,3,Colorado Avalanche,6,160,160,165,-190,-190,-195,False,ESPN BET,1,115,3,REG,-160,135,-1.5,Final,6.5,-135
VGK,2025-11-21T02:00Z,401802678,UTA,2025,Vegas Golden Knights,4,Utah Mammoth,1,-110,-110,-115,-110,-110,-105,False,ESPN BET,1,-125,3,REG,240,-350,1.5,Final,5.5,105
DAL,2025-11-21T03:00Z,401802679,VAN,2025,Dallas Stars,4,Vancouver Canucks,2,-145,-145,-145,125,125,125,False,ESPN BET,1,100,3,REG,175,-215,1.5,Final,6.5,-120
OTT,2025-11-21T03:00Z,401802680,ANA,2025,Ottawa Senators,3,Anaheim Ducks,2,-145,-145,-125,125,125,105,False,ESPN BET,1,105,3,REG,200,-250,1.5,Final,6.5,-125
LA,2025-11-21T03:00Z,401802681,SJ,2025,Los Angeles Kings,3,San Jose Sharks,4,-170,-170,-170,145,145,145,False,ESPN BET,1,-120,5,SO,145,-180,1.5,Final/SO,5.5,100
CHI,2025-11-22T00:00Z,401802682,BUF,2025,Chicago Blackhawks,3,Buffalo Sabres,9,150,150,150,-180,-180,-175,False,ESPN BET,1,105,3,REG,-165,140,-1.5,Final,6.5,-125
MIN,2025-11-22T00:00Z,401802683,PIT,2025,Minnesota Wild,5,Pittsburgh Penguins,0,105,105,-110,-125,-125,-110,False,ESPN BET,1,-130,3,REG,-250,200,-1.5,Final,5.5,110
CAR,2025-11-22T01:00Z,401802684,WPG,2025,Carolina Hurricanes,4,Winnipeg Jets,3,-170,-170,-125,145,145,105,False,ESPN BET,1,100,3,REG,160,-200,1.5,Final,6.5,-120
BOS,2025-11-22T03:30Z,401802685,LA,2025,Boston Bruins,2,Los Angeles Kings,1,155,155,160,-185,-185,-190,False,ESPN BET,1,-120,4,OT,-175,145,-1.5,Final/OT,5.5,100
CBJ,2025-11-22T18:00Z,401802686,DET,2025,Columbus Blue Jackets,3,Detroit Red Wings,4,105,105,115,-125,-125,-135,False,ESPN BET,1,100,4,OT,-235,190,-1.5,Final/OT,6.5,-120
STL,2025-11-22T20:30Z,401802687,NYI,2025,St. Louis Blues,2,New York Islanders,1,120,120,-105,-140,-140,-115,False,ESPN BET,1,-130,3,REG,-225,180,-1.5,Final,5.5,110
TOR,2025-11-23T00:00Z,401802688,MTL,2025,Toronto Maple Leafs,2,Montreal Canadiens,5,120,120,110,-140,-140,-130,False,ESPN BET,1,105,3,REG,-215,175,-1.5,Final,6.5,-125
EDM,2025-11-23T00:00Z,401802689,FLA,2025,Edmonton Oilers,6,Florida Panthers,3,105,105,105,-125,-125,-125,False,ESPN BET,1,-125,3,REG,-235,190,-1.5,Final,5.5,105
NJ,2025-11-23T00:00Z,401802690,PHI,2025,New Jersey Devils,3,Philadelphia Flyers,6,-110,-110,-120,-110,-110,100,False,ESPN BET,1,110,3,REG,240,-350,1.5,Final,5.5,-130
SEA,2025-11-23T00:00Z,401802691,PIT,2025,Seattle Kraken,3,Pittsburgh Penguins,2,105,105,100,-125,-125,-120,False,ESPN BET,1,-130,4,OT,-235,190,-1.5,Final/OT,5.5,110
TB,2025-11-23T00:00Z,401802692,WSH,2025,Tampa Bay Lightning,5,Washington Capitals,3,100,100,-105,-120,-120,-115,False,ESPN BET,1,105,3,REG,-250,200,-1.5,Final,6.5,-125
OTT,2025-11-23T00:00Z,401802693,SJ,2025,Ottawa Senators,3,San Jose Sharks,2,-165,-165,-155,140,140,135,False,ESPN BET,1,-110,3,REG,150,-180,1.5,Final,5.5,-110
COL,2025-11-23T01:00Z,401802694,NSH,2025,Colorado Avalanche,3,Nashville Predators,0,-215,-225,-185,180,190,155,False,ESPN BET,1,105,3,REG,120,-145,1.5,Final,6.5,-125
NYR,2025-11-23T02:00Z,401802695,UTA,2025,New York Rangers,2,Utah Mammoth,3,120,120,105,-140,-140,-125,False,ESPN BET,1,-130,3,REG,-225,180,-1.5,Final,5.5,110
DAL,2025-11-23T03:00Z,401802696,CGY,2025,Dallas Stars,2,Calgary Flames,3,-135,-135,-170,115,115,145,False,ESPN BET,1,-120,5,SO,190,-235,1.5,Final/SO,5.5,100
VGK,2025-11-23T03:00Z,401802697,ANA,2025,Vegas Golden Knights,3,Anaheim Ducks,4,-150,-145,-140,130,125,120,False,ESPN BET,1,110,4,OT,175,-215,1.5,Final/OT,6.5,-130
CAR,2025-11-23T18:00Z,401802698,BUF,2025,Carolina Hurricanes,1,Buffalo Sabres,4,-195,-190,-175,165,160,150,False,ESPN BET,1,-125,3,REG,135,-160,1.5,Final,6.5,105
MIN,2025-11-23T21:00Z,401802699,WPG,2025,Minnesota Wild,3,Winnipeg Jets,0,110,110,110,-130,-130,-130,False,ESPN BET,1,-130,3,REG,-235,190,-1.5,Final,5.5,110
SEA,2025-11-23T22:00Z,401802700,NYI,2025,Seattle Kraken,0,New York Islanders,1,125,130,155,-145,-150,-185,False,ESPN BET,1,-130,5,SO,-210,170,-1.5,Final/SO,5.5,110
COL,2025-11-24T00:00Z,401802701,CHI,2025,Colorado Avalanche,1,Chicago Blackhawks,0,-215,-215,-195,180,180,165,False,ESPN BET,1,100,3,REG,125,-150,1.5,Final,6.5,-120
BOS,2025-11-24T01:00Z,401802702,SJ,2025,Boston Bruins,1,San Jose Sharks,3,-125,-125,-140,105,105,120,False,ESPN BET,1,-130,3,REG,210,-260,1.5,Final,5.5,110
CGY,2025-11-24T02:00Z,401802703,VAN,2025,Calgary Flames,5,Vancouver Canucks,2,110,115,140,-130,-135,-165,False,ESPN BET,1,-135,3,REG,-235,190,-1.5,Final,5.5,115
PHI,2025-11-25T00:00Z,401802704,TB,2025,Philadelphia Flyers,0,Tampa Bay Lightning,3,150,155,135,-175,-185,-155,False,ESPN BET,1,-130,3,REG,-180,150,-1.5,Final,5.5,110
DET,2025-11-25T00:00Z,401802705,NJ,2025,Detroit Red Wings,3,New Jersey Devils,4,110,110,125,-130,-130,-145,False,ESPN BET,1,-130,3,REG,-225,180,-1.5,Final,5.5,110
STL,2025-11-25T00:00Z,401802706,NYR,2025,St. Louis Blues,2,New York Rangers,3,120,120,115,-140,-140,-135,False,ESPN BET,1,100,3,REG,-235,190,-1.5,Final,5.5,-120
CBJ,2025-11-25T00:00Z,401802707,WSH,2025,Columbus Blue Jackets,1,Washington Capitals,5,145,145,140,-170,-170,-165,False,ESPN BET,1,100,3,REG,-180,150,-1.5,Final,6.5,-120
FLA,2025-11-25T01:00Z,401802708,NSH,2025,Florida Panthers,8,Nashville Predators,3,-135,-135,-150,115,115,130,False,ESPN BET,1,-125,3,REG,190,-235,1.5,Final,5.5,105
VGK,2025-11-25T02:00Z,401802709,UTA,2025,Vegas Golden Knights,1,Utah Mammoth,5,-110,-110,-120,-110,-110,100,False,ESPN BET,1,-130,3,REG,220,-325,1.5,Final,5.5,110
OTT,2025-11-25T02:00Z,401802710,LA,2025,Ottawa Senators,1,Los Angeles Kings,2,140,140,130,-165,-165,-150,False,ESPN BET,1,105,3,REG,-200,175,-1.5,Final,5.5,-125
DAL,2025-11-26T02:00Z,401802711,EDM,2025,Dallas Stars,8,Edmonton Oilers,3,114,114,124,-135,-135,-148,False,DraftKings,2,-130,3,REG,-205,180,-1.5,Final,5.5,110
NSH,2025-11-27T00:00Z,401802712,DET,2025,Nashville Predators,6,Detroit Red Wings,3,136,136,136,-162,-162,-162,False,DraftKings,2,114,3,REG,-198,164,-1.5,Final,6.5,-135
CGY,2025-11-27T00:00Z,401802713,TB,2025,Calgary Flames,1,Tampa Bay Lightning,5,145,145,160,-175,-175,-192,False,DraftKings,2,-125,3,REG,-175,145,-1.5,Final,5.5,
PHI,2025-11-27T00:00Z,401802714,FLA,2025,Philadelphia Flyers,4,Florida Panthers,2,154,154,142,-185,-185,-170,False,DraftKings,2,105,3,REG,-175,145,-1.5,Final,5.5,-125
STL,2025-11-27T00:00Z,401802715,NJ,2025,St. Louis Blues,2,New Jersey Devils,3,114,114,120,-135,-135,-142,False,DraftKings,2,-115,4,OT,-230,190,-1.5,Final/OT,5.5,-105
BOS,2025-11-27T00:00Z,401802716,NYI,2025,Boston Bruins,3,New York Islanders,1,135,135,140,-155,-155,-165,False,ESPN BET,1,-130,3,REG,-200,165,-1.5,Final,5.5,110
BUF,2025-11-27T00:00Z,401802717,PIT,2025,Buffalo Sabres,2,Pittsburgh Penguins,4,-105,-105,105,-115,-115,-125,False,ESPN BET,1,-105,3,REG,-325,220,-1.5,Final,6.5,-115
WPG,2025-11-27T00:00Z,401802718,WSH,2025,Winnipeg Jets,3,Washington Capitals,4,124,124,130,-148,-148,-155,False,DraftKings,2,102,3,REG,-205,170,-1.5,Final,6.5,-122
NYR,2025-11-27T00:00Z,401802719,CAR,2025,New York Rangers,4,Carolina Hurricanes,2,160,160,160,-192,-192,-192,False,DraftKings,2,-135,3,REG,-155,130,-1.5,Final,5.5,114
TOR,2025-11-27T00:00Z,401802720,CBJ,2025,Toronto Maple Leafs,2,Columbus Blue Jackets,1,-110,-110,-110,-110,-110,-110,False,DraftKings,2,-112,4,OT,-258,210,-1.5,Final/OT,6.5,-108
MIN,2025-11-27T01:30Z,401802721,CHI,2025,Minnesota Wild,4,Chicago Blackhawks,3,-135,-135,-142,114,114,114,False,DraftKings,2,-115,4,OT,,,,Final/OT,5.5,-105
SJ,2025-11-27T02:00Z,401802722,COL,2025,San Jose Sharks,0,Colorado Avalanche,6,310,310,295,-395,-395,-375,False,DraftKings,2,-105,3,REG,130,-155,-1.5,Final,6.5,-115
MTL,2025-11-27T02:30Z,401802723,UTA,2025,Montreal Canadiens,4,Utah Mammoth,3,120,120,124,-142,-142,-148,False,DraftKings,2,-135,3,REG,-205,170,-1.5,Final,5.5,114
OTT,2025-11-27T03:00Z,401802724,VGK,2025,Ottawa Senators,4,Vegas Golden Knights,3,150,150,142,-180,-180,-170,False,DraftKings,2,-115,5,SO,-175,145,-1.5,Final/SO,5.5,-105
VAN,2025-11-27T03:00Z,401802725,ANA,2025,Vancouver Canucks,5,Anaheim Ducks,4,130,130,130,-155,-155,-155,False,DraftKings,2,-148,3,REG,-180,150,-1.5,Final,6.5,124
DAL,2025-11-27T03:00Z,401802726,SEA,2025,Dallas Stars,3,Seattle Kraken,2,-130,-130,-142,110,110,114,False,DraftKings,2,-118,3,REG,200,-245,1.5,Final,5.5,-102
TB,2025-11-28T17:00Z,401802728,DET,2025,Tampa Bay Lightning,6,Detroit Red Wings,3,-130,-130,-115,110,110,-105,False,ESPN BET,1,100,3,REG,190,-235,1.5,Final,6.5,-120
NYR,2025-11-28T18:00Z,401802727,BOS,2025,New York Rangers,6,Boston Bruins,2,-180,-180,-130,150,150,114,False,DraftKings,2,-110,3,REG,150,-180,1.5,Final,5.5,-110
COL,2025-11-28T20:30Z,401802729,MIN,2025,Colorado Avalanche,2,Minnesota Wild,3,-195,-190,-175,165,160,150,False,ESPN BET,1,110,5,SO,135,-160,1.5,Final/SO,6.5,-130
NJ,2025-11-28T21:00Z,401802730,BUF,2025,New Jersey Devils,5,Buffalo Sabres,0,-108,-108,-115,-112,-112,-105,False,DraftKings,2,,3,REG,-270,220,-1.5,Final,,
CGY,2025-11-28T21:00Z,401802731,FLA,2025,Calgary Flames,5,Florida Panthers,3,154,154,160,-185,-185,-205,False,DraftKings,2,-122,3,REG,-170,142,-1.5,Final,5.5,102
PHI,2025-11-28T21:00Z,401802732,NYI,2025,Philadelphia Flyers,4,New York Islanders,3,120,120,125,-140,-140,-145,False,ESPN BET,1,-135,5,SO,-225,180,-1.5,Final/SO,5.5,115
OTT,2025-11-28T21:00Z,401802733,STL,2025,Ottawa Senators,3,St. Louis Blues,4,-115,-115,-105,-105,-105,-115,False,ESPN BET,1,-110,3,REG,215,-290,1.5,Final,5.5,-110
MTL,2025-11-28T21:00Z,401802734,VGK,2025,Montreal Canadiens,4,Vegas Golden Knights,1,165,165,165,-200,-200,-195,False,ESPN BET,1,110,3,REG,-165,140,-1.5,Final,6.5,-130
LA,2025-11-28T21:00Z,401802735,ANA,2025,Los Angeles Kings,4,Anaheim Ducks,5,-135,-135,-120,115,115,100,False,ESPN BET,1,115,5,SO,175,-215,1.5,Final/SO,6.5,-135
VAN,2025-11-28T21:00Z,401802736,SJ,2025,Vancouver Canucks,2,San Jose Sharks,3,-122,-122,-120,102,102,-108,False,DraftKings,2,-122,3,REG,195,-238,1.5,Final,6.5,102
TOR,2025-11-28T22:00Z,401802737,WSH,2025,Toronto Maple Leafs,2,Washington Capitals,4,145,145,120,-170,-170,-140,False,ESPN BET,1,120,3,REG,-190,155,-1.5,Final,6.5,-145
WPG,2025-11-28T22:00Z,401802738,CAR,2025,Winnipeg Jets,1,Carolina Hurricanes,5,164,164,164,-198,-198,-198,False,DraftKings,2,-105,3,REG,-148,124,-1.5,Final,6.5,-115
PIT,2025-11-29T00:00Z,401802739,CBJ,2025,Pittsburgh Penguins,4,Columbus Blue Jackets,3,114,114,130,-135,-135,-142,False,DraftKings,2,110,4,OT,-218,180,-1.5,Final/OT,6.5,-130
NSH,2025-11-29T01:00Z,401802740,CHI,2025,Nashville Predators,4,Chicago Blackhawks,3,-122,-122,-105,102,102,-115,False,DraftKings,2,,3,REG,,,,Final,,
UTA,2025-11-29T01:00Z,401802741,DAL,2025,Utah Mammoth,3,Dallas Stars,4,110,110,124,-130,-130,-142,False,DraftKings,2,-130,3,REG,-230,190,-1.5,Final,5.5,110
TB,2025-11-29T19:00Z,401802742,NYR,2025,Tampa Bay Lightning,4,New York Rangers,1,110,110,100,-130,-130,-120,False,ESPN BET,1,105,3,REG,-235,190,-1.5,Final,6.5,-125
MTL,2025-11-29T20:00Z,401802743,COL,2025,Montreal Canadiens,2,Colorado Avalanche,7,210,210,170,-258,-258,-218,False,DraftKings,2,100,3,REG,,,,Final,6.5,-120
EDM,2025-11-29T21:00Z,401802744,SEA,2025,Edmonton Oilers,4,Seattle Kraken,0,-155,-155,-155,130,130,130,False,DraftKings,2,-135,3,REG,164,-198,1.5,Final,5.5,114
DET,2025-11-30T00:00Z,401802745,BOS,2025,Detroit Red Wings,2,Boston Bruins,3,-155,-155,-135,130,130,114,False,DraftKings,2,-118,5,SO,170,-205,1.5,Final/SO,5.5,-102
PHI,2025-11-30T00:00Z,401802746,NJ,2025,Philadelphia Flyers,5,New Jersey Devils,3,120,120,135,-140,-140,-155,False,ESPN BET,1,100,3,REG,-235,190,-1.5,Final,5.5,-120
TOR,2025-11-30T00:00Z,401802747,PIT,2025,Toronto Maple Leafs,7,Pittsburgh Penguins,2,-108,-108,-122,-112,-112,102,False,DraftKings,2,-102,3,REG,225,-278,1.5,Final,6.5,-118
WPG,2025-11-30T00:00Z,401802748,NSH,2025,Winnipeg Jets,5,Nashville Predators,2,-135,-135,-135,114,114,114,False,DraftKings,2,114,3,REG,195,-238,1.5,Final,6.5,-135
UTA,2025-11-30T01:00Z,401802749,STL,2025,Utah Mammoth,0,St. Louis Blues,1,-130,-130,110,110,110,-130,False,ESPN BET,1,-120,3,REG,215,-290,1.5,Final,5.5,100
BUF,2025-11-30T01:00Z,401802750,MIN,2025,Buffalo Sabres,3,Minnesota Wild,2,120,120,130,-140,-140,-150,False,ESPN BET,1,105,5,SO,-225,180,-1.5,Final/SO,6.5,-125
SJ,2025-11-30T03:00Z,401802751,VGK,2025,San Jose Sharks,3,Vegas Golden Knights,4,275,275,275,-345,-345,-345,False,DraftKings,2,100,3,REG,110,-130,-1.5,Final,6.5,-120
VAN,2025-11-30T03:00Z,401802752,LA,2025,Vancouver Canucks,1,Los Angeles Kings,2,145,145,150,-170,-170,-175,False,ESPN BET,1,100,4,OT,-175,145,-1.5,Final/OT,6.5,-120
WSH,2025-11-30T18:00Z,401802753,NYI,2025,Washington Capitals,4,New York Islanders,1,-130,-130,-125,115,115,105,False,ESPN BET,1,-135,3,REG,180,-225,1.5,Final,5.5,115
ANA,2025-11-30T20:30Z,401802754,CHI,2025,Anaheim Ducks,3,Chicago Blackhawks,5,-115,-115,-130,-105,-105,110,False,ESPN BET,1,-125,3,REG,215,-290,1.5,Final,6.5,105
CGY,2025-11-30T22:00Z,401802755,CAR,2025,Calgary Flames,0,Carolina Hurricanes,1,215,215,220,-260,-260,-270,False,ESPN BET,1,110,4,OT,-120,100,-1.5,Final/OT,6.5,-130
OTT,2025-11-30T23:00Z,401802756,DAL,2025,Ottawa Senators,1,Dallas Stars,6,110,110,120,-130,-130,-142,False,DraftKings,2,,3,REG,-218,180,-1.5,Final,,
CBJ,2025-12-02T00:00Z,401802757,NJ,2025,Columbus Blue Jackets,5,New Jersey Devils,3,124,124,130,-148,-148,-155,False,DraftKings,2,105,3,REG,-205,170,-1.5,Final,6.5,-125
PIT,2025-12-02T00:00Z,401802758,PHI,2025,Pittsburgh Penguins,5,Philadelphia Flyers,1,114,114,130,-135,-135,-142,False,DraftKings,2,-130,3,REG,-218,180,-1.5,Final,5.5,110
WPG,2025-12-02T00:30Z,401802759,BUF,2025,Winnipeg Jets,1,Buffalo Sabres,5,-105,-105,-105,-115,-115,-115,False,DraftKings,2,105,3,REG,-258,210,-1.5,Final,6.5,-125
ANA,2025-12-02T01:00Z,401802760,STL,2025,Anaheim Ducks,4,St. Louis Blues,1,124,124,130,-148,-148,-155,False,DraftKings,2,-102,3,REG,-198,164,-1.5,Final,6.5,-118
UTA,2025-12-02T03:00Z,401802761,SJ,2025,Utah Mammoth,3,San Jose Sharks,6,-185,-185,-162,154,154,136,False,DraftKings,2,-122,3,REG,140,-166,1.5,Final,5.5,102
OTT,2025-12-03T00:00Z,401802762,MTL,2025,Ottawa Senators,5,Montreal Canadiens,2,-125,-125,-105,105,105,-115,False,DraftKings,1,-125,3,REG,195,-238,1.5,Final,5.5,105
BOS,2025-12-03T00:00Z,401802763,DET,2025,Boston Bruins,4,Detroit Red Wings,5,160,160,154,-192,-192,-185,False,DraftKings,1,-120,3,REG,-162,136,-1.5,Final,5.5,100
TB,2025-12-03T00:00Z,401802765,NYI,2025,Tampa Bay Lightning,1,New York Islanders,2,-122,-122,-135,102,102,114,False,DraftKings,1,-130,3,REG,195,-238,1.5,Final,5.5,110
DAL,2025-12-03T00:00Z,401802766,NYR,2025,Dallas Stars,2,New York Rangers,3,-125,-125,-120,105,105,100,False,DraftKings,1,-110,4,OT,225,-278,1.5,Final/OT,5.5,-110
TOR,2025-12-03T00:30Z,401802764,FLA,2025,Toronto Maple Leafs,4,Florida Panthers,1,142,142,130,-170,-170,-155,False,DraftKings,1,-108,3,REG,-175,145,-1.5,Final,6.5,-112
CGY,2025-12-03T01:00Z,401802767,NSH,2025,Calgary Flames,1,Nashville Predators,5,105,105,105,-125,-125,-125,False,DraftKings,1,-125,3,REG,-250,205,-1.5,Final,5.5,105
VAN,2025-12-03T02:00Z,401802768,COL,2025,Vancouver Canucks,1,Colorado Avalanche,3,280,280,240,-355,-355,-298,False,DraftKings,1,-122,3,REG,120,-142,-1.5,Final,6.5,102
MIN,2025-12-03T02:00Z,401802769,EDM,2025,Minnesota Wild,1,Edmonton Oilers,0,124,124,142,-148,-148,-170,False,DraftKings,1,110,3,REG,-205,170,-1.5,Final,6.5,-130
CHI,2025-12-03T03:00Z,401802770,VGK,2025,Chicago Blackhawks,3,Vegas Golden Knights,4,225,225,235,-278,-278,-290,False,DraftKings,1,-135,5,SO,-115,-105,-1.5,Final/SO,5.5,114
WSH,2025-12-03T03:30Z,401802771,LA,2025,Washington Capitals,3,Los Angeles Kings,1,100,100,105,-120,-120,-125,False,DraftKings,1,102,3,REG,-265,215,-1.5,Final,5.5,-122
DAL,2025-12-04T00:00Z,401802772,NJ,2025,Dallas Stars,3,New Jersey Devils,0,-105,-105,-105,-115,-115,-115,False,DraftKings,1,-130,3,REG,-250,205,-1.5,Final,5.5,110
WPG,2025-12-04T00:30Z,401802773,MTL,2025,Winnipeg Jets,2,Montreal Canadiens,3,-135,-135,-110,114,114,-105,False,DraftKings,1,100,5,SO,195,-238,1.5,Final/SO,6.5,-120
BUF,2025-12-04T00:30Z,401802774,PHI,2025,Buffalo Sabres,2,Philadelphia Flyers,5,-125,-125,114,105,105,-135,False,DraftKings,1,102,3,REG,200,-245,1.5,Final,6.5,-122
UTA,2025-12-04T03:00Z,401802775,ANA,2025,Utah Mammoth,7,Anaheim Ducks,0,-112,-112,-108,-108,-108,-112,False,DraftKings,1,-115,3,REG,215,-265,1.5,Final,6.5,-105
WSH,2025-12-04T03:00Z,401802776,SJ,2025,Washington Capitals,7,San Jose Sharks,1,-148,-148,-185,124,124,154,False,DraftKings,1,110,3,REG,170,-205,1.5,Final,6.5,-130
STL,2025-12-05T00:00Z,401802777,BOS,2025,St. Louis Blues,2,Boston Bruins,5,-142,-142,-135,120,120,114,False,DraftKings,1,-105,3,REG,180,-218,1.5,Final,5.5,-115
NYR,2025-12-05T00:00Z,401802778,OTT,2025,New York Rangers,4,Ottawa Senators,2,114,114,130,-135,-135,-155,False,DraftKings,1,-120,3,REG,-230,190,-1.5,Final,5.5,100
PIT,2025-12-05T00:00Z,401802779,TB,2025,Pittsburgh Penguins,4,Tampa Bay Lightning,3,130,130,180,-155,-155,-218,False,DraftKings,1,-105,3,REG,-180,150,-1.5,Final,6.5,-115
NSH,2025-12-05T00:00Z,401802780,FLA,2025,Nashville Predators,2,Florida Panthers,1,154,154,185,-185,-185,-225,False,DraftKings,1,120,4,OT,-162,136,-1.5,Final/OT,6.5,-142
COL,2025-12-05T00:00Z,401802781,NYI,2025,Colorado Avalanche,3,New York Islanders,6,-185,-185,-192,154,154,160,False,DraftKings,1,114,3,REG,136,-162,1.5,Final,6.5,-135
TOR,2025-12-05T00:00Z,401802782,CAR,2025,Toronto Maple Leafs,5,Carolina Hurricanes,1,170,170,170,-205,-205,-205,False,DraftKings,1,105,3,REG,-142,120,-1.5,Final,6.5,-125
DET,2025-12-05T00:30Z,401802783,CBJ,2025,Detroit Red Wings,5,Columbus Blue Jackets,6,100,100,105,-120,-120,-125,False,DraftKings,1,-120,5,SO,-250,205,-1.5,Final/SO,6.5,100
MIN,2025-12-05T02:00Z,401802784,CGY,2025,Minnesota Wild,1,Calgary Flames,4,-122,-122,-115,102,102,-105,False,DraftKings,1,-108,3,REG,205,-250,1.5,Final,5.5,-112
SEA,2025-12-05T02:00Z,401802785,EDM,2025,Seattle Kraken,4,Edmonton Oilers,9,164,164,195,-198,-198,-238,False,DraftKings,1,-130,3,REG,-162,136,-1.5,Final,5.5,110
CHI,2025-12-05T03:00Z,401802786,LA,2025,Chicago Blackhawks,2,Los Angeles Kings,1,164,164,195,-198,-198,-238,False,DraftKings,1,-105,3,REG,-155,130,-1.5,Final,5.5,-115
VGK,2025-12-06T00:00Z,401802787,NJ,2025,Vegas Golden Knights,3,New Jersey Devils,0,-142,-142,-130,120,120,110,False,DraftKings,1,-115,3,REG,190,-230,1.5,Final,5.5,-105
BUF,2025-12-06T00:00Z,401802788,WPG,2025,Buffalo Sabres,1,Winnipeg Jets,4,105,105,120,-125,-125,-142,False,DraftKings,1,-105,3,REG,-230,190,-1.5,Final,6.5,-115
SJ,2025-12-06T01:00Z,401802789,DAL,2025,San Jose Sharks,1,Dallas Stars,4,225,225,245,-278,-278,-305,False,DraftKings,1,110,3,REG,-115,-105,-1.5,Final,6.5,-130
UTA,2025-12-06T02:00Z,401802790,VAN,2025,Utah Mammoth,4,Vancouver Canucks,1,-135,-135,-130,114,114,110,False,DraftKings,1,114,3,REG,190,-230,1.5,Final,6.5,-135
WSH,2025-12-06T03:00Z,401802791,ANA,2025,Washington Capitals,3,Anaheim Ducks,4,-135,-135,-130,114,114,110,False,DraftKings,1,-115,5,SO,180,-218,1.5,Final/SO,6.5,-105
COL,2025-12-06T17:30Z,401802792,NYR,2025,Colorado Avalanche,3,New York Rangers,2,-175,-175,-170,145,145,142,False,DraftKings,1,114,4,OT,142,-170,1.5,Final/OT,6.5,-135
CBJ,2025-12-06T20:30Z,401802793,FLA,2025,Columbus Blue Jackets,6,Florida Panthers,7,136,136,154,-162,-162,-185,False,DraftKings,1,110,4,OT,-170,142,-1.5,Final/OT,6.5,-130
NJ,2025-12-07T00:00Z,401802794,BOS,2025,New Jersey Devils,1,Boston Bruins,4,-120,-120,-115,100,100,-105,False,DraftKings,1,-105,3,REG,210,-258,1.5,Final,5.5,-115
MTL,2025-12-07T00:00Z,401802795,TOR,2025,Montreal Canadiens,2,Toronto Maple Leafs,1,120,120,114,-142,-142,-135,False,DraftKings,1,-115,5,SO,-218,180,-1.5,Final/SO,6.5,-105
STL,2025-12-07T00:00Z,401802796,OTT,2025,St. Louis Blues,2,Ottawa Senators,1,130,130,130,-155,-155,-155,False,DraftKings,1,-110,3,REG,-205,170,-1.5,Final,5.5,-110
NYI,2025-12-07T00:00Z,401802797,TB,2025,New York Islanders,2,Tampa Bay Lightning,0,120,120,160,-142,-142,-192,False,DraftKings,1,110,3,REG,-192,160,-1.5,Final,6.5,-130
NSH,2025-12-07T00:00Z,401802798,CAR,2025,Nashville Predators,3,Carolina Hurricanes,6,185,185,200,-225,-225,-245,False,DraftKings,1,-135,3,REG,-130,110,-1.5,Final,5.5,114
UTA,2025-12-07T00:00Z,401802799,CGY,2025,Utah Mammoth,0,Calgary Flames,2,114,114,-105,-135,-135,-115,False,DraftKings,1,-122,3,REG,-230,190,-1.5,Final,5.5,102
CHI,2025-12-07T02:00Z,401802800,LA,2025,Chicago Blackhawks,0,Los Angeles Kings,6,164,164,180,-198,-198,-218,False,DraftKings,1,-105,3,REG,-162,136,-1.5,Final,5.5,-115
WPG,2025-12-07T03:00Z,401802801,EDM,2025,Winnipeg Jets,2,Edmonton Oilers,6,160,160,170,-192,-192,-205,False,DraftKings,1,-105,3,REG,-155,130,-1.5,Final,6.5,-115
MIN,2025-12-07T03:00Z,401802802,VAN,2025,Minnesota Wild,2,Vancouver Canucks,4,-162,-162,-130,136,136,110,False,DraftKings,1,-130,3,REG,170,-205,1.5,Final,5.5,110
DET,2025-12-07T03:00Z,401802803,SEA,2025,Detroit Red Wings,4,Seattle Kraken,3,-120,-120,-115,100,100,-105,False,DraftKings,1,-130,3,REG,205,-250,1.5,Final,5.5,110
COL,2025-12-07T18:00Z,401802804,PHI,2025,Colorado Avalanche,3,Philadelphia Flyers,2,-162,-162,-162,136,136,136,False,DraftKings,1,105,3,REG,154,-185,1.5,Final,6.5,-125
NYI,2025-12-07T22:00Z,401802805,FLA,2025,New York Islanders,1,Florida Panthers,4,136,136,142,-162,-162,-170,False,DraftKings,1,114,3,REG,-180,150,-1.5,Final,6.5,-135
SJ,2025-12-07T22:00Z,401802806,CAR,2025,San Jose Sharks,4,Carolina Hurricanes,1,270,270,235,-340,-340,-290,False,DraftKings,1,110,3,REG,102,-122,-1.5,Final,6.5,-130
PIT,2025-12-07T23:00Z,401802807,DAL,2025,Pittsburgh Penguins,2,Dallas Stars,3,150,150,185,-180,-180,-225,False,DraftKings,1,-135,5,SO,-175,145,-1.5,Final/SO,5.5,114
STL,2025-12-08T00:00Z,401802808,MTL,2025,St. Louis Blues,4,Montreal Canadiens,3,110,110,114,-130,-130,-135,False,DraftKings,1,-110,3,REG,-225,185,-1.5,Final,5.5,-110
VGK,2025-12-08T00:00Z,401802809,NYR,2025,Vegas Golden Knights,3,New York Rangers,2,-175,-175,-148,145,145,124,False,DraftKings,1,-135,4,OT,154,-185,1.5,Final/OT,5.5,114
CBJ,2025-12-08T00:00Z,401802810,WSH,2025,Columbus Blue Jackets,0,Washington Capitals,2,150,150,170,-180,-180,-205,False,DraftKings,1,100,3,REG,-162,136,-1.5,Final,6.5,-120
CHI,2025-12-08T01:00Z,401802811,ANA,2025,Chicago Blackhawks,1,Anaheim Ducks,7,164,164,180,-198,-198,-218,False,DraftKings,1,-135,3,REG,-155,130,-1.5,Final,6.5,114
TB,2025-12-09T00:30Z,401802812,TOR,2025,Tampa Bay Lightning,0,Toronto Maple Leafs,2,-130,-130,102,110,110,-122,False,DraftKings,1,-112,3,REG,190,-230,1.5,Final,6.5,-108
LA,2025-12-09T02:00Z,401802813,UTA,2025,Los Angeles Kings,4,Utah Mammoth,2,-112,-112,-102,-108,-108,-118,False,DraftKings,1,-102,3,REG,-285,230,-1.5,Final,5.5,-118
BUF,2025-12-09T02:00Z,401802814,CGY,2025,Buffalo Sabres,4,Calgary Flames,7,-110,-110,-105,-110,-110,-115,False,DraftKings,1,110,3,REG,-270,220,-1.5,Final,6.5,-130
DET,2025-12-09T03:00Z,401802815,VAN,2025,Detroit Red Wings,4,Vancouver Canucks,0,-130,-130,-125,110,110,105,False,DraftKings,1,-105,3,REG,195,-238,1.5,Final,6.5,-115
MIN,2025-12-09T03:00Z,401802816,SEA,2025,Minnesota Wild,4,Seattle Kraken,1,-135,-135,-130,114,114,110,False,DraftKings,1,100,3,REG,190,-230,1.5,Final,5.5,-120
TB,2025-12-10T00:00Z,401802817,MTL,2025,Tampa Bay Lightning,6,Montreal Canadiens,1,-112,-112,110,-108,-108,-130,False,DraftKings,1,-105,3,REG,-278,225,-1.5,Final,6.5,-115
NJ,2025-12-10T00:00Z,401802818,OTT,2025,New Jersey Devils,4,Ottawa Senators,3,130,130,120,-155,-155,-142,False,DraftKings,1,-110,3,REG,-205,170,-1.5,Final,5.5,-110
VGK,2025-12-10T00:00Z,401802819,NYI,2025,Vegas Golden Knights,4,New York Islanders,5,-155,-155,-142,130,130,120,False,DraftKings,1,-108,5,SO,170,-205,1.5,Final/SO,5.5,-112
SJ,2025-12-10T00:00Z,401802820,PHI,2025,San Jose Sharks,1,Philadelphia Flyers,4,150,150,154,-180,-180,-185,False,DraftKings,1,-135,3,REG,-175,145,-1.5,Final,5.5,114
ANA,2025-12-10T00:00Z,401802821,PIT,2025,Anaheim Ducks,4,Pittsburgh Penguins,3,-112,-112,-110,-108,-108,-110,False,DraftKings,1,-120,5,SO,-270,220,-1.5,Final/SO,6.5,100
CBJ,2025-12-10T00:30Z,401802822,CAR,2025,Columbus Blue Jackets,1,Carolina Hurricanes,4,180,180,180,-218,-218,-218,False,DraftKings,1,-112,3,REG,-135,114,-1.5,Final,6.5,-108
BOS,2025-12-10T01:00Z,401802823,STL,2025,Boston Bruins,5,St. Louis Blues,2,105,105,136,-125,-125,-162,False,DraftKings,1,-108,3,REG,-245,200,-1.5,Final,5.5,-112
DAL,2025-12-10T01:00Z,401802824,WPG,2025,Dallas Stars,4,Winnipeg Jets,3,-148,-148,-122,124,124,102,False,DraftKings,1,-130,3,REG,170,-205,1.5,Final,5.5,110
BUF,2025-12-10T02:00Z,401802825,EDM,2025,Buffalo Sabres,4,Edmonton Oilers,3,170,170,180,-205,-205,-218,False,DraftKings,1,-130,4,OT,-135,114,-1.5,Final/OT,6.5,110
COL,2025-12-10T02:30Z,401802826,NSH,2025,Colorado Avalanche,3,Nashville Predators,4,-205,-205,-218,170,170,180,False,DraftKings,1,114,5,SO,120,-142,1.5,Final/SO,6.5,-135
NYR,2025-12-11T00:30Z,401802827,CHI,2025,New York Rangers,0,Chicago Blackhawks,3,-148,-148,-135,124,124,114,False,DraftKings,1,-130,3,REG,170,-205,1.5,Final,5.5,110
DET,2025-12-11T01:30Z,401802828,CGY,2025,Detroit Red Wings,4,Calgary Flames,3,-115,-115,-110,-105,-105,-110,False,DraftKings,1,110,3,REG,225,-278,1.5,Final,6.5,-130
FLA,2025-12-11T02:00Z,401802829,UTA,2025,Florida Panthers,4,Utah Mammoth,3,-115,-115,-110,-105,-105,-110,False,DraftKings,1,-118,3,REG,225,-278,1.5,Final,5.5,-102
LA,2025-12-11T03:00Z,401802830,SEA,2025,Los Angeles Kings,2,Seattle Kraken,3,-148,-148,-142,124,124,120,False,DraftKings,1,102,4,OT,170,-205,1.5,Final/OT,5.5,-122
SJ,2025-12-12T00:00Z,401802831,TOR,2025,San Jose Sharks,3,Toronto Maple Leafs,2,170,170,170,-205,-205,-205,False,DraftKings,1,114,4,OT,-155,130,-1.5,Final/OT,6.5,-135
TB,2025-12-12T00:00Z,401802832,NJ,2025,Tampa Bay Lightning,8,New Jersey Devils,4,-135,-135,-110,114,114,-110,False,DraftKings,1,-135,3,REG,185,-225,1.5,Final,5.5,114
ANA,2025-12-12T00:00Z,401802833,NYI,2025,Anaheim Ducks,2,New York Islanders,5,-105,-105,110,-115,-115,-130,False,DraftKings,1,-122,3,REG,-245,200,-1.5,Final,6.5,102
VGK,2025-12-12T00:00Z,401802834,PHI,2025,Vegas Golden Knights,3,Philadelphia Flyers,2,-162,-162,-148,136,136,124,False,DraftKings,1,-115,4,OT,164,-198,1.5,Final/OT,5.5,-105
CAR,2025-12-12T00:00Z,401802836,WSH,2025,Carolina Hurricanes,3,Washington Capitals,2,-115,-115,-110,-105,-105,-110,False,DraftKings,1,-122,5,SO,215,-265,1.5,Final/SO,5.5,102
OTT,2025-12-12T00:00Z,401802837,CBJ,2025,Ottawa Senators,6,Columbus Blue Jackets,3,-130,-130,-120,110,110,100,False,DraftKings,1,-110,3,REG,190,-230,1.5,Final,6.5,-110
MTL,2025-12-12T00:30Z,401802835,PIT,2025,Montreal Canadiens,4,Pittsburgh Penguins,2,114,114,-110,-135,-135,-110,False,DraftKings,1,105,3,REG,-238,195,-1.5,Final,6.5,-125
STL,2025-12-12T01:00Z,401802838,NSH,2025,St. Louis Blues,2,Nashville Predators,7,114,114,-110,-135,-135,-110,False,DraftKings,1,-112,3,REG,-230,190,-1.5,Final,5.5,-108
DAL,2025-12-12T01:00Z,401802839,MIN,2025,Dallas Stars,2,Minnesota Wild,5,-130,-130,-120,110,110,100,False,DraftKings,1,-105,3,REG,195,-238,1.5,Final,5.5,-115
BOS,2025-12-12T01:00Z,401802840,WPG,2025,Boston Bruins,6,Winnipeg Jets,3,130,130,136,-155,-155,-162,False,DraftKings,1,114,3,REG,-205,170,-1.5,Final,6.5,-135
DET,2025-12-12T02:00Z,401802842,EDM,2025,Detroit Red Wings,1,Edmonton Oilers,4,154,154,170,-185,-185,-205,False,DraftKings,1,-125,3,REG,-162,136,-1.5,Final,6.5,105
FLA,2025-12-12T02:30Z,401802841,COL,2025,Florida Panthers,2,Colorado Avalanche,6,195,195,180,-238,-238,-218,False,DraftKings,1,-102,3,REG,-130,110,-1.5,Final,6.5,-118
BUF,2025-12-12T03:00Z,401802843,VAN,2025,Buffalo Sabres,3,Vancouver Canucks,2,-115,-115,-120,-105,-105,100,False,DraftKings,1,110,3,REG,210,-258,1.5,Final,6.5,-130
CHI,2025-12-13T01:00Z,401802844,STL,2025,Chicago Blackhawks,2,St. Louis Blues,3,-115,-115,124,-105,-105,-148,False,DraftKings,1,-112,3,REG,225,-278,1.5,Final,5.5,-108
SEA,2025-12-13T02:00Z,401802845,UTA,2025,Seattle Kraken,3,Utah Mammoth,5,160,160,154,-192,-192,-185,False,DraftKings,1,-110,3,REG,-162,136,-1.5,Final,5.5,-110
ANA,2025-12-13T17:30Z,401802846,NJ,2025,Anaheim Ducks,1,New Jersey Devils,4,-110,-110,120,-110,-110,-142,False,DraftKings,1,-118,3,REG,-258,210,-1.5,Final,6.5,-102
OTT,2025-12-13T19:00Z,401802847,MIN,2025,Ottawa Senators,2,Minnesota Wild,3,100,100,-110,-120,-120,-110,False,DraftKings,1,-130,3,REG,-265,215,-1.5,Final,5.5,110
SJ,2025-12-13T20:00Z,401802848,PIT,2025,San Jose Sharks,6,Pittsburgh Penguins,5,150,150,136,-180,-180,-162,False,DraftKings,1,105,4,OT,-175,145,-1.5,Final/OT,6.5,-125
TB,2025-12-13T20:30Z,401802849,NYI,2025,Tampa Bay Lightning,2,New York Islanders,3,-130,-130,-130,110,110,110,False,DraftKings,1,-135,5,SO,185,-225,1.5,Final/SO,5.5,114
EDM,2025-12-14T00:00Z,401802850,TOR,2025,Edmonton Oilers,6,Toronto Maple Leafs,3,-130,-130,-110,110,110,-110,False,DraftKings,1,-102,3,REG,200,-245,1.5,Final,6.5,-118
MTL,2025-12-14T00:00Z,401802851,NYR,2025,Montreal Canadiens,4,New York Rangers,5,114,114,105,-135,-135,-125,False,DraftKings,1,-112,4,OT,-218,180,-1.5,Final/OT,5.5,-108
CAR,2025-12-14T00:00Z,401802852,PHI,2025,Carolina Hurricanes,4,Philadelphia Flyers,3,-180,-180,-148,150,150,124,False,DraftKings,1,-135,5,SO,145,-175,1.5,Final/SO,5.5,114
VGK,2025-12-14T00:00Z,401802853,CBJ,2025,Vegas Golden Knights,3,Columbus Blue Jackets,2,-142,-142,-142,120,120,120,False,DraftKings,1,105,3,REG,164,-198,1.5,Final,6.5,-125
WSH,2025-12-14T00:00Z,401802854,WPG,2025,Washington Capitals,1,Winnipeg Jets,5,-120,-120,-125,100,100,105,False,DraftKings,1,-105,3,REG,215,-265,1.5,Final,5.5,-115
DET,2025-12-14T01:00Z,401802855,CHI,2025,Detroit Red Wings,4,Chicago Blackhawks,0,-192,-192,-175,160,160,145,False,DraftKings,1,105,3,REG,130,-155,1.5,Final,6.5,-125
FLA,2025-12-14T01:00Z,401802856,DAL,2025,Florida Panthers,4,Dallas Stars,0,120,120,120,-142,-142,-142,False,DraftKings,1,-125,3,REG,-205,170,-1.5,Final,5.5,105
NSH,2025-12-14T02:00Z,401802857,COL,2025,Nashville Predators,2,Colorado Avalanche,4,295,295,245,-375,-375,-305,False,DraftKings,1,-108,3,REG,120,-142,-1.5,Final,6.5,-112
CGY,2025-12-14T03:00Z,401802858,LA,2025,Calgary Flames,2,Los Angeles Kings,1,145,145,164,-175,-175,-198,False,DraftKings,1,124,4,OT,-180,150,-1.5,Final/OT,5.5,-148
VAN,2025-12-14T17:30Z,401802859,NJ,2025,Vancouver Canucks,2,New Jersey Devils,1,105,105,130,-125,-125,-155,False,DraftKings,1,-122,3,REG,-245,200,-1.5,Final,5.5,102
UTA,2025-12-14T20:00Z,401802860,PIT,2025,Utah Mammoth,5,Pittsburgh Penguins,4,-130,-130,-142,110,110,120,False,DraftKings,1,105,4,OT,180,-218,1.5,Final/OT,6.5,-125
PHI,2025-12-14T22:00Z,401802861,CAR,2025,Philadelphia Flyers,2,Carolina Hurricanes,3,205,205,195,-250,-250,-238,False,DraftKings,1,-118,5,SO,-125,105,-1.5,Final/SO,5.5,-102
BOS,2025-12-14T23:00Z,401802862,MIN,2025,Boston Bruins,2,Minnesota Wild,6,110,110,130,-130,-130,-155,False,DraftKings,1,-118,3,REG,-230,190,-1.5,Final,5.5,-102
EDM,2025-12-15T00:00Z,401802863,MTL,2025,Edmonton Oilers,1,Montreal Canadiens,4,-135,-135,-125,114,114,105,False,DraftKings,1,-122,3,REG,180,-218,1.5,Final,6.5,102
BUF,2025-12-15T01:00Z,401802864,SEA,2025,Buffalo Sabres,3,Seattle Kraken,1,-130,-130,-120,110,110,100,False,DraftKings,1,-135,3,REG,200,-245,1.5,Final,5.5,114
FLA,2025-12-16T00:00Z,401802865,TB,2025,Florida Panthers,5,Tampa Bay Lightning,2,100,100,110,-120,-120,-130,False,DraftKings,1,-115,3,REG,-245,200,-1.5,Final,5.5,-105
ANA,2025-12-16T00:00Z,401802866,NYR,2025,Anaheim Ducks,4,New York Rangers,1,-108,-108,110,-112,-112,-130,False,DraftKings,1,105,3,REG,-245,200,-1.5,Final,6.5,-125
OTT,2025-12-16T00:30Z,401802867,WPG,2025,Ottawa Senators,3,Winnipeg Jets,2,110,110,105,-130,-130,-125,False,DraftKings,1,-112,4,OT,-230,190,-1.5,Final/OT,5.5,-108
NSH,2025-12-16T01:00Z,401802868,STL,2025,Nashville Predators,5,St. Louis Blues,2,-110,-110,114,-110,-110,-135,False,DraftKings,1,-115,3,REG,-270,220,-1.5,Final,5.5,-105
LA,2025-12-16T01:00Z,401802869,DAL,2025,Los Angeles Kings,1,Dallas Stars,4,114,114,120,-135,-135,-142,False,DraftKings,1,114,3,REG,-230,190,-1.5,Final,5.5,-135
UTA,2025-12-17T00:00Z,401802870,BOS,2025,Utah Mammoth,1,Boston Bruins,4,-108,-108,-115,-112,-112,-105,False,DraftKings,1,-135,3,REG,-270,220,-1.5,Final,5.5,114
CHI,2025-12-17T00:00Z,401802871,TOR,2025,Chicago Blackhawks,2,Toronto Maple Leafs,3,170,170,195,-205,-205,-238,False,DraftKings,1,-120,3,REG,-155,130,-1.5,Final,5.5,100
PHI,2025-12-17T00:00Z,401802872,MTL,2025,Philadelphia Flyers,4,Montreal Canadiens,1,100,100,120,-120,-120,-142,False,DraftKings,1,-118,3,REG,-245,200,-1.5,Final,5.5,-102
NYI,2025-12-17T00:00Z,401802873,DET,2025,New York Islanders,2,Detroit Red Wings,3,105,105,120,-125,-125,-142,False,DraftKings,1,-135,3,REG,-230,190,-1.5,Final,5.5,114
VAN,2025-12-17T00:00Z,401802874,NYR,2025,Vancouver Canucks,3,New York Rangers,0,102,102,120,-122,-122,-142,False,DraftKings,1,-115,3,REG,-250,205,-1.5,Final,5.5,-105
ANA,2025-12-17T00:00Z,401802876,CBJ,2025,Anaheim Ducks,3,Columbus Blue Jackets,4,120,120,110,-142,-142,-130,False,DraftKings,1,-130,4,OT,-198,164,-1.5,Final/OT,6.5,110
EDM,2025-12-17T00:30Z,401802875,PIT,2025,Edmonton Oilers,6,Pittsburgh Penguins,4,-142,-142,-148,120,120,124,False,DraftKings,1,-108,3,REG,170,-205,1.5,Final,6.5,-112
WSH,2025-12-17T01:00Z,401802877,MIN,2025,Washington Capitals,0,Minnesota Wild,5,-105,-105,-110,-115,-115,-110,False,DraftKings,1,-135,3,REG,-265,215,-1.5,Final,5.5,114
CGY,2025-12-17T03:00Z,401802878,SJ,2025,Calgary Flames,3,San Jose Sharks,6,-155,-155,-135,130,130,114,False,DraftKings,1,-125,3,REG,170,-205,1.5,Final,5.5,105
COL,2025-12-17T03:00Z,401802879,SEA,2025,Colorado Avalanche,5,Seattle Kraken,3,-325,-325,-230,260,260,190,False,DraftKings,1,-135,3,REG,-125,105,1.5,Final,5.5,114
LA,2025-12-18T00:00Z,401802880,FLA,2025,Los Angeles Kings,2,Florida Panthers,3,124,124,114,-148,-148,-135,False,DraftKings,1,-110,3,REG,-205,170,-1.5,Final,5.5,-110
UTA,2025-12-18T00:30Z,401802881,DET,2025,Utah Mammoth,4,Detroit Red Wings,1,100,100,105,-120,-120,-125,False,DraftKings,1,-135,3,REG,-238,195,-1.5,Final,5.5,114
WPG,2025-12-18T01:00Z,401802882,STL,2025,Winnipeg Jets,0,St. Louis Blues,1,-155,-155,-135,130,130,114,False,DraftKings,1,-112,3,REG,170,-205,1.5,Final,5.5,-108
CAR,2025-12-18T01:00Z,401802883,NSH,2025,Carolina Hurricanes,4,Nashville Predators,1,-180,-180,-180,150,150,150,False,DraftKings,1,-130,3,REG,140,-166,1.5,Final,5.5,110
NJ,2025-12-18T03:00Z,401802884,VGK,2025,New Jersey Devils,2,Vegas Golden Knights,1,140,140,150,-166,-166,-180,False,DraftKings,1,110,5,SO,-192,160,-1.5,Final/SO,5.5,-130
EDM,2025-12-19T00:00Z,401802885,BOS,2025,Edmonton Oilers,3,Boston Bruins,1,-135,-135,-142,114,114,120,False,DraftKings,1,-108,3,REG,170,-205,1.5,Final,6.5,-112
CHI,2025-12-19T00:00Z,401802887,MTL,2025,Chicago Blackhawks,1,Montreal Canadiens,4,145,145,180,-175,-175,-218,False,DraftKings,1,-115,3,REG,-180,150,-1.5,Final,5.5,-105
PIT,2025-12-19T00:00Z,401802888,OTT,2025,Pittsburgh Penguins,0,Ottawa Senators,4,142,142,154,-170,-170,-185,False,DraftKings,1,-108,3,REG,-175,145,-1.5,Final,6.5,-112
LA,2025-12-19T00:00Z,401802889,TB,2025,Los Angeles Kings,2,Tampa Bay Lightning,1,190,190,154,-230,-230,-185,False,DraftKings,1,-102,3,REG,-142,120,-1.5,Final,5.5,-118
TOR,2025-12-19T00:00Z,401802890,WSH,2025,Toronto Maple Leafs,0,Washington Capitals,4,130,130,136,-155,-155,-162,False,DraftKings,1,-130,3,REG,-205,170,-1.5,Final,5.5,110
MIN,2025-12-19T00:00Z,401802891,CBJ,2025,Minnesota Wild,5,Columbus Blue Jackets,2,-112,-112,-110,-108,-108,-110,False,DraftKings,1,100,3,REG,210,-258,1.5,Final,6.5,-120
PHI,2025-12-19T00:30Z,401802886,BUF,2025,Philadelphia Flyers,3,Buffalo Sabres,5,130,130,105,-155,-155,-125,False,DraftKings,1,-135,3,REG,-198,164,-1.5,Final,5.5,114
NYR,2025-12-19T01:00Z,401802892,STL,2025,New York Rangers,2,St. Louis Blues,1,-142,-142,-130,120,120,110,False,DraftKings,1,110,4,OT,190,-230,1.5,Final/OT,5.5,-130
SEA,2025-12-19T02:00Z,401802893,CGY,2025,Seattle Kraken,2,Calgary Flames,4,145,145,136,-175,-175,-162,False,DraftKings,1,-118,3,REG,-185,154,-1.5,Final,5.5,-102
DAL,2025-12-19T03:00Z,401802894,SJ,2025,Dallas Stars,5,San Jose Sharks,3,-198,-198,-218,164,164,180,False,DraftKings,1,-135,3,REG,130,-155,1.5,Final,5.5,114
CAR,2025-12-20T00:00Z,401802895,FLA,2025,Carolina Hurricanes,3,Florida Panthers,4,-135,-135,-115,114,114,-105,False,DraftKings,1,-125,5,SO,185,-225,1.5,Final/SO,5.5,105
VAN,2025-12-20T00:00Z,401802896,NYI,2025,Vancouver Canucks,4,New York Islanders,1,120,120,120,-142,-142,-142,False,DraftKings,1,110,3,REG,-230,190,-1.5,Final,5.5,-130
WPG,2025-12-20T02:00Z,401802897,COL,2025,Winnipeg Jets,2,Colorado Avalanche,3,180,180,190,-218,-218,-230,False,DraftKings,1,114,3,REG,-142,120,-1.5,Final,6.5,-135
NJ,2025-12-20T02:00Z,401802898,UTA,2025,New Jersey Devils,2,Utah Mammoth,1,120,120,110,-142,-142,-130,False,DraftKings,1,-120,3,REG,-230,190,-1.5,Final,5.5,100
DAL,2025-12-20T03:00Z,401802899,ANA,2025,Dallas Stars,8,Anaheim Ducks,3,-108,-108,-118,-112,-112,-102,False,DraftKings,1,-102,3,REG,235,-290,1.5,Final,6.5,-118
PHI,2025-12-20T17:30Z,401802900,NYR,2025,Philadelphia Flyers,4,New York Rangers,5,130,130,120,-155,-155,-142,False,DraftKings,1,-105,5,SO,-205,170,-1.5,Final/SO,5.5,-115
DET,2025-12-20T17:30Z,401802901,WSH,2025,Detroit Red Wings,5,Washington Capitals,2,136,136,150,-162,-162,-180,False,DraftKings,1,-120,3,REG,-192,160,-1.5,Final,5.5,100
CHI,2025-12-20T20:00Z,401802902,OTT,2025,Chicago Blackhawks,4,Ottawa Senators,6,225,225,215,-278,-278,-265,False,DraftKings,1,-122,3,REG,-118,-102,-1.5,Final,5.5,102
EDM,2025-12-20T20:00Z,401802903,MIN,2025,Edmonton Oilers,2,Minnesota Wild,5,114,114,-105,-135,-135,-115,False,DraftKings,1,-115,3,REG,-230,190,-1.5,Final,6.5,-105
NYI,2025-12-20T22:00Z,401802904,BUF,2025,New York Islanders,2,Buffalo Sabres,3,142,142,130,-170,-170,-155,False,DraftKings,1,105,5,SO,-175,145,-1.5,Final/SO,6.5,-125
STL,2025-12-20T23:00Z,401802905,FLA,2025,St. Louis Blues,6,Florida Panthers,2,150,150,160,-180,-180,-192,False,DraftKings,1,-115,3,REG,-175,145,-1.5,Final,5.5,-105
VAN,2025-12-21T00:00Z,401802906,BOS,2025,Vancouver Canucks,5,Boston Bruins,4,154,154,136,-185,-185,-162,False,DraftKings,1,-125,5,SO,-175,145,-1.5,Final/SO,5.5,105
PIT,2025-12-21T00:00Z,401802907,MTL,2025,Pittsburgh Penguins,0,Montreal Canadiens,4,110,110,130,-130,-130,-155,False,DraftKings,1,-108,3,REG,-218,180,-1.5,Final,6.5,-112
CAR,2025-12-21T00:00Z,401802908,TB,2025,Carolina Hurricanes,4,Tampa Bay Lightning,6,114,114,-105,-135,-135,-115,False,DraftKings,1,-115,3,REG,-250,205,-1.5,Final,5.5,-105
TOR,2025-12-21T00:00Z,401802909,NSH,2025,Toronto Maple Leafs,3,Nashville Predators,5,-110,-110,-130,-110,-110,110,False,DraftKings,1,-135,3,REG,215,-265,1.5,Final,5.5,114
VGK,2025-12-21T03:00Z,401802910,CGY,2025,Vegas Golden Knights,3,Calgary Flames,6,-130,-130,-148,110,110,124,False,DraftKings,1,-115,3,REG,200,-245,1.5,Final,5.5,-105
CBJ,2025-12-21T03:00Z,401802911,ANA,2025,Columbus Blue Jackets,3,Anaheim Ducks,4,102,102,-105,-122,-122,-115,False,DraftKings,1,-142,3,REG,-250,205,-1.5,Final,6.5,120
SEA,2025-12-21T03:00Z,401802912,SJ,2025,Seattle Kraken,4,San Jose Sharks,2,110,110,-110,-130,-130,-110,False,DraftKings,1,105,3,REG,-225,185,-1.5,Final,6.5,-125
WSH,2025-12-21T18:00Z,401802913,DET,2025,Washington Capitals,2,Detroit Red Wings,3,-105,-105,-120,-115,-115,100,False,DraftKings,1,-135,4,OT,-258,210,-1.5,Final/OT,5.5,114
COL,2025-12-21T23:00Z,401802914,MIN,2025,Colorado Avalanche,5,Minnesota Wild,1,-170,-170,-175,142,142,145,False,DraftKings,1,-102,3,REG,145,-175,1.5,Final,6.5,-118
OTT,2025-12-22T00:00Z,401802915,BOS,2025,Ottawa Senators,6,Boston Bruins,2,-148,-148,-135,124,124,114,False,DraftKings,1,-135,3,REG,180,-218,1.5,Final,5.5,114
BUF,2025-12-22T00:00Z,401802916,NJ,2025,Buffalo Sabres,3,New Jersey Devils,1,150,150,124,-180,-180,-148,False,DraftKings,1,-105,3,REG,-170,142,-1.5,Final,6.5,-115
MTL,2025-12-22T00:00Z,401802917,PIT,2025,Montreal Canadiens,3,Pittsburgh Penguins,4,-105,-105,-105,-115,-115,-115,False,DraftKings,1,-105,5,SO,-250,205,-1.5,Final/SO,6.5,-115
NYR,2025-12-22T00:00Z,401802918,NSH,2025,New York Rangers,1,Nashville Predators,2,-108,-108,-120,-112,-112,100,False,DraftKings,1,-135,3,REG,-270,220,-1.5,Final,5.5,114
TOR,2025-12-22T00:00Z,401802919,DAL,2025,Toronto Maple Leafs,1,Dallas Stars,5,180,180,170,-218,-218,-205,False,DraftKings,1,114,3,REG,-135,114,-1.5,Final,6.5,-135
WPG,2025-12-22T00:00Z,401802920,UTA,2025,Winnipeg Jets,3,Utah Mammoth,4,102,102,-102,-122,-122,-118,False,DraftKings,1,-115,4,OT,-245,200,-1.5,Final/OT,5.5,-105
VGK,2025-12-22T01:00Z,401802921,EDM,2025,Vegas Golden Knights,3,Edmonton Oilers,4,105,105,130,-125,-125,-155,False,DraftKings,1,-108,3,REG,-218,180,-1.5,Final,6.5,-112
STL,2025-12-23T00:00Z,401802922,TB,2025,St. Louis Blues,1,Tampa Bay Lightning,4,205,205,185,-250,-250,-225,False,DraftKings,1,-115,3,REG,-125,105,-1.5,Final,5.5,-105
VAN,2025-12-23T00:30Z,401802923,PHI,2025,Vancouver Canucks,2,Philadelphia Flyers,5,124,124,114,-148,-148,-135,False,DraftKings,1,110,3,REG,-230,190,-1.5,Final,5.5,-130
SEA,2025-12-23T03:00Z,401802924,ANA,2025,Seattle Kraken,3,Anaheim Ducks,1,154,154,170,-185,-185,-205,False,DraftKings,1,-115,3,REG,-148,124,-1.5,Final,6.5,-105
CBJ,2025-12-23T03:00Z,401802925,LA,2025,Columbus Blue Jackets,3,Los Angeles Kings,1,136,136,150,-162,-162,-180,False,DraftKings,1,-125,3,REG,-185,154,-1.5,Final,5.5,105
PIT,2025-12-23T21:00Z,401802926,TOR,2025,Pittsburgh Penguins,3,Toronto Maple Leafs,6,110,110,130,-130,-130,-155,False,DraftKings,1,100,3,REG,-230,190,-1.5,Final,6.5,-120
DAL,2025-12-23T23:30Z,401802930,DET,2025,Dallas Stars,3,Detroit Red Wings,4,-125,-125,-135,105,105,114,False,DraftKings,1,-125,4,OT,190,-230,1.5,Final/OT,5.5,105
NYR,2025-12-24T00:00Z,401802927,WSH,2025,New York Rangers,7,Washington Capitals,3,136,136,142,-162,-162,-170,False,DraftKings,1,102,3,REG,-192,160,-1.5,Final,5.5,-122
MTL,2025-12-24T00:00Z,401802928,BOS,2025,Montreal Canadiens,6,Boston Bruins,2,100,100,-105,-120,-120,-115,False,DraftKings,1,114,3,REG,-245,200,-1.5,Final,6.5,-135
BUF,2025-12-24T00:00Z,401802929,OTT,2025,Buffalo Sabres,3,Ottawa Senators,2,140,140,130,-166,-166,-155,False,DraftKings,1,110,4,OT,-198,164,-1.5,Final/OT,6.5,-130
NJ,2025-12-24T00:00Z,401802931,NYI,2025,New Jersey Devils,1,New York Islanders,2,-130,-130,-112,110,110,-108,False,DraftKings,1,-125,3,REG,200,-245,1.5,Final,5.5,105
FLA,2025-12-24T00:00Z,401802932,CAR,2025,Florida Panthers,5,Carolina Hurricanes,2,120,120,124,-142,-142,-148,False,DraftKings,1,114,3,REG,-205,170,-1.5,Final,6.5,-135
NSH,2025-12-24T01:00Z,401802933,MIN,2025,Nashville Predators,3,Minnesota Wild,2,154,154,164,-185,-185,-198,False,DraftKings,1,114,4,OT,-162,136,-1.5,Final/OT,6.5,-135
PHI,2025-12-24T02:00Z,401802934,CHI,2025,Philadelphia Flyers,3,Chicago Blackhawks,1,-120,-120,-125,100,100,105,False,DraftKings,1,-115,3,REG,205,-250,1.5,Final,5.5,-105
UTA,2025-12-24T02:00Z,401802935,COL,2025,Utah Mammoth,0,Colorado Avalanche,1,220,220,200,-270,-270,-245,False,DraftKings,1,102,3,REG,-105,-115,-1.5,Final,6.5,-122
CGY,2025-12-24T02:00Z,401802936,EDM,2025,Calgary Flames,1,Edmonton Oilers,5,136,136,154,-162,-162,-185,False,DraftKings,1,-120,3,REG,-192,160,-1.5,Final,6.5,100
SJ,2025-12-24T03:00Z,401802937,VGK,2025,San Jose Sharks,2,Vegas Golden Knights,7,164,164,210,-198,-198,-258,False,DraftKings,1,102,3,REG,-148,124,-1.5,Final,6.5,-122
SEA,2025-12-24T03:00Z,401802938,LA,2025,Seattle Kraken,3,Los Angeles Kings,2,180,180,200,-218,-218,-245,False,DraftKings,1,102,3,REG,-148,124,-1.5,Final,5.5,-122
NYR,2025-12-27T23:00Z,401802939,NYI,2025,New York Rangers,0,New York Islanders,2,-115,-115,105,-105,-105,-125,False,DraftKings,1,100,3,REG,230,-285,1.5,Final,5.5,-120
BOS,2025-12-28T00:00Z,401802940,BUF,2025,Boston Bruins,1,Buffalo Sabres,4,114,114,130,-135,-135,-155,False,DraftKings,1,-112,3,REG,-218,180,-1.5,Final,6.5,-108
OTT,2025-12-28T00:00Z,401802941,TOR,2025,Ottawa Senators,5,Toronto Maple Leafs,7,-125,-125,105,105,105,-125,False,DraftKings,1,114,3,REG,195,-238,1.5,Final,6.5,-135
TB,2025-12-28T00:00Z,401802942,FLA,2025,Tampa Bay Lightning,4,Florida Panthers,2,-118,-118,105,-102,-102,-125,False,DraftKings,1,-118,3,REG,215,-265,1.5,Final,5.5,-102
WSH,2025-12-28T00:00Z,401802943,NJ,2025,Washington Capitals,4,New Jersey Devils,3,100,100,-105,-120,-120,-115,False,DraftKings,1,-118,4,OT,-258,210,-1.5,Final/OT,5.5,-102
DET,2025-12-28T00:00Z,401802944,CAR,2025,Detroit Red Wings,2,Carolina Hurricanes,5,142,142,160,-170,-170,-192,False,DraftKings,1,114,3,REG,-175,145,-1.5,Final,6.5,-135
MIN,2025-12-28T00:00Z,401802945,WPG,2025,Minnesota Wild,4,Winnipeg Jets,3,-115,-115,-105,-105,-105,-115,False,DraftKings,1,-125,4,OT,215,-265,1.5,Final/OT,5.5,105
NSH,2025-12-28T01:00Z,401802946,STL,2025,Nashville Predators,2,St. Louis Blues,3,-102,-102,105,-118,-118,-125,False,DraftKings,1,-118,3,REG,-270,220,-1.5,Final,5.5,-102
CHI,2025-12-28T01:00Z,401802947,DAL,2025,Chicago Blackhawks,4,Dallas Stars,3,285,285,285,-360,-360,-360,False,DraftKings,1,-120,5,SO,110,-130,-1.5,Final/SO,5.5,100
ANA,2025-12-28T02:00Z,401802948,LA,2025,Anaheim Ducks,1,Los Angeles Kings,6,105,105,130,-125,-125,-155,False,DraftKings,1,114,3,REG,-230,190,-1.5,Final,6.5,-135
EDM,2025-12-28T03:00Z,401802949,CGY,2025,Edmonton Oilers,2,Calgary Flames,3,-148,-148,-130,124,124,110,False,DraftKings,1,-120,3,REG,170,-205,1.5,Final,6.5,100
SJ,2025-12-28T03:00Z,401802950,VAN,2025,San Jose Sharks,6,Vancouver Canucks,3,124,124,136,-148,-148,-162,False,DraftKings,1,105,3,REG,-205,170,-1.5,Final,6.5,-125
COL,2025-12-28T03:00Z,401802951,VGK,2025,Colorado Avalanche,6,Vegas Golden Knights,5,-155,-155,-135,130,130,114,False,DraftKings,1,102,5,SO,160,-192,1.5,Final/SO,6.5,-122
MTL,2025-12-28T22:00Z,401802953,TB,2025,Montreal Canadiens,4,Tampa Bay Lightning,5,124,124,136,-148,-148,-162,False,DraftKings,1,100,5,SO,-198,164,-1.5,Final/SO,6.5,-120
NYI,2025-12-28T22:00Z,401802954,CBJ,2025,New York Islanders,2,Columbus Blue Jackets,4,120,120,120,-142,-142,-142,False,DraftKings,1,-135,3,REG,-218,180,-1.5,Final,5.5,114
TOR,2025-12-29T00:00Z,401802952,DET,2025,Toronto Maple Leafs,2,Detroit Red Wings,3,120,120,110,-142,-142,-130,False,DraftKings,1,-102,4,OT,-205,170,-1.5,Final/OT,6.5,-118
PIT,2025-12-29T00:00Z,401802955,CHI,2025,Pittsburgh Penguins,7,Chicago Blackhawks,3,-155,-155,-170,130,130,142,False,DraftKings,1,-130,3,REG,154,-185,1.5,Final,5.5,110
PHI,2025-12-29T01:00Z,401802956,SEA,2025,Philadelphia Flyers,1,Seattle Kraken,4,-142,-142,-130,120,120,110,False,DraftKings,1,-115,3,REG,190,-230,1.5,Final,5.5,-105
WSH,2025-12-30T00:00Z,401802958,FLA,2025,Washington Capitals,3,Florida Panthers,5,105,105,114,-125,-125,-135,False,DraftKings,1,-125,3,REG,-245,200,-1.5,Final,5.5,105
NYR,2025-12-30T00:00Z,401802959,CAR,2025,New York Rangers,2,Carolina Hurricanes,3,145,145,160,-175,-175,-192,False,DraftKings,1,-120,4,OT,-175,145,-1.5,Final/OT,5.5,100
CBJ,2025-12-30T00:30Z,401802957,OTT,2025,Columbus Blue Jackets,4,Ottawa Senators,1,180,180,180,-218,-218,-218,False,DraftKings,1,-118,3,REG,-135,114,-1.5,Final,6.5,-102
EDM,2025-12-30T00:30Z,401802960,WPG,2025,Edmonton Oilers,3,Winnipeg Jets,1,-115,-115,-115,-105,-105,-105,False,DraftKings,1,102,3,REG,205,-250,1.5,Final,6.5,-122
BUF,2025-12-30T01:00Z,401802961,STL,2025,Buffalo Sabres,4,St. Louis Blues,2,-115,-115,-105,-105,-105,-115,False,DraftKings,1,-130,3,REG,205,-250,1.5,Final,5.5,110
LA,2025-12-30T02:00Z,401802962,COL,2025,Los Angeles Kings,2,Colorado Avalanche,5,185,185,190,-225,-225,-230,False,DraftKings,1,-130,3,REG,-142,120,-1.5,Final,5.5,110
NSH,2025-12-30T02:00Z,401802963,UTA,2025,Nashville Predators,4,Utah Mammoth,3,120,120,130,-142,-142,-155,False,DraftKings,1,-122,3,REG,-205,170,-1.5,Final,5.5,102
BOS,2025-12-30T02:00Z,401802964,CGY,2025,Boston Bruins,1,Calgary Flames,2,110,110,114,-130,-130,-135,False,DraftKings,1,-135,4,OT,-218,180,-1.5,Final/OT,5.5,114
MIN,2025-12-30T03:00Z,401802965,VGK,2025,Minnesota Wild,5,Vegas Golden Knights,2,-105,-105,105,-115,-115,-125,False,DraftKings,1,-122,3,REG,-265,215,-1.5,Final,5.5,102
SJ,2025-12-30T03:00Z,401802966,ANA,2025,San Jose Sharks,5,Anaheim Ducks,4,142,142,180,-170,-170,-218,False,DraftKings,1,-135,3,REG,-155,130,-1.5,Final,6.5,114
VAN,2025-12-30T03:00Z,401802967,SEA,2025,Vancouver Canucks,3,Seattle Kraken,2,-118,-118,-125,-102,-102,105,False,DraftKings,1,-115,5,SO,205,-250,1.5,Final/SO,5.5,-105
NJ,2025-12-31T00:00Z,401802968,TOR,2025,New Jersey Devils,0,Toronto Maple Leafs,4,-142,-142,-110,120,120,-110,False,DraftKings,1,-122,3,REG,180,-218,1.5,Final,5.5,102
MTL,2025-12-31T00:00Z,401802969,FLA,2025,Montreal Canadiens,3,Florida Panthers,2,105,105,124,-125,-125,-148,False,DraftKings,1,-102,4,OT,-218,180,-1.5,Final/OT,6.5,-118
CAR,2025-12-31T00:00Z,401802970,PIT,2025,Carolina Hurricanes,1,Pittsburgh Penguins,5,-130,-130,-125,110,110,105,False,DraftKings,1,102,3,REG,190,-230,1.5,Final,6.5,-122
NYI,2025-12-31T01:30Z,401802971,CHI,2025,New York Islanders,3,Chicago Blackhawks,2,-135,-135,-142,114,114,120,False,DraftKings,1,-120,5,SO,180,-218,1.5,Final/SO,5.5,100
PHI,2025-12-31T03:00Z,401802972,VAN,2025,Philadelphia Flyers,6,Vancouver Canucks,3,-148,-148,-130,124,124,110,False,DraftKings,1,-105,3,REG,185,-225,1.5,Final,5.5,-115
NYR,2025-12-31T17:30Z,401802973,WSH,2025,New York Rangers,3,Washington Capitals,6,114,114,145,-135,-135,-175,False,DraftKings,1,-122,3,REG,-218,180,-1.5,Final,5.5,102
NSH,2025-12-31T20:00Z,401802974,VGK,2025,Nashville Predators,4,Vegas Golden Knights,2,145,145,170,-175,-175,-205,False,DraftKings,1,114,3,REG,-175,145,-1.5,Final,6.5,-135
TB,2025-12-31T21:00Z,401802975,ANA,2025,Tampa Bay Lightning,4,Anaheim Ducks,3,-155,-155,-125,130,130,105,False,DraftKings,1,-115,4,OT,154,-185,1.5,Final/OT,6.5,-105
MIN,2025-12-31T21:00Z,401802976,SJ,2025,Minnesota Wild,3,San Jose Sharks,4,-180,-180,-198,150,150,164,False,DraftKings,1,-110,5,SO,136,-162,1.5,Final/SO,6.5,-110
WPG,2025-12-31T23:30Z,401802977,DET,2025,Winnipeg Jets,1,Detroit Red Wings,2,-118,-118,100,-102,-102,-120,False,DraftKings,1,-130,3,REG,215,-265,1.5,Final,5.5,110
NJ,2026-01-01T00:00Z,401802978,CBJ,2025,New Jersey Devils,3,Columbus Blue Jackets,2,-102,-102,-105,-118,-118,-115,False,DraftKings,1,-125,3,REG,-258,210,-1.5,Final,5.5,105
BUF,2026-01-01T01:00Z,401802979,DAL,2025,Buffalo Sabres,4,Dallas Stars,1,130,130,150,-155,-155,-180,False,DraftKings,1,105,3,REG,-185,154,-1.5,Final,6.5,-125
STL,2026-01-01T02:00Z,401802980,COL,2025,St. Louis Blues,1,Colorado Avalanche,6,285,285,260,-360,-360,-325,False,DraftKings,1,114,3,REG,124,-148,-1.5,Final,6.5,-135
PHI,2026-01-01T02:30Z,401802981,CGY,2025,Philadelphia Flyers,1,Calgary Flames,5,114,114,114,-135,-135,-135,False,DraftKings,1,-118,3,REG,-218,180,-1.5,Final,5.5,-102
BOS,2026-01-01T02:30Z,401802982,EDM,2025,Boston Bruins,6,Edmonton Oilers,2,154,154,170,-185,-185,-205,False,DraftKings,1,-118,3,REG,-162,136,-1.5,Final,6.5,-102
WSH,2026-01-01T18:00Z,401802983,OTT,2025,Washington Capitals,3,Ottawa Senators,4,130,130,114,-155,-155,-135,False,DraftKings,1,-130,3,REG,-205,170,-1.5,Final,5.5,110
UTA,2026-01-01T20:00Z,401802984,NYI,2025,Utah Mammoth,7,New York Islanders,2,-125,-125,-105,105,105,-115,False,DraftKings,1,-118,3,REG,205,-250,1.5,Final,5.5,-102
WPG,2026-01-02T00:00Z,401802985,TOR,2025,Winnipeg Jets,5,Toronto Maple Leafs,6,110,110,130,-130,-130,-155,False,DraftKings,1,-135,3,REG,-218,180,-1.5,Final,5.5,114
DET,2026-01-02T00:00Z,401802986,PIT,2025,Detroit Red Wings,3,Pittsburgh Penguins,4,114,114,114,-135,-135,-135,False,DraftKings,1,-108,4,OT,-218,180,-1.5,Final/OT,6.5,-112
MTL,2026-01-02T00:00Z,401802987,CAR,2025,Montreal Canadiens,7,Carolina Hurricanes,5,140,140,164,-166,-166,-198,False,DraftKings,1,110,3,REG,-180,150,-1.5,Final,6.5,-130
TB,2026-01-02T00:00Z,401802990,LA,2025,Tampa Bay Lightning,5,Los Angeles Kings,3,105,105,114,-125,-125,-135,False,DraftKings,1,-115,3,REG,-250,205,-1.5,Final,5.5,-105
DAL,2026-01-02T01:30Z,401802988,CHI,2025,Dallas Stars,3,Chicago Blackhawks,4,-185,-185,-180,154,154,150,False,DraftKings,1,-110,3,REG,145,-175,1.5,Final,5.5,-110
NSH,2026-01-02T03:00Z,401802989,SEA,2025,Nashville Predators,1,Seattle Kraken,4,-115,-115,105,-105,-105,-125,False,DraftKings,1,-115,3,REG,215,-265,1.5,Final,5.5,-105
VGK,2026-01-02T20:00Z,401802991,STL,2025,Vegas Golden Knights,3,St. Louis Blues,4,-155,-155,-142,130,130,120,False,DraftKings,1,-130,3,REG,164,-198,1.5,Final,5.5,110
NYR,2026-01-03T01:00Z,401802992,FLA,2025,New York Rangers,5,Florida Panthers,1,114,114,130,-135,-135,-155,True,DraftKings,1,-110,3,REG,-218,180,-1.5,Final,5.5,-110
SEA,2026-01-03T03:30Z,401802993,VAN,2025,Seattle Kraken,4,Vancouver Canucks,3,120,120,160,-142,-142,-192,False,DraftKings,1,-122,5,SO,-218,180,-1.5,Final/SO,5.5,102
MIN,2026-01-03T03:30Z,401802994,ANA,2025,Minnesota Wild,5,Anaheim Ducks,2,-142,-142,-115,120,120,-105,False,DraftKings,1,-105,3,REG,180,-218,1.5,Final,6.5,-115
PIT,2026-01-03T17:00Z,401802995,DET,2025,Pittsburgh Penguins,4,Detroit Red Wings,1,114,114,130,-135,-135,-155,False,DraftKings,1,-105,3,REG,-218,180,-1.5,Final,6.5,-115
UTA,2026-01-03T20:00Z,401802996,NJ,2025,Utah Mammoth,1,New Jersey Devils,4,-102,-102,124,-118,-118,-148,False,DraftKings,1,-115,3,REG,-250,205,-1.5,Final,5.5,-105
BUF,2026-01-03T20:00Z,401802997,CBJ,2025,Buffalo Sabres,1,Columbus Blue Jackets,5,-110,-110,-110,-110,-110,-110,False,DraftKings,1,-102,3,REG,215,-265,1.5,Final,6.5,-118
PHI,2026-01-03T20:30Z,401802998,EDM,2025,Philadelphia Flyers,5,Edmonton Oilers,2,130,130,154,-155,-155,-185,False,DraftKings,1,-108,3,REG,-180,150,-1.5,Final,6.5,-112
MTL,2026-01-03T21:00Z,401802999,STL,2025,Montreal Canadiens,0,St. Louis Blues,2,-155,-155,-115,130,130,-105,False,DraftKings,1,114,3,REG,170,-205,1.5,Final,6.5,-135
TB,2026-01-03T21:00Z,401803000,SJ,2025,Tampa Bay Lightning,7,San Jose Sharks,3,-218,-218,-205,180,180,170,False,DraftKings,1,114,3,REG,120,-142,1.5,Final,6.5,-135
WPG,2026-01-04T00:00Z,401803001,OTT,2025,Winnipeg Jets,2,Ottawa Senators,4,100,100,120,-120,-120,-142,False,DraftKings,1,-125,3,REG,-230,190,-1.5,Final,5.5,105
TOR,2026-01-04T00:00Z,401803002,NYI,2025,Toronto Maple Leafs,3,New York Islanders,4,-115,-115,-105,-105,-105,-115,False,DraftKings,1,-120,4,OT,225,-278,1.5,Final/OT,5.5,100
CHI,2026-01-04T00:00Z,401803003,WSH,2025,Chicago Blackhawks,3,Washington Capitals,2,205,205,270,-250,-250,-340,False,DraftKings,1,-125,5,SO,-118,-102,-1.5,Final/SO,5.5,105
COL,2026-01-04T00:00Z,401803004,CAR,2025,Colorado Avalanche,5,Carolina Hurricanes,3,-148,-148,-135,124,124,114,False,DraftKings,1,-122,3,REG,164,-198,1.5,Final,6.5,102
NSH,2026-01-04T00:00Z,401803005,CGY,2025,Nashville Predators,4,Calgary Flames,3,-105,-105,105,-115,-115,-125,False,DraftKings,1,-125,3,REG,-258,210,-1.5,Final,5.5,105
MIN,2026-01-04T02:00Z,401803006,LA,2025,Minnesota Wild,4,Los Angeles Kings,5,102,102,120,-122,-122,-142,False,DraftKings,1,-108,5,SO,-230,190,-1.5,Final/SO,5.5,-112
BOS,2026-01-04T03:00Z,401803007,VAN,2025,Boston Bruins,3,Vancouver Canucks,2,-142,-142,-115,120,120,-105,False,DraftKings,1,114,4,OT,190,-230,1.5,Final/OT,6.5,-135
MTL,2026-01-04T19:00Z,401803008,DAL,2025,Montreal Canadiens,4,Dallas Stars,3,154,154,180,-185,-185,-218,False,DraftKings,1,102,4,OT,-155,130,-1.5,Final/OT,6.5,-122
PIT,2026-01-04T20:00Z,401803009,CBJ,2025,Pittsburgh Penguins,5,Columbus Blue Jackets,4,110,110,100,-130,-130,-120,False,DraftKings,1,-115,4,OT,-218,180,-1.5,Final/OT,6.5,-105
COL,2026-01-04T22:00Z,401803010,FLA,2025,Colorado Avalanche,1,Florida Panthers,2,-148,-148,-120,124,124,100,False,DraftKings,1,-112,3,REG,164,-198,1.5,Final,6.5,-108
CAR,2026-01-05T00:00Z,401803011,NJ,2025,Carolina Hurricanes,3,New Jersey Devils,1,-125,-125,-120,105,105,100,False,DraftKings,1,110,3,REG,205,-250,1.5,Final,6.5,-130
VGK,2026-01-05T00:00Z,401803012,CHI,2025,Vegas Golden Knights,2,Chicago Blackhawks,3,-265,-265,-265,215,215,215,False,DraftKings,1,114,4,OT,-105,-115,1.5,Final/OT,6.5,-135
UTA,2026-01-06T00:00Z,401803013,NYR,2025,Utah Mammoth,3,New York Rangers,2,-112,-112,110,-108,-108,-130,False,DraftKings,1,102,4,OT,235,-290,1.5,Final/OT,5.5,-122
ANA,2026-01-06T00:00Z,401803014,WSH,2025,Anaheim Ducks,4,Washington Capitals,7,110,110,136,-130,-130,-162,False,DraftKings,1,-130,3,REG,-218,180,-1.5,Final,6.5,110
DET,2026-01-06T00:30Z,401803015,OTT,2025,Detroit Red Wings,5,Ottawa Senators,3,136,136,130,-162,-162,-155,False,DraftKings,1,110,3,REG,-185,154,-1.5,Final,6.5,-130
SEA,2026-01-06T02:30Z,401803016,CGY,2025,Seattle Kraken,5,Calgary Flames,1,130,130,136,-155,-155,-162,False,DraftKings,1,-122,3,REG,-205,170,-1.5,Final,5.5,102
MIN,2026-01-06T03:30Z,401803017,LA,2025,Minnesota Wild,2,Los Angeles Kings,4,-122,-122,100,102,102,-120,False,DraftKings,1,105,3,REG,205,-250,1.5,Final,5.5,-125
VAN,2026-01-07T00:00Z,401803018,BUF,2025,Vancouver Canucks,3,Buffalo Sabres,5,142,142,150,-170,-170,-180,False,DraftKings,1,110,3,REG,-170,142,-1.5,Final,6.5,-130
COL,2026-01-07T00:00Z,401803019,TB,2025,Colorado Avalanche,2,Tampa Bay Lightning,4,-118,-118,-120,-102,-102,100,False,DraftKings,1,100,3,REG,200,-245,1.5,Final,6.5,-120
ANA,2026-01-07T00:00Z,401803021,PHI,2025,Anaheim Ducks,2,Philadelphia Flyers,5,130,130,130,-155,-155,-155,False,DraftKings,1,-105,3,REG,-198,164,-1.5,Final,6.5,-115
DAL,2026-01-07T00:00Z,401803022,CAR,2025,Dallas Stars,3,Carolina Hurricanes,6,120,120,110,-142,-142,-130,False,DraftKings,1,105,3,REG,-205,170,-1.5,Final,6.5,-125
NJ,2026-01-07T00:30Z,401803020,NYI,2025,New Jersey Devils,0,New York Islanders,9,-122,-122,105,102,102,-125,False,DraftKings,1,-102,3,REG,210,-258,1.5,Final,5.5,-118
FLA,2026-01-07T00:30Z,401803023,TOR,2025,Florida Panthers,1,Toronto Maple Leafs,4,-135,-135,-125,114,114,105,False,DraftKings,1,-135,3,REG,185,-225,1.5,Final,5.5,114
VGK,2026-01-07T01:00Z,401803024,WPG,2025,Vegas Golden Knights,4,Winnipeg Jets,3,-102,-102,-115,-118,-118,-105,False,DraftKings,1,-118,4,OT,-278,225,-1.5,Final/OT,5.5,-102
NSH,2026-01-07T02:00Z,401803025,EDM,2025,Nashville Predators,2,Edmonton Oilers,6,124,124,160,-148,-148,-192,False,DraftKings,1,-130,3,REG,-192,160,-1.5,Final,6.5,110
CBJ,2026-01-07T03:00Z,401803026,SJ,2025,Columbus Blue Jackets,2,San Jose Sharks,5,-142,-142,-130,120,120,110,False,DraftKings,1,-135,3,REG,170,-205,1.5,Final,6.5,114
BOS,2026-01-07T03:00Z,401803027,SEA,2025,Boston Bruins,4,Seattle Kraken,7,-120,-120,-130,100,100,110,False,DraftKings,1,-115,3,REG,205,-250,1.5,Final,5.5,-105
DAL,2026-01-08T00:00Z,401803028,WSH,2025,Dallas Stars,4,Washington Capitals,1,102,102,124,-122,-122,-148,False,DraftKings,1,100,3,REG,-245,200,-1.5,Final,6.5,-120
CGY,2026-01-08T00:30Z,401803029,MTL,2025,Calgary Flames,1,Montreal Canadiens,4,114,114,114,-135,-135,-135,False,DraftKings,1,110,3,REG,-205,170,-1.5,Final,6.5,-130
STL,2026-01-08T02:30Z,401803030,CHI,2025,St. Louis Blues,3,Chicago Blackhawks,7,-122,-122,-142,102,102,120,False,DraftKings,1,105,3,REG,210,-258,1.5,Final,5.5,-125
OTT,2026-01-08T02:30Z,401803031,UTA,2025,Ottawa Senators,1,Utah Mammoth,3,-102,-102,-110,-118,-118,-110,False,DraftKings,1,105,3,REG,-245,200,-1.5,Final,6.5,-125
SJ,2026-01-08T03:30Z,401803032,LA,2025,San Jose Sharks,4,Los Angeles Kings,3,190,190,250,-230,-230,-310,False,DraftKings,1,105,4,OT,-135,114,-1.5,Final/OT,6.5,-125
CGY,2026-01-09T00:00Z,401803033,BOS,2025,Calgary Flames,1,Boston Bruins,4,110,110,130,-130,-130,-155,False,DraftKings,1,-112,3,REG,-218,180,-1.5,Final,6.5,-108
FLA,2026-01-09T00:00Z,401803034,MTL,2025,Florida Panthers,2,Montreal Canadiens,6,-112,-112,-142,-108,-108,120,False,DraftKings,1,114,3,REG,215,-265,1.5,Final,6.5,-135
VAN,2026-01-09T00:00Z,401803035,DET,2025,Vancouver Canucks,1,Detroit Red Wings,5,124,124,142,-148,-148,-170,False,DraftKings,1,102,3,REG,-218,180,-1.5,Final,6.5,-122
BUF,2026-01-09T00:00Z,401803036,NYR,2025,Buffalo Sabres,5,New York Rangers,2,-125,-125,-110,105,105,-110,False,DraftKings,1,110,3,REG,200,-245,1.5,Final,6.5,-130
TOR,2026-01-09T00:00Z,401803037,PHI,2025,Toronto Maple Leafs,2,Philadelphia Flyers,1,102,102,110,-122,-122,-130,False,DraftKings,1,-135,4,OT,-238,195,-1.5,Final/OT,5.5,114
NJ,2026-01-09T00:00Z,401803038,PIT,2025,New Jersey Devils,1,Pittsburgh Penguins,4,-115,-115,-108,-105,-105,-112,False,DraftKings,1,-102,3,REG,-270,220,-1.5,Final,6.5,-118
ANA,2026-01-09T00:00Z,401803039,CAR,2025,Anaheim Ducks,2,Carolina Hurricanes,5,190,190,180,-230,-230,-218,False,DraftKings,1,-112,3,REG,-130,110,-1.5,Final,6.5,-108
NYI,2026-01-09T01:00Z,401803040,NSH,2025,New York Islanders,1,Nashville Predators,2,120,120,110,-142,-142,-130,False,DraftKings,1,-125,5,SO,-230,190,-1.5,Final/SO,5.5,105
EDM,2026-01-09T01:00Z,401803041,WPG,2025,Edmonton Oilers,4,Winnipeg Jets,3,-115,-115,-110,-105,-105,-110,False,DraftKings,1,110,3,REG,215,-265,1.5,Final,6.5,-130
OTT,2026-01-09T02:00Z,401803042,COL,2025,Ottawa Senators,2,Colorado Avalanche,8,235,235,170,-290,-290,-205,False,DraftKings,1,-125,3,REG,-108,-112,-1.5,Final,6.5,105
CBJ,2026-01-09T03:00Z,401803043,VGK,2025,Columbus Blue Jackets,3,Vegas Golden Knights,5,114,114,136,-135,-135,-162,False,DraftKings,1,-108,3,REG,-198,164,-1.5,Final,6.5,-112
MIN,2026-01-09T03:00Z,401803044,SEA,2025,Minnesota Wild,3,Seattle Kraken,2,-170,-170,-155,142,142,130,False,DraftKings,1,-130,4,OT,154,-185,1.5,Final/OT,5.5,110
WSH,2026-01-10T01:00Z,401803045,CHI,2025,Washington Capitals,5,Chicago Blackhawks,1,-135,-135,-170,114,114,142,False,DraftKings,1,105,3,REG,180,-218,1.5,Final,6.5,-125
LA,2026-01-10T01:00Z,401803046,WPG,2025,Los Angeles Kings,1,Winnipeg Jets,5,-135,-135,-110,114,114,-110,False,DraftKings,1,-105,3,REG,190,-230,1.5,Final,5.5,-115
STL,2026-01-10T02:00Z,401803047,UTA,2025,St. Louis Blues,2,Utah Mammoth,4,160,160,130,-192,-192,-155,False,DraftKings,1,-105,3,REG,-162,136,-1.5,Final,5.5,-115
NYR,2026-01-10T18:00Z,401803048,BOS,2025,New York Rangers,2,Boston Bruins,10,110,110,105,-130,-130,-125,False,DraftKings,1,110,3,REG,-225,185,-1.5,Final,6.5,-130
CGY,2026-01-10T20:30Z,401803049,PIT,2025,Calgary Flames,2,Pittsburgh Penguins,1,124,124,110,-148,-148,-130,False,DraftKings,1,102,3,REG,-192,160,-1.5,Final,6.5,-122
CBJ,2026-01-10T21:00Z,401803050,COL,2025,Columbus Blue Jackets,0,Colorado Avalanche,4,230,230,220,-285,-285,-270,False,DraftKings,1,-155,3,REG,105,-125,-1.5,Final,6.5,130
DAL,2026-01-10T21:00Z,401803051,SJ,2025,Dallas Stars,4,San Jose Sharks,5,-162,-162,-185,136,136,154,False,DraftKings,1,-120,4,OT,142,-170,1.5,Final/OT,6.5,100
ANA,2026-01-11T00:00Z,401803052,BUF,2025,Anaheim Ducks,3,Buffalo Sabres,5,124,124,120,-148,-148,-142,False,DraftKings,1,-142,3,REG,-185,154,-1.5,Final,6.5,120
VAN,2026-01-11T00:00Z,401803053,TOR,2025,Vancouver Canucks,0,Toronto Maple Leafs,5,136,136,136,-162,-162,-162,False,DraftKings,1,105,3,REG,-185,154,-1.5,Final,6.5,-125
DET,2026-01-11T00:00Z,401803054,MTL,2025,Detroit Red Wings,4,Montreal Canadiens,0,114,114,100,-135,-135,-120,False,DraftKings,1,102,3,REG,-218,180,-1.5,Final,6.5,-122
FLA,2026-01-11T00:00Z,401803055,OTT,2025,Florida Panthers,3,Ottawa Senators,2,105,105,100,-125,-125,-120,False,DraftKings,1,100,3,REG,-245,200,-1.5,Final,6.5,-120
TB,2026-01-11T00:00Z,401803056,PHI,2025,Tampa Bay Lightning,7,Philadelphia Flyers,2,-185,-185,-142,154,154,120,False,DraftKings,1,-130,3,REG,140,-166,1.5,Final,5.5,110
SEA,2026-01-11T00:00Z,401803057,CAR,2025,Seattle Kraken,2,Carolina Hurricanes,3,245,245,235,-305,-305,-290,False,DraftKings,1,114,3,REG,-102,-118,-1.5,Final,6.5,-135
CHI,2026-01-11T01:00Z,401803058,NSH,2025,Chicago Blackhawks,3,Nashville Predators,0,180,180,180,-218,-218,-218,False,DraftKings,1,102,3,REG,-135,114,-1.5,Final,6.5,-122
NYI,2026-01-11T01:00Z,401803059,MIN,2025,New York Islanders,4,Minnesota Wild,3,130,130,160,-155,-155,-192,False,DraftKings,1,-118,4,OT,-192,160,-1.5,Final/OT,5.5,-102
LA,2026-01-11T03:00Z,401803060,EDM,2025,Los Angeles Kings,4,Edmonton Oilers,3,150,150,145,-180,-180,-175,False,DraftKings,1,-102,5,SO,-166,140,-1.5,Final/SO,6.5,-118
STL,2026-01-11T03:00Z,401803061,VGK,2025,St. Louis Blues,2,Vegas Golden Knights,4,225,225,180,-278,-278,-218,False,DraftKings,1,-135,3,REG,-115,-105,-1.5,Final,5.5,114
NJ,2026-01-11T19:00Z,401803062,WPG,2025,New Jersey Devils,3,Winnipeg Jets,4,110,110,105,-130,-130,-125,False,DraftKings,1,-118,3,REG,-250,205,-1.5,Final,5.5,-102
PIT,2026-01-11T22:00Z,401803063,BOS,2025,Pittsburgh Penguins,0,Boston Bruins,1,-120,-120,-125,100,100,105,False,DraftKings,1,-105,3,REG,205,-250,1.5,Final,6.5,-115
WSH,2026-01-12T00:00Z,401803064,NSH,2025,Washington Capitals,2,Nashville Predators,3,-130,-130,-148,110,110,124,False,DraftKings,1,-105,3,REG,190,-230,1.5,Final,6.5,-115
CBJ,2026-01-12T00:00Z,401803065,UTA,2025,Columbus Blue Jackets,3,Utah Mammoth,2,145,145,150,-175,-175,-180,False,DraftKings,1,102,4,OT,-180,150,-1.5,Final/OT,6.5,-122
VGK,2026-01-12T01:00Z,401803066,SJ,2025,Vegas Golden Knights,7,San Jose Sharks,2,-142,-142,-170,120,120,142,False,DraftKings,1,-130,3,REG,160,-192,1.5,Final,6.5,110
FLA,2026-01-13T00:00Z,401803067,BUF,2025,Florida Panthers,4,Buffalo Sabres,3,100,100,-105,-120,-120,-115,False,DraftKings,1,105,3,REG,-258,210,-1.5,Final,6.5,-125
CAR,2026-01-13T00:00Z,401803068,DET,2025,Carolina Hurricanes,3,Detroit Red Wings,4,-155,-155,-155,130,130,130,False,DraftKings,1,105,4,OT,164,-198,1.5,Final/OT,6.5,-125
SEA,2026-01-13T00:00Z,401803069,NYR,2025,Seattle Kraken,4,New York Rangers,2,120,120,124,-142,-142,-148,False,DraftKings,1,-130,3,REG,-218,180,-1.5,Final,5.5,110
TB,2026-01-13T00:00Z,401803070,PHI,2025,Tampa Bay Lightning,5,Philadelphia Flyers,1,-142,-142,-155,120,120,130,False,DraftKings,1,-135,3,REG,170,-205,1.5,Final,5.5,114
VAN,2026-01-13T00:30Z,401803071,MTL,2025,Vancouver Canucks,3,Montreal Canadiens,6,160,160,145,-192,-192,-175,False,DraftKings,1,100,3,REG,-148,124,-1.5,Final,6.5,-120
NJ,2026-01-13T01:00Z,401803072,MIN,2025,New Jersey Devils,5,Minnesota Wild,2,145,145,145,-175,-175,-175,False,DraftKings,1,-135,3,REG,-175,145,-1.5,Final,5.5,114
EDM,2026-01-13T01:30Z,401803073,CHI,2025,Edmonton Oilers,4,Chicago Blackhawks,1,-180,-180,-170,150,150,142,False,DraftKings,1,-108,3,REG,140,-166,1.5,Final,6.5,-112
TOR,2026-01-13T03:00Z,401803074,COL,2025,Toronto Maple Leafs,4,Colorado Avalanche,3,195,195,210,-238,-238,-258,False,DraftKings,1,-122,4,OT,-120,100,-1.5,Final/OT,6.5,102
DAL,2026-01-13T03:00Z,401803075,LA,2025,Dallas Stars,3,Los Angeles Kings,1,-120,-120,-115,100,100,-105,False,DraftKings,1,-135,3,REG,210,-258,1.5,Final,5.5,114
VAN,2026-01-14T00:00Z,401803076,OTT,2025,Vancouver Canucks,1,Ottawa Senators,2,195,195,190,-238,-238,-230,False,DraftKings,1,-108,3,REG,-125,105,-1.5,Final,6.5,-112
TB,2026-01-14T00:00Z,401803077,PIT,2025,Tampa Bay Lightning,2,Pittsburgh Penguins,1,-148,-148,-120,124,124,100,False,DraftKings,1,110,5,SO,185,-225,1.5,Final/SO,6.5,-130
MTL,2026-01-14T00:00Z,401803078,WSH,2025,Montreal Canadiens,2,Washington Capitals,3,114,114,154,-135,-135,-185,False,DraftKings,1,105,4,OT,-205,170,-1.5,Final/OT,6.5,-125
CGY,2026-01-14T00:00Z,401803079,CBJ,2025,Calgary Flames,3,Columbus Blue Jackets,5,124,124,124,-148,-148,-148,False,DraftKings,1,110,3,REG,-205,170,-1.5,Final,6.5,-130
DET,2026-01-14T00:30Z,401803080,BOS,2025,Detroit Red Wings,0,Boston Bruins,3,124,124,105,-148,-148,-125,False,DraftKings,1,102,3,REG,-205,170,-1.5,Final,6.5,-122
CAR,2026-01-14T00:30Z,401803081,STL,2025,Carolina Hurricanes,0,St. Louis Blues,3,-180,-180,-155,150,150,130,False,DraftKings,1,-135,3,REG,145,-175,1.5,Final,5.5,114
EDM,2026-01-14T01:00Z,401803082,NSH,2025,Edmonton Oilers,3,Nashville Predators,4,-135,-135,-115,114,114,-105,False,DraftKings,1,-102,4,OT,185,-225,1.5,Final/OT,6.5,-118
NYI,2026-01-14T01:00Z,401803083,WPG,2025,New York Islanders,4,Winnipeg Jets,5,110,110,120,-130,-130,-142,False,DraftKings,1,102,3,REG,-245,200,-1.5,Final,5.5,-122
TOR,2026-01-14T03:00Z,401803084,UTA,2025,Toronto Maple Leafs,1,Utah Mammoth,6,136,136,130,-162,-162,-155,False,DraftKings,1,110,3,REG,-185,154,-1.5,Final,6.5,-130
DAL,2026-01-14T03:00Z,401803085,ANA,2025,Dallas Stars,1,Anaheim Ducks,3,-125,-125,-110,105,105,-110,False,DraftKings,1,-120,3,REG,185,-225,1.5,Final,6.5,100
SEA,2026-01-15T00:00Z,401803086,NJ,2025,Seattle Kraken,2,New Jersey Devils,3,136,136,136,-162,-162,-162,False,DraftKings,1,-130,4,OT,-192,160,-1.5,Final/OT,5.5,110
PHI,2026-01-15T00:30Z,401803087,BUF,2025,Philadelphia Flyers,2,Buffalo Sabres,5,120,120,130,-142,-142,-155,False,DraftKings,1,110,3,REG,-205,170,-1.5,Final,6.5,-130
OTT,2026-01-15T00:30Z,401803088,NYR,2025,Ottawa Senators,8,New York Rangers,4,-122,-122,-105,102,102,-115,False,DraftKings,1,102,3,REG,210,-258,1.5,Final,6.5,-122
VGK,2026-01-15T03:00Z,401803089,LA,2025,Vegas Golden Knights,3,Los Angeles Kings,2,-122,-122,-115,102,102,-105,False,DraftKings,1,-108,4,OT,205,-250,1.5,Final/OT,5.5,-112
MTL,2026-01-16T00:00Z,401803091,BUF,2025,Montreal Canadiens,3,Buffalo Sabres,5,-125,-125,-105,105,105,-115,False,DraftKings,1,-102,3,REG,200,-245,1.5,Final,6.5,-118
PHI,2026-01-16T00:00Z,401803092,PIT,2025,Philadelphia Flyers,3,Pittsburgh Penguins,6,145,145,130,-175,-175,-155,False,DraftKings,1,110,3,REG,-175,145,-1.5,Final,6.5,-130
SJ,2026-01-16T00:00Z,401803093,WSH,2025,San Jose Sharks,3,Washington Capitals,2,145,145,164,-175,-175,-198,False,DraftKings,1,-115,3,REG,-170,142,-1.5,Final,6.5,-105
VAN,2026-01-16T00:00Z,401803094,CBJ,2025,Vancouver Canucks,1,Columbus Blue Jackets,4,140,140,145,-166,-166,-175,False,DraftKings,1,-125,3,REG,-175,145,-1.5,Final,6.5,105
SEA,2026-01-16T01:00Z,401803090,BOS,2025,Seattle Kraken,2,Boston Bruins,4,145,145,142,-175,-175,-170,False,DraftKings,1,114,3,REG,-175,145,-1.5,Final,6.5,-135
WPG,2026-01-16T01:00Z,401803095,MIN,2025,Winnipeg Jets,6,Minnesota Wild,2,114,114,130,-135,-135,-155,False,DraftKings,1,-120,3,REG,-218,180,-1.5,Final,5.5,100
CGY,2026-01-16T01:30Z,401803096,CHI,2025,Calgary Flames,3,Chicago Blackhawks,1,100,100,-115,-120,-120,-105,False,DraftKings,1,110,3,REG,-250,205,-1.5,Final,6.5,-130
DAL,2026-01-16T02:00Z,401803097,UTA,2025,Dallas Stars,1,Utah Mammoth,2,110,110,-120,-130,-130,100,False,DraftKings,1,-135,3,REG,-250,205,-1.5,Final,5.5,114
NYI,2026-01-16T02:00Z,401803098,EDM,2025,New York Islanders,1,Edmonton Oilers,0,142,142,154,-170,-170,-185,False,DraftKings,1,-112,3,REG,-175,145,-1.5,Final,6.5,-108
TOR,2026-01-16T02:30Z,401803099,VGK,2025,Toronto Maple Leafs,5,Vegas Golden Knights,6,110,110,114,-130,-130,-135,False,DraftKings,1,-135,4,OT,-230,190,-1.5,Final/OT,5.5,114
SJ,2026-01-17T00:00Z,401803100,DET,2025,San Jose Sharks,2,Detroit Red Wings,4,140,140,200,-166,-166,-245,False,DraftKings,1,-108,3,REG,-155,130,-1.5,Final,6.5,-112
FLA,2026-01-17T00:00Z,401803101,CAR,2025,Florida Panthers,1,Carolina Hurricanes,9,150,150,142,-180,-180,-170,False,DraftKings,1,-135,3,REG,-166,140,-1.5,Final,5.5,114
TB,2026-01-17T01:00Z,401803102,STL,2025,Tampa Bay Lightning,2,St. Louis Blues,3,-205,-205,-162,170,170,136,False,DraftKings,1,-108,5,SO,130,-155,1.5,Final/SO,5.5,-112
NSH,2026-01-17T02:00Z,401803103,COL,2025,Nashville Predators,7,Colorado Avalanche,3,260,260,230,-325,-325,-285,False,DraftKings,1,-108,3,REG,105,-125,-1.5,Final,6.5,-112
ANA,2026-01-17T03:30Z,401803104,LA,2025,Anaheim Ducks,3,Los Angeles Kings,2,124,124,150,-148,-148,-180,False,DraftKings,1,-130,5,SO,-198,164,-1.5,Final/SO,5.5,110
MIN,2026-01-17T17:30Z,401803105,BUF,2025,Minnesota Wild,5,Buffalo Sabres,4,105,105,-105,-125,-125,-115,False,DraftKings,1,100,4,OT,-245,200,-1.5,Final/OT,6.5,-120
NYR,2026-01-17T18:00Z,401803106,PHI,2025,New York Rangers,6,Philadelphia Flyers,3,105,105,110,-125,-125,-130,False,DraftKings,1,-115,3,REG,-230,190,-1.5,Final,6.5,-105
NYI,2026-01-17T20:00Z,401803107,CGY,2025,New York Islanders,2,Calgary Flames,4,105,105,-105,-125,-125,-115,False,DraftKings,1,-130,3,REG,-250,205,-1.5,Final,5.5,110
SEA,2026-01-17T22:00Z,401803108,UTA,2025,Seattle Kraken,3,Utah Mammoth,6,164,164,145,-198,-198,-175,False,DraftKings,1,-125,3,REG,-155,130,-1.5,Final,5.5,105
MTL,2026-01-18T00:00Z,401803109,OTT,2025,Montreal Canadiens,6,Ottawa Senators,5,100,100,120,-120,-120,-142,False,DraftKings,1,-105,4,OT,-250,205,-1.5,Final/OT,6.5,-115
CAR,2026-01-18T00:00Z,401803110,NJ,2025,Carolina Hurricanes,4,New Jersey Devils,1,-115,-115,-115,-105,-105,-105,False,DraftKings,1,-142,3,REG,210,-258,1.5,Final,5.5,120
CBJ,2026-01-18T00:00Z,401803111,PIT,2025,Columbus Blue Jackets,4,Pittsburgh Penguins,3,-102,-102,114,-118,-118,-135,False,DraftKings,1,-130,5,SO,-230,190,-1.5,Final/SO,6.5,110
FLA,2026-01-18T00:00Z,401803112,WSH,2025,Florida Panthers,5,Washington Capitals,2,136,136,114,-162,-162,-135,False,DraftKings,1,110,3,REG,-198,164,-1.5,Final,6.5,-130
TOR,2026-01-18T00:00Z,401803113,WPG,2025,Toronto Maple Leafs,4,Winnipeg Jets,3,124,124,105,-148,-148,-125,False,DraftKings,1,114,4,OT,-205,170,-1.5,Final/OT,6.5,-135
BOS,2026-01-18T01:00Z,401803114,CHI,2025,Boston Bruins,5,Chicago Blackhawks,2,-125,-125,-118,105,105,-102,False,DraftKings,1,-105,3,REG,205,-250,1.5,Final,6.5,-115
EDM,2026-01-18T03:00Z,401803115,VAN,2025,Edmonton Oilers,6,Vancouver Canucks,0,-185,-185,-180,154,154,150,False,DraftKings,1,-105,3,REG,130,-155,1.5,Final,6.5,-115
NSH,2026-01-18T03:00Z,401803116,VGK,2025,Nashville Predators,2,Vegas Golden Knights,7,180,180,200,-218,-218,-245,False,DraftKings,1,102,3,REG,-130,110,-1.5,Final,6.5,-122
LA,2026-01-18T03:00Z,401803117,ANA,2025,Los Angeles Kings,1,Anaheim Ducks,2,-115,-115,-115,-105,-105,-105,False,DraftKings,1,105,4,OT,205,-250,1.5,Final/OT,6.5,-125
TB,2026-01-18T19:00Z,401803118,DAL,2025,Tampa Bay Lightning,4,Dallas Stars,1,-118,-118,-105,-102,-102,-115,False,DraftKings,1,-130,3,REG,210,-258,1.5,Final,5.5,110
OTT,2026-01-18T22:00Z,401803119,DET,2025,Ottawa Senators,3,Detroit Red Wings,4,105,105,105,-125,-125,-125,False,DraftKings,1,-102,4,OT,-230,190,-1.5,Final/OT,6.5,-118
STL,2026-01-19T01:00Z,401803120,EDM,2025,St. Louis Blues,0,Edmonton Oilers,5,136,136,154,-162,-162,-185,False,DraftKings,1,-102,3,REG,-175,145,-1.5,Final,6.5,-118
BUF,2026-01-19T18:30Z,401803121,CAR,2025,Buffalo Sabres,1,Carolina Hurricanes,2,154,154,170,-185,-185,-205,False,DraftKings,1,-112,3,REG,-155,130,-1.5,Final,6.5,-108
WSH,2026-01-19T21:00Z,401803122,COL,2025,Washington Capitals,2,Colorado Avalanche,5,180,180,160,-218,-218,-192,False,DraftKings,1,-115,3,REG,-130,110,-1.5,Final,6.5,-105
PIT,2026-01-19T22:00Z,401803123,SEA,2025,Pittsburgh Penguins,6,Seattle Kraken,3,-130,-130,-110,110,110,-110,False,DraftKings,1,-130,3,REG,200,-245,1.5,Final,5.5,110
SJ,2026-01-19T23:00Z,401803124,FLA,2025,San Jose Sharks,4,Florida Panthers,1,154,154,170,-185,-185,-205,False,DraftKings,1,-115,3,REG,-155,130,-1.5,Final,6.5,-105
MIN,2026-01-20T00:30Z,401803125,TOR,2025,Minnesota Wild,6,Toronto Maple Leafs,3,-110,-110,102,-110,-110,-122,False,DraftKings,1,114,3,REG,-270,220,-1.5,Final,6.5,-135
PHI,2026-01-20T01:00Z,401803126,VGK,2025,Philadelphia Flyers,2,Vegas Golden Knights,1,190,190,170,-230,-230,-205,False,DraftKings,1,-102,3,REG,-125,105,-1.5,Final,6.5,-118
WPG,2026-01-20T01:30Z,401803127,CHI,2025,Winnipeg Jets,0,Chicago Blackhawks,2,-148,-148,-142,124,124,120,False,DraftKings,1,-125,3,REG,164,-198,1.5,Final,5.5,105
NJ,2026-01-20T02:00Z,401803128,CGY,2025,New Jersey Devils,2,Calgary Flames,1,-125,-125,-125,105,105,105,False,DraftKings,1,-125,4,OT,200,-245,1.5,Final/OT,5.5,105
NYI,2026-01-20T03:00Z,401803129,VAN,2025,New York Islanders,4,Vancouver Canucks,3,-155,-155,-142,130,130,120,False,DraftKings,1,-122,3,REG,164,-198,1.5,Final,5.5,102
NYR,2026-01-20T03:00Z,401803130,ANA,2025,New York Rangers,3,Anaheim Ducks,5,124,124,114,-148,-148,-135,False,DraftKings,1,-135,3,REG,-205,170,-1.5,Final,6.5,114
MIN,2026-01-21T00:00Z,401803131,MTL,2025,Minnesota Wild,3,Montreal Canadiens,4,120,120,120,-142,-142,-142,False,DraftKings,1,100,3,REG,-218,180,-1.5,Final,6.5,-120
SJ,2026-01-21T00:00Z,401803132,TB,2025,San Jose Sharks,1,Tampa Bay Lightning,4,250,250,240,-310,-310,-298,False,DraftKings,1,-110,3,REG,100,-120,-1.5,Final,6.5,-110
OTT,2026-01-21T00:00Z,401803133,CBJ,2025,Ottawa Senators,4,Columbus Blue Jackets,1,-115,-115,-110,-105,-105,-110,False,DraftKings,1,-130,3,REG,205,-250,1.5,Final,6.5,110
BOS,2026-01-21T00:30Z,401803134,DAL,2025,Boston Bruins,2,Dallas Stars,6,114,114,164,-135,-135,-198,False,DraftKings,1,-122,3,REG,-205,170,-1.5,Final,5.5,102
BUF,2026-01-21T01:00Z,401803135,NSH,2025,Buffalo Sabres,5,Nashville Predators,3,114,114,110,-135,-135,-130,False,DraftKings,1,102,3,REG,-218,180,-1.5,Final,6.5,-122
STL,2026-01-21T01:00Z,401803136,WPG,2025,St. Louis Blues,1,Winnipeg Jets,3,105,105,136,-125,-125,-162,False,DraftKings,1,-135,3,REG,-245,200,-1.5,Final,5.5,114
NJ,2026-01-21T03:00Z,401803137,EDM,2025,New Jersey Devils,2,Edmonton Oilers,1,145,145,130,-175,-175,-155,False,DraftKings,1,105,3,REG,-166,140,-1.5,Final,6.5,-125
NYR,2026-01-21T03:00Z,401803138,LA,2025,New York Rangers,3,Los Angeles Kings,4,154,154,142,-185,-185,-170,False,DraftKings,1,-118,3,REG,-166,140,-1.5,Final,5.5,-102
DET,2026-01-22T00:00Z,401803139,TOR,2025,Detroit Red Wings,2,Toronto Maple Leafs,1,105,105,110,-125,-125,-130,False,DraftKings,1,105,4,OT,-238,195,-1.5,Final/OT,6.5,-125
ANA,2026-01-22T02:00Z,401803140,COL,2025,Anaheim Ducks,2,Colorado Avalanche,1,280,280,225,-355,-355,-278,False,DraftKings,1,-142,5,SO,114,-135,-1.5,Final/SO,6.5,120
PHI,2026-01-22T02:00Z,401803141,UTA,2025,Philadelphia Flyers,4,Utah Mammoth,5,150,150,136,-180,-180,-162,False,DraftKings,1,-135,4,OT,-166,140,-1.5,Final/OT,5.5,114
PIT,2026-01-22T02:30Z,401803142,CGY,2025,Pittsburgh Penguins,4,Calgary Flames,1,-125,-125,-110,105,105,-110,False,DraftKings,1,-125,3,REG,195,-238,1.5,Final,5.5,105
NYI,2026-01-22T02:30Z,401803144,SEA,2025,New York Islanders,1,Seattle Kraken,4,-112,-112,-115,-108,-108,-105,False,DraftKings,1,-108,3,REG,220,-270,1.5,Final,5.5,-112
WSH,2026-01-22T03:00Z,401803143,VAN,2025,Washington Capitals,3,Vancouver Canucks,4,-180,-180,-155,150,150,130,False,DraftKings,1,-102,3,REG,145,-175,1.5,Final,6.5,-118
VGK,2026-01-23T00:00Z,401803145,BOS,2025,Vegas Golden Knights,3,Boston Bruins,4,-162,-162,-148,136,136,124,False,DraftKings,1,102,3,REG,164,-198,1.5,Final,6.5,-122
BUF,2026-01-23T00:00Z,401803146,MTL,2025,Buffalo Sabres,4,Montreal Canadiens,2,100,100,110,-120,-120,-130,False,DraftKings,1,-122,3,REG,-245,200,-1.5,Final,6.5,102
CHI,2026-01-23T00:00Z,401803147,CAR,2025,Chicago Blackhawks,4,Carolina Hurricanes,3,240,240,235,-298,-298,-290,False,DraftKings,1,114,5,SO,-105,-115,-1.5,Final/SO,6.5,-135
DAL,2026-01-23T00:00Z,401803148,CBJ,2025,Dallas Stars,0,Columbus Blue Jackets,1,-110,-110,-125,-110,-110,105,False,DraftKings,1,102,3,REG,220,-270,1.5,Final,6.5,-122
OTT,2026-01-23T01:00Z,401803149,NSH,2025,Ottawa Senators,3,Nashville Predators,5,-118,-118,-112,-102,-102,-108,False,DraftKings,1,105,3,REG,205,-250,1.5,Final,6.5,-125
FLA,2026-01-23T01:00Z,401803150,WPG,2025,Florida Panthers,2,Winnipeg Jets,1,-110,-110,-115,-110,-110,-105,False,DraftKings,1,-130,5,SO,215,-265,1.5,Final/SO,5.5,110
PIT,2026-01-23T02:00Z,401803151,EDM,2025,Pittsburgh Penguins,6,Edmonton Oilers,2,160,160,164,-192,-192,-198,False,DraftKings,1,-130,3,REG,-155,130,-1.5,Final,6.5,110
DET,2026-01-23T02:30Z,401803152,MIN,2025,Detroit Red Wings,3,Minnesota Wild,4,136,136,130,-162,-162,-155,False,DraftKings,1,102,4,OT,-185,154,-1.5,Final/OT,6.5,-122
VGK,2026-01-24T00:00Z,401803153,TOR,2025,Vegas Golden Knights,6,Toronto Maple Leafs,3,-122,-122,-110,102,102,-110,False,DraftKings,1,102,3,REG,195,-238,1.5,Final,6.5,-122
TB,2026-01-24T00:00Z,401803154,CHI,2025,Tampa Bay Lightning,2,Chicago Blackhawks,1,-310,-310,-250,250,250,205,False,DraftKings,1,120,5,SO,-118,-102,1.5,Final/SO,6.5,-142
STL,2026-01-24T01:00Z,401803155,DAL,2025,St. Louis Blues,2,Dallas Stars,3,136,136,145,-162,-162,-175,False,DraftKings,1,-112,3,REG,-180,150,-1.5,Final,5.5,-108
PHI,2026-01-24T02:00Z,401803156,COL,2025,Philadelphia Flyers,7,Colorado Avalanche,3,260,260,235,-325,-325,-290,False,DraftKings,1,-115,3,REG,114,-135,-1.5,Final,6.5,-105
WSH,2026-01-24T02:00Z,401803157,CGY,2025,Washington Capitals,3,Calgary Flames,1,-148,-148,-142,124,124,120,False,DraftKings,1,-125,3,REG,180,-218,1.5,Final,5.5,105
NJ,2026-01-24T03:00Z,401803158,VAN,2025,New Jersey Devils,5,Vancouver Canucks,4,-155,-155,-142,130,130,120,False,DraftKings,1,-135,3,REG,170,-205,1.5,Final,5.5,114
NYR,2026-01-24T03:00Z,401803159,SJ,2025,New York Rangers,1,San Jose Sharks,3,110,110,-105,-130,-130,-115,False,DraftKings,1,-135,3,REG,-218,180,-1.5,Final,6.5,114
ANA,2026-01-24T03:00Z,401803160,SEA,2025,Anaheim Ducks,4,Seattle Kraken,2,102,102,-105,-122,-122,-115,False,DraftKings,1,100,3,REG,-230,190,-1.5,Final,6.5,-120
BUF,2026-01-24T18:00Z,401803161,NYI,2025,Buffalo Sabres,5,New York Islanders,0,-110,-110,102,-110,-110,-122,False,DraftKings,1,-102,3,REG,-278,225,-1.5,Final,6.5,-118
UTA,2026-01-24T18:30Z,401803162,NSH,2025,Utah Mammoth,5,Nashville Predators,2,-115,-115,-105,-105,-105,-115,False,DraftKings,1,110,3,REG,210,-258,1.5,Final,6.5,-130
MTL,2026-01-25T00:00Z,401803163,BOS,2025,Montreal Canadiens,3,Boston Bruins,4,-105,-105,-110,-115,-115,-110,False,DraftKings,1,-108,3,REG,-245,200,-1.5,Final,6.5,-112
CAR,2026-01-25T00:00Z,401803164,OTT,2025,Carolina Hurricanes,4,Ottawa Senators,1,-135,-135,-125,114,114,105,False,DraftKings,1,105,3,REG,185,-225,1.5,Final,6.5,-125
TB,2026-01-25T00:00Z,401803165,CBJ,2025,Tampa Bay Lightning,5,Columbus Blue Jackets,8,-115,-115,-125,-105,-105,105,False,DraftKings,1,102,3,REG,205,-250,1.5,Final,6.5,-122
DET,2026-01-25T00:00Z,401803166,WPG,2025,Detroit Red Wings,5,Winnipeg Jets,1,105,105,105,-125,-125,-125,False,DraftKings,1,-135,3,REG,-238,195,-1.5,Final,5.5,114
LA,2026-01-25T01:00Z,401803167,STL,2025,Los Angeles Kings,5,St. Louis Blues,4,-148,-148,-142,124,124,120,False,DraftKings,1,110,5,SO,180,-218,1.5,Final/SO,5.5,-130
FLA,2026-01-25T02:00Z,401803168,MIN,2025,Florida Panthers,4,Minnesota Wild,3,110,110,102,-130,-130,-122,False,DraftKings,1,110,4,OT,-238,195,-1.5,Final/OT,6.5,-130
WSH,2026-01-25T03:00Z,401803169,EDM,2025,Washington Capitals,5,Edmonton Oilers,6,145,145,145,-175,-175,-175,False,DraftKings,1,-130,4,OT,-162,136,-1.5,Final/OT,6.5,110
COL,2026-01-25T18:30Z,401803170,TOR,2025,Colorado Avalanche,4,Toronto Maple Leafs,1,-175,-175,-155,145,145,130,False,DraftKings,1,-118,3,REG,136,-162,1.5,Final,6.5,-102
NJ,2026-01-25T20:00Z,401803171,SEA,2025,New Jersey Devils,2,Seattle Kraken,4,-125,-125,-122,105,105,102,False,DraftKings,1,-120,3,REG,195,-238,1.5,Final,5.5,100
VGK,2026-01-25T22:00Z,401803172,OTT,2025,Vegas Golden Knights,1,Ottawa Senators,7,-148,-148,-135,124,124,114,False,DraftKings,1,-110,3,REG,164,-198,1.5,Final,6.5,-110
PIT,2026-01-25T23:00Z,401803173,VAN,2025,Pittsburgh Penguins,3,Vancouver Canucks,2,-148,-148,-135,124,124,114,False,DraftKings,1,102,3,REG,170,-205,1.5,Final,6.5,-122
FLA,2026-01-26T00:00Z,401803174,CHI,2025,Florida Panthers,5,Chicago Blackhawks,1,-135,-135,-142,114,114,120,False,DraftKings,1,-122,3,REG,190,-230,1.5,Final,5.5,102
ANA,2026-01-26T01:00Z,401803175,CGY,2025,Anaheim Ducks,4,Calgary Flames,3,-112,-112,102,-108,-108,-122,False,DraftKings,1,-130,4,OT,-278,225,-1.5,Final/OT,5.5,110
UTA,2026-01-27T00:00Z,401803176,TB,2025,Utah Mammoth,0,Tampa Bay Lightning,2,130,130,145,-155,-155,-175,False,DraftKings,1,-135,3,REG,-185,154,-1.5,Final,5.5,114
BOS,2026-01-27T00:00Z,401803177,NYR,2025,Boston Bruins,3,New York Rangers,4,-122,-122,-105,102,102,-115,False,DraftKings,1,-118,4,OT,195,-238,1.5,Final/OT,6.5,-102
NYI,2026-01-27T00:00Z,401803178,PHI,2025,New York Islanders,4,Philadelphia Flyers,0,-105,-105,105,-115,-115,-125,False,DraftKings,1,-125,3,REG,-258,210,-1.5,Final,5.5,105
ANA,2026-01-27T01:30Z,401803180,EDM,2025,Anaheim Ducks,4,Edmonton Oilers,7,220,220,215,-270,-270,-265,False,DraftKings,1,-142,3,REG,-105,-115,-1.5,Final,6.5,120
NSH,2026-01-28T00:00Z,401803181,BOS,2025,Nashville Predators,2,Boston Bruins,3,-105,-105,-115,-115,-115,-105,False,DraftKings,1,-108,4,OT,-265,215,-1.5,Final/OT,6.5,-112
BUF,2026-01-28T00:00Z,401803182,TOR,2025,Buffalo Sabres,7,Toronto Maple Leafs,4,-102,-102,100,-118,-118,-120,False,DraftKings,1,-118,3,REG,-245,200,-1.5,Final,6.5,-102
VGK,2026-01-28T00:00Z,401803183,MTL,2025,Vegas Golden Knights,2,Montreal Canadiens,3,-120,-120,-115,100,100,-105,False,DraftKings,1,-105,4,OT,200,-245,1.5,Final/OT,6.5,-115
LA,2026-01-28T00:00Z,401803184,DET,2025,Los Angeles Kings,3,Detroit Red Wings,1,105,105,124,-125,-125,-148,False,DraftKings,1,-105,3,REG,-245,200,-1.5,Final,5.5,-115
UTA,2026-01-28T00:00Z,401803185,FLA,2025,Utah Mammoth,4,Florida Panthers,3,140,140,145,-166,-166,-175,False,DraftKings,1,110,3,REG,-185,154,-1.5,Final,6.5,-130
WPG,2026-01-28T00:00Z,401803186,NJ,2025,Winnipeg Jets,4,New Jersey Devils,3,110,110,105,-130,-130,-125,False,DraftKings,1,-105,3,REG,-245,200,-1.5,Final,5.5,-115
DAL,2026-01-28T01:00Z,401803187,STL,2025,Dallas Stars,4,St. Louis Blues,3,-162,-162,-155,136,136,130,False,DraftKings,1,-115,3,REG,164,-198,1.5,Final,5.5,-105
CHI,2026-01-28T01:00Z,401803188,MIN,2025,Chicago Blackhawks,3,Minnesota Wild,4,164,164,200,-198,-198,-245,False,DraftKings,1,110,5,SO,-155,130,-1.5,Final/SO,6.5,-130
SJ,2026-01-28T03:00Z,401803189,VAN,2025,San Jose Sharks,5,Vancouver Canucks,2,-135,-135,-115,114,114,-105,False,DraftKings,1,-120,3,REG,190,-230,1.5,Final,6.5,100
WSH,2026-01-28T03:00Z,401803190,SEA,2025,Washington Capitals,1,Seattle Kraken,5,-118,-118,-142,-102,-102,120,False,DraftKings,1,-110,3,REG,200,-245,1.5,Final,6.5,-110
NYR,2026-01-29T00:00Z,401803193,NYI,2025,New York Rangers,2,New York Islanders,5,124,124,124,-148,-148,-148,False,DraftKings,1,110,3,REG,-198,164,-1.5,Final,6.5,-130
PHI,2026-01-29T00:30Z,401803191,CBJ,2025,Philadelphia Flyers,3,Columbus Blue Jackets,5,-105,-105,110,-115,-115,-130,False,DraftKings,1,100,3,REG,-245,200,-1.5,Final,6.5,-120
COL,2026-01-29T00:30Z,401803192,OTT,2025,Colorado Avalanche,2,Ottawa Senators,5,-155,-155,-155,130,130,130,False,DraftKings,1,-125,3,REG,154,-185,1.5,Final,6.5,105
PHI,2026-01-30T00:00Z,401803194,BOS,2025,Philadelphia Flyers,3,Boston Bruins,6,136,136,130,-162,-162,-155,False,DraftKings,1,105,3,REG,-185,154,-1.5,Final,6.5,-125
LA,2026-01-30T00:00Z,401803195,BUF,2025,Los Angeles Kings,1,Buffalo Sabres,4,105,105,100,-125,-125,-120,False,DraftKings,1,-115,3,REG,-238,195,-1.5,Final,5.5,-105
COL,2026-01-30T00:00Z,401803196,MTL,2025,Colorado Avalanche,3,Montreal Canadiens,7,-130,-130,-125,110,110,105,False,DraftKings,1,-130,3,REG,180,-218,1.5,Final,6.5,110
WPG,2026-01-30T00:00Z,401803198,TB,2025,Winnipeg Jets,1,Tampa Bay Lightning,4,154,154,150,-185,-185,-180,False,DraftKings,1,-108,3,REG,-162,136,-1.5,Final,5.5,-112
NSH,2026-01-30T00:00Z,401803199,NJ,2025,Nashville Predators,2,New Jersey Devils,3,105,105,110,-125,-125,-130,False,DraftKings,1,-135,4,OT,-238,195,-1.5,Final/OT,5.5,114
NYI,2026-01-30T00:00Z,401803200,NYR,2025,New York Islanders,2,New York Rangers,1,-142,-142,-110,120,120,-110,False,DraftKings,1,-135,3,REG,180,-218,1.5,Final,5.5,114
CHI,2026-01-30T00:00Z,401803201,PIT,2025,Chicago Blackhawks,2,Pittsburgh Penguins,6,154,154,136,-185,-185,-162,False,DraftKings,1,-102,3,REG,-166,140,-1.5,Final,6.5,-118
UTA,2026-01-30T00:00Z,401803202,CAR,2025,Utah Mammoth,4,Carolina Hurricanes,5,160,160,164,-192,-192,-198,False,DraftKings,1,110,3,REG,-166,140,-1.5,Final,6.5,-130
WSH,2026-01-30T00:30Z,401803197,DET,2025,Washington Capitals,4,Detroit Red Wings,3,110,110,-105,-130,-130,-115,False,DraftKings,1,-110,5,SO,-225,185,-1.5,Final/SO,6.5,-110
FLA,2026-01-30T01:00Z,401803203,STL,2025,Florida Panthers,4,St. Louis Blues,5,-155,-155,-142,130,130,120,False,DraftKings,1,-115,3,REG,160,-192,1.5,Final,5.5,-105
CGY,2026-01-30T01:00Z,401803204,MIN,2025,Calgary Flames,1,Minnesota Wild,4,154,154,180,-185,-185,-218,False,DraftKings,1,-135,3,REG,-162,136,-1.5,Final,5.5,114
SJ,2026-01-30T02:00Z,401803205,EDM,2025,San Jose Sharks,3,Edmonton Oilers,4,160,160,200,-192,-192,-245,False,DraftKings,1,-162,4,OT,-148,124,-1.5,Final/OT,6.5,136
ANA,2026-01-30T03:00Z,401803206,VAN,2025,Anaheim Ducks,0,Vancouver Canucks,2,-155,-155,-130,130,130,110,False,DraftKings,1,-130,3,REG,164,-198,1.5,Final,6.5,110
DAL,2026-01-30T03:00Z,401803207,VGK,2025,Dallas Stars,5,Vegas Golden Knights,4,100,100,105,-120,-120,-125,False,DraftKings,1,-135,5,SO,-245,200,-1.5,Final/SO,5.5,114
TOR,2026-01-30T03:00Z,401803208,SEA,2025,Toronto Maple Leafs,2,Seattle Kraken,5,-118,-118,-120,-102,-102,100,False,DraftKings,1,-105,3,REG,205,-250,1.5,Final,6.5,-115
CBJ,2026-01-31T01:30Z,401803209,CHI,2025,Columbus Blue Jackets,4,Chicago Blackhawks,2,-162,-162,-162,136,136,136,False,DraftKings,1,102,3,REG,154,-185,1.5,Final,6.5,-122
LA,2026-01-31T17:30Z,401803210,PHI,2025,Los Angeles Kings,3,Philadelphia Flyers,2,-112,-112,-112,-108,-108,-108,False,DraftKings,1,-115,4,OT,225,-278,1.5,Final/OT,5.5,-105
COL,2026-01-31T18:00Z,401803211,DET,2025,Colorado Avalanche,5,Detroit Red Wings,0,-130,-130,-148,110,110,124,False,DraftKings,1,105,3,REG,180,-218,1.5,Final,6.5,-125
NYR,2026-01-31T20:30Z,401803212,PIT,2025,New York Rangers,5,Pittsburgh Penguins,6,170,170,114,-205,-205,-135,False,DraftKings,1,100,3,REG,-142,120,-1.5,Final,6.5,-120
WPG,2026-01-31T21:00Z,401803213,FLA,2025,Winnipeg Jets,2,Florida Panthers,1,124,124,142,-148,-148,-170,False,DraftKings,1,-125,3,REG,-205,170,-1.5,Final,5.5,105
SJ,2026-01-31T21:00Z,401803214,CGY,2025,San Jose Sharks,2,Calgary Flames,3,-112,-112,120,-108,-108,-142,False,DraftKings,1,110,3,REG,-278,225,-1.5,Final,6.5,-130
CAR,2026-01-31T22:00Z,401803215,WSH,2025,Carolina Hurricanes,3,Washington Capitals,4,-192,-192,-122,160,160,102,False,DraftKings,1,-115,4,OT,136,-162,1.5,Final/OT,6.5,-105
MTL,2026-02-01T00:00Z,401803216,BUF,2025,Montreal Canadiens,4,Buffalo Sabres,2,105,105,102,-125,-125,-122,False,DraftKings,1,-122,3,REG,-218,180,-1.5,Final,6.5,102
NJ,2026-02-01T00:00Z,401803217,OTT,2025,New Jersey Devils,1,Ottawa Senators,4,136,136,120,-162,-162,-142,False,DraftKings,1,-120,3,REG,-185,154,-1.5,Final,5.5,100
NSH,2026-02-01T00:00Z,401803218,NYI,2025,Nashville Predators,4,New York Islanders,3,105,105,114,-125,-125,-135,False,DraftKings,1,-120,3,REG,-238,195,-1.5,Final,5.5,100
CBJ,2026-02-01T00:00Z,401803219,STL,2025,Columbus Blue Jackets,5,St. Louis Blues,3,-118,-118,-108,-102,-102,-112,False,DraftKings,1,100,3,REG,-278,225,-1.5,Final,6.5,-120
TOR,2026-02-01T00:00Z,401803220,VAN,2025,Toronto Maple Leafs,3,Vancouver Canucks,2,-162,-162,-148,136,136,124,False,DraftKings,1,-118,5,SO,154,-185,1.5,Final/SO,6.5,-102
DAL,2026-02-01T02:00Z,401803221,UTA,2025,Dallas Stars,3,Utah Mammoth,2,100,100,-115,-120,-120,-105,False,DraftKings,1,-120,3,REG,-258,210,-1.5,Final,5.5,100
MIN,2026-02-01T03:00Z,401803222,EDM,2025,Minnesota Wild,7,Edmonton Oilers,3,110,110,114,-130,-130,-135,False,DraftKings,1,-142,3,REG,-218,180,-1.5,Final,6.5,120
SEA,2026-02-01T03:00Z,401803223,VGK,2025,Seattle Kraken,3,Vegas Golden Knights,2,160,160,180,-192,-192,-218,False,DraftKings,1,110,3,REG,-148,124,-1.5,Final,6.5,-130
LA,2026-02-01T20:00Z,401803225,CAR,2025,Los Angeles Kings,2,Carolina Hurricanes,3,150,150,154,-180,-180,-185,False,DraftKings,1,-118,4,OT,-170,142,-1.5,Final/OT,5.5,-102
BOS,2026-02-01T23:30Z,401803224,TB,2025,Boston Bruins,5,Tampa Bay Lightning,6,180,180,180,-218,-218,-218,True,DraftKings,1,-130,5,SO,-148,124,-1.5,Final/SO,5.5,110
VGK,2026-02-02T02:30Z,401803226,ANA,2025,Vegas Golden Knights,3,Anaheim Ducks,4,-102,-102,-125,-118,-118,105,False,DraftKings,1,-120,3,REG,-258,210,-1.5,Final,6.5,100
BUF,2026-02-03T00:00Z,401803227,FLA,2025,Buffalo Sabres,5,Florida Panthers,3,-105,-105,114,-115,-115,-135,False,DraftKings,1,105,3,REG,-250,205,-1.5,Final,6.5,-125
OTT,2026-02-03T00:00Z,401803228,PIT,2025,Ottawa Senators,3,Pittsburgh Penguins,2,-130,-130,-115,110,110,-105,False,DraftKings,1,-105,3,REG,200,-245,1.5,Final,6.5,-115
NYI,2026-02-03T00:00Z,401803229,WSH,2025,New York Islanders,1,Washington Capitals,4,110,110,120,-130,-130,-142,False,DraftKings,1,-108,3,REG,-230,190,-1.5,Final,6.5,-112
MTL,2026-02-03T00:30Z,401803230,MIN,2025,Montreal Canadiens,3,Minnesota Wild,4,110,110,124,-130,-130,-148,False,DraftKings,1,-115,4,OT,-218,180,-1.5,Final/OT,6.5,-105
STL,2026-02-03T01:00Z,401803231,NSH,2025,St. Louis Blues,5,Nashville Predators,6,120,120,130,-142,-142,-155,False,DraftKings,1,-125,3,REG,-218,180,-1.5,Final,5.5,105
SJ,2026-02-03T01:30Z,401803232,CHI,2025,San Jose Sharks,3,Chicago Blackhawks,6,-115,-115,-110,-105,-105,-110,False,DraftKings,1,-102,3,REG,210,-258,1.5,Final,6.5,-118
WPG,2026-02-03T01:30Z,401803233,DAL,2025,Winnipeg Jets,3,Dallas Stars,4,124,124,145,-148,-148,-175,False,DraftKings,1,102,4,OT,-205,170,-1.5,Final/OT,5.5,-122
DET,2026-02-03T02:00Z,401803234,COL,2025,Detroit Red Wings,2,Colorado Avalanche,0,160,160,170,-192,-192,-205,False,DraftKings,1,105,3,REG,-142,120,-1.5,Final,6.5,-125
VAN,2026-02-03T02:30Z,401803235,UTA,2025,Vancouver Canucks,2,Utah Mammoth,6,235,235,215,-290,-290,-265,False,DraftKings,1,-105,3,REG,-108,-112,-1.5,Final,6.5,-115
TOR,2026-02-03T03:00Z,401803236,CGY,2025,Toronto Maple Leafs,4,Calgary Flames,2,-122,-122,-115,102,102,-105,False,DraftKings,1,105,3,REG,200,-245,1.5,Final,6.5,-125
CBJ,2026-02-04T00:00Z,401803238,NJ,2025,Columbus Blue Jackets,3,New Jersey Devils,0,-112,-112,100,-108,-108,-120,False,DraftKings,1,-135,3,REG,-270,220,-1.5,Final,5.5,114
WSH,2026-02-04T00:00Z,401803240,PHI,2025,Washington Capitals,2,Philadelphia Flyers,4,120,120,114,-142,-142,-135,False,DraftKings,1,100,3,REG,-205,170,-1.5,Final,6.5,-120
OTT,2026-02-04T00:00Z,401803241,CAR,2025,Ottawa Senators,3,Carolina Hurricanes,4,150,150,180,-180,-180,-218,False,DraftKings,1,-118,3,REG,-162,136,-1.5,Final,6.5,-102
BUF,2026-02-04T00:30Z,401803237,TB,2025,Buffalo Sabres,3,Tampa Bay Lightning,4,170,170,190,-205,-205,-230,False,DraftKings,1,100,4,OT,-142,120,-1.5,Final/OT,6.5,-120
PIT,2026-02-04T00:30Z,401803239,NYI,2025,Pittsburgh Penguins,4,New York Islanders,5,-120,-120,110,100,100,-130,False,DraftKings,1,-108,4,OT,220,-270,1.5,Final/OT,5.5,-112
TOR,2026-02-04T01:30Z,401803242,EDM,2025,Toronto Maple Leafs,5,Edmonton Oilers,2,160,160,164,-192,-192,-198,False,DraftKings,1,-162,3,REG,-148,124,-1.5,Final,6.5,136
SEA,2026-02-04T03:00Z,401803243,ANA,2025,Seattle Kraken,2,Anaheim Ducks,4,120,120,120,-142,-142,-142,False,DraftKings,1,-105,3,REG,-218,180,-1.5,Final,6.5,-115
BOS,2026-02-05T00:00Z,401803244,FLA,2025,Boston Bruins,4,Florida Panthers,5,136,136,124,-162,-162,-148,False,DraftKings,1,-108,5,SO,-185,154,-1.5,Final/SO,6.5,-112
CHI,2026-02-05T00:00Z,401803245,CBJ,2025,Chicago Blackhawks,0,Columbus Blue Jackets,4,130,130,120,-155,-155,-142,False,DraftKings,1,-120,3,REG,-198,164,-1.5,Final,5.5,100
MTL,2026-02-05T00:00Z,401803246,WPG,2025,Montreal Canadiens,5,Winnipeg Jets,1,110,110,-105,-130,-130,-115,False,DraftKings,1,102,3,REG,-230,190,-1.5,Final,6.5,-122
MIN,2026-02-05T01:00Z,401803247,NSH,2025,Minnesota Wild,6,Nashville Predators,5,-125,-125,-130,105,105,110,False,DraftKings,1,-125,4,OT,190,-230,1.5,Final/OT,6.5,105
SJ,2026-02-05T02:00Z,401803248,COL,2025,San Jose Sharks,2,Colorado Avalanche,4,240,240,240,-298,-298,-298,False,DraftKings,1,-118,3,REG,100,-120,-1.5,Final,6.5,-102
DET,2026-02-05T02:00Z,401803249,UTA,2025,Detroit Red Wings,1,Utah Mammoth,4,114,114,120,-135,-135,-142,False,DraftKings,1,-130,3,REG,-218,180,-1.5,Final,5.5,110
STL,2026-02-05T02:30Z,401803250,DAL,2025,St. Louis Blues,4,Dallas Stars,5,180,180,195,-218,-218,-238,False,DraftKings,1,-130,3,REG,-142,120,-1.5,Final,5.5,110
EDM,2026-02-05T03:00Z,401803251,CGY,2025,Edmonton Oilers,3,Calgary Flames,4,-148,-148,-135,124,124,114,False,DraftKings,1,-115,3,REG,170,-205,1.5,Final,6.5,-105
VAN,2026-02-05T03:00Z,401803252,VGK,2025,Vancouver Canucks,2,Vegas Golden Knights,5,250,250,235,-310,-310,-290,False,DraftKings,1,-102,3,REG,-102,-118,-1.5,Final,6.5,-118
SEA,2026-02-05T03:00Z,401803253,LA,2025,Seattle Kraken,4,Los Angeles Kings,2,145,145,170,-175,-175,-205,False,DraftKings,1,-105,3,REG,-170,142,-1.5,Final,5.5,-115
PIT,2026-02-06T00:00Z,401803254,BUF,2025,Pittsburgh Penguins,5,Buffalo Sabres,2,105,105,114,-125,-125,-135,False,DraftKings,1,-130,3,REG,-218,180,-1.5,Final,6.5,110
NYI,2026-02-06T00:00Z,401803256,NJ,2025,New York Islanders,3,New Jersey Devils,1,-105,-105,-105,-115,-115,-115,False,DraftKings,1,114,3,REG,-285,230,-1.5,Final,5.5,-135
CAR,2026-02-06T00:00Z,401803257,NYR,2025,Carolina Hurricanes,2,New York Rangers,0,-225,-225,-230,185,185,190,False,DraftKings,1,105,3,REG,105,-125,1.5,Final,6.5,-125
OTT,2026-02-06T00:00Z,401803258,PHI,2025,Ottawa Senators,2,Philadelphia Flyers,1,-130,-130,-120,110,110,100,False,DraftKings,1,110,4,OT,180,-218,1.5,Final/OT,6.5,-130
NSH,2026-02-06T00:00Z,401803259,WSH,2025,Nashville Predators,2,Washington Capitals,4,145,145,142,-175,-175,-170,False,DraftKings,1,-112,3,REG,-175,145,-1.5,Final,6.5,-108
FLA,2026-02-06T00:30Z,401803255,TB,2025,Florida Panthers,1,Tampa Bay Lightning,6,180,180,170,-218,-218,-205,False,DraftKings,1,-122,3,REG,-142,120,-1.5,Final,5.5,102
LA,2026-02-06T03:00Z,401803260,VGK,2025,Los Angeles Kings,1,Vegas Golden Knights,4,120,120,124,-142,-142,-148,False,DraftKings,1,-125,3,REG,-218,180,-1.5,Final,5.5,105
BUF,2026-02-26T00:00Z,401803261,NJ,2025,Buffalo Sabres,2,New Jersey Devils,1,-108,-108,-108,-112,-112,-112,False,DraftKings,1,110,3,REG,-270,220,-1.5,Final,6.5,-130
PHI,2026-02-26T00:00Z,401803262,WSH,2025,Philadelphia Flyers,1,Washington Capitals,3,120,120,136,-142,-142,-162,False,DraftKings,1,-112,3,REG,-205,170,-1.5,Final,5.5,-108
TOR,2026-02-26T00:30Z,401803263,TB,2025,Toronto Maple Leafs,2,Tampa Bay Lightning,4,185,185,195,-225,-225,-238,False,DraftKings,1,114,3,REG,-142,120,-1.5,Final,6.5,-135
SEA,2026-02-26T01:00Z,401803264,DAL,2025,Seattle Kraken,1,Dallas Stars,4,142,142,150,-170,-170,-180,False,DraftKings,1,102,3,REG,-185,154,-1.5,Final,5.5,-122
COL,2026-02-26T02:00Z,401803265,UTA,2025,Colorado Avalanche,4,Utah Mammoth,2,-120,-120,-130,100,100,110,False,DraftKings,1,-125,3,REG,205,-250,1.5,Final,5.5,105
WPG,2026-02-26T03:00Z,401803266,VAN,2025,Winnipeg Jets,3,Vancouver Canucks,2,-130,-130,-135,110,110,114,False,DraftKings,1,102,4,OT,195,-238,1.5,Final/OT,6.5,-122
VGK,2026-02-26T03:20Z,401803267,LA,2025,Vegas Golden Knights,6,Los Angeles Kings,4,150,150,-102,-180,-180,-118,False,DraftKings,1,-105,3,REG,-185,154,-1.5,Final,5.5,-115
EDM,2026-02-26T03:30Z,401803268,ANA,2025,Edmonton Oilers,5,Anaheim Ducks,6,-130,-130,-135,110,110,114,False,DraftKings,1,-155,3,REG,180,-218,1.5,Final,6.5,130
CBJ,2026-02-27T00:00Z,401803269,BOS,2025,Columbus Blue Jackets,2,Boston Bruins,4,-105,-105,-110,-115,-115,-110,False,DraftKings,1,-105,3,REG,-258,210,-1.5,Final,6.5,-115
NYI,2026-02-27T00:00Z,401803270,MTL,2025,New York Islanders,4,Montreal Canadiens,3,130,130,130,-155,-155,-155,False,DraftKings,1,-135,4,OT,-205,170,-1.5,Final/OT,5.5,114
DET,2026-02-27T00:00Z,401803271,OTT,2025,Detroit Red Wings,2,Ottawa Senators,1,130,130,124,-155,-155,-148,False,DraftKings,1,-130,4,OT,-192,160,-1.5,Final/OT,5.5,110
TOR,2026-02-27T00:00Z,401803272,FLA,2025,Toronto Maple Leafs,1,Florida Panthers,5,136,136,140,-162,-162,-166,False,DraftKings,1,102,3,REG,-185,154,-1.5,Final,6.5,-122
NJ,2026-02-27T00:00Z,401803273,PIT,2025,New Jersey Devils,1,Pittsburgh Penguins,4,136,136,110,-162,-162,-130,False,DraftKings,1,-130,3,REG,-198,164,-1.5,Final,5.5,110
TB,2026-02-27T00:00Z,401803274,CAR,2025,Tampa Bay Lightning,4,Carolina Hurricanes,5,124,124,130,-148,-148,-155,False,DraftKings,1,102,3,REG,-198,164,-1.5,Final,6.5,-122
PHI,2026-02-27T01:00Z,401803275,NYR,2025,Philadelphia Flyers,3,New York Rangers,2,124,124,-110,-148,-148,-110,False,DraftKings,1,-135,4,OT,-218,180,-1.5,Final/OT,5.5,114
SEA,2026-02-27T01:00Z,401803276,STL,2025,Seattle Kraken,1,St. Louis Blues,5,120,120,124,-142,-142,-148,False,DraftKings,1,-130,3,REG,-218,180,-1.5,Final,5.5,110
CHI,2026-02-27T01:00Z,401803277,NSH,2025,Chicago Blackhawks,2,Nashville Predators,4,145,145,150,-175,-175,-180,False,DraftKings,1,-102,3,REG,-175,145,-1.5,Final,6.5,-118
MIN,2026-02-27T02:00Z,401803278,COL,2025,Minnesota Wild,5,Colorado Avalanche,2,130,130,130,-155,-155,-155,False,DraftKings,1,-105,3,REG,-185,154,-1.5,Final,6.5,-115
CGY,2026-02-27T03:00Z,401803279,SJ,2025,Calgary Flames,4,San Jose Sharks,1,110,110,105,-130,-130,-125,False,DraftKings,1,102,3,REG,-230,190,-1.5,Final,6.5,-122
EDM,2026-02-27T03:30Z,401803280,LA,2025,Edmonton Oilers,8,Los Angeles Kings,1,-120,-120,-110,100,100,-110,False,DraftKings,1,-125,3,REG,205,-250,1.5,Final,6.5,105
BUF,2026-02-28T00:00Z,401803281,FLA,2025,Buffalo Sabres,3,Florida Panthers,2,-105,-105,105,-115,-115,-125,False,DraftKings,1,105,3,REG,-258,210,-1.5,Final,6.5,-125
VGK,2026-02-28T00:00Z,401803282,WSH,2025,Vegas Golden Knights,2,Washington Capitals,3,-105,-105,-105,-115,-115,-115,False,DraftKings,1,-130,3,REG,-270,220,-1.5,Final,5.5,110
MIN,2026-02-28T02:00Z,401803283,UTA,2025,Minnesota Wild,2,Utah Mammoth,5,120,120,114,-142,-142,-135,False,DraftKings,1,-108,3,REG,-225,185,-1.5,Final,6.5,-112
WPG,2026-02-28T03:00Z,401803284,ANA,2025,Winnipeg Jets,4,Anaheim Ducks,5,114,114,110,-135,-135,-130,False,DraftKings,1,-135,4,OT,-230,190,-1.5,Final/OT,5.5,114
PIT,2026-02-28T17:30Z,401803285,NYR,2025,Pittsburgh Penguins,2,New York Rangers,3,-125,-125,-105,105,105,-115,False,DraftKings,1,-135,5,SO,195,-238,1.5,Final/SO,5.5,114
BOS,2026-02-28T20:20Z,401803286,PHI,2025,Boston Bruins,1,Philadelphia Flyers,3,-105,-105,110,-115,-115,-130,False,DraftKings,1,110,3,REG,-250,205,-1.5,Final,6.5,-130
EDM,2026-02-28T21:00Z,401803287,SJ,2025,Edmonton Oilers,4,San Jose Sharks,5,-162,-162,-162,136,136,136,False,DraftKings,1,-155,3,REG,160,-192,1.5,Final,6.5,130
NJ,2026-02-28T22:00Z,401803294,STL,2025,New Jersey Devils,3,St. Louis Blues,1,-118,-118,-112,-102,-102,-108,False,DraftKings,1,-115,3,REG,225,-278,1.5,Final,5.5,-105
NYI,2026-02-28T23:00Z,401803288,CBJ,2025,New York Islanders,4,Columbus Blue Jackets,3,120,120,105,-142,-142,-125,False,DraftKings,1,-125,4,OT,-225,185,-1.5,Final/OT,5.5,105
CHI,2026-02-28T23:00Z,401803289,COL,2025,Chicago Blackhawks,1,Colorado Avalanche,3,285,285,295,-360,-360,-375,False,DraftKings,1,102,3,REG,110,-130,-1.5,Final,6.5,-122
OTT,2026-03-01T00:00Z,401803290,TOR,2025,Ottawa Senators,5,Toronto Maple Leafs,2,-135,-135,-110,114,114,-110,False,DraftKings,1,100,3,REG,190,-230,1.5,Final,6.5,-120
WSH,2026-03-01T00:00Z,401803291,MTL,2025,Washington Capitals,2,Montreal Canadiens,6,136,136,130,-162,-162,-155,False,DraftKings,1,-122,3,REG,-185,154,-1.5,Final,6.5,102
BUF,2026-03-01T00:00Z,401803292,TB,2025,Buffalo Sabres,6,Tampa Bay Lightning,2,200,200,195,-245,-245,-238,False,DraftKings,1,-105,3,REG,-120,100,-1.5,Final,6.5,-115
DET,2026-03-01T00:00Z,401803293,CAR,2025,Detroit Red Wings,2,Carolina Hurricanes,5,160,160,170,-192,-192,-205,False,DraftKings,1,105,3,REG,-155,130,-1.5,Final,6.5,-125
CGY,2026-03-01T00:00Z,401803295,LA,2025,Calgary Flames,0,Los Angeles Kings,2,124,124,150,-148,-148,-180,False,DraftKings,1,100,3,REG,-205,170,-1.5,Final,5.5,-120
NSH,2026-03-01T01:00Z,401803296,DAL,2025,Nashville Predators,2,Dallas Stars,3,124,124,136,-148,-148,-162,False,DraftKings,1,110,4,OT,-198,164,-1.5,Final/OT,6.5,-130
VAN,2026-03-01T03:00Z,401803297,SEA,2025,Vancouver Canucks,1,Seattle Kraken,5,136,136,145,-162,-162,-175,False,DraftKings,1,114,3,REG,-185,154,-1.5,Final,6.5,-135
VGK,2026-03-01T18:00Z,401803298,PIT,2025,Vegas Golden Knights,0,Pittsburgh Penguins,5,-155,-155,-155,130,130,130,False,DraftKings,1,-112,3,REG,160,-192,1.5,Final,6.5,-108
CHI,2026-03-01T21:00Z,401803300,UTA,2025,Chicago Blackhawks,4,Utah Mammoth,0,270,270,245,-340,-340,-305,False,DraftKings,1,-105,3,REG,105,-125,-1.5,Final,6.5,-115
WPG,2026-03-01T21:00Z,401803301,SJ,2025,Winnipeg Jets,1,San Jose Sharks,2,-120,-120,-125,100,100,105,False,DraftKings,1,-125,4,OT,205,-250,1.5,Final/OT,5.5,105
STL,2026-03-01T22:00Z,401803302,MIN,2025,St. Louis Blues,3,Minnesota Wild,1,190,190,200,-230,-230,-245,False,DraftKings,1,-108,3,REG,-125,105,-1.5,Final,6.5,-112
FLA,2026-03-01T23:30Z,401803299,NYI,2025,Florida Panthers,4,New York Islanders,5,-155,-155,-130,130,130,110,False,DraftKings,1,-130,3,REG,164,-198,1.5,Final,5.5,110
CGY,2026-03-02T01:00Z,401803303,ANA,2025,Calgary Flames,2,Anaheim Ducks,3,154,154,136,-185,-185,-162,False,DraftKings,1,100,5,SO,-162,136,-1.5,Final/SO,6.5,-120
DET,2026-03-02T19:00Z,401803306,NSH,2025,Detroit Red Wings,4,Nashville Predators,2,-112,-112,-110,-108,-108,-110,False,DraftKings,1,105,3,REG,215,-265,1.5,Final,6.5,-125
CBJ,2026-03-03T00:00Z,401803304,NYR,2025,Columbus Blue Jackets,5,New York Rangers,4,-110,-110,-135,-110,-110,114,False,DraftKings,1,-120,4,OT,-270,220,-1.5,Final/OT,5.5,100
PHI,2026-03-03T00:30Z,401803305,TOR,2025,Philadelphia Flyers,3,Toronto Maple Leafs,2,114,114,114,-135,-135,-135,False,DraftKings,1,110,5,SO,-218,180,-1.5,Final/SO,6.5,-130
DAL,2026-03-03T03:00Z,401803307,VAN,2025,Dallas Stars,6,Vancouver Canucks,1,-205,-205,-175,170,170,145,False,DraftKings,1,-130,3,REG,130,-155,1.5,Final,5.5,110
CAR,2026-03-03T03:00Z,401803308,SEA,2025,Carolina Hurricanes,1,Seattle Kraken,2,-185,-185,-192,154,154,160,False,DraftKings,1,114,3,REG,140,-166,1.5,Final,6.5,-135
COL,2026-03-03T03:30Z,401803309,LA,2025,Colorado Avalanche,4,Los Angeles Kings,2,-185,-185,-170,154,154,142,False,DraftKings,1,-135,3,REG,140,-166,1.5,Final,5.5,114
PIT,2026-03-04T00:00Z,401803310,BOS,2025,Pittsburgh Penguins,1,Boston Bruins,2,100,100,110,-120,-120,-130,False,DraftKings,1,-105,3,REG,-250,205,-1.5,Final,6.5,-115
VGK,2026-03-04T00:00Z,401803311,BUF,2025,Vegas Golden Knights,2,Buffalo Sabres,3,114,114,105,-135,-135,-125,False,DraftKings,1,105,3,REG,-225,185,-1.5,Final,6.5,-125
FLA,2026-03-04T00:00Z,401803312,NJ,2025,Florida Panthers,1,New Jersey Devils,5,-120,-120,-110,100,100,-110,False,DraftKings,1,-130,3,REG,205,-250,1.5,Final,5.5,110
UTA,2026-03-04T00:00Z,401803313,WSH,2025,Utah Mammoth,3,Washington Capitals,2,-108,-108,105,-112,-112,-125,False,DraftKings,1,105,3,REG,-265,215,-1.5,Final,6.5,-125
NSH,2026-03-04T00:00Z,401803314,CBJ,2025,Nashville Predators,2,Columbus Blue Jackets,3,110,110,124,-130,-130,-148,False,DraftKings,1,100,3,REG,-218,180,-1.5,Final,6.5,-120
CHI,2026-03-04T01:00Z,401803315,WPG,2025,Chicago Blackhawks,2,Winnipeg Jets,3,124,124,136,-148,-148,-162,False,DraftKings,1,-120,4,OT,-205,170,-1.5,Final/OT,5.5,100
DAL,2026-03-04T02:00Z,401803316,CGY,2025,Dallas Stars,6,Calgary Flames,1,-130,-130,-120,110,110,100,False,DraftKings,1,-108,3,REG,190,-230,1.5,Final,5.5,-112
OTT,2026-03-04T02:00Z,401803317,EDM,2025,Ottawa Senators,4,Edmonton Oilers,5,100,100,120,-120,-120,-142,False,DraftKings,1,-155,4,OT,-238,195,-1.5,Final/OT,6.5,130
TB,2026-03-04T02:30Z,401803318,MIN,2025,Tampa Bay Lightning,1,Minnesota Wild,5,-142,-142,-120,120,120,100,False,DraftKings,1,105,3,REG,185,-225,1.5,Final,6.5,-125
COL,2026-03-04T03:00Z,401803319,ANA,2025,Colorado Avalanche,5,Anaheim Ducks,1,-148,-148,-155,124,124,130,False,DraftKings,1,-130,3,REG,154,-185,1.5,Final,6.5,110
MTL,2026-03-04T03:00Z,401803320,SJ,2025,Montreal Canadiens,5,San Jose Sharks,7,-135,-135,-135,114,114,114,False,DraftKings,1,-120,3,REG,185,-225,1.5,Final,6.5,100
VGK,2026-03-05T00:00Z,401803321,DET,2025,Vegas Golden Knights,4,Detroit Red Wings,3,114,114,120,-135,-135,-142,False,DraftKings,1,114,4,OT,-230,190,-1.5,Final/OT,6.5,-135
TOR,2026-03-05T00:00Z,401803322,NJ,2025,Toronto Maple Leafs,3,New Jersey Devils,4,105,105,-105,-125,-125,-115,False,DraftKings,1,-130,5,SO,-238,195,-1.5,Final/SO,5.5,110
CAR,2026-03-05T03:00Z,401803323,VAN,2025,Carolina Hurricanes,6,Vancouver Canucks,4,-340,-340,-270,270,270,220,False,DraftKings,1,110,3,REG,-135,114,1.5,Final,6.5,-130
NYI,2026-03-05T03:00Z,401803324,ANA,2025,New York Islanders,1,Anaheim Ducks,5,-125,-125,-115,105,105,-105,False,DraftKings,1,-125,3,REG,210,-258,1.5,Final,6.5,105
STL,2026-03-05T03:00Z,401803325,SEA,2025,St. Louis Blues,3,Seattle Kraken,2,124,124,114,-148,-148,-135,False,DraftKings,1,110,3,REG,-198,164,-1.5,Final,6.5,-130
TOR,2026-03-06T00:00Z,401803326,NYR,2025,Toronto Maple Leafs,2,New York Rangers,6,110,110,-110,-130,-130,-110,False,DraftKings,1,-135,3,REG,-225,185,-1.5,Final,5.5,114
UTA,2026-03-06T00:00Z,401803327,PHI,2025,Utah Mammoth,3,Philadelphia Flyers,0,-120,-120,-120,100,100,100,False,DraftKings,1,-125,3,REG,205,-250,1.5,Final,5.5,105
BUF,2026-03-06T00:00Z,401803328,PIT,2025,Buffalo Sabres,5,Pittsburgh Penguins,1,-115,-115,-115,-105,-105,-105,False,DraftKings,1,-110,3,REG,205,-250,1.5,Final,6.5,-110
FLA,2026-03-06T00:00Z,401803329,CBJ,2025,Florida Panthers,2,Columbus Blue Jackets,4,-105,-105,-105,-115,-115,-115,False,DraftKings,1,-108,3,REG,-265,215,-1.5,Final,6.5,-112
BOS,2026-03-06T01:00Z,401803330,NSH,2025,Boston Bruins,3,Nashville Predators,6,-110,-110,-105,-110,-110,-115,False,DraftKings,1,-108,3,REG,-278,225,-1.5,Final,6.5,-112
TB,2026-03-06T01:00Z,401803331,WPG,2025,Tampa Bay Lightning,1,Winnipeg Jets,4,-205,-205,-175,170,170,145,False,DraftKings,1,-130,3,REG,130,-155,1.5,Final,5.5,110
OTT,2026-03-06T02:00Z,401803332,CGY,2025,Ottawa Senators,4,Calgary Flames,1,-180,-180,-148,150,150,124,False,DraftKings,1,-112,3,REG,145,-175,1.5,Final,5.5,-108
NYI,2026-03-06T02:30Z,401803333,LA,2025,New York Islanders,3,Los Angeles Kings,5,100,100,130,-120,-120,-155,False,DraftKings,1,-112,3,REG,-230,190,-1.5,Final,5.5,-108
FLA,2026-03-07T00:00Z,401803334,DET,2025,Florida Panthers,3,Detroit Red Wings,1,124,124,114,-148,-148,-135,False,DraftKings,1,110,3,REG,-205,170,-1.5,Final,6.5,-130
COL,2026-03-07T01:00Z,401803335,DAL,2025,Colorado Avalanche,5,Dallas Stars,4,-122,-122,-125,102,102,105,False,DraftKings,1,-135,5,SO,190,-230,1.5,Final/SO,5.5,114
VAN,2026-03-07T01:30Z,401803336,CHI,2025,Vancouver Canucks,6,Chicago Blackhawks,3,130,130,120,-155,-155,-142,False,DraftKings,1,110,3,REG,-205,170,-1.5,Final,6.5,-130
CAR,2026-03-07T02:00Z,401803337,EDM,2025,Carolina Hurricanes,6,Edmonton Oilers,3,-112,-112,-115,-108,-108,-105,False,DraftKings,1,-148,3,REG,200,-245,1.5,Final,6.5,124
MTL,2026-03-07T02:00Z,401803338,ANA,2025,Montreal Canadiens,5,Anaheim Ducks,6,-118,-118,-115,-102,-102,-105,False,DraftKings,1,-148,5,SO,220,-270,1.5,Final/SO,6.5,124
MIN,2026-03-07T03:00Z,401803339,VGK,2025,Minnesota Wild,4,Vegas Golden Knights,2,-118,-118,-102,-102,-102,-118,False,DraftKings,1,102,3,REG,220,-270,1.5,Final,6.5,-122
STL,2026-03-07T03:00Z,401803340,SJ,2025,St. Louis Blues,3,San Jose Sharks,2,124,124,114,-148,-148,-135,False,DraftKings,1,-102,4,OT,-205,170,-1.5,Final/OT,6.5,-118
WSH,2026-03-07T17:30Z,401803341,BOS,2025,Washington Capitals,1,Boston Bruins,3,110,110,-105,-130,-130,-115,False,DraftKings,1,105,3,REG,-225,185,-1.5,Final,6.5,-125
NYR,2026-03-07T20:00Z,401803342,NJ,2025,New York Rangers,3,New Jersey Devils,6,150,150,160,-180,-180,-192,False,DraftKings,1,-135,3,REG,-180,150,-1.5,Final,5.5,114
NSH,2026-03-07T22:30Z,401803343,BUF,2025,Nashville Predators,2,Buffalo Sabres,3,154,154,140,-185,-185,-166,False,DraftKings,1,-115,3,REG,-166,140,-1.5,Final,6.5,-105
PHI,2026-03-07T22:30Z,401803344,PIT,2025,Philadelphia Flyers,4,Pittsburgh Penguins,3,120,120,110,-142,-142,-130,False,DraftKings,1,-125,5,SO,-218,180,-1.5,Final/SO,5.5,105
TB,2026-03-08T00:00Z,401803345,TOR,2025,Tampa Bay Lightning,5,Toronto Maple Leafs,2,-218,-218,-170,180,180,142,False,DraftKings,1,-102,3,REG,114,-135,1.5,Final,6.5,-118
UTA,2026-03-08T00:00Z,401803346,CBJ,2025,Utah Mammoth,5,Columbus Blue Jackets,4,-122,-122,-110,102,102,-110,False,DraftKings,1,100,4,OT,210,-258,1.5,Final/OT,6.5,-120
VAN,2026-03-08T00:00Z,401803347,WPG,2025,Vancouver Canucks,2,Winnipeg Jets,3,235,235,200,-290,-290,-245,False,DraftKings,1,-135,4,OT,-110,-110,-1.5,Final/OT,5.5,114
MTL,2026-03-08T00:00Z,401803348,LA,2025,Montreal Canadiens,4,Los Angeles Kings,3,-105,-105,110,-115,-115,-130,False,DraftKings,1,110,3,REG,-245,200,-1.5,Final,6.5,-130
CAR,2026-03-08T03:00Z,401803349,CGY,2025,Carolina Hurricanes,4,Calgary Flames,5,-218,-218,-170,180,180,142,False,DraftKings,1,-125,3,REG,120,-142,1.5,Final,5.5,105
NYI,2026-03-08T03:00Z,401803350,SJ,2025,New York Islanders,2,San Jose Sharks,1,-148,-148,-130,124,124,110,False,DraftKings,1,110,4,OT,170,-205,1.5,Final/OT,6.5,-130
OTT,2026-03-08T03:00Z,401803351,SEA,2025,Ottawa Senators,7,Seattle Kraken,4,-162,-162,-135,136,136,114,False,DraftKings,1,-125,3,REG,154,-185,1.5,Final,5.5,105
MIN,2026-03-08T18:00Z,401803352,COL,2025,Minnesota Wild,2,Colorado Avalanche,3,154,154,142,-185,-185,-170,False,DraftKings,1,-112,5,SO,-162,136,-1.5,Final/SO,6.5,-108
BOS,2026-03-08T20:30Z,401803353,PIT,2025,Boston Bruins,4,Pittsburgh Penguins,5,105,105,110,-125,-125,-130,False,DraftKings,1,102,4,OT,-230,190,-1.5,Final/OT,6.5,-122
TB,2026-03-08T22:00Z,401803354,BUF,2025,Tampa Bay Lightning,7,Buffalo Sabres,8,-115,-115,-125,-105,-105,105,False,DraftKings,1,-110,3,REG,205,-250,1.5,Final,6.5,-110
CHI,2026-03-08T22:00Z,401803355,DAL,2025,Chicago Blackhawks,3,Dallas Stars,4,260,260,200,-325,-325,-245,False,DraftKings,1,-130,4,OT,100,-120,-1.5,Final/OT,5.5,110
DET,2026-03-08T23:00Z,401803356,NJ,2025,Detroit Red Wings,3,New Jersey Devils,0,-115,-115,-110,-105,-105,-110,False,DraftKings,1,-115,3,REG,-298,240,-1.5,Final,5.5,-105
STL,2026-03-09T01:00Z,401803357,ANA,2025,St. Louis Blues,4,Anaheim Ducks,0,145,145,136,-175,-175,-162,False,DraftKings,1,-115,3,REG,-166,140,-1.5,Final,6.5,-105
EDM,2026-03-09T01:45Z,401803358,VGK,2025,Edmonton Oilers,4,Vegas Golden Knights,2,-110,-110,-105,-110,-110,-115,False,DraftKings,1,-162,3,REG,-250,205,-1.5,Final,6.5,136
LA,2026-03-09T20:00Z,401857755,CBJ,2025,Los Angeles Kings,5,Columbus Blue Jackets,4,130,130,-105,-155,-155,-115,False,DraftKings,1,-135,4,OT,-205,170,-1.5,Final/OT,5.5,114
NYR,2026-03-09T23:00Z,401803359,PHI,2025,New York Rangers,6,Philadelphia Flyers,2,120,120,130,-142,-142,-155,False,DraftKings,1,-108,3,REG,-218,180,-1.5,Final,5.5,-112
CGY,2026-03-09T23:00Z,401803360,WSH,2025,Calgary Flames,3,Washington Capitals,7,160,160,160,-192,-192,-192,False,DraftKings,1,-130,3,REG,-162,136,-1.5,Final,5.5,110
UTA,2026-03-10T00:30Z,401803361,CHI,2025,Utah Mammoth,2,Chicago Blackhawks,3,-238,-238,-192,195,195,160,False,DraftKings,1,110,4,OT,105,-125,1.5,Final/OT,6.5,-130
OTT,2026-03-10T01:00Z,401803362,VAN,2025,Ottawa Senators,2,Vancouver Canucks,0,-230,-230,-205,190,190,170,False,DraftKings,1,-108,3,REG,-105,-115,1.5,Final,6.5,-112
LA,2026-03-10T23:00Z,401803363,BOS,2025,Los Angeles Kings,1,Boston Bruins,2,136,136,130,-162,-162,-155,False,DraftKings,1,-135,4,OT,-185,154,-1.5,Final/OT,5.5,114
SJ,2026-03-10T23:00Z,401803364,BUF,2025,San Jose Sharks,3,Buffalo Sabres,6,170,170,170,-205,-205,-205,False,DraftKings,1,-125,3,REG,-148,124,-1.5,Final,6.5,105
TOR,2026-03-10T23:00Z,401803365,MTL,2025,Toronto Maple Leafs,1,Montreal Canadiens,3,142,142,142,-170,-170,-170,False,DraftKings,1,-130,3,REG,-175,145,-1.5,Final,6.5,110
CBJ,2026-03-10T23:00Z,401803366,TB,2025,Columbus Blue Jackets,5,Tampa Bay Lightning,2,195,195,210,-238,-238,-258,False,DraftKings,1,-118,3,REG,-120,100,-1.5,Final,6.5,-102
DET,2026-03-10T23:00Z,401803367,FLA,2025,Detroit Red Wings,3,Florida Panthers,4,-105,-105,120,-115,-115,-142,False,DraftKings,1,-125,3,REG,-270,220,-1.5,Final,5.5,105
CGY,2026-03-10T23:00Z,401803368,NYR,2025,Calgary Flames,0,New York Rangers,4,105,105,105,-125,-125,-125,False,DraftKings,1,-130,3,REG,-245,200,-1.5,Final,5.5,110
PIT,2026-03-10T23:00Z,401803369,CAR,2025,Pittsburgh Penguins,4,Carolina Hurricanes,5,170,170,190,-205,-205,-230,False,DraftKings,1,110,5,SO,-142,120,-1.5,Final/SO,6.5,-130
NYI,2026-03-10T23:30Z,401803370,STL,2025,New York Islanders,4,St. Louis Blues,3,-125,-125,-120,105,105,100,False,DraftKings,1,-108,4,OT,200,-245,1.5,Final/OT,5.5,-112
VGK,2026-03-11T00:00Z,401803371,DAL,2025,Vegas Golden Knights,1,Dallas Stars,2,124,124,120,-148,-148,-142,False,DraftKings,1,-130,3,REG,-198,164,-1.5,Final,5.5,110
UTA,2026-03-11T00:00Z,401803372,MIN,2025,Utah Mammoth,0,Minnesota Wild,5,136,136,142,-162,-162,-170,False,DraftKings,1,-135,3,REG,-198,164,-1.5,Final,5.5,114
ANA,2026-03-11T00:30Z,401803373,WPG,2025,Anaheim Ducks,4,Winnipeg Jets,1,110,110,105,-130,-130,-125,False,DraftKings,1,102,3,REG,-230,190,-1.5,Final,6.5,-122
EDM,2026-03-11T02:00Z,401803374,COL,2025,Edmonton Oilers,4,Colorado Avalanche,3,145,145,145,-175,-175,-175,False,DraftKings,1,-155,3,REG,-155,130,-1.5,Final,6.5,130
NSH,2026-03-11T02:00Z,401803375,SEA,2025,Nashville Predators,4,Seattle Kraken,2,-110,-110,105,-110,-110,-125,False,DraftKings,1,114,3,REG,-258,210,-1.5,Final,6.5,-135
MTL,2026-03-11T23:30Z,401803376,OTT,2025,Montreal Canadiens,3,Ottawa Senators,2,160,160,130,-192,-192,-155,False,DraftKings,1,-112,3,REG,-148,124,-1.5,Final,6.5,-108
WSH,2026-03-11T23:30Z,401803377,PHI,2025,Washington Capitals,1,Philadelphia Flyers,4,-142,-142,-115,120,120,-105,False,DraftKings,1,-130,3,REG,190,-230,1.5,Final,5.5,110
SJ,2026-03-12T23:00Z,401803378,BOS,2025,San Jose Sharks,4,Boston Bruins,2,136,136,142,-162,-162,-170,False,DraftKings,1,-115,3,REG,-185,154,-1.5,Final,6.5,-105
WSH,2026-03-12T23:00Z,401803379,BUF,2025,Washington Capitals,2,Buffalo Sabres,1,180,180,142,-218,-218,-180,False,DraftKings,1,-135,3,REG,-135,114,-1.5,Final,6.5,114
ANA,2026-03-12T23:00Z,401803380,TOR,2025,Anaheim Ducks,4,Toronto Maple Leafs,6,-110,-110,-110,-110,-110,-110,False,DraftKings,1,-125,3,REG,220,-270,1.5,Final,6.5,105
DET,2026-03-12T23:00Z,401803381,TB,2025,Detroit Red Wings,1,Tampa Bay Lightning,4,180,180,180,-218,-218,-218,False,DraftKings,1,114,3,REG,-135,114,-1.5,Final,6.5,-135
CBJ,2026-03-12T23:00Z,401803382,FLA,2025,Columbus Blue Jackets,1,Florida Panthers,2,-125,-125,-110,105,105,-110,False,DraftKings,1,-102,4,OT,205,-250,1.5,Final/OT,6.5,-118
CGY,2026-03-12T23:00Z,401803383,NJ,2025,Calgary Flames,5,New Jersey Devils,4,160,160,145,-192,-192,-175,False,DraftKings,1,-118,3,REG,-175,145,-1.5,Final,5.5,-102
STL,2026-03-12T23:00Z,401803384,CAR,2025,St. Louis Blues,3,Carolina Hurricanes,1,235,235,235,-290,-290,-290,False,DraftKings,1,-142,3,REG,-110,-110,-1.5,Final,5.5,120
EDM,2026-03-13T00:00Z,401803385,DAL,2025,Edmonton Oilers,2,Dallas Stars,7,110,110,105,-130,-130,-125,False,DraftKings,1,-135,3,REG,-218,180,-1.5,Final,6.5,114
PHI,2026-03-13T00:00Z,401803386,MIN,2025,Philadelphia Flyers,3,Minnesota Wild,2,185,185,200,-225,-225,-245,False,DraftKings,1,-130,5,SO,-130,110,-1.5,Final/SO,5.5,110
NYR,2026-03-13T00:00Z,401803387,WPG,2025,New York Rangers,6,Winnipeg Jets,3,130,130,142,-155,-155,-170,False,DraftKings,1,-108,3,REG,-198,164,-1.5,Final,5.5,-112
CHI,2026-03-13T01:00Z,401803388,UTA,2025,Chicago Blackhawks,3,Utah Mammoth,2,190,190,190,-230,-230,-230,False,DraftKings,1,-135,4,OT,-135,114,-1.5,Final/OT,5.5,114
NSH,2026-03-13T02:00Z,401803389,VAN,2025,Nashville Predators,3,Vancouver Canucks,4,-170,-170,-155,142,142,130,False,DraftKings,1,110,5,SO,154,-185,1.5,Final/SO,6.5,-130
PIT,2026-03-13T02:00Z,401803390,VGK,2025,Pittsburgh Penguins,2,Vegas Golden Knights,6,142,142,136,-170,-170,-162,False,DraftKings,1,102,3,REG,-175,145,-1.5,Final,6.5,-122
COL,2026-03-13T02:00Z,401803391,SEA,2025,Colorado Avalanche,5,Seattle Kraken,1,-205,-205,-198,170,170,164,False,DraftKings,1,-105,3,REG,114,-135,1.5,Final,6.5,-115
LA,2026-03-13T23:00Z,401803392,NYI,2025,Los Angeles Kings,3,New York Islanders,2,120,120,114,-142,-142,-135,False,DraftKings,1,-105,3,REG,-225,185,-1.5,Final,5.5,-115
EDM,2026-03-14T00:00Z,401803393,STL,2025,Edmonton Oilers,2,St. Louis Blues,3,-142,-142,-155,120,120,130,False,DraftKings,1,-115,4,OT,160,-192,1.5,Final/OT,6.5,-105
ANA,2026-03-14T17:00Z,401803394,OTT,2025,Anaheim Ducks,0,Ottawa Senators,2,150,150,136,-180,-180,-162,False,DraftKings,1,-112,3,REG,-166,140,-1.5,Final,6.5,-108
BOS,2026-03-14T19:00Z,401803395,WSH,2025,Boston Bruins,3,Washington Capitals,2,110,110,120,-130,-130,-142,False,DraftKings,1,-135,5,SO,-225,185,-1.5,Final/SO,5.5,114
COL,2026-03-14T20:00Z,401803396,WPG,2025,Colorado Avalanche,1,Winnipeg Jets,3,-185,-185,-185,154,154,154,False,DraftKings,1,-135,3,REG,130,-155,1.5,Final,5.5,114
NYR,2026-03-14T22:00Z,401803397,MIN,2025,New York Rangers,4,Minnesota Wild,2,164,164,210,-198,-198,-258,False,DraftKings,1,105,3,REG,-155,130,-1.5,Final,6.5,-125
TOR,2026-03-14T23:00Z,401803398,BUF,2025,Toronto Maple Leafs,2,Buffalo Sabres,3,190,190,190,-230,-230,-230,False,DraftKings,1,-122,5,SO,-120,100,-1.5,Final/SO,6.5,102
SJ,2026-03-14T23:00Z,401803399,MTL,2025,San Jose Sharks,4,Montreal Canadiens,2,130,130,154,-155,-155,-185,False,DraftKings,1,-135,3,REG,-170,142,-1.5,Final,6.5,114
CAR,2026-03-14T23:00Z,401803400,TB,2025,Carolina Hurricanes,4,Tampa Bay Lightning,2,110,110,114,-130,-130,-135,False,DraftKings,1,100,3,REG,-230,190,-1.5,Final,6.5,-120
LA,2026-03-14T23:00Z,401803401,NJ,2025,Los Angeles Kings,4,New Jersey Devils,6,130,130,124,-155,-155,-148,False,DraftKings,1,-118,3,REG,-205,170,-1.5,Final,5.5,-102
CGY,2026-03-14T23:00Z,401803402,NYI,2025,Calgary Flames,2,New York Islanders,3,124,124,140,-148,-148,-166,False,DraftKings,1,110,3,REG,-198,164,-1.5,Final,6.5,-130
CBJ,2026-03-14T23:30Z,401803403,PHI,2025,Columbus Blue Jackets,2,Philadelphia Flyers,1,-142,-142,-122,120,120,102,False,DraftKings,1,-120,5,SO,180,-218,1.5,Final/SO,5.5,100
DET,2026-03-15T00:00Z,401803404,DAL,2025,Detroit Red Wings,2,Dallas Stars,3,160,160,136,-192,-192,-162,False,DraftKings,1,-115,4,OT,-162,136,-1.5,Final/OT,5.5,-105
PIT,2026-03-15T01:00Z,401803405,UTA,2025,Pittsburgh Penguins,4,Utah Mammoth,3,130,130,130,-155,-155,-155,False,DraftKings,1,110,3,REG,-198,164,-1.5,Final,6.5,-130
SEA,2026-03-15T02:00Z,401803406,VAN,2025,Seattle Kraken,5,Vancouver Canucks,2,-142,-142,-135,120,120,114,False,DraftKings,1,110,3,REG,170,-205,1.5,Final,6.5,-130
CHI,2026-03-15T02:00Z,401803407,VGK,2025,Chicago Blackhawks,0,Vegas Golden Knights,4,185,185,205,-225,-225,-250,False,DraftKings,1,-135,3,REG,-130,110,-1.5,Final,5.5,114
STL,2026-03-15T19:00Z,401803408,WPG,2025,St. Louis Blues,2,Winnipeg Jets,3,-112,-112,105,-108,-108,-125,False,DraftKings,1,-125,3,REG,-290,235,-1.5,Final,5.5,105
SJ,2026-03-15T21:00Z,401803409,OTT,2025,San Jose Sharks,4,Ottawa Senators,7,170,170,170,-205,-205,-205,False,DraftKings,1,-115,3,REG,-148,124,-1.5,Final,6.5,-105
ANA,2026-03-15T23:00Z,401803410,MTL,2025,Anaheim Ducks,4,Montreal Canadiens,3,120,120,124,-142,-142,-148,False,DraftKings,1,-135,3,REG,-198,164,-1.5,Final,6.5,114
TOR,2026-03-15T23:30Z,401803411,MIN,2025,Toronto Maple Leafs,4,Minnesota Wild,2,215,215,190,-265,-265,-230,False,DraftKings,1,100,3,REG,-115,-105,-1.5,Final,6.5,-120
NSH,2026-03-16T00:00Z,401803412,EDM,2025,Nashville Predators,1,Edmonton Oilers,3,160,160,154,-192,-192,-185,False,DraftKings,1,-155,3,REG,-166,140,-1.5,Final,6.5,130
FLA,2026-03-16T00:00Z,401803413,SEA,2025,Florida Panthers,2,Seattle Kraken,6,-130,-130,-130,110,110,110,False,DraftKings,1,-135,3,REG,190,-230,1.5,Final,5.5,114
CGY,2026-03-16T23:00Z,401803414,DET,2025,Calgary Flames,2,Detroit Red Wings,5,154,154,150,-185,-185,-180,False,DraftKings,1,-120,3,REG,-170,142,-1.5,Final,5.5,100
BOS,2026-03-16T23:00Z,401803415,NJ,2025,Boston Bruins,3,New Jersey Devils,4,105,105,100,-125,-125,-120,False,DraftKings,1,105,4,OT,-238,195,-1.5,Final/OT,6.5,-125
LA,2026-03-16T23:00Z,401803416,NYR,2025,Los Angeles Kings,4,New York Rangers,1,-110,-110,-125,-110,-110,105,False,DraftKings,1,-115,3,REG,215,-265,1.5,Final,5.5,-105
UTA,2026-03-17T00:00Z,401803417,DAL,2025,Utah Mammoth,6,Dallas Stars,3,136,136,124,-162,-162,-148,False,DraftKings,1,-130,3,REG,-192,160,-1.5,Final,5.5,110
PIT,2026-03-17T01:50Z,401803418,COL,2025,Pittsburgh Penguins,7,Colorado Avalanche,2,180,180,190,-218,-218,-230,False,DraftKings,1,-130,3,REG,-125,105,-1.5,Final,6.5,110
NYI,2026-03-17T23:00Z,401803419,TOR,2025,New York Islanders,3,Toronto Maple Leafs,1,-162,-162,-130,136,136,110,False,DraftKings,1,110,3,REG,164,-198,1.5,Final,6.5,-130
BOS,2026-03-17T23:00Z,401803420,MTL,2025,Boston Bruins,2,Montreal Canadiens,3,130,130,145,-155,-155,-175,False,DraftKings,1,-105,4,OT,-185,154,-1.5,Final/OT,6.5,-115
CAR,2026-03-17T23:00Z,401803421,CBJ,2025,Carolina Hurricanes,1,Columbus Blue Jackets,5,-120,-120,-142,100,100,120,False,DraftKings,1,-105,3,REG,190,-230,1.5,Final,6.5,-115
MIN,2026-03-17T23:30Z,401803423,CHI,2025,Minnesota Wild,4,Chicago Blackhawks,3,-180,-180,-175,150,150,145,False,DraftKings,1,-130,4,OT,142,-170,1.5,Final/OT,5.5,110
NSH,2026-03-18T00:00Z,401803422,WPG,2025,Nashville Predators,4,Winnipeg Jets,3,110,110,114,-130,-130,-135,False,DraftKings,1,-125,5,SO,-230,190,-1.5,Final/SO,5.5,105
SJ,2026-03-18T01:00Z,401803424,EDM,2025,San Jose Sharks,3,Edmonton Oilers,5,136,136,164,-162,-162,-198,False,DraftKings,1,-148,3,REG,-170,142,-1.5,Final,6.5,124
FLA,2026-03-18T02:00Z,401803425,VAN,2025,Florida Panthers,2,Vancouver Canucks,5,-155,-155,-155,130,130,130,False,DraftKings,1,110,3,REG,164,-198,1.5,Final,6.5,-130
BUF,2026-03-18T02:00Z,401803426,VGK,2025,Buffalo Sabres,2,Vegas Golden Knights,0,114,114,114,-135,-135,-135,False,DraftKings,1,-115,3,REG,-218,180,-1.5,Final,6.5,-105
TB,2026-03-18T02:00Z,401803427,SEA,2025,Tampa Bay Lightning,6,Seattle Kraken,2,-185,-185,-198,154,154,164,False,DraftKings,1,105,3,REG,130,-155,1.5,Final,6.5,-125
NJ,2026-03-18T23:00Z,401803428,NYR,2025,New Jersey Devils,6,New York Rangers,3,-125,-125,-115,105,105,-105,False,DraftKings,1,105,3,REG,200,-245,1.5,Final,6.5,-125
PIT,2026-03-18T23:00Z,401803429,CAR,2025,Pittsburgh Penguins,5,Carolina Hurricanes,6,114,114,142,-135,-135,-170,False,DraftKings,1,-112,4,OT,-205,170,-1.5,Final/OT,6.5,-108
OTT,2026-03-18T23:30Z,401803430,WSH,2025,Ottawa Senators,1,Washington Capitals,4,-135,-135,-115,114,114,-105,False,DraftKings,1,-135,3,REG,185,-225,1.5,Final,5.5,114
DAL,2026-03-19T01:30Z,401803431,COL,2025,Dallas Stars,2,Colorado Avalanche,1,120,120,136,-142,-142,-162,False,DraftKings,1,102,5,SO,-198,164,-1.5,Final/SO,6.5,-122
STL,2026-03-19T01:30Z,401803432,CGY,2025,St. Louis Blues,1,Calgary Flames,2,-142,-142,-115,120,120,-105,False,DraftKings,1,-122,5,SO,185,-225,1.5,Final/SO,5.5,102
PHI,2026-03-19T02:00Z,401803433,ANA,2025,Philadelphia Flyers,3,Anaheim Ducks,2,130,130,130,-155,-155,-155,False,DraftKings,1,-105,4,OT,-198,164,-1.5,Final/OT,6.5,-115
WPG,2026-03-19T23:00Z,401803434,BOS,2025,Winnipeg Jets,1,Boston Bruins,6,120,120,114,-142,-142,-135,False,DraftKings,1,-130,3,REG,-218,180,-1.5,Final,5.5,110
NYI,2026-03-19T23:00Z,401803435,OTT,2025,New York Islanders,2,Ottawa Senators,3,105,105,120,-125,-125,-142,False,DraftKings,1,-130,3,REG,-230,190,-1.5,Final,5.5,110
MTL,2026-03-19T23:00Z,401803436,DET,2025,Montreal Canadiens,1,Detroit Red Wings,3,-115,-115,-110,-105,-105,-110,False,DraftKings,1,105,3,REG,220,-270,1.5,Final,6.5,-125
NYR,2026-03-19T23:00Z,401803437,CBJ,2025,New York Rangers,3,Columbus Blue Jackets,6,180,180,180,-218,-218,-218,False,DraftKings,1,114,3,REG,-135,114,-1.5,Final,6.5,-135
CHI,2026-03-19T23:30Z,401803439,MIN,2025,Chicago Blackhawks,2,Minnesota Wild,1,164,164,200,-198,-198,-245,False,DraftKings,1,-135,3,REG,-155,130,-1.5,Final,5.5,114
SEA,2026-03-20T00:00Z,401803438,NSH,2025,Seattle Kraken,1,Nashville Predators,3,100,100,110,-120,-120,-130,False,DraftKings,1,105,3,REG,-250,205,-1.5,Final,6.5,-125
FLA,2026-03-20T01:00Z,401803440,EDM,2025,Florida Panthers,4,Edmonton Oilers,0,136,136,124,-162,-162,-148,False,DraftKings,1,-118,3,REG,-185,154,-1.5,Final,6.5,-102
TB,2026-03-20T02:00Z,401803441,VAN,2025,Tampa Bay Lightning,6,Vancouver Canucks,2,-340,-340,-278,270,270,225,False,DraftKings,1,100,3,REG,-135,114,1.5,Final,6.5,-120
UTA,2026-03-20T02:00Z,401803442,VGK,2025,Utah Mammoth,4,Vegas Golden Knights,0,114,114,124,-135,-135,-148,False,DraftKings,1,-135,3,REG,-230,190,-1.5,Final,5.5,114
BUF,2026-03-20T02:00Z,401803443,SJ,2025,Buffalo Sabres,5,San Jose Sharks,0,-142,-142,-142,120,120,120,False,DraftKings,1,-148,3,REG,164,-198,1.5,Final,6.5,124
PHI,2026-03-20T02:30Z,401803444,LA,2025,Philadelphia Flyers,4,Los Angeles Kings,3,160,160,136,-192,-192,-162,False,DraftKings,1,-130,5,SO,-175,145,-1.5,Final/SO,5.5,110
CAR,2026-03-20T23:00Z,401803445,TOR,2025,Carolina Hurricanes,4,Toronto Maple Leafs,3,-218,-218,-205,180,180,170,False,DraftKings,1,-108,4,OT,110,-130,1.5,Final/OT,6.5,-112
NJ,2026-03-20T23:00Z,401803446,WSH,2025,New Jersey Devils,1,Washington Capitals,2,105,105,110,-125,-125,-130,False,DraftKings,1,114,3,REG,-238,195,-1.5,Final,6.5,-135
COL,2026-03-21T00:30Z,401803447,CHI,2025,Colorado Avalanche,4,Chicago Blackhawks,1,-340,-340,-258,270,270,210,False,DraftKings,1,100,3,REG,-130,110,1.5,Final,6.5,-120
FLA,2026-03-21T01:00Z,401803448,CGY,2025,Florida Panthers,1,Calgary Flames,4,-102,-102,-115,-118,-118,-105,False,DraftKings,1,-130,3,REG,-265,215,-1.5,Final,5.5,110
ANA,2026-03-21T02:00Z,401803449,UTA,2025,Anaheim Ducks,4,Utah Mammoth,1,120,120,102,-142,-142,-122,False,DraftKings,1,-130,3,REG,-218,180,-1.5,Final,6.5,110
WPG,2026-03-21T17:00Z,401803450,PIT,2025,Winnipeg Jets,4,Pittsburgh Penguins,5,136,136,130,-162,-162,-155,False,DraftKings,1,-105,5,SO,-185,154,-1.5,Final/SO,6.5,-115
VGK,2026-03-21T18:00Z,401803451,NSH,2025,Vegas Golden Knights,1,Nashville Predators,4,-155,-155,-135,130,130,114,False,DraftKings,1,105,3,REG,164,-198,1.5,Final,6.5,-125
DAL,2026-03-21T20:00Z,401803452,MIN,2025,Dallas Stars,1,Minnesota Wild,2,-135,-135,-115,114,114,-105,False,DraftKings,1,-115,4,OT,185,-225,1.5,Final/OT,5.5,-105
BUF,2026-03-21T20:00Z,401803453,LA,2025,Buffalo Sabres,4,Los Angeles Kings,1,-130,-130,-110,110,110,-110,False,DraftKings,1,100,3,REG,190,-230,1.5,Final,6.5,-120
PHI,2026-03-21T20:00Z,401803454,SJ,2025,Philadelphia Flyers,4,San Jose Sharks,1,102,102,-105,-122,-122,-115,False,DraftKings,1,-135,3,REG,-245,200,-1.5,Final,5.5,114
SEA,2026-03-21T21:00Z,401803455,CBJ,2025,Seattle Kraken,2,Columbus Blue Jackets,5,150,150,154,-180,-180,-185,False,DraftKings,1,-105,3,REG,-170,142,-1.5,Final,6.5,-115
NYI,2026-03-21T23:00Z,401803456,MTL,2025,New York Islanders,3,Montreal Canadiens,7,100,100,120,-120,-120,-142,False,DraftKings,1,114,3,REG,-230,190,-1.5,Final,6.5,-135
TOR,2026-03-21T23:00Z,401803457,OTT,2025,Toronto Maple Leafs,2,Ottawa Senators,5,260,260,200,-325,-325,-245,False,DraftKings,1,114,3,REG,102,-122,-1.5,Final,6.5,-135
STL,2026-03-21T23:00Z,401803458,VAN,2025,St. Louis Blues,3,Vancouver Canucks,1,-148,-148,-135,124,124,114,False,DraftKings,1,-135,3,REG,170,-205,1.5,Final,5.5,114
BOS,2026-03-22T00:00Z,401803459,DET,2025,Boston Bruins,4,Detroit Red Wings,2,100,100,100,-120,-120,-120,False,DraftKings,1,-135,3,REG,-238,195,-1.5,Final,5.5,114
TB,2026-03-22T02:00Z,401803460,EDM,2025,Tampa Bay Lightning,5,Edmonton Oilers,2,-135,-135,-142,114,114,120,False,DraftKings,1,-142,3,REG,170,-205,1.5,Final,6.5,120
WPG,2026-03-22T16:00Z,401803461,NYR,2025,Winnipeg Jets,3,New York Rangers,2,-105,-105,120,-115,-115,-142,False,DraftKings,1,110,5,SO,-258,210,-1.5,Final/SO,6.5,-130
COL,2026-03-22T16:30Z,401803462,WSH,2025,Colorado Avalanche,3,Washington Capitals,2,-162,-162,-155,136,136,130,False,DraftKings,1,110,4,OT,154,-185,1.5,Final/OT,6.5,-130
CAR,2026-03-22T19:00Z,401803463,PIT,2025,Carolina Hurricanes,5,Pittsburgh Penguins,1,-142,-142,-155,120,120,130,False,DraftKings,1,-130,3,REG,170,-205,1.5,Final,6.5,110
NSH,2026-03-22T19:00Z,401803464,CHI,2025,Nashville Predators,3,Chicago Blackhawks,2,-115,-115,-110,-105,-105,-110,False,DraftKings,1,-135,4,OT,220,-270,1.5,Final/OT,5.5,114
CBJ,2026-03-22T23:00Z,401803465,NYI,2025,Columbus Blue Jackets,0,New York Islanders,1,-125,-125,-110,105,105,-110,False,DraftKings,1,105,3,REG,195,-238,1.5,Final,6.5,-125
VGK,2026-03-22T23:00Z,401803466,DAL,2025,Vegas Golden Knights,3,Dallas Stars,2,114,114,124,-135,-135,-148,False,DraftKings,1,-125,3,REG,-205,170,-1.5,Final,5.5,105
TB,2026-03-23T00:00Z,401803467,CGY,2025,Tampa Bay Lightning,3,Calgary Flames,4,-175,-175,-170,145,145,142,False,DraftKings,1,-105,4,OT,136,-162,1.5,Final/OT,6.5,-115
BUF,2026-03-23T00:00Z,401803468,ANA,2025,Buffalo Sabres,5,Anaheim Ducks,6,-118,-118,105,-102,-102,-125,False,DraftKings,1,-135,4,OT,-290,235,-1.5,Final/OT,6.5,114
LA,2026-03-23T01:00Z,401803469,UTA,2025,Los Angeles Kings,3,Utah Mammoth,4,145,145,145,-175,-175,-175,False,DraftKings,1,-122,4,OT,-175,145,-1.5,Final/OT,5.5,102
OTT,2026-03-23T23:30Z,401803470,NYR,2025,Ottawa Senators,2,New York Rangers,1,-192,-192,-192,160,160,160,False,DraftKings,1,-130,3,REG,124,-148,1.5,Final,5.5,110
TOR,2026-03-24T23:00Z,401803471,BOS,2025,Toronto Maple Leafs,4,Boston Bruins,2,170,170,150,-205,-205,-180,False,DraftKings,1,-102,3,REG,-155,130,-1.5,Final,6.5,-118
CAR,2026-03-24T23:00Z,401803472,MTL,2025,Carolina Hurricanes,2,Montreal Canadiens,5,-125,-125,-130,105,105,110,False,DraftKings,1,-120,3,REG,180,-218,1.5,Final,6.5,100
OTT,2026-03-24T23:00Z,401803473,DET,2025,Ottawa Senators,3,Detroit Red Wings,2,114,114,-108,-135,-135,-112,False,DraftKings,1,-125,3,REG,-238,195,-1.5,Final,5.5,105
SEA,2026-03-24T23:00Z,401803474,FLA,2025,Seattle Kraken,4,Florida Panthers,5,110,110,124,-130,-130,-148,False,DraftKings,1,-135,5,SO,-218,180,-1.5,Final/SO,5.5,114
CHI,2026-03-24T23:00Z,401803475,NYI,2025,Chicago Blackhawks,4,New York Islanders,3,140,140,170,-166,-166,-205,False,DraftKings,1,-135,3,REG,-180,150,-1.5,Final,5.5,114
CBJ,2026-03-24T23:00Z,401803476,PHI,2025,Columbus Blue Jackets,3,Philadelphia Flyers,2,-135,-135,-125,114,114,105,False,DraftKings,1,-125,3,REG,185,-225,1.5,Final,5.5,105
COL,2026-03-24T23:00Z,401803477,PIT,2025,Colorado Avalanche,6,Pittsburgh Penguins,2,-175,-175,-148,145,145,124,False,DraftKings,1,-125,3,REG,145,-175,1.5,Final,6.5,105
MIN,2026-03-24T23:30Z,401803478,TB,2025,Minnesota Wild,3,Tampa Bay Lightning,6,124,124,150,-148,-148,-180,False,DraftKings,1,100,3,REG,-180,150,-1.5,Final,6.5,-120
WSH,2026-03-25T00:00Z,401803479,STL,2025,Washington Capitals,0,St. Louis Blues,3,-115,-115,-115,-105,-105,-105,False,DraftKings,1,-115,3,REG,-285,230,-1.5,Final,5.5,-105
SJ,2026-03-25T00:00Z,401803480,NSH,2025,San Jose Sharks,3,Nashville Predators,6,120,120,120,-142,-142,-142,False,DraftKings,1,100,3,REG,-205,170,-1.5,Final,6.5,-120
NJ,2026-03-25T00:00Z,401803481,DAL,2025,New Jersey Devils,6,Dallas Stars,4,136,136,145,-162,-162,-175,False,DraftKings,1,-135,3,REG,-185,154,-1.5,Final,5.5,114
VGK,2026-03-25T00:00Z,401803482,WPG,2025,Vegas Golden Knights,1,Winnipeg Jets,4,-135,-135,-130,114,114,110,False,DraftKings,1,-130,3,REG,190,-230,1.5,Final,5.5,110
LA,2026-03-25T01:00Z,401803484,CGY,2025,Los Angeles Kings,2,Calgary Flames,3,-148,-148,-142,124,124,120,False,DraftKings,1,-120,5,SO,180,-218,1.5,Final/SO,5.5,100
EDM,2026-03-25T01:30Z,401803483,UTA,2025,Edmonton Oilers,5,Utah Mammoth,2,114,114,110,-135,-135,-130,False,DraftKings,1,-122,3,REG,-218,180,-1.5,Final,6.5,102
ANA,2026-03-25T02:00Z,401803485,VAN,2025,Anaheim Ducks,5,Vancouver Canucks,3,-180,-180,-192,150,150,160,False,DraftKings,1,-135,3,REG,130,-155,1.5,Final,6.5,114
BOS,2026-03-25T23:30Z,401803486,BUF,2025,Boston Bruins,4,Buffalo Sabres,3,170,170,142,-205,-205,-170,False,DraftKings,1,-125,4,OT,-135,114,-1.5,Final/OT,6.5,105
NYR,2026-03-25T23:30Z,401803487,TOR,2025,New York Rangers,3,Toronto Maple Leafs,4,-130,-130,-110,110,110,-110,False,DraftKings,1,105,3,REG,190,-230,1.5,Final,6.5,-125
CBJ,2026-03-26T23:00Z,401803488,MTL,2025,Columbus Blue Jackets,1,Montreal Canadiens,2,-108,-108,100,-112,-112,-120,False,DraftKings,1,-108,3,REG,-250,205,-1.5,Final,6.5,-112
PIT,2026-03-26T23:00Z,401803489,OTT,2025,Pittsburgh Penguins,4,Ottawa Senators,3,124,124,114,-148,-148,-135,False,DraftKings,1,105,5,SO,-198,164,-1.5,Final/SO,6.5,-125
SEA,2026-03-26T23:00Z,401803490,TB,2025,Seattle Kraken,4,Tampa Bay Lightning,3,235,235,215,-290,-290,-265,False,DraftKings,1,105,4,OT,100,-120,-1.5,Final/OT,6.5,-125
MIN,2026-03-26T23:00Z,401803491,FLA,2025,Minnesota Wild,3,Florida Panthers,2,-166,-166,-148,140,140,124,False,DraftKings,1,102,3,REG,154,-185,1.5,Final,6.5,-122
DAL,2026-03-26T23:00Z,401803492,NYI,2025,Dallas Stars,1,New York Islanders,2,-118,-118,-130,-102,-102,110,False,DraftKings,1,-115,3,REG,205,-250,1.5,Final,5.5,-105
CHI,2026-03-26T23:00Z,401803493,PHI,2025,Chicago Blackhawks,1,Philadelphia Flyers,5,120,120,136,-142,-142,-162,False,DraftKings,1,-115,3,REG,-198,164,-1.5,Final,5.5,-105
SJ,2026-03-27T00:00Z,401803494,STL,2025,San Jose Sharks,1,St. Louis Blues,2,110,110,130,-130,-130,-155,False,DraftKings,1,-135,4,OT,-218,180,-1.5,Final/OT,5.5,114
NJ,2026-03-27T00:00Z,401803495,NSH,2025,New Jersey Devils,4,Nashville Predators,2,-108,-108,100,-112,-112,-120,False,DraftKings,1,105,3,REG,-265,215,-1.5,Final,6.5,-125
COL,2026-03-27T00:00Z,401803496,WPG,2025,Colorado Avalanche,3,Winnipeg Jets,2,-185,-185,-175,154,154,145,False,DraftKings,1,-135,3,REG,136,-162,1.5,Final,5.5,114
WSH,2026-03-27T01:00Z,401803497,UTA,2025,Washington Capitals,7,Utah Mammoth,4,114,114,130,-135,-135,-155,False,DraftKings,1,-135,3,REG,-218,180,-1.5,Final,5.5,114
ANA,2026-03-27T01:00Z,401803498,CGY,2025,Anaheim Ducks,3,Calgary Flames,2,-135,-135,-148,114,114,124,False,DraftKings,1,-115,4,OT,180,-218,1.5,Final/OT,6.5,-105
EDM,2026-03-27T01:30Z,401803499,VGK,2025,Edmonton Oilers,4,Vegas Golden Knights,3,120,120,114,-142,-142,-135,False,DraftKings,1,-115,4,OT,-198,164,-1.5,Final/OT,6.5,-105
LA,2026-03-27T02:00Z,401803500,VAN,2025,Los Angeles Kings,4,Vancouver Canucks,0,-175,-175,-175,145,145,145,False,DraftKings,1,-135,3,REG,145,-175,1.5,Final,5.5,114
DET,2026-03-27T23:00Z,401803501,BUF,2025,Detroit Red Wings,5,Buffalo Sabres,2,120,120,130,-142,-142,-155,False,DraftKings,1,110,3,REG,-198,164,-1.5,Final,6.5,-130
CHI,2026-03-27T23:00Z,401803502,NYR,2025,Chicago Blackhawks,1,New York Rangers,6,145,145,136,-175,-175,-162,False,DraftKings,1,110,3,REG,-170,142,-1.5,Final,6.5,-130
OTT,2026-03-28T17:00Z,401803503,TB,2025,Ottawa Senators,2,Tampa Bay Lightning,4,114,114,145,-135,-135,-175,False,DraftKings,1,110,3,REG,-218,180,-1.5,Final,6.5,-130
FLA,2026-03-28T17:00Z,401803504,NYI,2025,Florida Panthers,2,New York Islanders,5,170,170,136,-205,-205,-162,False,DraftKings,1,-120,3,REG,-155,130,-1.5,Final,5.5,100
ANA,2026-03-28T19:30Z,401803505,EDM,2025,Anaheim Ducks,2,Edmonton Oilers,4,124,124,120,-148,-148,-142,False,DraftKings,1,-166,3,REG,-198,164,-1.5,Final,6.5,140
MIN,2026-03-28T21:00Z,401803506,BOS,2025,Minnesota Wild,3,Boston Bruins,6,-115,-115,-120,-105,-105,100,False,DraftKings,1,114,3,REG,195,-238,1.5,Final,6.5,-135
DAL,2026-03-28T21:00Z,401803507,PIT,2025,Dallas Stars,6,Pittsburgh Penguins,3,-130,-130,-125,110,110,105,False,DraftKings,1,105,3,REG,180,-218,1.5,Final,6.5,-125
NJ,2026-03-28T21:00Z,401803508,CAR,2025,New Jersey Devils,2,Carolina Hurricanes,5,170,170,170,-205,-205,-205,False,DraftKings,1,-105,3,REG,-142,120,-1.5,Final,6.5,-115
SJ,2026-03-28T21:00Z,401803509,CBJ,2025,San Jose Sharks,3,Columbus Blue Jackets,2,154,154,170,-185,-185,-205,False,DraftKings,1,-108,3,REG,-162,136,-1.5,Final,6.5,-112
SEA,2026-03-28T21:30Z,401803510,BUF,2025,Seattle Kraken,2,Buffalo Sabres,3,164,164,150,-198,-198,-180,False,DraftKings,1,-105,5,SO,-155,130,-1.5,Final/SO,6.5,-115
TOR,2026-03-28T23:00Z,401803511,STL,2025,Toronto Maple Leafs,1,St. Louis Blues,5,124,124,130,-148,-148,-155,False,DraftKings,1,-130,3,REG,-205,170,-1.5,Final,5.5,110
MTL,2026-03-28T23:00Z,401803512,NSH,2025,Montreal Canadiens,4,Nashville Predators,1,-115,-115,100,-105,-105,-120,False,DraftKings,1,-105,3,REG,205,-250,1.5,Final,6.5,-115
WPG,2026-03-28T23:00Z,401803513,COL,2025,Winnipeg Jets,4,Colorado Avalanche,2,220,220,210,-270,-270,-258,False,DraftKings,1,-135,3,REG,-125,105,-1.5,Final,5.5,114
PHI,2026-03-29T00:00Z,401803514,DET,2025,Philadelphia Flyers,5,Detroit Red Wings,3,110,110,114,-130,-130,-135,False,DraftKings,1,-130,3,REG,-218,180,-1.5,Final,5.5,110
UTA,2026-03-29T01:00Z,401803515,LA,2025,Utah Mammoth,6,Los Angeles Kings,2,-105,-105,100,-115,-115,-120,False,DraftKings,1,-122,3,REG,-270,220,-1.5,Final,5.5,102
VAN,2026-03-29T02:00Z,401803516,CGY,2025,Vancouver Canucks,3,Calgary Flames,7,136,136,130,-162,-162,-155,False,DraftKings,1,110,3,REG,-170,142,-1.5,Final,6.5,-130
WSH,2026-03-29T02:30Z,401803517,VGK,2025,Washington Capitals,5,Vegas Golden Knights,4,130,130,130,-155,-155,-155,False,DraftKings,1,114,5,SO,-198,164,-1.5,Final/SO,6.5,-135
FLA,2026-03-29T17:00Z,401803518,NYR,2025,Florida Panthers,1,New York Rangers,3,154,154,130,-185,-185,-155,False,DraftKings,1,-135,3,REG,-166,140,-1.5,Final,5.5,114
NSH,2026-03-29T21:00Z,401803519,TB,2025,Nashville Predators,2,Tampa Bay Lightning,3,154,154,164,-185,-185,-198,False,DraftKings,1,-108,3,REG,-162,136,-1.5,Final,6.5,-112
MTL,2026-03-29T21:00Z,401803520,CAR,2025,Montreal Canadiens,3,Carolina Hurricanes,1,145,145,142,-175,-175,-170,False,DraftKings,1,-115,3,REG,-170,142,-1.5,Final,6.5,-105
BOS,2026-03-29T21:00Z,401803521,CBJ,2025,Boston Bruins,4,Columbus Blue Jackets,3,136,136,120,-162,-162,-142,False,DraftKings,1,110,5,SO,-192,160,-1.5,Final/SO,6.5,-130
CHI,2026-03-29T23:00Z,401803522,NJ,2025,Chicago Blackhawks,3,New Jersey Devils,5,142,142,142,-170,-170,-170,False,DraftKings,1,-135,3,REG,-185,154,-1.5,Final,5.5,114
DAL,2026-03-29T23:00Z,401803523,PHI,2025,Dallas Stars,1,Philadelphia Flyers,2,-175,-175,-155,145,145,130,False,DraftKings,1,-130,4,OT,145,-175,1.5,Final/OT,5.5,110
PIT,2026-03-30T23:00Z,401803524,NYI,2025,Pittsburgh Penguins,8,New York Islanders,3,110,110,110,-130,-130,-130,False,DraftKings,1,110,3,REG,-225,185,-1.5,Final,6.5,-130
CGY,2026-03-31T00:30Z,401803525,COL,2025,Calgary Flames,2,Colorado Avalanche,9,310,310,285,-395,-395,-360,False,DraftKings,1,110,3,REG,124,-148,-1.5,Final,6.5,-130
VAN,2026-03-31T02:00Z,401803526,VGK,2025,Vancouver Canucks,2,Vegas Golden Knights,4,285,285,250,-360,-360,-310,False,DraftKings,1,-112,3,REG,124,-148,-1.5,Final,6.5,-108
TOR,2026-03-31T02:00Z,401803527,ANA,2025,Toronto Maple Leafs,5,Anaheim Ducks,4,160,160,160,-192,-192,-192,False,DraftKings,1,-148,4,OT,-155,130,-1.5,Final/OT,6.5,124
STL,2026-03-31T02:00Z,401803528,SJ,2025,St. Louis Blues,4,San Jose Sharks,5,-110,-110,-110,-110,-110,-110,False,DraftKings,1,-125,3,REG,230,-285,1.5,Final,5.5,105
DAL,2026-03-31T23:00Z,401803529,BOS,2025,Dallas Stars,3,Boston Bruins,6,-130,-130,-120,110,110,100,False,DraftKings,1,105,3,REG,185,-225,1.5,Final,6.5,-125
NYI,2026-03-31T23:00Z,401803530,BUF,2025,New York Islanders,3,Buffalo Sabres,4,145,145,164,-175,-175,-198,False,DraftKings,1,114,3,REG,-175,145,-1.5,Final,6.5,-135
MTL,2026-03-31T23:00Z,401803531,TB,2025,Montreal Canadiens,4,Tampa Bay Lightning,1,142,142,142,-170,-170,-170,False,DraftKings,1,-105,3,REG,-170,142,-1.5,Final,6.5,-115
OTT,2026-03-31T23:00Z,401803532,FLA,2025,Ottawa Senators,3,Florida Panthers,6,-180,-180,-170,150,150,142,False,DraftKings,1,-135,3,REG,142,-170,1.5,Final,5.5,114
NJ,2026-03-31T23:00Z,401803533,NYR,2025,New Jersey Devils,1,New York Rangers,4,-125,-125,-115,105,105,-105,False,DraftKings,1,110,3,REG,195,-238,1.5,Final,6.5,-130
DET,2026-03-31T23:00Z,401803534,PIT,2025,Detroit Red Wings,1,Pittsburgh Penguins,5,-108,-108,-110,-112,-112,-110,False,DraftKings,1,-105,3,REG,215,-265,1.5,Final,6.5,-115
PHI,2026-03-31T23:00Z,401803535,WSH,2025,Philadelphia Flyers,4,Washington Capitals,6,105,105,124,-125,-125,-148,False,DraftKings,1,-120,3,REG,-230,190,-1.5,Final,5.5,100
CAR,2026-03-31T23:30Z,401803536,CBJ,2025,Carolina Hurricanes,5,Columbus Blue Jackets,2,-130,-130,-135,110,110,114,False,DraftKings,1,-105,3,REG,190,-230,1.5,Final,6.5,-115
WPG,2026-04-01T00:30Z,401803537,CHI,2025,Winnipeg Jets,4,Chicago Blackhawks,3,-155,-155,-135,130,130,114,False,DraftKings,1,-130,4,OT,170,-205,1.5,Final/OT,5.5,110
SEA,2026-04-01T01:00Z,401803538,EDM,2025,Seattle Kraken,0,Edmonton Oilers,3,154,154,154,-185,-185,-185,False,DraftKings,1,-115,3,REG,-155,130,-1.5,Final,6.5,-105
VAN,2026-04-02T00:30Z,401803539,COL,2025,Vancouver Canucks,8,Colorado Avalanche,6,360,360,330,-470,-470,-425,False,DraftKings,1,-115,3,REG,150,-180,-1.5,Final,6.5,-105
STL,2026-04-02T01:00Z,401803540,LA,2025,St. Louis Blues,1,Los Angeles Kings,2,130,130,130,-155,-155,-155,False,DraftKings,1,-110,4,OT,-205,170,-1.5,Final/OT,5.5,-110
ANA,2026-04-02T01:00Z,401803541,SJ,2025,Anaheim Ducks,3,San Jose Sharks,4,-112,-112,-110,-108,-108,-110,False,DraftKings,1,-142,3,REG,225,-278,1.5,Final,6.5,120
BUF,2026-04-02T23:00Z,401803542,OTT,2025,Buffalo Sabres,1,Ottawa Senators,4,100,100,110,-120,-120,-130,False,DraftKings,1,100,3,REG,-245,200,-1.5,Final,6.5,-120
PIT,2026-04-02T23:00Z,401803543,TB,2025,Pittsburgh Penguins,3,Tampa Bay Lightning,6,136,136,142,-162,-162,-170,False,DraftKings,1,-115,3,REG,-185,154,-1.5,Final,6.5,-105
BOS,2026-04-02T23:00Z,401803544,FLA,2025,Boston Bruins,1,Florida Panthers,2,-162,-162,-142,136,136,120,False,DraftKings,1,-102,3,REG,154,-185,1.5,Final,6.5,-118
MTL,2026-04-02T23:00Z,401803546,NYR,2025,Montreal Canadiens,3,New York Rangers,2,-125,-125,-135,105,105,114,False,DraftKings,1,-105,3,REG,190,-230,1.5,Final,6.5,-115
DET,2026-04-02T23:00Z,401803547,PHI,2025,Detroit Red Wings,4,Philadelphia Flyers,2,-112,-112,-105,-108,-108,-115,False,DraftKings,1,-130,3,REG,-278,225,-1.5,Final,5.5,110
CBJ,2026-04-02T23:00Z,401803548,CAR,2025,Columbus Blue Jackets,1,Carolina Hurricanes,5,164,164,154,-198,-198,-185,False,DraftKings,1,-112,3,REG,-155,130,-1.5,Final,6.5,-108
WSH,2026-04-02T23:30Z,401803545,NJ,2025,Washington Capitals,3,New Jersey Devils,7,100,100,-102,-120,-120,-118,False,DraftKings,1,105,3,REG,-258,210,-1.5,Final,6.5,-125
WPG,2026-04-03T00:00Z,401803549,DAL,2025,Winnipeg Jets,0,Dallas Stars,3,130,130,150,-155,-155,-180,False,DraftKings,1,-118,3,REG,-192,160,-1.5,Final,5.5,-102
VAN,2026-04-03T00:00Z,401803550,MIN,2025,Vancouver Canucks,2,Minnesota Wild,5,330,330,300,-425,-425,-380,False,DraftKings,1,-115,3,REG,140,-166,-1.5,Final,6.5,-105
CHI,2026-04-03T01:00Z,401803551,EDM,2025,Chicago Blackhawks,1,Edmonton Oilers,3,190,190,190,-230,-230,-230,False,DraftKings,1,-112,3,REG,-135,114,-1.5,Final,6.5,-108
CGY,2026-04-03T02:00Z,401803552,VGK,2025,Calgary Flames,3,Vegas Golden Knights,6,195,195,200,-238,-238,-245,False,DraftKings,1,110,3,REG,-130,110,-1.5,Final,6.5,-130
TOR,2026-04-03T02:00Z,401803553,SJ,2025,Toronto Maple Leafs,1,San Jose Sharks,4,114,114,105,-135,-135,-125,False,DraftKings,1,-108,3,REG,-218,180,-1.5,Final,6.5,-112
UTA,2026-04-03T02:00Z,401803554,SEA,2025,Utah Mammoth,6,Seattle Kraken,2,-142,-142,-135,120,120,114,False,DraftKings,1,110,3,REG,180,-218,1.5,Final,6.5,-130
NSH,2026-04-03T02:30Z,401803555,LA,2025,Nashville Predators,5,Los Angeles Kings,4,105,105,114,-125,-125,-135,False,DraftKings,1,-115,5,SO,-250,205,-1.5,Final/SO,5.5,-105
PHI,2026-04-03T23:00Z,401803556,NYI,2025,Philadelphia Flyers,4,New York Islanders,1,130,130,136,-155,-155,-162,False,DraftKings,1,-122,3,REG,-198,164,-1.5,Final,5.5,102
STL,2026-04-04T02:00Z,401803557,ANA,2025,St. Louis Blues,6,Anaheim Ducks,2,120,120,114,-142,-142,-135,False,DraftKings,1,110,3,REG,-218,180,-1.5,Final,6.5,-130
DET,2026-04-04T16:30Z,401803558,NYR,2025,Detroit Red Wings,1,New York Rangers,4,-148,-148,-130,124,124,110,False,DraftKings,1,-102,3,REG,170,-205,1.5,Final,6.5,-118
MIN,2026-04-04T17:00Z,401803559,OTT,2025,Minnesota Wild,4,Ottawa Senators,1,110,110,100,-130,-130,-120,False,DraftKings,1,105,3,REG,-250,205,-1.5,Final,6.5,-125
COL,2026-04-04T19:00Z,401803560,DAL,2025,Colorado Avalanche,2,Dallas Stars,0,-120,-120,-110,100,100,-110,False,DraftKings,1,105,3,REG,200,-245,1.5,Final,6.5,-125
BOS,2026-04-04T21:00Z,401803561,TB,2025,Boston Bruins,1,Tampa Bay Lightning,3,145,145,145,-175,-175,-175,False,DraftKings,1,105,3,REG,-170,142,-1.5,Final,6.5,-125
FLA,2026-04-04T21:00Z,401803562,PIT,2025,Florida Panthers,4,Pittsburgh Penguins,9,200,200,170,-245,-245,-205,False,DraftKings,1,-122,3,REG,-125,105,-1.5,Final,6.5,102
MTL,2026-04-04T23:00Z,401803563,NJ,2025,Montreal Canadiens,4,New Jersey Devils,3,-125,-125,-110,105,105,-110,False,DraftKings,1,-105,5,SO,190,-230,1.5,Final/SO,6.5,-115
BUF,2026-04-04T23:00Z,401803564,WSH,2025,Buffalo Sabres,2,Washington Capitals,6,-115,-115,-115,-105,-105,-105,False,DraftKings,1,-105,3,REG,210,-258,1.5,Final,6.5,-115
NYI,2026-04-04T23:00Z,401803565,CAR,2025,New York Islanders,3,Carolina Hurricanes,4,210,210,190,-258,-258,-230,False,DraftKings,1,100,3,REG,-115,-105,-1.5,Final,6.5,-120
WPG,2026-04-04T23:00Z,401803566,CBJ,2025,Winnipeg Jets,2,Columbus Blue Jackets,1,124,124,130,-148,-148,-155,False,DraftKings,1,-125,3,REG,-218,180,-1.5,Final,5.5,105
UTA,2026-04-04T23:00Z,401803567,VAN,2025,Utah Mammoth,7,Vancouver Canucks,4,-230,-230,-205,190,190,170,False,DraftKings,1,-115,3,REG,110,-130,1.5,Final,6.5,-105
TOR,2026-04-04T23:00Z,401803568,LA,2025,Toronto Maple Leafs,6,Los Angeles Kings,7,170,170,164,-205,-205,-198,False,DraftKings,1,110,4,OT,-155,130,-1.5,Final/OT,6.5,-130
VGK,2026-04-05T02:00Z,401803569,EDM,2025,Vegas Golden Knights,5,Edmonton Oilers,1,-110,-110,-105,-110,-110,-115,False,DraftKings,1,-108,3,REG,-265,215,-1.5,Final,6.5,-112
CGY,2026-04-05T02:00Z,401803570,ANA,2025,Calgary Flames,5,Anaheim Ducks,3,130,130,130,-155,-155,-155,False,DraftKings,1,-135,3,REG,-198,164,-1.5,Final,6.5,114
NSH,2026-04-05T02:00Z,401803571,SJ,2025,Nashville Predators,6,San Jose Sharks,3,100,100,-105,-120,-120,-115,False,DraftKings,1,-105,3,REG,-250,205,-1.5,Final,6.5,-115
CHI,2026-04-05T02:00Z,401803572,SEA,2025,Chicago Blackhawks,4,Seattle Kraken,2,142,142,136,-170,-170,-162,False,DraftKings,1,114,3,REG,-180,150,-1.5,Final,6.5,-135
MIN,2026-04-05T17:00Z,401803573,DET,2025,Minnesota Wild,5,Detroit Red Wings,4,-135,-135,-120,114,114,100,False,DraftKings,1,105,3,REG,195,-238,1.5,Final,6.5,-125
FLA,2026-04-05T19:00Z,401803574,PIT,2025,Florida Panthers,2,Pittsburgh Penguins,5,205,205,180,-250,-250,-218,False,DraftKings,1,-142,3,REG,-122,102,-1.5,Final,6.5,120
BOS,2026-04-05T19:30Z,401803575,PHI,2025,Boston Bruins,1,Philadelphia Flyers,2,136,136,124,-162,-162,-148,False,DraftKings,1,-135,4,OT,-198,164,-1.5,Final/OT,5.5,114
CAR,2026-04-05T21:00Z,401803576,OTT,2025,Carolina Hurricanes,3,Ottawa Senators,6,-120,-120,-125,100,100,105,False,DraftKings,1,100,3,REG,200,-245,1.5,Final,6.5,-120
NJ,2026-04-05T23:00Z,401803577,MTL,2025,New Jersey Devils,3,Montreal Canadiens,0,124,124,124,-148,-148,-148,False,DraftKings,1,-130,3,REG,-192,160,-1.5,Final,6.5,110
WSH,2026-04-05T23:00Z,401803578,NYR,2025,Washington Capitals,1,New York Rangers,8,-115,-115,-105,-105,-105,-115,False,DraftKings,1,102,3,REG,215,-265,1.5,Final,6.5,-122
STL,2026-04-06T01:45Z,401803579,COL,2025,St. Louis Blues,3,Colorado Avalanche,2,164,164,180,-198,-198,-218,False,DraftKings,1,-130,3,REG,-148,124,-1.5,Final,5.5,110
TB,2026-04-06T23:00Z,401803580,BUF,2025,Tampa Bay Lightning,2,Buffalo Sabres,4,-122,-122,-115,102,102,-105,False,DraftKings,1,-115,3,REG,205,-250,1.5,Final,6.5,-105
SEA,2026-04-06T23:30Z,401803581,WPG,2025,Seattle Kraken,2,Winnipeg Jets,6,140,140,145,-166,-166,-175,False,DraftKings,1,-115,3,REG,-180,150,-1.5,Final,5.5,-105
CHI,2026-04-07T02:00Z,401803582,SJ,2025,Chicago Blackhawks,2,San Jose Sharks,3,136,136,130,-162,-162,-155,False,DraftKings,1,100,3,REG,-180,150,-1.5,Final,6.5,-120
NSH,2026-04-07T02:30Z,401803583,LA,2025,Nashville Predators,2,Los Angeles Kings,3,114,114,124,-135,-135,-148,False,DraftKings,1,-135,5,SO,-230,190,-1.5,Final/SO,5.5,114
FLA,2026-04-07T23:00Z,401803584,MTL,2025,Florida Panthers,3,Montreal Canadiens,4,235,235,164,-290,-290,-198,False,DraftKings,1,-110,5,SO,-110,-110,-1.5,Final/SO,6.5,-110
TB,2026-04-07T23:00Z,401803585,OTT,2025,Tampa Bay Lightning,2,Ottawa Senators,6,120,120,102,-142,-142,-122,False,DraftKings,1,-105,3,REG,-198,164,-1.5,Final,6.5,-115
CBJ,2026-04-07T23:00Z,401803586,DET,2025,Columbus Blue Jackets,4,Detroit Red Wings,3,-110,-110,100,-110,-110,-120,False,DraftKings,1,-135,5,SO,-265,215,-1.5,Final/SO,5.5,114
PHI,2026-04-07T23:00Z,401803587,NJ,2025,Philadelphia Flyers,5,New Jersey Devils,1,105,105,105,-125,-125,-125,False,DraftKings,1,-135,3,REG,-245,200,-1.5,Final,5.5,114
BOS,2026-04-07T23:00Z,401803588,CAR,2025,Boston Bruins,5,Carolina Hurricanes,6,154,154,160,-185,-185,-192,False,DraftKings,1,105,4,OT,-166,140,-1.5,Final/OT,6.5,-125
COL,2026-04-08T00:00Z,401803589,STL,2025,Colorado Avalanche,3,St. Louis Blues,1,-155,-155,-162,130,130,136,False,DraftKings,1,110,3,REG,164,-198,1.5,Final,6.5,-130
CGY,2026-04-08T00:00Z,401803590,DAL,2025,Calgary Flames,3,Dallas Stars,4,210,210,205,-258,-258,-250,False,DraftKings,1,-130,4,OT,-125,105,-1.5,Final/OT,5.5,110
SEA,2026-04-08T00:00Z,401803591,MIN,2025,Seattle Kraken,2,Minnesota Wild,5,220,220,205,-270,-270,-250,False,DraftKings,1,110,3,REG,-112,-108,-1.5,Final,6.5,-130
EDM,2026-04-08T01:30Z,401803592,UTA,2025,Edmonton Oilers,5,Utah Mammoth,6,114,114,105,-135,-135,-125,False,DraftKings,1,-115,4,OT,-218,180,-1.5,Final/OT,6.5,-105
VGK,2026-04-08T02:00Z,401803593,VAN,2025,Vegas Golden Knights,2,Vancouver Canucks,1,-258,-258,-230,210,210,190,False,DraftKings,1,-105,3,REG,-110,-110,1.5,Final,6.5,-115
NSH,2026-04-08T02:00Z,401803594,ANA,2025,Nashville Predators,5,Anaheim Ducks,0,130,130,130,-155,-155,-155,False,DraftKings,1,-122,3,REG,-198,164,-1.5,Final,6.5,102
BUF,2026-04-08T23:00Z,401803595,NYR,2025,Buffalo Sabres,5,New York Rangers,3,-135,-135,-148,114,114,124,False,DraftKings,1,-102,3,REG,180,-218,1.5,Final,6.5,-118
WSH,2026-04-08T23:30Z,401803596,TOR,2025,Washington Capitals,4,Toronto Maple Leafs,0,-155,-155,-130,130,130,110,False,DraftKings,1,-110,3,REG,154,-185,1.5,Final,6.5,-110
EDM,2026-04-09T02:00Z,401803597,SJ,2025,Edmonton Oilers,5,San Jose Sharks,2,-108,-108,-125,-112,-112,105,False,DraftKings,1,-135,3,REG,205,-250,1.5,Final,6.5,114
TOR,2026-04-09T22:45Z,401803603,NYI,2025,Toronto Maple Leafs,3,New York Islanders,5,245,245,170,-305,-305,-205,False,DraftKings,1,-105,3,REG,-108,-112,-1.5,Final,6.5,-115
CBJ,2026-04-09T23:00Z,401803598,BUF,2025,Columbus Blue Jackets,0,Buffalo Sabres,5,-118,-118,110,-102,-102,-130,False,DraftKings,1,105,3,REG,-270,220,-1.5,Final,6.5,-125
TB,2026-04-09T23:00Z,401803599,MTL,2025,Tampa Bay Lightning,1,Montreal Canadiens,2,-122,-122,-125,102,102,105,False,DraftKings,1,-105,3,REG,205,-250,1.5,Final,6.5,-115
FLA,2026-04-09T23:00Z,401803600,OTT,2025,Florida Panthers,1,Ottawa Senators,5,310,310,200,-395,-395,-245,False,DraftKings,1,-102,3,REG,124,-148,-1.5,Final,6.5,-118
PHI,2026-04-09T23:00Z,401803601,DET,2025,Philadelphia Flyers,3,Detroit Red Wings,6,-102,-102,114,-118,-118,-135,False,DraftKings,1,-135,3,REG,-250,205,-1.5,Final,5.5,114
PIT,2026-04-09T23:00Z,401803602,NJ,2025,Pittsburgh Penguins,5,New Jersey Devils,2,-112,-112,100,-108,-108,-120,False,DraftKings,1,-135,3,REG,225,-278,1.5,Final,6.5,114
WPG,2026-04-10T00:00Z,401803604,STL,2025,Winnipeg Jets,3,St. Louis Blues,2,-105,-105,-105,-115,-115,-115,False,DraftKings,1,-112,3,REG,-278,225,-1.5,Final,5.5,-108
CAR,2026-04-10T00:30Z,401803606,CHI,2025,Carolina Hurricanes,7,Chicago Blackhawks,2,-185,-185,-230,154,154,190,False,DraftKings,1,110,3,REG,136,-162,1.5,Final,6.5,-130
MIN,2026-04-10T01:00Z,401803605,DAL,2025,Minnesota Wild,4,Dallas Stars,5,102,102,105,-122,-122,-125,False,DraftKings,1,-135,3,REG,-238,195,-1.5,Final,5.5,114
CGY,2026-04-10T01:00Z,401803607,COL,2025,Calgary Flames,1,Colorado Avalanche,3,270,270,270,-340,-340,-340,False,DraftKings,1,-105,3,REG,105,-125,-1.5,Final,6.5,-115
NSH,2026-04-10T01:00Z,401803608,UTA,2025,Nashville Predators,1,Utah Mammoth,4,150,150,142,-180,-180,-170,False,DraftKings,1,105,3,REG,-185,154,-1.5,Final,6.5,-125
SJ,2026-04-10T02:00Z,401803609,ANA,2025,San Jose Sharks,1,Anaheim Ducks,6,145,145,150,-175,-175,-180,False,DraftKings,1,-142,3,REG,-170,142,-1.5,Final,6.5,120
VGK,2026-04-10T02:00Z,401803610,SEA,2025,Vegas Golden Knights,3,Seattle Kraken,4,-192,-192,-170,160,160,142,False,DraftKings,1,105,5,SO,136,-162,1.5,Final/SO,6.5,-125
VAN,2026-04-10T02:30Z,401803611,LA,2025,Vancouver Canucks,1,Los Angeles Kings,4,235,235,220,-290,-290,-270,False,DraftKings,1,114,3,REG,-108,-112,-1.5,Final,6.5,-135
TB,2026-04-11T16:30Z,401803612,BOS,2025,Tampa Bay Lightning,2,Boston Bruins,1,-115,-115,-125,-105,-105,105,False,DraftKings,1,110,3,REG,210,-258,1.5,Final,6.5,-130
OTT,2026-04-11T17:00Z,401803613,NYI,2025,Ottawa Senators,3,New York Islanders,0,-130,-130,-125,110,110,105,False,DraftKings,1,110,3,REG,180,-218,1.5,Final,6.5,-130
WSH,2026-04-11T19:00Z,401803614,PIT,2025,Washington Capitals,6,Pittsburgh Penguins,3,-155,-155,114,130,130,-135,False,DraftKings,1,-142,3,REG,164,-198,1.5,Final,6.5,120
EDM,2026-04-11T20:00Z,401803615,LA,2025,Edmonton Oilers,0,Los Angeles Kings,1,-102,-102,-105,-118,-118,-115,False,DraftKings,1,-105,3,REG,-250,205,-1.5,Final,6.5,-115
NJ,2026-04-11T21:00Z,401803616,DET,2025,New Jersey Devils,5,Detroit Red Wings,3,114,114,120,-135,-135,-142,False,DraftKings,1,-102,3,REG,-205,170,-1.5,Final,6.5,-118
STL,2026-04-11T21:00Z,401803617,CHI,2025,St. Louis Blues,5,Chicago Blackhawks,3,-148,-148,-135,124,124,114,False,DraftKings,1,-135,3,REG,170,-205,1.5,Final,5.5,114
MIN,2026-04-11T21:00Z,401803618,NSH,2025,Minnesota Wild,1,Nashville Predators,2,-110,-110,-135,-110,-110,114,False,DraftKings,1,102,3,REG,205,-250,1.5,Final,6.5,-122
NYR,2026-04-11T21:00Z,401803619,DAL,2025,New York Rangers,0,Dallas Stars,2,150,150,170,-180,-180,-205,False,DraftKings,1,-130,3,REG,-170,142,-1.5,Final,5.5,110
CAR,2026-04-11T21:00Z,401803620,UTA,2025,Carolina Hurricanes,4,Utah Mammoth,1,105,105,-110,-125,-125,-110,False,DraftKings,1,-105,3,REG,-230,190,-1.5,Final,6.5,-115
FLA,2026-04-11T23:00Z,401803621,TOR,2025,Florida Panthers,6,Toronto Maple Leafs,2,136,136,105,-162,-162,-125,False,DraftKings,1,-115,3,REG,-192,160,-1.5,Final,6.5,-105
CBJ,2026-04-11T23:00Z,401803622,MTL,2025,Columbus Blue Jackets,5,Montreal Canadiens,2,110,110,110,-130,-130,-130,False,DraftKings,1,105,3,REG,-218,180,-1.5,Final,6.5,-125
PHI,2026-04-11T23:00Z,401803623,WPG,2025,Philadelphia Flyers,7,Winnipeg Jets,1,105,105,110,-125,-125,-130,False,DraftKings,1,-115,3,REG,-230,190,-1.5,Final,5.5,-105
CGY,2026-04-11T23:00Z,401803624,SEA,2025,Calgary Flames,1,Seattle Kraken,4,110,110,130,-130,-130,-155,False,DraftKings,1,-108,3,REG,-218,180,-1.5,Final,6.5,-112
VGK,2026-04-12T00:00Z,401803625,COL,2025,Vegas Golden Knights,3,Colorado Avalanche,2,110,110,110,-130,-130,-130,False,DraftKings,1,110,4,OT,-225,185,-1.5,Final/OT,6.5,-130
VAN,2026-04-12T02:00Z,401803626,SJ,2025,Vancouver Canucks,4,San Jose Sharks,3,160,160,170,-192,-192,-205,False,DraftKings,1,-122,5,SO,-148,124,-1.5,Final/SO,6.5,102
PIT,2026-04-12T19:00Z,401803627,WSH,2025,Pittsburgh Penguins,0,Washington Capitals,3,124,124,-110,-148,-148,-110,False,DraftKings,1,-142,3,REG,-185,154,-1.5,Final,6.5,120
MTL,2026-04-12T22:00Z,401803628,NYI,2025,Montreal Canadiens,4,New York Islanders,1,105,105,-110,-125,-125,-110,False,DraftKings,1,105,3,REG,-238,195,-1.5,Final,6.5,-125
BOS,2026-04-12T22:00Z,401803629,CBJ,2025,Boston Bruins,3,Columbus Blue Jackets,2,170,170,114,-205,-205,-135,False,DraftKings,1,-105,3,REG,-155,130,-1.5,Final,6.5,-115
OTT,2026-04-12T23:00Z,401803630,NJ,2025,Ottawa Senators,3,New Jersey Devils,4,105,105,-142,-125,-125,120,False,DraftKings,1,105,4,OT,-250,205,-1.5,Final/OT,6.5,-125
VAN,2026-04-13T00:00Z,401803631,ANA,2025,Vancouver Canucks,4,Anaheim Ducks,3,260,260,245,-325,-325,-305,False,DraftKings,1,140,4,OT,110,-130,-1.5,Final/OT,7.5,-166
UTA,2026-04-13T01:00Z,401803632,CGY,2025,Utah Mammoth,1,Calgary Flames,4,-162,-162,-170,136,136,142,False,DraftKings,1,110,3,REG,154,-185,1.5,Final,6.5,-130
DET,2026-04-13T23:00Z,401803633,TB,2025,Detroit Red Wings,3,Tampa Bay Lightning,4,164,164,160,-198,-198,-192,False,DraftKings,1,105,4,OT,-148,124,-1.5,Final/OT,6.5,-125
NYR,2026-04-13T23:00Z,401803634,FLA,2025,New York Rangers,2,Florida Panthers,3,-155,-155,-110,130,130,-110,False,DraftKings,1,105,3,REG,164,-198,1.5,Final,6.5,-125
CAR,2026-04-13T23:00Z,401803635,PHI,2025,Carolina Hurricanes,2,Philadelphia Flyers,3,136,136,-135,-162,-162,114,False,DraftKings,1,-130,5,SO,-198,164,-1.5,Final/SO,5.5,110
DAL,2026-04-13T23:30Z,401803636,TOR,2025,Dallas Stars,6,Toronto Maple Leafs,5,-192,-192,-170,160,160,142,False,DraftKings,1,-112,3,REG,124,-148,1.5,Final,6.5,-108
MIN,2026-04-14T00:00Z,401803637,STL,2025,Minnesota Wild,3,St. Louis Blues,6,154,154,-130,-185,-185,110,False,DraftKings,1,-112,3,REG,-185,154,-1.5,Final,5.5,-108
SJ,2026-04-14T00:00Z,401803638,NSH,2025,San Jose Sharks,3,Nashville Predators,2,130,130,130,-155,-155,-155,False,DraftKings,1,-108,3,REG,-198,164,-1.5,Final,6.5,-112
BUF,2026-04-14T00:30Z,401803639,CHI,2025,Buffalo Sabres,5,Chicago Blackhawks,1,-198,-198,-198,164,164,164,False,DraftKings,1,-108,3,REG,120,-142,1.5,Final,6.5,-112
COL,2026-04-14T01:30Z,401803640,EDM,2025,Colorado Avalanche,2,Edmonton Oilers,1,-125,-125,-125,105,105,105,False,DraftKings,1,-120,5,SO,195,-238,1.5,Final/SO,6.5,100
LA,2026-04-14T01:30Z,401803642,SEA,2025,Los Angeles Kings,5,Seattle Kraken,3,-175,-175,-130,145,145,110,False,DraftKings,1,-130,3,REG,145,-175,1.5,Final,5.5,110
WPG,2026-04-14T02:00Z,401803641,VGK,2025,Winnipeg Jets,2,Vegas Golden Knights,6,154,154,154,-185,-185,-185,False,DraftKings,1,-130,3,REG,-170,142,-1.5,Final,5.5,110
NJ,2026-04-14T23:00Z,401803643,BOS,2025,New Jersey Devils,0,Boston Bruins,4,130,130,120,-155,-155,-142,False,DraftKings,1,102,3,REG,-198,164,-1.5,Final,6.5,-122
CAR,2026-04-14T23:00Z,401803644,NYI,2025,Carolina Hurricanes,2,New York Islanders,1,154,154,-110,-185,-185,-110,False,DraftKings,1,-115,3,REG,-166,140,-1.5,Final,6.5,-105
MTL,2026-04-14T23:00Z,401803645,PHI,2025,Montreal Canadiens,2,Philadelphia Flyers,4,-305,-305,-130,245,245,110,False,DraftKings,1,110,3,REG,-110,-110,1.5,Final,6.5,-130
WSH,2026-04-14T23:00Z,401803646,CBJ,2025,Washington Capitals,2,Columbus Blue Jackets,1,130,130,110,-155,-155,-130,False,DraftKings,1,-115,3,REG,-198,164,-1.5,Final,6.5,-105
ANA,2026-04-15T00:00Z,401803647,MIN,2025,Anaheim Ducks,2,Minnesota Wild,3,-175,-175,105,145,145,-125,False,DraftKings,1,-135,3,REG,145,-175,1.5,Final,6.5,114
WPG,2026-04-15T01:00Z,401803648,UTA,2025,Winnipeg Jets,3,Utah Mammoth,5,180,180,145,-218,-218,-175,False,DraftKings,1,114,3,REG,-135,114,-1.5,Final,6.5,-135
COL,2026-04-15T01:00Z,401803649,CGY,2025,Colorado Avalanche,3,Calgary Flames,1,-155,-155,-175,130,130,145,False,DraftKings,1,100,3,REG,164,-198,1.5,Final,6.5,-120
PIT,2026-04-15T01:30Z,401803650,STL,2025,Pittsburgh Penguins,5,St. Louis Blues,7,180,180,-110,-218,-218,-110,False,DraftKings,1,-102,3,REG,-142,120,-1.5,Final,6.5,-118
LA,2026-04-15T02:00Z,401803651,VAN,2025,Los Angeles Kings,3,Vancouver Canucks,4,-162,-162,-185,136,136,154,False,DraftKings,1,110,4,OT,154,-185,1.5,Final/OT,6.5,-130
DAL,2026-04-15T23:00Z,401803652,BUF,2025,Dallas Stars,4,Buffalo Sabres,3,-148,-148,-105,124,124,-115,False,DraftKings,1,110,5,SO,180,-218,1.5,Final/SO,6.5,-130
NYR,2026-04-15T23:00Z,401803653,TB,2025,New York Rangers,4,Tampa Bay Lightning,2,120,120,170,-142,-142,-205,False,DraftKings,1,-108,3,REG,-198,164,-1.5,Final,6.5,-112
DET,2026-04-15T23:00Z,401803654,FLA,2025,Detroit Red Wings,1,Florida Panthers,8,-175,-175,-130,145,145,110,False,DraftKings,1,110,3,REG,150,-180,1.5,Final,6.5,-130
TOR,2026-04-15T23:30Z,401803655,OTT,2025,Toronto Maple Leafs,1,Ottawa Senators,3,164,164,200,-198,-198,-245,False,DraftKings,1,-130,3,REG,-148,124,-1.5,Final,6.5,110
SJ,2026-04-16T00:30Z,401803656,CHI,2025,San Jose Sharks,2,Chicago Blackhawks,5,-125,-125,-125,105,105,105,False,DraftKings,1,-115,3,REG,195,-238,1.5,Final,6.5,-105
SEA,2026-04-16T02:00Z,401803657,VGK,2025,Seattle Kraken,1,Vegas Golden Knights,4,260,260,205,-325,-325,-250,False,DraftKings,1,102,3,REG,110,-130,-1.5,Final,6.5,-122
STL,2026-04-16T23:30Z,401803660,UTA,2025,St. Louis Blues,5,Utah Mammoth,3,102,102,105,-122,-122,-125,False,DraftKings,1,110,3,REG,-245,200,-1.5,Final,6.5,-130
ANA,2026-04-17T00:00Z,401803658,NSH,2025,Anaheim Ducks,5,Nashville Predators,4,-125,-125,-115,105,105,-105,False,DraftKings,1,-120,3,REG,185,-225,1.5,Final,6.5,100
SJ,2026-04-17T00:00Z,401803659,WPG,2025,San Jose Sharks,6,Winnipeg Jets,1,136,136,142,-162,-162,-170,False,DraftKings,1,-108,3,REG,-185,154,-1.5,Final,6.5,-112
LA,2026-04-17T01:00Z,401803661,CGY,2025,Los Angeles Kings,1,Calgary Flames,3,-175,-175,-135,145,145,114,False,DraftKings,1,110,3,REG,150,-180,1.5,Final,6.5,-130
VAN,2026-04-17T01:00Z,401803662,EDM,2025,Vancouver Canucks,1,Edmonton Oilers,6,280,280,230,-355,-355,-285,False,DraftKings,1,-130,3,REG,120,-142,-1.5,Final,6.5,110
SEA,2026-04-17T02:00Z,401803663,COL,2025,Seattle Kraken,0,Colorado Avalanche,2,180,180,160,-218,-218,-192,False,DraftKings,1,102,3,REG,-135,114,-1.5,Final,6.5,-122
