gameId,date,team,pid,name,gs,sa,sv
2020020001,2021-01-13,PIT,8477465,Tristan Jarry,1,27,21
2020020001,2021-01-13,PHI,8479394,Carter Hart,1,34,31
2020020002,2021-01-13,CHI,8476876,Malcolm Subban,1,33,28
2020020002,2021-01-13,TBL,8476883,Andrei Vasilevskiy,1,23,22
2020020003,2021-01-13,MTL,8471679,Carey Price,1,34,29
2020020003,2021-01-13,TOR,8475883,Frederik Andersen,1,32,28
2020020004,2021-01-13,VAN,8474651,Braden Holtby,1,31,28
2020020004,2021-01-13,EDM,8475156,Mikko Koskinen,1,35,30
2020020005,2021-01-13,COL,8475831,Philipp Grubauer,1,32,28
2020020005,2021-01-13,STL,8476412,Jordan Binnington,1,27,26
2020020006,2021-01-14,BUF,8475622,Carter Hutton,1,27,22
2020020006,2021-01-14,WSH,8478492,Ilya Samsonov,1,26,22
2020020007,2021-01-14,BOS,8471695,Tuukka Rask,1,22,20
2020020007,2021-01-14,NJD,8478406,Mackenzie Blackwood,1,37,35
2020020008,2021-01-14,NYI,8473575,Semyon Varlamov,1,24,24
2020020008,2021-01-14,NYR,8478048,Igor Shesterkin,1,33,29
2020020009,2021-02-22,DAL,8471418,Anton Khudobin,1,51,49
2020020009,2021-02-22,FLA,8476904,Chris Driedger,1,25,24
2020020010,2021-01-14,DET,8471306,Thomas Greiss,1,42,40
2020020010,2021-01-14,CAR,8475852,Petr Mrazek,1,14,14
2020020011,2021-01-14,CBJ,8476914,Joonas Korpisalo,1,34,32
2020020011,2021-01-14,NSH,8477424,Juuse Saros,1,30,29
2020020012,2021-01-14,CGY,8474593,Jacob Markstrom,1,34,30
2020020012,2021-01-14,WPG,8476945,Connor Hellebuyck,1,26,23
2020020013,2021-01-14,EDM,8475156,Mikko Koskinen,1,40,38
2020020013,2021-01-14,VAN,8477967,Thatcher Demko,1,46,41
2020020014,2021-01-14,SJS,8474889,Martin Jones,1,37,34
2020020014,2021-01-14,ARI,8475311,Darcy Kuemper,1,35,32
2020020015,2021-01-14,VGK,8475215,Robin Lehner,1,22,20
2020020015,2021-01-14,ANA,8476434,John Gibson,1,28,24
2020020016,2021-01-14,LAK,8471734,Jonathan Quick,1,27,23
2020020016,2021-01-14,MIN,8475660,Cam Talbot,1,34,31
2020020017,2021-01-15,BUF,8476999,Linus Ullmark,1,21,19
2020020017,2021-01-15,WSH,8477970,Vitek Vanecek,1,31,30
2020020018,2021-01-15,PIT,8477465,Tristan Jarry,1,6,3
2020020018,2021-01-15,PIT,8479193,Casey DeSmith,0,13,12
2020020018,2021-01-15,PHI,8479394,Carter Hart,1,33,31
2020020019,2021-01-15,TBL,8476883,Andrei Vasilevskiy,1,37,35
2020020019,2021-01-15,CHI,8480420,Collin Delia,1,37,32
2020020020,2021-05-03,DAL,8471418,Anton Khudobin,1,15,11
2020020020,2021-05-03,DAL,8479979,Jake Oettinger,0,28,27
2020020020,2021-05-03,FLA,8481519,Spencer Knight,1,29,25
2020020021,2021-01-15,TOR,8475883,Frederik Andersen,1,24,19
2020020021,2021-01-15,OTT,8476899,Matt Murray,1,23,20
2020020022,2021-01-15,COL,8475831,Philipp Grubauer,1,21,21
2020020022,2021-01-15,STL,8476412,Jordan Binnington,1,24,20
2020020022,2021-01-15,STL,8478024,Ville Husso,0,14,10
2020020023,2021-01-16,BOS,8470860,Jaroslav Halak,1,31,29
2020020023,2021-01-16,NJD,8478406,Mackenzie Blackwood,1,28,27
2020020024,2021-01-16,NYI,8478009,Ilya Sorokin,1,32,27
2020020024,2021-01-16,NYR,8480382,Alexandar Georgiev,1,23,23
2020020025,2021-01-16,DET,8473541,Jonathan Bernier,1,31,29
2020020025,2021-01-16,CAR,8475852,Petr Mrazek,1,20,17
2020020026,2021-01-16,NSH,8477424,Juuse Saros,1,44,42
2020020026,2021-01-16,CBJ,8478007,Elvis Merzlikins,1,33,28
2020020027,2021-01-16,TOR,8475789,Jack Campbell,1,19,17
2020020027,2021-01-16,OTT,8476899,Matt Murray,1,40,37
2020020028,2021-01-16,CGY,8474593,Jacob Markstrom,1,32,32
2020020028,2021-01-16,VAN,8474651,Braden Holtby,1,35,32
2020020029,2021-01-16,MTL,8471679,Carey Price,1,35,34
2020020029,2021-01-16,EDM,8475156,Mikko Koskinen,1,36,31
2020020030,2021-01-16,SJS,8471227,Devan Dubnyk,0,2,2
2020020030,2021-01-16,SJS,8474889,Martin Jones,1,24,19
2020020030,2021-01-16,ARI,8477293,Antti Raanta,1,34,31
2020020031,2021-01-16,VGK,8470594,Marc-Andre Fleury,1,22,21
2020020031,2021-01-16,ANA,8476434,John Gibson,1,33,31
2020020032,2021-01-16,LAK,8471734,Jonathan Quick,1,44,40
2020020032,2021-01-16,MIN,8475660,Cam Talbot,1,33,30
2020020033,2021-05-05,TBL,8476883,Andrei Vasilevskiy,1,22,20
2020020033,2021-05-05,DAL,8479979,Jake Oettinger,1,18,14
2020020034,2021-01-17,FLA,8476904,Chris Driedger,1,30,28
2020020034,2021-01-17,CHI,8480420,Collin Delia,1,36,31
2020020035,2021-01-17,WSH,8478492,Ilya Samsonov,1,27,24
2020020035,2021-01-17,PIT,8479193,Casey DeSmith,1,23,20
2020020036,2021-01-18,BOS,8471695,Tuukka Rask,1,17,16
2020020036,2021-01-18,NYI,8473575,Semyon Varlamov,1,27,27
2020020037,2021-01-18,PHI,8470880,Brian Elliott,0,15,13
2020020037,2021-01-18,BUF,8475622,Carter Hutton,1,22,21
2020020037,2021-01-18,PHI,8479394,Carter Hart,1,22,18
2020020038,2021-01-18,DET,8471306,Thomas Greiss,1,29,26
2020020038,2021-01-18,CBJ,8476914,Joonas Korpisalo,1,37,35
2020020039,2021-01-18,SJS,8471227,Devan Dubnyk,1,33,28
2020020039,2021-01-18,STL,8476412,Jordan Binnington,1,26,22
2020020040,2021-01-18,NSH,8471469,Pekka Rinne,1,23,20
2020020040,2021-01-18,CAR,8473503,James Reimer,1,33,31
2020020041,2021-01-18,TOR,8475883,Frederik Andersen,1,28,27
2020020041,2021-01-18,WPG,8476945,Connor Hellebuyck,1,37,35
2020020042,2021-01-18,CGY,8474593,Jacob Markstrom,1,27,25
2020020042,2021-01-18,VAN,8477967,Thatcher Demko,1,31,27
2020020043,2021-01-18,MTL,8474596,Jake Allen,1,26,25
2020020043,2021-01-18,EDM,8475156,Mikko Koskinen,1,34,31
2020020044,2021-01-18,VGK,8475215,Robin Lehner,1,32,30
2020020044,2021-01-18,ARI,8475311,Darcy Kuemper,1,27,24
2020020045,2021-01-18,MIN,8475660,Cam Talbot,1,27,26
2020020045,2021-01-18,ANA,8476434,John Gibson,1,34,34
2020020046,2021-01-19,NYR,8478048,Igor Shesterkin,0,8,8
2020020046,2021-01-19,NJD,8478406,Mackenzie Blackwood,1,50,47
2020020046,2021-01-19,NYR,8480382,Alexandar Georgiev,1,20,16
2020020047,2021-01-19,PHI,8470880,Brian Elliott,1,40,40
2020020047,2021-01-19,BUF,8475622,Carter Hutton,1,20,19
2020020047,2021-01-19,BUF,8477992,Jonas Johansson,0,9,8
2020020048,2021-05-07,TBL,8470147,Curtis McElhinney,1,31,26
2020020048,2021-05-07,DAL,8471418,Anton Khudobin,1,27,25
2020020049,2021-01-19,FLA,8475683,Sergei Bobrovsky,1,36,32
2020020049,2021-01-19,CHI,8480947,Kevin Lankinen,1,30,25
2020020050,2021-01-19,WSH,8477970,Vitek Vanecek,1,30,25
2020020050,2021-01-19,PIT,8479193,Casey DeSmith,1,26,22
2020020051,2021-01-19,DET,8473541,Jonathan Bernier,1,24,22
2020020051,2021-01-19,CBJ,8478007,Elvis Merzlikins,1,27,24
2020020052,2021-03-02,NSH,8471469,Pekka Rinne,0,17,16
2020020052,2021-03-02,CAR,8473503,James Reimer,1,38,36
2020020052,2021-03-02,NSH,8477424,Juuse Saros,1,10,8
2020020053,2021-01-19,WPG,8476316,Laurent Brossoit,1,41,38
2020020053,2021-01-19,OTT,8476899,Matt Murray,1,28,24
2020020054,2021-01-19,COL,8475831,Philipp Grubauer,1,25,23
2020020054,2021-01-19,LAK,8477361,Calvin Petersen,1,24,21
2020020055,2021-01-20,SJS,8474889,Martin Jones,1,23,22
2020020055,2021-01-20,STL,8476412,Jordan Binnington,1,38,37
2020020056,2021-01-20,EDM,8475156,Mikko Koskinen,1,26,25
2020020056,2021-01-20,TOR,8475883,Frederik Andersen,1,21,19
2020020057,2021-01-20,MTL,8471679,Carey Price,1,28,23
2020020057,2021-01-20,VAN,8474651,Braden Holtby,1,36,31
2020020058,2021-01-20,VGK,8470594,Marc-Andre Fleury,1,23,21
2020020058,2021-01-20,ARI,8475311,Darcy Kuemper,1,29,24
2020020059,2021-01-20,ANA,8468011,Ryan Miller,1,32,29
2020020059,2021-01-20,MIN,8478039,Kaapo Kahkonen,1,24,22
2020020060,2021-01-21,BOS,8471695,Tuukka Rask,1,26,22
2020020060,2021-01-21,PHI,8479394,Carter Hart,1,43,39
2020020061,2021-01-21,NYI,8473575,Semyon Varlamov,1,31,30
2020020061,2021-01-21,NJD,8475809,Scott Wedgewood,1,35,31
2020020062,2021-02-17,FLA,8476904,Chris Driedger,1,35,32
2020020062,2021-02-17,CAR,8477968,Alex Nedeljkovic,1,37,33
2020020063,2021-01-21,TBL,8476883,Andrei Vasilevskiy,1,25,23
2020020063,2021-01-21,CBJ,8476914,Joonas Korpisalo,1,37,34
2020020064,2021-01-21,OTT,8476899,Matt Murray,1,26,22
2020020064,2021-01-21,WPG,8476945,Connor Hellebuyck,1,29,28
2020020064,2021-01-21,OTT,8477405,Marcus Hogberg,0,3,3
2020020065,2021-01-21,MTL,8474596,Jake Allen,1,17,14
2020020065,2021-01-21,VAN,8477967,Thatcher Demko,1,42,35
2020020066,2021-01-21,LAK,8471734,Jonathan Quick,1,26,24
2020020066,2021-01-21,COL,8480112,Hunter Miska,1,26,23
2020020067,2021-01-22,BUF,8476999,Linus Ullmark,1,32,29
2020020067,2021-01-22,WSH,8477970,Vitek Vanecek,1,27,24
2020020068,2021-01-22,PIT,8477465,Tristan Jarry,1,34,31
2020020068,2021-01-22,NYR,8478048,Igor Shesterkin,1,28,25
2020020069,2021-01-22,DET,8471306,Thomas Greiss,1,27,24
2020020069,2021-01-22,CHI,8480947,Kevin Lankinen,1,31,30
2020020070,2021-01-22,EDM,8475156,Mikko Koskinen,1,28,25
2020020070,2021-01-22,TOR,8475883,Frederik Andersen,1,32,30
2020020071,2021-01-22,SJS,8471227,Devan Dubnyk,1,27,25
2020020071,2021-01-22,MIN,8475660,Cam Talbot,1,12,11
2020020071,2021-01-22,MIN,8478039,Kaapo Kahkonen,0,17,17
2020020072,2021-01-22,DAL,8471418,Anton Khudobin,1,34,34
2020020072,2021-01-22,NSH,8471469,Pekka Rinne,0,8,6
2020020072,2021-01-22,NSH,8477424,Juuse Saros,1,20,15
2020020073,2021-01-22,VGK,8475215,Robin Lehner,1,25,21
2020020073,2021-01-22,ARI,8475311,Darcy Kuemper,1,31,29
2020020074,2021-01-22,COL,8475831,Philipp Grubauer,1,38,36
2020020074,2021-01-22,ANA,8476434,John Gibson,1,32,29
2020020075,2021-01-23,BOS,8470860,Jaroslav Halak,1,17,16
2020020075,2021-01-23,PHI,8479394,Carter Hart,1,26,20
2020020076,2021-03-07,CAR,8473503,James Reimer,1,23,21
2020020076,2021-03-07,FLA,8476904,Chris Driedger,1,26,22
2020020077,2021-01-23,TBL,8476883,Andrei Vasilevskiy,1,27,23
2020020077,2021-01-23,CBJ,8478007,Elvis Merzlikins,1,32,30
2020020078,2021-01-23,STL,8476412,Jordan Binnington,1,23,21
2020020078,2021-01-23,LAK,8477361,Calvin Petersen,1,29,26
2020020079,2021-01-23,WPG,8476945,Connor Hellebuyck,1,21,18
2020020079,2021-01-23,OTT,8477405,Marcus Hogberg,1,37,32
2020020080,2021-01-23,MTL,8471679,Carey Price,1,25,23
2020020080,2021-01-23,VAN,8474651,Braden Holtby,1,32,28
2020020081,2021-01-24,NJD,8475809,Scott Wedgewood,1,28,28
2020020081,2021-01-24,NYI,8478009,Ilya Sorokin,1,24,22
2020020082,2021-01-24,BUF,8476999,Linus Ullmark,1,31,28
2020020082,2021-01-24,WSH,8477970,Vitek Vanecek,1,48,45
2020020083,2021-01-24,PIT,8477465,Tristan Jarry,1,26,24
2020020083,2021-01-24,NYR,8478048,Igor Shesterkin,1,19,16
2020020084,2021-01-24,DET,8473541,Jonathan Bernier,1,35,29
2020020084,2021-01-24,CHI,8480947,Kevin Lankinen,1,27,25
2020020085,2021-01-24,LAK,8471734,Jonathan Quick,1,31,28
2020020085,2021-01-24,STL,8478024,Ville Husso,1,34,29
2020020086,2021-01-24,EDM,8475156,Mikko Koskinen,1,38,35
2020020086,2021-01-24,WPG,8476316,Laurent Brossoit,1,38,34
2020020087,2021-01-24,CGY,8474593,Jacob Markstrom,1,32,29
2020020087,2021-01-24,TOR,8475789,Jack Campbell,1,33,31
2020020088,2021-01-24,SJS,8474889,Martin Jones,1,29,26
2020020088,2021-01-24,MIN,8478039,Kaapo Kahkonen,1,35,31
2020020089,2021-01-24,DAL,8471418,Anton Khudobin,1,17,15
2020020089,2021-01-24,NSH,8477424,Juuse Saros,1,22,19
2020020090,2021-01-24,VGK,8470594,Marc-Andre Fleury,1,16,16
2020020090,2021-01-24,ARI,8475311,Darcy Kuemper,1,27,26
2020020091,2021-01-24,COL,8475831,Philipp Grubauer,1,14,12
2020020091,2021-01-24,ANA,8476434,John Gibson,1,33,32
2020020092,2021-01-25,OTT,8476899,Matt Murray,1,35,28
2020020092,2021-01-25,VAN,8477967,Thatcher Demko,1,36,35
2020020093,2021-01-26,BOS,8471695,Tuukka Rask,1,30,28
2020020093,2021-01-26,PIT,8477465,Tristan Jarry,1,36,33
2020020094,2021-01-26,BUF,8476999,Linus Ullmark,1,30,28
2020020094,2021-01-26,NYR,8480382,Alexandar Georgiev,1,24,21
2020020095,2021-01-26,PHI,8470880,Brian Elliott,1,26,23
2020020095,2021-01-26,NJD,8475809,Scott Wedgewood,1,30,26
2020020096,2021-01-26,NYI,8473575,Semyon Varlamov,1,37,34
2020020096,2021-01-26,WSH,8477970,Vitek Vanecek,1,34,32
2020020097,2021-02-22,CAR,8473503,James Reimer,1,31,28
2020020097,2021-02-22,TBL,8476883,Andrei Vasilevskiy,1,36,34
2020020098,2021-01-26,FLA,8475683,Sergei Bobrovsky,1,22,19
2020020098,2021-01-26,CBJ,8476914,Joonas Korpisalo,1,31,28
2020020099,2021-01-26,NSH,8471469,Pekka Rinne,1,20,18
2020020099,2021-01-26,CHI,8476876,Malcolm Subban,1,39,36
2020020100,2021-01-26,EDM,8475156,Mikko Koskinen,1,32,27
2020020100,2021-01-26,WPG,8476945,Connor Hellebuyck,1,26,22
2020020101,2021-01-26,CGY,8474593,Jacob Markstrom,1,21,17
2020020101,2021-01-26,TOR,8475883,Frederik Andersen,1,26,23
2020020102,2021-01-26,LAK,8477361,Calvin Petersen,1,33,32
2020020102,2021-01-26,MIN,8478039,Kaapo Kahkonen,1,21,19
2020020103,2021-01-26,DET,8471306,Thomas Greiss,1,22,20
2020020103,2021-01-26,DAL,8471418,Anton Khudobin,1,21,20
2020020104,2021-01-26,SJS,8471227,Devan Dubnyk,0,23,21
2020020104,2021-01-26,SJS,8474889,Martin Jones,1,19,14
2020020104,2021-01-26,COL,8475831,Philipp Grubauer,1,30,27
2020020105,2021-01-26,ARI,8475311,Darcy Kuemper,1,24,23
2020020105,2021-01-26,ANA,8476434,John Gibson,1,31,31
2020020106,2021-01-26,VGK,8475215,Robin Lehner,1,25,21
2020020106,2021-01-26,STL,8476412,Jordan Binnington,1,46,42
2020020107,2021-01-27,NSH,8477424,Juuse Saros,1,30,29
2020020107,2021-01-27,CHI,8480947,Kevin Lankinen,1,42,41
2020020108,2021-01-27,OTT,8477405,Marcus Hogberg,1,35,30
2020020108,2021-01-27,VAN,8477967,Thatcher Demko,1,43,42
2020020109,2021-01-28,BOS,8470860,Jaroslav Halak,1,17,16
2020020109,2021-01-28,PIT,8477465,Tristan Jarry,1,20,16
2020020110,2021-01-28,BUF,8476999,Linus Ullmark,1,39,36
2020020110,2021-01-28,NYR,8478048,Igor Shesterkin,1,25,23
2020020111,2021-01-28,NJD,8475809,Scott Wedgewood,1,17,14
2020020111,2021-01-28,PHI,8479394,Carter Hart,1,34,33
2020020112,2021-01-28,NYI,8473575,Semyon Varlamov,1,22,17
2020020112,2021-01-28,WSH,8477970,Vitek Vanecek,1,30,27
2020020113,2021-01-28,CAR,8475852,Petr Mrazek,1,32,32
2020020113,2021-01-28,TBL,8476883,Andrei Vasilevskiy,1,35,34
2020020114,2021-01-28,FLA,8476904,Chris Driedger,1,31,29
2020020114,2021-01-28,CBJ,8478007,Elvis Merzlikins,1,35,33
2020020115,2021-01-28,MTL,8471679,Carey Price,1,25,23
2020020115,2021-01-28,CGY,8479496,David Rittich,1,21,17
2020020116,2021-01-28,EDM,8475156,Mikko Koskinen,1,27,23
2020020116,2021-01-28,TOR,8475883,Frederik Andersen,1,29,26
2020020117,2021-01-28,VAN,8474651,Braden Holtby,1,37,36
2020020117,2021-01-28,OTT,8476899,Matt Murray,1,25,21
2020020118,2021-01-28,LAK,8471734,Jonathan Quick,1,28,23
2020020118,2021-01-28,MIN,8478039,Kaapo Kahkonen,1,35,32
2020020119,2021-01-28,DET,8471306,Thomas Greiss,0,9,6
2020020119,2021-01-28,DET,8473541,Jonathan Bernier,1,19,16
2020020119,2021-01-28,DAL,8479979,Jake Oettinger,1,23,20
2020020120,2021-01-28,SJS,8471227,Devan Dubnyk,1,38,35
2020020120,2021-01-28,COL,8475831,Philipp Grubauer,1,21,21
2020020121,2021-01-28,ARI,8475311,Darcy Kuemper,1,16,14
2020020121,2021-01-28,ANA,8476434,John Gibson,1,34,31
2020020122,2021-03-22,VGK,8475215,Robin Lehner,1,16,15
2020020122,2021-03-22,STL,8476412,Jordan Binnington,1,35,30
2020020123,2021-01-29,CBJ,8476914,Joonas Korpisalo,1,32,31
2020020123,2021-01-29,CHI,8480947,Kevin Lankinen,1,27,25
2020020124,2021-01-30,NJD,8475809,Scott Wedgewood,1,31,28
2020020124,2021-01-30,BUF,8476999,Linus Ullmark,1,34,31
2020020125,2021-01-30,PIT,8479193,Casey DeSmith,1,34,30
2020020125,2021-01-30,NYR,8480382,Alexandar Georgiev,1,38,33
2020020126,2021-01-30,NYI,8473575,Semyon Varlamov,1,17,14
2020020126,2021-01-30,PHI,8479394,Carter Hart,1,28,26
2020020127,2021-01-30,BOS,8471695,Tuukka Rask,1,23,19
2020020127,2021-01-30,WSH,8477970,Vitek Vanecek,1,43,40
2020020128,2021-01-30,DAL,8471418,Anton Khudobin,1,16,12
2020020128,2021-01-30,CAR,8473503,James Reimer,0,11,10
2020020128,2021-01-30,CAR,8475852,Petr Mrazek,1,0,0
2020020128,2021-01-30,DAL,8479979,Jake Oettinger,0,10,10
2020020129,2021-01-30,NSH,8471469,Pekka Rinne,1,33,29
2020020129,2021-01-30,TBL,8476883,Andrei Vasilevskiy,1,26,23
2020020130,2021-01-30,DET,8471306,Thomas Greiss,1,26,23
2020020130,2021-01-30,FLA,8475683,Sergei Bobrovsky,1,27,25
2020020131,2021-01-30,CGY,8474593,Jacob Markstrom,1,37,37
2020020131,2021-01-30,MTL,8474596,Jake Allen,1,32,31
2020020132,2021-01-30,WPG,8476945,Connor Hellebuyck,1,38,35
2020020132,2021-01-30,VAN,8477967,Thatcher Demko,1,24,23
2020020133,2021-01-30,EDM,8475156,Mikko Koskinen,1,29,26
2020020133,2021-01-30,TOR,8475883,Frederik Andersen,1,31,27
2020020134,2021-01-30,COL,8475831,Philipp Grubauer,1,20,19
2020020134,2021-01-30,MIN,8478039,Kaapo Kahkonen,1,33,28
2020020135,2021-01-30,ANA,8468011,Ryan Miller,0,24,21
2020020135,2021-01-30,STL,8476412,Jordan Binnington,1,24,23
2020020135,2021-01-30,ANA,8476434,John Gibson,1,6,3
2020020136,2021-01-31,BUF,8475622,Carter Hutton,1,36,32
2020020136,2021-01-31,NJD,8477480,Eric Comrie,1,33,30
2020020137,2021-01-31,PHI,8470880,Brian Elliott,1,36,33
2020020137,2021-01-31,NYI,8478009,Ilya Sorokin,1,29,25
2020020138,2021-01-31,DAL,8471418,Anton Khudobin,1,40,37
2020020138,2021-01-31,CAR,8473503,James Reimer,1,29,26
2020020139,2021-01-31,DET,8471306,Thomas Greiss,1,30,27
2020020139,2021-01-31,FLA,8476904,Chris Driedger,1,34,32
2020020140,2021-01-31,CBJ,8478007,Elvis Merzlikins,1,36,33
2020020140,2021-01-31,CHI,8480947,Kevin Lankinen,1,33,32
2020020141,2021-01-31,OTT,8476899,Matt Murray,1,9,6
2020020141,2021-01-31,OTT,8477405,Marcus Hogberg,0,22,17
2020020141,2021-01-31,EDM,8479973,Stuart Skinner,1,38,33
2020020142,2021-01-31,MIN,8475660,Cam Talbot,1,25,22
2020020142,2021-01-31,COL,8480112,Hunter Miska,1,33,29
2020020143,2021-01-31,ANA,8476434,John Gibson,1,23,19
2020020143,2021-01-31,STL,8478024,Ville Husso,1,26,25
2020020144,2021-02-01,NYR,8478048,Igor Shesterkin,1,26,25
2020020144,2021-02-01,PIT,8479193,Casey DeSmith,1,23,21
2020020145,2021-02-01,BOS,8470860,Jaroslav Halak,1,26,23
2020020145,2021-02-01,WSH,8477970,Vitek Vanecek,1,32,28
2020020146,2021-02-01,TBL,8476883,Andrei Vasilevskiy,1,31,29
2020020146,2021-02-01,NSH,8477424,Juuse Saros,1,27,23
2020020147,2021-02-01,MTL,8471679,Carey Price,1,29,27
2020020147,2021-02-01,VAN,8474651,Braden Holtby,1,40,34
2020020148,2021-02-01,CGY,8474593,Jacob Markstrom,1,28,25
2020020148,2021-02-01,WPG,8476945,Connor Hellebuyck,1,28,25
2020020149,2021-02-13,VGK,8470594,Marc-Andre Fleury,1,25,24
2020020149,2021-02-13,SJS,8474889,Martin Jones,1,26,23
2020020150,2021-02-22,NYI,8473575,Semyon Varlamov,1,36,34
2020020150,2021-02-22,BUF,8476999,Linus Ullmark,1,23,20
2020020151,2021-03-21,PIT,8477465,Tristan Jarry,1,35,33
2020020151,2021-03-21,NJD,8478406,Mackenzie Blackwood,1,36,35
2020020152,2021-02-02,CBJ,8476914,Joonas Korpisalo,1,23,18
2020020152,2021-02-02,CBJ,8478007,Elvis Merzlikins,0,9,9
2020020152,2021-02-02,DAL,8479979,Jake Oettinger,1,26,23
2020020153,2021-02-02,CAR,8473503,James Reimer,1,33,30
2020020153,2021-02-02,CHI,8480947,Kevin Lankinen,1,41,38
2020020154,2021-02-02,ARI,8475311,Darcy Kuemper,1,29,25
2020020154,2021-02-02,STL,8476412,Jordan Binnington,1,35,32
2020020155,2021-02-02,MTL,8474596,Jake Allen,1,39,36
2020020155,2021-02-02,VAN,8477967,Thatcher Demko,1,32,28
2020020156,2021-02-02,WPG,8476316,Laurent Brossoit,1,31,29
2020020156,2021-02-02,CGY,8479496,David Rittich,1,28,25
2020020157,2021-02-02,EDM,8475156,Mikko Koskinen,1,25,23
2020020157,2021-02-02,OTT,8477405,Marcus Hogberg,1,25,21
2020020158,2021-02-02,MIN,8475660,Cam Talbot,1,31,29
2020020158,2021-02-02,COL,8475831,Philipp Grubauer,1,28,27
2020020159,2021-02-03,BOS,8471695,Tuukka Rask,1,25,22
2020020159,2021-02-03,PHI,8479394,Carter Hart,1,35,31
2020020160,2021-02-03,DET,8471306,Thomas Greiss,1,6,3
2020020160,2021-02-03,DET,8475717,Calvin Pickard,0,21,19
2020020160,2021-02-03,TBL,8476883,Andrei Vasilevskiy,1,16,15
2020020161,2021-02-02,ANA,8476434,John Gibson,1,21,20
2020020161,2021-02-02,LAK,8477361,Calvin Petersen,1,42,40
2020020162,2021-05-12,VGK,8470594,Marc-Andre Fleury,1,19,19
2020020162,2021-05-12,SJS,8482246,Alexei Melnichuk,1,44,38
2020020163,2021-03-04,BUF,8477992,Jonas Johansson,1,45,40
2020020163,2021-03-04,NYI,8478009,Ilya Sorokin,1,18,16
2020020164,2021-02-04,WSH,8477970,Vitek Vanecek,1,30,27
2020020164,2021-02-04,NYR,8478048,Igor Shesterkin,1,33,31
2020020165,2021-02-04,NSH,8471469,Pekka Rinne,0,12,12
2020020165,2021-02-04,FLA,8475683,Sergei Bobrovsky,1,41,35
2020020165,2021-02-04,NSH,8477424,Juuse Saros,1,24,19
2020020166,2021-04-20,NJD,8475809,Scott Wedgewood,1,13,9
2020020166,2021-04-20,NJD,8477180,Aaron Dell,0,19,16
2020020166,2021-04-20,PIT,8477465,Tristan Jarry,1,30,24
2020020167,2021-02-04,DAL,8471418,Anton Khudobin,1,25,21
2020020167,2021-02-04,CBJ,8476914,Joonas Korpisalo,1,28,25
2020020168,2021-02-04,CAR,8473503,James Reimer,1,34,29
2020020168,2021-02-04,CHI,8480947,Kevin Lankinen,1,34,30
2020020169,2021-02-04,STL,8476412,Jordan Binnington,1,29,26
2020020169,2021-02-04,ARI,8477293,Antti Raanta,1,43,40
2020020170,2021-02-04,MTL,8471679,Carey Price,1,22,19
2020020170,2021-02-04,OTT,8476899,Matt Murray,1,38,36
2020020171,2021-02-04,TOR,8475883,Frederik Andersen,1,19,16
2020020171,2021-02-04,VAN,8477967,Thatcher Demko,1,37,30
2020020172,2021-02-04,CGY,8474593,Jacob Markstrom,1,26,23
2020020172,2021-02-04,WPG,8476945,Connor Hellebuyck,1,24,23
2020020173,2021-02-24,COL,8475831,Philipp Grubauer,1,24,19
2020020173,2021-02-24,MIN,8478039,Kaapo Kahkonen,1,32,30
2020020174,2021-02-05,PHI,8470880,Brian Elliott,1,23,21
2020020174,2021-02-05,BOS,8471695,Tuukka Rask,1,24,23
2020020175,2021-02-05,DET,8471306,Thomas Greiss,1,31,29
2020020175,2021-02-05,TBL,8476883,Andrei Vasilevskiy,1,28,27
2020020176,2021-02-05,NSH,8471469,Pekka Rinne,1,36,34
2020020176,2021-02-05,FLA,8476904,Chris Driedger,1,25,24
2020020177,2021-02-05,VGK,8470594,Marc-Andre Fleury,1,29,27
2020020177,2021-02-05,LAK,8471734,Jonathan Quick,1,10,6
2020020177,2021-02-05,LAK,8477361,Calvin Petersen,0,26,25
2020020178,2021-02-05,SJS,8474889,Martin Jones,1,37,33
2020020178,2021-02-05,ANA,8476434,John Gibson,1,30,26
2020020179,2021-03-27,BUF,8476999,Linus Ullmark,1,36,33
2020020179,2021-03-27,BOS,8478435,Dan Vladar,1,27,25
2020020180,2021-03-04,NJD,8477180,Aaron Dell,0,4,2
2020020180,2021-03-04,NYR,8478048,Igor Shesterkin,1,33,32
2020020180,2021-03-04,NJD,8478406,Mackenzie Blackwood,1,15,11
2020020180,2021-03-04,NYR,8480382,Alexandar Georgiev,0,3,3
2020020181,2021-02-06,NYI,8473575,Semyon Varlamov,1,31,28
2020020181,2021-02-06,PIT,8477465,Tristan Jarry,1,26,22
2020020182,2021-04-14,COL,8471227,Devan Dubnyk,1,34,31
2020020182,2021-04-14,STL,8476412,Jordan Binnington,1,28,24
2020020183,2021-02-06,MTL,8474596,Jake Allen,1,35,34
2020020183,2021-02-06,OTT,8476899,Matt Murray,1,32,30
2020020184,2021-02-06,VAN,8474651,Braden Holtby,1,31,26
2020020184,2021-02-06,TOR,8475883,Frederik Andersen,1,28,27
2020020185,2021-02-06,CGY,8474593,Jacob Markstrom,1,32,28
2020020185,2021-02-06,EDM,8475156,Mikko Koskinen,1,28,22
2020020186,2021-03-16,MIN,8478039,Kaapo Kahkonen,1,31,31
2020020186,2021-03-16,ARI,8478499,Adin Hill,1,26,23
2020020187,2021-02-06,ANA,8468011,Ryan Miller,1,27,26
2020020187,2021-02-06,SJS,8471227,Devan Dubnyk,1,33,32
2020020188,2021-02-07,WSH,8467950,Craig Anderson,0,8,6
2020020188,2021-02-07,WSH,8477970,Vitek Vanecek,1,14,10
2020020188,2021-02-07,PHI,8479394,Carter Hart,1,37,33
2020020189,2021-02-07,DET,8471306,Thomas Greiss,1,37,36
2020020189,2021-02-07,FLA,8476904,Chris Driedger,1,38,35
2020020190,2021-02-07,CAR,8473503,James Reimer,1,22,17
2020020190,2021-02-07,CBJ,8476914,Joonas Korpisalo,1,26,20
2020020191,2021-04-26,STL,8476412,Jordan Binnington,1,32,31
2020020191,2021-04-26,COL,8477992,Jonas Johansson,1,20,16
2020020192,2021-04-14,MIN,8475660,Cam Talbot,1,30,28
2020020192,2021-04-14,ARI,8477293,Antti Raanta,1,22,17
2020020193,2021-02-07,CHI,8476876,Malcolm Subban,1,31,30
2020020193,2021-02-07,DAL,8479979,Jake Oettinger,1,35,33
2020020194,2021-02-07,VGK,8475215,Robin Lehner,1,32,29
2020020194,2021-02-07,LAK,8477361,Calvin Petersen,1,33,29
2020020195,2021-04-13,BUF,8474682,Dustin Tokarski,0,31,29
2020020195,2021-04-13,BUF,8476999,Linus Ullmark,1,3,3
2020020195,2021-04-13,BOS,8480280,Jeremy Swayman,1,23,21
2020020196,2021-02-08,NYI,8473575,Semyon Varlamov,1,30,30
2020020196,2021-02-08,NYR,8478048,Igor Shesterkin,1,30,28
2020020197,2021-02-08,CBJ,8476914,Joonas Korpisalo,1,24,22
2020020197,2021-02-08,CAR,8477968,Alex Nedeljkovic,1,22,19
2020020198,2021-02-08,TBL,8470147,Curtis McElhinney,1,24,23
2020020198,2021-02-08,NSH,8471469,Pekka Rinne,1,33,31
2020020199,2021-02-08,EDM,8469608,Mike Smith,1,28,27
2020020199,2021-02-08,OTT,8476899,Matt Murray,1,34,32
2020020200,2021-02-08,VAN,8474651,Braden Holtby,1,19,16
2020020200,2021-02-08,TOR,8475883,Frederik Andersen,1,32,31
2020020201,2021-03-18,NJD,8475809,Scott Wedgewood,1,42,40
2020020201,2021-03-18,PIT,8477465,Tristan Jarry,1,35,32
2020020202,2021-04-13,PHI,8470880,Brian Elliott,1,32,26
2020020202,2021-04-13,WSH,8478492,Ilya Samsonov,1,30,29
2020020203,2021-02-09,DET,8471306,Thomas Greiss,1,22,20
2020020203,2021-02-09,FLA,8475683,Sergei Bobrovsky,1,32,31
2020020204,2021-02-09,TBL,8476883,Andrei Vasilevskiy,1,33,32
2020020204,2021-02-09,NSH,8477424,Juuse Saros,1,30,24
2020020205,2021-02-09,EDM,8475156,Mikko Koskinen,1,42,40
2020020205,2021-02-09,OTT,8476899,Matt Murray,0,9,9
2020020205,2021-02-09,OTT,8477405,Marcus Hogberg,1,13,10
2020020206,2021-02-09,CGY,8474593,Jacob Markstrom,1,27,25
2020020206,2021-02-09,WPG,8476945,Connor Hellebuyck,1,29,26
2020020207,2021-05-01,STL,8476412,Jordan Binnington,1,38,34
2020020207,2021-05-01,MIN,8478039,Kaapo Kahkonen,1,31,28
2020020208,2021-02-09,DAL,8479979,Jake Oettinger,1,29,27
2020020208,2021-02-09,CHI,8480947,Kevin Lankinen,1,35,34
2020020209,2021-03-31,COL,8475831,Philipp Grubauer,1,31,28
2020020209,2021-03-31,ARI,8478499,Adin Hill,1,10,6
2020020209,2021-03-31,ARI,8481031,Ivan Prosvetov,0,28,23
2020020210,2021-02-09,ANA,8468011,Ryan Miller,1,31,26
2020020210,2021-02-09,VGK,8470594,Marc-Andre Fleury,1,23,19
2020020211,2021-02-09,SJS,8474889,Martin Jones,1,27,24
2020020211,2021-02-09,LAK,8477361,Calvin Petersen,1,40,37
2020020212,2021-02-10,BOS,8471695,Tuukka Rask,1,35,33
2020020212,2021-02-10,NYR,8480382,Alexandar Georgiev,1,32,29
2020020213,2021-02-10,MTL,8471679,Carey Price,1,23,20
2020020213,2021-02-10,TOR,8475883,Frederik Andersen,1,35,33
2020020214,2021-03-15,BUF,8475622,Carter Hutton,1,30,24
2020020214,2021-03-15,WSH,8477970,Vitek Vanecek,1,23,23
2020020215,2021-02-11,NYI,8473575,Semyon Varlamov,1,35,32
2020020215,2021-02-11,PIT,8479193,Casey DeSmith,1,29,26
2020020216,2021-04-25,PHI,8470880,Brian Elliott,1,32,29
2020020216,2021-04-25,NJD,8478406,Mackenzie Blackwood,1,36,33
2020020217,2021-02-11,FLA,8475683,Sergei Bobrovsky,1,21,19
2020020217,2021-02-11,TBL,8476883,Andrei Vasilevskiy,1,28,24
2020020218,2021-02-11,CBJ,8476914,Joonas Korpisalo,1,26,21
2020020218,2021-02-11,CHI,8480947,Kevin Lankinen,1,43,37
2020020219,2021-02-11,DET,8471306,Thomas Greiss,1,23,20
2020020219,2021-02-11,NSH,8471469,Pekka Rinne,1,26,24
2020020220,2021-02-11,EDM,8469608,Mike Smith,1,38,38
2020020220,2021-02-11,MTL,8474596,Jake Allen,1,31,28
2020020221,2021-02-11,OTT,8476899,Matt Murray,1,15,12
2020020221,2021-02-11,WPG,8476945,Connor Hellebuyck,1,42,41
2020020221,2021-02-11,OTT,8477405,Marcus Hogberg,0,11,9
2020020222,2021-02-11,CGY,8474593,Jacob Markstrom,1,34,33
2020020222,2021-02-11,VAN,8477967,Thatcher Demko,1,26,23
2020020223,2021-03-25,MIN,8475660,Cam Talbot,1,37,37
2020020223,2021-03-25,STL,8476412,Jordan Binnington,1,11,9
2020020224,2021-02-11,DAL,8471418,Anton Khudobin,1,31,27
2020020224,2021-02-11,CAR,8473503,James Reimer,1,37,34
2020020225,2021-04-12,COL,8475831,Philipp Grubauer,1,37,35
2020020225,2021-04-12,ARI,8481031,Ivan Prosvetov,1,19,16
2020020226,2021-02-11,VGK,8470594,Marc-Andre Fleury,1,28,27
2020020226,2021-02-11,ANA,8476434,John Gibson,1,21,21
2020020227,2021-02-11,SJS,8474889,Martin Jones,1,26,20
2020020227,2021-02-11,LAK,8477361,Calvin Petersen,1,31,29
2020020227,2021-02-11,SJS,8482246,Alexei Melnichuk,0,5,5
2020020228,2021-02-12,BOS,8470860,Jaroslav Halak,1,21,21
2020020228,2021-02-12,NYR,8478048,Igor Shesterkin,1,30,29
2020020229,2021-04-09,BUF,8474682,Dustin Tokarski,1,33,29
2020020229,2021-04-09,WSH,8477970,Vitek Vanecek,1,33,30
2020020230,2021-02-13,BOS,8471695,Tuukka Rask,1,42,38
2020020230,2021-02-13,NYI,8473575,Semyon Varlamov,1,30,28
2020020231,2021-05-10,PHI,8470880,Brian Elliott,1,25,23
2020020231,2021-05-10,NJD,8475809,Scott Wedgewood,1,31,27
2020020232,2021-02-13,FLA,8475683,Sergei Bobrovsky,1,28,22
2020020232,2021-02-13,TBL,8476883,Andrei Vasilevskiy,1,34,33
2020020233,2021-02-13,CBJ,8476914,Joonas Korpisalo,1,31,28
2020020233,2021-02-13,CHI,8480947,Kevin Lankinen,1,31,29
2020020234,2021-02-13,NSH,8471469,Pekka Rinne,1,24,21
2020020234,2021-02-13,DET,8473541,Jonathan Bernier,1,23,21
2020020234,2021-02-13,NSH,8477424,Juuse Saros,0,6,5
2020020235,2021-02-13,MTL,8471679,Carey Price,1,22,21
2020020235,2021-02-13,TOR,8475883,Frederik Andersen,1,25,23
2020020236,2021-02-13,WPG,8476945,Connor Hellebuyck,1,29,27
2020020236,2021-02-13,OTT,8477405,Marcus Hogberg,1,31,30
2020020237,2021-02-13,CGY,8474593,Jacob Markstrom,1,45,43
2020020237,2021-02-13,VAN,8477967,Thatcher Demko,1,19,18
2020020238,2021-02-13,CAR,8477968,Alex Nedeljkovic,1,29,26
2020020238,2021-02-13,DAL,8479979,Jake Oettinger,1,21,18
2020020239,2021-02-13,ARI,8477293,Antti Raanta,1,35,30
2020020239,2021-02-13,STL,8478024,Ville Husso,1,36,32
2020020240,2021-04-23,MIN,8475660,Cam Talbot,1,42,40
2020020240,2021-04-23,LAK,8477361,Calvin Petersen,1,23,20
2020020241,2021-04-06,SJS,8474889,Martin Jones,1,33,29
2020020241,2021-04-06,ANA,8476434,John Gibson,1,35,34
2020020242,2021-02-14,PIT,8477465,Tristan Jarry,1,31,28
2020020242,2021-02-14,WSH,8477970,Vitek Vanecek,1,36,32
2020020243,2021-02-14,VGK,8470594,Marc-Andre Fleury,1,30,30
2020020243,2021-02-14,COL,8475831,Philipp Grubauer,1,24,23
2020020244,2021-03-07,BOS,8471695,Tuukka Rask,1,25,24
2020020244,2021-03-07,NJD,8475809,Scott Wedgewood,1,40,40
2020020245,2021-02-15,NYI,8473575,Semyon Varlamov,1,21,20
2020020245,2021-02-15,BUF,8476999,Linus Ullmark,1,29,26
2020020246,2021-02-15,DET,8471306,Thomas Greiss,1,24,21
2020020246,2021-02-15,CHI,8476876,Malcolm Subban,1,29,27
2020020247,2021-02-15,TOR,8475883,Frederik Andersen,1,31,25
2020020247,2021-02-15,OTT,8477405,Marcus Hogberg,1,38,33
2020020248,2021-02-15,EDM,8469608,Mike Smith,1,11,7
2020020248,2021-02-15,EDM,8475156,Mikko Koskinen,0,13,11
2020020248,2021-02-15,WPG,8476945,Connor Hellebuyck,1,45,40
2020020249,2021-02-15,CGY,8474593,Jacob Markstrom,1,33,30
2020020249,2021-02-15,VAN,8477967,Thatcher Demko,1,27,23
2020020250,2021-03-07,NSH,8471469,Pekka Rinne,1,38,35
2020020250,2021-03-07,DAL,8479979,Jake Oettinger,1,20,17
2020020251,2021-02-15,ARI,8475311,Darcy Kuemper,1,24,24
2020020251,2021-02-15,STL,8476412,Jordan Binnington,1,19,18
2020020252,2021-02-15,SJS,8474889,Martin Jones,1,28,26
2020020252,2021-02-15,ANA,8476434,John Gibson,1,29,26
2020020253,2021-02-16,BUF,8475622,Carter Hutton,1,23,21
2020020253,2021-02-16,NYI,8478009,Ilya Sorokin,1,20,20
2020020254,2021-04-22,PHI,8470880,Brian Elliott,1,35,33
2020020254,2021-04-22,NYR,8478048,Igor Shesterkin,1,36,33
2020020255,2021-02-15,CAR,8473503,James Reimer,1,40,37
2020020255,2021-02-15,CBJ,8476914,Joonas Korpisalo,1,25,20
2020020255,2021-02-15,CBJ,8478007,Elvis Merzlikins,0,9,7
2020020256,2021-02-15,TBL,8470147,Curtis McElhinney,1,21,15
2020020256,2021-02-15,FLA,8476904,Chris Driedger,1,31,27
2020020257,2021-02-16,PIT,8477465,Tristan Jarry,1,42,39
2020020257,2021-02-16,WSH,8477970,Vitek Vanecek,1,27,26
2020020258,2021-03-21,DAL,8471418,Anton Khudobin,1,22,19
2020020258,2021-03-21,NSH,8471469,Pekka Rinne,1,30,27
2020020259,2021-02-16,VGK,8470594,Marc-Andre Fleury,1,25,22
2020020259,2021-02-16,COL,8475831,Philipp Grubauer,1,29,27
2020020260,2021-02-16,LAK,8471734,Jonathan Quick,1,28,28
2020020260,2021-02-16,MIN,8478039,Kaapo Kahkonen,1,28,25
2020020261,2021-02-17,DET,8473541,Jonathan Bernier,1,25,24
2020020261,2021-02-17,CHI,8480947,Kevin Lankinen,1,29,29
2020020262,2021-02-17,TOR,8475883,Frederik Andersen,1,28,27
2020020262,2021-02-17,OTT,8476899,Matt Murray,1,28,26
2020020263,2021-02-17,CGY,8474593,Jacob Markstrom,1,29,24
2020020263,2021-02-17,VAN,8474651,Braden Holtby,1,36,35
2020020263,2021-02-17,CGY,8479496,David Rittich,0,4,4
2020020264,2021-02-17,EDM,8469608,Mike Smith,1,35,33
2020020264,2021-02-17,WPG,8476945,Connor Hellebuyck,1,30,27
2020020265,2021-02-18,BOS,8470860,Jaroslav Halak,1,26,23
2020020265,2021-02-18,NJD,8478406,Mackenzie Blackwood,1,27,25
2020020266,2021-02-18,PHI,8479394,Carter Hart,1,33,31
2020020266,2021-02-18,NYR,8480382,Alexandar Georgiev,1,22,20
2020020267,2021-02-18,NYI,8473575,Semyon Varlamov,1,36,33
2020020267,2021-02-18,PIT,8477465,Tristan Jarry,1,32,31
2020020268,2021-02-18,NSH,8477424,Juuse Saros,1,21,19
2020020268,2021-02-18,CBJ,8478007,Elvis Merzlikins,1,32,32
2020020269,2021-02-18,SJS,8474889,Martin Jones,1,45,42
2020020269,2021-02-18,STL,8476412,Jordan Binnington,1,32,30
2020020270,2021-02-18,TOR,8474636,Michael Hutchinson,1,37,34
2020020270,2021-02-18,OTT,8476899,Matt Murray,0,26,20
2020020270,2021-02-18,OTT,8477405,Marcus Hogberg,1,5,4
2020020271,2021-03-02,DAL,8471418,Anton Khudobin,1,18,17
2020020271,2021-03-02,TBL,8476883,Andrei Vasilevskiy,1,28,28
2020020272,2021-02-18,LAK,8471734,Jonathan Quick,1,22,20
2020020272,2021-02-18,ARI,8475311,Darcy Kuemper,1,29,27
2020020273,2021-02-18,ANA,8476434,John Gibson,1,27,24
2020020273,2021-02-18,MIN,8478039,Kaapo Kahkonen,1,17,16
2020020274,2021-02-19,CAR,8473503,James Reimer,1,29,26
2020020274,2021-02-19,CHI,8480947,Kevin Lankinen,1,37,33
2020020275,2021-02-19,DET,8471306,Thomas Greiss,1,13,9
2020020275,2021-02-19,DET,8473541,Jonathan Bernier,0,26,23
2020020275,2021-02-19,FLA,8476904,Chris Driedger,1,32,30
2020020276,2021-02-19,EDM,8469608,Mike Smith,1,21,20
2020020276,2021-02-19,CGY,8479496,David Rittich,1,25,23
2020020277,2021-02-19,WPG,8476316,Laurent Brossoit,1,29,29
2020020277,2021-02-19,VAN,8477967,Thatcher Demko,1,30,29
2020020278,2021-02-20,BUF,8476999,Linus Ullmark,1,27,25
2020020278,2021-02-20,NJD,8478406,Mackenzie Blackwood,1,29,26
2020020279,2021-02-20,WSH,8477970,Vitek Vanecek,1,23,20
2020020279,2021-02-20,NYR,8478048,Igor Shesterkin,1,27,26
2020020280,2021-05-06,CAR,8475852,Petr Mrazek,1,27,25
2020020280,2021-05-06,CHI,8480420,Collin Delia,1,37,36
2020020281,2021-02-20,NYI,8473575,Semyon Varlamov,1,18,15
2020020281,2021-02-20,PIT,8477465,Tristan Jarry,1,35,33
2020020282,2021-02-20,NSH,8471469,Pekka Rinne,1,23,21
2020020282,2021-02-20,CBJ,8476914,Joonas Korpisalo,0,6,6
2020020282,2021-02-20,CBJ,8478007,Elvis Merzlikins,1,39,35
2020020283,2021-02-20,SJS,8471227,Devan Dubnyk,1,32,28
2020020283,2021-02-20,STL,8476412,Jordan Binnington,1,27,22
2020020284,2021-02-20,MTL,8471679,Carey Price,1,27,22
2020020284,2021-02-20,TOR,8475883,Frederik Andersen,1,33,30
2020020285,2021-02-20,CGY,8474593,Jacob Markstrom,1,15,10
2020020285,2021-02-20,EDM,8475156,Mikko Koskinen,1,44,43
2020020285,2021-02-20,CGY,8479496,David Rittich,0,9,7
2020020286,2021-03-16,TBL,8476883,Andrei Vasilevskiy,1,27,24
2020020286,2021-03-16,DAL,8479979,Jake Oettinger,1,36,33
2020020287,2021-02-20,VGK,8470594,Marc-Andre Fleury,1,39,36
2020020287,2021-02-20,COL,8475831,Philipp Grubauer,1,29,27
2020020288,2021-02-20,ARI,8475311,Darcy Kuemper,1,22,19
2020020288,2021-02-20,LAK,8477361,Calvin Petersen,1,24,22
2020020289,2021-02-20,ANA,8476434,John Gibson,1,29,24
2020020289,2021-02-20,MIN,8478039,Kaapo Kahkonen,1,27,26
2020020290,2021-02-21,PHI,8470880,Brian Elliott,0,12,11
2020020290,2021-02-21,BOS,8471695,Tuukka Rask,1,19,16
2020020290,2021-02-21,PHI,8479394,Carter Hart,1,23,17
2020020291,2021-03-20,NYR,8476234,Keith Kinkaid,1,29,28
2020020291,2021-03-20,WSH,8478492,Ilya Samsonov,1,24,22
2020020292,2021-02-20,DET,8473541,Jonathan Bernier,1,39,38
2020020292,2021-02-20,FLA,8475683,Sergei Bobrovsky,1,27,25
2020020293,2021-02-21,MTL,8474596,Jake Allen,1,39,36
2020020293,2021-02-21,OTT,8476899,Matt Murray,1,32,30
2020020294,2021-02-21,VAN,8474651,Braden Holtby,1,31,27
2020020294,2021-02-21,WPG,8476945,Connor Hellebuyck,1,34,31
2020020295,2021-02-23,BUF,8476999,Linus Ullmark,1,42,41
2020020295,2021-02-23,NJD,8478406,Mackenzie Blackwood,1,36,33
2020020296,2021-02-24,TBL,8476883,Andrei Vasilevskiy,1,25,25
2020020296,2021-02-24,CAR,8477968,Alex Nedeljkovic,1,27,25
2020020297,2021-02-22,LAK,8471734,Jonathan Quick,1,31,31
2020020297,2021-02-22,STL,8476412,Jordan Binnington,1,30,28
2020020298,2021-02-22,TOR,8474636,Michael Hutchinson,1,33,30
2020020298,2021-02-22,CGY,8479496,David Rittich,1,34,34
2020020299,2021-02-22,VGK,8470594,Marc-Andre Fleury,1,34,34
2020020299,2021-02-22,COL,8475831,Philipp Grubauer,1,28,25
2020020300,2021-02-22,ARI,8475311,Darcy Kuemper,1,28,25
2020020300,2021-02-22,ANA,8476434,John Gibson,1,25,21
2020020301,2021-03-02,NYI,8473575,Semyon Varlamov,1,29,28
2020020301,2021-03-02,NJD,8477180,Aaron Dell,1,20,18
2020020302,2021-02-23,PIT,8477465,Tristan Jarry,1,22,20
2020020302,2021-02-23,WSH,8477970,Vitek Vanecek,1,37,34
2020020303,2021-02-24,DAL,8471418,Anton Khudobin,1,43,43
2020020303,2021-02-24,FLA,8476904,Chris Driedger,1,25,23
2020020304,2021-02-23,CBJ,8476914,Joonas Korpisalo,1,34,29
2020020304,2021-02-23,CHI,8480947,Kevin Lankinen,1,30,25
2020020305,2021-02-23,NSH,8471469,Pekka Rinne,1,24,24
2020020305,2021-02-23,DET,8473541,Jonathan Bernier,1,33,31
2020020306,2021-02-23,MTL,8471679,Carey Price,1,39,35
2020020306,2021-02-23,OTT,8476899,Matt Murray,1,36,32
2020020307,2021-02-23,EDM,8469608,Mike Smith,1,33,30
2020020307,2021-02-23,VAN,8477967,Thatcher Demko,1,29,25
2020020308,2021-02-24,PHI,8470880,Brian Elliott,1,27,24
2020020308,2021-02-24,NYR,8478048,Igor Shesterkin,1,39,35
2020020309,2021-02-24,STL,8476412,Jordan Binnington,1,20,18
2020020309,2021-02-24,LAK,8477361,Calvin Petersen,1,36,35
2020020310,2021-02-24,TOR,8474636,Michael Hutchinson,1,22,21
2020020310,2021-02-24,CGY,8479496,David Rittich,1,39,37
2020020311,2021-02-24,ANA,8468011,Ryan Miller,1,28,25
2020020311,2021-02-24,ARI,8475311,Darcy Kuemper,1,21,18
2020020311,2021-02-24,ARI,8478499,Adin Hill,0,14,14
2020020312,2021-02-25,BOS,8470860,Jaroslav Halak,1,37,30
2020020312,2021-02-25,NYI,8473575,Semyon Varlamov,1,36,34
2020020313,2021-02-25,PIT,8477465,Tristan Jarry,1,33,30
2020020313,2021-02-25,WSH,8477970,Vitek Vanecek,1,28,26
2020020314,2021-02-25,TBL,8470147,Curtis McElhinney,1,32,31
2020020314,2021-02-25,CAR,8473503,James Reimer,1,21,19
2020020315,2021-02-25,FLA,8475683,Sergei Bobrovsky,1,39,37
2020020315,2021-02-25,DAL,8479979,Jake Oettinger,1,35,32
2020020316,2021-02-25,CHI,8476876,Malcolm Subban,1,26,26
2020020316,2021-02-25,CBJ,8476914,Joonas Korpisalo,1,26,25
2020020317,2021-02-25,NSH,8471469,Pekka Rinne,1,31,27
2020020317,2021-02-25,DET,8473541,Jonathan Bernier,1,39,37
2020020318,2021-02-25,OTT,8476899,Matt Murray,1,30,29
2020020318,2021-02-25,CGY,8479496,David Rittich,1,20,16
2020020318,2021-02-25,CGY,8481501,Artyom Zagidulin,0,11,9
2020020319,2021-02-25,MTL,8471679,Carey Price,1,29,24
2020020319,2021-02-25,WPG,8476945,Connor Hellebuyck,1,21,18
2020020320,2021-02-25,EDM,8469608,Mike Smith,1,32,32
2020020320,2021-02-25,VAN,8477967,Thatcher Demko,1,33,31
2020020321,2021-02-26,ARI,8478499,Adin Hill,1,29,26
2020020321,2021-02-26,COL,8480112,Hunter Miska,1,18,16
2020020322,2021-02-27,PHI,8470880,Brian Elliott,1,23,23
2020020322,2021-02-27,BUF,8475622,Carter Hutton,1,39,36
2020020323,2021-02-26,BOS,8471695,Tuukka Rask,1,34,28
2020020323,2021-02-26,NYR,8480382,Alexandar Georgiev,1,33,31
2020020324,2021-02-26,LAK,8471734,Jonathan Quick,1,30,27
2020020324,2021-02-26,MIN,8475660,Cam Talbot,1,28,27
2020020325,2021-04-24,VGK,8475215,Robin Lehner,1,24,23
2020020325,2021-04-24,ANA,8476434,John Gibson,1,31,26
2020020326,2021-03-08,SJS,8471227,Devan Dubnyk,1,26,24
2020020326,2021-03-08,STL,8478024,Ville Husso,1,20,17
2020020327,2021-02-27,WSH,8477970,Vitek Vanecek,1,24,22
2020020327,2021-02-27,NJD,8478406,Mackenzie Blackwood,1,23,19
2020020328,2021-02-27,NYI,8473575,Semyon Varlamov,1,31,27
2020020328,2021-02-27,PIT,8477465,Tristan Jarry,1,27,24
2020020329,2021-02-27,DAL,8471418,Anton Khudobin,1,16,11
2020020329,2021-02-27,TBL,8476883,Andrei Vasilevskiy,1,20,20
2020020329,2021-02-27,DAL,8479979,Jake Oettinger,0,5,5
2020020330,2021-02-27,CAR,8473503,James Reimer,1,31,28
2020020330,2021-02-27,FLA,8475683,Sergei Bobrovsky,1,33,30
2020020331,2021-02-27,DET,8473541,Jonathan Bernier,1,36,33
2020020331,2021-02-27,CHI,8476876,Malcolm Subban,1,32,27
2020020332,2021-02-27,CBJ,8476914,Joonas Korpisalo,1,33,31
2020020332,2021-02-27,NSH,8477424,Juuse Saros,1,30,29
2020020333,2021-02-27,OTT,8476899,Matt Murray,1,33,27
2020020333,2021-02-27,OTT,8478916,Joey Daccord,0,5,5
2020020333,2021-02-27,CGY,8479496,David Rittich,1,34,31
2020020334,2021-02-27,MTL,8474596,Jake Allen,1,21,19
2020020334,2021-02-27,WPG,8476945,Connor Hellebuyck,1,41,40
2020020335,2021-02-27,EDM,8469608,Mike Smith,1,29,25
2020020335,2021-02-27,TOR,8475789,Jack Campbell,1,30,30
2020020336,2021-02-27,LAK,8477361,Calvin Petersen,1,42,38
2020020336,2021-02-27,MIN,8478039,Kaapo Kahkonen,1,28,25
2020020337,2021-02-27,COL,8475831,Philipp Grubauer,1,25,23
2020020337,2021-02-27,ARI,8477293,Antti Raanta,1,40,35
2020020338,2021-02-27,VGK,8470594,Marc-Andre Fleury,1,30,28
2020020338,2021-02-27,ANA,8476434,John Gibson,1,27,24
2020020339,2021-02-27,SJS,8471227,Devan Dubnyk,1,31,24
2020020339,2021-02-27,STL,8476412,Jordan Binnington,1,19,15
2020020339,2021-02-27,STL,8478024,Ville Husso,0,21,19
2020020340,2021-02-28,BUF,8477992,Jonas Johansson,1,38,35
2020020340,2021-02-28,PHI,8479394,Carter Hart,1,28,28
2020020341,2021-02-28,NYI,8478009,Ilya Sorokin,1,20,20
2020020341,2021-02-28,PIT,8479193,Casey DeSmith,1,30,28
2020020342,2021-02-28,BOS,8471695,Tuukka Rask,1,21,20
2020020342,2021-02-28,NYR,8478048,Igor Shesterkin,0,2,1
2020020342,2021-02-28,NYR,8480382,Alexandar Georgiev,1,33,31
2020020343,2021-02-28,DET,8471306,Thomas Greiss,1,32,25
2020020343,2021-02-28,CHI,8480947,Kevin Lankinen,1,46,44
2020020344,2021-02-28,CBJ,8476914,Joonas Korpisalo,1,29,26
2020020344,2021-02-28,NSH,8477424,Juuse Saros,1,29,28
2020020345,2021-03-01,WPG,8476945,Connor Hellebuyck,1,18,15
2020020345,2021-03-01,VAN,8477967,Thatcher Demko,1,27,27
2020020346,2021-02-28,NJD,8478406,Mackenzie Blackwood,1,23,20
2020020346,2021-02-28,WSH,8478492,Ilya Samsonov,1,21,19
2020020347,2021-04-29,TBL,8476883,Andrei Vasilevskiy,1,20,20
2020020347,2021-04-29,DAL,8479979,Jake Oettinger,1,27,25
2020020348,2021-03-01,FLA,8476904,Chris Driedger,1,31,28
2020020348,2021-03-01,CAR,8477968,Alex Nedeljkovic,1,46,44
2020020349,2021-03-01,OTT,8476899,Matt Murray,1,28,27
2020020349,2021-03-01,CGY,8479496,David Rittich,1,35,31
2020020350,2021-03-01,EDM,8469608,Mike Smith,0,13,13
2020020350,2021-03-01,TOR,8474636,Michael Hutchinson,1,31,31
2020020350,2021-03-01,EDM,8475156,Mikko Koskinen,1,10,7
2020020351,2021-03-01,VGK,8470594,Marc-Andre Fleury,1,30,26
2020020351,2021-03-01,MIN,8475660,Cam Talbot,1,39,34
2020020352,2021-03-01,ANA,8476434,John Gibson,1,34,30
2020020352,2021-03-01,STL,8478024,Ville Husso,1,33,29
2020020353,2021-03-01,SJS,8474889,Martin Jones,1,35,33
2020020353,2021-03-01,COL,8475831,Philipp Grubauer,1,26,21
2020020354,2021-03-02,BUF,8475622,Carter Hutton,1,19,16
2020020354,2021-03-02,NYR,8478048,Igor Shesterkin,1,24,22
2020020355,2021-03-02,PIT,8477465,Tristan Jarry,1,42,40
2020020355,2021-03-02,PHI,8479394,Carter Hart,1,27,22
2020020356,2021-03-02,DET,8471306,Thomas Greiss,0,9,9
2020020356,2021-03-02,DET,8473541,Jonathan Bernier,1,27,23
2020020356,2021-03-02,CBJ,8476914,Joonas Korpisalo,1,20,19
2020020357,2021-03-02,MTL,8471679,Carey Price,1,27,26
2020020357,2021-03-02,OTT,8478916,Joey Daccord,1,32,30
2020020358,2021-03-02,VAN,8474651,Braden Holtby,1,38,34
2020020358,2021-03-02,WPG,8476316,Laurent Brossoit,1,33,31
2020020359,2021-03-03,BOS,8471695,Tuukka Rask,1,28,27
2020020359,2021-03-03,WSH,8477970,Vitek Vanecek,1,19,18
2020020360,2021-03-03,EDM,8469608,Mike Smith,1,32,26
2020020360,2021-03-03,TOR,8475883,Frederik Andersen,1,27,26
2020020361,2021-03-03,VGK,8470594,Marc-Andre Fleury,1,37,36
2020020361,2021-03-03,MIN,8475660,Cam Talbot,1,27,23
2020020362,2021-03-03,STL,8476412,Jordan Binnington,1,29,27
2020020362,2021-03-03,ANA,8476434,John Gibson,1,21,18
2020020363,2021-03-03,SJS,8474889,Martin Jones,1,38,34
2020020363,2021-03-03,COL,8475831,Philipp Grubauer,1,26,26
2020020364,2021-02-16,NYR,8478048,Igor Shesterkin,1,36,32
2020020364,2021-02-16,NJD,8478406,Mackenzie Blackwood,1,39,37
2020020365,2021-03-04,DET,8473541,Jonathan Bernier,1,31,27
2020020365,2021-03-04,CAR,8477968,Alex Nedeljkovic,1,35,33
2020020366,2021-03-04,PHI,8470880,Brian Elliott,1,29,26
2020020366,2021-03-04,PIT,8477465,Tristan Jarry,1,35,31
2020020367,2021-03-04,TBL,8476883,Andrei Vasilevskiy,1,37,35
2020020367,2021-03-04,CHI,8480947,Kevin Lankinen,1,34,31
2020020368,2021-03-04,NSH,8471469,Pekka Rinne,1,38,33
2020020368,2021-03-04,FLA,8475683,Sergei Bobrovsky,1,35,31
2020020369,2021-03-04,MTL,8474596,Jake Allen,1,27,23
2020020369,2021-03-04,WPG,8476945,Connor Hellebuyck,1,36,33
2020020370,2021-03-04,OTT,8476899,Matt Murray,1,11,7
2020020370,2021-03-04,OTT,8478916,Joey Daccord,0,18,15
2020020370,2021-03-04,CGY,8479496,David Rittich,1,32,29
2020020371,2021-03-04,TOR,8474636,Michael Hutchinson,1,28,25
2020020371,2021-03-04,VAN,8477967,Thatcher Demko,1,32,31
2020020372,2021-03-04,DAL,8471418,Anton Khudobin,1,22,19
2020020372,2021-03-04,CBJ,8476914,Joonas Korpisalo,1,24,22
2020020373,2021-03-05,BOS,8470860,Jaroslav Halak,1,32,31
2020020373,2021-03-05,WSH,8477970,Vitek Vanecek,1,18,14
2020020373,2021-03-05,WSH,8478492,Ilya Samsonov,0,7,6
2020020374,2021-03-06,NJD,8478406,Mackenzie Blackwood,1,27,22
2020020374,2021-03-06,NYR,8480382,Alexandar Georgiev,1,27,24
2020020375,2021-03-06,NYI,8473575,Semyon Varlamov,1,22,20
2020020375,2021-03-06,BUF,8475622,Carter Hutton,1,29,24
2020020376,2021-03-05,TBL,8470147,Curtis McElhinney,1,27,24
2020020376,2021-03-05,CHI,8476876,Malcolm Subban,1,42,39
2020020377,2021-03-05,COL,8475831,Philipp Grubauer,1,28,26
2020020377,2021-03-05,ANA,8476434,John Gibson,1,34,31
2020020378,2021-03-05,ARI,8477293,Antti Raanta,1,27,22
2020020378,2021-03-05,MIN,8478039,Kaapo Kahkonen,1,25,24
2020020379,2021-03-05,LAK,8477361,Calvin Petersen,1,22,19
2020020379,2021-03-05,STL,8478024,Ville Husso,1,30,28
2020020380,2021-03-05,SJS,8471227,Devan Dubnyk,0,19,17
2020020380,2021-03-05,SJS,8474889,Martin Jones,1,8,5
2020020380,2021-03-05,VGK,8476861,Oscar Dansk,1,29,25
2020020381,2021-03-06,NSH,8471469,Pekka Rinne,1,32,26
2020020381,2021-03-06,FLA,8475683,Sergei Bobrovsky,1,30,28
2020020382,2021-03-06,MTL,8471679,Carey Price,1,29,28
2020020382,2021-03-06,WPG,8476316,Laurent Brossoit,0,9,6
2020020382,2021-03-06,WPG,8476945,Connor Hellebuyck,1,19,15
2020020383,2021-03-06,EDM,8469608,Mike Smith,1,36,34
2020020383,2021-03-06,CGY,8474593,Jacob Markstrom,1,33,30
2020020384,2021-03-06,TOR,8475883,Frederik Andersen,1,31,27
2020020384,2021-03-06,VAN,8477967,Thatcher Demko,1,39,37
2020020385,2021-03-06,CBJ,8476914,Joonas Korpisalo,1,22,18
2020020385,2021-03-06,DAL,8479979,Jake Oettinger,1,21,21
2020020385,2021-03-06,CBJ,8481001,Veini Vehvilainen,0,4,3
2020020386,2021-03-06,ANA,8468011,Ryan Miller,1,33,29
2020020386,2021-03-06,COL,8480112,Hunter Miska,1,27,22
2020020387,2021-03-06,ARI,8475311,Darcy Kuemper,1,34,32
2020020387,2021-03-06,MIN,8475660,Cam Talbot,1,30,26
2020020388,2021-03-06,LAK,8471734,Jonathan Quick,1,25,22
2020020388,2021-03-06,STL,8476412,Jordan Binnington,1,34,30
2020020389,2021-03-06,VGK,8470594,Marc-Andre Fleury,1,24,24
2020020389,2021-03-06,SJS,8471227,Devan Dubnyk,1,32,28
2020020390,2021-04-05,PHI,8470880,Brian Elliott,1,29,27
2020020390,2021-04-05,BOS,8478435,Dan Vladar,1,32,29
2020020391,2021-03-07,BUF,8477992,Jonas Johansson,1,29,25
2020020391,2021-03-07,NYI,8478009,Ilya Sorokin,1,26,24
2020020392,2021-02-21,WSH,8467950,Craig Anderson,1,26,23
2020020392,2021-02-21,NJD,8477180,Aaron Dell,1,41,37
2020020393,2021-03-07,NYR,8476234,Keith Kinkaid,0,18,16
2020020393,2021-03-07,PIT,8479193,Casey DeSmith,1,24,23
2020020393,2021-03-07,NYR,8480382,Alexandar Georgiev,1,6,3
2020020394,2021-03-07,TBL,8476883,Andrei Vasilevskiy,1,25,22
2020020394,2021-03-07,CHI,8480947,Kevin Lankinen,1,39,33
2020020395,2021-03-07,CGY,8474593,Jacob Markstrom,1,22,19
2020020395,2021-03-07,OTT,8476899,Matt Murray,1,34,31
2020020396,2021-03-08,EDM,8475156,Mikko Koskinen,1,28,26
2020020396,2021-03-08,OTT,8478916,Joey Daccord,1,37,34
2020020397,2021-03-08,MTL,8471679,Carey Price,1,29,28
2020020397,2021-03-08,VAN,8477967,Thatcher Demko,1,30,29
2020020398,2021-03-08,VGK,8470594,Marc-Andre Fleury,1,21,20
2020020398,2021-03-08,MIN,8478039,Kaapo Kahkonen,1,26,26
2020020399,2021-03-08,ARI,8475311,Darcy Kuemper,1,19,17
2020020399,2021-03-08,COL,8475831,Philipp Grubauer,1,14,11
2020020399,2021-03-08,ARI,8477293,Antti Raanta,0,16,16
2020020400,2021-03-08,ANA,8476434,John Gibson,1,26,21
2020020400,2021-03-08,LAK,8477361,Calvin Petersen,1,25,19
2020020401,2021-03-09,BOS,8470860,Jaroslav Halak,1,27,26
2020020401,2021-03-09,NYI,8473575,Semyon Varlamov,1,33,32
2020020402,2021-03-09,PHI,8470880,Brian Elliott,0,12,11
2020020402,2021-03-09,BUF,8477992,Jonas Johansson,1,33,29
2020020402,2021-03-09,PHI,8479394,Carter Hart,1,8,5
2020020403,2021-03-09,NJD,8475809,Scott Wedgewood,1,30,25
2020020403,2021-03-09,WSH,8477970,Vitek Vanecek,1,31,27
2020020404,2021-03-09,NSH,8471469,Pekka Rinne,1,35,32
2020020404,2021-03-09,CAR,8477968,Alex Nedeljkovic,1,23,21
2020020405,2021-03-09,NYR,8476234,Keith Kinkaid,1,26,23
2020020405,2021-03-09,PIT,8477465,Tristan Jarry,1,35,33
2020020406,2021-03-09,FLA,8475683,Sergei Bobrovsky,1,40,38
2020020406,2021-03-09,CBJ,8476914,Joonas Korpisalo,1,32,29
2020020407,2021-03-09,DET,8471306,Thomas Greiss,1,29,25
2020020407,2021-03-09,TBL,8476883,Andrei Vasilevskiy,1,23,20
2020020408,2021-03-09,TOR,8475883,Frederik Andersen,1,23,19
2020020408,2021-03-09,WPG,8476945,Connor Hellebuyck,1,39,36
2020020409,2021-03-09,DAL,8471418,Anton Khudobin,1,22,21
2020020409,2021-03-09,CHI,8476876,Malcolm Subban,1,37,31
2020020410,2021-03-10,EDM,8469608,Mike Smith,1,22,21
2020020410,2021-03-10,OTT,8476899,Matt Murray,1,36,29
2020020411,2021-03-10,MTL,8471679,Carey Price,1,24,23
2020020411,2021-03-10,VAN,8477967,Thatcher Demko,1,45,40
2020020412,2021-03-10,VGK,8470594,Marc-Andre Fleury,1,29,25
2020020412,2021-03-10,MIN,8478039,Kaapo Kahkonen,1,27,24
2020020412,2021-03-10,VGK,8480313,Logan Thompson,0,2,2
2020020413,2021-03-10,COL,8475831,Philipp Grubauer,1,14,13
2020020413,2021-03-10,ARI,8477293,Antti Raanta,1,46,44
2020020414,2021-03-10,ANA,8476434,John Gibson,1,37,32
2020020414,2021-03-10,LAK,8477234,Troy Grosenick,1,34,33
2020020415,2021-03-11,BOS,8470860,Jaroslav Halak,1,27,27
2020020415,2021-03-11,NYR,8476234,Keith Kinkaid,0,13,13
2020020415,2021-03-11,NYR,8480382,Alexandar Georgiev,1,14,10
2020020416,2021-03-11,PIT,8477465,Tristan Jarry,1,23,21
2020020416,2021-03-11,BUF,8477992,Jonas Johansson,1,26,22
2020020417,2021-03-11,NYI,8478009,Ilya Sorokin,1,22,19
2020020417,2021-03-11,NJD,8478406,Mackenzie Blackwood,1,33,28
2020020418,2021-03-11,PHI,8470880,Brian Elliott,1,21,17
2020020418,2021-03-11,WSH,8478492,Ilya Samsonov,1,33,30
2020020419,2021-03-11,NSH,8471469,Pekka Rinne,1,23,18
2020020419,2021-03-11,CAR,8473503,James Reimer,1,33,32
2020020419,2021-03-11,NSH,8479288,Kasimir Kaskisuo,0,3,3
2020020420,2021-03-11,FLA,8475683,Sergei Bobrovsky,1,32,28
2020020420,2021-03-11,CBJ,8478007,Elvis Merzlikins,1,32,27
2020020421,2021-03-11,TBL,8470147,Curtis McElhinney,1,22,17
2020020421,2021-03-11,DET,8473541,Jonathan Bernier,1,44,40
2020020422,2021-03-11,TOR,8475883,Frederik Andersen,1,27,24
2020020422,2021-03-11,WPG,8476945,Connor Hellebuyck,1,38,34
2020020423,2021-03-11,CGY,8474593,Jacob Markstrom,1,18,17
2020020423,2021-03-11,MTL,8474596,Jake Allen,1,29,27
2020020424,2021-03-11,DAL,8471418,Anton Khudobin,1,8,4
2020020424,2021-03-11,DAL,8479979,Jake Oettinger,0,8,8
2020020424,2021-03-11,CHI,8480947,Kevin Lankinen,1,30,28
2020020425,2021-03-12,VGK,8470594,Marc-Andre Fleury,1,23,19
2020020425,2021-03-12,STL,8476412,Jordan Binnington,1,40,35
2020020426,2021-03-12,EDM,8469608,Mike Smith,1,25,23
2020020426,2021-03-12,OTT,8478916,Joey Daccord,1,37,31
2020020427,2021-03-12,MIN,8475660,Cam Talbot,1,25,25
2020020427,2021-03-12,ARI,8478499,Adin Hill,1,31,28
2020020428,2021-03-12,COL,8475831,Philipp Grubauer,1,18,18
2020020428,2021-03-12,LAK,8477361,Calvin Petersen,1,45,44
2020020429,2021-03-12,ANA,8468011,Ryan Miller,0,3,2
2020020429,2021-03-12,SJS,8471227,Devan Dubnyk,1,34,34
2020020429,2021-03-12,ANA,8476434,John Gibson,1,24,19
2020020430,2021-03-13,BOS,8470860,Jaroslav Halak,1,33,29
2020020430,2021-03-13,NYR,8476234,Keith Kinkaid,1,18,18
2020020431,2021-03-13,BUF,8475622,Carter Hutton,1,32,31
2020020431,2021-03-13,PIT,8479193,Casey DeSmith,1,24,24
2020020432,2021-03-13,NYI,8473575,Semyon Varlamov,1,28,26
2020020432,2021-03-13,NJD,8478406,Mackenzie Blackwood,1,29,26
2020020433,2021-03-13,PHI,8470880,Brian Elliott,1,10,7
2020020433,2021-03-13,WSH,8478492,Ilya Samsonov,1,32,28
2020020433,2021-03-13,PHI,8479394,Carter Hart,0,13,11
2020020434,2021-03-13,NSH,8471469,Pekka Rinne,1,27,22
2020020434,2021-03-13,TBL,8476883,Andrei Vasilevskiy,1,31,28
2020020435,2021-03-13,FLA,8475683,Sergei Bobrovsky,1,32,30
2020020435,2021-03-13,CHI,8480947,Kevin Lankinen,1,35,31
2020020436,2021-03-13,CBJ,8478007,Elvis Merzlikins,1,30,27
2020020436,2021-03-13,DAL,8479979,Jake Oettinger,1,26,22
2020020437,2021-03-13,VGK,8470594,Marc-Andre Fleury,1,35,34
2020020437,2021-03-13,STL,8478024,Ville Husso,1,25,21
2020020438,2021-03-13,TOR,8475883,Frederik Andersen,1,32,27
2020020438,2021-03-13,WPG,8476316,Laurent Brossoit,1,22,20
2020020439,2021-03-13,MTL,8471679,Carey Price,1,36,33
2020020439,2021-03-13,CGY,8474593,Jacob Markstrom,1,25,24
2020020440,2021-03-13,EDM,8475156,Mikko Koskinen,1,28,26
2020020440,2021-03-13,VAN,8477967,Thatcher Demko,1,35,34
2020020441,2021-03-13,ANA,8468011,Ryan Miller,1,33,30
2020020441,2021-03-13,SJS,8474889,Martin Jones,1,27,26
2020020442,2021-03-14,DET,8473541,Jonathan Bernier,1,32,30
2020020442,2021-03-14,CAR,8477968,Alex Nedeljkovic,1,26,25
2020020443,2021-03-14,TOR,8474636,Michael Hutchinson,1,3,1
2020020443,2021-03-14,TOR,8475883,Frederik Andersen,0,28,26
2020020443,2021-03-14,OTT,8478916,Joey Daccord,1,36,33
2020020444,2021-03-14,MIN,8475660,Cam Talbot,1,22,21
2020020444,2021-03-14,ARI,8477293,Antti Raanta,1,34,31
2020020445,2021-03-14,COL,8475831,Philipp Grubauer,1,28,27
2020020445,2021-03-14,LAK,8477361,Calvin Petersen,1,40,37
2020020446,2021-03-15,NYR,8476234,Keith Kinkaid,1,30,25
2020020446,2021-03-15,PHI,8479394,Carter Hart,1,24,20
2020020447,2021-04-27,WSH,8477970,Vitek Vanecek,1,18,18
2020020447,2021-04-27,NYI,8478009,Ilya Sorokin,1,33,32
2020020448,2021-03-15,TBL,8470147,Curtis McElhinney,1,25,22
2020020448,2021-03-15,NSH,8471469,Pekka Rinne,1,39,38
2020020449,2021-03-15,FLA,8475683,Sergei Bobrovsky,1,29,26
2020020449,2021-03-15,CHI,8480947,Kevin Lankinen,1,34,30
2020020450,2021-03-15,BOS,8470860,Jaroslav Halak,1,25,22
2020020450,2021-03-15,PIT,8477465,Tristan Jarry,1,43,42
2020020451,2021-03-14,CBJ,8476914,Joonas Korpisalo,1,35,34
2020020451,2021-03-14,DAL,8479979,Jake Oettinger,1,30,29
2020020452,2021-03-15,VAN,8477967,Thatcher Demko,1,46,44
2020020452,2021-03-15,OTT,8478916,Joey Daccord,1,28,25
2020020453,2021-03-15,MTL,8471679,Carey Price,1,36,34
2020020453,2021-03-15,WPG,8476945,Connor Hellebuyck,1,30,27
2020020454,2021-03-15,EDM,8469608,Mike Smith,1,27,23
2020020454,2021-03-15,CGY,8474593,Jacob Markstrom,1,31,28
2020020455,2021-03-15,VGK,8470594,Marc-Andre Fleury,1,24,23
2020020455,2021-03-15,SJS,8471227,Devan Dubnyk,1,36,34
2020020456,2021-05-10,STL,8476412,Jordan Binnington,1,27,26
2020020456,2021-05-10,LAK,8477361,Calvin Petersen,1,19,17
2020020457,2021-03-16,BUF,8477992,Jonas Johansson,1,27,24
2020020457,2021-03-16,NJD,8478406,Mackenzie Blackwood,1,35,33
2020020458,2021-03-16,NYI,8473575,Semyon Varlamov,1,22,19
2020020458,2021-03-16,WSH,8478492,Ilya Samsonov,1,22,21
2020020459,2021-03-16,BOS,8478435,Dan Vladar,1,35,34
2020020459,2021-03-16,PIT,8479193,Casey DeSmith,1,33,31
2020020460,2021-03-16,CAR,8473503,James Reimer,1,27,24
2020020460,2021-03-16,DET,8473541,Jonathan Bernier,1,37,35
2020020461,2021-03-20,ANA,8468011,Ryan Miller,1,14,11
2020020461,2021-03-20,ANA,8476932,Anthony Stolarz,0,14,12
2020020461,2021-03-20,ARI,8477293,Antti Raanta,1,28,27
2020020462,2021-03-17,PHI,8470880,Brian Elliott,1,13,8
2020020462,2021-03-17,PHI,8479394,Carter Hart,0,16,12
2020020462,2021-03-17,NYR,8480382,Alexandar Georgiev,1,26,26
2020020463,2021-03-17,VAN,8477967,Thatcher Demko,1,32,30
2020020463,2021-03-17,OTT,8478916,Joey Daccord,1,21,19
2020020463,2021-03-17,OTT,8479406,Filip Gustavsson,0,8,8
2020020464,2021-03-17,MTL,8471679,Carey Price,1,30,26
2020020464,2021-03-17,WPG,8476945,Connor Hellebuyck,1,36,33
2020020465,2021-03-17,EDM,8469608,Mike Smith,1,33,30
2020020465,2021-03-17,CGY,8474593,Jacob Markstrom,1,30,23
2020020466,2021-03-17,VGK,8470594,Marc-Andre Fleury,1,33,29
2020020466,2021-03-17,SJS,8471227,Devan Dubnyk,1,37,32
2020020467,2021-03-17,STL,8476412,Jordan Binnington,1,23,20
2020020467,2021-03-17,LAK,8477361,Calvin Petersen,1,20,19
2020020468,2021-03-18,BOS,8470860,Jaroslav Halak,1,24,23
2020020468,2021-03-18,BUF,8475622,Carter Hutton,1,37,33
2020020469,2021-03-18,NYI,8473575,Semyon Varlamov,1,31,27
2020020469,2021-03-18,PHI,8479394,Carter Hart,1,25,22
2020020470,2021-03-18,CBJ,8476914,Joonas Korpisalo,1,27,25
2020020470,2021-03-18,CAR,8477968,Alex Nedeljkovic,1,28,25
2020020471,2021-03-18,TBL,8476883,Andrei Vasilevskiy,1,21,19
2020020471,2021-03-18,CHI,8480947,Kevin Lankinen,1,22,19
2020020472,2021-03-18,FLA,8475683,Sergei Bobrovsky,1,27,25
2020020472,2021-03-18,NSH,8477424,Juuse Saros,1,41,40
2020020473,2021-03-18,DET,8471306,Thomas Greiss,0,18,16
2020020473,2021-03-18,DET,8473541,Jonathan Bernier,1,22,22
2020020473,2021-03-18,DAL,8479979,Jake Oettinger,1,21,18
2020020474,2021-03-18,EDM,8475156,Mikko Koskinen,1,25,24
2020020474,2021-03-18,WPG,8476316,Laurent Brossoit,1,21,19
2020020475,2021-03-18,MIN,8475660,Cam Talbot,1,55,50
2020020475,2021-03-18,COL,8475831,Philipp Grubauer,1,20,19
2020020476,2021-03-18,ANA,8468011,Ryan Miller,1,25,23
2020020476,2021-03-18,ARI,8478499,Adin Hill,1,31,28
2020020477,2021-03-20,NJD,8475809,Scott Wedgewood,1,29,26
2020020477,2021-03-20,PIT,8479193,Casey DeSmith,1,25,24
2020020478,2021-03-19,WSH,8477970,Vitek Vanecek,1,33,32
2020020478,2021-03-19,NYR,8480382,Alexandar Georgiev,1,18,16
2020020479,2021-03-19,MTL,8474596,Jake Allen,1,28,25
2020020479,2021-03-19,VAN,8477967,Thatcher Demko,1,31,29
2020020480,2021-03-19,CGY,8474593,Jacob Markstrom,1,27,24
2020020480,2021-03-19,TOR,8475883,Frederik Andersen,1,18,14
2020020481,2021-03-19,LAK,8471734,Jonathan Quick,1,33,29
2020020481,2021-03-19,VGK,8475215,Robin Lehner,1,25,23
2020020482,2021-03-19,SJS,8474889,Martin Jones,1,34,33
2020020482,2021-03-19,STL,8476412,Jordan Binnington,1,31,30
2020020483,2021-04-20,BOS,8471695,Tuukka Rask,1,32,32
2020020483,2021-04-20,BUF,8474682,Dustin Tokarski,1,41,39
2020020484,2021-03-20,NYI,8478009,Ilya Sorokin,1,24,23
2020020484,2021-03-20,PHI,8479394,Carter Hart,1,28,22
2020020485,2021-03-20,CAR,8473503,James Reimer,1,31,29
2020020485,2021-03-20,CBJ,8478007,Elvis Merzlikins,1,37,35
2020020486,2021-03-20,CHI,8476876,Malcolm Subban,1,29,25
2020020486,2021-03-20,TBL,8476883,Andrei Vasilevskiy,1,31,30
2020020487,2021-03-20,FLA,8476904,Chris Driedger,1,21,21
2020020487,2021-03-20,NSH,8477424,Juuse Saros,1,48,47
2020020488,2021-03-20,DET,8471306,Thomas Greiss,1,33,30
2020020488,2021-03-20,DAL,8471418,Anton Khudobin,1,21,21
2020020489,2021-03-20,MTL,8471679,Carey Price,1,18,14
2020020489,2021-03-20,VAN,8474651,Braden Holtby,1,40,36
2020020490,2021-03-20,TOR,8475789,Jack Campbell,1,31,31
2020020490,2021-03-20,CGY,8479496,David Rittich,1,33,31
2020020491,2021-03-20,EDM,8469608,Mike Smith,1,31,29
2020020491,2021-03-20,WPG,8476945,Connor Hellebuyck,1,36,33
2020020492,2021-03-20,COL,8475831,Philipp Grubauer,1,31,31
2020020492,2021-03-20,MIN,8478039,Kaapo Kahkonen,1,42,36
2020020493,2021-03-20,SJS,8471227,Devan Dubnyk,1,20,16
2020020493,2021-03-20,STL,8478024,Ville Husso,1,31,29
2020020494,2021-04-09,NJD,8478406,Mackenzie Blackwood,1,26,21
2020020494,2021-04-09,PIT,8479193,Casey DeSmith,1,30,26
2020020495,2021-03-21,VGK,8470594,Marc-Andre Fleury,1,31,28
2020020495,2021-03-21,LAK,8477361,Calvin Petersen,1,42,41
2020020496,2021-03-22,BUF,8474682,Dustin Tokarski,0,37,33
2020020496,2021-03-22,BUF,8475622,Carter Hutton,1,2,2
2020020496,2021-03-22,NYR,8476234,Keith Kinkaid,1,19,16
2020020497,2021-03-22,CBJ,8476914,Joonas Korpisalo,1,28,25
2020020497,2021-03-22,CAR,8477968,Alex Nedeljkovic,1,19,19
2020020498,2021-03-30,MTL,8471679,Carey Price,1,17,17
2020020498,2021-03-30,EDM,8475156,Mikko Koskinen,1,32,28
2020020499,2021-03-22,CGY,8474593,Jacob Markstrom,1,23,21
2020020499,2021-03-22,OTT,8479406,Filip Gustavsson,1,36,35
2020020500,2021-03-22,WPG,8476945,Connor Hellebuyck,1,22,22
2020020500,2021-03-22,VAN,8477967,Thatcher Demko,1,29,25
2020020501,2021-03-22,ANA,8468011,Ryan Miller,1,23,21
2020020501,2021-03-22,MIN,8475660,Cam Talbot,1,25,24
2020020502,2021-03-22,COL,8475831,Philipp Grubauer,1,25,24
2020020502,2021-03-22,ARI,8477293,Antti Raanta,1,34,30
2020020503,2021-03-22,LAK,8471734,Jonathan Quick,1,23,21
2020020503,2021-03-22,SJS,8474889,Martin Jones,1,42,41
2020020504,2021-03-23,NJD,8478406,Mackenzie Blackwood,1,33,30
2020020504,2021-03-23,PHI,8479394,Carter Hart,1,32,28
2020020505,2021-03-23,FLA,8476904,Chris Driedger,1,32,29
2020020505,2021-03-23,CHI,8480947,Kevin Lankinen,1,35,33
2020020506,2021-03-23,DET,8471306,Thomas Greiss,1,34,32
2020020506,2021-03-23,NSH,8477424,Juuse Saros,1,31,31
2020020507,2021-03-23,DAL,8471418,Anton Khudobin,1,26,24
2020020507,2021-03-23,TBL,8476883,Andrei Vasilevskiy,1,17,16
2020020508,2021-03-23,COL,8477992,Jonas Johansson,1,32,28
2020020508,2021-03-23,ARI,8478499,Adin Hill,1,39,35
2020020509,2021-03-24,BUF,8474682,Dustin Tokarski,1,42,37
2020020509,2021-03-24,PIT,8477465,Tristan Jarry,1,28,26
2020020510,2021-05-10,MTL,8474596,Jake Allen,1,35,31
2020020510,2021-05-10,EDM,8475156,Mikko Koskinen,1,28,25
2020020511,2021-03-24,CGY,8474593,Jacob Markstrom,1,30,28
2020020511,2021-03-24,OTT,8479406,Filip Gustavsson,1,29,28
2020020512,2021-03-24,WPG,8476945,Connor Hellebuyck,1,39,38
2020020512,2021-03-24,VAN,8477967,Thatcher Demko,1,35,31
2020020513,2021-03-24,ANA,8468011,Ryan Miller,1,26,23
2020020513,2021-03-24,MIN,8475660,Cam Talbot,1,30,28
2020020514,2021-03-24,SJS,8474889,Martin Jones,1,44,42
2020020514,2021-03-24,LAK,8477361,Calvin Petersen,1,28,24
2020020515,2021-03-25,BOS,8470860,Jaroslav Halak,0,21,17
2020020515,2021-03-25,BOS,8471695,Tuukka Rask,1,6,6
2020020515,2021-03-25,NYI,8473575,Semyon Varlamov,1,32,29
2020020516,2021-03-25,PHI,8470880,Brian Elliott,0,11,8
2020020516,2021-03-25,NYR,8478048,Igor Shesterkin,1,44,41
2020020516,2021-03-25,PHI,8479394,Carter Hart,1,11,6
2020020517,2021-03-25,WSH,8477970,Vitek Vanecek,1,24,21
2020020517,2021-03-25,NJD,8478406,Mackenzie Blackwood,1,22,18
2020020518,2021-03-25,CBJ,8476914,Joonas Korpisalo,1,33,29
2020020518,2021-03-25,CAR,8477968,Alex Nedeljkovic,1,36,33
2020020519,2021-03-25,FLA,8475683,Sergei Bobrovsky,1,20,18
2020020519,2021-03-25,CHI,8480947,Kevin Lankinen,1,41,41
2020020520,2021-03-25,DET,8471306,Thomas Greiss,1,7,4
2020020520,2021-03-25,DET,8475717,Calvin Pickard,0,23,19
2020020520,2021-03-25,NSH,8477424,Juuse Saros,1,21,20
2020020521,2021-03-25,TOR,8475789,Jack Campbell,1,31,29
2020020521,2021-03-25,OTT,8476341,Anton Forsberg,1,41,38
2020020522,2021-03-25,TBL,8476883,Andrei Vasilevskiy,1,41,37
2020020522,2021-03-25,DAL,8479979,Jake Oettinger,1,27,24
2020020523,2021-03-25,VGK,8470594,Marc-Andre Fleury,1,32,27
2020020523,2021-03-25,COL,8475831,Philipp Grubauer,1,19,18
2020020524,2021-03-26,NJD,8475809,Scott Wedgewood,1,31,27
2020020524,2021-03-26,WSH,8478492,Ilya Samsonov,1,24,24
2020020525,2021-03-26,STL,8476412,Jordan Binnington,1,22,20
2020020525,2021-03-26,ANA,8476434,John Gibson,1,34,33
2020020526,2021-05-12,EDM,8469608,Mike Smith,1,29,26
2020020526,2021-05-12,MTL,8480051,Cayden Primeau,1,22,18
2020020527,2021-03-26,CGY,8474593,Jacob Markstrom,1,29,26
2020020527,2021-03-26,WPG,8476945,Connor Hellebuyck,1,27,25
2020020528,2021-03-26,SJS,8474889,Martin Jones,1,28,23
2020020528,2021-03-26,ARI,8478499,Adin Hill,1,22,20
2020020529,2021-05-10,BOS,8471695,Tuukka Rask,1,18,16
2020020529,2021-05-10,NYI,8473575,Semyon Varlamov,1,27,25
2020020529,2021-05-10,NYI,8478009,Ilya Sorokin,0,11,10
2020020530,2021-03-27,PHI,8470880,Brian Elliott,1,25,24
2020020530,2021-03-27,NYR,8478048,Igor Shesterkin,1,37,35
2020020531,2021-03-27,CAR,8473503,James Reimer,1,22,19
2020020531,2021-03-27,TBL,8476883,Andrei Vasilevskiy,1,40,36
2020020532,2021-03-25,BUF,8474682,Dustin Tokarski,1,30,27
2020020532,2021-03-25,PIT,8479193,Casey DeSmith,1,36,36
2020020533,2021-03-27,DET,8475717,Calvin Pickard,1,22,21
2020020533,2021-03-27,CBJ,8478007,Elvis Merzlikins,1,34,31
2020020534,2021-03-27,NSH,8477424,Juuse Saros,1,30,29
2020020534,2021-03-27,CHI,8480947,Kevin Lankinen,1,34,31
2020020535,2021-03-28,STL,8476412,Jordan Binnington,1,24,21
2020020535,2021-03-28,ANA,8476932,Anthony Stolarz,1,40,38
2020020536,2021-03-27,EDM,8469608,Mike Smith,1,31,27
2020020536,2021-03-27,TOR,8475789,Jack Campbell,1,20,17
2020020537,2021-03-27,WPG,8476316,Laurent Brossoit,1,33,29
2020020537,2021-03-27,CGY,8479496,David Rittich,1,24,22
2020020538,2021-03-27,DAL,8471418,Anton Khudobin,1,28,24
2020020538,2021-03-27,FLA,8475683,Sergei Bobrovsky,1,34,31
2020020539,2021-03-27,VGK,8470594,Marc-Andre Fleury,1,24,22
2020020539,2021-03-27,COL,8475831,Philipp Grubauer,1,34,31
2020020540,2021-03-27,SJS,8471227,Devan Dubnyk,1,26,23
2020020540,2021-03-27,ARI,8478499,Adin Hill,1,34,34
2020020541,2021-03-28,BOS,8470860,Jaroslav Halak,1,29,28
2020020541,2021-03-28,NJD,8478406,Mackenzie Blackwood,1,40,40
2020020542,2021-03-28,NYR,8476234,Keith Kinkaid,1,22,17
2020020542,2021-03-28,WSH,8478492,Ilya Samsonov,1,20,16
2020020543,2021-02-20,TBL,8476883,Andrei Vasilevskiy,1,27,24
2020020543,2021-02-20,CAR,8477968,Alex Nedeljkovic,1,24,24
2020020544,2021-03-28,DET,8475717,Calvin Pickard,1,17,16
2020020544,2021-03-28,CBJ,8478007,Elvis Merzlikins,1,27,25
2020020545,2021-03-28,NSH,8471469,Pekka Rinne,1,29,27
2020020545,2021-03-28,CHI,8476876,Malcolm Subban,1,31,28
2020020546,2021-04-17,MTL,8471679,Carey Price,1,14,11
2020020546,2021-04-17,OTT,8476899,Matt Murray,1,23,23
2020020547,2021-03-28,FLA,8476904,Chris Driedger,1,34,33
2020020547,2021-03-28,DAL,8479979,Jake Oettinger,1,22,19
2020020548,2021-03-29,PHI,8470880,Brian Elliott,1,32,29
2020020548,2021-03-29,BUF,8476999,Linus Ullmark,1,36,32
2020020549,2021-03-29,NYI,8473575,Semyon Varlamov,1,22,20
2020020549,2021-03-29,PIT,8477465,Tristan Jarry,1,5,5
2020020549,2021-03-29,PIT,8479193,Casey DeSmith,0,20,19
2020020550,2021-02-06,ARI,8475311,Darcy Kuemper,1,25,24
2020020550,2021-02-06,STL,8478024,Ville Husso,1,18,16
2020020551,2021-03-29,EDM,8469608,Mike Smith,1,31,29
2020020551,2021-03-29,TOR,8474636,Michael Hutchinson,1,23,20
2020020552,2021-03-29,CGY,8474593,Jacob Markstrom,1,23,19
2020020552,2021-03-29,WPG,8476945,Connor Hellebuyck,1,30,29
2020020552,2021-03-29,CGY,8479496,David Rittich,0,6,5
2020020553,2021-03-29,ANA,8468011,Ryan Miller,1,48,43
2020020553,2021-03-29,COL,8475831,Philipp Grubauer,1,15,13
2020020554,2021-03-29,LAK,8471734,Jonathan Quick,1,24,20
2020020554,2021-03-29,VGK,8475215,Robin Lehner,1,25,24
2020020555,2021-03-29,SJS,8474889,Martin Jones,1,25,22
2020020555,2021-03-29,MIN,8475660,Cam Talbot,1,39,36
2020020556,2021-03-30,BOS,8470860,Jaroslav Halak,1,35,31
2020020556,2021-03-30,NJD,8478406,Mackenzie Blackwood,1,48,44
2020020557,2021-03-31,PHI,8470880,Brian Elliott,1,16,12
2020020557,2021-03-31,BUF,8476999,Linus Ullmark,1,32,31
2020020557,2021-03-31,PHI,8479312,Alex Lyon,0,10,9
2020020558,2021-03-30,WSH,8477970,Vitek Vanecek,1,26,22
2020020558,2021-03-30,NYR,8478048,Igor Shesterkin,1,32,30
2020020559,2021-03-30,TBL,8470147,Curtis McElhinney,1,20,18
2020020559,2021-03-30,CBJ,8478007,Elvis Merzlikins,1,38,37
2020020560,2021-03-30,DET,8471306,Thomas Greiss,0,25,24
2020020560,2021-03-30,FLA,8475683,Sergei Bobrovsky,1,36,35
2020020560,2021-03-30,DET,8475717,Calvin Pickard,1,8,5
2020020561,2021-03-27,NYI,8473575,Semyon Varlamov,0,11,10
2020020561,2021-03-27,PIT,8477465,Tristan Jarry,1,32,29
2020020561,2021-03-27,NYI,8478009,Ilya Sorokin,1,9,5
2020020562,2021-03-30,CAR,8477968,Alex Nedeljkovic,1,16,14
2020020562,2021-03-30,CHI,8480947,Kevin Lankinen,1,32,31
2020020563,2021-03-30,DAL,8471418,Anton Khudobin,1,26,23
2020020563,2021-03-30,NSH,8477424,Juuse Saros,1,35,33
2020020564,2021-05-05,MTL,8474596,Jake Allen,1,34,29
2020020564,2021-05-05,OTT,8476341,Anton Forsberg,1,31,30
2020020565,2021-02-08,ARI,8475311,Darcy Kuemper,1,43,40
2020020565,2021-02-08,STL,8476412,Jordan Binnington,1,26,23
2020020566,2021-03-31,TOR,8475789,Jack Campbell,1,27,26
2020020566,2021-03-31,WPG,8476945,Connor Hellebuyck,1,26,23
2020020567,2021-05-16,CGY,8474593,Jacob Markstrom,1,35,30
2020020567,2021-05-16,VAN,8474651,Braden Holtby,1,36,30
2020020568,2021-03-16,ANA,8468011,Ryan Miller,1,35,28
2020020568,2021-03-16,COL,8475831,Philipp Grubauer,0,15,15
2020020568,2021-03-16,COL,8480112,Hunter Miska,1,7,3
2020020569,2021-03-31,VGK,8470594,Marc-Andre Fleury,1,30,26
2020020569,2021-03-31,LAK,8477361,Calvin Petersen,1,42,40
2020020570,2021-03-31,SJS,8474889,Martin Jones,1,28,26
2020020570,2021-03-31,MIN,8478039,Kaapo Kahkonen,1,32,29
2020020571,2021-04-01,BOS,8478435,Dan Vladar,1,22,19
2020020571,2021-04-01,PIT,8479193,Casey DeSmith,1,31,30
2020020572,2021-04-01,BUF,8474682,Dustin Tokarski,1,47,44
2020020572,2021-04-01,NYR,8478048,Igor Shesterkin,1,23,21
2020020573,2021-04-01,NYI,8473575,Semyon Varlamov,1,22,18
2020020573,2021-04-01,WSH,8477970,Vitek Vanecek,0,9,7
2020020573,2021-04-01,WSH,8478492,Ilya Samsonov,1,24,18
2020020574,2021-04-01,TBL,8476883,Andrei Vasilevskiy,1,38,36
2020020574,2021-04-01,CBJ,8478007,Elvis Merzlikins,1,34,31
2020020575,2021-04-01,DET,8471306,Thomas Greiss,1,36,33
2020020575,2021-04-01,FLA,8476904,Chris Driedger,1,27,25
2020020576,2021-04-01,CAR,8473503,James Reimer,1,25,22
2020020576,2021-04-01,CHI,8480947,Kevin Lankinen,1,31,27
2020020577,2021-04-01,DAL,8471418,Anton Khudobin,1,22,21
2020020577,2021-04-01,NSH,8477424,Juuse Saros,1,30,27
2020020578,2021-04-01,MTL,8474596,Jake Allen,1,23,22
2020020578,2021-04-01,OTT,8479406,Filip Gustavsson,1,38,34
2020020579,2021-04-01,VGK,8475215,Robin Lehner,1,37,35
2020020579,2021-04-01,MIN,8475660,Cam Talbot,1,37,35
2020020580,2021-04-02,WSH,8477970,Vitek Vanecek,1,23,22
2020020580,2021-04-02,NJD,8478406,Mackenzie Blackwood,1,40,38
2020020581,2021-04-02,TOR,8475789,Jack Campbell,1,32,31
2020020581,2021-04-02,WPG,8476945,Connor Hellebuyck,1,38,37
2020020582,2021-04-02,EDM,8469608,Mike Smith,1,26,24
2020020582,2021-04-02,CGY,8474593,Jacob Markstrom,1,25,22
2020020583,2021-04-02,ANA,8476932,Anthony Stolarz,1,31,27
2020020583,2021-04-02,ARI,8478499,Adin Hill,1,29,27
2020020584,2021-04-02,SJS,8474889,Martin Jones,1,30,30
2020020584,2021-04-02,LAK,8477361,Calvin Petersen,1,35,33
2020020585,2021-04-03,BOS,8470860,Jaroslav Halak,1,28,23
2020020585,2021-04-03,PIT,8479193,Casey DeSmith,1,27,21
2020020586,2021-04-03,BUF,8476999,Linus Ullmark,1,30,28
2020020586,2021-04-03,NYR,8478048,Igor Shesterkin,1,29,27
2020020587,2021-04-03,NYI,8478009,Ilya Sorokin,1,32,30
2020020587,2021-04-03,PHI,8479394,Carter Hart,1,24,22
2020020588,2021-04-03,CAR,8477968,Alex Nedeljkovic,1,25,22
2020020588,2021-04-03,DAL,8479979,Jake Oettinger,1,43,41
2020020589,2021-04-03,DET,8471306,Thomas Greiss,1,29,27
2020020589,2021-04-03,TBL,8476883,Andrei Vasilevskiy,1,26,25
2020020590,2021-04-03,FLA,8475683,Sergei Bobrovsky,1,46,44
2020020590,2021-04-03,CBJ,8476914,Joonas Korpisalo,0,13,12
2020020590,2021-04-03,CBJ,8478007,Elvis Merzlikins,1,25,22
2020020591,2021-04-03,NSH,8477424,Juuse Saros,1,41,41
2020020591,2021-04-03,CHI,8480947,Kevin Lankinen,1,21,18
2020020592,2021-04-03,MTL,8471679,Carey Price,1,31,26
2020020592,2021-04-03,OTT,8476341,Anton Forsberg,1,38,35
2020020593,2021-05-06,EDM,8469608,Mike Smith,0,23,21
2020020593,2021-05-06,EDM,8475156,Mikko Koskinen,1,4,0
2020020593,2021-05-06,VAN,8477967,Thatcher Demko,1,42,39
2020020594,2021-04-03,COL,8475831,Philipp Grubauer,1,28,27
2020020594,2021-04-03,STL,8478024,Ville Husso,1,34,32
2020020595,2021-04-03,VGK,8470594,Marc-Andre Fleury,1,27,25
2020020595,2021-04-03,MIN,8475660,Cam Talbot,1,28,27
2020020596,2021-04-03,LAK,8471734,Jonathan Quick,1,23,20
2020020596,2021-04-03,SJS,8474889,Martin Jones,1,37,35
2020020597,2021-04-04,NJD,8478406,Mackenzie Blackwood,1,19,14
2020020597,2021-04-04,WSH,8478492,Ilya Samsonov,1,39,35
2020020598,2021-04-04,CAR,8475852,Petr Mrazek,1,28,28
2020020598,2021-04-04,DAL,8479979,Jake Oettinger,1,38,37
2020020599,2021-04-04,DET,8471306,Thomas Greiss,1,28,27
2020020599,2021-04-04,TBL,8476444,Christopher Gibson,1,17,13
2020020600,2021-04-04,FLA,8476904,Chris Driedger,1,32,32
2020020600,2021-04-04,CBJ,8476914,Joonas Korpisalo,1,35,32
2020020601,2021-04-19,CHI,8476876,Malcolm Subban,0,8,8
2020020601,2021-04-19,NSH,8477424,Juuse Saros,1,32,30
2020020601,2021-04-19,CHI,8480947,Kevin Lankinen,1,22,17
2020020602,2021-05-10,WPG,8476316,Laurent Brossoit,1,31,28
2020020602,2021-05-10,VAN,8477967,Thatcher Demko,1,40,39
2020020603,2021-04-04,TOR,8474636,Michael Hutchinson,1,34,32
2020020603,2021-04-04,CGY,8479496,David Rittich,1,30,26
2020020604,2021-04-04,ANA,8476434,John Gibson,1,31,28
2020020604,2021-04-04,ARI,8478499,Adin Hill,1,20,18
2020020605,2021-04-10,PHI,8470880,Brian Elliott,1,32,30
2020020605,2021-04-10,BOS,8480280,Jeremy Swayman,1,23,20
2020020606,2021-04-05,VGK,8475215,Robin Lehner,1,32,31
2020020606,2021-04-05,STL,8476412,Jordan Binnington,0,14,13
2020020606,2021-04-05,STL,8478024,Ville Husso,1,19,14
2020020607,2021-04-05,EDM,8469608,Mike Smith,1,32,29
2020020607,2021-04-05,MTL,8471679,Carey Price,1,23,21
2020020608,2021-04-05,CGY,8474593,Jacob Markstrom,1,30,25
2020020608,2021-04-05,TOR,8475789,Jack Campbell,1,29,26
2020020609,2021-04-05,MIN,8475660,Cam Talbot,1,36,31
2020020609,2021-04-05,COL,8475831,Philipp Grubauer,1,25,21
2020020610,2021-04-05,LAK,8477361,Calvin Petersen,1,32,28
2020020610,2021-04-05,ARI,8478499,Adin Hill,1,38,36
2020020611,2021-04-06,NJD,8475809,Scott Wedgewood,1,17,13
2020020611,2021-04-06,BUF,8476999,Linus Ullmark,1,30,27
2020020612,2021-04-06,NYI,8473575,Semyon Varlamov,1,29,29
2020020612,2021-04-06,WSH,8477970,Vitek Vanecek,1,39,38
2020020613,2021-04-06,PIT,8477465,Tristan Jarry,1,11,7
2020020613,2021-04-06,NYR,8478048,Igor Shesterkin,1,45,41
2020020613,2021-04-06,PIT,8479193,Casey DeSmith,0,14,10
2020020614,2021-04-06,PHI,8479394,Carter Hart,1,25,22
2020020614,2021-04-06,BOS,8480280,Jeremy Swayman,1,42,40
2020020615,2021-04-06,FLA,8475683,Sergei Bobrovsky,1,34,31
2020020615,2021-04-06,CAR,8475852,Petr Mrazek,1,36,34
2020020616,2021-04-06,TBL,8476883,Andrei Vasilevskiy,1,29,26
2020020616,2021-04-06,CBJ,8476914,Joonas Korpisalo,1,38,36
2020020617,2021-04-06,DET,8471306,Thomas Greiss,1,31,29
2020020617,2021-04-06,NSH,8477424,Juuse Saros,1,27,25
2020020618,2021-04-06,DAL,8479979,Jake Oettinger,1,27,24
2020020618,2021-04-06,CHI,8480947,Kevin Lankinen,1,27,25
2020020619,2021-05-11,VAN,8474651,Braden Holtby,1,36,31
2020020619,2021-05-11,WPG,8476945,Connor Hellebuyck,1,24,24
2020020620,2021-04-07,VGK,8470594,Marc-Andre Fleury,1,35,32
2020020620,2021-04-07,STL,8476412,Jordan Binnington,1,51,50
2020020621,2021-04-07,EDM,8475156,Mikko Koskinen,1,30,28
2020020621,2021-04-07,OTT,8477405,Marcus Hogberg,1,34,31
2020020622,2021-04-07,MTL,8474596,Jake Allen,1,32,29
2020020622,2021-04-07,TOR,8475789,Jack Campbell,1,34,32
2020020623,2021-04-07,MIN,8475660,Cam Talbot,1,32,29
2020020623,2021-04-07,COL,8475831,Philipp Grubauer,1,18,11
2020020623,2021-04-07,COL,8477992,Jonas Johansson,0,1,0
2020020624,2021-04-07,LAK,8471734,Jonathan Quick,1,27,24
2020020624,2021-04-07,ARI,8478499,Adin Hill,1,30,26
2020020625,2021-04-08,BUF,8476999,Linus Ullmark,1,37,32
2020020625,2021-04-08,NJD,8477180,Aaron Dell,1,27,24
2020020626,2021-04-08,NYI,8478009,Ilya Sorokin,1,27,25
2020020626,2021-04-08,PHI,8479394,Carter Hart,1,23,21
2020020627,2021-04-08,PIT,8477465,Tristan Jarry,1,24,22
2020020627,2021-04-08,NYR,8478048,Igor Shesterkin,1,31,27
2020020628,2021-04-08,WSH,8478492,Ilya Samsonov,1,32,28
2020020628,2021-04-08,BOS,8480280,Jeremy Swayman,1,33,31
2020020629,2021-04-08,FLA,8476904,Chris Driedger,1,21,19
2020020629,2021-04-08,CAR,8477968,Alex Nedeljkovic,1,24,24
2020020630,2021-04-08,TBL,8476883,Andrei Vasilevskiy,1,36,32
2020020630,2021-04-08,CBJ,8476914,Joonas Korpisalo,1,6,3
2020020630,2021-04-08,CBJ,8478007,Elvis Merzlikins,0,24,21
2020020631,2021-04-08,DET,8473541,Jonathan Bernier,1,32,25
2020020631,2021-04-08,NSH,8477424,Juuse Saros,1,26,25
2020020632,2021-04-08,DAL,8471418,Anton Khudobin,1,39,38
2020020632,2021-04-08,CHI,8480947,Kevin Lankinen,1,34,29
2020020633,2021-04-08,MTL,8474596,Jake Allen,1,26,23
2020020633,2021-04-08,WPG,8476945,Connor Hellebuyck,1,38,36
2020020634,2021-05-19,CGY,8474593,Jacob Markstrom,1,21,19
2020020634,2021-05-19,VAN,8474651,Braden Holtby,1,28,22
2020020635,2021-02-25,BUF,8475622,Carter Hutton,0,25,21
2020020635,2021-02-25,BUF,8476999,Linus Ullmark,1,15,15
2020020635,2021-02-25,NJD,8478406,Mackenzie Blackwood,1,32,29
2020020636,2021-04-09,NYI,8473575,Semyon Varlamov,1,35,32
2020020636,2021-04-09,NYR,8480382,Alexandar Georgiev,1,32,31
2020020637,2021-04-09,STL,8476412,Jordan Binnington,1,25,24
2020020637,2021-04-09,MIN,8478039,Kaapo Kahkonen,1,38,29
2020020638,2021-04-08,EDM,8469608,Mike Smith,1,40,39
2020020638,2021-04-08,OTT,8476341,Anton Forsberg,1,22,20
2020020639,2021-04-09,VGK,8475215,Robin Lehner,1,26,22
2020020639,2021-04-09,ARI,8478499,Adin Hill,1,32,27
2020020639,2021-04-09,ARI,8481031,Ivan Prosvetov,0,4,3
2020020640,2021-04-09,ANA,8476434,John Gibson,1,34,33
2020020640,2021-04-09,COL,8477992,Jonas Johansson,1,28,28
2020020641,2021-04-09,SJS,8474889,Martin Jones,1,34,32
2020020641,2021-04-09,LAK,8477361,Calvin Petersen,1,28,24
2020020642,2021-04-10,DET,8471306,Thomas Greiss,1,34,30
2020020642,2021-04-10,CAR,8475852,Petr Mrazek,1,28,24
2020020643,2021-04-10,CBJ,8478007,Elvis Merzlikins,1,28,24
2020020643,2021-04-10,CHI,8480947,Kevin Lankinen,1,26,23
2020020644,2021-04-10,NSH,8471469,Pekka Rinne,1,33,31
2020020644,2021-04-10,TBL,8476883,Andrei Vasilevskiy,1,36,36
2020020645,2021-04-10,MTL,8474596,Jake Allen,1,25,20
2020020645,2021-04-10,WPG,8476945,Connor Hellebuyck,1,19,19
2020020646,2021-04-10,TOR,8475789,Jack Campbell,1,32,27
2020020646,2021-04-10,OTT,8476341,Anton Forsberg,1,37,32
2020020647,2021-05-13,CGY,8474593,Jacob Markstrom,1,25,24
2020020647,2021-05-13,VAN,8477967,Thatcher Demko,1,28,24
2020020648,2021-04-10,DAL,8471418,Anton Khudobin,1,21,20
2020020648,2021-04-10,FLA,8475683,Sergei Bobrovsky,1,20,16
2020020649,2021-04-10,LAK,8471734,Jonathan Quick,1,28,26
2020020649,2021-04-10,SJS,8474889,Martin Jones,1,19,15
2020020649,2021-04-10,SJS,8480373,Josef Korenar,0,7,7
2020020650,2021-04-11,PIT,8477465,Tristan Jarry,1,30,28
2020020650,2021-04-11,NJD,8478406,Mackenzie Blackwood,1,23,19
2020020651,2021-04-11,NYI,8478009,Ilya Sorokin,1,26,24
2020020651,2021-04-11,NYR,8478048,Igor Shesterkin,1,32,29
2020020652,2021-04-11,BUF,8476999,Linus Ullmark,1,43,40
2020020652,2021-04-11,PHI,8479394,Carter Hart,1,30,26
2020020653,2021-05-11,WSH,8477970,Vitek Vanecek,1,25,24
2020020653,2021-05-11,BOS,8480280,Jeremy Swayman,1,32,30
2020020654,2021-04-10,MIN,8475660,Cam Talbot,1,30,27
2020020654,2021-04-10,STL,8478024,Ville Husso,1,30,28
2020020655,2021-04-11,VGK,8470594,Marc-Andre Fleury,1,14,14
2020020655,2021-04-11,ARI,8478499,Adin Hill,1,29,28
2020020656,2021-04-11,ANA,8476434,John Gibson,1,37,33
2020020656,2021-04-11,COL,8477992,Jonas Johansson,1,25,24
2020020657,2021-04-12,CAR,8473503,James Reimer,1,29,27
2020020657,2021-04-12,DET,8473541,Jonathan Bernier,1,38,37
2020020658,2021-04-12,CBJ,8476914,Joonas Korpisalo,1,34,30
2020020658,2021-04-12,CHI,8480947,Kevin Lankinen,1,33,30
2020020659,2021-04-13,TBL,8470147,Curtis McElhinney,1,22,15
2020020659,2021-04-13,NSH,8477424,Juuse Saros,1,23,21
2020020660,2021-04-12,MTL,8474596,Jake Allen,1,25,23
2020020660,2021-04-12,TOR,8475789,Jack Campbell,1,24,21
2020020661,2021-04-12,OTT,8476341,Anton Forsberg,1,26,24
2020020661,2021-04-12,WPG,8476945,Connor Hellebuyck,1,24,20
2020020662,2021-05-08,EDM,8469608,Mike Smith,1,25,22
2020020662,2021-05-08,VAN,8477967,Thatcher Demko,1,34,30
2020020663,2021-04-12,VGK,8475215,Robin Lehner,1,28,26
2020020663,2021-04-12,LAK,8477361,Calvin Petersen,1,41,37
2020020664,2021-04-12,SJS,8474889,Martin Jones,1,21,17
2020020664,2021-04-12,ANA,8476932,Anthony Stolarz,1,46,46
2020020665,2021-04-15,BOS,8471695,Tuukka Rask,1,23,22
2020020665,2021-04-15,NYI,8473575,Semyon Varlamov,1,44,41
2020020666,2021-04-13,NYR,8478048,Igor Shesterkin,1,27,27
2020020666,2021-04-13,NJD,8478406,Mackenzie Blackwood,1,19,17
2020020667,2021-02-18,BUF,8476999,Linus Ullmark,1,21,18
2020020667,2021-02-18,WSH,8477970,Vitek Vanecek,1,23,22
2020020668,2021-03-06,PHI,8470880,Brian Elliott,1,27,23
2020020668,2021-03-06,PIT,8477465,Tristan Jarry,1,22,19
2020020669,2021-04-13,CGY,8474593,Jacob Markstrom,1,26,24
2020020669,2021-04-13,TOR,8479496,David Rittich,1,28,25
2020020670,2021-04-13,DAL,8471418,Anton Khudobin,1,31,28
2020020670,2021-04-13,FLA,8476904,Chris Driedger,1,26,24
2020020671,2021-04-14,CGY,8474593,Jacob Markstrom,1,27,26
2020020671,2021-04-14,MTL,8474596,Jake Allen,1,33,30
2020020672,2021-04-14,WPG,8476316,Laurent Brossoit,1,29,27
2020020672,2021-04-14,OTT,8476899,Matt Murray,1,35,32
2020020673,2021-05-15,EDM,8475156,Mikko Koskinen,1,41,37
2020020673,2021-05-15,VAN,8477967,Thatcher Demko,1,32,31
2020020674,2021-04-14,VGK,8470594,Marc-Andre Fleury,1,22,20
2020020674,2021-04-14,LAK,8471734,Jonathan Quick,1,8,5
2020020674,2021-04-14,LAK,8477361,Calvin Petersen,0,24,21
2020020675,2021-04-14,ANA,8476932,Anthony Stolarz,1,28,27
2020020675,2021-04-14,SJS,8480373,Josef Korenar,1,27,23
2020020676,2021-04-15,NYR,8478048,Igor Shesterkin,1,16,16
2020020676,2021-04-15,NJD,8478406,Mackenzie Blackwood,1,33,29
2020020677,2021-04-15,WSH,8467950,Craig Anderson,0,8,8
2020020677,2021-04-15,BUF,8474682,Dustin Tokarski,1,29,27
2020020677,2021-04-15,WSH,8477970,Vitek Vanecek,1,21,17
2020020678,2021-04-15,CAR,8475852,Petr Mrazek,1,20,19
2020020678,2021-04-15,NSH,8477424,Juuse Saros,1,29,25
2020020679,2021-04-15,TBL,8476883,Andrei Vasilevskiy,1,38,36
2020020679,2021-04-15,FLA,8476904,Chris Driedger,1,19,16
2020020680,2021-04-15,PIT,8477465,Tristan Jarry,1,27,26
2020020680,2021-04-15,PHI,8479394,Carter Hart,1,32,31
2020020681,2021-04-15,DET,8471306,Thomas Greiss,1,25,24
2020020681,2021-04-15,CHI,8480947,Kevin Lankinen,1,27,24
2020020682,2021-04-15,TOR,8475789,Jack Campbell,1,6,3
2020020682,2021-04-15,WPG,8476945,Connor Hellebuyck,1,33,31
2020020682,2021-04-15,TOR,8479496,David Rittich,0,17,16
2020020683,2021-04-15,CBJ,8478007,Elvis Merzlikins,1,31,27
2020020683,2021-04-15,DAL,8479979,Jake Oettinger,1,18,17
2020020684,2021-02-12,ARI,8475311,Darcy Kuemper,1,25,23
2020020684,2021-02-12,STL,8476412,Jordan Binnington,1,25,24
2020020685,2021-04-16,NYI,8478009,Ilya Sorokin,1,27,25
2020020685,2021-04-16,BOS,8480280,Jeremy Swayman,1,25,25
2020020686,2021-04-16,CGY,8474593,Jacob Markstrom,1,20,18
2020020686,2021-04-16,MTL,8474596,Jake Allen,1,29,28
2020020687,2021-04-16,SJS,8474889,Martin Jones,1,18,15
2020020687,2021-04-16,MIN,8475660,Cam Talbot,1,22,20
2020020688,2021-05-12,COL,8475831,Philipp Grubauer,1,18,18
2020020688,2021-05-12,LAK,8477361,Calvin Petersen,1,37,31
2020020689,2021-04-16,VGK,8475215,Robin Lehner,1,16,16
2020020689,2021-04-16,ANA,8476434,John Gibson,1,51,47
2020020690,2021-04-17,BUF,8474682,Dustin Tokarski,1,41,38
2020020690,2021-04-17,PIT,8477465,Tristan Jarry,1,30,28
2020020691,2021-04-17,NJD,8477180,Aaron Dell,1,28,24
2020020691,2021-04-17,NYR,8478048,Igor Shesterkin,1,33,30
2020020692,2021-04-17,WSH,8478492,Ilya Samsonov,1,25,22
2020020692,2021-04-17,PHI,8479312,Alex Lyon,1,40,35
2020020693,2021-04-17,NSH,8477424,Juuse Saros,1,47,45
2020020693,2021-04-17,CAR,8477968,Alex Nedeljkovic,1,28,27
2020020694,2021-04-17,FLA,8475683,Sergei Bobrovsky,1,31,28
2020020694,2021-04-17,TBL,8476883,Andrei Vasilevskiy,1,31,27
2020020695,2021-04-17,DET,8473541,Jonathan Bernier,1,26,23
2020020695,2021-04-17,CHI,8476876,Malcolm Subban,1,29,29
2020020696,2021-04-17,EDM,8469608,Mike Smith,1,26,26
2020020696,2021-04-17,WPG,8476945,Connor Hellebuyck,1,25,22
2020020697,2021-04-18,VAN,8474651,Braden Holtby,1,39,37
2020020697,2021-04-18,TOR,8475789,Jack Campbell,1,24,21
2020020698,2021-04-17,SJS,8474889,Martin Jones,1,24,19
2020020698,2021-04-17,MIN,8478039,Kaapo Kahkonen,1,28,26
2020020698,2021-04-17,SJS,8480373,Josef Korenar,0,4,4
2020020699,2021-04-17,CBJ,8476914,Joonas Korpisalo,1,16,12
2020020699,2021-04-17,CBJ,8478007,Elvis Merzlikins,0,16,15
2020020699,2021-04-17,DAL,8479979,Jake Oettinger,1,22,21
2020020700,2021-04-17,ARI,8475311,Darcy Kuemper,1,22,20
2020020700,2021-04-17,STL,8476412,Jordan Binnington,1,29,26
2020020701,2021-04-18,BOS,8471695,Tuukka Rask,1,33,30
2020020701,2021-04-18,WSH,8477970,Vitek Vanecek,1,27,22
2020020702,2021-04-18,NYR,8478048,Igor Shesterkin,0,2,2
2020020702,2021-04-18,NJD,8478406,Mackenzie Blackwood,1,25,21
2020020702,2021-04-18,NYR,8480382,Alexandar Georgiev,1,28,25
2020020703,2021-04-18,PHI,8470880,Brian Elliott,1,28,27
2020020703,2021-04-18,NYI,8478009,Ilya Sorokin,1,30,30
2020020704,2021-05-13,LAK,8477234,Troy Grosenick,1,43,38
2020020704,2021-05-13,COL,8477992,Jonas Johansson,1,22,21
2020020705,2021-04-18,VGK,8470594,Marc-Andre Fleury,1,35,33
2020020705,2021-04-18,ANA,8476434,John Gibson,1,28,24
2020020706,2021-04-19,CAR,8475852,Petr Mrazek,1,36,33
2020020706,2021-04-19,TBL,8476883,Andrei Vasilevskiy,1,27,25
2020020707,2021-04-19,FLA,8475683,Sergei Bobrovsky,1,36,34
2020020707,2021-04-19,CBJ,8478007,Elvis Merzlikins,1,38,35
2020020708,2021-04-19,CGY,8474593,Jacob Markstrom,1,19,16
2020020708,2021-04-19,OTT,8476899,Matt Murray,1,28,26
2020020709,2021-04-19,EDM,8469608,Mike Smith,1,23,22
2020020709,2021-04-19,MTL,8471679,Carey Price,1,7,7
2020020709,2021-04-19,MTL,8474596,Jake Allen,0,28,25
2020020710,2021-04-20,VAN,8474651,Braden Holtby,1,40,37
2020020710,2021-04-20,TOR,8479496,David Rittich,1,28,23
2020020711,2021-04-19,DET,8471306,Thomas Greiss,1,36,34
2020020711,2021-04-19,DAL,8471418,Anton Khudobin,1,22,20
2020020712,2021-04-19,ARI,8475311,Darcy Kuemper,1,23,19
2020020712,2021-04-19,MIN,8475660,Cam Talbot,1,24,22
2020020713,2021-04-19,SJS,8474889,Martin Jones,1,40,38
2020020713,2021-04-19,VGK,8475215,Robin Lehner,1,31,29
2020020714,2021-04-11,WSH,8477970,Vitek Vanecek,1,35,34
2020020714,2021-04-11,BOS,8478435,Dan Vladar,1,33,25
2020020715,2021-04-18,BUF,8474682,Dustin Tokarski,1,36,34
2020020715,2021-04-18,PIT,8479193,Casey DeSmith,1,28,25
2020020716,2021-04-27,PHI,8470880,Brian Elliott,1,26,21
2020020716,2021-04-27,NJD,8478406,Mackenzie Blackwood,1,30,26
2020020717,2021-04-20,NYI,8473575,Semyon Varlamov,1,26,25
2020020717,2021-04-20,NYR,8478048,Igor Shesterkin,1,28,22
2020020718,2021-04-20,TBL,8476883,Andrei Vasilevskiy,1,35,32
2020020718,2021-04-20,CAR,8477968,Alex Nedeljkovic,1,27,26
2020020719,2021-04-20,CBJ,8476914,Joonas Korpisalo,1,33,28
2020020719,2021-04-20,FLA,8481519,Spencer Knight,1,34,33
2020020720,2021-05-09,CGY,8474593,Jacob Markstrom,1,20,19
2020020720,2021-05-09,OTT,8476341,Anton Forsberg,1,23,19
2020020720,2021-05-09,OTT,8479406,Filip Gustavsson,0,13,11
2020020721,2021-04-21,EDM,8469608,Mike Smith,1,31,27
2020020721,2021-04-21,MTL,8474596,Jake Allen,1,25,22
2020020722,2021-04-20,DET,8471306,Thomas Greiss,0,11,11
2020020722,2021-04-20,DET,8473541,Jonathan Bernier,1,12,8
2020020722,2021-04-20,DAL,8479979,Jake Oettinger,1,26,24
2020020723,2021-04-02,STL,8476412,Jordan Binnington,1,39,36
2020020723,2021-04-02,COL,8477992,Jonas Johansson,1,27,25
2020020724,2021-04-20,ANA,8476932,Anthony Stolarz,1,22,18
2020020724,2021-04-20,LAK,8477361,Calvin Petersen,1,25,24
2020020725,2021-04-21,CHI,8476876,Malcolm Subban,1,40,36
2020020725,2021-04-21,NSH,8477424,Juuse Saros,1,30,25
2020020726,2021-04-22,TOR,8475789,Jack Campbell,1,37,34
2020020726,2021-04-22,WPG,8476316,Laurent Brossoit,0,26,25
2020020726,2021-04-22,WPG,8476945,Connor Hellebuyck,1,6,3
2020020727,2021-04-21,ARI,8475311,Darcy Kuemper,1,22,19
2020020727,2021-04-21,MIN,8475660,Cam Talbot,1,40,39
2020020728,2021-04-21,VGK,8470594,Marc-Andre Fleury,1,33,31
2020020728,2021-04-21,SJS,8480373,Josef Korenar,1,39,35
2020020729,2021-04-22,BUF,8474682,Dustin Tokarski,1,38,33
2020020729,2021-04-22,BOS,8480280,Jeremy Swayman,1,30,29
2020020730,2021-04-22,NYI,8473575,Semyon Varlamov,1,28,28
2020020730,2021-04-22,WSH,8478492,Ilya Samsonov,1,26,26
2020020731,2021-04-22,TBL,8470147,Curtis McElhinney,1,25,24
2020020731,2021-04-22,CBJ,8478007,Elvis Merzlikins,1,27,25
2020020732,2021-04-22,FLA,8475683,Sergei Bobrovsky,1,28,25
2020020732,2021-04-22,CAR,8477968,Alex Nedeljkovic,1,34,32
2020020733,2021-04-22,NJD,8475809,Scott Wedgewood,0,8,7
2020020733,2021-04-22,NJD,8477180,Aaron Dell,1,15,11
2020020733,2021-04-22,PIT,8477465,Tristan Jarry,1,31,30
2020020734,2021-04-22,DET,8471306,Thomas Greiss,1,46,43
2020020734,2021-04-22,DAL,8471418,Anton Khudobin,1,9,6
2020020734,2021-04-22,DAL,8479979,Jake Oettinger,0,13,10
2020020735,2021-04-22,COL,8471227,Devan Dubnyk,1,27,25
2020020735,2021-04-22,STL,8476412,Jordan Binnington,1,28,25
2020020736,2021-04-23,CGY,8474593,Jacob Markstrom,1,20,18
2020020736,2021-04-23,MTL,8474596,Jake Allen,1,30,27
2020020737,2021-04-22,OTT,8476899,Matt Murray,1,31,31
2020020737,2021-04-22,VAN,8477967,Thatcher Demko,1,24,22
2020020738,2021-04-23,BOS,8470860,Jaroslav Halak,0,5,4
2020020738,2021-04-23,BOS,8471695,Tuukka Rask,1,28,24
2020020738,2021-04-23,BUF,8480045,Ukko-Pekka Luukkonen,1,40,36
2020020739,2021-04-23,PHI,8479312,Alex Lyon,1,24,20
2020020739,2021-04-23,NYR,8480382,Alexandar Georgiev,1,27,26
2020020740,2021-04-23,CHI,8476876,Malcolm Subban,1,28,25
2020020740,2021-04-23,NSH,8477424,Juuse Saros,1,30,29
2020020741,2021-05-14,TOR,8475789,Jack Campbell,1,23,20
2020020741,2021-05-14,WPG,8476945,Connor Hellebuyck,1,36,34
2020020742,2021-03-03,LAK,8471734,Jonathan Quick,1,23,20
2020020742,2021-03-03,ARI,8477293,Antti Raanta,1,42,40
2020020743,2021-02-22,SJS,8471227,Devan Dubnyk,0,13,12
2020020743,2021-02-22,SJS,8474889,Martin Jones,1,20,16
2020020743,2021-02-22,MIN,8478039,Kaapo Kahkonen,1,33,31
2020020744,2021-04-24,NYI,8478009,Ilya Sorokin,1,30,24
2020020744,2021-04-24,WSH,8478492,Ilya Samsonov,1,24,21
2020020745,2021-04-24,FLA,8476904,Chris Driedger,1,19,16
2020020745,2021-04-24,CAR,8477968,Alex Nedeljkovic,1,36,32
2020020746,2021-04-24,NJD,8478406,Mackenzie Blackwood,1,36,33
2020020746,2021-04-24,PIT,8479193,Casey DeSmith,1,36,34
2020020747,2021-04-24,DAL,8471418,Anton Khudobin,1,17,16
2020020747,2021-04-24,DET,8473541,Jonathan Bernier,1,52,50
2020020748,2021-04-24,COL,8471227,Devan Dubnyk,1,29,25
2020020748,2021-04-24,STL,8476412,Jordan Binnington,1,31,28
2020020749,2021-04-24,TOR,8475789,Jack Campbell,1,26,25
2020020749,2021-04-24,WPG,8476945,Connor Hellebuyck,1,36,33
2020020750,2021-04-24,CGY,8474593,Jacob Markstrom,1,32,30
2020020750,2021-04-24,MTL,8480051,Cayden Primeau,1,33,29
2020020751,2021-04-24,VAN,8474651,Braden Holtby,1,28,26
2020020751,2021-04-24,OTT,8476899,Matt Murray,1,13,12
2020020751,2021-04-24,OTT,8477405,Marcus Hogberg,0,20,18
2020020752,2021-04-24,ARI,8475311,Darcy Kuemper,1,26,26
2020020752,2021-04-24,LAK,8477361,Calvin Petersen,1,40,36
2020020753,2021-04-24,SJS,8474889,Martin Jones,1,8,5
2020020753,2021-04-24,MIN,8478039,Kaapo Kahkonen,1,30,27
2020020753,2021-04-24,SJS,8480373,Josef Korenar,0,17,15
2020020754,2021-04-25,BUF,8474682,Dustin Tokarski,1,28,23
2020020754,2021-04-25,NYR,8478048,Igor Shesterkin,1,34,31
2020020755,2021-03-22,PHI,8470880,Brian Elliott,1,20,18
2020020755,2021-03-22,NYI,8478009,Ilya Sorokin,1,37,36
2020020756,2021-04-25,TBL,8476883,Andrei Vasilevskiy,1,22,19
2020020756,2021-04-25,CBJ,8476914,Joonas Korpisalo,1,26,23
2020020756,2021-04-25,CBJ,8478007,Elvis Merzlikins,0,8,7
2020020757,2021-04-25,PIT,8477465,Tristan Jarry,1,30,30
2020020757,2021-04-25,BOS,8480280,Jeremy Swayman,1,29,28
2020020758,2021-04-26,FLA,8475683,Sergei Bobrovsky,0,11,9
2020020758,2021-04-26,FLA,8476904,Chris Driedger,1,16,14
2020020758,2021-04-26,NSH,8477424,Juuse Saros,1,40,39
2020020759,2021-04-26,VAN,8474651,Braden Holtby,1,27,25
2020020759,2021-04-26,OTT,8477405,Marcus Hogberg,1,26,25
2020020760,2021-04-26,EDM,8469608,Mike Smith,1,37,36
2020020760,2021-04-26,WPG,8476316,Laurent Brossoit,0,7,7
2020020760,2021-04-26,WPG,8476945,Connor Hellebuyck,1,23,17
2020020761,2021-04-26,CGY,8474593,Jacob Markstrom,1,24,22
2020020761,2021-04-26,MTL,8474596,Jake Allen,1,22,21
2020020762,2021-04-29,MIN,8475660,Cam Talbot,1,21,16
2020020762,2021-04-29,STL,8478024,Ville Husso,1,30,26
2020020763,2021-04-26,CAR,8473503,James Reimer,1,31,27
2020020763,2021-04-26,DAL,8479979,Jake Oettinger,1,32,29
2020020764,2021-05-10,VGK,8475215,Robin Lehner,1,21,19
2020020764,2021-05-10,COL,8475831,Philipp Grubauer,1,37,36
2020020765,2021-04-26,LAK,8471734,Jonathan Quick,1,22,21
2020020765,2021-04-26,ANA,8476932,Anthony Stolarz,1,23,21
2020020766,2021-04-26,ARI,8475311,Darcy Kuemper,1,11,7
2020020766,2021-04-26,ARI,8478499,Adin Hill,0,22,21
2020020766,2021-04-26,SJS,8480373,Josef Korenar,1,25,21
2020020767,2021-03-14,NJD,8475809,Scott Wedgewood,1,34,32
2020020767,2021-03-14,NYI,8478009,Ilya Sorokin,1,31,29
2020020768,2021-04-27,NYR,8478048,Igor Shesterkin,1,37,36
2020020768,2021-04-27,BUF,8480045,Ukko-Pekka Luukkonen,1,41,38
2020020769,2021-03-07,WSH,8478492,Ilya Samsonov,1,37,36
2020020769,2021-03-07,PHI,8479394,Carter Hart,1,27,24
2020020770,2021-04-27,BOS,8471695,Tuukka Rask,1,26,25
2020020770,2021-04-27,PIT,8477465,Tristan Jarry,1,31,28
2020020771,2021-04-27,DET,8471306,Thomas Greiss,1,33,33
2020020771,2021-04-27,CBJ,8478007,Elvis Merzlikins,1,41,41
2020020772,2021-04-27,CHI,8476876,Malcolm Subban,0,19,15
2020020772,2021-04-27,TBL,8476883,Andrei Vasilevskiy,1,40,36
2020020772,2021-04-27,CHI,8480947,Kevin Lankinen,1,11,8
2020020773,2021-04-27,FLA,8475683,Sergei Bobrovsky,1,21,17
2020020773,2021-04-27,NSH,8477424,Juuse Saros,1,55,49
2020020773,2021-04-27,FLA,8481519,Spencer Knight,0,9,9
2020020774,2021-04-27,DAL,8471418,Anton Khudobin,1,30,25
2020020774,2021-04-27,CAR,8477968,Alex Nedeljkovic,1,28,27
2020020775,2021-04-28,MTL,8474596,Jake Allen,1,29,25
2020020775,2021-04-28,TOR,8475789,Jack Campbell,1,33,32
2020020776,2021-04-28,OTT,8477405,Marcus Hogberg,1,22,19
2020020776,2021-04-28,VAN,8477967,Thatcher Demko,1,32,27
2020020777,2021-04-28,EDM,8475156,Mikko Koskinen,1,30,29
2020020777,2021-04-28,WPG,8476945,Connor Hellebuyck,1,26,24
2020020778,2021-04-28,MIN,8475660,Cam Talbot,1,32,28
2020020778,2021-04-28,STL,8476412,Jordan Binnington,1,29,26
2020020779,2021-04-28,VGK,8470594,Marc-Andre Fleury,1,37,35
2020020779,2021-04-28,COL,8471227,Devan Dubnyk,1,25,21
2020020780,2021-04-28,ANA,8476434,John Gibson,1,30,28
2020020780,2021-04-28,LAK,8477361,Calvin Petersen,1,22,19
2020020781,2021-04-28,ARI,8475311,Darcy Kuemper,1,30,27
2020020781,2021-04-28,SJS,8480373,Josef Korenar,1,30,28
2020020782,2021-04-29,BOS,8471695,Tuukka Rask,1,31,29
2020020782,2021-04-29,BUF,8480045,Ukko-Pekka Luukkonen,1,39,35
2020020783,2021-04-29,NJD,8478406,Mackenzie Blackwood,1,24,21
2020020783,2021-04-29,PHI,8479312,Alex Lyon,1,18,14
2020020784,2021-04-29,NYI,8473575,Semyon Varlamov,1,25,25
2020020784,2021-04-29,NYR,8478048,Igor Shesterkin,1,26,23
2020020785,2021-04-29,PIT,8477465,Tristan Jarry,1,37,33
2020020785,2021-04-29,WSH,8477970,Vitek Vanecek,1,35,30
2020020786,2021-04-29,CAR,8473503,James Reimer,1,17,16
2020020786,2021-04-29,DET,8473541,Jonathan Bernier,1,32,29
2020020787,2021-04-29,CHI,8480947,Kevin Lankinen,1,39,35
2020020787,2021-04-29,FLA,8481519,Spencer Knight,1,27,24
2020020788,2021-04-11,DAL,8471418,Anton Khudobin,1,20,18
2020020788,2021-04-11,NSH,8477424,Juuse Saros,1,26,24
2020020789,2021-04-29,EDM,8469608,Mike Smith,1,30,27
2020020789,2021-04-29,CGY,8474593,Jacob Markstrom,1,31,30
2020020790,2021-05-12,MIN,8475660,Cam Talbot,1,27,23
2020020790,2021-05-12,STL,8478024,Ville Husso,1,31,31
2020020791,2021-04-30,MTL,8474596,Jake Allen,1,22,19
2020020791,2021-04-30,WPG,8476945,Connor Hellebuyck,1,34,30
2020020792,2021-04-29,VAN,8474651,Braden Holtby,1,24,20
2020020792,2021-04-29,TOR,8479496,David Rittich,1,16,15
2020020793,2021-04-30,SJS,8474889,Martin Jones,1,35,33
2020020793,2021-04-30,COL,8475831,Philipp Grubauer,1,21,21
2020020794,2021-04-30,VGK,8475215,Robin Lehner,1,31,29
2020020794,2021-04-30,ARI,8478499,Adin Hill,1,25,25
2020020795,2021-04-30,LAK,8471734,Jonathan Quick,1,34,33
2020020795,2021-04-30,ANA,8476434,John Gibson,1,25,23
2020020796,2021-05-01,BUF,8474682,Dustin Tokarski,0,14,11
2020020796,2021-05-01,BUF,8480045,Ukko-Pekka Luukkonen,1,29,26
2020020796,2021-05-01,BOS,8480280,Jeremy Swayman,1,19,17
2020020797,2021-05-01,NYI,8473575,Semyon Varlamov,1,28,28
2020020797,2021-05-01,NYR,8480382,Alexandar Georgiev,1,25,22
2020020798,2021-05-01,PHI,8470880,Brian Elliott,1,21,17
2020020798,2021-05-01,NJD,8478406,Mackenzie Blackwood,1,32,31
2020020799,2021-05-01,PIT,8477465,Tristan Jarry,1,24,24
2020020799,2021-05-01,WSH,8478492,Ilya Samsonov,1,26,23
2020020800,2021-05-01,CAR,8477968,Alex Nedeljkovic,1,32,31
2020020800,2021-05-01,CBJ,8478007,Elvis Merzlikins,1,33,31
2020020801,2021-05-01,TBL,8470147,Curtis McElhinney,1,15,15
2020020801,2021-05-01,DET,8471306,Thomas Greiss,1,33,33
2020020802,2021-05-01,FLA,8475683,Sergei Bobrovsky,1,35,31
2020020802,2021-05-01,CHI,8480947,Kevin Lankinen,1,42,37
2020020803,2021-05-13,STL,8476412,Jordan Binnington,1,20,17
2020020803,2021-05-13,MIN,8478039,Kaapo Kahkonen,1,27,20
2020020804,2021-05-01,DAL,8471418,Anton Khudobin,1,34,33
2020020804,2021-05-01,NSH,8477424,Juuse Saros,1,28,28
2020020805,2021-05-01,OTT,8479406,Filip Gustavsson,1,39,36
2020020805,2021-05-01,MTL,8480051,Cayden Primeau,1,23,21
2020020806,2021-05-01,TOR,8475789,Jack Campbell,1,27,26
2020020806,2021-05-01,VAN,8477967,Thatcher Demko,1,29,25
2020020807,2021-05-01,EDM,8469608,Mike Smith,1,30,29
2020020807,2021-05-01,CGY,8474593,Jacob Markstrom,1,27,25
2020020808,2021-05-01,COL,8471227,Devan Dubnyk,1,25,22
2020020808,2021-05-01,SJS,8480373,Josef Korenar,1,44,40
2020020809,2021-05-01,VGK,8470594,Marc-Andre Fleury,1,21,19
2020020809,2021-05-01,ARI,8475311,Darcy Kuemper,1,34,31
2020020810,2021-05-01,ANA,8468011,Ryan Miller,1,25,23
2020020810,2021-05-01,LAK,8477361,Calvin Petersen,1,33,27
2020020811,2021-05-02,DET,8473541,Jonathan Bernier,1,42,40
2020020811,2021-05-02,TBL,8476444,Christopher Gibson,1,23,22
2020020812,2021-05-03,NYI,8473575,Semyon Varlamov,1,39,36
2020020812,2021-05-03,BUF,8475920,Michael Houser,1,36,34
2020020813,2021-05-03,BOS,8471695,Tuukka Rask,1,20,20
2020020813,2021-05-03,NJD,8475809,Scott Wedgewood,1,42,39
2020020814,2021-05-03,WSH,8477970,Vitek Vanecek,1,26,23
2020020814,2021-05-03,NYR,8478048,Igor Shesterkin,1,39,34
2020020815,2021-05-03,PIT,8477465,Tristan Jarry,0,7,5
2020020815,2021-05-03,PIT,8479193,Casey DeSmith,1,37,33
2020020815,2021-05-03,PHI,8479312,Alex Lyon,1,37,35
2020020816,2021-05-03,CHI,8476876,Malcolm Subban,1,18,14
2020020816,2021-05-03,CAR,8477968,Alex Nedeljkovic,1,17,15
2020020816,2021-05-03,CHI,8480420,Collin Delia,0,19,19
2020020817,2021-05-03,NSH,8477424,Juuse Saros,1,32,29
2020020817,2021-05-03,CBJ,8478007,Elvis Merzlikins,1,38,34
2020020818,2021-05-03,STL,8476412,Jordan Binnington,1,20,19
2020020818,2021-05-03,ANA,8476434,John Gibson,1,31,29
2020020819,2021-05-03,MTL,8474596,Jake Allen,1,29,27
2020020819,2021-05-03,TOR,8475789,Jack Campbell,1,23,20
2020020820,2021-05-03,WPG,8476316,Laurent Brossoit,1,18,16
2020020820,2021-05-03,OTT,8479406,Filip Gustavsson,1,29,28
2020020821,2021-05-03,VGK,8475215,Robin Lehner,1,32,26
2020020821,2021-05-03,MIN,8475660,Cam Talbot,1,32,27
2020020822,2021-05-03,LAK,8471734,Jonathan Quick,1,19,17
2020020822,2021-05-03,ARI,8475311,Darcy Kuemper,1,26,23
2020020822,2021-05-03,LAK,8477361,Calvin Petersen,0,15,15
2020020823,2021-05-03,SJS,8474889,Martin Jones,1,31,26
2020020823,2021-05-03,COL,8475831,Philipp Grubauer,1,27,23
2020020824,2021-05-04,BUF,8475920,Michael Houser,1,48,45
2020020824,2021-05-04,NYI,8478009,Ilya Sorokin,1,31,28
2020020825,2021-05-04,BOS,8470860,Jaroslav Halak,1,21,17
2020020825,2021-05-04,NJD,8478406,Mackenzie Blackwood,1,36,33
2020020826,2021-05-04,PHI,8470880,Brian Elliott,1,30,24
2020020826,2021-05-04,PIT,8477465,Tristan Jarry,1,33,30
2020020827,2021-05-04,CAR,8475852,Petr Mrazek,1,30,27
2020020827,2021-05-04,CHI,8480420,Collin Delia,1,26,22
2020020828,2021-03-21,TBL,8470147,Curtis McElhinney,1,32,29
2020020828,2021-03-21,FLA,8475683,Sergei Bobrovsky,1,23,19
2020020829,2021-05-03,VAN,8474651,Braden Holtby,1,31,27
2020020829,2021-05-03,EDM,8475156,Mikko Koskinen,1,23,20
2020020830,2021-05-05,WSH,8477970,Vitek Vanecek,1,21,19
2020020830,2021-05-05,NYR,8480382,Alexandar Georgiev,1,34,31
2020020831,2021-05-05,NSH,8477424,Juuse Saros,1,26,23
2020020831,2021-05-05,CBJ,8478007,Elvis Merzlikins,1,32,30
2020020832,2021-05-05,STL,8476412,Jordan Binnington,1,35,33
2020020832,2021-05-05,ANA,8476932,Anthony Stolarz,1,26,24
2020020833,2021-05-12,TOR,8475883,Frederik Andersen,1,28,24
2020020833,2021-05-12,OTT,8479406,Filip Gustavsson,1,33,30
2020020834,2021-05-05,CGY,8474593,Jacob Markstrom,1,19,15
2020020834,2021-05-05,WPG,8476945,Connor Hellebuyck,1,32,32
2020020835,2021-05-05,VGK,8470594,Marc-Andre Fleury,1,28,26
2020020835,2021-05-05,MIN,8475660,Cam Talbot,1,34,31
2020020836,2021-05-05,LAK,8477361,Calvin Petersen,1,30,28
2020020836,2021-05-05,ARI,8478499,Adin Hill,1,21,18
2020020837,2021-05-05,COL,8475831,Philipp Grubauer,1,33,30
2020020837,2021-05-05,SJS,8480373,Josef Korenar,1,32,30
2020020838,2021-05-06,NYR,8478048,Igor Shesterkin,1,34,30
2020020838,2021-05-06,BOS,8480280,Jeremy Swayman,1,15,15
2020020839,2021-05-06,NYI,8473575,Semyon Varlamov,1,25,23
2020020839,2021-05-06,NJD,8478406,Mackenzie Blackwood,1,33,32
2020020840,2021-05-07,PHI,8470880,Brian Elliott,1,30,28
2020020840,2021-05-07,WSH,8477970,Vitek Vanecek,1,28,25
2020020841,2021-05-10,TBL,8476883,Andrei Vasilevskiy,1,30,26
2020020841,2021-05-10,FLA,8476904,Chris Driedger,1,30,30
2020020842,2021-05-06,BUF,8475920,Michael Houser,1,34,26
2020020842,2021-05-06,PIT,8477465,Tristan Jarry,1,23,19
2020020843,2021-05-09,DAL,8471418,Anton Khudobin,1,25,21
2020020843,2021-05-09,CHI,8480947,Kevin Lankinen,1,39,37
2020020844,2021-05-04,EDM,8469608,Mike Smith,1,29,28
2020020844,2021-05-04,VAN,8477967,Thatcher Demko,1,27,23
2020020845,2021-05-07,DET,8471306,Thomas Greiss,1,24,22
2020020845,2021-05-07,CBJ,8480162,Matiss Kivlenieks,1,34,31
2020020846,2021-05-10,NSH,8471469,Pekka Rinne,1,30,30
2020020846,2021-05-10,CAR,8475852,Petr Mrazek,1,27,22
2020020847,2021-05-06,MTL,8474596,Jake Allen,0,20,19
2020020847,2021-05-06,TOR,8475789,Jack Campbell,1,21,19
2020020847,2021-05-06,MTL,8480051,Cayden Primeau,1,15,11
2020020848,2021-04-05,OTT,8476341,Anton Forsberg,1,46,42
2020020848,2021-04-05,WPG,8476945,Connor Hellebuyck,1,23,20
2020020849,2021-04-10,EDM,8469608,Mike Smith,1,32,27
2020020849,2021-04-10,CGY,8474593,Jacob Markstrom,1,17,17
2020020850,2021-05-07,ANA,8476434,John Gibson,1,36,32
2020020850,2021-05-07,MIN,8478039,Kaapo Kahkonen,1,25,22
2020020851,2021-05-07,VGK,8475215,Robin Lehner,1,25,22
2020020851,2021-05-07,STL,8476412,Jordan Binnington,1,35,31
2020020852,2021-05-07,COL,8475831,Philipp Grubauer,1,17,15
2020020852,2021-05-07,LAK,8477361,Calvin Petersen,1,37,34
2020020853,2021-05-07,ARI,8475311,Darcy Kuemper,1,28,26
2020020853,2021-05-07,SJS,8480373,Josef Korenar,1,33,29
2020020854,2021-05-08,BOS,8471695,Tuukka Rask,1,23,18
2020020854,2021-05-08,NYR,8476234,Keith Kinkaid,1,30,28
2020020854,2021-05-08,NYR,8478048,Igor Shesterkin,0,9,7
2020020855,2021-05-08,NYI,8478009,Ilya Sorokin,1,24,23
2020020855,2021-05-08,NJD,8478406,Mackenzie Blackwood,1,27,22
2020020856,2021-05-08,WSH,8467950,Craig Anderson,1,29,28
2020020856,2021-05-08,PHI,8479312,Alex Lyon,1,40,38
2020020857,2021-05-08,FLA,8475683,Sergei Bobrovsky,1,29,28
2020020857,2021-05-08,TBL,8476883,Andrei Vasilevskiy,1,35,30
2020020858,2021-05-08,BUF,8475920,Michael Houser,1,23,22
2020020858,2021-05-08,PIT,8476509,Maxime Lagace,1,29,29
2020020859,2021-05-08,DET,8475717,Calvin Pickard,1,36,31
2020020859,2021-05-08,CBJ,8480162,Matiss Kivlenieks,1,37,33
2020020860,2021-05-10,DAL,8479979,Jake Oettinger,1,23,19
2020020860,2021-05-10,CHI,8480420,Collin Delia,1,50,45
2020020861,2021-05-08,NSH,8477424,Juuse Saros,1,22,21
2020020861,2021-05-08,CAR,8477968,Alex Nedeljkovic,1,29,27
2020020862,2021-05-08,MTL,8474596,Jake Allen,1,26,23
2020020862,2021-05-08,TOR,8475789,Jack Campbell,1,23,21
2020020863,2021-05-08,WPG,8476945,Connor Hellebuyck,1,22,19
2020020863,2021-05-08,OTT,8479406,Filip Gustavsson,1,29,27
2020020864,2021-05-18,CGY,8475839,Louis Domingue,1,23,20
2020020864,2021-05-18,VAN,8477967,Thatcher Demko,1,40,38
2020020865,2021-05-08,ANA,8468011,Ryan Miller,1,25,21
2020020865,2021-05-08,MIN,8475660,Cam Talbot,1,22,19
2020020866,2021-05-08,VGK,8470594,Marc-Andre Fleury,1,21,20
2020020866,2021-05-08,STL,8478024,Ville Husso,1,28,25
2020020867,2021-05-08,LAK,8477361,Calvin Petersen,1,30,27
2020020867,2021-05-08,COL,8477992,Jonas Johansson,1,18,16
2020020868,2021-05-08,ARI,8478499,Adin Hill,1,48,44
2020020868,2021-05-08,SJS,8482246,Alexei Melnichuk,1,32,27
