gameId,date,team,pid,name,gs,sa,sv
2024020001,2024-10-04,NJD,8474593,Jacob Markstrom,1,31,30
2024020001,2024-10-04,BUF,8480045,Ukko-Pekka Luukkonen,1,22,19
2024020002,2024-10-05,NJD,8474596,Jake Allen,1,18,17
2024020002,2024-10-05,BUF,8482221,Devon Levi,1,37,34
2024020003,2024-10-08,SEA,8475831,Philipp Grubauer,1,25,22
2024020003,2024-10-08,STL,8476412,Jordan Binnington,1,32,30
2024020004,2024-10-08,FLA,8475683,Sergei Bobrovsky,1,28,24
2024020004,2024-10-08,BOS,8476914,Joonas Korpisalo,1,35,29
2024020005,2024-10-08,CHI,8475852,Petr Mrazek,1,26,22
2024020005,2024-10-08,UTA,8478971,Connor Ingram,1,26,24
2024020006,2024-10-09,TOR,8476932,Anthony Stolarz,1,27,26
2024020006,2024-10-09,MTL,8478470,Samuel Montembeault,1,48,48
2024020007,2024-10-09,PIT,8477465,Tristan Jarry,1,40,34
2024020007,2024-10-09,NYR,8478048,Igor Shesterkin,1,31,31
2024020008,2024-10-09,EDM,8475717,Calvin Pickard,0,7,6
2024020008,2024-10-09,WPG,8476945,Connor Hellebuyck,1,30,30
2024020008,2024-10-09,EDM,8479973,Stuart Skinner,1,13,8
2024020009,2024-10-09,CGY,8478435,Dan Vladar,1,24,19
2024020009,2024-10-09,VAN,8481668,Arturs Silovs,1,26,20
2024020010,2024-10-09,VGK,8478499,Adin Hill,1,32,28
2024020010,2024-10-09,COL,8480382,Alexandar Georgiev,1,16,11
2024020010,2024-10-09,COL,8481020,Justus Annunen,0,4,2
2024020011,2024-10-10,MTL,8480051,Cayden Primeau,1,29,23
2024020011,2024-10-10,BOS,8480280,Jeremy Swayman,1,24,20
2024020012,2024-10-10,LAK,8475311,Darcy Kuemper,1,33,32
2024020012,2024-10-10,BUF,8480045,Ukko-Pekka Luukkonen,1,22,20
2024020013,2024-10-10,FLA,8475683,Sergei Bobrovsky,1,30,28
2024020013,2024-10-10,OTT,8476999,Linus Ullmark,1,32,31
2024020014,2024-10-10,DET,8475660,Cam Talbot,0,14,12
2024020014,2024-10-10,DET,8478024,Ville Husso,1,14,10
2024020014,2024-10-10,PIT,8482446,Joel Blomqvist,1,32,29
2024020015,2024-10-10,NJD,8474593,Jacob Markstrom,1,22,18
2024020015,2024-10-10,TOR,8483710,Dennis Hildeby,1,23,21
2024020016,2024-10-10,NYI,8473575,Semyon Varlamov,1,26,21
2024020016,2024-10-10,UTA,8478971,Connor Ingram,1,27,23
2024020017,2024-10-10,NSH,8475809,Scott Wedgewood,1,20,16
2024020017,2024-10-10,DAL,8479979,Jake Oettinger,1,36,33
2024020018,2024-10-10,CBJ,8478007,Elvis Merzlikins,1,26,23
2024020018,2024-10-10,MIN,8479406,Filip Gustavsson,1,33,31
2024020019,2024-10-10,SJS,8478406,Mackenzie Blackwood,1,40,35
2024020019,2024-10-10,STL,8480981,Joel Hofer,1,29,25
2024020020,2024-10-11,CAR,8475883,Frederik Andersen,1,21,19
2024020020,2024-10-11,TBL,8476883,Andrei Vasilevskiy,1,21,20
2024020021,2024-10-11,WPG,8476945,Connor Hellebuyck,1,26,25
2024020021,2024-10-11,CHI,8482821,Arvid Soderblom,1,35,33
2024020022,2024-10-11,VAN,8480947,Kevin Lankinen,1,31,29
2024020022,2024-10-11,PHI,8481035,Samuel Ersson,1,26,24
2024020023,2024-10-11,STL,8476412,Jordan Binnington,1,28,24
2024020023,2024-10-11,VGK,8478499,Adin Hill,1,22,19
2024020024,2024-10-12,LAK,8475311,Darcy Kuemper,1,26,24
2024020024,2024-10-12,BOS,8480280,Jeremy Swayman,1,34,33
2024020025,2024-10-12,FLA,8481519,Spencer Knight,1,26,22
2024020025,2024-10-12,BUF,8482221,Devon Levi,1,25,23
2024020026,2024-10-12,TOR,8476932,Anthony Stolarz,1,23,21
2024020026,2024-10-12,PIT,8482446,Joel Blomqvist,1,32,29
2024020027,2024-10-12,OTT,8476999,Linus Ullmark,1,26,22
2024020027,2024-10-12,MTL,8478470,Samuel Montembeault,1,25,24
2024020028,2024-10-12,DET,8475660,Cam Talbot,1,42,42
2024020028,2024-10-12,NSH,8477424,Juuse Saros,1,21,19
2024020029,2025-01-07,TBL,8476883,Andrei Vasilevskiy,1,31,29
2024020029,2025-01-07,CAR,8481611,Pyotr Kochetkov,1,33,30
2024020030,2024-10-12,NYR,8478048,Igor Shesterkin,1,26,20
2024020030,2024-10-12,UTA,8478971,Connor Ingram,1,34,29
2024020031,2024-10-12,NJD,8474593,Jacob Markstrom,1,32,29
2024020031,2024-10-12,WSH,8479292,Charlie Lindgren,1,32,28
2024020032,2024-10-12,NYI,8473575,Semyon Varlamov,1,26,24
2024020032,2024-10-12,DAL,8479979,Jake Oettinger,1,34,34
2024020033,2024-10-12,MIN,8470594,Marc-Andre Fleury,1,34,30
2024020033,2024-10-12,SEA,8478916,Joey Daccord,1,38,34
2024020034,2024-10-12,CBJ,8480193,Daniil Tarasov,1,30,26
2024020034,2024-10-12,COL,8480382,Alexandar Georgiev,1,9,6
2024020034,2024-10-12,COL,8481020,Justus Annunen,0,13,11
2024020035,2024-10-12,PHI,8478905,Ivan Fedotov,1,31,26
2024020035,2024-10-12,CGY,8481692,Dustin Wolf,1,40,37
2024020036,2024-10-12,EDM,8475717,Calvin Pickard,1,20,15
2024020036,2024-10-12,CHI,8475852,Petr Mrazek,1,38,36
2024020037,2024-10-12,SJS,8477970,Vitek Vanecek,1,29,28
2024020037,2024-10-12,ANA,8480843,Lukas Dostal,1,30,30
2024020038,2024-10-13,WPG,8476945,Connor Hellebuyck,1,27,26
2024020038,2024-10-13,MIN,8479406,Filip Gustavsson,1,35,33
2024020039,2024-10-13,SEA,8475831,Philipp Grubauer,1,23,21
2024020039,2024-10-13,DAL,8479193,Casey DeSmith,1,25,25
2024020040,2024-10-13,CGY,8478435,Dan Vladar,1,26,25
2024020040,2024-10-13,EDM,8479973,Stuart Skinner,1,28,25
2024020041,2024-10-13,ANA,8473503,James Reimer,1,32,29
2024020041,2024-10-13,VGK,8478492,Ilya Samsonov,1,23,22
2024020042,2024-10-14,FLA,8475683,Sergei Bobrovsky,1,27,24
2024020042,2024-10-14,BOS,8480280,Jeremy Swayman,1,26,22
2024020043,2024-10-14,LAK,8475311,Darcy Kuemper,1,41,33
2024020043,2024-10-14,OTT,8476341,Anton Forsberg,1,9,6
2024020043,2024-10-14,OTT,8481544,Mads Sogaard,0,17,13
2024020044,2024-10-14,NJD,8474596,Jake Allen,1,20,20
2024020044,2024-10-14,UTA,8478872,Karel Vejmelka,1,32,29
2024020045,2024-10-14,NYR,8478048,Igor Shesterkin,1,32,31
2024020045,2024-10-14,DET,8479312,Alex Lyon,1,27,24
2024020046,2024-10-14,PIT,8477465,Tristan Jarry,1,28,25
2024020046,2024-10-14,MTL,8478470,Samuel Montembeault,1,29,24
2024020047,2024-10-14,NYI,8478009,Ilya Sorokin,1,34,32
2024020047,2024-10-14,COL,8480382,Alexandar Georgiev,1,36,31
2024020048,2024-10-15,TBL,8476883,Andrei Vasilevskiy,1,27,26
2024020048,2024-10-15,VAN,8481668,Arturs Silovs,1,26,23
2024020049,2024-10-15,VGK,8478499,Adin Hill,1,22,18
2024020049,2024-10-15,WSH,8480313,Logan Thompson,1,26,24
2024020050,2024-10-15,NJD,8474593,Jacob Markstrom,1,30,27
2024020050,2024-10-15,CAR,8481611,Pyotr Kochetkov,1,26,24
2024020051,2024-10-15,CBJ,8478007,Elvis Merzlikins,1,22,18
2024020051,2024-10-15,FLA,8481519,Spencer Knight,1,38,35
2024020052,2024-10-15,STL,8476412,Jordan Binnington,1,26,23
2024020052,2024-10-15,MIN,8479406,Filip Gustavsson,1,28,27
2024020053,2024-10-15,NSH,8477424,Juuse Saros,1,34,28
2024020053,2024-10-15,SEA,8478916,Joey Daccord,1,33,30
2024020054,2024-10-15,SJS,8478406,Mackenzie Blackwood,1,38,36
2024020054,2024-10-15,DAL,8479979,Jake Oettinger,1,27,25
2024020055,2024-10-15,CHI,8475852,Petr Mrazek,1,26,24
2024020055,2024-10-15,CGY,8481692,Dustin Wolf,1,32,31
2024020056,2024-10-15,EDM,8479973,Stuart Skinner,1,30,27
2024020056,2024-10-15,PHI,8481035,Samuel Ersson,1,31,27
2024020057,2024-10-16,PIT,8477465,Tristan Jarry,1,5,2
2024020057,2024-10-16,BUF,8480045,Ukko-Pekka Luukkonen,1,43,37
2024020057,2024-10-16,PIT,8482446,Joel Blomqvist,0,28,26
2024020058,2024-10-16,TOR,8476932,Anthony Stolarz,1,34,32
2024020058,2024-10-16,LAK,8477831,Pheonix Copley,0,12,10
2024020058,2024-10-16,LAK,8479496,David Rittich,1,14,10
2024020059,2024-10-16,BOS,8476914,Joonas Korpisalo,1,25,22
2024020059,2024-10-16,COL,8480382,Alexandar Georgiev,1,25,21
2024020060,2024-10-16,UTA,8478971,Connor Ingram,1,34,29
2024020060,2024-10-16,ANA,8480843,Lukas Dostal,1,30,26
2024020061,2024-10-17,MTL,8478470,Samuel Montembeault,1,31,28
2024020061,2024-10-17,LAK,8479496,David Rittich,1,27,26
2024020062,2024-10-17,NJD,8474593,Jacob Markstrom,1,31,30
2024020062,2024-10-17,OTT,8476341,Anton Forsberg,1,35,32
2024020063,2024-10-17,NYR,8471734,Jonathan Quick,1,31,29
2024020063,2024-10-17,DET,8475660,Cam Talbot,1,19,14
2024020063,2024-10-17,DET,8479312,Alex Lyon,0,15,15
2024020064,2024-10-17,TBL,8476883,Andrei Vasilevskiy,1,25,22
2024020064,2024-10-17,VGK,8478499,Adin Hill,1,25,21
2024020065,2024-10-17,FLA,8475683,Sergei Bobrovsky,1,33,30
2024020065,2024-10-17,VAN,8480947,Kevin Lankinen,1,28,26
2024020066,2024-10-17,DAL,8479193,Casey DeSmith,1,26,23
2024020066,2024-10-17,WSH,8479292,Charlie Lindgren,1,24,22
2024020067,2024-10-17,CBJ,8480193,Daniil Tarasov,1,24,20
2024020067,2024-10-17,BUF,8482221,Devon Levi,1,25,19
2024020068,2024-10-17,NYI,8478009,Ilya Sorokin,1,30,29
2024020068,2024-10-17,STL,8480981,Joel Hofer,1,34,34
2024020069,2024-10-17,EDM,8475717,Calvin Pickard,1,27,25
2024020069,2024-10-17,NSH,8477424,Juuse Saros,1,35,32
2024020070,2024-10-17,CHI,8475852,Petr Mrazek,1,22,20
2024020070,2024-10-17,SJS,8477970,Vitek Vanecek,1,27,23
2024020071,2024-10-17,SEA,8475831,Philipp Grubauer,1,25,21
2024020071,2024-10-17,PHI,8478905,Ivan Fedotov,1,24,19
2024020071,2024-10-17,PHI,8481035,Samuel Ersson,0,5,4
2024020072,2024-10-18,CAR,8475883,Frederik Andersen,1,26,25
2024020072,2024-10-18,PIT,8482446,Joel Blomqvist,1,38,34
2024020073,2024-10-18,WPG,8476945,Connor Hellebuyck,1,22,19
2024020073,2024-10-18,SJS,8477970,Vitek Vanecek,0,18,15
2024020073,2024-10-18,SJS,8478406,Mackenzie Blackwood,1,18,13
2024020074,2024-10-18,COL,8480382,Alexandar Georgiev,1,19,16
2024020074,2024-10-18,ANA,8480843,Lukas Dostal,1,49,45
2024020075,2024-10-19,OTT,8476341,Anton Forsberg,1,29,25
2024020075,2024-10-19,TBL,8476883,Andrei Vasilevskiy,1,28,23
2024020076,2024-10-19,NSH,8477424,Juuse Saros,1,22,19
2024020076,2024-10-19,DET,8479312,Alex Lyon,1,39,37
2024020077,2024-10-19,EDM,8479973,Stuart Skinner,1,23,20
2024020077,2024-10-19,DAL,8479979,Jake Oettinger,1,31,30
2024020078,2024-10-19,FLA,8475683,Sergei Bobrovsky,1,26,23
2024020078,2024-10-19,VGK,8478492,Ilya Samsonov,1,49,45
2024020079,2024-10-19,TOR,8476932,Anthony Stolarz,1,27,25
2024020079,2024-10-19,NYR,8478048,Igor Shesterkin,1,35,34
2024020080,2024-10-19,NJD,8474593,Jacob Markstrom,1,37,31
2024020080,2024-10-19,WSH,8480313,Logan Thompson,1,31,26
2024020081,2024-10-19,NYI,8473575,Semyon Varlamov,1,24,21
2024020081,2024-10-19,MTL,8480051,Cayden Primeau,1,36,33
2024020082,2024-10-19,VAN,8480947,Kevin Lankinen,1,26,26
2024020082,2024-10-19,PHI,8481035,Samuel Ersson,1,32,29
2024020083,2024-10-19,MIN,8479406,Filip Gustavsson,1,24,23
2024020083,2024-10-19,CBJ,8480193,Daniil Tarasov,1,34,31
2024020084,2024-10-19,STL,8480981,Joel Hofer,1,40,37
2024020084,2024-10-19,CAR,8481611,Pyotr Kochetkov,1,19,15
2024020085,2024-10-19,BUF,8480045,Ukko-Pekka Luukkonen,1,37,35
2024020085,2024-10-19,CHI,8482821,Arvid Soderblom,1,21,18
2024020086,2024-10-19,UTA,8478971,Connor Ingram,1,22,21
2024020086,2024-10-19,BOS,8480280,Jeremy Swayman,1,32,30
2024020087,2024-10-19,CGY,8478435,Dan Vladar,1,23,21
2024020087,2024-10-19,SEA,8478916,Joey Daccord,1,22,21
2024020088,2024-10-20,WPG,8477480,Eric Comrie,1,42,39
2024020088,2024-10-20,PIT,8477968,Alex Nedeljkovic,1,36,31
2024020089,2024-10-20,SJS,8477970,Vitek Vanecek,1,21,18
2024020089,2024-10-20,COL,8481020,Justus Annunen,1,26,25
2024020090,2024-10-20,LAK,8479496,David Rittich,1,14,13
2024020090,2024-10-20,ANA,8480843,Lukas Dostal,1,34,32
2024020091,2024-10-21,TBL,8476883,Andrei Vasilevskiy,1,14,10
2024020091,2024-10-21,TOR,8476932,Anthony Stolarz,1,34,32
2024020091,2024-10-21,TBL,8477992,Jonas Johansson,0,15,14
2024020092,2024-10-22,WSH,8479292,Charlie Lindgren,1,18,17
2024020092,2024-10-22,PHI,8481035,Samuel Ersson,1,29,25
2024020093,2024-10-22,FLA,8475683,Sergei Bobrovsky,1,16,11
2024020093,2024-10-22,MIN,8479406,Filip Gustavsson,1,25,24
2024020093,2024-10-22,FLA,8481519,Spencer Knight,0,6,6
2024020094,2024-10-22,NJD,8474596,Jake Allen,1,37,29
2024020094,2024-10-22,TBL,8477992,Jonas Johansson,1,35,30
2024020095,2024-10-22,DAL,8479979,Jake Oettinger,1,24,21
2024020095,2024-10-22,BUF,8480045,Ukko-Pekka Luukkonen,1,30,28
2024020096,2024-10-22,NYR,8478048,Igor Shesterkin,1,23,21
2024020096,2024-10-22,MTL,8478470,Samuel Montembeault,1,10,6
2024020096,2024-10-22,MTL,8480051,Cayden Primeau,0,35,32
2024020097,2024-10-22,CBJ,8480193,Daniil Tarasov,1,28,26
2024020097,2024-10-22,TOR,8483710,Dennis Hildeby,1,38,32
2024020098,2024-10-22,NYI,8478009,Ilya Sorokin,1,11,10
2024020098,2024-10-22,DET,8479312,Alex Lyon,1,30,30
2024020099,2024-10-22,STL,8476412,Jordan Binnington,1,24,21
2024020099,2024-10-22,WPG,8476945,Connor Hellebuyck,1,29,27
2024020100,2024-10-22,CHI,8475852,Petr Mrazek,1,30,24
2024020100,2024-10-22,VAN,8480947,Kevin Lankinen,1,34,31
2024020101,2024-10-22,NSH,8477424,Juuse Saros,1,33,33
2024020101,2024-10-22,BOS,8480280,Jeremy Swayman,1,41,38
2024020102,2024-10-22,PIT,8477968,Alex Nedeljkovic,1,25,22
2024020102,2024-10-22,CGY,8481692,Dustin Wolf,1,38,35
2024020103,2024-10-22,CAR,8475883,Frederik Andersen,1,35,33
2024020103,2024-10-22,EDM,8479973,Stuart Skinner,1,33,30
2024020104,2024-10-22,OTT,8476341,Anton Forsberg,1,31,31
2024020104,2024-10-22,UTA,8478872,Karel Vejmelka,0,14,14
2024020104,2024-10-22,UTA,8478971,Connor Ingram,1,8,4
2024020105,2024-10-22,SJS,8478406,Mackenzie Blackwood,1,39,37
2024020105,2024-10-22,ANA,8480843,Lukas Dostal,1,28,27
2024020106,2024-10-22,SEA,8475831,Philipp Grubauer,1,28,25
2024020106,2024-10-22,COL,8481020,Justus Annunen,1,27,25
2024020107,2024-10-22,VGK,8478492,Ilya Samsonov,1,35,34
2024020107,2024-10-22,LAK,8479496,David Rittich,1,30,24
2024020108,2024-10-23,PHI,8478905,Ivan Fedotov,1,23,19
2024020108,2024-10-23,WSH,8480313,Logan Thompson,1,29,26
2024020109,2024-10-24,DAL,8479193,Casey DeSmith,1,27,25
2024020109,2024-10-24,BOS,8480280,Jeremy Swayman,1,31,27
2024020110,2024-10-24,STL,8476412,Jordan Binnington,1,41,40
2024020110,2024-10-24,TOR,8479361,Joseph Woll,1,26,22
2024020111,2024-10-24,NJD,8474593,Jacob Markstrom,1,19,15
2024020111,2024-10-24,DET,8475660,Cam Talbot,1,40,37
2024020112,2024-10-24,MIN,8470594,Marc-Andre Fleury,1,26,24
2024020112,2024-10-24,TBL,8476883,Andrei Vasilevskiy,1,17,14
2024020113,2024-10-24,FLA,8475683,Sergei Bobrovsky,1,25,24
2024020113,2024-10-24,NYR,8478048,Igor Shesterkin,1,29,26
2024020114,2024-10-24,CGY,8478435,Dan Vladar,1,42,39
2024020114,2024-10-24,CAR,8481611,Pyotr Kochetkov,1,32,30
2024020115,2024-10-24,UTA,8478872,Karel Vejmelka,1,26,21
2024020115,2024-10-24,COL,8481020,Justus Annunen,1,26,25
2024020116,2024-10-24,WPG,8476945,Connor Hellebuyck,1,32,29
2024020116,2024-10-24,SEA,8478916,Joey Daccord,1,36,32
2024020117,2024-10-24,SJS,8478406,Mackenzie Blackwood,1,30,27
2024020117,2024-10-24,LAK,8479496,David Rittich,1,26,24
2024020118,2024-10-25,OTT,8476999,Linus Ullmark,1,27,22
2024020118,2024-10-25,VGK,8478499,Adin Hill,1,39,35
2024020119,2024-10-25,NJD,8474596,Jake Allen,1,30,26
2024020119,2024-10-25,NYI,8478009,Ilya Sorokin,1,36,33
2024020120,2024-10-25,CHI,8475852,Petr Mrazek,1,34,31
2024020120,2024-10-25,NSH,8477424,Juuse Saros,1,29,27
2024020121,2024-10-25,EDM,8479973,Stuart Skinner,1,27,27
2024020121,2024-10-25,PIT,8482446,Joel Blomqvist,1,50,46
2024020122,2024-10-26,DET,8479312,Alex Lyon,1,38,34
2024020122,2024-10-26,BUF,8480045,Ukko-Pekka Luukkonen,1,25,22
2024020123,2024-10-26,MIN,8479406,Filip Gustavsson,1,22,16
2024020123,2024-10-26,PHI,8481035,Samuel Ersson,1,26,21
2024020124,2024-10-26,LAK,8475311,Darcy Kuemper,1,26,24
2024020124,2024-10-26,UTA,8478971,Connor Ingram,1,23,20
2024020125,2024-10-26,TOR,8476932,Anthony Stolarz,1,34,30
2024020125,2024-10-26,BOS,8480280,Jeremy Swayman,1,23,20
2024020126,2024-10-26,STL,8476412,Jordan Binnington,1,25,21
2024020126,2024-10-26,MTL,8478470,Samuel Montembeault,1,31,29
2024020127,2024-10-26,TBL,8476883,Andrei Vasilevskiy,1,32,32
2024020127,2024-10-26,WSH,8479292,Charlie Lindgren,1,21,18
2024020128,2024-10-26,NYR,8471734,Jonathan Quick,1,33,32
2024020128,2024-10-26,ANA,8480843,Lukas Dostal,1,32,30
2024020129,2024-10-26,WPG,8477480,Eric Comrie,1,29,26
2024020129,2024-10-26,CGY,8481692,Dustin Wolf,1,34,30
2024020130,2024-10-26,NYI,8473575,Semyon Varlamov,1,28,23
2024020130,2024-10-26,FLA,8481519,Spencer Knight,1,28,25
2024020131,2024-10-26,NSH,8475809,Scott Wedgewood,1,28,25
2024020131,2024-10-26,CBJ,8480193,Daniil Tarasov,1,33,29
2024020132,2024-10-26,CHI,8475852,Petr Mrazek,1,29,26
2024020132,2024-10-26,DAL,8479979,Jake Oettinger,1,24,22
2024020133,2024-10-26,PIT,8477968,Alex Nedeljkovic,1,34,30
2024020133,2024-10-26,VAN,8480947,Kevin Lankinen,1,24,21
2024020134,2024-10-26,SJS,8477970,Vitek Vanecek,1,42,35
2024020134,2024-10-26,VGK,8478492,Ilya Samsonov,1,26,23
2024020135,2024-10-26,CAR,8475883,Frederik Andersen,1,19,18
2024020135,2024-10-26,SEA,8478916,Joey Daccord,1,38,35
2024020136,2024-10-27,DET,8475660,Cam Talbot,1,34,31
2024020136,2024-10-27,EDM,8475717,Calvin Pickard,1,26,24
2024020137,2024-10-27,ANA,8473503,James Reimer,1,34,28
2024020137,2024-10-27,NJD,8474593,Jacob Markstrom,1,26,24
2024020138,2024-10-27,MTL,8480051,Cayden Primeau,1,26,23
2024020138,2024-10-27,PHI,8482783,Aleksei Kolosov,1,24,20
2024020139,2024-10-27,OTT,8476341,Anton Forsberg,1,29,25
2024020139,2024-10-27,OTT,8476999,Linus Ullmark,0,2,2
2024020139,2024-10-27,COL,8481020,Justus Annunen,1,30,26
2024020140,2024-10-28,FLA,8475683,Sergei Bobrovsky,1,28,26
2024020140,2024-10-28,BUF,8480045,Ukko-Pekka Luukkonen,1,31,26
2024020141,2024-10-28,TBL,8476883,Andrei Vasilevskiy,1,37,35
2024020141,2024-10-28,NSH,8477424,Juuse Saros,1,27,24
2024020142,2024-10-28,CBJ,8478007,Elvis Merzlikins,1,32,31
2024020142,2024-10-28,EDM,8479973,Stuart Skinner,1,25,19
2024020143,2024-10-28,TOR,8476932,Anthony Stolarz,1,23,19
2024020143,2024-10-28,WPG,8476945,Connor Hellebuyck,1,35,30
2024020144,2024-10-28,CHI,8475852,Petr Mrazek,1,26,24
2024020144,2024-10-28,COL,8480382,Alexandar Georgiev,1,24,21
2024020145,2024-10-28,SJS,8478406,Mackenzie Blackwood,1,23,19
2024020145,2024-10-28,UTA,8478971,Connor Ingram,1,46,41
2024020146,2024-10-28,VAN,8480947,Kevin Lankinen,1,32,28
2024020146,2024-10-28,CAR,8481611,Pyotr Kochetkov,1,27,24
2024020147,2024-10-28,CGY,8478435,Dan Vladar,1,38,33
2024020147,2024-10-28,VGK,8478499,Adin Hill,1,16,16
2024020148,2024-10-29,BOS,8476914,Joonas Korpisalo,1,18,17
2024020148,2024-10-29,PHI,8481035,Samuel Ersson,1,25,25
2024020149,2024-10-29,MTL,8478470,Samuel Montembeault,1,10,5
2024020149,2024-10-29,SEA,8478916,Joey Daccord,1,30,28
2024020149,2024-10-29,MTL,8480051,Cayden Primeau,0,13,10
2024020150,2024-10-29,STL,8476412,Jordan Binnington,0,14,11
2024020150,2024-10-29,OTT,8476999,Linus Ullmark,1,27,26
2024020150,2024-10-29,STL,8480981,Joel Hofer,1,21,16
2024020151,2024-10-29,NYR,8478048,Igor Shesterkin,1,45,41
2024020151,2024-10-29,WSH,8480313,Logan Thompson,1,19,16
2024020152,2024-10-29,NYI,8478009,Ilya Sorokin,1,21,19
2024020152,2024-10-29,ANA,8480843,Lukas Dostal,1,41,40
2024020153,2024-10-29,MIN,8470594,Marc-Andre Fleury,1,29,26
2024020153,2024-10-29,PIT,8482446,Joel Blomqvist,1,39,35
2024020154,2024-10-29,SJS,8477970,Vitek Vanecek,1,28,26
2024020154,2024-10-29,LAK,8479496,David Rittich,1,20,17
2024020155,2024-10-30,NYI,8473575,Semyon Varlamov,1,25,24
2024020155,2024-10-30,CBJ,8478007,Elvis Merzlikins,1,26,26
2024020156,2024-10-30,WPG,8476945,Connor Hellebuyck,1,21,19
2024020156,2024-10-30,DET,8479312,Alex Lyon,1,29,23
2024020157,2024-10-30,TBL,8476883,Andrei Vasilevskiy,1,35,33
2024020157,2024-10-30,COL,8478039,Kaapo Kahkonen,1,20,16
2024020158,2024-10-30,UTA,8478971,Connor Ingram,1,31,30
2024020158,2024-10-30,CGY,8481692,Dustin Wolf,1,28,23
2024020159,2024-10-30,NJD,8474593,Jacob Markstrom,1,20,20
2024020159,2024-10-30,VAN,8481668,Arturs Silovs,1,22,16
2024020160,2024-10-30,LAK,8475311,Darcy Kuemper,1,26,23
2024020160,2024-10-30,VGK,8478492,Ilya Samsonov,1,27,21
2024020161,2024-10-31,SEA,8478916,Joey Daccord,1,29,26
2024020161,2024-10-31,TOR,8479361,Joseph Woll,1,25,24
2024020162,2024-10-31,STL,8476412,Jordan Binnington,1,21,19
2024020162,2024-10-31,PHI,8481035,Samuel Ersson,1,21,20
2024020163,2024-10-31,PIT,8477968,Alex Nedeljkovic,1,23,22
2024020163,2024-10-31,ANA,8480843,Lukas Dostal,1,45,43
2024020164,2024-10-31,WSH,8479292,Charlie Lindgren,1,15,12
2024020164,2024-10-31,MTL,8480051,Cayden Primeau,1,34,28
2024020165,2024-10-31,BOS,8476914,Joonas Korpisalo,0,15,13
2024020165,2024-10-31,BOS,8480280,Jeremy Swayman,1,22,16
2024020165,2024-10-31,CAR,8481611,Pyotr Kochetkov,1,15,13
2024020166,2024-10-31,EDM,8475717,Calvin Pickard,1,27,26
2024020166,2024-10-31,NSH,8477424,Juuse Saros,1,29,24
2024020167,2024-10-31,CHI,8475852,Petr Mrazek,1,29,26
2024020167,2024-10-31,SJS,8478406,Mackenzie Blackwood,1,29,27
2024020168,2024-11-01,FLA,8475683,Sergei Bobrovsky,1,36,32
2024020168,2024-11-01,DAL,8479979,Jake Oettinger,1,28,22
2024020169,2024-11-01,NYI,8478009,Ilya Sorokin,1,35,32
2024020169,2024-11-01,BUF,8482221,Devon Levi,1,36,32
2024020170,2024-11-01,OTT,8476999,Linus Ullmark,1,18,16
2024020170,2024-11-01,NYR,8478048,Igor Shesterkin,1,41,40
2024020171,2024-11-01,WPG,8477480,Eric Comrie,1,22,20
2024020171,2024-11-01,CBJ,8478007,Elvis Merzlikins,1,44,38
2024020172,2024-11-01,TBL,8476883,Andrei Vasilevskiy,1,20,17
2024020172,2024-11-01,MIN,8479406,Filip Gustavsson,1,30,27
2024020173,2024-11-01,NJD,8474593,Jacob Markstrom,1,31,29
2024020173,2024-11-01,CGY,8478435,Dan Vladar,1,22,22
2024020174,2024-11-02,DAL,8479193,Casey DeSmith,1,24,21
2024020174,2024-11-02,FLA,8481519,Spencer Knight,1,25,23
2024020175,2024-11-02,BOS,8476914,Joonas Korpisalo,1,20,20
2024020175,2024-11-02,PHI,8481035,Samuel Ersson,1,8,8
2024020175,2024-11-02,PHI,8482783,Aleksei Kolosov,0,22,20
2024020176,2024-11-02,LAK,8475311,Darcy Kuemper,1,21,18
2024020176,2024-11-02,CHI,8475852,Petr Mrazek,1,40,37
2024020177,2024-11-02,CBJ,8480193,Daniil Tarasov,1,22,15
2024020177,2024-11-02,WSH,8480313,Logan Thompson,1,36,34
2024020178,2024-11-02,SEA,8475831,Philipp Grubauer,1,22,20
2024020178,2024-11-02,OTT,8476341,Anton Forsberg,1,22,22
2024020179,2024-11-02,DET,8475660,Cam Talbot,1,32,31
2024020179,2024-11-02,BUF,8480045,Ukko-Pekka Luukkonen,1,23,21
2024020180,2024-11-02,PIT,8477968,Alex Nedeljkovic,1,26,25
2024020180,2024-11-02,MTL,8478470,Samuel Montembeault,1,23,21
2024020181,2024-11-02,STL,8476412,Jordan Binnington,1,37,35
2024020181,2024-11-02,TOR,8479361,Joseph Woll,1,23,20
2024020182,2024-11-02,NSH,8477424,Juuse Saros,1,31,29
2024020182,2024-11-02,COL,8481020,Justus Annunen,1,24,21
2024020183,2024-11-02,VGK,8478499,Adin Hill,1,19,16
2024020183,2024-11-02,UTA,8478971,Connor Ingram,1,35,31
2024020184,2024-11-02,SJS,8478406,Mackenzie Blackwood,1,28,25
2024020184,2024-11-02,VAN,8480947,Kevin Lankinen,1,23,21
2024020185,2024-11-03,NYI,8478009,Ilya Sorokin,1,39,35
2024020185,2024-11-03,NYR,8478048,Igor Shesterkin,1,37,35
2024020186,2024-11-03,WPG,8476945,Connor Hellebuyck,1,30,26
2024020186,2024-11-03,TBL,8477992,Jonas Johansson,1,32,27
2024020187,2024-11-03,SEA,8478916,Joey Daccord,1,33,31
2024020187,2024-11-03,BOS,8480280,Jeremy Swayman,1,23,23
2024020188,2024-11-03,WSH,8479292,Charlie Lindgren,1,44,41
2024020188,2024-11-03,CAR,8481611,Pyotr Kochetkov,1,21,19
2024020189,2024-11-03,TOR,8476932,Anthony Stolarz,1,33,31
2024020189,2024-11-03,MIN,8479406,Filip Gustavsson,1,28,27
2024020190,2024-11-03,CGY,8478435,Dan Vladar,1,30,27
2024020190,2024-11-03,EDM,8479973,Stuart Skinner,1,31,29
2024020191,2024-11-03,ANA,8480843,Lukas Dostal,1,29,25
2024020191,2024-11-03,CHI,8482821,Arvid Soderblom,1,40,38
2024020192,2024-11-04,LAK,8475311,Darcy Kuemper,1,16,16
2024020192,2024-11-04,NSH,8477424,Juuse Saros,1,26,24
2024020193,2024-11-04,NJD,8474596,Jake Allen,1,31,31
2024020193,2024-11-04,EDM,8475717,Calvin Pickard,1,16,13
2024020194,2024-11-05,OTT,8476999,Linus Ullmark,1,34,29
2024020194,2024-11-05,BUF,8480045,Ukko-Pekka Luukkonen,1,38,37
2024020195,2024-11-05,TOR,8476932,Anthony Stolarz,1,29,29
2024020195,2024-11-05,BOS,8480280,Jeremy Swayman,1,26,23
2024020196,2024-11-05,MTL,8478470,Samuel Montembeault,1,35,32
2024020196,2024-11-05,CGY,8481692,Dustin Wolf,1,24,22
2024020197,2024-11-05,CAR,8481611,Pyotr Kochetkov,1,16,12
2024020197,2024-11-05,PHI,8482783,Aleksei Kolosov,1,34,29
2024020198,2024-11-05,PIT,8477968,Alex Nedeljkovic,1,26,23
2024020198,2024-11-05,NYI,8478009,Ilya Sorokin,1,35,32
2024020199,2024-11-05,STL,8476412,Jordan Binnington,1,23,21
2024020199,2024-11-05,TBL,8476883,Andrei Vasilevskiy,1,23,20
2024020200,2024-11-05,MIN,8479406,Filip Gustavsson,1,27,23
2024020200,2024-11-05,LAK,8479496,David Rittich,1,24,23
2024020201,2024-11-05,WPG,8476945,Connor Hellebuyck,1,21,21
2024020201,2024-11-05,UTA,8478872,Karel Vejmelka,1,27,25
2024020202,2024-11-05,SEA,8475831,Philipp Grubauer,1,31,26
2024020202,2024-11-05,COL,8481020,Justus Annunen,1,20,17
2024020203,2024-11-05,ANA,8480843,Lukas Dostal,1,37,32
2024020203,2024-11-05,VAN,8480947,Kevin Lankinen,1,22,21
2024020204,2024-11-05,SJS,8477970,Vitek Vanecek,1,50,49
2024020204,2024-11-05,CBJ,8478007,Elvis Merzlikins,1,27,25
2024020205,2024-11-06,NSH,8477424,Juuse Saros,1,36,33
2024020205,2024-11-06,WSH,8480313,Logan Thompson,1,35,33
2024020206,2024-11-06,DET,8475660,Cam Talbot,1,29,28
2024020206,2024-11-06,CHI,8475852,Petr Mrazek,1,24,21
2024020207,2024-11-06,VGK,8478499,Adin Hill,1,29,27
2024020207,2024-11-06,EDM,8479973,Stuart Skinner,1,34,31
2024020208,2024-11-07,BOS,8476914,Joonas Korpisalo,1,37,34
2024020208,2024-11-07,CGY,8481692,Dustin Wolf,1,38,34
2024020209,2024-11-07,NYI,8473575,Semyon Varlamov,1,30,28
2024020209,2024-11-07,OTT,8476341,Anton Forsberg,1,24,21
2024020210,2024-11-07,TBL,8476883,Andrei Vasilevskiy,1,31,30
2024020210,2024-11-07,PHI,8478905,Ivan Fedotov,1,23,22
2024020211,2024-11-07,FLA,8475683,Sergei Bobrovsky,1,18,16
2024020211,2024-11-07,NSH,8475809,Scott Wedgewood,1,34,28
2024020212,2024-11-07,NJD,8474593,Jacob Markstrom,1,24,21
2024020212,2024-11-07,MTL,8478470,Samuel Montembeault,1,26,22
2024020213,2024-11-07,NYR,8471734,Jonathan Quick,0,10,9
2024020213,2024-11-07,NYR,8478048,Igor Shesterkin,1,12,7
2024020213,2024-11-07,BUF,8480045,Ukko-Pekka Luukkonen,1,26,25
2024020214,2024-11-07,PIT,8477968,Alex Nedeljkovic,1,18,13
2024020214,2024-11-07,CAR,8481611,Pyotr Kochetkov,1,36,35
2024020215,2024-11-07,UTA,8478971,Connor Ingram,1,15,13
2024020215,2024-11-07,STL,8480981,Joel Hofer,1,30,27
2024020216,2024-11-07,DAL,8479979,Jake Oettinger,1,26,25
2024020216,2024-11-07,CHI,8482821,Arvid Soderblom,1,39,37
2024020217,2024-11-07,WPG,8476945,Connor Hellebuyck,1,35,35
2024020217,2024-11-07,COL,8480382,Alexandar Georgiev,1,28,27
2024020218,2024-11-07,LAK,8475311,Darcy Kuemper,1,22,20
2024020218,2024-11-07,VAN,8480947,Kevin Lankinen,1,28,26
2024020219,2024-11-07,MIN,8470594,Marc-Andre Fleury,1,26,24
2024020219,2024-11-07,SJS,8477970,Vitek Vanecek,1,30,26
2024020220,2024-11-08,DET,8475660,Cam Talbot,1,19,17
2024020220,2024-11-08,TOR,8476932,Anthony Stolarz,1,22,21
2024020221,2024-11-08,WSH,8479292,Charlie Lindgren,1,31,28
2024020221,2024-11-08,PIT,8482446,Joel Blomqvist,1,34,32
2024020222,2024-11-08,MIN,8479406,Filip Gustavsson,1,35,33
2024020222,2024-11-08,ANA,8480843,Lukas Dostal,1,31,26
2024020223,2024-11-08,VGK,8478499,Adin Hill,1,32,28
2024020223,2024-11-08,SEA,8478916,Joey Daccord,1,24,21
2024020224,2024-11-09,CGY,8478435,Dan Vladar,1,19,17
2024020224,2024-11-09,BUF,8480045,Ukko-Pekka Luukkonen,1,26,24
2024020225,2024-11-09,FLA,8475683,Sergei Bobrovsky,1,37,34
2024020225,2024-11-09,PHI,8481035,Samuel Ersson,1,31,28
2024020226,2024-11-09,OTT,8476999,Linus Ullmark,1,16,14
2024020226,2024-11-09,BOS,8480280,Jeremy Swayman,1,34,31
2024020227,2024-11-09,MTL,8478470,Samuel Montembeault,1,27,23
2024020227,2024-11-09,TOR,8479361,Joseph Woll,1,21,20
2024020228,2024-11-09,NYR,8471734,Jonathan Quick,1,37,37
2024020228,2024-11-09,DET,8478024,Ville Husso,1,23,20
2024020229,2024-11-09,STL,8476412,Jordan Binnington,1,27,19
2024020229,2024-11-09,WSH,8480313,Logan Thompson,1,25,24
2024020230,2024-11-09,WPG,8476945,Connor Hellebuyck,1,33,32
2024020230,2024-11-09,DAL,8479193,Casey DeSmith,0,10,10
2024020230,2024-11-09,DAL,8479979,Jake Oettinger,1,15,11
2024020231,2024-11-09,NJD,8474593,Jacob Markstrom,1,22,19
2024020231,2024-11-09,NYI,8478009,Ilya Sorokin,1,33,29
2024020232,2024-11-09,NSH,8477424,Juuse Saros,1,27,27
2024020232,2024-11-09,UTA,8478971,Connor Ingram,1,20,17
2024020233,2024-11-09,CAR,8477484,Spencer Martin,1,28,23
2024020233,2024-11-09,COL,8480382,Alexandar Georgiev,1,31,27
2024020234,2024-11-09,CBJ,8478007,Elvis Merzlikins,1,22,18
2024020234,2024-11-09,LAK,8479496,David Rittich,1,26,24
2024020235,2024-11-09,EDM,8479973,Stuart Skinner,1,20,17
2024020235,2024-11-09,VAN,8480947,Kevin Lankinen,1,27,20
2024020235,2024-11-09,VAN,8481668,Arturs Silovs,0,4,4
2024020236,2024-11-10,NJD,8474596,Jake Allen,1,27,26
2024020236,2024-11-10,SJS,8478406,Mackenzie Blackwood,1,44,44
2024020237,2024-11-10,CHI,8475852,Petr Mrazek,1,33,32
2024020237,2024-11-10,MIN,8479406,Filip Gustavsson,1,22,20
2024020238,2024-11-10,ANA,8476434,John Gibson,1,40,38
2024020238,2024-11-10,CBJ,8480193,Daniil Tarasov,1,29,26
2024020239,2024-11-11,MTL,8478470,Samuel Montembeault,0,4,4
2024020239,2024-11-11,BUF,8480045,Ukko-Pekka Luukkonen,1,18,14
2024020239,2024-11-11,MTL,8480051,Cayden Primeau,1,14,9
2024020239,2024-11-11,BUF,8482221,Devon Levi,0,4,2
2024020240,2024-11-11,SJS,8477970,Vitek Vanecek,1,43,40
2024020240,2024-11-11,PHI,8481035,Samuel Ersson,1,31,28
2024020241,2024-11-11,PIT,8477968,Alex Nedeljkovic,0,32,28
2024020241,2024-11-11,DAL,8479979,Jake Oettinger,1,21,20
2024020241,2024-11-11,PIT,8482446,Joel Blomqvist,1,8,5
2024020242,2024-11-11,LAK,8475311,Darcy Kuemper,1,27,25
2024020242,2024-11-11,CGY,8481692,Dustin Wolf,1,29,28
2024020243,2024-11-11,NSH,8477424,Juuse Saros,1,32,29
2024020243,2024-11-11,COL,8480382,Alexandar Georgiev,1,30,28
2024020244,2024-11-11,VGK,8478499,Adin Hill,1,21,17
2024020244,2024-11-11,VGK,8481033,Akira Schmid,0,12,12
2024020244,2024-11-11,CAR,8481611,Pyotr Kochetkov,1,32,30
2024020245,2024-11-12,TOR,8476932,Anthony Stolarz,1,41,38
2024020245,2024-11-12,OTT,8476999,Linus Ullmark,1,27,27
2024020246,2024-11-12,NJD,8474593,Jacob Markstrom,1,35,34
2024020246,2024-11-12,FLA,8481519,Spencer Knight,1,23,20
2024020247,2024-11-12,WPG,8476945,Connor Hellebuyck,1,36,33
2024020247,2024-11-12,NYR,8478048,Igor Shesterkin,1,32,27
2024020248,2024-11-12,STL,8476412,Jordan Binnington,1,30,27
2024020248,2024-11-12,BOS,8480280,Jeremy Swayman,1,22,20
2024020249,2024-11-12,NYI,8478009,Ilya Sorokin,1,42,38
2024020249,2024-11-12,EDM,8479973,Stuart Skinner,1,22,19
2024020250,2024-11-12,CGY,8478435,Dan Vladar,1,32,29
2024020250,2024-11-12,VAN,8480947,Kevin Lankinen,1,29,28
2024020251,2024-11-12,CBJ,8478007,Elvis Merzlikins,1,32,28
2024020251,2024-11-12,SEA,8478916,Joey Daccord,1,40,38
2024020252,2024-11-13,DET,8475660,Cam Talbot,1,33,31
2024020252,2024-11-13,PIT,8477968,Alex Nedeljkovic,1,31,28
2024020253,2024-11-13,TOR,8479361,Joseph Woll,1,27,24
2024020253,2024-11-13,WSH,8480313,Logan Thompson,1,34,30
2024020254,2024-11-13,CAR,8477484,Spencer Martin,0,3,2
2024020254,2024-11-13,UTA,8478872,Karel Vejmelka,1,50,49
2024020254,2024-11-13,CAR,8481611,Pyotr Kochetkov,1,18,15
2024020255,2024-11-13,LAK,8475311,Darcy Kuemper,1,20,18
2024020255,2024-11-13,LAK,8479496,David Rittich,0,5,4
2024020255,2024-11-13,COL,8480382,Alexandar Georgiev,1,15,13
2024020256,2024-11-13,VGK,8478499,Adin Hill,1,24,22
2024020256,2024-11-13,ANA,8480843,Lukas Dostal,1,39,36
2024020257,2024-11-14,STL,8476412,Jordan Binnington,1,33,29
2024020257,2024-11-14,BUF,8482221,Devon Levi,1,27,24
2024020258,2024-11-14,OTT,8476999,Linus Ullmark,1,19,14
2024020258,2024-11-14,PHI,8478905,Ivan Fedotov,1,37,33
2024020259,2024-11-14,TBL,8476883,Andrei Vasilevskiy,1,24,23
2024020259,2024-11-14,WPG,8477480,Eric Comrie,1,28,25
2024020260,2024-11-14,NJD,8474596,Jake Allen,1,27,25
2024020260,2024-11-14,FLA,8475683,Sergei Bobrovsky,1,28,23
2024020261,2024-11-14,NYR,8478048,Igor Shesterkin,1,27,25
2024020261,2024-11-14,SJS,8478406,Mackenzie Blackwood,1,35,32
2024020262,2024-11-14,DAL,8479979,Jake Oettinger,1,25,23
2024020262,2024-11-14,BOS,8480280,Jeremy Swayman,1,38,31
2024020263,2024-11-14,MTL,8478470,Samuel Montembeault,1,27,25
2024020263,2024-11-14,MIN,8479406,Filip Gustavsson,1,19,19
2024020264,2024-11-14,EDM,8475717,Calvin Pickard,1,22,20
2024020264,2024-11-14,NSH,8475809,Scott Wedgewood,1,34,31
2024020265,2024-11-14,NYI,8473575,Semyon Varlamov,1,26,24
2024020265,2024-11-14,VAN,8480947,Kevin Lankinen,1,31,27
2024020266,2024-11-14,CHI,8475852,Petr Mrazek,1,25,23
2024020266,2024-11-14,SEA,8478916,Joey Daccord,1,19,18
2024020267,2024-11-15,PIT,8477465,Tristan Jarry,1,38,33
2024020267,2024-11-15,CBJ,8478007,Elvis Merzlikins,1,23,21
2024020268,2024-11-15,WSH,8479292,Charlie Lindgren,1,19,17
2024020268,2024-11-15,COL,8481020,Justus Annunen,1,6,3
2024020268,2024-11-15,COL,8481529,Trent Miner,0,13,12
2024020269,2024-11-15,NSH,8477424,Juuse Saros,1,32,31
2024020269,2024-11-15,CGY,8481692,Dustin Wolf,1,29,29
2024020270,2024-11-15,VGK,8478499,Adin Hill,1,32,30
2024020270,2024-11-15,UTA,8478872,Karel Vejmelka,1,28,25
2024020271,2024-11-15,ANA,8476434,John Gibson,1,25,21
2024020271,2024-11-15,DET,8479312,Alex Lyon,1,28,23
2024020272,2024-11-16,STL,8476412,Jordan Binnington,1,18,16
2024020272,2024-11-16,BOS,8476914,Joonas Korpisalo,1,31,28
2024020273,2024-11-16,NYI,8478009,Ilya Sorokin,1,27,24
2024020273,2024-11-16,SEA,8478916,Joey Daccord,1,24,22
2024020274,2024-11-16,TOR,8476932,Anthony Stolarz,1,30,27
2024020274,2024-11-16,EDM,8479973,Stuart Skinner,1,22,18
2024020275,2024-11-16,MTL,8478470,Samuel Montembeault,1,26,25
2024020275,2024-11-16,CBJ,8480193,Daniil Tarasov,1,30,25
2024020276,2024-11-16,NJD,8474593,Jacob Markstrom,1,26,23
2024020276,2024-11-16,TBL,8476883,Andrei Vasilevskiy,1,29,29
2024020277,2024-11-16,FLA,8475683,Sergei Bobrovsky,1,27,27
2024020277,2024-11-16,WPG,8476945,Connor Hellebuyck,1,31,26
2024020278,2024-11-16,PHI,8478905,Ivan Fedotov,1,25,23
2024020278,2024-11-16,BUF,8482221,Devon Levi,1,31,27
2024020279,2024-11-16,PIT,8477968,Alex Nedeljkovic,1,29,26
2024020279,2024-11-16,SJS,8477970,Vitek Vanecek,1,10,8
2024020279,2024-11-16,SJS,8478406,Mackenzie Blackwood,0,26,25
2024020280,2024-11-16,OTT,8476341,Anton Forsberg,1,27,24
2024020280,2024-11-16,CAR,8477484,Spencer Martin,1,24,24
2024020281,2024-11-16,MIN,8479406,Filip Gustavsson,1,40,38
2024020281,2024-11-16,DAL,8479979,Jake Oettinger,1,23,22
2024020282,2024-11-16,DET,8475660,Cam Talbot,1,40,37
2024020282,2024-11-16,LAK,8479496,David Rittich,1,18,17
2024020283,2024-11-16,VAN,8481668,Arturs Silovs,1,29,28
2024020283,2024-11-16,CHI,8482821,Arvid Soderblom,1,31,29
2024020284,2024-11-17,STL,8480981,Joel Hofer,1,24,20
2024020284,2024-11-17,CAR,8481611,Pyotr Kochetkov,1,30,29
2024020285,2024-11-17,NSH,8477424,Juuse Saros,1,27,24
2024020285,2024-11-17,VAN,8480947,Kevin Lankinen,1,21,17
2024020286,2024-11-17,VGK,8478492,Ilya Samsonov,1,24,20
2024020286,2024-11-17,WSH,8480313,Logan Thompson,1,42,40
2024020287,2024-11-17,NYR,8471734,Jonathan Quick,1,24,24
2024020287,2024-11-17,SEA,8475831,Philipp Grubauer,1,23,21
2024020288,2024-11-18,CBJ,8478007,Elvis Merzlikins,1,29,28
2024020288,2024-11-18,BOS,8480280,Jeremy Swayman,1,28,23
2024020289,2024-11-18,COL,8481020,Justus Annunen,1,26,24
2024020289,2024-11-18,PHI,8482783,Aleksei Kolosov,1,29,26
2024020290,2024-11-18,EDM,8475717,Calvin Pickard,1,24,22
2024020290,2024-11-18,MTL,8478470,Samuel Montembeault,1,30,30
2024020291,2024-11-18,DAL,8479193,Casey DeSmith,1,27,23
2024020291,2024-11-18,ANA,8480843,Lukas Dostal,1,36,34
2024020292,2024-11-18,UTA,8478872,Karel Vejmelka,0,11,9
2024020292,2024-11-18,UTA,8478971,Connor Ingram,1,13,9
2024020292,2024-11-18,WSH,8479292,Charlie Lindgren,1,26,24
2024020293,2024-11-18,DET,8475660,Cam Talbot,1,34,29
2024020293,2024-11-18,SJS,8478406,Mackenzie Blackwood,1,20,17
2024020294,2024-11-19,OTT,8476999,Linus Ullmark,1,31,26
2024020294,2024-11-19,EDM,8479973,Stuart Skinner,1,29,27
2024020295,2024-11-19,TBL,8476883,Andrei Vasilevskiy,1,19,17
2024020295,2024-11-19,PIT,8477465,Tristan Jarry,1,35,32
2024020296,2024-11-19,STL,8476412,Jordan Binnington,1,27,24
2024020296,2024-11-19,MIN,8479406,Filip Gustavsson,1,24,22
2024020297,2024-11-19,FLA,8475683,Sergei Bobrovsky,1,25,21
2024020297,2024-11-19,WPG,8476945,Connor Hellebuyck,1,23,20
2024020298,2024-11-19,ANA,8476434,John Gibson,1,20,18
2024020298,2024-11-19,CHI,8482821,Arvid Soderblom,1,24,21
2024020299,2024-11-19,NYI,8473575,Semyon Varlamov,1,31,30
2024020299,2024-11-19,CGY,8481692,Dustin Wolf,1,29,28
2024020300,2024-11-19,NYR,8478048,Igor Shesterkin,1,24,21
2024020300,2024-11-19,VAN,8481668,Arturs Silovs,1,33,29
2024020301,2024-11-20,VGK,8478499,Adin Hill,1,25,23
2024020301,2024-11-20,TOR,8479361,Joseph Woll,1,31,31
2024020302,2024-11-20,PHI,8478905,Ivan Fedotov,1,37,33
2024020302,2024-11-20,CAR,8481611,Pyotr Kochetkov,1,19,18
2024020303,2024-11-20,SJS,8478406,Mackenzie Blackwood,1,29,26
2024020303,2024-11-20,DAL,8479979,Jake Oettinger,1,23,21
2024020304,2024-11-20,NSH,8477424,Juuse Saros,1,36,34
2024020304,2024-11-20,SEA,8478916,Joey Daccord,1,24,24
2024020305,2024-11-20,LAK,8479496,David Rittich,1,19,18
2024020305,2024-11-20,BUF,8480045,Ukko-Pekka Luukkonen,1,23,23
2024020306,2024-11-21,BOS,8476914,Joonas Korpisalo,1,22,22
2024020306,2024-11-21,UTA,8478872,Karel Vejmelka,1,31,30
2024020307,2024-11-21,OTT,8476999,Linus Ullmark,1,32,29
2024020307,2024-11-21,VGK,8478492,Ilya Samsonov,1,40,38
2024020308,2024-11-21,NYI,8478009,Ilya Sorokin,1,31,29
2024020308,2024-11-21,DET,8479312,Alex Lyon,1,23,22
2024020309,2024-11-21,NJD,8474593,Jacob Markstrom,1,22,20
2024020309,2024-11-21,CAR,8477484,Spencer Martin,1,21,17
2024020310,2024-11-21,WSH,8480313,Logan Thompson,1,27,25
2024020310,2024-11-21,COL,8480382,Alexandar Georgiev,1,29,28
2024020311,2024-11-21,TBL,8477992,Jonas Johansson,1,43,36
2024020311,2024-11-21,CBJ,8478007,Elvis Merzlikins,1,30,24
2024020312,2024-11-21,STL,8476412,Jordan Binnington,1,24,22
2024020312,2024-11-21,SJS,8482137,Yaroslav Askarov,1,31,29
2024020313,2024-11-21,CHI,8475852,Petr Mrazek,1,33,32
2024020313,2024-11-21,FLA,8481519,Spencer Knight,1,19,17
2024020314,2024-11-21,NYR,8478048,Igor Shesterkin,1,49,46
2024020314,2024-11-21,CGY,8481692,Dustin Wolf,1,29,27
2024020315,2024-11-21,MIN,8470594,Marc-Andre Fleury,1,31,28
2024020315,2024-11-21,EDM,8479973,Stuart Skinner,1,26,21
2024020316,2024-11-22,WPG,8476945,Connor Hellebuyck,1,18,17
2024020316,2024-11-22,PIT,8477465,Tristan Jarry,1,29,26
2024020317,2024-11-22,ANA,8476434,John Gibson,1,32,30
2024020317,2024-11-22,BUF,8480045,Ukko-Pekka Luukkonen,1,24,22
2024020318,2024-11-23,CHI,8475852,Petr Mrazek,1,37,34
2024020318,2024-11-23,PHI,8482783,Aleksei Kolosov,1,21,19
2024020319,2024-11-23,CGY,8478435,Dan Vladar,1,23,20
2024020319,2024-11-23,MIN,8479406,Filip Gustavsson,1,31,28
2024020320,2024-11-23,SEA,8478916,Joey Daccord,1,21,19
2024020320,2024-11-23,LAK,8479496,David Rittich,1,20,19
2024020321,2024-11-23,FLA,8475683,Sergei Bobrovsky,1,24,18
2024020321,2024-11-23,COL,8480382,Alexandar Georgiev,1,31,27
2024020322,2024-11-23,MTL,8478470,Samuel Montembeault,1,25,20
2024020322,2024-11-23,VGK,8478499,Adin Hill,1,17,15
2024020322,2024-11-23,MTL,8480051,Cayden Primeau,0,3,2
2024020323,2024-11-23,OTT,8476999,Linus Ullmark,1,21,17
2024020323,2024-11-23,VAN,8480947,Kevin Lankinen,1,29,26
2024020324,2024-11-23,DET,8475660,Cam Talbot,1,29,27
2024020324,2024-11-23,BOS,8480280,Jeremy Swayman,1,20,19
2024020325,2024-11-23,TBL,8476883,Andrei Vasilevskiy,1,28,24
2024020325,2024-11-23,DAL,8479979,Jake Oettinger,1,29,27
2024020326,2024-11-23,PIT,8477968,Alex Nedeljkovic,1,30,24
2024020326,2024-11-23,UTA,8478872,Karel Vejmelka,1,28,27
2024020327,2024-11-23,NJD,8474596,Jake Allen,1,25,24
2024020327,2024-11-23,WSH,8479292,Charlie Lindgren,1,33,30
2024020328,2024-11-23,CAR,8477484,Spencer Martin,0,1,1
2024020328,2024-11-23,CBJ,8478007,Elvis Merzlikins,1,36,32
2024020328,2024-11-23,CAR,8481611,Pyotr Kochetkov,1,31,27
2024020329,2024-11-23,NSH,8477424,Juuse Saros,1,24,23
2024020329,2024-11-23,WPG,8477480,Eric Comrie,1,35,32
2024020330,2024-11-23,STL,8476412,Jordan Binnington,1,30,28
2024020330,2024-11-23,NYI,8478009,Ilya Sorokin,1,25,24
2024020331,2024-11-23,BUF,8473503,James Reimer,1,33,31
2024020331,2024-11-23,SJS,8478406,Mackenzie Blackwood,1,30,27
2024020332,2024-11-23,NYR,8471734,Jonathan Quick,1,40,34
2024020332,2024-11-23,EDM,8479973,Stuart Skinner,1,34,32
2024020333,2024-11-24,UTA,8478872,Karel Vejmelka,1,35,32
2024020333,2024-11-24,TOR,8479361,Joseph Woll,1,26,24
2024020334,2024-11-25,TBL,8476883,Andrei Vasilevskiy,1,25,23
2024020334,2024-11-25,COL,8480382,Alexandar Georgiev,0,17,14
2024020334,2024-11-25,COL,8481020,Justus Annunen,1,16,11
2024020335,2024-11-25,WSH,8480313,Logan Thompson,1,21,20
2024020335,2024-11-25,FLA,8481519,Spencer Knight,1,29,27
2024020336,2024-11-25,NJD,8474593,Jacob Markstrom,1,22,20
2024020336,2024-11-25,NSH,8475809,Scott Wedgewood,0,15,15
2024020336,2024-11-25,NSH,8477424,Juuse Saros,1,30,26
2024020337,2024-11-25,NYR,8478048,Igor Shesterkin,1,43,39
2024020337,2024-11-25,STL,8480981,Joel Hofer,1,29,27
2024020338,2024-11-25,VGK,8478492,Ilya Samsonov,1,36,32
2024020338,2024-11-25,PHI,8478905,Ivan Fedotov,1,30,26
2024020339,2024-11-25,CAR,8477484,Spencer Martin,1,19,15
2024020339,2024-11-25,DAL,8479979,Jake Oettinger,1,33,28
2024020340,2024-11-25,OTT,8476341,Anton Forsberg,1,27,24
2024020340,2024-11-25,CGY,8481692,Dustin Wolf,1,30,26
2024020341,2024-11-25,NYI,8473575,Semyon Varlamov,1,20,17
2024020341,2024-11-25,DET,8479312,Alex Lyon,1,29,27
2024020342,2024-11-25,WPG,8476945,Connor Hellebuyck,1,44,43
2024020342,2024-11-25,MIN,8479406,Filip Gustavsson,1,31,28
2024020343,2024-11-25,SEA,8478916,Joey Daccord,1,23,21
2024020343,2024-11-25,ANA,8480843,Lukas Dostal,1,28,25
2024020344,2024-11-25,LAK,8479496,David Rittich,1,21,14
2024020344,2024-11-25,SJS,8482137,Yaroslav Askarov,1,24,22
2024020345,2024-11-26,BOS,8480280,Jeremy Swayman,1,14,13
2024020345,2024-11-26,VAN,8480947,Kevin Lankinen,1,33,33
2024020346,2024-11-26,MTL,8478470,Samuel Montembeault,1,29,26
2024020346,2024-11-26,UTA,8478872,Karel Vejmelka,1,13,11
2024020347,2024-11-27,MIN,8479406,Filip Gustavsson,1,39,39
2024020347,2024-11-27,BUF,8480045,Ukko-Pekka Luukkonen,1,30,29
2024020348,2024-11-27,NJD,8474593,Jacob Markstrom,1,20,17
2024020348,2024-11-27,STL,8476412,Jordan Binnington,1,32,32
2024020349,2024-11-27,CAR,8477484,Spencer Martin,1,22,19
2024020349,2024-11-27,NYR,8478048,Igor Shesterkin,1,31,27
2024020350,2024-11-27,DET,8475660,Cam Talbot,1,25,24
2024020350,2024-11-27,CGY,8478435,Dan Vladar,1,27,25
2024020351,2024-11-27,TBL,8476883,Andrei Vasilevskiy,1,32,27
2024020351,2024-11-27,WSH,8479292,Charlie Lindgren,1,28,25
2024020352,2024-11-27,FLA,8475683,Sergei Bobrovsky,1,24,23
2024020352,2024-11-27,TOR,8476932,Anthony Stolarz,1,23,19
2024020353,2024-11-27,BOS,8476914,Joonas Korpisalo,1,24,21
2024020353,2024-11-27,NYI,8478009,Ilya Sorokin,1,20,15
2024020354,2024-11-27,PIT,8477465,Tristan Jarry,1,29,25
2024020354,2024-11-27,VAN,8481668,Arturs Silovs,1,23,18
2024020355,2024-11-27,CBJ,8478007,Elvis Merzlikins,1,23,19
2024020355,2024-11-27,MTL,8480051,Cayden Primeau,1,24,21
2024020356,2024-11-27,NSH,8477424,Juuse Saros,1,23,20
2024020356,2024-11-27,PHI,8482783,Aleksei Kolosov,1,27,25
2024020357,2024-11-27,CHI,8475852,Petr Mrazek,1,27,25
2024020357,2024-11-27,DAL,8479193,Casey DeSmith,1,26,20
2024020358,2024-11-27,VGK,8478499,Adin Hill,1,34,33
2024020358,2024-11-27,COL,8480382,Alexandar Georgiev,1,19,18
2024020359,2024-11-27,WPG,8476945,Connor Hellebuyck,1,32,29
2024020359,2024-11-27,LAK,8479496,David Rittich,1,14,13
2024020360,2024-11-27,ANA,8476434,John Gibson,1,44,42
2024020360,2024-11-27,SEA,8478916,Joey Daccord,1,33,28
2024020361,2024-11-27,OTT,8476999,Linus Ullmark,1,39,36
2024020361,2024-11-27,SJS,8478406,Mackenzie Blackwood,1,11,7
2024020362,2024-11-29,NYR,8478048,Igor Shesterkin,1,34,32
2024020362,2024-11-29,PHI,8478905,Ivan Fedotov,1,23,22
2024020363,2024-11-29,MIN,8470594,Marc-Andre Fleury,1,23,21
2024020363,2024-11-29,CHI,8475852,Petr Mrazek,1,29,26
2024020364,2024-11-29,BUF,8480045,Ukko-Pekka Luukkonen,1,22,18
2024020364,2024-11-29,VAN,8480947,Kevin Lankinen,1,34,31
2024020365,2024-11-29,NJD,8474593,Jacob Markstrom,1,28,24
2024020365,2024-11-29,DET,8475660,Cam Talbot,1,29,24
2024020366,2024-11-29,NYI,8473575,Semyon Varlamov,1,26,21
2024020366,2024-11-29,WSH,8480313,Logan Thompson,1,24,20
2024020367,2024-11-29,FLA,8475683,Sergei Bobrovsky,1,31,28
2024020367,2024-11-29,CAR,8477484,Spencer Martin,1,29,24
2024020368,2024-11-29,CBJ,8478007,Elvis Merzlikins,1,29,27
2024020368,2024-11-29,CGY,8481692,Dustin Wolf,1,33,29
2024020369,2024-11-29,NSH,8477424,Juuse Saros,1,28,25
2024020369,2024-11-29,TBL,8477992,Jonas Johansson,1,31,29
2024020370,2024-11-29,ANA,8476434,John Gibson,1,18,16
2024020370,2024-11-29,LAK,8479496,David Rittich,0,2,2
2024020370,2024-11-29,LAK,8481707,Erik Portillo,1,29,28
2024020371,2024-11-29,SEA,8475831,Philipp Grubauer,1,26,19
2024020371,2024-11-29,SJS,8477970,Vitek Vanecek,1,31,26
2024020372,2024-11-29,PIT,8477465,Tristan Jarry,1,31,30
2024020372,2024-11-29,BOS,8480280,Jeremy Swayman,1,36,34
2024020373,2024-11-29,DAL,8479979,Jake Oettinger,1,32,29
2024020373,2024-11-29,COL,8480382,Alexandar Georgiev,1,23,19
2024020374,2024-11-29,WPG,8477480,Eric Comrie,1,30,26
2024020374,2024-11-29,VGK,8478499,Adin Hill,1,25,22
2024020375,2024-11-29,EDM,8475717,Calvin Pickard,1,31,28
2024020375,2024-11-29,UTA,8478872,Karel Vejmelka,1,32,28
2024020376,2024-11-30,NYR,8471734,Jonathan Quick,1,28,25
2024020376,2024-11-30,MTL,8478470,Samuel Montembeault,1,28,24
2024020377,2024-11-30,CAR,8477484,Spencer Martin,1,28,23
2024020377,2024-11-30,FLA,8481519,Spencer Knight,1,20,20
2024020377,2024-11-30,CAR,8484293,Yaniv Perets,0,7,6
2024020378,2024-11-30,TBL,8476883,Andrei Vasilevskiy,1,28,24
2024020378,2024-11-30,TOR,8479361,Joseph Woll,1,41,38
2024020379,2024-11-30,NJD,8474596,Jake Allen,1,32,26
2024020379,2024-11-30,WSH,8479292,Charlie Lindgren,1,27,22
2024020380,2024-11-30,PIT,8477968,Alex Nedeljkovic,1,32,30
2024020380,2024-11-30,CGY,8478435,Dan Vladar,1,43,37
2024020381,2024-11-30,STL,8476412,Jordan Binnington,1,31,28
2024020381,2024-11-30,PHI,8482783,Aleksei Kolosov,1,27,25
2024020382,2024-11-30,OTT,8476341,Anton Forsberg,1,26,22
2024020382,2024-11-30,LAK,8479496,David Rittich,1,22,20
2024020383,2024-11-30,BUF,8473503,James Reimer,1,19,17
2024020383,2024-11-30,NYI,8478009,Ilya Sorokin,1,29,29
2024020384,2024-11-30,NSH,8477424,Juuse Saros,1,28,25
2024020384,2024-11-30,MIN,8479406,Filip Gustavsson,1,27,25
2024020385,2024-11-30,EDM,8479973,Stuart Skinner,1,28,27
2024020385,2024-11-30,COL,8480382,Alexandar Georgiev,1,31,28
2024020386,2024-11-30,VGK,8478492,Ilya Samsonov,1,28,22
2024020386,2024-11-30,UTA,8483530,Jaxson Stauber,1,29,29
2024020387,2024-11-30,SJS,8478406,Mackenzie Blackwood,1,38,36
2024020387,2024-11-30,SEA,8478916,Joey Daccord,1,23,19
2024020388,2024-12-01,DET,8475660,Cam Talbot,1,14,12
2024020388,2024-12-01,DET,8478024,Ville Husso,0,18,15
2024020388,2024-12-01,VAN,8480947,Kevin Lankinen,1,31,27
2024020389,2024-12-01,MTL,8480051,Cayden Primeau,1,29,24
2024020389,2024-12-01,BOS,8480280,Jeremy Swayman,1,28,25
2024020390,2024-12-01,CHI,8475852,Petr Mrazek,1,35,30
2024020390,2024-12-01,CBJ,8478007,Elvis Merzlikins,1,31,28
2024020391,2024-12-01,WPG,8476945,Connor Hellebuyck,1,30,28
2024020391,2024-12-01,DAL,8479979,Jake Oettinger,1,27,26
2024020392,2024-12-01,OTT,8476999,Linus Ullmark,1,34,31
2024020392,2024-12-01,ANA,8480843,Lukas Dostal,1,31,28
2024020393,2024-12-02,NJD,8474593,Jacob Markstrom,1,39,38
2024020393,2024-12-02,NYR,8478048,Igor Shesterkin,1,28,23
2024020394,2024-12-02,TOR,8476932,Anthony Stolarz,1,28,27
2024020394,2024-12-02,CHI,8482821,Arvid Soderblom,1,21,18
2024020395,2024-12-02,UTA,8478872,Karel Vejmelka,1,21,19
2024020395,2024-12-02,DAL,8479193,Casey DeSmith,1,37,36
2024020396,2024-12-03,BOS,8476914,Joonas Korpisalo,1,25,23
2024020396,2024-12-03,DET,8478024,Ville Husso,1,35,32
2024020397,2024-12-03,COL,8475809,Scott Wedgewood,0,22,22
2024020397,2024-12-03,BUF,8480045,Ukko-Pekka Luukkonen,1,41,36
2024020397,2024-12-03,COL,8480382,Alexandar Georgiev,1,8,4
2024020398,2024-12-03,NYI,8478009,Ilya Sorokin,1,27,25
2024020398,2024-12-03,MTL,8478470,Samuel Montembeault,1,31,30
2024020399,2024-12-03,PIT,8477465,Tristan Jarry,1,41,37
2024020399,2024-12-03,FLA,8481519,Spencer Knight,1,16,11
2024020400,2024-12-03,SJS,8478406,Mackenzie Blackwood,1,28,27
2024020400,2024-12-03,WSH,8480313,Logan Thompson,1,31,29
2024020401,2024-12-03,SEA,8478916,Joey Daccord,1,19,17
2024020401,2024-12-03,CAR,8481611,Pyotr Kochetkov,1,28,24
2024020402,2024-12-03,MIN,8479406,Filip Gustavsson,1,32,30
2024020402,2024-12-03,VAN,8480947,Kevin Lankinen,1,29,26
2024020403,2024-12-03,WPG,8476945,Connor Hellebuyck,1,31,28
2024020403,2024-12-03,STL,8480981,Joel Hofer,1,23,22
2024020404,2024-12-03,CBJ,8478007,Elvis Merzlikins,1,21,19
2024020404,2024-12-03,CGY,8478435,Dan Vladar,1,16,16
2024020405,2024-12-03,VGK,8478499,Adin Hill,1,28,28
2024020405,2024-12-03,EDM,8479973,Stuart Skinner,1,16,15
2024020406,2024-12-04,NSH,8477424,Juuse Saros,1,28,25
2024020406,2024-12-04,TOR,8479361,Joseph Woll,1,24,22
2024020407,2024-12-04,CHI,8475852,Petr Mrazek,1,27,23
2024020407,2024-12-04,BOS,8480280,Jeremy Swayman,1,22,20
2024020408,2024-12-04,ANA,8476434,John Gibson,1,32,29
2024020408,2024-12-04,VGK,8478492,Ilya Samsonov,1,20,19
2024020409,2024-12-04,LAK,8479496,David Rittich,1,28,26
2024020409,2024-12-04,DAL,8479979,Jake Oettinger,1,17,14
2024020410,2024-12-05,WPG,8476945,Connor Hellebuyck,1,30,28
2024020410,2024-12-05,BUF,8480045,Ukko-Pekka Luukkonen,1,31,28
2024020411,2024-12-05,MTL,8478470,Samuel Montembeault,1,29,29
2024020411,2024-12-05,NSH,8481020,Justus Annunen,1,29,27
2024020412,2024-12-05,OTT,8476999,Linus Ullmark,1,20,19
2024020412,2024-12-05,DET,8478024,Ville Husso,1,32,30
2024020413,2024-12-05,TBL,8476883,Andrei Vasilevskiy,1,21,20
2024020413,2024-12-05,SJS,8477970,Vitek Vanecek,1,12,7
2024020413,2024-12-05,SJS,8478406,Mackenzie Blackwood,0,23,20
2024020414,2024-12-05,PHI,8478905,Ivan Fedotov,1,7,5
2024020414,2024-12-05,FLA,8481519,Spencer Knight,1,34,29
2024020414,2024-12-05,PHI,8482783,Aleksei Kolosov,0,20,16
2024020415,2024-12-05,COL,8475809,Scott Wedgewood,1,34,30
2024020415,2024-12-05,CAR,8481611,Pyotr Kochetkov,1,19,16
2024020416,2024-12-05,NYI,8477405,Marcus Hogberg,0,11,11
2024020416,2024-12-05,NYI,8478009,Ilya Sorokin,1,13,9
2024020416,2024-12-05,SEA,8478916,Joey Daccord,1,29,27
2024020417,2024-12-05,STL,8476412,Jordan Binnington,1,39,36
2024020417,2024-12-05,CGY,8478435,Dan Vladar,1,24,20
2024020418,2024-12-05,EDM,8475717,Calvin Pickard,1,22,19
2024020418,2024-12-05,CBJ,8480193,Daniil Tarasov,1,36,30
2024020419,2024-12-06,TOR,8476932,Anthony Stolarz,1,25,23
2024020419,2024-12-06,WSH,8479292,Charlie Lindgren,1,21,20
2024020420,2024-12-06,NJD,8474593,Jacob Markstrom,1,19,17
2024020420,2024-12-06,SEA,8475831,Philipp Grubauer,1,36,33
2024020421,2024-12-06,PIT,8477968,Alex Nedeljkovic,1,32,28
2024020421,2024-12-06,NYR,8478048,Igor Shesterkin,1,22,20
2024020422,2024-12-06,CBJ,8478007,Elvis Merzlikins,1,16,12
2024020422,2024-12-06,VAN,8480947,Kevin Lankinen,1,32,30
2024020423,2024-12-06,VGK,8478499,Adin Hill,1,40,38
2024020423,2024-12-06,DAL,8479979,Jake Oettinger,1,28,25
2024020424,2024-12-06,ANA,8476434,John Gibson,1,32,28
2024020424,2024-12-06,MIN,8479406,Filip Gustavsson,1,27,26
2024020425,2024-12-07,BOS,8480280,Jeremy Swayman,1,26,23
2024020425,2024-12-07,PHI,8482783,Aleksei Kolosov,1,31,27
2024020426,2024-12-07,UTA,8478872,Karel Vejmelka,1,25,23
2024020426,2024-12-07,BUF,8480045,Ukko-Pekka Luukkonen,1,28,23
2024020427,2024-12-07,CHI,8475852,Petr Mrazek,1,4,4
2024020427,2024-12-07,WPG,8476945,Connor Hellebuyck,1,14,12
2024020427,2024-12-07,CHI,8482821,Arvid Soderblom,0,24,21
2024020428,2024-12-07,NYI,8478009,Ilya Sorokin,1,31,28
2024020428,2024-12-07,CAR,8481611,Pyotr Kochetkov,1,25,21
2024020429,2024-12-07,FLA,8475683,Sergei Bobrovsky,1,29,28
2024020429,2024-12-07,SJS,8478406,Mackenzie Blackwood,1,54,51
2024020430,2024-12-07,MTL,8478470,Samuel Montembeault,1,35,31
2024020430,2024-12-07,WSH,8480313,Logan Thompson,1,24,22
2024020431,2024-12-07,OTT,8476999,Linus Ullmark,1,37,36
2024020431,2024-12-07,NSH,8477424,Juuse Saros,1,30,27
2024020432,2024-12-07,DET,8478024,Ville Husso,1,25,23
2024020432,2024-12-07,COL,8480382,Alexandar Georgiev,1,30,29
2024020433,2024-12-07,PIT,8477465,Tristan Jarry,1,27,25
2024020433,2024-12-07,TOR,8479361,Joseph Woll,1,27,24
2024020434,2024-12-07,MIN,8470594,Marc-Andre Fleury,1,32,30
2024020434,2024-12-07,LAK,8475311,Darcy Kuemper,1,23,22
2024020435,2024-12-07,STL,8476412,Jordan Binnington,1,21,17
2024020435,2024-12-07,EDM,8479973,Stuart Skinner,1,31,29
2024020436,2024-12-08,NYR,8471734,Jonathan Quick,1,21,15
2024020436,2024-12-08,SEA,8475831,Philipp Grubauer,1,37,32
2024020437,2024-12-08,TBL,8476883,Andrei Vasilevskiy,1,25,23
2024020437,2024-12-08,VAN,8480947,Kevin Lankinen,1,32,29
2024020438,2024-12-08,OTT,8476341,Anton Forsberg,1,12,9
2024020438,2024-12-08,NYI,8478009,Ilya Sorokin,1,31,29
2024020439,2024-12-08,WPG,8477480,Eric Comrie,1,27,24
2024020439,2024-12-08,CBJ,8478007,Elvis Merzlikins,1,25,24
2024020440,2024-12-08,NJD,8474596,Jake Allen,1,23,20
2024020440,2024-12-08,COL,8475809,Scott Wedgewood,1,25,25
2024020441,2024-12-08,PHI,8481035,Samuel Ersson,1,25,21
2024020441,2024-12-08,UTA,8483530,Jaxson Stauber,1,24,22
2024020442,2024-12-08,DAL,8479979,Jake Oettinger,1,31,29
2024020442,2024-12-08,CGY,8481692,Dustin Wolf,1,28,22
2024020443,2024-12-09,BUF,8473503,James Reimer,1,31,26
2024020443,2024-12-09,DET,8478024,Ville Husso,1,7,4
2024020443,2024-12-09,DET,8482657,Sebastian Cossa,0,14,12
2024020444,2024-12-09,NYR,8478048,Igor Shesterkin,1,32,30
2024020444,2024-12-09,CHI,8482821,Arvid Soderblom,1,30,29
2024020445,2024-12-09,MTL,8478470,Samuel Montembeault,1,29,27
2024020445,2024-12-09,ANA,8480843,Lukas Dostal,1,21,19
2024020446,2024-12-10,NJD,8474593,Jacob Markstrom,1,17,15
2024020446,2024-12-10,TOR,8476932,Anthony Stolarz,1,39,38
2024020447,2024-12-10,COL,8475809,Scott Wedgewood,1,27,25
2024020447,2024-12-10,PIT,8477465,Tristan Jarry,1,26,21
2024020448,2024-12-10,SJS,8477970,Vitek Vanecek,1,28,25
2024020448,2024-12-10,CAR,8481611,Pyotr Kochetkov,1,23,21
2024020449,2024-12-10,CBJ,8478007,Elvis Merzlikins,1,25,20
2024020449,2024-12-10,PHI,8481035,Samuel Ersson,1,18,15
2024020450,2024-12-10,LAK,8475311,Darcy Kuemper,1,20,19
2024020450,2024-12-10,NYI,8478009,Ilya Sorokin,1,29,27
2024020451,2024-12-10,NSH,8477424,Juuse Saros,1,28,24
2024020451,2024-12-10,CGY,8478435,Dan Vladar,1,20,17
2024020452,2024-12-10,WPG,8476945,Connor Hellebuyck,1,24,23
2024020452,2024-12-10,BOS,8480280,Jeremy Swayman,1,35,27
2024020453,2024-12-10,TBL,8476883,Andrei Vasilevskiy,1,25,24
2024020453,2024-12-10,EDM,8479973,Stuart Skinner,1,22,21
2024020454,2024-12-10,UTA,8478872,Karel Vejmelka,1,38,34
2024020454,2024-12-10,MIN,8479406,Filip Gustavsson,1,25,21
2024020455,2024-12-10,VAN,8477967,Thatcher Demko,1,25,21
2024020455,2024-12-10,STL,8480981,Joel Hofer,1,25,22
2024020456,2024-12-10,FLA,8475683,Sergei Bobrovsky,1,18,17
2024020456,2024-12-10,SEA,8478916,Joey Daccord,1,33,32
2024020457,2024-12-11,NYR,8478048,Igor Shesterkin,1,31,29
2024020457,2024-12-11,BUF,8480045,Ukko-Pekka Luukkonen,1,27,25
2024020458,2024-12-11,ANA,8476434,John Gibson,1,34,29
2024020458,2024-12-11,OTT,8476999,Linus Ullmark,1,32,31
2024020459,2024-12-12,TOR,8476932,Anthony Stolarz,1,8,7
2024020459,2024-12-12,TOR,8479361,Joseph Woll,0,20,19
2024020459,2024-12-12,ANA,8480843,Lukas Dostal,1,33,30
2024020460,2024-12-12,PIT,8477465,Tristan Jarry,1,23,21
2024020460,2024-12-12,MTL,8478470,Samuel Montembeault,1,26,20
2024020460,2024-12-12,MTL,8480051,Cayden Primeau,0,7,4
2024020461,2024-12-12,NJD,8474593,Jacob Markstrom,1,14,13
2024020461,2024-12-12,LAK,8479496,David Rittich,1,26,23
2024020462,2024-12-12,DET,8475660,Cam Talbot,1,34,32
2024020462,2024-12-12,PHI,8482783,Aleksei Kolosov,1,26,25
2024020463,2024-12-12,WSH,8479292,Charlie Lindgren,1,33,32
2024020463,2024-12-12,CBJ,8482982,Jet Greaves,1,37,35
2024020464,2024-12-12,NYI,8478009,Ilya Sorokin,1,30,26
2024020464,2024-12-12,CHI,8482123,Drew Commesso,0,2,2
2024020464,2024-12-12,CHI,8482821,Arvid Soderblom,1,19,14
2024020465,2024-12-12,STL,8476412,Jordan Binnington,1,31,27
2024020465,2024-12-12,SJS,8480382,Alexandar Georgiev,1,20,17
2024020466,2024-12-12,DAL,8479979,Jake Oettinger,1,25,22
2024020466,2024-12-12,NSH,8481020,Justus Annunen,1,36,35
2024020467,2024-12-12,MIN,8470594,Marc-Andre Fleury,0,9,7
2024020467,2024-12-12,EDM,8475717,Calvin Pickard,1,30,29
2024020467,2024-12-12,MIN,8479406,Filip Gustavsson,1,26,21
2024020468,2024-12-12,WPG,8476945,Connor Hellebuyck,1,36,33
2024020468,2024-12-12,VGK,8478499,Adin Hill,1,20,18
2024020469,2024-12-12,COL,8475809,Scott Wedgewood,1,22,19
2024020469,2024-12-12,UTA,8478872,Karel Vejmelka,1,24,23
2024020470,2024-12-12,TBL,8476883,Andrei Vasilevskiy,1,22,19
2024020470,2024-12-12,CGY,8478435,Dan Vladar,1,26,18
2024020471,2024-12-12,FLA,8475683,Sergei Bobrovsky,1,19,15
2024020471,2024-12-12,VAN,8480947,Kevin Lankinen,1,27,27
2024020472,2024-12-12,SEA,8475831,Philipp Grubauer,1,34,33
2024020472,2024-12-12,BOS,8476914,Joonas Korpisalo,1,20,16
2024020473,2024-12-13,OTT,8476999,Linus Ullmark,1,32,32
2024020473,2024-12-13,CAR,8481611,Pyotr Kochetkov,1,21,19
2024020474,2024-12-14,NJD,8474593,Jacob Markstrom,1,17,16
2024020474,2024-12-14,CHI,8482123,Drew Commesso,1,24,20
2024020475,2024-12-14,NYR,8471734,Jonathan Quick,0,11,11
2024020475,2024-12-14,LAK,8475311,Darcy Kuemper,1,32,31
2024020475,2024-12-14,NYR,8478048,Igor Shesterkin,1,21,16
2024020476,2024-12-14,MIN,8470594,Marc-Andre Fleury,1,22,21
2024020476,2024-12-14,PHI,8481035,Samuel Ersson,1,21,18
2024020477,2024-12-14,VGK,8478499,Adin Hill,1,34,28
2024020477,2024-12-14,EDM,8479973,Stuart Skinner,1,42,39
2024020478,2024-12-14,OTT,8476999,Linus Ullmark,1,27,25
2024020478,2024-12-14,PIT,8477465,Tristan Jarry,1,31,28
2024020479,2024-12-14,DET,8478024,Ville Husso,1,25,23
2024020479,2024-12-14,TOR,8479361,Joseph Woll,1,25,22
2024020480,2024-12-14,BUF,8480045,Ukko-Pekka Luukkonen,1,30,27
2024020480,2024-12-14,WSH,8480313,Logan Thompson,1,21,19
2024020481,2024-12-14,ANA,8476434,John Gibson,1,42,39
2024020481,2024-12-14,CBJ,8482982,Jet Greaves,1,27,23
2024020482,2024-12-14,WPG,8476945,Connor Hellebuyck,1,28,26
2024020482,2024-12-14,MTL,8478470,Samuel Montembeault,1,26,23
2024020483,2024-12-14,STL,8476412,Jordan Binnington,1,37,35
2024020483,2024-12-14,DAL,8479979,Jake Oettinger,1,16,15
2024020484,2024-12-14,NSH,8477424,Juuse Saros,1,31,28
2024020484,2024-12-14,COL,8478406,Mackenzie Blackwood,1,39,37
2024020485,2024-12-14,FLA,8481519,Spencer Knight,1,27,24
2024020485,2024-12-14,CGY,8481692,Dustin Wolf,1,32,32
2024020486,2024-12-14,VAN,8477967,Thatcher Demko,1,28,23
2024020486,2024-12-14,BOS,8480280,Jeremy Swayman,1,20,19
2024020487,2024-12-14,SJS,8477970,Vitek Vanecek,1,40,36
2024020487,2024-12-14,UTA,8478872,Karel Vejmelka,1,22,19
2024020488,2024-12-14,SEA,8475831,Philipp Grubauer,1,30,26
2024020488,2024-12-14,TBL,8477992,Jonas Johansson,1,22,21
2024020489,2024-12-15,NYI,8478009,Ilya Sorokin,1,22,18
2024020489,2024-12-15,CHI,8482821,Arvid Soderblom,1,33,30
2024020490,2024-12-15,BUF,8482221,Devon Levi,1,40,36
2024020490,2024-12-15,TOR,8483710,Dennis Hildeby,1,27,24
2024020491,2024-12-15,CAR,8474682,Dustin Tokarski,1,28,27
2024020491,2024-12-15,CBJ,8478007,Elvis Merzlikins,1,28,24
2024020492,2024-12-15,NYR,8471734,Jonathan Quick,1,24,21
2024020492,2024-12-15,STL,8480981,Joel Hofer,1,28,26
2024020493,2024-12-15,VGK,8478492,Ilya Samsonov,1,22,20
2024020493,2024-12-15,MIN,8482661,Jesper Wallstedt,1,27,24
2024020494,2024-12-16,WSH,8479292,Charlie Lindgren,1,24,21
2024020494,2024-12-16,DAL,8479979,Jake Oettinger,1,26,25
2024020495,2024-12-16,FLA,8475683,Sergei Bobrovsky,1,30,25
2024020495,2024-12-16,EDM,8479973,Stuart Skinner,1,28,22
2024020496,2024-12-16,VAN,8477967,Thatcher Demko,1,31,30
2024020496,2024-12-16,COL,8478406,Mackenzie Blackwood,1,24,22
2024020497,2024-12-17,BUF,8473503,James Reimer,0,6,6
2024020497,2024-12-17,MTL,8478470,Samuel Montembeault,1,21,20
2024020497,2024-12-17,BUF,8480045,Ukko-Pekka Luukkonen,1,21,15
2024020498,2024-12-17,TBL,8476883,Andrei Vasilevskiy,1,32,29
2024020498,2024-12-17,CBJ,8482982,Jet Greaves,1,32,28
2024020499,2024-12-17,LAK,8475311,Darcy Kuemper,1,31,28
2024020499,2024-12-17,PIT,8477968,Alex Nedeljkovic,1,31,29
2024020500,2024-12-17,NYI,8477405,Marcus Hogberg,0,6,6
2024020500,2024-12-17,NYI,8478009,Ilya Sorokin,1,23,19
2024020500,2024-12-17,CAR,8481611,Pyotr Kochetkov,1,32,32
2024020501,2024-12-17,NJD,8474593,Jacob Markstrom,1,20,19
2024020501,2024-12-17,STL,8476412,Jordan Binnington,1,27,24
2024020502,2024-12-17,NSH,8477424,Juuse Saros,1,25,25
2024020502,2024-12-17,NYR,8478048,Igor Shesterkin,1,32,30
2024020503,2024-12-17,WSH,8480313,Logan Thompson,1,23,20
2024020503,2024-12-17,CHI,8482821,Arvid Soderblom,1,22,20
2024020504,2024-12-17,BOS,8480280,Jeremy Swayman,1,23,20
2024020504,2024-12-17,CGY,8481692,Dustin Wolf,1,35,31
2024020505,2024-12-17,OTT,8476999,Linus Ullmark,1,30,30
2024020505,2024-12-17,SEA,8478916,Joey Daccord,1,27,24
2024020506,2024-12-17,WPG,8476945,Connor Hellebuyck,1,35,32
2024020506,2024-12-17,SJS,8480382,Alexandar Georgiev,1,33,29
2024020507,2024-12-18,DET,8479312,Alex Lyon,1,19,15
2024020507,2024-12-18,PHI,8481035,Samuel Ersson,1,23,18
2024020508,2024-12-18,DAL,8479193,Casey DeSmith,0,6,6
2024020508,2024-12-18,TOR,8479361,Joseph Woll,1,39,36
2024020508,2024-12-18,DAL,8479979,Jake Oettinger,1,12,8
2024020509,2024-12-18,MIN,8470594,Marc-Andre Fleury,1,33,27
2024020509,2024-12-18,FLA,8475683,Sergei Bobrovsky,1,27,26
2024020510,2024-12-18,VAN,8477967,Thatcher Demko,1,31,28
2024020510,2024-12-18,UTA,8478872,Karel Vejmelka,1,26,24
2024020511,2024-12-18,WPG,8477480,Eric Comrie,1,31,28
2024020511,2024-12-18,ANA,8480843,Lukas Dostal,1,23,21
2024020512,2024-12-19,STL,8476412,Jordan Binnington,1,11,8
2024020512,2024-12-19,TBL,8476883,Andrei Vasilevskiy,1,32,31
2024020512,2024-12-19,STL,8480981,Joel Hofer,0,7,7
2024020513,2024-12-19,LAK,8475311,Darcy Kuemper,1,26,23
2024020513,2024-12-19,PHI,8482783,Aleksei Kolosov,1,26,20
2024020514,2024-12-19,NJD,8474596,Jake Allen,1,19,16
2024020514,2024-12-19,CBJ,8478007,Elvis Merzlikins,1,42,40
2024020515,2024-12-19,NSH,8477424,Juuse Saros,1,20,15
2024020515,2024-12-19,PIT,8477465,Tristan Jarry,1,26,22
2024020516,2024-12-19,SEA,8478916,Joey Daccord,1,24,21
2024020516,2024-12-19,CHI,8482821,Arvid Soderblom,1,27,26
2024020517,2024-12-19,OTT,8476999,Linus Ullmark,1,32,30
2024020517,2024-12-19,CGY,8478435,Dan Vladar,1,29,26
2024020518,2024-12-19,EDM,8479973,Stuart Skinner,1,26,24
2024020518,2024-12-19,BOS,8480280,Jeremy Swayman,1,26,23
2024020519,2024-12-19,VGK,8478499,Adin Hill,1,20,19
2024020519,2024-12-19,VAN,8480947,Kevin Lankinen,1,20,18
2024020520,2024-12-19,COL,8478406,Mackenzie Blackwood,1,34,32
2024020520,2024-12-19,SJS,8480382,Alexandar Georgiev,1,31,27
2024020521,2024-12-20,BUF,8473503,James Reimer,0,15,14
2024020521,2024-12-20,TOR,8476899,Matt Murray,1,27,24
2024020521,2024-12-20,BUF,8480045,Ukko-Pekka Luukkonen,1,13,9
2024020522,2024-12-20,DET,8475660,Cam Talbot,1,33,29
2024020522,2024-12-20,MTL,8478470,Samuel Montembeault,1,28,25
2024020523,2024-12-20,FLA,8475683,Sergei Bobrovsky,1,27,26
2024020523,2024-12-20,STL,8480981,Joel Hofer,1,27,25
2024020524,2024-12-20,WSH,8479292,Charlie Lindgren,1,25,24
2024020524,2024-12-20,CAR,8481611,Pyotr Kochetkov,1,22,19
2024020525,2024-12-20,NYR,8478048,Igor Shesterkin,1,42,41
2024020525,2024-12-20,DAL,8479979,Jake Oettinger,1,29,27
2024020526,2024-12-20,MIN,8470594,Marc-Andre Fleury,1,18,16
2024020526,2024-12-20,UTA,8478872,Karel Vejmelka,1,29,28
2024020527,2024-12-20,COL,8475809,Scott Wedgewood,1,32,30
2024020527,2024-12-20,ANA,8476434,John Gibson,1,22,19
2024020528,2024-12-21,LAK,8475311,Darcy Kuemper,1,26,23
2024020528,2024-12-21,NSH,8481020,Justus Annunen,1,24,22
2024020529,2024-12-21,CHI,8475852,Petr Mrazek,1,29,24
2024020529,2024-12-21,CGY,8481692,Dustin Wolf,1,28,24
2024020530,2024-12-21,EDM,8475717,Calvin Pickard,1,22,20
2024020530,2024-12-21,SJS,8482137,Yaroslav Askarov,1,42,39
2024020531,2024-12-21,BUF,8473503,James Reimer,1,18,16
2024020531,2024-12-21,BOS,8476914,Joonas Korpisalo,1,20,19
2024020532,2024-12-21,NYI,8478009,Ilya Sorokin,1,29,26
2024020532,2024-12-21,TOR,8479361,Joseph Woll,1,33,28
2024020533,2024-12-21,MTL,8478470,Samuel Montembeault,1,21,20
2024020533,2024-12-21,DET,8479312,Alex Lyon,1,24,19
2024020534,2024-12-21,NJD,8474593,Jacob Markstrom,1,12,12
2024020534,2024-12-21,PIT,8477465,Tristan Jarry,1,26,24
2024020535,2024-12-21,CBJ,8478007,Elvis Merzlikins,1,30,25
2024020535,2024-12-21,PHI,8481035,Samuel Ersson,1,25,21
2024020536,2024-12-21,WPG,8476945,Connor Hellebuyck,1,19,19
2024020536,2024-12-21,MIN,8482661,Jesper Wallstedt,1,24,19
2024020537,2024-12-21,VAN,8480947,Kevin Lankinen,1,22,17
2024020537,2024-12-21,OTT,8482447,Leevi Merilainen,1,25,21
2024020538,2024-12-21,SEA,8475831,Philipp Grubauer,1,33,28
2024020538,2024-12-21,VGK,8478492,Ilya Samsonov,1,23,21
2024020539,2024-12-22,NYR,8478048,Igor Shesterkin,1,32,30
2024020539,2024-12-22,CAR,8481611,Pyotr Kochetkov,1,23,22
2024020540,2024-12-22,TBL,8476883,Andrei Vasilevskiy,1,25,22
2024020540,2024-12-22,FLA,8481519,Spencer Knight,1,21,19
2024020541,2024-12-22,LAK,8479496,David Rittich,1,20,18
2024020541,2024-12-22,WSH,8480313,Logan Thompson,1,26,25
2024020542,2024-12-22,ANA,8480843,Lukas Dostal,1,25,21
2024020542,2024-12-22,UTA,8483530,Jaxson Stauber,1,30,26
2024020543,2024-12-22,COL,8478406,Mackenzie Blackwood,1,19,17
2024020543,2024-12-22,SEA,8478916,Joey Daccord,1,27,24
2024020544,2024-12-22,OTT,8476999,Linus Ullmark,1,7,6
2024020544,2024-12-22,EDM,8479973,Stuart Skinner,1,21,20
2024020544,2024-12-22,OTT,8482447,Leevi Merilainen,0,14,12
2024020545,2024-12-23,NYR,8471734,Jonathan Quick,1,30,25
2024020545,2024-12-23,NJD,8474593,Jacob Markstrom,1,12,12
2024020546,2024-12-23,WPG,8476945,Connor Hellebuyck,1,25,23
2024020546,2024-12-23,TOR,8479361,Joseph Woll,1,26,22
2024020547,2024-12-23,WSH,8479292,Charlie Lindgren,1,21,18
2024020547,2024-12-23,BOS,8480280,Jeremy Swayman,1,11,10
2024020548,2024-12-23,DET,8475660,Cam Talbot,1,20,17
2024020548,2024-12-23,STL,8476412,Jordan Binnington,1,19,19
2024020549,2024-12-23,FLA,8475683,Sergei Bobrovsky,1,28,25
2024020549,2024-12-23,TBL,8477992,Jonas Johansson,1,36,36
2024020550,2024-12-23,PIT,8477465,Tristan Jarry,1,27,24
2024020550,2024-12-23,PHI,8481035,Samuel Ersson,1,14,9
2024020550,2024-12-23,PHI,8482783,Aleksei Kolosov,0,7,6
2024020551,2024-12-23,MTL,8478470,Samuel Montembeault,1,32,27
2024020551,2024-12-23,CBJ,8482982,Jet Greaves,1,31,27
2024020552,2024-12-23,NYI,8478009,Ilya Sorokin,1,24,18
2024020552,2024-12-23,BUF,8480045,Ukko-Pekka Luukkonen,1,28,27
2024020553,2024-12-23,CAR,8474682,Dustin Tokarski,1,24,20
2024020553,2024-12-23,NSH,8477424,Juuse Saros,1,27,25
2024020554,2024-12-23,MIN,8479406,Filip Gustavsson,1,31,28
2024020554,2024-12-23,CHI,8482821,Arvid Soderblom,1,26,23
2024020555,2024-12-23,VAN,8477967,Thatcher Demko,1,29,26
2024020555,2024-12-23,SJS,8482137,Yaroslav Askarov,1,24,20
2024020556,2024-12-23,UTA,8478872,Karel Vejmelka,1,29,26
2024020556,2024-12-23,DAL,8479193,Casey DeSmith,1,26,24
2024020557,2024-12-23,ANA,8476434,John Gibson,1,11,11
2024020557,2024-12-23,VGK,8478499,Adin Hill,1,32,31
2024020557,2024-12-23,ANA,8480843,Lukas Dostal,0,22,19
2024020558,2024-12-27,CHI,8475852,Petr Mrazek,1,11,7
2024020558,2024-12-27,BUF,8480045,Ukko-Pekka Luukkonen,1,17,15
2024020558,2024-12-27,CHI,8482821,Arvid Soderblom,0,24,22
2024020559,2024-12-27,DET,8475660,Cam Talbot,1,21,16
2024020559,2024-12-27,DET,8479312,Alex Lyon,0,2,2
2024020559,2024-12-27,TOR,8479361,Joseph Woll,1,25,23
2024020560,2024-12-27,NJD,8474593,Jacob Markstrom,1,31,29
2024020560,2024-12-27,CAR,8481611,Pyotr Kochetkov,1,23,19
2024020561,2024-12-27,BOS,8476914,Joonas Korpisalo,1,33,27
2024020561,2024-12-27,CBJ,8478007,Elvis Merzlikins,1,26,24
2024020562,2024-12-27,NSH,8477424,Juuse Saros,1,16,11
2024020562,2024-12-27,STL,8480981,Joel Hofer,1,30,26
2024020562,2024-12-27,NSH,8481020,Justus Annunen,0,13,12
2024020563,2024-12-27,MIN,8479406,Filip Gustavsson,1,29,27
2024020563,2024-12-27,DAL,8479979,Jake Oettinger,1,18,15
2024020564,2024-12-27,COL,8478406,Mackenzie Blackwood,1,35,34
2024020564,2024-12-27,UTA,8478872,Karel Vejmelka,1,35,33
2024020565,2024-12-27,VGK,8478499,Adin Hill,1,25,22
2024020565,2024-12-27,SJS,8480382,Alexandar Georgiev,1,35,30
2024020566,2024-12-28,FLA,8481519,Spencer Knight,1,25,21
2024020566,2024-12-28,MTL,8482487,Jakub Dobes,1,34,34
2024020567,2024-12-28,SEA,8475831,Philipp Grubauer,1,22,18
2024020567,2024-12-28,VAN,8477967,Thatcher Demko,1,29,24
2024020568,2024-12-28,ANA,8480843,Lukas Dostal,1,24,22
2024020568,2024-12-28,PHI,8481035,Samuel Ersson,1,33,32
2024020569,2024-12-28,LAK,8475311,Darcy Kuemper,1,27,24
2024020569,2024-12-28,EDM,8479973,Stuart Skinner,1,29,25
2024020570,2024-12-28,CBJ,8480193,Daniil Tarasov,1,28,24
2024020570,2024-12-28,BOS,8480280,Jeremy Swayman,1,18,18
2024020571,2024-12-28,TOR,8476899,Matt Murray,1,31,27
2024020571,2024-12-28,WSH,8480313,Logan Thompson,1,37,35
2024020572,2024-12-28,NYR,8471734,Jonathan Quick,0,12,11
2024020572,2024-12-28,TBL,8476883,Andrei Vasilevskiy,1,44,42
2024020572,2024-12-28,NYR,8478048,Igor Shesterkin,1,13,8
2024020573,2024-12-28,NJD,8474596,Jake Allen,1,40,36
2024020573,2024-12-28,CAR,8474682,Dustin Tokarski,1,23,21
2024020574,2024-12-28,WPG,8476945,Connor Hellebuyck,1,35,33
2024020574,2024-12-28,OTT,8481544,Mads Sogaard,1,23,19
2024020575,2024-12-28,PIT,8477465,Tristan Jarry,1,33,29
2024020575,2024-12-28,NYI,8478009,Ilya Sorokin,1,25,22
2024020576,2024-12-28,CGY,8481692,Dustin Wolf,1,22,21
2024020576,2024-12-28,SJS,8482137,Yaroslav Askarov,1,32,30
2024020577,2024-12-29,DAL,8479979,Jake Oettinger,1,25,24
2024020577,2024-12-29,CHI,8482821,Arvid Soderblom,1,35,30
2024020578,2024-12-29,EDM,8475717,Calvin Pickard,1,31,27
2024020578,2024-12-29,ANA,8480843,Lukas Dostal,1,23,20
2024020579,2024-12-29,WSH,8479292,Charlie Lindgren,1,27,23
2024020579,2024-12-29,DET,8479312,Alex Lyon,1,27,25
2024020580,2024-12-29,TBL,8477992,Jonas Johansson,1,36,32
2024020580,2024-12-29,MTL,8478470,Samuel Montembeault,1,23,21
2024020581,2024-12-29,NYI,8477405,Marcus Hogberg,1,41,38
2024020581,2024-12-29,PIT,8477968,Alex Nedeljkovic,1,31,29
2024020582,2024-12-29,STL,8476412,Jordan Binnington,1,16,12
2024020582,2024-12-29,BUF,8480045,Ukko-Pekka Luukkonen,1,37,35
2024020583,2024-12-29,MIN,8479406,Filip Gustavsson,1,36,34
2024020583,2024-12-29,OTT,8482447,Leevi Merilainen,1,31,30
2024020584,2024-12-29,CGY,8478435,Dan Vladar,1,36,34
2024020584,2024-12-29,VGK,8478492,Ilya Samsonov,1,31,31
2024020585,2024-12-29,LAK,8479496,David Rittich,1,21,17
2024020585,2024-12-29,PHI,8482783,Aleksei Kolosov,1,20,15
2024020586,2024-12-30,FLA,8475683,Sergei Bobrovsky,1,35,32
2024020586,2024-12-30,NYR,8478048,Igor Shesterkin,1,25,21
2024020587,2024-12-30,WPG,8476945,Connor Hellebuyck,1,22,22
2024020587,2024-12-30,NSH,8477424,Juuse Saros,1,28,25
2024020588,2024-12-30,SEA,8475831,Philipp Grubauer,1,30,28
2024020588,2024-12-30,UTA,8478872,Karel Vejmelka,1,32,28
2024020589,2024-12-31,BOS,8480280,Jeremy Swayman,1,26,24
2024020589,2024-12-31,WSH,8480313,Logan Thompson,1,27,26
2024020590,2024-12-31,NYI,8478009,Ilya Sorokin,1,24,22
2024020590,2024-12-31,TOR,8479361,Joseph Woll,1,31,30
2024020591,2024-12-31,MTL,8478470,Samuel Montembeault,1,29,27
2024020591,2024-12-31,VGK,8478499,Adin Hill,1,22,19
2024020592,2024-12-31,CHI,8475852,Petr Mrazek,1,28,22
2024020592,2024-12-31,STL,8476412,Jordan Binnington,1,30,28
2024020593,2024-12-31,PIT,8477968,Alex Nedeljkovic,1,24,21
2024020593,2024-12-31,DET,8479312,Alex Lyon,1,25,23
2024020594,2024-12-31,CBJ,8478007,Elvis Merzlikins,1,35,32
2024020594,2024-12-31,CAR,8481611,Pyotr Kochetkov,1,28,25
2024020595,2024-12-31,DAL,8479193,Casey DeSmith,1,23,21
2024020595,2024-12-31,BUF,8480045,Ukko-Pekka Luukkonen,1,32,29
2024020596,2024-12-31,MIN,8479406,Filip Gustavsson,1,46,43
2024020596,2024-12-31,NSH,8481020,Justus Annunen,1,38,33
2024020597,2024-12-31,WPG,8477480,Eric Comrie,1,36,33
2024020597,2024-12-31,COL,8478406,Mackenzie Blackwood,1,22,20
2024020598,2024-12-31,NJD,8474593,Jacob Markstrom,1,26,23
2024020598,2024-12-31,ANA,8480843,Lukas Dostal,1,34,32
2024020599,2024-12-31,SJS,8480382,Alexandar Georgiev,1,34,30
2024020599,2024-12-31,PHI,8481035,Samuel Ersson,1,15,15
2024020599,2024-12-31,PHI,8482783,Aleksei Kolosov,0,7,7
2024020600,2024-12-31,VAN,8480947,Kevin Lankinen,1,28,26
2024020600,2024-12-31,CGY,8481692,Dustin Wolf,1,24,23
2024020601,2024-12-31,EDM,8479973,Stuart Skinner,1,27,26
2024020601,2024-12-31,UTA,8483530,Jaxson Stauber,1,37,34
2024020602,2025-01-01,NJD,8474596,Jake Allen,1,23,21
2024020602,2025-01-01,LAK,8475311,Darcy Kuemper,1,33,33
2024020603,2025-01-02,FLA,8475683,Sergei Bobrovsky,1,39,37
2024020603,2025-01-02,CAR,8481611,Pyotr Kochetkov,1,26,25
2024020604,2025-01-02,NYR,8471734,Jonathan Quick,1,33,32
2024020604,2025-01-02,BOS,8480280,Jeremy Swayman,1,27,25
2024020605,2025-01-02,MIN,8470594,Marc-Andre Fleury,1,31,28
2024020605,2025-01-02,WSH,8479292,Charlie Lindgren,1,33,30
2024020606,2025-01-02,DET,8475660,Cam Talbot,1,25,21
2024020606,2025-01-02,CBJ,8478007,Elvis Merzlikins,1,26,21
2024020607,2025-01-02,NYI,8478009,Ilya Sorokin,1,31,29
2024020607,2025-01-02,TOR,8479361,Joseph Woll,1,33,32
2024020608,2025-01-02,DAL,8479979,Jake Oettinger,1,13,11
2024020608,2025-01-02,OTT,8482447,Leevi Merilainen,1,25,21
2024020609,2025-01-02,ANA,8476434,John Gibson,1,30,27
2024020609,2025-01-02,WPG,8476945,Connor Hellebuyck,1,24,20
2024020610,2025-01-02,COL,8475809,Scott Wedgewood,1,18,14
2024020610,2025-01-02,COL,8478406,Mackenzie Blackwood,0,3,2
2024020610,2025-01-02,BUF,8480045,Ukko-Pekka Luukkonen,1,29,23
2024020611,2025-01-02,CGY,8478435,Dan Vladar,1,25,21
2024020611,2025-01-02,UTA,8478872,Karel Vejmelka,1,26,23
2024020612,2025-01-02,VGK,8478492,Ilya Samsonov,1,25,23
2024020612,2025-01-02,PHI,8482783,Aleksei Kolosov,1,26,22
2024020613,2025-01-02,SEA,8475831,Philipp Grubauer,1,22,19
2024020613,2025-01-02,VAN,8477967,Thatcher Demko,1,12,11
2024020613,2025-01-02,VAN,8480947,Kevin Lankinen,0,15,13
2024020614,2025-01-02,TBL,8476883,Andrei Vasilevskiy,1,25,23
2024020614,2025-01-02,SJS,8482137,Yaroslav Askarov,1,25,24
2024020615,2025-01-03,PIT,8477465,Tristan Jarry,1,33,31
2024020615,2025-01-03,FLA,8481519,Spencer Knight,1,31,29
2024020616,2025-01-03,MTL,8478470,Samuel Montembeault,1,26,22
2024020616,2025-01-03,CHI,8482821,Arvid Soderblom,1,40,38
2024020617,2025-01-03,OTT,8476341,Anton Forsberg,1,25,21
2024020617,2025-01-03,STL,8476412,Jordan Binnington,1,20,20
2024020618,2025-01-03,EDM,8479973,Stuart Skinner,1,29,27
2024020618,2025-01-03,ANA,8480843,Lukas Dostal,1,26,23
2024020619,2025-01-03,NSH,8477424,Juuse Saros,1,27,27
2024020619,2025-01-03,VAN,8480947,Kevin Lankinen,1,17,16
2024020620,2025-01-04,NYR,8471734,Jonathan Quick,1,27,21
2024020620,2025-01-04,WSH,8480313,Logan Thompson,1,33,29
2024020621,2025-01-04,WPG,8476945,Connor Hellebuyck,1,28,25
2024020621,2025-01-04,DET,8479312,Alex Lyon,1,23,21
2024020622,2025-01-04,NJD,8474593,Jacob Markstrom,1,24,21
2024020622,2025-01-04,SJS,8482137,Yaroslav Askarov,1,30,28
2024020623,2025-01-04,TOR,8479361,Joseph Woll,1,31,27
2024020623,2025-01-04,BOS,8480280,Jeremy Swayman,1,27,23
2024020624,2025-01-04,MIN,8479406,Filip Gustavsson,1,21,21
2024020624,2025-01-04,CAR,8481611,Pyotr Kochetkov,1,26,23
2024020625,2025-01-04,CBJ,8478007,Elvis Merzlikins,1,33,29
2024020625,2025-01-04,STL,8480981,Joel Hofer,1,38,33
2024020626,2025-01-04,COL,8478406,Mackenzie Blackwood,1,23,22
2024020626,2025-01-04,MTL,8482487,Jakub Dobes,1,23,22
2024020627,2025-01-04,NSH,8481020,Justus Annunen,1,32,31
2024020627,2025-01-04,CGY,8481692,Dustin Wolf,1,27,24
2024020628,2025-01-04,UTA,8478872,Karel Vejmelka,1,29,26
2024020628,2025-01-04,DAL,8479979,Jake Oettinger,1,35,33
2024020629,2025-01-04,LAK,8475311,Darcy Kuemper,1,34,33
2024020629,2025-01-04,TBL,8476883,Andrei Vasilevskiy,1,21,19
2024020630,2025-01-04,BUF,8473503,James Reimer,1,33,30
2024020630,2025-01-04,VGK,8478499,Adin Hill,1,24,23
2024020631,2025-01-04,EDM,8475717,Calvin Pickard,1,18,16
2024020631,2025-01-04,SEA,8475831,Philipp Grubauer,1,31,28
2024020632,2025-01-05,NYR,8475839,Louis Domingue,1,27,25
2024020632,2025-01-05,CHI,8482821,Arvid Soderblom,1,34,28
2024020633,2025-01-05,BOS,8476914,Joonas Korpisalo,1,37,32
2024020633,2025-01-05,NYI,8478009,Ilya Sorokin,1,30,26
2024020634,2025-01-05,CAR,8474682,Dustin Tokarski,1,19,16
2024020634,2025-01-05,PIT,8477968,Alex Nedeljkovic,1,31,27
2024020635,2025-01-05,PHI,8478905,Ivan Fedotov,1,25,22
2024020635,2025-01-05,TOR,8483710,Dennis Hildeby,1,32,30
2024020636,2025-01-05,ANA,8476434,John Gibson,1,37,36
2024020636,2025-01-05,TBL,8477992,Jonas Johansson,1,25,22
2024020637,2025-01-06,WSH,8479292,Charlie Lindgren,1,27,24
2024020637,2025-01-06,BUF,8480045,Ukko-Pekka Luukkonen,1,28,25
2024020638,2025-01-06,MTL,8478470,Samuel Montembeault,1,20,16
2024020638,2025-01-06,VAN,8480947,Kevin Lankinen,1,24,19
2024020639,2025-01-06,FLA,8475683,Sergei Bobrovsky,1,33,31
2024020639,2025-01-06,COL,8478406,Mackenzie Blackwood,1,27,26
2024020640,2025-01-06,NJD,8474593,Jacob Markstrom,1,24,22
2024020640,2025-01-06,SEA,8475831,Philipp Grubauer,1,29,26
2024020641,2025-01-07,EDM,8475717,Calvin Pickard,0,0,0
2024020641,2025-01-07,EDM,8479973,Stuart Skinner,1,26,26
2024020641,2025-01-07,BOS,8480280,Jeremy Swayman,1,38,35
2024020642,2025-01-07,DET,8475660,Cam Talbot,0,23,21
2024020642,2025-01-07,OTT,8476341,Anton Forsberg,1,33,30
2024020642,2025-01-07,DET,8479312,Alex Lyon,1,10,10
2024020643,2025-01-07,NYR,8471734,Jonathan Quick,1,39,34
2024020643,2025-01-07,DAL,8479979,Jake Oettinger,1,26,22
2024020644,2025-01-07,PHI,8478905,Ivan Fedotov,1,17,14
2024020644,2025-01-07,TOR,8479361,Joseph Woll,1,32,30
2024020645,2025-01-07,PIT,8477465,Tristan Jarry,1,29,26
2024020645,2025-01-07,CBJ,8478007,Elvis Merzlikins,1,23,20
2024020646,2025-01-07,MIN,8470594,Marc-Andre Fleury,0,15,15
2024020646,2025-01-07,STL,8476412,Jordan Binnington,1,25,20
2024020646,2025-01-07,MIN,8479406,Filip Gustavsson,1,18,14
2024020647,2025-01-07,WPG,8476945,Connor Hellebuyck,1,28,26
2024020647,2025-01-07,NSH,8477424,Juuse Saros,1,29,26
2024020648,2025-01-07,ANA,8476434,John Gibson,1,33,30
2024020648,2025-01-07,CGY,8481692,Dustin Wolf,1,28,26
2024020649,2025-01-07,VGK,8478492,Ilya Samsonov,1,21,19
2024020649,2025-01-07,SJS,8480382,Alexandar Georgiev,1,41,38
2024020650,2025-01-08,WSH,8480313,Logan Thompson,1,31,30
2024020650,2025-01-08,VAN,8480947,Kevin Lankinen,1,18,16
2024020651,2025-01-08,CHI,8475852,Petr Mrazek,1,36,35
2024020651,2025-01-08,COL,8481529,Trent Miner,1,20,17
2024020652,2025-01-08,FLA,8475683,Sergei Bobrovsky,1,26,25
2024020652,2025-01-08,UTA,8478872,Karel Vejmelka,1,31,29
2024020653,2025-04-17,CGY,8478435,Dan Vladar,1,31,30
2024020653,2025-04-17,LAK,8479496,David Rittich,1,29,24
2024020654,2025-01-09,OTT,8476341,Anton Forsberg,1,21,17
2024020654,2025-01-09,BUF,8480045,Ukko-Pekka Luukkonen,1,35,35
2024020655,2025-01-09,TBL,8476883,Andrei Vasilevskiy,1,28,27
2024020655,2025-01-09,BOS,8480280,Jeremy Swayman,1,30,27
2024020656,2025-01-09,NJD,8474593,Jacob Markstrom,1,32,29
2024020656,2025-01-09,NYR,8478048,Igor Shesterkin,1,23,21
2024020657,2025-01-09,DAL,8479193,Casey DeSmith,1,28,27
2024020657,2025-01-09,PHI,8481035,Samuel Ersson,1,22,19
2024020658,2025-01-09,PIT,8477968,Alex Nedeljkovic,1,43,40
2024020658,2025-01-09,EDM,8479973,Stuart Skinner,1,26,21
2024020659,2025-01-09,TOR,8479361,Joseph Woll,1,33,28
2024020659,2025-01-09,CAR,8481611,Pyotr Kochetkov,1,33,30
2024020660,2025-01-09,SEA,8475831,Philipp Grubauer,1,19,14
2024020660,2025-01-09,CBJ,8478007,Elvis Merzlikins,1,31,29
2024020660,2025-01-09,SEA,8478916,Joey Daccord,0,4,4
2024020661,2025-01-09,ANA,8476434,John Gibson,0,12,12
2024020661,2025-01-09,ANA,8480843,Lukas Dostal,1,22,16
2024020661,2025-01-09,STL,8480981,Joel Hofer,1,23,21
2024020662,2025-01-09,COL,8478406,Mackenzie Blackwood,1,25,24
2024020662,2025-01-09,MIN,8479406,Filip Gustavsson,1,27,21
2024020663,2025-01-09,NYI,8478009,Ilya Sorokin,1,30,30
2024020663,2025-01-09,VGK,8478499,Adin Hill,1,20,17
2024020664,2025-01-10,DET,8475660,Cam Talbot,1,15,12
2024020664,2025-01-10,CHI,8475852,Petr Mrazek,1,27,23
2024020665,2025-01-10,WSH,8479292,Charlie Lindgren,1,9,9
2024020665,2025-01-10,WSH,8480313,Logan Thompson,0,21,18
2024020665,2025-01-10,MTL,8482487,Jakub Dobes,1,17,15
2024020666,2025-01-10,CAR,8474682,Dustin Tokarski,1,14,14
2024020666,2025-01-10,VAN,8477967,Thatcher Demko,1,20,18
2024020667,2025-01-10,LAK,8475311,Darcy Kuemper,1,19,18
2024020667,2025-01-10,WPG,8477480,Eric Comrie,1,23,21
2024020668,2025-01-10,UTA,8478872,Karel Vejmelka,1,19,18
2024020668,2025-01-10,SJS,8480382,Alexandar Georgiev,1,26,24
2024020669,2025-01-11,FLA,8475683,Sergei Bobrovsky,1,18,14
2024020669,2025-01-11,BOS,8480280,Jeremy Swayman,1,43,40
2024020670,2025-01-11,SEA,8478916,Joey Daccord,1,35,33
2024020670,2025-01-11,BUF,8480045,Ukko-Pekka Luukkonen,1,28,23
2024020671,2025-01-11,PIT,8477465,Tristan Jarry,0,5,5
2024020671,2025-01-11,PIT,8477968,Alex Nedeljkovic,1,17,12
2024020671,2025-01-11,OTT,8482447,Leevi Merilainen,1,29,29
2024020672,2025-01-11,VAN,8480947,Kevin Lankinen,1,20,20
2024020672,2025-01-11,TOR,8483710,Dennis Hildeby,1,18,16
2024020673,2025-01-11,MTL,8478470,Samuel Montembeault,1,36,35
2024020673,2025-01-11,DAL,8479979,Jake Oettinger,1,31,30
2024020674,2025-01-11,NJD,8474593,Jacob Markstrom,1,25,23
2024020674,2025-01-11,TBL,8476883,Andrei Vasilevskiy,1,26,23
2024020675,2025-01-11,ANA,8476434,John Gibson,1,30,24
2024020675,2025-01-11,PHI,8481035,Samuel Ersson,1,22,22
2024020676,2025-01-11,EDM,8475717,Calvin Pickard,1,22,19
2024020676,2025-01-11,CHI,8482821,Arvid Soderblom,1,34,30
2024020677,2025-01-11,STL,8476412,Jordan Binnington,1,30,28
2024020677,2025-01-11,CBJ,8482982,Jet Greaves,1,32,31
2024020678,2025-01-11,WPG,8476945,Connor Hellebuyck,1,22,22
2024020678,2025-01-11,COL,8478406,Mackenzie Blackwood,1,28,26
2024020679,2025-01-11,NSH,8477424,Juuse Saros,1,15,12
2024020679,2025-01-11,WSH,8480313,Logan Thompson,1,33,32
2024020680,2025-01-11,NYI,8477405,Marcus Hogberg,1,22,21
2024020680,2025-01-11,UTA,8478971,Connor Ingram,1,32,30
2024020681,2025-01-11,LAK,8479496,David Rittich,1,18,16
2024020681,2025-01-11,CGY,8481692,Dustin Wolf,1,32,31
2024020682,2025-01-11,NYR,8478048,Igor Shesterkin,1,30,29
2024020682,2025-01-11,VGK,8478492,Ilya Samsonov,1,26,24
2024020683,2025-01-11,MIN,8470594,Marc-Andre Fleury,1,37,36
2024020683,2025-01-11,SJS,8482137,Yaroslav Askarov,1,22,19
2024020684,2025-01-12,DET,8475660,Cam Talbot,1,33,31
2024020684,2025-01-12,SEA,8475831,Philipp Grubauer,1,4,1
2024020684,2025-01-12,SEA,8478916,Joey Daccord,0,19,16
2024020685,2025-01-12,DAL,8479193,Casey DeSmith,1,27,24
2024020685,2025-01-12,OTT,8482447,Leevi Merilainen,1,26,24
2024020686,2025-01-12,PIT,8477465,Tristan Jarry,1,17,14
2024020686,2025-01-12,TBL,8477992,Jonas Johansson,1,33,31
2024020687,2025-01-12,ANA,8480843,Lukas Dostal,1,37,35
2024020687,2025-01-12,CAR,8481611,Pyotr Kochetkov,1,20,17
2024020688,2025-01-12,VGK,8478499,Adin Hill,1,16,15
2024020688,2025-01-12,MIN,8479406,Filip Gustavsson,1,37,33
2024020689,2025-01-13,FLA,8475683,Sergei Bobrovsky,1,29,25
2024020689,2025-01-13,PHI,8481035,Samuel Ersson,1,23,20
2024020690,2025-01-13,CHI,8475852,Petr Mrazek,1,36,31
2024020690,2025-01-13,CGY,8481692,Dustin Wolf,1,25,23
2024020691,2025-01-13,LAK,8475311,Darcy Kuemper,1,30,29
2024020691,2025-01-13,EDM,8479973,Stuart Skinner,1,30,30
2024020692,2025-01-14,TBL,8476883,Andrei Vasilevskiy,1,22,18
2024020692,2025-01-14,BOS,8480280,Jeremy Swayman,1,45,43
2024020693,2025-01-14,TOR,8479361,Joseph Woll,1,23,19
2024020693,2025-01-14,DAL,8479979,Jake Oettinger,1,28,27
2024020694,2025-01-14,DET,8478024,Ville Husso,1,23,18
2024020694,2025-01-14,SJS,8480382,Alexandar Georgiev,1,28,25
2024020695,2025-01-14,NJD,8474593,Jacob Markstrom,1,28,27
2024020695,2025-01-14,FLA,8481519,Spencer Knight,1,27,26
2024020696,2025-01-14,PIT,8477465,Tristan Jarry,1,17,14
2024020696,2025-01-14,SEA,8478916,Joey Daccord,1,33,31
2024020697,2025-01-14,ANA,8476434,John Gibson,1,25,22
2024020697,2025-01-14,WSH,8480313,Logan Thompson,1,19,19
2024020698,2025-01-14,PHI,8478905,Ivan Fedotov,1,28,26
2024020698,2025-01-14,CBJ,8480193,Daniil Tarasov,1,25,23
2024020699,2025-01-14,NYI,8477405,Marcus Hogberg,1,26,25
2024020699,2025-01-14,OTT,8482447,Leevi Merilainen,1,24,24
2024020700,2025-01-14,STL,8476412,Jordan Binnington,1,28,27
2024020700,2025-01-14,CGY,8478435,Dan Vladar,1,25,23
2024020701,2025-01-14,VGK,8478492,Ilya Samsonov,1,22,18
2024020701,2025-01-14,NSH,8481020,Justus Annunen,1,22,19
2024020702,2025-01-14,WPG,8476945,Connor Hellebuyck,1,24,23
2024020702,2025-01-14,VAN,8480947,Kevin Lankinen,1,33,27
2024020703,2025-01-14,NYR,8478048,Igor Shesterkin,1,26,23
2024020703,2025-01-14,COL,8478406,Mackenzie Blackwood,1,29,27
2024020704,2025-01-14,MTL,8478470,Samuel Montembeault,1,25,22
2024020704,2025-01-14,UTA,8478872,Karel Vejmelka,1,27,22
2024020705,2025-01-15,CAR,8474682,Dustin Tokarski,1,24,21
2024020705,2025-01-15,BUF,8480045,Ukko-Pekka Luukkonen,1,37,35
2024020706,2025-01-15,EDM,8475717,Calvin Pickard,1,34,31
2024020706,2025-01-15,MIN,8479406,Filip Gustavsson,1,36,31
2024020707,2025-01-16,NJD,8474593,Jacob Markstrom,1,41,37
2024020707,2025-01-16,TOR,8479361,Joseph Woll,1,24,21
2024020708,2025-01-16,WSH,8480313,Logan Thompson,1,24,24
2024020708,2025-01-16,OTT,8482447,Leevi Merilainen,1,26,25
2024020709,2025-01-16,TBL,8476883,Andrei Vasilevskiy,1,37,34
2024020709,2025-01-16,ANA,8480843,Lukas Dostal,1,35,32
2024020710,2025-01-16,DET,8475660,Cam Talbot,1,43,41
2024020710,2025-01-16,FLA,8475683,Sergei Bobrovsky,1,15,11
2024020710,2025-01-16,FLA,8481519,Spencer Knight,0,4,4
2024020711,2025-01-16,CBJ,8478007,Elvis Merzlikins,1,19,18
2024020711,2025-01-16,SJS,8480382,Alexandar Georgiev,1,33,30
2024020712,2025-01-16,NYI,8478009,Ilya Sorokin,1,23,19
2024020712,2025-01-16,PHI,8481035,Samuel Ersson,1,29,26
2024020713,2025-01-16,STL,8480981,Joel Hofer,1,29,28
2024020713,2025-01-16,CGY,8481692,Dustin Wolf,1,29,25
2024020714,2025-01-16,NSH,8477424,Juuse Saros,1,26,24
2024020714,2025-01-16,CHI,8482821,Arvid Soderblom,1,41,39
2024020715,2025-01-16,DAL,8479979,Jake Oettinger,1,23,21
2024020715,2025-01-16,MTL,8482487,Jakub Dobes,1,33,32
2024020716,2025-01-16,WPG,8476945,Connor Hellebuyck,1,18,17
2024020716,2025-01-16,SEA,8478916,Joey Daccord,1,36,34
2024020717,2025-01-16,NYR,8478048,Igor Shesterkin,1,31,28
2024020717,2025-01-16,UTA,8478872,Karel Vejmelka,1,24,20
2024020718,2025-01-16,COL,8478406,Mackenzie Blackwood,1,28,24
2024020718,2025-01-16,EDM,8479973,Stuart Skinner,1,25,22
2024020719,2025-01-16,LAK,8475311,Darcy Kuemper,1,21,20
2024020719,2025-01-16,VAN,8477967,Thatcher Demko,1,21,16
2024020720,2025-01-17,PIT,8477968,Alex Nedeljkovic,1,42,40
2024020720,2025-01-17,BUF,8480045,Ukko-Pekka Luukkonen,1,18,14
2024020721,2025-01-17,VGK,8478499,Adin Hill,1,28,25
2024020721,2025-01-17,CAR,8481611,Pyotr Kochetkov,1,31,29
2024020722,2025-01-18,NJD,8474596,Jake Allen,1,17,15
2024020722,2025-01-18,PHI,8481035,Samuel Ersson,1,13,12
2024020723,2025-01-18,BOS,8480280,Jeremy Swayman,1,44,39
2024020723,2025-01-18,OTT,8482447,Leevi Merilainen,1,28,23
2024020724,2025-01-18,COL,8475809,Scott Wedgewood,1,29,26
2024020724,2025-01-18,DAL,8479193,Casey DeSmith,1,36,30
2024020725,2025-01-18,ANA,8476434,John Gibson,1,44,42
2024020725,2025-01-18,FLA,8481519,Spencer Knight,1,34,34
2024020726,2025-01-18,MTL,8478470,Samuel Montembeault,1,33,27
2024020726,2025-01-18,TOR,8479361,Joseph Woll,1,35,32
2024020727,2025-01-18,DET,8475660,Cam Talbot,1,16,11
2024020727,2025-01-18,TBL,8476883,Andrei Vasilevskiy,1,39,38
2024020727,2025-01-18,DET,8479312,Alex Lyon,0,6,6
2024020728,2025-01-18,NYR,8478048,Igor Shesterkin,1,27,27
2024020728,2025-01-18,CBJ,8480193,Daniil Tarasov,1,26,26
2024020729,2025-01-18,WSH,8480313,Logan Thompson,1,19,18
2024020729,2025-01-18,PIT,8482446,Joel Blomqvist,1,31,28
2024020730,2025-01-18,WPG,8477480,Eric Comrie,1,21,19
2024020730,2025-01-18,CGY,8481692,Dustin Wolf,1,39,38
2024020731,2025-01-18,NYI,8477405,Marcus Hogberg,1,19,18
2024020731,2025-01-18,SJS,8480382,Alexandar Georgiev,1,31,27
2024020732,2025-01-18,CHI,8475852,Petr Mrazek,1,35,32
2024020732,2025-01-18,VGK,8478492,Ilya Samsonov,1,23,18
2024020733,2025-01-18,MIN,8470594,Marc-Andre Fleury,1,37,32
2024020733,2025-01-18,NSH,8477424,Juuse Saros,1,29,27
2024020734,2025-01-18,STL,8476412,Jordan Binnington,1,33,29
2024020734,2025-01-18,UTA,8478971,Connor Ingram,1,24,22
2024020735,2025-01-18,VAN,8477967,Thatcher Demko,1,15,13
2024020735,2025-01-18,EDM,8479973,Stuart Skinner,1,27,24
2024020736,2025-01-18,LAK,8475311,Darcy Kuemper,1,21,18
2024020736,2025-01-18,SEA,8478916,Joey Daccord,1,30,28
2024020737,2025-01-19,NJD,8474593,Jacob Markstrom,1,20,18
2024020737,2025-01-19,OTT,8476341,Anton Forsberg,1,26,25
2024020738,2025-01-19,NYR,8471734,Jonathan Quick,1,37,32
2024020738,2025-01-19,MTL,8482487,Jakub Dobes,1,28,24
2024020739,2025-01-19,DET,8479312,Alex Lyon,1,25,21
2024020739,2025-01-19,DAL,8479979,Jake Oettinger,1,34,33
2024020740,2025-01-20,BOS,8476914,Joonas Korpisalo,1,28,25
2024020740,2025-01-20,SJS,8482137,Yaroslav Askarov,1,31,27
2024020741,2025-01-20,MIN,8470594,Marc-Andre Fleury,1,27,26
2024020741,2025-01-20,COL,8478406,Mackenzie Blackwood,1,26,23
2024020742,2025-01-20,SEA,8478916,Joey Daccord,1,29,25
2024020742,2025-01-20,BUF,8482221,Devon Levi,1,33,28
2024020743,2025-01-20,STL,8476412,Jordan Binnington,1,32,28
2024020743,2025-01-20,VGK,8478499,Adin Hill,1,28,24
2024020744,2025-01-20,TBL,8477992,Jonas Johansson,1,27,23
2024020744,2025-01-20,TOR,8479361,Joseph Woll,1,30,27
2024020745,2025-01-20,CBJ,8478007,Elvis Merzlikins,1,25,22
2024020745,2025-01-20,NYI,8478009,Ilya Sorokin,1,26,25
2024020746,2025-01-20,CHI,8475852,Petr Mrazek,1,48,44
2024020746,2025-01-20,CAR,8475883,Frederik Andersen,1,25,22
2024020747,2025-01-20,WPG,8476945,Connor Hellebuyck,1,27,23
2024020747,2025-01-20,UTA,8478971,Connor Ingram,1,25,23
2024020748,2025-01-20,PIT,8477968,Alex Nedeljkovic,1,26,25
2024020748,2025-01-20,LAK,8479496,David Rittich,1,32,28
2024020749,2025-01-21,TBL,8476883,Andrei Vasilevskiy,1,22,19
2024020749,2025-01-21,MTL,8478470,Samuel Montembeault,1,35,33
2024020750,2025-01-21,OTT,8476341,Anton Forsberg,0,13,10
2024020750,2025-01-21,NYR,8478048,Igor Shesterkin,1,20,20
2024020750,2025-01-21,OTT,8482447,Leevi Merilainen,1,16,14
2024020751,2025-01-21,DET,8479312,Alex Lyon,1,26,24
2024020751,2025-01-21,PHI,8481035,Samuel Ersson,1,28,27
2024020752,2025-01-21,NSH,8477424,Juuse Saros,1,8,4
2024020752,2025-01-21,SJS,8480382,Alexandar Georgiev,1,40,34
2024020752,2025-01-21,NSH,8481020,Justus Annunen,0,16,15
2024020753,2025-01-21,DAL,8479979,Jake Oettinger,1,19,17
2024020753,2025-01-21,CAR,8481611,Pyotr Kochetkov,1,23,22
2024020754,2025-01-21,EDM,8479973,Stuart Skinner,1,14,11
2024020754,2025-01-21,WSH,8480313,Logan Thompson,1,32,30
2024020755,2025-01-21,VAN,8477967,Thatcher Demko,1,26,23
2024020755,2025-01-21,BUF,8480045,Ukko-Pekka Luukkonen,1,34,32
2024020756,2025-01-21,FLA,8475683,Sergei Bobrovsky,1,30,28
2024020756,2025-01-21,ANA,8480843,Lukas Dostal,1,29,24
2024020757,2025-01-22,CBJ,8478007,Elvis Merzlikins,1,29,28
2024020757,2025-01-22,TOR,8483710,Dennis Hildeby,1,18,14
2024020758,2025-01-22,NJD,8474593,Jacob Markstrom,1,7,6
2024020758,2025-01-22,NJD,8474596,Jake Allen,0,16,16
2024020758,2025-01-22,BOS,8476914,Joonas Korpisalo,0,6,5
2024020758,2025-01-22,BOS,8480280,Jeremy Swayman,1,28,24
2024020759,2025-01-22,WPG,8476945,Connor Hellebuyck,1,27,25
2024020759,2025-01-22,COL,8478406,Mackenzie Blackwood,1,25,22
2024020760,2025-01-22,LAK,8475311,Darcy Kuemper,1,28,27
2024020760,2025-01-22,FLA,8481519,Spencer Knight,1,28,26
2024020761,2025-01-23,OTT,8476341,Anton Forsberg,1,25,24
2024020761,2025-01-23,BOS,8476914,Joonas Korpisalo,1,29,29
2024020762,2025-01-23,DET,8475660,Cam Talbot,1,29,27
2024020762,2025-01-23,MTL,8478470,Samuel Montembeault,1,45,41
2024020763,2025-01-23,NYR,8478048,Igor Shesterkin,1,34,33
2024020763,2025-01-23,PHI,8481035,Samuel Ersson,1,36,31
2024020764,2025-01-23,CAR,8475883,Frederik Andersen,1,22,18
2024020764,2025-01-23,CBJ,8480193,Daniil Tarasov,1,42,36
2024020765,2025-01-23,VGK,8478492,Ilya Samsonov,1,17,15
2024020765,2025-01-23,STL,8480981,Joel Hofer,1,30,27
2024020766,2025-01-23,UTA,8478872,Karel Vejmelka,1,26,26
2024020766,2025-01-23,MIN,8479406,Filip Gustavsson,1,29,25
2024020767,2025-01-23,BUF,8480045,Ukko-Pekka Luukkonen,1,24,21
2024020767,2025-01-23,CGY,8481692,Dustin Wolf,1,34,32
2024020768,2025-01-23,EDM,8475717,Calvin Pickard,1,26,24
2024020768,2025-01-23,VAN,8477967,Thatcher Demko,1,34,28
2024020769,2025-01-23,ANA,8476434,John Gibson,1,32,31
2024020769,2025-01-23,PIT,8477968,Alex Nedeljkovic,1,33,29
2024020770,2025-01-23,SEA,8478916,Joey Daccord,1,31,30
2024020770,2025-01-23,WSH,8479292,Charlie Lindgren,1,22,22
2024020771,2025-01-23,NSH,8481020,Justus Annunen,1,35,30
2024020771,2025-01-23,SJS,8482137,Yaroslav Askarov,1,38,32
2024020772,2025-01-24,NYI,8478009,Ilya Sorokin,1,30,29
2024020772,2025-01-24,PHI,8478905,Ivan Fedotov,1,27,24
2024020773,2025-01-24,TBL,8477992,Jonas Johansson,1,14,11
2024020773,2025-01-24,CHI,8482821,Arvid Soderblom,1,40,36
2024020774,2025-01-24,VGK,8478499,Adin Hill,1,27,23
2024020774,2025-01-24,DAL,8479979,Jake Oettinger,1,21,18
2024020775,2025-01-24,WPG,8476945,Connor Hellebuyck,1,19,17
2024020775,2025-01-24,UTA,8478971,Connor Ingram,1,28,24
2024020776,2025-01-25,COL,8475809,Scott Wedgewood,1,14,12
2024020776,2025-01-25,BOS,8480280,Jeremy Swayman,1,28,27
2024020777,2025-01-25,BUF,8473503,James Reimer,1,34,31
2024020777,2025-01-25,EDM,8479973,Stuart Skinner,1,41,39
2024020778,2025-01-25,SEA,8478916,Joey Daccord,1,29,28
2024020778,2025-01-25,PIT,8482446,Joel Blomqvist,1,25,21
2024020779,2025-01-25,NJD,8474596,Jake Allen,1,32,29
2024020779,2025-01-25,MTL,8482487,Jakub Dobes,1,44,40
2024020780,2025-01-25,OTT,8476341,Anton Forsberg,1,29,28
2024020780,2025-01-25,TOR,8479361,Joseph Woll,1,23,21
2024020781,2025-01-25,DET,8475660,Cam Talbot,1,28,28
2024020781,2025-01-25,TBL,8476883,Andrei Vasilevskiy,1,31,30
2024020782,2025-01-25,LAK,8475311,Darcy Kuemper,1,24,21
2024020782,2025-01-25,CBJ,8478007,Elvis Merzlikins,1,33,31
2024020783,2025-01-25,STL,8476412,Jordan Binnington,1,19,17
2024020783,2025-01-25,DAL,8479193,Casey DeSmith,1,33,33
2024020784,2025-01-25,MIN,8470594,Marc-Andre Fleury,1,29,24
2024020784,2025-01-25,CGY,8481692,Dustin Wolf,1,25,21
2024020785,2025-01-25,NYI,8477405,Marcus Hogberg,1,26,24
2024020785,2025-01-25,NYI,8478009,Ilya Sorokin,0,1,1
2024020785,2025-01-25,CAR,8481611,Pyotr Kochetkov,1,27,24
2024020786,2025-01-25,WSH,8479292,Charlie Lindgren,1,25,23
2024020786,2025-01-25,VAN,8480947,Kevin Lankinen,1,33,32
2024020787,2025-01-25,ANA,8476434,John Gibson,1,10,9
2024020787,2025-01-25,NSH,8477424,Juuse Saros,1,35,30
2024020787,2025-01-25,ANA,8480843,Lukas Dostal,0,33,32
2024020788,2025-01-25,FLA,8475683,Sergei Bobrovsky,1,23,21
2024020788,2025-01-25,SJS,8480382,Alexandar Georgiev,1,15,11
2024020788,2025-01-25,SJS,8482137,Yaroslav Askarov,0,17,14
2024020789,2025-01-26,NYR,8478048,Igor Shesterkin,1,22,17
2024020789,2025-01-26,COL,8478406,Mackenzie Blackwood,1,37,33
2024020790,2025-01-26,UTA,8478872,Karel Vejmelka,1,27,24
2024020790,2025-01-26,OTT,8482447,Leevi Merilainen,1,35,34
2024020791,2025-01-26,WPG,8477480,Eric Comrie,1,22,20
2024020791,2025-01-26,CGY,8478435,Dan Vladar,1,27,22
2024020792,2025-01-26,CHI,8475852,Petr Mrazek,1,27,24
2024020792,2025-01-26,MIN,8479406,Filip Gustavsson,1,20,18
2024020793,2025-01-26,VGK,8478499,Adin Hill,1,34,33
2024020793,2025-01-26,FLA,8481519,Spencer Knight,1,25,22
2024020794,2025-01-27,LAK,8475311,Darcy Kuemper,1,27,23
2024020794,2025-01-27,DET,8475660,Cam Talbot,1,25,24
2024020795,2025-01-27,NJD,8474596,Jake Allen,1,25,22
2024020795,2025-01-27,PHI,8481035,Samuel Ersson,1,33,31
2024020796,2025-01-27,STL,8476412,Jordan Binnington,1,18,15
2024020796,2025-01-27,VAN,8480947,Kevin Lankinen,1,26,24
2024020796,2025-01-27,STL,8480981,Joel Hofer,0,11,10
2024020797,2025-01-27,EDM,8475717,Calvin Pickard,1,28,26
2024020797,2025-01-27,SEA,8478916,Joey Daccord,1,30,27
2024020798,2025-01-27,PIT,8477968,Alex Nedeljkovic,1,28,26
2024020798,2025-01-27,SJS,8482137,Yaroslav Askarov,1,30,29
2024020799,2025-01-28,BUF,8480045,Ukko-Pekka Luukkonen,1,27,25
2024020799,2025-01-28,BOS,8480280,Jeremy Swayman,1,32,26
2024020800,2025-01-28,WPG,8476945,Connor Hellebuyck,1,25,24
2024020800,2025-01-28,MTL,8478470,Samuel Montembeault,1,23,20
2024020801,2025-01-28,TBL,8477992,Jonas Johansson,1,20,17
2024020801,2025-01-28,CHI,8482821,Arvid Soderblom,1,35,34
2024020802,2025-01-28,CAR,8475883,Frederik Andersen,1,22,22
2024020802,2025-01-28,NYR,8478048,Igor Shesterkin,1,26,22
2024020803,2025-01-28,NYI,8478009,Ilya Sorokin,1,32,30
2024020803,2025-01-28,COL,8478406,Mackenzie Blackwood,1,27,23
2024020804,2025-01-28,WSH,8480313,Logan Thompson,1,33,32
2024020804,2025-01-28,CGY,8481692,Dustin Wolf,1,23,20
2024020805,2025-01-28,VGK,8478499,Adin Hill,1,28,24
2024020805,2025-01-28,DAL,8479979,Jake Oettinger,1,28,25
2024020806,2025-01-28,SEA,8475831,Philipp Grubauer,1,22,17
2024020806,2025-01-28,ANA,8480843,Lukas Dostal,1,30,26
2024020807,2025-01-29,TOR,8479361,Joseph Woll,1,24,22
2024020807,2025-01-29,MIN,8479406,Filip Gustavsson,1,33,32
2024020808,2025-01-29,LAK,8475311,Darcy Kuemper,1,38,36
2024020808,2025-01-29,FLA,8475683,Sergei Bobrovsky,1,29,29
2024020809,2025-01-29,NJD,8474596,Jake Allen,1,24,24
2024020809,2025-01-29,PHI,8478905,Ivan Fedotov,0,10,9
2024020809,2025-01-29,PHI,8481035,Samuel Ersson,1,16,12
2024020810,2025-01-29,NSH,8477424,Juuse Saros,1,21,19
2024020810,2025-01-29,VAN,8477967,Thatcher Demko,1,32,31
2024020811,2025-01-29,PIT,8477968,Alex Nedeljkovic,1,29,27
2024020811,2025-01-29,UTA,8478971,Connor Ingram,1,29,26
2024020812,2025-01-30,BOS,8476914,Joonas Korpisalo,1,27,22
2024020812,2025-01-30,WPG,8476945,Connor Hellebuyck,1,28,26
2024020813,2025-01-30,MIN,8470594,Marc-Andre Fleury,1,19,19
2024020813,2025-01-30,MTL,8482487,Jakub Dobes,1,26,23
2024020814,2025-01-30,OTT,8476341,Anton Forsberg,1,35,31
2024020814,2025-01-30,WSH,8479292,Charlie Lindgren,1,34,29
2024020815,2025-01-30,TBL,8476883,Andrei Vasilevskiy,1,28,28
2024020815,2025-01-30,LAK,8479496,David Rittich,1,32,30
2024020816,2025-01-30,NYI,8478009,Ilya Sorokin,1,23,23
2024020816,2025-01-30,PHI,8478905,Ivan Fedotov,1,28,25
2024020817,2025-01-30,CAR,8481611,Pyotr Kochetkov,1,20,18
2024020817,2025-01-30,CHI,8482821,Arvid Soderblom,1,27,24
2024020818,2025-01-30,ANA,8476434,John Gibson,1,29,26
2024020818,2025-01-30,CGY,8481692,Dustin Wolf,1,31,30
2024020819,2025-01-30,DET,8479312,Alex Lyon,1,47,45
2024020819,2025-01-30,EDM,8479973,Stuart Skinner,1,35,33
2024020820,2025-01-30,CBJ,8478007,Elvis Merzlikins,1,26,25
2024020820,2025-01-30,VGK,8478492,Ilya Samsonov,1,24,22
2024020821,2025-01-30,SEA,8478916,Joey Daccord,1,28,26
2024020821,2025-01-30,SJS,8480382,Alexandar Georgiev,0,22,20
2024020821,2025-01-30,SJS,8482137,Yaroslav Askarov,1,11,7
2024020822,2025-01-31,BUF,8480045,Ukko-Pekka Luukkonen,1,31,28
2024020822,2025-01-31,NSH,8481020,Justus Annunen,1,27,23
2024020823,2025-01-31,VAN,8477967,Thatcher Demko,1,14,11
2024020823,2025-01-31,DAL,8479979,Jake Oettinger,1,29,26
2024020824,2025-01-31,COL,8478406,Mackenzie Blackwood,1,19,19
2024020824,2025-01-31,STL,8480981,Joel Hofer,1,36,31
2024020825,2025-01-31,UTA,8478872,Karel Vejmelka,1,23,20
2024020825,2025-01-31,CBJ,8480193,Daniil Tarasov,1,34,32
2024020826,2025-02-01,FLA,8475683,Sergei Bobrovsky,1,25,24
2024020826,2025-02-01,CHI,8475852,Petr Mrazek,1,44,39
2024020827,2025-02-01,NYR,8478048,Igor Shesterkin,1,24,19
2024020827,2025-02-01,BOS,8480280,Jeremy Swayman,1,25,22
2024020828,2025-02-01,MIN,8479406,Filip Gustavsson,1,52,46
2024020828,2025-02-01,OTT,8482447,Leevi Merilainen,1,16,16
2024020829,2025-02-01,TBL,8476883,Andrei Vasilevskiy,1,36,33
2024020829,2025-02-01,NYI,8478009,Ilya Sorokin,1,31,29
2024020830,2025-02-01,NSH,8477424,Juuse Saros,1,35,33
2024020830,2025-02-01,PIT,8477968,Alex Nedeljkovic,1,25,25
2024020831,2025-02-01,WPG,8476945,Connor Hellebuyck,1,29,25
2024020831,2025-02-01,WSH,8480313,Logan Thompson,1,30,25
2024020832,2025-02-01,LAK,8475311,Darcy Kuemper,1,28,26
2024020832,2025-02-01,CAR,8475883,Frederik Andersen,1,26,22
2024020833,2025-02-01,TOR,8479361,Joseph Woll,1,48,45
2024020833,2025-02-01,EDM,8479973,Stuart Skinner,1,28,24
2024020834,2025-02-01,DET,8475660,Cam Talbot,1,34,33
2024020834,2025-02-01,CGY,8481692,Dustin Wolf,1,24,22
2024020835,2025-02-02,NJD,8474596,Jake Allen,1,27,23
2024020835,2025-02-02,BUF,8480045,Ukko-Pekka Luukkonen,1,24,21
2024020835,2025-02-02,NJD,8482076,Nico Daws,0,7,7
2024020836,2025-02-02,COL,8478406,Mackenzie Blackwood,1,24,24
2024020836,2025-02-02,PHI,8481035,Samuel Ersson,1,32,30
2024020837,2025-02-02,MTL,8478470,Samuel Montembeault,1,22,19
2024020837,2025-02-02,ANA,8480843,Lukas Dostal,1,23,21
2024020838,2025-02-02,NYI,8480819,Jakub Skarek,1,32,27
2024020838,2025-02-02,FLA,8481519,Spencer Knight,1,34,31
2024020839,2025-02-02,NYR,8471734,Jonathan Quick,1,36,34
2024020839,2025-02-02,VGK,8478499,Adin Hill,1,28,24
2024020840,2025-02-02,CBJ,8478007,Elvis Merzlikins,1,39,34
2024020840,2025-02-02,DAL,8479193,Casey DeSmith,1,30,27
2024020841,2025-02-02,STL,8476412,Jordan Binnington,1,25,24
2024020841,2025-02-02,UTA,8478971,Connor Ingram,1,29,27
2024020842,2025-02-02,DET,8479312,Alex Lyon,1,27,25
2024020842,2025-02-02,VAN,8480947,Kevin Lankinen,1,18,15
2024020843,2025-02-02,CGY,8478435,Dan Vladar,1,31,29
2024020843,2025-02-02,SEA,8478916,Joey Daccord,1,35,32
2024020844,2025-02-03,OTT,8476341,Anton Forsberg,1,27,25
2024020844,2025-02-03,NSH,8477424,Juuse Saros,1,38,34
2024020845,2025-02-04,MIN,8470594,Marc-Andre Fleury,1,34,32
2024020845,2025-02-04,BOS,8480280,Jeremy Swayman,1,36,36
2024020846,2025-02-04,BUF,8473503,James Reimer,1,29,27
2024020846,2025-02-04,CBJ,8478007,Elvis Merzlikins,1,21,18
2024020847,2025-02-04,TBL,8476883,Andrei Vasilevskiy,1,28,25
2024020847,2025-02-04,OTT,8476999,Linus Ullmark,1,37,34
2024020848,2025-02-04,PIT,8477968,Alex Nedeljkovic,1,21,19
2024020848,2025-02-04,NJD,8482076,Nico Daws,1,27,25
2024020849,2025-02-04,FLA,8475683,Sergei Bobrovsky,1,24,20
2024020849,2025-02-04,WSH,8480313,Logan Thompson,1,33,30
2024020850,2025-02-04,NYI,8478009,Ilya Sorokin,1,34,33
2024020850,2025-02-04,VGK,8478492,Ilya Samsonov,1,14,12
2024020851,2025-02-04,STL,8476412,Jordan Binnington,1,39,36
2024020851,2025-02-04,EDM,8479973,Stuart Skinner,1,22,20
2024020852,2025-02-04,WPG,8477480,Eric Comrie,1,29,29
2024020852,2025-02-04,CAR,8481611,Pyotr Kochetkov,1,30,27
2024020853,2025-02-04,TOR,8479361,Joseph Woll,1,26,23
2024020853,2025-02-04,CGY,8481692,Dustin Wolf,1,29,24
2024020854,2025-02-04,UTA,8478872,Karel Vejmelka,1,20,18
2024020854,2025-02-04,PHI,8481035,Samuel Ersson,1,42,39
2024020855,2025-02-04,VAN,8477967,Thatcher Demko,1,25,25
2024020855,2025-02-04,COL,8478406,Mackenzie Blackwood,1,30,28
2024020856,2025-02-04,ANA,8476434,John Gibson,1,27,26
2024020856,2025-02-04,DAL,8479979,Jake Oettinger,1,28,26
2024020857,2025-02-04,DET,8475660,Cam Talbot,1,27,23
2024020857,2025-02-04,SEA,8478916,Joey Daccord,1,40,36
2024020858,2025-02-04,MTL,8478470,Samuel Montembeault,1,30,27
2024020858,2025-02-04,SJS,8480382,Alexandar Georgiev,1,20,16
2024020859,2025-02-05,BOS,8476914,Joonas Korpisalo,1,22,19
2024020859,2025-02-05,NYR,8478048,Igor Shesterkin,1,17,15
2024020860,2025-02-05,EDM,8475717,Calvin Pickard,1,32,29
2024020860,2025-02-05,CHI,8482821,Arvid Soderblom,1,38,34
2024020861,2025-02-05,LAK,8475311,Darcy Kuemper,1,21,18
2024020861,2025-02-05,MTL,8482487,Jakub Dobes,1,36,31
2024020862,2025-02-06,OTT,8476341,Anton Forsberg,1,30,26
2024020862,2025-02-06,TBL,8476883,Andrei Vasilevskiy,1,28,27
2024020863,2025-02-06,NJD,8474596,Jake Allen,1,40,37
2024020863,2025-02-06,VGK,8478499,Adin Hill,1,15,14
2024020864,2025-02-06,PHI,8478905,Ivan Fedotov,1,18,14
2024020864,2025-02-06,WSH,8479292,Charlie Lindgren,1,22,19
2024020865,2025-02-06,CBJ,8478007,Elvis Merzlikins,1,33,30
2024020865,2025-02-06,UTA,8478971,Connor Ingram,1,22,20
2024020866,2025-02-06,STL,8480981,Joel Hofer,1,34,31
2024020866,2025-02-06,FLA,8481519,Spencer Knight,1,22,20
2024020867,2025-02-06,CAR,8475883,Frederik Andersen,1,24,22
2024020867,2025-02-06,MIN,8479406,Filip Gustavsson,1,38,37
2024020868,2025-02-06,COL,8478406,Mackenzie Blackwood,1,29,27
2024020868,2025-02-06,CGY,8481692,Dustin Wolf,1,34,30
2024020869,2025-02-06,TOR,8476932,Anthony Stolarz,1,27,26
2024020869,2025-02-06,SEA,8478916,Joey Daccord,1,30,27
2024020870,2025-02-06,VAN,8477967,Thatcher Demko,1,34,33
2024020870,2025-02-06,SJS,8477970,Vitek Vanecek,1,24,22
2024020871,2025-02-07,PIT,8477968,Alex Nedeljkovic,1,24,22
2024020871,2025-02-07,NYR,8478048,Igor Shesterkin,1,26,23
2024020872,2025-02-07,WPG,8476945,Connor Hellebuyck,1,35,32
2024020872,2025-02-07,NYI,8478009,Ilya Sorokin,1,27,23
2024020873,2025-02-07,CHI,8475852,Petr Mrazek,1,33,31
2024020873,2025-02-07,NSH,8477424,Juuse Saros,1,30,24
2024020874,2025-02-07,EDM,8475717,Calvin Pickard,0,19,17
2024020874,2025-02-07,COL,8478406,Mackenzie Blackwood,1,27,23
2024020874,2025-02-07,EDM,8479973,Stuart Skinner,1,12,9
2024020875,2025-02-07,LAK,8479496,David Rittich,1,30,26
2024020875,2025-02-07,DAL,8479979,Jake Oettinger,1,37,33
2024020876,2025-02-08,NJD,8474596,Jake Allen,1,34,34
2024020876,2025-02-08,MTL,8478470,Samuel Montembeault,1,22,18
2024020877,2025-02-08,DET,8475660,Cam Talbot,0,14,11
2024020877,2025-02-08,TBL,8476883,Andrei Vasilevskiy,1,37,34
2024020877,2025-02-08,DET,8479312,Alex Lyon,1,3,1
2024020878,2025-02-08,UTA,8478872,Karel Vejmelka,1,37,31
2024020878,2025-02-08,CAR,8481611,Pyotr Kochetkov,1,39,36
2024020879,2025-02-08,VGK,8478492,Ilya Samsonov,1,24,21
2024020879,2025-02-08,BOS,8480280,Jeremy Swayman,1,38,34
2024020880,2025-02-08,FLA,8475683,Sergei Bobrovsky,1,27,26
2024020880,2025-02-08,OTT,8476999,Linus Ullmark,1,47,43
2024020881,2025-02-08,PHI,8481035,Samuel Ersson,1,33,31
2024020881,2025-02-08,PIT,8482446,Joel Blomqvist,1,20,17
2024020882,2025-02-08,NYR,8471734,Jonathan Quick,1,25,22
2024020882,2025-02-08,CBJ,8478007,Elvis Merzlikins,1,40,36
2024020883,2025-02-08,STL,8476412,Jordan Binnington,1,21,16
2024020883,2025-02-08,CHI,8482821,Arvid Soderblom,1,40,35
2024020884,2025-02-08,VAN,8477967,Thatcher Demko,1,6,6
2024020884,2025-02-08,TOR,8479361,Joseph Woll,1,25,23
2024020884,2025-02-08,VAN,8480947,Kevin Lankinen,0,22,21
2024020885,2025-02-08,BUF,8480045,Ukko-Pekka Luukkonen,1,22,17
2024020885,2025-02-08,NSH,8481020,Justus Annunen,1,29,25
2024020886,2025-02-08,NYI,8478009,Ilya Sorokin,1,32,28
2024020886,2025-02-08,MIN,8479406,Filip Gustavsson,1,35,32
2024020887,2025-02-08,SEA,8478916,Joey Daccord,1,29,27
2024020887,2025-02-08,CGY,8481692,Dustin Wolf,1,28,25
2024020888,2025-02-08,LAK,8479496,David Rittich,1,26,25
2024020888,2025-02-08,ANA,8480843,Lukas Dostal,1,45,44
2024020889,2025-02-08,SJS,8477970,Vitek Vanecek,1,34,26
2024020889,2025-02-08,DAL,8479193,Casey DeSmith,1,27,24
2024020890,2025-02-09,UTA,8478872,Karel Vejmelka,0,32,30
2024020890,2025-02-09,UTA,8478971,Connor Ingram,1,10,8
2024020890,2025-02-09,WSH,8480313,Logan Thompson,1,27,23
2024020891,2025-02-09,TBL,8476883,Andrei Vasilevskiy,1,35,32
2024020891,2025-02-09,MTL,8478470,Samuel Montembeault,0,12,11
2024020891,2025-02-09,MTL,8482487,Jakub Dobes,1,8,5
2024020892,2025-02-22,EDM,8479973,Stuart Skinner,1,31,26
2024020892,2025-02-22,PHI,8481035,Samuel Ersson,1,18,15
2024020893,2025-02-22,PIT,8477968,Alex Nedeljkovic,1,13,8
2024020893,2025-02-22,WSH,8480313,Logan Thompson,1,32,29
2024020893,2025-02-22,PIT,8482446,Joel Blomqvist,0,17,14
2024020894,2025-02-22,MIN,8470594,Marc-Andre Fleury,1,30,27
2024020894,2025-02-22,DET,8475660,Cam Talbot,1,39,35
2024020895,2025-02-22,NYR,8471734,Jonathan Quick,0,17,14
2024020895,2025-02-22,NYR,8478048,Igor Shesterkin,1,16,11
2024020895,2025-02-22,BUF,8480045,Ukko-Pekka Luukkonen,1,28,26
2024020896,2025-02-22,FLA,8475683,Sergei Bobrovsky,1,22,20
2024020896,2025-02-22,SEA,8478916,Joey Daccord,1,27,26
2024020897,2025-02-22,NJD,8474596,Jake Allen,1,25,22
2024020897,2025-02-22,DAL,8479193,Casey DeSmith,1,33,31
2024020898,2025-02-22,COL,8475809,Scott Wedgewood,1,17,15
2024020898,2025-02-22,NSH,8477424,Juuse Saros,1,32,31
2024020899,2025-02-22,ANA,8476434,John Gibson,1,20,19
2024020899,2025-02-22,BOS,8480280,Jeremy Swayman,1,29,26
2024020899,2025-02-22,ANA,8480843,Lukas Dostal,0,10,9
2024020900,2025-02-22,TOR,8476932,Anthony Stolarz,1,35,32
2024020900,2025-02-22,CAR,8481611,Pyotr Kochetkov,1,21,18
2024020901,2025-02-22,OTT,8476341,Anton Forsberg,0,10,10
2024020901,2025-02-22,OTT,8476999,Linus Ullmark,1,15,10
2024020901,2025-02-22,MTL,8478470,Samuel Montembeault,1,27,25
2024020902,2025-02-22,CHI,8475852,Petr Mrazek,1,21,16
2024020902,2025-02-22,CBJ,8478007,Elvis Merzlikins,1,28,27
2024020903,2025-02-22,WPG,8477480,Eric Comrie,1,24,21
2024020903,2025-02-22,STL,8480981,Joel Hofer,1,28,25
2024020904,2025-02-22,LAK,8475311,Darcy Kuemper,1,28,25
2024020904,2025-02-22,UTA,8478971,Connor Ingram,1,25,21
2024020905,2025-02-22,VGK,8478499,Adin Hill,1,34,33
2024020905,2025-02-22,VAN,8480947,Kevin Lankinen,1,34,32
2024020906,2025-02-23,EDM,8475717,Calvin Pickard,1,34,28
2024020906,2025-02-23,WSH,8479292,Charlie Lindgren,1,25,22
2024020907,2025-02-23,NYR,8478048,Igor Shesterkin,1,40,37
2024020907,2025-02-23,PIT,8482446,Joel Blomqvist,1,15,11
2024020908,2025-02-23,DET,8479312,Alex Lyon,1,28,24
2024020908,2025-02-23,ANA,8480843,Lukas Dostal,1,36,31
2024020909,2025-02-23,TBL,8476883,Andrei Vasilevskiy,1,37,36
2024020909,2025-02-23,SEA,8478848,Ales Stezka,1,23,20
2024020910,2025-02-23,STL,8476412,Jordan Binnington,1,29,28
2024020910,2025-02-23,COL,8478406,Mackenzie Blackwood,1,25,22
2024020911,2025-02-23,NSH,8481020,Justus Annunen,1,36,31
2024020911,2025-02-23,NJD,8482076,Nico Daws,1,29,29
2024020912,2025-02-23,TOR,8479361,Joseph Woll,1,27,25
2024020912,2025-02-23,CHI,8482821,Arvid Soderblom,1,29,25
2024020913,2025-02-23,NYI,8478009,Ilya Sorokin,1,29,25
2024020913,2025-02-23,DAL,8479979,Jake Oettinger,1,37,34
2024020914,2025-02-23,SJS,8480382,Alexandar Georgiev,1,36,33
2024020914,2025-02-23,CGY,8481692,Dustin Wolf,1,29,27
2024020915,2025-02-23,UTA,8478872,Karel Vejmelka,1,16,15
2024020915,2025-02-23,VAN,8481668,Arturs Silovs,1,32,30
2024020916,2025-02-24,WPG,8476945,Connor Hellebuyck,1,18,17
2024020916,2025-02-24,SJS,8477970,Vitek Vanecek,1,35,33
2024020917,2025-02-24,LAK,8475311,Darcy Kuemper,1,23,21
2024020917,2025-02-24,VGK,8478492,Ilya Samsonov,1,19,14
2024020918,2025-02-25,TOR,8476932,Anthony Stolarz,1,36,32
2024020918,2025-02-25,BOS,8480280,Jeremy Swayman,1,29,24
2024020919,2025-02-25,BUF,8480045,Ukko-Pekka Luukkonen,1,18,16
2024020919,2025-02-25,ANA,8480843,Lukas Dostal,1,37,34
2024020920,2025-02-25,CAR,8475883,Frederik Andersen,1,18,14
2024020920,2025-02-25,MTL,8478470,Samuel Montembeault,1,20,20
2024020921,2025-02-25,TBL,8476883,Andrei Vasilevskiy,1,24,23
2024020921,2025-02-25,EDM,8479973,Stuart Skinner,1,36,32
2024020922,2025-02-25,PIT,8477968,Alex Nedeljkovic,1,38,32
2024020922,2025-02-25,PHI,8481035,Samuel Ersson,1,24,23
2024020923,2025-02-25,CGY,8478435,Dan Vladar,1,27,26
2024020923,2025-02-25,WSH,8480313,Logan Thompson,1,25,22
2024020924,2025-02-25,CBJ,8478007,Elvis Merzlikins,1,22,18
2024020924,2025-02-25,DAL,8479979,Jake Oettinger,1,28,23
2024020925,2025-02-25,NYI,8478009,Ilya Sorokin,1,11,6
2024020925,2025-02-25,NYR,8478048,Igor Shesterkin,1,37,36
2024020925,2025-02-25,NYI,8480819,Jakub Skarek,0,7,7
2024020926,2025-02-25,STL,8476412,Jordan Binnington,1,27,25
2024020926,2025-02-25,SEA,8478916,Joey Daccord,1,21,16
2024020926,2025-02-25,SEA,8483668,Nikke Kokko,0,6,4
2024020927,2025-02-25,NSH,8477424,Juuse Saros,1,25,21
2024020927,2025-02-25,FLA,8481519,Spencer Knight,1,18,17
2024020928,2025-02-25,DET,8475660,Cam Talbot,1,24,22
2024020928,2025-02-25,MIN,8479406,Filip Gustavsson,1,16,13
2024020929,2025-02-25,UTA,8478872,Karel Vejmelka,1,22,21
2024020929,2025-02-25,CHI,8482821,Arvid Soderblom,1,37,35
2024020930,2025-02-26,WPG,8476945,Connor Hellebuyck,1,24,23
2024020930,2025-02-26,OTT,8476999,Linus Ullmark,1,38,36
2024020931,2025-02-26,NJD,8474596,Jake Allen,1,37,32
2024020931,2025-02-26,COL,8478406,Mackenzie Blackwood,1,23,22
2024020931,2025-02-26,NJD,8482076,Nico Daws,0,0,0
2024020932,2025-02-26,LAK,8479496,David Rittich,1,17,14
2024020932,2025-02-26,VAN,8480947,Kevin Lankinen,1,26,24
2024020933,2025-02-27,NYI,8478009,Ilya Sorokin,1,39,38
2024020933,2025-02-27,BOS,8480280,Jeremy Swayman,1,20,18
2024020934,2025-02-27,MTL,8478470,Samuel Montembeault,1,26,23
2024020934,2025-02-27,SJS,8480382,Alexandar Georgiev,1,33,29
2024020935,2025-02-27,DET,8475660,Cam Talbot,1,29,25
2024020935,2025-02-27,CBJ,8480193,Daniil Tarasov,1,31,29
2024020936,2025-02-27,TBL,8476883,Andrei Vasilevskiy,1,28,28
2024020936,2025-02-27,CGY,8481692,Dustin Wolf,1,21,19
2024020937,2025-02-27,FLA,8475683,Sergei Bobrovsky,1,27,24
2024020937,2025-02-27,EDM,8479973,Stuart Skinner,1,36,32
2024020938,2025-02-27,PIT,8477968,Alex Nedeljkovic,1,14,11
2024020938,2025-02-27,PHI,8481035,Samuel Ersson,1,25,20
2024020938,2025-02-27,PIT,8482446,Joel Blomqvist,0,23,22
2024020939,2025-02-27,WSH,8479292,Charlie Lindgren,1,18,14
2024020939,2025-02-27,STL,8480981,Joel Hofer,1,18,16
2024020940,2025-02-27,BUF,8473503,James Reimer,0,29,27
2024020940,2025-02-27,BUF,8480045,Ukko-Pekka Luukkonen,1,7,5
2024020940,2025-02-27,CAR,8481611,Pyotr Kochetkov,1,15,13
2024020941,2025-02-27,NSH,8477424,Juuse Saros,1,23,22
2024020941,2025-02-27,WPG,8477480,Eric Comrie,1,31,29
2024020942,2025-02-27,MIN,8470594,Marc-Andre Fleury,1,31,25
2024020942,2025-02-27,UTA,8478872,Karel Vejmelka,1,16,15
2024020943,2025-02-27,CHI,8475852,Petr Mrazek,1,15,10
2024020943,2025-02-27,VGK,8478492,Ilya Samsonov,1,22,17
2024020943,2025-02-27,CHI,8482821,Arvid Soderblom,0,18,16
2024020944,2025-02-27,ANA,8480843,Lukas Dostal,1,24,22
2024020944,2025-02-27,VAN,8481668,Arturs Silovs,1,24,20
2024020945,2025-02-28,TOR,8476932,Anthony Stolarz,1,35,33
2024020945,2025-02-28,NYR,8478048,Igor Shesterkin,1,16,13
2024020946,2025-02-28,LAK,8475311,Darcy Kuemper,1,31,25
2024020946,2025-02-28,DAL,8479979,Jake Oettinger,1,31,29
2024020947,2025-02-28,COL,8478406,Mackenzie Blackwood,1,20,18
2024020947,2025-02-28,MIN,8479406,Filip Gustavsson,1,29,25
2024020948,2025-03-01,DET,8475660,Cam Talbot,1,20,16
2024020948,2025-03-01,CBJ,8478007,Elvis Merzlikins,1,46,43
2024020949,2025-03-01,NSH,8477424,Juuse Saros,1,35,29
2024020949,2025-03-01,NYI,8478009,Ilya Sorokin,1,29,25
2024020950,2025-03-01,TBL,8476883,Andrei Vasilevskiy,1,21,20
2024020950,2025-03-01,WSH,8480313,Logan Thompson,1,18,16
2024020951,2025-03-01,FLA,8475683,Sergei Bobrovsky,1,23,23
2024020951,2025-03-01,CGY,8478435,Dan Vladar,1,42,39
2024020952,2025-03-01,BOS,8476914,Joonas Korpisalo,1,33,31
2024020952,2025-03-01,PIT,8477968,Alex Nedeljkovic,1,25,23
2024020953,2025-03-01,BUF,8480045,Ukko-Pekka Luukkonen,1,28,25
2024020953,2025-03-01,MTL,8482487,Jakub Dobes,1,25,23
2024020954,2025-03-01,OTT,8476999,Linus Ullmark,1,37,34
2024020954,2025-03-01,SJS,8477970,Vitek Vanecek,1,31,27
2024020955,2025-03-01,EDM,8475717,Calvin Pickard,1,36,35
2024020955,2025-03-01,CAR,8475883,Frederik Andersen,1,30,28
2024020956,2025-03-01,WPG,8476945,Connor Hellebuyck,1,32,31
2024020956,2025-03-01,PHI,8478905,Ivan Fedotov,1,30,29
2024020957,2025-03-01,STL,8476412,Jordan Binnington,1,26,25
2024020957,2025-03-01,LAK,8479496,David Rittich,1,34,30
2024020958,2025-03-01,UTA,8478872,Karel Vejmelka,1,29,26
2024020958,2025-03-01,NJD,8482076,Nico Daws,1,25,24
2024020959,2025-03-01,ANA,8476434,John Gibson,1,24,18
2024020959,2025-03-01,CHI,8482821,Arvid Soderblom,1,31,28
2024020960,2025-03-01,SEA,8478916,Joey Daccord,1,31,28
2024020960,2025-03-01,VAN,8480947,Kevin Lankinen,1,23,18
2024020961,2025-03-02,TOR,8479361,Joseph Woll,1,34,29
2024020961,2025-03-02,PIT,8482446,Joel Blomqvist,1,33,27
2024020962,2025-03-02,MIN,8479406,Filip Gustavsson,1,28,28
2024020962,2025-03-02,BOS,8480280,Jeremy Swayman,1,22,21
2024020963,2025-03-02,CAR,8481611,Pyotr Kochetkov,1,16,15
2024020963,2025-03-02,CGY,8481692,Dustin Wolf,1,33,31
2024020964,2025-03-02,STL,8476412,Jordan Binnington,0,12,9
2024020964,2025-03-02,DAL,8479979,Jake Oettinger,1,42,39
2024020964,2025-03-02,STL,8480981,Joel Hofer,1,9,6
2024020965,2025-03-02,NYR,8471734,Jonathan Quick,1,34,34
2024020965,2025-03-02,NSH,8481020,Justus Annunen,1,34,30
2024020966,2025-03-02,NJD,8474593,Jacob Markstrom,1,24,22
2024020966,2025-03-02,VGK,8478499,Adin Hill,1,25,25
2024020967,2025-03-03,OTT,8476999,Linus Ullmark,1,41,37
2024020967,2025-03-03,WSH,8480313,Logan Thompson,1,37,33
2024020968,2025-03-03,BUF,8473503,James Reimer,1,20,16
2024020968,2025-03-03,MTL,8478470,Samuel Montembeault,1,36,33
2024020969,2025-03-03,FLA,8475683,Sergei Bobrovsky,1,29,28
2024020969,2025-03-03,TBL,8476883,Andrei Vasilevskiy,1,29,27
2024020970,2025-03-03,NYI,8478009,Ilya Sorokin,1,26,23
2024020970,2025-03-03,NYR,8478048,Igor Shesterkin,1,21,21
2024020971,2025-03-03,TOR,8476932,Anthony Stolarz,1,22,20
2024020971,2025-03-03,SJS,8480382,Alexandar Georgiev,1,27,25
2024020972,2025-03-03,LAK,8475311,Darcy Kuemper,1,18,14
2024020972,2025-03-03,CHI,8481519,Spencer Knight,1,42,41
2024020973,2025-03-04,NSH,8477424,Juuse Saros,1,21,18
2024020973,2025-03-04,BOS,8480280,Jeremy Swayman,1,29,24
2024020974,2025-03-04,BUF,8480045,Ukko-Pekka Luukkonen,1,27,22
2024020974,2025-03-04,SJS,8480382,Alexandar Georgiev,1,22,20
2024020975,2025-03-04,CAR,8475883,Frederik Andersen,1,25,24
2024020975,2025-03-04,DET,8479312,Alex Lyon,1,30,28
2024020976,2025-03-04,TBL,8477992,Jonas Johansson,1,33,31
2024020976,2025-03-04,CBJ,8478007,Elvis Merzlikins,1,39,34
2024020977,2025-03-04,PHI,8478905,Ivan Fedotov,0,28,26
2024020977,2025-03-04,PHI,8481035,Samuel Ersson,1,5,2
2024020977,2025-03-04,CGY,8481692,Dustin Wolf,1,29,26
2024020978,2025-03-04,WPG,8476945,Connor Hellebuyck,1,29,26
2024020978,2025-03-04,NYI,8478009,Ilya Sorokin,1,28,26
2024020979,2025-03-04,NJD,8474593,Jacob Markstrom,1,21,17
2024020979,2025-03-04,DAL,8479193,Casey DeSmith,1,28,25
2024020980,2025-03-04,COL,8475809,Scott Wedgewood,1,33,32
2024020980,2025-03-04,PIT,8477968,Alex Nedeljkovic,1,23,21
2024020981,2025-03-04,EDM,8475717,Calvin Pickard,1,11,7
2024020981,2025-03-04,EDM,8479973,Stuart Skinner,0,16,14
2024020981,2025-03-04,ANA,8480843,Lukas Dostal,1,35,33
2024020982,2025-03-04,SEA,8478916,Joey Daccord,1,20,16
2024020982,2025-03-04,MIN,8479406,Filip Gustavsson,1,36,33
2024020983,2025-03-05,NYR,8478048,Igor Shesterkin,1,26,23
2024020983,2025-03-05,WSH,8479292,Charlie Lindgren,1,17,15
2024020984,2025-03-05,OTT,8476999,Linus Ullmark,1,20,17
2024020984,2025-03-05,CHI,8482821,Arvid Soderblom,1,26,22
2024020985,2025-03-05,TOR,8476932,Anthony Stolarz,0,18,16
2024020985,2025-03-05,VGK,8478499,Adin Hill,1,31,29
2024020985,2025-03-05,TOR,8479361,Joseph Woll,1,7,4
2024020986,2025-03-05,ANA,8476434,John Gibson,1,21,19
2024020986,2025-03-05,ANA,8480843,Lukas Dostal,0,15,14
2024020986,2025-03-05,VAN,8480947,Kevin Lankinen,1,16,14
2024020987,2025-03-05,LAK,8475311,Darcy Kuemper,1,30,28
2024020987,2025-03-05,STL,8476412,Jordan Binnington,1,23,21
2024020988,2025-03-06,UTA,8478872,Karel Vejmelka,1,40,38
2024020988,2025-03-06,DET,8479312,Alex Lyon,1,19,15
2024020989,2025-03-06,TBL,8476883,Andrei Vasilevskiy,1,33,28
2024020989,2025-03-06,BUF,8480045,Ukko-Pekka Luukkonen,1,26,20
2024020990,2025-03-06,FLA,8475683,Sergei Bobrovsky,1,16,16
2024020990,2025-03-06,CBJ,8478007,Elvis Merzlikins,1,35,33
2024020991,2025-03-06,WPG,8477480,Eric Comrie,1,22,21
2024020991,2025-03-06,PHI,8481035,Samuel Ersson,1,27,23
2024020992,2025-03-06,BOS,8476914,Joonas Korpisalo,1,23,20
2024020992,2025-03-06,CAR,8481611,Pyotr Kochetkov,1,34,32
2024020993,2025-03-06,NSH,8477424,Juuse Saros,1,25,22
2024020993,2025-03-06,SEA,8478916,Joey Daccord,1,33,29
2024020994,2025-03-06,CGY,8478435,Dan Vladar,1,27,24
2024020994,2025-03-06,DAL,8479979,Jake Oettinger,1,28,26
2024020995,2025-03-06,MTL,8478470,Samuel Montembeault,1,32,29
2024020995,2025-03-06,EDM,8479973,Stuart Skinner,1,27,25
2024020996,2025-03-06,COL,8478406,Mackenzie Blackwood,1,34,31
2024020996,2025-03-06,SJS,8480382,Alexandar Georgiev,1,32,25
2024020997,2025-03-07,NJD,8474593,Jacob Markstrom,1,35,29
2024020997,2025-03-07,WPG,8476945,Connor Hellebuyck,1,23,22
2024020998,2025-03-07,DET,8475660,Cam Talbot,1,28,23
2024020998,2025-03-07,WSH,8480313,Logan Thompson,1,19,17
2024020999,2025-03-07,UTA,8478872,Karel Vejmelka,1,25,21
2024020999,2025-03-07,CHI,8481519,Spencer Knight,1,39,36
2024021000,2025-03-07,MIN,8479406,Filip Gustavsson,1,19,17
2024021000,2025-03-07,VAN,8480947,Kevin Lankinen,1,38,37
2024021001,2025-03-07,PIT,8477968,Alex Nedeljkovic,1,27,23
2024021001,2025-03-07,VGK,8478492,Ilya Samsonov,1,22,22
2024021002,2025-03-07,STL,8476412,Jordan Binnington,1,24,21
2024021002,2025-03-07,ANA,8480843,Lukas Dostal,1,21,18
2024021003,2025-03-08,OTT,8476999,Linus Ullmark,1,23,20
2024021003,2025-03-08,NYR,8478048,Igor Shesterkin,1,37,33
2024021004,2025-03-08,SEA,8475831,Philipp Grubauer,1,24,23
2024021004,2025-03-08,PHI,8481035,Samuel Ersson,1,32,28
2024021005,2025-03-08,TBL,8476883,Andrei Vasilevskiy,1,24,21
2024021005,2025-03-08,BOS,8480280,Jeremy Swayman,1,25,25
2024021006,2025-03-08,FLA,8477970,Vitek Vanecek,1,21,21
2024021006,2025-03-08,BUF,8480045,Ukko-Pekka Luukkonen,1,35,32
2024021007,2025-03-08,TOR,8476932,Anthony Stolarz,1,32,27
2024021007,2025-03-08,COL,8478406,Mackenzie Blackwood,1,21,17
2024021008,2025-03-08,CGY,8481692,Dustin Wolf,1,26,26
2024021008,2025-03-08,MTL,8482487,Jakub Dobes,1,24,23
2024021009,2025-03-08,NSH,8481020,Justus Annunen,1,19,17
2024021009,2025-03-08,CHI,8482821,Arvid Soderblom,1,41,38
2024021010,2025-03-08,LAK,8475311,Darcy Kuemper,1,20,19
2024021010,2025-03-08,STL,8480981,Joel Hofer,1,23,21
2024021011,2025-03-08,EDM,8479973,Stuart Skinner,1,25,21
2024021011,2025-03-08,DAL,8479979,Jake Oettinger,1,27,22
2024021012,2025-03-08,NYI,8478009,Ilya Sorokin,1,40,38
2024021012,2025-03-08,SJS,8480382,Alexandar Georgiev,1,28,24
2024021013,2025-03-09,NJD,8474596,Jake Allen,1,24,23
2024021013,2025-03-09,PHI,8478905,Ivan Fedotov,1,22,20
2024021014,2025-03-09,SEA,8478916,Joey Daccord,1,23,20
2024021014,2025-03-09,WSH,8479292,Charlie Lindgren,1,32,30
2024021015,2025-03-09,MIN,8470594,Marc-Andre Fleury,1,21,19
2024021015,2025-03-09,PIT,8477465,Tristan Jarry,1,30,29
2024021016,2025-03-09,CAR,8475883,Frederik Andersen,1,22,20
2024021016,2025-03-09,WPG,8476945,Connor Hellebuyck,1,26,23
2024021017,2025-03-09,NYR,8471734,Jonathan Quick,1,28,21
2024021017,2025-03-09,CBJ,8480193,Daniil Tarasov,1,35,32
2024021018,2025-03-09,VGK,8478499,Adin Hill,1,35,29
2024021018,2025-03-09,LAK,8479496,David Rittich,1,32,27
2024021019,2025-03-09,DAL,8479193,Casey DeSmith,1,23,22
2024021019,2025-03-09,VAN,8480947,Kevin Lankinen,1,18,15
2024021020,2025-03-09,NYI,8477405,Marcus Hogberg,1,27,24
2024021020,2025-03-09,ANA,8480843,Lukas Dostal,1,32,31
2024021021,2025-03-10,EDM,8479973,Stuart Skinner,1,23,20
2024021021,2025-03-10,BUF,8480045,Ukko-Pekka Luukkonen,1,34,32
2024021022,2025-03-10,DET,8475660,Cam Talbot,1,23,21
2024021022,2025-03-10,OTT,8476999,Linus Ullmark,1,49,48
2024021023,2025-03-10,COL,8475809,Scott Wedgewood,1,20,20
2024021023,2025-03-10,CHI,8481519,Spencer Knight,1,20,18
2024021024,2025-03-10,UTA,8478872,Karel Vejmelka,1,26,23
2024021024,2025-03-10,TOR,8479361,Joseph Woll,1,33,30
2024021025,2025-03-11,FLA,8475683,Sergei Bobrovsky,1,24,21
2024021025,2025-03-11,BOS,8480280,Jeremy Swayman,1,28,26
2024021026,2025-03-11,NJD,8474593,Jacob Markstrom,1,20,17
2024021026,2025-03-11,CBJ,8478007,Elvis Merzlikins,1,28,23
2024021027,2025-03-11,OTT,8476341,Anton Forsberg,1,22,20
2024021027,2025-03-11,PHI,8478905,Ivan Fedotov,1,23,19
2024021028,2025-03-11,PIT,8477465,Tristan Jarry,1,37,35
2024021028,2025-03-11,VGK,8478492,Ilya Samsonov,1,17,14
2024021029,2025-03-11,TBL,8476883,Andrei Vasilevskiy,1,31,27
2024021029,2025-03-11,CAR,8481611,Pyotr Kochetkov,1,24,23
2024021030,2025-03-11,COL,8478406,Mackenzie Blackwood,1,23,22
2024021030,2025-03-11,MIN,8479406,Filip Gustavsson,1,28,27
2024021031,2025-03-11,WPG,8476945,Connor Hellebuyck,1,22,21
2024021031,2025-03-11,NYR,8478048,Igor Shesterkin,1,24,22
2024021032,2025-03-11,MTL,8478470,Samuel Montembeault,1,31,29
2024021032,2025-03-11,VAN,8480947,Kevin Lankinen,1,26,23
2024021033,2025-03-11,WSH,8480313,Logan Thompson,1,29,25
2024021033,2025-03-11,ANA,8480843,Lukas Dostal,1,42,36
2024021034,2025-03-11,LAK,8475311,Darcy Kuemper,1,34,33
2024021034,2025-03-11,NYI,8478009,Ilya Sorokin,1,31,28
2024021035,2025-03-11,NSH,8477424,Juuse Saros,1,27,25
2024021035,2025-03-11,SJS,8480382,Alexandar Georgiev,1,19,16
2024021036,2025-03-12,DET,8475852,Petr Mrazek,1,26,23
2024021036,2025-03-12,BUF,8480045,Ukko-Pekka Luukkonen,1,29,22
2024021037,2025-03-12,VAN,8480947,Kevin Lankinen,1,23,20
2024021037,2025-03-12,CGY,8481692,Dustin Wolf,1,31,28
2024021038,2025-03-12,ANA,8478024,Ville Husso,1,39,36
2024021038,2025-03-12,UTA,8478872,Karel Vejmelka,1,21,19
2024021039,2025-03-12,SEA,8478916,Joey Daccord,1,25,21
2024021039,2025-03-12,MTL,8482487,Jakub Dobes,1,35,30
2024021040,2025-03-13,FLA,8475683,Sergei Bobrovsky,1,25,23
2024021040,2025-03-13,TOR,8476932,Anthony Stolarz,1,25,22
2024021041,2025-03-13,BOS,8476914,Joonas Korpisalo,0,16,15
2024021041,2025-03-13,OTT,8476999,Linus Ullmark,1,25,22
2024021041,2025-03-13,BOS,8480280,Jeremy Swayman,1,15,11
2024021042,2025-03-13,NJD,8474596,Jake Allen,1,33,31
2024021042,2025-03-13,EDM,8479973,Stuart Skinner,1,22,19
2024021043,2025-03-13,TBL,8477992,Jonas Johansson,1,29,26
2024021043,2025-03-13,PHI,8481035,Samuel Ersson,1,20,17
2024021044,2025-03-13,STL,8476412,Jordan Binnington,1,19,15
2024021044,2025-03-13,PIT,8477465,Tristan Jarry,1,35,32
2024021044,2025-03-13,STL,8480981,Joel Hofer,0,2,2
2024021045,2025-03-13,CBJ,8478007,Elvis Merzlikins,1,28,25
2024021045,2025-03-13,VGK,8478499,Adin Hill,1,27,27
2024021046,2025-03-13,NYR,8478048,Igor Shesterkin,1,28,26
2024021046,2025-03-13,MIN,8479406,Filip Gustavsson,1,31,28
2024021047,2025-03-13,LAK,8475311,Darcy Kuemper,1,21,21
2024021047,2025-03-13,WSH,8479292,Charlie Lindgren,1,27,24
2024021048,2025-03-13,SJS,8480382,Alexandar Georgiev,1,26,24
2024021048,2025-03-13,CHI,8481519,Spencer Knight,1,24,21
2024021049,2025-03-14,DET,8475852,Petr Mrazek,1,31,28
2024021049,2025-03-14,CAR,8475883,Frederik Andersen,1,26,24
2024021050,2025-03-14,EDM,8475717,Calvin Pickard,1,25,24
2024021050,2025-03-14,NYI,8478009,Ilya Sorokin,1,35,33
2024021051,2025-03-14,WPG,8476945,Connor Hellebuyck,1,25,24
2024021051,2025-03-14,DAL,8479979,Jake Oettinger,1,22,18
2024021052,2025-03-14,COL,8475809,Scott Wedgewood,1,24,22
2024021052,2025-03-14,CGY,8481692,Dustin Wolf,1,27,24
2024021053,2025-03-14,NSH,8477424,Juuse Saros,1,15,13
2024021053,2025-03-14,ANA,8480843,Lukas Dostal,1,29,28
2024021054,2025-03-14,SEA,8475831,Philipp Grubauer,1,25,23
2024021054,2025-03-14,UTA,8478872,Karel Vejmelka,1,22,19
2024021055,2025-03-15,VGK,8478499,Adin Hill,1,37,34
2024021055,2025-03-15,BUF,8480045,Ukko-Pekka Luukkonen,1,19,16
2024021056,2025-03-15,NJD,8474593,Jacob Markstrom,1,23,17
2024021056,2025-03-15,PIT,8477465,Tristan Jarry,1,27,24
2024021057,2025-03-15,WSH,8480313,Logan Thompson,1,20,19
2024021057,2025-03-15,SJS,8480382,Alexandar Georgiev,1,17,14
2024021057,2025-03-15,SJS,8484312,Georgii Romanov,0,11,9
2024021058,2025-03-15,TBL,8476883,Andrei Vasilevskiy,1,12,10
2024021058,2025-03-15,BOS,8480280,Jeremy Swayman,1,38,34
2024021059,2025-03-15,TOR,8476932,Anthony Stolarz,1,24,21
2024021059,2025-03-15,OTT,8476999,Linus Ullmark,1,23,21
2024021060,2025-03-15,FLA,8475683,Sergei Bobrovsky,1,15,12
2024021060,2025-03-15,MTL,8478470,Samuel Montembeault,1,22,21
2024021061,2025-03-15,PHI,8481035,Samuel Ersson,1,30,25
2024021061,2025-03-15,CAR,8481611,Pyotr Kochetkov,1,26,26
2024021062,2025-03-15,NYR,8478048,Igor Shesterkin,1,21,21
2024021062,2025-03-15,CBJ,8480193,Daniil Tarasov,1,20,17
2024021063,2025-03-15,MIN,8479406,Filip Gustavsson,1,27,23
2024021063,2025-03-15,STL,8480981,Joel Hofer,1,18,17
2024021064,2025-03-15,LAK,8475311,Darcy Kuemper,1,24,24
2024021064,2025-03-15,NSH,8481020,Justus Annunen,1,21,20
2024021065,2025-03-15,VAN,8481668,Arturs Silovs,1,19,17
2024021065,2025-03-15,CHI,8482821,Arvid Soderblom,1,15,9
2024021066,2025-03-16,DET,8475852,Petr Mrazek,1,18,18
2024021066,2025-03-16,VGK,8478492,Ilya Samsonov,1,27,24
2024021067,2025-03-16,COL,8475809,Scott Wedgewood,1,22,19
2024021067,2025-03-16,DAL,8479979,Jake Oettinger,1,35,31
2024021068,2025-03-16,STL,8476412,Jordan Binnington,1,25,23
2024021068,2025-03-16,ANA,8478024,Ville Husso,0,12,10
2024021068,2025-03-16,ANA,8480843,Lukas Dostal,1,14,9
2024021069,2025-03-16,NYR,8478048,Igor Shesterkin,1,23,20
2024021069,2025-03-16,EDM,8479973,Stuart Skinner,1,22,21
2024021070,2025-03-16,FLA,8477970,Vitek Vanecek,1,33,30
2024021070,2025-03-16,NYI,8478009,Ilya Sorokin,1,24,22
2024021071,2025-03-16,UTA,8478872,Karel Vejmelka,1,19,18
2024021071,2025-03-16,VAN,8480947,Kevin Lankinen,1,22,20
2024021072,2025-03-16,WPG,8476945,Connor Hellebuyck,0,6,5
2024021072,2025-03-16,WPG,8477480,Eric Comrie,1,15,14
2024021072,2025-03-16,SEA,8478916,Joey Daccord,1,26,23
2024021073,2025-03-17,BOS,8476914,Joonas Korpisalo,1,30,27
2024021073,2025-03-17,BUF,8480045,Ukko-Pekka Luukkonen,1,20,18
2024021074,2025-03-17,TBL,8476883,Andrei Vasilevskiy,1,21,21
2024021074,2025-03-17,PHI,8478905,Ivan Fedotov,1,22,21
2024021075,2025-03-17,NJD,8474596,Jake Allen,1,46,45
2024021075,2025-03-17,CBJ,8482982,Jet Greaves,1,20,18
2024021076,2025-03-17,CGY,8478435,Dan Vladar,0,3,2
2024021076,2025-03-17,TOR,8479361,Joseph Woll,1,26,24
2024021076,2025-03-17,CGY,8481692,Dustin Wolf,1,26,21
2024021077,2025-03-17,LAK,8475311,Darcy Kuemper,1,21,19
2024021077,2025-03-17,MIN,8479406,Filip Gustavsson,1,29,28
2024021078,2025-03-18,OTT,8476999,Linus Ullmark,1,31,27
2024021078,2025-03-18,MTL,8478470,Samuel Montembeault,1,25,22
2024021079,2025-03-18,NYR,8478048,Igor Shesterkin,1,35,33
2024021079,2025-03-18,CGY,8478435,Dan Vladar,1,13,12
2024021080,2025-03-18,PIT,8477465,Tristan Jarry,1,37,34
2024021080,2025-03-18,NYI,8478009,Ilya Sorokin,1,21,19
2024021081,2025-03-18,DET,8475852,Petr Mrazek,1,26,22
2024021081,2025-03-18,WSH,8480313,Logan Thompson,1,24,23
2024021082,2025-03-18,NSH,8477424,Juuse Saros,1,21,17
2024021082,2025-03-18,STL,8480981,Joel Hofer,1,23,22
2024021083,2025-03-18,DAL,8479979,Jake Oettinger,1,25,22
2024021083,2025-03-18,ANA,8480843,Lukas Dostal,1,31,27
2024021084,2025-03-18,SEA,8478916,Joey Daccord,1,29,27
2024021084,2025-03-18,CHI,8481519,Spencer Knight,1,30,24
2024021085,2025-03-18,EDM,8475717,Calvin Pickard,1,30,29
2024021085,2025-03-18,UTA,8478872,Karel Vejmelka,1,15,12
2024021085,2025-03-18,UTA,8483530,Jaxson Stauber,0,28,24
2024021086,2025-03-18,WPG,8476945,Connor Hellebuyck,1,21,16
2024021086,2025-03-18,VAN,8480947,Kevin Lankinen,1,22,20
2024021087,2025-03-19,COL,8478406,Mackenzie Blackwood,1,26,24
2024021087,2025-03-19,TOR,8479361,Joseph Woll,1,39,38
2024021088,2025-03-19,SEA,8475831,Philipp Grubauer,1,27,24
2024021088,2025-03-19,MIN,8479406,Filip Gustavsson,1,34,34
2024021089,2025-03-20,COL,8475809,Scott Wedgewood,1,16,15
2024021089,2025-03-20,OTT,8476341,Anton Forsberg,0,20,19
2024021089,2025-03-20,OTT,8476999,Linus Ullmark,1,13,9
2024021090,2025-03-20,NJD,8474593,Jacob Markstrom,1,27,23
2024021090,2025-03-20,CGY,8481692,Dustin Wolf,1,29,26
2024021091,2025-03-20,TOR,8476932,Anthony Stolarz,1,30,27
2024021091,2025-03-20,NYR,8478048,Igor Shesterkin,1,28,24
2024021092,2025-03-20,WSH,8479292,Charlie Lindgren,1,28,27
2024021092,2025-03-20,PHI,8481035,Samuel Ersson,1,16,13
2024021093,2025-03-20,FLA,8475683,Sergei Bobrovsky,1,25,25
2024021093,2025-03-20,CBJ,8478007,Elvis Merzlikins,1,29,28
2024021094,2025-03-20,NYI,8478009,Ilya Sorokin,1,41,38
2024021094,2025-03-20,MTL,8478470,Samuel Montembeault,1,25,21
2024021095,2025-03-20,STL,8476412,Jordan Binnington,1,18,15
2024021095,2025-03-20,VAN,8480947,Kevin Lankinen,1,29,25
2024021096,2025-03-20,ANA,8476434,John Gibson,1,34,33
2024021096,2025-03-20,NSH,8481020,Justus Annunen,1,34,31
2024021097,2025-03-20,TBL,8476883,Andrei Vasilevskiy,1,24,22
2024021097,2025-03-20,DAL,8479193,Casey DeSmith,1,38,36
2024021098,2025-03-20,LAK,8475311,Darcy Kuemper,1,17,16
2024021098,2025-03-20,CHI,8481519,Spencer Knight,1,32,30
2024021099,2025-03-20,EDM,8475717,Calvin Pickard,0,4,3
2024021099,2025-03-20,WPG,8476945,Connor Hellebuyck,1,24,21
2024021099,2025-03-20,EDM,8479973,Stuart Skinner,1,16,13
2024021100,2025-03-20,BUF,8473503,James Reimer,1,30,27
2024021100,2025-03-20,UTA,8478872,Karel Vejmelka,1,27,25
2024021101,2025-03-20,VGK,8478499,Adin Hill,1,19,18
2024021101,2025-03-20,BOS,8480280,Jeremy Swayman,1,32,27
2024021102,2025-03-20,CAR,8475883,Frederik Andersen,1,25,24
2024021102,2025-03-20,SJS,8484312,Georgii Romanov,1,29,26
2024021103,2025-03-21,PIT,8477968,Alex Nedeljkovic,1,47,44
2024021103,2025-03-21,CBJ,8478007,Elvis Merzlikins,1,33,28
2024021104,2025-03-22,NYR,8478048,Igor Shesterkin,1,39,36
2024021104,2025-03-22,VAN,8480947,Kevin Lankinen,1,11,7
2024021105,2025-03-22,PHI,8478905,Ivan Fedotov,1,3,1
2024021105,2025-03-22,DAL,8479979,Jake Oettinger,1,24,22
2024021105,2025-03-22,PHI,8481035,Samuel Ersson,0,16,15
2024021106,2025-03-22,MIN,8479406,Filip Gustavsson,1,21,20
2024021106,2025-03-22,BUF,8480045,Ukko-Pekka Luukkonen,1,20,17
2024021107,2025-03-22,STL,8480981,Joel Hofer,1,27,26
2024021107,2025-03-22,CHI,8482821,Arvid Soderblom,1,25,21
2024021108,2025-03-22,NYI,8477405,Marcus Hogberg,1,35,31
2024021108,2025-03-22,CGY,8478435,Dan Vladar,1,29,26
2024021109,2025-03-22,LAK,8479496,David Rittich,1,36,34
2024021109,2025-03-22,CAR,8481611,Pyotr Kochetkov,1,25,18
2024021110,2025-03-22,FLA,8477970,Vitek Vanecek,1,33,27
2024021110,2025-03-22,WSH,8480313,Logan Thompson,1,36,33
2024021111,2025-03-22,TBL,8477990,Brandon Halverson,1,24,19
2024021111,2025-03-22,UTA,8478872,Karel Vejmelka,1,27,23
2024021112,2025-03-22,COL,8478406,Mackenzie Blackwood,1,29,25
2024021112,2025-03-22,MTL,8478470,Samuel Montembeault,1,37,33
2024021113,2025-03-22,NJD,8474596,Jake Allen,1,19,16
2024021113,2025-03-22,OTT,8476999,Linus Ullmark,1,27,25
2024021114,2025-03-22,NSH,8477424,Juuse Saros,1,26,24
2024021114,2025-03-22,TOR,8479361,Joseph Woll,1,31,27
2024021115,2025-03-22,DET,8475660,Cam Talbot,1,35,30
2024021115,2025-03-22,VGK,8478499,Adin Hill,1,31,28
2024021116,2025-03-22,SEA,8478916,Joey Daccord,1,28,24
2024021116,2025-03-22,EDM,8479973,Stuart Skinner,1,32,28
2024021117,2025-03-22,BOS,8476914,Joonas Korpisalo,1,20,18
2024021117,2025-03-22,SJS,8480382,Alexandar Georgiev,1,23,22
2024021118,2025-03-23,PHI,8478905,Ivan Fedotov,1,29,22
2024021118,2025-03-23,CHI,8481519,Spencer Knight,1,29,25
2024021119,2025-03-23,BUF,8473503,James Reimer,1,36,33
2024021119,2025-03-23,WPG,8477480,Eric Comrie,1,16,12
2024021120,2025-03-23,FLA,8475683,Sergei Bobrovsky,1,27,24
2024021120,2025-03-23,PIT,8477465,Tristan Jarry,1,31,28
2024021121,2025-03-23,STL,8476412,Jordan Binnington,1,32,31
2024021121,2025-03-23,NSH,8481020,Justus Annunen,1,17,14
2024021122,2025-03-23,TBL,8476883,Andrei Vasilevskiy,1,29,26
2024021122,2025-03-23,VGK,8478492,Ilya Samsonov,1,37,35
2024021123,2025-03-23,CAR,8475883,Frederik Andersen,1,37,35
2024021123,2025-03-23,ANA,8480843,Lukas Dostal,1,36,32
2024021124,2025-03-23,LAK,8475311,Darcy Kuemper,1,13,11
2024021124,2025-03-23,BOS,8480280,Jeremy Swayman,1,23,16
2024021125,2025-03-24,NJD,8474593,Jacob Markstrom,1,28,25
2024021125,2025-03-24,VAN,8477967,Thatcher Demko,1,25,22
2024021126,2025-03-24,CBJ,8478007,Elvis Merzlikins,1,33,30
2024021126,2025-03-24,NYI,8478009,Ilya Sorokin,1,30,27
2024021127,2025-03-24,MIN,8479406,Filip Gustavsson,1,28,26
2024021127,2025-03-24,DAL,8479979,Jake Oettinger,1,32,32
2024021128,2025-03-24,DET,8475852,Petr Mrazek,1,1,1
2024021128,2025-03-24,UTA,8478872,Karel Vejmelka,1,13,9
2024021128,2025-03-24,DET,8479312,Alex Lyon,0,18,17
2024021129,2025-03-25,BUF,8473503,James Reimer,1,32,30
2024021129,2025-03-25,OTT,8476341,Anton Forsberg,1,24,21
2024021130,2025-03-25,TOR,8476932,Anthony Stolarz,1,19,17
2024021130,2025-03-25,PHI,8481035,Samuel Ersson,1,30,23
2024021131,2025-03-25,TBL,8476883,Andrei Vasilevskiy,1,15,14
2024021131,2025-03-25,PIT,8477465,Tristan Jarry,1,7,3
2024021131,2025-03-25,PIT,8477968,Alex Nedeljkovic,0,20,18
2024021132,2025-03-25,NSH,8477424,Juuse Saros,1,35,34
2024021132,2025-03-25,CAR,8481611,Pyotr Kochetkov,1,16,13
2024021133,2025-03-25,STL,8476412,Jordan Binnington,1,25,24
2024021133,2025-03-25,MTL,8478470,Samuel Montembeault,1,32,27
2024021133,2025-03-25,MTL,8482487,Jakub Dobes,0,5,4
2024021134,2025-03-25,MIN,8470594,Marc-Andre Fleury,1,37,33
2024021134,2025-03-25,VGK,8478499,Adin Hill,1,24,23
2024021135,2025-03-25,WPG,8476945,Connor Hellebuyck,1,29,27
2024021135,2025-03-25,WSH,8480313,Logan Thompson,1,25,22
2024021136,2025-03-25,COL,8478406,Mackenzie Blackwood,1,23,21
2024021136,2025-03-25,DET,8479312,Alex Lyon,1,27,23
2024021137,2025-03-25,SEA,8478916,Joey Daccord,1,37,33
2024021137,2025-03-25,CGY,8481692,Dustin Wolf,1,29,26
2024021138,2025-03-25,LAK,8475311,Darcy Kuemper,1,23,22
2024021138,2025-03-25,NYR,8478048,Igor Shesterkin,1,32,30
2024021139,2025-03-26,NYI,8477405,Marcus Hogberg,0,5,5
2024021139,2025-03-26,VAN,8477967,Thatcher Demko,1,28,26
2024021139,2025-03-26,NYI,8478009,Ilya Sorokin,1,19,15
2024021140,2025-03-26,NJD,8474593,Jacob Markstrom,1,24,21
2024021140,2025-03-26,CHI,8481519,Spencer Knight,1,20,16
2024021141,2025-03-26,EDM,8475717,Calvin Pickard,0,3,3
2024021141,2025-03-26,EDM,8479973,Stuart Skinner,1,21,17
2024021141,2025-03-26,DAL,8479979,Jake Oettinger,1,44,41
2024021142,2025-03-26,ANA,8476434,John Gibson,1,25,23
2024021142,2025-03-26,BOS,8476914,Joonas Korpisalo,1,37,31
2024021143,2025-03-27,BUF,8473503,James Reimer,1,25,23
2024021143,2025-03-27,PIT,8477465,Tristan Jarry,1,12,8
2024021143,2025-03-27,PIT,8477968,Alex Nedeljkovic,0,18,15
2024021144,2025-03-27,DET,8475660,Cam Talbot,0,22,21
2024021144,2025-03-27,OTT,8476999,Linus Ullmark,1,34,31
2024021144,2025-03-27,DET,8479312,Alex Lyon,1,10,7
2024021145,2025-03-27,TBL,8476883,Andrei Vasilevskiy,1,25,25
2024021145,2025-03-27,UTA,8478872,Karel Vejmelka,1,12,8
2024021145,2025-03-27,UTA,8483530,Jaxson Stauber,0,10,6
2024021146,2025-03-27,PHI,8481035,Samuel Ersson,1,30,26
2024021146,2025-03-27,MTL,8482487,Jakub Dobes,1,30,24
2024021147,2025-03-27,NSH,8477424,Juuse Saros,1,21,18
2024021147,2025-03-27,STL,8480981,Joel Hofer,1,18,16
2024021148,2025-03-27,WSH,8479292,Charlie Lindgren,1,20,17
2024021148,2025-03-27,MIN,8479406,Filip Gustavsson,1,30,28
2024021149,2025-03-27,COL,8478406,Mackenzie Blackwood,1,22,22
2024021149,2025-03-27,LAK,8479496,David Rittich,1,26,22
2024021150,2025-03-27,DAL,8479193,Casey DeSmith,1,48,46
2024021150,2025-03-27,CGY,8481692,Dustin Wolf,1,18,14
2024021151,2025-03-27,EDM,8475717,Calvin Pickard,1,29,24
2024021151,2025-03-27,SEA,8478916,Joey Daccord,1,37,36
2024021151,2025-03-27,EDM,8480885,Olivier Rodrigue,0,8,7
2024021152,2025-03-27,TOR,8479361,Joseph Woll,1,35,30
2024021152,2025-03-27,SJS,8480382,Alexandar Georgiev,1,35,30
2024021153,2025-03-28,FLA,8475683,Sergei Bobrovsky,1,15,14
2024021153,2025-03-28,UTA,8478872,Karel Vejmelka,1,32,30
2024021154,2025-03-28,CAR,8475883,Frederik Andersen,1,15,14
2024021154,2025-03-28,MTL,8478470,Samuel Montembeault,1,23,21
2024021155,2025-03-28,CBJ,8478007,Elvis Merzlikins,1,37,31
2024021155,2025-03-28,VAN,8480947,Kevin Lankinen,1,38,32
2024021156,2025-03-28,NJD,8474596,Jake Allen,1,19,15
2024021156,2025-03-28,WPG,8476945,Connor Hellebuyck,1,24,24
2024021157,2025-03-28,VGK,8478499,Adin Hill,1,21,18
2024021157,2025-03-28,CHI,8481519,Spencer Knight,1,21,17
2024021158,2025-03-28,NYR,8478048,Igor Shesterkin,1,33,28
2024021158,2025-03-28,ANA,8480843,Lukas Dostal,1,30,26
2024021159,2025-03-29,BUF,8480045,Ukko-Pekka Luukkonen,1,32,25
2024021159,2025-03-29,PHI,8481035,Samuel Ersson,1,21,17
2024021160,2025-03-29,TBL,8477992,Jonas Johansson,1,38,35
2024021160,2025-03-29,NYI,8478009,Ilya Sorokin,1,23,19
2024021161,2025-03-29,STL,8476412,Jordan Binnington,1,29,28
2024021161,2025-03-29,COL,8478406,Mackenzie Blackwood,1,27,25
2024021162,2025-03-29,NJD,8474593,Jacob Markstrom,1,24,22
2024021162,2025-03-29,MIN,8479406,Filip Gustavsson,1,33,28
2024021163,2025-03-29,VGK,8478499,Adin Hill,1,24,23
2024021163,2025-03-29,NSH,8481020,Justus Annunen,1,28,26
2024021164,2025-03-29,OTT,8476999,Linus Ullmark,1,30,28
2024021164,2025-03-29,CBJ,8480193,Daniil Tarasov,1,27,24
2024021165,2025-03-29,LAK,8475311,Darcy Kuemper,1,25,23
2024021165,2025-03-29,TOR,8476932,Anthony Stolarz,1,36,35
2024021166,2025-03-29,DET,8475660,Cam Talbot,1,21,20
2024021166,2025-03-29,BOS,8480280,Jeremy Swayman,1,22,20
2024021167,2025-03-29,EDM,8475717,Calvin Pickard,1,28,26
2024021167,2025-03-29,CGY,8481692,Dustin Wolf,1,29,26
2024021168,2025-03-29,NYR,8471734,Jonathan Quick,1,22,21
2024021168,2025-03-29,SJS,8480382,Alexandar Georgiev,1,33,27
2024021169,2025-03-29,SEA,8478916,Joey Daccord,1,20,16
2024021169,2025-03-29,DAL,8479979,Jake Oettinger,1,36,35
2024021170,2025-03-30,FLA,8475683,Sergei Bobrovsky,1,22,19
2024021170,2025-03-30,MTL,8478470,Samuel Montembeault,1,26,24
2024021171,2025-03-30,BUF,8473503,James Reimer,1,29,24
2024021171,2025-03-30,WSH,8480313,Logan Thompson,1,22,15
2024021172,2025-03-30,WPG,8476945,Connor Hellebuyck,1,24,23
2024021172,2025-03-30,VAN,8477967,Thatcher Demko,1,27,24
2024021173,2025-03-30,UTA,8478872,Karel Vejmelka,1,29,27
2024021173,2025-03-30,CHI,8482821,Arvid Soderblom,1,31,26
2024021174,2025-03-30,OTT,8476341,Anton Forsberg,1,35,34
2024021174,2025-03-30,PIT,8477465,Tristan Jarry,1,31,31
2024021175,2025-03-30,NYI,8477405,Marcus Hogberg,1,30,24
2024021175,2025-03-30,CAR,8481611,Pyotr Kochetkov,1,31,27
2024021176,2025-03-30,TOR,8479361,Joseph Woll,1,31,29
2024021176,2025-03-30,ANA,8480843,Lukas Dostal,1,23,20
2024021177,2025-03-30,LAK,8479496,David Rittich,1,23,22
2024021177,2025-03-30,SJS,8484312,Georgii Romanov,1,36,28
2024021178,2025-03-31,NJD,8474593,Jacob Markstrom,1,30,28
2024021178,2025-03-31,MIN,8479406,Filip Gustavsson,1,28,26
2024021179,2025-03-31,PHI,8478905,Ivan Fedotov,1,29,28
2024021179,2025-03-31,NSH,8481020,Justus Annunen,1,18,16
2024021180,2025-03-31,COL,8475809,Scott Wedgewood,1,27,25
2024021180,2025-03-31,CGY,8478435,Dan Vladar,1,30,28
2024021181,2025-03-31,SEA,8475831,Philipp Grubauer,1,30,28
2024021181,2025-03-31,DAL,8479193,Casey DeSmith,1,36,35
2024021182,2025-04-01,WSH,8479292,Charlie Lindgren,1,24,21
2024021182,2025-04-01,BOS,8480280,Jeremy Swayman,1,32,28
2024021183,2025-04-01,FLA,8477970,Vitek Vanecek,1,21,18
2024021183,2025-04-01,MTL,8478470,Samuel Montembeault,1,27,25
2024021184,2025-04-01,BUF,8473503,James Reimer,1,35,33
2024021184,2025-04-01,OTT,8476999,Linus Ullmark,1,21,17
2024021185,2025-04-01,NSH,8477424,Juuse Saros,1,26,19
2024021185,2025-04-01,CBJ,8478007,Elvis Merzlikins,1,28,24
2024021185,2025-04-01,NSH,8481020,Justus Annunen,0,11,10
2024021186,2025-04-01,TBL,8476883,Andrei Vasilevskiy,1,29,28
2024021186,2025-04-01,NYI,8478009,Ilya Sorokin,1,23,20
2024021187,2025-04-01,DET,8475660,Cam Talbot,1,37,35
2024021187,2025-04-01,STL,8476412,Jordan Binnington,1,21,20
2024021188,2025-04-01,UTA,8478872,Karel Vejmelka,1,34,33
2024021188,2025-04-01,CGY,8481692,Dustin Wolf,1,27,25
2024021189,2025-04-01,EDM,8475717,Calvin Pickard,1,22,20
2024021189,2025-04-01,VGK,8478499,Adin Hill,1,20,17
2024021190,2025-04-01,SJS,8480382,Alexandar Georgiev,1,37,34
2024021190,2025-04-01,ANA,8480843,Lukas Dostal,1,31,28
2024021191,2025-04-01,LAK,8475311,Darcy Kuemper,1,20,19
2024021191,2025-04-01,WPG,8476945,Connor Hellebuyck,1,19,16
2024021192,2025-04-02,NYR,8478048,Igor Shesterkin,1,24,20
2024021192,2025-04-02,MIN,8479406,Filip Gustavsson,1,39,34
2024021193,2025-04-02,CAR,8475883,Frederik Andersen,1,21,20
2024021193,2025-04-02,WSH,8479292,Charlie Lindgren,0,19,17
2024021193,2025-04-02,WSH,8480313,Logan Thompson,1,12,9
2024021194,2025-04-02,FLA,8475683,Sergei Bobrovsky,1,26,23
2024021194,2025-04-02,TOR,8476932,Anthony Stolarz,1,31,29
2024021195,2025-04-02,COL,8475809,Scott Wedgewood,1,23,21
2024021195,2025-04-02,CHI,8481519,Spencer Knight,1,31,29
2024021196,2025-04-02,VAN,8477967,Thatcher Demko,1,18,14
2024021196,2025-04-02,SEA,8478916,Joey Daccord,1,24,24
2024021197,2025-04-03,MTL,8478470,Samuel Montembeault,1,19,18
2024021197,2025-04-03,BOS,8480280,Jeremy Swayman,1,31,28
2024021198,2025-04-03,TBL,8476883,Andrei Vasilevskiy,1,19,17
2024021198,2025-04-03,OTT,8476999,Linus Ullmark,1,32,31
2024021199,2025-04-03,CBJ,8478007,Elvis Merzlikins,1,28,21
2024021199,2025-04-03,COL,8478406,Mackenzie Blackwood,1,30,27
2024021199,2025-04-03,CBJ,8480193,Daniil Tarasov,0,4,4
2024021200,2025-04-03,PIT,8477465,Tristan Jarry,1,19,14
2024021200,2025-04-03,STL,8480981,Joel Hofer,1,28,24
2024021201,2025-04-03,DAL,8479979,Jake Oettinger,1,29,28
2024021201,2025-04-03,NSH,8481020,Justus Annunen,1,27,22
2024021202,2025-04-03,LAK,8475311,Darcy Kuemper,1,30,28
2024021202,2025-04-03,UTA,8478872,Karel Vejmelka,1,19,16
2024021203,2025-04-03,ANA,8476434,John Gibson,1,26,23
2024021203,2025-04-03,ANA,8480843,Lukas Dostal,0,8,7
2024021203,2025-04-03,CGY,8481692,Dustin Wolf,1,27,26
2024021204,2025-04-03,WPG,8477480,Eric Comrie,1,26,26
2024021204,2025-04-03,VGK,8478499,Adin Hill,1,19,16
2024021204,2025-04-03,VGK,8481033,Akira Schmid,0,2,2
2024021205,2025-04-03,EDM,8475717,Calvin Pickard,1,29,27
2024021205,2025-04-03,SJS,8484312,Georgii Romanov,1,38,35
2024021206,2025-04-04,DET,8475660,Cam Talbot,1,33,30
2024021206,2025-04-04,CAR,8481611,Pyotr Kochetkov,1,20,16
2024021207,2025-04-04,WSH,8479292,Charlie Lindgren,1,22,19
2024021207,2025-04-04,CHI,8481519,Spencer Knight,1,28,25
2024021208,2025-04-04,NYI,8478009,Ilya Sorokin,1,28,27
2024021208,2025-04-04,MIN,8479406,Filip Gustavsson,1,27,24
2024021209,2025-04-05,NJD,8474593,Jacob Markstrom,1,26,26
2024021209,2025-04-05,NYR,8478048,Igor Shesterkin,1,15,12
2024021210,2025-04-05,FLA,8475683,Sergei Bobrovsky,1,21,19
2024021210,2025-04-05,OTT,8476341,Anton Forsberg,1,39,39
2024021211,2025-04-05,PIT,8477465,Tristan Jarry,1,24,21
2024021211,2025-04-05,DAL,8479193,Casey DeSmith,1,39,35
2024021212,2025-04-05,VAN,8477967,Thatcher Demko,1,32,30
2024021212,2025-04-05,ANA,8480843,Lukas Dostal,1,26,20
2024021213,2025-04-05,LAK,8475311,Darcy Kuemper,1,27,27
2024021213,2025-04-05,EDM,8475717,Calvin Pickard,1,28,26
2024021214,2025-04-05,CAR,8475883,Frederik Andersen,1,27,22
2024021214,2025-04-05,BOS,8480280,Jeremy Swayman,1,40,39
2024021215,2025-04-05,BUF,8473503,James Reimer,1,24,22
2024021215,2025-04-05,TBL,8477992,Jonas Johansson,1,38,36
2024021216,2025-04-05,TOR,8476932,Anthony Stolarz,1,27,27
2024021216,2025-04-05,CBJ,8478007,Elvis Merzlikins,1,27,22
2024021217,2025-04-05,MTL,8478470,Samuel Montembeault,1,24,22
2024021217,2025-04-05,PHI,8481035,Samuel Ersson,1,26,23
2024021218,2025-04-05,STL,8476412,Jordan Binnington,1,39,35
2024021218,2025-04-05,COL,8478406,Mackenzie Blackwood,1,21,17
2024021219,2025-04-05,WPG,8476945,Connor Hellebuyck,1,27,24
2024021219,2025-04-05,UTA,8478872,Karel Vejmelka,1,33,32
2024021220,2025-04-05,VGK,8481033,Akira Schmid,1,23,21
2024021220,2025-04-05,CGY,8481692,Dustin Wolf,1,34,31
2024021221,2025-04-05,SEA,8478916,Joey Daccord,1,24,23
2024021221,2025-04-05,SJS,8480382,Alexandar Georgiev,1,11,7
2024021221,2025-04-05,SJS,8484312,Georgii Romanov,0,11,10
2024021222,2025-04-06,NYI,8478009,Ilya Sorokin,1,29,28
2024021222,2025-04-06,WSH,8479292,Charlie Lindgren,1,22,18
2024021223,2025-04-06,MIN,8479406,Filip Gustavsson,1,25,23
2024021223,2025-04-06,DAL,8479979,Jake Oettinger,1,41,38
2024021224,2025-04-06,OTT,8476999,Linus Ullmark,1,29,29
2024021224,2025-04-06,CBJ,8478007,Elvis Merzlikins,0,23,22
2024021224,2025-04-06,CBJ,8480193,Daniil Tarasov,1,6,4
2024021225,2025-04-06,DET,8475660,Cam Talbot,1,33,32
2024021225,2025-04-06,FLA,8477970,Vitek Vanecek,1,24,22
2024021226,2025-04-06,BOS,8476914,Joonas Korpisalo,1,36,31
2024021226,2025-04-06,BUF,8480045,Ukko-Pekka Luukkonen,1,20,17
2024021227,2025-04-06,PIT,8477968,Alex Nedeljkovic,1,30,28
2024021227,2025-04-06,CHI,8481519,Spencer Knight,1,29,28
2024021228,2025-04-06,NSH,8477424,Juuse Saros,1,17,15
2024021228,2025-04-06,MTL,8482487,Jakub Dobes,1,37,36
2024021229,2025-04-06,VGK,8478499,Adin Hill,1,21,19
2024021229,2025-04-06,VAN,8480947,Kevin Lankinen,1,35,32
2024021230,2025-04-07,TBL,8476883,Andrei Vasilevskiy,1,39,38
2024021230,2025-04-07,NYR,8478048,Igor Shesterkin,1,22,18
2024021231,2025-04-07,WPG,8476945,Connor Hellebuyck,1,15,14
2024021231,2025-04-07,STL,8480981,Joel Hofer,1,25,23
2024021232,2025-04-07,ANA,8480843,Lukas Dostal,1,47,45
2024021232,2025-04-07,EDM,8480885,Olivier Rodrigue,1,21,18
2024021233,2025-04-07,LAK,8475311,Darcy Kuemper,1,28,26
2024021233,2025-04-07,SEA,8478916,Joey Daccord,1,29,28
2024021234,2025-04-07,CGY,8481692,Dustin Wolf,1,31,29
2024021234,2025-04-07,SJS,8484312,Georgii Romanov,1,32,29
2024021235,2025-04-08,BUF,8473503,James Reimer,1,33,33
2024021235,2025-04-08,CAR,8481611,Pyotr Kochetkov,1,18,15
2024021236,2025-04-08,DET,8475660,Cam Talbot,1,19,17
2024021236,2025-04-08,MTL,8478470,Samuel Montembeault,1,36,35
2024021237,2025-04-08,FLA,8475683,Sergei Bobrovsky,1,18,17
2024021237,2025-04-08,TOR,8479361,Joseph Woll,1,36,34
2024021238,2025-04-08,NJD,8474593,Jacob Markstrom,1,23,16
2024021238,2025-04-08,NJD,8474596,Jake Allen,0,2,2
2024021238,2025-04-08,BOS,8480280,Jeremy Swayman,1,21,19
2024021239,2025-04-08,OTT,8476341,Anton Forsberg,1,35,30
2024021239,2025-04-08,CBJ,8478007,Elvis Merzlikins,1,35,33
2024021240,2025-04-08,PIT,8477465,Tristan Jarry,1,26,26
2024021240,2025-04-08,CHI,8481519,Spencer Knight,1,27,22
2024021241,2025-04-08,NYI,8477405,Marcus Hogberg,0,9,6
2024021241,2025-04-08,NYI,8478009,Ilya Sorokin,1,23,19
2024021241,2025-04-08,NSH,8481020,Justus Annunen,1,22,16
2024021242,2025-04-08,VAN,8477967,Thatcher Demko,1,27,23
2024021242,2025-04-08,DAL,8479193,Casey DeSmith,1,32,26
2024021243,2025-04-08,UTA,8478872,Karel Vejmelka,1,19,18
2024021243,2025-04-08,SEA,8478916,Joey Daccord,1,29,22
2024021243,2025-04-08,SEA,8484910,Victor Ostman,0,12,12
2024021244,2025-04-08,COL,8475809,Scott Wedgewood,1,21,19
2024021244,2025-04-08,VGK,8481033,Akira Schmid,1,36,34
2024021245,2025-04-09,TBL,8476883,Andrei Vasilevskiy,1,31,27
2024021245,2025-04-09,TOR,8476932,Anthony Stolarz,1,28,25
2024021246,2025-04-09,NYR,8471734,Jonathan Quick,1,28,22
2024021246,2025-04-09,PHI,8482783,Aleksei Kolosov,1,29,24
2024021247,2025-04-09,MIN,8470594,Marc-Andre Fleury,1,31,24
2024021247,2025-04-09,SJS,8480382,Alexandar Georgiev,1,44,36
2024021248,2025-04-09,EDM,8475717,Calvin Pickard,1,26,23
2024021248,2025-04-09,STL,8476412,Jordan Binnington,1,23,19
2024021249,2025-04-09,ANA,8478024,Ville Husso,1,39,36
2024021249,2025-04-09,CGY,8481692,Dustin Wolf,1,23,19
2024021250,2025-04-10,BOS,8480280,Jeremy Swayman,1,20,16
2024021250,2025-04-10,CHI,8482821,Arvid Soderblom,1,33,31
2024021251,2025-04-10,DET,8475660,Cam Talbot,1,31,27
2024021251,2025-04-10,FLA,8475683,Sergei Bobrovsky,1,23,22
2024021252,2025-04-10,CAR,8475883,Frederik Andersen,1,28,24
2024021252,2025-04-10,WSH,8479292,Charlie Lindgren,1,34,30
2024021253,2025-04-10,BUF,8473503,James Reimer,1,30,27
2024021253,2025-04-10,CBJ,8482982,Jet Greaves,1,41,39
2024021254,2025-04-10,NYI,8477405,Marcus Hogberg,1,30,22
2024021254,2025-04-10,NYR,8478048,Igor Shesterkin,1,46,44
2024021254,2025-04-10,NYI,8482668,Tristan Lennox,0,2,1
2024021255,2025-04-10,WPG,8476945,Connor Hellebuyck,1,25,25
2024021255,2025-04-10,DAL,8479979,Jake Oettinger,1,35,31
2024021256,2025-04-10,COL,8478406,Mackenzie Blackwood,1,29,26
2024021256,2025-04-10,VAN,8480947,Kevin Lankinen,1,32,31
2024021257,2025-04-10,NSH,8477424,Juuse Saros,1,42,39
2024021257,2025-04-10,UTA,8478872,Karel Vejmelka,1,31,28
2024021258,2025-04-10,VGK,8478499,Adin Hill,1,25,24
2024021258,2025-04-10,SEA,8478916,Joey Daccord,1,25,23
2024021259,2025-04-10,LAK,8475311,Darcy Kuemper,1,25,24
2024021259,2025-04-10,ANA,8480843,Lukas Dostal,1,29,23
2024021260,2025-04-11,OTT,8476999,Linus Ullmark,1,22,20
2024021260,2025-04-11,MTL,8478470,Samuel Montembeault,1,33,29
2024021261,2025-04-11,TBL,8476883,Andrei Vasilevskiy,1,26,22
2024021261,2025-04-11,DET,8479312,Alex Lyon,1,21,18
2024021262,2025-04-11,NJD,8474596,Jake Allen,1,23,21
2024021262,2025-04-11,PIT,8477465,Tristan Jarry,1,28,26
2024021263,2025-04-11,EDM,8475717,Calvin Pickard,1,24,22
2024021263,2025-04-11,SJS,8484312,Georgii Romanov,1,33,30
2024021264,2025-04-11,MIN,8470594,Marc-Andre Fleury,0,3,3
2024021264,2025-04-11,MIN,8479406,Filip Gustavsson,1,29,25
2024021264,2025-04-11,CGY,8481692,Dustin Wolf,1,18,16
2024021265,2025-04-12,NYI,8477405,Marcus Hogberg,1,22,19
2024021265,2025-04-12,PHI,8481035,Samuel Ersson,1,40,37
2024021266,2025-04-12,NYR,8478048,Igor Shesterkin,1,26,21
2024021266,2025-04-12,CAR,8481611,Pyotr Kochetkov,1,31,28
2024021267,2025-04-12,LAK,8475311,Darcy Kuemper,1,26,22
2024021267,2025-04-12,COL,8478406,Mackenzie Blackwood,1,33,28
2024021268,2025-04-12,FLA,8477970,Vitek Vanecek,1,28,26
2024021268,2025-04-12,BUF,8480045,Ukko-Pekka Luukkonen,1,34,32
2024021269,2025-04-12,TOR,8476932,Anthony Stolarz,1,15,15
2024021269,2025-04-12,MTL,8482487,Jakub Dobes,1,35,34
2024021270,2025-04-12,WSH,8482411,Hunter Shepard,1,26,19
2024021270,2025-04-12,CBJ,8482982,Jet Greaves,1,22,22
2024021271,2025-04-12,WPG,8476945,Connor Hellebuyck,1,32,28
2024021271,2025-04-12,CHI,8481519,Spencer Knight,1,42,38
2024021272,2025-04-12,UTA,8478872,Karel Vejmelka,1,24,21
2024021272,2025-04-12,DAL,8479193,Casey DeSmith,1,34,29
2024021273,2025-04-12,MIN,8479406,Filip Gustavsson,1,14,12
2024021273,2025-04-12,VAN,8480947,Kevin Lankinen,1,33,30
2024021274,2025-04-12,VGK,8478499,Adin Hill,1,17,14
2024021274,2025-04-12,NSH,8481020,Justus Annunen,1,28,24
2024021275,2025-04-12,SEA,8475831,Philipp Grubauer,1,23,20
2024021275,2025-04-12,STL,8476412,Jordan Binnington,1,18,15
2024021276,2025-04-13,OTT,8476341,Anton Forsberg,1,32,29
2024021276,2025-04-13,PHI,8478905,Ivan Fedotov,1,25,21
2024021277,2025-04-13,NJD,8474593,Jacob Markstrom,1,23,22
2024021277,2025-04-13,NYI,8478009,Ilya Sorokin,1,25,25
2024021278,2025-04-13,BOS,8476914,Joonas Korpisalo,1,24,23
2024021278,2025-04-13,PIT,8477465,Tristan Jarry,1,31,28
2024021279,2025-04-13,CAR,8475883,Frederik Andersen,1,20,16
2024021279,2025-04-13,TOR,8479361,Joseph Woll,1,26,25
2024021280,2025-04-13,BUF,8473503,James Reimer,1,31,24
2024021280,2025-04-13,TBL,8477992,Jonas Johansson,1,25,21
2024021281,2025-04-13,WSH,8479292,Charlie Lindgren,1,23,19
2024021281,2025-04-13,CBJ,8482982,Jet Greaves,1,31,30
2024021282,2025-04-13,WPG,8477480,Eric Comrie,1,38,35
2024021282,2025-04-13,EDM,8479973,Stuart Skinner,1,18,17
2024021283,2025-04-13,CGY,8481692,Dustin Wolf,1,30,28
2024021283,2025-04-13,SJS,8484312,Georgii Romanov,1,29,25
2024021284,2025-04-13,COL,8475809,Scott Wedgewood,1,21,19
2024021284,2025-04-13,ANA,8480843,Lukas Dostal,1,24,21
2024021285,2025-04-14,MTL,8478470,Samuel Montembeault,1,25,22
2024021285,2025-04-14,CHI,8482821,Arvid Soderblom,1,21,18
2024021286,2025-04-14,DET,8475660,Cam Talbot,1,28,24
2024021286,2025-04-14,DAL,8479979,Jake Oettinger,1,36,31
2024021287,2025-04-14,NYR,8471734,Jonathan Quick,1,30,27
2024021287,2025-04-14,FLA,8475683,Sergei Bobrovsky,1,25,20
2024021288,2025-04-14,NSH,8477424,Juuse Saros,1,35,29
2024021288,2025-04-14,UTA,8480191,Matt Villalta,1,31,28
2024021289,2025-04-14,LAK,8475311,Darcy Kuemper,1,16,16
2024021289,2025-04-14,EDM,8475717,Calvin Pickard,1,36,31
2024021289,2025-04-14,LAK,8479496,David Rittich,0,5,5
2024021290,2025-04-14,SJS,8480382,Alexandar Georgiev,1,37,35
2024021290,2025-04-14,VAN,8484268,Nikita Tolopilo,1,16,15
2024021291,2025-04-15,NJD,8474596,Jake Allen,1,24,20
2024021291,2025-04-15,BOS,8480280,Jeremy Swayman,1,26,21
2024021292,2025-04-15,TOR,8476932,Anthony Stolarz,1,35,35
2024021292,2025-04-15,BUF,8480045,Ukko-Pekka Luukkonen,1,31,28
2024021293,2025-04-15,OTT,8476341,Anton Forsberg,1,16,12
2024021293,2025-04-15,CHI,8481519,Spencer Knight,1,37,34
2024021294,2025-04-15,TBL,8476883,Andrei Vasilevskiy,1,24,23
2024021294,2025-04-15,FLA,8477970,Vitek Vanecek,1,31,26
2024021295,2025-04-15,PHI,8481035,Samuel Ersson,1,34,31
2024021295,2025-04-15,CBJ,8482982,Jet Greaves,1,29,29
2024021296,2025-04-15,NYI,8478009,Ilya Sorokin,1,35,33
2024021296,2025-04-15,WSH,8479292,Charlie Lindgren,1,33,32
2024021297,2025-04-15,STL,8476412,Jordan Binnington,1,23,22
2024021297,2025-04-15,UTA,8478872,Karel Vejmelka,1,29,23
2024021298,2025-04-15,MIN,8470594,Marc-Andre Fleury,0,5,5
2024021298,2025-04-15,MIN,8479406,Filip Gustavsson,1,24,22
2024021298,2025-04-15,ANA,8480843,Lukas Dostal,1,40,37
2024021299,2025-04-15,VGK,8478492,Ilya Samsonov,1,28,24
2024021299,2025-04-15,CGY,8481692,Dustin Wolf,1,42,38
2024021300,2025-04-15,SEA,8478916,Joey Daccord,1,24,18
2024021300,2025-04-15,LAK,8479496,David Rittich,1,34,29
2024021301,2025-04-16,MTL,8478470,Samuel Montembeault,1,29,27
2024021301,2025-04-16,CAR,8481611,Pyotr Kochetkov,1,21,18
2024021302,2025-04-16,WPG,8476945,Connor Hellebuyck,1,31,30
2024021302,2025-04-16,ANA,8478024,Ville Husso,1,44,42
2024021303,2025-04-16,DET,8479312,Alex Lyon,1,30,28
2024021303,2025-04-16,NJD,8482076,Nico Daws,1,26,22
2024021304,2025-04-16,NSH,8477424,Juuse Saros,1,30,29
2024021304,2025-04-16,DAL,8479193,Casey DeSmith,0,12,12
2024021304,2025-04-16,DAL,8479979,Jake Oettinger,1,22,17
2024021305,2025-04-16,VAN,8480947,Kevin Lankinen,1,20,19
2024021305,2025-04-16,VGK,8481033,Akira Schmid,1,17,16
2024021305,2025-04-16,VAN,8484268,Nikita Tolopilo,0,10,8
2024021306,2025-04-16,EDM,8479973,Stuart Skinner,1,18,18
2024021306,2025-04-16,SJS,8480382,Alexandar Georgiev,1,27,25
2024021307,2025-04-17,BUF,8473503,James Reimer,1,24,20
2024021307,2025-04-17,PHI,8482783,Aleksei Kolosov,1,30,26
2024021308,2025-04-17,DET,8475660,Cam Talbot,1,20,16
2024021308,2025-04-17,TOR,8479361,Joseph Woll,1,34,31
2024021309,2025-04-17,CAR,8475883,Frederik Andersen,1,32,25
2024021309,2025-04-17,OTT,8476999,Linus Ullmark,1,33,28
2024021310,2025-04-17,TBL,8477992,Jonas Johansson,1,22,18
2024021310,2025-04-17,NYR,8478048,Igor Shesterkin,1,27,27
2024021311,2025-04-17,PIT,8477968,Alex Nedeljkovic,1,20,18
2024021311,2025-04-17,WSH,8483532,Clay Stevenson,1,38,33
2024021312,2025-04-17,NYI,8477405,Marcus Hogberg,1,26,20
2024021312,2025-04-17,CBJ,8482982,Jet Greaves,1,37,36
