gameId,date,team,pid,name,gs,sa,sv
2023020001,2023-10-10,NSH,8477424,Juuse Saros,1,33,29
2023020001,2023-10-10,TBL,8477992,Jonas Johansson,1,31,28
2023020002,2023-10-10,CHI,8475852,Petr Mrazek,1,41,39
2023020002,2023-10-10,PIT,8477465,Tristan Jarry,1,35,32
2023020003,2023-10-10,SEA,8475831,Philipp Grubauer,1,27,24
2023020003,2023-10-10,VGK,8478499,Adin Hill,1,33,32
2023020004,2023-10-11,CAR,8475883,Frederik Andersen,1,30,27
2023020004,2023-10-11,OTT,8476914,Joonas Korpisalo,1,42,37
2023020005,2023-10-11,MTL,8474596,Jake Allen,1,42,37
2023020005,2023-10-11,TOR,8478492,Ilya Samsonov,1,24,19
2023020006,2023-10-11,BOS,8476999,Linus Ullmark,1,21,20
2023020006,2023-10-11,CHI,8482821,Arvid Soderblom,1,32,30
2023020007,2023-10-11,CGY,8474593,Jacob Markstrom,1,37,34
2023020007,2023-10-11,WPG,8476945,Connor Hellebuyck,1,21,17
2023020008,2023-10-11,LAK,8475660,Cam Talbot,1,36,32
2023020008,2023-10-11,COL,8480382,Alexandar Georgiev,1,36,34
2023020009,2023-10-11,EDM,8475789,Jack Campbell,1,16,12
2023020009,2023-10-11,VAN,8477967,Thatcher Demko,1,22,21
2023020009,2023-10-11,VAN,8479193,Casey DeSmith,0,5,5
2023020009,2023-10-11,EDM,8479973,Stuart Skinner,0,16,12
2023020010,2023-10-12,NYR,8478048,Igor Shesterkin,1,25,24
2023020010,2023-10-12,BUF,8482221,Devon Levi,1,30,26
2023020011,2023-10-12,CBJ,8478007,Elvis Merzlikins,1,35,33
2023020011,2023-10-12,PHI,8479394,Carter Hart,1,33,31
2023020012,2023-10-12,NJD,8477970,Vitek Vanecek,1,35,32
2023020012,2023-10-12,DET,8478024,Ville Husso,1,26,23
2023020013,2023-10-12,STL,8476412,Jordan Binnington,1,34,33
2023020013,2023-10-12,DAL,8479979,Jake Oettinger,1,24,23
2023020014,2023-10-12,FLA,8475683,Sergei Bobrovsky,1,21,19
2023020014,2023-10-12,MIN,8479406,Filip Gustavsson,1,41,41
2023020015,2023-10-12,SEA,8475831,Philipp Grubauer,1,34,32
2023020015,2023-10-12,NSH,8477424,Juuse Saros,1,23,23
2023020016,2023-10-12,SJS,8478039,Kaapo Kahkonen,1,32,28
2023020016,2023-10-12,VGK,8480313,Logan Thompson,1,23,22
2023020017,2023-10-13,ARI,8478872,Karel Vejmelka,1,36,33
2023020017,2023-10-13,NJD,8481033,Akira Schmid,1,33,30
2023020018,2023-10-13,PIT,8477465,Tristan Jarry,1,19,19
2023020018,2023-10-13,WSH,8479292,Charlie Lindgren,1,35,31
2023020019,2023-10-14,OTT,8476341,Anton Forsberg,1,21,19
2023020019,2023-10-14,PHI,8479394,Carter Hart,1,31,26
2023020020,2023-10-14,FLA,8475683,Sergei Bobrovsky,1,34,29
2023020020,2023-10-14,WPG,8476945,Connor Hellebuyck,1,33,29
2023020021,2023-10-14,NSH,8477424,Juuse Saros,1,30,27
2023020021,2023-10-14,BOS,8480280,Jeremy Swayman,1,36,34
2023020022,2023-10-14,CBJ,8477484,Spencer Martin,0,17,15
2023020022,2023-10-14,CBJ,8478007,Elvis Merzlikins,1,25,24
2023020022,2023-10-14,NYR,8478048,Igor Shesterkin,1,21,16
2023020023,2023-10-14,TBL,8477992,Jonas Johansson,1,41,36
2023020023,2023-10-14,DET,8478024,Ville Husso,1,25,21
2023020024,2023-10-14,CHI,8475852,Petr Mrazek,1,36,33
2023020024,2023-10-14,MTL,8478470,Samuel Montembeault,1,30,28
2023020025,2023-10-14,CGY,8474593,Jacob Markstrom,1,28,24
2023020025,2023-10-14,PIT,8477968,Alex Nedeljkovic,1,36,34
2023020026,2023-10-14,TOR,8478492,Ilya Samsonov,1,32,28
2023020026,2023-10-14,MIN,8479406,Filip Gustavsson,1,33,26
2023020027,2023-10-14,NYI,8478009,Ilya Sorokin,1,28,26
2023020027,2023-10-14,BUF,8482221,Devon Levi,1,29,26
2023020028,2023-10-14,STL,8476412,Jordan Binnington,1,31,30
2023020028,2023-10-14,SEA,8478916,Joey Daccord,1,25,24
2023020029,2023-10-14,VAN,8479193,Casey DeSmith,1,40,37
2023020029,2023-10-14,EDM,8479973,Stuart Skinner,1,16,12
2023020030,2023-10-14,SJS,8478406,Mackenzie Blackwood,1,52,51
2023020030,2023-10-14,COL,8480382,Alexandar Georgiev,1,21,20
2023020031,2023-10-14,ANA,8476434,John Gibson,1,37,34
2023020031,2023-10-14,VGK,8478499,Adin Hill,1,23,22
2023020032,2023-10-14,CAR,8475883,Frederik Andersen,1,30,25
2023020032,2023-10-14,LAK,8477831,Pheonix Copley,1,19,14
2023020033,2023-10-15,OTT,8476914,Joonas Korpisalo,1,24,22
2023020033,2023-10-15,TBL,8477035,Matt Tomkins,1,37,33
2023020034,2023-10-15,CAR,8477293,Antti Raanta,1,23,19
2023020034,2023-10-15,ANA,8480843,Lukas Dostal,1,35,32
2023020035,2023-10-16,DET,8473503,James Reimer,1,23,23
2023020035,2023-10-16,CBJ,8477484,Spencer Martin,1,28,24
2023020036,2023-10-16,FLA,8475683,Sergei Bobrovsky,1,34,31
2023020036,2023-10-16,NJD,8477970,Vitek Vanecek,1,30,26
2023020037,2023-10-16,NYR,8478048,Igor Shesterkin,1,27,26
2023020037,2023-10-16,ARI,8478971,Connor Ingram,1,28,26
2023020038,2023-10-16,TOR,8479361,Joseph Woll,1,30,27
2023020038,2023-10-16,CHI,8482821,Arvid Soderblom,1,36,35
2023020039,2023-10-16,CGY,8474593,Jacob Markstrom,1,23,21
2023020039,2023-10-16,WSH,8475311,Darcy Kuemper,1,40,38
2023020040,2023-10-17,TBL,8477992,Jonas Johansson,1,31,28
2023020040,2023-10-17,BUF,8482221,Devon Levi,1,25,23
2023020041,2023-10-17,MIN,8470594,Marc-Andre Fleury,1,28,26
2023020041,2023-10-17,MTL,8478470,Samuel Montembeault,1,35,30
2023020042,2023-10-17,VAN,8477967,Thatcher Demko,1,42,40
2023020042,2023-10-17,PHI,8479394,Carter Hart,1,26,26
2023020043,2023-10-17,NYI,8478009,Ilya Sorokin,1,14,14
2023020043,2023-10-17,ARI,8478872,Karel Vejmelka,1,34,33
2023020044,2023-10-17,EDM,8475789,Jack Campbell,1,44,43
2023020044,2023-10-17,NSH,8477424,Juuse Saros,1,11,7
2023020044,2023-10-17,NSH,8480947,Kevin Lankinen,0,19,17
2023020045,2023-10-17,LAK,8475660,Cam Talbot,1,27,26
2023020045,2023-10-17,WPG,8476945,Connor Hellebuyck,1,29,24
2023020046,2023-10-17,SEA,8475831,Philipp Grubauer,1,27,24
2023020046,2023-10-17,COL,8480382,Alexandar Georgiev,1,38,37
2023020047,2023-10-17,CAR,8475883,Frederik Andersen,1,2,1
2023020047,2023-10-17,CAR,8477293,Antti Raanta,0,14,12
2023020047,2023-10-17,SJS,8478406,Mackenzie Blackwood,1,42,36
2023020048,2023-10-17,VGK,8478499,Adin Hill,1,26,24
2023020048,2023-10-17,DAL,8479979,Jake Oettinger,1,34,32
2023020049,2023-10-18,WSH,8475311,Darcy Kuemper,1,29,23
2023020049,2023-10-18,OTT,8476341,Anton Forsberg,1,24,23
2023020050,2023-10-18,PIT,8477465,Tristan Jarry,1,27,23
2023020050,2023-10-18,DET,8478024,Ville Husso,1,33,30
2023020051,2023-10-19,CGY,8478435,Dan Vladar,1,27,24
2023020051,2023-10-19,BUF,8482221,Devon Levi,1,36,32
2023020052,2023-10-19,FLA,8475683,Sergei Bobrovsky,1,30,29
2023020052,2023-10-19,TOR,8478492,Ilya Samsonov,1,23,21
2023020053,2023-10-19,NYR,8471734,Jonathan Quick,0,9,9
2023020053,2023-10-19,NSH,8477424,Juuse Saros,1,24,23
2023020053,2023-10-19,NYR,8478048,Igor Shesterkin,1,18,14
2023020054,2023-10-19,EDM,8475789,Jack Campbell,1,32,28
2023020054,2023-10-19,PHI,8479394,Carter Hart,1,23,22
2023020055,2023-10-19,VAN,8477967,Thatcher Demko,1,36,32
2023020055,2023-10-19,TBL,8477992,Jonas Johansson,1,29,26
2023020056,2023-10-19,MIN,8470594,Marc-Andre Fleury,1,25,20
2023020056,2023-10-19,LAK,8475660,Cam Talbot,1,32,29
2023020057,2023-10-19,ARI,8478971,Connor Ingram,1,26,24
2023020057,2023-10-19,STL,8480981,Joel Hofer,1,42,36
2023020058,2023-10-19,WPG,8476316,Laurent Brossoit,1,26,22
2023020058,2023-10-19,VGK,8480313,Logan Thompson,1,39,36
2023020059,2023-10-19,ANA,8476434,John Gibson,1,24,21
2023020059,2023-10-19,DAL,8479979,Jake Oettinger,1,29,27
2023020060,2023-10-19,CAR,8477293,Antti Raanta,1,18,14
2023020060,2023-10-19,SEA,8478916,Joey Daccord,1,36,32
2023020060,2023-10-19,CAR,8481611,Pyotr Kochetkov,0,17,15
2023020061,2023-10-19,CHI,8475852,Petr Mrazek,1,41,37
2023020061,2023-10-19,COL,8480382,Alexandar Georgiev,1,18,18
2023020062,2023-10-19,BOS,8476999,Linus Ullmark,1,27,26
2023020062,2023-10-19,SJS,8478039,Kaapo Kahkonen,1,36,33
2023020063,2023-10-20,CGY,8474593,Jacob Markstrom,1,28,26
2023020063,2023-10-20,CBJ,8477484,Spencer Martin,1,37,36
2023020064,2023-10-20,NYI,8478009,Ilya Sorokin,1,39,34
2023020064,2023-10-20,NJD,8481033,Akira Schmid,1,32,28
2023020065,2023-10-21,OTT,8476914,Joonas Korpisalo,1,23,18
2023020065,2023-10-21,DET,8478024,Ville Husso,1,37,35
2023020066,2023-10-21,ARI,8478872,Karel Vejmelka,1,33,32
2023020066,2023-10-21,ANA,8480843,Lukas Dostal,1,27,25
2023020067,2023-10-21,NYI,8473575,Semyon Varlamov,1,42,39
2023020067,2023-10-21,BUF,8477480,Eric Comrie,1,25,24
2023020068,2023-10-21,FLA,8475683,Sergei Bobrovsky,1,30,26
2023020068,2023-10-21,VAN,8479193,Casey DeSmith,1,36,34
2023020069,2023-10-21,MTL,8474596,Jake Allen,1,33,31
2023020069,2023-10-21,WSH,8475311,Darcy Kuemper,1,28,25
2023020070,2023-10-21,TBL,8477992,Jonas Johansson,1,52,48
2023020070,2023-10-21,TOR,8478492,Ilya Samsonov,1,4,1
2023020070,2023-10-21,TOR,8479361,Joseph Woll,0,27,27
2023020071,2023-10-21,VGK,8478499,Adin Hill,1,24,21
2023020071,2023-10-21,CHI,8482821,Arvid Soderblom,1,24,19
2023020072,2023-10-21,DAL,8475809,Scott Wedgewood,1,40,36
2023020072,2023-10-21,PHI,8481035,Samuel Ersson,1,25,20
2023020073,2023-10-21,CBJ,8478007,Elvis Merzlikins,1,28,24
2023020073,2023-10-21,MIN,8479406,Filip Gustavsson,1,54,49
2023020074,2023-10-21,NSH,8477424,Juuse Saros,1,32,31
2023020074,2023-10-21,SJS,8478406,Mackenzie Blackwood,1,34,29
2023020075,2023-10-21,STL,8476412,Jordan Binnington,1,33,31
2023020075,2023-10-21,PIT,8477465,Tristan Jarry,1,21,17
2023020076,2023-10-21,COL,8480382,Alexandar Georgiev,1,27,23
2023020076,2023-10-21,CAR,8481611,Pyotr Kochetkov,1,27,21
2023020077,2023-10-21,WPG,8476945,Connor Hellebuyck,1,40,38
2023020077,2023-10-21,EDM,8479973,Stuart Skinner,1,27,24
2023020078,2023-10-21,NYR,8471734,Jonathan Quick,1,19,18
2023020078,2023-10-21,SEA,8475831,Philipp Grubauer,1,27,23
2023020079,2023-10-21,LAK,8475660,Cam Talbot,1,25,21
2023020079,2023-10-21,BOS,8480280,Jeremy Swayman,1,34,32
2023020080,2023-10-22,DET,8473503,James Reimer,1,31,29
2023020080,2023-10-22,CGY,8478435,Dan Vladar,1,30,24
2023020081,2023-10-22,ANA,8476434,John Gibson,1,25,23
2023020081,2023-10-22,BOS,8476999,Linus Ullmark,1,31,30
2023020082,2023-10-23,MTL,8474596,Jake Allen,1,37,36
2023020082,2023-10-23,BUF,8477480,Eric Comrie,1,27,24
2023020083,2023-10-24,WSH,8475311,Darcy Kuemper,1,17,13
2023020083,2023-10-24,TOR,8479361,Joseph Woll,1,38,37
2023020084,2023-10-24,CBJ,8478007,Elvis Merzlikins,1,27,24
2023020084,2023-10-24,ANA,8480843,Lukas Dostal,1,37,35
2023020085,2023-10-24,OTT,8476341,Anton Forsberg,1,18,13
2023020085,2023-10-24,OTT,8476914,Joonas Korpisalo,0,5,5
2023020085,2023-10-24,BUF,8480045,Ukko-Pekka Luukkonen,1,38,34
2023020086,2023-10-24,TBL,8477992,Jonas Johansson,1,32,32
2023020086,2023-10-24,CAR,8481611,Pyotr Kochetkov,1,23,20
2023020087,2023-10-24,NJD,8477970,Vitek Vanecek,1,29,27
2023020087,2023-10-24,MTL,8480051,Cayden Primeau,1,33,29
2023020088,2023-10-24,PIT,8477968,Alex Nedeljkovic,1,34,30
2023020088,2023-10-24,DAL,8479979,Jake Oettinger,1,39,38
2023020089,2023-10-24,FLA,8476932,Anthony Stolarz,1,28,27
2023020089,2023-10-24,SJS,8478406,Mackenzie Blackwood,1,35,33
2023020090,2023-10-24,NYI,8478009,Ilya Sorokin,1,37,32
2023020090,2023-10-24,COL,8480382,Alexandar Georgiev,1,32,28
2023020091,2023-10-24,DET,8478024,Ville Husso,1,38,33
2023020091,2023-10-24,SEA,8478916,Joey Daccord,1,27,23
2023020092,2023-10-24,CHI,8475852,Petr Mrazek,1,43,40
2023020092,2023-10-24,BOS,8480280,Jeremy Swayman,1,23,23
2023020093,2023-10-24,STL,8476412,Jordan Binnington,1,29,26
2023020093,2023-10-24,WPG,8476945,Connor Hellebuyck,1,20,18
2023020094,2023-10-24,EDM,8475789,Jack Campbell,1,31,25
2023020094,2023-10-24,MIN,8479406,Filip Gustavsson,1,28,24
2023020095,2023-10-24,NSH,8477424,Juuse Saros,1,24,21
2023020095,2023-10-24,VAN,8477967,Thatcher Demko,1,18,16
2023020096,2023-10-24,CGY,8474593,Jacob Markstrom,1,20,17
2023020096,2023-10-24,NYR,8478048,Igor Shesterkin,1,26,25
2023020097,2023-10-24,LAK,8477831,Pheonix Copley,1,27,24
2023020097,2023-10-24,ARI,8478872,Karel Vejmelka,0,18,16
2023020097,2023-10-24,ARI,8478971,Connor Ingram,1,9,6
2023020098,2023-10-24,PHI,8479394,Carter Hart,1,29,26
2023020098,2023-10-24,VGK,8480313,Logan Thompson,1,28,26
2023020099,2023-10-25,NJD,8477970,Vitek Vanecek,0,16,14
2023020099,2023-10-25,NJD,8481033,Akira Schmid,1,8,5
2023020099,2023-10-25,WSH,8482411,Hunter Shepard,1,22,18
2023020100,2023-10-26,ANA,8476434,John Gibson,1,30,27
2023020100,2023-10-26,BOS,8476999,Linus Ullmark,1,32,28
2023020101,2023-10-26,CAR,8475883,Frederik Andersen,1,26,24
2023020101,2023-10-26,SEA,8478916,Joey Daccord,1,45,42
2023020102,2023-10-26,DET,8473503,James Reimer,1,28,25
2023020102,2023-10-26,WPG,8476945,Connor Hellebuyck,1,36,35
2023020103,2023-10-26,CBJ,8478007,Elvis Merzlikins,1,29,25
2023020103,2023-10-26,MTL,8478470,Samuel Montembeault,1,36,33
2023020104,2023-10-26,PHI,8479394,Carter Hart,1,28,26
2023020104,2023-10-26,MIN,8479406,Filip Gustavsson,1,35,29
2023020105,2023-10-26,PIT,8477465,Tristan Jarry,1,31,31
2023020105,2023-10-26,COL,8480382,Alexandar Georgiev,1,24,20
2023020105,2023-10-26,COL,8481031,Ivan Prosvetov,0,5,5
2023020106,2023-10-26,TBL,8477992,Jonas Johansson,1,23,23
2023020106,2023-10-26,SJS,8478039,Kaapo Kahkonen,0,10,9
2023020106,2023-10-26,SJS,8478406,Mackenzie Blackwood,1,21,16
2023020107,2023-10-26,OTT,8476914,Joonas Korpisalo,1,38,35
2023020107,2023-10-26,NYI,8478009,Ilya Sorokin,1,47,45
2023020108,2023-10-26,DAL,8475809,Scott Wedgewood,1,23,20
2023020108,2023-10-26,TOR,8479361,Joseph Woll,1,32,31
2023020109,2023-10-26,CGY,8474593,Jacob Markstrom,1,34,32
2023020109,2023-10-26,STL,8480981,Joel Hofer,1,27,27
2023020110,2023-10-26,NYR,8471734,Jonathan Quick,1,29,29
2023020110,2023-10-26,EDM,8479973,Stuart Skinner,1,32,29
2023020111,2023-10-27,CHI,8475852,Petr Mrazek,1,21,18
2023020111,2023-10-27,VGK,8478499,Adin Hill,1,24,20
2023020112,2023-10-27,CAR,8477293,Antti Raanta,1,20,20
2023020112,2023-10-27,SJS,8478039,Kaapo Kahkonen,1,40,37
2023020113,2023-10-27,BUF,8477480,Eric Comrie,1,18,16
2023020113,2023-10-27,NJD,8477970,Vitek Vanecek,1,27,23
2023020113,2023-10-27,BUF,8480045,Ukko-Pekka Luukkonen,0,21,18
2023020114,2023-10-27,MIN,8470594,Marc-Andre Fleury,1,33,31
2023020114,2023-10-27,WSH,8475311,Darcy Kuemper,1,41,39
2023020115,2023-10-27,LAK,8475660,Cam Talbot,0,18,17
2023020115,2023-10-27,LAK,8477831,Pheonix Copley,1,6,3
2023020115,2023-10-27,ARI,8478872,Karel Vejmelka,1,41,36
2023020116,2023-10-27,STL,8476412,Jordan Binnington,1,35,30
2023020116,2023-10-27,VAN,8477967,Thatcher Demko,1,22,22
2023020117,2023-10-28,ANA,8480843,Lukas Dostal,1,30,26
2023020117,2023-10-28,PHI,8481035,Samuel Ersson,1,25,18
2023020118,2023-10-28,FLA,8475683,Sergei Bobrovsky,1,33,31
2023020118,2023-10-28,SEA,8478916,Joey Daccord,1,37,34
2023020119,2023-10-28,DET,8478024,Ville Husso,1,30,27
2023020119,2023-10-28,BOS,8480280,Jeremy Swayman,1,24,23
2023020120,2023-10-28,NYI,8473575,Semyon Varlamov,1,34,34
2023020120,2023-10-28,CBJ,8477484,Spencer Martin,1,34,32
2023020121,2023-10-28,MTL,8474596,Jake Allen,1,45,42
2023020121,2023-10-28,WPG,8476316,Laurent Brossoit,1,29,26
2023020122,2023-10-28,NSH,8477424,Juuse Saros,1,35,33
2023020122,2023-10-28,TOR,8478492,Ilya Samsonov,1,24,21
2023020123,2023-10-28,PIT,8476433,Magnus Hellberg,0,17,15
2023020123,2023-10-28,OTT,8476914,Joonas Korpisalo,1,43,41
2023020123,2023-10-28,PIT,8477465,Tristan Jarry,1,9,6
2023020124,2023-10-28,NYR,8478048,Igor Shesterkin,1,33,30
2023020124,2023-10-28,VAN,8479193,Casey DeSmith,1,24,20
2023020125,2023-10-28,LAK,8475660,Cam Talbot,1,30,27
2023020125,2023-10-28,VGK,8480313,Logan Thompson,1,40,37
2023020126,2023-10-29,BUF,8480045,Ukko-Pekka Luukkonen,1,23,23
2023020126,2023-10-29,COL,8480382,Alexandar Georgiev,1,28,25
2023020127,2023-10-29,MIN,8470594,Marc-Andre Fleury,1,30,26
2023020127,2023-10-29,NJD,8477970,Vitek Vanecek,1,34,31
2023020128,2023-10-29,WSH,8475311,Darcy Kuemper,1,31,30
2023020128,2023-10-29,SJS,8478406,Mackenzie Blackwood,1,41,39
2023020129,2023-10-29,CGY,8474593,Jacob Markstrom,1,32,28
2023020129,2023-10-29,EDM,8479973,Stuart Skinner,1,26,24
2023020130,2023-10-30,FLA,8475683,Sergei Bobrovsky,1,26,23
2023020130,2023-10-30,BOS,8476999,Linus Ullmark,1,37,35
2023020131,2023-10-30,CAR,8475883,Frederik Andersen,1,28,26
2023020131,2023-10-30,PHI,8479394,Carter Hart,1,32,29
2023020132,2023-10-30,ANA,8476434,John Gibson,1,7,6
2023020132,2023-10-30,PIT,8477465,Tristan Jarry,1,27,23
2023020132,2023-10-30,ANA,8480843,Lukas Dostal,0,35,33
2023020133,2023-10-30,SEA,8475831,Philipp Grubauer,1,37,34
2023020133,2023-10-30,TBL,8477992,Jonas Johansson,1,43,39
2023020134,2023-10-30,NYI,8478009,Ilya Sorokin,1,36,32
2023020134,2023-10-30,DET,8478024,Ville Husso,1,40,37
2023020135,2023-10-30,WPG,8476945,Connor Hellebuyck,1,26,23
2023020135,2023-10-30,NYR,8478048,Igor Shesterkin,1,29,27
2023020136,2023-10-30,CBJ,8478007,Elvis Merzlikins,1,32,28
2023020136,2023-10-30,DAL,8479979,Jake Oettinger,1,25,22
2023020137,2023-10-30,CHI,8475852,Petr Mrazek,0,11,10
2023020137,2023-10-30,ARI,8478971,Connor Ingram,1,30,29
2023020137,2023-10-30,CHI,8482821,Arvid Soderblom,1,22,15
2023020138,2023-10-30,MTL,8478470,Samuel Montembeault,1,25,23
2023020138,2023-10-30,VGK,8478499,Adin Hill,1,39,37
2023020139,2023-10-31,LAK,8475660,Cam Talbot,1,30,29
2023020139,2023-10-31,TOR,8479361,Joseph Woll,1,27,23
2023020140,2023-10-31,VAN,8477967,Thatcher Demko,1,29,27
2023020140,2023-10-31,NSH,8480947,Kevin Lankinen,1,26,22
2023020141,2023-11-01,PHI,8479394,Carter Hart,1,5,3
2023020141,2023-11-01,BUF,8480045,Ukko-Pekka Luukkonen,1,40,38
2023020141,2023-11-01,PHI,8481035,Samuel Ersson,0,9,7
2023020142,2023-11-01,CGY,8474593,Jacob Markstrom,1,30,26
2023020142,2023-11-01,DAL,8479979,Jake Oettinger,1,47,44
2023020143,2023-11-01,STL,8476412,Jordan Binnington,1,28,24
2023020143,2023-11-01,COL,8481031,Ivan Prosvetov,1,28,27
2023020144,2023-11-01,ARI,8478872,Karel Vejmelka,1,29,25
2023020144,2023-11-01,ANA,8480843,Lukas Dostal,1,35,32
2023020145,2023-11-02,TOR,8478492,Ilya Samsonov,1,40,38
2023020145,2023-11-02,BOS,8480280,Jeremy Swayman,1,35,33
2023020146,2023-11-02,TBL,8477035,Matt Tomkins,1,27,24
2023020146,2023-11-02,CBJ,8478007,Elvis Merzlikins,1,29,27
2023020147,2023-11-02,DET,8473503,James Reimer,1,26,25
2023020147,2023-11-02,FLA,8475683,Sergei Bobrovsky,1,22,22
2023020148,2023-11-02,CAR,8475883,Frederik Andersen,1,26,24
2023020148,2023-11-02,NYR,8478048,Igor Shesterkin,1,27,26
2023020149,2023-11-02,LAK,8475660,Cam Talbot,1,26,24
2023020149,2023-11-02,OTT,8476914,Joonas Korpisalo,1,38,35
2023020150,2023-11-02,NYI,8473575,Semyon Varlamov,1,32,32
2023020150,2023-11-02,WSH,8475311,Darcy Kuemper,1,21,18
2023020151,2023-11-02,NJD,8477970,Vitek Vanecek,1,25,22
2023020151,2023-11-02,MIN,8479406,Filip Gustavsson,1,38,33
2023020152,2023-11-02,DAL,8475809,Scott Wedgewood,1,49,46
2023020152,2023-11-02,EDM,8479973,Stuart Skinner,1,27,23
2023020153,2023-11-02,MTL,8474596,Jake Allen,1,35,32
2023020153,2023-11-02,ARI,8478971,Connor Ingram,1,30,28
2023020154,2023-11-02,SEA,8475831,Philipp Grubauer,1,34,32
2023020154,2023-11-02,NSH,8477424,Juuse Saros,1,31,27
2023020155,2023-11-02,WPG,8476945,Connor Hellebuyck,1,25,21
2023020155,2023-11-02,VGK,8480313,Logan Thompson,1,31,29
2023020156,2023-11-02,VAN,8477967,Thatcher Demko,1,31,30
2023020156,2023-11-02,SJS,8478039,Kaapo Kahkonen,1,19,13
2023020156,2023-11-02,SJS,8478406,Mackenzie Blackwood,0,14,10
2023020157,2023-11-03,BUF,8480045,Ukko-Pekka Luukkonen,1,19,14
2023020157,2023-11-03,PHI,8481035,Samuel Ersson,1,22,21
2023020158,2023-11-03,STL,8476412,Jordan Binnington,1,34,33
2023020158,2023-11-03,NJD,8481033,Akira Schmid,1,33,31
2023020159,2023-11-04,EDM,8475789,Jack Campbell,1,34,29
2023020159,2023-11-04,NSH,8480947,Kevin Lankinen,1,35,33
2023020160,2023-11-04,WPG,8476945,Connor Hellebuyck,1,25,22
2023020160,2023-11-04,ARI,8478872,Karel Vejmelka,1,27,22
2023020161,2023-11-04,BOS,8476999,Linus Ullmark,1,40,35
2023020161,2023-11-04,DET,8478024,Ville Husso,1,30,26
2023020162,2023-11-04,OTT,8476341,Anton Forsberg,0,17,14
2023020162,2023-11-04,OTT,8476914,Joonas Korpisalo,1,21,18
2023020162,2023-11-04,TBL,8477992,Jonas Johansson,1,28,24
2023020163,2023-11-04,LAK,8475660,Cam Talbot,1,24,24
2023020163,2023-11-04,PHI,8477361,Calvin Petersen,1,30,25
2023020164,2023-11-04,MTL,8478470,Samuel Montembeault,1,34,29
2023020164,2023-11-04,STL,8480981,Joel Hofer,1,33,30
2023020165,2023-11-04,TOR,8479361,Joseph Woll,1,40,35
2023020165,2023-11-04,BUF,8482221,Devon Levi,1,28,24
2023020166,2023-11-04,CBJ,8478007,Elvis Merzlikins,1,27,25
2023020166,2023-11-04,WSH,8479292,Charlie Lindgren,1,35,34
2023020167,2023-11-04,CAR,8477293,Antti Raanta,1,25,22
2023020167,2023-11-04,NYI,8478009,Ilya Sorokin,1,46,42
2023020168,2023-11-04,CHI,8475852,Petr Mrazek,1,40,38
2023020168,2023-11-04,FLA,8476932,Anthony Stolarz,1,24,20
2023020169,2023-11-04,MIN,8470594,Marc-Andre Fleury,0,14,13
2023020169,2023-11-04,NYR,8471734,Jonathan Quick,1,39,35
2023020169,2023-11-04,MIN,8479406,Filip Gustavsson,1,4,1
2023020170,2023-11-04,SEA,8475831,Philipp Grubauer,1,29,25
2023020170,2023-11-04,CGY,8478435,Dan Vladar,1,20,17
2023020171,2023-11-04,PIT,8477465,Tristan Jarry,1,26,24
2023020171,2023-11-04,SJS,8478406,Mackenzie Blackwood,1,18,12
2023020171,2023-11-04,SJS,8480992,Magnus Chrona,0,17,13
2023020172,2023-11-04,VAN,8477967,Thatcher Demko,1,27,27
2023020172,2023-11-04,DAL,8479979,Jake Oettinger,1,28,26
2023020173,2023-11-04,VGK,8478499,Adin Hill,1,41,41
2023020173,2023-11-04,COL,8480382,Alexandar Georgiev,1,34,27
2023020174,2023-11-05,NJD,8477970,Vitek Vanecek,1,34,32
2023020174,2023-11-05,CHI,8482821,Arvid Soderblom,1,40,37
2023020175,2023-11-05,ANA,8476434,John Gibson,1,32,30
2023020175,2023-11-05,VGK,8480313,Logan Thompson,1,22,19
2023020176,2023-11-06,FLA,8475683,Sergei Bobrovsky,1,23,19
2023020176,2023-11-06,CBJ,8477484,Spencer Martin,0,36,34
2023020176,2023-11-06,CBJ,8478007,Elvis Merzlikins,1,10,7
2023020177,2023-11-06,TBL,8477992,Jonas Johansson,1,34,28
2023020177,2023-11-06,TOR,8478492,Ilya Samsonov,1,12,8
2023020177,2023-11-06,TOR,8479361,Joseph Woll,0,19,18
2023020178,2023-11-06,DAL,8479979,Jake Oettinger,1,29,26
2023020178,2023-11-06,BOS,8480280,Jeremy Swayman,1,37,35
2023020179,2023-11-06,VAN,8477967,Thatcher Demko,1,43,41
2023020179,2023-11-06,EDM,8479973,Stuart Skinner,1,36,30
2023020180,2023-11-07,CAR,8477293,Antti Raanta,1,21,19
2023020180,2023-11-07,BUF,8480045,Ukko-Pekka Luukkonen,1,27,24
2023020181,2023-11-07,MTL,8474596,Jake Allen,1,9,5
2023020181,2023-11-07,TBL,8477035,Matt Tomkins,1,26,23
2023020181,2023-11-07,MTL,8478470,Samuel Montembeault,0,23,22
2023020182,2023-11-07,MIN,8470594,Marc-Andre Fleury,1,29,27
2023020182,2023-11-07,NYI,8473575,Semyon Varlamov,1,31,27
2023020183,2023-11-07,NYR,8471734,Jonathan Quick,1,28,25
2023020183,2023-11-07,DET,8478024,Ville Husso,1,32,27
2023020184,2023-11-07,STL,8476412,Jordan Binnington,1,36,32
2023020184,2023-11-07,WPG,8476945,Connor Hellebuyck,1,22,20
2023020185,2023-11-07,SEA,8478916,Joey Daccord,1,27,24
2023020185,2023-11-07,ARI,8478971,Connor Ingram,1,38,35
2023020186,2023-11-07,CGY,8474593,Jacob Markstrom,1,18,16
2023020186,2023-11-07,NSH,8477424,Juuse Saros,1,38,35
2023020187,2023-11-07,PIT,8476433,Magnus Hellberg,0,11,11
2023020187,2023-11-07,ANA,8476434,John Gibson,1,35,34
2023020187,2023-11-07,PIT,8477465,Tristan Jarry,1,20,20
2023020188,2023-11-07,NJD,8477970,Vitek Vanecek,1,31,26
2023020188,2023-11-07,COL,8480382,Alexandar Georgiev,1,23,20
2023020189,2023-11-07,SJS,8478406,Mackenzie Blackwood,1,39,38
2023020189,2023-11-07,PHI,8481035,Samuel Ersson,1,19,17
2023020190,2023-11-08,OTT,8476914,Joonas Korpisalo,1,30,27
2023020190,2023-11-08,TOR,8479361,Joseph Woll,1,31,25
2023020191,2023-11-08,WSH,8475311,Darcy Kuemper,1,25,21
2023020191,2023-11-08,FLA,8475683,Sergei Bobrovsky,1,28,25
2023020192,2023-11-08,LAK,8475660,Cam Talbot,1,38,37
2023020192,2023-11-08,VGK,8478499,Adin Hill,1,32,29
2023020193,2023-11-09,BOS,8476999,Linus Ullmark,1,29,27
2023020193,2023-11-09,NYI,8478009,Ilya Sorokin,1,34,30
2023020194,2023-11-09,CBJ,8477484,Spencer Martin,1,30,26
2023020194,2023-11-09,DAL,8479979,Jake Oettinger,1,29,27
2023020195,2023-11-09,DET,8473503,James Reimer,1,27,24
2023020195,2023-11-09,MTL,8480051,Cayden Primeau,1,29,27
2023020196,2023-11-09,MIN,8470594,Marc-Andre Fleury,1,27,24
2023020196,2023-11-09,NYR,8475839,Louis Domingue,1,26,25
2023020197,2023-11-09,OTT,8476341,Anton Forsberg,1,16,11
2023020197,2023-11-09,VAN,8479193,Casey DeSmith,1,30,28
2023020198,2023-11-09,CHI,8475852,Petr Mrazek,1,33,30
2023020198,2023-11-09,TBL,8477992,Jonas Johansson,1,29,24
2023020199,2023-11-09,ARI,8478872,Karel Vejmelka,1,33,31
2023020199,2023-11-09,STL,8480981,Joel Hofer,1,20,19
2023020200,2023-11-09,WPG,8476316,Laurent Brossoit,1,23,20
2023020200,2023-11-09,NSH,8477424,Juuse Saros,1,36,31
2023020201,2023-11-09,SEA,8475831,Philipp Grubauer,1,26,23
2023020201,2023-11-09,COL,8481031,Ivan Prosvetov,1,22,18
2023020202,2023-11-09,PIT,8476433,Magnus Hellberg,1,36,33
2023020202,2023-11-09,LAK,8477831,Pheonix Copley,1,20,16
2023020203,2023-11-09,SJS,8478406,Mackenzie Blackwood,1,41,39
2023020203,2023-11-09,EDM,8479973,Stuart Skinner,1,18,15
2023020204,2023-11-10,MIN,8479406,Filip Gustavsson,1,25,22
2023020204,2023-11-10,BUF,8482221,Devon Levi,1,35,33
2023020205,2023-11-10,FLA,8475683,Sergei Bobrovsky,1,30,28
2023020205,2023-11-10,CAR,8477293,Antti Raanta,1,34,30
2023020206,2023-11-10,NJD,8477970,Vitek Vanecek,1,5,3
2023020206,2023-11-10,WSH,8479292,Charlie Lindgren,1,26,24
2023020206,2023-11-10,NJD,8481033,Akira Schmid,0,21,20
2023020207,2023-11-10,CGY,8478435,Dan Vladar,1,36,32
2023020207,2023-11-10,TOR,8479361,Joseph Woll,1,28,24
2023020208,2023-11-10,ANA,8480843,Lukas Dostal,1,35,30
2023020208,2023-11-10,PHI,8481035,Samuel Ersson,1,38,35
2023020209,2023-11-10,SJS,8478039,Kaapo Kahkonen,1,39,34
2023020209,2023-11-10,VGK,8478499,Adin Hill,1,20,20
2023020210,2023-11-11,CBJ,8477484,Spencer Martin,1,28,23
2023020210,2023-11-11,DET,8478024,Ville Husso,1,22,18
2023020211,2023-11-11,DAL,8475809,Scott Wedgewood,1,33,31
2023020211,2023-11-11,WPG,8476945,Connor Hellebuyck,1,29,26
2023020212,2023-11-11,MTL,8478470,Samuel Montembeault,1,28,26
2023020212,2023-11-11,BOS,8480280,Jeremy Swayman,1,27,24
2023020213,2023-11-11,OTT,8476914,Joonas Korpisalo,1,25,24
2023020213,2023-11-11,CGY,8481692,Dustin Wolf,1,38,34
2023020214,2023-11-11,TBL,8477992,Jonas Johansson,1,32,28
2023020214,2023-11-11,CAR,8481611,Pyotr Kochetkov,1,22,22
2023020215,2023-11-11,VAN,8477967,Thatcher Demko,1,22,17
2023020215,2023-11-11,TOR,8478492,Ilya Samsonov,1,33,31
2023020216,2023-11-11,NYI,8473575,Semyon Varlamov,1,27,24
2023020216,2023-11-11,WSH,8482411,Hunter Shepard,1,37,36
2023020217,2023-11-11,PIT,8477465,Tristan Jarry,1,35,35
2023020217,2023-11-11,BUF,8480045,Ukko-Pekka Luukkonen,1,38,35
2023020218,2023-11-11,NSH,8477424,Juuse Saros,1,24,18
2023020218,2023-11-11,ARI,8478971,Connor Ingram,1,42,37
2023020219,2023-11-11,STL,8476412,Jordan Binnington,1,38,36
2023020219,2023-11-11,COL,8480382,Alexandar Georgiev,1,28,22
2023020219,2023-11-11,COL,8481031,Ivan Prosvetov,0,14,12
2023020220,2023-11-11,SEA,8475831,Philipp Grubauer,1,17,13
2023020220,2023-11-11,SEA,8478916,Joey Daccord,0,9,9
2023020220,2023-11-11,EDM,8479973,Stuart Skinner,1,18,17
2023020221,2023-11-11,LAK,8475660,Cam Talbot,1,26,22
2023020221,2023-11-11,PHI,8477361,Calvin Petersen,1,37,35
2023020222,2023-11-12,FLA,8475683,Sergei Bobrovsky,1,26,23
2023020222,2023-11-12,CHI,8482821,Arvid Soderblom,1,31,27
2023020223,2023-11-12,MIN,8470594,Marc-Andre Fleury,1,37,29
2023020223,2023-11-12,DAL,8479979,Jake Oettinger,1,26,23
2023020224,2023-11-12,MTL,8474596,Jake Allen,1,35,32
2023020224,2023-11-12,VAN,8479193,Casey DeSmith,1,32,30
2023020225,2023-11-12,NYR,8471734,Jonathan Quick,1,28,25
2023020225,2023-11-12,CBJ,8478007,Elvis Merzlikins,1,40,37
2023020226,2023-11-12,ANA,8476434,John Gibson,1,26,25
2023020226,2023-11-12,SJS,8478406,Mackenzie Blackwood,1,44,40
2023020227,2023-11-13,NYI,8478009,Ilya Sorokin,1,31,28
2023020227,2023-11-13,EDM,8479973,Stuart Skinner,1,33,32
2023020228,2023-11-13,SEA,8478916,Joey Daccord,1,31,26
2023020228,2023-11-13,COL,8480382,Alexandar Georgiev,1,19,18
2023020229,2023-11-14,BOS,8476999,Linus Ullmark,1,34,32
2023020229,2023-11-14,BUF,8480045,Ukko-Pekka Luukkonen,0,14,14
2023020229,2023-11-14,BUF,8482221,Devon Levi,1,18,13
2023020230,2023-11-14,PIT,8477465,Tristan Jarry,1,30,27
2023020230,2023-11-14,CBJ,8478007,Elvis Merzlikins,1,40,36
2023020231,2023-11-14,CGY,8474593,Jacob Markstrom,1,35,34
2023020231,2023-11-14,MTL,8478470,Samuel Montembeault,1,29,27
2023020232,2023-11-14,WSH,8479292,Charlie Lindgren,1,35,35
2023020232,2023-11-14,VGK,8480313,Logan Thompson,1,30,28
2023020233,2023-11-14,ARI,8478872,Karel Vejmelka,1,36,32
2023020233,2023-11-14,DAL,8479979,Jake Oettinger,1,26,23
2023020234,2023-11-14,ANA,8476434,John Gibson,1,30,28
2023020234,2023-11-14,NSH,8477424,Juuse Saros,1,20,17
2023020235,2023-11-14,STL,8476412,Jordan Binnington,1,30,30
2023020235,2023-11-14,TBL,8477992,Jonas Johansson,1,28,24
2023020236,2023-11-14,WPG,8476945,Connor Hellebuyck,1,34,31
2023020236,2023-11-14,NJD,8481033,Akira Schmid,1,30,25
2023020237,2023-11-14,FLA,8476932,Anthony Stolarz,1,22,19
2023020237,2023-11-14,SJS,8478406,Mackenzie Blackwood,1,30,26
2023020238,2023-11-15,PHI,8479394,Carter Hart,1,32,31
2023020238,2023-11-15,CAR,8481611,Pyotr Kochetkov,1,24,21
2023020239,2023-11-15,SEA,8478916,Joey Daccord,1,31,27
2023020239,2023-11-15,EDM,8479973,Stuart Skinner,1,35,32
2023020240,2023-11-15,COL,8480382,Alexandar Georgiev,1,17,15
2023020240,2023-11-15,ANA,8480843,Lukas Dostal,1,38,30
2023020241,2023-11-15,VAN,8477967,Thatcher Demko,1,33,30
2023020241,2023-11-15,NYI,8478009,Ilya Sorokin,1,43,39
2023020242,2023-11-16,DET,8473503,James Reimer,1,34,29
2023020242,2023-11-16,OTT,8476914,Joonas Korpisalo,1,41,37
2023020243,2023-11-16,CBJ,8478007,Elvis Merzlikins,1,32,29
2023020243,2023-11-16,ARI,8478971,Connor Ingram,1,41,39
2023020244,2023-11-16,VGK,8478499,Adin Hill,1,28,23
2023020244,2023-11-16,MTL,8480051,Cayden Primeau,1,42,36
2023020245,2023-11-16,PIT,8477465,Tristan Jarry,1,31,26
2023020245,2023-11-16,NJD,8477970,Vitek Vanecek,1,23,21
2023020246,2023-11-16,CHI,8475852,Petr Mrazek,1,31,28
2023020246,2023-11-16,TBL,8477992,Jonas Johansson,1,14,12
2023020247,2023-11-16,CGY,8474593,Jacob Markstrom,1,22,20
2023020247,2023-11-16,VAN,8479193,Casey DeSmith,1,38,34
2023020248,2023-11-16,NYI,8473575,Semyon Varlamov,1,32,29
2023020248,2023-11-16,SEA,8475831,Philipp Grubauer,1,23,20
2023020249,2023-11-16,LAK,8475660,Cam Talbot,1,31,30
2023020249,2023-11-16,FLA,8475683,Sergei Bobrovsky,1,27,25
2023020250,2023-11-16,STL,8476412,Jordan Binnington,0,14,13
2023020250,2023-11-16,SJS,8478039,Kaapo Kahkonen,1,45,44
2023020250,2023-11-16,STL,8480981,Joel Hofer,1,21,17
2023020251,2023-11-17,TOR,8478492,Ilya Samsonov,1,29,27
2023020251,2023-11-17,DET,8479312,Alex Lyon,1,29,26
2023020252,2023-11-17,WPG,8476945,Connor Hellebuyck,1,28,26
2023020252,2023-11-17,BUF,8477480,Eric Comrie,1,18,15
2023020253,2023-11-17,ANA,8476434,John Gibson,1,35,33
2023020253,2023-11-17,FLA,8476932,Anthony Stolarz,1,35,34
2023020254,2023-11-18,OTT,8476341,Anton Forsberg,1,25,24
2023020254,2023-11-18,MIN,8479406,Filip Gustavsson,1,31,30
2023020255,2023-11-18,PHI,8479394,Carter Hart,1,31,28
2023020255,2023-11-18,VGK,8480313,Logan Thompson,1,38,34
2023020256,2023-11-18,NSH,8480947,Kevin Lankinen,1,31,29
2023020256,2023-11-18,CHI,8482821,Arvid Soderblom,1,30,27
2023020257,2023-11-18,TBL,8477992,Jonas Johansson,1,42,38
2023020257,2023-11-18,EDM,8479973,Stuart Skinner,1,23,18
2023020258,2023-11-18,MTL,8474596,Jake Allen,1,44,39
2023020258,2023-11-18,BOS,8480280,Jeremy Swayman,1,22,20
2023020259,2023-11-18,CAR,8477293,Antti Raanta,1,28,26
2023020259,2023-11-18,PIT,8477465,Tristan Jarry,1,33,30
2023020260,2023-11-18,CGY,8474593,Jacob Markstrom,1,33,29
2023020260,2023-11-18,NYI,8478009,Ilya Sorokin,1,39,35
2023020261,2023-11-18,NJD,8477970,Vitek Vanecek,1,34,30
2023020261,2023-11-18,NYR,8478048,Igor Shesterkin,1,33,30
2023020262,2023-11-18,WPG,8476316,Laurent Brossoit,1,18,16
2023020262,2023-11-18,ARI,8478872,Karel Vejmelka,1,25,21
2023020263,2023-11-18,CBJ,8478007,Elvis Merzlikins,1,26,22
2023020263,2023-11-18,WSH,8479292,Charlie Lindgren,1,36,33
2023020264,2023-11-18,DAL,8479979,Jake Oettinger,1,37,32
2023020264,2023-11-18,COL,8480382,Alexandar Georgiev,1,28,25
2023020265,2023-11-18,SEA,8475831,Philipp Grubauer,1,24,21
2023020265,2023-11-18,VAN,8477967,Thatcher Demko,1,26,22
2023020266,2023-11-18,LAK,8475660,Cam Talbot,1,30,29
2023020266,2023-11-18,STL,8476412,Jordan Binnington,1,31,26
2023020267,2023-11-19,MIN,8470594,Marc-Andre Fleury,1,25,21
2023020267,2023-11-19,TOR,8479361,Joseph Woll,1,36,33
2023020268,2023-11-19,CBJ,8477484,Spencer Martin,1,26,22
2023020268,2023-11-19,PHI,8481035,Samuel Ersson,1,22,20
2023020269,2023-11-19,PIT,8477968,Alex Nedeljkovic,1,38,38
2023020269,2023-11-19,VGK,8478499,Adin Hill,1,31,29
2023020270,2023-11-19,CHI,8475852,Petr Mrazek,1,20,17
2023020270,2023-11-19,BUF,8480045,Ukko-Pekka Luukkonen,1,26,24
2023020271,2023-11-19,ANA,8476434,John Gibson,1,32,29
2023020271,2023-11-19,STL,8480981,Joel Hofer,1,31,30
2023020272,2023-11-20,FLA,8475683,Sergei Bobrovsky,1,29,26
2023020272,2023-11-20,EDM,8475717,Calvin Pickard,1,32,28
2023020273,2023-11-20,TBL,8477992,Jonas Johansson,1,27,23
2023020273,2023-11-20,BOS,8480280,Jeremy Swayman,1,47,42
2023020274,2023-11-20,DAL,8475809,Scott Wedgewood,1,33,30
2023020274,2023-11-20,NYR,8478048,Igor Shesterkin,1,34,30
2023020275,2023-11-20,NSH,8477424,Juuse Saros,1,29,26
2023020275,2023-11-20,COL,8480382,Alexandar Georgiev,1,30,26
2023020276,2023-11-20,LAK,8477831,Pheonix Copley,1,31,30
2023020276,2023-11-20,ARI,8478971,Connor Ingram,1,25,21
2023020277,2023-11-20,SEA,8475831,Philipp Grubauer,1,7,5
2023020277,2023-11-20,CGY,8478435,Dan Vladar,1,31,28
2023020277,2023-11-20,SEA,8478916,Joey Daccord,0,24,22
2023020278,2023-11-20,VAN,8477967,Thatcher Demko,1,28,27
2023020278,2023-11-20,SJS,8478406,Mackenzie Blackwood,1,37,34
2023020279,2023-11-22,EDM,8475717,Calvin Pickard,0,14,13
2023020279,2023-11-22,CAR,8477293,Antti Raanta,1,8,7
2023020279,2023-11-22,EDM,8479973,Stuart Skinner,1,12,8
2023020279,2023-11-22,CAR,8481611,Pyotr Kochetkov,0,15,13
2023020280,2023-11-22,CHI,8475852,Petr Mrazek,1,18,13
2023020280,2023-11-22,CBJ,8478007,Elvis Merzlikins,1,36,33
2023020280,2023-11-22,CHI,8482821,Arvid Soderblom,0,8,6
2023020281,2023-11-22,NJD,8477970,Vitek Vanecek,1,28,24
2023020281,2023-11-22,DET,8479312,Alex Lyon,1,16,16
2023020282,2023-11-22,FLA,8475683,Sergei Bobrovsky,1,25,22
2023020282,2023-11-22,BOS,8476999,Linus Ullmark,1,28,27
2023020283,2023-11-22,NYR,8471734,Jonathan Quick,1,32,32
2023020283,2023-11-22,PIT,8477465,Tristan Jarry,1,36,35
2023020284,2023-11-22,WPG,8476945,Connor Hellebuyck,1,33,31
2023020284,2023-11-22,TBL,8477992,Jonas Johansson,1,32,29
2023020285,2023-11-22,WSH,8475311,Darcy Kuemper,1,27,24
2023020285,2023-11-22,BUF,8482221,Devon Levi,1,30,26
2023020286,2023-11-22,NYI,8478009,Ilya Sorokin,1,36,34
2023020286,2023-11-22,PHI,8479394,Carter Hart,1,25,22
2023020287,2023-11-22,STL,8476412,Jordan Binnington,1,13,8
2023020287,2023-11-22,ARI,8478872,Karel Vejmelka,1,11,7
2023020287,2023-11-22,ARI,8478971,Connor Ingram,0,20,18
2023020287,2023-11-22,STL,8480981,Joel Hofer,0,12,12
2023020288,2023-11-22,CGY,8474593,Jacob Markstrom,1,45,41
2023020288,2023-11-22,NSH,8477424,Juuse Saros,1,26,24
2023020289,2023-11-22,VGK,8478499,Adin Hill,1,32,31
2023020289,2023-11-22,DAL,8479979,Jake Oettinger,1,26,24
2023020290,2023-11-22,ANA,8476434,John Gibson,1,28,24
2023020290,2023-11-22,MTL,8478470,Samuel Montembeault,1,33,30
2023020291,2023-11-22,VAN,8477967,Thatcher Demko,1,24,20
2023020291,2023-11-22,COL,8480382,Alexandar Georgiev,1,29,27
2023020292,2023-11-22,SJS,8478039,Kaapo Kahkonen,1,17,13
2023020292,2023-11-22,SJS,8478406,Mackenzie Blackwood,0,13,10
2023020292,2023-11-22,SEA,8478916,Joey Daccord,1,14,13
2023020293,2023-11-24,DET,8478024,Ville Husso,1,27,25
2023020293,2023-11-24,BOS,8480280,Jeremy Swayman,1,27,23
2023020294,2023-11-24,NYR,8478048,Igor Shesterkin,1,37,36
2023020294,2023-11-24,PHI,8479394,Carter Hart,1,19,16
2023020295,2023-11-24,TOR,8478492,Ilya Samsonov,1,34,30
2023020295,2023-11-24,CHI,8482821,Arvid Soderblom,1,37,34
2023020296,2023-11-24,CBJ,8478007,Elvis Merzlikins,1,38,37
2023020296,2023-11-24,NJD,8481033,Akira Schmid,1,28,26
2023020297,2023-11-24,STL,8476412,Jordan Binnington,0,20,16
2023020297,2023-11-24,NSH,8480947,Kevin Lankinen,1,39,36
2023020297,2023-11-24,STL,8480981,Joel Hofer,1,15,11
2023020298,2023-11-24,WSH,8479292,Charlie Lindgren,1,35,30
2023020298,2023-11-24,EDM,8479973,Stuart Skinner,1,25,25
2023020299,2023-11-24,LAK,8475660,Cam Talbot,1,31,29
2023020299,2023-11-24,ANA,8476434,John Gibson,1,31,26
2023020300,2023-11-24,SJS,8478406,Mackenzie Blackwood,1,24,22
2023020300,2023-11-24,MTL,8480051,Cayden Primeau,1,33,31
2023020301,2023-11-24,PIT,8477968,Alex Nedeljkovic,1,34,31
2023020301,2023-11-24,BUF,8480045,Ukko-Pekka Luukkonen,1,33,31
2023020302,2023-11-24,NYI,8473575,Semyon Varlamov,1,31,28
2023020302,2023-11-24,OTT,8476341,Anton Forsberg,1,26,21
2023020303,2023-11-24,TBL,8476883,Andrei Vasilevskiy,1,24,22
2023020303,2023-11-24,CAR,8477293,Antti Raanta,1,14,6
2023020304,2023-11-24,FLA,8475683,Sergei Bobrovsky,1,30,28
2023020304,2023-11-24,WPG,8476945,Connor Hellebuyck,1,33,33
2023020305,2023-11-24,CGY,8474593,Jacob Markstrom,1,28,24
2023020305,2023-11-24,DAL,8479979,Jake Oettinger,1,26,20
2023020306,2023-11-24,MIN,8479406,Filip Gustavsson,1,25,22
2023020306,2023-11-24,COL,8480382,Alexandar Georgiev,1,21,19
2023020307,2023-11-24,VAN,8477967,Thatcher Demko,1,24,23
2023020307,2023-11-24,SEA,8478916,Joey Daccord,1,27,22
2023020308,2023-11-25,NYR,8471734,Jonathan Quick,1,31,27
2023020308,2023-11-25,BOS,8476999,Linus Ullmark,1,40,33
2023020309,2023-11-25,MTL,8474596,Jake Allen,1,30,26
2023020309,2023-11-25,LAK,8477831,Pheonix Copley,1,18,18
2023020310,2023-11-25,BUF,8477480,Eric Comrie,1,17,13
2023020310,2023-11-25,NJD,8477970,Vitek Vanecek,1,12,10
2023020310,2023-11-25,BUF,8482221,Devon Levi,0,20,17
2023020311,2023-11-25,PIT,8477465,Tristan Jarry,1,33,31
2023020311,2023-11-25,TOR,8479361,Joseph Woll,1,35,32
2023020312,2023-11-25,NYI,8478009,Ilya Sorokin,1,40,40
2023020312,2023-11-25,PHI,8481035,Samuel Ersson,1,25,25
2023020313,2023-11-25,CGY,8478435,Dan Vladar,1,24,21
2023020313,2023-11-25,COL,8481031,Ivan Prosvetov,1,30,29
2023020314,2023-11-25,SJS,8478039,Kaapo Kahkonen,1,33,30
2023020314,2023-11-25,VAN,8479193,Casey DeSmith,1,22,18
2023020315,2023-11-25,ARI,8478971,Connor Ingram,1,34,34
2023020315,2023-11-25,VGK,8480313,Logan Thompson,1,17,16
2023020316,2023-11-26,DET,8479312,Alex Lyon,1,38,37
2023020316,2023-11-26,MIN,8479406,Filip Gustavsson,1,22,19
2023020317,2023-11-26,STL,8476412,Jordan Binnington,1,33,31
2023020317,2023-11-26,CHI,8482821,Arvid Soderblom,1,28,24
2023020318,2023-11-26,CBJ,8478007,Elvis Merzlikins,1,43,40
2023020318,2023-11-26,CAR,8481611,Pyotr Kochetkov,1,23,21
2023020319,2023-11-26,WPG,8476316,Laurent Brossoit,1,26,23
2023020319,2023-11-26,NSH,8477424,Juuse Saros,1,34,32
2023020320,2023-11-26,ANA,8476434,John Gibson,0,10,8
2023020320,2023-11-26,EDM,8479973,Stuart Skinner,1,23,21
2023020320,2023-11-26,ANA,8480843,Lukas Dostal,1,16,10
2023020321,2023-11-27,BOS,8476999,Linus Ullmark,0,20,18
2023020321,2023-11-27,CBJ,8477484,Spencer Martin,1,33,31
2023020321,2023-11-27,BOS,8480280,Jeremy Swayman,1,19,17
2023020322,2023-11-27,NYR,8478048,Igor Shesterkin,1,38,34
2023020322,2023-11-27,BUF,8480045,Ukko-Pekka Luukkonen,1,26,25
2023020323,2023-11-27,FLA,8475683,Sergei Bobrovsky,1,20,20
2023020323,2023-11-27,OTT,8476914,Joonas Korpisalo,1,37,32
2023020324,2023-11-27,TBL,8476883,Andrei Vasilevskiy,1,22,19
2023020324,2023-11-27,COL,8480382,Alexandar Georgiev,1,39,38
2023020325,2023-11-27,CGY,8478435,Dan Vladar,1,28,27
2023020325,2023-11-27,VGK,8478499,Adin Hill,1,34,32
2023020326,2023-11-27,WSH,8475311,Darcy Kuemper,1,23,21
2023020326,2023-11-27,SJS,8478406,Mackenzie Blackwood,1,34,33
2023020327,2023-11-28,NJD,8477970,Vitek Vanecek,1,18,14
2023020327,2023-11-28,NYI,8478009,Ilya Sorokin,1,33,28
2023020327,2023-11-28,NJD,8481033,Akira Schmid,0,8,8
2023020328,2023-11-28,PHI,8479394,Carter Hart,1,35,32
2023020328,2023-11-28,CAR,8481611,Pyotr Kochetkov,1,29,28
2023020329,2023-11-28,FLA,8476932,Anthony Stolarz,1,32,31
2023020329,2023-11-28,TOR,8479361,Joseph Woll,1,39,38
2023020330,2023-11-28,STL,8476412,Jordan Binnington,1,37,34
2023020330,2023-11-28,MIN,8479406,Filip Gustavsson,1,24,23
2023020331,2023-11-28,NSH,8477424,Juuse Saros,1,31,29
2023020331,2023-11-28,PIT,8477465,Tristan Jarry,1,25,22
2023020332,2023-11-28,WPG,8476945,Connor Hellebuyck,1,21,19
2023020332,2023-11-28,DAL,8479979,Jake Oettinger,1,27,27
2023020333,2023-11-28,SEA,8475831,Philipp Grubauer,1,23,19
2023020333,2023-11-28,CHI,8475852,Petr Mrazek,1,36,33
2023020334,2023-11-28,TBL,8477992,Jonas Johansson,1,27,24
2023020334,2023-11-28,ARI,8478971,Connor Ingram,1,31,30
2023020335,2023-11-28,EDM,8479973,Stuart Skinner,1,27,23
2023020335,2023-11-28,VGK,8480313,Logan Thompson,1,34,30
2023020336,2023-11-28,ANA,8476434,John Gibson,1,26,24
2023020336,2023-11-28,VAN,8477967,Thatcher Demko,1,31,30
2023020337,2023-11-29,CBJ,8478007,Elvis Merzlikins,1,30,27
2023020337,2023-11-29,MTL,8478470,Samuel Montembeault,1,28,26
2023020338,2023-11-29,DET,8478024,Ville Husso,1,41,38
2023020338,2023-11-29,NYR,8478048,Igor Shesterkin,1,27,25
2023020339,2023-11-29,LAK,8475660,Cam Talbot,1,15,13
2023020339,2023-11-29,WSH,8479292,Charlie Lindgren,1,39,38
2023020340,2023-11-30,SJS,8478406,Mackenzie Blackwood,1,37,34
2023020340,2023-11-30,BOS,8480280,Jeremy Swayman,1,26,26
2023020341,2023-11-30,NYI,8473575,Semyon Varlamov,1,43,39
2023020341,2023-11-30,CAR,8481611,Pyotr Kochetkov,1,16,11
2023020342,2023-11-30,CHI,8475852,Petr Mrazek,1,29,24
2023020342,2023-11-30,DET,8479312,Alex Lyon,1,35,34
2023020343,2023-11-30,FLA,8475683,Sergei Bobrovsky,1,22,21
2023020343,2023-11-30,MTL,8480051,Cayden Primeau,1,29,24
2023020344,2023-11-30,PHI,8479394,Carter Hart,1,35,31
2023020344,2023-11-30,NJD,8481033,Akira Schmid,1,47,44
2023020345,2023-11-30,TBL,8476883,Andrei Vasilevskiy,1,28,25
2023020345,2023-11-30,PIT,8477465,Tristan Jarry,1,41,39
2023020346,2023-11-30,SEA,8475831,Philipp Grubauer,1,28,25
2023020346,2023-11-30,TOR,8479361,Joseph Woll,1,40,37
2023020347,2023-11-30,NSH,8477424,Juuse Saros,1,15,11
2023020347,2023-11-30,MIN,8479406,Filip Gustavsson,1,27,26
2023020347,2023-11-30,NSH,8480947,Kevin Lankinen,0,16,14
2023020348,2023-11-30,STL,8476412,Jordan Binnington,1,46,42
2023020348,2023-11-30,BUF,8480045,Ukko-Pekka Luukkonen,1,20,14
2023020349,2023-11-30,WPG,8476945,Connor Hellebuyck,1,38,36
2023020349,2023-11-30,EDM,8479973,Stuart Skinner,1,26,25
2023020350,2023-11-30,ARI,8478971,Connor Ingram,1,31,28
2023020350,2023-11-30,COL,8480382,Alexandar Georgiev,1,32,29
2023020351,2023-11-30,CGY,8474593,Jacob Markstrom,1,16,13
2023020351,2023-11-30,DAL,8475809,Scott Wedgewood,1,36,32
2023020352,2023-11-30,WSH,8475311,Darcy Kuemper,1,32,28
2023020352,2023-11-30,ANA,8476434,John Gibson,1,26,21
2023020353,2023-11-30,VAN,8477967,Thatcher Demko,1,44,40
2023020353,2023-11-30,VGK,8478499,Adin Hill,1,16,16
2023020353,2023-11-30,VGK,8480313,Logan Thompson,0,6,5
2023020354,2023-12-01,OTT,8476914,Joonas Korpisalo,1,23,19
2023020354,2023-12-01,CBJ,8478007,Elvis Merzlikins,1,43,41
2023020355,2023-12-01,SJS,8478039,Kaapo Kahkonen,1,47,44
2023020355,2023-12-01,NJD,8481033,Akira Schmid,1,17,12
2023020356,2023-12-02,TBL,8476883,Andrei Vasilevskiy,1,25,19
2023020356,2023-12-02,TBL,8477992,Jonas Johansson,0,9,7
2023020356,2023-12-02,DAL,8479979,Jake Oettinger,1,33,32
2023020357,2023-12-02,WPG,8476945,Connor Hellebuyck,1,21,20
2023020357,2023-12-02,CHI,8482821,Arvid Soderblom,1,28,25
2023020358,2023-12-02,NYR,8478048,Igor Shesterkin,1,40,37
2023020358,2023-12-02,NSH,8480947,Kevin Lankinen,1,25,21
2023020359,2023-12-02,FLA,8476932,Anthony Stolarz,1,27,23
2023020359,2023-12-02,NYI,8478009,Ilya Sorokin,1,45,42
2023020360,2023-12-02,BUF,8477480,Eric Comrie,1,37,31
2023020360,2023-12-02,CAR,8481611,Pyotr Kochetkov,1,22,20
2023020361,2023-12-02,MTL,8474596,Jake Allen,1,33,28
2023020361,2023-12-02,DET,8478024,Ville Husso,1,30,26
2023020362,2023-12-02,OTT,8476341,Anton Forsberg,1,39,39
2023020362,2023-12-02,SEA,8478916,Joey Daccord,1,28,26
2023020363,2023-12-02,PIT,8477465,Tristan Jarry,1,33,30
2023020363,2023-12-02,PHI,8481035,Samuel Ersson,1,32,29
2023020364,2023-12-02,BOS,8476999,Linus Ullmark,1,40,37
2023020364,2023-12-02,TOR,8479361,Joseph Woll,1,37,33
2023020365,2023-12-02,ARI,8478971,Connor Ingram,1,32,31
2023020365,2023-12-02,STL,8480981,Joel Hofer,1,21,18
2023020366,2023-12-02,ANA,8476434,John Gibson,1,37,34
2023020366,2023-12-02,COL,8481031,Ivan Prosvetov,1,37,34
2023020367,2023-12-02,CGY,8474593,Jacob Markstrom,1,21,18
2023020367,2023-12-02,VAN,8477967,Thatcher Demko,1,24,21
2023020368,2023-12-02,WSH,8475311,Darcy Kuemper,1,35,32
2023020368,2023-12-02,VGK,8480313,Logan Thompson,1,22,21
2023020369,2023-12-03,MIN,8470594,Marc-Andre Fleury,1,29,28
2023020369,2023-12-03,CHI,8475852,Petr Mrazek,1,34,30
2023020370,2023-12-03,NYR,8471734,Jonathan Quick,1,28,23
2023020370,2023-12-03,SJS,8478406,Mackenzie Blackwood,1,36,30
2023020371,2023-12-03,CBJ,8477484,Spencer Martin,1,28,25
2023020371,2023-12-03,BOS,8480280,Jeremy Swayman,1,25,24
2023020372,2023-12-03,NSH,8477424,Juuse Saros,1,35,34
2023020372,2023-12-03,BUF,8480045,Ukko-Pekka Luukkonen,1,29,27
2023020373,2023-12-03,LAK,8475660,Cam Talbot,1,21,20
2023020373,2023-12-03,COL,8480382,Alexandar Georgiev,1,37,34
2023020374,2023-12-04,PIT,8477968,Alex Nedeljkovic,1,33,31
2023020374,2023-12-04,PHI,8479394,Carter Hart,1,32,31
2023020375,2023-12-04,TBL,8476883,Andrei Vasilevskiy,1,25,25
2023020375,2023-12-04,DAL,8479979,Jake Oettinger,1,23,19
2023020376,2023-12-04,SEA,8475831,Philipp Grubauer,1,29,26
2023020376,2023-12-04,MTL,8478470,Samuel Montembeault,1,33,31
2023020377,2023-12-04,WPG,8476316,Laurent Brossoit,1,43,42
2023020377,2023-12-04,CAR,8477293,Antti Raanta,1,22,20
2023020378,2023-12-04,WSH,8475311,Darcy Kuemper,1,5,2
2023020378,2023-12-04,ARI,8478971,Connor Ingram,1,26,26
2023020378,2023-12-04,WSH,8479292,Charlie Lindgren,0,22,19
2023020379,2023-12-04,STL,8476412,Jordan Binnington,1,34,33
2023020379,2023-12-04,VGK,8480313,Logan Thompson,1,27,25
2023020380,2023-12-05,BUF,8477480,Eric Comrie,1,26,22
2023020380,2023-12-05,DET,8479312,Alex Lyon,1,32,29
2023020381,2023-12-05,LAK,8477831,Pheonix Copley,1,29,26
2023020381,2023-12-05,CBJ,8478007,Elvis Merzlikins,1,39,35
2023020382,2023-12-05,OTT,8476341,Anton Forsberg,1,35,33
2023020382,2023-12-05,NYR,8478048,Igor Shesterkin,1,35,30
2023020383,2023-12-05,NYI,8478009,Ilya Sorokin,1,37,32
2023020383,2023-12-05,SJS,8478039,Kaapo Kahkonen,1,39,35
2023020384,2023-12-05,NSH,8477424,Juuse Saros,1,28,25
2023020384,2023-12-05,CHI,8482821,Arvid Soderblom,1,30,27
2023020385,2023-12-05,CGY,8478435,Dan Vladar,1,16,13
2023020385,2023-12-05,MIN,8479406,Filip Gustavsson,1,30,28
2023020385,2023-12-05,CGY,8481692,Dustin Wolf,0,13,11
2023020386,2023-12-05,ANA,8476434,John Gibson,1,30,27
2023020386,2023-12-05,COL,8480382,Alexandar Georgiev,1,33,31
2023020387,2023-12-05,VAN,8477967,Thatcher Demko,1,32,26
2023020387,2023-12-05,NJD,8477970,Vitek Vanecek,1,33,28
2023020388,2023-12-06,FLA,8475683,Sergei Bobrovsky,1,33,29
2023020388,2023-12-06,DAL,8479979,Jake Oettinger,1,31,26
2023020389,2023-12-06,TBL,8476883,Andrei Vasilevskiy,1,25,24
2023020389,2023-12-06,PIT,8477465,Tristan Jarry,1,27,24
2023020390,2023-12-06,STL,8476412,Jordan Binnington,1,48,43
2023020390,2023-12-06,VGK,8480313,Logan Thompson,1,29,26
2023020391,2023-12-06,CAR,8477293,Antti Raanta,0,28,25
2023020391,2023-12-06,EDM,8479973,Stuart Skinner,1,39,38
2023020391,2023-12-06,CAR,8481611,Pyotr Kochetkov,1,6,3
2023020392,2023-12-07,BOS,8476999,Linus Ullmark,1,35,32
2023020392,2023-12-07,BUF,8482221,Devon Levi,1,32,31
2023020393,2023-12-07,DET,8478024,Ville Husso,1,36,30
2023020393,2023-12-07,SJS,8478039,Kaapo Kahkonen,0,11,10
2023020393,2023-12-07,SJS,8478406,Mackenzie Blackwood,1,20,16
2023020394,2023-12-07,LAK,8475660,Cam Talbot,1,24,24
2023020394,2023-12-07,MTL,8478470,Samuel Montembeault,1,42,38
2023020395,2023-12-07,TOR,8474889,Martin Jones,0,10,9
2023020395,2023-12-07,OTT,8476341,Anton Forsberg,1,22,18
2023020395,2023-12-07,TOR,8479361,Joseph Woll,1,31,29
2023020396,2023-12-07,DAL,8475809,Scott Wedgewood,1,27,23
2023020396,2023-12-07,WSH,8479292,Charlie Lindgren,1,38,34
2023020397,2023-12-07,NYI,8473575,Semyon Varlamov,1,35,32
2023020397,2023-12-07,CBJ,8477484,Spencer Martin,1,36,29
2023020398,2023-12-07,NSH,8477424,Juuse Saros,1,33,32
2023020398,2023-12-07,TBL,8477992,Jonas Johansson,1,29,25
2023020399,2023-12-07,CHI,8475852,Petr Mrazek,1,37,37
2023020399,2023-12-07,ANA,8480843,Lukas Dostal,1,25,24
2023020400,2023-12-07,ARI,8478971,Connor Ingram,1,26,22
2023020400,2023-12-07,PHI,8479394,Carter Hart,1,26,25
2023020401,2023-12-07,CAR,8481611,Pyotr Kochetkov,1,27,24
2023020401,2023-12-07,CGY,8481692,Dustin Wolf,1,30,28
2023020402,2023-12-07,WPG,8476945,Connor Hellebuyck,1,34,32
2023020402,2023-12-07,COL,8480382,Alexandar Georgiev,1,27,24
2023020403,2023-12-07,SEA,8475831,Philipp Grubauer,1,17,15
2023020403,2023-12-07,NJD,8481033,Akira Schmid,1,38,37
2023020404,2023-12-07,VAN,8479193,Casey DeSmith,1,26,26
2023020404,2023-12-07,MIN,8479406,Filip Gustavsson,1,17,15
2023020405,2023-12-08,STL,8480981,Joel Hofer,1,21,17
2023020405,2023-12-08,CBJ,8482982,Jet Greaves,1,43,41
2023020406,2023-12-08,FLA,8475683,Sergei Bobrovsky,1,26,25
2023020406,2023-12-08,PIT,8477465,Tristan Jarry,1,32,30
2023020407,2023-12-08,MIN,8470594,Marc-Andre Fleury,1,40,36
2023020407,2023-12-08,EDM,8479973,Stuart Skinner,1,20,17
2023020408,2023-12-09,BOS,8476999,Linus Ullmark,1,33,30
2023020408,2023-12-09,ARI,8478971,Connor Ingram,1,29,24
2023020409,2023-12-09,NJD,8477970,Vitek Vanecek,1,25,23
2023020409,2023-12-09,CGY,8481692,Dustin Wolf,1,29,26
2023020410,2023-12-09,DAL,8479979,Jake Oettinger,1,27,21
2023020410,2023-12-09,VGK,8480313,Logan Thompson,1,20,19
2023020411,2023-12-09,MTL,8480051,Cayden Primeau,1,48,46
2023020411,2023-12-09,BUF,8482221,Devon Levi,1,31,29
2023020412,2023-12-09,DET,8473503,James Reimer,0,11,11
2023020412,2023-12-09,OTT,8476914,Joonas Korpisalo,1,31,30
2023020412,2023-12-09,DET,8479312,Alex Lyon,1,25,21
2023020413,2023-12-09,TOR,8478492,Ilya Samsonov,1,18,18
2023020413,2023-12-09,NSH,8480947,Kevin Lankinen,1,36,33
2023020414,2023-12-09,NYR,8478048,Igor Shesterkin,1,29,25
2023020414,2023-12-09,WSH,8479292,Charlie Lindgren,1,31,31
2023020415,2023-12-09,LAK,8475660,Cam Talbot,1,30,27
2023020415,2023-12-09,NYI,8478009,Ilya Sorokin,1,35,33
2023020416,2023-12-09,CHI,8475852,Petr Mrazek,1,39,38
2023020416,2023-12-09,STL,8476412,Jordan Binnington,1,24,21
2023020417,2023-12-09,PHI,8479394,Carter Hart,1,38,36
2023020417,2023-12-09,COL,8481031,Ivan Prosvetov,1,34,29
2023020418,2023-12-09,SEA,8475831,Philipp Grubauer,1,23,21
2023020418,2023-12-09,TBL,8476883,Andrei Vasilevskiy,1,29,26
2023020418,2023-12-09,SEA,8478916,Joey Daccord,0,7,5
2023020419,2023-12-09,CAR,8477293,Antti Raanta,1,24,20
2023020419,2023-12-09,VAN,8477967,Thatcher Demko,1,24,21
2023020420,2023-12-10,FLA,8476932,Anthony Stolarz,1,19,17
2023020420,2023-12-10,CBJ,8482982,Jet Greaves,1,33,30
2023020421,2023-12-10,EDM,8475717,Calvin Pickard,1,26,25
2023020421,2023-12-10,NJD,8481033,Akira Schmid,1,29,26
2023020422,2023-12-10,WSH,8475311,Darcy Kuemper,1,34,32
2023020422,2023-12-10,CHI,8482821,Arvid Soderblom,1,27,23
2023020423,2023-12-10,MTL,8474596,Jake Allen,1,32,30
2023020423,2023-12-10,NSH,8477424,Juuse Saros,1,37,36
2023020424,2023-12-10,NYR,8471734,Jonathan Quick,1,26,25
2023020424,2023-12-10,LAK,8477831,Pheonix Copley,1,27,23
2023020425,2023-12-10,ANA,8476434,John Gibson,1,30,27
2023020425,2023-12-10,WPG,8476945,Connor Hellebuyck,1,26,24
2023020426,2023-12-10,SEA,8478916,Joey Daccord,1,25,23
2023020426,2023-12-10,MIN,8479406,Filip Gustavsson,1,24,24
2023020427,2023-12-10,SJS,8478039,Kaapo Kahkonen,1,27,23
2023020427,2023-12-10,VGK,8480238,Jiri Patera,1,38,34
2023020428,2023-12-11,ARI,8478872,Karel Vejmelka,1,37,33
2023020428,2023-12-11,BUF,8482221,Devon Levi,1,23,21
2023020429,2023-12-11,NYI,8478009,Ilya Sorokin,1,40,37
2023020429,2023-12-11,TOR,8478492,Ilya Samsonov,1,29,25
2023020430,2023-12-11,DET,8473503,James Reimer,1,34,29
2023020430,2023-12-11,DAL,8479979,Jake Oettinger,1,30,27
2023020431,2023-12-11,CGY,8478435,Dan Vladar,1,38,32
2023020431,2023-12-11,COL,8480382,Alexandar Georgiev,1,21,16
2023020431,2023-12-11,COL,8481031,Ivan Prosvetov,0,11,11
2023020432,2023-12-12,TOR,8474889,Martin Jones,1,31,28
2023020432,2023-12-12,NYR,8478048,Igor Shesterkin,1,29,23
2023020433,2023-12-12,OTT,8476914,Joonas Korpisalo,1,28,24
2023020433,2023-12-12,CAR,8481611,Pyotr Kochetkov,1,32,31
2023020434,2023-12-12,PIT,8477465,Tristan Jarry,1,21,19
2023020434,2023-12-12,ARI,8478971,Connor Ingram,1,42,39
2023020435,2023-12-12,NSH,8477424,Juuse Saros,1,39,37
2023020435,2023-12-12,PHI,8481035,Samuel Ersson,1,22,19
2023020436,2023-12-12,STL,8476412,Jordan Binnington,1,31,26
2023020436,2023-12-12,DET,8478024,Ville Husso,1,37,33
2023020437,2023-12-12,CHI,8475852,Petr Mrazek,1,29,25
2023020437,2023-12-12,EDM,8479973,Stuart Skinner,1,23,22
2023020438,2023-12-12,FLA,8475683,Sergei Bobrovsky,1,22,19
2023020438,2023-12-12,SEA,8478916,Joey Daccord,1,24,24
2023020439,2023-12-12,TBL,8476883,Andrei Vasilevskiy,1,21,18
2023020439,2023-12-12,VAN,8477967,Thatcher Demko,1,29,28
2023020440,2023-12-12,VGK,8480313,Logan Thompson,1,31,27
2023020440,2023-12-12,CGY,8481692,Dustin Wolf,1,39,34
2023020441,2023-12-12,WPG,8476316,Laurent Brossoit,1,32,30
2023020441,2023-12-12,SJS,8478406,Mackenzie Blackwood,1,37,36
2023020442,2023-12-13,PIT,8477968,Alex Nedeljkovic,1,42,39
2023020442,2023-12-13,MTL,8478470,Samuel Montembeault,1,30,27
2023020443,2023-12-13,NJD,8477970,Vitek Vanecek,1,24,23
2023020443,2023-12-13,BOS,8480280,Jeremy Swayman,1,35,33
2023020444,2023-12-13,NYI,8473575,Semyon Varlamov,1,24,21
2023020444,2023-12-13,ANA,8476434,John Gibson,1,35,31
2023020445,2023-12-13,BUF,8480045,Ukko-Pekka Luukkonen,1,29,24
2023020445,2023-12-13,COL,8481031,Ivan Prosvetov,1,30,29
2023020446,2023-12-13,LAK,8475660,Cam Talbot,1,28,24
2023020446,2023-12-13,WPG,8476945,Connor Hellebuyck,1,34,32
2023020447,2023-12-14,DET,8478024,Ville Husso,1,39,37
2023020447,2023-12-14,CAR,8481611,Pyotr Kochetkov,1,26,25
2023020448,2023-12-14,WSH,8479292,Charlie Lindgren,1,32,29
2023020448,2023-12-14,PHI,8481035,Samuel Ersson,1,30,27
2023020449,2023-12-14,CBJ,8478007,Elvis Merzlikins,1,48,43
2023020449,2023-12-14,TOR,8478492,Ilya Samsonov,1,35,29
2023020450,2023-12-14,CGY,8478435,Dan Vladar,1,32,30
2023020450,2023-12-14,MIN,8479406,Filip Gustavsson,1,37,35
2023020451,2023-12-14,STL,8476412,Jordan Binnington,1,34,32
2023020451,2023-12-14,OTT,8476914,Joonas Korpisalo,1,30,26
2023020452,2023-12-14,TBL,8476883,Andrei Vasilevskiy,1,57,53
2023020452,2023-12-14,EDM,8479973,Stuart Skinner,1,22,17
2023020453,2023-12-14,CHI,8475852,Petr Mrazek,0,5,5
2023020453,2023-12-14,SEA,8478916,Joey Daccord,1,22,21
2023020453,2023-12-14,CHI,8482821,Arvid Soderblom,1,24,17
2023020454,2023-12-14,FLA,8475683,Sergei Bobrovsky,1,17,13
2023020454,2023-12-14,FLA,8476932,Anthony Stolarz,0,1,1
2023020454,2023-12-14,VAN,8477967,Thatcher Demko,1,36,36
2023020455,2023-12-15,CAR,8477293,Antti Raanta,1,30,24
2023020455,2023-12-15,NSH,8480947,Kevin Lankinen,1,31,26
2023020456,2023-12-15,NYR,8471734,Jonathan Quick,1,30,29
2023020456,2023-12-15,ANA,8480843,Lukas Dostal,1,39,34
2023020457,2023-12-15,BOS,8476999,Linus Ullmark,1,37,33
2023020457,2023-12-15,NYI,8478009,Ilya Sorokin,1,34,30
2023020458,2023-12-15,DAL,8475809,Scott Wedgewood,0,27,25
2023020458,2023-12-15,OTT,8476341,Anton Forsberg,1,24,19
2023020458,2023-12-15,DAL,8479979,Jake Oettinger,1,2,0
2023020459,2023-12-15,SJS,8478039,Kaapo Kahkonen,1,24,23
2023020459,2023-12-15,ARI,8478971,Connor Ingram,1,21,21
2023020460,2023-12-15,VGK,8480313,Logan Thompson,1,26,22
2023020460,2023-12-15,BUF,8482221,Devon Levi,1,35,33
2023020461,2023-12-16,VAN,8479193,Casey DeSmith,1,31,30
2023020461,2023-12-16,MIN,8479406,Filip Gustavsson,1,36,35
2023020462,2023-12-16,NYR,8478048,Igor Shesterkin,1,22,21
2023020462,2023-12-16,BOS,8480280,Jeremy Swayman,1,34,32
2023020463,2023-12-16,CBJ,8480193,Daniil Tarasov,1,29,24
2023020463,2023-12-16,NJD,8481033,Akira Schmid,1,26,23
2023020464,2023-12-16,NYI,8473575,Semyon Varlamov,1,40,36
2023020464,2023-12-16,MTL,8478470,Samuel Montembeault,1,33,30
2023020465,2023-12-16,DET,8478024,Ville Husso,0,18,18
2023020465,2023-12-16,DET,8479312,Alex Lyon,1,16,15
2023020465,2023-12-16,PHI,8481035,Samuel Ersson,1,32,32
2023020466,2023-12-16,TOR,8474889,Martin Jones,1,38,38
2023020466,2023-12-16,PIT,8477465,Tristan Jarry,1,14,10
2023020466,2023-12-16,PIT,8477968,Alex Nedeljkovic,0,21,18
2023020467,2023-12-16,WPG,8476945,Connor Hellebuyck,1,32,30
2023020467,2023-12-16,COL,8481031,Ivan Prosvetov,1,24,19
2023020468,2023-12-16,NSH,8477424,Juuse Saros,1,22,21
2023020468,2023-12-16,WSH,8479292,Charlie Lindgren,1,23,20
2023020469,2023-12-16,DAL,8475809,Scott Wedgewood,1,34,30
2023020469,2023-12-16,STL,8476412,Jordan Binnington,1,23,20
2023020470,2023-12-16,ARI,8478872,Karel Vejmelka,1,28,28
2023020470,2023-12-16,BUF,8480045,Ukko-Pekka Luukkonen,1,22,20
2023020471,2023-12-16,TBL,8476883,Andrei Vasilevskiy,1,26,22
2023020471,2023-12-16,CGY,8478435,Dan Vladar,1,33,31
2023020472,2023-12-16,FLA,8475683,Sergei Bobrovsky,1,39,38
2023020472,2023-12-16,EDM,8475717,Calvin Pickard,1,39,34
2023020473,2023-12-16,LAK,8475660,Cam Talbot,1,19,17
2023020473,2023-12-16,SEA,8478916,Joey Daccord,1,38,36
2023020474,2023-12-17,CHI,8475852,Petr Mrazek,1,27,23
2023020474,2023-12-17,VAN,8477967,Thatcher Demko,1,28,25
2023020475,2023-12-17,WSH,8475311,Darcy Kuemper,1,29,28
2023020475,2023-12-17,CAR,8481611,Pyotr Kochetkov,1,21,20
2023020476,2023-12-17,ANA,8476434,John Gibson,1,19,18
2023020476,2023-12-17,ANA,8480843,Lukas Dostal,0,10,10
2023020476,2023-12-17,NJD,8481033,Akira Schmid,1,27,23
2023020477,2023-12-17,SJS,8478406,Mackenzie Blackwood,1,28,23
2023020477,2023-12-17,COL,8480382,Alexandar Georgiev,1,27,25
2023020478,2023-12-17,OTT,8476914,Joonas Korpisalo,1,31,25
2023020478,2023-12-17,VGK,8478499,Adin Hill,1,3,2
2023020478,2023-12-17,VGK,8480313,Logan Thompson,0,22,20
2023020479,2023-12-18,DET,8473503,James Reimer,0,14,12
2023020479,2023-12-18,DET,8478024,Ville Husso,1,8,6
2023020479,2023-12-18,ANA,8480843,Lukas Dostal,1,32,29
2023020480,2023-12-18,PIT,8477968,Alex Nedeljkovic,1,27,24
2023020480,2023-12-18,MIN,8479406,Filip Gustavsson,1,30,26
2023020481,2023-12-18,MTL,8474596,Jake Allen,1,32,30
2023020481,2023-12-18,WPG,8476945,Connor Hellebuyck,1,26,23
2023020482,2023-12-18,DAL,8475809,Scott Wedgewood,1,38,35
2023020482,2023-12-18,SEA,8478916,Joey Daccord,1,28,24
2023020483,2023-12-18,CGY,8474593,Jacob Markstrom,1,34,33
2023020483,2023-12-18,FLA,8476932,Anthony Stolarz,1,24,22
2023020484,2023-12-19,MIN,8470594,Marc-Andre Fleury,1,43,40
2023020484,2023-12-19,BOS,8476999,Linus Ullmark,1,30,26
2023020485,2023-12-19,BUF,8480045,Ukko-Pekka Luukkonen,0,16,11
2023020485,2023-12-19,CBJ,8480193,Daniil Tarasov,1,29,25
2023020485,2023-12-19,BUF,8482221,Devon Levi,1,18,14
2023020486,2023-12-19,VGK,8480238,Jiri Patera,0,10,10
2023020486,2023-12-19,VGK,8480313,Logan Thompson,1,29,23
2023020486,2023-12-19,CAR,8481611,Pyotr Kochetkov,1,33,30
2023020487,2023-12-19,NJD,8477970,Vitek Vanecek,1,26,23
2023020487,2023-12-19,PHI,8481035,Samuel Ersson,1,26,24
2023020488,2023-12-19,STL,8476412,Jordan Binnington,1,23,18
2023020488,2023-12-19,TBL,8476883,Andrei Vasilevskiy,1,29,28
2023020488,2023-12-19,STL,8480981,Joel Hofer,0,10,9
2023020489,2023-12-19,TOR,8474889,Martin Jones,1,35,31
2023020489,2023-12-19,NYR,8478048,Igor Shesterkin,1,33,31
2023020490,2023-12-19,NYI,8478009,Ilya Sorokin,1,31,30
2023020490,2023-12-19,EDM,8479973,Stuart Skinner,1,21,18
2023020491,2023-12-19,NSH,8477424,Juuse Saros,1,24,19
2023020491,2023-12-19,VAN,8479193,Casey DeSmith,1,28,26
2023020491,2023-12-19,NSH,8480947,Kevin Lankinen,0,11,11
2023020492,2023-12-19,CHI,8475852,Petr Mrazek,1,37,35
2023020492,2023-12-19,COL,8480382,Alexandar Georgiev,1,22,19
2023020493,2023-12-19,OTT,8476914,Joonas Korpisalo,1,38,34
2023020493,2023-12-19,ARI,8478872,Karel Vejmelka,0,16,16
2023020493,2023-12-19,ARI,8478971,Connor Ingram,1,6,3
2023020494,2023-12-19,SJS,8478039,Kaapo Kahkonen,1,38,35
2023020494,2023-12-19,LAK,8479496,David Rittich,1,16,15
2023020495,2023-12-20,DET,8473503,James Reimer,1,41,36
2023020495,2023-12-20,WPG,8476316,Laurent Brossoit,1,28,26
2023020496,2023-12-20,NYI,8473575,Semyon Varlamov,1,36,33
2023020496,2023-12-20,WSH,8475311,Darcy Kuemper,1,32,30
2023020497,2023-12-20,LAK,8475660,Cam Talbot,1,30,28
2023020497,2023-12-20,SEA,8478916,Joey Daccord,1,43,42
2023020498,2023-12-21,TOR,8474889,Martin Jones,0,15,11
2023020498,2023-12-21,TOR,8478492,Ilya Samsonov,1,19,14
2023020498,2023-12-21,BUF,8482221,Devon Levi,1,27,24
2023020499,2023-12-21,CBJ,8478007,Elvis Merzlikins,1,32,29
2023020499,2023-12-21,WSH,8479292,Charlie Lindgren,1,36,34
2023020500,2023-12-21,FLA,8475683,Sergei Bobrovsky,1,23,20
2023020500,2023-12-21,STL,8480981,Joel Hofer,1,38,37
2023020501,2023-12-21,EDM,8475717,Calvin Pickard,1,26,23
2023020501,2023-12-21,NJD,8477970,Vitek Vanecek,0,32,28
2023020501,2023-12-21,NJD,8481033,Akira Schmid,1,6,4
2023020502,2023-12-21,NSH,8477424,Juuse Saros,1,31,29
2023020502,2023-12-21,PHI,8481035,Samuel Ersson,1,30,27
2023020503,2023-12-21,PIT,8477968,Alex Nedeljkovic,1,24,23
2023020503,2023-12-21,CAR,8481611,Pyotr Kochetkov,1,25,24
2023020504,2023-12-21,TBL,8476883,Andrei Vasilevskiy,1,34,30
2023020504,2023-12-21,VGK,8480238,Jiri Patera,1,36,31
2023020505,2023-12-21,DAL,8475809,Scott Wedgewood,1,20,17
2023020505,2023-12-21,VAN,8477967,Thatcher Demko,1,36,32
2023020506,2023-12-21,MTL,8478470,Samuel Montembeault,1,24,20
2023020506,2023-12-21,MIN,8479406,Filip Gustavsson,1,25,22
2023020507,2023-12-21,OTT,8476914,Joonas Korpisalo,1,38,33
2023020507,2023-12-21,COL,8480382,Alexandar Georgiev,1,45,41
2023020508,2023-12-21,CGY,8474593,Jacob Markstrom,1,25,25
2023020508,2023-12-21,ANA,8480843,Lukas Dostal,1,43,41
2023020509,2023-12-21,SJS,8478406,Mackenzie Blackwood,1,30,25
2023020509,2023-12-21,ARI,8478872,Karel Vejmelka,1,31,29
2023020510,2023-12-22,DET,8473503,James Reimer,1,43,37
2023020510,2023-12-22,PHI,8479394,Carter Hart,1,37,31
2023020511,2023-12-22,NYR,8471734,Jonathan Quick,1,28,24
2023020511,2023-12-22,EDM,8479973,Stuart Skinner,1,34,31
2023020512,2023-12-22,WPG,8476945,Connor Hellebuyck,1,25,24
2023020512,2023-12-22,BOS,8480280,Jeremy Swayman,1,33,28
2023020513,2023-12-22,CHI,8475852,Petr Mrazek,1,27,23
2023020513,2023-12-22,MTL,8480051,Cayden Primeau,1,21,19
2023020514,2023-12-23,FLA,8475683,Sergei Bobrovsky,1,25,23
2023020514,2023-12-23,VGK,8480238,Jiri Patera,1,42,38
2023020515,2023-12-23,DAL,8475809,Scott Wedgewood,1,21,19
2023020515,2023-12-23,NSH,8477424,Juuse Saros,1,34,31
2023020516,2023-12-23,NYI,8478009,Ilya Sorokin,1,40,36
2023020516,2023-12-23,CAR,8481611,Pyotr Kochetkov,1,28,23
2023020517,2023-12-23,TOR,8474889,Martin Jones,1,28,27
2023020517,2023-12-23,CBJ,8480193,Daniil Tarasov,1,30,26
2023020518,2023-12-23,MIN,8470594,Marc-Andre Fleury,1,21,19
2023020518,2023-12-23,BOS,8476999,Linus Ullmark,1,35,33
2023020519,2023-12-23,DET,8474636,Michael Hutchinson,1,36,33
2023020519,2023-12-23,NJD,8477970,Vitek Vanecek,1,24,22
2023020520,2023-12-23,OTT,8476341,Anton Forsberg,1,34,30
2023020520,2023-12-23,PIT,8477968,Alex Nedeljkovic,1,26,21
2023020521,2023-12-23,TBL,8476883,Andrei Vasilevskiy,1,34,33
2023020521,2023-12-23,WSH,8479292,Charlie Lindgren,1,20,19
2023020522,2023-12-23,NYR,8478048,Igor Shesterkin,1,30,27
2023020522,2023-12-23,BUF,8480045,Ukko-Pekka Luukkonen,1,33,29
2023020523,2023-12-23,SEA,8478916,Joey Daccord,1,34,32
2023020523,2023-12-23,ANA,8480843,Lukas Dostal,1,22,19
2023020524,2023-12-23,STL,8476412,Jordan Binnington,1,20,15
2023020524,2023-12-23,CHI,8482821,Arvid Soderblom,1,41,35
2023020525,2023-12-23,ARI,8478971,Connor Ingram,1,26,22
2023020525,2023-12-23,COL,8480382,Alexandar Georgiev,1,25,24
2023020526,2023-12-23,CGY,8474593,Jacob Markstrom,1,33,29
2023020526,2023-12-23,LAK,8475660,Cam Talbot,1,32,29
2023020527,2023-12-23,VAN,8477967,Thatcher Demko,1,25,21
2023020527,2023-12-23,SJS,8478406,Mackenzie Blackwood,1,25,19
2023020528,2023-12-27,NJD,8477970,Vitek Vanecek,1,29,26
2023020528,2023-12-27,CBJ,8478007,Elvis Merzlikins,1,35,31
2023020529,2023-12-27,WSH,8475311,Darcy Kuemper,1,31,26
2023020529,2023-12-27,NYR,8478048,Igor Shesterkin,1,27,26
2023020530,2023-12-27,FLA,8475683,Sergei Bobrovsky,1,29,27
2023020530,2023-12-27,TBL,8476883,Andrei Vasilevskiy,1,31,28
2023020531,2023-12-27,TOR,8474889,Martin Jones,1,29,26
2023020531,2023-12-27,OTT,8476914,Joonas Korpisalo,1,36,34
2023020532,2023-12-27,BOS,8480280,Jeremy Swayman,1,26,25
2023020532,2023-12-27,BUF,8482221,Devon Levi,1,25,21
2023020533,2023-12-27,NYI,8473575,Semyon Varlamov,0,7,6
2023020533,2023-12-27,PIT,8477465,Tristan Jarry,1,22,22
2023020533,2023-12-27,NYI,8478009,Ilya Sorokin,1,25,19
2023020534,2023-12-27,DET,8473503,James Reimer,1,31,25
2023020534,2023-12-27,MIN,8479406,Filip Gustavsson,1,28,25
2023020535,2023-12-27,NSH,8477424,Juuse Saros,1,19,14
2023020535,2023-12-27,CAR,8481611,Pyotr Kochetkov,1,37,35
2023020535,2023-12-27,NSH,8482137,Yaroslav Askarov,0,6,6
2023020536,2023-12-27,DAL,8475809,Scott Wedgewood,1,30,28
2023020536,2023-12-27,STL,8480981,Joel Hofer,1,40,39
2023020537,2023-12-27,ARI,8478872,Karel Vejmelka,1,24,20
2023020537,2023-12-27,COL,8480382,Alexandar Georgiev,1,27,22
2023020538,2023-12-27,CHI,8475852,Petr Mrazek,1,38,37
2023020538,2023-12-27,WPG,8476945,Connor Hellebuyck,1,25,23
2023020539,2023-12-27,CGY,8474593,Jacob Markstrom,1,21,19
2023020539,2023-12-27,SEA,8476904,Chris Driedger,1,38,37
2023020540,2023-12-27,ANA,8476434,John Gibson,1,32,30
2023020540,2023-12-27,VGK,8480313,Logan Thompson,1,26,21
2023020541,2023-12-27,SJS,8478039,Kaapo Kahkonen,1,43,38
2023020541,2023-12-27,LAK,8479496,David Rittich,1,25,24
2023020542,2023-12-28,CAR,8477293,Antti Raanta,1,21,18
2023020542,2023-12-28,MTL,8480051,Cayden Primeau,1,30,26
2023020543,2023-12-28,VAN,8479193,Casey DeSmith,1,25,21
2023020543,2023-12-28,PHI,8479394,Carter Hart,0,8,8
2023020543,2023-12-28,PHI,8481035,Samuel Ersson,1,19,18
2023020544,2023-12-28,LAK,8475660,Cam Talbot,1,32,29
2023020544,2023-12-28,VGK,8480313,Logan Thompson,1,34,32
2023020545,2023-12-28,SJS,8478039,Kaapo Kahkonen,0,18,17
2023020545,2023-12-28,EDM,8479973,Stuart Skinner,1,25,25
2023020545,2023-12-28,SJS,8480992,Magnus Chrona,1,12,8
2023020546,2023-12-29,CBJ,8477484,Spencer Martin,0,19,16
2023020546,2023-12-29,CBJ,8478007,Elvis Merzlikins,1,14,12
2023020546,2023-12-29,TOR,8478492,Ilya Samsonov,1,21,15
2023020547,2023-12-29,NSH,8477424,Juuse Saros,1,23,18
2023020547,2023-12-29,DET,8479312,Alex Lyon,1,37,33
2023020548,2023-12-29,NYR,8471734,Jonathan Quick,1,33,29
2023020548,2023-12-29,FLA,8475683,Sergei Bobrovsky,1,34,31
2023020549,2023-12-29,OTT,8476914,Joonas Korpisalo,1,30,24
2023020549,2023-12-29,NJD,8482076,Nico Daws,1,27,25
2023020550,2023-12-29,WSH,8475311,Darcy Kuemper,0,29,24
2023020550,2023-12-29,NYI,8478009,Ilya Sorokin,1,27,26
2023020550,2023-12-29,WSH,8479292,Charlie Lindgren,1,3,3
2023020551,2023-12-29,DAL,8475809,Scott Wedgewood,1,29,25
2023020551,2023-12-29,CHI,8475852,Petr Mrazek,1,35,30
2023020552,2023-12-29,STL,8476412,Jordan Binnington,1,23,21
2023020552,2023-12-29,COL,8480382,Alexandar Georgiev,1,29,28
2023020553,2023-12-29,ANA,8476434,John Gibson,1,32,30
2023020553,2023-12-29,ARI,8478971,Connor Ingram,1,28,28
2023020554,2023-12-29,SEA,8478916,Joey Daccord,1,28,27
2023020554,2023-12-29,PHI,8479394,Carter Hart,1,29,27
2023020555,2023-12-30,MIN,8470594,Marc-Andre Fleury,0,10,9
2023020555,2023-12-30,WPG,8476945,Connor Hellebuyck,1,36,34
2023020555,2023-12-30,MIN,8479406,Filip Gustavsson,1,22,19
2023020556,2023-12-30,BUF,8480045,Ukko-Pekka Luukkonen,1,20,18
2023020556,2023-12-30,CBJ,8480193,Daniil Tarasov,1,42,39
2023020557,2023-12-30,BOS,8476999,Linus Ullmark,1,33,31
2023020557,2023-12-30,NJD,8477970,Vitek Vanecek,1,31,26
2023020558,2023-12-30,MTL,8474596,Jake Allen,1,25,22
2023020558,2023-12-30,FLA,8476932,Anthony Stolarz,1,19,18
2023020559,2023-12-30,PIT,8477465,Tristan Jarry,1,27,25
2023020559,2023-12-30,STL,8480981,Joel Hofer,1,29,26
2023020560,2023-12-30,TBL,8476883,Andrei Vasilevskiy,1,21,16
2023020560,2023-12-30,NYR,8478048,Igor Shesterkin,1,35,34
2023020561,2023-12-30,TOR,8474889,Martin Jones,1,27,25
2023020561,2023-12-30,CAR,8481611,Pyotr Kochetkov,1,27,25
2023020562,2023-12-30,NSH,8482137,Yaroslav Askarov,1,29,27
2023020562,2023-12-30,WSH,8482411,Hunter Shepard,1,36,34
2023020563,2023-12-30,LAK,8475660,Cam Talbot,1,26,24
2023020563,2023-12-30,EDM,8479973,Stuart Skinner,1,28,26
2023020564,2023-12-31,MIN,8470594,Marc-Andre Fleury,1,29,26
2023020564,2023-12-31,WPG,8476316,Laurent Brossoit,1,26,24
2023020565,2023-12-31,DET,8479312,Alex Lyon,1,22,19
2023020565,2023-12-31,BOS,8480280,Jeremy Swayman,1,30,27
2023020566,2023-12-31,OTT,8476341,Anton Forsberg,1,46,45
2023020566,2023-12-31,BUF,8482221,Devon Levi,1,30,26
2023020567,2023-12-31,PIT,8477968,Alex Nedeljkovic,1,38,37
2023020567,2023-12-31,NYI,8478009,Ilya Sorokin,1,37,35
2023020568,2023-12-31,TBL,8477992,Jonas Johansson,1,29,26
2023020568,2023-12-31,MTL,8478470,Samuel Montembeault,1,20,16
2023020569,2023-12-31,EDM,8475717,Calvin Pickard,1,30,28
2023020569,2023-12-31,ANA,8476434,John Gibson,1,39,32
2023020570,2023-12-31,CGY,8474593,Jacob Markstrom,1,31,28
2023020570,2023-12-31,PHI,8481035,Samuel Ersson,1,32,29
2023020571,2023-12-31,SJS,8478039,Kaapo Kahkonen,1,32,30
2023020571,2023-12-31,COL,8480382,Alexandar Georgiev,1,11,10
2023020572,2023-12-31,DAL,8475809,Scott Wedgewood,1,24,23
2023020572,2023-12-31,CHI,8475852,Petr Mrazek,1,31,25
2023020572,2023-12-31,CHI,8482821,Arvid Soderblom,0,10,8
2023020573,2024-01-01,SEA,8478916,Joey Daccord,1,35,35
2023020573,2024-01-01,VGK,8480313,Logan Thompson,1,27,24
2023020574,2024-01-02,BOS,8476999,Linus Ullmark,1,27,26
2023020574,2024-01-02,CBJ,8477484,Spencer Martin,1,27,23
2023020575,2024-01-02,NYR,8478048,Igor Shesterkin,1,27,21
2023020575,2024-01-02,CAR,8481611,Pyotr Kochetkov,1,29,28
2023020576,2024-01-02,WSH,8475311,Darcy Kuemper,1,35,32
2023020576,2024-01-02,PIT,8477465,Tristan Jarry,1,7,4
2023020576,2024-01-02,PIT,8477968,Alex Nedeljkovic,0,15,14
2023020577,2024-01-02,DAL,8475809,Scott Wedgewood,1,18,14
2023020577,2024-01-02,MTL,8478470,Samuel Montembeault,1,33,30
2023020578,2024-01-02,MIN,8470594,Marc-Andre Fleury,1,32,30
2023020578,2024-01-02,CGY,8474593,Jacob Markstrom,1,29,28
2023020579,2024-01-02,NSH,8477424,Juuse Saros,1,21,21
2023020579,2024-01-02,CHI,8482821,Arvid Soderblom,1,35,33
2023020580,2024-01-02,TBL,8476883,Andrei Vasilevskiy,1,27,24
2023020580,2024-01-02,WPG,8476945,Connor Hellebuyck,1,34,32
2023020581,2024-01-02,FLA,8475683,Sergei Bobrovsky,1,22,21
2023020581,2024-01-02,ARI,8478872,Karel Vejmelka,1,37,35
2023020582,2024-01-02,NYI,8473575,Semyon Varlamov,1,12,11
2023020582,2024-01-02,NYI,8478009,Ilya Sorokin,0,27,23
2023020582,2024-01-02,COL,8480382,Alexandar Georgiev,1,22,18
2023020583,2024-01-02,PHI,8479394,Carter Hart,1,36,31
2023020583,2024-01-02,EDM,8479973,Stuart Skinner,1,37,35
2023020584,2024-01-02,OTT,8476341,Anton Forsberg,1,13,9
2023020584,2024-01-02,OTT,8476914,Joonas Korpisalo,0,13,11
2023020584,2024-01-02,VAN,8477967,Thatcher Demko,1,38,35
2023020585,2024-01-02,TOR,8474889,Martin Jones,1,31,31
2023020585,2024-01-02,LAK,8475660,Cam Talbot,1,28,26
2023020586,2024-01-02,SJS,8478039,Kaapo Kahkonen,1,30,26
2023020586,2024-01-02,DET,8479312,Alex Lyon,1,27,24
2023020587,2024-01-03,NJD,8482076,Nico Daws,1,26,23
2023020587,2024-01-03,WSH,8482411,Hunter Shepard,1,28,22
2023020588,2024-01-03,TOR,8474889,Martin Jones,1,28,27
2023020588,2024-01-03,ANA,8480843,Lukas Dostal,1,57,55
2023020589,2024-01-04,PIT,8477968,Alex Nedeljkovic,1,29,24
2023020589,2024-01-04,BOS,8480280,Jeremy Swayman,1,35,29
2023020590,2024-01-04,MTL,8474596,Jake Allen,1,37,32
2023020590,2024-01-04,BUF,8482221,Devon Levi,1,33,32
2023020591,2024-01-04,CHI,8475852,Petr Mrazek,1,32,28
2023020591,2024-01-04,NYR,8478048,Igor Shesterkin,1,23,22
2023020592,2024-01-04,CBJ,8480193,Daniil Tarasov,1,41,39
2023020592,2024-01-04,PHI,8481035,Samuel Ersson,1,28,26
2023020593,2024-01-04,DAL,8475809,Scott Wedgewood,1,34,29
2023020593,2024-01-04,COL,8480382,Alexandar Georgiev,1,32,28
2023020594,2024-01-04,MIN,8470594,Marc-Andre Fleury,1,29,26
2023020594,2024-01-04,TBL,8476883,Andrei Vasilevskiy,1,23,22
2023020595,2024-01-04,NSH,8477424,Juuse Saros,1,25,20
2023020595,2024-01-04,CGY,8478435,Dan Vladar,1,32,29
2023020595,2024-01-04,NSH,8480947,Kevin Lankinen,0,14,13
2023020596,2024-01-04,STL,8476412,Jordan Binnington,1,26,25
2023020596,2024-01-04,VAN,8477967,Thatcher Demko,1,32,30
2023020597,2024-01-04,NYI,8478009,Ilya Sorokin,1,27,26
2023020597,2024-01-04,ARI,8478971,Connor Ingram,1,31,26
2023020598,2024-01-04,OTT,8476914,Joonas Korpisalo,1,27,24
2023020598,2024-01-04,SEA,8478916,Joey Daccord,1,33,32
2023020599,2024-01-04,FLA,8475683,Sergei Bobrovsky,1,27,26
2023020599,2024-01-04,VGK,8480313,Logan Thompson,1,36,32
2023020600,2024-01-04,DET,8479312,Alex Lyon,1,43,40
2023020600,2024-01-04,LAK,8479496,David Rittich,1,27,24
2023020601,2024-01-04,WPG,8476945,Connor Hellebuyck,1,28,27
2023020601,2024-01-04,SJS,8478406,Mackenzie Blackwood,1,30,28
2023020602,2024-01-05,NJD,8477970,Vitek Vanecek,1,25,23
2023020602,2024-01-05,CHI,8482821,Arvid Soderblom,1,31,28
2023020603,2024-01-05,WSH,8475311,Darcy Kuemper,1,33,28
2023020603,2024-01-05,CAR,8481611,Pyotr Kochetkov,1,17,15
2023020604,2024-01-05,WPG,8476316,Laurent Brossoit,1,38,37
2023020604,2024-01-05,ANA,8476434,John Gibson,1,27,24
2023020605,2024-01-06,CGY,8474593,Jacob Markstrom,1,42,39
2023020605,2024-01-06,PHI,8479394,Carter Hart,1,24,22
2023020606,2024-01-06,FLA,8475683,Sergei Bobrovsky,1,26,22
2023020606,2024-01-06,COL,8480382,Alexandar Georgiev,0,15,12
2023020606,2024-01-06,COL,8481031,Ivan Prosvetov,1,13,9
2023020607,2024-01-06,TBL,8476883,Andrei Vasilevskiy,1,25,19
2023020607,2024-01-06,BOS,8476999,Linus Ullmark,1,26,23
2023020608,2024-01-06,STL,8476412,Jordan Binnington,1,30,29
2023020608,2024-01-06,CAR,8477293,Antti Raanta,1,22,21
2023020609,2024-01-06,MIN,8470594,Marc-Andre Fleury,1,29,26
2023020609,2024-01-06,CBJ,8480193,Daniil Tarasov,1,36,32
2023020610,2024-01-06,NYR,8471734,Jonathan Quick,1,30,27
2023020610,2024-01-06,MTL,8478470,Samuel Montembeault,1,48,45
2023020611,2024-01-06,VAN,8477967,Thatcher Demko,1,25,21
2023020611,2024-01-06,NJD,8482076,Nico Daws,1,42,37
2023020612,2024-01-06,PIT,8477465,Tristan Jarry,1,32,29
2023020612,2024-01-06,BUF,8480045,Ukko-Pekka Luukkonen,1,41,40
2023020613,2024-01-06,TOR,8474889,Martin Jones,1,24,23
2023020613,2024-01-06,SJS,8478406,Mackenzie Blackwood,1,32,28
2023020614,2024-01-06,DAL,8475809,Scott Wedgewood,1,22,18
2023020614,2024-01-06,NSH,8480947,Kevin Lankinen,1,29,26
2023020615,2024-01-06,OTT,8476341,Anton Forsberg,1,46,43
2023020615,2024-01-06,EDM,8479973,Stuart Skinner,1,30,29
2023020616,2024-01-06,NYI,8478009,Ilya Sorokin,1,30,25
2023020616,2024-01-06,VGK,8480313,Logan Thompson,1,29,27
2023020617,2024-01-07,CHI,8475852,Petr Mrazek,1,30,27
2023020617,2024-01-07,CGY,8478435,Dan Vladar,1,20,16
2023020618,2024-01-07,WSH,8475311,Darcy Kuemper,1,41,38
2023020618,2024-01-07,LAK,8475660,Cam Talbot,1,34,30
2023020619,2024-01-07,WPG,8476945,Connor Hellebuyck,1,17,15
2023020619,2024-01-07,ARI,8478872,Karel Vejmelka,1,35,31
2023020620,2024-01-07,DET,8479312,Alex Lyon,1,31,29
2023020620,2024-01-07,ANA,8480843,Lukas Dostal,1,28,25
2023020621,2024-01-08,VAN,8477967,Thatcher Demko,1,42,39
2023020621,2024-01-08,NYR,8478048,Igor Shesterkin,1,25,20
2023020622,2024-01-08,PIT,8477968,Alex Nedeljkovic,1,37,36
2023020622,2024-01-08,PHI,8479394,Carter Hart,1,39,35
2023020623,2024-01-08,MIN,8470594,Marc-Andre Fleury,1,20,16
2023020623,2024-01-08,DAL,8483575,Matt Murray,1,23,23
2023020624,2024-01-08,BOS,8480280,Jeremy Swayman,1,36,33
2023020624,2024-01-08,COL,8480382,Alexandar Georgiev,1,26,23
2023020625,2024-01-09,SEA,8478916,Joey Daccord,1,38,36
2023020625,2024-01-09,BUF,8482221,Devon Levi,1,26,21
2023020626,2024-01-09,LAK,8475660,Cam Talbot,1,29,26
2023020626,2024-01-09,TBL,8476883,Andrei Vasilevskiy,1,22,20
2023020627,2024-01-09,TOR,8474889,Martin Jones,1,23,22
2023020627,2024-01-09,SJS,8478039,Kaapo Kahkonen,1,20,16
2023020627,2024-01-09,SJS,8478406,Mackenzie Blackwood,0,26,23
2023020628,2024-01-09,NYI,8478009,Ilya Sorokin,1,33,29
2023020628,2024-01-09,VAN,8479193,Casey DeSmith,1,20,18
2023020629,2024-01-09,NSH,8477424,Juuse Saros,1,33,28
2023020629,2024-01-09,ANA,8480843,Lukas Dostal,1,42,39
2023020630,2024-01-09,FLA,8476932,Anthony Stolarz,1,30,29
2023020630,2024-01-09,STL,8480981,Joel Hofer,1,30,26
2023020631,2024-01-09,WPG,8476945,Connor Hellebuyck,1,29,29
2023020631,2024-01-09,CBJ,8480193,Daniil Tarasov,1,23,18
2023020632,2024-01-09,CHI,8475852,Petr Mrazek,1,15,13
2023020632,2024-01-09,EDM,8479973,Stuart Skinner,1,26,25
2023020633,2024-01-09,BOS,8476999,Linus Ullmark,1,35,32
2023020633,2024-01-09,ARI,8478971,Connor Ingram,1,33,30
2023020633,2024-01-09,BOS,8480280,Jeremy Swayman,0,1,0
2023020634,2024-01-09,CGY,8474593,Jacob Markstrom,1,33,30
2023020634,2024-01-09,OTT,8476914,Joonas Korpisalo,1,35,30
2023020635,2024-01-10,MTL,8480051,Cayden Primeau,1,39,37
2023020635,2024-01-10,PHI,8481035,Samuel Ersson,1,19,17
2023020636,2024-01-10,DAL,8475809,Scott Wedgewood,1,23,21
2023020636,2024-01-10,MIN,8482661,Jesper Wallstedt,1,34,27
2023020637,2024-01-10,VGK,8480238,Jiri Patera,1,35,32
2023020637,2024-01-10,COL,8480382,Alexandar Georgiev,1,25,25
2023020638,2024-01-11,OTT,8476341,Anton Forsberg,1,7,6
2023020638,2024-01-11,OTT,8476914,Joonas Korpisalo,0,24,21
2023020638,2024-01-11,BUF,8480045,Ukko-Pekka Luukkonen,1,28,25
2023020639,2024-01-11,ANA,8476434,John Gibson,1,25,20
2023020639,2024-01-11,CAR,8477293,Antti Raanta,0,3,3
2023020639,2024-01-11,ANA,8480843,Lukas Dostal,0,9,8
2023020639,2024-01-11,CAR,8481611,Pyotr Kochetkov,1,13,10
2023020640,2024-01-11,EDM,8475717,Calvin Pickard,1,18,16
2023020640,2024-01-11,DET,8479312,Alex Lyon,1,47,44
2023020641,2024-01-11,LAK,8475660,Cam Talbot,1,41,38
2023020641,2024-01-11,FLA,8475683,Sergei Bobrovsky,1,33,31
2023020642,2024-01-11,SJS,8478406,Mackenzie Blackwood,1,35,33
2023020642,2024-01-11,MTL,8478470,Samuel Montembeault,1,35,32
2023020643,2024-01-11,PIT,8477465,Tristan Jarry,0,20,19
2023020643,2024-01-11,VAN,8477967,Thatcher Demko,1,35,32
2023020643,2024-01-11,PIT,8477968,Alex Nedeljkovic,1,9,6
2023020644,2024-01-11,TBL,8476883,Andrei Vasilevskiy,1,30,27
2023020644,2024-01-11,NJD,8477970,Vitek Vanecek,1,20,16
2023020645,2024-01-11,WSH,8475311,Darcy Kuemper,1,23,19
2023020645,2024-01-11,SEA,8478916,Joey Daccord,1,26,25
2023020646,2024-01-11,TOR,8474889,Martin Jones,1,30,26
2023020646,2024-01-11,NYI,8478009,Ilya Sorokin,1,35,32
2023020647,2024-01-11,STL,8476412,Jordan Binnington,1,43,41
2023020647,2024-01-11,NYR,8478048,Igor Shesterkin,1,19,15
2023020648,2024-01-11,CHI,8475852,Petr Mrazek,1,28,26
2023020648,2024-01-11,WPG,8476316,Laurent Brossoit,1,21,20
2023020649,2024-01-11,CGY,8474593,Jacob Markstrom,1,34,32
2023020649,2024-01-11,ARI,8478872,Karel Vejmelka,1,12,8
2023020649,2024-01-11,ARI,8478971,Connor Ingram,0,18,16
2023020650,2024-01-11,BOS,8480280,Jeremy Swayman,1,25,23
2023020650,2024-01-11,VGK,8480313,Logan Thompson,1,33,32
2023020651,2024-01-12,DAL,8479979,Jake Oettinger,1,36,32
2023020651,2024-01-12,NSH,8480947,Kevin Lankinen,1,22,19
2023020652,2024-01-12,MIN,8470594,Marc-Andre Fleury,1,35,31
2023020652,2024-01-12,PHI,8479394,Carter Hart,1,29,26
2023020653,2024-01-13,NYR,8471734,Jonathan Quick,1,21,18
2023020653,2024-01-13,WSH,8479292,Charlie Lindgren,1,27,25
2023020654,2024-01-13,VAN,8477967,Thatcher Demko,1,26,26
2023020654,2024-01-13,BUF,8480045,Ukko-Pekka Luukkonen,1,23,22
2023020655,2024-01-13,OTT,8476914,Joonas Korpisalo,1,18,14
2023020655,2024-01-13,SJS,8478406,Mackenzie Blackwood,1,41,36
2023020656,2024-01-13,FLA,8475683,Sergei Bobrovsky,1,21,18
2023020656,2024-01-13,NJD,8482076,Nico Daws,1,36,35
2023020657,2024-01-13,CAR,8477293,Antti Raanta,1,40,38
2023020657,2024-01-13,PIT,8477465,Tristan Jarry,1,35,32
2023020658,2024-01-13,SEA,8478916,Joey Daccord,1,34,30
2023020658,2024-01-13,CBJ,8480193,Daniil Tarasov,1,35,29
2023020659,2024-01-13,LAK,8475660,Cam Talbot,1,27,22
2023020659,2024-01-13,DET,8479312,Alex Lyon,1,36,33
2023020659,2024-01-13,LAK,8479496,David Rittich,0,3,3
2023020660,2024-01-13,MTL,8478470,Samuel Montembeault,1,41,39
2023020660,2024-01-13,EDM,8479973,Stuart Skinner,1,24,23
2023020661,2024-01-13,TBL,8476883,Andrei Vasilevskiy,1,20,19
2023020661,2024-01-13,ANA,8480843,Lukas Dostal,1,41,36
2023020662,2024-01-13,TOR,8474889,Martin Jones,1,32,28
2023020662,2024-01-13,COL,8480382,Alexandar Georgiev,1,29,26
2023020663,2024-01-13,WPG,8476945,Connor Hellebuyck,1,36,34
2023020663,2024-01-13,PHI,8481035,Samuel Ersson,1,35,35
2023020664,2024-01-13,DAL,8475809,Scott Wedgewood,1,14,14
2023020664,2024-01-13,CHI,8475852,Petr Mrazek,1,29,27
2023020664,2024-01-13,DAL,8479979,Jake Oettinger,0,21,20
2023020665,2024-01-13,MIN,8470594,Marc-Andre Fleury,0,15,14
2023020665,2024-01-13,ARI,8478971,Connor Ingram,1,38,38
2023020665,2024-01-13,MIN,8479406,Filip Gustavsson,1,18,13
2023020666,2024-01-13,NSH,8477424,Juuse Saros,1,25,24
2023020666,2024-01-13,NYI,8478009,Ilya Sorokin,1,27,25
2023020667,2024-01-13,STL,8476412,Jordan Binnington,1,35,31
2023020667,2024-01-13,BOS,8480280,Jeremy Swayman,1,23,20
2023020668,2024-01-13,CGY,8474593,Jacob Markstrom,1,32,31
2023020668,2024-01-13,VGK,8480313,Logan Thompson,1,26,23
2023020669,2024-01-14,NYR,8478048,Igor Shesterkin,1,25,24
2023020669,2024-01-14,WSH,8479292,Charlie Lindgren,1,31,29
2023020670,2024-01-14,DET,8473503,James Reimer,1,30,28
2023020670,2024-01-14,TOR,8478492,Ilya Samsonov,1,23,20
2023020671,2024-01-15,BOS,8480280,Jeremy Swayman,1,31,31
2023020671,2024-01-15,NJD,8482076,Nico Daws,1,35,33
2023020672,2024-01-15,SJS,8478039,Kaapo Kahkonen,1,34,32
2023020672,2024-01-15,BUF,8480045,Ukko-Pekka Luukkonen,1,28,28
2023020673,2024-01-15,CBJ,8478007,Elvis Merzlikins,1,30,27
2023020673,2024-01-15,VAN,8479193,Casey DeSmith,1,43,40
2023020674,2024-01-15,ANA,8476434,John Gibson,1,33,29
2023020674,2024-01-15,FLA,8476932,Anthony Stolarz,1,26,21
2023020675,2024-01-15,CAR,8477293,Antti Raanta,1,24,20
2023020675,2024-01-15,LAK,8479496,David Rittich,1,32,30
2023020675,2024-01-15,CAR,8484293,Yaniv Perets,0,1,1
2023020676,2024-01-15,MIN,8470594,Marc-Andre Fleury,1,21,21
2023020676,2024-01-15,NYI,8478009,Ilya Sorokin,1,32,29
2023020676,2024-01-15,NYI,8478965,Kenneth Appleby,0,8,6
2023020677,2024-01-15,PIT,8477465,Tristan Jarry,1,22,22
2023020677,2024-01-15,SEA,8478916,Joey Daccord,1,32,30
2023020678,2024-01-15,MTL,8474596,Jake Allen,1,35,32
2023020678,2024-01-15,COL,8480382,Alexandar Georgiev,1,34,30
2023020679,2024-01-15,PHI,8479394,Carter Hart,1,30,28
2023020679,2024-01-15,STL,8480981,Joel Hofer,1,41,38
2023020680,2024-01-15,NSH,8477424,Juuse Saros,1,28,25
2023020680,2024-01-15,VGK,8480313,Logan Thompson,1,35,34
2023020681,2024-01-16,SEA,8476904,Chris Driedger,1,22,18
2023020681,2024-01-16,NYR,8478048,Igor Shesterkin,1,31,29
2023020682,2024-01-16,COL,8481020,Justus Annunen,1,40,36
2023020682,2024-01-16,OTT,8481544,Mads Sogaard,1,33,27
2023020683,2024-01-16,WSH,8475311,Darcy Kuemper,1,24,24
2023020683,2024-01-16,ANA,8476434,John Gibson,1,27,26
2023020684,2024-01-16,LAK,8475660,Cam Talbot,1,28,23
2023020684,2024-01-16,DAL,8479979,Jake Oettinger,1,32,31
2023020685,2024-01-16,WPG,8476945,Connor Hellebuyck,1,37,35
2023020685,2024-01-16,NYI,8478009,Ilya Sorokin,1,43,40
2023020686,2024-01-16,CHI,8475852,Petr Mrazek,1,38,37
2023020686,2024-01-16,SJS,8478406,Mackenzie Blackwood,1,25,24
2023020687,2024-01-16,CGY,8478435,Dan Vladar,1,25,23
2023020687,2024-01-16,ARI,8478971,Connor Ingram,1,30,27
2023020688,2024-01-16,TOR,8474889,Martin Jones,1,31,28
2023020688,2024-01-16,EDM,8479973,Stuart Skinner,1,27,25
2023020689,2024-01-17,FLA,8475683,Sergei Bobrovsky,1,29,26
2023020689,2024-01-17,DET,8479312,Alex Lyon,1,34,32
2023020690,2024-01-17,MTL,8478470,Samuel Montembeault,1,30,28
2023020690,2024-01-17,NJD,8482076,Nico Daws,1,25,22
2023020691,2024-01-18,BUF,8480045,Ukko-Pekka Luukkonen,1,19,19
2023020691,2024-01-18,CHI,8482821,Arvid Soderblom,1,31,28
2023020692,2024-01-18,BOS,8480280,Jeremy Swayman,1,32,30
2023020692,2024-01-18,COL,8480382,Alexandar Georgiev,1,30,26
2023020693,2024-01-18,OTT,8476914,Joonas Korpisalo,1,23,21
2023020693,2024-01-18,MTL,8480051,Cayden Primeau,1,36,31
2023020694,2024-01-18,DAL,8479979,Jake Oettinger,1,43,38
2023020694,2024-01-18,PHI,8481035,Samuel Ersson,1,15,14
2023020695,2024-01-18,TBL,8476883,Andrei Vasilevskiy,1,33,30
2023020695,2024-01-18,MIN,8479406,Filip Gustavsson,1,38,31
2023020696,2024-01-18,STL,8476412,Jordan Binnington,1,25,21
2023020696,2024-01-18,WSH,8479292,Charlie Lindgren,1,20,18
2023020697,2024-01-18,TOR,8474889,Martin Jones,1,26,23
2023020697,2024-01-18,CGY,8478435,Dan Vladar,1,32,28
2023020698,2024-01-18,SEA,8478916,Joey Daccord,1,36,32
2023020698,2024-01-18,EDM,8479973,Stuart Skinner,1,27,25
2023020699,2024-01-18,NSH,8477424,Juuse Saros,1,34,33
2023020699,2024-01-18,LAK,8479496,David Rittich,1,33,31
2023020700,2024-01-18,VAN,8477967,Thatcher Demko,1,21,20
2023020700,2024-01-18,ARI,8478971,Connor Ingram,1,26,24
2023020701,2024-01-18,NYR,8478048,Igor Shesterkin,1,25,21
2023020701,2024-01-18,VGK,8480313,Logan Thompson,1,30,29
2023020702,2024-01-19,CAR,8477293,Antti Raanta,1,12,10
2023020702,2024-01-19,DET,8479312,Alex Lyon,1,29,26
2023020703,2024-01-19,NJD,8477970,Vitek Vanecek,1,30,29
2023020703,2024-01-19,CBJ,8478007,Elvis Merzlikins,1,33,29
2023020704,2024-01-19,MIN,8470594,Marc-Andre Fleury,1,11,10
2023020704,2024-01-19,FLA,8475683,Sergei Bobrovsky,1,15,11
2023020704,2024-01-19,FLA,8476932,Anthony Stolarz,0,10,9
2023020704,2024-01-19,MIN,8479406,Filip Gustavsson,0,24,21
2023020705,2024-01-19,CHI,8475852,Petr Mrazek,1,30,27
2023020705,2024-01-19,NYI,8478009,Ilya Sorokin,1,24,20
2023020706,2024-01-20,TBL,8477992,Jonas Johansson,1,27,26
2023020706,2024-01-20,BUF,8480045,Ukko-Pekka Luukkonen,1,15,13
2023020707,2024-01-20,PHI,8479394,Carter Hart,1,15,10
2023020707,2024-01-20,COL,8480382,Alexandar Georgiev,1,40,36
2023020707,2024-01-20,PHI,8481035,Samuel Ersson,0,9,8
2023020708,2024-01-20,NSH,8477424,Juuse Saros,1,24,21
2023020708,2024-01-20,ARI,8478971,Connor Ingram,1,32,30
2023020709,2024-01-20,OTT,8476914,Joonas Korpisalo,1,29,27
2023020709,2024-01-20,WPG,8476945,Connor Hellebuyck,1,35,34
2023020710,2024-01-20,BOS,8476999,Linus Ullmark,1,21,17
2023020710,2024-01-20,MTL,8478470,Samuel Montembeault,1,30,22
2023020710,2024-01-20,MTL,8480051,Cayden Primeau,0,6,5
2023020711,2024-01-20,DAL,8475809,Scott Wedgewood,1,31,29
2023020711,2024-01-20,NJD,8482076,Nico Daws,1,36,30
2023020712,2024-01-20,TOR,8474889,Martin Jones,1,21,15
2023020712,2024-01-20,VAN,8477967,Thatcher Demko,1,46,42
2023020713,2024-01-20,STL,8476412,Jordan Binnington,1,18,18
2023020713,2024-01-20,WSH,8479292,Charlie Lindgren,1,29,26
2023020714,2024-01-20,CGY,8478435,Dan Vladar,1,31,29
2023020714,2024-01-20,EDM,8479973,Stuart Skinner,1,27,26
2023020715,2024-01-20,ANA,8476434,John Gibson,1,18,14
2023020715,2024-01-20,SJS,8478406,Mackenzie Blackwood,1,34,31
2023020716,2024-01-20,PIT,8477465,Tristan Jarry,1,29,26
2023020716,2024-01-20,VGK,8480313,Logan Thompson,1,25,23
2023020717,2024-01-20,NYR,8471734,Jonathan Quick,1,26,24
2023020717,2024-01-20,LAK,8479496,David Rittich,1,23,22
2023020718,2024-01-21,PHI,8481035,Samuel Ersson,1,33,29
2023020718,2024-01-21,OTT,8481544,Mads Sogaard,1,25,22
2023020719,2024-01-21,CAR,8477293,Antti Raanta,1,17,14
2023020719,2024-01-21,MIN,8479406,Filip Gustavsson,1,42,40
2023020720,2024-01-21,TBL,8476883,Andrei Vasilevskiy,1,35,33
2023020720,2024-01-21,DET,8479312,Alex Lyon,1,28,27
2023020721,2024-01-21,DAL,8475809,Scott Wedgewood,1,28,25
2023020721,2024-01-21,NYI,8478009,Ilya Sorokin,1,43,41
2023020722,2024-01-21,NYR,8478048,Igor Shesterkin,1,18,16
2023020722,2024-01-21,ANA,8480843,Lukas Dostal,1,32,28
2023020723,2024-01-21,TOR,8478492,Ilya Samsonov,1,17,16
2023020723,2024-01-21,SEA,8478916,Joey Daccord,1,25,23
2023020724,2024-01-22,WPG,8476945,Connor Hellebuyck,1,20,17
2023020724,2024-01-22,BOS,8480280,Jeremy Swayman,1,21,20
2023020725,2024-01-22,NJD,8477970,Vitek Vanecek,1,32,27
2023020725,2024-01-22,VGK,8480313,Logan Thompson,1,38,32
2023020726,2024-01-22,FLA,8476932,Anthony Stolarz,1,27,26
2023020726,2024-01-22,NSH,8477424,Juuse Saros,1,36,34
2023020727,2024-01-22,PIT,8477465,Tristan Jarry,1,26,22
2023020727,2024-01-22,ARI,8478971,Connor Ingram,1,27,25
2023020728,2024-01-22,CHI,8475852,Petr Mrazek,1,29,27
2023020728,2024-01-22,VAN,8477967,Thatcher Demko,1,31,31
2023020729,2024-01-22,SJS,8478039,Kaapo Kahkonen,1,47,44
2023020729,2024-01-22,LAK,8479496,David Rittich,1,27,24
2023020730,2024-01-23,DET,8473503,James Reimer,0,6,6
2023020730,2024-01-23,DET,8479312,Alex Lyon,1,32,27
2023020730,2024-01-23,DAL,8479979,Jake Oettinger,1,34,30
2023020731,2024-01-23,MTL,8474596,Jake Allen,1,27,24
2023020731,2024-01-23,OTT,8476914,Joonas Korpisalo,1,25,24
2023020732,2024-01-23,TBL,8476883,Andrei Vasilevskiy,1,32,29
2023020732,2024-01-23,PHI,8481035,Samuel Ersson,1,19,15
2023020733,2024-01-23,NYI,8478009,Ilya Sorokin,1,27,24
2023020733,2024-01-23,VGK,8478499,Adin Hill,1,42,40
2023020734,2024-01-23,WSH,8475311,Darcy Kuemper,1,30,25
2023020734,2024-01-23,MIN,8479406,Filip Gustavsson,1,33,30
2023020735,2024-01-23,CGY,8474593,Jacob Markstrom,1,26,22
2023020735,2024-01-23,STL,8476412,Jordan Binnington,1,35,32
2023020736,2024-01-23,CBJ,8478007,Elvis Merzlikins,1,24,20
2023020736,2024-01-23,EDM,8479973,Stuart Skinner,1,27,26
2023020737,2024-01-23,ANA,8476434,John Gibson,1,30,28
2023020737,2024-01-23,BUF,8480045,Ukko-Pekka Luukkonen,1,35,32
2023020738,2024-01-23,NYR,8478048,Igor Shesterkin,1,22,19
2023020738,2024-01-23,SJS,8478406,Mackenzie Blackwood,1,31,29
2023020739,2024-01-24,FLA,8475683,Sergei Bobrovsky,1,33,31
2023020739,2024-01-24,ARI,8478872,Karel Vejmelka,1,42,36
2023020740,2024-01-24,WPG,8476316,Laurent Brossoit,1,30,29
2023020740,2024-01-24,TOR,8478492,Ilya Samsonov,1,32,32
2023020741,2024-01-24,BOS,8476999,Linus Ullmark,1,33,30
2023020741,2024-01-24,CAR,8477484,Spencer Martin,1,28,26
2023020742,2024-01-24,WSH,8479292,Charlie Lindgren,1,31,25
2023020742,2024-01-24,COL,8480382,Alexandar Georgiev,1,25,23
2023020743,2024-01-24,SEA,8478916,Joey Daccord,1,34,32
2023020743,2024-01-24,CHI,8482821,Arvid Soderblom,1,28,23
2023020744,2024-01-24,VAN,8479193,Casey DeSmith,1,18,14
2023020744,2024-01-24,STL,8480981,Joel Hofer,1,32,29
2023020745,2024-01-24,LAK,8475660,Cam Talbot,1,37,32
2023020745,2024-01-24,BUF,8482221,Devon Levi,1,40,37
2023020746,2024-01-25,CAR,8477293,Antti Raanta,1,25,23
2023020746,2024-01-25,NJD,8477970,Vitek Vanecek,0,11,11
2023020746,2024-01-25,NJD,8482076,Nico Daws,1,12,9
2023020747,2024-01-25,DET,8479312,Alex Lyon,1,30,30
2023020747,2024-01-25,PHI,8481035,Samuel Ersson,1,17,14
2023020748,2024-01-25,NYI,8473575,Semyon Varlamov,1,26,22
2023020748,2024-01-25,MTL,8478470,Samuel Montembeault,1,46,43
2023020749,2024-01-25,OTT,8476914,Joonas Korpisalo,1,23,20
2023020749,2024-01-25,BOS,8480280,Jeremy Swayman,1,37,35
2023020750,2024-01-25,TBL,8476883,Andrei Vasilevskiy,1,20,17
2023020750,2024-01-25,ARI,8478971,Connor Ingram,1,37,31
2023020751,2024-01-25,ANA,8476434,John Gibson,1,44,40
2023020751,2024-01-25,DAL,8479979,Jake Oettinger,1,21,18
2023020752,2024-01-25,NSH,8477424,Juuse Saros,1,24,22
2023020752,2024-01-25,MIN,8479406,Filip Gustavsson,1,29,26
2023020753,2024-01-25,CGY,8474593,Jacob Markstrom,1,31,27
2023020753,2024-01-25,CBJ,8480193,Daniil Tarasov,1,30,28
2023020754,2024-01-25,EDM,8475717,Calvin Pickard,1,27,27
2023020754,2024-01-25,CHI,8475852,Petr Mrazek,1,33,31
2023020755,2024-01-26,NYR,8478048,Igor Shesterkin,1,19,15
2023020755,2024-01-26,VGK,8478499,Adin Hill,1,38,36
2023020756,2024-01-26,FLA,8475683,Sergei Bobrovsky,1,37,35
2023020756,2024-01-26,PIT,8477968,Alex Nedeljkovic,1,31,29
2023020757,2024-01-26,LAK,8475660,Cam Talbot,1,12,9
2023020757,2024-01-26,LAK,8479496,David Rittich,0,19,17
2023020757,2024-01-26,COL,8480382,Alexandar Georgiev,1,27,26
2023020758,2024-01-26,STL,8476412,Jordan Binnington,1,36,33
2023020758,2024-01-26,SEA,8478916,Joey Daccord,1,18,14
2023020759,2024-01-27,BOS,8476999,Linus Ullmark,1,37,35
2023020759,2024-01-27,PHI,8477361,Calvin Petersen,0,14,12
2023020759,2024-01-27,PHI,8481035,Samuel Ersson,1,14,10
2023020760,2024-01-27,WSH,8479292,Charlie Lindgren,1,35,30
2023020760,2024-01-27,DAL,8479979,Jake Oettinger,1,28,24
2023020761,2024-01-27,EDM,8479973,Stuart Skinner,1,29,28
2023020761,2024-01-27,NSH,8480947,Kevin Lankinen,1,20,17
2023020762,2024-01-27,SJS,8478039,Kaapo Kahkonen,1,35,31
2023020762,2024-01-27,BUF,8480045,Ukko-Pekka Luukkonen,1,26,24
2023020763,2024-01-27,CAR,8477293,Antti Raanta,1,11,10
2023020763,2024-01-27,ARI,8478971,Connor Ingram,1,39,36
2023020764,2024-01-27,DET,8479312,Alex Lyon,1,30,28
2023020764,2024-01-27,VGK,8480313,Logan Thompson,1,28,24
2023020765,2024-01-27,NYR,8471734,Jonathan Quick,1,31,29
2023020765,2024-01-27,OTT,8476914,Joonas Korpisalo,1,17,13
2023020765,2024-01-27,OTT,8481544,Mads Sogaard,0,11,9
2023020766,2024-01-27,MTL,8474596,Jake Allen,1,33,30
2023020766,2024-01-27,PIT,8477465,Tristan Jarry,1,27,25
2023020767,2024-01-27,TBL,8476883,Andrei Vasilevskiy,1,24,21
2023020767,2024-01-27,NJD,8477970,Vitek Vanecek,1,40,36
2023020768,2024-01-27,WPG,8476945,Connor Hellebuyck,1,29,26
2023020768,2024-01-27,TOR,8478492,Ilya Samsonov,1,26,24
2023020769,2024-01-27,NYI,8473575,Semyon Varlamov,1,37,34
2023020769,2024-01-27,FLA,8476932,Anthony Stolarz,1,23,21
2023020770,2024-01-27,MIN,8479406,Filip Gustavsson,1,25,22
2023020770,2024-01-27,ANA,8480843,Lukas Dostal,1,37,35
2023020771,2024-01-27,CGY,8474593,Jacob Markstrom,1,32,32
2023020771,2024-01-27,CHI,8475852,Petr Mrazek,1,31,30
2023020772,2024-01-27,VAN,8477967,Thatcher Demko,1,29,25
2023020772,2024-01-27,CBJ,8478007,Elvis Merzlikins,1,34,29
2023020773,2024-01-28,LAK,8479496,David Rittich,1,32,28
2023020773,2024-01-28,STL,8480981,Joel Hofer,1,33,30
2023020774,2024-01-28,SEA,8478916,Joey Daccord,1,32,30
2023020774,2024-01-28,CBJ,8480193,Daniil Tarasov,1,25,22
2023020775,2024-01-29,OTT,8476914,Joonas Korpisalo,0,17,17
2023020775,2024-01-29,NSH,8477424,Juuse Saros,1,35,31
2023020775,2024-01-29,OTT,8481544,Mads Sogaard,1,11,8
2023020776,2024-01-30,STL,8476412,Jordan Binnington,1,22,21
2023020776,2024-01-30,CBJ,8478007,Elvis Merzlikins,1,21,21
2023020777,2024-01-30,SJS,8478406,Mackenzie Blackwood,1,32,32
2023020777,2024-01-30,SEA,8478916,Joey Daccord,1,21,20
2023020778,2024-01-31,OTT,8476914,Joonas Korpisalo,1,25,23
2023020778,2024-01-31,DET,8479312,Alex Lyon,1,25,22
2023020779,2024-01-31,NSH,8477424,Juuse Saros,1,23,20
2023020779,2024-01-31,LAK,8479496,David Rittich,1,42,40
2023020780,2024-01-31,ANA,8476434,John Gibson,1,28,26
2023020780,2024-01-31,SJS,8478039,Kaapo Kahkonen,1,34,31
2023020781,2024-02-05,NYR,8471734,Jonathan Quick,1,33,32
2023020781,2024-02-05,COL,8480382,Alexandar Georgiev,1,29,27
2023020782,2024-02-05,NYI,8478009,Ilya Sorokin,1,36,34
2023020782,2024-02-05,TOR,8478492,Ilya Samsonov,1,29,26
2023020783,2024-02-06,CGY,8474593,Jacob Markstrom,1,22,21
2023020783,2024-02-06,BOS,8480280,Jeremy Swayman,1,29,25
2023020784,2024-02-06,DAL,8479979,Jake Oettinger,1,48,47
2023020784,2024-02-06,BUF,8480045,Ukko-Pekka Luukkonen,1,30,28
2023020785,2024-02-06,VAN,8477967,Thatcher Demko,1,24,22
2023020785,2024-02-06,CAR,8481611,Pyotr Kochetkov,1,19,16
2023020786,2024-02-06,FLA,8476932,Anthony Stolarz,1,25,23
2023020786,2024-02-06,PHI,8481035,Samuel Ersson,1,21,20
2023020787,2024-02-06,NJD,8477970,Vitek Vanecek,1,38,35
2023020787,2024-02-06,COL,8481020,Justus Annunen,1,30,26
2023020788,2024-02-06,WPG,8476945,Connor Hellebuyck,1,27,24
2023020788,2024-02-06,PIT,8477465,Tristan Jarry,1,23,23
2023020789,2024-02-06,WSH,8475311,Darcy Kuemper,0,17,15
2023020789,2024-02-06,MTL,8478470,Samuel Montembeault,1,39,37
2023020789,2024-02-06,WSH,8479292,Charlie Lindgren,1,9,6
2023020790,2024-02-06,VGK,8478499,Adin Hill,1,31,30
2023020790,2024-02-06,EDM,8479973,Stuart Skinner,1,25,23
2023020791,2024-02-07,NYR,8471734,Jonathan Quick,1,18,17
2023020791,2024-02-07,TBL,8476883,Andrei Vasilevskiy,1,23,21
2023020792,2024-02-07,DAL,8475809,Scott Wedgewood,1,31,26
2023020792,2024-02-07,TOR,8478492,Ilya Samsonov,1,31,27
2023020793,2024-02-07,CHI,8475852,Petr Mrazek,1,25,23
2023020793,2024-02-07,MIN,8479406,Filip Gustavsson,1,21,20
2023020794,2024-02-08,BOS,8476999,Linus Ullmark,1,17,17
2023020794,2024-02-08,VAN,8477967,Thatcher Demko,1,24,20
2023020795,2024-02-08,WSH,8475311,Darcy Kuemper,1,40,37
2023020795,2024-02-08,FLA,8475683,Sergei Bobrovsky,1,23,21
2023020796,2024-02-08,CGY,8474593,Jacob Markstrom,1,40,37
2023020796,2024-02-08,NJD,8477970,Vitek Vanecek,1,29,25
2023020797,2024-02-08,WPG,8476316,Laurent Brossoit,1,21,17
2023020797,2024-02-08,PHI,8481035,Samuel Ersson,1,29,28
2023020798,2024-02-08,TBL,8477992,Jonas Johansson,1,24,18
2023020798,2024-02-08,NYI,8478009,Ilya Sorokin,1,20,18
2023020799,2024-02-08,CAR,8477293,Antti Raanta,0,9,9
2023020799,2024-02-08,COL,8480382,Alexandar Georgiev,1,27,23
2023020799,2024-02-08,CAR,8481611,Pyotr Kochetkov,1,18,16
2023020800,2024-02-08,VGK,8478499,Adin Hill,1,22,20
2023020800,2024-02-08,ARI,8478872,Karel Vejmelka,0,28,28
2023020800,2024-02-08,ARI,8478971,Connor Ingram,1,6,3
2023020801,2024-02-09,MIN,8470594,Marc-Andre Fleury,1,36,34
2023020801,2024-02-09,PIT,8477968,Alex Nedeljkovic,1,30,27
2023020802,2024-02-09,CHI,8475852,Petr Mrazek,1,35,31
2023020802,2024-02-09,NYR,8478048,Igor Shesterkin,1,31,28
2023020803,2024-02-09,EDM,8475717,Calvin Pickard,1,27,24
2023020803,2024-02-09,ANA,8476434,John Gibson,1,21,19
2023020803,2024-02-09,ANA,8480843,Lukas Dostal,0,10,8
2023020804,2024-02-10,BUF,8480045,Ukko-Pekka Luukkonen,1,26,23
2023020804,2024-02-10,STL,8480981,Joel Hofer,1,34,34
2023020805,2024-02-10,VAN,8479193,Casey DeSmith,1,28,24
2023020805,2024-02-10,DET,8479312,Alex Lyon,1,31,28
2023020806,2024-02-10,MTL,8478470,Samuel Montembeault,1,38,35
2023020806,2024-02-10,DAL,8479979,Jake Oettinger,1,20,18
2023020807,2024-02-10,NYI,8473575,Semyon Varlamov,1,22,19
2023020807,2024-02-10,CGY,8474593,Jacob Markstrom,1,36,34
2023020808,2024-02-10,WSH,8479292,Charlie Lindgren,1,18,18
2023020808,2024-02-10,BOS,8480280,Jeremy Swayman,1,28,26
2023020809,2024-02-10,FLA,8475683,Sergei Bobrovsky,1,34,34
2023020809,2024-02-10,COL,8480382,Alexandar Georgiev,1,41,37
2023020810,2024-02-10,NJD,8477970,Vitek Vanecek,1,32,31
2023020810,2024-02-10,CAR,8481611,Pyotr Kochetkov,1,34,34
2023020811,2024-02-10,TBL,8476883,Andrei Vasilevskiy,1,35,33
2023020811,2024-02-10,CBJ,8478007,Elvis Merzlikins,1,36,33
2023020812,2024-02-10,TOR,8474889,Martin Jones,1,31,27
2023020812,2024-02-10,OTT,8476914,Joonas Korpisalo,1,35,32
2023020813,2024-02-10,PHI,8477361,Calvin Petersen,1,19,17
2023020813,2024-02-10,SEA,8478916,Joey Daccord,1,38,35
2023020814,2024-02-10,WPG,8476945,Connor Hellebuyck,1,36,35
2023020814,2024-02-10,PIT,8477465,Tristan Jarry,1,31,29
2023020815,2024-02-10,NSH,8477424,Juuse Saros,1,31,27
2023020815,2024-02-10,ARI,8478971,Connor Ingram,1,37,32
2023020816,2024-02-10,LAK,8479496,David Rittich,1,26,26
2023020816,2024-02-10,EDM,8479973,Stuart Skinner,1,25,22
2023020817,2024-02-11,MTL,8474596,Jake Allen,1,36,29
2023020817,2024-02-11,STL,8476412,Jordan Binnington,1,32,30
2023020818,2024-02-11,WSH,8475311,Darcy Kuemper,1,29,26
2023020818,2024-02-11,VAN,8477967,Thatcher Demko,1,33,31
2023020819,2024-02-12,SEA,8478916,Joey Daccord,1,37,34
2023020819,2024-02-12,NJD,8482076,Nico Daws,1,28,27
2023020820,2024-02-12,CGY,8474593,Jacob Markstrom,1,30,29
2023020820,2024-02-12,NYR,8478048,Igor Shesterkin,1,29,29
2023020821,2024-02-12,ARI,8478872,Karel Vejmelka,1,33,29
2023020821,2024-02-12,PHI,8481035,Samuel Ersson,1,23,20
2023020822,2024-02-12,VGK,8478499,Adin Hill,1,28,24
2023020822,2024-02-12,MIN,8479406,Filip Gustavsson,1,30,27
2023020823,2024-02-13,TBL,8476883,Andrei Vasilevskiy,1,38,36
2023020823,2024-02-13,BOS,8476999,Linus Ullmark,1,25,23
2023020824,2024-02-13,LAK,8475660,Cam Talbot,0,7,5
2023020824,2024-02-13,LAK,8479496,David Rittich,1,17,12
2023020824,2024-02-13,BUF,8480045,Ukko-Pekka Luukkonen,1,33,33
2023020825,2024-02-13,MTL,8480051,Cayden Primeau,1,13,13
2023020825,2024-02-13,ANA,8480843,Lukas Dostal,1,38,33
2023020826,2024-02-13,OTT,8476341,Anton Forsberg,1,40,37
2023020826,2024-02-13,CBJ,8480193,Daniil Tarasov,1,29,24
2023020827,2024-02-13,STL,8476412,Jordan Binnington,1,31,28
2023020827,2024-02-13,TOR,8478492,Ilya Samsonov,1,15,14
2023020828,2024-02-13,WSH,8479292,Charlie Lindgren,1,35,31
2023020828,2024-02-13,COL,8480382,Alexandar Georgiev,1,27,24
2023020829,2024-02-13,SEA,8475831,Philipp Grubauer,1,27,26
2023020829,2024-02-13,NYI,8478009,Ilya Sorokin,1,30,29
2023020830,2024-02-13,DAL,8479979,Jake Oettinger,1,34,32
2023020830,2024-02-13,CAR,8481611,Pyotr Kochetkov,1,22,19
2023020831,2024-02-13,NSH,8477424,Juuse Saros,1,46,43
2023020831,2024-02-13,NJD,8482076,Nico Daws,1,32,30
2023020832,2024-02-13,CHI,8475852,Petr Mrazek,1,38,34
2023020832,2024-02-13,VAN,8477967,Thatcher Demko,1,24,22
2023020833,2024-02-13,DET,8478024,Ville Husso,1,7,6
2023020833,2024-02-13,DET,8479312,Alex Lyon,0,29,22
2023020833,2024-02-13,EDM,8479973,Stuart Skinner,1,38,34
2023020834,2024-02-14,FLA,8475683,Sergei Bobrovsky,1,27,25
2023020834,2024-02-14,PIT,8477465,Tristan Jarry,1,23,18
2023020835,2024-02-14,WPG,8476945,Connor Hellebuyck,1,17,17
2023020835,2024-02-14,SJS,8478039,Kaapo Kahkonen,1,39,38
2023020836,2024-02-14,MIN,8470594,Marc-Andre Fleury,1,26,25
2023020836,2024-02-14,ARI,8478872,Karel Vejmelka,0,13,12
2023020836,2024-02-14,ARI,8478971,Connor Ingram,1,30,28
2023020837,2024-02-15,SEA,8478916,Joey Daccord,1,37,36
2023020837,2024-02-15,BOS,8480280,Jeremy Swayman,1,25,22
2023020838,2024-02-15,FLA,8476932,Anthony Stolarz,1,45,45
2023020838,2024-02-15,BUF,8477480,Eric Comrie,1,29,26
2023020839,2024-02-15,LAK,8479496,David Rittich,1,27,26
2023020839,2024-02-15,NJD,8482076,Nico Daws,1,29,27
2023020840,2024-02-15,NYR,8471734,Jonathan Quick,1,36,32
2023020840,2024-02-15,MTL,8478470,Samuel Montembeault,1,31,24
2023020841,2024-02-15,ANA,8476434,John Gibson,1,15,15
2023020841,2024-02-15,OTT,8476914,Joonas Korpisalo,1,20,15
2023020841,2024-02-15,ANA,8480843,Lukas Dostal,0,19,18
2023020842,2024-02-15,TBL,8476883,Andrei Vasilevskiy,1,31,28
2023020842,2024-02-15,COL,8481020,Justus Annunen,1,37,33
2023020843,2024-02-15,TOR,8478492,Ilya Samsonov,1,32,29
2023020843,2024-02-15,PHI,8481035,Samuel Ersson,1,28,24
2023020844,2024-02-15,STL,8476412,Jordan Binnington,1,38,35
2023020844,2024-02-15,EDM,8479973,Stuart Skinner,1,29,24
2023020845,2024-02-15,PIT,8477968,Alex Nedeljkovic,1,28,27
2023020845,2024-02-15,CHI,8482821,Arvid Soderblom,1,26,23
2023020846,2024-02-15,SJS,8478406,Mackenzie Blackwood,1,34,31
2023020846,2024-02-15,CGY,8481692,Dustin Wolf,1,31,25
2023020847,2024-02-15,DAL,8475809,Scott Wedgewood,0,7,7
2023020847,2024-02-15,NSH,8477424,Juuse Saros,1,18,14
2023020847,2024-02-15,DAL,8479979,Jake Oettinger,1,22,20
2023020847,2024-02-15,NSH,8480947,Kevin Lankinen,0,23,18
2023020848,2024-02-15,VAN,8477967,Thatcher Demko,1,28,27
2023020848,2024-02-15,DET,8479312,Alex Lyon,1,21,17
2023020849,2024-02-16,ARI,8478872,Karel Vejmelka,1,26,21
2023020849,2024-02-16,ARI,8480191,Matt Villalta,0,4,4
2023020849,2024-02-16,CAR,8481611,Pyotr Kochetkov,1,31,30
2023020850,2024-02-17,EDM,8475717,Calvin Pickard,1,27,24
2023020850,2024-02-17,DAL,8479979,Jake Oettinger,1,24,20
2023020851,2024-02-17,CHI,8475852,Petr Mrazek,1,42,40
2023020851,2024-02-17,OTT,8476914,Joonas Korpisalo,1,22,19
2023020852,2024-02-17,DET,8473503,James Reimer,1,38,38
2023020852,2024-02-17,CGY,8474593,Jacob Markstrom,1,12,8
2023020852,2024-02-17,CGY,8478435,Dan Vladar,0,9,8
2023020853,2024-02-17,BOS,8476999,Linus Ullmark,1,35,30
2023020853,2024-02-17,LAK,8479496,David Rittich,1,32,28
2023020854,2024-02-17,MIN,8479406,Filip Gustavsson,1,28,25
2023020854,2024-02-17,BUF,8480045,Ukko-Pekka Luukkonen,1,32,30
2023020855,2024-02-17,STL,8476412,Jordan Binnington,1,32,28
2023020855,2024-02-17,NSH,8477424,Juuse Saros,1,37,35
2023020856,2024-02-17,FLA,8475683,Sergei Bobrovsky,1,30,28
2023020856,2024-02-17,TBL,8476883,Andrei Vasilevskiy,1,22,16
2023020856,2024-02-17,TBL,8477992,Jonas Johansson,0,8,5
2023020857,2024-02-17,MTL,8474596,Jake Allen,1,34,30
2023020857,2024-02-17,WSH,8475311,Darcy Kuemper,1,31,28
2023020858,2024-02-17,TOR,8474889,Martin Jones,1,21,19
2023020858,2024-02-17,ANA,8476434,John Gibson,0,14,9
2023020858,2024-02-17,ANA,8480843,Lukas Dostal,1,18,14
2023020859,2024-02-17,PHI,8481035,Samuel Ersson,1,39,34
2023020859,2024-02-17,NJD,8482076,Nico Daws,1,48,45
2023020860,2024-02-17,WPG,8476945,Connor Hellebuyck,1,37,35
2023020860,2024-02-17,VAN,8477967,Thatcher Demko,1,28,24
2023020861,2024-02-17,CBJ,8478007,Elvis Merzlikins,1,31,28
2023020861,2024-02-17,SJS,8478039,Kaapo Kahkonen,1,41,37
2023020862,2024-02-17,CAR,8477484,Spencer Martin,1,30,29
2023020862,2024-02-17,VGK,8478499,Adin Hill,1,28,25
2023020863,2024-02-18,NYI,8478009,Ilya Sorokin,1,37,32
2023020863,2024-02-18,NYR,8478048,Igor Shesterkin,1,41,36
2023020864,2024-02-18,ARI,8478872,Karel Vejmelka,1,37,33
2023020864,2024-02-18,COL,8480382,Alexandar Georgiev,1,30,27
2023020865,2024-02-18,LAK,8475660,Cam Talbot,1,30,29
2023020865,2024-02-18,PIT,8477465,Tristan Jarry,1,34,32
2023020866,2024-02-19,ANA,8476434,John Gibson,1,37,34
2023020866,2024-02-19,BUF,8480045,Ukko-Pekka Luukkonen,1,14,10
2023020867,2024-02-19,DAL,8479979,Jake Oettinger,1,30,27
2023020867,2024-02-19,BOS,8480280,Jeremy Swayman,1,46,43
2023020868,2024-02-19,TOR,8478492,Ilya Samsonov,1,21,19
2023020868,2024-02-19,STL,8480981,Joel Hofer,1,28,25
2023020869,2024-02-19,MIN,8470594,Marc-Andre Fleury,0,8,6
2023020869,2024-02-19,VAN,8479193,Casey DeSmith,1,25,17
2023020869,2024-02-19,MIN,8479406,Filip Gustavsson,1,16,11
2023020870,2024-02-19,SEA,8478916,Joey Daccord,1,32,28
2023020870,2024-02-19,DET,8479312,Alex Lyon,1,41,38
2023020871,2024-02-19,EDM,8479973,Stuart Skinner,1,25,22
2023020871,2024-02-19,ARI,8480191,Matt Villalta,1,25,20
2023020872,2024-02-19,CGY,8474593,Jacob Markstrom,1,31,28
2023020872,2024-02-19,WPG,8476945,Connor Hellebuyck,1,33,28
2023020873,2024-02-19,SJS,8478406,Mackenzie Blackwood,1,26,22
2023020873,2024-02-19,VGK,8480313,Logan Thompson,1,29,29
2023020874,2024-02-19,CHI,8475852,Petr Mrazek,1,41,36
2023020874,2024-02-19,CAR,8477484,Spencer Martin,1,17,14
2023020875,2024-02-19,OTT,8476341,Anton Forsberg,1,25,23
2023020875,2024-02-19,TBL,8476883,Andrei Vasilevskiy,1,28,24
2023020876,2024-02-20,FLA,8475683,Sergei Bobrovsky,1,30,28
2023020876,2024-02-20,OTT,8476914,Joonas Korpisalo,1,34,31
2023020877,2024-02-20,DAL,8475809,Scott Wedgewood,1,25,23
2023020877,2024-02-20,NYR,8478048,Igor Shesterkin,1,42,41
2023020878,2024-02-20,PIT,8477968,Alex Nedeljkovic,1,33,28
2023020878,2024-02-20,NYI,8478009,Ilya Sorokin,1,41,37
2023020879,2024-02-20,WSH,8479292,Charlie Lindgren,1,39,37
2023020879,2024-02-20,NJD,8482076,Nico Daws,1,26,20
2023020880,2024-02-20,MIN,8470594,Marc-Andre Fleury,1,29,24
2023020880,2024-02-20,WPG,8476316,Laurent Brossoit,1,39,36
2023020881,2024-02-20,VAN,8477967,Thatcher Demko,1,26,24
2023020881,2024-02-20,COL,8480382,Alexandar Georgiev,1,25,24
2023020882,2024-02-20,VGK,8478499,Adin Hill,1,39,35
2023020882,2024-02-20,NSH,8480947,Kevin Lankinen,1,26,23
2023020883,2024-02-20,LAK,8475660,Cam Talbot,1,33,32
2023020883,2024-02-20,CBJ,8478007,Elvis Merzlikins,1,35,30
2023020884,2024-02-21,MTL,8478470,Samuel Montembeault,1,23,20
2023020884,2024-02-21,BUF,8480045,Ukko-Pekka Luukkonen,1,31,29
2023020885,2024-02-21,PHI,8481035,Samuel Ersson,1,22,21
2023020885,2024-02-21,CHI,8482821,Arvid Soderblom,1,33,30
2023020886,2024-02-21,ANA,8476434,John Gibson,1,26,20
2023020886,2024-02-21,CBJ,8478007,Elvis Merzlikins,0,2,0
2023020886,2024-02-21,CBJ,8480193,Daniil Tarasov,1,29,27
2023020887,2024-02-21,TOR,8478492,Ilya Samsonov,1,26,23
2023020887,2024-02-21,ARI,8478872,Karel Vejmelka,1,36,30
2023020888,2024-02-21,EDM,8479973,Stuart Skinner,1,36,30
2023020888,2024-02-21,BOS,8480280,Jeremy Swayman,1,42,37
2023020889,2024-02-22,FLA,8475683,Sergei Bobrovsky,1,29,28
2023020889,2024-02-22,CAR,8481611,Pyotr Kochetkov,1,45,45
2023020890,2024-02-22,DET,8479312,Alex Lyon,1,31,30
2023020890,2024-02-22,COL,8481020,Justus Annunen,1,30,28
2023020891,2024-02-22,NYR,8478048,Igor Shesterkin,1,40,39
2023020891,2024-02-22,NJD,8482076,Nico Daws,1,18,13
2023020892,2024-02-22,DAL,8475809,Scott Wedgewood,0,19,18
2023020892,2024-02-22,OTT,8476341,Anton Forsberg,1,15,14
2023020892,2024-02-22,DAL,8479979,Jake Oettinger,1,11,8
2023020893,2024-02-22,PIT,8477465,Tristan Jarry,1,31,30
2023020893,2024-02-22,MTL,8480051,Cayden Primeau,1,26,23
2023020894,2024-02-22,TBL,8476883,Andrei Vasilevskiy,1,23,19
2023020894,2024-02-22,WSH,8479292,Charlie Lindgren,1,32,29
2023020895,2024-02-22,NYI,8473575,Semyon Varlamov,1,24,21
2023020895,2024-02-22,STL,8476412,Jordan Binnington,1,38,38
2023020896,2024-02-22,CGY,8474593,Jacob Markstrom,1,34,32
2023020896,2024-02-22,BOS,8476999,Linus Ullmark,1,30,27
2023020897,2024-02-22,SEA,8475831,Philipp Grubauer,1,21,19
2023020897,2024-02-22,VAN,8477967,Thatcher Demko,1,30,26
2023020898,2024-02-22,TOR,8474889,Martin Jones,1,26,23
2023020898,2024-02-22,VGK,8478499,Adin Hill,1,20,17
2023020898,2024-02-22,VGK,8480313,Logan Thompson,0,22,18
2023020899,2024-02-22,NSH,8477424,Juuse Saros,1,28,27
2023020899,2024-02-22,LAK,8479496,David Rittich,1,19,17
2023020900,2024-02-23,BUF,8480045,Ukko-Pekka Luukkonen,1,26,25
2023020900,2024-02-23,CBJ,8480193,Daniil Tarasov,1,37,35
2023020901,2024-02-23,CHI,8475852,Petr Mrazek,1,31,28
2023020901,2024-02-23,WPG,8476945,Connor Hellebuyck,1,35,33
2023020902,2024-02-23,EDM,8475717,Calvin Pickard,1,19,16
2023020902,2024-02-23,MIN,8479406,Filip Gustavsson,1,43,41
2023020903,2024-02-24,MTL,8474596,Jake Allen,1,24,20
2023020903,2024-02-24,NJD,8482076,Nico Daws,1,26,23
2023020904,2024-02-24,TBL,8476883,Andrei Vasilevskiy,1,34,32
2023020904,2024-02-24,NYI,8478009,Ilya Sorokin,1,20,17
2023020905,2024-02-24,NYR,8478048,Igor Shesterkin,1,40,39
2023020905,2024-02-24,PHI,8481035,Samuel Ersson,1,24,22
2023020906,2024-02-24,FLA,8476932,Anthony Stolarz,1,24,22
2023020906,2024-02-24,WSH,8479292,Charlie Lindgren,1,29,26
2023020907,2024-02-24,DAL,8479979,Jake Oettinger,1,21,20
2023020907,2024-02-24,CAR,8481611,Pyotr Kochetkov,1,16,14
2023020908,2024-02-24,TOR,8478492,Ilya Samsonov,1,29,26
2023020908,2024-02-24,COL,8480382,Alexandar Georgiev,1,30,26
2023020909,2024-02-24,STL,8476412,Jordan Binnington,1,14,10
2023020909,2024-02-24,DET,8479312,Alex Lyon,1,23,22
2023020909,2024-02-24,STL,8480981,Joel Hofer,0,20,18
2023020910,2024-02-24,OTT,8476341,Anton Forsberg,1,29,26
2023020910,2024-02-24,VGK,8480313,Logan Thompson,1,33,30
2023020911,2024-02-24,VAN,8477967,Thatcher Demko,1,25,23
2023020911,2024-02-24,BOS,8480280,Jeremy Swayman,1,39,36
2023020912,2024-02-24,CGY,8478435,Dan Vladar,1,35,32
2023020912,2024-02-24,EDM,8479973,Stuart Skinner,1,30,25
2023020913,2024-02-24,MIN,8470594,Marc-Andre Fleury,1,32,30
2023020913,2024-02-24,SEA,8475831,Philipp Grubauer,0,18,17
2023020913,2024-02-24,SEA,8478916,Joey Daccord,1,13,9
2023020914,2024-02-24,NSH,8477424,Juuse Saros,1,25,23
2023020914,2024-02-24,SJS,8478039,Kaapo Kahkonen,1,34,31
2023020915,2024-02-24,ANA,8476434,John Gibson,1,50,48
2023020915,2024-02-24,LAK,8479496,David Rittich,1,24,22
2023020916,2024-02-25,TBL,8477992,Jonas Johansson,1,19,18
2023020916,2024-02-25,NJD,8481033,Akira Schmid,1,26,23
2023020917,2024-02-25,PHI,8477361,Calvin Petersen,1,32,25
2023020917,2024-02-25,PIT,8477465,Tristan Jarry,1,21,15
2023020918,2024-02-25,CAR,8477484,Spencer Martin,1,32,30
2023020918,2024-02-25,BUF,8480045,Ukko-Pekka Luukkonen,1,32,30
2023020919,2024-02-25,NYR,8471734,Jonathan Quick,1,41,37
2023020919,2024-02-25,CBJ,8478007,Elvis Merzlikins,1,40,38
2023020920,2024-02-25,DET,8473503,James Reimer,1,36,34
2023020920,2024-02-25,CHI,8475852,Petr Mrazek,1,31,28
2023020921,2024-02-25,WPG,8476945,Connor Hellebuyck,1,32,29
2023020921,2024-02-25,ARI,8478971,Connor Ingram,1,32,28
2023020922,2024-02-25,ANA,8480843,Lukas Dostal,1,28,25
2023020922,2024-02-25,NSH,8480947,Kevin Lankinen,1,31,29
2023020923,2024-02-26,WSH,8475311,Darcy Kuemper,1,21,18
2023020923,2024-02-26,OTT,8476341,Anton Forsberg,1,10,6
2023020923,2024-02-26,OTT,8476914,Joonas Korpisalo,0,10,8
2023020924,2024-02-26,DAL,8475809,Scott Wedgewood,1,28,25
2023020924,2024-02-26,NYI,8478009,Ilya Sorokin,1,32,30
2023020925,2024-02-26,LAK,8479496,David Rittich,1,31,27
2023020925,2024-02-26,EDM,8479973,Stuart Skinner,1,40,38
2023020926,2024-02-26,SEA,8475831,Philipp Grubauer,1,32,29
2023020926,2024-02-26,BOS,8476999,Linus Ullmark,1,27,24
2023020927,2024-02-27,WSH,8479292,Charlie Lindgren,1,31,23
2023020927,2024-02-27,DET,8479312,Alex Lyon,1,21,18
2023020928,2024-02-27,FLA,8475683,Sergei Bobrovsky,1,30,28
2023020928,2024-02-27,BUF,8480045,Ukko-Pekka Luukkonen,1,37,34
2023020929,2024-02-27,MTL,8478470,Samuel Montembeault,1,38,36
2023020929,2024-02-27,ARI,8478971,Connor Ingram,1,20,17
2023020930,2024-02-27,TBL,8476883,Andrei Vasilevskiy,1,29,25
2023020930,2024-02-27,PHI,8481035,Samuel Ersson,1,22,20
2023020931,2024-02-27,TOR,8478492,Ilya Samsonov,1,31,26
2023020931,2024-02-27,VGK,8478499,Adin Hill,1,30,28
2023020932,2024-02-27,MIN,8479406,Filip Gustavsson,1,28,25
2023020932,2024-02-27,CAR,8481611,Pyotr Kochetkov,1,30,28
2023020933,2024-02-27,OTT,8476914,Joonas Korpisalo,1,36,32
2023020933,2024-02-27,NSH,8477424,Juuse Saros,1,25,24
2023020934,2024-02-27,WPG,8476316,Laurent Brossoit,1,38,36
2023020934,2024-02-27,STL,8480981,Joel Hofer,1,32,28
2023020935,2024-02-27,CGY,8474593,Jacob Markstrom,1,23,21
2023020935,2024-02-27,LAK,8475660,Cam Talbot,1,36,33
2023020936,2024-02-27,DAL,8479979,Jake Oettinger,1,27,22
2023020936,2024-02-27,COL,8480382,Alexandar Georgiev,1,34,33
2023020937,2024-02-27,PIT,8477465,Tristan Jarry,1,35,32
2023020937,2024-02-27,VAN,8477967,Thatcher Demko,1,40,36
2023020938,2024-02-27,SJS,8478039,Kaapo Kahkonen,0,31,24
2023020938,2024-02-27,SJS,8478406,Mackenzie Blackwood,1,13,13
2023020938,2024-02-27,NJD,8482076,Nico Daws,1,31,29
2023020939,2024-02-28,CBJ,8478007,Elvis Merzlikins,1,28,26
2023020939,2024-02-28,NYR,8478048,Igor Shesterkin,1,31,30
2023020940,2024-02-28,STL,8476412,Jordan Binnington,1,36,33
2023020940,2024-02-28,EDM,8479973,Stuart Skinner,1,34,32
2023020941,2024-02-29,VGK,8478499,Adin Hill,1,32,27
2023020941,2024-02-29,BOS,8480280,Jeremy Swayman,1,36,32
2023020942,2024-02-29,CAR,8477484,Spencer Martin,1,22,20
2023020942,2024-02-29,CBJ,8480193,Daniil Tarasov,1,32,29
2023020943,2024-02-29,NYI,8478009,Ilya Sorokin,1,25,22
2023020943,2024-02-29,DET,8479312,Alex Lyon,1,26,22
2023020944,2024-02-29,FLA,8476932,Anthony Stolarz,1,31,28
2023020944,2024-02-29,MTL,8478470,Samuel Montembeault,1,35,32
2023020945,2024-02-29,TBL,8476883,Andrei Vasilevskiy,1,23,20
2023020945,2024-02-29,BUF,8480045,Ukko-Pekka Luukkonen,1,23,21
2023020946,2024-02-29,ARI,8478971,Connor Ingram,1,25,22
2023020946,2024-02-29,TOR,8479361,Joseph Woll,1,32,30
2023020947,2024-02-29,WPG,8476945,Connor Hellebuyck,1,35,32
2023020947,2024-02-29,DAL,8479979,Jake Oettinger,1,26,25
2023020948,2024-02-29,NSH,8477424,Juuse Saros,1,34,33
2023020948,2024-02-29,MIN,8479406,Filip Gustavsson,1,31,25
2023020949,2024-02-29,CHI,8475852,Petr Mrazek,1,33,28
2023020949,2024-02-29,COL,8481020,Justus Annunen,1,24,24
2023020950,2024-02-29,SEA,8475831,Philipp Grubauer,1,33,33
2023020950,2024-02-29,PIT,8477465,Tristan Jarry,1,28,26
2023020951,2024-02-29,LAK,8475660,Cam Talbot,1,24,23
2023020951,2024-02-29,VAN,8477967,Thatcher Demko,1,20,15
2023020952,2024-02-29,ANA,8476434,John Gibson,1,28,24
2023020952,2024-02-29,SJS,8478039,Kaapo Kahkonen,1,29,24
2023020953,2024-03-01,OTT,8476341,Anton Forsberg,1,29,25
2023020953,2024-03-01,ARI,8478872,Karel Vejmelka,1,37,34
2023020954,2024-03-01,WSH,8479292,Charlie Lindgren,1,23,21
2023020954,2024-03-01,PHI,8481035,Samuel Ersson,1,21,16
2023020955,2024-03-01,ANA,8480843,Lukas Dostal,1,55,52
2023020955,2024-03-01,NJD,8481033,Akira Schmid,0,9,9
2023020955,2024-03-01,NJD,8482076,Nico Daws,1,14,10
2023020956,2024-03-02,WPG,8476945,Connor Hellebuyck,1,35,32
2023020956,2024-03-02,CAR,8481611,Pyotr Kochetkov,1,31,27
2023020957,2024-03-02,BOS,8476999,Linus Ullmark,1,26,21
2023020957,2024-03-02,NYI,8478009,Ilya Sorokin,1,23,22
2023020958,2024-03-02,SEA,8475831,Philipp Grubauer,1,24,22
2023020958,2024-03-02,EDM,8479973,Stuart Skinner,1,25,24
2023020959,2024-03-02,NSH,8477424,Juuse Saros,1,26,25
2023020959,2024-03-02,COL,8480382,Alexandar Georgiev,1,34,30
2023020960,2024-03-02,BUF,8480045,Ukko-Pekka Luukkonen,1,24,22
2023020960,2024-03-02,VGK,8480313,Logan Thompson,1,35,28
2023020961,2024-03-02,FLA,8475683,Sergei Bobrovsky,1,21,21
2023020961,2024-03-02,DET,8479312,Alex Lyon,1,37,33
2023020962,2024-03-02,PHI,8478433,Felix Sandstrom,1,26,24
2023020962,2024-03-02,OTT,8481544,Mads Sogaard,1,39,36
2023020963,2024-03-02,TBL,8476883,Andrei Vasilevskiy,1,31,28
2023020963,2024-03-02,MTL,8480051,Cayden Primeau,1,29,26
2023020964,2024-03-02,NYR,8478048,Igor Shesterkin,1,34,31
2023020964,2024-03-02,TOR,8478492,Ilya Samsonov,1,35,32
2023020965,2024-03-02,CBJ,8478007,Elvis Merzlikins,1,28,26
2023020965,2024-03-02,CHI,8482821,Arvid Soderblom,1,30,26
2023020966,2024-03-02,DAL,8479979,Jake Oettinger,1,23,21
2023020966,2024-03-02,SJS,8480992,Magnus Chrona,1,38,36
2023020967,2024-03-02,MIN,8470594,Marc-Andre Fleury,1,26,24
2023020967,2024-03-02,STL,8476412,Jordan Binnington,1,22,21
2023020968,2024-03-02,CGY,8474593,Jacob Markstrom,1,30,27
2023020968,2024-03-02,PIT,8477465,Tristan Jarry,1,20,16
2023020969,2024-03-03,ARI,8478872,Karel Vejmelka,1,26,24
2023020969,2024-03-03,WSH,8479292,Charlie Lindgren,1,27,23
2023020970,2024-03-03,LAK,8475660,Cam Talbot,1,31,30
2023020970,2024-03-03,NJD,8481033,Akira Schmid,0,9,9
2023020970,2024-03-03,NJD,8482076,Nico Daws,1,13,9
2023020971,2024-03-03,WPG,8476316,Laurent Brossoit,1,19,17
2023020971,2024-03-03,BUF,8480045,Ukko-Pekka Luukkonen,1,33,30
2023020972,2024-03-03,SJS,8478039,Kaapo Kahkonen,1,32,28
2023020972,2024-03-03,MIN,8479406,Filip Gustavsson,1,15,12
2023020973,2024-03-03,VAN,8479193,Casey DeSmith,1,18,17
2023020973,2024-03-03,ANA,8480843,Lukas Dostal,1,31,29
2023020974,2024-03-03,EDM,8475717,Calvin Pickard,1,23,22
2023020974,2024-03-03,PIT,8477968,Alex Nedeljkovic,1,37,31
2023020975,2024-03-04,VGK,8478499,Adin Hill,1,32,27
2023020975,2024-03-04,CBJ,8480193,Daniil Tarasov,1,39,36
2023020976,2024-03-04,FLA,8475683,Sergei Bobrovsky,1,28,26
2023020976,2024-03-04,NYR,8478048,Igor Shesterkin,1,29,26
2023020977,2024-03-04,STL,8476412,Jordan Binnington,1,42,41
2023020977,2024-03-04,PHI,8481035,Samuel Ersson,1,25,24
2023020978,2024-03-04,TOR,8479361,Joseph Woll,1,27,23
2023020978,2024-03-04,BOS,8480280,Jeremy Swayman,1,33,32
2023020979,2024-03-04,CHI,8475852,Petr Mrazek,1,37,32
2023020979,2024-03-04,COL,8481020,Justus Annunen,1,37,37
2023020980,2024-03-04,CGY,8474593,Jacob Markstrom,1,30,26
2023020980,2024-03-04,SEA,8475831,Philipp Grubauer,1,37,35
2023020981,2024-03-05,BOS,8476999,Linus Ullmark,1,26,24
2023020981,2024-03-05,EDM,8479973,Stuart Skinner,1,25,24
2023020982,2024-03-05,FLA,8476932,Anthony Stolarz,1,24,21
2023020982,2024-03-05,NJD,8481033,Akira Schmid,1,30,26
2023020983,2024-03-05,PIT,8477465,Tristan Jarry,1,35,32
2023020983,2024-03-05,CBJ,8482982,Jet Greaves,1,31,26
2023020984,2024-03-05,NYI,8478009,Ilya Sorokin,1,21,19
2023020984,2024-03-05,STL,8480981,Joel Hofer,1,32,29
2023020985,2024-03-05,MTL,8474596,Jake Allen,1,28,25
2023020985,2024-03-05,NSH,8477424,Juuse Saros,1,30,26
2023020986,2024-03-05,WPG,8476945,Connor Hellebuyck,1,24,20
2023020986,2024-03-05,SEA,8478916,Joey Daccord,1,33,30
2023020987,2024-03-05,ARI,8478971,Connor Ingram,1,31,27
2023020987,2024-03-05,CHI,8482821,Arvid Soderblom,1,39,37
2023020988,2024-03-05,LAK,8475660,Cam Talbot,1,31,29
2023020988,2024-03-05,VAN,8477967,Thatcher Demko,1,24,23
2023020989,2024-03-05,SJS,8478039,Kaapo Kahkonen,1,40,33
2023020989,2024-03-05,DAL,8479979,Jake Oettinger,1,20,14
2023020990,2024-03-06,TOR,8478492,Ilya Samsonov,1,25,24
2023020990,2024-03-06,BUF,8480045,Ukko-Pekka Luukkonen,1,27,25
2023020991,2024-03-06,DET,8473503,James Reimer,0,14,12
2023020991,2024-03-06,DET,8479312,Alex Lyon,1,40,35
2023020991,2024-03-06,COL,8480382,Alexandar Georgiev,1,29,27
2023020992,2024-03-06,ANA,8480843,Lukas Dostal,1,30,29
2023020992,2024-03-06,OTT,8481544,Mads Sogaard,1,16,14
2023020993,2024-03-07,TOR,8479361,Joseph Woll,1,25,21
2023020993,2024-03-07,BOS,8480280,Jeremy Swayman,1,29,28
2023020994,2024-03-07,CAR,8475883,Frederik Andersen,1,25,24
2023020994,2024-03-07,MTL,8478470,Samuel Montembeault,1,38,35
2023020995,2024-03-07,EDM,8475717,Calvin Pickard,1,33,30
2023020995,2024-03-07,CBJ,8480193,Daniil Tarasov,1,31,29
2023020996,2024-03-07,FLA,8475683,Sergei Bobrovsky,1,26,24
2023020996,2024-03-07,PHI,8481035,Samuel Ersson,1,30,29
2023020997,2024-03-07,STL,8476412,Jordan Binnington,1,32,29
2023020997,2024-03-07,NJD,8482076,Nico Daws,1,24,23
2023020998,2024-03-07,PIT,8477465,Tristan Jarry,1,22,18
2023020998,2024-03-07,PIT,8477968,Alex Nedeljkovic,0,7,5
2023020998,2024-03-07,WSH,8479292,Charlie Lindgren,1,39,39
2023020999,2024-03-07,CGY,8474593,Jacob Markstrom,1,22,19
2023020999,2024-03-07,TBL,8476883,Andrei Vasilevskiy,1,23,18
2023021000,2024-03-07,NSH,8477424,Juuse Saros,1,28,26
2023021000,2024-03-07,BUF,8477480,Eric Comrie,1,24,20
2023021001,2024-03-07,MIN,8470594,Marc-Andre Fleury,1,25,23
2023021001,2024-03-07,ARI,8478872,Karel Vejmelka,1,26,23
2023021002,2024-03-07,VAN,8477967,Thatcher Demko,1,28,27
2023021002,2024-03-07,VGK,8478499,Adin Hill,1,35,32
2023021003,2024-03-07,LAK,8475660,Cam Talbot,1,31,28
2023021003,2024-03-07,OTT,8476914,Joonas Korpisalo,1,35,31
2023021004,2024-03-07,NYI,8478009,Ilya Sorokin,1,25,23
2023021004,2024-03-07,SJS,8480992,Magnus Chrona,1,33,26
2023021005,2024-03-08,ARI,8478971,Connor Ingram,1,28,28
2023021005,2024-03-08,DET,8479312,Alex Lyon,1,24,20
2023021006,2024-03-08,MIN,8479406,Filip Gustavsson,1,40,38
2023021006,2024-03-08,COL,8480382,Alexandar Georgiev,1,30,29
2023021007,2024-03-08,ANA,8476434,John Gibson,1,36,30
2023021007,2024-03-08,DAL,8479979,Jake Oettinger,1,27,25
2023021008,2024-03-08,WPG,8476316,Laurent Brossoit,1,17,17
2023021008,2024-03-08,SEA,8478916,Joey Daccord,1,31,29
2023021009,2024-03-09,EDM,8479973,Stuart Skinner,1,27,25
2023021009,2024-03-09,BUF,8480045,Ukko-Pekka Luukkonen,1,32,30
2023021010,2024-03-09,CBJ,8480193,Daniil Tarasov,1,49,47
2023021010,2024-03-09,NSH,8480947,Kevin Lankinen,1,34,33
2023021011,2024-03-09,CAR,8481611,Pyotr Kochetkov,1,25,23
2023021011,2024-03-09,NJD,8482076,Nico Daws,1,24,22
2023021012,2024-03-09,BOS,8476999,Linus Ullmark,1,39,38
2023021012,2024-03-09,PIT,8477968,Alex Nedeljkovic,1,23,18
2023021013,2024-03-09,CGY,8474593,Jacob Markstrom,1,31,26
2023021013,2024-03-09,FLA,8476932,Anthony Stolarz,1,35,34
2023021014,2024-03-09,MTL,8478470,Samuel Montembeault,1,27,24
2023021014,2024-03-09,TOR,8478492,Ilya Samsonov,1,31,29
2023021015,2024-03-09,OTT,8476914,Joonas Korpisalo,1,21,19
2023021015,2024-03-09,SJS,8480992,Magnus Chrona,1,32,31
2023021016,2024-03-09,TBL,8476883,Andrei Vasilevskiy,1,25,25
2023021016,2024-03-09,PHI,8478433,Felix Sandstrom,0,11,8
2023021016,2024-03-09,PHI,8481035,Samuel Ersson,1,15,11
2023021017,2024-03-09,CHI,8475852,Petr Mrazek,1,26,22
2023021017,2024-03-09,WSH,8479292,Charlie Lindgren,1,32,31
2023021018,2024-03-09,STL,8476412,Jordan Binnington,1,39,35
2023021018,2024-03-09,NYR,8478048,Igor Shesterkin,1,26,26
2023021019,2024-03-09,WPG,8476945,Connor Hellebuyck,1,37,32
2023021019,2024-03-09,VAN,8477967,Thatcher Demko,1,12,12
2023021019,2024-03-09,VAN,8479193,Casey DeSmith,0,10,10
2023021020,2024-03-09,DET,8473503,James Reimer,1,35,31
2023021020,2024-03-09,VGK,8478499,Adin Hill,1,26,23
2023021021,2024-03-09,LAK,8475660,Cam Talbot,1,34,31
2023021021,2024-03-09,DAL,8475809,Scott Wedgewood,1,25,24
2023021022,2024-03-10,EDM,8475717,Calvin Pickard,1,41,41
2023021022,2024-03-10,PIT,8477465,Tristan Jarry,1,42,38
2023021022,2024-03-10,EDM,8479973,Stuart Skinner,0,0,0
2023021023,2024-03-10,MIN,8470594,Marc-Andre Fleury,1,30,27
2023021023,2024-03-10,NSH,8477424,Juuse Saros,1,33,29
2023021024,2024-03-10,CAR,8475883,Frederik Andersen,1,20,18
2023021024,2024-03-10,CGY,8478435,Dan Vladar,1,40,33
2023021025,2024-03-10,ARI,8478971,Connor Ingram,1,40,34
2023021025,2024-03-10,CHI,8482821,Arvid Soderblom,1,36,32
2023021026,2024-03-10,NYI,8473575,Semyon Varlamov,1,23,22
2023021026,2024-03-10,ANA,8480843,Lukas Dostal,1,19,13
2023021027,2024-03-11,BOS,8480280,Jeremy Swayman,1,21,17
2023021027,2024-03-11,STL,8480981,Joel Hofer,1,37,36
2023021028,2024-03-11,NYR,8471734,Jonathan Quick,1,20,19
2023021028,2024-03-11,NJD,8478039,Kaapo Kahkonen,1,25,23
2023021029,2024-03-11,WPG,8476945,Connor Hellebuyck,1,23,23
2023021029,2024-03-11,WSH,8479292,Charlie Lindgren,1,29,26
2023021030,2024-03-11,NYI,8478009,Ilya Sorokin,1,24,22
2023021030,2024-03-11,LAK,8479496,David Rittich,1,26,26
2023021031,2024-03-12,DET,8473503,James Reimer,0,26,23
2023021031,2024-03-12,DET,8479312,Alex Lyon,1,13,9
2023021031,2024-03-12,BUF,8480045,Ukko-Pekka Luukkonen,1,24,21
2023021032,2024-03-12,NYR,8478048,Igor Shesterkin,1,28,28
2023021032,2024-03-12,CAR,8481611,Pyotr Kochetkov,1,24,23
2023021033,2024-03-12,CBJ,8478007,Elvis Merzlikins,1,4,1
2023021033,2024-03-12,MTL,8480051,Cayden Primeau,1,41,41
2023021033,2024-03-12,CBJ,8480193,Daniil Tarasov,0,19,19
2023021034,2024-03-12,OTT,8476914,Joonas Korpisalo,1,35,34
2023021034,2024-03-12,PIT,8477465,Tristan Jarry,1,39,37
2023021035,2024-03-12,SJS,8480992,Magnus Chrona,1,41,38
2023021035,2024-03-12,PHI,8481035,Samuel Ersson,1,29,27
2023021036,2024-03-12,FLA,8475683,Sergei Bobrovsky,1,30,27
2023021036,2024-03-12,DAL,8479979,Jake Oettinger,1,30,26
2023021037,2024-03-12,MIN,8470594,Marc-Andre Fleury,1,23,22
2023021037,2024-03-12,ARI,8478872,Karel Vejmelka,1,29,27
2023021038,2024-03-12,CHI,8475852,Petr Mrazek,1,29,27
2023021038,2024-03-12,ANA,8476434,John Gibson,1,26,20
2023021038,2024-03-12,ANA,8480843,Lukas Dostal,0,5,4
2023021039,2024-03-12,CGY,8478435,Dan Vladar,1,35,29
2023021039,2024-03-12,COL,8481020,Justus Annunen,1,27,25
2023021039,2024-03-12,CGY,8481692,Dustin Wolf,0,3,3
2023021040,2024-03-12,SEA,8475831,Philipp Grubauer,1,34,29
2023021040,2024-03-12,VGK,8478499,Adin Hill,1,30,26
2023021041,2024-03-13,LAK,8475660,Cam Talbot,1,30,27
2023021041,2024-03-13,STL,8476412,Jordan Binnington,1,41,40
2023021042,2024-03-13,WPG,8476945,Connor Hellebuyck,1,38,34
2023021042,2024-03-13,NSH,8477424,Juuse Saros,1,29,27
2023021043,2024-03-13,WSH,8475311,Darcy Kuemper,1,37,30
2023021043,2024-03-13,EDM,8479973,Stuart Skinner,1,25,23
2023021044,2024-03-13,VAN,8479193,Casey DeSmith,1,34,30
2023021044,2024-03-13,COL,8480382,Alexandar Georgiev,1,21,18
2023021045,2024-03-14,NYI,8478009,Ilya Sorokin,1,36,33
2023021045,2024-03-14,BUF,8480045,Ukko-Pekka Luukkonen,1,21,21
2023021046,2024-03-14,FLA,8475683,Sergei Bobrovsky,1,34,31
2023021046,2024-03-14,CAR,8475883,Frederik Andersen,1,21,21
2023021047,2024-03-14,OTT,8476341,Anton Forsberg,1,37,35
2023021047,2024-03-14,CBJ,8478007,Elvis Merzlikins,1,37,35
2023021048,2024-03-14,ARI,8478971,Connor Ingram,1,29,28
2023021048,2024-03-14,DET,8479312,Alex Lyon,1,26,23
2023021049,2024-03-14,BOS,8476999,Linus Ullmark,1,19,18
2023021049,2024-03-14,MTL,8478470,Samuel Montembeault,1,24,22
2023021050,2024-03-14,PHI,8478433,Felix Sandstrom,0,15,12
2023021050,2024-03-14,TOR,8478492,Ilya Samsonov,1,28,26
2023021050,2024-03-14,PHI,8481035,Samuel Ersson,1,12,9
2023021051,2024-03-14,PIT,8477465,Tristan Jarry,1,32,29
2023021051,2024-03-14,SJS,8480992,Magnus Chrona,1,30,25
2023021052,2024-03-14,TBL,8476883,Andrei Vasilevskiy,1,28,25
2023021052,2024-03-14,NYR,8478048,Igor Shesterkin,1,27,22
2023021053,2024-03-14,NJD,8474596,Jake Allen,1,37,35
2023021053,2024-03-14,DAL,8475809,Scott Wedgewood,0,10,8
2023021053,2024-03-14,DAL,8479979,Jake Oettinger,1,10,6
2023021054,2024-03-14,MIN,8470594,Marc-Andre Fleury,1,16,16
2023021054,2024-03-14,ANA,8480843,Lukas Dostal,1,31,29
2023021055,2024-03-14,VGK,8478499,Adin Hill,1,36,33
2023021055,2024-03-14,CGY,8481692,Dustin Wolf,1,29,28
2023021056,2024-03-14,SEA,8478916,Joey Daccord,1,23,21
2023021056,2024-03-14,WSH,8479292,Charlie Lindgren,1,24,23
2023021057,2024-03-15,WPG,8476316,Laurent Brossoit,1,21,21
2023021057,2024-03-15,ANA,8476434,John Gibson,1,38,32
2023021058,2024-03-15,LAK,8475660,Cam Talbot,1,28,28
2023021058,2024-03-15,CHI,8475852,Petr Mrazek,0,23,22
2023021058,2024-03-15,CHI,8482821,Arvid Soderblom,1,14,10
2023021059,2024-03-16,DET,8473503,James Reimer,1,26,25
2023021059,2024-03-16,BUF,8480045,Ukko-Pekka Luukkonen,1,25,22
2023021060,2024-03-16,NYI,8473575,Semyon Varlamov,1,30,26
2023021060,2024-03-16,OTT,8476914,Joonas Korpisalo,1,33,30
2023021061,2024-03-16,NYR,8471734,Jonathan Quick,1,37,33
2023021061,2024-03-16,PIT,8477465,Tristan Jarry,1,23,17
2023021061,2024-03-16,PIT,8477968,Alex Nedeljkovic,0,4,4
2023021062,2024-03-16,NJD,8478039,Kaapo Kahkonen,1,15,12
2023021062,2024-03-16,ARI,8478872,Karel Vejmelka,1,38,37
2023021062,2024-03-16,NJD,8482076,Nico Daws,0,16,16
2023021063,2024-03-16,FLA,8475683,Sergei Bobrovsky,1,15,11
2023021063,2024-03-16,TBL,8476883,Andrei Vasilevskiy,1,50,47
2023021064,2024-03-16,PHI,8478433,Felix Sandstrom,1,30,24
2023021064,2024-03-16,BOS,8480280,Jeremy Swayman,1,29,24
2023021065,2024-03-16,CBJ,8480193,Daniil Tarasov,1,41,39
2023021065,2024-03-16,SJS,8480992,Magnus Chrona,1,19,16
2023021066,2024-03-16,MTL,8480051,Cayden Primeau,1,28,23
2023021066,2024-03-16,CGY,8481692,Dustin Wolf,1,38,36
2023021067,2024-03-16,TOR,8478492,Ilya Samsonov,1,40,36
2023021067,2024-03-16,CAR,8481611,Pyotr Kochetkov,1,40,36
2023021068,2024-03-16,DAL,8475809,Scott Wedgewood,1,28,27
2023021068,2024-03-16,LAK,8479496,David Rittich,1,29,25
2023021069,2024-03-16,MIN,8470594,Marc-Andre Fleury,1,37,35
2023021069,2024-03-16,STL,8476412,Jordan Binnington,1,24,22
2023021070,2024-03-16,EDM,8479973,Stuart Skinner,1,43,40
2023021070,2024-03-16,COL,8480382,Alexandar Georgiev,1,34,32
2023021071,2024-03-16,SEA,8475831,Philipp Grubauer,1,29,26
2023021071,2024-03-16,NSH,8477424,Juuse Saros,1,24,23
2023021072,2024-03-16,VAN,8479193,Casey DeSmith,1,24,22
2023021072,2024-03-16,WSH,8479292,Charlie Lindgren,1,22,21
2023021073,2024-03-17,NYI,8478009,Ilya Sorokin,1,31,26
2023021073,2024-03-17,NYR,8478048,Igor Shesterkin,1,27,25
2023021074,2024-03-17,NJD,8474596,Jake Allen,1,36,34
2023021074,2024-03-17,VGK,8480313,Logan Thompson,1,21,20
2023021075,2024-03-17,WPG,8476945,Connor Hellebuyck,1,31,30
2023021075,2024-03-17,CBJ,8478007,Elvis Merzlikins,1,27,21
2023021076,2024-03-17,CHI,8475852,Petr Mrazek,1,27,25
2023021076,2024-03-17,SJS,8482445,Devin Cooley,1,30,26
2023021077,2024-03-17,CAR,8475883,Frederik Andersen,1,32,30
2023021077,2024-03-17,OTT,8476341,Anton Forsberg,1,38,31
2023021078,2024-03-17,PIT,8477968,Alex Nedeljkovic,1,28,25
2023021078,2024-03-17,DET,8479312,Alex Lyon,1,37,32
2023021079,2024-03-17,ANA,8480843,Lukas Dostal,1,27,23
2023021079,2024-03-17,STL,8480981,Joel Hofer,1,28,26
2023021080,2024-03-18,WSH,8479292,Charlie Lindgren,1,36,34
2023021080,2024-03-18,CGY,8481692,Dustin Wolf,1,32,28
2023021081,2024-03-18,SEA,8475831,Philipp Grubauer,0,26,23
2023021081,2024-03-18,SEA,8478916,Joey Daccord,1,4,1
2023021081,2024-03-18,BUF,8480045,Ukko-Pekka Luukkonen,1,34,32
2023021082,2024-03-19,OTT,8476914,Joonas Korpisalo,1,26,20
2023021082,2024-03-19,BOS,8476999,Linus Ullmark,1,31,29
2023021083,2024-03-19,DET,8473503,James Reimer,1,35,32
2023021083,2024-03-19,CBJ,8480193,Daniil Tarasov,1,26,22
2023021084,2024-03-19,NJD,8474596,Jake Allen,1,38,36
2023021084,2024-03-19,PIT,8477465,Tristan Jarry,1,38,33
2023021085,2024-03-19,WPG,8476945,Connor Hellebuyck,1,41,39
2023021085,2024-03-19,NYR,8478048,Igor Shesterkin,1,26,23
2023021086,2024-03-19,TOR,8478492,Ilya Samsonov,1,30,26
2023021086,2024-03-19,PHI,8481035,Samuel Ersson,1,30,27
2023021087,2024-03-19,NYI,8478009,Ilya Sorokin,1,33,30
2023021087,2024-03-19,CAR,8481611,Pyotr Kochetkov,1,31,30
2023021088,2024-03-19,NSH,8477424,Juuse Saros,1,20,18
2023021088,2024-03-19,SJS,8480992,Magnus Chrona,1,40,32
2023021089,2024-03-19,STL,8476412,Jordan Binnington,1,35,31
2023021089,2024-03-19,COL,8481020,Justus Annunen,1,33,30
2023021090,2024-03-19,EDM,8475717,Calvin Pickard,1,25,23
2023021090,2024-03-19,MTL,8478470,Samuel Montembeault,1,32,29
2023021091,2024-03-19,ANA,8476434,John Gibson,1,32,28
2023021091,2024-03-19,MIN,8479406,Filip Gustavsson,1,27,27
2023021092,2024-03-19,LAK,8475660,Cam Talbot,1,24,22
2023021092,2024-03-19,CHI,8475852,Petr Mrazek,1,24,18
2023021093,2024-03-19,VAN,8479193,Casey DeSmith,1,17,15
2023021093,2024-03-19,BUF,8482221,Devon Levi,1,33,31
2023021094,2024-03-19,TBL,8476883,Andrei Vasilevskiy,1,27,24
2023021094,2024-03-19,VGK,8478499,Adin Hill,1,20,16
2023021095,2024-03-20,WSH,8479292,Charlie Lindgren,1,29,22
2023021095,2024-03-20,TOR,8479361,Joseph Woll,1,21,18
2023021096,2024-03-20,ARI,8478971,Connor Ingram,1,33,28
2023021096,2024-03-20,DAL,8479979,Jake Oettinger,1,25,23
2023021097,2024-03-20,MIN,8470594,Marc-Andre Fleury,1,16,11
2023021097,2024-03-20,MIN,8479406,Filip Gustavsson,0,11,10
2023021097,2024-03-20,LAK,8479496,David Rittich,1,31,31
2023021098,2024-03-21,NYR,8471734,Jonathan Quick,1,26,24
2023021098,2024-03-21,BOS,8480280,Jeremy Swayman,1,29,26
2023021099,2024-03-21,CAR,8475883,Frederik Andersen,1,32,30
2023021099,2024-03-21,PHI,8481035,Samuel Ersson,1,33,30
2023021100,2024-03-21,DET,8473503,James Reimer,1,36,33
2023021100,2024-03-21,NYI,8478009,Ilya Sorokin,1,23,18
2023021101,2024-03-21,FLA,8475683,Sergei Bobrovsky,1,37,34
2023021101,2024-03-21,NSH,8480947,Kevin Lankinen,1,33,33
2023021102,2024-03-21,NJD,8474596,Jake Allen,1,19,18
2023021102,2024-03-21,WPG,8476316,Laurent Brossoit,1,40,37
2023021103,2024-03-21,OTT,8476341,Anton Forsberg,1,26,22
2023021103,2024-03-21,STL,8480981,Joel Hofer,1,39,37
2023021104,2024-03-21,EDM,8479973,Stuart Skinner,1,29,26
2023021104,2024-03-21,BUF,8480045,Ukko-Pekka Luukkonen,1,39,31
2023021105,2024-03-21,ANA,8480843,Lukas Dostal,1,29,29
2023021105,2024-03-21,CHI,8482821,Arvid Soderblom,1,25,21
2023021106,2024-03-21,MTL,8478470,Samuel Montembeault,1,25,21
2023021106,2024-03-21,VAN,8479193,Casey DeSmith,1,17,16
2023021107,2024-03-21,SEA,8475831,Philipp Grubauer,1,36,34
2023021107,2024-03-21,VGK,8480313,Logan Thompson,1,22,21
2023021108,2024-03-21,TBL,8476883,Andrei Vasilevskiy,1,22,21
2023021108,2024-03-21,SJS,8478406,Mackenzie Blackwood,1,21,17
2023021109,2024-03-22,WSH,8475311,Darcy Kuemper,1,22,18
2023021109,2024-03-22,WSH,8479292,Charlie Lindgren,0,9,7
2023021109,2024-03-22,CAR,8481611,Pyotr Kochetkov,1,25,19
2023021110,2024-03-22,PIT,8477465,Tristan Jarry,1,20,16
2023021110,2024-03-22,PIT,8477968,Alex Nedeljkovic,0,3,3
2023021110,2024-03-22,DAL,8479979,Jake Oettinger,1,22,20
2023021111,2024-03-22,CBJ,8478007,Elvis Merzlikins,1,50,44
2023021111,2024-03-22,COL,8480382,Alexandar Georgiev,1,24,23
2023021112,2024-03-22,ARI,8478872,Karel Vejmelka,1,28,27
2023021112,2024-03-22,SEA,8478916,Joey Daccord,1,26,24
2023021113,2024-03-23,NYI,8473575,Semyon Varlamov,1,35,32
2023021113,2024-03-23,WPG,8476316,Laurent Brossoit,0,13,12
2023021113,2024-03-23,WPG,8476945,Connor Hellebuyck,1,26,21
2023021114,2024-03-23,BOS,8476999,Linus Ullmark,1,29,26
2023021114,2024-03-23,PHI,8481035,Samuel Ersson,1,20,18
2023021115,2024-03-23,MIN,8470594,Marc-Andre Fleury,1,27,22
2023021115,2024-03-23,STL,8476412,Jordan Binnington,1,34,30
2023021116,2024-03-23,NSH,8477424,Juuse Saros,1,22,22
2023021116,2024-03-23,DET,8479312,Alex Lyon,1,32,31
2023021117,2024-03-23,NJD,8474596,Jake Allen,1,25,20
2023021117,2024-03-23,OTT,8476914,Joonas Korpisalo,1,20,18
2023021118,2024-03-23,TOR,8474889,Martin Jones,0,5,5
2023021118,2024-03-23,EDM,8475717,Calvin Pickard,0,5,5
2023021118,2024-03-23,TOR,8478492,Ilya Samsonov,1,34,31
2023021118,2024-03-23,EDM,8479973,Stuart Skinner,1,23,18
2023021119,2024-03-23,FLA,8475683,Sergei Bobrovsky,1,37,34
2023021119,2024-03-23,NYR,8478048,Igor Shesterkin,1,30,27
2023021120,2024-03-23,CGY,8474593,Jacob Markstrom,1,25,22
2023021120,2024-03-23,VAN,8479193,Casey DeSmith,1,24,22
2023021121,2024-03-23,LAK,8475660,Cam Talbot,1,24,22
2023021121,2024-03-23,TBL,8476883,Andrei Vasilevskiy,1,23,19
2023021122,2024-03-23,CHI,8475852,Petr Mrazek,1,30,26
2023021122,2024-03-23,SJS,8482445,Devin Cooley,1,31,26
2023021123,2024-03-23,VGK,8478499,Adin Hill,1,13,12
2023021123,2024-03-23,CBJ,8480193,Daniil Tarasov,1,47,43
2023021123,2024-03-23,VGK,8480313,Logan Thompson,0,9,8
2023021124,2024-03-24,WPG,8476945,Connor Hellebuyck,1,19,16
2023021124,2024-03-24,WSH,8479292,Charlie Lindgren,1,27,27
2023021125,2024-03-24,PIT,8477465,Tristan Jarry,0,5,4
2023021125,2024-03-24,PIT,8477968,Alex Nedeljkovic,1,25,21
2023021125,2024-03-24,COL,8480382,Alexandar Georgiev,1,34,30
2023021126,2024-03-24,NYI,8478009,Ilya Sorokin,1,29,26
2023021126,2024-03-24,NJD,8478039,Kaapo Kahkonen,1,36,36
2023021127,2024-03-24,CAR,8475883,Frederik Andersen,1,33,32
2023021127,2024-03-24,TOR,8479361,Joseph Woll,1,43,41
2023021128,2024-03-24,EDM,8475717,Calvin Pickard,1,15,11
2023021128,2024-03-24,OTT,8476914,Joonas Korpisalo,1,36,33
2023021129,2024-03-24,FLA,8476932,Anthony Stolarz,1,33,32
2023021129,2024-03-24,PHI,8478433,Felix Sandstrom,1,14,11
2023021130,2024-03-24,ARI,8478971,Connor Ingram,1,34,31
2023021130,2024-03-24,DAL,8479979,Jake Oettinger,1,28,26
2023021131,2024-03-24,TBL,8477992,Jonas Johansson,1,32,30
2023021131,2024-03-24,ANA,8480843,Lukas Dostal,1,27,24
2023021132,2024-03-24,BUF,8480045,Ukko-Pekka Luukkonen,1,33,32
2023021132,2024-03-24,CGY,8481692,Dustin Wolf,1,27,25
2023021133,2024-03-24,SEA,8475831,Philipp Grubauer,1,6,2
2023021133,2024-03-24,SEA,8478916,Joey Daccord,0,11,10
2023021133,2024-03-24,MTL,8480051,Cayden Primeau,1,37,36
2023021134,2024-03-25,STL,8476412,Jordan Binnington,1,34,32
2023021134,2024-03-25,VGK,8480313,Logan Thompson,1,32,31
2023021135,2024-03-25,LAK,8475660,Cam Talbot,1,23,21
2023021135,2024-03-25,VAN,8479193,Casey DeSmith,1,19,16
2023021136,2024-03-26,FLA,8475683,Sergei Bobrovsky,1,21,17
2023021136,2024-03-26,BOS,8480280,Jeremy Swayman,1,21,18
2023021137,2024-03-26,NYR,8478048,Igor Shesterkin,1,42,37
2023021137,2024-03-26,PHI,8481035,Samuel Ersson,1,27,21
2023021138,2024-03-26,PIT,8477968,Alex Nedeljkovic,1,39,38
2023021138,2024-03-26,CAR,8481611,Pyotr Kochetkov,1,20,18
2023021139,2024-03-26,NJD,8474596,Jake Allen,1,45,42
2023021139,2024-03-26,TOR,8479361,Joseph Woll,1,24,19
2023021140,2024-03-26,WSH,8479292,Charlie Lindgren,1,33,30
2023021140,2024-03-26,DET,8479312,Alex Lyon,1,30,26
2023021141,2024-03-26,NSH,8477424,Juuse Saros,1,35,31
2023021141,2024-03-26,VGK,8480238,Jiri Patera,1,35,30
2023021142,2024-03-26,WPG,8476945,Connor Hellebuyck,1,42,38
2023021142,2024-03-26,EDM,8479973,Stuart Skinner,1,25,22
2023021143,2024-03-26,CGY,8474593,Jacob Markstrom,1,27,24
2023021143,2024-03-26,CHI,8475852,Petr Mrazek,1,39,38
2023021144,2024-03-26,MTL,8478470,Samuel Montembeault,1,28,27
2023021144,2024-03-26,COL,8481020,Justus Annunen,1,27,25
2023021145,2024-03-26,CBJ,8478007,Elvis Merzlikins,1,35,29
2023021145,2024-03-26,ARI,8478872,Karel Vejmelka,1,27,25
2023021146,2024-03-26,ANA,8476434,John Gibson,1,36,32
2023021146,2024-03-26,SEA,8478916,Joey Daccord,1,12,12
2023021147,2024-03-26,DAL,8475809,Scott Wedgewood,1,20,17
2023021147,2024-03-26,SJS,8478406,Mackenzie Blackwood,1,41,35
2023021148,2024-03-27,OTT,8476914,Joonas Korpisalo,1,36,34
2023021148,2024-03-27,BUF,8480045,Ukko-Pekka Luukkonen,1,9,5
2023021148,2024-03-27,BUF,8482221,Devon Levi,0,32,31
2023021149,2024-03-27,TBL,8476883,Andrei Vasilevskiy,1,24,23
2023021149,2024-03-27,BOS,8476999,Linus Ullmark,1,30,28
2023021150,2024-03-28,DET,8473503,James Reimer,1,33,29
2023021150,2024-03-28,CAR,8475883,Frederik Andersen,1,24,24
2023021151,2024-03-28,NYI,8473575,Semyon Varlamov,1,28,26
2023021151,2024-03-28,FLA,8476932,Anthony Stolarz,1,24,21
2023021152,2024-03-28,MTL,8480051,Cayden Primeau,1,30,29
2023021152,2024-03-28,PHI,8481035,Samuel Ersson,1,15,13
2023021153,2024-03-28,CHI,8475852,Petr Mrazek,1,34,32
2023021153,2024-03-28,OTT,8476341,Anton Forsberg,1,19,19
2023021154,2024-03-28,PIT,8477968,Alex Nedeljkovic,1,19,17
2023021154,2024-03-28,CBJ,8480193,Daniil Tarasov,1,36,33
2023021155,2024-03-28,WSH,8479292,Charlie Lindgren,1,48,43
2023021155,2024-03-28,TOR,8479361,Joseph Woll,1,24,23
2023021156,2024-03-28,SJS,8478406,Mackenzie Blackwood,1,31,29
2023021156,2024-03-28,MIN,8479406,Filip Gustavsson,1,27,26
2023021157,2024-03-28,STL,8476412,Jordan Binnington,1,28,25
2023021157,2024-03-28,CGY,8481692,Dustin Wolf,1,18,14
2023021158,2024-03-28,WPG,8476945,Connor Hellebuyck,1,25,23
2023021158,2024-03-28,VGK,8480313,Logan Thompson,1,40,39
2023021159,2024-03-28,NYR,8478048,Igor Shesterkin,1,40,39
2023021159,2024-03-28,COL,8480382,Alexandar Georgiev,1,25,23
2023021160,2024-03-28,LAK,8475660,Cam Talbot,1,19,16
2023021160,2024-03-28,EDM,8479973,Stuart Skinner,1,32,31
2023021161,2024-03-28,NSH,8477424,Juuse Saros,1,27,21
2023021161,2024-03-28,ARI,8478971,Connor Ingram,1,37,33
2023021161,2024-03-28,NSH,8480947,Kevin Lankinen,0,11,11
2023021162,2024-03-28,SEA,8475831,Philipp Grubauer,1,23,21
2023021162,2024-03-28,ANA,8480843,Lukas Dostal,1,28,24
2023021163,2024-03-28,VAN,8479193,Casey DeSmith,1,33,31
2023021163,2024-03-28,DAL,8479979,Jake Oettinger,1,28,27
2023021164,2024-03-29,NJD,8474596,Jake Allen,1,34,31
2023021164,2024-03-29,BUF,8482221,Devon Levi,1,30,28
2023021165,2024-03-30,FLA,8475683,Sergei Bobrovsky,1,22,20
2023021165,2024-03-30,DET,8479312,Alex Lyon,1,38,36
2023021166,2024-03-30,MIN,8479406,Filip Gustavsson,1,30,29
2023021166,2024-03-30,VGK,8480313,Logan Thompson,1,33,32
2023021167,2024-03-30,EDM,8475717,Calvin Pickard,1,22,21
2023021167,2024-03-30,ANA,8476434,John Gibson,1,37,31
2023021168,2024-03-30,NYR,8471734,Jonathan Quick,1,32,27
2023021168,2024-03-30,ARI,8478872,Karel Vejmelka,1,30,24
2023021169,2024-03-30,COL,8480382,Alexandar Georgiev,1,13,9
2023021169,2024-03-30,NSH,8480947,Kevin Lankinen,1,41,35
2023021169,2024-03-30,COL,8481020,Justus Annunen,0,22,22
2023021170,2024-03-30,TOR,8478492,Ilya Samsonov,1,34,34
2023021170,2024-03-30,BUF,8480045,Ukko-Pekka Luukkonen,1,22,19
2023021171,2024-03-30,PIT,8477968,Alex Nedeljkovic,1,37,34
2023021171,2024-03-30,CBJ,8478007,Elvis Merzlikins,1,33,30
2023021172,2024-03-30,MTL,8478470,Samuel Montembeault,1,29,27
2023021172,2024-03-30,CAR,8481611,Pyotr Kochetkov,1,26,26
2023021173,2024-03-30,PHI,8481035,Samuel Ersson,1,24,19
2023021173,2024-03-30,CHI,8482821,Arvid Soderblom,1,31,30
2023021174,2024-03-30,NYI,8473575,Semyon Varlamov,1,39,36
2023021174,2024-03-30,TBL,8476883,Andrei Vasilevskiy,1,28,27
2023021175,2024-03-30,OTT,8476914,Joonas Korpisalo,1,30,28
2023021175,2024-03-30,WPG,8476945,Connor Hellebuyck,1,27,24
2023021176,2024-03-30,WSH,8479292,Charlie Lindgren,1,29,27
2023021176,2024-03-30,BOS,8480280,Jeremy Swayman,1,20,18
2023021177,2024-03-30,SJS,8478406,Mackenzie Blackwood,1,35,35
2023021177,2024-03-30,STL,8480981,Joel Hofer,1,19,16
2023021178,2024-03-30,CGY,8474593,Jacob Markstrom,1,18,16
2023021178,2024-03-30,LAK,8479496,David Rittich,1,35,31
2023021179,2024-03-30,SEA,8478916,Joey Daccord,1,29,27
2023021179,2024-03-30,DAL,8479979,Jake Oettinger,1,17,17
2023021180,2024-03-31,ANA,8480843,Lukas Dostal,1,30,27
2023021180,2024-03-31,VAN,8481668,Arturs Silovs,1,22,20
2023021181,2024-04-01,CBJ,8480193,Daniil Tarasov,1,46,45
2023021181,2024-04-01,COL,8481020,Justus Annunen,1,24,21
2023021182,2024-04-01,PIT,8477968,Alex Nedeljkovic,1,30,28
2023021182,2024-04-01,NYR,8478048,Igor Shesterkin,1,18,15
2023021183,2024-04-01,NYI,8473575,Semyon Varlamov,1,34,31
2023021183,2024-04-01,PHI,8478905,Ivan Fedotov,0,21,19
2023021183,2024-04-01,PHI,8481035,Samuel Ersson,1,6,4
2023021184,2024-04-01,TBL,8476883,Andrei Vasilevskiy,1,31,28
2023021184,2024-04-01,DET,8479312,Alex Lyon,1,36,34
2023021185,2024-04-01,FLA,8475683,Sergei Bobrovsky,1,16,11
2023021185,2024-04-01,FLA,8476932,Anthony Stolarz,0,6,6
2023021185,2024-04-01,TOR,8478492,Ilya Samsonov,1,30,26
2023021186,2024-04-01,STL,8476412,Jordan Binnington,1,38,36
2023021186,2024-04-01,EDM,8479973,Stuart Skinner,1,29,26
2023021187,2024-04-01,LAK,8475660,Cam Talbot,1,32,28
2023021187,2024-04-01,WPG,8476316,Laurent Brossoit,1,28,25
2023021188,2024-04-01,SEA,8475831,Philipp Grubauer,1,26,24
2023021188,2024-04-01,SJS,8478406,Mackenzie Blackwood,1,31,28
2023021189,2024-04-02,WSH,8475311,Darcy Kuemper,0,4,4
2023021189,2024-04-02,WSH,8479292,Charlie Lindgren,1,31,25
2023021189,2024-04-02,BUF,8480045,Ukko-Pekka Luukkonen,1,26,24
2023021190,2024-04-02,FLA,8476932,Anthony Stolarz,1,38,33
2023021190,2024-04-02,MTL,8478470,Samuel Montembeault,1,40,37
2023021191,2024-04-02,NJD,8474596,Jake Allen,1,20,15
2023021191,2024-04-02,PIT,8477968,Alex Nedeljkovic,1,26,23
2023021192,2024-04-02,CHI,8475852,Petr Mrazek,1,29,27
2023021192,2024-04-02,NYI,8478009,Ilya Sorokin,1,19,18
2023021193,2024-04-02,MIN,8470594,Marc-Andre Fleury,1,32,30
2023021193,2024-04-02,OTT,8476914,Joonas Korpisalo,1,19,16
2023021194,2024-04-02,BOS,8476999,Linus Ullmark,1,31,31
2023021194,2024-04-02,NSH,8477424,Juuse Saros,1,31,29
2023021195,2024-04-02,CGY,8474593,Jacob Markstrom,1,29,24
2023021195,2024-04-02,ANA,8480843,Lukas Dostal,1,24,21
2023021196,2024-04-02,VAN,8479193,Casey DeSmith,1,30,24
2023021196,2024-04-02,VGK,8480313,Logan Thompson,1,30,27
2023021197,2024-04-03,TBL,8476883,Andrei Vasilevskiy,1,29,28
2023021197,2024-04-03,TOR,8479361,Joseph Woll,1,25,21
2023021198,2024-04-03,NJD,8478039,Kaapo Kahkonen,1,41,37
2023021198,2024-04-03,NYR,8478048,Igor Shesterkin,1,20,17
2023021199,2024-04-03,EDM,8475717,Calvin Pickard,1,32,27
2023021199,2024-04-03,DAL,8479979,Jake Oettinger,1,35,35
2023021200,2024-04-03,ARI,8478971,Connor Ingram,1,33,31
2023021200,2024-04-03,VAN,8481668,Arturs Silovs,1,21,20
2023021201,2024-04-03,LAK,8475660,Cam Talbot,1,23,21
2023021201,2024-04-03,SEA,8475831,Philipp Grubauer,1,27,22
2023021202,2024-04-04,CAR,8475883,Frederik Andersen,1,27,24
2023021202,2024-04-04,BOS,8480280,Jeremy Swayman,1,29,28
2023021203,2024-04-04,NYI,8478009,Ilya Sorokin,1,27,25
2023021203,2024-04-04,CBJ,8480193,Daniil Tarasov,1,15,13
2023021203,2024-04-04,CBJ,8482982,Jet Greaves,0,25,24
2023021204,2024-04-04,TBL,8477035,Matt Tomkins,1,30,26
2023021204,2024-04-04,MTL,8480051,Cayden Primeau,1,34,28
2023021205,2024-04-04,FLA,8475683,Sergei Bobrovsky,1,30,30
2023021205,2024-04-04,OTT,8476341,Anton Forsberg,0,14,12
2023021205,2024-04-04,OTT,8476914,Joonas Korpisalo,1,17,13
2023021206,2024-04-04,PIT,8477968,Alex Nedeljkovic,1,31,30
2023021206,2024-04-04,WSH,8479292,Charlie Lindgren,1,23,20
2023021207,2024-04-04,MIN,8479406,Filip Gustavsson,1,35,31
2023021207,2024-04-04,COL,8481020,Justus Annunen,1,46,44
2023021208,2024-04-04,STL,8476412,Jordan Binnington,1,29,25
2023021208,2024-04-04,NSH,8477424,Juuse Saros,1,47,44
2023021209,2024-04-04,WPG,8476945,Connor Hellebuyck,1,33,31
2023021209,2024-04-04,CGY,8481692,Dustin Wolf,1,44,40
2023021210,2024-04-04,SJS,8478406,Mackenzie Blackwood,1,27,25
2023021210,2024-04-04,LAK,8479496,David Rittich,1,16,15
2023021211,2024-04-05,PHI,8478905,Ivan Fedotov,1,19,15
2023021211,2024-04-05,BUF,8480045,Ukko-Pekka Luukkonen,1,34,32
2023021212,2024-04-05,WSH,8475311,Darcy Kuemper,1,44,41
2023021212,2024-04-05,CAR,8481611,Pyotr Kochetkov,1,16,14
2023021213,2024-04-05,NYR,8471734,Jonathan Quick,1,34,31
2023021213,2024-04-05,DET,8479312,Alex Lyon,1,38,34
2023021214,2024-04-05,EDM,8479973,Stuart Skinner,1,24,22
2023021214,2024-04-05,COL,8480382,Alexandar Georgiev,1,47,41
2023021215,2024-04-05,SEA,8475831,Philipp Grubauer,1,17,16
2023021215,2024-04-05,ANA,8480843,Lukas Dostal,1,27,24
2023021216,2024-04-05,ARI,8478872,Karel Vejmelka,1,24,20
2023021216,2024-04-05,VGK,8480313,Logan Thompson,1,31,25
2023021217,2024-04-06,TBL,8476883,Andrei Vasilevskiy,1,28,23
2023021217,2024-04-06,PIT,8477968,Alex Nedeljkovic,1,34,30
2023021218,2024-04-06,FLA,8475683,Sergei Bobrovsky,1,29,26
2023021218,2024-04-06,BOS,8476999,Linus Ullmark,1,30,28
2023021219,2024-04-06,MIN,8470594,Marc-Andre Fleury,1,25,21
2023021219,2024-04-06,WPG,8476945,Connor Hellebuyck,1,27,25
2023021220,2024-04-06,DAL,8475809,Scott Wedgewood,1,17,14
2023021220,2024-04-06,CHI,8475852,Petr Mrazek,1,44,42
2023021221,2024-04-06,STL,8480981,Joel Hofer,1,25,22
2023021221,2024-04-06,SJS,8482445,Devin Cooley,1,36,34
2023021222,2024-04-06,PHI,8481035,Samuel Ersson,1,33,27
2023021222,2024-04-06,CBJ,8482982,Jet Greaves,1,39,37
2023021223,2024-04-06,MTL,8478470,Samuel Montembeault,1,12,8
2023021223,2024-04-06,TOR,8478492,Ilya Samsonov,1,26,24
2023021223,2024-04-06,MTL,8480051,Cayden Primeau,0,18,18
2023021224,2024-04-06,NJD,8474596,Jake Allen,1,28,25
2023021224,2024-04-06,OTT,8476341,Anton Forsberg,1,9,6
2023021224,2024-04-06,OTT,8476914,Joonas Korpisalo,0,18,17
2023021225,2024-04-06,NYI,8473575,Semyon Varlamov,1,42,42
2023021225,2024-04-06,NSH,8480947,Kevin Lankinen,1,29,28
2023021226,2024-04-06,CGY,8474593,Jacob Markstrom,1,26,23
2023021226,2024-04-06,EDM,8475717,Calvin Pickard,1,35,33
2023021227,2024-04-06,LAK,8475660,Cam Talbot,1,42,39
2023021227,2024-04-06,VAN,8479193,Casey DeSmith,1,29,23
2023021228,2024-04-07,DET,8479312,Alex Lyon,1,38,37
2023021228,2024-04-07,BUF,8480045,Ukko-Pekka Luukkonen,1,24,21
2023021229,2024-04-07,MIN,8482661,Jesper Wallstedt,1,24,24
2023021229,2024-04-07,CHI,8482821,Arvid Soderblom,1,37,33
2023021230,2024-04-07,CAR,8475883,Frederik Andersen,1,23,23
2023021230,2024-04-07,CBJ,8476876,Malcolm Subban,1,35,32
2023021231,2024-04-07,SJS,8478406,Mackenzie Blackwood,1,27,23
2023021231,2024-04-07,ARI,8478971,Connor Ingram,1,27,25
2023021232,2024-04-07,OTT,8476914,Joonas Korpisalo,1,22,20
2023021232,2024-04-07,WSH,8479292,Charlie Lindgren,1,21,18
2023021233,2024-04-07,NJD,8474596,Jake Allen,0,30,29
2023021233,2024-04-07,NSH,8477424,Juuse Saros,1,25,23
2023021233,2024-04-07,NJD,8478039,Kaapo Kahkonen,1,5,4
2023021234,2024-04-07,NYR,8478048,Igor Shesterkin,1,28,26
2023021234,2024-04-07,MTL,8480051,Cayden Primeau,1,45,41
2023021235,2024-04-07,STL,8476412,Jordan Binnington,1,38,33
2023021235,2024-04-07,ANA,8480843,Lukas Dostal,1,31,26
2023021236,2024-04-07,DAL,8479979,Jake Oettinger,1,38,34
2023021236,2024-04-07,COL,8480382,Alexandar Georgiev,1,36,30
2023021237,2024-04-08,PIT,8477968,Alex Nedeljkovic,1,23,20
2023021237,2024-04-08,TOR,8478492,Ilya Samsonov,1,33,31
2023021238,2024-04-08,VGK,8480313,Logan Thompson,1,30,26
2023021238,2024-04-08,VAN,8481668,Arturs Silovs,1,23,20
2023021239,2024-04-09,BOS,8480280,Jeremy Swayman,1,26,22
2023021239,2024-04-09,CAR,8481611,Pyotr Kochetkov,1,23,22
2023021240,2024-04-09,WSH,8479292,Charlie Lindgren,1,43,42
2023021240,2024-04-09,DET,8479312,Alex Lyon,1,23,21
2023021241,2024-04-09,OTT,8476914,Joonas Korpisalo,1,30,28
2023021241,2024-04-09,FLA,8476932,Anthony Stolarz,1,26,26
2023021242,2024-04-09,MTL,8478470,Samuel Montembeault,1,36,33
2023021242,2024-04-09,PHI,8478905,Ivan Fedotov,0,13,9
2023021242,2024-04-09,PHI,8481035,Samuel Ersson,1,17,12
2023021243,2024-04-09,NJD,8474596,Jake Allen,1,38,34
2023021243,2024-04-09,TOR,8479361,Joseph Woll,1,20,18
2023021244,2024-04-09,NYI,8473575,Semyon Varlamov,1,33,31
2023021244,2024-04-09,NYR,8478048,Igor Shesterkin,1,27,24
2023021245,2024-04-09,TBL,8476883,Andrei Vasilevskiy,1,32,30
2023021245,2024-04-09,CBJ,8482982,Jet Greaves,1,32,28
2023021246,2024-04-09,DAL,8479979,Jake Oettinger,1,21,19
2023021246,2024-04-09,BUF,8480045,Ukko-Pekka Luukkonen,1,24,21
2023021247,2024-04-09,WPG,8476945,Connor Hellebuyck,1,48,45
2023021247,2024-04-09,NSH,8477424,Juuse Saros,1,22,18
2023021248,2024-04-09,MIN,8479406,Filip Gustavsson,1,32,27
2023021248,2024-04-09,COL,8480382,Alexandar Georgiev,1,22,20
2023021249,2024-04-09,LAK,8475660,Cam Talbot,1,27,24
2023021249,2024-04-09,ANA,8480843,Lukas Dostal,1,37,36
2023021250,2024-04-09,SEA,8475831,Philipp Grubauer,1,39,39
2023021250,2024-04-09,ARI,8478872,Karel Vejmelka,1,25,20
2023021251,2024-04-09,SJS,8478406,Mackenzie Blackwood,1,41,38
2023021251,2024-04-09,CGY,8481692,Dustin Wolf,1,22,20
2023021252,2024-04-10,CHI,8475852,Petr Mrazek,1,3,0
2023021252,2024-04-10,STL,8480981,Joel Hofer,1,20,18
2023021252,2024-04-10,CHI,8482821,Arvid Soderblom,0,23,21
2023021253,2024-04-10,VGK,8478499,Adin Hill,1,25,20
2023021253,2024-04-10,EDM,8479973,Stuart Skinner,1,18,17
2023021254,2024-04-10,ARI,8478971,Connor Ingram,1,26,23
2023021254,2024-04-10,VAN,8481668,Arturs Silovs,1,18,14
2023021255,2024-04-11,WSH,8479292,Charlie Lindgren,1,16,13
2023021255,2024-04-11,BUF,8480045,Ukko-Pekka Luukkonen,1,24,22
2023021256,2024-04-11,FLA,8475683,Sergei Bobrovsky,1,25,25
2023021256,2024-04-11,CBJ,8482982,Jet Greaves,1,46,42
2023021257,2024-04-11,NYR,8471734,Jonathan Quick,1,26,22
2023021257,2024-04-11,PHI,8481035,Samuel Ersson,1,25,24
2023021258,2024-04-11,PIT,8477968,Alex Nedeljkovic,1,30,25
2023021258,2024-04-11,DET,8479312,Alex Lyon,1,27,21
2023021259,2024-04-11,OTT,8476341,Anton Forsberg,1,26,24
2023021259,2024-04-11,TBL,8477035,Matt Tomkins,1,27,25
2023021260,2024-04-11,NJD,8474596,Jake Allen,1,32,27
2023021260,2024-04-11,TOR,8478492,Ilya Samsonov,1,20,14
2023021261,2024-04-11,NYI,8473575,Semyon Varlamov,1,14,12
2023021261,2024-04-11,MTL,8478470,Samuel Montembeault,1,31,28
2023021262,2024-04-11,WPG,8476316,Laurent Brossoit,1,24,24
2023021262,2024-04-11,DAL,8479979,Jake Oettinger,1,23,21
2023021263,2024-04-11,SEA,8478916,Joey Daccord,1,23,20
2023021263,2024-04-11,SJS,8482445,Devin Cooley,1,50,49
2023021264,2024-04-11,CGY,8474593,Jacob Markstrom,1,29,26
2023021264,2024-04-11,LAK,8475660,Cam Talbot,1,23,22
2023021265,2024-04-12,CAR,8475883,Frederik Andersen,1,31,29
2023021265,2024-04-12,STL,8476412,Jordan Binnington,1,40,37
2023021266,2024-04-12,NSH,8480947,Kevin Lankinen,1,26,25
2023021266,2024-04-12,CHI,8482821,Arvid Soderblom,1,40,35
2023021267,2024-04-12,EDM,8475717,Calvin Pickard,1,28,25
2023021267,2024-04-12,ARI,8478872,Karel Vejmelka,1,41,39
2023021268,2024-04-12,ANA,8476434,John Gibson,1,27,21
2023021268,2024-04-12,CGY,8481692,Dustin Wolf,1,22,19
2023021269,2024-04-12,MIN,8470594,Marc-Andre Fleury,1,30,23
2023021269,2024-04-12,VGK,8480313,Logan Thompson,1,27,25
2023021270,2024-04-13,NYI,8478009,Ilya Sorokin,1,43,41
2023021270,2024-04-13,NYR,8478048,Igor Shesterkin,1,36,34
2023021271,2024-04-13,SEA,8475831,Philipp Grubauer,1,30,27
2023021271,2024-04-13,DAL,8479979,Jake Oettinger,1,27,26
2023021272,2024-04-13,WPG,8476945,Connor Hellebuyck,1,30,30
2023021272,2024-04-13,COL,8480382,Alexandar Georgiev,1,15,11
2023021272,2024-04-13,COL,8481020,Justus Annunen,0,11,8
2023021273,2024-04-13,FLA,8475683,Sergei Bobrovsky,1,29,27
2023021273,2024-04-13,BUF,8480045,Ukko-Pekka Luukkonen,1,42,39
2023021274,2024-04-13,NJD,8478039,Kaapo Kahkonen,1,21,20
2023021274,2024-04-13,PHI,8481035,Samuel Ersson,1,20,20
2023021275,2024-04-13,TBL,8476883,Andrei Vasilevskiy,1,34,30
2023021275,2024-04-13,WSH,8479292,Charlie Lindgren,1,34,32
2023021276,2024-04-13,OTT,8476914,Joonas Korpisalo,1,25,21
2023021276,2024-04-13,MTL,8480051,Cayden Primeau,1,44,40
2023021277,2024-04-13,DET,8473503,James Reimer,1,36,32
2023021277,2024-04-13,TOR,8478492,Ilya Samsonov,1,32,27
2023021278,2024-04-13,NSH,8477424,Juuse Saros,1,35,31
2023021278,2024-04-13,NSH,8480947,Kevin Lankinen,0,2,2
2023021278,2024-04-13,CBJ,8482982,Jet Greaves,1,37,31
2023021279,2024-04-13,BOS,8476999,Linus Ullmark,1,32,28
2023021279,2024-04-13,PIT,8477465,Tristan Jarry,0,14,12
2023021279,2024-04-13,PIT,8477968,Alex Nedeljkovic,1,16,13
2023021280,2024-04-13,VAN,8479193,Casey DeSmith,1,33,32
2023021280,2024-04-13,EDM,8479973,Stuart Skinner,1,26,24
2023021281,2024-04-13,LAK,8479496,David Rittich,1,29,28
2023021281,2024-04-13,ANA,8480843,Lukas Dostal,1,28,25
2023021282,2024-04-13,SJS,8478406,Mackenzie Blackwood,1,38,32
2023021282,2024-04-13,MIN,8482661,Jesper Wallstedt,1,29,27
2023021283,2024-04-14,SEA,8478916,Joey Daccord,1,27,24
2023021283,2024-04-14,STL,8480981,Joel Hofer,1,20,19
2023021284,2024-04-14,VGK,8478499,Adin Hill,1,24,21
2023021284,2024-04-14,COL,8480382,Alexandar Georgiev,1,30,26
2023021285,2024-04-14,CHI,8475852,Petr Mrazek,1,33,31
2023021285,2024-04-14,CAR,8481611,Pyotr Kochetkov,1,16,14
2023021286,2024-04-14,ARI,8478872,Karel Vejmelka,0,0,0
2023021286,2024-04-14,ARI,8478971,Connor Ingram,1,31,25
2023021286,2024-04-14,CGY,8481692,Dustin Wolf,1,35,30
2023021287,2024-04-15,MTL,8478470,Samuel Montembeault,1,35,30
2023021287,2024-04-15,DET,8479312,Alex Lyon,1,21,17
2023021288,2024-04-15,NYI,8473575,Semyon Varlamov,1,24,23
2023021288,2024-04-15,NJD,8474596,Jake Allen,1,19,15
2023021289,2024-04-15,NSH,8477424,Juuse Saros,1,38,34
2023021289,2024-04-15,PIT,8477968,Alex Nedeljkovic,1,30,28
2023021290,2024-04-15,TBL,8476883,Andrei Vasilevskiy,1,34,30
2023021290,2024-04-15,BUF,8477480,Eric Comrie,1,33,31
2023021291,2024-04-15,WSH,8479292,Charlie Lindgren,1,16,16
2023021291,2024-04-15,BOS,8480280,Jeremy Swayman,1,24,23
2023021292,2024-04-15,OTT,8476914,Joonas Korpisalo,1,34,30
2023021292,2024-04-15,NYR,8478048,Igor Shesterkin,1,25,25
2023021293,2024-04-15,EDM,8479973,Stuart Skinner,1,21,19
2023021293,2024-04-15,SJS,8482445,Devin Cooley,1,22,14
2023021293,2024-04-15,SJS,8484312,Georgii Romanov,0,16,15
2023021294,2024-04-15,LAK,8475660,Cam Talbot,1,28,25
2023021294,2024-04-15,MIN,8479406,Filip Gustavsson,1,24,23
2023021295,2024-04-16,OTT,8476341,Anton Forsberg,1,35,34
2023021295,2024-04-16,BOS,8476999,Linus Ullmark,1,19,17
2023021296,2024-04-16,CAR,8477484,Spencer Martin,1,25,19
2023021296,2024-04-16,CBJ,8482982,Jet Greaves,1,41,38
2023021297,2024-04-16,FLA,8476932,Anthony Stolarz,1,26,24
2023021297,2024-04-16,TOR,8479361,Joseph Woll,1,41,37
2023021298,2024-04-16,DET,8473503,James Reimer,1,33,29
2023021298,2024-04-16,MTL,8480051,Cayden Primeau,1,40,36
2023021299,2024-04-16,WSH,8479292,Charlie Lindgren,1,28,27
2023021299,2024-04-16,PHI,8481035,Samuel Ersson,1,17,16
2023021300,2024-04-16,SEA,8475831,Philipp Grubauer,1,24,20
2023021300,2024-04-16,WPG,8476945,Connor Hellebuyck,1,23,20
2023021301,2024-04-16,CHI,8475852,Petr Mrazek,1,36,34
2023021301,2024-04-16,VGK,8480313,Logan Thompson,1,23,22
2023021302,2024-04-16,CGY,8474593,Jacob Markstrom,1,31,27
2023021302,2024-04-16,VAN,8477967,Thatcher Demko,1,40,39
2023021303,2024-04-17,PIT,8477968,Alex Nedeljkovic,1,32,27
2023021303,2024-04-17,NYI,8478009,Ilya Sorokin,1,44,40
2023021304,2024-04-17,TOR,8474889,Martin Jones,1,32,26
2023021304,2024-04-17,TBL,8477035,Matt Tomkins,1,38,34
2023021305,2024-04-17,STL,8476412,Jordan Binnington,1,37,36
2023021305,2024-04-17,DAL,8479979,Jake Oettinger,1,26,25
2023021306,2024-04-17,EDM,8475717,Calvin Pickard,1,23,19
2023021306,2024-04-17,ARI,8478971,Connor Ingram,1,30,28
2023021307,2024-04-18,MIN,8470594,Marc-Andre Fleury,1,26,23
2023021307,2024-04-18,SEA,8478916,Joey Daccord,1,24,21
2023021308,2024-04-18,WPG,8476316,Laurent Brossoit,1,20,18
2023021308,2024-04-18,VAN,8477967,Thatcher Demko,1,25,22
2023021309,2024-04-18,CGY,8481692,Dustin Wolf,1,17,16
2023021309,2024-04-18,SJS,8482445,Devin Cooley,1,23,18
2023021309,2024-04-18,SJS,8484312,Georgii Romanov,0,14,14
2023021310,2024-04-18,EDM,8475717,Calvin Pickard,0,14,13
2023021310,2024-04-18,EDM,8479973,Stuart Skinner,1,13,9
2023021310,2024-04-18,COL,8481020,Justus Annunen,1,26,25
2023021311,2024-04-18,VGK,8478499,Adin Hill,1,22,19
2023021311,2024-04-18,ANA,8480843,Lukas Dostal,1,33,32
2023021312,2024-04-18,LAK,8475660,Cam Talbot,1,13,9
2023021312,2024-04-18,CHI,8482821,Arvid Soderblom,1,35,30
