gameId,date,team,pid,name,gs,sa,sv
2021020001,2021-10-12,TBL,8476883,Andrei Vasilevskiy,1,32,29
2021020001,2021-10-12,PIT,8477465,Tristan Jarry,1,28,26
2021020002,2021-10-12,VGK,8475215,Robin Lehner,1,31,28
2021020002,2021-10-12,SEA,8475831,Philipp Grubauer,1,30,26
2021020003,2021-10-13,MTL,8474596,Jake Allen,1,30,28
2021020003,2021-10-13,TOR,8475789,Jack Campbell,1,32,31
2021020004,2021-10-13,WSH,8477970,Vitek Vanecek,1,24,23
2021020004,2021-10-13,NYR,8480382,Alexandar Georgiev,1,27,22
2021020005,2021-10-13,CHI,8470594,Marc-Andre Fleury,1,36,32
2021020005,2021-10-13,COL,8475311,Darcy Kuemper,1,34,32
2021020006,2021-10-13,EDM,8469608,Mike Smith,1,38,36
2021020006,2021-10-13,VAN,8477967,Thatcher Demko,1,34,32
2021020007,2021-10-14,BUF,8467950,Craig Anderson,1,31,30
2021020007,2021-10-14,MTL,8478470,Samuel Montembeault,1,36,31
2021020008,2021-10-14,TOR,8475789,Jack Campbell,0,10,10
2021020008,2021-10-14,TOR,8475852,Petr Mrazek,1,26,23
2021020008,2021-10-14,OTT,8476341,Anton Forsberg,1,48,46
2021020009,2021-10-14,TBL,8476883,Andrei Vasilevskiy,1,26,20
2021020009,2021-10-14,DET,8477968,Alex Nedeljkovic,1,48,41
2021020010,2021-10-14,FLA,8475683,Sergei Bobrovsky,1,47,43
2021020010,2021-10-14,PIT,8479193,Casey DeSmith,1,39,34
2021020011,2021-10-14,DAL,8471418,Anton Khudobin,0,6,6
2021020011,2021-10-14,DAL,8474651,Braden Holtby,1,27,25
2021020011,2021-10-14,NYR,8478048,Igor Shesterkin,1,26,23
2021020012,2021-10-14,CAR,8475883,Frederik Andersen,1,28,25
2021020012,2021-10-14,NYI,8478009,Ilya Sorokin,1,40,35
2021020013,2021-10-14,ARI,8475622,Carter Hutton,1,26,18
2021020013,2021-10-14,CBJ,8478007,Elvis Merzlikins,1,38,36
2021020014,2021-10-14,SEA,8475831,Philipp Grubauer,1,30,27
2021020014,2021-10-14,NSH,8477424,Juuse Saros,1,25,22
2021020015,2021-10-13,ANA,8476434,John Gibson,1,34,33
2021020015,2021-10-13,WPG,8476945,Connor Hellebuyck,1,22,18
2021020016,2021-10-14,VGK,8475215,Robin Lehner,1,31,27
2021020016,2021-10-14,VGK,8476316,Laurent Brossoit,0,16,14
2021020016,2021-10-14,LAK,8477361,Calvin Petersen,1,25,23
2021020017,2021-10-15,NJD,8473541,Jonathan Bernier,1,27,24
2021020017,2021-10-15,CHI,8480947,Kevin Lankinen,1,29,25
2021020018,2021-10-15,VAN,8477967,Thatcher Demko,1,35,31
2021020018,2021-10-15,PHI,8479394,Carter Hart,1,39,35
2021020019,2021-10-15,MIN,8475660,Cam Talbot,1,29,28
2021020019,2021-10-15,ANA,8476932,Anthony Stolarz,1,43,41
2021020020,2021-10-16,DAL,8474651,Braden Holtby,1,39,37
2021020020,2021-10-16,BOS,8480280,Jeremy Swayman,1,28,27
2021020021,2021-10-16,BUF,8474682,Dustin Tokarski,1,21,20
2021020021,2021-10-16,ARI,8478872,Karel Vejmelka,1,33,32
2021020022,2021-10-16,TOR,8475789,Jack Campbell,1,21,20
2021020022,2021-10-16,OTT,8476341,Anton Forsberg,1,29,26
2021020023,2021-10-16,MTL,8474596,Jake Allen,1,23,21
2021020023,2021-10-16,NYR,8478048,Igor Shesterkin,1,32,31
2021020024,2021-10-16,VAN,8470860,Jaroslav Halak,1,20,18
2021020024,2021-10-16,DET,8471306,Thomas Greiss,1,41,40
2021020025,2021-10-16,FLA,8475683,Sergei Bobrovsky,1,30,29
2021020025,2021-10-16,NYI,8478009,Ilya Sorokin,1,29,24
2021020026,2021-10-16,CHI,8470594,Marc-Andre Fleury,1,10,6
2021020026,2021-10-16,PIT,8477465,Tristan Jarry,1,20,18
2021020026,2021-10-16,CHI,8480947,Kevin Lankinen,0,16,15
2021020027,2021-10-16,TBL,8476883,Andrei Vasilevskiy,1,33,32
2021020027,2021-10-16,WSH,8477970,Vitek Vanecek,1,24,22
2021020028,2021-10-16,SEA,8475831,Philipp Grubauer,1,25,23
2021020028,2021-10-16,CBJ,8478007,Elvis Merzlikins,1,20,19
2021020029,2021-10-16,CAR,8475883,Frederik Andersen,1,40,38
2021020029,2021-10-16,NSH,8477424,Juuse Saros,1,31,29
2021020030,2021-10-16,COL,8475311,Darcy Kuemper,1,27,23
2021020030,2021-10-16,STL,8476412,Jordan Binnington,1,32,29
2021020031,2021-10-16,EDM,8469608,Mike Smith,1,47,45
2021020031,2021-10-16,CGY,8474593,Jacob Markstrom,1,32,28
2021020032,2021-10-16,LAK,8471734,Jonathan Quick,1,30,27
2021020032,2021-10-16,MIN,8475660,Cam Talbot,1,31,29
2021020033,2021-10-16,WPG,8476945,Connor Hellebuyck,1,31,27
2021020033,2021-10-16,SJS,8478499,Adin Hill,1,23,20
2021020034,2021-10-17,DAL,8471418,Anton Khudobin,1,27,24
2021020034,2021-10-17,OTT,8479406,Filip Gustavsson,1,34,32
2021020035,2021-10-18,TOR,8475789,Jack Campbell,1,23,21
2021020035,2021-10-18,NYR,8478048,Igor Shesterkin,1,41,40
2021020036,2021-10-18,SEA,8475831,Philipp Grubauer,1,20,15
2021020036,2021-10-18,SEA,8476904,Chris Driedger,0,7,6
2021020036,2021-10-18,PHI,8479394,Carter Hart,1,24,23
2021020037,2021-10-18,CGY,8474593,Jacob Markstrom,1,27,24
2021020037,2021-10-18,ANA,8476434,John Gibson,1,43,41
2021020038,2021-10-18,ARI,8475622,Carter Hutton,1,21,15
2021020038,2021-10-18,STL,8476412,Jordan Binnington,1,26,22
2021020038,2021-10-18,ARI,8478872,Karel Vejmelka,0,12,11
2021020039,2021-10-19,BUF,8467950,Craig Anderson,1,34,32
2021020039,2021-10-19,VAN,8477967,Thatcher Demko,1,42,38
2021020040,2021-10-19,MTL,8474596,Jake Allen,1,25,20
2021020040,2021-10-19,SJS,8478499,Adin Hill,1,21,21
2021020041,2021-10-19,DET,8471306,Thomas Greiss,1,23,22
2021020041,2021-10-19,CBJ,8476914,Joonas Korpisalo,1,43,41
2021020042,2021-10-19,TBL,8476883,Andrei Vasilevskiy,1,31,28
2021020042,2021-10-19,FLA,8481519,Spencer Knight,1,31,30
2021020043,2021-10-19,NJD,8473541,Jonathan Bernier,1,29,27
2021020043,2021-10-19,SEA,8478916,Joey Daccord,1,32,29
2021020044,2021-10-19,DAL,8474651,Braden Holtby,1,28,27
2021020044,2021-10-19,PIT,8477465,Tristan Jarry,1,29,28
2021020045,2021-10-19,COL,8475311,Darcy Kuemper,1,39,34
2021020045,2021-10-19,WSH,8478492,Ilya Samsonov,1,27,24
2021020046,2021-10-19,CHI,8470594,Marc-Andre Fleury,1,29,25
2021020046,2021-10-19,NYI,8478009,Ilya Sorokin,1,40,39
2021020047,2021-10-19,LAK,8477361,Calvin Petersen,1,31,29
2021020047,2021-10-19,NSH,8477424,Juuse Saros,1,26,25
2021020048,2021-10-19,MIN,8475660,Cam Talbot,1,30,25
2021020048,2021-10-19,WPG,8476945,Connor Hellebuyck,1,44,38
2021020049,2021-10-19,EDM,8469608,Mike Smith,1,15,11
2021020049,2021-10-19,EDM,8475156,Mikko Koskinen,0,21,20
2021020049,2021-10-19,ANA,8476932,Anthony Stolarz,1,36,31
2021020050,2021-10-20,PHI,8474889,Martin Jones,1,40,37
2021020050,2021-10-20,BOS,8480280,Jeremy Swayman,1,24,19
2021020051,2021-10-20,VGK,8475215,Robin Lehner,1,37,35
2021020051,2021-10-20,STL,8476412,Jordan Binnington,1,43,42
2021020052,2021-10-21,MTL,8474596,Jake Allen,1,32,29
2021020052,2021-10-21,CAR,8475883,Frederik Andersen,1,28,27
2021020053,2021-10-21,SJS,8473503,James Reimer,1,31,30
2021020053,2021-10-21,OTT,8476899,Matt Murray,1,24,22
2021020054,2021-10-21,CGY,8474593,Jacob Markstrom,1,33,33
2021020054,2021-10-21,DET,8477968,Alex Nedeljkovic,1,28,26
2021020055,2021-10-21,FLA,8475683,Sergei Bobrovsky,1,31,30
2021020055,2021-10-21,COL,8477992,Jonas Johansson,1,37,34
2021020056,2021-10-21,NJD,8475809,Scott Wedgewood,1,27,23
2021020056,2021-10-21,WSH,8477970,Vitek Vanecek,1,26,25
2021020057,2021-10-21,CBJ,8478007,Elvis Merzlikins,1,36,34
2021020057,2021-10-21,NYI,8478009,Ilya Sorokin,1,32,29
2021020058,2021-10-21,VAN,8477967,Thatcher Demko,1,30,29
2021020058,2021-10-21,CHI,8480947,Kevin Lankinen,1,24,21
2021020059,2021-10-21,NSH,8477424,Juuse Saros,1,29,27
2021020059,2021-10-21,NYR,8478048,Igor Shesterkin,1,29,28
2021020060,2021-10-21,ANA,8476434,John Gibson,1,26,22
2021020060,2021-10-21,WPG,8476945,Connor Hellebuyck,1,39,38
2021020061,2021-10-21,EDM,8475156,Mikko Koskinen,1,28,27
2021020061,2021-10-21,ARI,8478872,Karel Vejmelka,1,31,26
2021020062,2021-10-22,BUF,8467950,Craig Anderson,1,25,22
2021020062,2021-10-22,BOS,8476999,Linus Ullmark,1,36,35
2021020063,2021-10-22,TOR,8474636,Michael Hutchinson,1,30,26
2021020063,2021-10-22,SJS,8478499,Adin Hill,1,33,30
2021020064,2021-10-22,LAK,8471734,Jonathan Quick,1,23,20
2021020064,2021-10-22,DAL,8474651,Braden Holtby,1,45,43
2021020065,2021-10-22,EDM,8475156,Mikko Koskinen,1,39,36
2021020065,2021-10-22,VGK,8475215,Robin Lehner,1,32,28
2021020066,2021-10-23,DET,8471306,Thomas Greiss,1,17,12
2021020066,2021-10-23,MTL,8474596,Jake Allen,1,27,26
2021020066,2021-10-23,DET,8477968,Alex Nedeljkovic,0,6,6
2021020067,2021-10-23,OTT,8476341,Anton Forsberg,0,3,1
2021020067,2021-10-23,OTT,8476899,Matt Murray,1,23,22
2021020067,2021-10-23,NYR,8480382,Alexandar Georgiev,1,28,26
2021020068,2021-10-23,COL,8475311,Darcy Kuemper,1,32,29
2021020068,2021-10-23,TBL,8476883,Andrei Vasilevskiy,1,27,24
2021020069,2021-10-23,BUF,8474682,Dustin Tokarski,1,39,37
2021020069,2021-10-23,NJD,8482076,Nico Daws,1,25,24
2021020070,2021-10-23,FLA,8475683,Sergei Bobrovsky,1,29,27
2021020070,2021-10-23,PHI,8479394,Carter Hart,1,30,27
2021020071,2021-10-23,TOR,8474636,Michael Hutchinson,0,12,10
2021020071,2021-10-23,TOR,8475789,Jack Campbell,1,21,16
2021020071,2021-10-23,PIT,8477465,Tristan Jarry,1,29,28
2021020072,2021-10-23,WSH,8477970,Vitek Vanecek,1,13,10
2021020072,2021-10-23,CGY,8478435,Dan Vladar,1,25,22
2021020072,2021-10-23,WSH,8478492,Ilya Samsonov,0,14,13
2021020073,2021-10-23,CAR,8475883,Frederik Andersen,1,28,27
2021020073,2021-10-23,CBJ,8476914,Joonas Korpisalo,1,33,28
2021020074,2021-10-23,STL,8476412,Jordan Binnington,1,35,32
2021020074,2021-10-23,LAK,8477361,Calvin Petersen,1,40,33
2021020075,2021-10-23,MIN,8475660,Cam Talbot,1,24,21
2021020075,2021-10-23,ANA,8476434,John Gibson,1,36,32
2021020076,2021-10-23,WPG,8476945,Connor Hellebuyck,1,30,26
2021020076,2021-10-23,NSH,8477424,Juuse Saros,1,29,23
2021020077,2021-10-23,NYI,8478009,Ilya Sorokin,1,26,26
2021020077,2021-10-23,ARI,8478872,Karel Vejmelka,1,24,21
2021020078,2021-10-23,SEA,8475831,Philipp Grubauer,1,25,22
2021020078,2021-10-23,VAN,8477967,Thatcher Demko,1,31,29
2021020079,2021-10-24,SJS,8473503,James Reimer,0,20,20
2021020079,2021-10-24,BOS,8476999,Linus Ullmark,1,26,23
2021020079,2021-10-24,SJS,8478499,Adin Hill,1,14,10
2021020080,2021-10-24,CHI,8470594,Marc-Andre Fleury,1,37,31
2021020080,2021-10-24,DET,8477968,Alex Nedeljkovic,1,35,32
2021020081,2021-10-24,MIN,8478039,Kaapo Kahkonen,1,29,24
2021020081,2021-10-24,NSH,8478971,Connor Ingram,1,35,33
2021020082,2021-10-24,VGK,8475215,Robin Lehner,1,26,24
2021020082,2021-10-24,NYI,8478009,Ilya Sorokin,1,42,42
2021020083,2021-10-25,BUF,8467950,Craig Anderson,1,36,35
2021020083,2021-10-25,TBL,8470880,Brian Elliott,1,23,20
2021020084,2021-10-25,OTT,8476341,Anton Forsberg,1,16,12
2021020084,2021-10-25,WSH,8478492,Ilya Samsonov,1,37,32
2021020084,2021-10-25,OTT,8479406,Filip Gustavsson,0,15,12
2021020085,2021-10-25,ARI,8475622,Carter Hutton,1,11,10
2021020085,2021-10-25,ARI,8478872,Karel Vejmelka,0,29,26
2021020085,2021-10-25,FLA,8481519,Spencer Knight,1,21,18
2021020086,2021-10-25,CGY,8474593,Jacob Markstrom,1,29,28
2021020086,2021-10-25,NYR,8478048,Igor Shesterkin,1,37,32
2021020087,2021-10-25,TOR,8475789,Jack Campbell,1,35,32
2021020087,2021-10-25,CAR,8475883,Frederik Andersen,1,25,24
2021020088,2021-10-25,DAL,8474651,Braden Holtby,1,25,22
2021020088,2021-10-25,CBJ,8478007,Elvis Merzlikins,1,32,31
2021020089,2021-10-25,LAK,8471734,Jonathan Quick,1,34,32
2021020089,2021-10-25,STL,8478024,Ville Husso,1,34,34
2021020090,2021-10-26,NJD,8475809,Scott Wedgewood,0,22,20
2021020090,2021-10-26,CGY,8478435,Dan Vladar,1,30,27
2021020090,2021-10-26,NJD,8482076,Nico Daws,1,7,4
2021020091,2021-10-26,TBL,8476883,Andrei Vasilevskiy,1,29,28
2021020091,2021-10-26,PIT,8477465,Tristan Jarry,1,29,26
2021020092,2021-10-26,SJS,8473503,James Reimer,1,25,23
2021020092,2021-10-26,NSH,8477424,Juuse Saros,1,29,28
2021020093,2021-10-26,VGK,8475215,Robin Lehner,1,27,26
2021020093,2021-10-26,COL,8475311,Darcy Kuemper,1,28,26
2021020094,2021-10-26,MIN,8475660,Cam Talbot,1,24,22
2021020094,2021-10-26,VAN,8477967,Thatcher Demko,1,30,27
2021020095,2021-10-26,ANA,8476434,John Gibson,1,25,21
2021020095,2021-10-26,WPG,8476945,Connor Hellebuyck,1,35,32
2021020096,2021-10-26,MTL,8474596,Jake Allen,1,26,21
2021020096,2021-10-26,SEA,8475831,Philipp Grubauer,1,24,23
2021020097,2021-10-27,FLA,8475683,Sergei Bobrovsky,1,31,30
2021020097,2021-10-27,BOS,8476999,Linus Ullmark,1,26,23
2021020098,2021-10-27,DET,8471306,Thomas Greiss,1,28,26
2021020098,2021-10-27,WSH,8477970,Vitek Vanecek,1,25,22
2021020099,2021-10-27,TOR,8475789,Jack Campbell,1,29,27
2021020099,2021-10-27,CHI,8480947,Kevin Lankinen,1,40,37
2021020100,2021-10-27,DAL,8471418,Anton Khudobin,1,21,18
2021020100,2021-10-27,VGK,8476316,Laurent Brossoit,1,34,32
2021020101,2021-10-27,EDM,8475156,Mikko Koskinen,1,33,29
2021020101,2021-10-27,PHI,8479394,Carter Hart,1,37,34
2021020102,2021-10-28,TBL,8476883,Andrei Vasilevskiy,1,25,24
2021020102,2021-10-28,ARI,8481031,Ivan Prosvetov,1,28,23
2021020103,2021-10-28,CGY,8474593,Jacob Markstrom,1,45,45
2021020103,2021-10-28,PIT,8479193,Casey DeSmith,1,35,31
2021020104,2021-10-28,CAR,8475883,Frederik Andersen,1,33,33
2021020104,2021-10-28,BOS,8480280,Jeremy Swayman,1,23,21
2021020105,2021-10-28,COL,8475311,Darcy Kuemper,1,18,15
2021020105,2021-10-28,STL,8476412,Jordan Binnington,1,42,38
2021020106,2021-10-28,VAN,8470860,Jaroslav Halak,1,28,26
2021020106,2021-10-28,PHI,8474889,Martin Jones,1,28,27
2021020107,2021-10-28,BUF,8467950,Craig Anderson,1,37,34
2021020107,2021-10-28,ANA,8476932,Anthony Stolarz,1,29,25
2021020108,2021-10-28,LAK,8471734,Jonathan Quick,1,31,28
2021020108,2021-10-28,WPG,8477480,Eric Comrie,1,32,30
2021020109,2021-10-28,MTL,8474596,Jake Allen,1,45,45
2021020109,2021-10-28,SJS,8478499,Adin Hill,1,31,28
2021020110,2021-10-28,MIN,8475660,Cam Talbot,1,36,34
2021020110,2021-10-28,SEA,8475831,Philipp Grubauer,1,31,30
2021020111,2021-10-29,FLA,8475683,Sergei Bobrovsky,1,30,28
2021020111,2021-10-29,DET,8477968,Alex Nedeljkovic,1,33,30
2021020112,2021-10-29,CBJ,8478007,Elvis Merzlikins,1,37,33
2021020112,2021-10-29,NYR,8478048,Igor Shesterkin,1,31,31
2021020113,2021-10-29,WSH,8478492,Ilya Samsonov,1,16,16
2021020113,2021-10-29,ARI,8478872,Karel Vejmelka,1,31,30
2021020114,2021-10-29,CAR,8477293,Antti Raanta,1,26,23
2021020114,2021-10-29,CHI,8480947,Kevin Lankinen,1,35,29
2021020115,2021-10-29,DAL,8474651,Braden Holtby,1,24,20
2021020115,2021-10-29,OTT,8479406,Filip Gustavsson,1,39,38
2021020116,2021-10-29,VGK,8475215,Robin Lehner,1,38,34
2021020116,2021-10-29,ANA,8476434,John Gibson,1,42,38
2021020117,2021-10-30,BOS,8476999,Linus Ullmark,1,35,33
2021020117,2021-10-30,FLA,8481519,Spencer Knight,1,33,31
2021020118,2021-10-30,DET,8471306,Thomas Greiss,1,38,33
2021020118,2021-10-30,TOR,8475852,Petr Mrazek,1,31,27
2021020119,2021-10-30,NJD,8473541,Jonathan Bernier,1,35,33
2021020119,2021-10-30,PIT,8477465,Tristan Jarry,1,40,36
2021020120,2021-10-30,CHI,8470594,Marc-Andre Fleury,1,37,36
2021020120,2021-10-30,STL,8476412,Jordan Binnington,1,25,25
2021020121,2021-10-30,NSH,8477424,Juuse Saros,1,36,34
2021020121,2021-10-30,NYI,8478009,Ilya Sorokin,1,23,21
2021020122,2021-10-30,COL,8475311,Darcy Kuemper,1,30,29
2021020122,2021-10-30,MIN,8475660,Cam Talbot,1,30,27
2021020123,2021-10-30,CGY,8474593,Jacob Markstrom,1,20,20
2021020123,2021-10-30,PHI,8479394,Carter Hart,1,35,32
2021020124,2021-10-30,EDM,8475156,Mikko Koskinen,1,30,29
2021020124,2021-10-30,VAN,8477967,Thatcher Demko,1,34,32
2021020125,2021-10-30,MTL,8474596,Jake Allen,1,38,33
2021020125,2021-10-30,LAK,8477361,Calvin Petersen,1,28,26
2021020126,2021-10-30,SJS,8473503,James Reimer,1,35,34
2021020126,2021-10-30,WPG,8476945,Connor Hellebuyck,1,36,34
2021020127,2021-10-31,NJD,8475809,Scott Wedgewood,1,26,23
2021020127,2021-10-31,CBJ,8476914,Joonas Korpisalo,1,39,36
2021020128,2021-10-31,CAR,8475883,Frederik Andersen,1,23,22
2021020128,2021-10-31,ARI,8478872,Karel Vejmelka,1,39,37
2021020129,2021-10-31,ANA,8476434,John Gibson,1,18,16
2021020129,2021-10-31,MTL,8478470,Samuel Montembeault,1,25,22
2021020130,2021-10-31,LAK,8471734,Jonathan Quick,1,24,22
2021020130,2021-10-31,BUF,8474682,Dustin Tokarski,1,34,31
2021020131,2021-10-31,SEA,8475831,Philipp Grubauer,1,17,15
2021020131,2021-10-31,NYR,8478048,Igor Shesterkin,1,32,31
2021020132,2021-11-01,TBL,8476883,Andrei Vasilevskiy,1,33,31
2021020132,2021-11-01,WSH,8477970,Vitek Vanecek,1,26,23
2021020133,2021-11-01,CHI,8470594,Marc-Andre Fleury,1,30,29
2021020133,2021-11-01,OTT,8476899,Matt Murray,1,31,26
2021020134,2021-11-01,EDM,8475156,Mikko Koskinen,1,29,27
2021020134,2021-11-01,SEA,8478916,Joey Daccord,1,23,18
2021020135,2021-11-02,VGK,8475215,Robin Lehner,1,33,29
2021020135,2021-11-02,TOR,8475789,Jack Campbell,1,26,26
2021020136,2021-11-02,MTL,8474596,Jake Allen,1,22,22
2021020136,2021-11-02,DET,8477968,Alex Nedeljkovic,1,40,38
2021020137,2021-11-02,ARI,8478872,Karel Vejmelka,1,33,31
2021020137,2021-11-02,PHI,8479394,Carter Hart,1,29,29
2021020138,2021-11-02,MIN,8475660,Cam Talbot,1,28,24
2021020138,2021-11-02,OTT,8479406,Filip Gustavsson,1,43,38
2021020139,2021-11-02,DAL,8474651,Braden Holtby,1,35,32
2021020139,2021-11-02,WPG,8477480,Eric Comrie,1,27,24
2021020140,2021-11-02,CGY,8474593,Jacob Markstrom,1,22,19
2021020140,2021-11-02,NSH,8477424,Juuse Saros,1,40,38
2021020141,2021-11-02,VAN,8477967,Thatcher Demko,1,25,23
2021020141,2021-11-02,NYR,8478048,Igor Shesterkin,1,36,33
2021020142,2021-11-02,NJD,8473541,Jonathan Bernier,1,27,23
2021020142,2021-11-02,ANA,8476434,John Gibson,1,28,28
2021020143,2021-11-02,BUF,8467950,Craig Anderson,1,27,22
2021020143,2021-11-02,SJS,8473503,James Reimer,1,28,25
2021020144,2021-11-03,CHI,8470594,Marc-Andre Fleury,1,32,28
2021020144,2021-11-03,CAR,8475883,Frederik Andersen,1,30,27
2021020145,2021-11-03,CBJ,8476914,Joonas Korpisalo,1,32,28
2021020145,2021-11-03,COL,8477992,Jonas Johansson,1,37,32
2021020146,2021-11-03,EDM,8475156,Mikko Koskinen,1,33,31
2021020146,2021-11-03,NSH,8478971,Connor Ingram,1,29,25
2021020147,2021-11-03,LAK,8471734,Jonathan Quick,1,35,33
2021020147,2021-11-03,STL,8476412,Jordan Binnington,1,35,33
2021020148,2021-11-04,DET,8471306,Thomas Greiss,1,37,32
2021020148,2021-11-04,BOS,8480280,Jeremy Swayman,1,15,14
2021020149,2021-11-04,TOR,8475789,Jack Campbell,1,25,24
2021020149,2021-11-04,TBL,8476883,Andrei Vasilevskiy,1,34,32
2021020150,2021-11-04,MTL,8474596,Jake Allen,1,25,20
2021020150,2021-11-04,NYI,8478009,Ilya Sorokin,1,38,36
2021020150,2021-11-04,MTL,8478470,Samuel Montembeault,0,10,10
2021020151,2021-11-04,VGK,8475215,Robin Lehner,1,39,38
2021020151,2021-11-04,OTT,8479406,Filip Gustavsson,1,38,34
2021020152,2021-11-04,FLA,8475683,Sergei Bobrovsky,1,13,13
2021020152,2021-11-04,WSH,8477970,Vitek Vanecek,1,15,13
2021020152,2021-11-04,WSH,8478492,Ilya Samsonov,0,18,15
2021020152,2021-11-04,FLA,8481519,Spencer Knight,0,29,25
2021020153,2021-11-04,PIT,8477465,Tristan Jarry,1,38,36
2021020153,2021-11-04,PHI,8479394,Carter Hart,1,36,33
2021020154,2021-11-04,DAL,8471418,Anton Khudobin,1,33,30
2021020154,2021-11-04,CGY,8474593,Jacob Markstrom,1,28,24
2021020155,2021-11-04,SJS,8478499,Adin Hill,1,27,23
2021020155,2021-11-04,STL,8480981,Joel Hofer,1,26,23
2021020156,2021-11-04,BUF,8474682,Dustin Tokarski,1,37,33
2021020156,2021-11-04,SEA,8475831,Philipp Grubauer,1,21,19
2021020157,2021-11-05,CHI,8470594,Marc-Andre Fleury,1,33,28
2021020157,2021-11-05,WPG,8477480,Eric Comrie,1,18,17
2021020158,2021-11-05,EDM,8475156,Mikko Koskinen,1,25,20
2021020158,2021-11-05,NYR,8480382,Alexandar Georgiev,1,39,33
2021020159,2021-11-05,NSH,8477424,Juuse Saros,1,28,26
2021020159,2021-11-05,VAN,8477967,Thatcher Demko,1,28,25
2021020160,2021-11-05,ANA,8476932,Anthony Stolarz,1,29,28
2021020160,2021-11-05,ARI,8478872,Karel Vejmelka,1,31,28
2021020161,2021-11-05,LAK,8477361,Calvin Petersen,1,23,21
2021020161,2021-11-05,NJD,8478406,Mackenzie Blackwood,1,29,26
2021020162,2021-11-06,BUF,8474682,Dustin Tokarski,1,33,29
2021020162,2021-11-06,DET,8477968,Alex Nedeljkovic,1,32,29
2021020163,2021-11-06,TOR,8475789,Jack Campbell,1,44,42
2021020163,2021-11-06,BOS,8476999,Linus Ullmark,1,35,31
2021020164,2021-11-06,MTL,8474596,Jake Allen,1,16,13
2021020164,2021-11-06,VGK,8475215,Robin Lehner,1,38,36
2021020165,2021-11-06,TBL,8470880,Brian Elliott,1,27,24
2021020165,2021-11-06,OTT,8476899,Matt Murray,1,32,28
2021020166,2021-11-06,CAR,8475883,Frederik Andersen,1,27,23
2021020166,2021-11-06,CAR,8477293,Antti Raanta,0,4,4
2021020166,2021-11-06,FLA,8481519,Spencer Knight,1,32,30
2021020167,2021-11-06,MIN,8475660,Cam Talbot,1,39,35
2021020167,2021-11-06,PIT,8477465,Tristan Jarry,1,40,36
2021020168,2021-11-06,PHI,8474889,Martin Jones,1,32,31
2021020168,2021-11-06,WSH,8477970,Vitek Vanecek,1,32,30
2021020169,2021-11-06,COL,8475311,Darcy Kuemper,1,41,38
2021020169,2021-11-06,CBJ,8478007,Elvis Merzlikins,1,36,34
2021020170,2021-11-06,WPG,8477480,Eric Comrie,1,31,29
2021020170,2021-11-06,NYI,8478009,Ilya Sorokin,1,24,24
2021020171,2021-11-06,CGY,8474593,Jacob Markstrom,1,22,22
2021020171,2021-11-06,NYR,8478048,Igor Shesterkin,1,37,31
2021020172,2021-11-06,ARI,8475809,Scott Wedgewood,0,29,27
2021020172,2021-11-06,SEA,8475831,Philipp Grubauer,1,22,17
2021020172,2021-11-06,ARI,8478872,Karel Vejmelka,1,2,0
2021020173,2021-11-06,SJS,8473503,James Reimer,1,28,26
2021020173,2021-11-06,NJD,8473541,Jonathan Bernier,1,27,25
2021020174,2021-11-07,DET,8471306,Thomas Greiss,1,40,38
2021020174,2021-11-07,VGK,8476316,Laurent Brossoit,1,29,25
2021020175,2021-11-07,NSH,8477424,Juuse Saros,1,32,30
2021020175,2021-11-07,CHI,8480947,Kevin Lankinen,1,21,20
2021020176,2021-11-07,NYI,8473575,Semyon Varlamov,1,37,34
2021020176,2021-11-07,MIN,8478039,Kaapo Kahkonen,1,21,19
2021020177,2021-11-07,DAL,8471418,Anton Khudobin,1,35,30
2021020177,2021-11-07,VAN,8477967,Thatcher Demko,1,28,25
2021020178,2021-11-07,STL,8476412,Jordan Binnington,1,26,23
2021020178,2021-11-07,ANA,8476434,John Gibson,1,35,34
2021020179,2021-11-08,LAK,8471734,Jonathan Quick,1,34,33
2021020179,2021-11-08,TOR,8475789,Jack Campbell,1,28,24
2021020180,2021-11-08,NYR,8478048,Igor Shesterkin,1,45,42
2021020180,2021-11-08,FLA,8481519,Spencer Knight,1,18,14
2021020181,2021-11-08,BUF,8474682,Dustin Tokarski,1,30,25
2021020181,2021-11-08,WSH,8477970,Vitek Vanecek,1,28,25
2021020182,2021-11-09,OTT,8476899,Matt Murray,1,36,33
2021020182,2021-11-09,BOS,8480280,Jeremy Swayman,1,27,25
2021020183,2021-11-09,MTL,8474596,Jake Allen,1,34,31
2021020183,2021-11-09,LAK,8477361,Calvin Petersen,1,35,33
2021020184,2021-11-09,DET,8477968,Alex Nedeljkovic,1,33,31
2021020184,2021-11-09,EDM,8479973,Stuart Skinner,1,38,35
2021020185,2021-11-09,CAR,8475883,Frederik Andersen,1,18,17
2021020185,2021-11-09,TBL,8476883,Andrei Vasilevskiy,1,31,29
2021020186,2021-11-09,NJD,8478406,Mackenzie Blackwood,1,38,35
2021020186,2021-11-09,FLA,8481519,Spencer Knight,1,30,24
2021020187,2021-11-09,CHI,8470594,Marc-Andre Fleury,1,44,42
2021020187,2021-11-09,PIT,8477465,Tristan Jarry,1,32,30
2021020188,2021-11-09,STL,8476412,Jordan Binnington,1,41,39
2021020188,2021-11-09,WPG,8476945,Connor Hellebuyck,1,33,31
2021020189,2021-11-09,CGY,8474593,Jacob Markstrom,1,24,22
2021020189,2021-11-09,SJS,8478499,Adin Hill,1,38,37
2021020190,2021-11-09,VAN,8470860,Jaroslav Halak,1,30,27
2021020190,2021-11-09,ANA,8476434,John Gibson,1,43,41
2021020191,2021-11-09,VGK,8475215,Robin Lehner,1,27,25
2021020191,2021-11-09,SEA,8476904,Chris Driedger,1,23,19
2021020192,2021-11-10,TOR,8475789,Jack Campbell,1,36,36
2021020192,2021-11-10,PHI,8479394,Carter Hart,1,33,30
2021020193,2021-11-10,DAL,8474651,Braden Holtby,1,21,18
2021020193,2021-11-10,NSH,8477424,Juuse Saros,1,27,25
2021020194,2021-11-10,ARI,8475809,Scott Wedgewood,0,8,8
2021020194,2021-11-10,MIN,8478039,Kaapo Kahkonen,1,26,24
2021020194,2021-11-10,ARI,8478872,Karel Vejmelka,1,22,17
2021020195,2021-11-11,EDM,8475156,Mikko Koskinen,1,29,26
2021020195,2021-11-11,BOS,8476999,Linus Ullmark,1,28,23
2021020196,2021-11-11,CGY,8474593,Jacob Markstrom,1,27,24
2021020196,2021-11-11,MTL,8474596,Jake Allen,1,26,24
2021020197,2021-11-11,LAK,8471734,Jonathan Quick,1,34,34
2021020197,2021-11-11,OTT,8479406,Filip Gustavsson,1,36,34
2021020198,2021-11-11,DET,8471306,Thomas Greiss,1,29,27
2021020198,2021-11-11,WSH,8477457,Zach Fucale,1,21,21
2021020199,2021-11-11,NYI,8478009,Ilya Sorokin,1,34,30
2021020199,2021-11-11,NJD,8478406,Mackenzie Blackwood,1,42,42
2021020200,2021-11-11,FLA,8475683,Sergei Bobrovsky,1,31,29
2021020200,2021-11-11,PIT,8477465,Tristan Jarry,1,38,36
2021020201,2021-11-11,STL,8476412,Jordan Binnington,1,27,23
2021020201,2021-11-11,NSH,8479496,David Rittich,1,36,33
2021020202,2021-11-11,SJS,8473503,James Reimer,1,33,30
2021020202,2021-11-11,WPG,8476945,Connor Hellebuyck,1,27,26
2021020203,2021-11-11,VAN,8470860,Jaroslav Halak,0,9,8
2021020203,2021-11-11,COL,8475311,Darcy Kuemper,1,22,21
2021020203,2021-11-11,VAN,8477967,Thatcher Demko,1,26,20
2021020204,2021-11-11,MIN,8475660,Cam Talbot,1,35,32
2021020204,2021-11-11,VGK,8476316,Laurent Brossoit,1,26,24
2021020205,2021-11-11,SEA,8475831,Philipp Grubauer,1,34,29
2021020205,2021-11-11,ANA,8476434,John Gibson,1,25,21
2021020206,2021-11-12,BUF,8474682,Dustin Tokarski,1,35,33
2021020206,2021-11-12,EDM,8479973,Stuart Skinner,1,23,20
2021020207,2021-11-12,TOR,8475789,Jack Campbell,1,31,30
2021020207,2021-11-12,CGY,8478435,Dan Vladar,1,37,35
2021020208,2021-11-12,CAR,8475883,Frederik Andersen,1,28,26
2021020208,2021-11-12,PHI,8479394,Carter Hart,1,40,39
2021020209,2021-11-12,CBJ,8476914,Joonas Korpisalo,1,28,24
2021020209,2021-11-12,WSH,8478492,Ilya Samsonov,1,29,26
2021020210,2021-11-12,CHI,8470594,Marc-Andre Fleury,1,23,22
2021020210,2021-11-12,ARI,8475809,Scott Wedgewood,1,29,27
2021020211,2021-11-13,BUF,8477180,Aaron Dell,1,26,21
2021020211,2021-11-13,TOR,8479361,Joseph Woll,1,27,23
2021020212,2021-11-13,PIT,8479193,Casey DeSmith,1,23,18
2021020212,2021-11-13,OTT,8479406,Filip Gustavsson,1,31,28
2021020213,2021-11-13,MTL,8474596,Jake Allen,1,8,8
2021020213,2021-11-13,DET,8477968,Alex Nedeljkovic,1,37,35
2021020213,2021-11-13,MTL,8478470,Samuel Montembeault,0,25,22
2021020214,2021-11-13,FLA,8475683,Sergei Bobrovsky,1,24,21
2021020214,2021-11-13,TBL,8476883,Andrei Vasilevskiy,1,28,26
2021020215,2021-11-13,NJD,8473541,Jonathan Bernier,1,35,31
2021020215,2021-11-13,BOS,8480280,Jeremy Swayman,1,29,27
2021020216,2021-11-13,CAR,8479312,Alex Lyon,1,29,27
2021020216,2021-11-13,STL,8480981,Joel Hofer,1,24,21
2021020217,2021-11-13,CBJ,8478007,Elvis Merzlikins,1,41,36
2021020217,2021-11-13,NYR,8478048,Igor Shesterkin,1,34,31
2021020217,2021-11-13,NYR,8480382,Alexandar Georgiev,0,2,2
2021020218,2021-11-13,NSH,8477424,Juuse Saros,1,23,22
2021020218,2021-11-13,ARI,8478872,Karel Vejmelka,1,24,20
2021020219,2021-11-13,DAL,8471418,Anton Khudobin,1,33,31
2021020219,2021-11-13,PHI,8474889,Martin Jones,1,30,26
2021020220,2021-11-13,WPG,8476945,Connor Hellebuyck,1,29,27
2021020220,2021-11-13,LAK,8477361,Calvin Petersen,1,23,20
2021020221,2021-11-13,COL,8475311,Darcy Kuemper,1,30,28
2021020221,2021-11-13,SJS,8478499,Adin Hill,1,30,25
2021020222,2021-11-13,VGK,8475215,Robin Lehner,1,43,39
2021020222,2021-11-13,VAN,8477967,Thatcher Demko,1,39,32
2021020223,2021-11-13,MIN,8475660,Cam Talbot,1,30,28
2021020223,2021-11-13,SEA,8475831,Philipp Grubauer,1,21,18
2021020224,2021-11-14,MTL,8478470,Samuel Montembeault,1,40,36
2021020224,2021-11-14,BOS,8480280,Jeremy Swayman,1,29,27
2021020225,2021-11-14,OTT,8476341,Anton Forsberg,1,33,29
2021020225,2021-11-14,CGY,8478435,Dan Vladar,1,27,27
2021020226,2021-11-14,NJD,8473541,Jonathan Bernier,0,8,8
2021020226,2021-11-14,NJD,8478406,Mackenzie Blackwood,1,33,30
2021020226,2021-11-14,NYR,8480382,Alexandar Georgiev,1,27,24
2021020227,2021-11-14,PIT,8477465,Tristan Jarry,1,32,26
2021020227,2021-11-14,WSH,8477970,Vitek Vanecek,1,25,24
2021020228,2021-11-14,EDM,8475156,Mikko Koskinen,1,39,35
2021020228,2021-11-14,STL,8476412,Jordan Binnington,1,32,27
2021020229,2021-11-14,VAN,8470860,Jaroslav Halak,1,37,33
2021020229,2021-11-14,ANA,8476434,John Gibson,1,27,26
2021020230,2021-11-15,NYI,8473575,Semyon Varlamov,1,28,24
2021020230,2021-11-15,TBL,8476883,Andrei Vasilevskiy,1,26,25
2021020231,2021-11-15,DET,8471306,Thomas Greiss,1,37,33
2021020231,2021-11-15,CBJ,8478007,Elvis Merzlikins,1,27,24
2021020232,2021-11-16,TOR,8475789,Jack Campbell,1,24,24
2021020232,2021-11-16,NSH,8477424,Juuse Saros,1,33,31
2021020233,2021-11-16,NYI,8473575,Semyon Varlamov,0,19,17
2021020233,2021-11-16,FLA,8475683,Sergei Bobrovsky,1,28,27
2021020233,2021-11-16,NYI,8478009,Ilya Sorokin,1,17,13
2021020234,2021-12-06,OTT,8476341,Anton Forsberg,1,24,22
2021020234,2021-12-06,NJD,8478406,Mackenzie Blackwood,1,23,21
2021020235,2021-11-16,NYR,8478048,Igor Shesterkin,1,33,31
2021020235,2021-11-16,MTL,8480051,Cayden Primeau,1,34,31
2021020236,2021-11-16,CGY,8474593,Jacob Markstrom,1,43,41
2021020236,2021-11-16,PHI,8479394,Carter Hart,1,34,33
2021020237,2021-11-16,BUF,8474682,Dustin Tokarski,1,46,45
2021020237,2021-11-16,PIT,8477465,Tristan Jarry,1,19,17
2021020238,2021-11-16,ARI,8475809,Scott Wedgewood,1,36,34
2021020238,2021-11-16,STL,8476412,Jordan Binnington,1,23,20
2021020239,2021-11-16,DET,8477968,Alex Nedeljkovic,1,29,25
2021020239,2021-11-16,DAL,8479979,Jake Oettinger,1,30,28
2021020240,2021-11-16,SJS,8473503,James Reimer,1,27,26
2021020240,2021-11-16,MIN,8475660,Cam Talbot,1,21,17
2021020241,2021-11-16,EDM,8475156,Mikko Koskinen,1,26,22
2021020241,2021-11-16,WPG,8476945,Connor Hellebuyck,1,34,32
2021020241,2021-11-16,EDM,8479973,Stuart Skinner,0,8,8
2021020242,2021-11-16,VGK,8475215,Robin Lehner,1,42,38
2021020242,2021-11-16,CAR,8477293,Antti Raanta,1,23,21
2021020243,2021-11-16,ANA,8476434,John Gibson,1,30,28
2021020243,2021-11-16,WSH,8477970,Vitek Vanecek,1,31,28
2021020244,2021-11-17,COL,8475311,Darcy Kuemper,1,34,32
2021020244,2021-11-17,VAN,8477967,Thatcher Demko,1,29,26
2021020245,2021-11-17,LAK,8471734,Jonathan Quick,1,37,36
2021020245,2021-11-17,WSH,8478492,Ilya Samsonov,1,34,34
2021020246,2021-11-17,CHI,8470594,Marc-Andre Fleury,1,33,31
2021020246,2021-11-17,SEA,8475831,Philipp Grubauer,1,18,15
2021020247,2021-11-18,CGY,8474593,Jacob Markstrom,1,27,27
2021020247,2021-11-18,BUF,8474682,Dustin Tokarski,1,23,18
2021020247,2021-11-18,BUF,8477180,Aaron Dell,0,10,10
2021020248,2021-11-18,TOR,8475789,Jack Campbell,1,28,27
2021020248,2021-11-18,NYR,8478048,Igor Shesterkin,1,30,28
2021020249,2021-11-18,PIT,8477465,Tristan Jarry,1,24,24
2021020249,2021-11-18,MTL,8478470,Samuel Montembeault,0,12,11
2021020249,2021-11-18,MTL,8480051,Cayden Primeau,1,31,26
2021020250,2022-04-07,OTT,8476341,Anton Forsberg,1,34,31
2021020250,2022-04-07,NSH,8477424,Juuse Saros,1,29,27
2021020251,2021-11-18,NJD,8473541,Jonathan Bernier,0,14,14
2021020251,2021-11-18,NJD,8478406,Mackenzie Blackwood,1,27,23
2021020251,2021-11-18,FLA,8481519,Spencer Knight,1,46,45
2021020252,2021-11-18,TBL,8476883,Andrei Vasilevskiy,1,30,27
2021020252,2021-11-18,PHI,8479394,Carter Hart,1,32,29
2021020253,2021-11-18,SJS,8473503,James Reimer,1,48,44
2021020253,2021-11-18,STL,8478024,Ville Husso,1,27,26
2021020254,2021-11-18,DAL,8471418,Anton Khudobin,1,26,19
2021020254,2021-11-18,MIN,8475660,Cam Talbot,1,38,36
2021020254,2021-11-18,DAL,8479979,Jake Oettinger,0,0,0
2021020255,2021-11-18,WPG,8476945,Connor Hellebuyck,1,32,31
2021020255,2021-11-18,EDM,8479973,Stuart Skinner,1,47,46
2021020256,2021-11-18,ARI,8475809,Scott Wedgewood,1,46,42
2021020256,2021-11-18,CBJ,8478007,Elvis Merzlikins,1,29,25
2021020257,2021-11-18,DET,8471306,Thomas Greiss,1,22,18
2021020257,2021-11-18,VGK,8475215,Robin Lehner,1,28,26
2021020257,2021-11-18,DET,8477968,Alex Nedeljkovic,0,10,9
2021020258,2021-11-18,CAR,8475883,Frederik Andersen,1,32,31
2021020258,2021-11-18,ANA,8476434,John Gibson,1,31,29
2021020259,2021-11-19,WPG,8477480,Eric Comrie,1,29,26
2021020259,2021-11-19,VAN,8477967,Thatcher Demko,1,39,37
2021020260,2021-11-19,COL,8475311,Darcy Kuemper,1,28,25
2021020260,2021-11-19,SEA,8475831,Philipp Grubauer,0,17,14
2021020260,2021-11-19,SEA,8476904,Chris Driedger,1,13,9
2021020261,2021-11-20,TOR,8475789,Jack Campbell,1,31,29
2021020261,2021-11-20,PIT,8477465,Tristan Jarry,1,26,26
2021020262,2021-11-20,NSH,8477424,Juuse Saros,1,19,14
2021020262,2021-11-20,MTL,8478470,Samuel Montembeault,1,36,33
2021020262,2021-11-20,NSH,8479496,David Rittich,0,9,9
2021020263,2022-02-20,NYR,8478048,Igor Shesterkin,1,30,29
2021020263,2022-02-20,OTT,8479406,Filip Gustavsson,1,33,31
2021020264,2021-11-20,TBL,8476883,Andrei Vasilevskiy,1,26,22
2021020264,2021-11-20,NJD,8478406,Mackenzie Blackwood,1,34,31
2021020265,2021-11-20,MIN,8475660,Cam Talbot,1,36,32
2021020265,2021-11-20,FLA,8475683,Sergei Bobrovsky,1,39,35
2021020266,2021-11-20,NYI,8473575,Semyon Varlamov,1,29,26
2021020266,2021-11-20,CGY,8474593,Jacob Markstrom,1,36,34
2021020267,2021-11-20,PHI,8474889,Martin Jones,1,44,39
2021020267,2021-11-20,BOS,8476999,Linus Ullmark,1,31,29
2021020268,2021-11-20,STL,8476412,Jordan Binnington,1,32,29
2021020268,2021-11-20,DAL,8479979,Jake Oettinger,1,36,35
2021020269,2021-11-20,EDM,8479973,Stuart Skinner,1,31,29
2021020269,2021-11-20,CHI,8480947,Kevin Lankinen,1,33,28
2021020270,2021-11-20,ARI,8475809,Scott Wedgewood,1,34,33
2021020270,2021-11-20,DET,8477968,Alex Nedeljkovic,1,29,27
2021020271,2021-11-20,VGK,8476316,Laurent Brossoit,1,29,27
2021020271,2021-11-20,CBJ,8478007,Elvis Merzlikins,1,35,32
2021020272,2021-11-20,CAR,8475883,Frederik Andersen,1,43,39
2021020272,2021-11-20,LAK,8477361,Calvin Petersen,1,20,15
2021020273,2021-11-20,WSH,8478492,Ilya Samsonov,1,22,22
2021020273,2021-11-20,SJS,8478499,Adin Hill,1,20,17
2021020274,2021-11-21,CGY,8478435,Dan Vladar,1,28,28
2021020274,2021-11-21,BOS,8480280,Jeremy Swayman,1,32,28
2021020275,2021-11-21,TBL,8470880,Brian Elliott,1,32,28
2021020275,2021-11-21,MIN,8478039,Kaapo Kahkonen,1,24,20
2021020276,2021-11-21,NYI,8478009,Ilya Sorokin,1,40,37
2021020276,2021-11-21,TOR,8479361,Joseph Woll,1,20,20
2021020277,2021-11-21,BUF,8477180,Aaron Dell,1,36,31
2021020277,2021-11-21,NYR,8478048,Igor Shesterkin,0,4,4
2021020277,2021-11-21,NYR,8480382,Alexandar Georgiev,1,18,14
2021020278,2021-11-21,CHI,8470594,Marc-Andre Fleury,1,40,40
2021020278,2021-11-21,VAN,8477967,Thatcher Demko,1,24,23
2021020279,2021-11-21,LAK,8471734,Jonathan Quick,1,27,25
2021020279,2021-11-21,ARI,8478872,Karel Vejmelka,1,38,37
2021020280,2021-11-21,SEA,8475831,Philipp Grubauer,1,39,37
2021020280,2021-11-21,WSH,8477970,Vitek Vanecek,1,30,26
2021020281,2021-11-22,BUF,8474682,Dustin Tokarski,1,12,8
2021020281,2021-11-22,CBJ,8476914,Joonas Korpisalo,1,33,29
2021020281,2021-11-22,BUF,8477180,Aaron Dell,0,15,14
2021020282,2021-11-22,VGK,8475215,Robin Lehner,1,31,26
2021020282,2021-11-22,STL,8476412,Jordan Binnington,1,34,32
2021020283,2021-11-22,ANA,8476434,John Gibson,1,35,32
2021020283,2021-11-22,NSH,8477424,Juuse Saros,1,31,29
2021020284,2021-11-22,WPG,8476945,Connor Hellebuyck,1,35,33
2021020284,2021-11-22,PIT,8477465,Tristan Jarry,1,31,30
2021020285,2021-11-22,COL,8475311,Darcy Kuemper,1,20,15
2021020285,2021-11-22,COL,8477992,Jonas Johansson,0,1,1
2021020285,2021-11-22,OTT,8479406,Filip Gustavsson,1,39,33
2021020286,2021-11-22,SJS,8473503,James Reimer,1,23,22
2021020286,2021-11-22,CAR,8477293,Antti Raanta,1,27,25
2021020287,2021-11-23,TBL,8476883,Andrei Vasilevskiy,1,34,34
2021020287,2021-11-23,PHI,8479394,Carter Hart,1,35,31
2021020288,2021-11-23,EDM,8479973,Stuart Skinner,1,33,29
2021020288,2021-11-23,DAL,8479979,Jake Oettinger,1,22,21
2021020289,2021-11-23,CHI,8470594,Marc-Andre Fleury,1,37,34
2021020289,2021-11-23,CGY,8474593,Jacob Markstrom,1,21,19
2021020290,2021-11-24,BUF,8474682,Dustin Tokarski,0,25,24
2021020290,2021-11-24,BUF,8477180,Aaron Dell,1,22,18
2021020290,2021-11-24,BOS,8480280,Jeremy Swayman,1,25,24
2021020291,2021-11-24,DET,8477968,Alex Nedeljkovic,1,37,35
2021020291,2021-11-24,STL,8478024,Ville Husso,1,22,19
2021020292,2021-11-24,PHI,8474889,Martin Jones,1,45,43
2021020292,2021-11-24,FLA,8475683,Sergei Bobrovsky,1,33,32
2021020293,2021-11-24,MIN,8475660,Cam Talbot,1,42,40
2021020293,2021-11-24,NJD,8478406,Mackenzie Blackwood,1,27,25
2021020294,2021-11-24,NYI,8473575,Semyon Varlamov,1,21,17
2021020294,2021-11-24,NYR,8478048,Igor Shesterkin,1,21,20
2021020295,2021-11-24,PIT,8477465,Tristan Jarry,1,37,36
2021020295,2021-11-24,VAN,8477967,Thatcher Demko,1,36,33
2021020296,2021-11-24,MTL,8474596,Jake Allen,1,34,28
2021020296,2021-11-24,WSH,8478492,Ilya Samsonov,1,28,25
2021020297,2021-11-24,WPG,8476945,Connor Hellebuyck,1,31,29
2021020297,2021-11-24,CBJ,8478007,Elvis Merzlikins,1,36,36
2021020298,2021-11-24,VGK,8475215,Robin Lehner,1,28,26
2021020298,2021-11-24,NSH,8477424,Juuse Saros,1,34,30
2021020299,2021-11-24,COL,8475311,Darcy Kuemper,1,6,5
2021020299,2021-11-24,ANA,8476434,John Gibson,1,36,31
2021020299,2021-11-24,COL,8477992,Jonas Johansson,0,20,19
2021020300,2021-11-24,EDM,8475156,Mikko Koskinen,1,27,24
2021020300,2021-11-24,ARI,8475809,Scott Wedgewood,1,43,39
2021020301,2021-11-24,LAK,8471734,Jonathan Quick,1,38,32
2021020301,2021-11-24,TOR,8475789,Jack Campbell,1,32,30
2021020302,2021-11-24,SJS,8473503,James Reimer,1,29,26
2021020302,2021-11-24,OTT,8476899,Matt Murray,1,27,23
2021020303,2021-11-24,SEA,8475831,Philipp Grubauer,1,36,35
2021020303,2021-11-24,CAR,8475883,Frederik Andersen,1,22,20
2021020304,2021-11-26,NYR,8478048,Igor Shesterkin,1,36,34
2021020304,2021-11-26,BOS,8480280,Jeremy Swayman,1,30,26
2021020305,2021-11-26,BUF,8474682,Dustin Tokarski,1,26,25
2021020305,2021-11-26,MTL,8478470,Samuel Montembeault,1,39,35
2021020306,2021-11-26,SEA,8475831,Philipp Grubauer,1,26,23
2021020306,2021-11-26,TBL,8476883,Andrei Vasilevskiy,1,17,17
2021020307,2021-11-26,PIT,8477465,Tristan Jarry,1,25,25
2021020307,2021-11-26,NYI,8478009,Ilya Sorokin,1,30,29
2021020308,2021-11-26,CAR,8477293,Antti Raanta,1,23,20
2021020308,2021-11-26,PHI,8479394,Carter Hart,1,36,30
2021020309,2021-11-26,FLA,8475683,Sergei Bobrovsky,1,22,19
2021020309,2021-11-26,WSH,8478492,Ilya Samsonov,1,22,19
2021020309,2021-11-26,FLA,8481519,Spencer Knight,0,7,6
2021020310,2021-11-26,VAN,8477967,Thatcher Demko,1,20,17
2021020310,2021-11-26,CBJ,8478007,Elvis Merzlikins,1,41,39
2021020311,2021-11-26,STL,8476412,Jordan Binnington,1,27,24
2021020311,2021-11-26,CHI,8480947,Kevin Lankinen,1,25,23
2021020312,2021-11-26,NJD,8473541,Jonathan Bernier,1,30,27
2021020312,2021-11-26,NSH,8477424,Juuse Saros,1,25,23
2021020313,2021-11-26,DAL,8474651,Braden Holtby,0,4,4
2021020313,2021-11-26,COL,8475311,Darcy Kuemper,1,22,19
2021020313,2021-11-26,DAL,8479979,Jake Oettinger,1,33,32
2021020314,2021-11-26,MIN,8475660,Cam Talbot,1,31,30
2021020314,2021-11-26,WPG,8476945,Connor Hellebuyck,1,14,10
2021020314,2021-11-26,WPG,8477480,Eric Comrie,0,24,21
2021020315,2021-11-26,OTT,8476341,Anton Forsberg,1,33,29
2021020315,2021-11-26,ANA,8476932,Anthony Stolarz,1,34,34
2021020316,2021-11-26,SJS,8473503,James Reimer,1,17,13
2021020316,2021-11-26,SJS,8478499,Adin Hill,0,16,16
2021020316,2021-11-26,TOR,8479361,Joseph Woll,1,35,34
2021020317,2021-11-27,BUF,8474682,Dustin Tokarski,1,41,38
2021020317,2021-11-27,DET,8477968,Alex Nedeljkovic,1,28,26
2021020318,2021-11-27,SEA,8476904,Chris Driedger,1,34,33
2021020318,2021-11-27,FLA,8481519,Spencer Knight,1,26,23
2021020319,2021-11-27,MTL,8474596,Jake Allen,1,50,47
2021020319,2021-11-27,PIT,8479193,Casey DeSmith,1,31,28
2021020320,2021-11-27,CBJ,8476914,Joonas Korpisalo,1,33,27
2021020320,2021-11-27,STL,8478024,Ville Husso,1,27,24
2021020321,2021-11-27,COL,8477992,Jonas Johansson,1,28,26
2021020321,2021-11-27,NSH,8479496,David Rittich,1,35,29
2021020322,2021-11-27,CGY,8474593,Jacob Markstrom,1,27,24
2021020322,2021-11-27,WPG,8476945,Connor Hellebuyck,1,36,34
2021020323,2021-11-27,DAL,8474651,Braden Holtby,1,27,25
2021020323,2021-11-27,ARI,8475809,Scott Wedgewood,1,29,26
2021020324,2021-11-27,EDM,8475156,Mikko Koskinen,1,38,36
2021020324,2021-11-27,VGK,8475215,Robin Lehner,1,30,27
2021020325,2021-11-27,LAK,8477361,Calvin Petersen,1,32,30
2021020325,2021-11-27,OTT,8479406,Filip Gustavsson,1,36,33
2021020326,2021-11-28,VAN,8470860,Jaroslav Halak,1,42,39
2021020326,2021-11-28,BOS,8476999,Linus Ullmark,1,38,36
2021020327,2021-11-28,PHI,8474889,Martin Jones,1,34,30
2021020327,2021-11-28,NJD,8478406,Mackenzie Blackwood,1,25,23
2021020328,2022-03-17,NYI,8478009,Ilya Sorokin,1,30,29
2021020328,2022-03-17,NYR,8478048,Igor Shesterkin,1,28,26
2021020329,2021-11-28,CAR,8475883,Frederik Andersen,1,24,21
2021020329,2021-11-28,WSH,8478492,Ilya Samsonov,1,32,30
2021020330,2021-11-28,CHI,8470594,Marc-Andre Fleury,1,21,20
2021020330,2021-11-28,SJS,8473503,James Reimer,1,29,29
2021020331,2021-11-28,MIN,8475660,Cam Talbot,1,30,28
2021020331,2021-11-28,TBL,8476883,Andrei Vasilevskiy,1,36,33
2021020332,2021-11-28,TOR,8475789,Jack Campbell,1,40,39
2021020332,2021-11-28,ANA,8476434,John Gibson,1,30,26
2021020333,2021-11-29,BUF,8474682,Dustin Tokarski,1,31,25
2021020333,2021-11-29,SEA,8476904,Chris Driedger,1,36,32
2021020334,2021-11-29,MTL,8474596,Jake Allen,1,42,40
2021020334,2021-11-29,VAN,8477967,Thatcher Demko,1,34,33
2021020335,2021-11-29,WPG,8476945,Connor Hellebuyck,1,15,14
2021020335,2021-11-29,ARI,8478872,Karel Vejmelka,1,46,46
2021020336,2021-11-29,CGY,8474593,Jacob Markstrom,1,22,21
2021020336,2021-11-29,PIT,8477465,Tristan Jarry,1,32,31
2021020337,2021-11-30,BOS,8476999,Linus Ullmark,1,16,14
2021020337,2021-11-30,DET,8477968,Alex Nedeljkovic,1,42,41
2021020338,2021-11-30,FLA,8475683,Sergei Bobrovsky,1,27,23
2021020338,2021-11-30,WSH,8478492,Ilya Samsonov,1,51,46
2021020339,2021-11-30,SJS,8473503,James Reimer,1,34,32
2021020339,2021-11-30,NJD,8478406,Mackenzie Blackwood,1,30,26
2021020340,2022-01-18,NYI,8473575,Semyon Varlamov,1,34,31
2021020340,2022-01-18,PHI,8479394,Carter Hart,1,31,28
2021020341,2021-11-30,TBL,8470880,Brian Elliott,1,33,30
2021020341,2021-11-30,STL,8476412,Jordan Binnington,1,33,30
2021020342,2021-11-30,CBJ,8476914,Joonas Korpisalo,0,28,25
2021020342,2021-11-30,NSH,8477424,Juuse Saros,1,27,27
2021020342,2021-11-30,CBJ,8478007,Elvis Merzlikins,1,9,6
2021020343,2021-11-30,DAL,8474651,Braden Holtby,1,40,39
2021020343,2021-11-30,CAR,8475883,Frederik Andersen,1,16,13
2021020344,2021-11-30,ARI,8475809,Scott Wedgewood,1,37,32
2021020344,2021-11-30,MIN,8478039,Kaapo Kahkonen,1,31,29
2021020345,2021-11-30,LAK,8471734,Jonathan Quick,1,36,32
2021020345,2021-11-30,ANA,8476434,John Gibson,1,34,30
2021020346,2021-12-01,TOR,8475789,Jack Campbell,1,31,28
2021020346,2021-12-01,COL,8477992,Jonas Johansson,1,41,33
2021020347,2021-12-01,VAN,8477967,Thatcher Demko,1,21,19
2021020347,2021-12-01,OTT,8479406,Filip Gustavsson,1,35,29
2021020348,2021-12-01,DET,8471306,Thomas Greiss,1,24,21
2021020348,2021-12-01,SEA,8475831,Philipp Grubauer,1,26,23
2021020349,2021-12-01,NYR,8478048,Igor Shesterkin,1,34,33
2021020349,2021-12-01,PHI,8479394,Carter Hart,1,27,24
2021020350,2021-12-01,EDM,8475156,Mikko Koskinen,1,34,32
2021020350,2021-12-01,PIT,8477465,Tristan Jarry,1,21,17
2021020351,2021-12-01,VGK,8475215,Robin Lehner,1,33,28
2021020351,2021-12-01,ANA,8476932,Anthony Stolarz,1,39,34
2021020352,2021-12-02,MTL,8474596,Jake Allen,1,33,30
2021020352,2021-12-02,COL,8477992,Jonas Johansson,1,20,19
2021020353,2021-12-02,TBL,8476883,Andrei Vasilevskiy,1,28,26
2021020353,2021-12-02,STL,8478024,Ville Husso,1,35,31
2021020354,2021-12-02,FLA,8475683,Sergei Bobrovsky,1,12,8
2021020354,2021-12-02,BUF,8477180,Aaron Dell,1,43,38
2021020354,2021-12-02,FLA,8481519,Spencer Knight,0,19,19
2021020355,2021-12-02,NYI,8478009,Ilya Sorokin,1,35,33
2021020355,2021-12-02,SJS,8478499,Adin Hill,1,25,24
2021020356,2021-12-02,CHI,8470594,Marc-Andre Fleury,1,28,25
2021020356,2021-12-02,WSH,8477970,Vitek Vanecek,1,28,25
2021020357,2021-12-02,OTT,8476341,Anton Forsberg,1,49,47
2021020357,2021-12-02,CAR,8477293,Antti Raanta,1,20,17
2021020358,2021-12-02,NSH,8477424,Juuse Saros,1,33,31
2021020358,2021-12-02,BOS,8480280,Jeremy Swayman,1,42,42
2021020359,2021-12-02,DAL,8479979,Jake Oettinger,1,22,20
2021020359,2021-12-02,CBJ,8480193,Daniil Tarasov,1,37,34
2021020360,2021-12-02,MIN,8478039,Kaapo Kahkonen,1,31,29
2021020360,2021-12-02,NJD,8478406,Mackenzie Blackwood,1,38,33
2021020361,2021-12-02,CGY,8474593,Jacob Markstrom,1,42,40
2021020361,2021-12-02,LAK,8477361,Calvin Petersen,1,32,29
2021020362,2021-12-03,NYR,8478048,Igor Shesterkin,1,19,19
2021020362,2021-12-03,SJS,8478499,Adin Hill,1,27,26
2021020362,2021-12-03,NYR,8480382,Alexandar Georgiev,0,9,9
2021020363,2021-12-03,NJD,8473541,Jonathan Bernier,1,32,26
2021020363,2021-12-03,WPG,8476945,Connor Hellebuyck,1,37,33
2021020363,2021-12-03,NJD,8478406,Mackenzie Blackwood,0,8,6
2021020364,2021-12-03,VGK,8476316,Laurent Brossoit,1,30,29
2021020364,2021-12-03,ARI,8478872,Karel Vejmelka,1,32,25
2021020365,2021-12-03,ANA,8476434,John Gibson,1,36,33
2021020365,2021-12-03,CGY,8478435,Dan Vladar,1,34,31
2021020366,2021-12-03,SEA,8475831,Philipp Grubauer,1,32,29
2021020366,2021-12-03,EDM,8479973,Stuart Skinner,1,34,30
2021020367,2021-12-04,TBL,8476883,Andrei Vasilevskiy,1,39,37
2021020367,2021-12-04,BOS,8480280,Jeremy Swayman,1,25,22
2021020368,2021-12-04,OTT,8476341,Anton Forsberg,1,31,26
2021020368,2021-12-04,COL,8477992,Jonas Johansson,1,15,12
2021020368,2021-12-04,COL,8481020,Justus Annunen,0,19,17
2021020369,2021-12-04,DET,8477968,Alex Nedeljkovic,1,23,20
2021020369,2021-12-04,NYI,8478009,Ilya Sorokin,1,30,26
2021020370,2021-12-04,FLA,8475683,Sergei Bobrovsky,1,25,22
2021020370,2021-12-04,STL,8478024,Ville Husso,1,51,48
2021020371,2021-12-04,NYR,8480382,Alexandar Georgiev,1,27,25
2021020371,2021-12-04,CHI,8480947,Kevin Lankinen,1,31,28
2021020372,2021-12-04,WSH,8478492,Ilya Samsonov,1,18,17
2021020372,2021-12-04,CBJ,8480193,Daniil Tarasov,1,31,29
2021020373,2021-12-04,BUF,8476876,Malcolm Subban,1,25,19
2021020373,2021-12-04,BUF,8477180,Aaron Dell,0,4,4
2021020373,2021-12-04,CAR,8477293,Antti Raanta,1,34,32
2021020374,2021-12-04,MTL,8474596,Jake Allen,1,44,40
2021020374,2021-12-04,NSH,8477424,Juuse Saros,1,23,20
2021020375,2021-12-04,MIN,8475660,Cam Talbot,1,42,39
2021020375,2021-12-04,TOR,8475789,Jack Campbell,1,40,37
2021020376,2021-12-04,PIT,8477465,Tristan Jarry,1,23,22
2021020376,2021-12-04,VAN,8477967,Thatcher Demko,1,44,40
2021020377,2021-12-05,CHI,8470594,Marc-Andre Fleury,1,24,22
2021020377,2021-12-05,NYI,8473575,Semyon Varlamov,1,26,24
2021020378,2021-12-05,TBL,8470880,Brian Elliott,1,39,38
2021020378,2021-12-05,PHI,8474889,Martin Jones,0,12,10
2021020378,2021-12-05,PHI,8479394,Carter Hart,1,15,10
2021020379,2021-12-05,CBJ,8478007,Elvis Merzlikins,1,34,30
2021020379,2021-12-05,SJS,8478499,Adin Hill,1,29,24
2021020380,2021-12-05,WPG,8476945,Connor Hellebuyck,1,35,32
2021020380,2021-12-05,TOR,8479361,Joseph Woll,1,41,35
2021020381,2021-12-05,LAK,8471734,Jonathan Quick,1,22,21
2021020381,2021-12-05,EDM,8475156,Mikko Koskinen,1,40,35
2021020382,2021-12-05,CGY,8474593,Jacob Markstrom,1,28,25
2021020382,2021-12-05,VGK,8475215,Robin Lehner,1,25,23
2021020383,2021-12-06,PHI,8474889,Martin Jones,1,50,43
2021020383,2021-12-06,COL,8481020,Justus Annunen,1,32,27
2021020384,2021-12-06,ANA,8476434,John Gibson,1,29,26
2021020384,2021-12-06,WSH,8478492,Ilya Samsonov,1,34,31
2021020385,2021-12-06,DAL,8474651,Braden Holtby,1,19,18
2021020385,2021-12-06,ARI,8475809,Scott Wedgewood,1,27,23
2021020386,2021-12-06,LAK,8477361,Calvin Petersen,1,30,26
2021020386,2021-12-06,VAN,8477967,Thatcher Demko,1,31,31
2021020387,2021-12-06,SEA,8475831,Philipp Grubauer,1,4,1
2021020387,2021-12-06,SEA,8478916,Joey Daccord,0,27,24
2021020387,2021-12-06,PIT,8479193,Casey DeSmith,1,29,28
2021020388,2021-12-07,ANA,8476932,Anthony Stolarz,1,25,25
2021020388,2021-12-07,BUF,8480045,Ukko-Pekka Luukkonen,1,23,21
2021020389,2021-12-07,TOR,8475789,Jack Campbell,1,32,28
2021020389,2021-12-07,CBJ,8478007,Elvis Merzlikins,1,30,25
2021020389,2021-12-07,CBJ,8480193,Daniil Tarasov,0,10,10
2021020390,2021-12-07,MTL,8474596,Jake Allen,1,27,24
2021020390,2021-12-07,TBL,8476883,Andrei Vasilevskiy,1,23,21
2021020391,2021-12-07,NYI,8478009,Ilya Sorokin,1,33,30
2021020391,2021-12-07,OTT,8479406,Filip Gustavsson,1,27,22
2021020392,2021-12-07,DET,8477968,Alex Nedeljkovic,1,32,28
2021020392,2021-12-07,NSH,8479496,David Rittich,1,16,14
2021020393,2021-12-07,CHI,8470594,Marc-Andre Fleury,1,29,24
2021020393,2021-12-07,NYR,8480382,Alexandar Georgiev,1,26,24
2021020394,2021-12-07,STL,8478024,Ville Husso,1,37,34
2021020394,2021-12-07,STL,8479292,Charlie Lindgren,0,3,3
2021020394,2021-12-07,FLA,8481519,Spencer Knight,1,30,26
2021020395,2021-12-07,CAR,8475883,Frederik Andersen,1,18,16
2021020395,2021-12-07,WPG,8476945,Connor Hellebuyck,1,34,30
2021020396,2021-12-07,EDM,8475156,Mikko Koskinen,1,26,22
2021020396,2021-12-07,MIN,8475660,Cam Talbot,1,39,38
2021020397,2021-12-07,CGY,8478435,Dan Vladar,1,26,22
2021020397,2021-12-07,SJS,8478499,Adin Hill,1,43,40
2021020398,2021-12-08,NJD,8478406,Mackenzie Blackwood,1,25,25
2021020398,2021-12-08,PHI,8479394,Carter Hart,1,26,24
2021020399,2021-12-08,COL,8475311,Darcy Kuemper,1,29,26
2021020399,2021-12-08,COL,8477992,Jonas Johansson,0,1,1
2021020399,2021-12-08,NYR,8478903,Adam Huska,1,39,32
2021020400,2021-12-08,VAN,8477967,Thatcher Demko,1,36,35
2021020400,2021-12-08,BOS,8480280,Jeremy Swayman,1,32,31
2021020401,2021-12-08,DAL,8474651,Braden Holtby,1,45,40
2021020401,2021-12-08,VGK,8475215,Robin Lehner,1,10,7
2021020401,2021-12-08,VGK,8476316,Laurent Brossoit,0,13,12
2021020402,2021-12-09,TOR,8475789,Jack Campbell,1,26,22
2021020402,2021-12-09,TBL,8476883,Andrei Vasilevskiy,1,38,35
2021020403,2021-12-09,CHI,8470594,Marc-Andre Fleury,1,30,30
2021020403,2021-12-09,MTL,8474596,Jake Allen,1,25,23
2021020404,2021-12-09,NYI,8473575,Semyon Varlamov,1,29,25
2021020404,2021-12-09,NSH,8479496,David Rittich,1,21,18
2021020405,2021-12-09,ANA,8476434,John Gibson,1,34,33
2021020405,2021-12-09,CBJ,8478007,Elvis Merzlikins,1,26,25
2021020406,2021-12-09,DET,8471306,Thomas Greiss,0,7,5
2021020406,2021-12-09,DET,8477968,Alex Nedeljkovic,1,18,15
2021020406,2021-12-09,STL,8479292,Charlie Lindgren,1,31,29
2021020407,2021-12-09,CGY,8474593,Jacob Markstrom,1,26,24
2021020407,2021-12-09,CAR,8475883,Frederik Andersen,1,27,26
2021020408,2021-12-09,BOS,8476999,Linus Ullmark,1,43,41
2021020408,2021-12-09,EDM,8479973,Stuart Skinner,1,30,27
2021020409,2021-12-09,LAK,8471734,Jonathan Quick,1,27,27
2021020409,2021-12-09,DAL,8479979,Jake Oettinger,1,39,37
2021020410,2021-12-09,MIN,8475660,Cam Talbot,1,35,33
2021020410,2021-12-09,SJS,8478499,Adin Hill,1,25,22
2021020411,2021-12-09,SEA,8475831,Philipp Grubauer,1,33,30
2021020411,2021-12-09,WPG,8476945,Connor Hellebuyck,1,25,25
2021020412,2021-12-10,BUF,8480045,Ukko-Pekka Luukkonen,1,31,29
2021020412,2021-12-10,NYR,8480382,Alexandar Georgiev,1,37,36
2021020413,2021-12-10,NSH,8477424,Juuse Saros,1,31,29
2021020413,2021-12-10,NJD,8478406,Mackenzie Blackwood,1,27,24
2021020414,2021-12-10,PIT,8477465,Tristan Jarry,1,31,29
2021020414,2021-12-10,WSH,8478492,Ilya Samsonov,1,32,29
2021020415,2021-12-10,DET,8471306,Thomas Greiss,1,7,4
2021020415,2021-12-10,COL,8475311,Darcy Kuemper,1,40,37
2021020415,2021-12-10,DET,8477968,Alex Nedeljkovic,0,39,36
2021020416,2021-12-10,FLA,8475683,Sergei Bobrovsky,1,23,22
2021020416,2021-12-10,ARI,8475809,Scott Wedgewood,1,23,20
2021020417,2021-12-10,WPG,8477480,Eric Comrie,1,36,33
2021020417,2021-12-10,VAN,8477967,Thatcher Demko,1,37,34
2021020418,2021-12-10,VGK,8476316,Laurent Brossoit,1,25,21
2021020418,2021-12-10,PHI,8479394,Carter Hart,1,44,41
2021020419,2021-12-11,WSH,8477970,Vitek Vanecek,1,31,29
2021020419,2021-12-11,BUF,8480045,Ukko-Pekka Luukkonen,1,42,40
2021020420,2021-12-11,TOR,8475852,Petr Mrazek,1,35,31
2021020420,2021-12-11,CHI,8480947,Kevin Lankinen,1,26,21
2021020421,2021-12-11,TBL,8470880,Brian Elliott,1,22,19
2021020421,2021-12-11,OTT,8476341,Anton Forsberg,1,25,25
2021020422,2021-12-11,NYI,8478009,Ilya Sorokin,1,32,30
2021020422,2021-12-11,NJD,8481033,Akira Schmid,1,29,25
2021020423,2021-12-11,ANA,8476434,John Gibson,1,16,15
2021020423,2021-12-11,ANA,8476932,Anthony Stolarz,0,13,13
2021020423,2021-12-11,PIT,8479193,Casey DeSmith,1,33,33
2021020424,2021-12-11,MTL,8474596,Jake Allen,1,37,33
2021020424,2021-12-11,STL,8479292,Charlie Lindgren,1,23,22
2021020425,2021-12-11,CGY,8474593,Jacob Markstrom,1,27,23
2021020425,2021-12-11,BOS,8476999,Linus Ullmark,1,42,40
2021020426,2021-12-11,EDM,8475156,Mikko Koskinen,1,31,28
2021020426,2021-12-11,CAR,8475883,Frederik Andersen,1,23,22
2021020427,2021-12-11,PHI,8474889,Martin Jones,1,32,29
2021020427,2021-12-11,ARI,8478872,Karel Vejmelka,1,34,29
2021020428,2021-12-11,LAK,8471734,Jonathan Quick,1,31,30
2021020428,2021-12-11,MIN,8478039,Kaapo Kahkonen,1,37,35
2021020429,2021-12-11,SJS,8473503,James Reimer,1,35,34
2021020429,2021-12-11,DAL,8474651,Braden Holtby,1,25,23
2021020430,2021-12-11,SEA,8475831,Philipp Grubauer,1,28,23
2021020430,2021-12-11,CBJ,8478007,Elvis Merzlikins,1,32,28
2021020431,2021-12-12,NSH,8477424,Juuse Saros,1,32,32
2021020431,2021-12-12,NYR,8480382,Alexandar Georgiev,1,24,23
2021020432,2021-12-12,STL,8476903,Jon Gillies,1,39,36
2021020432,2021-12-12,ANA,8476932,Anthony Stolarz,1,25,23
2021020433,2021-12-12,COL,8475311,Darcy Kuemper,1,31,29
2021020433,2021-12-12,FLA,8475683,Sergei Bobrovsky,1,26,23
2021020434,2021-12-12,CAR,8477293,Antti Raanta,1,26,24
2021020434,2021-12-12,VAN,8477967,Thatcher Demko,1,29,28
2021020435,2021-12-12,VGK,8475215,Robin Lehner,1,27,23
2021020435,2021-12-12,MIN,8475660,Cam Talbot,1,35,30
2021020436,2022-04-18,CGY,8474593,Jacob Markstrom,1,24,22
2021020436,2022-04-18,CHI,8480947,Kevin Lankinen,1,33,30
2021020437,2021-12-14,VGK,8475215,Robin Lehner,1,24,23
2021020437,2021-12-14,BOS,8480280,Jeremy Swayman,1,25,21
2021020438,2021-12-14,DET,8477968,Alex Nedeljkovic,1,34,33
2021020438,2021-12-14,NYI,8478009,Ilya Sorokin,1,39,37
2021020439,2021-12-14,LAK,8471734,Jonathan Quick,1,30,27
2021020439,2021-12-14,TBL,8476883,Andrei Vasilevskiy,1,30,28
2021020440,2021-12-14,OTT,8476341,Anton Forsberg,1,35,33
2021020440,2021-12-14,FLA,8481519,Spencer Knight,1,38,30
2021020441,2021-12-14,NJD,8478406,Mackenzie Blackwood,1,22,17
2021020441,2021-12-14,PHI,8479394,Carter Hart,1,27,26
2021020441,2021-12-14,NJD,8481033,Akira Schmid,0,8,7
2021020442,2021-12-14,MTL,8474596,Jake Allen,1,31,26
2021020442,2021-12-14,PIT,8477465,Tristan Jarry,1,30,28
2021020443,2022-04-19,NSH,8477424,Juuse Saros,1,21,19
2021020443,2022-04-19,CGY,8478435,Dan Vladar,1,27,25
2021020444,2021-12-14,STL,8479292,Charlie Lindgren,1,34,33
2021020444,2021-12-14,DAL,8479979,Jake Oettinger,1,29,25
2021020445,2022-02-12,MIN,8475660,Cam Talbot,1,39,37
2021020445,2022-02-12,CAR,8475883,Frederik Andersen,1,27,24
2021020446,2021-12-14,WPG,8476945,Connor Hellebuyck,1,27,23
2021020446,2021-12-14,BUF,8480045,Ukko-Pekka Luukkonen,1,36,34
2021020447,2021-12-14,COL,8475311,Darcy Kuemper,1,28,26
2021020447,2021-12-14,NYR,8480382,Alexandar Georgiev,1,31,27
2021020448,2021-12-14,EDM,8475156,Mikko Koskinen,1,25,20
2021020448,2021-12-14,TOR,8475789,Jack Campbell,1,36,35
2021020449,2021-12-14,VAN,8470860,Jaroslav Halak,1,23,20
2021020449,2021-12-14,CBJ,8478007,Elvis Merzlikins,1,39,35
2021020450,2021-12-14,SJS,8473503,James Reimer,1,29,27
2021020450,2021-12-14,SEA,8476904,Chris Driedger,1,34,33
2021020451,2021-12-15,CHI,8470594,Marc-Andre Fleury,1,46,42
2021020451,2021-12-15,WSH,8478492,Ilya Samsonov,1,28,23
2021020452,2021-12-15,ARI,8475809,Scott Wedgewood,1,30,27
2021020452,2021-12-15,NYR,8476234,Keith Kinkaid,1,31,29
2021020453,2021-12-15,SEA,8475831,Philipp Grubauer,1,18,15
2021020453,2021-12-15,SEA,8476904,Chris Driedger,0,6,5
2021020453,2021-12-15,ANA,8476932,Anthony Stolarz,1,20,19
2021020454,2021-12-16,PHI,8479394,Carter Hart,1,40,38
2021020454,2021-12-16,MTL,8480051,Cayden Primeau,1,39,37
2021020455,2021-12-16,OTT,8476341,Anton Forsberg,1,27,25
2021020455,2021-12-16,TBL,8476883,Andrei Vasilevskiy,1,26,25
2021020456,2021-12-16,LAK,8471734,Jonathan Quick,1,42,41
2021020456,2021-12-16,FLA,8475683,Sergei Bobrovsky,1,31,27
2021020457,2021-12-16,VGK,8475215,Robin Lehner,1,26,23
2021020457,2021-12-16,VGK,8476316,Laurent Brossoit,0,0,0
2021020457,2021-12-16,NJD,8478406,Mackenzie Blackwood,1,29,25
2021020458,2021-12-16,NYI,8473575,Semyon Varlamov,1,41,40
2021020458,2021-12-16,BOS,8476999,Linus Ullmark,1,27,25
2021020459,2021-12-16,CAR,8475883,Frederik Andersen,1,26,23
2021020459,2021-12-16,DET,8477968,Alex Nedeljkovic,1,32,28
2021020460,2021-12-16,NSH,8477424,Juuse Saros,1,26,24
2021020460,2021-12-16,COL,8480925,Pavel Francouz,1,34,30
2021020461,2021-12-16,MIN,8475660,Cam Talbot,1,40,38
2021020461,2021-12-16,BUF,8480045,Ukko-Pekka Luukkonen,1,32,30
2021020462,2022-02-10,CGY,8474593,Jacob Markstrom,1,48,46
2021020462,2022-02-10,TOR,8475789,Jack Campbell,1,26,21
2021020463,2021-12-16,CBJ,8476914,Joonas Korpisalo,0,15,15
2021020463,2021-12-16,CBJ,8478007,Elvis Merzlikins,1,29,25
2021020463,2021-12-16,EDM,8479973,Stuart Skinner,1,38,36
2021020464,2021-12-16,VAN,8477967,Thatcher Demko,1,36,34
2021020464,2021-12-16,SJS,8478499,Adin Hill,1,29,25
2021020465,2021-12-17,VGK,8476316,Laurent Brossoit,1,29,27
2021020465,2021-12-17,NYR,8480382,Alexandar Georgiev,1,30,28
2021020466,2021-12-17,BUF,8476876,Malcolm Subban,1,48,45
2021020466,2021-12-17,PIT,8477465,Tristan Jarry,1,21,19
2021020467,2021-12-17,CHI,8470594,Marc-Andre Fleury,1,31,28
2021020467,2021-12-17,NSH,8477424,Juuse Saros,1,19,17
2021020468,2021-12-17,DAL,8474651,Braden Holtby,1,33,30
2021020468,2021-12-17,STL,8479292,Charlie Lindgren,1,27,26
2021020469,2021-12-17,WPG,8476945,Connor Hellebuyck,1,37,34
2021020469,2021-12-17,WSH,8477970,Vitek Vanecek,1,42,40
2021020470,2021-12-17,ARI,8475809,Scott Wedgewood,1,37,32
2021020470,2021-12-17,ANA,8476434,John Gibson,1,27,21
2021020471,2022-04-24,MTL,8478470,Samuel Montembeault,1,41,37
2021020471,2022-04-24,BOS,8480280,Jeremy Swayman,1,26,23
2021020472,2021-12-18,DET,8471306,Thomas Greiss,1,33,31
2021020472,2021-12-18,NJD,8481033,Akira Schmid,1,30,25
2021020473,2021-12-18,PHI,8474889,Martin Jones,1,31,28
2021020473,2021-12-18,OTT,8476341,Anton Forsberg,1,38,34
2021020474,2021-12-18,LAK,8471734,Jonathan Quick,1,33,28
2021020474,2021-12-18,CAR,8475883,Frederik Andersen,1,33,32
2021020475,2021-12-18,DAL,8479979,Jake Oettinger,1,23,20
2021020475,2021-12-18,CHI,8480947,Kevin Lankinen,1,39,35
2021020476,2022-02-18,MIN,8475660,Cam Talbot,1,34,30
2021020476,2022-02-18,FLA,8475683,Sergei Bobrovsky,1,26,24
2021020477,2022-02-10,COL,8475311,Darcy Kuemper,1,38,36
2021020477,2022-02-10,TBL,8476883,Andrei Vasilevskiy,1,47,44
2021020478,2022-02-15,CBJ,8478007,Elvis Merzlikins,1,41,35
2021020478,2022-02-15,CGY,8478435,Dan Vladar,1,20,18
2021020479,2022-02-12,TOR,8475852,Petr Mrazek,1,24,21
2021020479,2022-02-12,VAN,8477967,Thatcher Demko,1,53,51
2021020480,2021-12-18,SEA,8476904,Chris Driedger,1,40,36
2021020480,2021-12-18,EDM,8479973,Stuart Skinner,1,17,14
2021020481,2022-02-19,OTT,8476341,Anton Forsberg,1,33,30
2021020481,2022-02-19,BOS,8480280,Jeremy Swayman,1,31,29
2021020482,2021-12-19,NJD,8476903,Jon Gillies,1,22,19
2021020482,2021-12-19,PIT,8477465,Tristan Jarry,1,19,17
2021020483,2021-12-19,VGK,8475215,Robin Lehner,1,32,29
2021020483,2021-12-19,NYI,8478009,Ilya Sorokin,1,34,31
2021020484,2021-12-19,LAK,8476343,Garret Sparks,1,35,33
2021020484,2021-12-19,WSH,8477970,Vitek Vanecek,1,24,21
2021020485,2022-02-18,CAR,8475883,Frederik Andersen,1,31,28
2021020485,2022-02-18,NSH,8477424,Juuse Saros,1,29,25
2021020486,2021-12-19,STL,8476412,Jordan Binnington,1,34,30
2021020486,2021-12-19,WPG,8476945,Connor Hellebuyck,1,28,26
2021020487,2022-02-08,VAN,8477967,Thatcher Demko,1,36,35
2021020487,2022-02-08,ARI,8478872,Karel Vejmelka,1,29,24
2021020488,2022-02-14,TOR,8475789,Jack Campbell,1,25,23
2021020488,2022-02-14,SEA,8475831,Philipp Grubauer,1,11,8
2021020488,2022-02-14,SEA,8476904,Chris Driedger,0,14,11
2021020489,2022-02-10,BUF,8474682,Dustin Tokarski,1,34,30
2021020489,2022-02-10,CBJ,8478007,Elvis Merzlikins,1,27,24
2021020490,2022-02-23,DET,8471306,Thomas Greiss,1,30,26
2021020490,2022-02-23,COL,8480925,Pavel Francouz,1,34,32
2021020491,2022-02-20,MTL,8477202,Andrew Hammond,1,32,30
2021020491,2022-02-20,NYI,8478009,Ilya Sorokin,1,27,25
2021020492,2021-12-20,MIN,8475660,Cam Talbot,1,28,22
2021020492,2021-12-20,DAL,8479979,Jake Oettinger,1,23,19
2021020493,2022-02-17,EDM,8469608,Mike Smith,1,30,27
2021020493,2022-02-17,ANA,8476434,John Gibson,1,41,34
2021020494,2022-02-10,CAR,8475883,Frederik Andersen,1,34,34
2021020494,2022-02-10,BOS,8476999,Linus Ullmark,1,43,37
2021020495,2022-02-15,OTT,8476341,Anton Forsberg,0,4,4
2021020495,2022-02-15,OTT,8476899,Matt Murray,1,31,27
2021020495,2022-02-15,STL,8478024,Ville Husso,1,20,18
2021020496,2022-02-17,PHI,8474889,Martin Jones,1,24,20
2021020496,2022-02-17,WSH,8478492,Ilya Samsonov,1,33,30
2021020497,2022-02-24,PIT,8477465,Tristan Jarry,1,19,14
2021020497,2022-02-24,PIT,8479193,Casey DeSmith,0,17,16
2021020497,2022-02-24,NJD,8482076,Nico Daws,1,38,37
2021020498,2022-02-20,CHI,8470594,Marc-Andre Fleury,1,23,20
2021020498,2022-02-20,FLA,8475683,Sergei Bobrovsky,1,24,22
2021020499,2022-02-12,WPG,8476945,Connor Hellebuyck,1,36,34
2021020499,2022-02-12,NSH,8477424,Juuse Saros,1,42,38
2021020500,2022-02-16,CGY,8474593,Jacob Markstrom,1,28,26
2021020500,2022-02-16,ANA,8476434,John Gibson,1,20,16
2021020500,2022-02-16,ANA,8476932,Anthony Stolarz,0,22,21
2021020501,2021-12-21,TBL,8470880,Brian Elliott,0,0,0
2021020501,2021-12-21,VGK,8476316,Laurent Brossoit,1,19,15
2021020501,2021-12-21,TBL,8476883,Andrei Vasilevskiy,1,41,38
2021020502,2022-02-17,SJS,8473503,James Reimer,1,27,22
2021020502,2022-02-17,VAN,8477967,Thatcher Demko,1,28,24
2021020503,2022-02-09,SEA,8475831,Philipp Grubauer,1,25,22
2021020503,2022-02-09,ARI,8478872,Karel Vejmelka,1,36,34
2021020504,2022-02-19,BUF,8474682,Dustin Tokarski,1,35,31
2021020504,2022-02-19,COL,8475311,Darcy Kuemper,1,32,29
2021020505,2022-04-27,MTL,8478470,Samuel Montembeault,1,27,24
2021020505,2022-04-27,NYR,8480382,Alexandar Georgiev,1,23,19
2021020506,2022-02-11,WPG,8476945,Connor Hellebuyck,1,35,31
2021020506,2022-02-11,DAL,8479979,Jake Oettinger,1,34,31
2021020507,2022-02-15,EDM,8469608,Mike Smith,1,32,30
2021020507,2022-02-15,LAK,8477361,Calvin Petersen,1,27,24
2021020508,2022-02-21,COL,8475311,Darcy Kuemper,1,45,40
2021020508,2022-02-21,BOS,8480280,Jeremy Swayman,1,29,28
2021020509,2022-02-19,TOR,8475789,Jack Campbell,1,33,28
2021020509,2022-02-19,STL,8478024,Ville Husso,1,37,34
2021020510,2022-02-08,OTT,8476341,Anton Forsberg,1,45,42
2021020510,2022-02-08,CAR,8477293,Antti Raanta,1,31,27
2021020511,2022-02-22,FLA,8475683,Sergei Bobrovsky,1,32,27
2021020511,2022-02-22,NSH,8479496,David Rittich,1,48,44
2021020512,2022-04-07,MTL,8474596,Jake Allen,1,37,33
2021020512,2022-04-07,NJD,8477202,Andrew Hammond,1,19,13
2021020512,2022-04-07,NJD,8482076,Nico Daws,0,7,6
2021020513,2022-04-28,NYI,8473575,Semyon Varlamov,1,27,26
2021020513,2022-04-28,WSH,8477970,Vitek Vanecek,1,26,21
2021020514,2022-02-15,PIT,8479193,Casey DeSmith,1,27,23
2021020514,2022-02-15,PHI,8479394,Carter Hart,1,34,29
2021020515,2022-02-20,BUF,8467950,Craig Anderson,1,38,32
2021020515,2022-02-20,CBJ,8475234,J-F Berube,1,36,33
2021020516,2022-02-18,CHI,8470594,Marc-Andre Fleury,1,29,29
2021020516,2022-02-18,DAL,8479979,Jake Oettinger,1,34,34
2021020517,2022-02-14,DET,8477968,Alex Nedeljkovic,1,24,18
2021020517,2022-02-14,MIN,8478039,Kaapo Kahkonen,1,34,30
2021020518,2022-02-19,CGY,8474593,Jacob Markstrom,1,23,22
2021020518,2022-02-19,SEA,8475831,Philipp Grubauer,1,37,35
2021020519,2022-02-11,TBL,8470880,Brian Elliott,1,19,16
2021020519,2022-02-11,ARI,8478872,Karel Vejmelka,1,32,28
2021020520,2022-02-19,VAN,8470860,Jaroslav Halak,0,11,9
2021020520,2022-02-19,ANA,8476434,John Gibson,1,20,16
2021020520,2022-02-19,VAN,8477967,Thatcher Demko,1,14,9
2021020521,2022-02-18,LAK,8471734,Jonathan Quick,1,24,21
2021020521,2022-02-18,VGK,8476316,Laurent Brossoit,1,31,27
2021020522,2022-02-14,SJS,8473503,James Reimer,1,39,36
2021020522,2022-02-14,SJS,8479313,Zach Sawchenko,0,2,2
2021020522,2022-02-14,EDM,8479973,Stuart Skinner,1,20,20
2021020523,2022-02-08,PIT,8477465,Tristan Jarry,1,45,43
2021020523,2022-02-08,BOS,8480280,Jeremy Swayman,1,24,21
2021020524,2022-02-15,BUF,8474682,Dustin Tokarski,1,33,30
2021020524,2022-02-15,NYI,8478009,Ilya Sorokin,1,39,35
2021020525,2022-02-17,DET,8471306,Thomas Greiss,1,39,37
2021020525,2022-02-17,NYR,8478048,Igor Shesterkin,1,33,31
2021020526,2022-02-13,OTT,8476341,Anton Forsberg,1,34,33
2021020526,2022-02-13,WSH,8478492,Ilya Samsonov,1,26,22
2021020527,2022-02-16,FLA,8475683,Sergei Bobrovsky,1,18,16
2021020527,2022-02-16,CAR,8475883,Frederik Andersen,1,31,28
2021020528,2022-02-22,CBJ,8475234,J-F Berube,1,42,39
2021020528,2022-02-22,TOR,8475789,Jack Campbell,1,30,26
2021020529,2022-02-10,STL,8476412,Jordan Binnington,1,27,22
2021020529,2022-02-10,NJD,8476903,Jon Gillies,1,31,27
2021020530,2022-02-09,NSH,8477424,Juuse Saros,1,27,23
2021020530,2022-02-09,DAL,8479979,Jake Oettinger,1,23,20
2021020531,2022-02-08,WPG,8476945,Connor Hellebuyck,1,27,27
2021020531,2022-02-08,MIN,8478039,Kaapo Kahkonen,1,28,27
2021020532,2022-03-07,CGY,8474593,Jacob Markstrom,1,28,27
2021020532,2022-03-07,EDM,8475156,Mikko Koskinen,1,29,26
2021020533,2022-02-19,LAK,8477361,Calvin Petersen,1,23,20
2021020533,2022-02-19,ARI,8478872,Karel Vejmelka,1,39,34
2021020534,2022-02-21,SEA,8476904,Chris Driedger,1,45,41
2021020534,2022-02-21,VAN,8477967,Thatcher Demko,1,27,25
2021020535,2022-02-16,COL,8475311,Darcy Kuemper,1,29,29
2021020535,2022-02-16,VGK,8476316,Laurent Brossoit,1,25,23
2021020536,2022-02-22,SJS,8473503,James Reimer,1,29,26
2021020536,2022-02-22,ANA,8476932,Anthony Stolarz,1,43,40
2021020537,2021-12-28,TBL,8476509,Maxime Lagace,1,31,27
2021020537,2021-12-28,MTL,8478470,Samuel Montembeault,1,37,32
2021020538,2022-02-17,CBJ,8478007,Elvis Merzlikins,1,32,28
2021020538,2022-02-17,CHI,8482821,Arvid Soderblom,1,36,30
2021020539,2021-12-28,LAK,8471734,Jonathan Quick,1,15,10
2021020539,2021-12-28,VGK,8476316,Laurent Brossoit,1,27,24
2021020539,2021-12-28,LAK,8476343,Garret Sparks,0,12,11
2021020540,2021-12-28,SJS,8473503,James Reimer,1,46,39
2021020540,2021-12-28,ARI,8475809,Scott Wedgewood,1,27,20
2021020541,2021-12-29,NJD,8478406,Mackenzie Blackwood,1,22,19
2021020541,2021-12-29,BUF,8480045,Ukko-Pekka Luukkonen,1,42,38
2021020542,2022-02-17,TOR,8475789,Jack Campbell,1,46,45
2021020542,2022-02-17,PIT,8477465,Tristan Jarry,1,29,25
2021020543,2022-02-12,OTT,8476899,Matt Murray,1,37,35
2021020543,2022-02-12,BOS,8480280,Jeremy Swayman,1,30,30
2021020544,2021-12-29,FLA,8475683,Sergei Bobrovsky,1,33,30
2021020544,2021-12-29,NYR,8478048,Igor Shesterkin,1,32,28
2021020545,2022-03-24,DET,8471306,Thomas Greiss,1,16,13
2021020545,2022-03-24,DET,8477968,Alex Nedeljkovic,0,10,8
2021020545,2022-03-24,NYI,8478009,Ilya Sorokin,1,39,37
2021020546,2021-12-29,NSH,8477424,Juuse Saros,1,36,32
2021020546,2021-12-29,WSH,8478492,Ilya Samsonov,1,20,17
2021020547,2021-12-29,EDM,8469608,Mike Smith,1,33,29
2021020547,2021-12-29,STL,8476412,Jordan Binnington,1,28,26
2021020548,2022-02-14,CHI,8470594,Marc-Andre Fleury,1,32,31
2021020548,2022-02-14,WPG,8476945,Connor Hellebuyck,1,23,21
2021020549,2022-02-15,DAL,8479979,Jake Oettinger,1,47,46
2021020549,2022-02-15,COL,8480925,Pavel Francouz,1,19,16
2021020550,2021-12-29,ANA,8476434,John Gibson,1,37,35
2021020550,2021-12-29,VAN,8477967,Thatcher Demko,1,23,22
2021020551,2021-12-29,PHI,8474889,Martin Jones,1,36,34
2021020551,2021-12-29,SEA,8475831,Philipp Grubauer,1,22,19
2021020552,2021-12-30,TBL,8476509,Maxime Lagace,1,27,21
2021020552,2021-12-30,FLA,8481519,Spencer Knight,1,42,39
2021020552,2021-12-30,TBL,8481597,Hugo Alnefelt,0,10,7
2021020553,2021-12-30,NYI,8473575,Semyon Varlamov,1,37,36
2021020553,2021-12-30,BUF,8476876,Malcolm Subban,1,32,28
2021020554,2021-12-30,CAR,8477293,Antti Raanta,1,26,26
2021020554,2021-12-30,MTL,8478470,Samuel Montembeault,1,38,34
2021020555,2021-12-30,CBJ,8478007,Elvis Merzlikins,1,34,31
2021020555,2021-12-30,NSH,8479496,David Rittich,1,29,26
2021020556,2021-12-30,VAN,8470860,Jaroslav Halak,1,35,34
2021020556,2021-12-30,LAK,8471734,Jonathan Quick,1,18,17
2021020557,2021-12-30,SJS,8473503,James Reimer,1,25,23
2021020557,2021-12-30,PHI,8478433,Felix Sandstrom,1,46,43
2021020558,2021-12-30,CGY,8474593,Jacob Markstrom,1,22,18
2021020558,2021-12-30,SEA,8476904,Chris Driedger,1,39,34
2021020559,2022-02-10,OTT,8476899,Matt Murray,1,43,42
2021020559,2022-02-10,PIT,8479193,Casey DeSmith,1,26,26
2021020560,2021-12-31,DET,8471306,Thomas Greiss,1,26,24
2021020560,2021-12-31,WSH,8478492,Ilya Samsonov,1,20,19
2021020561,2021-12-31,TBL,8470880,Brian Elliott,1,23,20
2021020561,2021-12-31,NYR,8478048,Igor Shesterkin,1,28,25
2021020562,2021-12-31,EDM,8469608,Mike Smith,1,41,35
2021020562,2021-12-31,NJD,8478406,Mackenzie Blackwood,1,37,32
2021020563,2022-02-13,DAL,8474651,Braden Holtby,1,29,26
2021020563,2022-02-13,COL,8475311,Darcy Kuemper,1,23,23
2021020564,2022-02-21,CGY,8474593,Jacob Markstrom,1,23,22
2021020564,2022-02-21,WPG,8476945,Connor Hellebuyck,1,30,28
2021020565,2021-12-31,VGK,8476316,Laurent Brossoit,1,16,15
2021020565,2021-12-31,ANA,8476434,John Gibson,1,45,42
2021020566,2022-01-01,BOS,8476999,Linus Ullmark,1,22,19
2021020566,2022-01-01,BUF,8480045,Ukko-Pekka Luukkonen,1,41,37
2021020567,2022-01-01,TOR,8475789,Jack Campbell,1,23,23
2021020567,2022-01-01,OTT,8476899,Matt Murray,1,40,34
2021020568,2022-01-01,FLA,8475683,Sergei Bobrovsky,1,31,29
2021020568,2022-01-01,MTL,8478470,Samuel Montembeault,1,48,43
2021020569,2022-01-01,EDM,8475156,Mikko Koskinen,1,29,26
2021020569,2022-01-01,NYI,8478009,Ilya Sorokin,1,19,17
2021020570,2022-01-01,CAR,8475883,Frederik Andersen,0,9,8
2021020570,2022-01-01,CAR,8477293,Antti Raanta,1,9,6
2021020570,2022-01-01,CBJ,8478007,Elvis Merzlikins,0,15,11
2021020570,2022-01-01,CBJ,8480193,Daniil Tarasov,1,33,31
2021020571,2022-01-01,NSH,8477424,Juuse Saros,1,38,37
2021020571,2022-01-01,CHI,8480420,Collin Delia,1,7,4
2021020571,2022-01-01,CHI,8482821,Arvid Soderblom,0,18,15
2021020572,2022-01-01,MIN,8475660,Cam Talbot,1,28,22
2021020572,2022-01-01,STL,8476412,Jordan Binnington,1,33,29
2021020572,2022-01-01,MIN,8478039,Kaapo Kahkonen,0,4,4
2021020573,2022-01-01,LAK,8471734,Jonathan Quick,1,37,34
2021020573,2022-01-01,PHI,8474889,Martin Jones,1,33,28
2021020574,2022-01-01,SEA,8475831,Philipp Grubauer,1,34,30
2021020574,2022-01-01,VAN,8477967,Thatcher Demko,1,32,30
2021020575,2022-01-02,DET,8477968,Alex Nedeljkovic,1,37,32
2021020575,2022-01-02,BOS,8480280,Jeremy Swayman,1,24,23
2021020576,2022-01-02,TBL,8476883,Andrei Vasilevskiy,1,21,17
2021020576,2022-01-02,NYR,8478048,Igor Shesterkin,1,38,38
2021020577,2022-01-02,SJS,8473503,James Reimer,1,17,11
2021020577,2022-01-02,PIT,8479193,Casey DeSmith,1,27,22
2021020577,2022-01-02,SJS,8479313,Zach Sawchenko,0,21,20
2021020578,2022-01-02,NJD,8478406,Mackenzie Blackwood,1,30,27
2021020578,2022-01-02,WSH,8478492,Ilya Samsonov,1,37,33
2021020579,2022-01-02,CGY,8474593,Jacob Markstrom,1,31,30
2021020579,2022-01-02,CHI,8482821,Arvid Soderblom,1,41,37
2021020580,2022-01-02,COL,8475311,Darcy Kuemper,1,31,29
2021020580,2022-01-02,ANA,8476434,John Gibson,1,35,32
2021020581,2022-02-20,ARI,8475809,Scott Wedgewood,1,33,32
2021020581,2022-02-20,DAL,8479979,Jake Oettinger,1,26,24
2021020582,2022-01-02,VGK,8476316,Laurent Brossoit,1,37,32
2021020582,2022-01-02,WPG,8476945,Connor Hellebuyck,1,46,42
2021020583,2022-02-07,TOR,8475852,Petr Mrazek,1,31,28
2021020583,2022-02-07,CAR,8475883,Frederik Andersen,1,32,28
2021020584,2022-02-22,MIN,8475660,Cam Talbot,1,34,30
2021020584,2022-02-22,OTT,8476341,Anton Forsberg,1,43,40
2021020585,2022-01-03,EDM,8475156,Mikko Koskinen,1,28,24
2021020585,2022-01-03,NYR,8480382,Alexandar Georgiev,1,34,33
2021020586,2022-01-04,BOS,8476999,Linus Ullmark,1,26,23
2021020586,2022-01-04,NJD,8478406,Mackenzie Blackwood,1,34,29
2021020587,2022-02-10,MTL,8478470,Samuel Montembeault,0,8,8
2021020587,2022-02-10,WSH,8478492,Ilya Samsonov,1,44,42
2021020587,2022-02-10,MTL,8480051,Cayden Primeau,1,14,10
2021020588,2022-01-04,SJS,8473503,James Reimer,1,24,20
2021020588,2022-01-04,DET,8477968,Alex Nedeljkovic,1,26,24
2021020588,2022-01-04,SJS,8478499,Adin Hill,0,7,5
2021020589,2022-01-04,CGY,8474593,Jacob Markstrom,1,45,39
2021020589,2022-01-04,FLA,8475683,Sergei Bobrovsky,1,49,47
2021020590,2022-01-04,TBL,8476883,Andrei Vasilevskiy,1,22,20
2021020590,2022-01-04,CBJ,8476914,Joonas Korpisalo,1,36,29
2021020591,2022-01-04,CHI,8470594,Marc-Andre Fleury,1,33,29
2021020591,2022-01-04,COL,8475311,Darcy Kuemper,1,31,28
2021020592,2022-01-04,WPG,8476945,Connor Hellebuyck,1,27,26
2021020592,2022-01-04,ARI,8478872,Karel Vejmelka,1,48,46
2021020593,2022-01-04,NSH,8477424,Juuse Saros,1,43,41
2021020593,2022-01-04,VGK,8480313,Logan Thompson,1,26,23
2021020594,2022-01-04,ANA,8476434,John Gibson,1,29,28
2021020594,2022-01-04,PHI,8479394,Carter Hart,1,29,26
2021020595,2022-02-22,SEA,8475831,Philipp Grubauer,1,35,31
2021020595,2022-02-22,NYI,8478009,Ilya Sorokin,1,25,23
2021020596,2022-01-05,EDM,8469608,Mike Smith,1,32,29
2021020596,2022-01-05,TOR,8475789,Jack Campbell,1,30,28
2021020597,2022-01-05,STL,8476412,Jordan Binnington,1,41,36
2021020597,2022-01-05,PIT,8477465,Tristan Jarry,0,13,13
2021020597,2022-01-05,PIT,8479193,Casey DeSmith,1,16,13
2021020598,2022-02-09,VAN,8470860,Jaroslav Halak,1,12,7
2021020598,2022-02-09,VAN,8477967,Thatcher Demko,0,15,14
2021020598,2022-02-09,NYI,8478009,Ilya Sorokin,1,37,34
2021020599,2022-01-06,MIN,8478039,Kaapo Kahkonen,1,38,36
2021020599,2022-01-06,BOS,8480280,Jeremy Swayman,1,30,27
2021020600,2022-01-06,SJS,8478499,Adin Hill,1,39,37
2021020600,2022-01-06,BUF,8480045,Ukko-Pekka Luukkonen,1,21,18
2021020601,2022-02-21,TOR,8475852,Petr Mrazek,1,24,19
2021020601,2022-02-21,MTL,8478470,Samuel Montembeault,1,37,35
2021020602,2022-01-06,TBL,8476883,Andrei Vasilevskiy,1,27,26
2021020602,2022-01-06,CGY,8478435,Dan Vladar,1,33,29
2021020603,2022-01-06,CBJ,8476914,Joonas Korpisalo,1,27,25
2021020603,2022-01-06,NJD,8478406,Mackenzie Blackwood,1,32,31
2021020604,2022-01-06,PIT,8477465,Tristan Jarry,1,20,18
2021020604,2022-01-06,PHI,8479394,Carter Hart,1,32,26
2021020605,2022-01-06,DAL,8474651,Braden Holtby,1,42,37
2021020605,2022-01-06,FLA,8475683,Sergei Bobrovsky,1,36,31
2021020606,2022-01-06,COL,8475311,Darcy Kuemper,1,35,34
2021020606,2022-01-06,WPG,8476945,Connor Hellebuyck,1,42,35
2021020607,2022-01-06,CHI,8470594,Marc-Andre Fleury,1,25,20
2021020607,2022-01-06,ARI,8478872,Karel Vejmelka,1,36,32
2021020608,2022-01-06,VGK,8475215,Robin Lehner,1,20,19
2021020608,2022-01-06,NYR,8480382,Alexandar Georgiev,1,35,30
2021020609,2022-01-09,DET,8471306,Thomas Greiss,1,27,24
2021020609,2022-01-09,ANA,8480843,Lukas Dostal,1,36,33
2021020610,2022-01-06,LAK,8471734,Jonathan Quick,1,19,16
2021020610,2022-01-06,NSH,8477424,Juuse Saros,1,48,46
2021020611,2022-04-18,OTT,8476341,Anton Forsberg,1,28,25
2021020611,2022-04-18,SEA,8476904,Chris Driedger,1,14,12
2021020612,2022-01-07,CAR,8475883,Frederik Andersen,1,39,36
2021020612,2022-01-07,CGY,8478435,Dan Vladar,1,37,31
2021020613,2022-01-07,WSH,8477457,Zach Fucale,0,7,7
2021020613,2022-01-07,STL,8478024,Ville Husso,1,27,26
2021020613,2022-01-07,WSH,8478492,Ilya Samsonov,1,16,12
2021020614,2022-02-13,BUF,8467950,Craig Anderson,1,32,29
2021020614,2022-02-13,MTL,8478470,Samuel Montembeault,1,32,27
2021020615,2022-01-08,TBL,8476883,Andrei Vasilevskiy,1,29,25
2021020615,2022-01-08,BOS,8476999,Linus Ullmark,1,29,27
2021020616,2022-01-08,PHI,8474889,Martin Jones,1,47,44
2021020616,2022-01-08,SJS,8478499,Adin Hill,1,31,29
2021020617,2022-01-08,FLA,8475683,Sergei Bobrovsky,1,27,24
2021020617,2022-01-08,CAR,8479312,Alex Lyon,1,36,32
2021020618,2022-01-08,CBJ,8476914,Joonas Korpisalo,1,30,27
2021020618,2022-01-08,NJD,8478406,Mackenzie Blackwood,1,34,30
2021020619,2022-01-08,PIT,8477465,Tristan Jarry,1,32,29
2021020619,2022-01-08,DAL,8479979,Jake Oettinger,1,29,27
2021020620,2022-01-08,WSH,8477457,Zach Fucale,1,22,21
2021020620,2022-01-08,MIN,8478039,Kaapo Kahkonen,1,31,29
2021020621,2022-02-17,SEA,8475831,Philipp Grubauer,1,28,24
2021020621,2022-02-17,WPG,8477480,Eric Comrie,1,23,20
2021020622,2022-01-08,COL,8475311,Darcy Kuemper,1,8,5
2021020622,2022-01-08,TOR,8475789,Jack Campbell,1,49,44
2021020622,2022-01-08,COL,8480925,Pavel Francouz,0,19,18
2021020623,2022-02-11,EDM,8469608,Mike Smith,1,38,37
2021020623,2022-02-11,NYI,8478009,Ilya Sorokin,1,36,33
2021020624,2022-01-08,NSH,8477424,Juuse Saros,1,40,38
2021020624,2022-01-08,ARI,8478872,Karel Vejmelka,1,29,25
2021020625,2022-04-19,VAN,8470860,Jaroslav Halak,1,14,14
2021020625,2022-04-19,VAN,8477967,Thatcher Demko,0,17,14
2021020625,2022-04-19,OTT,8479406,Filip Gustavsson,1,37,34
2021020626,2022-01-08,CHI,8470594,Marc-Andre Fleury,1,31,30
2021020626,2022-01-08,VGK,8475215,Robin Lehner,1,21,19
2021020627,2022-01-08,ANA,8476932,Anthony Stolarz,1,39,36
2021020627,2022-01-08,NYR,8480382,Alexandar Georgiev,1,14,13
2021020628,2022-01-08,LAK,8477361,Calvin Petersen,1,21,21
2021020628,2022-01-08,DET,8477968,Alex Nedeljkovic,1,41,38
2021020629,2022-01-09,DAL,8474651,Braden Holtby,1,31,29
2021020629,2022-01-09,STL,8476412,Jordan Binnington,1,27,26
2021020630,2022-02-12,CBJ,8478007,Elvis Merzlikins,1,31,30
2021020630,2022-02-12,MTL,8478470,Samuel Montembeault,1,42,40
2021020631,2022-02-15,TBL,8476883,Andrei Vasilevskiy,1,25,22
2021020631,2022-02-15,NJD,8476903,Jon Gillies,1,30,24
2021020631,2022-02-15,NJD,8482076,Nico Daws,0,2,2
2021020632,2022-01-10,BOS,8476999,Linus Ullmark,1,30,27
2021020632,2022-01-10,WSH,8477457,Zach Fucale,1,16,12
2021020632,2022-01-10,WSH,8477970,Vitek Vanecek,0,15,12
2021020633,2022-02-16,MIN,8475660,Cam Talbot,1,30,25
2021020633,2022-02-16,WPG,8476945,Connor Hellebuyck,1,36,33
2021020634,2022-01-10,SEA,8475831,Philipp Grubauer,1,35,31
2021020634,2022-01-10,COL,8480925,Pavel Francouz,1,26,23
2021020635,2022-01-15,OTT,8476899,Matt Murray,1,37,33
2021020635,2022-01-15,EDM,8479973,Stuart Skinner,1,25,20
2021020636,2022-01-10,LAK,8477361,Calvin Petersen,1,23,22
2021020636,2022-01-10,NYR,8480382,Alexandar Georgiev,1,38,36
2021020637,2022-01-11,BUF,8476876,Malcolm Subban,0,27,23
2021020637,2022-01-11,TBL,8476883,Andrei Vasilevskiy,1,18,17
2021020637,2022-01-11,BUF,8480045,Ukko-Pekka Luukkonen,1,9,7
2021020638,2022-01-11,FLA,8475683,Sergei Bobrovsky,1,44,42
2021020638,2022-01-11,VAN,8477967,Thatcher Demko,1,26,21
2021020639,2022-02-21,PHI,8474889,Martin Jones,1,31,27
2021020639,2022-02-21,CAR,8475883,Frederik Andersen,1,41,38
2021020640,2022-01-11,CHI,8470594,Marc-Andre Fleury,1,26,24
2021020640,2022-01-11,CBJ,8476914,Joonas Korpisalo,1,19,16
2021020641,2022-01-11,COL,8475311,Darcy Kuemper,1,32,27
2021020641,2022-01-11,NSH,8477424,Juuse Saros,1,44,40
2021020642,2022-02-12,CGY,8474593,Jacob Markstrom,1,21,19
2021020642,2022-02-12,NYI,8478009,Ilya Sorokin,1,29,24
2021020643,2022-01-11,VGK,8475215,Robin Lehner,1,18,15
2021020643,2022-01-11,TOR,8475789,Jack Campbell,1,34,31
2021020644,2022-01-11,ANA,8476932,Anthony Stolarz,1,33,30
2021020644,2022-01-11,PIT,8477465,Tristan Jarry,1,26,25
2021020645,2022-01-11,DET,8477968,Alex Nedeljkovic,1,40,37
2021020645,2022-01-11,SJS,8478499,Adin Hill,1,19,17
2021020646,2022-03-21,MTL,8474596,Jake Allen,1,46,43
2021020646,2022-03-21,BOS,8480280,Jeremy Swayman,1,28,26
2021020647,2022-01-12,SEA,8475831,Philipp Grubauer,1,24,20
2021020647,2022-01-12,DAL,8479979,Jake Oettinger,1,25,23
2021020648,2022-02-20,EDM,8469608,Mike Smith,1,7,3
2021020648,2022-02-20,EDM,8475156,Mikko Koskinen,0,15,12
2021020648,2022-02-20,MIN,8478039,Kaapo Kahkonen,1,33,30
2021020649,2022-01-12,TOR,8475852,Petr Mrazek,1,18,16
2021020649,2022-01-12,ARI,8478872,Karel Vejmelka,1,46,45
2021020650,2022-01-13,BOS,8471695,Tuukka Rask,1,27,25
2021020650,2022-01-13,PHI,8479394,Carter Hart,1,36,33
2021020651,2022-01-13,WPG,8476945,Connor Hellebuyck,1,33,33
2021020651,2022-01-13,DET,8477968,Alex Nedeljkovic,1,31,29
2021020652,2022-01-13,TBL,8476883,Andrei Vasilevskiy,1,26,24
2021020652,2022-01-13,VAN,8477967,Thatcher Demko,1,20,17
2021020653,2022-01-13,NJD,8476903,Jon Gillies,1,25,22
2021020653,2022-01-13,NYI,8478009,Ilya Sorokin,1,32,30
2021020654,2022-01-13,CAR,8475883,Frederik Andersen,1,32,28
2021020654,2022-01-13,CBJ,8478007,Elvis Merzlikins,1,31,31
2021020654,2022-01-13,CAR,8479581,Jack LaFontaine,0,3,1
2021020655,2022-01-13,CHI,8470594,Marc-Andre Fleury,1,29,27
2021020655,2022-01-13,MTL,8478470,Samuel Montembeault,1,31,28
2021020656,2022-01-13,SEA,8476904,Chris Driedger,1,27,25
2021020656,2022-01-13,STL,8478024,Ville Husso,1,32,31
2021020657,2022-01-13,BUF,8477180,Aaron Dell,1,30,29
2021020657,2022-01-13,NSH,8477424,Juuse Saros,1,20,17
2021020658,2022-01-13,CGY,8474593,Jacob Markstrom,1,34,30
2021020658,2022-01-13,OTT,8476899,Matt Murray,1,28,27
2021020659,2022-01-13,LAK,8471734,Jonathan Quick,1,29,27
2021020659,2022-01-13,PIT,8477465,Tristan Jarry,1,45,39
2021020660,2022-01-13,NYR,8478048,Igor Shesterkin,1,37,37
2021020660,2022-01-13,SJS,8478499,Adin Hill,1,30,28
2021020661,2022-01-14,DAL,8471418,Anton Khudobin,0,22,19
2021020661,2022-01-14,FLA,8475683,Sergei Bobrovsky,1,30,29
2021020661,2022-01-14,DAL,8479979,Jake Oettinger,1,17,13
2021020662,2022-01-14,ANA,8476932,Anthony Stolarz,1,29,23
2021020662,2022-01-14,MIN,8478039,Kaapo Kahkonen,1,42,39
2021020662,2022-01-14,ANA,8480843,Lukas Dostal,0,13,12
2021020663,2022-01-14,COL,8480925,Pavel Francouz,1,26,23
2021020663,2022-01-14,ARI,8481031,Ivan Prosvetov,1,47,44
2021020664,2022-02-08,EDM,8469608,Mike Smith,1,28,24
2021020664,2022-02-08,VGK,8476316,Laurent Brossoit,1,28,28
2021020665,2022-01-15,BOS,8476999,Linus Ullmark,1,29,26
2021020665,2022-01-15,NSH,8477424,Juuse Saros,1,44,40
2021020666,2022-02-08,NJD,8476903,Jon Gillies,1,31,30
2021020666,2022-02-08,MTL,8480051,Cayden Primeau,1,34,27
2021020667,2022-01-15,BUF,8477180,Aaron Dell,1,39,35
2021020667,2022-01-15,DET,8477968,Alex Nedeljkovic,1,22,22
2021020668,2022-01-15,DAL,8471418,Anton Khudobin,1,28,26
2021020668,2022-01-15,TBL,8476883,Andrei Vasilevskiy,1,20,19
2021020669,2022-01-15,FLA,8475683,Sergei Bobrovsky,1,30,28
2021020669,2022-01-15,CBJ,8476914,Joonas Korpisalo,0,36,31
2021020669,2022-01-15,CBJ,8478007,Elvis Merzlikins,1,15,11
2021020670,2022-01-15,NYI,8473575,Semyon Varlamov,1,35,34
2021020670,2022-01-15,WSH,8477970,Vitek Vanecek,1,23,23
2021020671,2022-01-15,NYR,8478048,Igor Shesterkin,1,28,26
2021020671,2022-01-15,PHI,8479394,Carter Hart,1,27,24
2021020672,2022-01-15,CAR,8475883,Frederik Andersen,1,31,30
2021020672,2022-01-15,VAN,8477967,Thatcher Demko,1,33,29
2021020673,2022-01-15,CHI,8470594,Marc-Andre Fleury,1,37,37
2021020673,2022-01-15,ANA,8480843,Lukas Dostal,1,35,33
2021020674,2022-01-15,TOR,8475789,Jack Campbell,1,25,20
2021020674,2022-01-15,STL,8476412,Jordan Binnington,1,40,34
2021020675,2022-03-24,OTT,8476341,Anton Forsberg,1,24,22
2021020675,2022-03-24,WPG,8476945,Connor Hellebuyck,1,32,28
2021020676,2022-02-09,CGY,8474593,Jacob Markstrom,1,28,28
2021020676,2022-02-09,VGK,8475215,Robin Lehner,1,33,27
2021020677,2022-01-15,COL,8475311,Darcy Kuemper,1,20,20
2021020677,2022-01-15,ARI,8478872,Karel Vejmelka,1,32,27
2021020678,2022-01-15,PIT,8475839,Louis Domingue,1,41,40
2021020678,2022-01-15,SJS,8478499,Adin Hill,1,27,25
2021020679,2022-01-15,SEA,8476904,Chris Driedger,1,21,19
2021020679,2022-01-15,LAK,8477361,Calvin Petersen,1,18,17
2021020680,2022-01-16,VAN,8477967,Thatcher Demko,1,33,31
2021020680,2022-01-16,WSH,8478492,Ilya Samsonov,1,31,28
2021020681,2022-02-19,EDM,8475156,Mikko Koskinen,1,24,22
2021020681,2022-02-19,WPG,8476945,Connor Hellebuyck,1,39,36
2021020682,2022-01-17,BUF,8477180,Aaron Dell,1,35,32
2021020682,2022-01-17,DET,8477968,Alex Nedeljkovic,1,28,26
2021020683,2022-01-31,TOR,8475789,Jack Campbell,1,9,6
2021020683,2022-01-31,TOR,8475852,Petr Mrazek,0,20,19
2021020683,2022-01-31,NJD,8481033,Akira Schmid,1,32,27
2021020684,2022-01-17,PHI,8474889,Martin Jones,1,30,27
2021020684,2022-01-17,NYI,8478009,Ilya Sorokin,1,27,26
2021020685,2022-01-17,NSH,8477424,Juuse Saros,1,29,24
2021020685,2022-01-17,STL,8478024,Ville Husso,1,35,32
2021020686,2022-01-17,COL,8475311,Darcy Kuemper,1,13,12
2021020686,2022-01-17,MIN,8478039,Kaapo Kahkonen,1,38,35
2021020686,2022-01-17,COL,8480925,Pavel Francouz,0,27,25
2021020687,2022-01-17,MTL,8478470,Samuel Montembeault,0,6,6
2021020687,2022-01-17,ARI,8478872,Karel Vejmelka,1,26,24
2021020687,2022-01-17,MTL,8480051,Cayden Primeau,1,16,12
2021020688,2022-01-17,VGK,8475215,Robin Lehner,1,36,32
2021020688,2022-01-17,PIT,8477465,Tristan Jarry,1,26,23
2021020689,2022-01-17,LAK,8471734,Jonathan Quick,1,17,11
2021020689,2022-01-17,SJS,8473503,James Reimer,1,41,39
2021020690,2022-01-17,CHI,8470594,Marc-Andre Fleury,1,37,35
2021020690,2022-01-17,SEA,8475831,Philipp Grubauer,1,27,25
2021020691,2022-01-18,BOS,8471695,Tuukka Rask,1,12,7
2021020691,2022-01-18,CAR,8475883,Frederik Andersen,1,32,31
2021020691,2022-01-18,BOS,8476999,Linus Ullmark,0,22,20
2021020692,2022-01-18,BUF,8475920,Michael Houser,1,44,43
2021020692,2022-01-18,OTT,8476341,Anton Forsberg,1,31,29
2021020693,2022-03-10,CBJ,8476914,Joonas Korpisalo,1,33,27
2021020693,2022-03-10,NYI,8478009,Ilya Sorokin,1,25,25
2021020694,2022-02-09,DET,8477968,Alex Nedeljkovic,1,24,21
2021020694,2022-02-09,PHI,8479394,Carter Hart,1,33,28
2021020695,2022-01-18,WPG,8476945,Connor Hellebuyck,1,31,27
2021020695,2022-01-18,WSH,8477970,Vitek Vanecek,1,33,30
2021020696,2022-01-18,VAN,8477967,Thatcher Demko,1,32,31
2021020696,2022-01-18,NSH,8479496,David Rittich,1,24,21
2021020697,2022-01-18,DAL,8474651,Braden Holtby,0,3,3
2021020697,2022-01-18,MTL,8478470,Samuel Montembeault,1,51,48
2021020697,2022-01-18,DAL,8479979,Jake Oettinger,1,19,14
2021020698,2022-01-18,CGY,8474593,Jacob Markstrom,1,29,28
2021020698,2022-01-18,FLA,8481519,Spencer Knight,1,31,26
2021020699,2022-02-09,EDM,8469608,Mike Smith,1,30,26
2021020699,2022-02-09,CHI,8470594,Marc-Andre Fleury,1,41,40
2021020700,2022-01-18,TBL,8476883,Andrei Vasilevskiy,1,36,32
2021020700,2022-01-18,LAK,8477361,Calvin Petersen,1,24,19
2021020701,2022-01-19,NJD,8478406,Mackenzie Blackwood,1,17,13
2021020701,2022-01-19,ARI,8478872,Karel Vejmelka,1,36,35
2021020702,2022-01-19,TOR,8475789,Jack Campbell,1,26,21
2021020702,2022-01-19,NYR,8478048,Igor Shesterkin,1,38,35
2021020703,2022-01-19,ANA,8476434,John Gibson,1,27,26
2021020703,2022-01-19,COL,8480925,Pavel Francouz,1,34,34
2021020704,2022-01-20,BOS,8476999,Linus Ullmark,1,17,14
2021020704,2022-01-20,WSH,8477970,Vitek Vanecek,1,33,29
2021020705,2022-01-20,DAL,8474651,Braden Holtby,1,24,20
2021020705,2022-01-20,BUF,8477180,Aaron Dell,1,47,42
2021020706,2022-01-20,CBJ,8478007,Elvis Merzlikins,1,34,33
2021020706,2022-01-20,PHI,8479394,Carter Hart,1,29,27
2021020707,2022-01-20,OTT,8476341,Anton Forsberg,1,7,5
2021020707,2022-01-20,PIT,8477465,Tristan Jarry,1,43,39
2021020707,2022-01-20,OTT,8479406,Filip Gustavsson,0,26,23
2021020708,2022-01-20,WPG,8476945,Connor Hellebuyck,1,22,18
2021020708,2022-01-20,NSH,8477424,Juuse Saros,1,38,36
2021020709,2022-01-20,EDM,8475156,Mikko Koskinen,1,28,22
2021020709,2022-01-20,FLA,8475683,Sergei Bobrovsky,1,40,40
2021020710,2022-01-20,VGK,8475215,Robin Lehner,1,27,24
2021020710,2022-01-20,MTL,8478470,Samuel Montembeault,1,53,49
2021020711,2022-01-20,LAK,8471734,Jonathan Quick,1,26,23
2021020711,2022-01-20,COL,8475311,Darcy Kuemper,1,41,40
2021020712,2022-01-20,SEA,8475831,Philipp Grubauer,1,25,23
2021020712,2022-01-20,SJS,8478499,Adin Hill,1,17,14
2021020713,2022-01-21,DAL,8474651,Braden Holtby,1,28,24
2021020713,2022-01-21,DET,8477968,Alex Nedeljkovic,1,32,27
2021020714,2022-01-21,ARI,8475809,Scott Wedgewood,1,35,31
2021020714,2022-01-21,NYI,8478009,Ilya Sorokin,1,17,17
2021020715,2022-01-21,CAR,8475883,Frederik Andersen,1,23,20
2021020715,2022-01-21,NYR,8480382,Alexandar Georgiev,1,35,29
2021020716,2022-01-21,CBJ,8476914,Joonas Korpisalo,1,30,26
2021020716,2022-01-21,PIT,8477465,Tristan Jarry,0,15,15
2021020716,2022-01-21,PIT,8479193,Casey DeSmith,1,12,10
2021020717,2022-01-21,CHI,8470594,Marc-Andre Fleury,1,13,9
2021020717,2022-01-21,MIN,8478039,Kaapo Kahkonen,1,36,35
2021020717,2022-01-21,CHI,8480947,Kevin Lankinen,0,17,16
2021020718,2022-01-21,VAN,8477484,Spencer Martin,1,34,33
2021020718,2022-01-21,FLA,8481519,Spencer Knight,1,28,27
2021020719,2022-01-21,ANA,8476434,John Gibson,1,33,32
2021020719,2022-01-21,TBL,8476883,Andrei Vasilevskiy,1,34,30
2021020720,2022-01-21,STL,8478024,Ville Husso,1,27,27
2021020720,2022-01-21,SEA,8478916,Joey Daccord,1,31,26
2021020721,2022-01-22,BOS,8471695,Tuukka Rask,1,24,22
2021020721,2022-01-22,WPG,8476945,Connor Hellebuyck,1,32,29
2021020722,2022-01-22,PHI,8474889,Martin Jones,1,8,4
2021020722,2022-01-22,BUF,8475920,Michael Houser,1,33,30
2021020722,2022-01-22,PHI,8479394,Carter Hart,0,16,14
2021020723,2022-04-17,TOR,8475789,Jack Campbell,1,29,27
2021020723,2022-04-17,NYI,8478009,Ilya Sorokin,1,36,33
2021020724,2022-01-22,NJD,8476903,Jon Gillies,1,32,28
2021020724,2022-01-22,CAR,8479581,Jack LaFontaine,1,38,31
2021020725,2022-01-22,ARI,8475809,Scott Wedgewood,0,7,6
2021020725,2022-01-22,NYR,8478048,Igor Shesterkin,1,29,26
2021020725,2022-01-22,ARI,8478872,Karel Vejmelka,1,20,14
2021020726,2022-01-22,OTT,8476899,Matt Murray,1,33,30
2021020726,2022-01-22,WSH,8477970,Vitek Vanecek,1,22,20
2021020727,2022-01-22,NSH,8477424,Juuse Saros,1,29,28
2021020727,2022-01-22,DET,8477968,Alex Nedeljkovic,1,24,21
2021020728,2022-01-22,MIN,8478039,Kaapo Kahkonen,1,36,33
2021020728,2022-01-22,CHI,8480947,Kevin Lankinen,1,44,40
2021020729,2022-01-22,COL,8475311,Darcy Kuemper,1,30,28
2021020729,2022-01-22,MTL,8480051,Cayden Primeau,1,46,43
2021020730,2022-01-22,CGY,8474593,Jacob Markstrom,1,30,26
2021020730,2022-01-22,EDM,8475156,Mikko Koskinen,1,47,44
2021020731,2022-01-22,TBL,8470880,Brian Elliott,1,28,27
2021020731,2022-01-22,SJS,8473503,James Reimer,1,13,9
2021020731,2022-01-22,SJS,8478499,Adin Hill,0,18,15
2021020732,2022-01-23,NJD,8476903,Jon Gillies,1,37,34
2021020732,2022-01-23,LAK,8477361,Calvin Petersen,1,25,23
2021020733,2022-01-23,WPG,8476945,Connor Hellebuyck,1,38,36
2021020733,2022-01-23,PIT,8477465,Tristan Jarry,1,29,27
2021020734,2022-01-23,OTT,8476341,Anton Forsberg,1,36,35
2021020734,2022-01-23,CBJ,8478007,Elvis Merzlikins,1,33,31
2021020735,2022-01-23,STL,8478024,Ville Husso,1,39,38
2021020735,2022-01-23,VAN,8480022,Michael DiPietro,1,17,14
2021020736,2022-01-23,FLA,8475683,Sergei Bobrovsky,1,28,24
2021020736,2022-01-23,SEA,8475831,Philipp Grubauer,1,31,28
2021020737,2022-01-24,BOS,8471695,Tuukka Rask,1,27,22
2021020737,2022-01-24,ANA,8476434,John Gibson,1,26,23
2021020738,2022-01-24,LAK,8471734,Jonathan Quick,1,30,28
2021020738,2022-01-24,NYR,8478048,Igor Shesterkin,1,36,34
2021020739,2022-01-24,PHI,8479394,Carter Hart,1,35,33
2021020739,2022-01-24,DAL,8479979,Jake Oettinger,1,28,27
2021020740,2022-01-24,VGK,8475215,Robin Lehner,1,34,34
2021020740,2022-01-24,WSH,8477970,Vitek Vanecek,1,29,28
2021020741,2022-01-24,MIN,8475660,Cam Talbot,1,15,14
2021020741,2022-01-24,MIN,8478039,Kaapo Kahkonen,0,6,5
2021020741,2022-01-24,MTL,8478933,Michael McNiven,0,7,4
2021020741,2022-01-24,MTL,8480051,Cayden Primeau,1,32,27
2021020742,2022-01-24,CHI,8470594,Marc-Andre Fleury,1,29,27
2021020742,2022-01-24,COL,8480925,Pavel Francouz,1,24,24
2021020743,2022-01-24,CGY,8474593,Jacob Markstrom,1,21,20
2021020743,2022-01-24,STL,8476412,Jordan Binnington,1,35,28
2021020743,2022-01-24,STL,8478024,Ville Husso,0,13,13
2021020744,2022-01-25,OTT,8476899,Matt Murray,1,32,32
2021020744,2022-01-25,BUF,8477180,Aaron Dell,1,47,42
2021020745,2022-01-25,DAL,8474651,Braden Holtby,1,37,36
2021020745,2022-01-25,NJD,8476903,Jon Gillies,0,24,23
2021020745,2022-01-25,NJD,8481033,Akira Schmid,1,7,4
2021020746,2022-01-25,PHI,8474889,Martin Jones,1,33,29
2021020746,2022-01-25,NYI,8478009,Ilya Sorokin,1,17,14
2021020747,2022-01-25,PIT,8477465,Tristan Jarry,1,16,13
2021020747,2022-01-25,ARI,8478872,Karel Vejmelka,1,36,30
2021020748,2022-01-25,CAR,8475883,Frederik Andersen,1,29,26
2021020748,2022-01-25,VGK,8476316,Laurent Brossoit,1,30,26
2021020749,2022-01-25,FLA,8475683,Sergei Bobrovsky,1,35,32
2021020749,2022-01-25,WPG,8476945,Connor Hellebuyck,1,32,27
2021020750,2022-01-25,EDM,8475156,Mikko Koskinen,1,27,25
2021020750,2022-01-25,VAN,8477484,Spencer Martin,1,50,47
2021020751,2022-01-25,SEA,8475831,Philipp Grubauer,1,27,23
2021020751,2022-01-25,NSH,8477424,Juuse Saros,1,35,33
2021020752,2022-01-26,TOR,8475789,Jack Campbell,1,20,17
2021020752,2022-01-26,ANA,8476434,John Gibson,1,44,41
2021020753,2022-01-26,CHI,8470594,Marc-Andre Fleury,1,33,28
2021020753,2022-01-26,DET,8475717,Calvin Pickard,0,21,18
2021020753,2022-01-26,DET,8477968,Alex Nedeljkovic,1,16,12
2021020754,2022-01-26,SJS,8473503,James Reimer,1,33,32
2021020754,2022-01-26,WSH,8478492,Ilya Samsonov,1,29,26
2021020755,2022-01-26,CGY,8474593,Jacob Markstrom,1,23,23
2021020755,2022-01-26,CBJ,8478007,Elvis Merzlikins,1,62,56
2021020756,2022-01-26,COL,8475311,Darcy Kuemper,1,32,29
2021020756,2022-01-26,BOS,8476999,Linus Ullmark,1,41,37
2021020757,2022-01-27,ANA,8476932,Anthony Stolarz,1,40,36
2021020757,2022-01-27,MTL,8478470,Samuel Montembeault,0,15,13
2021020757,2022-01-27,MTL,8480051,Cayden Primeau,1,9,6
2021020758,2022-01-27,CAR,8475883,Frederik Andersen,1,39,37
2021020758,2022-01-27,OTT,8476899,Matt Murray,1,29,27
2021020759,2022-01-27,TBL,8476883,Andrei Vasilevskiy,1,33,31
2021020759,2022-01-27,NJD,8476903,Jon Gillies,1,35,32
2021020760,2022-01-27,VGK,8475215,Robin Lehner,1,30,28
2021020760,2022-01-27,FLA,8481519,Spencer Knight,1,25,24
2021020761,2022-01-27,NYI,8473575,Semyon Varlamov,1,29,27
2021020761,2022-01-27,LAK,8477361,Calvin Petersen,1,25,23
2021020762,2022-01-27,SEA,8475831,Philipp Grubauer,1,24,23
2021020762,2022-01-27,PIT,8477465,Tristan Jarry,1,29,27
2021020763,2022-01-27,CBJ,8476914,Joonas Korpisalo,1,36,33
2021020763,2022-01-27,NYR,8480382,Alexandar Georgiev,1,18,14
2021020764,2022-01-27,CGY,8474593,Jacob Markstrom,1,28,23
2021020764,2022-01-27,STL,8478024,Ville Husso,1,29,28
2021020765,2022-01-27,WPG,8476945,Connor Hellebuyck,1,33,28
2021020765,2022-01-27,VAN,8477484,Spencer Martin,1,34,33
2021020766,2022-01-27,EDM,8475156,Mikko Koskinen,1,30,28
2021020766,2022-01-27,NSH,8477424,Juuse Saros,1,46,44
2021020767,2022-01-28,MIN,8475660,Cam Talbot,1,27,25
2021020767,2022-01-28,NYR,8478048,Igor Shesterkin,1,34,31
2021020768,2022-01-28,DET,8475717,Calvin Pickard,1,38,36
2021020768,2022-01-28,PIT,8479193,Casey DeSmith,1,32,30
2021020769,2022-01-28,CHI,8470594,Marc-Andre Fleury,1,25,21
2021020769,2022-01-28,COL,8480925,Pavel Francouz,1,43,39
2021020770,2022-01-28,DAL,8474651,Braden Holtby,1,27,22
2021020770,2022-01-28,WSH,8477970,Vitek Vanecek,1,29,29
2021020770,2022-01-28,DAL,8479979,Jake Oettinger,0,2,2
2021020771,2022-01-28,ARI,8475809,Scott Wedgewood,1,37,35
2021020771,2022-01-28,BOS,8476999,Linus Ullmark,1,31,30
2021020772,2022-01-29,MTL,8478470,Samuel Montembeault,1,16,10
2021020772,2022-01-29,EDM,8479973,Stuart Skinner,1,23,21
2021020772,2022-01-29,MTL,8480051,Cayden Primeau,0,8,7
2021020773,2022-01-29,OTT,8476341,Anton Forsberg,1,20,18
2021020773,2022-01-29,ANA,8476434,John Gibson,1,45,44
2021020774,2022-01-29,TOR,8475852,Petr Mrazek,1,35,31
2021020774,2022-01-29,DET,8477968,Alex Nedeljkovic,1,35,30
2021020775,2022-01-29,VGK,8475215,Robin Lehner,1,29,27
2021020775,2022-01-29,TBL,8476883,Andrei Vasilevskiy,1,27,25
2021020776,2022-01-29,SJS,8473503,James Reimer,1,50,45
2021020776,2022-01-29,FLA,8475683,Sergei Bobrovsky,1,34,30
2021020777,2022-02-02,NYI,8473575,Semyon Varlamov,1,30,28
2021020777,2022-02-02,SEA,8475831,Philipp Grubauer,1,19,19
2021020778,2022-01-29,LAK,8471734,Jonathan Quick,1,36,32
2021020778,2022-01-29,PHI,8479394,Carter Hart,1,40,37
2021020779,2022-01-29,NJD,8476903,Jon Gillies,1,23,21
2021020779,2022-01-29,CAR,8477293,Antti Raanta,1,25,24
2021020780,2022-01-29,WPG,8477480,Eric Comrie,1,29,28
2021020780,2022-01-29,STL,8478024,Ville Husso,1,23,20
2021020781,2022-01-29,CGY,8474593,Jacob Markstrom,1,15,15
2021020781,2022-01-29,VAN,8477967,Thatcher Demko,1,32,31
2021020782,2022-01-29,BUF,8467950,Craig Anderson,1,28,27
2021020782,2022-01-29,ARI,8478872,Karel Vejmelka,1,35,32
2021020783,2022-01-30,CBJ,8476914,Joonas Korpisalo,1,35,32
2021020783,2022-01-30,MTL,8478470,Samuel Montembeault,1,7,4
2021020783,2022-01-30,MTL,8480051,Cayden Primeau,0,28,26
2021020784,2022-01-30,NYI,8478009,Ilya Sorokin,1,21,17
2021020784,2022-01-30,MIN,8478039,Kaapo Kahkonen,1,43,40
2021020785,2022-01-30,SEA,8475831,Philipp Grubauer,1,24,21
2021020785,2022-01-30,NYR,8478048,Igor Shesterkin,1,42,40
2021020786,2022-01-30,LAK,8477361,Calvin Petersen,1,26,23
2021020786,2022-01-30,PIT,8477465,Tristan Jarry,1,38,34
2021020787,2022-01-30,SJS,8473503,James Reimer,1,29,27
2021020787,2022-01-30,CAR,8475883,Frederik Andersen,1,28,27
2021020788,2022-02-12,CHI,8470594,Marc-Andre Fleury,1,31,26
2021020788,2022-02-12,STL,8478024,Ville Husso,1,16,15
2021020789,2022-01-30,BOS,8476999,Linus Ullmark,1,15,11
2021020789,2022-01-30,DAL,8479979,Jake Oettinger,1,26,25
2021020789,2022-01-30,BOS,8480280,Jeremy Swayman,0,14,12
2021020790,2022-01-30,BUF,8474682,Dustin Tokarski,1,35,32
2021020790,2022-01-30,COL,8475311,Darcy Kuemper,1,31,30
2021020791,2022-01-31,EDM,8475156,Mikko Koskinen,1,31,28
2021020791,2022-01-31,OTT,8476899,Matt Murray,1,39,37
2021020792,2022-01-31,ANA,8476434,John Gibson,1,28,26
2021020792,2022-01-31,DET,8477968,Alex Nedeljkovic,1,15,14
2021020793,2022-01-31,FLA,8475683,Sergei Bobrovsky,1,36,32
2021020793,2022-01-31,CBJ,8476914,Joonas Korpisalo,0,15,14
2021020793,2022-01-31,CBJ,8478007,Elvis Merzlikins,1,25,18
2021020794,2022-01-31,CHI,8470594,Marc-Andre Fleury,1,31,29
2021020794,2022-01-31,VAN,8470860,Jaroslav Halak,1,21,20
2021020795,2022-02-01,SEA,8476904,Chris Driedger,1,26,23
2021020795,2022-02-01,BOS,8476999,Linus Ullmark,1,27,25
2021020796,2022-02-17,STL,8478024,Ville Husso,1,30,27
2021020796,2022-02-17,MTL,8478470,Samuel Montembeault,1,27,25
2021020797,2022-02-01,SJS,8473503,James Reimer,1,32,29
2021020797,2022-02-01,TBL,8476883,Andrei Vasilevskiy,1,21,19
2021020798,2022-02-01,TOR,8475789,Jack Campbell,1,32,31
2021020798,2022-02-01,NJD,8476903,Jon Gillies,1,28,22
2021020798,2022-02-01,NJD,8481033,Akira Schmid,0,8,7
2021020799,2022-02-01,OTT,8476341,Anton Forsberg,1,30,26
2021020799,2022-02-01,NYI,8478009,Ilya Sorokin,1,27,26
2021020800,2022-02-01,NYR,8478048,Igor Shesterkin,1,36,34
2021020800,2022-02-01,FLA,8481519,Spencer Knight,1,34,30
2021020801,2022-02-01,WPG,8476945,Connor Hellebuyck,1,35,33
2021020801,2022-02-01,PHI,8479394,Carter Hart,1,33,32
2021020802,2022-02-01,PIT,8477465,Tristan Jarry,1,32,28
2021020802,2022-02-01,WSH,8477970,Vitek Vanecek,1,2,1
2021020802,2022-02-01,WSH,8478492,Ilya Samsonov,0,45,43
2021020803,2022-02-01,NSH,8477424,Juuse Saros,1,32,30
2021020803,2022-02-01,VAN,8477967,Thatcher Demko,1,28,24
2021020804,2022-02-01,CGY,8474593,Jacob Markstrom,1,23,20
2021020804,2022-02-01,CGY,8478435,Dan Vladar,0,5,5
2021020804,2022-02-01,DAL,8479979,Jake Oettinger,1,40,36
2021020805,2022-02-01,COL,8475311,Darcy Kuemper,1,24,22
2021020805,2022-02-01,ARI,8475809,Scott Wedgewood,1,40,38
2021020806,2022-02-01,BUF,8467950,Craig Anderson,1,35,30
2021020806,2022-02-01,VGK,8475215,Robin Lehner,1,32,30
2021020807,2022-02-02,LAK,8471734,Jonathan Quick,1,25,22
2021020807,2022-02-02,DET,8477968,Alex Nedeljkovic,1,43,40
2021020808,2022-02-02,EDM,8475156,Mikko Koskinen,1,27,24
2021020808,2022-02-02,WSH,8477831,Pheonix Copley,0,22,21
2021020808,2022-02-02,WSH,8478492,Ilya Samsonov,1,4,1
2021020809,2022-02-02,CHI,8470594,Marc-Andre Fleury,1,30,25
2021020809,2022-02-02,MIN,8475660,Cam Talbot,1,30,30
2021020809,2022-02-02,CHI,8480420,Collin Delia,0,5,5
2021020810,2022-02-02,CGY,8474593,Jacob Markstrom,1,28,26
2021020810,2022-02-02,ARI,8478872,Karel Vejmelka,1,50,46
2021020811,2022-02-12,DET,8471306,Thomas Greiss,1,34,32
2021020811,2022-02-12,PHI,8479394,Carter Hart,1,23,20
2021020812,2022-02-23,EDM,8469608,Mike Smith,1,22,18
2021020812,2022-02-23,TBL,8476883,Andrei Vasilevskiy,1,30,27
2021020813,2022-02-23,WPG,8476945,Connor Hellebuyck,1,39,36
2021020813,2022-02-23,DAL,8479979,Jake Oettinger,1,22,20
2021020814,2022-02-23,ARI,8475809,Scott Wedgewood,1,35,32
2021020814,2022-02-23,LAK,8477361,Calvin Petersen,1,19,17
2021020815,2022-02-24,TOR,8475852,Petr Mrazek,1,30,29
2021020815,2022-02-24,MIN,8478039,Kaapo Kahkonen,1,24,22
2021020816,2022-02-24,CBJ,8475234,J-F Berube,1,42,39
2021020816,2022-02-24,FLA,8477992,Jonas Johansson,1,27,22
2021020817,2022-02-13,NJD,8476903,Jon Gillies,1,34,31
2021020817,2022-02-13,PIT,8477465,Tristan Jarry,1,30,28
2021020818,2022-02-24,NYR,8478048,Igor Shesterkin,1,37,36
2021020818,2022-02-24,WSH,8478492,Ilya Samsonov,1,21,17
2021020819,2022-02-24,NSH,8477424,Juuse Saros,1,28,27
2021020819,2022-02-24,DAL,8479979,Jake Oettinger,1,20,19
2021020820,2022-02-24,CGY,8474593,Jacob Markstrom,1,21,18
2021020820,2022-02-24,VAN,8477967,Thatcher Demko,1,30,29
2021020820,2022-02-24,CGY,8478435,Dan Vladar,0,17,13
2021020821,2022-02-24,SJS,8473503,James Reimer,1,47,44
2021020821,2022-02-24,NYI,8478009,Ilya Sorokin,1,28,25
2021020822,2022-02-24,SEA,8475831,Philipp Grubauer,1,39,36
2021020822,2022-02-24,BOS,8476999,Linus Ullmark,1,27,25
2021020823,2022-02-25,CBJ,8475234,J-F Berube,1,50,46
2021020823,2022-02-25,CAR,8475883,Frederik Andersen,1,19,19
2021020824,2022-02-25,NJD,8476903,Jon Gillies,1,35,29
2021020824,2022-02-25,CHI,8480947,Kevin Lankinen,1,36,31
2021020825,2022-02-25,BUF,8474682,Dustin Tokarski,1,22,18
2021020825,2022-02-25,STL,8478024,Ville Husso,1,38,35
2021020826,2022-02-25,WPG,8476945,Connor Hellebuyck,1,42,36
2021020826,2022-02-25,COL,8480925,Pavel Francouz,1,29,26
2021020827,2022-02-25,ARI,8475809,Scott Wedgewood,1,44,43
2021020827,2022-02-25,VGK,8476316,Laurent Brossoit,1,31,29
2021020828,2022-02-25,LAK,8471734,Jonathan Quick,1,25,24
2021020828,2022-02-25,ANA,8476434,John Gibson,1,20,16
2021020828,2022-02-25,ANA,8476932,Anthony Stolarz,0,12,12
2021020829,2022-04-26,TOR,8475789,Jack Campbell,1,20,20
2021020829,2022-04-26,DET,8477968,Alex Nedeljkovic,1,36,33
2021020830,2022-02-26,OTT,8476899,Matt Murray,1,32,30
2021020830,2022-02-26,MTL,8477202,Andrew Hammond,1,27,26
2021020831,2022-02-26,EDM,8475156,Mikko Koskinen,1,47,44
2021020831,2022-02-26,FLA,8475683,Sergei Bobrovsky,1,22,18
2021020832,2022-02-26,WSH,8478492,Ilya Samsonov,1,22,20
2021020832,2022-02-26,PHI,8479394,Carter Hart,1,28,27
2021020833,2022-02-26,PIT,8477465,Tristan Jarry,1,27,27
2021020833,2022-02-26,NYR,8478048,Igor Shesterkin,1,26,25
2021020834,2022-02-26,TBL,8476883,Andrei Vasilevskiy,1,28,26
2021020834,2022-02-26,NSH,8477424,Juuse Saros,1,33,30
2021020835,2022-02-26,CGY,8474593,Jacob Markstrom,1,25,22
2021020835,2022-02-26,MIN,8478039,Kaapo Kahkonen,1,33,28
2021020836,2022-02-26,COL,8475311,Darcy Kuemper,1,36,34
2021020836,2022-02-26,VGK,8476316,Laurent Brossoit,1,21,18
2021020837,2022-02-26,NYI,8473575,Semyon Varlamov,1,34,30
2021020837,2022-02-26,LAK,8477361,Calvin Petersen,1,28,26
2021020838,2022-02-26,SJS,8473503,James Reimer,1,37,34
2021020838,2022-02-26,BOS,8480280,Jeremy Swayman,1,16,15
2021020839,2022-02-27,VAN,8477967,Thatcher Demko,1,33,31
2021020839,2022-02-27,NYR,8480382,Alexandar Georgiev,1,33,29
2021020840,2022-02-27,EDM,8469608,Mike Smith,1,29,27
2021020840,2022-02-27,CAR,8475883,Frederik Andersen,1,30,29
2021020841,2022-02-27,CBJ,8478007,Elvis Merzlikins,1,40,37
2021020841,2022-02-27,PIT,8479193,Casey DeSmith,1,34,32
2021020842,2022-02-27,CHI,8470594,Marc-Andre Fleury,1,35,31
2021020842,2022-02-27,STL,8476412,Jordan Binnington,1,30,30
2021020843,2022-02-27,BUF,8467950,Craig Anderson,1,31,27
2021020843,2022-02-27,DAL,8479979,Jake Oettinger,1,40,38
2021020844,2022-02-27,ARI,8475809,Scott Wedgewood,1,37,33
2021020844,2022-02-27,WPG,8477480,Eric Comrie,1,29,26
2021020845,2022-02-27,ANA,8476932,Anthony Stolarz,1,22,18
2021020845,2022-02-27,NYI,8478009,Ilya Sorokin,1,34,34
2021020846,2022-02-27,SJS,8473503,James Reimer,1,40,39
2021020846,2022-02-27,SEA,8475831,Philipp Grubauer,1,24,21
2021020847,2022-02-28,VAN,8470860,Jaroslav Halak,1,14,8
2021020847,2022-02-28,VAN,8477967,Thatcher Demko,0,19,18
2021020847,2022-02-28,NJD,8482076,Nico Daws,1,38,36
2021020848,2022-02-22,PHI,8474889,Martin Jones,1,24,22
2021020848,2022-02-22,STL,8476412,Jordan Binnington,1,26,25
2021020849,2022-02-28,TOR,8475852,Petr Mrazek,1,33,30
2021020849,2022-02-28,WSH,8477970,Vitek Vanecek,0,17,16
2021020849,2022-02-28,WSH,8478492,Ilya Samsonov,1,10,7
2021020850,2022-02-28,LAK,8471734,Jonathan Quick,1,19,14
2021020850,2022-02-28,LAK,8477361,Calvin Petersen,0,13,11
2021020850,2022-02-28,BOS,8480280,Jeremy Swayman,1,34,34
2021020851,2022-03-01,CAR,8477293,Antti Raanta,1,41,37
2021020851,2022-03-01,DET,8477968,Alex Nedeljkovic,1,30,27
2021020852,2022-03-01,TBL,8476883,Andrei Vasilevskiy,1,27,25
2021020852,2022-03-01,OTT,8476899,Matt Murray,1,22,17
2021020853,2022-03-01,EDM,8475156,Mikko Koskinen,1,39,39
2021020853,2022-03-01,PHI,8479394,Carter Hart,1,31,29
2021020854,2022-03-01,CBJ,8478007,Elvis Merzlikins,1,33,30
2021020854,2022-03-01,NJD,8482076,Nico Daws,1,31,27
2021020855,2022-03-01,CGY,8474593,Jacob Markstrom,1,33,32
2021020855,2022-03-01,MIN,8475660,Cam Talbot,1,26,22
2021020856,2022-03-01,WPG,8476945,Connor Hellebuyck,1,35,31
2021020856,2022-03-01,MTL,8477202,Andrew Hammond,0,7,6
2021020856,2022-03-01,MTL,8478470,Samuel Montembeault,1,23,16
2021020857,2022-03-01,COL,8475311,Darcy Kuemper,1,31,28
2021020857,2022-03-01,NYI,8478009,Ilya Sorokin,1,42,38
2021020858,2022-03-01,SJS,8473503,James Reimer,1,11,10
2021020858,2022-03-01,VGK,8475215,Robin Lehner,1,17,16
2021020858,2022-03-01,SJS,8479313,Zach Sawchenko,0,20,18
2021020859,2022-03-01,ANA,8476434,John Gibson,1,34,31
2021020859,2022-03-01,BOS,8476999,Linus Ullmark,1,28,24
2021020860,2022-03-02,BUF,8467950,Craig Anderson,1,30,29
2021020860,2022-03-02,TOR,8475852,Petr Mrazek,1,31,26
2021020861,2022-03-02,STL,8478024,Ville Husso,1,28,24
2021020861,2022-03-02,NYR,8478048,Igor Shesterkin,1,32,29
2021020862,2022-03-02,LAK,8477361,Calvin Petersen,1,43,39
2021020862,2022-03-02,DAL,8479979,Jake Oettinger,1,31,28
2021020863,2022-03-02,SEA,8476904,Chris Driedger,1,22,19
2021020863,2022-03-02,NSH,8477424,Juuse Saros,1,31,27
2021020864,2022-03-03,TBL,8476883,Andrei Vasilevskiy,1,39,35
2021020864,2022-03-03,PIT,8477465,Tristan Jarry,1,21,20
2021020865,2022-03-03,FLA,8475683,Sergei Bobrovsky,1,18,18
2021020865,2022-03-03,OTT,8476341,Anton Forsberg,1,48,45
2021020866,2022-03-03,NYI,8473575,Semyon Varlamov,1,38,34
2021020866,2022-03-03,VAN,8477967,Thatcher Demko,1,27,24
2021020867,2022-03-03,MIN,8475660,Cam Talbot,1,30,26
2021020867,2022-03-03,PHI,8479394,Carter Hart,1,38,33
2021020868,2022-03-03,CAR,8475883,Frederik Andersen,1,33,29
2021020868,2022-03-03,WSH,8477970,Vitek Vanecek,1,36,36
2021020869,2022-03-03,CHI,8470594,Marc-Andre Fleury,1,32,29
2021020869,2022-03-03,EDM,8475156,Mikko Koskinen,1,32,28
2021020870,2022-03-03,CGY,8474593,Jacob Markstrom,1,35,30
2021020870,2022-03-03,MTL,8477202,Andrew Hammond,1,34,30
2021020871,2022-03-03,ARI,8478872,Karel Vejmelka,1,43,42
2021020871,2022-03-03,COL,8480925,Pavel Francouz,1,29,27
2021020872,2022-03-03,VGK,8475215,Robin Lehner,1,35,31
2021020872,2022-03-03,BOS,8480280,Jeremy Swayman,1,36,34
2021020873,2022-03-04,BUF,8467950,Craig Anderson,1,33,29
2021020873,2022-03-04,MIN,8478039,Kaapo Kahkonen,1,37,33
2021020874,2022-03-04,TBL,8470880,Brian Elliott,1,23,22
2021020874,2022-03-04,DET,8477968,Alex Nedeljkovic,1,37,35
2021020875,2022-03-04,NYR,8478048,Igor Shesterkin,1,33,32
2021020875,2022-03-04,NJD,8482076,Nico Daws,1,32,29
2021020876,2022-03-04,CAR,8477293,Antti Raanta,1,24,22
2021020876,2022-03-04,PIT,8479193,Casey DeSmith,1,42,39
2021020877,2022-03-04,LAK,8471734,Jonathan Quick,1,29,26
2021020877,2022-03-04,CBJ,8478007,Elvis Merzlikins,1,43,39
2021020878,2022-03-04,DAL,8474651,Braden Holtby,1,42,39
2021020878,2022-03-04,WPG,8476945,Connor Hellebuyck,1,34,30
2021020879,2022-03-04,VGK,8476316,Laurent Brossoit,1,24,20
2021020879,2022-03-04,ANA,8476434,John Gibson,1,35,30
2021020880,2022-03-05,TOR,8475789,Jack Campbell,1,28,23
2021020880,2022-03-05,VAN,8477967,Thatcher Demko,1,38,34
2021020881,2022-03-05,DET,8471306,Thomas Greiss,1,23,18
2021020881,2022-03-05,FLA,8475683,Sergei Bobrovsky,1,25,23
2021020881,2022-03-05,DET,8477968,Alex Nedeljkovic,0,16,15
2021020882,2022-03-05,STL,8476412,Jordan Binnington,1,20,18
2021020882,2022-03-05,NYI,8478009,Ilya Sorokin,1,31,30
2021020883,2022-03-05,PHI,8474889,Martin Jones,1,29,26
2021020883,2022-03-05,CHI,8480947,Kevin Lankinen,1,27,23
2021020884,2022-03-05,SEA,8476904,Chris Driedger,1,24,20
2021020884,2022-03-05,WSH,8477970,Vitek Vanecek,1,31,29
2021020885,2022-03-05,CBJ,8478007,Elvis Merzlikins,1,32,28
2021020885,2022-03-05,BOS,8480280,Jeremy Swayman,1,24,20
2021020886,2022-03-05,COL,8475311,Darcy Kuemper,1,15,12
2021020886,2022-03-05,CGY,8478435,Dan Vladar,1,36,33
2021020886,2022-03-05,COL,8480925,Pavel Francouz,0,22,21
2021020887,2022-03-05,EDM,8469608,Mike Smith,1,28,24
2021020887,2022-03-05,MTL,8478470,Samuel Montembeault,1,30,28
2021020888,2022-03-05,ARI,8475809,Scott Wedgewood,1,46,41
2021020888,2022-03-05,OTT,8476899,Matt Murray,1,31,23
2021020889,2022-03-05,SJS,8471774,Alex Stalock,1,28,22
2021020889,2022-03-05,NSH,8477424,Juuse Saros,1,20,20
2021020889,2022-03-05,SJS,8479313,Zach Sawchenko,0,8,6
2021020890,2022-03-06,BUF,8474682,Dustin Tokarski,1,30,29
2021020890,2022-03-06,LAK,8477361,Calvin Petersen,1,19,19
2021020891,2022-03-06,STL,8478024,Ville Husso,1,33,30
2021020891,2022-03-06,NJD,8482076,Nico Daws,1,21,19
2021020892,2022-03-06,SEA,8475831,Philipp Grubauer,1,33,30
2021020892,2022-03-06,CAR,8477293,Antti Raanta,1,30,28
2021020893,2022-03-06,CHI,8470594,Marc-Andre Fleury,1,32,26
2021020893,2022-03-06,TBL,8476883,Andrei Vasilevskiy,1,27,24
2021020894,2022-03-06,MIN,8475660,Cam Talbot,0,3,3
2021020894,2022-03-06,MIN,8478039,Kaapo Kahkonen,1,21,17
2021020894,2022-03-06,DAL,8479979,Jake Oettinger,1,35,32
2021020895,2022-03-06,WPG,8476945,Connor Hellebuyck,1,22,18
2021020895,2022-03-06,NYR,8478048,Igor Shesterkin,1,46,45
2021020896,2022-03-06,VGK,8475215,Robin Lehner,1,40,39
2021020896,2022-03-06,OTT,8476341,Anton Forsberg,1,42,40
2021020897,2022-03-06,ANA,8476932,Anthony Stolarz,1,22,20
2021020897,2022-03-06,SJS,8479313,Zach Sawchenko,1,36,33
2021020898,2022-03-07,BOS,8476999,Linus Ullmark,1,28,25
2021020898,2022-03-07,LAK,8477361,Calvin Petersen,1,32,30
2021020899,2022-03-07,BUF,8467950,Craig Anderson,1,31,25
2021020899,2022-03-07,FLA,8481519,Spencer Knight,1,30,29
2021020900,2022-03-07,NYI,8473575,Semyon Varlamov,1,49,44
2021020900,2022-03-07,COL,8480925,Pavel Francouz,1,36,32
2021020901,2022-03-07,TOR,8475852,Petr Mrazek,1,35,31
2021020901,2022-03-07,CBJ,8478007,Elvis Merzlikins,1,33,28
2021020902,2022-03-08,TOR,8475789,Jack Campbell,1,30,26
2021020902,2022-03-08,SEA,8475831,Philipp Grubauer,1,31,26
2021020903,2022-03-08,DET,8471306,Thomas Greiss,0,3,1
2021020903,2022-03-08,DET,8477968,Alex Nedeljkovic,1,27,20
2021020903,2022-03-08,ARI,8478872,Karel Vejmelka,1,28,26
2021020904,2022-03-08,COL,8475311,Darcy Kuemper,1,42,38
2021020904,2022-03-08,NJD,8482076,Nico Daws,1,26,23
2021020905,2022-03-08,VGK,8475215,Robin Lehner,1,21,19
2021020905,2022-03-08,PHI,8479394,Carter Hart,1,48,47
2021020906,2022-03-08,FLA,8475683,Sergei Bobrovsky,1,35,32
2021020906,2022-03-08,PIT,8477465,Tristan Jarry,1,29,25
2021020907,2022-03-08,CHI,8470594,Marc-Andre Fleury,1,32,29
2021020907,2022-03-08,ANA,8476434,John Gibson,1,13,8
2021020907,2022-03-08,ANA,8476932,Anthony Stolarz,0,19,16
2021020908,2022-03-08,OTT,8476341,Anton Forsberg,1,23,22
2021020908,2022-03-08,STL,8476412,Jordan Binnington,1,27,24
2021020909,2022-03-08,NSH,8477424,Juuse Saros,1,23,22
2021020909,2022-03-08,DAL,8479979,Jake Oettinger,1,31,29
2021020910,2022-03-08,MIN,8475660,Cam Talbot,1,25,23
2021020910,2022-03-08,NYR,8480382,Alexandar Georgiev,1,28,23
2021020911,2022-03-08,TBL,8476883,Andrei Vasilevskiy,1,31,26
2021020911,2022-03-08,WPG,8476945,Connor Hellebuyck,1,24,20
2021020912,2022-03-08,WSH,8477970,Vitek Vanecek,1,35,31
2021020912,2022-03-08,CGY,8478435,Dan Vladar,1,26,22
2021020913,2022-03-09,EDM,8475156,Mikko Koskinen,1,32,29
2021020913,2022-03-09,WSH,8478492,Ilya Samsonov,1,40,36
2021020914,2022-03-09,VAN,8477967,Thatcher Demko,1,25,22
2021020914,2022-03-09,MTL,8478470,Samuel Montembeault,1,32,28
2021020915,2022-03-10,BOS,8480280,Jeremy Swayman,1,25,22
2021020915,2022-03-10,CHI,8480947,Kevin Lankinen,1,36,32
2021020916,2022-03-10,BUF,8467950,Craig Anderson,1,31,30
2021020916,2022-03-10,VGK,8476316,Laurent Brossoit,1,23,21
2021020917,2022-03-10,ARI,8475809,Scott Wedgewood,1,38,34
2021020917,2022-03-10,TOR,8475852,Petr Mrazek,1,12,8
2021020917,2022-03-10,TOR,8478902,Erik Kallgren,0,11,10
2021020918,2022-03-10,OTT,8476341,Anton Forsberg,1,33,30
2021020918,2022-03-10,SEA,8476904,Chris Driedger,1,27,23
2021020919,2022-03-10,MIN,8475660,Cam Talbot,1,34,29
2021020919,2022-03-10,DET,8477968,Alex Nedeljkovic,1,40,35
2021020920,2022-03-10,FLA,8475683,Sergei Bobrovsky,1,37,34
2021020920,2022-03-10,PHI,8479394,Carter Hart,1,36,31
2021020921,2022-03-10,WPG,8477480,Eric Comrie,1,34,33
2021020921,2022-03-10,NJD,8482076,Nico Daws,1,30,28
2021020922,2022-04-12,NYI,8478009,Ilya Sorokin,1,47,43
2021020922,2022-04-12,PIT,8479193,Casey DeSmith,1,37,33
2021020923,2022-03-10,COL,8475311,Darcy Kuemper,1,36,35
2021020923,2022-03-10,CAR,8477293,Antti Raanta,1,36,36
2021020924,2022-03-10,STL,8478024,Ville Husso,1,29,27
2021020924,2022-03-10,NYR,8478048,Igor Shesterkin,1,17,13
2021020924,2022-03-10,NYR,8480382,Alexandar Georgiev,0,18,16
2021020925,2022-03-10,ANA,8476434,John Gibson,1,29,26
2021020925,2022-03-10,NSH,8477424,Juuse Saros,1,28,27
2021020926,2022-03-10,CGY,8474593,Jacob Markstrom,1,31,30
2021020926,2022-03-10,TBL,8476883,Andrei Vasilevskiy,1,32,28
2021020927,2022-03-10,LAK,8471734,Jonathan Quick,1,30,26
2021020927,2022-03-10,SJS,8479313,Zach Sawchenko,1,36,33
2021020928,2022-03-11,NYI,8473575,Semyon Varlamov,1,29,27
2021020928,2022-03-11,WPG,8476945,Connor Hellebuyck,1,37,33
2021020929,2022-03-11,VGK,8476316,Laurent Brossoit,1,32,28
2021020929,2022-03-11,PIT,8477465,Tristan Jarry,1,42,40
2021020930,2022-03-11,CBJ,8478007,Elvis Merzlikins,1,38,36
2021020930,2022-03-11,MIN,8478039,Kaapo Kahkonen,1,28,26
2021020931,2022-03-11,VAN,8477967,Thatcher Demko,1,34,30
2021020931,2022-03-11,WSH,8477970,Vitek Vanecek,1,26,23
2021020932,2022-03-12,ARI,8478872,Karel Vejmelka,1,40,37
2021020932,2022-03-12,BOS,8480280,Jeremy Swayman,1,29,27
2021020933,2022-03-12,SEA,8475831,Philipp Grubauer,1,33,30
2021020933,2022-03-12,MTL,8478470,Samuel Montembeault,1,34,31
2021020934,2022-03-12,CHI,8470594,Marc-Andre Fleury,1,23,20
2021020934,2022-03-12,OTT,8476341,Anton Forsberg,1,28,22
2021020935,2022-03-12,ANA,8476932,Anthony Stolarz,1,40,39
2021020935,2022-03-12,NJD,8482076,Nico Daws,1,34,33
2021020936,2022-03-12,PHI,8474889,Martin Jones,1,35,33
2021020936,2022-03-12,CAR,8475883,Frederik Andersen,1,29,28
2021020937,2022-03-12,NSH,8477424,Juuse Saros,1,33,28
2021020937,2022-03-12,STL,8478024,Ville Husso,1,35,31
2021020938,2022-03-12,NYR,8478048,Igor Shesterkin,1,33,29
2021020938,2022-03-12,DAL,8479979,Jake Oettinger,1,28,22
2021020939,2022-03-12,DET,8471306,Thomas Greiss,1,43,40
2021020939,2022-03-12,CGY,8474593,Jacob Markstrom,1,19,19
2021020940,2022-03-12,TBL,8470880,Brian Elliott,1,48,45
2021020940,2022-03-12,EDM,8475156,Mikko Koskinen,1,32,31
2021020941,2022-03-12,LAK,8477361,Calvin Petersen,1,27,22
2021020941,2022-03-12,SJS,8478499,Adin Hill,1,29,29
2021020942,2022-03-13,BUF,8467950,Craig Anderson,1,36,34
2021020942,2022-03-13,TOR,8475852,Petr Mrazek,1,37,33
2021020943,2022-03-13,ANA,8476434,John Gibson,1,29,25
2021020943,2022-03-13,NYI,8478009,Ilya Sorokin,1,42,39
2021020944,2022-03-13,MTL,8478470,Samuel Montembeault,1,30,27
2021020944,2022-03-13,PHI,8479394,Carter Hart,1,35,31
2021020945,2022-03-13,CAR,8477293,Antti Raanta,1,20,18
2021020945,2022-03-13,PIT,8477465,Tristan Jarry,1,43,41
2021020946,2022-03-13,CBJ,8478007,Elvis Merzlikins,1,27,23
2021020946,2022-03-13,VGK,8480313,Logan Thompson,1,37,32
2021020947,2022-03-13,STL,8476412,Jordan Binnington,1,37,33
2021020947,2022-03-13,WPG,8476945,Connor Hellebuyck,1,31,28
2021020948,2022-03-13,MIN,8478039,Kaapo Kahkonen,1,23,19
2021020948,2022-03-13,NSH,8479496,David Rittich,1,28,26
2021020949,2022-03-13,COL,8475311,Darcy Kuemper,1,46,46
2021020949,2022-03-13,CGY,8478435,Dan Vladar,1,31,29
2021020950,2022-03-13,TBL,8476883,Andrei Vasilevskiy,1,36,35
2021020950,2022-03-13,VAN,8477967,Thatcher Demko,1,31,29
2021020951,2022-03-13,LAK,8471734,Jonathan Quick,1,32,30
2021020951,2022-03-13,FLA,8481519,Spencer Knight,1,37,35
2021020952,2022-03-14,ARI,8475809,Scott Wedgewood,1,43,40
2021020952,2022-03-14,OTT,8479406,Filip Gustavsson,1,14,10
2021020953,2022-03-15,TOR,8478902,Erik Kallgren,1,35,35
2021020953,2022-03-15,DAL,8479979,Jake Oettinger,1,39,36
2021020954,2022-03-15,MTL,8478470,Samuel Montembeault,1,7,3
2021020954,2022-03-15,ARI,8478872,Karel Vejmelka,1,39,36
2021020954,2022-03-15,MTL,8480051,Cayden Primeau,0,11,10
2021020955,2022-03-15,ANA,8476434,John Gibson,1,38,34
2021020955,2022-03-15,NYR,8480382,Alexandar Georgiev,1,23,20
2021020956,2022-03-15,NYI,8473575,Semyon Varlamov,1,32,29
2021020956,2022-03-15,WSH,8477970,Vitek Vanecek,1,32,29
2021020957,2022-03-15,CHI,8470594,Marc-Andre Fleury,1,48,46
2021020957,2022-03-15,BOS,8476999,Linus Ullmark,1,20,19
2021020958,2022-03-15,NSH,8477424,Juuse Saros,1,36,35
2021020958,2022-03-15,PIT,8479193,Casey DeSmith,1,24,21
2021020959,2022-03-15,VGK,8476316,Laurent Brossoit,1,13,9
2021020959,2022-03-15,WPG,8476945,Connor Hellebuyck,1,38,35
2021020959,2022-03-15,VGK,8480313,Logan Thompson,0,10,7
2021020960,2022-03-15,DET,8471306,Thomas Greiss,1,6,3
2021020960,2022-03-15,EDM,8475156,Mikko Koskinen,1,35,30
2021020960,2022-03-15,DET,8477968,Alex Nedeljkovic,0,25,22
2021020961,2022-03-15,NJD,8476903,Jon Gillies,0,10,8
2021020961,2022-03-15,VAN,8477967,Thatcher Demko,1,35,32
2021020961,2022-03-15,NJD,8482076,Nico Daws,1,21,17
2021020962,2022-03-15,LAK,8471734,Jonathan Quick,1,27,24
2021020962,2022-03-15,COL,8475311,Darcy Kuemper,1,23,23
2021020963,2022-03-15,SJS,8473503,James Reimer,1,34,31
2021020963,2022-03-15,FLA,8481519,Spencer Knight,1,26,24
2021020964,2022-03-16,OTT,8476341,Anton Forsberg,1,38,35
2021020964,2022-03-16,CBJ,8478007,Elvis Merzlikins,1,31,30
2021020965,2022-03-16,MIN,8475660,Cam Talbot,1,26,24
2021020965,2022-03-16,BOS,8480280,Jeremy Swayman,1,33,30
2021020966,2022-03-16,CGY,8474593,Jacob Markstrom,1,33,30
2021020966,2022-03-16,NJD,8476903,Jon Gillies,0,20,19
2021020966,2022-03-16,NJD,8482076,Nico Daws,1,19,15
2021020967,2022-03-16,SEA,8475831,Philipp Grubauer,1,42,38
2021020967,2022-03-16,TBL,8476883,Andrei Vasilevskiy,1,25,24
2021020968,2022-03-17,CAR,8475883,Frederik Andersen,1,21,18
2021020968,2022-03-17,TOR,8478902,Erik Kallgren,1,36,34
2021020969,2022-03-17,MTL,8474596,Jake Allen,1,35,31
2021020969,2022-03-17,DAL,8479979,Jake Oettinger,1,31,28
2021020970,2022-03-17,NSH,8477424,Juuse Saros,1,33,28
2021020970,2022-03-17,PHI,8479394,Carter Hart,1,34,30
2021020971,2022-03-17,CBJ,8476914,Joonas Korpisalo,1,9,6
2021020971,2022-03-17,WSH,8477970,Vitek Vanecek,1,41,39
2021020971,2022-03-17,CBJ,8478007,Elvis Merzlikins,0,23,20
2021020972,2022-03-17,PIT,8477465,Tristan Jarry,1,25,23
2021020972,2022-03-17,STL,8478024,Ville Husso,1,45,43
2021020973,2022-03-17,BUF,8467950,Craig Anderson,1,36,30
2021020973,2022-03-17,EDM,8469608,Mike Smith,1,28,27
2021020974,2022-03-17,VAN,8477967,Thatcher Demko,1,35,34
2021020974,2022-03-17,DET,8477968,Alex Nedeljkovic,1,43,43
2021020975,2022-03-17,VGK,8480313,Logan Thompson,1,36,33
2021020975,2022-03-17,FLA,8481519,Spencer Knight,1,32,28
2021020976,2022-03-17,SJS,8473503,James Reimer,1,26,24
2021020976,2022-03-17,LAK,8477361,Calvin Petersen,1,29,29
2021020977,2022-03-18,PHI,8474889,Martin Jones,1,35,33
2021020977,2022-03-18,OTT,8476341,Anton Forsberg,1,29,28
2021020978,2022-03-18,CAR,8477293,Antti Raanta,1,40,37
2021020978,2022-03-18,WSH,8478492,Ilya Samsonov,1,20,17
2021020979,2022-03-18,WPG,8476945,Connor Hellebuyck,1,44,41
2021020979,2022-03-18,BOS,8476999,Linus Ullmark,1,29,27
2021020980,2022-03-18,CGY,8474593,Jacob Markstrom,1,34,33
2021020980,2022-03-18,BUF,8474682,Dustin Tokarski,1,24,24
2021020981,2022-03-18,ANA,8476434,John Gibson,1,42,39
2021020981,2022-03-18,FLA,8481519,Spencer Knight,1,17,17
2021020982,2022-03-18,SJS,8479313,Zach Sawchenko,1,28,24
2021020982,2022-03-18,COL,8480925,Pavel Francouz,1,28,25
2021020983,2022-03-19,MTL,8474596,Jake Allen,1,30,29
2021020983,2022-03-19,OTT,8479406,Filip Gustavsson,1,27,22
2021020984,2022-03-19,TBL,8476883,Andrei Vasilevskiy,1,27,25
2021020984,2022-03-19,NYR,8478048,Igor Shesterkin,1,29,28
2021020985,2022-03-19,NYI,8473575,Semyon Varlamov,1,39,37
2021020985,2022-03-19,DAL,8479979,Jake Oettinger,1,24,21
2021020986,2022-03-19,CBJ,8476914,Joonas Korpisalo,0,7,5
2021020986,2022-03-19,CBJ,8478007,Elvis Merzlikins,1,21,19
2021020986,2022-03-19,STL,8478024,Ville Husso,1,27,22
2021020987,2022-03-19,NSH,8477424,Juuse Saros,1,41,38
2021020987,2022-03-19,TOR,8478902,Erik Kallgren,1,33,28
2021020988,2022-03-19,MIN,8475660,Cam Talbot,1,22,21
2021020988,2022-03-19,CHI,8480947,Kevin Lankinen,1,33,31
2021020989,2022-03-19,EDM,8475156,Mikko Koskinen,1,28,25
2021020989,2022-03-19,NJD,8476903,Jon Gillies,1,39,34
2021020990,2022-03-19,VAN,8470860,Jaroslav Halak,0,15,14
2021020990,2022-03-19,VAN,8477967,Thatcher Demko,1,29,25
2021020990,2022-03-19,CGY,8478435,Dan Vladar,1,25,23
2021020991,2022-03-19,ARI,8475809,Scott Wedgewood,1,48,45
2021020991,2022-03-19,PIT,8477465,Tristan Jarry,1,21,20
2021020992,2022-03-19,LAK,8477361,Calvin Petersen,1,23,19
2021020992,2022-03-19,VGK,8480313,Logan Thompson,1,39,38
2021020993,2022-03-19,SEA,8475831,Philipp Grubauer,1,23,21
2021020993,2022-03-19,DET,8477968,Alex Nedeljkovic,1,41,38
2021020994,2022-03-20,NYI,8478009,Ilya Sorokin,1,37,35
2021020994,2022-03-20,PHI,8479394,Carter Hart,1,27,26
2021020995,2022-03-20,WSH,8477970,Vitek Vanecek,1,23,20
2021020995,2022-03-20,DAL,8479979,Jake Oettinger,1,38,36
2021020996,2022-03-20,CAR,8475883,Frederik Andersen,1,17,16
2021020996,2022-03-20,NYR,8480382,Alexandar Georgiev,1,44,44
2021020997,2022-03-20,CHI,8470594,Marc-Andre Fleury,1,31,26
2021020997,2022-03-20,WPG,8476945,Connor Hellebuyck,1,36,32
2021020998,2022-03-20,BUF,8467950,Craig Anderson,1,32,30
2021020998,2022-03-20,VAN,8477967,Thatcher Demko,1,29,26
2021020999,2022-03-20,SJS,8473503,James Reimer,1,25,23
2021020999,2022-03-20,ARI,8478872,Karel Vejmelka,1,28,25
2021021000,2022-01-12,MTL,8474596,Jake Allen,1,7,5
2021021000,2022-01-12,BOS,8476999,Linus Ullmark,1,25,24
2021021000,2022-01-12,MTL,8478470,Samuel Montembeault,0,34,31
2021021001,2022-03-21,MIN,8475660,Cam Talbot,1,28,28
2021021001,2022-03-21,VGK,8480313,Logan Thompson,1,35,33
2021021002,2022-03-21,EDM,8469608,Mike Smith,1,31,28
2021021002,2022-03-21,COL,8475311,Darcy Kuemper,1,25,23
2021021003,2022-03-21,ANA,8476434,John Gibson,1,30,25
2021021003,2022-03-21,NSH,8477424,Juuse Saros,1,28,25
2021021003,2022-03-21,NSH,8479496,David Rittich,0,1,1
2021021004,2022-03-22,DET,8477968,Alex Nedeljkovic,1,33,30
2021021004,2022-03-22,PHI,8479394,Carter Hart,1,29,25
2021021005,2022-03-22,NYR,8478048,Igor Shesterkin,1,24,19
2021021005,2022-03-22,NYR,8480382,Alexandar Georgiev,0,7,5
2021021005,2022-03-22,NJD,8482076,Nico Daws,1,35,31
2021021006,2022-02-17,BOS,8476999,Linus Ullmark,1,28,25
2021021006,2022-02-17,NYI,8478009,Ilya Sorokin,1,27,26
2021021007,2022-03-22,CBJ,8476914,Joonas Korpisalo,1,37,32
2021021007,2022-03-22,PIT,8477465,Tristan Jarry,1,27,26
2021021008,2022-03-22,WSH,8477970,Vitek Vanecek,1,37,33
2021021008,2022-03-22,STL,8478024,Ville Husso,1,21,19
2021021009,2022-03-22,CAR,8475883,Frederik Andersen,1,29,27
2021021009,2022-03-22,TBL,8476883,Andrei Vasilevskiy,1,41,38
2021021010,2022-03-22,EDM,8475156,Mikko Koskinen,1,27,23
2021021010,2022-03-22,DAL,8479979,Jake Oettinger,1,25,22
2021021011,2022-03-22,WPG,8476945,Connor Hellebuyck,1,42,42
2021021011,2022-03-22,VGK,8480313,Logan Thompson,1,26,22
2021021012,2022-03-22,SJS,8473503,James Reimer,1,31,28
2021021012,2022-03-22,CGY,8474593,Jacob Markstrom,1,38,34
2021021013,2022-03-22,LAK,8471734,Jonathan Quick,1,25,24
2021021013,2022-03-22,NSH,8479496,David Rittich,1,34,29
2021021014,2022-03-23,BUF,8467950,Craig Anderson,1,26,23
2021021014,2022-03-23,PIT,8479193,Casey DeSmith,1,33,30
2021021015,2022-03-23,TOR,8475852,Petr Mrazek,1,22,20
2021021015,2022-03-23,NJD,8482076,Nico Daws,1,31,28
2021021016,2022-03-23,VAN,8470860,Jaroslav Halak,1,33,32
2021021016,2022-03-23,COL,8475311,Darcy Kuemper,1,26,24
2021021017,2022-03-22,SEA,8475831,Philipp Grubauer,1,26,24
2021021017,2022-03-22,ARI,8478872,Karel Vejmelka,1,39,35
2021021018,2022-03-23,ANA,8476434,John Gibson,1,27,24
2021021018,2022-03-23,CHI,8480947,Kevin Lankinen,1,29,27
2021021019,2022-03-24,TBL,8476883,Andrei Vasilevskiy,1,39,36
2021021019,2022-03-24,BOS,8480280,Jeremy Swayman,1,24,22
2021021020,2022-03-24,MTL,8474596,Jake Allen,1,42,38
2021021020,2022-03-24,FLA,8481519,Spencer Knight,1,31,28
2021021021,2022-03-22,NYI,8473575,Semyon Varlamov,1,24,24
2021021021,2022-03-22,OTT,8476341,Anton Forsberg,1,26,24
2021021022,2022-03-24,DAL,8475809,Scott Wedgewood,1,47,44
2021021022,2022-03-24,CAR,8475883,Frederik Andersen,1,15,12
2021021023,2022-03-24,PHI,8474889,Martin Jones,1,28,26
2021021023,2022-03-24,STL,8476412,Jordan Binnington,1,26,22
2021021024,2022-03-24,MIN,8475660,Cam Talbot,1,28,26
2021021024,2022-03-24,VAN,8477967,Thatcher Demko,1,36,33
2021021025,2022-03-24,EDM,8469608,Mike Smith,1,30,28
2021021025,2022-03-24,SJS,8478039,Kaapo Kahkonen,1,40,36
2021021026,2022-03-24,NSH,8477424,Juuse Saros,1,50,44
2021021026,2022-03-24,VGK,8480313,Logan Thompson,1,36,35
2021021027,2022-03-24,LAK,8471734,Jonathan Quick,1,31,28
2021021027,2022-03-24,CHI,8480420,Collin Delia,1,46,43
2021021028,2022-03-25,BUF,8474682,Dustin Tokarski,1,40,37
2021021028,2022-03-25,WSH,8478492,Ilya Samsonov,1,23,20
2021021029,2022-03-25,PIT,8477465,Tristan Jarry,1,30,25
2021021029,2022-03-25,NYR,8478048,Igor Shesterkin,1,21,20
2021021029,2022-03-25,PIT,8479193,Casey DeSmith,0,3,3
2021021030,2022-03-25,WPG,8477480,Eric Comrie,1,36,33
2021021030,2022-03-25,CBJ,8478007,Elvis Merzlikins,1,33,29
2021021031,2022-03-25,PHI,8479394,Carter Hart,1,51,45
2021021031,2022-03-25,COL,8480925,Pavel Francouz,1,31,28
2021021032,2022-03-25,CGY,8474593,Jacob Markstrom,1,18,16
2021021032,2022-03-25,ARI,8478872,Karel Vejmelka,1,33,29
2021021033,2022-02-11,ANA,8476434,John Gibson,1,27,23
2021021033,2022-02-11,SEA,8476904,Chris Driedger,1,27,24
2021021034,2022-03-26,NYI,8473575,Semyon Varlamov,1,44,38
2021021034,2022-03-26,BOS,8476999,Linus Ullmark,1,27,24
2021021035,2022-03-26,MTL,8474596,Jake Allen,1,51,49
2021021035,2022-03-26,TOR,8478902,Erik Kallgren,1,17,14
2021021036,2022-03-26,FLA,8475683,Sergei Bobrovsky,1,22,19
2021021036,2022-03-26,OTT,8476341,Anton Forsberg,1,49,46
2021021037,2022-03-26,TBL,8470880,Brian Elliott,1,27,26
2021021037,2022-03-26,DET,8477968,Alex Nedeljkovic,1,36,34
2021021038,2022-03-26,WSH,8477970,Vitek Vanecek,1,38,35
2021021038,2022-03-26,NJD,8482076,Nico Daws,1,22,18
2021021039,2022-03-26,CAR,8477293,Antti Raanta,1,32,30
2021021039,2022-03-26,STL,8478024,Ville Husso,1,26,21
2021021040,2022-03-26,VAN,8477967,Thatcher Demko,1,36,35
2021021040,2022-03-26,DAL,8479979,Jake Oettinger,1,30,27
2021021041,2022-03-26,MIN,8470594,Marc-Andre Fleury,1,25,23
2021021041,2022-03-26,CBJ,8478007,Elvis Merzlikins,1,38,35
2021021042,2022-03-26,EDM,8469608,Mike Smith,0,26,22
2021021042,2022-03-26,CGY,8474593,Jacob Markstrom,1,31,26
2021021042,2022-03-26,EDM,8475156,Mikko Koskinen,1,12,7
2021021043,2022-03-26,VGK,8480313,Logan Thompson,1,34,30
2021021043,2022-03-26,CHI,8480947,Kevin Lankinen,1,34,29
2021021044,2022-03-26,SEA,8475831,Philipp Grubauer,1,27,23
2021021044,2022-03-26,LAK,8477361,Calvin Petersen,1,25,23
2021021045,2022-03-26,SJS,8473503,James Reimer,1,28,27
2021021045,2022-03-26,ANA,8480843,Lukas Dostal,1,24,20
2021021046,2022-03-27,TOR,8475852,Petr Mrazek,1,36,34
2021021046,2022-03-27,FLA,8481519,Spencer Knight,1,24,20
2021021047,2022-03-27,MTL,8478470,Samuel Montembeault,1,32,30
2021021047,2022-03-27,NJD,8482076,Nico Daws,1,33,31
2021021048,2022-03-27,NYI,8473575,Semyon Varlamov,0,14,12
2021021048,2022-03-27,TBL,8476883,Andrei Vasilevskiy,1,24,23
2021021048,2022-03-27,NYI,8478009,Ilya Sorokin,1,20,18
2021021049,2022-03-27,BUF,8467950,Craig Anderson,1,31,26
2021021049,2022-03-27,NYR,8480382,Alexandar Georgiev,1,17,13
2021021050,2022-03-27,DET,8475717,Calvin Pickard,0,13,9
2021021050,2022-03-27,PIT,8477465,Tristan Jarry,1,35,33
2021021050,2022-03-27,DET,8477968,Alex Nedeljkovic,1,22,15
2021021051,2022-03-27,PHI,8474889,Martin Jones,1,35,30
2021021051,2022-03-27,NSH,8477424,Juuse Saros,1,23,19
2021021052,2022-03-27,COL,8475311,Darcy Kuemper,1,29,26
2021021052,2022-03-27,MIN,8475660,Cam Talbot,1,42,40
2021021053,2022-03-27,WPG,8476945,Connor Hellebuyck,1,29,28
2021021053,2022-03-27,ARI,8478872,Karel Vejmelka,1,40,38
2021021054,2022-03-28,CAR,8475883,Frederik Andersen,1,26,25
2021021054,2022-03-28,WSH,8477970,Vitek Vanecek,1,23,18
2021021054,2022-03-28,WSH,8478492,Ilya Samsonov,0,6,5
2021021055,2022-03-28,BUF,8474682,Dustin Tokarski,1,21,16
2021021055,2022-03-28,CHI,8480947,Kevin Lankinen,1,37,31
2021021056,2022-03-28,VAN,8470860,Jaroslav Halak,1,28,25
2021021056,2022-03-28,STL,8478024,Ville Husso,1,36,35
2021021057,2022-03-28,EDM,8475156,Mikko Koskinen,1,32,31
2021021057,2022-03-28,ARI,8478872,Karel Vejmelka,1,35,30
2021021057,2022-03-28,ARI,8480373,Josef Korenar,0,7,6
2021021058,2022-03-28,SEA,8476904,Chris Driedger,1,37,36
2021021058,2022-03-28,LAK,8477361,Calvin Petersen,1,38,32
2021021059,2022-03-29,TOR,8475852,Petr Mrazek,1,4,3
2021021059,2022-03-29,BOS,8476999,Linus Ullmark,0,7,7
2021021059,2022-03-29,TOR,8478902,Erik Kallgren,0,26,23
2021021059,2022-03-29,BOS,8480280,Jeremy Swayman,1,25,19
2021021060,2022-03-29,TBL,8476883,Andrei Vasilevskiy,1,19,16
2021021060,2022-03-29,CAR,8477293,Antti Raanta,1,32,28
2021021061,2022-03-29,MTL,8474596,Jake Allen,1,45,39
2021021061,2022-03-29,FLA,8475683,Sergei Bobrovsky,1,24,20
2021021062,2022-03-29,PIT,8477465,Tristan Jarry,1,26,23
2021021062,2022-03-29,NYR,8478048,Igor Shesterkin,1,24,22
2021021063,2022-03-29,NYI,8473575,Semyon Varlamov,1,45,42
2021021063,2022-03-29,CBJ,8478007,Elvis Merzlikins,1,29,25
2021021064,2022-03-29,OTT,8476341,Anton Forsberg,1,31,28
2021021064,2022-03-29,NSH,8477424,Juuse Saros,1,37,36
2021021065,2022-03-29,MIN,8470594,Marc-Andre Fleury,1,33,32
2021021065,2022-03-29,PHI,8474889,Martin Jones,1,37,33
2021021066,2022-03-29,CGY,8474593,Jacob Markstrom,1,30,28
2021021066,2022-03-29,COL,8475311,Darcy Kuemper,1,45,44
2021021067,2022-03-29,ANA,8476434,John Gibson,1,32,29
2021021067,2022-03-29,DAL,8479979,Jake Oettinger,1,28,26
2021021068,2022-03-30,BUF,8467950,Craig Anderson,1,27,25
2021021068,2022-03-30,WPG,8476945,Connor Hellebuyck,1,37,35
2021021069,2022-03-30,DET,8477968,Alex Nedeljkovic,1,34,29
2021021069,2022-03-30,NYR,8480382,Alexandar Georgiev,1,26,22
2021021070,2022-03-30,LAK,8471734,Jonathan Quick,1,33,30
2021021070,2022-03-30,EDM,8475156,Mikko Koskinen,1,41,38
2021021071,2022-03-30,VAN,8477967,Thatcher Demko,1,24,20
2021021071,2022-03-30,STL,8478024,Ville Husso,1,25,22
2021021072,2022-03-30,SJS,8473503,James Reimer,1,23,19
2021021072,2022-03-30,ARI,8478872,Karel Vejmelka,1,41,39
2021021073,2022-03-30,SEA,8476904,Chris Driedger,1,29,27
2021021073,2022-03-30,VGK,8480313,Logan Thompson,1,22,22
2021021074,2022-03-31,NJD,8476903,Jon Gillies,0,20,17
2021021074,2022-03-31,BOS,8476999,Linus Ullmark,1,26,25
2021021074,2022-03-31,NJD,8482076,Nico Daws,1,20,15
2021021075,2022-03-31,WPG,8477480,Eric Comrie,1,37,31
2021021075,2022-03-31,TOR,8478902,Erik Kallgren,1,23,20
2021021076,2022-03-31,FLA,8475683,Sergei Bobrovsky,1,37,37
2021021076,2022-03-31,CHI,8480420,Collin Delia,1,44,40
2021021077,2022-03-31,NYI,8473575,Semyon Varlamov,1,32,30
2021021077,2022-03-31,CBJ,8478007,Elvis Merzlikins,1,35,31
2021021078,2022-03-31,MTL,8474596,Jake Allen,1,43,40
2021021078,2022-03-31,CAR,8475883,Frederik Andersen,1,32,32
2021021079,2022-03-31,MIN,8475660,Cam Talbot,1,39,35
2021021079,2022-03-31,PIT,8479193,Casey DeSmith,1,31,28
2021021080,2022-03-31,SJS,8478039,Kaapo Kahkonen,1,46,42
2021021080,2022-03-31,COL,8480925,Pavel Francouz,1,27,25
2021021081,2022-03-31,CGY,8474593,Jacob Markstrom,1,32,30
2021021081,2022-03-31,LAK,8477361,Calvin Petersen,1,28,26
2021021082,2022-03-31,ANA,8476434,John Gibson,1,35,32
2021021082,2022-03-31,DAL,8479979,Jake Oettinger,1,23,21
2021021083,2022-04-01,BUF,8467950,Craig Anderson,1,25,22
2021021083,2022-04-01,NSH,8477424,Juuse Saros,1,35,31
2021021084,2022-04-01,DET,8477968,Alex Nedeljkovic,1,31,27
2021021084,2022-04-01,OTT,8481544,Mads Sogaard,1,29,27
2021021085,2022-04-01,TBL,8476883,Andrei Vasilevskiy,1,23,21
2021021085,2022-04-01,CHI,8480947,Kevin Lankinen,1,42,38
2021021086,2022-04-01,NYI,8473575,Semyon Varlamov,1,27,27
2021021086,2022-04-01,NYR,8478048,Igor Shesterkin,1,18,15
2021021087,2022-04-01,EDM,8469608,Mike Smith,1,36,31
2021021087,2022-04-01,STL,8476412,Jordan Binnington,1,13,9
2021021087,2022-04-01,STL,8478024,Ville Husso,0,27,25
2021021088,2022-04-01,ANA,8476932,Anthony Stolarz,1,22,22
2021021088,2022-04-01,ARI,8478872,Karel Vejmelka,1,9,6
2021021088,2022-04-01,ARI,8480373,Josef Korenar,0,28,26
2021021089,2022-04-01,SEA,8475831,Philipp Grubauer,1,24,21
2021021089,2022-04-01,VGK,8480313,Logan Thompson,1,28,26
2021021090,2022-04-02,CBJ,8478007,Elvis Merzlikins,1,40,37
2021021090,2022-04-02,BOS,8480280,Jeremy Swayman,1,24,22
2021021091,2022-04-02,TBL,8470880,Brian Elliott,1,31,27
2021021091,2022-04-02,MTL,8474596,Jake Allen,1,41,37
2021021092,2022-04-02,FLA,8475683,Sergei Bobrovsky,1,25,19
2021021092,2022-04-02,NJD,8477202,Andrew Hammond,1,41,34
2021021092,2022-04-02,FLA,8481519,Spencer Knight,0,6,6
2021021093,2022-04-02,TOR,8475789,Jack Campbell,1,32,29
2021021093,2022-04-02,PHI,8479394,Carter Hart,1,28,22
2021021094,2022-04-02,MIN,8470594,Marc-Andre Fleury,1,38,37
2021021094,2022-04-02,CAR,8475883,Frederik Andersen,1,19,16
2021021095,2022-02-15,NSH,8477424,Juuse Saros,1,27,24
2021021095,2022-02-15,WSH,8478492,Ilya Samsonov,1,34,33
2021021096,2022-04-02,WPG,8476945,Connor Hellebuyck,1,38,35
2021021096,2022-04-02,LAK,8477361,Calvin Petersen,1,27,25
2021021097,2022-04-02,COL,8475311,Darcy Kuemper,1,40,38
2021021097,2022-04-02,PIT,8477465,Tristan Jarry,1,38,35
2021021098,2022-04-02,CGY,8474593,Jacob Markstrom,1,23,19
2021021098,2022-04-02,STL,8478024,Ville Husso,1,43,39
2021021099,2022-04-02,SJS,8473503,James Reimer,0,15,14
2021021099,2022-04-02,DAL,8475809,Scott Wedgewood,1,28,24
2021021099,2022-04-02,SJS,8478039,Kaapo Kahkonen,1,14,10
2021021100,2022-04-03,BUF,8474682,Dustin Tokarski,1,40,35
2021021100,2022-04-03,FLA,8481519,Spencer Knight,1,29,26
2021021101,2022-04-03,DET,8471306,Thomas Greiss,1,34,31
2021021101,2022-04-03,OTT,8476341,Anton Forsberg,1,32,30
2021021102,2022-04-03,NYI,8471239,Cory Schneider,1,30,27
2021021102,2022-04-03,NJD,8482076,Nico Daws,1,29,25
2021021103,2022-04-03,PHI,8474889,Martin Jones,1,46,43
2021021103,2022-04-03,NYR,8478048,Igor Shesterkin,1,26,23
2021021104,2022-04-03,MIN,8475660,Cam Talbot,1,26,25
2021021104,2022-04-03,WSH,8477970,Vitek Vanecek,1,18,14
2021021105,2022-04-03,ARI,8478872,Karel Vejmelka,1,31,29
2021021105,2022-04-03,CHI,8480947,Kevin Lankinen,1,35,32
2021021106,2022-04-03,VGK,8475215,Robin Lehner,1,28,26
2021021106,2022-04-03,VAN,8477967,Thatcher Demko,1,30,27
2021021107,2022-04-03,EDM,8469608,Mike Smith,1,32,31
2021021107,2022-04-03,ANA,8476434,John Gibson,1,46,40
2021021108,2022-04-03,SEA,8476904,Chris Driedger,1,30,29
2021021108,2022-04-03,DAL,8479979,Jake Oettinger,1,28,25
2021021109,2022-04-04,TOR,8475789,Jack Campbell,1,34,32
2021021109,2022-04-04,TBL,8476883,Andrei Vasilevskiy,1,39,33
2021021110,2022-04-04,BOS,8476999,Linus Ullmark,1,22,20
2021021110,2022-04-04,CBJ,8478007,Elvis Merzlikins,1,37,34
2021021111,2022-04-04,STL,8478024,Ville Husso,1,22,21
2021021111,2022-04-04,ARI,8481031,Ivan Prosvetov,1,29,24
2021021112,2022-04-04,CGY,8474593,Jacob Markstrom,1,29,27
2021021112,2022-04-04,LAK,8477361,Calvin Petersen,1,33,30
2021021113,2022-04-05,BUF,8467950,Craig Anderson,1,34,32
2021021113,2022-04-05,CAR,8475883,Frederik Andersen,1,22,18
2021021114,2022-04-05,MTL,8474596,Jake Allen,1,31,26
2021021114,2022-04-05,OTT,8476341,Anton Forsberg,1,30,27
2021021115,2022-04-05,DET,8477968,Alex Nedeljkovic,1,50,47
2021021115,2022-04-05,BOS,8480280,Jeremy Swayman,1,28,24
2021021116,2022-04-05,FLA,8475683,Sergei Bobrovsky,1,14,10
2021021116,2022-04-05,TOR,8475789,Jack Campbell,0,26,22
2021021116,2022-04-05,TOR,8478902,Erik Kallgren,1,23,20
2021021116,2022-04-05,FLA,8481519,Spencer Knight,0,21,19
2021021117,2022-04-05,NYR,8480382,Alexandar Georgiev,1,21,20
2021021117,2022-04-05,NJD,8482076,Nico Daws,1,17,14
2021021118,2022-04-05,CBJ,8478007,Elvis Merzlikins,1,49,47
2021021118,2022-04-05,PHI,8479394,Carter Hart,1,29,26
2021021119,2022-04-05,COL,8475311,Darcy Kuemper,1,45,41
2021021119,2022-04-05,PIT,8477465,Tristan Jarry,1,31,26
2021021120,2022-04-05,MIN,8470594,Marc-Andre Fleury,1,32,27
2021021120,2022-04-05,NSH,8477424,Juuse Saros,1,49,47
2021021121,2022-04-05,NYI,8473575,Semyon Varlamov,1,40,37
2021021121,2022-04-05,DAL,8479979,Jake Oettinger,1,21,19
2021021122,2022-04-05,EDM,8469608,Mike Smith,1,32,31
2021021122,2022-04-05,SJS,8473503,James Reimer,1,24,22
2021021123,2022-04-06,TBL,8476883,Andrei Vasilevskiy,1,28,24
2021021123,2022-04-06,WSH,8478492,Ilya Samsonov,1,28,25
2021021124,2022-04-06,SEA,8476904,Chris Driedger,1,35,32
2021021124,2022-04-06,STL,8478024,Ville Husso,1,29,28
2021021125,2022-04-06,DET,8471306,Thomas Greiss,1,33,32
2021021125,2022-04-06,WPG,8476945,Connor Hellebuyck,1,34,32
2021021126,2022-04-06,VGK,8475215,Robin Lehner,1,31,26
2021021126,2022-04-06,VAN,8477967,Thatcher Demko,1,34,33
2021021127,2022-04-06,CGY,8474593,Jacob Markstrom,1,28,26
2021021127,2022-04-06,ANA,8476932,Anthony Stolarz,1,27,24
2021021128,2022-02-07,OTT,8476899,Matt Murray,1,33,32
2021021128,2022-02-07,NJD,8482076,Nico Daws,1,24,20
2021021129,2022-04-07,PIT,8477465,Tristan Jarry,1,23,21
2021021129,2022-04-07,NYR,8478048,Igor Shesterkin,1,30,30
2021021130,2022-04-07,BUF,8467950,Craig Anderson,1,31,27
2021021130,2022-04-07,CAR,8477293,Antti Raanta,1,21,18
2021021131,2022-04-07,PHI,8474889,Martin Jones,1,27,26
2021021131,2022-04-07,CBJ,8478007,Elvis Merzlikins,1,31,27
2021021132,2022-04-07,SEA,8475831,Philipp Grubauer,1,29,29
2021021132,2022-04-07,CHI,8480947,Kevin Lankinen,1,31,29
2021021133,2022-04-07,TOR,8475789,Jack Campbell,1,18,15
2021021133,2022-04-07,DAL,8475809,Scott Wedgewood,1,41,37
2021021134,2022-04-07,VAN,8470860,Jaroslav Halak,1,28,27
2021021134,2022-04-07,ARI,8474667,Harri Sateri,1,32,27
2021021135,2022-04-07,EDM,8469608,Mike Smith,1,33,31
2021021135,2022-04-07,LAK,8471734,Jonathan Quick,1,30,27
2021021136,2022-04-07,SJS,8473503,James Reimer,1,35,32
2021021136,2022-04-07,SJS,8478039,Kaapo Kahkonen,0,5,5
2021021136,2022-04-07,CGY,8478435,Dan Vladar,1,33,31
2021021137,2022-04-08,TBL,8476883,Andrei Vasilevskiy,1,37,35
2021021137,2022-04-08,BOS,8476999,Linus Ullmark,1,29,28
2021021138,2022-04-08,BUF,8474682,Dustin Tokarski,1,43,39
2021021138,2022-04-08,FLA,8475683,Sergei Bobrovsky,1,22,19
2021021139,2022-04-08,CAR,8475883,Frederik Andersen,1,21,19
2021021139,2022-04-08,NYI,8478009,Ilya Sorokin,1,21,20
2021021140,2022-04-08,MIN,8475660,Cam Talbot,1,28,24
2021021140,2022-04-08,STL,8478024,Ville Husso,1,38,35
2021021141,2022-04-08,WPG,8476945,Connor Hellebuyck,1,37,32
2021021141,2022-04-08,COL,8480925,Pavel Francouz,1,43,39
2021021142,2022-04-09,MTL,8474596,Jake Allen,1,15,14
2021021142,2022-04-09,MTL,8478470,Samuel Montembeault,0,25,23
2021021142,2022-04-09,TOR,8478902,Erik Kallgren,1,26,24
2021021143,2022-04-09,DET,8477968,Alex Nedeljkovic,1,33,28
2021021143,2022-04-09,CBJ,8478007,Elvis Merzlikins,1,38,34
2021021144,2022-04-09,OTT,8476341,Anton Forsberg,1,33,28
2021021144,2022-04-09,NYR,8478048,Igor Shesterkin,1,22,21
2021021145,2022-04-09,PHI,8474889,Martin Jones,1,34,29
2021021145,2022-04-09,ANA,8476932,Anthony Stolarz,1,33,30
2021021146,2022-04-09,PIT,8477465,Tristan Jarry,1,43,39
2021021146,2022-04-09,WSH,8478492,Ilya Samsonov,1,32,29
2021021147,2022-04-09,NYI,8473575,Semyon Varlamov,1,31,25
2021021147,2022-04-09,STL,8476412,Jordan Binnington,1,31,30
2021021148,2022-04-09,NSH,8477424,Juuse Saros,1,23,21
2021021148,2022-04-09,FLA,8481519,Spencer Knight,1,25,24
2021021149,2022-04-09,DAL,8479979,Jake Oettinger,1,23,20
2021021149,2022-04-09,NJD,8482076,Nico Daws,1,28,27
2021021150,2022-04-10,MIN,8470594,Marc-Andre Fleury,1,34,31
2021021150,2022-04-10,LAK,8477361,Calvin Petersen,1,33,27
2021021151,2022-04-09,EDM,8475156,Mikko Koskinen,1,34,33
2021021151,2022-04-09,COL,8475311,Darcy Kuemper,1,50,49
2021021152,2022-04-09,VAN,8477967,Thatcher Demko,1,37,35
2021021152,2022-04-09,SJS,8478039,Kaapo Kahkonen,1,38,35
2021021153,2022-04-09,VGK,8475215,Robin Lehner,1,30,29
2021021153,2022-04-09,ARI,8478872,Karel Vejmelka,1,39,33
2021021154,2022-04-09,CGY,8474593,Jacob Markstrom,1,28,27
2021021154,2022-04-09,SEA,8475831,Philipp Grubauer,1,28,25
2021021155,2022-04-10,WPG,8476945,Connor Hellebuyck,1,34,31
2021021155,2022-04-10,OTT,8481544,Mads Sogaard,1,25,21
2021021156,2022-04-10,BUF,8467950,Craig Anderson,1,28,23
2021021156,2022-04-10,TBL,8470880,Brian Elliott,1,28,28
2021021157,2022-04-10,PIT,8479193,Casey DeSmith,1,35,33
2021021157,2022-04-10,NSH,8479496,David Rittich,1,30,27
2021021158,2022-04-10,BOS,8476999,Linus Ullmark,1,32,29
2021021158,2022-04-10,WSH,8477970,Vitek Vanecek,1,30,28
2021021159,2022-04-10,CAR,8475883,Frederik Andersen,1,25,23
2021021159,2022-04-10,ANA,8476434,John Gibson,1,42,38
2021021160,2022-04-10,DAL,8479979,Jake Oettinger,1,40,36
2021021160,2022-04-10,CHI,8480420,Collin Delia,0,10,9
2021021160,2022-04-10,CHI,8480947,Kevin Lankinen,1,20,15
2021021161,2022-02-20,SJS,8473503,James Reimer,1,34,31
2021021161,2022-02-20,VGK,8480313,Logan Thompson,1,36,35
2021021162,2022-04-11,WPG,8476945,Connor Hellebuyck,1,25,23
2021021162,2022-04-11,MTL,8478470,Samuel Montembeault,1,34,31
2021021163,2022-04-12,EDM,8475156,Mikko Koskinen,1,23,18
2021021163,2022-04-12,MIN,8475660,Cam Talbot,1,28,27
2021021164,2022-04-12,STL,8478024,Ville Husso,1,41,39
2021021164,2022-04-12,BOS,8480280,Jeremy Swayman,1,30,26
2021021165,2022-04-12,BUF,8467950,Craig Anderson,1,26,24
2021021165,2022-04-12,TOR,8478902,Erik Kallgren,1,27,23
2021021166,2022-04-12,DET,8471306,Thomas Greiss,1,30,28
2021021166,2022-04-12,OTT,8476341,Anton Forsberg,1,25,24
2021021167,2022-04-12,FLA,8475683,Sergei Bobrovsky,1,24,22
2021021167,2022-04-12,ANA,8476434,John Gibson,1,55,52
2021021168,2022-04-12,CAR,8475883,Frederik Andersen,1,30,28
2021021168,2022-04-12,NYR,8478048,Igor Shesterkin,1,24,21
2021021169,2022-04-29,CBJ,8475234,J-F Berube,1,8,5
2021021169,2022-04-29,CBJ,8478007,Elvis Merzlikins,0,42,40
2021021169,2022-04-29,PIT,8479193,Casey DeSmith,1,36,33
2021021170,2022-04-12,PHI,8474889,Martin Jones,0,27,21
2021021170,2022-04-12,WSH,8478492,Ilya Samsonov,1,21,19
2021021170,2022-04-12,PHI,8479394,Carter Hart,1,10,7
2021021171,2022-04-14,SJS,8473503,James Reimer,1,32,28
2021021171,2022-04-14,CHI,8480947,Kevin Lankinen,1,37,33
2021021172,2022-04-14,EDM,8469608,Mike Smith,1,30,30
2021021172,2022-04-14,NSH,8477424,Juuse Saros,1,32,28
2021021173,2022-04-12,DAL,8475809,Scott Wedgewood,1,25,25
2021021173,2022-04-12,TBL,8476883,Andrei Vasilevskiy,1,29,28
2021021174,2022-04-12,CGY,8474593,Jacob Markstrom,1,15,12
2021021174,2022-04-12,SEA,8476904,Chris Driedger,1,30,26
2021021174,2022-04-12,CGY,8478435,Dan Vladar,0,7,7
2021021175,2022-04-12,VGK,8475215,Robin Lehner,1,27,22
2021021175,2022-04-12,VAN,8477967,Thatcher Demko,1,45,41
2021021176,2022-04-12,ARI,8478872,Karel Vejmelka,1,38,32
2021021176,2022-04-12,NJD,8482076,Nico Daws,1,21,19
2021021177,2022-04-13,PHI,8478433,Felix Sandstrom,1,33,30
2021021177,2022-04-13,NYR,8480382,Alexandar Georgiev,1,28,28
2021021178,2022-04-13,CBJ,8478007,Elvis Merzlikins,1,21,20
2021021178,2022-04-13,MTL,8478470,Samuel Montembeault,1,31,26
2021021179,2022-05-01,SEA,8476904,Chris Driedger,1,27,23
2021021179,2022-05-01,WPG,8477480,Eric Comrie,1,30,27
2021021180,2022-04-13,LAK,8471734,Jonathan Quick,1,10,7
2021021180,2022-04-13,COL,8475311,Darcy Kuemper,1,32,29
2021021180,2022-04-13,LAK,8477361,Calvin Petersen,0,25,19
2021021181,2022-04-14,OTT,8476341,Anton Forsberg,1,42,40
2021021181,2022-04-14,BOS,8476999,Linus Ullmark,1,8,8
2021021181,2022-04-14,BOS,8480280,Jeremy Swayman,0,24,21
2021021182,2022-04-14,BUF,8467950,Craig Anderson,1,27,22
2021021182,2022-04-14,STL,8476412,Jordan Binnington,1,37,35
2021021183,2022-04-14,TOR,8475789,Jack Campbell,1,25,22
2021021183,2022-04-14,WSH,8477970,Vitek Vanecek,0,13,10
2021021183,2022-04-14,WSH,8478492,Ilya Samsonov,1,19,15
2021021184,2022-04-14,TBL,8470880,Brian Elliott,0,13,13
2021021184,2022-04-14,TBL,8476883,Andrei Vasilevskiy,1,13,10
2021021184,2022-04-14,ANA,8476932,Anthony Stolarz,1,31,27
2021021185,2022-04-14,PIT,8477465,Tristan Jarry,1,39,36
2021021185,2022-04-14,NYI,8478009,Ilya Sorokin,1,26,22
2021021186,2022-04-14,CAR,8477293,Antti Raanta,1,22,19
2021021186,2022-04-14,DET,8477968,Alex Nedeljkovic,1,46,46
2021021187,2022-04-12,LAK,8471734,Jonathan Quick,1,20,18
2021021187,2022-04-12,CHI,8480420,Collin Delia,1,35,31
2021021188,2022-04-12,NSH,8477424,Juuse Saros,1,25,25
2021021188,2022-04-12,SJS,8478039,Kaapo Kahkonen,1,41,40
2021021189,2022-04-14,MIN,8470594,Marc-Andre Fleury,1,36,34
2021021189,2022-04-14,DAL,8475809,Scott Wedgewood,1,27,24
2021021190,2022-04-14,NJD,8477202,Andrew Hammond,1,30,27
2021021190,2022-04-14,COL,8480925,Pavel Francouz,1,27,26
2021021191,2022-04-14,CGY,8474593,Jacob Markstrom,1,17,13
2021021191,2022-04-14,CGY,8478435,Dan Vladar,0,8,6
2021021191,2022-04-14,VGK,8480313,Logan Thompson,1,36,35
2021021192,2022-04-14,ARI,8474667,Harri Sateri,0,5,4
2021021192,2022-04-14,VAN,8477967,Thatcher Demko,1,22,21
2021021192,2022-04-14,ARI,8478872,Karel Vejmelka,1,22,16
2021021193,2022-04-15,MTL,8471679,Carey Price,1,19,17
2021021193,2022-04-15,NYI,8478009,Ilya Sorokin,1,44,44
2021021194,2022-04-15,FLA,8475683,Sergei Bobrovsky,1,31,30
2021021194,2022-04-15,WPG,8476945,Connor Hellebuyck,1,26,22
2021021194,2022-04-15,WPG,8477480,Eric Comrie,0,17,15
2021021195,2022-04-16,EDM,8469608,Mike Smith,1,39,39
2021021195,2022-04-16,VGK,8480313,Logan Thompson,1,36,32
2021021196,2022-04-16,PIT,8479193,Casey DeSmith,1,29,27
2021021196,2022-04-16,BOS,8480280,Jeremy Swayman,1,24,23
2021021197,2022-04-16,BUF,8467950,Craig Anderson,1,21,18
2021021197,2022-04-16,PHI,8474889,Martin Jones,1,29,25
2021021198,2022-04-16,WSH,8477970,Vitek Vanecek,1,32,28
2021021198,2022-04-16,MTL,8478470,Samuel Montembeault,1,41,33
2021021199,2022-04-16,OTT,8476341,Anton Forsberg,1,41,36
2021021199,2022-04-16,TOR,8478902,Erik Kallgren,1,29,25
2021021200,2022-04-16,TBL,8470880,Brian Elliott,1,18,14
2021021200,2022-04-16,WPG,8476945,Connor Hellebuyck,1,32,25
2021021200,2022-04-16,WPG,8477480,Eric Comrie,0,5,5
2021021201,2022-04-16,DET,8471306,Thomas Greiss,1,37,33
2021021201,2022-04-16,NYR,8478048,Igor Shesterkin,1,20,20
2021021202,2022-04-16,MIN,8475660,Cam Talbot,1,30,24
2021021202,2022-04-16,STL,8478024,Ville Husso,1,36,31
2021021203,2022-04-16,NSH,8477424,Juuse Saros,1,31,28
2021021203,2022-04-16,CHI,8480947,Kevin Lankinen,1,34,30
2021021204,2022-04-16,SJS,8478039,Kaapo Kahkonen,1,26,24
2021021204,2022-04-16,DAL,8479979,Jake Oettinger,1,24,23
2021021205,2022-04-16,COL,8475311,Darcy Kuemper,1,33,29
2021021205,2022-04-16,CAR,8475883,Frederik Andersen,1,33,26
2021021205,2022-04-16,CAR,8477293,Antti Raanta,0,4,4
2021021206,2022-04-16,CGY,8474593,Jacob Markstrom,1,26,25
2021021206,2022-04-16,ARI,8474667,Harri Sateri,1,31,24
2021021206,2022-04-16,ARI,8478872,Karel Vejmelka,0,10,8
2021021207,2022-04-29,EDM,8475156,Mikko Koskinen,1,41,39
2021021207,2022-04-29,VAN,8477484,Spencer Martin,1,33,31
2021021208,2022-04-16,LAK,8471734,Jonathan Quick,1,22,21
2021021208,2022-04-16,CBJ,8478007,Elvis Merzlikins,1,38,36
2021021209,2022-04-16,SEA,8475831,Philipp Grubauer,1,26,23
2021021209,2022-04-16,NJD,8482076,Nico Daws,1,26,23
2021021210,2022-04-17,DET,8477968,Alex Nedeljkovic,1,39,33
2021021210,2022-04-17,FLA,8481519,Spencer Knight,1,34,33
2021021211,2022-01-22,NYI,8473575,Semyon Varlamov,1,23,20
2021021211,2022-01-22,TOR,8475852,Petr Mrazek,1,28,27
2021021212,2022-04-17,BUF,8474682,Dustin Tokarski,1,35,32
2021021212,2022-04-17,PHI,8478433,Felix Sandstrom,1,39,35
2021021213,2022-04-17,STL,8476412,Jordan Binnington,1,36,33
2021021213,2022-04-17,NSH,8477424,Juuse Saros,1,20,16
2021021213,2022-04-17,NSH,8479496,David Rittich,0,13,9
2021021214,2022-04-17,MIN,8470594,Marc-Andre Fleury,1,30,26
2021021214,2022-04-17,SJS,8473503,James Reimer,1,28,23
2021021215,2022-04-17,CBJ,8475234,J-F Berube,1,31,26
2021021215,2022-04-17,ANA,8476434,John Gibson,1,35,31
2021021216,2022-04-18,COL,8475311,Darcy Kuemper,1,27,24
2021021216,2022-04-18,WSH,8478492,Ilya Samsonov,1,26,24
2021021217,2022-04-18,DAL,8475809,Scott Wedgewood,0,11,10
2021021217,2022-04-18,VAN,8477967,Thatcher Demko,1,30,28
2021021217,2022-04-18,DAL,8479979,Jake Oettinger,1,19,15
2021021218,2022-04-18,CAR,8477293,Antti Raanta,1,26,23
2021021218,2022-04-18,ARI,8478872,Karel Vejmelka,1,51,46
2021021219,2022-04-18,VGK,8475215,Robin Lehner,1,28,25
2021021219,2022-04-18,NJD,8477202,Andrew Hammond,1,44,42
2021021220,2022-04-19,PHI,8474889,Martin Jones,1,28,24
2021021220,2022-04-19,TOR,8475789,Jack Campbell,1,39,37
2021021221,2022-04-19,MTL,8471679,Carey Price,1,30,28
2021021221,2022-04-19,MIN,8475660,Cam Talbot,1,26,26
2021021222,2022-04-19,DET,8471306,Thomas Greiss,1,41,38
2021021222,2022-04-19,TBL,8476883,Andrei Vasilevskiy,1,31,27
2021021223,2022-04-19,FLA,8475683,Sergei Bobrovsky,1,26,24
2021021223,2022-04-19,NYI,8478009,Ilya Sorokin,1,42,39
2021021224,2022-04-19,WPG,8477480,Eric Comrie,1,33,31
2021021224,2022-04-19,NYR,8478048,Igor Shesterkin,1,31,31
2021021225,2022-04-19,STL,8478024,Ville Husso,1,35,32
2021021225,2022-04-19,BOS,8480280,Jeremy Swayman,1,22,20
2021021226,2022-04-19,LAK,8471734,Jonathan Quick,1,30,29
2021021226,2022-04-19,ANA,8476434,John Gibson,1,28,26
2021021227,2022-04-19,CBJ,8478007,Elvis Merzlikins,1,28,25
2021021227,2022-04-19,SJS,8478039,Kaapo Kahkonen,1,24,22
2021021228,2022-02-17,BUF,8467950,Craig Anderson,1,27,25
2021021228,2022-02-17,OTT,8476341,Anton Forsberg,1,24,23
2021021229,2022-04-20,EDM,8469608,Mike Smith,1,36,34
2021021229,2022-04-20,DAL,8475809,Scott Wedgewood,1,49,45
2021021230,2022-04-20,ARI,8478872,Karel Vejmelka,1,40,36
2021021230,2022-04-20,CHI,8480947,Kevin Lankinen,1,35,32
2021021231,2022-04-20,VGK,8475215,Robin Lehner,1,13,12
2021021231,2022-04-20,WSH,8478492,Ilya Samsonov,1,30,26
2021021231,2022-04-20,VGK,8480313,Logan Thompson,0,15,13
2021021232,2022-04-20,SEA,8475831,Philipp Grubauer,1,27,25
2021021232,2022-04-20,COL,8480925,Pavel Francouz,1,29,26
2021021233,2022-04-21,MTL,8471679,Carey Price,1,34,28
2021021233,2022-04-21,PHI,8474889,Martin Jones,1,34,31
2021021234,2022-04-21,TBL,8476883,Andrei Vasilevskiy,1,37,36
2021021234,2022-04-21,TOR,8478902,Erik Kallgren,1,36,28
2021021235,2022-04-21,FLA,8475683,Sergei Bobrovsky,1,30,28
2021021235,2022-04-21,DET,8477968,Alex Nedeljkovic,1,27,22
2021021236,2022-04-21,BUF,8467950,Craig Anderson,1,31,29
2021021236,2022-04-21,NJD,8477202,Andrew Hammond,1,28,23
2021021237,2022-04-21,NYI,8473575,Semyon Varlamov,1,23,17
2021021237,2022-04-21,NYR,8480382,Alexandar Georgiev,1,29,26
2021021238,2022-04-21,PIT,8479193,Casey DeSmith,1,52,52
2021021238,2022-04-21,BOS,8480280,Jeremy Swayman,1,31,28
2021021239,2022-04-21,CAR,8477293,Antti Raanta,1,22,20
2021021239,2022-04-21,WPG,8477480,Eric Comrie,1,45,42
2021021240,2022-04-21,MIN,8475660,Cam Talbot,1,24,21
2021021240,2022-04-21,VAN,8477967,Thatcher Demko,1,31,26
2021021241,2022-04-21,CGY,8474593,Jacob Markstrom,1,23,21
2021021241,2022-04-21,DAL,8479979,Jake Oettinger,1,36,33
2021021242,2022-04-21,LAK,8471734,Jonathan Quick,1,16,15
2021021242,2022-04-21,CHI,8480420,Collin Delia,1,35,31
2021021242,2022-04-21,CHI,8480947,Kevin Lankinen,0,1,1
2021021243,2022-04-21,SJS,8473503,James Reimer,1,27,25
2021021243,2022-04-21,STL,8476412,Jordan Binnington,1,21,20
2021021244,2022-04-22,CBJ,8478007,Elvis Merzlikins,1,26,25
2021021244,2022-04-22,OTT,8479406,Filip Gustavsson,1,34,33
2021021245,2022-04-22,MIN,8470594,Marc-Andre Fleury,1,28,25
2021021245,2022-04-22,SEA,8475831,Philipp Grubauer,1,35,29
2021021246,2022-04-22,EDM,8469608,Mike Smith,1,37,34
2021021246,2022-04-22,COL,8475311,Darcy Kuemper,1,26,21
2021021247,2022-04-22,WSH,8477970,Vitek Vanecek,1,19,19
2021021247,2022-04-22,ARI,8478872,Karel Vejmelka,1,28,27
2021021248,2022-04-23,BOS,8476999,Linus Ullmark,1,31,30
2021021248,2022-04-23,NYR,8478048,Igor Shesterkin,1,35,32
2021021249,2022-04-23,BUF,8474682,Dustin Tokarski,1,22,19
2021021249,2022-04-23,NYI,8478009,Ilya Sorokin,1,35,30
2021021250,2022-04-23,MTL,8471679,Carey Price,1,26,20
2021021250,2022-04-23,OTT,8476341,Anton Forsberg,1,48,44
2021021251,2022-04-23,DET,8471306,Thomas Greiss,1,23,18
2021021251,2022-04-23,DET,8477968,Alex Nedeljkovic,0,15,13
2021021251,2022-04-23,PIT,8479193,Casey DeSmith,1,25,23
2021021252,2022-04-23,TBL,8470880,Brian Elliott,1,21,19
2021021252,2022-04-23,NSH,8477424,Juuse Saros,1,30,24
2021021252,2022-04-23,NSH,8479496,David Rittich,0,9,9
2021021253,2022-04-23,FLA,8475683,Sergei Bobrovsky,1,36,34
2021021253,2022-04-23,TOR,8475789,Jack Campbell,1,35,32
2021021254,2022-04-23,NJD,8476903,Jon Gillies,1,29,26
2021021254,2022-04-23,CAR,8481611,Pyotr Kochetkov,1,19,17
2021021255,2022-04-23,SEA,8476904,Chris Driedger,1,31,28
2021021255,2022-04-23,DAL,8479979,Jake Oettinger,1,32,30
2021021256,2022-04-23,VAN,8477967,Thatcher Demko,1,30,25
2021021256,2022-04-23,CGY,8478435,Dan Vladar,1,31,28
2021021257,2022-04-23,ARI,8474667,Harri Sateri,1,33,28
2021021257,2022-04-23,STL,8476412,Jordan Binnington,1,20,16
2021021258,2022-04-23,LAK,8471734,Jonathan Quick,1,21,19
2021021258,2022-04-23,ANA,8476932,Anthony Stolarz,1,39,36
2021021259,2022-04-23,SJS,8478039,Kaapo Kahkonen,1,28,27
2021021259,2022-04-23,CHI,8480947,Kevin Lankinen,1,19,15
2021021260,2022-04-24,FLA,8475683,Sergei Bobrovsky,0,16,13
2021021260,2022-04-24,TBL,8476883,Andrei Vasilevskiy,1,39,35
2021021260,2022-04-24,FLA,8481519,Spencer Knight,1,17,12
2021021261,2022-04-24,NJD,8477202,Andrew Hammond,1,22,21
2021021261,2022-04-24,DET,8477968,Alex Nedeljkovic,1,17,17
2021021262,2022-04-24,NYI,8473575,Semyon Varlamov,1,32,29
2021021262,2022-04-24,CAR,8477293,Antti Raanta,1,18,17
2021021262,2022-04-24,CAR,8481611,Pyotr Kochetkov,0,8,7
2021021263,2022-02-15,NYR,8478048,Igor Shesterkin,1,32,31
2021021263,2022-02-15,BOS,8480280,Jeremy Swayman,1,34,33
2021021263,2022-02-15,NYR,8480382,Alexandar Georgiev,0,0,0
2021021264,2022-04-24,PHI,8474889,Martin Jones,1,38,37
2021021264,2022-04-24,PIT,8475839,Louis Domingue,1,42,39
2021021265,2022-04-24,WSH,8477970,Vitek Vanecek,1,30,27
2021021265,2022-04-24,TOR,8478902,Erik Kallgren,1,37,34
2021021266,2022-04-24,EDM,8475156,Mikko Koskinen,1,30,26
2021021266,2022-04-24,CBJ,8478007,Elvis Merzlikins,1,35,33
2021021267,2022-04-24,MIN,8470594,Marc-Andre Fleury,1,25,21
2021021267,2022-04-24,NSH,8479496,David Rittich,1,47,42
2021021268,2022-04-24,COL,8475311,Darcy Kuemper,1,44,40
2021021268,2022-04-24,WPG,8476945,Connor Hellebuyck,1,31,30
2021021269,2022-04-24,SJS,8473503,James Reimer,1,46,42
2021021269,2022-04-24,VGK,8480313,Logan Thompson,1,29,25
2021021270,2022-04-24,ANA,8476434,John Gibson,1,37,31
2021021270,2022-04-24,STL,8478024,Ville Husso,1,17,14
2021021271,2022-04-25,PHI,8478433,Felix Sandstrom,1,33,30
2021021271,2022-04-25,CHI,8480947,Kevin Lankinen,1,34,33
2021021272,2022-04-26,FLA,8475683,Sergei Bobrovsky,1,37,34
2021021272,2022-04-26,BOS,8476999,Linus Ullmark,1,21,19
2021021273,2022-02-23,BUF,8467950,Craig Anderson,1,28,25
2021021273,2022-02-23,MTL,8478470,Samuel Montembeault,1,32,32
2021021274,2022-04-26,OTT,8476341,Anton Forsberg,1,41,37
2021021274,2022-04-26,NJD,8478406,Mackenzie Blackwood,1,34,29
2021021275,2022-02-26,DET,8471306,Thomas Greiss,0,14,10
2021021275,2022-02-26,TOR,8475789,Jack Campbell,1,25,20
2021021275,2022-02-26,TOR,8475852,Petr Mrazek,0,8,6
2021021275,2022-02-26,DET,8477968,Alex Nedeljkovic,1,25,19
2021021276,2022-04-26,TBL,8476883,Andrei Vasilevskiy,1,21,20
2021021276,2022-04-26,CBJ,8478007,Elvis Merzlikins,1,32,28
2021021277,2022-04-26,NYR,8478048,Igor Shesterkin,1,36,32
2021021277,2022-04-26,CAR,8481611,Pyotr Kochetkov,1,34,31
2021021278,2022-04-26,EDM,8469608,Mike Smith,1,34,33
2021021278,2022-04-26,PIT,8479193,Casey DeSmith,1,41,37
2021021279,2022-04-26,NYI,8478009,Ilya Sorokin,1,33,32
2021021279,2022-04-26,WSH,8478492,Ilya Samsonov,1,26,22
2021021280,2022-04-26,NSH,8477424,Juuse Saros,1,33,30
2021021280,2022-04-26,CGY,8478435,Dan Vladar,1,23,19
2021021280,2022-04-26,NSH,8479496,David Rittich,0,5,3
2021021281,2022-04-26,DAL,8479979,Jake Oettinger,1,35,33
2021021281,2022-04-26,VGK,8480313,Logan Thompson,1,30,28
2021021282,2022-04-26,MIN,8470594,Marc-Andre Fleury,1,25,21
2021021282,2022-04-26,ARI,8478872,Karel Vejmelka,1,38,35
2021021283,2022-04-26,COL,8475311,Darcy Kuemper,1,32,29
2021021283,2022-04-26,STL,8476412,Jordan Binnington,1,33,29
2021021284,2022-04-26,VAN,8477484,Spencer Martin,1,32,30
2021021284,2022-04-26,SEA,8478916,Joey Daccord,1,27,22
2021021285,2022-04-26,ANA,8476932,Anthony Stolarz,1,33,31
2021021285,2022-04-26,SJS,8478039,Kaapo Kahkonen,1,30,26
2021021286,2022-04-27,VGK,8480313,Logan Thompson,1,40,37
2021021286,2022-04-27,CHI,8480947,Kevin Lankinen,1,40,37
2021021287,2022-04-27,ARI,8474667,Harri Sateri,1,29,26
2021021287,2022-04-27,DAL,8475809,Scott Wedgewood,1,37,33
2021021288,2022-04-27,WPG,8477480,Eric Comrie,1,35,35
2021021288,2022-04-27,PHI,8478433,Felix Sandstrom,1,26,23
2021021289,2022-04-27,LAK,8471734,Jonathan Quick,1,40,37
2021021289,2022-04-27,SEA,8475831,Philipp Grubauer,1,27,23
2021021290,2022-04-28,BUF,8474682,Dustin Tokarski,1,32,27
2021021290,2022-04-28,BOS,8476999,Linus Ullmark,1,37,37
2021021291,2022-04-28,OTT,8479406,Filip Gustavsson,1,30,26
2021021291,2022-04-28,FLA,8481519,Spencer Knight,1,27,27
2021021292,2022-04-29,TBL,8476883,Andrei Vasilevskiy,1,37,33
2021021292,2022-04-29,NYI,8478009,Ilya Sorokin,1,33,28
2021021293,2022-02-08,WSH,8477831,Pheonix Copley,1,19,15
2021021293,2022-02-08,CBJ,8478007,Elvis Merzlikins,1,33,29
2021021293,2022-02-08,WSH,8478492,Ilya Samsonov,0,7,6
2021021294,2022-04-28,NJD,8476903,Jon Gillies,0,6,6
2021021294,2022-04-28,NJD,8477202,Andrew Hammond,1,30,24
2021021294,2022-04-28,CAR,8477293,Antti Raanta,1,30,27
2021021295,2022-04-28,CGY,8474593,Jacob Markstrom,1,25,22
2021021295,2022-04-28,MIN,8475660,Cam Talbot,1,33,31
2021021296,2022-04-28,COL,8475311,Darcy Kuemper,1,37,33
2021021296,2022-04-28,NSH,8479496,David Rittich,1,46,42
2021021297,2022-04-28,SJS,8473503,James Reimer,1,31,26
2021021297,2022-04-28,EDM,8475156,Mikko Koskinen,1,44,40
2021021298,2022-04-29,BUF,8474682,Dustin Tokarski,1,21,19
2021021298,2022-04-29,CHI,8480420,Collin Delia,1,36,33
2021021299,2022-04-29,TOR,8478902,Erik Kallgren,1,26,24
2021021299,2022-04-29,BOS,8480280,Jeremy Swayman,1,26,22
2021021300,2022-04-29,MTL,8471679,Carey Price,1,39,37
2021021300,2022-04-29,FLA,8477992,Jonas Johansson,1,37,27
2021021301,2022-04-29,DET,8476433,Magnus Hellberg,1,23,20
2021021301,2022-04-29,NJD,8478406,Mackenzie Blackwood,1,34,30
2021021302,2022-04-29,WSH,8478492,Ilya Samsonov,1,33,30
2021021302,2022-04-29,NYR,8480382,Alexandar Georgiev,1,36,34
2021021303,2022-04-29,PHI,8474889,Martin Jones,1,35,32
2021021303,2022-04-29,OTT,8476341,Anton Forsberg,1,34,32
2021021304,2022-02-20,CAR,8477293,Antti Raanta,1,34,31
2021021304,2022-02-20,PIT,8477465,Tristan Jarry,1,30,26
2021021305,2022-04-28,TBL,8470880,Brian Elliott,1,34,30
2021021305,2022-04-28,CBJ,8478007,Elvis Merzlikins,1,27,25
2021021306,2022-04-29,STL,8478024,Ville Husso,1,44,38
2021021306,2022-04-29,VGK,8480313,Logan Thompson,1,18,14
2021021307,2022-04-29,ANA,8476434,John Gibson,1,5,5
2021021307,2022-04-29,ANA,8476932,Anthony Stolarz,0,10,8
2021021307,2022-04-29,DAL,8479979,Jake Oettinger,1,21,19
2021021307,2022-04-29,ANA,8480591,Thomas Hodges,0,3,2
2021021308,2022-04-29,MIN,8470594,Marc-Andre Fleury,1,28,27
2021021308,2022-04-29,COL,8480925,Pavel Francouz,1,21,18
2021021309,2022-04-29,WPG,8476945,Connor Hellebuyck,1,33,32
2021021309,2022-04-29,CGY,8478435,Dan Vladar,1,42,40
2021021310,2022-04-28,LAK,8477361,Calvin Petersen,1,29,26
2021021310,2022-04-28,VAN,8477484,Spencer Martin,1,35,33
2021021311,2022-04-29,ARI,8474667,Harri Sateri,0,27,27
2021021311,2022-04-29,ARI,8478872,Karel Vejmelka,1,6,2
2021021311,2022-04-29,NSH,8478971,Connor Ingram,1,27,22
2021021312,2022-04-29,SEA,8476904,Chris Driedger,1,24,24
2021021312,2022-04-29,SJS,8478039,Kaapo Kahkonen,1,30,28
