espn_id,date_et,home,away,xg_home,xg_away,src
401559236,2023-10-10,TBL,NSH,3.715,3.697,"moneypuck flurryScoreVenueAdj xG, all sit."
401559237,2023-10-10,PIT,CHI,3.26,3.751,"moneypuck flurryScoreVenueAdj xG, all sit."
401559238,2023-10-10,VGK,SEA,3.907,3.215,"moneypuck flurryScoreVenueAdj xG, all sit."
401559239,2023-10-11,TOR,MTL,3.507,2.808,"moneypuck flurryScoreVenueAdj xG, all sit."
401559240,2023-10-11,CAR,OTT,3.315,2.61,"moneypuck flurryScoreVenueAdj xG, all sit."
401559241,2023-10-11,BOS,CHI,4.354,2.496,"moneypuck flurryScoreVenueAdj xG, all sit."
401559242,2023-10-11,CGY,WPG,2.767,3.189,"moneypuck flurryScoreVenueAdj xG, all sit."
401559243,2023-10-11,VAN,EDM,3.604,2.22,"moneypuck flurryScoreVenueAdj xG, all sit."
401559244,2023-10-11,LAK,COL,3.556,5.029,"moneypuck flurryScoreVenueAdj xG, all sit."
401559245,2023-10-12,BUF,NYR,2.102,4.228,"moneypuck flurryScoreVenueAdj xG, all sit."
401559247,2023-10-12,NJD,DET,3.817,3.962,"moneypuck flurryScoreVenueAdj xG, all sit."
401559248,2023-10-12,CBJ,PHI,2.39,4.717,"moneypuck flurryScoreVenueAdj xG, all sit."
401559249,2023-10-12,NSH,SEA,4.807,2.657,"moneypuck flurryScoreVenueAdj xG, all sit."
401559250,2023-10-12,DAL,STL,2.703,2.146,"moneypuck flurryScoreVenueAdj xG, all sit."
401559251,2023-10-12,MIN,FLA,1.686,2.947,"moneypuck flurryScoreVenueAdj xG, all sit."
401559252,2023-10-12,SJS,VGK,2.261,2.469,"moneypuck flurryScoreVenueAdj xG, all sit."
401559253,2023-10-13,NJD,ARI,3.012,4.427,"moneypuck flurryScoreVenueAdj xG, all sit."
401559254,2023-10-13,WSH,PIT,1.604,4.72,"moneypuck flurryScoreVenueAdj xG, all sit."
401559255,2023-10-14,OTT,PHI,2.904,2.659,"moneypuck flurryScoreVenueAdj xG, all sit."
401559256,2023-10-14,WPG,FLA,3.31,4.256,"moneypuck flurryScoreVenueAdj xG, all sit."
401559257,2023-10-14,BOS,NSH,2.749,3.68,"moneypuck flurryScoreVenueAdj xG, all sit."
401559258,2023-10-14,TOR,MIN,4.017,3.169,"moneypuck flurryScoreVenueAdj xG, all sit."
401559259,2023-10-14,MTL,CHI,2.995,2.696,"moneypuck flurryScoreVenueAdj xG, all sit."
401559260,2023-10-14,DET,TBL,3.843,3.114,"moneypuck flurryScoreVenueAdj xG, all sit."
401559261,2023-10-14,PIT,CGY,4.18,2.525,"moneypuck flurryScoreVenueAdj xG, all sit."
401559262,2023-10-14,CBJ,NYR,2.834,4.391,"moneypuck flurryScoreVenueAdj xG, all sit."
401559263,2023-10-14,NYI,BUF,1.947,1.88,"moneypuck flurryScoreVenueAdj xG, all sit."
401559264,2023-10-14,STL,SEA,1.945,3.018,"moneypuck flurryScoreVenueAdj xG, all sit."
401559265,2023-10-14,EDM,VAN,4.273,2.071,"moneypuck flurryScoreVenueAdj xG, all sit."
401559266,2023-10-14,VGK,ANA,4.206,2.718,"moneypuck flurryScoreVenueAdj xG, all sit."
401559267,2023-10-14,SJS,COL,2.63,4.944,"moneypuck flurryScoreVenueAdj xG, all sit."
401559268,2023-10-14,LAK,CAR,3.357,1.922,"moneypuck flurryScoreVenueAdj xG, all sit."
401559246,2023-10-15,OTT,TBL,3.274,1.312,"moneypuck flurryScoreVenueAdj xG, all sit."
401559269,2023-10-15,ANA,CAR,4.337,3.394,"moneypuck flurryScoreVenueAdj xG, all sit."
401559270,2023-10-16,TOR,CHI,4.84,3.109,"moneypuck flurryScoreVenueAdj xG, all sit."
401559271,2023-10-16,NJD,FLA,3.156,4.111,"moneypuck flurryScoreVenueAdj xG, all sit."
401559272,2023-10-16,NYR,ARI,2.615,2.315,"moneypuck flurryScoreVenueAdj xG, all sit."
401559273,2023-10-16,WSH,CGY,2.916,2.913,"moneypuck flurryScoreVenueAdj xG, all sit."
401559274,2023-10-16,CBJ,DET,1.722,3.661,"moneypuck flurryScoreVenueAdj xG, all sit."
401559275,2023-10-17,BUF,TBL,2.492,2.553,"moneypuck flurryScoreVenueAdj xG, all sit."
401559276,2023-10-17,MTL,MIN,2.207,4.022,"moneypuck flurryScoreVenueAdj xG, all sit."
401559277,2023-10-17,PHI,VAN,4.166,1.879,"moneypuck flurryScoreVenueAdj xG, all sit."
401559278,2023-10-17,NYI,ARI,2.352,1.371,"moneypuck flurryScoreVenueAdj xG, all sit."
401559279,2023-10-17,NSH,EDM,2.937,3.594,"moneypuck flurryScoreVenueAdj xG, all sit."
401559280,2023-10-17,WPG,LAK,2.225,3.582,"moneypuck flurryScoreVenueAdj xG, all sit."
401559281,2023-10-17,SEA,COL,2.578,2.722,"moneypuck flurryScoreVenueAdj xG, all sit."
401559282,2023-10-17,VGK,DAL,3.027,2.392,"moneypuck flurryScoreVenueAdj xG, all sit."
401559283,2023-10-17,SJS,CAR,1.753,4.705,"moneypuck flurryScoreVenueAdj xG, all sit."
401559284,2023-10-18,OTT,WSH,2.309,2.022,"moneypuck flurryScoreVenueAdj xG, all sit."
401559285,2023-10-18,DET,PIT,3.067,2.657,"moneypuck flurryScoreVenueAdj xG, all sit."
401559286,2023-10-19,BUF,CGY,2.474,3.576,"moneypuck flurryScoreVenueAdj xG, all sit."
401559287,2023-10-19,TBL,VAN,3.428,2.342,"moneypuck flurryScoreVenueAdj xG, all sit."
401559288,2023-10-19,FLA,TOR,2.948,3.067,"moneypuck flurryScoreVenueAdj xG, all sit."
401559289,2023-10-19,NYR,NSH,1.969,4.033,"moneypuck flurryScoreVenueAdj xG, all sit."
401559290,2023-10-19,PHI,EDM,2.599,1.717,"moneypuck flurryScoreVenueAdj xG, all sit."
401559291,2023-10-19,STL,ARI,1.777,3.991,"moneypuck flurryScoreVenueAdj xG, all sit."
401559292,2023-10-19,MIN,LAK,2.359,3.448,"moneypuck flurryScoreVenueAdj xG, all sit."
401559293,2023-10-19,WPG,VGK,3.723,3.156,"moneypuck flurryScoreVenueAdj xG, all sit."
401559294,2023-10-19,ANA,DAL,2.277,3.9,"moneypuck flurryScoreVenueAdj xG, all sit."
401559295,2023-10-19,SEA,CAR,3.246,3.015,"moneypuck flurryScoreVenueAdj xG, all sit."
401559296,2023-10-19,COL,CHI,3.895,1.814,"moneypuck flurryScoreVenueAdj xG, all sit."
401559297,2023-10-19,SJS,BOS,1.868,4.862,"moneypuck flurryScoreVenueAdj xG, all sit."
401559298,2023-10-20,CBJ,CGY,2.878,2.987,"moneypuck flurryScoreVenueAdj xG, all sit."
401559299,2023-10-20,NYI,NJD,3.134,4.133,"moneypuck flurryScoreVenueAdj xG, all sit."
401559300,2023-10-21,OTT,DET,3.091,3.82,"moneypuck flurryScoreVenueAdj xG, all sit."
401559301,2023-10-21,ARI,ANA,3.647,3.531,"moneypuck flurryScoreVenueAdj xG, all sit."
401559302,2023-10-21,BUF,NYI,3.897,2.012,"moneypuck flurryScoreVenueAdj xG, all sit."
401559303,2023-10-21,MTL,WSH,3.418,3.275,"moneypuck flurryScoreVenueAdj xG, all sit."
401559304,2023-10-21,TBL,TOR,3.368,5.7,"moneypuck flurryScoreVenueAdj xG, all sit."
401559305,2023-10-21,FLA,VAN,3.031,3.835,"moneypuck flurryScoreVenueAdj xG, all sit."
401559306,2023-10-21,CHI,VGK,1.598,3.537,"moneypuck flurryScoreVenueAdj xG, all sit."
401559307,2023-10-21,STL,PIT,3.75,3.206,"moneypuck flurryScoreVenueAdj xG, all sit."
401559308,2023-10-21,NSH,SJS,3.215,1.812,"moneypuck flurryScoreVenueAdj xG, all sit."
401559309,2023-10-21,DAL,PHI,1.948,2.562,"moneypuck flurryScoreVenueAdj xG, all sit."
401559310,2023-10-21,MIN,CBJ,2.162,4.894,"moneypuck flurryScoreVenueAdj xG, all sit."
401559311,2023-10-21,COL,CAR,4.667,3.698,"moneypuck flurryScoreVenueAdj xG, all sit."
401559312,2023-10-21,EDM,WPG,3.606,2.56,"moneypuck flurryScoreVenueAdj xG, all sit."
401559313,2023-10-21,SEA,NYR,1.246,2.368,"moneypuck flurryScoreVenueAdj xG, all sit."
401559314,2023-10-21,LAK,BOS,3.576,1.913,"moneypuck flurryScoreVenueAdj xG, all sit."
401559315,2023-10-22,DET,CGY,2.247,2.305,"moneypuck flurryScoreVenueAdj xG, all sit."
401559316,2023-10-22,ANA,BOS,3.187,2.391,"moneypuck flurryScoreVenueAdj xG, all sit."
401559317,2023-10-23,BUF,MTL,3.331,3.481,"moneypuck flurryScoreVenueAdj xG, all sit."
401559318,2023-10-24,WSH,TOR,3.53,2.06,"moneypuck flurryScoreVenueAdj xG, all sit."
401559319,2023-10-24,CBJ,ANA,3.402,1.654,"moneypuck flurryScoreVenueAdj xG, all sit."
401559320,2023-10-24,OTT,BUF,3.205,2.903,"moneypuck flurryScoreVenueAdj xG, all sit."
401559321,2023-10-24,TBL,CAR,1.74,3.357,"moneypuck flurryScoreVenueAdj xG, all sit."
401559322,2023-10-24,MTL,NJD,2.36,5.209,"moneypuck flurryScoreVenueAdj xG, all sit."
401559323,2023-10-24,PIT,DAL,4.102,2.902,"moneypuck flurryScoreVenueAdj xG, all sit."
401559324,2023-10-24,FLA,SJS,4.486,2.624,"moneypuck flurryScoreVenueAdj xG, all sit."
401559325,2023-10-24,NYI,COL,2.54,4.464,"moneypuck flurryScoreVenueAdj xG, all sit."
401559326,2023-10-24,DET,SEA,2.711,4.142,"moneypuck flurryScoreVenueAdj xG, all sit."
401559327,2023-10-24,CHI,BOS,1.877,2.27,"moneypuck flurryScoreVenueAdj xG, all sit."
401559328,2023-10-24,WPG,STL,2.87,2.833,"moneypuck flurryScoreVenueAdj xG, all sit."
401559329,2023-10-24,MIN,EDM,4.948,3.216,"moneypuck flurryScoreVenueAdj xG, all sit."
401559330,2023-10-24,NSH,VAN,1.762,3.127,"moneypuck flurryScoreVenueAdj xG, all sit."
401559331,2023-10-24,CGY,NYR,2.586,2.716,"moneypuck flurryScoreVenueAdj xG, all sit."
401559332,2023-10-24,LAK,ARI,4.332,2.955,"moneypuck flurryScoreVenueAdj xG, all sit."
401559333,2023-10-24,VGK,PHI,2.672,2.579,"moneypuck flurryScoreVenueAdj xG, all sit."
401559334,2023-10-25,NJD,WSH,2.62,3.072,"moneypuck flurryScoreVenueAdj xG, all sit."
401559335,2023-10-26,BOS,ANA,2.776,2.325,"moneypuck flurryScoreVenueAdj xG, all sit."
401559336,2023-10-26,MTL,CBJ,3.34,3.158,"moneypuck flurryScoreVenueAdj xG, all sit."
401559337,2023-10-26,DET,WPG,3.037,2.37,"moneypuck flurryScoreVenueAdj xG, all sit."
401559338,2023-10-26,TBL,SJS,4.193,1.734,"moneypuck flurryScoreVenueAdj xG, all sit."
401559339,2023-10-26,PHI,MIN,2.87,2.379,"moneypuck flurryScoreVenueAdj xG, all sit."
401559340,2023-10-26,PIT,COL,2.261,2.327,"moneypuck flurryScoreVenueAdj xG, all sit."
401559341,2023-10-26,CAR,SEA,2.772,1.844,"moneypuck flurryScoreVenueAdj xG, all sit."
401559342,2023-10-26,NYI,OTT,2.565,4.563,"moneypuck flurryScoreVenueAdj xG, all sit."
401559343,2023-10-26,DAL,TOR,3.181,3.347,"moneypuck flurryScoreVenueAdj xG, all sit."
401559344,2023-10-26,CGY,STL,2.673,3.078,"moneypuck flurryScoreVenueAdj xG, all sit."
401559345,2023-10-26,EDM,NYR,3.068,2.71,"moneypuck flurryScoreVenueAdj xG, all sit."
401559346,2023-10-27,VGK,CHI,2.329,2.683,"moneypuck flurryScoreVenueAdj xG, all sit."
401559347,2023-10-27,NJD,BUF,3.127,2.693,"moneypuck flurryScoreVenueAdj xG, all sit."
401559348,2023-10-27,WSH,MIN,2.101,5.077,"moneypuck flurryScoreVenueAdj xG, all sit."
401559349,2023-10-27,CAR,SJS,4.011,1.861,"moneypuck flurryScoreVenueAdj xG, all sit."
401559350,2023-10-27,VAN,STL,3.397,0.943,"moneypuck flurryScoreVenueAdj xG, all sit."
401559351,2023-10-27,ARI,LAK,2.289,2.489,"moneypuck flurryScoreVenueAdj xG, all sit."
401559352,2023-10-28,PHI,ANA,2.409,3.511,"moneypuck flurryScoreVenueAdj xG, all sit."
401559353,2023-10-28,FLA,SEA,2.522,2.893,"moneypuck flurryScoreVenueAdj xG, all sit."
401559354,2023-10-28,BOS,DET,3.587,2.261,"moneypuck flurryScoreVenueAdj xG, all sit."
401559356,2023-10-28,MTL,WPG,2.142,3.678,"moneypuck flurryScoreVenueAdj xG, all sit."
401559357,2023-10-28,PIT,OTT,3.574,3.068,"moneypuck flurryScoreVenueAdj xG, all sit."
401559358,2023-10-28,CBJ,NYI,2.97,3.131,"moneypuck flurryScoreVenueAdj xG, all sit."
401559359,2023-10-28,NSH,TOR,2.383,2.506,"moneypuck flurryScoreVenueAdj xG, all sit."
401559360,2023-10-28,VAN,NYR,2.948,3.095,"moneypuck flurryScoreVenueAdj xG, all sit."
401559361,2023-10-28,LAK,VGK,5.293,3.677,"moneypuck flurryScoreVenueAdj xG, all sit."
401555903,2023-10-29,EDM,CGY,4.894,3.383,"moneypuck flurryScoreVenueAdj xG, all sit."
401559355,2023-10-29,BUF,COL,3.208,1.78,"moneypuck flurryScoreVenueAdj xG, all sit."
401559362,2023-10-29,NJD,MIN,3.33,2.844,"moneypuck flurryScoreVenueAdj xG, all sit."
401559364,2023-10-29,WSH,SJS,3.701,2.543,"moneypuck flurryScoreVenueAdj xG, all sit."
401559363,2023-10-30,PHI,CAR,3.801,2.347,"moneypuck flurryScoreVenueAdj xG, all sit."
401559365,2023-10-30,BOS,FLA,2.399,2.619,"moneypuck flurryScoreVenueAdj xG, all sit."
401559366,2023-10-30,TBL,SEA,3.177,4.485,"moneypuck flurryScoreVenueAdj xG, all sit."
401559367,2023-10-30,PIT,ANA,5.603,3.063,"moneypuck flurryScoreVenueAdj xG, all sit."
401559368,2023-10-30,NYI,DET,4.105,2.817,"moneypuck flurryScoreVenueAdj xG, all sit."
401559369,2023-10-30,WPG,NYR,1.96,2.437,"moneypuck flurryScoreVenueAdj xG, all sit."
401559370,2023-10-30,DAL,CBJ,5.645,2.168,"moneypuck flurryScoreVenueAdj xG, all sit."
401559371,2023-10-30,ARI,CHI,4.923,1.562,"moneypuck flurryScoreVenueAdj xG, all sit."
401559372,2023-10-30,VGK,MTL,2.826,2.767,"moneypuck flurryScoreVenueAdj xG, all sit."
401559373,2023-10-31,VAN,NSH,3.533,4.397,"moneypuck flurryScoreVenueAdj xG, all sit."
401559374,2023-10-31,TOR,LAK,2.321,2.95,"moneypuck flurryScoreVenueAdj xG, all sit."
401559375,2023-11-01,PHI,BUF,3.321,2.334,"moneypuck flurryScoreVenueAdj xG, all sit."
401559376,2023-11-01,CGY,DAL,3.875,3.289,"moneypuck flurryScoreVenueAdj xG, all sit."
401559377,2023-11-01,COL,STL,3.589,1.974,"moneypuck flurryScoreVenueAdj xG, all sit."
401559378,2023-11-01,ANA,ARI,1.801,2.59,"moneypuck flurryScoreVenueAdj xG, all sit."
401559379,2023-11-02,BOS,TOR,4.388,2.164,"moneypuck flurryScoreVenueAdj xG, all sit."
401559380,2023-11-02,OTT,LAK,1.617,4.067,"moneypuck flurryScoreVenueAdj xG, all sit."
401559381,2023-11-02,DET,FLA,2.129,2.854,"moneypuck flurryScoreVenueAdj xG, all sit."
401559382,2023-11-02,NYR,CAR,2.564,2.713,"moneypuck flurryScoreVenueAdj xG, all sit."
401559383,2023-11-02,WSH,NYI,3.893,4.101,"moneypuck flurryScoreVenueAdj xG, all sit."
401559384,2023-11-02,CBJ,TBL,3.145,1.885,"moneypuck flurryScoreVenueAdj xG, all sit."
401559385,2023-11-02,MIN,NJD,2.372,4.557,"moneypuck flurryScoreVenueAdj xG, all sit."
401559386,2023-11-02,EDM,DAL,4.872,3.051,"moneypuck flurryScoreVenueAdj xG, all sit."
401559387,2023-11-02,ARI,MTL,3.409,2.53,"moneypuck flurryScoreVenueAdj xG, all sit."
401559388,2023-11-02,VGK,WPG,2.808,3.17,"moneypuck flurryScoreVenueAdj xG, all sit."
401559389,2023-11-02,SEA,NSH,1.703,3.373,"moneypuck flurryScoreVenueAdj xG, all sit."
401559390,2023-11-02,SJS,VAN,2.999,5.271,"moneypuck flurryScoreVenueAdj xG, all sit."
401559391,2023-11-03,BUF,PHI,2.436,2.9,"moneypuck flurryScoreVenueAdj xG, all sit."
401559392,2023-11-03,STL,NJD,4.948,3.928,"moneypuck flurryScoreVenueAdj xG, all sit."
401559393,2023-11-04,EDM,NSH,2.691,3.476,"moneypuck flurryScoreVenueAdj xG, all sit."
401559394,2023-11-04,ARI,WPG,2.762,3.109,"moneypuck flurryScoreVenueAdj xG, all sit."
401559395,2023-11-04,TOR,BUF,3.042,4.934,"moneypuck flurryScoreVenueAdj xG, all sit."
401559396,2023-11-04,OTT,TBL,2.647,4.891,"moneypuck flurryScoreVenueAdj xG, all sit."
401559397,2023-11-04,DET,BOS,2.839,2.194,"moneypuck flurryScoreVenueAdj xG, all sit."
401559398,2023-11-04,PHI,LAK,1.879,2.632,"moneypuck flurryScoreVenueAdj xG, all sit."
401559399,2023-11-04,WSH,CBJ,3.427,3.68,"moneypuck flurryScoreVenueAdj xG, all sit."
401559400,2023-11-04,STL,MTL,3.695,3.116,"moneypuck flurryScoreVenueAdj xG, all sit."
401559401,2023-11-04,NYI,CAR,1.816,3.831,"moneypuck flurryScoreVenueAdj xG, all sit."
401559402,2023-11-04,CHI,FLA,2.944,3.781,"moneypuck flurryScoreVenueAdj xG, all sit."
401559403,2023-11-04,MIN,NYR,4.5,1.388,"moneypuck flurryScoreVenueAdj xG, all sit."
401559404,2023-11-04,VAN,DAL,2.263,3.161,"moneypuck flurryScoreVenueAdj xG, all sit."
401559405,2023-11-04,VGK,COL,2.5,3.472,"moneypuck flurryScoreVenueAdj xG, all sit."
401559406,2023-11-04,SJS,PIT,2.666,4.74,"moneypuck flurryScoreVenueAdj xG, all sit."
401559407,2023-11-04,SEA,CGY,1.66,3.638,"moneypuck flurryScoreVenueAdj xG, all sit."
401559408,2023-11-05,CHI,NJD,2.241,4.094,"moneypuck flurryScoreVenueAdj xG, all sit."
401559409,2023-11-05,ANA,VGK,3.288,3.122,"moneypuck flurryScoreVenueAdj xG, all sit."
401559410,2023-11-06,TOR,TBL,2.62,4.028,"moneypuck flurryScoreVenueAdj xG, all sit."
401559411,2023-11-06,FLA,CBJ,3.626,4.062,"moneypuck flurryScoreVenueAdj xG, all sit."
401559412,2023-11-06,DAL,BOS,2.732,2.634,"moneypuck flurryScoreVenueAdj xG, all sit."
401559413,2023-11-06,VAN,EDM,3.959,3.531,"moneypuck flurryScoreVenueAdj xG, all sit."
401559414,2023-11-07,MTL,TBL,2.821,4.693,"moneypuck flurryScoreVenueAdj xG, all sit."
401559415,2023-11-07,NYI,MIN,2.917,2.611,"moneypuck flurryScoreVenueAdj xG, all sit."
401559416,2023-11-07,NYR,DET,4.428,2.585,"moneypuck flurryScoreVenueAdj xG, all sit."
401559417,2023-11-07,STL,WPG,1.522,4.262,"moneypuck flurryScoreVenueAdj xG, all sit."
401559418,2023-11-07,CGY,NSH,3.595,1.739,"moneypuck flurryScoreVenueAdj xG, all sit."
401559419,2023-11-07,ARI,SEA,2.281,4.192,"moneypuck flurryScoreVenueAdj xG, all sit."
401559420,2023-11-07,COL,NJD,4.552,3.065,"moneypuck flurryScoreVenueAdj xG, all sit."
401559421,2023-11-07,ANA,PIT,2.184,3.022,"moneypuck flurryScoreVenueAdj xG, all sit."
401559422,2023-11-07,SJS,PHI,2.184,2.551,"moneypuck flurryScoreVenueAdj xG, all sit."
401559925,2023-11-07,CAR,BUF,2.784,2.246,"moneypuck flurryScoreVenueAdj xG, all sit."
401559423,2023-11-08,TOR,OTT,2.416,2.831,"moneypuck flurryScoreVenueAdj xG, all sit."
401559424,2023-11-08,WSH,FLA,2.443,3.052,"moneypuck flurryScoreVenueAdj xG, all sit."
401559425,2023-11-08,VGK,LAK,2.24,3.734,"moneypuck flurryScoreVenueAdj xG, all sit."
401559426,2023-11-09,BOS,NYI,3.462,3.263,"moneypuck flurryScoreVenueAdj xG, all sit."
401559427,2023-11-09,OTT,VAN,1.848,2.042,"moneypuck flurryScoreVenueAdj xG, all sit."
401559428,2023-11-09,DET,MTL,1.985,2.976,"moneypuck flurryScoreVenueAdj xG, all sit."
401559429,2023-11-09,TBL,CHI,3.105,2.825,"moneypuck flurryScoreVenueAdj xG, all sit."
401559430,2023-11-09,NYR,MIN,2.854,2.255,"moneypuck flurryScoreVenueAdj xG, all sit."
401559431,2023-11-09,CBJ,DAL,2.223,3.533,"moneypuck flurryScoreVenueAdj xG, all sit."
401559432,2023-11-09,STL,ARI,4.282,2.081,"moneypuck flurryScoreVenueAdj xG, all sit."
401559433,2023-11-09,WPG,NSH,2.898,2.007,"moneypuck flurryScoreVenueAdj xG, all sit."
401559434,2023-11-09,COL,SEA,1.878,3.629,"moneypuck flurryScoreVenueAdj xG, all sit."
401559435,2023-11-09,LAK,PIT,4.02,3.532,"moneypuck flurryScoreVenueAdj xG, all sit."
401559436,2023-11-09,SJS,EDM,1.695,4.144,"moneypuck flurryScoreVenueAdj xG, all sit."
401559437,2023-11-10,BUF,MIN,2.38,5.367,"moneypuck flurryScoreVenueAdj xG, all sit."
401559438,2023-11-10,TOR,CGY,4.094,2.372,"moneypuck flurryScoreVenueAdj xG, all sit."
401559439,2023-11-10,FLA,CAR,3.707,1.722,"moneypuck flurryScoreVenueAdj xG, all sit."
401559440,2023-11-10,NJD,WSH,2.758,2.348,"moneypuck flurryScoreVenueAdj xG, all sit."
401559441,2023-11-10,VGK,SJS,2.736,2.33,"moneypuck flurryScoreVenueAdj xG, all sit."
401559442,2023-11-10,ANA,PHI,3.789,3.001,"moneypuck flurryScoreVenueAdj xG, all sit."
401559443,2023-11-11,DET,CBJ,3.057,1.628,"moneypuck flurryScoreVenueAdj xG, all sit."
401559444,2023-11-11,WPG,DAL,1.556,2.518,"moneypuck flurryScoreVenueAdj xG, all sit."
401559445,2023-11-11,TOR,VAN,3.404,3.789,"moneypuck flurryScoreVenueAdj xG, all sit."
401559446,2023-11-11,MTL,BOS,3.112,3.098,"moneypuck flurryScoreVenueAdj xG, all sit."
401559447,2023-11-11,OTT,CGY,2.794,2.159,"moneypuck flurryScoreVenueAdj xG, all sit."
401559448,2023-11-11,TBL,CAR,1.976,4.338,"moneypuck flurryScoreVenueAdj xG, all sit."
401559449,2023-11-11,PIT,BUF,4.04,2.585,"moneypuck flurryScoreVenueAdj xG, all sit."
401559450,2023-11-11,NYI,WSH,2.339,3.372,"moneypuck flurryScoreVenueAdj xG, all sit."
401559451,2023-11-11,NSH,ARI,4.772,4.238,"moneypuck flurryScoreVenueAdj xG, all sit."
401559452,2023-11-11,COL,STL,3.451,4.873,"moneypuck flurryScoreVenueAdj xG, all sit."
401559453,2023-11-11,SEA,EDM,1.406,2.605,"moneypuck flurryScoreVenueAdj xG, all sit."
401559454,2023-11-11,LAK,PHI,3.063,2.292,"moneypuck flurryScoreVenueAdj xG, all sit."
401559455,2023-11-12,FLA,CHI,3.184,1.879,"moneypuck flurryScoreVenueAdj xG, all sit."
401559456,2023-11-12,MIN,DAL,2.667,5.248,"moneypuck flurryScoreVenueAdj xG, all sit."
401559457,2023-11-12,MTL,VAN,2.881,4.637,"moneypuck flurryScoreVenueAdj xG, all sit."
401559458,2023-11-12,NYR,CBJ,3.333,3.054,"moneypuck flurryScoreVenueAdj xG, all sit."
401559459,2023-11-12,ANA,SJS,3.91,2.057,"moneypuck flurryScoreVenueAdj xG, all sit."
401559460,2023-11-13,EDM,NYI,3.771,2.253,"moneypuck flurryScoreVenueAdj xG, all sit."
401559461,2023-11-13,SEA,COL,2.158,3.896,"moneypuck flurryScoreVenueAdj xG, all sit."
401559462,2023-11-14,BUF,BOS,2.954,4.258,"moneypuck flurryScoreVenueAdj xG, all sit."
401559463,2023-11-14,MTL,CGY,3.154,2.331,"moneypuck flurryScoreVenueAdj xG, all sit."
401559464,2023-11-14,WSH,VGK,3.321,3.748,"moneypuck flurryScoreVenueAdj xG, all sit."
401559465,2023-11-14,CBJ,PIT,3.344,3.737,"moneypuck flurryScoreVenueAdj xG, all sit."
401559466,2023-11-14,STL,TBL,2.965,3.083,"moneypuck flurryScoreVenueAdj xG, all sit."
401559467,2023-11-14,NSH,ANA,2.624,2.48,"moneypuck flurryScoreVenueAdj xG, all sit."
401559468,2023-11-14,DAL,ARI,2.98,2.631,"moneypuck flurryScoreVenueAdj xG, all sit."
401559469,2023-11-14,WPG,NJD,3.021,3.641,"moneypuck flurryScoreVenueAdj xG, all sit."
401559470,2023-11-14,SJS,FLA,2.079,5.165,"moneypuck flurryScoreVenueAdj xG, all sit."
401559471,2023-11-15,CAR,PHI,2.501,1.669,"moneypuck flurryScoreVenueAdj xG, all sit."
401559472,2023-11-15,EDM,SEA,3.532,4.946,"moneypuck flurryScoreVenueAdj xG, all sit."
401559473,2023-11-15,COL,ANA,4.04,2.369,"moneypuck flurryScoreVenueAdj xG, all sit."
401559474,2023-11-15,VAN,NYI,4.793,2.995,"moneypuck flurryScoreVenueAdj xG, all sit."
401555904,2023-11-16,OTT,DET,3.735,2.942,"moneypuck flurryScoreVenueAdj xG, all sit."
401559475,2023-11-16,MTL,VGK,2.328,5.432,"moneypuck flurryScoreVenueAdj xG, all sit."
401559476,2023-11-16,PIT,NJD,2.619,3.12,"moneypuck flurryScoreVenueAdj xG, all sit."
401559477,2023-11-16,CBJ,ARI,3.145,3.525,"moneypuck flurryScoreVenueAdj xG, all sit."
401559478,2023-11-16,CHI,TBL,2.144,5.012,"moneypuck flurryScoreVenueAdj xG, all sit."
401559479,2023-11-16,CGY,VAN,3.304,1.76,"moneypuck flurryScoreVenueAdj xG, all sit."
401559480,2023-11-16,SEA,NYI,2.314,2.828,"moneypuck flurryScoreVenueAdj xG, all sit."
401559481,2023-11-16,LAK,FLA,2.177,1.339,"moneypuck flurryScoreVenueAdj xG, all sit."
401559482,2023-11-16,SJS,STL,2.872,2.688,"moneypuck flurryScoreVenueAdj xG, all sit."
401555905,2023-11-17,DET,TOR,1.945,2.93,"moneypuck flurryScoreVenueAdj xG, all sit."
401559483,2023-11-17,WPG,BUF,1.889,3.575,"moneypuck flurryScoreVenueAdj xG, all sit."
401559484,2023-11-17,ANA,FLA,2.492,2.677,"moneypuck flurryScoreVenueAdj xG, all sit."
401555906,2023-11-18,OTT,MIN,1.656,1.284,"moneypuck flurryScoreVenueAdj xG, all sit."
401559485,2023-11-18,PHI,VGK,2.398,2.146,"moneypuck flurryScoreVenueAdj xG, all sit."
401559486,2023-11-18,TBL,EDM,2.602,4.325,"moneypuck flurryScoreVenueAdj xG, all sit."
401559487,2023-11-18,BOS,MTL,4.838,1.498,"moneypuck flurryScoreVenueAdj xG, all sit."
401559488,2023-11-18,NJD,NYR,2.66,4.182,"moneypuck flurryScoreVenueAdj xG, all sit."
401559489,2023-11-18,WSH,CBJ,2.27,3.049,"moneypuck flurryScoreVenueAdj xG, all sit."
401559490,2023-11-18,CAR,PIT,2.771,3.093,"moneypuck flurryScoreVenueAdj xG, all sit."
401559491,2023-11-18,WPG,ARI,2.299,1.033,"moneypuck flurryScoreVenueAdj xG, all sit."
401559492,2023-11-18,CGY,NYI,2.715,4.603,"moneypuck flurryScoreVenueAdj xG, all sit."
401559493,2023-11-18,NSH,CHI,4.478,2.316,"moneypuck flurryScoreVenueAdj xG, all sit."
401559494,2023-11-18,DAL,COL,3.242,4.508,"moneypuck flurryScoreVenueAdj xG, all sit."
401559495,2023-11-18,VAN,SEA,1.641,2.799,"moneypuck flurryScoreVenueAdj xG, all sit."
401559496,2023-11-18,LAK,STL,3.911,2.41,"moneypuck flurryScoreVenueAdj xG, all sit."
401555907,2023-11-19,MIN,TOR,2.942,2.536,"moneypuck flurryScoreVenueAdj xG, all sit."
401559497,2023-11-19,PHI,CBJ,2.246,2.379,"moneypuck flurryScoreVenueAdj xG, all sit."
401559498,2023-11-19,PIT,VGK,3.322,2.626,"moneypuck flurryScoreVenueAdj xG, all sit."
401559499,2023-11-19,CHI,BUF,2.375,2.067,"moneypuck flurryScoreVenueAdj xG, all sit."
401559500,2023-11-19,ANA,STL,2.142,4.28,"moneypuck flurryScoreVenueAdj xG, all sit."
401559501,2023-11-20,TBL,BOS,3.832,1.924,"moneypuck flurryScoreVenueAdj xG, all sit."
401559502,2023-11-20,FLA,EDM,3.633,2.64,"moneypuck flurryScoreVenueAdj xG, all sit."
401559503,2023-11-20,NSH,COL,3.453,2.286,"moneypuck flurryScoreVenueAdj xG, all sit."
401559504,2023-11-20,DAL,NYR,4.826,3.702,"moneypuck flurryScoreVenueAdj xG, all sit."
401559505,2023-11-20,ARI,LAK,3.736,2.667,"moneypuck flurryScoreVenueAdj xG, all sit."
401559506,2023-11-20,VAN,SJS,3.822,2.373,"moneypuck flurryScoreVenueAdj xG, all sit."
401559507,2023-11-20,SEA,CGY,2.136,2.562,"moneypuck flurryScoreVenueAdj xG, all sit."
401559508,2023-11-22,DET,NJD,2.188,1.252,"moneypuck flurryScoreVenueAdj xG, all sit."
401559509,2023-11-22,TBL,WPG,2.464,2.613,"moneypuck flurryScoreVenueAdj xG, all sit."
401559510,2023-11-22,FLA,BOS,2.908,2.889,"moneypuck flurryScoreVenueAdj xG, all sit."
401559511,2023-11-22,PIT,NYR,3.296,3.138,"moneypuck flurryScoreVenueAdj xG, all sit."
401559512,2023-11-22,WSH,BUF,2.067,2.624,"moneypuck flurryScoreVenueAdj xG, all sit."
401559513,2023-11-22,CAR,EDM,2.717,3.258,"moneypuck flurryScoreVenueAdj xG, all sit."
401559514,2023-11-22,CBJ,CHI,2.455,3.497,"moneypuck flurryScoreVenueAdj xG, all sit."
401559515,2023-11-22,NYI,PHI,2.995,2.885,"moneypuck flurryScoreVenueAdj xG, all sit."
401559516,2023-11-22,NSH,CGY,4.064,2.374,"moneypuck flurryScoreVenueAdj xG, all sit."
401559517,2023-11-22,ARI,STL,2.8,2.407,"moneypuck flurryScoreVenueAdj xG, all sit."
401559518,2023-11-22,DAL,VGK,2.451,2.115,"moneypuck flurryScoreVenueAdj xG, all sit."
401559519,2023-11-22,COL,VAN,2.8,2.571,"moneypuck flurryScoreVenueAdj xG, all sit."
401559520,2023-11-22,ANA,MTL,2.776,2.773,"moneypuck flurryScoreVenueAdj xG, all sit."
401559521,2023-11-22,SEA,SJS,3.184,0.623,"moneypuck flurryScoreVenueAdj xG, all sit."
401559522,2023-11-24,BOS,DET,2.899,3.873,"moneypuck flurryScoreVenueAdj xG, all sit."
401559523,2023-11-24,PHI,NYR,2.591,2.108,"moneypuck flurryScoreVenueAdj xG, all sit."
401559524,2023-11-24,CHI,TOR,2.071,3.657,"moneypuck flurryScoreVenueAdj xG, all sit."
401559525,2023-11-24,WSH,EDM,2.118,4.069,"moneypuck flurryScoreVenueAdj xG, all sit."
401559526,2023-11-24,CAR,TBL,2.459,3.268,"moneypuck flurryScoreVenueAdj xG, all sit."
401559527,2023-11-24,STL,NSH,3.121,3.426,"moneypuck flurryScoreVenueAdj xG, all sit."
401559528,2023-11-24,ANA,LAK,1.749,3.482,"moneypuck flurryScoreVenueAdj xG, all sit."
401559529,2023-11-24,SJS,MTL,3.455,1.822,"moneypuck flurryScoreVenueAdj xG, all sit."
401559530,2023-11-24,BUF,PIT,4.361,2.732,"moneypuck flurryScoreVenueAdj xG, all sit."
401559531,2023-11-24,OTT,NYI,2.79,2.857,"moneypuck flurryScoreVenueAdj xG, all sit."
401559532,2023-11-24,NJD,CBJ,2.2,1.957,"moneypuck flurryScoreVenueAdj xG, all sit."
401559533,2023-11-24,FLA,WPG,2.252,4.41,"moneypuck flurryScoreVenueAdj xG, all sit."
401559534,2023-11-24,DAL,CGY,2.848,2.969,"moneypuck flurryScoreVenueAdj xG, all sit."
401559535,2023-11-24,MIN,COL,3.043,3.459,"moneypuck flurryScoreVenueAdj xG, all sit."
401559536,2023-11-24,SEA,VAN,1.819,3.005,"moneypuck flurryScoreVenueAdj xG, all sit."
401559537,2023-11-25,NYR,BOS,4.363,3.428,"moneypuck flurryScoreVenueAdj xG, all sit."
401559538,2023-11-25,LAK,MTL,3.23,0.949,"moneypuck flurryScoreVenueAdj xG, all sit."
401559539,2023-11-25,NJD,BUF,4.785,2.105,"moneypuck flurryScoreVenueAdj xG, all sit."
401559540,2023-11-25,PIT,TOR,3.019,3.694,"moneypuck flurryScoreVenueAdj xG, all sit."
401559541,2023-11-25,NYI,PHI,2.115,3.456,"moneypuck flurryScoreVenueAdj xG, all sit."
401559542,2023-11-25,COL,CGY,3.512,2.581,"moneypuck flurryScoreVenueAdj xG, all sit."
401559543,2023-11-25,VGK,ARI,2.921,1.809,"moneypuck flurryScoreVenueAdj xG, all sit."
401559544,2023-11-25,SJS,VAN,2.6,5.816,"moneypuck flurryScoreVenueAdj xG, all sit."
401559545,2023-11-26,DET,MIN,2.523,2.139,"moneypuck flurryScoreVenueAdj xG, all sit."
401559546,2023-11-26,CHI,STL,2.945,3.883,"moneypuck flurryScoreVenueAdj xG, all sit."
401559547,2023-11-26,CAR,CBJ,3.486,1.53,"moneypuck flurryScoreVenueAdj xG, all sit."
401559548,2023-11-26,NSH,WPG,2.632,3.065,"moneypuck flurryScoreVenueAdj xG, all sit."
401559549,2023-11-26,EDM,ANA,2.516,1.119,"moneypuck flurryScoreVenueAdj xG, all sit."
401559550,2023-11-27,OTT,FLA,1.4,5.157,"moneypuck flurryScoreVenueAdj xG, all sit."
401559551,2023-11-27,NYR,BUF,2.531,3.678,"moneypuck flurryScoreVenueAdj xG, all sit."
401559552,2023-11-27,CBJ,BOS,3.163,3.24,"moneypuck flurryScoreVenueAdj xG, all sit."
401559553,2023-11-27,COL,TBL,4.638,3.364,"moneypuck flurryScoreVenueAdj xG, all sit."
401559554,2023-11-27,CGY,VGK,3.129,3.304,"moneypuck flurryScoreVenueAdj xG, all sit."
401559556,2023-11-27,SJS,WSH,2.858,3.074,"moneypuck flurryScoreVenueAdj xG, all sit."
401559555,2023-11-28,VAN,ANA,3.651,2.969,"moneypuck flurryScoreVenueAdj xG, all sit."
401559557,2023-11-28,TOR,FLA,3.258,4.696,"moneypuck flurryScoreVenueAdj xG, all sit."
401559558,2023-11-28,NJD,NYI,3.679,3.696,"moneypuck flurryScoreVenueAdj xG, all sit."
401559559,2023-11-28,PHI,CAR,1.6,2.773,"moneypuck flurryScoreVenueAdj xG, all sit."
401559560,2023-11-28,NSH,PIT,2.024,2.801,"moneypuck flurryScoreVenueAdj xG, all sit."
401559561,2023-11-28,MIN,STL,3.333,2.781,"moneypuck flurryScoreVenueAdj xG, all sit."
401559562,2023-11-28,WPG,DAL,1.995,2.759,"moneypuck flurryScoreVenueAdj xG, all sit."
401559563,2023-11-28,CHI,SEA,2.252,2.146,"moneypuck flurryScoreVenueAdj xG, all sit."
401559564,2023-11-28,EDM,VGK,4.73,1.871,"moneypuck flurryScoreVenueAdj xG, all sit."
401559565,2023-11-28,ARI,TBL,2.681,2.965,"moneypuck flurryScoreVenueAdj xG, all sit."
401559566,2023-11-29,CBJ,MTL,2.3,3.221,"moneypuck flurryScoreVenueAdj xG, all sit."
401559567,2023-11-29,NYR,DET,4.225,4.517,"moneypuck flurryScoreVenueAdj xG, all sit."
401559568,2023-11-29,LAK,WSH,3.695,2.253,"moneypuck flurryScoreVenueAdj xG, all sit."
401559569,2023-11-30,BOS,SJS,3.157,1.823,"moneypuck flurryScoreVenueAdj xG, all sit."
401559570,2023-11-30,TOR,SEA,2.788,3.52,"moneypuck flurryScoreVenueAdj xG, all sit."
401559571,2023-11-30,MTL,FLA,2.646,2.473,"moneypuck flurryScoreVenueAdj xG, all sit."
401559572,2023-11-30,DET,CHI,3.546,4.177,"moneypuck flurryScoreVenueAdj xG, all sit."
401559573,2023-11-30,TBL,PIT,3.236,3.518,"moneypuck flurryScoreVenueAdj xG, all sit."
401559574,2023-11-30,PHI,NJD,3.677,3.908,"moneypuck flurryScoreVenueAdj xG, all sit."
401559575,2023-11-30,CAR,NYI,4.024,2.777,"moneypuck flurryScoreVenueAdj xG, all sit."
401559576,2023-11-30,STL,BUF,3.25,4.037,"moneypuck flurryScoreVenueAdj xG, all sit."
401559577,2023-11-30,NSH,MIN,1.832,3.212,"moneypuck flurryScoreVenueAdj xG, all sit."
401559578,2023-11-30,WPG,EDM,2.335,4.513,"moneypuck flurryScoreVenueAdj xG, all sit."
401559579,2023-11-30,CGY,DAL,2.921,2.263,"moneypuck flurryScoreVenueAdj xG, all sit."
401559580,2023-11-30,ARI,COL,3.586,3.972,"moneypuck flurryScoreVenueAdj xG, all sit."
401559581,2023-11-30,VAN,VGK,2.099,3.301,"moneypuck flurryScoreVenueAdj xG, all sit."
401559582,2023-11-30,ANA,WSH,3.54,3.805,"moneypuck flurryScoreVenueAdj xG, all sit."
401559583,2023-12-01,NJD,SJS,4.601,2.273,"moneypuck flurryScoreVenueAdj xG, all sit."
401559584,2023-12-01,CBJ,OTT,1.395,2.578,"moneypuck flurryScoreVenueAdj xG, all sit."
401559585,2023-12-02,DAL,TBL,3.189,2.871,"moneypuck flurryScoreVenueAdj xG, all sit."
401559586,2023-12-02,WPG,CHI,2.713,2.108,"moneypuck flurryScoreVenueAdj xG, all sit."
401559587,2023-12-02,NSH,NYR,4.453,3.436,"moneypuck flurryScoreVenueAdj xG, all sit."
401559588,2023-12-02,FLA,NYI,4.121,3.133,"moneypuck flurryScoreVenueAdj xG, all sit."
401559589,2023-12-02,TOR,BOS,3.677,3.453,"moneypuck flurryScoreVenueAdj xG, all sit."
401559590,2023-12-02,MTL,DET,2.197,3.978,"moneypuck flurryScoreVenueAdj xG, all sit."
401559591,2023-12-02,OTT,SEA,2.436,2.117,"moneypuck flurryScoreVenueAdj xG, all sit."
401559592,2023-12-02,PIT,PHI,2.8,2.758,"moneypuck flurryScoreVenueAdj xG, all sit."
401559593,2023-12-02,CAR,BUF,4.078,1.972,"moneypuck flurryScoreVenueAdj xG, all sit."
401559594,2023-12-02,ARI,STL,2.164,3.558,"moneypuck flurryScoreVenueAdj xG, all sit."
401559595,2023-12-02,CGY,VAN,2.993,4.121,"moneypuck flurryScoreVenueAdj xG, all sit."
401559596,2023-12-02,VGK,WSH,4.477,2.804,"moneypuck flurryScoreVenueAdj xG, all sit."
401559597,2023-12-02,ANA,COL,3.356,3.194,"moneypuck flurryScoreVenueAdj xG, all sit."
401559598,2023-12-03,MIN,CHI,2.574,2.564,"moneypuck flurryScoreVenueAdj xG, all sit."
401559599,2023-12-03,NYR,SJS,3.709,3.712,"moneypuck flurryScoreVenueAdj xG, all sit."
401559600,2023-12-03,BOS,CBJ,2.927,2.922,"moneypuck flurryScoreVenueAdj xG, all sit."
401559601,2023-12-03,BUF,NSH,2.829,3.662,"moneypuck flurryScoreVenueAdj xG, all sit."
401559602,2023-12-03,LAK,COL,3.712,1.528,"moneypuck flurryScoreVenueAdj xG, all sit."
401559603,2023-12-04,MTL,SEA,2.707,2.323,"moneypuck flurryScoreVenueAdj xG, all sit."
401559604,2023-12-04,TBL,DAL,3.498,2.046,"moneypuck flurryScoreVenueAdj xG, all sit."
401559605,2023-12-04,PHI,PIT,2.756,2.646,"moneypuck flurryScoreVenueAdj xG, all sit."
401559606,2023-12-04,WPG,CAR,2.85,3.602,"moneypuck flurryScoreVenueAdj xG, all sit."
401559607,2023-12-04,ARI,WSH,2.364,2.038,"moneypuck flurryScoreVenueAdj xG, all sit."
401559608,2023-12-04,VGK,STL,4.271,2.881,"moneypuck flurryScoreVenueAdj xG, all sit."
401559609,2023-12-05,BUF,DET,2.442,3.806,"moneypuck flurryScoreVenueAdj xG, all sit."
401559610,2023-12-05,OTT,NYR,4.123,2.814,"moneypuck flurryScoreVenueAdj xG, all sit."
401559611,2023-12-05,CBJ,LAK,2.511,3.818,"moneypuck flurryScoreVenueAdj xG, all sit."
401559612,2023-12-05,NYI,SJS,3.737,3.299,"moneypuck flurryScoreVenueAdj xG, all sit."
401559613,2023-12-05,CHI,NSH,2.791,4.049,"moneypuck flurryScoreVenueAdj xG, all sit."
401559614,2023-12-05,COL,ANA,3.868,2.998,"moneypuck flurryScoreVenueAdj xG, all sit."
401559615,2023-12-05,CGY,MIN,1.908,3.389,"moneypuck flurryScoreVenueAdj xG, all sit."
401559616,2023-12-05,VAN,NJD,3.797,3.67,"moneypuck flurryScoreVenueAdj xG, all sit."
401559617,2023-12-06,TBL,PIT,2.891,2.382,"moneypuck flurryScoreVenueAdj xG, all sit."
401559618,2023-12-06,FLA,DAL,2.864,3.666,"moneypuck flurryScoreVenueAdj xG, all sit."
401559619,2023-12-06,STL,VGK,2.388,6.81,"moneypuck flurryScoreVenueAdj xG, all sit."
401559620,2023-12-06,EDM,CAR,4.815,2.276,"moneypuck flurryScoreVenueAdj xG, all sit."
401559621,2023-12-07,BOS,BUF,2.861,2.347,"moneypuck flurryScoreVenueAdj xG, all sit."
401559622,2023-12-07,MTL,LAK,2.263,3.213,"moneypuck flurryScoreVenueAdj xG, all sit."
401559623,2023-12-07,OTT,TOR,3.157,1.583,"moneypuck flurryScoreVenueAdj xG, all sit."
401559624,2023-12-07,DET,SJS,2.932,3.241,"moneypuck flurryScoreVenueAdj xG, all sit."
401559625,2023-12-07,WSH,DAL,2.406,3.119,"moneypuck flurryScoreVenueAdj xG, all sit."
401559626,2023-12-07,NYI,CBJ,2.648,2.354,"moneypuck flurryScoreVenueAdj xG, all sit."
401559627,2023-12-07,NSH,TBL,3.74,2.087,"moneypuck flurryScoreVenueAdj xG, all sit."
401559628,2023-12-07,CHI,ANA,2.165,2.182,"moneypuck flurryScoreVenueAdj xG, all sit."
401559629,2023-12-07,COL,WPG,2.88,2.813,"moneypuck flurryScoreVenueAdj xG, all sit."
401559630,2023-12-07,CGY,CAR,3.936,1.75,"moneypuck flurryScoreVenueAdj xG, all sit."
401559631,2023-12-07,ARI,PHI,2.01,2.593,"moneypuck flurryScoreVenueAdj xG, all sit."
401559632,2023-12-07,VAN,MIN,2.225,2.676,"moneypuck flurryScoreVenueAdj xG, all sit."
401559633,2023-12-07,SEA,NJD,3.084,1.486,"moneypuck flurryScoreVenueAdj xG, all sit."
401559634,2023-12-08,FLA,PIT,4.168,2.239,"moneypuck flurryScoreVenueAdj xG, all sit."
401559635,2023-12-08,CBJ,STL,2.681,3.841,"moneypuck flurryScoreVenueAdj xG, all sit."
401559636,2023-12-08,EDM,MIN,4.034,1.888,"moneypuck flurryScoreVenueAdj xG, all sit."
401559637,2023-12-09,BOS,ARI,3.517,2.806,"moneypuck flurryScoreVenueAdj xG, all sit."
401559638,2023-12-09,DAL,VGK,1.891,2.536,"moneypuck flurryScoreVenueAdj xG, all sit."
401559639,2023-12-09,CGY,NJD,2.075,2.878,"moneypuck flurryScoreVenueAdj xG, all sit."
401559640,2023-12-09,BUF,MTL,4.254,2.495,"moneypuck flurryScoreVenueAdj xG, all sit."
401559641,2023-12-09,TOR,NSH,4.464,1.537,"moneypuck flurryScoreVenueAdj xG, all sit."
401559642,2023-12-09,DET,OTT,2.671,3.662,"moneypuck flurryScoreVenueAdj xG, all sit."
401559643,2023-12-09,WSH,NYR,2.529,1.976,"moneypuck flurryScoreVenueAdj xG, all sit."
401559644,2023-12-09,NYI,LAK,3.375,2.764,"moneypuck flurryScoreVenueAdj xG, all sit."
401559645,2023-12-09,CHI,STL,3.163,4.079,"moneypuck flurryScoreVenueAdj xG, all sit."
401559646,2023-12-09,COL,PHI,3.434,4.469,"moneypuck flurryScoreVenueAdj xG, all sit."
401559647,2023-12-09,VAN,CAR,2.188,3.592,"moneypuck flurryScoreVenueAdj xG, all sit."
401559648,2023-12-09,SEA,TBL,1.862,3.542,"moneypuck flurryScoreVenueAdj xG, all sit."
401559649,2023-12-10,CBJ,FLA,2.564,7.524,"moneypuck flurryScoreVenueAdj xG, all sit."
401559650,2023-12-10,EDM,NJD,3.767,2.377,"moneypuck flurryScoreVenueAdj xG, all sit."
401559651,2023-12-10,MTL,NSH,2.87,2.825,"moneypuck flurryScoreVenueAdj xG, all sit."
401559652,2023-12-10,NYR,LAK,3.038,2.779,"moneypuck flurryScoreVenueAdj xG, all sit."
401559653,2023-12-10,CHI,WSH,2.648,2.163,"moneypuck flurryScoreVenueAdj xG, all sit."
401559654,2023-12-10,ANA,WPG,1.858,2.707,"moneypuck flurryScoreVenueAdj xG, all sit."
401559655,2023-12-10,SEA,MIN,2.53,2.471,"moneypuck flurryScoreVenueAdj xG, all sit."
401559656,2023-12-10,VGK,SJS,2.796,2.538,"moneypuck flurryScoreVenueAdj xG, all sit."
401559657,2023-12-11,BUF,ARI,4.375,1.43,"moneypuck flurryScoreVenueAdj xG, all sit."
401559658,2023-12-11,NYI,TOR,3.078,4.359,"moneypuck flurryScoreVenueAdj xG, all sit."
401559659,2023-12-11,DAL,DET,4.256,3.472,"moneypuck flurryScoreVenueAdj xG, all sit."
401559660,2023-12-11,COL,CGY,3.21,3.278,"moneypuck flurryScoreVenueAdj xG, all sit."
401559661,2023-12-12,OTT,CAR,2.976,3.14,"moneypuck flurryScoreVenueAdj xG, all sit."
401559662,2023-12-12,NYR,TOR,3.219,5.571,"moneypuck flurryScoreVenueAdj xG, all sit."
401559663,2023-12-12,PIT,ARI,6.269,3.042,"moneypuck flurryScoreVenueAdj xG, all sit."
401559664,2023-12-12,STL,DET,3.183,3.258,"moneypuck flurryScoreVenueAdj xG, all sit."
401559665,2023-12-12,NSH,PHI,2.563,2.104,"moneypuck flurryScoreVenueAdj xG, all sit."
401559666,2023-12-12,EDM,CHI,3.175,1.471,"moneypuck flurryScoreVenueAdj xG, all sit."
401559667,2023-12-12,VAN,TBL,3.364,3.114,"moneypuck flurryScoreVenueAdj xG, all sit."
401559668,2023-12-12,VGK,CGY,2.566,2.375,"moneypuck flurryScoreVenueAdj xG, all sit."
401559669,2023-12-12,SEA,FLA,2.655,2.686,"moneypuck flurryScoreVenueAdj xG, all sit."
401559670,2023-12-12,SJS,WPG,3.757,3.431,"moneypuck flurryScoreVenueAdj xG, all sit."
401559671,2023-12-13,MTL,PIT,4.125,3.552,"moneypuck flurryScoreVenueAdj xG, all sit."
401559672,2023-12-13,NJD,BOS,3.299,2.617,"moneypuck flurryScoreVenueAdj xG, all sit."
401559673,2023-12-13,NYI,ANA,2.599,2.888,"moneypuck flurryScoreVenueAdj xG, all sit."
401559674,2023-12-13,COL,BUF,3.149,2.228,"moneypuck flurryScoreVenueAdj xG, all sit."
401559675,2023-12-13,LAK,WPG,3.43,2.994,"moneypuck flurryScoreVenueAdj xG, all sit."
401559676,2023-12-14,TOR,CBJ,4.705,4.195,"moneypuck flurryScoreVenueAdj xG, all sit."
401559677,2023-12-14,DET,CAR,1.442,3.376,"moneypuck flurryScoreVenueAdj xG, all sit."
401559678,2023-12-14,PHI,WSH,2.921,3.503,"moneypuck flurryScoreVenueAdj xG, all sit."
401559679,2023-12-14,STL,OTT,3.003,2.323,"moneypuck flurryScoreVenueAdj xG, all sit."
401559680,2023-12-14,MIN,CGY,3.048,4.369,"moneypuck flurryScoreVenueAdj xG, all sit."
401559681,2023-12-14,EDM,TBL,5.832,3.158,"moneypuck flurryScoreVenueAdj xG, all sit."
401559682,2023-12-14,VAN,FLA,3.491,2.862,"moneypuck flurryScoreVenueAdj xG, all sit."
401559683,2023-12-14,SEA,CHI,3.163,0.918,"moneypuck flurryScoreVenueAdj xG, all sit."
401559684,2023-12-15,NYR,ANA,3.801,2.814,"moneypuck flurryScoreVenueAdj xG, all sit."
401559685,2023-12-15,CAR,NSH,2.425,3.77,"moneypuck flurryScoreVenueAdj xG, all sit."
401559686,2023-12-15,NYI,BOS,4.787,3.199,"moneypuck flurryScoreVenueAdj xG, all sit."
401559687,2023-12-15,DAL,OTT,2.257,2.377,"moneypuck flurryScoreVenueAdj xG, all sit."
401559688,2023-12-15,ARI,SJS,3.819,2.535,"moneypuck flurryScoreVenueAdj xG, all sit."
401559689,2023-12-15,VGK,BUF,5.089,3.166,"moneypuck flurryScoreVenueAdj xG, all sit."
401559690,2023-12-16,MIN,VAN,3.318,2.067,"moneypuck flurryScoreVenueAdj xG, all sit."
401559691,2023-12-16,BOS,NYR,2.214,2.916,"moneypuck flurryScoreVenueAdj xG, all sit."
401559692,2023-12-16,TOR,PIT,5.423,2.941,"moneypuck flurryScoreVenueAdj xG, all sit."
401559693,2023-12-16,MTL,NYI,4.96,2.6,"moneypuck flurryScoreVenueAdj xG, all sit."
401559694,2023-12-16,PHI,DET,2.386,2.112,"moneypuck flurryScoreVenueAdj xG, all sit."
401559695,2023-12-16,CBJ,NJD,2.735,4.344,"moneypuck flurryScoreVenueAdj xG, all sit."
401559696,2023-12-16,WPG,COL,3.335,1.957,"moneypuck flurryScoreVenueAdj xG, all sit."
401559697,2023-12-16,STL,DAL,2.417,1.86,"moneypuck flurryScoreVenueAdj xG, all sit."
401559698,2023-12-16,NSH,WSH,1.999,3.234,"moneypuck flurryScoreVenueAdj xG, all sit."
401559699,2023-12-16,ARI,BUF,4.691,2.865,"moneypuck flurryScoreVenueAdj xG, all sit."
401559700,2023-12-16,CGY,TBL,2.9,2.656,"moneypuck flurryScoreVenueAdj xG, all sit."
401559701,2023-12-16,EDM,FLA,2.628,4.004,"moneypuck flurryScoreVenueAdj xG, all sit."
401559702,2023-12-16,SEA,LAK,2.607,2.964,"moneypuck flurryScoreVenueAdj xG, all sit."
401559703,2023-12-17,CHI,VAN,2.393,2.513,"moneypuck flurryScoreVenueAdj xG, all sit."
401559704,2023-12-17,CAR,WSH,2.678,1.674,"moneypuck flurryScoreVenueAdj xG, all sit."
401559705,2023-12-17,NJD,ANA,4.269,4.217,"moneypuck flurryScoreVenueAdj xG, all sit."
401559706,2023-12-17,COL,SJS,5.213,3.07,"moneypuck flurryScoreVenueAdj xG, all sit."
401559707,2023-12-17,VGK,OTT,2.976,3.503,"moneypuck flurryScoreVenueAdj xG, all sit."
401559708,2023-12-18,DET,ANA,2.784,3.996,"moneypuck flurryScoreVenueAdj xG, all sit."
401559709,2023-12-18,PIT,MIN,3.882,2.416,"moneypuck flurryScoreVenueAdj xG, all sit."
401559710,2023-12-18,WPG,MTL,2.496,3.269,"moneypuck flurryScoreVenueAdj xG, all sit."
401559711,2023-12-18,DAL,SEA,1.805,3.236,"moneypuck flurryScoreVenueAdj xG, all sit."
401559712,2023-12-18,CGY,FLA,2.837,3.033,"moneypuck flurryScoreVenueAdj xG, all sit."
401559713,2023-12-19,BOS,MIN,3.63,3.805,"moneypuck flurryScoreVenueAdj xG, all sit."
401559714,2023-12-19,BUF,CBJ,2.865,3.784,"moneypuck flurryScoreVenueAdj xG, all sit."
401559715,2023-12-19,TOR,NYR,2.364,3.306,"moneypuck flurryScoreVenueAdj xG, all sit."
401559716,2023-12-19,TBL,STL,2.358,3.149,"moneypuck flurryScoreVenueAdj xG, all sit."
401559717,2023-12-19,NJD,PHI,3.491,2.059,"moneypuck flurryScoreVenueAdj xG, all sit."
401559718,2023-12-19,CAR,VGK,3.962,2.102,"moneypuck flurryScoreVenueAdj xG, all sit."
401559719,2023-12-19,NYI,EDM,2.212,3.321,"moneypuck flurryScoreVenueAdj xG, all sit."
401559720,2023-12-19,NSH,VAN,1.918,3.291,"moneypuck flurryScoreVenueAdj xG, all sit."
401559721,2023-12-19,CHI,COL,2.21,4.198,"moneypuck flurryScoreVenueAdj xG, all sit."
401559722,2023-12-19,ARI,OTT,4.072,2.228,"moneypuck flurryScoreVenueAdj xG, all sit."
401559723,2023-12-19,SJS,LAK,2.466,4.531,"moneypuck flurryScoreVenueAdj xG, all sit."
401559724,2023-12-20,WSH,NYI,2.908,2.21,"moneypuck flurryScoreVenueAdj xG, all sit."
401559725,2023-12-20,WPG,DET,2.14,2.378,"moneypuck flurryScoreVenueAdj xG, all sit."
401559726,2023-12-20,LAK,SEA,2.733,4.061,"moneypuck flurryScoreVenueAdj xG, all sit."
401559727,2023-12-21,BUF,TOR,3.417,1.831,"moneypuck flurryScoreVenueAdj xG, all sit."
401559728,2023-12-21,TBL,VGK,3.662,3.577,"moneypuck flurryScoreVenueAdj xG, all sit."
401559729,2023-12-21,FLA,STL,3.897,2.018,"moneypuck flurryScoreVenueAdj xG, all sit."
401559730,2023-12-21,NJD,EDM,2.158,2.997,"moneypuck flurryScoreVenueAdj xG, all sit."
401559731,2023-12-21,PHI,NSH,2.525,3.778,"moneypuck flurryScoreVenueAdj xG, all sit."
401559732,2023-12-21,PIT,CAR,2.501,1.835,"moneypuck flurryScoreVenueAdj xG, all sit."
401559733,2023-12-21,CBJ,WSH,2.485,3.801,"moneypuck flurryScoreVenueAdj xG, all sit."
401559734,2023-12-21,DAL,VAN,3.125,1.568,"moneypuck flurryScoreVenueAdj xG, all sit."
401559735,2023-12-21,MIN,MTL,2.817,3.347,"moneypuck flurryScoreVenueAdj xG, all sit."
401559736,2023-12-21,COL,OTT,4.803,4.035,"moneypuck flurryScoreVenueAdj xG, all sit."
401559737,2023-12-21,ANA,CGY,1.581,3.699,"moneypuck flurryScoreVenueAdj xG, all sit."
401559738,2023-12-21,SJS,ARI,2.944,4.489,"moneypuck flurryScoreVenueAdj xG, all sit."
401559739,2023-12-22,DET,PHI,4.101,3.921,"moneypuck flurryScoreVenueAdj xG, all sit."
401559740,2023-12-22,NYR,EDM,2.702,4.407,"moneypuck flurryScoreVenueAdj xG, all sit."
401559741,2023-12-22,WPG,BOS,3.295,2.73,"moneypuck flurryScoreVenueAdj xG, all sit."
401559742,2023-12-22,CHI,MTL,1.926,3.499,"moneypuck flurryScoreVenueAdj xG, all sit."
401559743,2023-12-23,FLA,VGK,3.05,2.523,"moneypuck flurryScoreVenueAdj xG, all sit."
401559744,2023-12-23,NSH,DAL,1.955,3.38,"moneypuck flurryScoreVenueAdj xG, all sit."
401559745,2023-12-23,OTT,PIT,1.911,2.713,"moneypuck flurryScoreVenueAdj xG, all sit."
401559746,2023-12-23,NJD,DET,2.752,1.508,"moneypuck flurryScoreVenueAdj xG, all sit."
401559747,2023-12-23,WSH,TBL,2.407,2.019,"moneypuck flurryScoreVenueAdj xG, all sit."
401559748,2023-12-23,CAR,NYI,3.679,2.729,"moneypuck flurryScoreVenueAdj xG, all sit."
401559749,2023-12-23,CBJ,TOR,3.319,2.871,"moneypuck flurryScoreVenueAdj xG, all sit."
401559750,2023-12-23,MIN,BOS,3.882,2.034,"moneypuck flurryScoreVenueAdj xG, all sit."
401559751,2023-12-23,NYR,BUF,2.967,3.283,"moneypuck flurryScoreVenueAdj xG, all sit."
401559752,2023-12-23,STL,CHI,4.175,2.554,"moneypuck flurryScoreVenueAdj xG, all sit."
401559753,2023-12-23,ANA,SEA,3.297,2.181,"moneypuck flurryScoreVenueAdj xG, all sit."
401559754,2023-12-23,COL,ARI,1.966,2.53,"moneypuck flurryScoreVenueAdj xG, all sit."
401559755,2023-12-23,VAN,SJS,3.082,1.62,"moneypuck flurryScoreVenueAdj xG, all sit."
401559756,2023-12-23,LAK,CGY,5.452,2.411,"moneypuck flurryScoreVenueAdj xG, all sit."
401559757,2023-12-27,TOR,OTT,4.393,4.357,"moneypuck flurryScoreVenueAdj xG, all sit."
401559758,2023-12-27,TBL,FLA,3.489,4.289,"moneypuck flurryScoreVenueAdj xG, all sit."
401559759,2023-12-27,NJD,CBJ,3.598,2.275,"moneypuck flurryScoreVenueAdj xG, all sit."
401559760,2023-12-27,NYR,WSH,2.236,1.338,"moneypuck flurryScoreVenueAdj xG, all sit."
401559761,2023-12-27,BUF,BOS,2.165,4.37,"moneypuck flurryScoreVenueAdj xG, all sit."
401559762,2023-12-27,NYI,PIT,1.471,3.976,"moneypuck flurryScoreVenueAdj xG, all sit."
401559763,2023-12-27,STL,DAL,2.307,3.038,"moneypuck flurryScoreVenueAdj xG, all sit."
401559764,2023-12-27,NSH,CAR,2.946,5.577,"moneypuck flurryScoreVenueAdj xG, all sit."
401559765,2023-12-27,MIN,DET,3.669,2.643,"moneypuck flurryScoreVenueAdj xG, all sit."
401559766,2023-12-27,CHI,WPG,1.418,3.888,"moneypuck flurryScoreVenueAdj xG, all sit."
401559767,2023-12-27,ARI,COL,2.525,3.356,"moneypuck flurryScoreVenueAdj xG, all sit."
401559768,2023-12-27,CGY,SEA,3.367,2.076,"moneypuck flurryScoreVenueAdj xG, all sit."
401559769,2023-12-27,ANA,VGK,2.676,3.071,"moneypuck flurryScoreVenueAdj xG, all sit."
401559770,2023-12-27,LAK,SJS,4.687,2.197,"moneypuck flurryScoreVenueAdj xG, all sit."
401559771,2023-12-28,CAR,MTL,2.518,2.201,"moneypuck flurryScoreVenueAdj xG, all sit."
401559772,2023-12-28,VAN,PHI,2.912,2.405,"moneypuck flurryScoreVenueAdj xG, all sit."
401559773,2023-12-28,VGK,LAK,2.365,2.387,"moneypuck flurryScoreVenueAdj xG, all sit."
401559774,2023-12-28,SJS,EDM,2.691,2.7,"moneypuck flurryScoreVenueAdj xG, all sit."
401559775,2023-12-29,OTT,NJD,2.311,3.701,"moneypuck flurryScoreVenueAdj xG, all sit."
401559776,2023-12-29,DET,NSH,3.04,3.971,"moneypuck flurryScoreVenueAdj xG, all sit."
401559777,2023-12-29,FLA,NYR,3.14,3.21,"moneypuck flurryScoreVenueAdj xG, all sit."
401559778,2023-12-29,CBJ,TOR,2.004,4.193,"moneypuck flurryScoreVenueAdj xG, all sit."
401559779,2023-12-29,NYI,WSH,3.21,1.876,"moneypuck flurryScoreVenueAdj xG, all sit."
401559780,2023-12-29,STL,COL,3.059,1.182,"moneypuck flurryScoreVenueAdj xG, all sit."
401559781,2023-12-29,DAL,CHI,4.227,2.486,"moneypuck flurryScoreVenueAdj xG, all sit."
401559782,2023-12-29,ANA,ARI,1.976,7.229,"moneypuck flurryScoreVenueAdj xG, all sit."
401559783,2023-12-29,SEA,PHI,2.213,1.692,"moneypuck flurryScoreVenueAdj xG, all sit."
401559784,2023-12-30,WPG,MIN,3.802,3.042,"moneypuck flurryScoreVenueAdj xG, all sit."
401559785,2023-12-30,BUF,CBJ,3.477,1.884,"moneypuck flurryScoreVenueAdj xG, all sit."
401559786,2023-12-30,BOS,NJD,2.416,3.027,"moneypuck flurryScoreVenueAdj xG, all sit."
401559787,2023-12-30,TOR,CAR,2.171,3.63,"moneypuck flurryScoreVenueAdj xG, all sit."
401559788,2023-12-30,TBL,NYR,2.753,4.502,"moneypuck flurryScoreVenueAdj xG, all sit."
401559789,2023-12-30,FLA,MTL,3.064,1.6,"moneypuck flurryScoreVenueAdj xG, all sit."
401559790,2023-12-30,PIT,STL,3.775,2.353,"moneypuck flurryScoreVenueAdj xG, all sit."
401559791,2023-12-30,WSH,NSH,2.271,4.694,"moneypuck flurryScoreVenueAdj xG, all sit."
401559792,2023-12-30,LAK,EDM,2.757,3.735,"moneypuck flurryScoreVenueAdj xG, all sit."
401559793,2023-12-31,MIN,WPG,1.613,3.347,"moneypuck flurryScoreVenueAdj xG, all sit."
401559794,2023-12-31,DET,BOS,3.4,2.642,"moneypuck flurryScoreVenueAdj xG, all sit."
401559795,2023-12-31,OTT,BUF,3.486,2.738,"moneypuck flurryScoreVenueAdj xG, all sit."
401559796,2023-12-31,PIT,NYI,4.434,3.384,"moneypuck flurryScoreVenueAdj xG, all sit."
401559797,2023-12-31,TBL,MTL,2.15,3.31,"moneypuck flurryScoreVenueAdj xG, all sit."
401559798,2023-12-31,DAL,CHI,3.932,2.12,"moneypuck flurryScoreVenueAdj xG, all sit."
401559799,2023-12-31,COL,SJS,3.878,1.708,"moneypuck flurryScoreVenueAdj xG, all sit."
401559800,2023-12-31,CGY,PHI,3.528,2.752,"moneypuck flurryScoreVenueAdj xG, all sit."
401559801,2023-12-31,ANA,EDM,2.578,4.332,"moneypuck flurryScoreVenueAdj xG, all sit."
401555902,2024-01-01,SEA,VGK,2.891,2.211,"moneypuck flurryScoreVenueAdj xG, all sit."
401559802,2024-01-02,NYR,CAR,1.45,2.753,"moneypuck flurryScoreVenueAdj xG, all sit."
401559803,2024-01-02,PIT,WSH,3.825,2.52,"moneypuck flurryScoreVenueAdj xG, all sit."
401559804,2024-01-02,CBJ,BOS,1.798,3.016,"moneypuck flurryScoreVenueAdj xG, all sit."
401559805,2024-01-02,NSH,CHI,3.276,0.936,"moneypuck flurryScoreVenueAdj xG, all sit."
401559806,2024-01-02,DAL,MTL,4.518,2.152,"moneypuck flurryScoreVenueAdj xG, all sit."
401559807,2024-01-02,MIN,CGY,2.883,2.905,"moneypuck flurryScoreVenueAdj xG, all sit."
401559808,2024-01-02,WPG,TBL,4.7,3.381,"moneypuck flurryScoreVenueAdj xG, all sit."
401559809,2024-01-02,COL,NYI,3.584,1.605,"moneypuck flurryScoreVenueAdj xG, all sit."
401559810,2024-01-02,EDM,PHI,3.254,2.357,"moneypuck flurryScoreVenueAdj xG, all sit."
401559811,2024-01-02,ARI,FLA,1.703,6.21,"moneypuck flurryScoreVenueAdj xG, all sit."
401559812,2024-01-02,VAN,OTT,3.625,2.735,"moneypuck flurryScoreVenueAdj xG, all sit."
401559813,2024-01-02,LAK,TOR,2.597,2.391,"moneypuck flurryScoreVenueAdj xG, all sit."
401559814,2024-01-02,SJS,DET,1.807,3.541,"moneypuck flurryScoreVenueAdj xG, all sit."
401559815,2024-01-03,WSH,NJD,1.719,3.005,"moneypuck flurryScoreVenueAdj xG, all sit."
401559816,2024-01-03,ANA,TOR,2.622,5.06,"moneypuck flurryScoreVenueAdj xG, all sit."
401559817,2024-01-04,BOS,PIT,2.183,3.547,"moneypuck flurryScoreVenueAdj xG, all sit."
401559818,2024-01-04,MTL,BUF,3.229,3.797,"moneypuck flurryScoreVenueAdj xG, all sit."
401559819,2024-01-04,NYR,CHI,2.502,1.801,"moneypuck flurryScoreVenueAdj xG, all sit."
401559820,2024-01-04,PHI,CBJ,3.203,1.601,"moneypuck flurryScoreVenueAdj xG, all sit."
401559821,2024-01-04,STL,VAN,2.316,2.838,"moneypuck flurryScoreVenueAdj xG, all sit."
401559822,2024-01-04,NSH,CGY,2.331,3.507,"moneypuck flurryScoreVenueAdj xG, all sit."
401559823,2024-01-04,DAL,COL,4.278,4.254,"moneypuck flurryScoreVenueAdj xG, all sit."
401559824,2024-01-04,MIN,TBL,1.455,3.943,"moneypuck flurryScoreVenueAdj xG, all sit."
401559825,2024-01-04,ARI,NYI,2.116,3.723,"moneypuck flurryScoreVenueAdj xG, all sit."
401559826,2024-01-04,VGK,FLA,2.622,4.719,"moneypuck flurryScoreVenueAdj xG, all sit."
401559827,2024-01-04,SEA,OTT,3.068,3.054,"moneypuck flurryScoreVenueAdj xG, all sit."
401559828,2024-01-04,LAK,DET,3.831,3.52,"moneypuck flurryScoreVenueAdj xG, all sit."
401559829,2024-01-04,SJS,WPG,1.715,3.59,"moneypuck flurryScoreVenueAdj xG, all sit."
401559830,2024-01-05,NJD,CHI,3.316,2.385,"moneypuck flurryScoreVenueAdj xG, all sit."
401559831,2024-01-05,WSH,CAR,1.47,4.159,"moneypuck flurryScoreVenueAdj xG, all sit."
401559832,2024-01-05,ANA,WPG,3.074,2.634,"moneypuck flurryScoreVenueAdj xG, all sit."
401559833,2024-01-06,PHI,CGY,3.519,1.825,"moneypuck flurryScoreVenueAdj xG, all sit."
401559834,2024-01-06,COL,FLA,1.88,3.843,"moneypuck flurryScoreVenueAdj xG, all sit."
401559835,2024-01-06,BOS,TBL,3.679,2.1,"moneypuck flurryScoreVenueAdj xG, all sit."
401559836,2024-01-06,MTL,NYR,2.378,2.509,"moneypuck flurryScoreVenueAdj xG, all sit."
401559837,2024-01-06,NJD,VAN,1.785,4.378,"moneypuck flurryScoreVenueAdj xG, all sit."
401559838,2024-01-06,PIT,BUF,3.391,1.932,"moneypuck flurryScoreVenueAdj xG, all sit."
401559839,2024-01-06,CAR,STL,3.177,1.927,"moneypuck flurryScoreVenueAdj xG, all sit."
401559840,2024-01-06,CBJ,MIN,2.342,2.903,"moneypuck flurryScoreVenueAdj xG, all sit."
401559841,2024-01-06,SJS,TOR,2.065,3.384,"moneypuck flurryScoreVenueAdj xG, all sit."
401559842,2024-01-06,DAL,NSH,3.358,2.159,"moneypuck flurryScoreVenueAdj xG, all sit."
401559843,2024-01-06,EDM,OTT,5.162,2.494,"moneypuck flurryScoreVenueAdj xG, all sit."
401559844,2024-01-06,VGK,NYI,2.444,2.071,"moneypuck flurryScoreVenueAdj xG, all sit."
401559845,2024-01-07,WSH,LAK,2.651,5.192,"moneypuck flurryScoreVenueAdj xG, all sit."
401559846,2024-01-07,CHI,CGY,1.813,2.706,"moneypuck flurryScoreVenueAdj xG, all sit."
401559847,2024-01-07,ARI,WPG,1.244,4.335,"moneypuck flurryScoreVenueAdj xG, all sit."
401559848,2024-01-07,ANA,DET,3.106,2.767,"moneypuck flurryScoreVenueAdj xG, all sit."
401559849,2024-01-08,NYR,VAN,3.706,3.201,"moneypuck flurryScoreVenueAdj xG, all sit."
401559850,2024-01-08,PHI,PIT,1.746,6.004,"moneypuck flurryScoreVenueAdj xG, all sit."
401559851,2024-01-08,MIN,DAL,1.938,2.392,"moneypuck flurryScoreVenueAdj xG, all sit."
401559852,2024-01-08,COL,BOS,3.518,3.357,"moneypuck flurryScoreVenueAdj xG, all sit."
401559853,2024-01-09,BUF,SEA,2.658,3.016,"moneypuck flurryScoreVenueAdj xG, all sit."
401559854,2024-01-09,TOR,SJS,3.724,1.615,"moneypuck flurryScoreVenueAdj xG, all sit."
401559855,2024-01-09,TBL,LAK,3.486,2.028,"moneypuck flurryScoreVenueAdj xG, all sit."
401559856,2024-01-09,NYI,VAN,1.477,2.741,"moneypuck flurryScoreVenueAdj xG, all sit."
401559857,2024-01-09,STL,FLA,2.896,3.397,"moneypuck flurryScoreVenueAdj xG, all sit."
401559858,2024-01-09,NSH,ANA,2.846,2.838,"moneypuck flurryScoreVenueAdj xG, all sit."
401559859,2024-01-09,WPG,CBJ,2.052,2.901,"moneypuck flurryScoreVenueAdj xG, all sit."
401559860,2024-01-09,CHI,EDM,2.46,2.401,"moneypuck flurryScoreVenueAdj xG, all sit."
401559861,2024-01-09,CGY,OTT,3.078,4.073,"moneypuck flurryScoreVenueAdj xG, all sit."
401559862,2024-01-09,ARI,BOS,3.798,3.472,"moneypuck flurryScoreVenueAdj xG, all sit."
401559863,2024-01-10,PHI,MTL,2.375,1.716,"moneypuck flurryScoreVenueAdj xG, all sit."
401559864,2024-01-10,DAL,MIN,2.865,1.944,"moneypuck flurryScoreVenueAdj xG, all sit."
401559865,2024-01-10,COL,VGK,2.899,1.762,"moneypuck flurryScoreVenueAdj xG, all sit."
401559866,2024-01-11,BUF,OTT,3.501,1.429,"moneypuck flurryScoreVenueAdj xG, all sit."
401559867,2024-01-11,MTL,SJS,2.707,2.708,"moneypuck flurryScoreVenueAdj xG, all sit."
401559868,2024-01-11,DET,EDM,1.342,3.752,"moneypuck flurryScoreVenueAdj xG, all sit."
401559869,2024-01-11,TBL,NJD,2.187,3.162,"moneypuck flurryScoreVenueAdj xG, all sit."
401559870,2024-01-11,FLA,LAK,3.43,2.007,"moneypuck flurryScoreVenueAdj xG, all sit."
401559871,2024-01-11,PIT,VAN,3.35,3.372,"moneypuck flurryScoreVenueAdj xG, all sit."
401559872,2024-01-11,WSH,SEA,2.888,3.412,"moneypuck flurryScoreVenueAdj xG, all sit."
401559873,2024-01-11,CAR,ANA,3.03,2.179,"moneypuck flurryScoreVenueAdj xG, all sit."
401559874,2024-01-11,NYI,TOR,2.261,2.795,"moneypuck flurryScoreVenueAdj xG, all sit."
401559875,2024-01-11,STL,NYR,3.002,4.187,"moneypuck flurryScoreVenueAdj xG, all sit."
401559876,2024-01-11,WPG,CHI,1.987,1.128,"moneypuck flurryScoreVenueAdj xG, all sit."
401559877,2024-01-11,ARI,CGY,2.743,2.714,"moneypuck flurryScoreVenueAdj xG, all sit."
401559878,2024-01-11,VGK,BOS,2.53,2.131,"moneypuck flurryScoreVenueAdj xG, all sit."
401559879,2024-01-12,DAL,NSH,1.817,5.151,"moneypuck flurryScoreVenueAdj xG, all sit."
401559880,2024-01-12,MIN,PHI,2.147,2.939,"moneypuck flurryScoreVenueAdj xG, all sit."
401559881,2024-01-13,WSH,NYR,2.787,4.149,"moneypuck flurryScoreVenueAdj xG, all sit."
401559882,2024-01-13,BUF,VAN,2.005,2.919,"moneypuck flurryScoreVenueAdj xG, all sit."
401559883,2024-01-13,OTT,SJS,3.67,1.933,"moneypuck flurryScoreVenueAdj xG, all sit."
401559884,2024-01-13,FLA,NJD,2.906,2.203,"moneypuck flurryScoreVenueAdj xG, all sit."
401559885,2024-01-13,TOR,COL,2.028,5.4,"moneypuck flurryScoreVenueAdj xG, all sit."
401559886,2024-01-13,MTL,EDM,1.777,3.996,"moneypuck flurryScoreVenueAdj xG, all sit."
401559887,2024-01-13,DET,LAK,3.29,4.041,"moneypuck flurryScoreVenueAdj xG, all sit."
401559888,2024-01-13,TBL,ANA,3.926,2.595,"moneypuck flurryScoreVenueAdj xG, all sit."
401559889,2024-01-13,CAR,PIT,3.792,2.42,"moneypuck flurryScoreVenueAdj xG, all sit."
401559890,2024-01-13,CBJ,SEA,2.795,3.651,"moneypuck flurryScoreVenueAdj xG, all sit."
401559891,2024-01-13,WPG,PHI,2.995,3.19,"moneypuck flurryScoreVenueAdj xG, all sit."
401559892,2024-01-13,CHI,DAL,2.701,3.153,"moneypuck flurryScoreVenueAdj xG, all sit."
401559893,2024-01-13,STL,BOS,1.81,4.25,"moneypuck flurryScoreVenueAdj xG, all sit."
401559894,2024-01-13,NSH,NYI,1.966,1.478,"moneypuck flurryScoreVenueAdj xG, all sit."
401559895,2024-01-13,MIN,ARI,3.273,3.821,"moneypuck flurryScoreVenueAdj xG, all sit."
401559896,2024-01-13,VGK,CGY,2.826,3.278,"moneypuck flurryScoreVenueAdj xG, all sit."
401559897,2024-01-14,NYR,WSH,4.16,2.181,"moneypuck flurryScoreVenueAdj xG, all sit."
401559898,2024-01-14,TOR,DET,2.744,2.488,"moneypuck flurryScoreVenueAdj xG, all sit."
401559899,2024-01-15,BOS,NJD,5.855,2.425,"moneypuck flurryScoreVenueAdj xG, all sit."
401559900,2024-01-15,BUF,SJS,3.676,2.749,"moneypuck flurryScoreVenueAdj xG, all sit."
401559901,2024-01-15,FLA,ANA,3.475,2.296,"moneypuck flurryScoreVenueAdj xG, all sit."
401559902,2024-01-15,CBJ,VAN,3.925,2.82,"moneypuck flurryScoreVenueAdj xG, all sit."
401559903,2024-01-15,MIN,NYI,3.295,1.611,"moneypuck flurryScoreVenueAdj xG, all sit."
401559904,2024-01-15,CAR,LAK,2.656,2.689,"moneypuck flurryScoreVenueAdj xG, all sit."
401559905,2024-01-15,MTL,COL,2.546,3.342,"moneypuck flurryScoreVenueAdj xG, all sit."
401559906,2024-01-15,PIT,SEA,2.903,1.445,"moneypuck flurryScoreVenueAdj xG, all sit."
401559907,2024-01-15,STL,PHI,2.272,4.233,"moneypuck flurryScoreVenueAdj xG, all sit."
401559908,2024-01-15,VGK,NSH,2.98,2.723,"moneypuck flurryScoreVenueAdj xG, all sit."
401559909,2024-01-16,OTT,COL,4.052,2.901,"moneypuck flurryScoreVenueAdj xG, all sit."
401559910,2024-01-16,NYR,SEA,3.002,4.363,"moneypuck flurryScoreVenueAdj xG, all sit."
401559911,2024-01-16,WSH,ANA,3.189,2.208,"moneypuck flurryScoreVenueAdj xG, all sit."
401559912,2024-01-16,DAL,LAK,2.765,3.778,"moneypuck flurryScoreVenueAdj xG, all sit."
401559913,2024-01-16,WPG,NYI,5.137,2.702,"moneypuck flurryScoreVenueAdj xG, all sit."
401559914,2024-01-16,CHI,SJS,2.665,3.613,"moneypuck flurryScoreVenueAdj xG, all sit."
401559915,2024-01-16,CGY,ARI,2.492,2.324,"moneypuck flurryScoreVenueAdj xG, all sit."
401559916,2024-01-16,EDM,TOR,4.055,3.126,"moneypuck flurryScoreVenueAdj xG, all sit."
401559917,2024-01-17,FLA,DET,3.016,1.916,"moneypuck flurryScoreVenueAdj xG, all sit."
401559918,2024-01-17,NJD,MTL,3.724,2.611,"moneypuck flurryScoreVenueAdj xG, all sit."
401559920,2024-01-18,BOS,COL,3.554,2.902,"moneypuck flurryScoreVenueAdj xG, all sit."
401559921,2024-01-18,OTT,MTL,3.565,2.384,"moneypuck flurryScoreVenueAdj xG, all sit."
401559922,2024-01-18,TBL,MIN,3.831,2.408,"moneypuck flurryScoreVenueAdj xG, all sit."
401559923,2024-01-18,PHI,DAL,3.445,1.406,"moneypuck flurryScoreVenueAdj xG, all sit."
401559924,2024-01-18,WSH,STL,3.164,1.776,"moneypuck flurryScoreVenueAdj xG, all sit."
401559926,2024-01-18,CGY,TOR,2.678,3.684,"moneypuck flurryScoreVenueAdj xG, all sit."
401559927,2024-01-18,EDM,SEA,3.49,1.78,"moneypuck flurryScoreVenueAdj xG, all sit."
401559928,2024-01-18,LAK,NSH,3.923,3.441,"moneypuck flurryScoreVenueAdj xG, all sit."
401559929,2024-01-18,VAN,ARI,3.222,1.424,"moneypuck flurryScoreVenueAdj xG, all sit."
401559930,2024-01-18,VGK,NYR,2.599,2.396,"moneypuck flurryScoreVenueAdj xG, all sit."
401632079,2024-01-18,BUF,CHI,2.399,1.979,"moneypuck flurryScoreVenueAdj xG, all sit."
401559931,2024-01-19,FLA,MIN,3.146,3.529,"moneypuck flurryScoreVenueAdj xG, all sit."
401559932,2024-01-19,CAR,DET,2.914,1.437,"moneypuck flurryScoreVenueAdj xG, all sit."
401559933,2024-01-19,CBJ,NJD,2.609,2.807,"moneypuck flurryScoreVenueAdj xG, all sit."
401559934,2024-01-19,CHI,NYI,1.515,3.401,"moneypuck flurryScoreVenueAdj xG, all sit."
401559935,2024-01-20,BUF,TBL,1.941,2.526,"moneypuck flurryScoreVenueAdj xG, all sit."
401559936,2024-01-20,PHI,COL,3.401,3.475,"moneypuck flurryScoreVenueAdj xG, all sit."
401559937,2024-01-20,OTT,WPG,2.36,1.716,"moneypuck flurryScoreVenueAdj xG, all sit."
401559938,2024-01-20,ARI,NSH,3.301,2.755,"moneypuck flurryScoreVenueAdj xG, all sit."
401559939,2024-01-20,BOS,MTL,3.97,2.634,"moneypuck flurryScoreVenueAdj xG, all sit."
401559940,2024-01-20,NJD,DAL,2.977,4.331,"moneypuck flurryScoreVenueAdj xG, all sit."
401559941,2024-01-20,VAN,TOR,2.127,3.903,"moneypuck flurryScoreVenueAdj xG, all sit."
401559942,2024-01-20,STL,WSH,1.935,1.159,"moneypuck flurryScoreVenueAdj xG, all sit."
401559943,2024-01-20,CGY,EDM,1.988,4.248,"moneypuck flurryScoreVenueAdj xG, all sit."
401559944,2024-01-20,VGK,PIT,3.689,2.146,"moneypuck flurryScoreVenueAdj xG, all sit."
401559945,2024-01-20,SJS,ANA,3.346,3.546,"moneypuck flurryScoreVenueAdj xG, all sit."
401559946,2024-01-20,LAK,NYR,1.659,1.966,"moneypuck flurryScoreVenueAdj xG, all sit."
401559947,2024-01-21,PHI,OTT,1.305,4.781,"moneypuck flurryScoreVenueAdj xG, all sit."
401559948,2024-01-21,DET,TBL,3.019,2.018,"moneypuck flurryScoreVenueAdj xG, all sit."
401559949,2024-01-21,CAR,MIN,3.643,3.349,"moneypuck flurryScoreVenueAdj xG, all sit."
401559950,2024-01-21,NYI,DAL,2.624,2.718,"moneypuck flurryScoreVenueAdj xG, all sit."
401559951,2024-01-21,ANA,NYR,1.54,4.368,"moneypuck flurryScoreVenueAdj xG, all sit."
401559952,2024-01-21,SEA,TOR,1.7,1.989,"moneypuck flurryScoreVenueAdj xG, all sit."
401559953,2024-01-22,BOS,WPG,3.737,1.332,"moneypuck flurryScoreVenueAdj xG, all sit."
401559954,2024-01-22,NJD,VGK,3.29,3.15,"moneypuck flurryScoreVenueAdj xG, all sit."
401559955,2024-01-22,NSH,FLA,2.217,4.127,"moneypuck flurryScoreVenueAdj xG, all sit."
401559956,2024-01-22,ARI,PIT,2.727,2.368,"moneypuck flurryScoreVenueAdj xG, all sit."
401559957,2024-01-22,VAN,CHI,3.453,2.161,"moneypuck flurryScoreVenueAdj xG, all sit."
401559958,2024-01-22,LAK,SJS,4.013,2.233,"moneypuck flurryScoreVenueAdj xG, all sit."
401559959,2024-01-23,MTL,OTT,1.602,2.714,"moneypuck flurryScoreVenueAdj xG, all sit."
401559960,2024-01-23,DET,DAL,2.24,3.286,"moneypuck flurryScoreVenueAdj xG, all sit."
401559961,2024-01-23,PHI,TBL,2.443,5.026,"moneypuck flurryScoreVenueAdj xG, all sit."
401559962,2024-01-23,NYI,VGK,3.968,1.682,"moneypuck flurryScoreVenueAdj xG, all sit."
401559963,2024-01-23,MIN,WSH,2.518,2.881,"moneypuck flurryScoreVenueAdj xG, all sit."
401559964,2024-01-23,CGY,STL,3.354,2.649,"moneypuck flurryScoreVenueAdj xG, all sit."
401559965,2024-01-23,EDM,CBJ,2.71,2.888,"moneypuck flurryScoreVenueAdj xG, all sit."
401559966,2024-01-23,ANA,BUF,3.591,3.844,"moneypuck flurryScoreVenueAdj xG, all sit."
401559967,2024-01-23,SJS,NYR,2.068,2.102,"moneypuck flurryScoreVenueAdj xG, all sit."
401559968,2024-01-24,TOR,WPG,2.599,2.801,"moneypuck flurryScoreVenueAdj xG, all sit."
401559969,2024-01-24,FLA,ARI,3.006,3.278,"moneypuck flurryScoreVenueAdj xG, all sit."
401559970,2024-01-24,BOS,CAR,2.888,3.974,"moneypuck flurryScoreVenueAdj xG, all sit."
401559971,2024-01-24,COL,WSH,3.236,2.377,"moneypuck flurryScoreVenueAdj xG, all sit."
401559972,2024-01-24,VAN,STL,4.301,2.989,"moneypuck flurryScoreVenueAdj xG, all sit."
401559973,2024-01-24,SEA,CHI,2.762,3.625,"moneypuck flurryScoreVenueAdj xG, all sit."
401559974,2024-01-24,LAK,BUF,4.029,2.103,"moneypuck flurryScoreVenueAdj xG, all sit."
401559975,2024-01-25,MTL,NYI,3.335,4.719,"moneypuck flurryScoreVenueAdj xG, all sit."
401559976,2024-01-25,OTT,BOS,1.81,1.581,"moneypuck flurryScoreVenueAdj xG, all sit."
401559977,2024-01-25,DET,PHI,1.583,2.723,"moneypuck flurryScoreVenueAdj xG, all sit."
401559978,2024-01-25,TBL,ARI,3.571,1.997,"moneypuck flurryScoreVenueAdj xG, all sit."
401559979,2024-01-25,CAR,NJD,3.051,3.254,"moneypuck flurryScoreVenueAdj xG, all sit."
401559980,2024-01-25,DAL,ANA,3.701,1.676,"moneypuck flurryScoreVenueAdj xG, all sit."
401559981,2024-01-25,MIN,NSH,1.816,2.603,"moneypuck flurryScoreVenueAdj xG, all sit."
401559982,2024-01-25,CGY,CBJ,2.489,2.131,"moneypuck flurryScoreVenueAdj xG, all sit."
401559983,2024-01-25,EDM,CHI,4.238,2.381,"moneypuck flurryScoreVenueAdj xG, all sit."
401559984,2024-01-26,NYR,VGK,2.937,3.095,"moneypuck flurryScoreVenueAdj xG, all sit."
401559985,2024-01-26,PIT,FLA,3.133,3.805,"moneypuck flurryScoreVenueAdj xG, all sit."
401559986,2024-01-26,COL,LAK,2.168,2.751,"moneypuck flurryScoreVenueAdj xG, all sit."
401559987,2024-01-26,SEA,STL,3.444,2.247,"moneypuck flurryScoreVenueAdj xG, all sit."
401559988,2024-01-27,PHI,BOS,2.927,3.543,"moneypuck flurryScoreVenueAdj xG, all sit."
401559989,2024-01-27,DAL,WSH,3.318,2.043,"moneypuck flurryScoreVenueAdj xG, all sit."
401559990,2024-01-27,EDM,NSH,2.355,2.963,"moneypuck flurryScoreVenueAdj xG, all sit."
401559991,2024-01-27,SJS,BUF,2.118,3.938,"moneypuck flurryScoreVenueAdj xG, all sit."
401559992,2024-01-27,OTT,NYR,2.116,2.664,"moneypuck flurryScoreVenueAdj xG, all sit."
401559993,2024-01-27,DET,VGK,2.705,2.724,"moneypuck flurryScoreVenueAdj xG, all sit."
401559994,2024-01-27,TBL,NJD,5.342,2.299,"moneypuck flurryScoreVenueAdj xG, all sit."
401559995,2024-01-27,PIT,MTL,3.693,2.975,"moneypuck flurryScoreVenueAdj xG, all sit."
401559996,2024-01-27,CAR,ARI,3.996,1.278,"moneypuck flurryScoreVenueAdj xG, all sit."
401559997,2024-01-27,WPG,TOR,2.307,3.716,"moneypuck flurryScoreVenueAdj xG, all sit."
401559998,2024-01-27,NYI,FLA,1.374,2.601,"moneypuck flurryScoreVenueAdj xG, all sit."
401559999,2024-01-27,MIN,ANA,2.142,2.346,"moneypuck flurryScoreVenueAdj xG, all sit."
401560000,2024-01-27,CGY,CHI,3.074,3.367,"moneypuck flurryScoreVenueAdj xG, all sit."
401560001,2024-01-27,VAN,CBJ,4.311,2.283,"moneypuck flurryScoreVenueAdj xG, all sit."
401560002,2024-01-28,STL,LAK,2.661,2.894,"moneypuck flurryScoreVenueAdj xG, all sit."
401560003,2024-01-28,SEA,CBJ,3.094,1.38,"moneypuck flurryScoreVenueAdj xG, all sit."
401560004,2024-01-29,OTT,NSH,3.31,1.9,"moneypuck flurryScoreVenueAdj xG, all sit."
401560005,2024-01-30,STL,CBJ,2.021,1.832,"moneypuck flurryScoreVenueAdj xG, all sit."
401560006,2024-01-30,SJS,SEA,2.507,3.009,"moneypuck flurryScoreVenueAdj xG, all sit."
401560007,2024-01-31,DET,OTT,2.115,2.308,"moneypuck flurryScoreVenueAdj xG, all sit."
401560008,2024-01-31,NSH,LAK,4.337,2.046,"moneypuck flurryScoreVenueAdj xG, all sit."
401560009,2024-01-31,ANA,SJS,3.252,2.122,"moneypuck flurryScoreVenueAdj xG, all sit."
401560010,2024-02-05,TOR,NYI,3.74,2.747,"moneypuck flurryScoreVenueAdj xG, all sit."
401560011,2024-02-05,NYR,COL,2.235,3.684,"moneypuck flurryScoreVenueAdj xG, all sit."
401560012,2024-02-06,BOS,CGY,1.599,2.996,"moneypuck flurryScoreVenueAdj xG, all sit."
401560013,2024-02-06,BUF,DAL,2.958,3.826,"moneypuck flurryScoreVenueAdj xG, all sit."
401560014,2024-02-06,FLA,PHI,2.188,2.529,"moneypuck flurryScoreVenueAdj xG, all sit."
401560015,2024-02-06,NJD,COL,4.102,3.127,"moneypuck flurryScoreVenueAdj xG, all sit."
401560016,2024-02-06,PIT,WPG,3.093,2.16,"moneypuck flurryScoreVenueAdj xG, all sit."
401560017,2024-02-06,WSH,MTL,2.546,2.235,"moneypuck flurryScoreVenueAdj xG, all sit."
401560018,2024-02-06,CAR,VAN,2.484,3.149,"moneypuck flurryScoreVenueAdj xG, all sit."
401560019,2024-02-06,VGK,EDM,2.263,3.319,"moneypuck flurryScoreVenueAdj xG, all sit."
401560020,2024-02-07,TOR,DAL,3.384,3.155,"moneypuck flurryScoreVenueAdj xG, all sit."
401560021,2024-02-07,NYR,TBL,2.71,1.616,"moneypuck flurryScoreVenueAdj xG, all sit."
401560022,2024-02-07,CHI,MIN,1.499,3.714,"moneypuck flurryScoreVenueAdj xG, all sit."
401560023,2024-02-08,BOS,VAN,3.107,1.755,"moneypuck flurryScoreVenueAdj xG, all sit."
401560024,2024-02-08,FLA,WSH,5.964,2.217,"moneypuck flurryScoreVenueAdj xG, all sit."
401560025,2024-02-08,NJD,CGY,3.272,4.061,"moneypuck flurryScoreVenueAdj xG, all sit."
401560026,2024-02-08,PHI,WPG,2.552,2.415,"moneypuck flurryScoreVenueAdj xG, all sit."
401560027,2024-02-08,NYI,TBL,2.045,3.0,"moneypuck flurryScoreVenueAdj xG, all sit."
401560028,2024-02-08,CAR,COL,5.013,2.131,"moneypuck flurryScoreVenueAdj xG, all sit."
401560029,2024-02-08,ARI,VGK,1.88,2.284,"moneypuck flurryScoreVenueAdj xG, all sit."
401560030,2024-02-09,MIN,PIT,3.26,2.769,"moneypuck flurryScoreVenueAdj xG, all sit."
401560031,2024-02-09,CHI,NYR,2.477,2.799,"moneypuck flurryScoreVenueAdj xG, all sit."
401560032,2024-02-09,ANA,EDM,1.749,4.229,"moneypuck flurryScoreVenueAdj xG, all sit."
401560033,2024-02-10,BUF,STL,2.806,2.423,"moneypuck flurryScoreVenueAdj xG, all sit."
401560034,2024-02-10,MTL,DAL,1.786,1.758,"moneypuck flurryScoreVenueAdj xG, all sit."
401560035,2024-02-10,DET,VAN,2.106,2.829,"moneypuck flurryScoreVenueAdj xG, all sit."
401560036,2024-02-10,NYI,CGY,2.815,4.103,"moneypuck flurryScoreVenueAdj xG, all sit."
401560037,2024-02-10,BOS,WSH,2.121,2.844,"moneypuck flurryScoreVenueAdj xG, all sit."
401560038,2024-02-10,FLA,COL,4.598,2.33,"moneypuck flurryScoreVenueAdj xG, all sit."
401560039,2024-02-10,OTT,TOR,4.458,3.46,"moneypuck flurryScoreVenueAdj xG, all sit."
401560040,2024-02-10,PHI,SEA,2.957,1.411,"moneypuck flurryScoreVenueAdj xG, all sit."
401560041,2024-02-10,CAR,NJD,2.816,2.042,"moneypuck flurryScoreVenueAdj xG, all sit."
401560042,2024-02-10,CBJ,TBL,3.775,4.489,"moneypuck flurryScoreVenueAdj xG, all sit."
401560043,2024-02-10,WPG,PIT,2.774,2.877,"moneypuck flurryScoreVenueAdj xG, all sit."
401560044,2024-02-10,NSH,ARI,3.22,3.239,"moneypuck flurryScoreVenueAdj xG, all sit."
401560045,2024-02-10,LAK,EDM,3.704,3.306,"moneypuck flurryScoreVenueAdj xG, all sit."
401560046,2024-02-11,MTL,STL,3.036,3.884,"moneypuck flurryScoreVenueAdj xG, all sit."
401560047,2024-02-11,WSH,VAN,3.307,2.028,"moneypuck flurryScoreVenueAdj xG, all sit."
401560048,2024-02-12,NJD,SEA,3.9,1.795,"moneypuck flurryScoreVenueAdj xG, all sit."
401560049,2024-02-12,NYR,CGY,3.785,2.561,"moneypuck flurryScoreVenueAdj xG, all sit."
401560050,2024-02-12,PHI,ARI,3.367,1.747,"moneypuck flurryScoreVenueAdj xG, all sit."
401560051,2024-02-12,VGK,MIN,1.886,4.638,"moneypuck flurryScoreVenueAdj xG, all sit."
401560052,2024-02-13,BOS,TBL,4.01,3.055,"moneypuck flurryScoreVenueAdj xG, all sit."
401560053,2024-02-13,BUF,LAK,3.436,2.16,"moneypuck flurryScoreVenueAdj xG, all sit."
401560054,2024-02-13,TOR,STL,4.112,1.662,"moneypuck flurryScoreVenueAdj xG, all sit."
401560055,2024-02-13,MTL,ANA,3.729,1.707,"moneypuck flurryScoreVenueAdj xG, all sit."
401560056,2024-02-13,OTT,CBJ,4.054,5.517,"moneypuck flurryScoreVenueAdj xG, all sit."
401560057,2024-02-13,WSH,COL,3.128,4.352,"moneypuck flurryScoreVenueAdj xG, all sit."
401560058,2024-02-13,NYI,SEA,1.875,2.658,"moneypuck flurryScoreVenueAdj xG, all sit."
401560059,2024-02-13,NSH,NJD,2.549,5.268,"moneypuck flurryScoreVenueAdj xG, all sit."
401560060,2024-02-13,DAL,CAR,2.242,3.707,"moneypuck flurryScoreVenueAdj xG, all sit."
401560061,2024-02-13,CHI,VAN,1.865,4.205,"moneypuck flurryScoreVenueAdj xG, all sit."
401560062,2024-02-13,EDM,DET,3.404,3.961,"moneypuck flurryScoreVenueAdj xG, all sit."
401560063,2024-02-14,PIT,FLA,3.395,2.679,"moneypuck flurryScoreVenueAdj xG, all sit."
401560064,2024-02-14,WPG,SJS,3.688,1.157,"moneypuck flurryScoreVenueAdj xG, all sit."
401560065,2024-02-14,ARI,MIN,3.357,2.969,"moneypuck flurryScoreVenueAdj xG, all sit."
401560066,2024-02-15,BOS,SEA,3.715,2.811,"moneypuck flurryScoreVenueAdj xG, all sit."
401560067,2024-02-15,BUF,FLA,2.832,4.493,"moneypuck flurryScoreVenueAdj xG, all sit."
401560068,2024-02-15,TOR,PHI,2.771,3.767,"moneypuck flurryScoreVenueAdj xG, all sit."
401560069,2024-02-15,OTT,ANA,2.513,2.121,"moneypuck flurryScoreVenueAdj xG, all sit."
401560070,2024-02-15,TBL,COL,5.56,3.617,"moneypuck flurryScoreVenueAdj xG, all sit."
401560071,2024-02-15,NJD,LAK,3.138,4.144,"moneypuck flurryScoreVenueAdj xG, all sit."
401560072,2024-02-15,NYR,MTL,2.515,3.25,"moneypuck flurryScoreVenueAdj xG, all sit."
401560073,2024-02-15,STL,EDM,3.866,4.376,"moneypuck flurryScoreVenueAdj xG, all sit."
401560074,2024-02-15,CHI,PIT,1.445,2.434,"moneypuck flurryScoreVenueAdj xG, all sit."
401560075,2024-02-15,NSH,DAL,1.282,5.413,"moneypuck flurryScoreVenueAdj xG, all sit."
401560076,2024-02-15,CGY,SJS,3.842,2.297,"moneypuck flurryScoreVenueAdj xG, all sit."
401560077,2024-02-15,VAN,DET,1.914,3.846,"moneypuck flurryScoreVenueAdj xG, all sit."
401560078,2024-02-16,ARI,CAR,1.754,3.361,"moneypuck flurryScoreVenueAdj xG, all sit."
401555900,2024-02-17,NJD,PHI,5.772,4.363,"moneypuck flurryScoreVenueAdj xG, all sit."
401560079,2024-02-17,DAL,EDM,2.373,3.087,"moneypuck flurryScoreVenueAdj xG, all sit."
401560080,2024-02-17,CHI,OTT,1.581,3.473,"moneypuck flurryScoreVenueAdj xG, all sit."
401560081,2024-02-17,CGY,DET,3.742,2.776,"moneypuck flurryScoreVenueAdj xG, all sit."
401560082,2024-02-17,BOS,LAK,3.467,3.329,"moneypuck flurryScoreVenueAdj xG, all sit."
401560083,2024-02-17,TBL,FLA,2.662,3.658,"moneypuck flurryScoreVenueAdj xG, all sit."
401560084,2024-02-17,STL,NSH,3.231,3.186,"moneypuck flurryScoreVenueAdj xG, all sit."
401560085,2024-02-17,MIN,BUF,2.812,2.617,"moneypuck flurryScoreVenueAdj xG, all sit."
401560086,2024-02-17,TOR,ANA,2.723,3.07,"moneypuck flurryScoreVenueAdj xG, all sit."
401560087,2024-02-17,MTL,WSH,3.124,4.21,"moneypuck flurryScoreVenueAdj xG, all sit."
401560088,2024-02-17,VAN,WPG,4.336,3.176,"moneypuck flurryScoreVenueAdj xG, all sit."
401560089,2024-02-17,VGK,CAR,3.584,2.853,"moneypuck flurryScoreVenueAdj xG, all sit."
401560090,2024-02-17,SJS,CBJ,3.197,3.211,"moneypuck flurryScoreVenueAdj xG, all sit."
401555901,2024-02-18,NYI,NYR,3.45,4.236,"moneypuck flurryScoreVenueAdj xG, all sit."
401560091,2024-02-18,PIT,LAK,2.018,3.278,"moneypuck flurryScoreVenueAdj xG, all sit."
401560092,2024-02-18,COL,ARI,3.679,2.183,"moneypuck flurryScoreVenueAdj xG, all sit."
401560093,2024-02-19,BUF,ANA,3.58,1.721,"moneypuck flurryScoreVenueAdj xG, all sit."
401560094,2024-02-19,BOS,DAL,3.988,4.513,"moneypuck flurryScoreVenueAdj xG, all sit."
401560095,2024-02-19,CAR,CHI,4.542,2.468,"moneypuck flurryScoreVenueAdj xG, all sit."
401560096,2024-02-19,STL,TOR,1.625,4.05,"moneypuck flurryScoreVenueAdj xG, all sit."
401560097,2024-02-19,MIN,VAN,3.932,2.904,"moneypuck flurryScoreVenueAdj xG, all sit."
401560098,2024-02-19,SEA,DET,3.644,2.107,"moneypuck flurryScoreVenueAdj xG, all sit."
401560099,2024-02-19,CGY,WPG,3.563,3.76,"moneypuck flurryScoreVenueAdj xG, all sit."
401560100,2024-02-19,ARI,EDM,2.386,2.842,"moneypuck flurryScoreVenueAdj xG, all sit."
401560101,2024-02-19,SJS,VGK,2.668,3.482,"moneypuck flurryScoreVenueAdj xG, all sit."
401560102,2024-02-19,TBL,OTT,2.487,2.736,"moneypuck flurryScoreVenueAdj xG, all sit."
401560103,2024-02-20,FLA,OTT,3.344,2.696,"moneypuck flurryScoreVenueAdj xG, all sit."
401560104,2024-02-20,NYR,DAL,2.687,3.567,"moneypuck flurryScoreVenueAdj xG, all sit."
401560105,2024-02-20,PIT,NYI,2.931,2.344,"moneypuck flurryScoreVenueAdj xG, all sit."
401560106,2024-02-20,WSH,NJD,2.839,2.858,"moneypuck flurryScoreVenueAdj xG, all sit."
401560107,2024-02-20,WPG,MIN,3.77,3.775,"moneypuck flurryScoreVenueAdj xG, all sit."
401560108,2024-02-20,COL,VAN,3.306,1.515,"moneypuck flurryScoreVenueAdj xG, all sit."
401560109,2024-02-20,VGK,NSH,2.332,3.42,"moneypuck flurryScoreVenueAdj xG, all sit."
401560110,2024-02-20,LAK,CBJ,3.544,2.57,"moneypuck flurryScoreVenueAdj xG, all sit."
401560111,2024-02-21,MTL,BUF,2.147,3.057,"moneypuck flurryScoreVenueAdj xG, all sit."
401560112,2024-02-21,CHI,PHI,2.014,3.242,"moneypuck flurryScoreVenueAdj xG, all sit."
401560113,2024-02-21,EDM,BOS,4.637,3.542,"moneypuck flurryScoreVenueAdj xG, all sit."
401560114,2024-02-21,ARI,TOR,2.671,3.437,"moneypuck flurryScoreVenueAdj xG, all sit."
401560115,2024-02-21,ANA,CBJ,2.385,3.505,"moneypuck flurryScoreVenueAdj xG, all sit."
401560116,2024-02-22,OTT,DAL,3.014,1.459,"moneypuck flurryScoreVenueAdj xG, all sit."
401560117,2024-02-22,DET,COL,2.88,3.042,"moneypuck flurryScoreVenueAdj xG, all sit."
401560118,2024-02-22,TBL,WSH,2.718,2.863,"moneypuck flurryScoreVenueAdj xG, all sit."
401560119,2024-02-22,NJD,NYR,3.733,2.639,"moneypuck flurryScoreVenueAdj xG, all sit."
401560120,2024-02-22,PIT,MTL,2.372,3.426,"moneypuck flurryScoreVenueAdj xG, all sit."
401560121,2024-02-22,CAR,FLA,2.431,2.953,"moneypuck flurryScoreVenueAdj xG, all sit."
401560122,2024-02-22,STL,NYI,2.212,2.228,"moneypuck flurryScoreVenueAdj xG, all sit."
401560123,2024-02-22,CGY,BOS,3.018,2.832,"moneypuck flurryScoreVenueAdj xG, all sit."
401560124,2024-02-22,VGK,TOR,1.735,3.775,"moneypuck flurryScoreVenueAdj xG, all sit."
401560125,2024-02-22,SEA,VAN,2.665,1.321,"moneypuck flurryScoreVenueAdj xG, all sit."
401560126,2024-02-22,LAK,NSH,2.093,3.248,"moneypuck flurryScoreVenueAdj xG, all sit."
401560127,2024-02-23,CBJ,BUF,2.976,2.005,"moneypuck flurryScoreVenueAdj xG, all sit."
401560128,2024-02-23,CHI,WPG,3.753,2.436,"moneypuck flurryScoreVenueAdj xG, all sit."
401560129,2024-02-23,EDM,MIN,4.714,3.392,"moneypuck flurryScoreVenueAdj xG, all sit."
401560130,2024-02-24,NJD,MTL,2.287,3.463,"moneypuck flurryScoreVenueAdj xG, all sit."
401560131,2024-02-24,NYI,TBL,3.105,2.71,"moneypuck flurryScoreVenueAdj xG, all sit."
401560132,2024-02-24,PHI,NYR,2.976,1.903,"moneypuck flurryScoreVenueAdj xG, all sit."
401560133,2024-02-24,FLA,WSH,2.613,3.24,"moneypuck flurryScoreVenueAdj xG, all sit."
401560134,2024-02-24,OTT,VGK,2.909,2.756,"moneypuck flurryScoreVenueAdj xG, all sit."
401560135,2024-02-24,DET,STL,3.541,1.487,"moneypuck flurryScoreVenueAdj xG, all sit."
401560136,2024-02-24,CAR,DAL,1.733,0.919,"moneypuck flurryScoreVenueAdj xG, all sit."
401560137,2024-02-24,COL,TOR,3.217,3.441,"moneypuck flurryScoreVenueAdj xG, all sit."
401560138,2024-02-24,VAN,BOS,3.031,2.261,"moneypuck flurryScoreVenueAdj xG, all sit."
401560139,2024-02-24,EDM,CGY,3.633,4.427,"moneypuck flurryScoreVenueAdj xG, all sit."
401560140,2024-02-24,SJS,NSH,2.047,3.678,"moneypuck flurryScoreVenueAdj xG, all sit."
401560141,2024-02-24,SEA,MIN,2.751,3.971,"moneypuck flurryScoreVenueAdj xG, all sit."
401560142,2024-02-24,LAK,ANA,3.756,2.839,"moneypuck flurryScoreVenueAdj xG, all sit."
401560143,2024-02-25,NJD,TBL,2.219,4.266,"moneypuck flurryScoreVenueAdj xG, all sit."
401560144,2024-02-25,PIT,PHI,3.12,2.265,"moneypuck flurryScoreVenueAdj xG, all sit."
401560145,2024-02-25,BUF,CAR,2.989,3.653,"moneypuck flurryScoreVenueAdj xG, all sit."
401560146,2024-02-25,CBJ,NYR,4.415,2.859,"moneypuck flurryScoreVenueAdj xG, all sit."
401560147,2024-02-25,CHI,DET,3.914,1.678,"moneypuck flurryScoreVenueAdj xG, all sit."
401560148,2024-02-25,WPG,ARI,1.983,3.317,"moneypuck flurryScoreVenueAdj xG, all sit."
401560149,2024-02-25,ANA,NSH,2.589,1.949,"moneypuck flurryScoreVenueAdj xG, all sit."
401560150,2024-02-26,WSH,OTT,2.08,1.558,"moneypuck flurryScoreVenueAdj xG, all sit."
401560151,2024-02-26,DAL,NYI,3.045,3.732,"moneypuck flurryScoreVenueAdj xG, all sit."
401560152,2024-02-26,EDM,LAK,2.878,3.235,"moneypuck flurryScoreVenueAdj xG, all sit."
401560153,2024-02-26,SEA,BOS,2.167,3.336,"moneypuck flurryScoreVenueAdj xG, all sit."
401560154,2024-02-27,TOR,VGK,2.764,4.141,"moneypuck flurryScoreVenueAdj xG, all sit."
401560155,2024-02-27,MTL,ARI,2.147,3.088,"moneypuck flurryScoreVenueAdj xG, all sit."
401560156,2024-02-27,DET,WSH,3.299,3.37,"moneypuck flurryScoreVenueAdj xG, all sit."
401560157,2024-02-27,FLA,BUF,2.472,2.424,"moneypuck flurryScoreVenueAdj xG, all sit."
401560158,2024-02-27,PHI,TBL,3.563,2.208,"moneypuck flurryScoreVenueAdj xG, all sit."
401560159,2024-02-27,NSH,OTT,2.909,2.328,"moneypuck flurryScoreVenueAdj xG, all sit."
401560160,2024-02-27,MIN,CAR,2.264,2.007,"moneypuck flurryScoreVenueAdj xG, all sit."
401560161,2024-02-27,WPG,STL,2.586,3.781,"moneypuck flurryScoreVenueAdj xG, all sit."
401560162,2024-02-27,COL,DAL,2.398,2.399,"moneypuck flurryScoreVenueAdj xG, all sit."
401560163,2024-02-27,CGY,LAK,3.277,2.324,"moneypuck flurryScoreVenueAdj xG, all sit."
401560164,2024-02-27,VAN,PIT,3.502,3.508,"moneypuck flurryScoreVenueAdj xG, all sit."
401560165,2024-02-27,SJS,NJD,3.223,4.304,"moneypuck flurryScoreVenueAdj xG, all sit."
401560166,2024-02-28,NYR,CBJ,3.854,3.058,"moneypuck flurryScoreVenueAdj xG, all sit."
401560167,2024-02-28,EDM,STL,3.242,2.27,"moneypuck flurryScoreVenueAdj xG, all sit."
401560168,2024-02-29,BOS,VGK,2.618,2.647,"moneypuck flurryScoreVenueAdj xG, all sit."
401560169,2024-02-29,TOR,ARI,3.433,3.598,"moneypuck flurryScoreVenueAdj xG, all sit."
401560170,2024-02-29,DET,NYI,1.885,4.715,"moneypuck flurryScoreVenueAdj xG, all sit."
401560171,2024-02-29,TBL,BUF,1.614,2.449,"moneypuck flurryScoreVenueAdj xG, all sit."
401560172,2024-02-29,FLA,MTL,3.437,2.893,"moneypuck flurryScoreVenueAdj xG, all sit."
401560173,2024-02-29,CBJ,CAR,1.949,3.475,"moneypuck flurryScoreVenueAdj xG, all sit."
401560174,2024-02-29,NSH,MIN,2.891,1.773,"moneypuck flurryScoreVenueAdj xG, all sit."
401560175,2024-02-29,DAL,WPG,5.561,2.716,"moneypuck flurryScoreVenueAdj xG, all sit."
401560176,2024-02-29,CHI,COL,1.483,3.273,"moneypuck flurryScoreVenueAdj xG, all sit."
401560177,2024-02-29,VAN,LAK,1.85,2.194,"moneypuck flurryScoreVenueAdj xG, all sit."
401560178,2024-02-29,SEA,PIT,2.07,1.788,"moneypuck flurryScoreVenueAdj xG, all sit."
401560179,2024-02-29,SJS,ANA,3.277,4.135,"moneypuck flurryScoreVenueAdj xG, all sit."
401560180,2024-03-01,OTT,ARI,3.117,4.522,"moneypuck flurryScoreVenueAdj xG, all sit."
401560181,2024-03-01,WSH,PHI,2.181,2.087,"moneypuck flurryScoreVenueAdj xG, all sit."
401560182,2024-03-01,ANA,NJD,1.365,5.038,"moneypuck flurryScoreVenueAdj xG, all sit."
401560183,2024-03-02,CAR,WPG,2.709,2.955,"moneypuck flurryScoreVenueAdj xG, all sit."
401560184,2024-03-02,NYI,BOS,2.86,1.447,"moneypuck flurryScoreVenueAdj xG, all sit."
401560185,2024-03-02,SEA,EDM,2.515,1.939,"moneypuck flurryScoreVenueAdj xG, all sit."
401560186,2024-03-02,BUF,VGK,2.933,2.613,"moneypuck flurryScoreVenueAdj xG, all sit."
401560187,2024-03-02,TOR,NYR,3.76,3.127,"moneypuck flurryScoreVenueAdj xG, all sit."
401560188,2024-03-02,DET,FLA,1.833,5.694,"moneypuck flurryScoreVenueAdj xG, all sit."
401560189,2024-03-02,TBL,MTL,2.798,2.758,"moneypuck flurryScoreVenueAdj xG, all sit."
401560190,2024-03-02,PHI,OTT,2.786,2.214,"moneypuck flurryScoreVenueAdj xG, all sit."
401560191,2024-03-02,CHI,CBJ,2.743,2.727,"moneypuck flurryScoreVenueAdj xG, all sit."
401560192,2024-03-02,STL,MIN,2.006,1.979,"moneypuck flurryScoreVenueAdj xG, all sit."
401560193,2024-03-02,NSH,COL,3.788,2.075,"moneypuck flurryScoreVenueAdj xG, all sit."
401560194,2024-03-02,DAL,SJS,4.259,1.981,"moneypuck flurryScoreVenueAdj xG, all sit."
401560195,2024-03-02,CGY,PIT,2.603,3.081,"moneypuck flurryScoreVenueAdj xG, all sit."
401560196,2024-03-03,WSH,ARI,2.549,4.887,"moneypuck flurryScoreVenueAdj xG, all sit."
401560197,2024-03-03,LAK,NJD,3.054,2.312,"moneypuck flurryScoreVenueAdj xG, all sit."
401560198,2024-03-03,BUF,WPG,1.994,3.985,"moneypuck flurryScoreVenueAdj xG, all sit."
401560199,2024-03-03,MIN,SJS,2.416,1.243,"moneypuck flurryScoreVenueAdj xG, all sit."
401560200,2024-03-03,ANA,VAN,1.288,2.342,"moneypuck flurryScoreVenueAdj xG, all sit."
401560201,2024-03-03,EDM,PIT,4.25,1.791,"moneypuck flurryScoreVenueAdj xG, all sit."
401560202,2024-03-04,TOR,BOS,3.421,3.226,"moneypuck flurryScoreVenueAdj xG, all sit."
401560203,2024-03-04,NYR,FLA,2.806,3.044,"moneypuck flurryScoreVenueAdj xG, all sit."
401560204,2024-03-04,PHI,STL,3.452,1.768,"moneypuck flurryScoreVenueAdj xG, all sit."
401560205,2024-03-04,CBJ,VGK,3.097,2.74,"moneypuck flurryScoreVenueAdj xG, all sit."
401560206,2024-03-04,COL,CHI,3.425,2.509,"moneypuck flurryScoreVenueAdj xG, all sit."
401560207,2024-03-04,CGY,SEA,2.94,4.192,"moneypuck flurryScoreVenueAdj xG, all sit."
401560208,2024-03-05,BOS,EDM,1.512,1.972,"moneypuck flurryScoreVenueAdj xG, all sit."
401560209,2024-03-05,NJD,FLA,3.168,3.996,"moneypuck flurryScoreVenueAdj xG, all sit."
401560210,2024-03-05,PIT,CBJ,2.78,3.1,"moneypuck flurryScoreVenueAdj xG, all sit."
401560211,2024-03-05,NYI,STL,4.198,0.928,"moneypuck flurryScoreVenueAdj xG, all sit."
401560212,2024-03-05,NSH,MTL,2.884,2.294,"moneypuck flurryScoreVenueAdj xG, all sit."
401560213,2024-03-05,WPG,SEA,2.317,1.9,"moneypuck flurryScoreVenueAdj xG, all sit."
401560214,2024-03-05,ARI,CHI,2.625,5.434,"moneypuck flurryScoreVenueAdj xG, all sit."
401560215,2024-03-05,LAK,VAN,1.216,2.868,"moneypuck flurryScoreVenueAdj xG, all sit."
401560216,2024-03-05,SJS,DAL,2.549,3.981,"moneypuck flurryScoreVenueAdj xG, all sit."
401560217,2024-03-06,TOR,BUF,2.509,2.467,"moneypuck flurryScoreVenueAdj xG, all sit."
401560218,2024-03-06,COL,DET,4.95,3.591,"moneypuck flurryScoreVenueAdj xG, all sit."
401560219,2024-03-06,ANA,OTT,1.591,2.839,"moneypuck flurryScoreVenueAdj xG, all sit."
401560220,2024-03-07,BOS,TOR,3.295,1.925,"moneypuck flurryScoreVenueAdj xG, all sit."
401560221,2024-03-07,TBL,CGY,2.166,2.352,"moneypuck flurryScoreVenueAdj xG, all sit."
401560222,2024-03-07,FLA,PHI,2.019,1.9,"moneypuck flurryScoreVenueAdj xG, all sit."
401560223,2024-03-07,NJD,STL,2.935,1.692,"moneypuck flurryScoreVenueAdj xG, all sit."
401560224,2024-03-07,PIT,WSH,3.415,3.692,"moneypuck flurryScoreVenueAdj xG, all sit."
401560225,2024-03-07,CAR,MTL,4.939,2.359,"moneypuck flurryScoreVenueAdj xG, all sit."
401560226,2024-03-07,CBJ,EDM,2.729,4.364,"moneypuck flurryScoreVenueAdj xG, all sit."
401560227,2024-03-07,NSH,BUF,4.043,2.028,"moneypuck flurryScoreVenueAdj xG, all sit."
401560228,2024-03-07,ARI,MIN,2.789,4.769,"moneypuck flurryScoreVenueAdj xG, all sit."
401560229,2024-03-07,VGK,VAN,1.76,3.705,"moneypuck flurryScoreVenueAdj xG, all sit."
401560230,2024-03-07,LAK,OTT,2.577,2.383,"moneypuck flurryScoreVenueAdj xG, all sit."
401560231,2024-03-07,SJS,NYI,2.431,3.185,"moneypuck flurryScoreVenueAdj xG, all sit."
401560232,2024-03-08,COL,MIN,3.507,3.43,"moneypuck flurryScoreVenueAdj xG, all sit."
401560233,2024-03-08,ARI,DET,1.979,2.508,"moneypuck flurryScoreVenueAdj xG, all sit."
401560234,2024-03-08,ANA,DAL,2.651,3.456,"moneypuck flurryScoreVenueAdj xG, all sit."
401560235,2024-03-08,SEA,WPG,1.594,3.218,"moneypuck flurryScoreVenueAdj xG, all sit."
401560236,2024-03-09,BUF,EDM,2.958,3.313,"moneypuck flurryScoreVenueAdj xG, all sit."
401560237,2024-03-09,NJD,CAR,2.123,4.375,"moneypuck flurryScoreVenueAdj xG, all sit."
401560238,2024-03-09,CBJ,NSH,3.885,3.103,"moneypuck flurryScoreVenueAdj xG, all sit."
401560239,2024-03-09,BOS,PIT,2.883,2.401,"moneypuck flurryScoreVenueAdj xG, all sit."
401560240,2024-03-09,FLA,CGY,3.147,4.832,"moneypuck flurryScoreVenueAdj xG, all sit."
401560241,2024-03-09,MTL,TOR,1.915,2.268,"moneypuck flurryScoreVenueAdj xG, all sit."
401560242,2024-03-09,TBL,PHI,2.644,1.8,"moneypuck flurryScoreVenueAdj xG, all sit."
401560243,2024-03-09,WSH,CHI,1.955,2.282,"moneypuck flurryScoreVenueAdj xG, all sit."
401560244,2024-03-09,SJS,OTT,2.683,3.035,"moneypuck flurryScoreVenueAdj xG, all sit."
401560245,2024-03-09,NYR,STL,3.439,1.301,"moneypuck flurryScoreVenueAdj xG, all sit."
401560246,2024-03-09,VAN,WPG,3.607,1.882,"moneypuck flurryScoreVenueAdj xG, all sit."
401560247,2024-03-09,VGK,DET,4.99,3.26,"moneypuck flurryScoreVenueAdj xG, all sit."
401560248,2024-03-09,LAK,DAL,1.851,4.757,"moneypuck flurryScoreVenueAdj xG, all sit."
401560249,2024-03-10,PIT,EDM,3.478,3.017,"moneypuck flurryScoreVenueAdj xG, all sit."
401560250,2024-03-10,MIN,NSH,2.51,2.972,"moneypuck flurryScoreVenueAdj xG, all sit."
401560251,2024-03-10,CAR,CGY,3.029,1.72,"moneypuck flurryScoreVenueAdj xG, all sit."
401560252,2024-03-10,CHI,ARI,4.261,2.282,"moneypuck flurryScoreVenueAdj xG, all sit."
401560253,2024-03-10,ANA,NYI,1.912,2.983,"moneypuck flurryScoreVenueAdj xG, all sit."
401560254,2024-03-11,BOS,STL,4.123,3.381,"moneypuck flurryScoreVenueAdj xG, all sit."
401560255,2024-03-11,NYR,NJD,2.799,1.841,"moneypuck flurryScoreVenueAdj xG, all sit."
401560256,2024-03-11,WPG,WSH,3.523,1.579,"moneypuck flurryScoreVenueAdj xG, all sit."
401560257,2024-03-11,LAK,NYI,2.377,1.96,"moneypuck flurryScoreVenueAdj xG, all sit."
401560258,2024-03-12,BUF,DET,3.463,3.089,"moneypuck flurryScoreVenueAdj xG, all sit."
401560259,2024-03-12,MTL,CBJ,2.501,3.389,"moneypuck flurryScoreVenueAdj xG, all sit."
401560260,2024-03-12,OTT,PIT,3.643,3.132,"moneypuck flurryScoreVenueAdj xG, all sit."
401560261,2024-03-12,PHI,SJS,3.98,3.703,"moneypuck flurryScoreVenueAdj xG, all sit."
401560262,2024-03-12,CAR,NYR,2.968,3.311,"moneypuck flurryScoreVenueAdj xG, all sit."
401560263,2024-03-12,DAL,FLA,3.467,4.027,"moneypuck flurryScoreVenueAdj xG, all sit."
401560264,2024-03-12,MIN,ARI,6.35,1.256,"moneypuck flurryScoreVenueAdj xG, all sit."
401560265,2024-03-12,CHI,ANA,3.974,1.758,"moneypuck flurryScoreVenueAdj xG, all sit."
401560266,2024-03-12,CGY,COL,1.511,3.216,"moneypuck flurryScoreVenueAdj xG, all sit."
401560267,2024-03-12,SEA,VGK,2.558,3.158,"moneypuck flurryScoreVenueAdj xG, all sit."
401560268,2024-03-13,STL,LAK,3.13,3.257,"moneypuck flurryScoreVenueAdj xG, all sit."
401560269,2024-03-13,WPG,NSH,2.044,2.982,"moneypuck flurryScoreVenueAdj xG, all sit."
401560270,2024-03-13,EDM,WSH,2.991,4.287,"moneypuck flurryScoreVenueAdj xG, all sit."
401560271,2024-03-13,VAN,COL,1.784,4.583,"moneypuck flurryScoreVenueAdj xG, all sit."
401560272,2024-03-14,BUF,NYI,3.954,1.087,"moneypuck flurryScoreVenueAdj xG, all sit."
401560273,2024-03-14,MTL,BOS,1.408,2.745,"moneypuck flurryScoreVenueAdj xG, all sit."
401560274,2024-03-14,DET,ARI,1.574,2.874,"moneypuck flurryScoreVenueAdj xG, all sit."
401560275,2024-03-14,TBL,NYR,3.27,1.86,"moneypuck flurryScoreVenueAdj xG, all sit."
401560276,2024-03-14,PHI,TOR,2.181,3.887,"moneypuck flurryScoreVenueAdj xG, all sit."
401560277,2024-03-14,PIT,SJS,2.981,2.309,"moneypuck flurryScoreVenueAdj xG, all sit."
401560278,2024-03-14,CAR,FLA,4.058,2.517,"moneypuck flurryScoreVenueAdj xG, all sit."
401560279,2024-03-14,CBJ,OTT,3.859,2.82,"moneypuck flurryScoreVenueAdj xG, all sit."
401560280,2024-03-14,DAL,NJD,3.584,2.52,"moneypuck flurryScoreVenueAdj xG, all sit."
401560281,2024-03-14,MIN,ANA,2.472,1.032,"moneypuck flurryScoreVenueAdj xG, all sit."
401560282,2024-03-14,CGY,VGK,3.396,1.589,"moneypuck flurryScoreVenueAdj xG, all sit."
401560283,2024-03-14,SEA,WSH,1.813,2.871,"moneypuck flurryScoreVenueAdj xG, all sit."
401560284,2024-03-15,WPG,ANA,3.553,2.486,"moneypuck flurryScoreVenueAdj xG, all sit."
401560285,2024-03-15,CHI,LAK,2.149,4.031,"moneypuck flurryScoreVenueAdj xG, all sit."
401560286,2024-03-16,DET,BUF,3.36,2.764,"moneypuck flurryScoreVenueAdj xG, all sit."
401560287,2024-03-16,NYI,OTT,1.553,2.719,"moneypuck flurryScoreVenueAdj xG, all sit."
401560288,2024-03-16,PIT,NYR,3.698,5.585,"moneypuck flurryScoreVenueAdj xG, all sit."
401560289,2024-03-16,ARI,NJD,3.553,2.729,"moneypuck flurryScoreVenueAdj xG, all sit."
401560290,2024-03-16,FLA,TBL,4.0,1.951,"moneypuck flurryScoreVenueAdj xG, all sit."
401560291,2024-03-16,BOS,PHI,3.461,2.98,"moneypuck flurryScoreVenueAdj xG, all sit."
401560292,2024-03-16,TOR,CAR,5.579,5.276,"moneypuck flurryScoreVenueAdj xG, all sit."
401560293,2024-03-16,CBJ,SJS,2.406,3.707,"moneypuck flurryScoreVenueAdj xG, all sit."
401560294,2024-03-16,CGY,MTL,2.551,3.393,"moneypuck flurryScoreVenueAdj xG, all sit."
401560295,2024-03-16,STL,MIN,2.767,1.493,"moneypuck flurryScoreVenueAdj xG, all sit."
401560296,2024-03-16,DAL,LAK,1.95,1.807,"moneypuck flurryScoreVenueAdj xG, all sit."
401560297,2024-03-16,EDM,COL,2.693,3.755,"moneypuck flurryScoreVenueAdj xG, all sit."
401560298,2024-03-16,VAN,WSH,2.081,1.947,"moneypuck flurryScoreVenueAdj xG, all sit."
401560299,2024-03-16,SEA,NSH,1.91,4.047,"moneypuck flurryScoreVenueAdj xG, all sit."
401560300,2024-03-17,NYR,NYI,2.013,1.889,"moneypuck flurryScoreVenueAdj xG, all sit."
401560301,2024-03-17,VGK,NJD,3.541,2.272,"moneypuck flurryScoreVenueAdj xG, all sit."
401560302,2024-03-17,OTT,CAR,2.806,2.891,"moneypuck flurryScoreVenueAdj xG, all sit."
401560303,2024-03-17,PIT,DET,6.321,2.859,"moneypuck flurryScoreVenueAdj xG, all sit."
401560304,2024-03-17,CBJ,WPG,2.153,2.659,"moneypuck flurryScoreVenueAdj xG, all sit."
401560305,2024-03-17,CHI,SJS,3.386,4.282,"moneypuck flurryScoreVenueAdj xG, all sit."
401560306,2024-03-17,STL,ANA,3.239,2.11,"moneypuck flurryScoreVenueAdj xG, all sit."
401560308,2024-03-18,CGY,WSH,3.393,3.843,"moneypuck flurryScoreVenueAdj xG, all sit."
401560309,2024-03-18,SEA,BUF,3.685,2.043,"moneypuck flurryScoreVenueAdj xG, all sit."
401560310,2024-03-19,BOS,OTT,3.07,2.805,"moneypuck flurryScoreVenueAdj xG, all sit."
401560311,2024-03-19,DET,CBJ,2.493,3.007,"moneypuck flurryScoreVenueAdj xG, all sit."
401560312,2024-03-19,NJD,PIT,4.952,3.249,"moneypuck flurryScoreVenueAdj xG, all sit."
401560313,2024-03-19,NYR,WPG,2.601,3.023,"moneypuck flurryScoreVenueAdj xG, all sit."
401560314,2024-03-19,PHI,TOR,2.089,3.502,"moneypuck flurryScoreVenueAdj xG, all sit."
401560315,2024-03-19,NYI,CAR,1.833,2.852,"moneypuck flurryScoreVenueAdj xG, all sit."
401560316,2024-03-19,STL,COL,3.35,3.401,"moneypuck flurryScoreVenueAdj xG, all sit."
401560317,2024-03-19,NSH,SJS,5.038,0.857,"moneypuck flurryScoreVenueAdj xG, all sit."
401560318,2024-03-19,EDM,MTL,3.586,2.288,"moneypuck flurryScoreVenueAdj xG, all sit."
401560319,2024-03-19,VAN,BUF,6.18,1.541,"moneypuck flurryScoreVenueAdj xG, all sit."
401560320,2024-03-19,VGK,TBL,2.061,2.352,"moneypuck flurryScoreVenueAdj xG, all sit."
401560321,2024-03-19,ANA,MIN,2.26,2.66,"moneypuck flurryScoreVenueAdj xG, all sit."
401560322,2024-03-19,LAK,CHI,3.079,2.434,"moneypuck flurryScoreVenueAdj xG, all sit."
401560307,2024-03-20,DAL,ARI,3.144,1.886,"moneypuck flurryScoreVenueAdj xG, all sit."
401560323,2024-03-20,WSH,TOR,2.116,2.633,"moneypuck flurryScoreVenueAdj xG, all sit."
401560324,2024-03-20,LAK,MIN,2.371,2.821,"moneypuck flurryScoreVenueAdj xG, all sit."
401560325,2024-03-21,BOS,NYR,1.94,3.931,"moneypuck flurryScoreVenueAdj xG, all sit."
401560326,2024-03-21,OTT,STL,3.676,3.884,"moneypuck flurryScoreVenueAdj xG, all sit."
401560327,2024-03-21,DET,NYI,2.361,2.292,"moneypuck flurryScoreVenueAdj xG, all sit."
401560328,2024-03-21,FLA,NSH,2.035,3.203,"moneypuck flurryScoreVenueAdj xG, all sit."
401560329,2024-03-21,NJD,WPG,3.629,1.448,"moneypuck flurryScoreVenueAdj xG, all sit."
401560330,2024-03-21,CAR,PHI,2.153,3.153,"moneypuck flurryScoreVenueAdj xG, all sit."
401560331,2024-03-21,EDM,BUF,4.206,1.608,"moneypuck flurryScoreVenueAdj xG, all sit."
401560332,2024-03-21,VAN,MTL,3.081,1.798,"moneypuck flurryScoreVenueAdj xG, all sit."
401560333,2024-03-21,VGK,SEA,3.787,1.867,"moneypuck flurryScoreVenueAdj xG, all sit."
401560334,2024-03-21,ANA,CHI,2.96,1.089,"moneypuck flurryScoreVenueAdj xG, all sit."
401560335,2024-03-21,SJS,TBL,2.344,2.633,"moneypuck flurryScoreVenueAdj xG, all sit."
401560336,2024-03-22,WSH,CAR,3.511,3.319,"moneypuck flurryScoreVenueAdj xG, all sit."
401560337,2024-03-22,DAL,PIT,3.968,2.372,"moneypuck flurryScoreVenueAdj xG, all sit."
401560338,2024-03-22,COL,CBJ,5.309,2.172,"moneypuck flurryScoreVenueAdj xG, all sit."
401560339,2024-03-22,ARI,SEA,2.351,1.965,"moneypuck flurryScoreVenueAdj xG, all sit."
401560340,2024-03-23,NYI,WPG,3.256,3.44,"moneypuck flurryScoreVenueAdj xG, all sit."
401560341,2024-03-23,PHI,BOS,2.87,1.898,"moneypuck flurryScoreVenueAdj xG, all sit."
401560342,2024-03-23,MIN,STL,3.516,2.66,"moneypuck flurryScoreVenueAdj xG, all sit."
401560343,2024-03-23,NSH,DET,2.445,2.334,"moneypuck flurryScoreVenueAdj xG, all sit."
401560344,2024-03-23,TOR,EDM,3.118,4.88,"moneypuck flurryScoreVenueAdj xG, all sit."
401560345,2024-03-23,NJD,OTT,2.654,2.342,"moneypuck flurryScoreVenueAdj xG, all sit."
401560346,2024-03-23,NYR,FLA,2.289,2.097,"moneypuck flurryScoreVenueAdj xG, all sit."
401560347,2024-03-23,VAN,CGY,2.589,2.122,"moneypuck flurryScoreVenueAdj xG, all sit."
401560348,2024-03-23,VGK,CBJ,3.711,1.627,"moneypuck flurryScoreVenueAdj xG, all sit."
401560349,2024-03-23,LAK,TBL,2.275,3.423,"moneypuck flurryScoreVenueAdj xG, all sit."
401560350,2024-03-23,SJS,CHI,2.205,3.061,"moneypuck flurryScoreVenueAdj xG, all sit."
401560351,2024-03-24,WSH,WPG,1.983,2.44,"moneypuck flurryScoreVenueAdj xG, all sit."
401560352,2024-03-24,COL,PIT,3.005,2.411,"moneypuck flurryScoreVenueAdj xG, all sit."
401560353,2024-03-24,NYI,NJD,3.03,3.259,"moneypuck flurryScoreVenueAdj xG, all sit."
401560354,2024-03-24,OTT,EDM,2.498,4.049,"moneypuck flurryScoreVenueAdj xG, all sit."
401560355,2024-03-24,PHI,FLA,3.112,2.5,"moneypuck flurryScoreVenueAdj xG, all sit."
401560356,2024-03-24,CAR,TOR,4.16,3.456,"moneypuck flurryScoreVenueAdj xG, all sit."
401560357,2024-03-24,ARI,DAL,2.739,4.884,"moneypuck flurryScoreVenueAdj xG, all sit."
401560358,2024-03-24,ANA,TBL,2.643,2.454,"moneypuck flurryScoreVenueAdj xG, all sit."
401560359,2024-03-24,CGY,BUF,2.099,3.632,"moneypuck flurryScoreVenueAdj xG, all sit."
401560360,2024-03-24,SEA,MTL,3.468,1.452,"moneypuck flurryScoreVenueAdj xG, all sit."
401560361,2024-03-25,STL,VGK,2.261,2.419,"moneypuck flurryScoreVenueAdj xG, all sit."
401560362,2024-03-25,VAN,LAK,2.82,2.076,"moneypuck flurryScoreVenueAdj xG, all sit."
401560363,2024-03-26,TOR,NJD,4.314,3.184,"moneypuck flurryScoreVenueAdj xG, all sit."
401560364,2024-03-26,FLA,BOS,2.867,2.148,"moneypuck flurryScoreVenueAdj xG, all sit."
401560365,2024-03-26,NYR,PHI,1.902,3.833,"moneypuck flurryScoreVenueAdj xG, all sit."
401560366,2024-03-26,PIT,CAR,3.479,2.735,"moneypuck flurryScoreVenueAdj xG, all sit."
401560367,2024-03-26,WSH,DET,2.515,3.57,"moneypuck flurryScoreVenueAdj xG, all sit."
401560368,2024-03-26,NSH,VGK,3.151,3.357,"moneypuck flurryScoreVenueAdj xG, all sit."
401560369,2024-03-26,WPG,EDM,2.839,4.888,"moneypuck flurryScoreVenueAdj xG, all sit."
401560370,2024-03-26,CHI,CGY,2.109,1.872,"moneypuck flurryScoreVenueAdj xG, all sit."
401560371,2024-03-26,COL,MTL,3.05,2.201,"moneypuck flurryScoreVenueAdj xG, all sit."
401560372,2024-03-26,ARI,CBJ,3.974,3.012,"moneypuck flurryScoreVenueAdj xG, all sit."
401560373,2024-03-26,SEA,ANA,3.122,1.452,"moneypuck flurryScoreVenueAdj xG, all sit."
401560374,2024-03-26,SJS,DAL,1.74,3.933,"moneypuck flurryScoreVenueAdj xG, all sit."
401560375,2024-03-27,BUF,OTT,3.239,5.774,"moneypuck flurryScoreVenueAdj xG, all sit."
401560376,2024-03-27,TBL,BOS,3.517,1.582,"moneypuck flurryScoreVenueAdj xG, all sit."
401560377,2024-03-28,TOR,WSH,3.895,1.954,"moneypuck flurryScoreVenueAdj xG, all sit."
401560378,2024-03-28,MTL,PHI,2.913,2.658,"moneypuck flurryScoreVenueAdj xG, all sit."
401560379,2024-03-28,OTT,CHI,3.311,1.329,"moneypuck flurryScoreVenueAdj xG, all sit."
401560380,2024-03-28,FLA,NYI,2.331,1.422,"moneypuck flurryScoreVenueAdj xG, all sit."
401560381,2024-03-28,PIT,CBJ,4.034,2.292,"moneypuck flurryScoreVenueAdj xG, all sit."
401560382,2024-03-28,CAR,DET,3.053,2.498,"moneypuck flurryScoreVenueAdj xG, all sit."
401560383,2024-03-28,STL,CGY,3.379,2.843,"moneypuck flurryScoreVenueAdj xG, all sit."
401560384,2024-03-28,MIN,SJS,3.177,1.463,"moneypuck flurryScoreVenueAdj xG, all sit."
401560385,2024-03-28,WPG,VGK,3.342,3.187,"moneypuck flurryScoreVenueAdj xG, all sit."
401560386,2024-03-28,COL,NYR,3.254,2.434,"moneypuck flurryScoreVenueAdj xG, all sit."
401560387,2024-03-28,EDM,LAK,2.678,3.187,"moneypuck flurryScoreVenueAdj xG, all sit."
401560388,2024-03-28,VAN,DAL,2.637,6.399,"moneypuck flurryScoreVenueAdj xG, all sit."
401560389,2024-03-28,ARI,NSH,6.055,4.432,"moneypuck flurryScoreVenueAdj xG, all sit."
401560390,2024-03-28,SEA,ANA,4.596,1.478,"moneypuck flurryScoreVenueAdj xG, all sit."
401560391,2024-03-29,BUF,NJD,3.925,4.032,"moneypuck flurryScoreVenueAdj xG, all sit."
401560392,2024-03-30,FLA,DET,3.538,2.429,"moneypuck flurryScoreVenueAdj xG, all sit."
401560393,2024-03-30,MIN,VGK,3.14,1.888,"moneypuck flurryScoreVenueAdj xG, all sit."
401560394,2024-03-30,EDM,ANA,4.864,1.903,"moneypuck flurryScoreVenueAdj xG, all sit."
401560395,2024-03-30,COL,NSH,4.76,3.046,"moneypuck flurryScoreVenueAdj xG, all sit."
401560396,2024-03-30,ARI,NYR,2.5,3.531,"moneypuck flurryScoreVenueAdj xG, all sit."
401560397,2024-03-30,BUF,TOR,3.768,1.848,"moneypuck flurryScoreVenueAdj xG, all sit."
401560398,2024-03-30,MTL,CAR,1.918,3.586,"moneypuck flurryScoreVenueAdj xG, all sit."
401560399,2024-03-30,TBL,NYI,3.294,2.598,"moneypuck flurryScoreVenueAdj xG, all sit."
401560400,2024-03-30,PHI,CHI,3.193,3.009,"moneypuck flurryScoreVenueAdj xG, all sit."
401560401,2024-03-30,WSH,BOS,2.31,1.994,"moneypuck flurryScoreVenueAdj xG, all sit."
401560402,2024-03-30,CBJ,PIT,2.913,2.176,"moneypuck flurryScoreVenueAdj xG, all sit."
401560403,2024-03-30,WPG,OTT,2.684,2.619,"moneypuck flurryScoreVenueAdj xG, all sit."
401560404,2024-03-30,STL,SJS,2.516,2.403,"moneypuck flurryScoreVenueAdj xG, all sit."
401560405,2024-03-30,CGY,LAK,2.774,2.934,"moneypuck flurryScoreVenueAdj xG, all sit."
401560406,2024-03-30,SEA,DAL,0.972,2.453,"moneypuck flurryScoreVenueAdj xG, all sit."
401560407,2024-03-31,VAN,ANA,3.099,2.647,"moneypuck flurryScoreVenueAdj xG, all sit."
401560408,2024-04-01,TOR,FLA,3.548,3.08,"moneypuck flurryScoreVenueAdj xG, all sit."
401560409,2024-04-01,TBL,DET,2.991,2.487,"moneypuck flurryScoreVenueAdj xG, all sit."
401560410,2024-04-01,NYR,PIT,1.841,3.26,"moneypuck flurryScoreVenueAdj xG, all sit."
401560411,2024-04-01,PHI,NYI,1.839,2.948,"moneypuck flurryScoreVenueAdj xG, all sit."
401560412,2024-04-01,CBJ,COL,2.97,3.238,"moneypuck flurryScoreVenueAdj xG, all sit."
401560413,2024-04-01,STL,EDM,3.116,2.553,"moneypuck flurryScoreVenueAdj xG, all sit."
401560414,2024-04-01,WPG,LAK,3.346,1.761,"moneypuck flurryScoreVenueAdj xG, all sit."
401560415,2024-04-01,SJS,SEA,2.664,4.231,"moneypuck flurryScoreVenueAdj xG, all sit."
401560416,2024-04-02,BUF,WSH,3.293,3.048,"moneypuck flurryScoreVenueAdj xG, all sit."
401560417,2024-04-02,MTL,FLA,5.126,3.224,"moneypuck flurryScoreVenueAdj xG, all sit."
401560418,2024-04-02,NJD,PIT,2.424,2.929,"moneypuck flurryScoreVenueAdj xG, all sit."
401560419,2024-04-02,NYI,CHI,1.837,2.698,"moneypuck flurryScoreVenueAdj xG, all sit."
401560420,2024-04-02,NSH,BOS,2.497,3.417,"moneypuck flurryScoreVenueAdj xG, all sit."
401560421,2024-04-02,MIN,OTT,1.765,3.349,"moneypuck flurryScoreVenueAdj xG, all sit."
401560422,2024-04-02,CGY,ANA,1.489,2.837,"moneypuck flurryScoreVenueAdj xG, all sit."
401560423,2024-04-02,VGK,VAN,3.374,2.251,"moneypuck flurryScoreVenueAdj xG, all sit."
401560424,2024-04-03,TOR,TBL,2.917,2.809,"moneypuck flurryScoreVenueAdj xG, all sit."
401560425,2024-04-03,NYR,NJD,3.652,1.646,"moneypuck flurryScoreVenueAdj xG, all sit."
401560426,2024-04-03,DAL,EDM,3.421,3.195,"moneypuck flurryScoreVenueAdj xG, all sit."
401560427,2024-04-03,ARI,VAN,2.268,3.442,"moneypuck flurryScoreVenueAdj xG, all sit."
401560428,2024-04-03,LAK,SEA,2.955,4.101,"moneypuck flurryScoreVenueAdj xG, all sit."
401560429,2024-04-04,MTL,TBL,3.297,4.219,"moneypuck flurryScoreVenueAdj xG, all sit."
401560430,2024-04-04,OTT,FLA,2.34,3.291,"moneypuck flurryScoreVenueAdj xG, all sit."
401560431,2024-04-04,WSH,PIT,3.574,3.098,"moneypuck flurryScoreVenueAdj xG, all sit."
401560432,2024-04-04,CAR,BOS,3.793,2.609,"moneypuck flurryScoreVenueAdj xG, all sit."
401560433,2024-04-04,CBJ,NYI,2.716,5.419,"moneypuck flurryScoreVenueAdj xG, all sit."
401560434,2024-04-04,NSH,STL,4.98,5.652,"moneypuck flurryScoreVenueAdj xG, all sit."
401560435,2024-04-04,MIN,COL,4.356,4.024,"moneypuck flurryScoreVenueAdj xG, all sit."
401560436,2024-04-04,WPG,CGY,4.883,2.42,"moneypuck flurryScoreVenueAdj xG, all sit."
401560437,2024-04-04,SJS,LAK,1.643,2.742,"moneypuck flurryScoreVenueAdj xG, all sit."
401560438,2024-04-05,BUF,PHI,4.012,2.972,"moneypuck flurryScoreVenueAdj xG, all sit."
401560439,2024-04-05,DET,NYR,2.539,5.841,"moneypuck flurryScoreVenueAdj xG, all sit."
401560440,2024-04-05,CAR,WSH,4.859,1.755,"moneypuck flurryScoreVenueAdj xG, all sit."
401560441,2024-04-05,EDM,COL,4.846,1.474,"moneypuck flurryScoreVenueAdj xG, all sit."
401560442,2024-04-05,ARI,VGK,2.199,1.998,"moneypuck flurryScoreVenueAdj xG, all sit."
401560443,2024-04-05,ANA,SEA,0.927,3.019,"moneypuck flurryScoreVenueAdj xG, all sit."
401560444,2024-04-06,PIT,TBL,3.06,3.38,"moneypuck flurryScoreVenueAdj xG, all sit."
401560445,2024-04-06,BOS,FLA,1.98,2.229,"moneypuck flurryScoreVenueAdj xG, all sit."
401560446,2024-04-06,MIN,WPG,2.415,2.611,"moneypuck flurryScoreVenueAdj xG, all sit."
401560447,2024-04-06,CHI,DAL,1.001,3.99,"moneypuck flurryScoreVenueAdj xG, all sit."
401560448,2024-04-06,SJS,STL,2.42,3.357,"moneypuck flurryScoreVenueAdj xG, all sit."
401560449,2024-04-06,MTL,TOR,2.157,3.145,"moneypuck flurryScoreVenueAdj xG, all sit."
401560450,2024-04-06,OTT,NJD,2.319,2.765,"moneypuck flurryScoreVenueAdj xG, all sit."
401560451,2024-04-06,CBJ,PHI,3.311,2.947,"moneypuck flurryScoreVenueAdj xG, all sit."
401560452,2024-04-06,NYI,NSH,2.598,4.63,"moneypuck flurryScoreVenueAdj xG, all sit."
401560453,2024-04-06,CGY,EDM,2.744,4.396,"moneypuck flurryScoreVenueAdj xG, all sit."
401560454,2024-04-06,LAK,VAN,2.817,3.192,"moneypuck flurryScoreVenueAdj xG, all sit."
401560455,2024-04-07,DET,BUF,4.001,3.275,"moneypuck flurryScoreVenueAdj xG, all sit."
401560456,2024-04-07,CHI,MIN,1.634,2.763,"moneypuck flurryScoreVenueAdj xG, all sit."
401560457,2024-04-07,CAR,CBJ,4.236,1.106,"moneypuck flurryScoreVenueAdj xG, all sit."
401560458,2024-04-07,WSH,OTT,3.032,2.394,"moneypuck flurryScoreVenueAdj xG, all sit."
401560459,2024-04-07,SJS,ARI,2.045,2.929,"moneypuck flurryScoreVenueAdj xG, all sit."
401560460,2024-04-07,NJD,NSH,2.423,4.256,"moneypuck flurryScoreVenueAdj xG, all sit."
401560461,2024-04-07,NYR,MTL,4.613,2.339,"moneypuck flurryScoreVenueAdj xG, all sit."
401560462,2024-04-07,ANA,STL,2.717,3.164,"moneypuck flurryScoreVenueAdj xG, all sit."
401560463,2024-04-07,COL,DAL,3.653,9.145,"moneypuck flurryScoreVenueAdj xG, all sit."
401560464,2024-04-08,TOR,PIT,2.166,3.362,"moneypuck flurryScoreVenueAdj xG, all sit."
401560465,2024-04-08,VAN,VGK,3.409,2.651,"moneypuck flurryScoreVenueAdj xG, all sit."
401560466,2024-04-09,BOS,CAR,1.908,3.017,"moneypuck flurryScoreVenueAdj xG, all sit."
401560467,2024-04-09,MTL,PHI,2.649,3.044,"moneypuck flurryScoreVenueAdj xG, all sit."
401560468,2024-04-09,DET,WSH,2.993,1.807,"moneypuck flurryScoreVenueAdj xG, all sit."
401560469,2024-04-09,TBL,CBJ,2.927,2.625,"moneypuck flurryScoreVenueAdj xG, all sit."
401560470,2024-04-09,FLA,OTT,3.054,2.4,"moneypuck flurryScoreVenueAdj xG, all sit."
401560471,2024-04-09,NJD,TOR,1.601,3.83,"moneypuck flurryScoreVenueAdj xG, all sit."
401560472,2024-04-09,NYI,NYR,3.157,3.247,"moneypuck flurryScoreVenueAdj xG, all sit."
401560473,2024-04-09,NSH,WPG,4.112,2.323,"moneypuck flurryScoreVenueAdj xG, all sit."
401560474,2024-04-09,DAL,BUF,2.542,2.211,"moneypuck flurryScoreVenueAdj xG, all sit."
401560475,2024-04-09,COL,MIN,2.639,2.528,"moneypuck flurryScoreVenueAdj xG, all sit."
401560476,2024-04-09,ANA,LAK,3.813,2.359,"moneypuck flurryScoreVenueAdj xG, all sit."
401560477,2024-04-09,SEA,ARI,1.585,4.323,"moneypuck flurryScoreVenueAdj xG, all sit."
401560478,2024-04-09,SJS,CGY,2.062,5.3,"moneypuck flurryScoreVenueAdj xG, all sit."
401560479,2024-04-10,STL,CHI,2.64,2.198,"moneypuck flurryScoreVenueAdj xG, all sit."
401560480,2024-04-10,EDM,VGK,3.216,1.76,"moneypuck flurryScoreVenueAdj xG, all sit."
401560481,2024-04-10,VAN,ARI,3.83,1.658,"moneypuck flurryScoreVenueAdj xG, all sit."
401560482,2024-04-11,BUF,WSH,3.408,2.899,"moneypuck flurryScoreVenueAdj xG, all sit."
401560483,2024-04-11,TOR,NJD,3.58,3.426,"moneypuck flurryScoreVenueAdj xG, all sit."
401560484,2024-04-11,TBL,OTT,2.965,4.689,"moneypuck flurryScoreVenueAdj xG, all sit."
401560485,2024-04-11,FLA,CBJ,3.887,1.363,"moneypuck flurryScoreVenueAdj xG, all sit."
401560486,2024-04-11,NYR,PHI,3.598,2.599,"moneypuck flurryScoreVenueAdj xG, all sit."
401560487,2024-04-11,PIT,DET,2.573,3.063,"moneypuck flurryScoreVenueAdj xG, all sit."
401560488,2024-04-11,NYI,MTL,3.519,1.243,"moneypuck flurryScoreVenueAdj xG, all sit."
401560489,2024-04-11,DAL,WPG,2.041,2.541,"moneypuck flurryScoreVenueAdj xG, all sit."
401560490,2024-04-11,SEA,SJS,4.418,1.528,"moneypuck flurryScoreVenueAdj xG, all sit."
401560491,2024-04-11,LAK,CGY,3.679,1.455,"moneypuck flurryScoreVenueAdj xG, all sit."
401560492,2024-04-12,STL,CAR,2.003,3.952,"moneypuck flurryScoreVenueAdj xG, all sit."
401560493,2024-04-12,CHI,NSH,2.887,3.8,"moneypuck flurryScoreVenueAdj xG, all sit."
401560494,2024-04-12,EDM,ARI,3.397,2.705,"moneypuck flurryScoreVenueAdj xG, all sit."
401560495,2024-04-12,VGK,MIN,2.976,2.797,"moneypuck flurryScoreVenueAdj xG, all sit."
401560496,2024-04-12,ANA,CGY,2.221,4.849,"moneypuck flurryScoreVenueAdj xG, all sit."
401560497,2024-04-13,NYR,NYI,3.918,2.82,"moneypuck flurryScoreVenueAdj xG, all sit."
401560498,2024-04-13,DAL,SEA,2.227,1.635,"moneypuck flurryScoreVenueAdj xG, all sit."
401560499,2024-04-13,COL,WPG,2.696,3.814,"moneypuck flurryScoreVenueAdj xG, all sit."
401560500,2024-04-13,FLA,BUF,3.799,1.952,"moneypuck flurryScoreVenueAdj xG, all sit."
401560501,2024-04-13,PHI,NJD,3.543,2.014,"moneypuck flurryScoreVenueAdj xG, all sit."
401560502,2024-04-13,WSH,TBL,2.974,3.028,"moneypuck flurryScoreVenueAdj xG, all sit."
401560503,2024-04-13,TOR,DET,2.928,2.983,"moneypuck flurryScoreVenueAdj xG, all sit."
401560504,2024-04-13,OTT,MTL,4.294,3.864,"moneypuck flurryScoreVenueAdj xG, all sit."
401560505,2024-04-13,PIT,BOS,3.285,5.77,"moneypuck flurryScoreVenueAdj xG, all sit."
401560506,2024-04-13,NSH,CBJ,3.281,2.541,"moneypuck flurryScoreVenueAdj xG, all sit."
401560507,2024-04-13,EDM,VAN,3.424,2.397,"moneypuck flurryScoreVenueAdj xG, all sit."
401560508,2024-04-13,LAK,ANA,2.707,2.018,"moneypuck flurryScoreVenueAdj xG, all sit."
401560509,2024-04-13,SJS,MIN,1.407,3.827,"moneypuck flurryScoreVenueAdj xG, all sit."
401560510,2024-04-14,STL,SEA,2.661,1.983,"moneypuck flurryScoreVenueAdj xG, all sit."
401560511,2024-04-14,VGK,COL,2.576,2.148,"moneypuck flurryScoreVenueAdj xG, all sit."
401560512,2024-04-14,CHI,CAR,1.501,5.307,"moneypuck flurryScoreVenueAdj xG, all sit."
401560513,2024-04-14,CGY,ARI,2.512,3.163,"moneypuck flurryScoreVenueAdj xG, all sit."
401560514,2024-04-15,DET,MTL,3.064,2.196,"moneypuck flurryScoreVenueAdj xG, all sit."
401560515,2024-04-15,TBL,BUF,3.133,4.183,"moneypuck flurryScoreVenueAdj xG, all sit."
401560516,2024-04-15,NJD,NYI,2.158,2.954,"moneypuck flurryScoreVenueAdj xG, all sit."
401560517,2024-04-15,PIT,NSH,4.222,2.084,"moneypuck flurryScoreVenueAdj xG, all sit."
401560518,2024-04-15,WSH,BOS,5.892,1.009,"moneypuck flurryScoreVenueAdj xG, all sit."
401560519,2024-04-15,NYR,OTT,3.286,1.45,"moneypuck flurryScoreVenueAdj xG, all sit."
401560520,2024-04-15,EDM,SJS,3.87,2.151,"moneypuck flurryScoreVenueAdj xG, all sit."
401560521,2024-04-15,LAK,MIN,2.035,2.753,"moneypuck flurryScoreVenueAdj xG, all sit."
401560522,2024-04-16,BOS,OTT,2.785,1.856,"moneypuck flurryScoreVenueAdj xG, all sit."
401560523,2024-04-16,MTL,DET,3.79,2.814,"moneypuck flurryScoreVenueAdj xG, all sit."
401560524,2024-04-16,FLA,TOR,4.587,2.774,"moneypuck flurryScoreVenueAdj xG, all sit."
401560525,2024-04-16,PHI,WSH,2.357,2.125,"moneypuck flurryScoreVenueAdj xG, all sit."
401560526,2024-04-16,CBJ,CAR,2.402,3.181,"moneypuck flurryScoreVenueAdj xG, all sit."
401560527,2024-04-16,WPG,SEA,2.282,1.564,"moneypuck flurryScoreVenueAdj xG, all sit."
401560528,2024-04-16,VGK,CHI,3.727,1.509,"moneypuck flurryScoreVenueAdj xG, all sit."
401560529,2024-04-16,VAN,CGY,3.344,2.645,"moneypuck flurryScoreVenueAdj xG, all sit."
401560530,2024-04-17,TBL,TOR,4.413,2.754,"moneypuck flurryScoreVenueAdj xG, all sit."
401560531,2024-04-17,NYI,PIT,3.566,5.012,"moneypuck flurryScoreVenueAdj xG, all sit."
401560532,2024-04-17,DAL,STL,5.075,1.61,"moneypuck flurryScoreVenueAdj xG, all sit."
401560533,2024-04-17,ARI,EDM,2.29,2.276,"moneypuck flurryScoreVenueAdj xG, all sit."
401560534,2024-04-18,MIN,SEA,2.065,3.639,"moneypuck flurryScoreVenueAdj xG, all sit."
401560535,2024-04-18,WPG,VAN,3.283,2.499,"moneypuck flurryScoreVenueAdj xG, all sit."
401560536,2024-04-18,CGY,SJS,3.195,2.053,"moneypuck flurryScoreVenueAdj xG, all sit."
401560537,2024-04-18,COL,EDM,2.828,3.589,"moneypuck flurryScoreVenueAdj xG, all sit."
401560538,2024-04-18,VGK,ANA,2.892,2.571,"moneypuck flurryScoreVenueAdj xG, all sit."
401560539,2024-04-18,LAK,CHI,4.05,2.146,"moneypuck flurryScoreVenueAdj xG, all sit."
401687600,2024-10-04,BUF,NJD,3.081,2.939,"moneypuck flurryScoreVenueAdj xG, all sit."
401687601,2024-10-05,NJD,BUF,5.427,2.06,"moneypuck flurryScoreVenueAdj xG, all sit."
401687602,2024-10-08,SEA,STL,3.386,2.607,"moneypuck flurryScoreVenueAdj xG, all sit."
401687603,2024-10-08,FLA,BOS,5.96,3.961,"moneypuck flurryScoreVenueAdj xG, all sit."
401687604,2024-10-08,UTA,CHI,4.948,2.682,"moneypuck flurryScoreVenueAdj xG, all sit."
401687605,2024-10-09,MTL,TOR,2.751,4.953,"moneypuck flurryScoreVenueAdj xG, all sit."
401687606,2024-10-09,PIT,NYR,3.153,5.795,"moneypuck flurryScoreVenueAdj xG, all sit."
401687607,2024-10-09,EDM,WPG,2.493,2.589,"moneypuck flurryScoreVenueAdj xG, all sit."
401687608,2024-10-09,VAN,CGY,2.334,2.087,"moneypuck flurryScoreVenueAdj xG, all sit."
401687609,2024-10-09,VGK,COL,2.771,3.677,"moneypuck flurryScoreVenueAdj xG, all sit."
401687610,2024-10-10,BOS,MTL,2.982,3.072,"moneypuck flurryScoreVenueAdj xG, all sit."
401687611,2024-10-10,BUF,LAK,4.01,2.718,"moneypuck flurryScoreVenueAdj xG, all sit."
401687612,2024-10-10,OTT,FLA,2.926,2.412,"moneypuck flurryScoreVenueAdj xG, all sit."
401687613,2024-10-10,DET,PIT,2.886,3.396,"moneypuck flurryScoreVenueAdj xG, all sit."
401687614,2024-10-10,NJD,TOR,2.207,2.084,"moneypuck flurryScoreVenueAdj xG, all sit."
401687615,2024-10-10,NYI,UTA,2.692,3.987,"moneypuck flurryScoreVenueAdj xG, all sit."
401687616,2024-10-10,NSH,DAL,3.462,2.267,"moneypuck flurryScoreVenueAdj xG, all sit."
401687617,2024-10-10,MIN,CBJ,2.231,2.779,"moneypuck flurryScoreVenueAdj xG, all sit."
401687618,2024-10-10,SJS,STL,2.069,3.506,"moneypuck flurryScoreVenueAdj xG, all sit."
401687619,2024-10-11,CAR,TBL,2.951,3.746,"moneypuck flurryScoreVenueAdj xG, all sit."
401687620,2024-10-11,WPG,CHI,2.804,1.917,"moneypuck flurryScoreVenueAdj xG, all sit."
401687621,2024-10-11,VAN,PHI,2.856,2.248,"moneypuck flurryScoreVenueAdj xG, all sit."
401687622,2024-10-11,VGK,STL,3.101,2.214,"moneypuck flurryScoreVenueAdj xG, all sit."
401687623,2024-10-12,BOS,LAK,1.195,2.376,"moneypuck flurryScoreVenueAdj xG, all sit."
401687624,2024-10-12,BUF,FLA,4.069,2.021,"moneypuck flurryScoreVenueAdj xG, all sit."
401687625,2024-10-12,TOR,PIT,2.665,1.8,"moneypuck flurryScoreVenueAdj xG, all sit."
401687626,2024-10-12,MTL,OTT,3.014,2.511,"moneypuck flurryScoreVenueAdj xG, all sit."
401687627,2024-10-12,DET,NSH,3.698,3.73,"moneypuck flurryScoreVenueAdj xG, all sit."
401687629,2024-10-12,NYR,UTA,3.362,3.338,"moneypuck flurryScoreVenueAdj xG, all sit."
401687630,2024-10-12,WSH,NJD,2.058,2.874,"moneypuck flurryScoreVenueAdj xG, all sit."
401687631,2024-10-12,DAL,NYI,2.418,3.027,"moneypuck flurryScoreVenueAdj xG, all sit."
401687632,2024-10-12,MIN,SEA,2.681,2.856,"moneypuck flurryScoreVenueAdj xG, all sit."
401687633,2024-10-12,COL,CBJ,3.562,2.614,"moneypuck flurryScoreVenueAdj xG, all sit."
401687634,2024-10-12,CGY,PHI,3.884,2.872,"moneypuck flurryScoreVenueAdj xG, all sit."
401687635,2024-10-12,EDM,CHI,3.605,2.633,"moneypuck flurryScoreVenueAdj xG, all sit."
401687636,2024-10-12,SJS,ANA,3.294,3.519,"moneypuck flurryScoreVenueAdj xG, all sit."
401687637,2024-10-13,WPG,MIN,2.282,1.899,"moneypuck flurryScoreVenueAdj xG, all sit."
401687638,2024-10-13,DAL,SEA,2.753,2.186,"moneypuck flurryScoreVenueAdj xG, all sit."
401687639,2024-10-13,EDM,CGY,2.375,5.055,"moneypuck flurryScoreVenueAdj xG, all sit."
401687640,2024-10-13,VGK,ANA,4.191,3.008,"moneypuck flurryScoreVenueAdj xG, all sit."
401687641,2024-10-14,BOS,FLA,1.511,3.038,"moneypuck flurryScoreVenueAdj xG, all sit."
401687642,2024-10-14,OTT,LAK,3.634,3.431,"moneypuck flurryScoreVenueAdj xG, all sit."
401687643,2024-10-14,NJD,UTA,4.067,2.039,"moneypuck flurryScoreVenueAdj xG, all sit."
401687644,2024-10-14,NYR,DET,3.973,2.572,"moneypuck flurryScoreVenueAdj xG, all sit."
401687645,2024-10-14,MTL,PIT,3.026,5.321,"moneypuck flurryScoreVenueAdj xG, all sit."
401687646,2024-10-14,COL,NYI,2.869,3.405,"moneypuck flurryScoreVenueAdj xG, all sit."
401687647,2024-10-15,TBL,VAN,4.159,4.148,"moneypuck flurryScoreVenueAdj xG, all sit."
401687648,2024-10-15,WSH,VGK,4.765,2.562,"moneypuck flurryScoreVenueAdj xG, all sit."
401687649,2024-10-15,CAR,NJD,3.962,3.284,"moneypuck flurryScoreVenueAdj xG, all sit."
401687650,2024-10-15,CBJ,FLA,3.214,1.21,"moneypuck flurryScoreVenueAdj xG, all sit."
401687651,2024-10-15,STL,MIN,2.79,3.672,"moneypuck flurryScoreVenueAdj xG, all sit."
401687652,2024-10-15,NSH,SEA,2.642,2.61,"moneypuck flurryScoreVenueAdj xG, all sit."
401687653,2024-10-15,DAL,SJS,3.914,2.681,"moneypuck flurryScoreVenueAdj xG, all sit."
401687654,2024-10-15,CGY,CHI,3.029,2.247,"moneypuck flurryScoreVenueAdj xG, all sit."
401687655,2024-10-15,EDM,PHI,2.646,2.956,"moneypuck flurryScoreVenueAdj xG, all sit."
401687656,2024-10-16,PIT,BUF,4.833,2.841,"moneypuck flurryScoreVenueAdj xG, all sit."
401687657,2024-10-16,TOR,LAK,1.896,2.996,"moneypuck flurryScoreVenueAdj xG, all sit."
401687658,2024-10-16,COL,BOS,2.445,3.17,"moneypuck flurryScoreVenueAdj xG, all sit."
401687659,2024-10-16,ANA,UTA,3.317,2.981,"moneypuck flurryScoreVenueAdj xG, all sit."
401687660,2024-10-17,MTL,LAK,2.182,3.316,"moneypuck flurryScoreVenueAdj xG, all sit."
401687661,2024-10-17,OTT,NJD,2.252,2.751,"moneypuck flurryScoreVenueAdj xG, all sit."
401687662,2024-10-17,DET,NYR,3.607,4.391,"moneypuck flurryScoreVenueAdj xG, all sit."
401687663,2024-10-17,TBL,VGK,3.082,1.982,"moneypuck flurryScoreVenueAdj xG, all sit."
401687664,2024-10-17,FLA,VAN,2.352,2.707,"moneypuck flurryScoreVenueAdj xG, all sit."
401687665,2024-10-17,WSH,DAL,3.384,2.262,"moneypuck flurryScoreVenueAdj xG, all sit."
401687666,2024-10-17,CBJ,BUF,2.006,2.538,"moneypuck flurryScoreVenueAdj xG, all sit."
401687667,2024-10-17,STL,NYI,2.428,2.478,"moneypuck flurryScoreVenueAdj xG, all sit."
401687668,2024-10-17,NSH,EDM,1.974,3.935,"moneypuck flurryScoreVenueAdj xG, all sit."
401687669,2024-10-17,CHI,SJS,4.161,2.209,"moneypuck flurryScoreVenueAdj xG, all sit."
401687670,2024-10-17,SEA,PHI,2.804,2.624,"moneypuck flurryScoreVenueAdj xG, all sit."
401687671,2024-10-18,PIT,CAR,3.149,6.274,"moneypuck flurryScoreVenueAdj xG, all sit."
401687672,2024-10-18,WPG,SJS,3.233,2.105,"moneypuck flurryScoreVenueAdj xG, all sit."
401687673,2024-10-18,COL,ANA,5.275,2.618,"moneypuck flurryScoreVenueAdj xG, all sit."
401687674,2024-10-19,OTT,TBL,2.139,3.046,"moneypuck flurryScoreVenueAdj xG, all sit."
401687675,2024-10-19,NSH,DET,3.717,4.185,"moneypuck flurryScoreVenueAdj xG, all sit."
401687676,2024-10-19,DAL,EDM,3.175,2.977,"moneypuck flurryScoreVenueAdj xG, all sit."
401687677,2024-10-19,FLA,VGK,3.653,2.714,"moneypuck flurryScoreVenueAdj xG, all sit."
401687678,2024-10-19,TOR,NYR,3.58,4.871,"moneypuck flurryScoreVenueAdj xG, all sit."
401687679,2024-10-19,NJD,WSH,2.991,2.846,"moneypuck flurryScoreVenueAdj xG, all sit."
401687680,2024-10-19,NYI,MTL,3.222,3.446,"moneypuck flurryScoreVenueAdj xG, all sit."
401687681,2024-10-19,PHI,VAN,2.739,1.78,"moneypuck flurryScoreVenueAdj xG, all sit."
401687682,2024-10-19,CBJ,MIN,1.969,3.17,"moneypuck flurryScoreVenueAdj xG, all sit."
401687683,2024-10-19,STL,CAR,1.747,2.831,"moneypuck flurryScoreVenueAdj xG, all sit."
401687684,2024-10-19,CHI,BUF,2.597,2.968,"moneypuck flurryScoreVenueAdj xG, all sit."
401687685,2024-10-19,UTA,BOS,2.776,1.703,"moneypuck flurryScoreVenueAdj xG, all sit."
401687686,2024-10-19,SEA,CGY,2.446,3.074,"moneypuck flurryScoreVenueAdj xG, all sit."
401687687,2024-10-20,WPG,PIT,4.76,4.471,"moneypuck flurryScoreVenueAdj xG, all sit."
401687688,2024-10-20,SJS,COL,2.509,3.184,"moneypuck flurryScoreVenueAdj xG, all sit."
401687689,2024-10-20,ANA,LAK,1.586,3.831,"moneypuck flurryScoreVenueAdj xG, all sit."
401687690,2024-10-21,TOR,TBL,3.812,3.278,"moneypuck flurryScoreVenueAdj xG, all sit."
401687691,2024-10-22,PHI,WSH,1.606,1.919,"moneypuck flurryScoreVenueAdj xG, all sit."
401687692,2024-10-22,FLA,MIN,1.805,2.653,"moneypuck flurryScoreVenueAdj xG, all sit."
401687693,2024-10-22,NJD,TBL,3.247,4.426,"moneypuck flurryScoreVenueAdj xG, all sit."
401687694,2024-10-22,BUF,DAL,5.117,2.862,"moneypuck flurryScoreVenueAdj xG, all sit."
401687695,2024-10-22,MTL,NYR,1.94,6.985,"moneypuck flurryScoreVenueAdj xG, all sit."
401687696,2024-10-22,CBJ,TOR,3.191,2.613,"moneypuck flurryScoreVenueAdj xG, all sit."
401687697,2024-10-22,NYI,DET,2.46,0.899,"moneypuck flurryScoreVenueAdj xG, all sit."
401687698,2024-10-22,STL,WPG,3.147,2.635,"moneypuck flurryScoreVenueAdj xG, all sit."
401687699,2024-10-22,CHI,VAN,2.713,3.651,"moneypuck flurryScoreVenueAdj xG, all sit."
401687700,2024-10-22,NSH,BOS,4.571,1.926,"moneypuck flurryScoreVenueAdj xG, all sit."
401687701,2024-10-22,CGY,PIT,2.74,3.383,"moneypuck flurryScoreVenueAdj xG, all sit."
401687702,2024-10-22,EDM,CAR,4.141,4.411,"moneypuck flurryScoreVenueAdj xG, all sit."
401687703,2024-10-22,UTA,OTT,3.754,3.055,"moneypuck flurryScoreVenueAdj xG, all sit."
401687704,2024-10-22,ANA,SJS,4.629,2.626,"moneypuck flurryScoreVenueAdj xG, all sit."
401687705,2024-10-22,SEA,COL,3.032,3.413,"moneypuck flurryScoreVenueAdj xG, all sit."
401687706,2024-10-22,VGK,LAK,3.322,3.971,"moneypuck flurryScoreVenueAdj xG, all sit."
401687707,2024-10-23,WSH,PHI,3.554,3.462,"moneypuck flurryScoreVenueAdj xG, all sit."
401687708,2024-10-24,BOS,DAL,3.237,4.08,"moneypuck flurryScoreVenueAdj xG, all sit."
401687709,2024-10-24,TOR,STL,3.549,2.724,"moneypuck flurryScoreVenueAdj xG, all sit."
401687710,2024-10-24,DET,NJD,2.462,4.655,"moneypuck flurryScoreVenueAdj xG, all sit."
401687711,2024-10-24,TBL,MIN,1.341,3.073,"moneypuck flurryScoreVenueAdj xG, all sit."
401687712,2024-10-24,NYR,FLA,3.099,3.106,"moneypuck flurryScoreVenueAdj xG, all sit."
401687713,2024-10-24,CGY,CAR,2.863,5.963,"moneypuck flurryScoreVenueAdj xG, all sit."
401687714,2024-10-24,UTA,COL,2.011,2.6,"moneypuck flurryScoreVenueAdj xG, all sit."
401687715,2024-10-24,SEA,WPG,2.148,1.907,"moneypuck flurryScoreVenueAdj xG, all sit."
401687716,2024-10-24,LAK,SJS,3.867,3.185,"moneypuck flurryScoreVenueAdj xG, all sit."
401687717,2024-10-25,VGK,OTT,2.402,2.785,"moneypuck flurryScoreVenueAdj xG, all sit."
401687718,2024-10-25,NJD,NYI,3.798,3.121,"moneypuck flurryScoreVenueAdj xG, all sit."
401687719,2024-10-25,CHI,NSH,3.509,2.681,"moneypuck flurryScoreVenueAdj xG, all sit."
401687720,2024-10-25,EDM,PIT,5.355,2.151,"moneypuck flurryScoreVenueAdj xG, all sit."
401687721,2024-10-26,BUF,DET,3.147,1.911,"moneypuck flurryScoreVenueAdj xG, all sit."
401687722,2024-10-26,PHI,MIN,3.664,3.137,"moneypuck flurryScoreVenueAdj xG, all sit."
401687723,2024-10-26,LAK,UTA,1.673,2.016,"moneypuck flurryScoreVenueAdj xG, all sit."
401687724,2024-10-26,BOS,TOR,3.2,3.18,"moneypuck flurryScoreVenueAdj xG, all sit."
401687725,2024-10-26,MTL,STL,2.648,2.973,"moneypuck flurryScoreVenueAdj xG, all sit."
401687726,2024-10-26,TBL,WSH,1.868,2.777,"moneypuck flurryScoreVenueAdj xG, all sit."
401687727,2024-10-26,NYR,ANA,3.271,1.68,"moneypuck flurryScoreVenueAdj xG, all sit."
401687728,2024-10-26,CGY,WPG,2.196,3.786,"moneypuck flurryScoreVenueAdj xG, all sit."
401687729,2024-10-26,NYI,FLA,2.86,3.734,"moneypuck flurryScoreVenueAdj xG, all sit."
401687730,2024-10-26,NSH,CBJ,3.349,2.186,"moneypuck flurryScoreVenueAdj xG, all sit."
401687731,2024-10-26,DAL,CHI,4.615,2.733,"moneypuck flurryScoreVenueAdj xG, all sit."
401687732,2024-10-26,VAN,PIT,3.568,1.468,"moneypuck flurryScoreVenueAdj xG, all sit."
401687733,2024-10-26,VGK,SJS,3.291,2.615,"moneypuck flurryScoreVenueAdj xG, all sit."
401687734,2024-10-26,SEA,CAR,1.926,4.618,"moneypuck flurryScoreVenueAdj xG, all sit."
401687735,2024-10-27,DET,EDM,3.057,2.31,"moneypuck flurryScoreVenueAdj xG, all sit."
401687736,2024-10-27,NJD,ANA,3.461,1.422,"moneypuck flurryScoreVenueAdj xG, all sit."
401687737,2024-10-27,PHI,MTL,2.495,2.743,"moneypuck flurryScoreVenueAdj xG, all sit."
401687738,2024-10-27,COL,OTT,4.246,2.98,"moneypuck flurryScoreVenueAdj xG, all sit."
401687739,2024-10-28,BUF,FLA,1.745,3.897,"moneypuck flurryScoreVenueAdj xG, all sit."
401687740,2024-10-28,TBL,NSH,3.537,2.568,"moneypuck flurryScoreVenueAdj xG, all sit."
401687741,2024-10-28,CBJ,EDM,2.48,2.214,"moneypuck flurryScoreVenueAdj xG, all sit."
401687742,2024-10-28,WPG,TOR,1.616,3.873,"moneypuck flurryScoreVenueAdj xG, all sit."
401687743,2024-10-28,COL,CHI,2.272,3.582,"moneypuck flurryScoreVenueAdj xG, all sit."
401687744,2024-10-28,UTA,SJS,2.215,3.509,"moneypuck flurryScoreVenueAdj xG, all sit."
401687745,2024-10-28,VAN,CAR,2.227,2.821,"moneypuck flurryScoreVenueAdj xG, all sit."
401687746,2024-10-28,VGK,CGY,2.806,1.14,"moneypuck flurryScoreVenueAdj xG, all sit."
401687747,2024-10-29,BOS,PHI,3.192,2.342,"moneypuck flurryScoreVenueAdj xG, all sit."
401687748,2024-10-29,MTL,SEA,4.193,4.843,"moneypuck flurryScoreVenueAdj xG, all sit."
401687749,2024-10-29,OTT,STL,2.959,1.547,"moneypuck flurryScoreVenueAdj xG, all sit."
401687750,2024-10-29,WSH,NYR,8.118,2.624,"moneypuck flurryScoreVenueAdj xG, all sit."
401687751,2024-10-29,NYI,ANA,3.58,3.502,"moneypuck flurryScoreVenueAdj xG, all sit."
401687752,2024-10-29,PIT,MIN,2.059,3.339,"moneypuck flurryScoreVenueAdj xG, all sit."
401687753,2024-10-29,SJS,LAK,3.439,2.736,"moneypuck flurryScoreVenueAdj xG, all sit."
401687754,2024-10-30,CBJ,NYI,2.691,2.944,"moneypuck flurryScoreVenueAdj xG, all sit."
401687755,2024-10-30,DET,WPG,1.504,3.126,"moneypuck flurryScoreVenueAdj xG, all sit."
401687756,2024-10-30,COL,TBL,3.841,2.808,"moneypuck flurryScoreVenueAdj xG, all sit."
401687757,2024-10-30,UTA,CGY,3.282,1.741,"moneypuck flurryScoreVenueAdj xG, all sit."
401687758,2024-10-30,VAN,NJD,1.828,3.587,"moneypuck flurryScoreVenueAdj xG, all sit."
401687759,2024-10-30,LAK,VGK,2.291,2.735,"moneypuck flurryScoreVenueAdj xG, all sit."
401687760,2024-10-31,TOR,SEA,3.895,1.36,"moneypuck flurryScoreVenueAdj xG, all sit."
401687761,2024-10-31,PHI,STL,1.735,1.934,"moneypuck flurryScoreVenueAdj xG, all sit."
401687762,2024-10-31,PIT,ANA,4.282,2.102,"moneypuck flurryScoreVenueAdj xG, all sit."
401687763,2024-10-31,WSH,MTL,4.907,1.37,"moneypuck flurryScoreVenueAdj xG, all sit."
401687764,2024-10-31,CAR,BOS,3.545,2.365,"moneypuck flurryScoreVenueAdj xG, all sit."
401687765,2024-10-31,NSH,EDM,1.973,2.352,"moneypuck flurryScoreVenueAdj xG, all sit."
401687766,2024-10-31,SJS,CHI,2.193,2.537,"moneypuck flurryScoreVenueAdj xG, all sit."
401687767,2024-11-01,BUF,NYI,3.32,3.571,"moneypuck flurryScoreVenueAdj xG, all sit."
401687768,2024-11-01,NYR,OTT,1.879,2.624,"moneypuck flurryScoreVenueAdj xG, all sit."
401687769,2024-11-01,CBJ,WPG,1.202,4.794,"moneypuck flurryScoreVenueAdj xG, all sit."
401687770,2024-11-01,MIN,TBL,3.468,2.791,"moneypuck flurryScoreVenueAdj xG, all sit."
401687771,2024-11-01,DAL,FLA,3.643,2.116,"moneypuck flurryScoreVenueAdj xG, all sit."
401687772,2024-11-01,CGY,NJD,2.113,1.724,"moneypuck flurryScoreVenueAdj xG, all sit."
401687773,2024-11-02,PHI,BOS,1.46,3.629,"moneypuck flurryScoreVenueAdj xG, all sit."
401687774,2024-11-02,LAK,CHI,3.094,1.906,"moneypuck flurryScoreVenueAdj xG, all sit."
401687775,2024-11-02,WSH,CBJ,2.882,3.164,"moneypuck flurryScoreVenueAdj xG, all sit."
401687776,2024-11-02,FLA,DAL,2.581,2.378,"moneypuck flurryScoreVenueAdj xG, all sit."
401687777,2024-11-02,OTT,SEA,3.129,1.458,"moneypuck flurryScoreVenueAdj xG, all sit."
401687778,2024-11-02,DET,BUF,2.122,2.941,"moneypuck flurryScoreVenueAdj xG, all sit."
401687779,2024-11-02,PIT,MTL,2.53,1.812,"moneypuck flurryScoreVenueAdj xG, all sit."
401687780,2024-11-02,STL,TOR,2.429,2.841,"moneypuck flurryScoreVenueAdj xG, all sit."
401687781,2024-11-02,NSH,COL,4.115,3.11,"moneypuck flurryScoreVenueAdj xG, all sit."
401687782,2024-11-02,VGK,UTA,3.508,3.056,"moneypuck flurryScoreVenueAdj xG, all sit."
401687783,2024-11-02,SJS,VAN,1.894,2.352,"moneypuck flurryScoreVenueAdj xG, all sit."
401687784,2024-11-03,NYR,NYI,3.757,3.18,"moneypuck flurryScoreVenueAdj xG, all sit."
401687785,2024-11-03,WPG,TBL,3.686,2.656,"moneypuck flurryScoreVenueAdj xG, all sit."
401687786,2024-11-03,BOS,SEA,5.793,2.065,"moneypuck flurryScoreVenueAdj xG, all sit."
401687787,2024-11-03,CAR,WSH,4.38,3.341,"moneypuck flurryScoreVenueAdj xG, all sit."
401687788,2024-11-03,MIN,TOR,2.984,1.985,"moneypuck flurryScoreVenueAdj xG, all sit."
401687789,2024-11-03,CGY,EDM,2.654,3.602,"moneypuck flurryScoreVenueAdj xG, all sit."
401687790,2024-11-03,ANA,CHI,4.431,3.467,"moneypuck flurryScoreVenueAdj xG, all sit."
401687791,2024-11-04,NSH,LAK,1.341,3.163,"moneypuck flurryScoreVenueAdj xG, all sit."
401687792,2024-11-04,EDM,NJD,3.027,2.925,"moneypuck flurryScoreVenueAdj xG, all sit."
401687793,2024-11-05,BUF,OTT,3.419,3.202,"moneypuck flurryScoreVenueAdj xG, all sit."
401687794,2024-11-05,TOR,BOS,3.129,1.974,"moneypuck flurryScoreVenueAdj xG, all sit."
401687795,2024-11-05,MTL,CGY,3.547,3.207,"moneypuck flurryScoreVenueAdj xG, all sit."
401687796,2024-11-05,CAR,PHI,4.938,2.514,"moneypuck flurryScoreVenueAdj xG, all sit."
401687797,2024-11-05,NYI,PIT,2.174,3.328,"moneypuck flurryScoreVenueAdj xG, all sit."
401687798,2024-11-05,STL,TBL,1.678,2.184,"moneypuck flurryScoreVenueAdj xG, all sit."
401687799,2024-11-05,MIN,LAK,1.188,4.087,"moneypuck flurryScoreVenueAdj xG, all sit."
401687800,2024-11-05,WPG,UTA,2.52,1.03,"moneypuck flurryScoreVenueAdj xG, all sit."
401687801,2024-11-05,COL,SEA,3.918,2.392,"moneypuck flurryScoreVenueAdj xG, all sit."
401687802,2024-11-05,ANA,VAN,1.497,3.821,"moneypuck flurryScoreVenueAdj xG, all sit."
401687803,2024-11-05,SJS,CBJ,2.265,4.808,"moneypuck flurryScoreVenueAdj xG, all sit."
401687804,2024-11-06,WSH,NSH,5.206,3.478,"moneypuck flurryScoreVenueAdj xG, all sit."
401687805,2024-11-06,CHI,DET,1.639,3.771,"moneypuck flurryScoreVenueAdj xG, all sit."
401687806,2024-11-06,EDM,VGK,2.096,3.44,"moneypuck flurryScoreVenueAdj xG, all sit."
401687807,2024-11-07,BOS,CGY,3.922,2.739,"moneypuck flurryScoreVenueAdj xG, all sit."
401687808,2024-11-07,OTT,NYI,2.435,2.349,"moneypuck flurryScoreVenueAdj xG, all sit."
401687809,2024-11-07,TBL,PHI,2.721,2.299,"moneypuck flurryScoreVenueAdj xG, all sit."
401687810,2024-11-07,FLA,NSH,2.969,2.796,"moneypuck flurryScoreVenueAdj xG, all sit."
401687811,2024-11-07,NJD,MTL,4.666,2.099,"moneypuck flurryScoreVenueAdj xG, all sit."
401687812,2024-11-07,NYR,BUF,3.66,1.795,"moneypuck flurryScoreVenueAdj xG, all sit."
401687813,2024-11-07,CAR,PIT,2.045,3.059,"moneypuck flurryScoreVenueAdj xG, all sit."
401687814,2024-11-07,STL,UTA,1.384,2.958,"moneypuck flurryScoreVenueAdj xG, all sit."
401687815,2024-11-07,DAL,CHI,3.643,2.989,"moneypuck flurryScoreVenueAdj xG, all sit."
401687816,2024-11-07,WPG,COL,2.869,3.42,"moneypuck flurryScoreVenueAdj xG, all sit."
401687817,2024-11-07,LAK,VAN,2.482,2.964,"moneypuck flurryScoreVenueAdj xG, all sit."
401687818,2024-11-07,SJS,MIN,2.211,3.587,"moneypuck flurryScoreVenueAdj xG, all sit."
401687819,2024-11-08,TOR,DET,2.532,1.996,"moneypuck flurryScoreVenueAdj xG, all sit."
401687820,2024-11-08,WSH,PIT,3.763,4.278,"moneypuck flurryScoreVenueAdj xG, all sit."
401687821,2024-11-08,ANA,MIN,4.344,3.672,"moneypuck flurryScoreVenueAdj xG, all sit."
401687822,2024-11-08,SEA,VGK,2.635,2.429,"moneypuck flurryScoreVenueAdj xG, all sit."
401687823,2024-11-09,BUF,CGY,2.134,1.616,"moneypuck flurryScoreVenueAdj xG, all sit."
401687824,2024-11-09,FLA,PHI,2.947,3.381,"moneypuck flurryScoreVenueAdj xG, all sit."
401687825,2024-11-09,BOS,OTT,1.51,2.502,"moneypuck flurryScoreVenueAdj xG, all sit."
401687826,2024-11-09,TOR,MTL,2.358,2.224,"moneypuck flurryScoreVenueAdj xG, all sit."
401687827,2024-11-09,DET,NYR,3.27,2.78,"moneypuck flurryScoreVenueAdj xG, all sit."
401687828,2024-11-09,STL,WSH,2.444,4.069,"moneypuck flurryScoreVenueAdj xG, all sit."
401687829,2024-11-09,WPG,DAL,3.992,2.238,"moneypuck flurryScoreVenueAdj xG, all sit."
401687830,2024-11-09,NYI,NJD,2.692,3.832,"moneypuck flurryScoreVenueAdj xG, all sit."
401687831,2024-11-09,NSH,UTA,2.795,1.763,"moneypuck flurryScoreVenueAdj xG, all sit."
401687832,2024-11-09,COL,CAR,3.684,3.156,"moneypuck flurryScoreVenueAdj xG, all sit."
401687833,2024-11-09,LAK,CBJ,2.576,3.278,"moneypuck flurryScoreVenueAdj xG, all sit."
401687834,2024-11-09,VAN,EDM,1.321,3.353,"moneypuck flurryScoreVenueAdj xG, all sit."
401687835,2024-11-10,NJD,SJS,3.252,1.792,"moneypuck flurryScoreVenueAdj xG, all sit."
401687836,2024-11-10,CHI,MIN,1.398,1.693,"moneypuck flurryScoreVenueAdj xG, all sit."
401687837,2024-11-10,ANA,CBJ,3.93,3.896,"moneypuck flurryScoreVenueAdj xG, all sit."
401687838,2024-11-11,BUF,MTL,1.566,3.529,"moneypuck flurryScoreVenueAdj xG, all sit."
401687839,2024-11-11,PHI,SJS,4.083,2.241,"moneypuck flurryScoreVenueAdj xG, all sit."
401687840,2024-11-11,PIT,DAL,1.847,3.875,"moneypuck flurryScoreVenueAdj xG, all sit."
401687841,2024-11-11,CGY,LAK,2.88,2.68,"moneypuck flurryScoreVenueAdj xG, all sit."
401687842,2024-11-11,COL,NSH,2.574,3.558,"moneypuck flurryScoreVenueAdj xG, all sit."
401687843,2024-11-11,VGK,CAR,2.04,3.615,"moneypuck flurryScoreVenueAdj xG, all sit."
401687844,2024-11-12,TOR,OTT,2.845,2.923,"moneypuck flurryScoreVenueAdj xG, all sit."
401687845,2024-11-12,FLA,NJD,2.917,4.07,"moneypuck flurryScoreVenueAdj xG, all sit."
401687846,2024-11-12,NYR,WPG,3.516,3.828,"moneypuck flurryScoreVenueAdj xG, all sit."
401687847,2024-11-12,STL,BOS,2.217,3.069,"moneypuck flurryScoreVenueAdj xG, all sit."
401687848,2024-11-12,EDM,NYI,3.942,1.369,"moneypuck flurryScoreVenueAdj xG, all sit."
401687849,2024-11-12,VAN,CGY,2.804,2.26,"moneypuck flurryScoreVenueAdj xG, all sit."
401687850,2024-11-12,SEA,CBJ,3.195,4.509,"moneypuck flurryScoreVenueAdj xG, all sit."
401687851,2024-11-13,PIT,DET,3.44,2.314,"moneypuck flurryScoreVenueAdj xG, all sit."
401687852,2024-11-13,WSH,TOR,3.11,3.967,"moneypuck flurryScoreVenueAdj xG, all sit."
401687853,2024-11-13,UTA,CAR,2.305,5.183,"moneypuck flurryScoreVenueAdj xG, all sit."
401687854,2024-11-13,COL,LAK,2.851,1.498,"moneypuck flurryScoreVenueAdj xG, all sit."
401687855,2024-11-13,ANA,VGK,3.054,3.966,"moneypuck flurryScoreVenueAdj xG, all sit."
401687856,2024-11-14,BUF,STL,2.349,1.903,"moneypuck flurryScoreVenueAdj xG, all sit."
401687857,2024-11-14,OTT,PHI,3.264,1.393,"moneypuck flurryScoreVenueAdj xG, all sit."
401687858,2024-11-14,TBL,WPG,3.683,2.026,"moneypuck flurryScoreVenueAdj xG, all sit."
401687859,2024-11-14,FLA,NJD,2.721,4.748,"moneypuck flurryScoreVenueAdj xG, all sit."
401687860,2024-11-14,NYR,SJS,3.213,3.003,"moneypuck flurryScoreVenueAdj xG, all sit."
401687861,2024-11-14,DAL,BOS,2.692,2.567,"moneypuck flurryScoreVenueAdj xG, all sit."
401687862,2024-11-14,MIN,MTL,2.718,1.134,"moneypuck flurryScoreVenueAdj xG, all sit."
401687863,2024-11-14,EDM,NSH,2.862,1.43,"moneypuck flurryScoreVenueAdj xG, all sit."
401687864,2024-11-14,VAN,NYI,1.764,4.114,"moneypuck flurryScoreVenueAdj xG, all sit."
401687865,2024-11-14,SEA,CHI,3.726,1.006,"moneypuck flurryScoreVenueAdj xG, all sit."
401687866,2024-11-15,CBJ,PIT,3.054,3.684,"moneypuck flurryScoreVenueAdj xG, all sit."
401687867,2024-11-15,COL,WSH,1.387,2.188,"moneypuck flurryScoreVenueAdj xG, all sit."
401687868,2024-11-15,CGY,NSH,3.56,3.355,"moneypuck flurryScoreVenueAdj xG, all sit."
401687869,2024-11-15,UTA,VGK,3.226,4.146,"moneypuck flurryScoreVenueAdj xG, all sit."
401687870,2024-11-15,ANA,DET,3.368,3.679,"moneypuck flurryScoreVenueAdj xG, all sit."
401687871,2024-11-16,BOS,STL,2.039,3.305,"moneypuck flurryScoreVenueAdj xG, all sit."
401687872,2024-11-16,SEA,NYI,2.416,3.106,"moneypuck flurryScoreVenueAdj xG, all sit."
401687873,2024-11-16,TOR,EDM,2.199,2.659,"moneypuck flurryScoreVenueAdj xG, all sit."
401687874,2024-11-16,MTL,CBJ,2.276,2.093,"moneypuck flurryScoreVenueAdj xG, all sit."
401687875,2024-11-16,TBL,NJD,3.395,1.322,"moneypuck flurryScoreVenueAdj xG, all sit."
401687876,2024-11-16,FLA,WPG,3.094,1.001,"moneypuck flurryScoreVenueAdj xG, all sit."
401687877,2024-11-16,PHI,BUF,4.251,2.705,"moneypuck flurryScoreVenueAdj xG, all sit."
401687878,2024-11-16,PIT,SJS,3.633,2.096,"moneypuck flurryScoreVenueAdj xG, all sit."
401687879,2024-11-16,CAR,OTT,4.238,2.028,"moneypuck flurryScoreVenueAdj xG, all sit."
401687880,2024-11-16,MIN,DAL,1.904,2.554,"moneypuck flurryScoreVenueAdj xG, all sit."
401687881,2024-11-16,LAK,DET,5.058,1.21,"moneypuck flurryScoreVenueAdj xG, all sit."
401687882,2024-11-16,VAN,CHI,3.415,2.476,"moneypuck flurryScoreVenueAdj xG, all sit."
401687883,2024-11-17,CAR,STL,3.251,3.012,"moneypuck flurryScoreVenueAdj xG, all sit."
401687884,2024-11-17,VAN,NSH,1.931,3.309,"moneypuck flurryScoreVenueAdj xG, all sit."
401687885,2024-11-17,VGK,WSH,3.168,3.672,"moneypuck flurryScoreVenueAdj xG, all sit."
401687886,2024-11-17,SEA,NYR,2.044,2.997,"moneypuck flurryScoreVenueAdj xG, all sit."
401687887,2024-11-18,BOS,CBJ,2.755,2.491,"moneypuck flurryScoreVenueAdj xG, all sit."
401687888,2024-11-18,PHI,COL,2.02,2.926,"moneypuck flurryScoreVenueAdj xG, all sit."
401687889,2024-11-18,MTL,EDM,4.407,2.315,"moneypuck flurryScoreVenueAdj xG, all sit."
401687890,2024-11-18,DAL,ANA,3.99,2.894,"moneypuck flurryScoreVenueAdj xG, all sit."
401687891,2024-11-18,UTA,WSH,3.927,2.257,"moneypuck flurryScoreVenueAdj xG, all sit."
401687892,2024-11-18,SJS,DET,2.812,2.899,"moneypuck flurryScoreVenueAdj xG, all sit."
401687893,2024-11-19,OTT,EDM,2.114,2.832,"moneypuck flurryScoreVenueAdj xG, all sit."
401687894,2024-11-19,PIT,TBL,1.529,2.857,"moneypuck flurryScoreVenueAdj xG, all sit."
401687895,2024-11-19,STL,MIN,1.916,2.596,"moneypuck flurryScoreVenueAdj xG, all sit."
401687896,2024-11-19,WPG,FLA,4.251,3.126,"moneypuck flurryScoreVenueAdj xG, all sit."
401687897,2024-11-19,CHI,ANA,1.483,1.87,"moneypuck flurryScoreVenueAdj xG, all sit."
401687898,2024-11-19,CGY,NYI,2.934,1.766,"moneypuck flurryScoreVenueAdj xG, all sit."
401687899,2024-11-19,VAN,NYR,1.504,1.68,"moneypuck flurryScoreVenueAdj xG, all sit."
401687900,2024-11-20,TOR,VGK,3.239,3.056,"moneypuck flurryScoreVenueAdj xG, all sit."
401687901,2024-11-20,PHI,CAR,1.685,4.438,"moneypuck flurryScoreVenueAdj xG, all sit."
401687902,2024-11-20,DAL,SJS,4.268,2.073,"moneypuck flurryScoreVenueAdj xG, all sit."
401687903,2024-11-20,SEA,NSH,3.344,2.846,"moneypuck flurryScoreVenueAdj xG, all sit."
401687904,2024-11-20,LAK,BUF,3.538,2.573,"moneypuck flurryScoreVenueAdj xG, all sit."
401687905,2024-11-21,BOS,UTA,3.561,2.267,"moneypuck flurryScoreVenueAdj xG, all sit."
401687906,2024-11-21,OTT,VGK,2.581,4.515,"moneypuck flurryScoreVenueAdj xG, all sit."
401687907,2024-11-21,DET,NYI,2.215,2.066,"moneypuck flurryScoreVenueAdj xG, all sit."
401687908,2024-11-21,NJD,CAR,3.093,2.342,"moneypuck flurryScoreVenueAdj xG, all sit."
401687909,2024-11-21,WSH,COL,3.409,4.358,"moneypuck flurryScoreVenueAdj xG, all sit."
401687910,2024-11-21,CBJ,TBL,3.615,3.552,"moneypuck flurryScoreVenueAdj xG, all sit."
401687911,2024-11-21,STL,SJS,2.687,2.39,"moneypuck flurryScoreVenueAdj xG, all sit."
401687912,2024-11-21,CHI,FLA,2.075,2.451,"moneypuck flurryScoreVenueAdj xG, all sit."
401687913,2024-11-21,CGY,NYR,5.048,2.326,"moneypuck flurryScoreVenueAdj xG, all sit."
401687914,2024-11-21,EDM,MIN,2.187,3.658,"moneypuck flurryScoreVenueAdj xG, all sit."
401687915,2024-11-22,PIT,WPG,2.121,4.85,"moneypuck flurryScoreVenueAdj xG, all sit."
401687916,2024-11-22,ANA,BUF,3.309,3.803,"moneypuck flurryScoreVenueAdj xG, all sit."
401687917,2024-11-23,PHI,CHI,3.285,2.045,"moneypuck flurryScoreVenueAdj xG, all sit."
401687918,2024-11-23,CGY,MIN,2.674,3.116,"moneypuck flurryScoreVenueAdj xG, all sit."
401687919,2024-11-23,LAK,SEA,2.153,2.116,"moneypuck flurryScoreVenueAdj xG, all sit."
401687920,2024-11-23,FLA,COL,2.685,3.082,"moneypuck flurryScoreVenueAdj xG, all sit."
401687921,2024-11-23,MTL,VGK,2.157,2.174,"moneypuck flurryScoreVenueAdj xG, all sit."
401687922,2024-11-23,OTT,VAN,3.06,2.075,"moneypuck flurryScoreVenueAdj xG, all sit."
401687923,2024-11-23,DET,BOS,1.733,2.498,"moneypuck flurryScoreVenueAdj xG, all sit."
401687924,2024-11-23,TBL,DAL,2.258,3.312,"moneypuck flurryScoreVenueAdj xG, all sit."
401687925,2024-11-23,PIT,UTA,2.204,4.56,"moneypuck flurryScoreVenueAdj xG, all sit."
401687926,2024-11-23,WSH,NJD,2.222,2.668,"moneypuck flurryScoreVenueAdj xG, all sit."
401687927,2024-11-23,CBJ,CAR,2.882,3.085,"moneypuck flurryScoreVenueAdj xG, all sit."
401687928,2024-11-23,NSH,WPG,3.442,2.182,"moneypuck flurryScoreVenueAdj xG, all sit."
401687929,2024-11-23,NYI,STL,3.727,2.163,"moneypuck flurryScoreVenueAdj xG, all sit."
401687930,2024-11-23,SJS,BUF,3.587,2.084,"moneypuck flurryScoreVenueAdj xG, all sit."
401687931,2024-11-23,EDM,NYR,2.802,2.567,"moneypuck flurryScoreVenueAdj xG, all sit."
401687932,2024-11-24,TOR,UTA,4.229,2.744,"moneypuck flurryScoreVenueAdj xG, all sit."
401687933,2024-11-25,TBL,COL,4.335,2.335,"moneypuck flurryScoreVenueAdj xG, all sit."
401687934,2024-11-25,FLA,WSH,2.35,4.505,"moneypuck flurryScoreVenueAdj xG, all sit."
401687935,2024-11-25,NJD,NSH,4.701,1.09,"moneypuck flurryScoreVenueAdj xG, all sit."
401687936,2024-11-25,NYR,STL,2.551,4.753,"moneypuck flurryScoreVenueAdj xG, all sit."
401687937,2024-11-25,PHI,VGK,4.293,3.047,"moneypuck flurryScoreVenueAdj xG, all sit."
401687938,2024-11-25,CAR,DAL,2.753,2.665,"moneypuck flurryScoreVenueAdj xG, all sit."
401687939,2024-11-25,OTT,CGY,2.962,2.937,"moneypuck flurryScoreVenueAdj xG, all sit."
401687940,2024-11-25,NYI,DET,2.627,2.783,"moneypuck flurryScoreVenueAdj xG, all sit."
401687941,2024-11-25,MIN,WPG,4.008,3.903,"moneypuck flurryScoreVenueAdj xG, all sit."
401687942,2024-11-25,ANA,SEA,1.824,2.506,"moneypuck flurryScoreVenueAdj xG, all sit."
401687943,2024-11-25,SJS,LAK,1.689,2.398,"moneypuck flurryScoreVenueAdj xG, all sit."
401687944,2024-11-26,BOS,VAN,3.062,1.414,"moneypuck flurryScoreVenueAdj xG, all sit."
401687945,2024-11-26,MTL,UTA,2.587,3.012,"moneypuck flurryScoreVenueAdj xG, all sit."
401687946,2024-11-27,BUF,MIN,2.702,2.06,"moneypuck flurryScoreVenueAdj xG, all sit."
401687947,2024-11-27,NJD,STL,3.075,1.695,"moneypuck flurryScoreVenueAdj xG, all sit."
401687948,2024-11-27,CAR,NYR,3.764,1.812,"moneypuck flurryScoreVenueAdj xG, all sit."
401687949,2024-11-27,DET,CGY,2.614,1.658,"moneypuck flurryScoreVenueAdj xG, all sit."
401687950,2024-11-27,TBL,WSH,2.001,3.401,"moneypuck flurryScoreVenueAdj xG, all sit."
401687951,2024-11-27,FLA,TOR,2.397,1.917,"moneypuck flurryScoreVenueAdj xG, all sit."
401687952,2024-11-27,NYI,BOS,2.28,2.508,"moneypuck flurryScoreVenueAdj xG, all sit."
401687953,2024-11-27,PIT,VAN,2.605,1.948,"moneypuck flurryScoreVenueAdj xG, all sit."
401687954,2024-11-27,CBJ,MTL,2.106,2.713,"moneypuck flurryScoreVenueAdj xG, all sit."
401687955,2024-11-27,NSH,PHI,2.859,2.648,"moneypuck flurryScoreVenueAdj xG, all sit."
401687956,2024-11-27,CHI,DAL,2.938,3.606,"moneypuck flurryScoreVenueAdj xG, all sit."
401687957,2024-11-27,COL,VGK,3.473,1.408,"moneypuck flurryScoreVenueAdj xG, all sit."
401687958,2024-11-27,LAK,WPG,4.175,1.905,"moneypuck flurryScoreVenueAdj xG, all sit."
401687959,2024-11-27,SEA,ANA,4.402,3.168,"moneypuck flurryScoreVenueAdj xG, all sit."
401687960,2024-11-27,SJS,OTT,4.014,2.559,"moneypuck flurryScoreVenueAdj xG, all sit."
401687961,2024-11-29,PHI,NYR,4.783,2.18,"moneypuck flurryScoreVenueAdj xG, all sit."
401687962,2024-11-29,MIN,CHI,2.207,2.212,"moneypuck flurryScoreVenueAdj xG, all sit."
401687963,2024-11-29,BUF,VAN,3.089,2.43,"moneypuck flurryScoreVenueAdj xG, all sit."
401687964,2024-11-29,DET,NJD,3.184,6.172,"moneypuck flurryScoreVenueAdj xG, all sit."
401687965,2024-11-29,WSH,NYI,2.677,1.539,"moneypuck flurryScoreVenueAdj xG, all sit."
401687966,2024-11-29,CAR,FLA,2.669,3.103,"moneypuck flurryScoreVenueAdj xG, all sit."
401687967,2024-11-29,CBJ,CGY,3.648,2.655,"moneypuck flurryScoreVenueAdj xG, all sit."
401687968,2024-11-29,NSH,TBL,2.262,2.756,"moneypuck flurryScoreVenueAdj xG, all sit."
401687969,2024-11-29,ANA,LAK,2.593,2.325,"moneypuck flurryScoreVenueAdj xG, all sit."
401687970,2024-11-29,SJS,SEA,1.886,3.676,"moneypuck flurryScoreVenueAdj xG, all sit."
401687971,2024-11-29,BOS,PIT,1.982,3.454,"moneypuck flurryScoreVenueAdj xG, all sit."
401687972,2024-11-29,DAL,COL,3.074,4.2,"moneypuck flurryScoreVenueAdj xG, all sit."
401687973,2024-11-29,VGK,WPG,3.317,2.078,"moneypuck flurryScoreVenueAdj xG, all sit."
401687974,2024-11-29,UTA,EDM,2.66,3.073,"moneypuck flurryScoreVenueAdj xG, all sit."
401687975,2024-11-30,NYR,MTL,2.573,2.629,"moneypuck flurryScoreVenueAdj xG, all sit."
401687976,2024-11-30,FLA,CAR,3.221,1.159,"moneypuck flurryScoreVenueAdj xG, all sit."
401687977,2024-11-30,TBL,TOR,3.975,2.823,"moneypuck flurryScoreVenueAdj xG, all sit."
401687978,2024-11-30,NJD,WSH,2.92,4.627,"moneypuck flurryScoreVenueAdj xG, all sit."
401687979,2024-11-30,PIT,CGY,3.915,3.593,"moneypuck flurryScoreVenueAdj xG, all sit."
401687980,2024-11-30,STL,PHI,3.086,4.029,"moneypuck flurryScoreVenueAdj xG, all sit."
401687981,2024-11-30,LAK,OTT,2.194,1.675,"moneypuck flurryScoreVenueAdj xG, all sit."
401687982,2024-11-30,NYI,BUF,2.653,2.309,"moneypuck flurryScoreVenueAdj xG, all sit."
401687983,2024-11-30,MIN,NSH,2.394,2.429,"moneypuck flurryScoreVenueAdj xG, all sit."
401687984,2024-11-30,COL,EDM,2.453,3.304,"moneypuck flurryScoreVenueAdj xG, all sit."
401687985,2024-11-30,VGK,UTA,2.968,3.124,"moneypuck flurryScoreVenueAdj xG, all sit."
401687986,2024-11-30,SEA,SJS,2.488,3.479,"moneypuck flurryScoreVenueAdj xG, all sit."
401687987,2024-12-01,DET,VAN,3.18,4.245,"moneypuck flurryScoreVenueAdj xG, all sit."
401687988,2024-12-01,BOS,MTL,4.706,1.471,"moneypuck flurryScoreVenueAdj xG, all sit."
401687989,2024-12-01,CHI,CBJ,2.43,2.713,"moneypuck flurryScoreVenueAdj xG, all sit."
401687990,2024-12-01,DAL,WPG,3.844,1.877,"moneypuck flurryScoreVenueAdj xG, all sit."
401687991,2024-12-01,ANA,OTT,3.561,3.749,"moneypuck flurryScoreVenueAdj xG, all sit."
401687992,2024-12-02,NYR,NJD,3.921,4.415,"moneypuck flurryScoreVenueAdj xG, all sit."
401687993,2024-12-02,TOR,CHI,3.115,2.25,"moneypuck flurryScoreVenueAdj xG, all sit."
401687994,2024-12-02,UTA,DAL,3.02,2.711,"moneypuck flurryScoreVenueAdj xG, all sit."
401687995,2024-12-03,BOS,DET,1.531,1.879,"moneypuck flurryScoreVenueAdj xG, all sit."
401687996,2024-12-03,BUF,COL,3.311,3.139,"moneypuck flurryScoreVenueAdj xG, all sit."
401687997,2024-12-03,MTL,NYI,2.653,3.223,"moneypuck flurryScoreVenueAdj xG, all sit."
401687998,2024-12-03,PIT,FLA,1.762,4.391,"moneypuck flurryScoreVenueAdj xG, all sit."
401687999,2024-12-03,WSH,SJS,2.942,3.62,"moneypuck flurryScoreVenueAdj xG, all sit."
401688000,2024-12-03,CAR,SEA,1.901,2.84,"moneypuck flurryScoreVenueAdj xG, all sit."
401688001,2024-12-03,MIN,VAN,1.898,3.013,"moneypuck flurryScoreVenueAdj xG, all sit."
401688002,2024-12-03,WPG,STL,1.325,4.12,"moneypuck flurryScoreVenueAdj xG, all sit."
401688003,2024-12-03,CGY,CBJ,3.551,1.524,"moneypuck flurryScoreVenueAdj xG, all sit."
401688004,2024-12-03,VGK,EDM,1.13,3.585,"moneypuck flurryScoreVenueAdj xG, all sit."
401688005,2024-12-04,TOR,NSH,2.381,2.72,"moneypuck flurryScoreVenueAdj xG, all sit."
401688006,2024-12-04,CHI,BOS,1.042,2.088,"moneypuck flurryScoreVenueAdj xG, all sit."
401688007,2024-12-04,ANA,VGK,1.657,4.114,"moneypuck flurryScoreVenueAdj xG, all sit."
401688008,2024-12-04,LAK,DAL,1.63,3.164,"moneypuck flurryScoreVenueAdj xG, all sit."
401688009,2024-12-05,BUF,WPG,3.507,2.965,"moneypuck flurryScoreVenueAdj xG, all sit."
401688010,2024-12-05,MTL,NSH,4.251,2.825,"moneypuck flurryScoreVenueAdj xG, all sit."
401688011,2024-12-05,OTT,DET,2.103,2.118,"moneypuck flurryScoreVenueAdj xG, all sit."
401688012,2024-12-05,TBL,SJS,2.956,1.888,"moneypuck flurryScoreVenueAdj xG, all sit."
401688013,2024-12-05,PHI,FLA,2.456,4.02,"moneypuck flurryScoreVenueAdj xG, all sit."
401688014,2024-12-05,CAR,COL,3.561,2.84,"moneypuck flurryScoreVenueAdj xG, all sit."
401688015,2024-12-05,NYI,SEA,2.577,4.164,"moneypuck flurryScoreVenueAdj xG, all sit."
401688016,2024-12-05,CGY,STL,3.789,3.325,"moneypuck flurryScoreVenueAdj xG, all sit."
401688017,2024-12-05,EDM,CBJ,3.987,1.475,"moneypuck flurryScoreVenueAdj xG, all sit."
401688018,2024-12-06,TOR,WSH,2.169,3.539,"moneypuck flurryScoreVenueAdj xG, all sit."
401688019,2024-12-06,NJD,SEA,3.791,2.654,"moneypuck flurryScoreVenueAdj xG, all sit."
401688020,2024-12-06,NYR,PIT,2.246,2.115,"moneypuck flurryScoreVenueAdj xG, all sit."
401688021,2024-12-06,VAN,CBJ,3.137,2.549,"moneypuck flurryScoreVenueAdj xG, all sit."
401688022,2024-12-06,VGK,DAL,2.371,3.796,"moneypuck flurryScoreVenueAdj xG, all sit."
401688023,2024-12-06,ANA,MIN,2.255,5.807,"moneypuck flurryScoreVenueAdj xG, all sit."
401688024,2024-12-07,BOS,PHI,3.396,3.464,"moneypuck flurryScoreVenueAdj xG, all sit."
401688025,2024-12-07,BUF,UTA,2.545,2.653,"moneypuck flurryScoreVenueAdj xG, all sit."
401688026,2024-12-07,CHI,WPG,0.797,4.015,"moneypuck flurryScoreVenueAdj xG, all sit."
401688027,2024-12-07,FLA,SJS,4.729,2.634,"moneypuck flurryScoreVenueAdj xG, all sit."
401688028,2024-12-07,MTL,WSH,2.583,3.799,"moneypuck flurryScoreVenueAdj xG, all sit."
401688029,2024-12-07,OTT,NSH,3.261,3.175,"moneypuck flurryScoreVenueAdj xG, all sit."
401688030,2024-12-07,DET,COL,3.044,4.197,"moneypuck flurryScoreVenueAdj xG, all sit."
401688031,2024-12-07,PIT,TOR,3.329,2.788,"moneypuck flurryScoreVenueAdj xG, all sit."
401688032,2024-12-07,NYI,CAR,2.73,3.736,"moneypuck flurryScoreVenueAdj xG, all sit."
401688033,2024-12-07,LAK,MIN,3.035,1.725,"moneypuck flurryScoreVenueAdj xG, all sit."
401688034,2024-12-07,EDM,STL,3.098,3.001,"moneypuck flurryScoreVenueAdj xG, all sit."
401688035,2024-12-08,NYR,SEA,3.379,3.592,"moneypuck flurryScoreVenueAdj xG, all sit."
401688036,2024-12-08,VAN,TBL,2.166,4.151,"moneypuck flurryScoreVenueAdj xG, all sit."
401688037,2024-12-08,OTT,NYI,2.685,4.058,"moneypuck flurryScoreVenueAdj xG, all sit."
401688038,2024-12-08,WPG,CBJ,2.601,3.967,"moneypuck flurryScoreVenueAdj xG, all sit."
401688039,2024-12-08,NJD,COL,2.932,1.938,"moneypuck flurryScoreVenueAdj xG, all sit."
401688040,2024-12-08,PHI,UTA,3.043,3.312,"moneypuck flurryScoreVenueAdj xG, all sit."
401688041,2024-12-08,DAL,CGY,2.553,1.882,"moneypuck flurryScoreVenueAdj xG, all sit."
401688042,2024-12-09,BUF,DET,2.083,4.273,"moneypuck flurryScoreVenueAdj xG, all sit."
401688043,2024-12-09,NYR,CHI,2.458,3.046,"moneypuck flurryScoreVenueAdj xG, all sit."
401688044,2024-12-09,MTL,ANA,1.955,3.913,"moneypuck flurryScoreVenueAdj xG, all sit."
401688045,2024-12-10,NJD,TOR,4.525,2.296,"moneypuck flurryScoreVenueAdj xG, all sit."
401688046,2024-12-10,PIT,COL,2.381,2.697,"moneypuck flurryScoreVenueAdj xG, all sit."
401688047,2024-12-10,CAR,SJS,3.352,2.931,"moneypuck flurryScoreVenueAdj xG, all sit."
401688048,2024-12-10,CBJ,PHI,1.646,3.288,"moneypuck flurryScoreVenueAdj xG, all sit."
401688049,2024-12-10,NYI,LAK,2.288,4.18,"moneypuck flurryScoreVenueAdj xG, all sit."
401688050,2024-12-10,NSH,CGY,1.651,3.459,"moneypuck flurryScoreVenueAdj xG, all sit."
401688051,2024-12-10,WPG,BOS,3.067,3.137,"moneypuck flurryScoreVenueAdj xG, all sit."
401688052,2024-12-10,EDM,TBL,2.473,1.557,"moneypuck flurryScoreVenueAdj xG, all sit."
401688053,2024-12-10,UTA,MIN,2.928,4.36,"moneypuck flurryScoreVenueAdj xG, all sit."
401688054,2024-12-10,VAN,STL,2.772,2.969,"moneypuck flurryScoreVenueAdj xG, all sit."
401688055,2024-12-10,SEA,FLA,1.485,3.005,"moneypuck flurryScoreVenueAdj xG, all sit."
401688056,2024-12-11,BUF,NYR,2.989,3.622,"moneypuck flurryScoreVenueAdj xG, all sit."
401688057,2024-12-11,OTT,ANA,3.539,1.51,"moneypuck flurryScoreVenueAdj xG, all sit."
401688058,2024-12-12,TOR,ANA,4.663,2.57,"moneypuck flurryScoreVenueAdj xG, all sit."
401688059,2024-12-12,MTL,PIT,1.865,4.535,"moneypuck flurryScoreVenueAdj xG, all sit."
401688060,2024-12-12,NJD,LAK,2.926,1.927,"moneypuck flurryScoreVenueAdj xG, all sit."
401688061,2024-12-12,PHI,DET,3.567,1.897,"moneypuck flurryScoreVenueAdj xG, all sit."
401688062,2024-12-12,CBJ,WSH,3.178,3.489,"moneypuck flurryScoreVenueAdj xG, all sit."
401688063,2024-12-12,NYI,CHI,1.813,2.632,"moneypuck flurryScoreVenueAdj xG, all sit."
401688064,2024-12-12,STL,SJS,2.0,3.59,"moneypuck flurryScoreVenueAdj xG, all sit."
401688065,2024-12-12,DAL,NSH,2.952,3.853,"moneypuck flurryScoreVenueAdj xG, all sit."
401688066,2024-12-12,MIN,EDM,2.202,4.048,"moneypuck flurryScoreVenueAdj xG, all sit."
401688067,2024-12-12,WPG,VGK,1.388,4.008,"moneypuck flurryScoreVenueAdj xG, all sit."
401688068,2024-12-12,COL,UTA,1.759,2.578,"moneypuck flurryScoreVenueAdj xG, all sit."
401688069,2024-12-12,CGY,TBL,1.263,5.049,"moneypuck flurryScoreVenueAdj xG, all sit."
401688070,2024-12-12,VAN,FLA,1.451,1.758,"moneypuck flurryScoreVenueAdj xG, all sit."
401688071,2024-12-12,SEA,BOS,4.059,3.193,"moneypuck flurryScoreVenueAdj xG, all sit."
401688072,2024-12-13,CAR,OTT,2.474,2.72,"moneypuck flurryScoreVenueAdj xG, all sit."
401688073,2024-12-14,NJD,CHI,3.157,1.964,"moneypuck flurryScoreVenueAdj xG, all sit."
401688074,2024-12-14,NYR,LAK,2.586,2.881,"moneypuck flurryScoreVenueAdj xG, all sit."
401688075,2024-12-14,MIN,PHI,1.921,1.299,"moneypuck flurryScoreVenueAdj xG, all sit."
401688076,2024-12-14,EDM,VGK,3.882,4.633,"moneypuck flurryScoreVenueAdj xG, all sit."
401688077,2024-12-14,OTT,PIT,3.085,2.199,"moneypuck flurryScoreVenueAdj xG, all sit."
401688078,2024-12-14,DET,TOR,5.013,3.513,"moneypuck flurryScoreVenueAdj xG, all sit."
401688079,2024-12-14,WSH,BUF,4.528,2.714,"moneypuck flurryScoreVenueAdj xG, all sit."
401688080,2024-12-14,CBJ,ANA,4.061,2.723,"moneypuck flurryScoreVenueAdj xG, all sit."
401688081,2024-12-14,WPG,MTL,3.416,2.409,"moneypuck flurryScoreVenueAdj xG, all sit."
401688082,2024-12-14,DAL,STL,4.111,1.957,"moneypuck flurryScoreVenueAdj xG, all sit."
401688083,2024-12-14,COL,NSH,2.699,2.523,"moneypuck flurryScoreVenueAdj xG, all sit."
401688084,2024-12-14,CGY,FLA,2.573,2.393,"moneypuck flurryScoreVenueAdj xG, all sit."
401688085,2024-12-14,VAN,BOS,1.596,3.478,"moneypuck flurryScoreVenueAdj xG, all sit."
401688086,2024-12-14,SJS,UTA,2.13,3.556,"moneypuck flurryScoreVenueAdj xG, all sit."
401688087,2024-12-14,SEA,TBL,2.355,3.783,"moneypuck flurryScoreVenueAdj xG, all sit."
401688088,2024-12-15,CHI,NYI,2.261,2.811,"moneypuck flurryScoreVenueAdj xG, all sit."
401688089,2024-12-15,TOR,BUF,5.27,2.584,"moneypuck flurryScoreVenueAdj xG, all sit."
401688090,2024-12-15,CAR,CBJ,2.518,1.096,"moneypuck flurryScoreVenueAdj xG, all sit."
401688091,2024-12-15,STL,NYR,1.761,1.261,"moneypuck flurryScoreVenueAdj xG, all sit."
401688092,2024-12-15,MIN,VGK,1.962,1.778,"moneypuck flurryScoreVenueAdj xG, all sit."
401688093,2024-12-16,DAL,WSH,2.345,2.492,"moneypuck flurryScoreVenueAdj xG, all sit."
401688094,2024-12-16,EDM,FLA,2.654,3.198,"moneypuck flurryScoreVenueAdj xG, all sit."
401688095,2024-12-16,VAN,COL,3.344,2.536,"moneypuck flurryScoreVenueAdj xG, all sit."
401688096,2024-12-17,MTL,BUF,2.425,2.35,"moneypuck flurryScoreVenueAdj xG, all sit."
401688097,2024-12-17,TBL,CBJ,3.944,2.262,"moneypuck flurryScoreVenueAdj xG, all sit."
401688098,2024-12-17,PIT,LAK,2.664,2.423,"moneypuck flurryScoreVenueAdj xG, all sit."
401688099,2024-12-17,CAR,NYI,3.538,3.52,"moneypuck flurryScoreVenueAdj xG, all sit."
401688100,2024-12-17,STL,NJD,1.574,4.021,"moneypuck flurryScoreVenueAdj xG, all sit."
401688101,2024-12-17,NSH,NYR,3.846,3.095,"moneypuck flurryScoreVenueAdj xG, all sit."
401688102,2024-12-17,CHI,WSH,2.176,1.895,"moneypuck flurryScoreVenueAdj xG, all sit."
401688103,2024-12-17,CGY,BOS,2.184,3.287,"moneypuck flurryScoreVenueAdj xG, all sit."
401688104,2024-12-17,SEA,OTT,2.368,3.706,"moneypuck flurryScoreVenueAdj xG, all sit."
401688105,2024-12-17,SJS,WPG,2.602,3.819,"moneypuck flurryScoreVenueAdj xG, all sit."
401688106,2024-12-18,DET,PHI,4.139,2.773,"moneypuck flurryScoreVenueAdj xG, all sit."
401688107,2024-12-18,DAL,TOR,3.545,2.31,"moneypuck flurryScoreVenueAdj xG, all sit."
401688108,2024-12-18,MIN,FLA,2.159,3.853,"moneypuck flurryScoreVenueAdj xG, all sit."
401688109,2024-12-18,UTA,VAN,3.239,3.201,"moneypuck flurryScoreVenueAdj xG, all sit."
401688110,2024-12-18,ANA,WPG,3.004,2.613,"moneypuck flurryScoreVenueAdj xG, all sit."
401688111,2024-12-19,TBL,STL,2.736,2.003,"moneypuck flurryScoreVenueAdj xG, all sit."
401688112,2024-12-19,PHI,LAK,2.143,4.487,"moneypuck flurryScoreVenueAdj xG, all sit."
401688113,2024-12-19,CBJ,NJD,2.901,5.774,"moneypuck flurryScoreVenueAdj xG, all sit."
401688114,2024-12-19,NSH,PIT,3.301,1.845,"moneypuck flurryScoreVenueAdj xG, all sit."
401688115,2024-12-19,CHI,SEA,4.709,2.248,"moneypuck flurryScoreVenueAdj xG, all sit."
401688116,2024-12-19,CGY,OTT,3.561,2.607,"moneypuck flurryScoreVenueAdj xG, all sit."
401688117,2024-12-19,EDM,BOS,1.912,3.063,"moneypuck flurryScoreVenueAdj xG, all sit."
401688118,2024-12-19,VGK,VAN,3.105,2.253,"moneypuck flurryScoreVenueAdj xG, all sit."
401688119,2024-12-19,SJS,COL,2.762,4.495,"moneypuck flurryScoreVenueAdj xG, all sit."
401688120,2024-12-20,BUF,TOR,1.721,4.117,"moneypuck flurryScoreVenueAdj xG, all sit."
401688121,2024-12-20,DET,MTL,2.63,3.235,"moneypuck flurryScoreVenueAdj xG, all sit."
401688122,2024-12-20,FLA,STL,1.506,1.403,"moneypuck flurryScoreVenueAdj xG, all sit."
401688123,2024-12-20,WSH,CAR,2.531,2.581,"moneypuck flurryScoreVenueAdj xG, all sit."
401688124,2024-12-20,DAL,NYR,5.835,2.606,"moneypuck flurryScoreVenueAdj xG, all sit."
401688125,2024-12-20,MIN,UTA,2.815,1.766,"moneypuck flurryScoreVenueAdj xG, all sit."
401688126,2024-12-20,ANA,COL,2.864,3.137,"moneypuck flurryScoreVenueAdj xG, all sit."
401688127,2024-12-21,NSH,LAK,1.936,1.637,"moneypuck flurryScoreVenueAdj xG, all sit."
401688128,2024-12-21,CGY,CHI,2.98,3.758,"moneypuck flurryScoreVenueAdj xG, all sit."
401688129,2024-12-21,EDM,SJS,3.326,1.457,"moneypuck flurryScoreVenueAdj xG, all sit."
401688130,2024-12-21,BOS,BUF,2.764,1.868,"moneypuck flurryScoreVenueAdj xG, all sit."
401688131,2024-12-21,TOR,NYI,2.18,3.816,"moneypuck flurryScoreVenueAdj xG, all sit."
401688132,2024-12-21,MTL,DET,2.404,1.664,"moneypuck flurryScoreVenueAdj xG, all sit."
401688133,2024-12-21,NJD,PIT,3.772,1.608,"moneypuck flurryScoreVenueAdj xG, all sit."
401688134,2024-12-21,PHI,CBJ,2.82,2.256,"moneypuck flurryScoreVenueAdj xG, all sit."
401688135,2024-12-21,WPG,MIN,3.446,1.188,"moneypuck flurryScoreVenueAdj xG, all sit."
401688136,2024-12-21,VAN,OTT,2.495,2.484,"moneypuck flurryScoreVenueAdj xG, all sit."
401688137,2024-12-21,VGK,SEA,3.736,3.835,"moneypuck flurryScoreVenueAdj xG, all sit."
401688138,2024-12-22,NYR,CAR,2.856,5.261,"moneypuck flurryScoreVenueAdj xG, all sit."
401688139,2024-12-22,TBL,FLA,1.702,3.412,"moneypuck flurryScoreVenueAdj xG, all sit."
401688140,2024-12-22,WSH,LAK,2.633,2.587,"moneypuck flurryScoreVenueAdj xG, all sit."
401688141,2024-12-22,UTA,ANA,3.116,2.439,"moneypuck flurryScoreVenueAdj xG, all sit."
401688142,2024-12-22,COL,SEA,3.238,1.755,"moneypuck flurryScoreVenueAdj xG, all sit."
401688143,2024-12-22,EDM,OTT,3.036,1.865,"moneypuck flurryScoreVenueAdj xG, all sit."
401688144,2024-12-23,NJD,NYR,4.234,3.175,"moneypuck flurryScoreVenueAdj xG, all sit."
401688145,2024-12-23,TOR,WPG,2.534,4.343,"moneypuck flurryScoreVenueAdj xG, all sit."
401688146,2024-12-23,BOS,WSH,4.033,1.823,"moneypuck flurryScoreVenueAdj xG, all sit."
401688147,2024-12-23,DET,STL,1.232,3.562,"moneypuck flurryScoreVenueAdj xG, all sit."
401688148,2024-12-23,FLA,TBL,3.784,3.735,"moneypuck flurryScoreVenueAdj xG, all sit."
401688149,2024-12-23,PIT,PHI,3.112,1.916,"moneypuck flurryScoreVenueAdj xG, all sit."
401688150,2024-12-23,CBJ,MTL,4.029,3.156,"moneypuck flurryScoreVenueAdj xG, all sit."
401688151,2024-12-23,NYI,BUF,2.131,3.162,"moneypuck flurryScoreVenueAdj xG, all sit."
401688152,2024-12-23,NSH,CAR,4.463,1.857,"moneypuck flurryScoreVenueAdj xG, all sit."
401688153,2024-12-23,MIN,CHI,3.141,3.079,"moneypuck flurryScoreVenueAdj xG, all sit."
401688154,2024-12-23,VAN,SJS,2.872,3.578,"moneypuck flurryScoreVenueAdj xG, all sit."
401688155,2024-12-23,UTA,DAL,3.104,2.644,"moneypuck flurryScoreVenueAdj xG, all sit."
401688156,2024-12-23,VGK,ANA,5.237,3.439,"moneypuck flurryScoreVenueAdj xG, all sit."
401688157,2024-12-27,BUF,CHI,3.566,1.422,"moneypuck flurryScoreVenueAdj xG, all sit."
401688158,2024-12-27,DET,TOR,2.757,2.285,"moneypuck flurryScoreVenueAdj xG, all sit."
401688159,2024-12-27,NJD,CAR,3.794,4.025,"moneypuck flurryScoreVenueAdj xG, all sit."
401688160,2024-12-27,CBJ,BOS,4.124,1.575,"moneypuck flurryScoreVenueAdj xG, all sit."
401688161,2024-12-27,STL,NSH,3.033,2.541,"moneypuck flurryScoreVenueAdj xG, all sit."
401688162,2024-12-27,DAL,MIN,2.623,1.973,"moneypuck flurryScoreVenueAdj xG, all sit."
401688163,2024-12-27,UTA,COL,2.977,4.493,"moneypuck flurryScoreVenueAdj xG, all sit."
401688164,2024-12-27,SJS,VGK,2.747,3.911,"moneypuck flurryScoreVenueAdj xG, all sit."
401688165,2024-12-28,FLA,MTL,2.359,2.355,"moneypuck flurryScoreVenueAdj xG, all sit."
401688166,2024-12-28,VAN,SEA,2.489,2.773,"moneypuck flurryScoreVenueAdj xG, all sit."
401688167,2024-12-28,ANA,PHI,2.556,4.853,"moneypuck flurryScoreVenueAdj xG, all sit."
401688168,2024-12-28,LAK,EDM,2.704,2.944,"moneypuck flurryScoreVenueAdj xG, all sit."
401688169,2024-12-28,BOS,CBJ,2.527,2.14,"moneypuck flurryScoreVenueAdj xG, all sit."
401688170,2024-12-28,TOR,WSH,3.41,3.56,"moneypuck flurryScoreVenueAdj xG, all sit."
401688171,2024-12-28,TBL,NYR,2.704,3.164,"moneypuck flurryScoreVenueAdj xG, all sit."
401688172,2024-12-28,CAR,NJD,5.168,2.162,"moneypuck flurryScoreVenueAdj xG, all sit."
401688173,2024-12-28,WPG,OTT,3.348,6.158,"moneypuck flurryScoreVenueAdj xG, all sit."
401688174,2024-12-28,NYI,PIT,5.419,2.302,"moneypuck flurryScoreVenueAdj xG, all sit."
401688175,2024-12-28,SJS,CGY,1.952,4.964,"moneypuck flurryScoreVenueAdj xG, all sit."
401688176,2024-12-29,CHI,DAL,1.7,3.241,"moneypuck flurryScoreVenueAdj xG, all sit."
401688177,2024-12-29,ANA,EDM,3.797,2.922,"moneypuck flurryScoreVenueAdj xG, all sit."
401688178,2024-12-29,DET,WSH,3.293,1.556,"moneypuck flurryScoreVenueAdj xG, all sit."
401688179,2024-12-29,TBL,MTL,2.051,3.187,"moneypuck flurryScoreVenueAdj xG, all sit."
401688180,2024-12-29,PIT,NYI,4.222,2.214,"moneypuck flurryScoreVenueAdj xG, all sit."
401688181,2024-12-29,STL,BUF,3.695,2.353,"moneypuck flurryScoreVenueAdj xG, all sit."
401688182,2024-12-29,MIN,OTT,2.011,4.408,"moneypuck flurryScoreVenueAdj xG, all sit."
401688183,2024-12-29,VGK,CGY,4.216,2.258,"moneypuck flurryScoreVenueAdj xG, all sit."
401688184,2024-12-29,LAK,PHI,2.158,3.654,"moneypuck flurryScoreVenueAdj xG, all sit."
401688185,2024-12-30,FLA,NYR,3.421,3.324,"moneypuck flurryScoreVenueAdj xG, all sit."
401688186,2024-12-30,WPG,NSH,4.014,1.551,"moneypuck flurryScoreVenueAdj xG, all sit."
401688187,2024-12-30,SEA,UTA,3.72,4.01,"moneypuck flurryScoreVenueAdj xG, all sit."
401688188,2024-12-31,WSH,BOS,4.341,3.624,"moneypuck flurryScoreVenueAdj xG, all sit."
401688189,2024-12-31,TOR,NYI,2.556,2.27,"moneypuck flurryScoreVenueAdj xG, all sit."
401688190,2024-12-31,VGK,MTL,2.34,2.36,"moneypuck flurryScoreVenueAdj xG, all sit."
401688191,2024-12-31,CHI,STL,2.264,3.478,"moneypuck flurryScoreVenueAdj xG, all sit."
401688192,2024-12-31,DET,PIT,3.934,2.759,"moneypuck flurryScoreVenueAdj xG, all sit."
401688193,2024-12-31,CBJ,CAR,2.131,2.879,"moneypuck flurryScoreVenueAdj xG, all sit."
401688194,2024-12-31,DAL,BUF,4.612,2.61,"moneypuck flurryScoreVenueAdj xG, all sit."
401688195,2024-12-31,MIN,NSH,3.835,5.537,"moneypuck flurryScoreVenueAdj xG, all sit."
401688196,2024-12-31,COL,WPG,2.435,2.908,"moneypuck flurryScoreVenueAdj xG, all sit."
401688197,2024-12-31,ANA,NJD,2.864,4.237,"moneypuck flurryScoreVenueAdj xG, all sit."
401688198,2024-12-31,SJS,PHI,1.329,3.949,"moneypuck flurryScoreVenueAdj xG, all sit."
401688199,2024-12-31,CGY,VAN,3.766,2.424,"moneypuck flurryScoreVenueAdj xG, all sit."
401688200,2024-12-31,EDM,UTA,3.942,2.132,"moneypuck flurryScoreVenueAdj xG, all sit."
401688201,2025-01-01,LAK,NJD,3.36,2.292,"moneypuck flurryScoreVenueAdj xG, all sit."
401688202,2025-01-02,FLA,CAR,2.788,3.032,"moneypuck flurryScoreVenueAdj xG, all sit."
401688203,2025-01-02,NYR,BOS,2.648,2.472,"moneypuck flurryScoreVenueAdj xG, all sit."
401688204,2025-01-02,WSH,MIN,2.235,3.712,"moneypuck flurryScoreVenueAdj xG, all sit."
401688205,2025-01-02,CBJ,DET,1.924,2.955,"moneypuck flurryScoreVenueAdj xG, all sit."
401688206,2025-01-02,NYI,TOR,3.651,4.03,"moneypuck flurryScoreVenueAdj xG, all sit."
401688207,2025-01-02,DAL,OTT,4.109,1.362,"moneypuck flurryScoreVenueAdj xG, all sit."
401688208,2025-01-02,WPG,ANA,3.436,1.363,"moneypuck flurryScoreVenueAdj xG, all sit."
401688209,2025-01-02,COL,BUF,2.352,2.869,"moneypuck flurryScoreVenueAdj xG, all sit."
401688210,2025-01-02,CGY,UTA,1.444,5.035,"moneypuck flurryScoreVenueAdj xG, all sit."
401688211,2025-01-02,VGK,PHI,2.774,3.969,"moneypuck flurryScoreVenueAdj xG, all sit."
401688212,2025-01-02,SEA,VAN,2.675,2.597,"moneypuck flurryScoreVenueAdj xG, all sit."
401688213,2025-01-02,SJS,TBL,1.499,2.071,"moneypuck flurryScoreVenueAdj xG, all sit."
401688214,2025-01-03,FLA,PIT,3.616,3.939,"moneypuck flurryScoreVenueAdj xG, all sit."
401688215,2025-01-03,CHI,MTL,3.835,4.445,"moneypuck flurryScoreVenueAdj xG, all sit."
401688216,2025-01-03,STL,OTT,2.9,1.361,"moneypuck flurryScoreVenueAdj xG, all sit."
401688217,2025-01-03,EDM,ANA,3.32,3.139,"moneypuck flurryScoreVenueAdj xG, all sit."
401688218,2025-01-03,VAN,NSH,2.159,2.563,"moneypuck flurryScoreVenueAdj xG, all sit."
401688219,2025-01-04,WSH,NYR,4.742,2.682,"moneypuck flurryScoreVenueAdj xG, all sit."
401688220,2025-01-04,WPG,DET,3.279,3.748,"moneypuck flurryScoreVenueAdj xG, all sit."
401688221,2025-01-04,SJS,NJD,2.62,3.545,"moneypuck flurryScoreVenueAdj xG, all sit."
401688222,2025-01-04,TOR,BOS,3.922,2.591,"moneypuck flurryScoreVenueAdj xG, all sit."
401688223,2025-01-04,CAR,MIN,2.422,3.028,"moneypuck flurryScoreVenueAdj xG, all sit."
401688224,2025-01-04,CBJ,STL,4.127,4.274,"moneypuck flurryScoreVenueAdj xG, all sit."
401688225,2025-01-04,COL,MTL,2.469,2.318,"moneypuck flurryScoreVenueAdj xG, all sit."
401688226,2025-01-04,CGY,NSH,2.351,5.049,"moneypuck flurryScoreVenueAdj xG, all sit."
401688227,2025-01-04,DAL,UTA,2.877,3.35,"moneypuck flurryScoreVenueAdj xG, all sit."
401688228,2025-01-04,LAK,TBL,2.267,2.388,"moneypuck flurryScoreVenueAdj xG, all sit."
401688229,2025-01-04,VGK,BUF,2.713,2.35,"moneypuck flurryScoreVenueAdj xG, all sit."
401688230,2025-01-04,SEA,EDM,1.107,4.64,"moneypuck flurryScoreVenueAdj xG, all sit."
401688231,2025-01-05,CHI,NYR,1.648,2.779,"moneypuck flurryScoreVenueAdj xG, all sit."
401688232,2025-01-05,BOS,NYI,2.173,2.964,"moneypuck flurryScoreVenueAdj xG, all sit."
401688233,2025-01-05,CAR,PIT,2.753,1.281,"moneypuck flurryScoreVenueAdj xG, all sit."
401688234,2025-01-05,TOR,PHI,2.435,2.722,"moneypuck flurryScoreVenueAdj xG, all sit."
401688235,2025-01-05,ANA,TBL,2.65,3.707,"moneypuck flurryScoreVenueAdj xG, all sit."
401688236,2025-01-06,BUF,WSH,3.468,2.307,"moneypuck flurryScoreVenueAdj xG, all sit."
401688237,2025-01-06,MTL,VAN,2.818,2.447,"moneypuck flurryScoreVenueAdj xG, all sit."
401688238,2025-01-06,COL,FLA,3.527,3.5,"moneypuck flurryScoreVenueAdj xG, all sit."
401688239,2025-01-06,SEA,NJD,2.209,3.306,"moneypuck flurryScoreVenueAdj xG, all sit."
401688240,2025-01-07,BOS,EDM,2.288,5.409,"moneypuck flurryScoreVenueAdj xG, all sit."
401688241,2025-01-07,DET,OTT,3.01,2.78,"moneypuck flurryScoreVenueAdj xG, all sit."
401688242,2025-01-07,NYR,DAL,2.839,4.003,"moneypuck flurryScoreVenueAdj xG, all sit."
401688243,2025-01-07,PHI,TOR,3.86,2.289,"moneypuck flurryScoreVenueAdj xG, all sit."
401688244,2025-01-07,PIT,CBJ,2.251,2.819,"moneypuck flurryScoreVenueAdj xG, all sit."
401688245,2025-01-07,MIN,STL,1.995,2.588,"moneypuck flurryScoreVenueAdj xG, all sit."
401688246,2025-01-07,WPG,NSH,3.064,4.2,"moneypuck flurryScoreVenueAdj xG, all sit."
401688247,2025-01-07,ANA,CGY,2.31,3.556,"moneypuck flurryScoreVenueAdj xG, all sit."
401688248,2025-01-07,SJS,VGK,1.69,6.322,"moneypuck flurryScoreVenueAdj xG, all sit."
401734652,2025-01-07,TBL,CAR,2.927,1.889,"moneypuck flurryScoreVenueAdj xG, all sit."
401688249,2025-01-08,WSH,VAN,3.404,4.864,"moneypuck flurryScoreVenueAdj xG, all sit."
401688250,2025-01-08,CHI,COL,2.512,2.674,"moneypuck flurryScoreVenueAdj xG, all sit."
401688251,2025-01-08,UTA,FLA,2.411,4.599,"moneypuck flurryScoreVenueAdj xG, all sit."
401688253,2025-01-09,OTT,BUF,2.922,3.6,"moneypuck flurryScoreVenueAdj xG, all sit."
401688254,2025-01-09,TBL,BOS,4.103,3.035,"moneypuck flurryScoreVenueAdj xG, all sit."
401688255,2025-01-09,NYR,NJD,3.783,2.983,"moneypuck flurryScoreVenueAdj xG, all sit."
401688256,2025-01-09,PHI,DAL,2.291,3.323,"moneypuck flurryScoreVenueAdj xG, all sit."
401688257,2025-01-09,PIT,EDM,4.097,4.023,"moneypuck flurryScoreVenueAdj xG, all sit."
401688258,2025-01-09,CAR,TOR,4.773,3.549,"moneypuck flurryScoreVenueAdj xG, all sit."
401688259,2025-01-09,CBJ,SEA,2.606,2.094,"moneypuck flurryScoreVenueAdj xG, all sit."
401688260,2025-01-09,STL,ANA,3.189,2.137,"moneypuck flurryScoreVenueAdj xG, all sit."
401688261,2025-01-09,MIN,COL,2.772,2.051,"moneypuck flurryScoreVenueAdj xG, all sit."
401688262,2025-01-09,VGK,NYI,2.635,1.804,"moneypuck flurryScoreVenueAdj xG, all sit."
401688263,2025-01-10,DET,CHI,3.523,1.256,"moneypuck flurryScoreVenueAdj xG, all sit."
401688264,2025-01-10,WSH,MTL,2.244,2.973,"moneypuck flurryScoreVenueAdj xG, all sit."
401688265,2025-01-10,CAR,VAN,3.226,1.703,"moneypuck flurryScoreVenueAdj xG, all sit."
401688266,2025-01-10,WPG,LAK,1.495,2.365,"moneypuck flurryScoreVenueAdj xG, all sit."
401688267,2025-01-10,UTA,SJS,2.605,1.976,"moneypuck flurryScoreVenueAdj xG, all sit."
401688268,2025-01-11,FLA,BOS,5.538,3.623,"moneypuck flurryScoreVenueAdj xG, all sit."
401688269,2025-01-11,BUF,SEA,2.294,4.085,"moneypuck flurryScoreVenueAdj xG, all sit."
401688270,2025-01-11,PIT,OTT,2.832,2.777,"moneypuck flurryScoreVenueAdj xG, all sit."
401688271,2025-01-11,TOR,VAN,1.554,1.637,"moneypuck flurryScoreVenueAdj xG, all sit."
401688272,2025-01-11,MTL,DAL,2.306,3.919,"moneypuck flurryScoreVenueAdj xG, all sit."
401688273,2025-01-11,NJD,TBL,2.879,1.893,"moneypuck flurryScoreVenueAdj xG, all sit."
401688274,2025-01-11,PHI,ANA,3.066,1.272,"moneypuck flurryScoreVenueAdj xG, all sit."
401688275,2025-01-11,CHI,EDM,1.515,4.319,"moneypuck flurryScoreVenueAdj xG, all sit."
401688276,2025-01-11,STL,CBJ,3.147,2.86,"moneypuck flurryScoreVenueAdj xG, all sit."
401688277,2025-01-11,WPG,COL,2.638,1.328,"moneypuck flurryScoreVenueAdj xG, all sit."
401688278,2025-01-11,NSH,WSH,2.705,3.337,"moneypuck flurryScoreVenueAdj xG, all sit."
401688279,2025-01-11,UTA,NYI,1.986,2.409,"moneypuck flurryScoreVenueAdj xG, all sit."
401688280,2025-01-11,CGY,LAK,2.351,1.714,"moneypuck flurryScoreVenueAdj xG, all sit."
401688281,2025-01-11,VGK,NYR,3.039,3.612,"moneypuck flurryScoreVenueAdj xG, all sit."
401688282,2025-01-11,SJS,MIN,2.569,2.132,"moneypuck flurryScoreVenueAdj xG, all sit."
401688283,2025-01-12,DET,SEA,2.331,2.207,"moneypuck flurryScoreVenueAdj xG, all sit."
401688284,2025-01-12,OTT,DAL,3.898,2.318,"moneypuck flurryScoreVenueAdj xG, all sit."
401688285,2025-01-12,PIT,TBL,3.682,3.528,"moneypuck flurryScoreVenueAdj xG, all sit."
401688286,2025-01-12,CAR,ANA,2.595,1.675,"moneypuck flurryScoreVenueAdj xG, all sit."
401688287,2025-01-12,VGK,MIN,4.595,1.416,"moneypuck flurryScoreVenueAdj xG, all sit."
401688288,2025-01-13,PHI,FLA,3.649,2.062,"moneypuck flurryScoreVenueAdj xG, all sit."
401688289,2025-01-13,CHI,CGY,2.053,3.679,"moneypuck flurryScoreVenueAdj xG, all sit."
401688290,2025-01-13,EDM,LAK,3.429,2.076,"moneypuck flurryScoreVenueAdj xG, all sit."
401688291,2025-01-14,BOS,TBL,2.904,2.909,"moneypuck flurryScoreVenueAdj xG, all sit."
401688292,2025-01-14,TOR,DAL,2.235,3.23,"moneypuck flurryScoreVenueAdj xG, all sit."
401688293,2025-01-14,DET,SJS,3.434,4.165,"moneypuck flurryScoreVenueAdj xG, all sit."
401688294,2025-01-14,NJD,FLA,2.885,2.679,"moneypuck flurryScoreVenueAdj xG, all sit."
401688295,2025-01-14,PIT,SEA,3.608,2.605,"moneypuck flurryScoreVenueAdj xG, all sit."
401688296,2025-01-14,WSH,ANA,3.224,1.501,"moneypuck flurryScoreVenueAdj xG, all sit."
401688297,2025-01-14,CBJ,PHI,1.975,2.324,"moneypuck flurryScoreVenueAdj xG, all sit."
401688298,2025-01-14,NYI,OTT,1.181,2.87,"moneypuck flurryScoreVenueAdj xG, all sit."
401688299,2025-01-14,STL,CGY,2.061,1.645,"moneypuck flurryScoreVenueAdj xG, all sit."
401688300,2025-01-14,NSH,VGK,4.06,2.321,"moneypuck flurryScoreVenueAdj xG, all sit."
401688301,2025-01-14,WPG,VAN,3.564,1.464,"moneypuck flurryScoreVenueAdj xG, all sit."
401688302,2025-01-14,COL,NYR,2.299,2.361,"moneypuck flurryScoreVenueAdj xG, all sit."
401688303,2025-01-14,UTA,MTL,4.478,2.904,"moneypuck flurryScoreVenueAdj xG, all sit."
401688304,2025-01-15,BUF,CAR,4.031,3.305,"moneypuck flurryScoreVenueAdj xG, all sit."
401688305,2025-01-15,MIN,EDM,2.43,3.063,"moneypuck flurryScoreVenueAdj xG, all sit."
401688306,2025-01-16,TOR,NJD,2.148,4.301,"moneypuck flurryScoreVenueAdj xG, all sit."
401688307,2025-01-16,OTT,WSH,1.982,2.313,"moneypuck flurryScoreVenueAdj xG, all sit."
401688308,2025-01-16,TBL,ANA,4.21,2.954,"moneypuck flurryScoreVenueAdj xG, all sit."
401688309,2025-01-16,FLA,DET,4.271,3.607,"moneypuck flurryScoreVenueAdj xG, all sit."
401688310,2025-01-16,CBJ,SJS,3.953,1.723,"moneypuck flurryScoreVenueAdj xG, all sit."
401688311,2025-01-16,NYI,PHI,2.506,2.866,"moneypuck flurryScoreVenueAdj xG, all sit."
401688312,2025-01-16,STL,CGY,3.52,1.934,"moneypuck flurryScoreVenueAdj xG, all sit."
401688313,2025-01-16,NSH,CHI,3.233,2.164,"moneypuck flurryScoreVenueAdj xG, all sit."
401688314,2025-01-16,DAL,MTL,3.248,3.214,"moneypuck flurryScoreVenueAdj xG, all sit."
401688315,2025-01-16,WPG,SEA,2.263,1.618,"moneypuck flurryScoreVenueAdj xG, all sit."
401688316,2025-01-16,UTA,NYR,2.939,5.645,"moneypuck flurryScoreVenueAdj xG, all sit."
401688317,2025-01-16,COL,EDM,2.103,2.121,"moneypuck flurryScoreVenueAdj xG, all sit."
401688318,2025-01-16,VAN,LAK,2.093,2.718,"moneypuck flurryScoreVenueAdj xG, all sit."
401688319,2025-01-17,BUF,PIT,3.952,3.036,"moneypuck flurryScoreVenueAdj xG, all sit."
401688320,2025-01-17,CAR,VGK,2.495,3.116,"moneypuck flurryScoreVenueAdj xG, all sit."
401688321,2025-01-18,NJD,PHI,2.218,3.872,"moneypuck flurryScoreVenueAdj xG, all sit."
401688322,2025-01-18,OTT,BOS,3.926,3.791,"moneypuck flurryScoreVenueAdj xG, all sit."
401688323,2025-01-18,COL,DAL,3.039,3.126,"moneypuck flurryScoreVenueAdj xG, all sit."
401688324,2025-01-18,FLA,ANA,4.0,2.825,"moneypuck flurryScoreVenueAdj xG, all sit."
401688325,2025-01-18,MTL,TOR,3.921,4.079,"moneypuck flurryScoreVenueAdj xG, all sit."
401688326,2025-01-18,TBL,DET,3.027,3.25,"moneypuck flurryScoreVenueAdj xG, all sit."
401688327,2025-01-18,NYR,CBJ,2.566,2.381,"moneypuck flurryScoreVenueAdj xG, all sit."
401688328,2025-01-18,WSH,PIT,3.872,1.47,"moneypuck flurryScoreVenueAdj xG, all sit."
401688329,2025-01-18,WPG,CGY,3.968,1.902,"moneypuck flurryScoreVenueAdj xG, all sit."
401688330,2025-01-18,NYI,SJS,3.674,1.74,"moneypuck flurryScoreVenueAdj xG, all sit."
401688331,2025-01-18,CHI,VGK,2.597,3.469,"moneypuck flurryScoreVenueAdj xG, all sit."
401688332,2025-01-18,NSH,MIN,4.245,2.622,"moneypuck flurryScoreVenueAdj xG, all sit."
401688333,2025-01-18,UTA,STL,2.041,2.971,"moneypuck flurryScoreVenueAdj xG, all sit."
401688334,2025-01-18,VAN,EDM,2.55,1.826,"moneypuck flurryScoreVenueAdj xG, all sit."
401688335,2025-01-18,SEA,LAK,3.902,2.919,"moneypuck flurryScoreVenueAdj xG, all sit."
401688336,2025-01-19,NJD,OTT,2.152,1.486,"moneypuck flurryScoreVenueAdj xG, all sit."
401688337,2025-01-19,MTL,NYR,3.87,4.459,"moneypuck flurryScoreVenueAdj xG, all sit."
401688338,2025-01-19,DAL,DET,2.708,2.232,"moneypuck flurryScoreVenueAdj xG, all sit."
401688339,2025-01-20,BOS,SJS,4.871,2.487,"moneypuck flurryScoreVenueAdj xG, all sit."
401688340,2025-01-20,COL,MIN,1.823,2.315,"moneypuck flurryScoreVenueAdj xG, all sit."
401688341,2025-01-20,SEA,BUF,3.946,3.743,"moneypuck flurryScoreVenueAdj xG, all sit."
401688342,2025-01-20,VGK,STL,3.577,2.025,"moneypuck flurryScoreVenueAdj xG, all sit."
401688343,2025-01-20,TOR,TBL,2.8,2.68,"moneypuck flurryScoreVenueAdj xG, all sit."
401688344,2025-01-20,NYI,CBJ,3.032,2.342,"moneypuck flurryScoreVenueAdj xG, all sit."
401688345,2025-01-20,CHI,CAR,2.572,3.931,"moneypuck flurryScoreVenueAdj xG, all sit."
401688346,2025-01-20,UTA,WPG,2.585,1.982,"moneypuck flurryScoreVenueAdj xG, all sit."
401688347,2025-01-20,LAK,PIT,2.186,3.017,"moneypuck flurryScoreVenueAdj xG, all sit."
401688348,2025-01-21,MTL,TBL,2.982,4.274,"moneypuck flurryScoreVenueAdj xG, all sit."
401688349,2025-01-21,NYR,OTT,2.575,1.459,"moneypuck flurryScoreVenueAdj xG, all sit."
401688350,2025-01-21,PHI,DET,3.581,1.912,"moneypuck flurryScoreVenueAdj xG, all sit."
401688351,2025-01-21,NSH,SJS,3.94,2.179,"moneypuck flurryScoreVenueAdj xG, all sit."
401688352,2025-01-21,DAL,CAR,3.811,2.455,"moneypuck flurryScoreVenueAdj xG, all sit."
401688353,2025-01-21,EDM,WSH,4.345,1.86,"moneypuck flurryScoreVenueAdj xG, all sit."
401688354,2025-01-21,VAN,BUF,2.62,1.944,"moneypuck flurryScoreVenueAdj xG, all sit."
401688355,2025-01-21,ANA,FLA,2.396,2.088,"moneypuck flurryScoreVenueAdj xG, all sit."
401688356,2025-01-22,TOR,CBJ,3.718,3.767,"moneypuck flurryScoreVenueAdj xG, all sit."
401688357,2025-01-22,NJD,BOS,3.828,1.845,"moneypuck flurryScoreVenueAdj xG, all sit."
401688358,2025-01-22,COL,WPG,2.911,2.078,"moneypuck flurryScoreVenueAdj xG, all sit."
401688359,2025-01-22,LAK,FLA,3.004,3.073,"moneypuck flurryScoreVenueAdj xG, all sit."
401688360,2025-01-23,BOS,OTT,4.325,2.249,"moneypuck flurryScoreVenueAdj xG, all sit."
401688361,2025-01-23,DET,MTL,4.826,2.273,"moneypuck flurryScoreVenueAdj xG, all sit."
401688362,2025-01-23,NYR,PHI,4.081,3.089,"moneypuck flurryScoreVenueAdj xG, all sit."
401688363,2025-01-23,CAR,CBJ,5.668,1.224,"moneypuck flurryScoreVenueAdj xG, all sit."
401688364,2025-01-23,STL,VGK,1.981,3.857,"moneypuck flurryScoreVenueAdj xG, all sit."
401688365,2025-01-23,MIN,UTA,2.545,3.183,"moneypuck flurryScoreVenueAdj xG, all sit."
401688366,2025-01-23,CGY,BUF,5.432,3.584,"moneypuck flurryScoreVenueAdj xG, all sit."
401688367,2025-01-23,EDM,VAN,4.274,1.479,"moneypuck flurryScoreVenueAdj xG, all sit."
401688368,2025-01-23,ANA,PIT,4.714,2.464,"moneypuck flurryScoreVenueAdj xG, all sit."
401688369,2025-01-23,SEA,WSH,1.901,4.513,"moneypuck flurryScoreVenueAdj xG, all sit."
401688370,2025-01-23,SJS,NSH,2.658,5.232,"moneypuck flurryScoreVenueAdj xG, all sit."
401688371,2025-01-24,NYI,PHI,1.839,2.57,"moneypuck flurryScoreVenueAdj xG, all sit."
401688372,2025-01-24,CHI,TBL,1.811,4.784,"moneypuck flurryScoreVenueAdj xG, all sit."
401688373,2025-01-24,DAL,VGK,3.047,3.745,"moneypuck flurryScoreVenueAdj xG, all sit."
401688374,2025-01-24,WPG,UTA,3.7,2.332,"moneypuck flurryScoreVenueAdj xG, all sit."
401688375,2025-01-25,BOS,COL,1.927,1.829,"moneypuck flurryScoreVenueAdj xG, all sit."
401688376,2025-01-25,EDM,BUF,3.787,4.093,"moneypuck flurryScoreVenueAdj xG, all sit."
401688377,2025-01-25,SEA,PIT,1.724,3.319,"moneypuck flurryScoreVenueAdj xG, all sit."
401688378,2025-01-25,MTL,NJD,3.282,4.1,"moneypuck flurryScoreVenueAdj xG, all sit."
401688379,2025-01-25,OTT,TOR,2.146,2.737,"moneypuck flurryScoreVenueAdj xG, all sit."
401688380,2025-01-25,DET,TBL,4.516,3.934,"moneypuck flurryScoreVenueAdj xG, all sit."
401688381,2025-01-25,CBJ,LAK,2.127,4.512,"moneypuck flurryScoreVenueAdj xG, all sit."
401688382,2025-01-25,STL,DAL,2.511,1.923,"moneypuck flurryScoreVenueAdj xG, all sit."
401688383,2025-01-25,MIN,CGY,2.157,3.672,"moneypuck flurryScoreVenueAdj xG, all sit."
401688384,2025-01-25,NYI,CAR,1.631,3.391,"moneypuck flurryScoreVenueAdj xG, all sit."
401688385,2025-01-25,VAN,WSH,2.13,2.736,"moneypuck flurryScoreVenueAdj xG, all sit."
401688386,2025-01-25,ANA,NSH,4.605,3.823,"moneypuck flurryScoreVenueAdj xG, all sit."
401688387,2025-01-25,SJS,FLA,2.316,4.907,"moneypuck flurryScoreVenueAdj xG, all sit."
401688388,2025-01-26,NYR,COL,3.012,3.093,"moneypuck flurryScoreVenueAdj xG, all sit."
401688389,2025-01-26,OTT,UTA,2.504,2.735,"moneypuck flurryScoreVenueAdj xG, all sit."
401688390,2025-01-26,WPG,CGY,2.043,2.219,"moneypuck flurryScoreVenueAdj xG, all sit."
401688391,2025-01-26,CHI,MIN,1.774,3.695,"moneypuck flurryScoreVenueAdj xG, all sit."
401688392,2025-01-26,VGK,FLA,4.053,4.538,"moneypuck flurryScoreVenueAdj xG, all sit."
401688393,2025-01-27,DET,LAK,3.717,4.167,"moneypuck flurryScoreVenueAdj xG, all sit."
401688394,2025-01-27,PHI,NJD,2.433,2.463,"moneypuck flurryScoreVenueAdj xG, all sit."
401688395,2025-01-27,STL,VAN,2.159,4.408,"moneypuck flurryScoreVenueAdj xG, all sit."
401688396,2025-01-27,EDM,SEA,2.635,2.813,"moneypuck flurryScoreVenueAdj xG, all sit."
401688397,2025-01-27,SJS,PIT,2.072,3.701,"moneypuck flurryScoreVenueAdj xG, all sit."
401688398,2025-01-28,BUF,BOS,3.23,3.265,"moneypuck flurryScoreVenueAdj xG, all sit."
401688399,2025-01-28,MTL,WPG,2.441,3.141,"moneypuck flurryScoreVenueAdj xG, all sit."
401688400,2025-01-28,TBL,CHI,3.739,3.423,"moneypuck flurryScoreVenueAdj xG, all sit."
401688401,2025-01-28,NYR,CAR,2.453,2.079,"moneypuck flurryScoreVenueAdj xG, all sit."
401688402,2025-01-28,NYI,COL,3.209,3.02,"moneypuck flurryScoreVenueAdj xG, all sit."
401688403,2025-01-28,CGY,WSH,2.604,3.813,"moneypuck flurryScoreVenueAdj xG, all sit."
401688404,2025-01-28,VGK,DAL,2.629,2.759,"moneypuck flurryScoreVenueAdj xG, all sit."
401688405,2025-01-28,SEA,ANA,2.454,2.291,"moneypuck flurryScoreVenueAdj xG, all sit."
401688406,2025-01-29,TOR,MIN,2.285,3.658,"moneypuck flurryScoreVenueAdj xG, all sit."
401688407,2025-01-29,FLA,LAK,3.794,2.134,"moneypuck flurryScoreVenueAdj xG, all sit."
401688408,2025-01-29,NJD,PHI,3.014,5.061,"moneypuck flurryScoreVenueAdj xG, all sit."
401688409,2025-01-29,NSH,VAN,2.382,2.11,"moneypuck flurryScoreVenueAdj xG, all sit."
401688410,2025-01-29,UTA,PIT,3.036,2.603,"moneypuck flurryScoreVenueAdj xG, all sit."
401688411,2025-01-30,BOS,WPG,2.604,4.115,"moneypuck flurryScoreVenueAdj xG, all sit."
401688412,2025-01-30,MTL,MIN,2.057,4.018,"moneypuck flurryScoreVenueAdj xG, all sit."
401688413,2025-01-30,OTT,WSH,2.667,3.724,"moneypuck flurryScoreVenueAdj xG, all sit."
401688414,2025-01-30,TBL,LAK,4.698,1.734,"moneypuck flurryScoreVenueAdj xG, all sit."
401688415,2025-01-30,PHI,NYI,2.011,1.96,"moneypuck flurryScoreVenueAdj xG, all sit."
401688416,2025-01-30,CAR,CHI,3.048,1.752,"moneypuck flurryScoreVenueAdj xG, all sit."
401688417,2025-01-30,CGY,ANA,2.643,1.537,"moneypuck flurryScoreVenueAdj xG, all sit."
401688418,2025-01-30,EDM,DET,5.073,2.576,"moneypuck flurryScoreVenueAdj xG, all sit."
401688419,2025-01-30,VGK,CBJ,2.412,2.175,"moneypuck flurryScoreVenueAdj xG, all sit."
401688420,2025-01-30,SEA,SJS,2.884,2.013,"moneypuck flurryScoreVenueAdj xG, all sit."
401688421,2025-01-31,BUF,NSH,3.374,2.645,"moneypuck flurryScoreVenueAdj xG, all sit."
401688422,2025-01-31,DAL,VAN,3.381,2.176,"moneypuck flurryScoreVenueAdj xG, all sit."
401688423,2025-01-31,COL,STL,2.738,1.179,"moneypuck flurryScoreVenueAdj xG, all sit."
401688424,2025-01-31,UTA,CBJ,3.713,1.283,"moneypuck flurryScoreVenueAdj xG, all sit."
401688425,2025-02-01,FLA,CHI,4.976,1.513,"moneypuck flurryScoreVenueAdj xG, all sit."
401688426,2025-02-01,BOS,NYR,3.391,3.473,"moneypuck flurryScoreVenueAdj xG, all sit."
401688427,2025-02-01,OTT,MIN,4.157,0.902,"moneypuck flurryScoreVenueAdj xG, all sit."
401688428,2025-02-01,TBL,NYI,4.292,3.021,"moneypuck flurryScoreVenueAdj xG, all sit."
401688429,2025-02-01,PIT,NSH,3.811,3.358,"moneypuck flurryScoreVenueAdj xG, all sit."
401688430,2025-02-01,WSH,WPG,2.107,3.734,"moneypuck flurryScoreVenueAdj xG, all sit."
401688431,2025-02-01,CAR,LAK,2.923,2.56,"moneypuck flurryScoreVenueAdj xG, all sit."
401688432,2025-02-01,EDM,TOR,3.02,3.185,"moneypuck flurryScoreVenueAdj xG, all sit."
401688433,2025-02-01,CGY,DET,2.436,3.466,"moneypuck flurryScoreVenueAdj xG, all sit."
401688434,2025-02-02,BUF,NJD,3.53,3.131,"moneypuck flurryScoreVenueAdj xG, all sit."
401688435,2025-02-02,COL,PHI,2.33,2.182,"moneypuck flurryScoreVenueAdj xG, all sit."
401688436,2025-02-02,ANA,MTL,1.784,2.718,"moneypuck flurryScoreVenueAdj xG, all sit."
401688437,2025-02-02,FLA,NYI,4.081,4.078,"moneypuck flurryScoreVenueAdj xG, all sit."
401688438,2025-02-02,NYR,VGK,2.131,3.542,"moneypuck flurryScoreVenueAdj xG, all sit."
401688439,2025-02-02,DAL,CBJ,3.348,2.443,"moneypuck flurryScoreVenueAdj xG, all sit."
401688440,2025-02-02,UTA,STL,2.542,3.769,"moneypuck flurryScoreVenueAdj xG, all sit."
401688441,2025-02-02,VAN,DET,2.488,1.163,"moneypuck flurryScoreVenueAdj xG, all sit."
401688442,2025-02-02,SEA,CGY,3.082,4.405,"moneypuck flurryScoreVenueAdj xG, all sit."
401688443,2025-02-03,NSH,OTT,2.366,4.681,"moneypuck flurryScoreVenueAdj xG, all sit."
401688444,2025-02-04,BOS,MIN,2.94,3.176,"moneypuck flurryScoreVenueAdj xG, all sit."
401688445,2025-02-04,BUF,CBJ,2.406,2.458,"moneypuck flurryScoreVenueAdj xG, all sit."
401688446,2025-02-04,TBL,OTT,4.725,2.541,"moneypuck flurryScoreVenueAdj xG, all sit."
401688447,2025-02-04,PIT,NJD,2.697,2.646,"moneypuck flurryScoreVenueAdj xG, all sit."
401688448,2025-02-04,WSH,FLA,2.675,3.323,"moneypuck flurryScoreVenueAdj xG, all sit."
401688449,2025-02-04,NYI,VGK,1.084,3.388,"moneypuck flurryScoreVenueAdj xG, all sit."
401688450,2025-02-04,STL,EDM,2.351,4.048,"moneypuck flurryScoreVenueAdj xG, all sit."
401688451,2025-02-04,WPG,CAR,3.704,3.276,"moneypuck flurryScoreVenueAdj xG, all sit."
401688452,2025-02-04,CGY,TOR,2.685,4.945,"moneypuck flurryScoreVenueAdj xG, all sit."
401688453,2025-02-04,UTA,PHI,4.219,1.994,"moneypuck flurryScoreVenueAdj xG, all sit."
401688454,2025-02-04,VAN,COL,3.505,2.012,"moneypuck flurryScoreVenueAdj xG, all sit."
401688455,2025-02-04,ANA,DAL,3.87,2.522,"moneypuck flurryScoreVenueAdj xG, all sit."
401688456,2025-02-04,SEA,DET,2.362,4.399,"moneypuck flurryScoreVenueAdj xG, all sit."
401688457,2025-02-04,SJS,MTL,3.683,4.026,"moneypuck flurryScoreVenueAdj xG, all sit."
401688458,2025-02-05,NYR,BOS,2.925,1.574,"moneypuck flurryScoreVenueAdj xG, all sit."
401688459,2025-02-05,CHI,EDM,2.443,2.835,"moneypuck flurryScoreVenueAdj xG, all sit."
401688460,2025-02-05,LAK,MTL,5.035,1.344,"moneypuck flurryScoreVenueAdj xG, all sit."
401688461,2025-02-06,TBL,OTT,3.113,1.743,"moneypuck flurryScoreVenueAdj xG, all sit."
401688462,2025-02-06,NJD,VGK,1.477,3.769,"moneypuck flurryScoreVenueAdj xG, all sit."
401688463,2025-02-06,PHI,WSH,2.981,1.312,"moneypuck flurryScoreVenueAdj xG, all sit."
401688464,2025-02-06,CBJ,UTA,2.505,2.87,"moneypuck flurryScoreVenueAdj xG, all sit."
401688465,2025-02-06,STL,FLA,2.441,4.055,"moneypuck flurryScoreVenueAdj xG, all sit."
401688466,2025-02-06,MIN,CAR,2.258,3.294,"moneypuck flurryScoreVenueAdj xG, all sit."
401688467,2025-02-06,CGY,COL,1.902,4.438,"moneypuck flurryScoreVenueAdj xG, all sit."
401688468,2025-02-06,SEA,TOR,2.464,3.966,"moneypuck flurryScoreVenueAdj xG, all sit."
401688469,2025-02-06,SJS,VAN,3.776,2.288,"moneypuck flurryScoreVenueAdj xG, all sit."
401688470,2025-02-07,NYR,PIT,1.836,2.595,"moneypuck flurryScoreVenueAdj xG, all sit."
401688471,2025-02-07,WPG,NYI,2.049,2.207,"moneypuck flurryScoreVenueAdj xG, all sit."
401688472,2025-02-07,CHI,NSH,2.925,3.129,"moneypuck flurryScoreVenueAdj xG, all sit."
401688473,2025-02-07,EDM,COL,2.863,4.522,"moneypuck flurryScoreVenueAdj xG, all sit."
401688474,2025-02-07,LAK,DAL,3.523,3.129,"moneypuck flurryScoreVenueAdj xG, all sit."
401688475,2025-02-08,MTL,NJD,3.343,1.888,"moneypuck flurryScoreVenueAdj xG, all sit."
401688476,2025-02-08,DET,TBL,4.261,2.683,"moneypuck flurryScoreVenueAdj xG, all sit."
401688477,2025-02-08,CAR,UTA,4.407,4.613,"moneypuck flurryScoreVenueAdj xG, all sit."
401688478,2025-02-08,BOS,VGK,2.476,4.643,"moneypuck flurryScoreVenueAdj xG, all sit."
401688479,2025-02-08,FLA,OTT,6.22,2.805,"moneypuck flurryScoreVenueAdj xG, all sit."
401688480,2025-02-08,PHI,PIT,1.76,3.739,"moneypuck flurryScoreVenueAdj xG, all sit."
401688481,2025-02-08,CBJ,NYR,2.555,2.849,"moneypuck flurryScoreVenueAdj xG, all sit."
401688482,2025-02-08,STL,CHI,3.014,1.581,"moneypuck flurryScoreVenueAdj xG, all sit."
401688483,2025-02-08,VAN,TOR,5.027,1.715,"moneypuck flurryScoreVenueAdj xG, all sit."
401688484,2025-02-08,NSH,BUF,2.82,3.893,"moneypuck flurryScoreVenueAdj xG, all sit."
401688485,2025-02-08,MIN,NYI,2.799,3.301,"moneypuck flurryScoreVenueAdj xG, all sit."
401688486,2025-02-08,CGY,SEA,1.981,2.113,"moneypuck flurryScoreVenueAdj xG, all sit."
401688487,2025-02-08,LAK,ANA,4.252,2.593,"moneypuck flurryScoreVenueAdj xG, all sit."
401688488,2025-02-08,SJS,DAL,2.623,3.853,"moneypuck flurryScoreVenueAdj xG, all sit."
401688489,2025-02-09,WSH,UTA,3.717,3.216,"moneypuck flurryScoreVenueAdj xG, all sit."
401688490,2025-02-09,MTL,TBL,3.537,3.579,"moneypuck flurryScoreVenueAdj xG, all sit."
401688491,2025-02-22,PHI,EDM,3.89,2.335,"moneypuck flurryScoreVenueAdj xG, all sit."
401688492,2025-02-22,PIT,WSH,3.547,3.925,"moneypuck flurryScoreVenueAdj xG, all sit."
401688493,2025-02-22,DET,MIN,4.002,5.418,"moneypuck flurryScoreVenueAdj xG, all sit."
401688494,2025-02-22,BUF,NYR,2.496,2.503,"moneypuck flurryScoreVenueAdj xG, all sit."
401688495,2025-02-22,FLA,SEA,2.959,2.19,"moneypuck flurryScoreVenueAdj xG, all sit."
401688496,2025-02-22,NJD,DAL,3.396,4.248,"moneypuck flurryScoreVenueAdj xG, all sit."
401688497,2025-02-22,NSH,COL,1.712,2.964,"moneypuck flurryScoreVenueAdj xG, all sit."
401688498,2025-02-22,BOS,ANA,2.322,2.398,"moneypuck flurryScoreVenueAdj xG, all sit."
401688499,2025-02-22,TOR,CAR,4.477,3.027,"moneypuck flurryScoreVenueAdj xG, all sit."
401688500,2025-02-22,OTT,MTL,2.432,3.053,"moneypuck flurryScoreVenueAdj xG, all sit."
401688501,2025-02-22,CBJ,CHI,2.062,2.64,"moneypuck flurryScoreVenueAdj xG, all sit."
401688502,2025-02-22,STL,WPG,2.672,1.796,"moneypuck flurryScoreVenueAdj xG, all sit."
401688503,2025-02-22,LAK,UTA,2.768,3.997,"moneypuck flurryScoreVenueAdj xG, all sit."
401688504,2025-02-22,VGK,VAN,4.373,2.587,"moneypuck flurryScoreVenueAdj xG, all sit."
401688505,2025-02-23,WSH,EDM,4.187,2.569,"moneypuck flurryScoreVenueAdj xG, all sit."
401688506,2025-02-23,PIT,NYR,4.695,2.77,"moneypuck flurryScoreVenueAdj xG, all sit."
401688507,2025-02-23,DET,ANA,4.679,3.562,"moneypuck flurryScoreVenueAdj xG, all sit."
401688508,2025-02-23,TBL,SEA,3.373,2.784,"moneypuck flurryScoreVenueAdj xG, all sit."
401688509,2025-02-23,STL,COL,2.45,2.252,"moneypuck flurryScoreVenueAdj xG, all sit."
401688510,2025-02-23,NSH,NJD,3.798,3.708,"moneypuck flurryScoreVenueAdj xG, all sit."
401688511,2025-02-23,CHI,TOR,1.044,4.236,"moneypuck flurryScoreVenueAdj xG, all sit."
401688512,2025-02-23,NYI,DAL,3.605,4.206,"moneypuck flurryScoreVenueAdj xG, all sit."
401688513,2025-02-23,CGY,SJS,3.439,2.545,"moneypuck flurryScoreVenueAdj xG, all sit."
401688514,2025-02-23,UTA,VAN,3.403,2.092,"moneypuck flurryScoreVenueAdj xG, all sit."
401688515,2025-02-24,WPG,SJS,2.865,2.824,"moneypuck flurryScoreVenueAdj xG, all sit."
401688516,2025-02-24,LAK,VGK,2.037,2.008,"moneypuck flurryScoreVenueAdj xG, all sit."
401688517,2025-02-25,BOS,TOR,4.528,3.88,"moneypuck flurryScoreVenueAdj xG, all sit."
401688518,2025-02-25,BUF,ANA,4.978,4.061,"moneypuck flurryScoreVenueAdj xG, all sit."
401688519,2025-02-25,MTL,CAR,2.176,2.374,"moneypuck flurryScoreVenueAdj xG, all sit."
401688520,2025-02-25,TBL,EDM,3.704,1.892,"moneypuck flurryScoreVenueAdj xG, all sit."
401688521,2025-02-25,PHI,PIT,2.965,2.48,"moneypuck flurryScoreVenueAdj xG, all sit."
401688522,2025-02-25,WSH,CGY,2.795,2.676,"moneypuck flurryScoreVenueAdj xG, all sit."
401688523,2025-02-25,CBJ,DAL,3.528,3.723,"moneypuck flurryScoreVenueAdj xG, all sit."
401688524,2025-02-25,NYI,NYR,3.127,1.631,"moneypuck flurryScoreVenueAdj xG, all sit."
401688525,2025-02-25,STL,SEA,2.207,1.659,"moneypuck flurryScoreVenueAdj xG, all sit."
401688526,2025-02-25,NSH,FLA,1.927,3.17,"moneypuck flurryScoreVenueAdj xG, all sit."
401688527,2025-02-25,MIN,DET,3.042,1.392,"moneypuck flurryScoreVenueAdj xG, all sit."
401688528,2025-02-25,UTA,CHI,4.135,2.416,"moneypuck flurryScoreVenueAdj xG, all sit."
401688529,2025-02-26,OTT,WPG,1.994,5.461,"moneypuck flurryScoreVenueAdj xG, all sit."
401688530,2025-02-26,COL,NJD,3.532,1.725,"moneypuck flurryScoreVenueAdj xG, all sit."
401688531,2025-02-26,LAK,VAN,3.384,1.697,"moneypuck flurryScoreVenueAdj xG, all sit."
401688532,2025-02-27,BOS,NYI,4.391,2.299,"moneypuck flurryScoreVenueAdj xG, all sit."
401688533,2025-02-27,MTL,SJS,2.588,3.286,"moneypuck flurryScoreVenueAdj xG, all sit."
401688534,2025-02-27,DET,CBJ,2.526,6.01,"moneypuck flurryScoreVenueAdj xG, all sit."
401688535,2025-02-27,TBL,CGY,3.455,2.382,"moneypuck flurryScoreVenueAdj xG, all sit."
401688536,2025-02-27,FLA,EDM,3.355,2.282,"moneypuck flurryScoreVenueAdj xG, all sit."
401688537,2025-02-27,PIT,PHI,2.382,4.431,"moneypuck flurryScoreVenueAdj xG, all sit."
401688538,2025-02-27,WSH,STL,1.697,2.449,"moneypuck flurryScoreVenueAdj xG, all sit."
401688539,2025-02-27,CAR,BUF,5.245,2.034,"moneypuck flurryScoreVenueAdj xG, all sit."
401688540,2025-02-27,NSH,WPG,3.588,2.762,"moneypuck flurryScoreVenueAdj xG, all sit."
401688541,2025-02-27,UTA,MIN,3.4,2.661,"moneypuck flurryScoreVenueAdj xG, all sit."
401688542,2025-02-27,VGK,CHI,3.109,2.457,"moneypuck flurryScoreVenueAdj xG, all sit."
401688543,2025-02-27,ANA,VAN,2.653,1.519,"moneypuck flurryScoreVenueAdj xG, all sit."
401688544,2025-02-28,NYR,TOR,3.263,3.679,"moneypuck flurryScoreVenueAdj xG, all sit."
401688545,2025-02-28,DAL,LAK,3.975,2.272,"moneypuck flurryScoreVenueAdj xG, all sit."
401688546,2025-02-28,COL,MIN,2.183,2.687,"moneypuck flurryScoreVenueAdj xG, all sit."
401688547,2025-03-01,NYI,NSH,4.262,3.782,"moneypuck flurryScoreVenueAdj xG, all sit."
401688548,2025-03-01,WSH,TBL,1.804,2.714,"moneypuck flurryScoreVenueAdj xG, all sit."
401688549,2025-03-01,CBJ,DET,3.957,3.808,"moneypuck flurryScoreVenueAdj xG, all sit."
401688550,2025-03-01,FLA,CGY,3.551,2.513,"moneypuck flurryScoreVenueAdj xG, all sit."
401688551,2025-03-01,PIT,BOS,3.187,3.02,"moneypuck flurryScoreVenueAdj xG, all sit."
401688552,2025-03-01,BUF,MTL,2.01,4.554,"moneypuck flurryScoreVenueAdj xG, all sit."
401688553,2025-03-01,OTT,SJS,3.206,3.907,"moneypuck flurryScoreVenueAdj xG, all sit."
401688554,2025-03-01,CAR,EDM,3.6,4.026,"moneypuck flurryScoreVenueAdj xG, all sit."
401688555,2025-03-01,WPG,PHI,2.743,2.752,"moneypuck flurryScoreVenueAdj xG, all sit."
401688556,2025-03-01,STL,LAK,3.013,2.454,"moneypuck flurryScoreVenueAdj xG, all sit."
401688557,2025-03-01,UTA,NJD,2.245,2.498,"moneypuck flurryScoreVenueAdj xG, all sit."
401688558,2025-03-01,ANA,CHI,3.102,5.074,"moneypuck flurryScoreVenueAdj xG, all sit."
401688559,2025-03-01,SEA,VAN,1.972,3.906,"moneypuck flurryScoreVenueAdj xG, all sit."
401688560,2025-03-02,PIT,TOR,2.79,2.862,"moneypuck flurryScoreVenueAdj xG, all sit."
401688561,2025-03-02,MIN,BOS,1.647,2.003,"moneypuck flurryScoreVenueAdj xG, all sit."
401688562,2025-03-02,CAR,CGY,4.057,1.754,"moneypuck flurryScoreVenueAdj xG, all sit."
401688563,2025-03-02,DAL,STL,2.934,3.858,"moneypuck flurryScoreVenueAdj xG, all sit."
401688564,2025-03-02,NYR,NSH,2.558,3.476,"moneypuck flurryScoreVenueAdj xG, all sit."
401688565,2025-03-02,VGK,NJD,3.034,2.612,"moneypuck flurryScoreVenueAdj xG, all sit."
401688566,2025-03-03,WSH,OTT,4.123,4.324,"moneypuck flurryScoreVenueAdj xG, all sit."
401688567,2025-03-03,MTL,BUF,2.679,4.853,"moneypuck flurryScoreVenueAdj xG, all sit."
401688568,2025-03-03,FLA,TBL,2.879,2.548,"moneypuck flurryScoreVenueAdj xG, all sit."
401688569,2025-03-03,NYR,NYI,3.568,2.244,"moneypuck flurryScoreVenueAdj xG, all sit."
401688570,2025-03-03,TOR,SJS,3.19,2.589,"moneypuck flurryScoreVenueAdj xG, all sit."
401688571,2025-03-03,CHI,LAK,2.868,3.859,"moneypuck flurryScoreVenueAdj xG, all sit."
401688572,2025-03-04,BOS,NSH,1.538,3.858,"moneypuck flurryScoreVenueAdj xG, all sit."
401688573,2025-03-04,BUF,SJS,1.993,2.839,"moneypuck flurryScoreVenueAdj xG, all sit."
401688574,2025-03-04,DET,CAR,2.464,3.35,"moneypuck flurryScoreVenueAdj xG, all sit."
401688575,2025-03-04,TBL,CBJ,3.709,2.585,"moneypuck flurryScoreVenueAdj xG, all sit."
401688576,2025-03-04,PHI,CGY,2.468,3.217,"moneypuck flurryScoreVenueAdj xG, all sit."
401688577,2025-03-04,NYI,WPG,2.234,3.731,"moneypuck flurryScoreVenueAdj xG, all sit."
401688578,2025-03-04,DAL,NJD,2.455,3.598,"moneypuck flurryScoreVenueAdj xG, all sit."
401688579,2025-03-04,COL,PIT,3.405,2.732,"moneypuck flurryScoreVenueAdj xG, all sit."
401688580,2025-03-04,EDM,ANA,3.44,2.507,"moneypuck flurryScoreVenueAdj xG, all sit."
401688581,2025-03-04,SEA,MIN,3.109,3.458,"moneypuck flurryScoreVenueAdj xG, all sit."
401688582,2025-03-05,NYR,WSH,2.962,2.845,"moneypuck flurryScoreVenueAdj xG, all sit."
401688583,2025-03-05,CHI,OTT,1.6,2.952,"moneypuck flurryScoreVenueAdj xG, all sit."
401688584,2025-03-05,VGK,TOR,3.723,2.87,"moneypuck flurryScoreVenueAdj xG, all sit."
401688585,2025-03-05,VAN,ANA,2.741,1.638,"moneypuck flurryScoreVenueAdj xG, all sit."
401688586,2025-03-05,LAK,STL,2.192,3.412,"moneypuck flurryScoreVenueAdj xG, all sit."
401688587,2025-03-06,DET,UTA,4.427,2.572,"moneypuck flurryScoreVenueAdj xG, all sit."
401688588,2025-03-06,TBL,BUF,2.453,2.346,"moneypuck flurryScoreVenueAdj xG, all sit."
401688589,2025-03-06,FLA,CBJ,4.408,1.319,"moneypuck flurryScoreVenueAdj xG, all sit."
401688590,2025-03-06,PHI,WPG,1.65,4.145,"moneypuck flurryScoreVenueAdj xG, all sit."
401688591,2025-03-06,CAR,BOS,2.017,2.293,"moneypuck flurryScoreVenueAdj xG, all sit."
401688592,2025-03-06,NSH,SEA,3.958,2.145,"moneypuck flurryScoreVenueAdj xG, all sit."
401688593,2025-03-06,DAL,CGY,2.456,1.708,"moneypuck flurryScoreVenueAdj xG, all sit."
401688594,2025-03-06,EDM,MTL,2.605,2.37,"moneypuck flurryScoreVenueAdj xG, all sit."
401688595,2025-03-06,COL,SJS,3.884,2.618,"moneypuck flurryScoreVenueAdj xG, all sit."
401688596,2025-03-07,NJD,WPG,2.309,3.698,"moneypuck flurryScoreVenueAdj xG, all sit."
401688597,2025-03-07,WSH,DET,2.39,1.93,"moneypuck flurryScoreVenueAdj xG, all sit."
401688598,2025-03-07,CHI,UTA,1.818,4.161,"moneypuck flurryScoreVenueAdj xG, all sit."
401688599,2025-03-07,VAN,MIN,2.306,3.451,"moneypuck flurryScoreVenueAdj xG, all sit."
401688600,2025-03-07,VGK,PIT,3.961,1.723,"moneypuck flurryScoreVenueAdj xG, all sit."
401688601,2025-03-07,ANA,STL,3.053,2.706,"moneypuck flurryScoreVenueAdj xG, all sit."
401688602,2025-03-08,OTT,NYR,4.089,1.701,"moneypuck flurryScoreVenueAdj xG, all sit."
401688603,2025-03-08,PHI,SEA,2.706,2.604,"moneypuck flurryScoreVenueAdj xG, all sit."
401688604,2025-03-08,TBL,BOS,2.042,2.626,"moneypuck flurryScoreVenueAdj xG, all sit."
401688605,2025-03-08,FLA,BUF,4.772,1.976,"moneypuck flurryScoreVenueAdj xG, all sit."
401688606,2025-03-08,COL,TOR,3.664,1.939,"moneypuck flurryScoreVenueAdj xG, all sit."
401688607,2025-03-08,CGY,MTL,1.439,2.493,"moneypuck flurryScoreVenueAdj xG, all sit."
401688608,2025-03-08,NSH,CHI,4.022,1.547,"moneypuck flurryScoreVenueAdj xG, all sit."
401688609,2025-03-08,LAK,STL,2.851,1.52,"moneypuck flurryScoreVenueAdj xG, all sit."
401688610,2025-03-08,EDM,DAL,3.14,3.232,"moneypuck flurryScoreVenueAdj xG, all sit."
401688611,2025-03-08,SJS,NYI,3.51,2.911,"moneypuck flurryScoreVenueAdj xG, all sit."
401688612,2025-03-09,PHI,NJD,1.245,2.531,"moneypuck flurryScoreVenueAdj xG, all sit."
401688613,2025-03-09,WSH,SEA,2.592,4.233,"moneypuck flurryScoreVenueAdj xG, all sit."
401688614,2025-03-09,MIN,PIT,3.359,2.286,"moneypuck flurryScoreVenueAdj xG, all sit."
401688615,2025-03-09,CAR,WPG,3.629,2.596,"moneypuck flurryScoreVenueAdj xG, all sit."
401688616,2025-03-09,NYR,CBJ,3.883,2.584,"moneypuck flurryScoreVenueAdj xG, all sit."
401688617,2025-03-09,VGK,LAK,1.923,3.98,"moneypuck flurryScoreVenueAdj xG, all sit."
401688618,2025-03-09,VAN,DAL,2.959,2.619,"moneypuck flurryScoreVenueAdj xG, all sit."
401688619,2025-03-09,ANA,NYI,3.593,2.576,"moneypuck flurryScoreVenueAdj xG, all sit."
401688620,2025-03-10,BUF,EDM,2.217,3.091,"moneypuck flurryScoreVenueAdj xG, all sit."
401688621,2025-03-10,OTT,DET,2.738,3.911,"moneypuck flurryScoreVenueAdj xG, all sit."
401688622,2025-03-10,COL,CHI,2.85,1.577,"moneypuck flurryScoreVenueAdj xG, all sit."
401688623,2025-03-10,UTA,TOR,3.524,2.467,"moneypuck flurryScoreVenueAdj xG, all sit."
401688624,2025-03-11,BOS,FLA,2.402,4.01,"moneypuck flurryScoreVenueAdj xG, all sit."
401688625,2025-03-11,NJD,CBJ,2.671,1.336,"moneypuck flurryScoreVenueAdj xG, all sit."
401688626,2025-03-11,PHI,OTT,2.057,3.986,"moneypuck flurryScoreVenueAdj xG, all sit."
401688627,2025-03-11,PIT,VGK,2.978,3.032,"moneypuck flurryScoreVenueAdj xG, all sit."
401688628,2025-03-11,CAR,TBL,3.168,2.333,"moneypuck flurryScoreVenueAdj xG, all sit."
401688629,2025-03-11,MIN,COL,1.639,2.455,"moneypuck flurryScoreVenueAdj xG, all sit."
401688630,2025-03-11,WPG,NYR,2.926,3.209,"moneypuck flurryScoreVenueAdj xG, all sit."
401688631,2025-03-11,VAN,MTL,3.79,3.349,"moneypuck flurryScoreVenueAdj xG, all sit."
401688632,2025-03-11,ANA,WSH,3.317,5.171,"moneypuck flurryScoreVenueAdj xG, all sit."
401688633,2025-03-11,LAK,NYI,2.578,2.9,"moneypuck flurryScoreVenueAdj xG, all sit."
401688634,2025-03-11,SJS,NSH,2.608,2.609,"moneypuck flurryScoreVenueAdj xG, all sit."
401688635,2025-03-12,DET,BUF,4.341,2.557,"moneypuck flurryScoreVenueAdj xG, all sit."
401688636,2025-03-12,CGY,VAN,2.025,4.385,"moneypuck flurryScoreVenueAdj xG, all sit."
401688637,2025-03-12,UTA,ANA,5.223,3.445,"moneypuck flurryScoreVenueAdj xG, all sit."
401688638,2025-03-12,SEA,MTL,3.665,2.201,"moneypuck flurryScoreVenueAdj xG, all sit."
401688639,2025-03-13,TOR,FLA,2.766,3.228,"moneypuck flurryScoreVenueAdj xG, all sit."
401688640,2025-03-13,OTT,BOS,4.619,1.733,"moneypuck flurryScoreVenueAdj xG, all sit."
401688641,2025-03-13,NJD,EDM,2.446,3.401,"moneypuck flurryScoreVenueAdj xG, all sit."
401688642,2025-03-13,PHI,TBL,2.882,2.223,"moneypuck flurryScoreVenueAdj xG, all sit."
401688643,2025-03-13,PIT,STL,2.288,4.049,"moneypuck flurryScoreVenueAdj xG, all sit."
401688644,2025-03-13,CBJ,VGK,2.029,3.875,"moneypuck flurryScoreVenueAdj xG, all sit."
401688645,2025-03-13,MIN,NYR,2.84,2.296,"moneypuck flurryScoreVenueAdj xG, all sit."
401688646,2025-03-13,LAK,WSH,2.136,1.976,"moneypuck flurryScoreVenueAdj xG, all sit."
401688647,2025-03-13,SJS,CHI,2.884,2.202,"moneypuck flurryScoreVenueAdj xG, all sit."
401688648,2025-03-14,CAR,DET,3.17,2.569,"moneypuck flurryScoreVenueAdj xG, all sit."
401688649,2025-03-14,NYI,EDM,1.535,3.152,"moneypuck flurryScoreVenueAdj xG, all sit."
401688650,2025-03-14,WPG,DAL,2.151,1.634,"moneypuck flurryScoreVenueAdj xG, all sit."
401688651,2025-03-14,CGY,COL,2.26,3.103,"moneypuck flurryScoreVenueAdj xG, all sit."
401688652,2025-03-14,ANA,NSH,1.749,2.504,"moneypuck flurryScoreVenueAdj xG, all sit."
401688653,2025-03-14,SEA,UTA,3.715,2.404,"moneypuck flurryScoreVenueAdj xG, all sit."
401688654,2025-03-15,BUF,VGK,2.338,2.179,"moneypuck flurryScoreVenueAdj xG, all sit."
401688655,2025-03-15,PIT,NJD,4.222,3.583,"moneypuck flurryScoreVenueAdj xG, all sit."
401688656,2025-03-15,SJS,WSH,1.712,2.663,"moneypuck flurryScoreVenueAdj xG, all sit."
401688657,2025-03-15,BOS,TBL,0.986,5.427,"moneypuck flurryScoreVenueAdj xG, all sit."
401688658,2025-03-15,TOR,OTT,2.282,3.748,"moneypuck flurryScoreVenueAdj xG, all sit."
401688659,2025-03-15,MTL,FLA,2.884,2.303,"moneypuck flurryScoreVenueAdj xG, all sit."
401688660,2025-03-15,PHI,CAR,2.138,3.947,"moneypuck flurryScoreVenueAdj xG, all sit."
401688661,2025-03-15,CBJ,NYR,2.739,2.362,"moneypuck flurryScoreVenueAdj xG, all sit."
401688662,2025-03-15,MIN,STL,1.648,4.169,"moneypuck flurryScoreVenueAdj xG, all sit."
401688663,2025-03-15,LAK,NSH,2.26,1.833,"moneypuck flurryScoreVenueAdj xG, all sit."
401688664,2025-03-15,VAN,CHI,0.982,1.517,"moneypuck flurryScoreVenueAdj xG, all sit."
401688665,2025-03-16,DET,VGK,3.154,1.48,"moneypuck flurryScoreVenueAdj xG, all sit."
401688666,2025-03-16,COL,DAL,3.286,2.09,"moneypuck flurryScoreVenueAdj xG, all sit."
401688667,2025-03-16,STL,ANA,3.096,1.273,"moneypuck flurryScoreVenueAdj xG, all sit."
401688668,2025-03-16,NYR,EDM,3.475,2.218,"moneypuck flurryScoreVenueAdj xG, all sit."
401688669,2025-03-16,NYI,FLA,3.054,2.877,"moneypuck flurryScoreVenueAdj xG, all sit."
401688670,2025-03-16,VAN,UTA,1.471,2.98,"moneypuck flurryScoreVenueAdj xG, all sit."
401688671,2025-03-16,SEA,WPG,3.041,3.075,"moneypuck flurryScoreVenueAdj xG, all sit."
401688672,2025-03-17,BOS,BUF,1.932,2.584,"moneypuck flurryScoreVenueAdj xG, all sit."
401688673,2025-03-17,TBL,PHI,3.153,1.503,"moneypuck flurryScoreVenueAdj xG, all sit."
401688674,2025-03-17,CBJ,NJD,3.94,1.662,"moneypuck flurryScoreVenueAdj xG, all sit."
401688675,2025-03-17,TOR,CGY,3.284,2.814,"moneypuck flurryScoreVenueAdj xG, all sit."
401688676,2025-03-17,MIN,LAK,2.029,2.643,"moneypuck flurryScoreVenueAdj xG, all sit."
401688677,2025-03-18,MTL,OTT,4.66,2.04,"moneypuck flurryScoreVenueAdj xG, all sit."
401688678,2025-03-18,NYR,CGY,1.578,3.301,"moneypuck flurryScoreVenueAdj xG, all sit."
401688679,2025-03-18,PIT,NYI,2.221,3.277,"moneypuck flurryScoreVenueAdj xG, all sit."
401688680,2025-03-18,WSH,DET,2.974,2.943,"moneypuck flurryScoreVenueAdj xG, all sit."
401688681,2025-03-18,NSH,STL,1.909,2.803,"moneypuck flurryScoreVenueAdj xG, all sit."
401688682,2025-03-18,DAL,ANA,2.782,3.216,"moneypuck flurryScoreVenueAdj xG, all sit."
401688683,2025-03-18,CHI,SEA,3.104,2.295,"moneypuck flurryScoreVenueAdj xG, all sit."
401688684,2025-03-18,EDM,UTA,4.596,1.547,"moneypuck flurryScoreVenueAdj xG, all sit."
401688685,2025-03-18,VAN,WPG,3.229,3.594,"moneypuck flurryScoreVenueAdj xG, all sit."
401688686,2025-03-19,TOR,COL,3.778,3.497,"moneypuck flurryScoreVenueAdj xG, all sit."
401688687,2025-03-19,MIN,SEA,2.542,2.942,"moneypuck flurryScoreVenueAdj xG, all sit."
401688688,2025-03-20,OTT,COL,1.603,3.552,"moneypuck flurryScoreVenueAdj xG, all sit."
401688689,2025-03-20,NJD,CGY,2.716,3.318,"moneypuck flurryScoreVenueAdj xG, all sit."
401688690,2025-03-20,NYR,TOR,1.787,2.882,"moneypuck flurryScoreVenueAdj xG, all sit."
401688691,2025-03-20,WSH,PHI,1.833,3.133,"moneypuck flurryScoreVenueAdj xG, all sit."
401688692,2025-03-20,CBJ,FLA,3.247,2.866,"moneypuck flurryScoreVenueAdj xG, all sit."
401688693,2025-03-20,NYI,MTL,2.451,3.758,"moneypuck flurryScoreVenueAdj xG, all sit."
401688694,2025-03-20,STL,VAN,2.141,1.101,"moneypuck flurryScoreVenueAdj xG, all sit."
401688695,2025-03-20,NSH,ANA,1.779,3.935,"moneypuck flurryScoreVenueAdj xG, all sit."
401688696,2025-03-20,DAL,TBL,2.299,3.502,"moneypuck flurryScoreVenueAdj xG, all sit."
401688697,2025-03-20,CHI,LAK,1.287,3.744,"moneypuck flurryScoreVenueAdj xG, all sit."
401688698,2025-03-20,EDM,WPG,2.757,2.203,"moneypuck flurryScoreVenueAdj xG, all sit."
401688699,2025-03-20,UTA,BUF,4.966,3.121,"moneypuck flurryScoreVenueAdj xG, all sit."
401688700,2025-03-20,VGK,BOS,3.089,1.24,"moneypuck flurryScoreVenueAdj xG, all sit."
401688701,2025-03-20,SJS,CAR,2.533,3.069,"moneypuck flurryScoreVenueAdj xG, all sit."
401688702,2025-03-21,PIT,CBJ,3.5,5.889,"moneypuck flurryScoreVenueAdj xG, all sit."
401688703,2025-03-22,NYR,VAN,1.367,5.064,"moneypuck flurryScoreVenueAdj xG, all sit."
401688704,2025-03-22,DAL,PHI,1.753,2.811,"moneypuck flurryScoreVenueAdj xG, all sit."
401688705,2025-03-22,MIN,BUF,2.437,1.553,"moneypuck flurryScoreVenueAdj xG, all sit."
401688706,2025-03-22,STL,CHI,2.223,3.205,"moneypuck flurryScoreVenueAdj xG, all sit."
401688707,2025-03-22,NYI,CGY,2.879,1.794,"moneypuck flurryScoreVenueAdj xG, all sit."
401688708,2025-03-22,LAK,CAR,2.683,3.074,"moneypuck flurryScoreVenueAdj xG, all sit."
401688709,2025-03-22,WSH,FLA,2.853,3.506,"moneypuck flurryScoreVenueAdj xG, all sit."
401688710,2025-03-22,UTA,TBL,5.168,2.704,"moneypuck flurryScoreVenueAdj xG, all sit."
401688711,2025-03-22,MTL,COL,3.394,4.62,"moneypuck flurryScoreVenueAdj xG, all sit."
401688712,2025-03-22,NJD,OTT,3.194,3.158,"moneypuck flurryScoreVenueAdj xG, all sit."
401688713,2025-03-22,NSH,TOR,4.904,2.273,"moneypuck flurryScoreVenueAdj xG, all sit."
401688714,2025-03-22,VGK,DET,4.865,3.448,"moneypuck flurryScoreVenueAdj xG, all sit."
401688715,2025-03-22,EDM,SEA,2.961,4.488,"moneypuck flurryScoreVenueAdj xG, all sit."
401688716,2025-03-22,SJS,BOS,3.378,1.877,"moneypuck flurryScoreVenueAdj xG, all sit."
401688717,2025-03-23,CHI,PHI,2.499,3.027,"moneypuck flurryScoreVenueAdj xG, all sit."
401688718,2025-03-23,WPG,BUF,3.699,1.717,"moneypuck flurryScoreVenueAdj xG, all sit."
401688719,2025-03-23,FLA,PIT,2.988,2.701,"moneypuck flurryScoreVenueAdj xG, all sit."
401688720,2025-03-23,STL,NSH,3.273,4.47,"moneypuck flurryScoreVenueAdj xG, all sit."
401688721,2025-03-23,VGK,TBL,4.391,3.272,"moneypuck flurryScoreVenueAdj xG, all sit."
401688722,2025-03-23,ANA,CAR,3.951,4.651,"moneypuck flurryScoreVenueAdj xG, all sit."
401688723,2025-03-23,LAK,BOS,2.559,0.819,"moneypuck flurryScoreVenueAdj xG, all sit."
401688724,2025-03-24,NJD,VAN,3.697,4.167,"moneypuck flurryScoreVenueAdj xG, all sit."
401688725,2025-03-24,NYI,CBJ,2.958,2.388,"moneypuck flurryScoreVenueAdj xG, all sit."
401688726,2025-03-24,DAL,MIN,5.157,3.702,"moneypuck flurryScoreVenueAdj xG, all sit."
401688727,2025-03-24,UTA,DET,2.056,2.121,"moneypuck flurryScoreVenueAdj xG, all sit."
401688728,2025-03-25,BUF,OTT,1.18,4.304,"moneypuck flurryScoreVenueAdj xG, all sit."
401688729,2025-03-25,TOR,PHI,1.635,2.197,"moneypuck flurryScoreVenueAdj xG, all sit."
401688730,2025-03-25,TBL,PIT,2.799,1.018,"moneypuck flurryScoreVenueAdj xG, all sit."
401688731,2025-03-25,CAR,NSH,3.542,2.548,"moneypuck flurryScoreVenueAdj xG, all sit."
401688732,2025-03-25,STL,MTL,2.826,1.93,"moneypuck flurryScoreVenueAdj xG, all sit."
401688733,2025-03-25,MIN,VGK,1.736,3.762,"moneypuck flurryScoreVenueAdj xG, all sit."
401688734,2025-03-25,WPG,WSH,1.598,1.76,"moneypuck flurryScoreVenueAdj xG, all sit."
401688735,2025-03-25,COL,DET,2.904,3.33,"moneypuck flurryScoreVenueAdj xG, all sit."
401688736,2025-03-25,CGY,SEA,2.591,3.935,"moneypuck flurryScoreVenueAdj xG, all sit."
401688737,2025-03-25,LAK,NYR,4.713,2.569,"moneypuck flurryScoreVenueAdj xG, all sit."
401688738,2025-03-26,NYI,VAN,3.009,3.301,"moneypuck flurryScoreVenueAdj xG, all sit."
401688739,2025-03-26,CHI,NJD,1.58,4.235,"moneypuck flurryScoreVenueAdj xG, all sit."
401688740,2025-03-26,EDM,DAL,4.4,3.401,"moneypuck flurryScoreVenueAdj xG, all sit."
401688741,2025-03-26,ANA,BOS,4.407,2.494,"moneypuck flurryScoreVenueAdj xG, all sit."
401688742,2025-03-27,BUF,PIT,3.164,1.989,"moneypuck flurryScoreVenueAdj xG, all sit."
401688743,2025-03-27,DET,OTT,3.807,3.883,"moneypuck flurryScoreVenueAdj xG, all sit."
401688744,2025-03-27,TBL,UTA,3.291,1.751,"moneypuck flurryScoreVenueAdj xG, all sit."
401688745,2025-03-27,PHI,MTL,5.145,3.407,"moneypuck flurryScoreVenueAdj xG, all sit."
401688746,2025-03-27,NSH,STL,1.923,1.292,"moneypuck flurryScoreVenueAdj xG, all sit."
401688747,2025-03-27,MIN,WSH,1.72,2.689,"moneypuck flurryScoreVenueAdj xG, all sit."
401688748,2025-03-27,COL,LAK,1.775,1.538,"moneypuck flurryScoreVenueAdj xG, all sit."
401688749,2025-03-27,CGY,DAL,4.693,2.875,"moneypuck flurryScoreVenueAdj xG, all sit."
401688750,2025-03-27,SEA,EDM,4.153,2.37,"moneypuck flurryScoreVenueAdj xG, all sit."
401688751,2025-03-27,SJS,TOR,4.044,4.228,"moneypuck flurryScoreVenueAdj xG, all sit."
401688752,2025-03-28,FLA,UTA,3.351,1.844,"moneypuck flurryScoreVenueAdj xG, all sit."
401688753,2025-03-28,CAR,MTL,2.904,1.483,"moneypuck flurryScoreVenueAdj xG, all sit."
401688754,2025-03-28,CBJ,VAN,3.3,3.701,"moneypuck flurryScoreVenueAdj xG, all sit."
401688755,2025-03-28,WPG,NJD,2.635,1.861,"moneypuck flurryScoreVenueAdj xG, all sit."
401688756,2025-03-28,CHI,VGK,2.385,2.56,"moneypuck flurryScoreVenueAdj xG, all sit."
401688757,2025-03-28,ANA,NYR,3.344,2.909,"moneypuck flurryScoreVenueAdj xG, all sit."
401688758,2025-03-29,PHI,BUF,3.089,2.868,"moneypuck flurryScoreVenueAdj xG, all sit."
401688759,2025-03-29,TBL,NYI,3.373,4.563,"moneypuck flurryScoreVenueAdj xG, all sit."
401688760,2025-03-29,COL,STL,2.446,2.954,"moneypuck flurryScoreVenueAdj xG, all sit."
401688761,2025-03-29,MIN,NJD,1.945,3.147,"moneypuck flurryScoreVenueAdj xG, all sit."
401688762,2025-03-29,NSH,VGK,1.299,3.84,"moneypuck flurryScoreVenueAdj xG, all sit."
401688763,2025-03-29,OTT,CBJ,4.568,3.065,"moneypuck flurryScoreVenueAdj xG, all sit."
401688764,2025-03-29,LAK,TOR,2.933,4.429,"moneypuck flurryScoreVenueAdj xG, all sit."
401688765,2025-03-29,DET,BOS,2.295,2.919,"moneypuck flurryScoreVenueAdj xG, all sit."
401688766,2025-03-29,EDM,CGY,1.71,3.38,"moneypuck flurryScoreVenueAdj xG, all sit."
401688767,2025-03-29,SJS,NYR,1.877,2.994,"moneypuck flurryScoreVenueAdj xG, all sit."
401688768,2025-03-29,SEA,DAL,2.741,3.894,"moneypuck flurryScoreVenueAdj xG, all sit."
401688769,2025-03-30,FLA,MTL,2.754,4.074,"moneypuck flurryScoreVenueAdj xG, all sit."
401688770,2025-03-30,WSH,BUF,2.922,4.449,"moneypuck flurryScoreVenueAdj xG, all sit."
401688771,2025-03-30,WPG,VAN,3.676,1.982,"moneypuck flurryScoreVenueAdj xG, all sit."
401688772,2025-03-30,CHI,UTA,2.263,4.642,"moneypuck flurryScoreVenueAdj xG, all sit."
401688773,2025-03-30,PIT,OTT,3.458,2.649,"moneypuck flurryScoreVenueAdj xG, all sit."
401688774,2025-03-30,CAR,NYI,3.512,2.843,"moneypuck flurryScoreVenueAdj xG, all sit."
401688775,2025-03-30,ANA,TOR,3.04,2.648,"moneypuck flurryScoreVenueAdj xG, all sit."
401688776,2025-03-30,LAK,SJS,4.082,2.083,"moneypuck flurryScoreVenueAdj xG, all sit."
401688777,2025-03-31,NJD,MIN,2.038,2.612,"moneypuck flurryScoreVenueAdj xG, all sit."
401688778,2025-03-31,PHI,NSH,3.456,2.373,"moneypuck flurryScoreVenueAdj xG, all sit."
401688779,2025-03-31,COL,CGY,2.348,2.632,"moneypuck flurryScoreVenueAdj xG, all sit."
401688780,2025-03-31,SEA,DAL,2.682,4.193,"moneypuck flurryScoreVenueAdj xG, all sit."
401688781,2025-04-01,BOS,WSH,2.265,3.774,"moneypuck flurryScoreVenueAdj xG, all sit."
401688782,2025-04-01,MTL,FLA,2.143,2.968,"moneypuck flurryScoreVenueAdj xG, all sit."
401688783,2025-04-01,OTT,BUF,3.459,4.038,"moneypuck flurryScoreVenueAdj xG, all sit."
401688784,2025-04-01,CBJ,NSH,3.941,2.269,"moneypuck flurryScoreVenueAdj xG, all sit."
401688785,2025-04-01,NYI,TBL,3.72,2.763,"moneypuck flurryScoreVenueAdj xG, all sit."
401688786,2025-04-01,STL,DET,3.112,2.088,"moneypuck flurryScoreVenueAdj xG, all sit."
401688787,2025-04-01,UTA,CGY,4.483,2.037,"moneypuck flurryScoreVenueAdj xG, all sit."
401688788,2025-04-01,VGK,EDM,1.601,2.279,"moneypuck flurryScoreVenueAdj xG, all sit."
401688789,2025-04-01,ANA,SJS,4.521,2.974,"moneypuck flurryScoreVenueAdj xG, all sit."
401688790,2025-04-01,LAK,WPG,1.966,1.276,"moneypuck flurryScoreVenueAdj xG, all sit."
401688791,2025-04-02,NYR,MIN,3.475,3.124,"moneypuck flurryScoreVenueAdj xG, all sit."
401688792,2025-04-02,CAR,WSH,4.16,2.872,"moneypuck flurryScoreVenueAdj xG, all sit."
401688793,2025-04-02,TOR,FLA,2.309,3.626,"moneypuck flurryScoreVenueAdj xG, all sit."
401688794,2025-04-02,CHI,COL,2.514,4.153,"moneypuck flurryScoreVenueAdj xG, all sit."
401688795,2025-04-02,VAN,SEA,3.79,2.994,"moneypuck flurryScoreVenueAdj xG, all sit."
401688796,2025-04-03,MTL,BOS,4.282,1.811,"moneypuck flurryScoreVenueAdj xG, all sit."
401688797,2025-04-03,OTT,TBL,2.586,2.957,"moneypuck flurryScoreVenueAdj xG, all sit."
401688798,2025-04-03,CBJ,COL,3.103,3.627,"moneypuck flurryScoreVenueAdj xG, all sit."
401688799,2025-04-03,STL,PIT,2.296,3.498,"moneypuck flurryScoreVenueAdj xG, all sit."
401688800,2025-04-03,DAL,NSH,2.541,1.877,"moneypuck flurryScoreVenueAdj xG, all sit."
401688801,2025-04-03,UTA,LAK,2.52,3.05,"moneypuck flurryScoreVenueAdj xG, all sit."
401688802,2025-04-03,CGY,ANA,3.151,1.759,"moneypuck flurryScoreVenueAdj xG, all sit."
401688803,2025-04-03,VGK,WPG,2.178,2.941,"moneypuck flurryScoreVenueAdj xG, all sit."
401688804,2025-04-03,SJS,EDM,1.446,3.912,"moneypuck flurryScoreVenueAdj xG, all sit."
401688805,2025-04-04,DET,CAR,3.647,2.623,"moneypuck flurryScoreVenueAdj xG, all sit."
401688806,2025-04-04,WSH,CHI,4.941,2.403,"moneypuck flurryScoreVenueAdj xG, all sit."
401688807,2025-04-04,NYI,MIN,2.935,2.669,"moneypuck flurryScoreVenueAdj xG, all sit."
401688808,2025-04-05,NJD,NYR,2.705,3.3,"moneypuck flurryScoreVenueAdj xG, all sit."
401688809,2025-04-05,OTT,FLA,2.499,3.269,"moneypuck flurryScoreVenueAdj xG, all sit."
401688810,2025-04-05,DAL,PIT,2.328,3.93,"moneypuck flurryScoreVenueAdj xG, all sit."
401688811,2025-04-05,VAN,ANA,2.342,2.53,"moneypuck flurryScoreVenueAdj xG, all sit."
401688812,2025-04-05,LAK,EDM,4.236,2.354,"moneypuck flurryScoreVenueAdj xG, all sit."
401688813,2025-04-05,BOS,CAR,3.271,2.852,"moneypuck flurryScoreVenueAdj xG, all sit."
401688814,2025-04-05,BUF,TBL,3.246,2.281,"moneypuck flurryScoreVenueAdj xG, all sit."
401688815,2025-04-05,TOR,CBJ,2.369,1.364,"moneypuck flurryScoreVenueAdj xG, all sit."
401688816,2025-04-05,MTL,PHI,3.9,2.012,"moneypuck flurryScoreVenueAdj xG, all sit."
401688817,2025-04-05,STL,COL,3.028,3.383,"moneypuck flurryScoreVenueAdj xG, all sit."
401688818,2025-04-05,UTA,WPG,3.522,4.065,"moneypuck flurryScoreVenueAdj xG, all sit."
401688819,2025-04-05,CGY,VGK,1.385,3.084,"moneypuck flurryScoreVenueAdj xG, all sit."
401688820,2025-04-05,SJS,SEA,2.321,2.457,"moneypuck flurryScoreVenueAdj xG, all sit."
401688821,2025-04-06,NYI,WSH,3.741,3.505,"moneypuck flurryScoreVenueAdj xG, all sit."
401688822,2025-04-06,MIN,DAL,3.101,1.567,"moneypuck flurryScoreVenueAdj xG, all sit."
401688823,2025-04-06,OTT,CBJ,3.334,3.247,"moneypuck flurryScoreVenueAdj xG, all sit."
401688824,2025-04-06,DET,FLA,3.443,2.987,"moneypuck flurryScoreVenueAdj xG, all sit."
401688825,2025-04-06,BUF,BOS,5.562,2.43,"moneypuck flurryScoreVenueAdj xG, all sit."
401688826,2025-04-06,CHI,PIT,3.876,3.779,"moneypuck flurryScoreVenueAdj xG, all sit."
401688827,2025-04-06,NSH,MTL,3.848,2.01,"moneypuck flurryScoreVenueAdj xG, all sit."
401688828,2025-04-06,VAN,VGK,2.036,3.431,"moneypuck flurryScoreVenueAdj xG, all sit."
401688829,2025-04-07,NYR,TBL,3.94,4.328,"moneypuck flurryScoreVenueAdj xG, all sit."
401688830,2025-04-07,WPG,STL,4.171,1.26,"moneypuck flurryScoreVenueAdj xG, all sit."
401688831,2025-04-07,ANA,EDM,1.628,6.363,"moneypuck flurryScoreVenueAdj xG, all sit."
401688832,2025-04-07,LAK,SEA,2.717,2.522,"moneypuck flurryScoreVenueAdj xG, all sit."
401688833,2025-04-07,SJS,CGY,2.928,4.412,"moneypuck flurryScoreVenueAdj xG, all sit."
401688834,2025-04-08,BUF,CAR,1.449,2.091,"moneypuck flurryScoreVenueAdj xG, all sit."
401688835,2025-04-08,MTL,DET,3.438,3.875,"moneypuck flurryScoreVenueAdj xG, all sit."
401688836,2025-04-08,FLA,TOR,3.408,0.814,"moneypuck flurryScoreVenueAdj xG, all sit."
401688837,2025-04-08,NJD,BOS,2.094,2.109,"moneypuck flurryScoreVenueAdj xG, all sit."
401688838,2025-04-08,CBJ,OTT,3.1,2.771,"moneypuck flurryScoreVenueAdj xG, all sit."
401688839,2025-04-08,PIT,CHI,3.737,2.482,"moneypuck flurryScoreVenueAdj xG, all sit."
401688840,2025-04-08,NSH,NYI,2.784,3.352,"moneypuck flurryScoreVenueAdj xG, all sit."
401688841,2025-04-08,DAL,VAN,3.562,3.851,"moneypuck flurryScoreVenueAdj xG, all sit."
401688842,2025-04-08,UTA,SEA,4.929,1.791,"moneypuck flurryScoreVenueAdj xG, all sit."
401688843,2025-04-08,COL,VGK,2.816,1.869,"moneypuck flurryScoreVenueAdj xG, all sit."
401688844,2025-04-09,TBL,TOR,3.392,4.439,"moneypuck flurryScoreVenueAdj xG, all sit."
401688845,2025-04-09,NYR,PHI,2.487,4.753,"moneypuck flurryScoreVenueAdj xG, all sit."
401688846,2025-04-09,MIN,SJS,4.311,2.866,"moneypuck flurryScoreVenueAdj xG, all sit."
401688847,2025-04-09,EDM,STL,2.564,1.757,"moneypuck flurryScoreVenueAdj xG, all sit."
401688848,2025-04-09,ANA,CGY,1.973,3.252,"moneypuck flurryScoreVenueAdj xG, all sit."
401688849,2025-04-10,BOS,CHI,2.573,1.963,"moneypuck flurryScoreVenueAdj xG, all sit."
401688850,2025-04-10,FLA,DET,2.591,1.62,"moneypuck flurryScoreVenueAdj xG, all sit."
401688851,2025-04-10,WSH,CAR,3.678,3.206,"moneypuck flurryScoreVenueAdj xG, all sit."
401688852,2025-04-10,CBJ,BUF,3.207,4.182,"moneypuck flurryScoreVenueAdj xG, all sit."
401688853,2025-04-10,NYI,NYR,3.6,3.311,"moneypuck flurryScoreVenueAdj xG, all sit."
401688854,2025-04-10,DAL,WPG,2.408,2.966,"moneypuck flurryScoreVenueAdj xG, all sit."
401688855,2025-04-10,COL,VAN,2.637,3.974,"moneypuck flurryScoreVenueAdj xG, all sit."
401688856,2025-04-10,UTA,NSH,4.965,3.498,"moneypuck flurryScoreVenueAdj xG, all sit."
401688857,2025-04-10,VGK,SEA,3.107,3.162,"moneypuck flurryScoreVenueAdj xG, all sit."
401688858,2025-04-10,LAK,ANA,2.446,1.331,"moneypuck flurryScoreVenueAdj xG, all sit."
401688859,2025-04-11,OTT,MTL,5.225,1.433,"moneypuck flurryScoreVenueAdj xG, all sit."
401688860,2025-04-11,TBL,DET,2.099,2.455,"moneypuck flurryScoreVenueAdj xG, all sit."
401688861,2025-04-11,NJD,PIT,2.799,3.837,"moneypuck flurryScoreVenueAdj xG, all sit."
401688862,2025-04-11,EDM,SJS,4.242,1.574,"moneypuck flurryScoreVenueAdj xG, all sit."
401688863,2025-04-11,CGY,MIN,3.823,1.435,"moneypuck flurryScoreVenueAdj xG, all sit."
401688864,2025-04-12,PHI,NYI,2.982,3.512,"moneypuck flurryScoreVenueAdj xG, all sit."
401688865,2025-04-12,CAR,NYR,4.079,3.184,"moneypuck flurryScoreVenueAdj xG, all sit."
401688866,2025-04-12,LAK,COL,5.582,3.313,"moneypuck flurryScoreVenueAdj xG, all sit."
401688867,2025-04-12,FLA,BUF,2.777,3.629,"moneypuck flurryScoreVenueAdj xG, all sit."
401688868,2025-04-12,TOR,MTL,3.61,1.777,"moneypuck flurryScoreVenueAdj xG, all sit."
401688869,2025-04-12,CBJ,WSH,3.298,3.352,"moneypuck flurryScoreVenueAdj xG, all sit."
401688870,2025-04-12,CHI,WPG,3.173,4.402,"moneypuck flurryScoreVenueAdj xG, all sit."
401688871,2025-04-12,DAL,UTA,2.044,5.907,"moneypuck flurryScoreVenueAdj xG, all sit."
401688872,2025-04-12,VAN,MIN,1.326,4.621,"moneypuck flurryScoreVenueAdj xG, all sit."
401688873,2025-04-12,VGK,NSH,4.201,1.595,"moneypuck flurryScoreVenueAdj xG, all sit."
401688874,2025-04-12,SEA,STL,1.896,1.349,"moneypuck flurryScoreVenueAdj xG, all sit."
401688875,2025-04-13,OTT,PHI,2.103,2.598,"moneypuck flurryScoreVenueAdj xG, all sit."
401688876,2025-04-13,NJD,NYI,2.329,1.765,"moneypuck flurryScoreVenueAdj xG, all sit."
401688877,2025-04-13,PIT,BOS,2.416,4.832,"moneypuck flurryScoreVenueAdj xG, all sit."
401688878,2025-04-13,CAR,TOR,3.84,2.868,"moneypuck flurryScoreVenueAdj xG, all sit."
401688879,2025-04-13,TBL,BUF,4.939,2.88,"moneypuck flurryScoreVenueAdj xG, all sit."
401688880,2025-04-13,WSH,CBJ,2.817,1.468,"moneypuck flurryScoreVenueAdj xG, all sit."
401688881,2025-04-13,WPG,EDM,1.981,4.651,"moneypuck flurryScoreVenueAdj xG, all sit."
401688882,2025-04-13,CGY,SJS,3.408,2.108,"moneypuck flurryScoreVenueAdj xG, all sit."
401688883,2025-04-13,ANA,COL,1.577,2.815,"moneypuck flurryScoreVenueAdj xG, all sit."
401688884,2025-04-14,MTL,CHI,4.119,5.247,"moneypuck flurryScoreVenueAdj xG, all sit."
401688885,2025-04-14,DET,DAL,3.19,3.709,"moneypuck flurryScoreVenueAdj xG, all sit."
401688886,2025-04-14,FLA,NYR,2.63,2.068,"moneypuck flurryScoreVenueAdj xG, all sit."
401688887,2025-04-14,NSH,UTA,3.086,4.535,"moneypuck flurryScoreVenueAdj xG, all sit."
401688888,2025-04-14,EDM,LAK,1.329,3.403,"moneypuck flurryScoreVenueAdj xG, all sit."
401688889,2025-04-14,VAN,SJS,5.718,1.572,"moneypuck flurryScoreVenueAdj xG, all sit."
401688890,2025-04-15,BOS,NJD,2.456,3.808,"moneypuck flurryScoreVenueAdj xG, all sit."
401688891,2025-04-15,BUF,TOR,3.278,3.212,"moneypuck flurryScoreVenueAdj xG, all sit."
401688892,2025-04-15,OTT,CHI,2.688,1.633,"moneypuck flurryScoreVenueAdj xG, all sit."
401688893,2025-04-15,TBL,FLA,4.425,2.184,"moneypuck flurryScoreVenueAdj xG, all sit."
401688894,2025-04-15,PHI,CBJ,2.86,4.045,"moneypuck flurryScoreVenueAdj xG, all sit."
401688895,2025-04-15,NYI,WSH,2.282,5.08,"moneypuck flurryScoreVenueAdj xG, all sit."
401688896,2025-04-15,STL,UTA,2.927,2.548,"moneypuck flurryScoreVenueAdj xG, all sit."
401688897,2025-04-15,MIN,ANA,3.142,2.519,"moneypuck flurryScoreVenueAdj xG, all sit."
401688898,2025-04-15,CGY,VGK,2.648,3.095,"moneypuck flurryScoreVenueAdj xG, all sit."
401688899,2025-04-15,SEA,LAK,2.536,3.618,"moneypuck flurryScoreVenueAdj xG, all sit."
401688900,2025-04-16,MTL,CAR,2.496,2.73,"moneypuck flurryScoreVenueAdj xG, all sit."
401688901,2025-04-16,WPG,ANA,3.603,2.701,"moneypuck flurryScoreVenueAdj xG, all sit."
401688902,2025-04-16,NJD,DET,2.473,2.612,"moneypuck flurryScoreVenueAdj xG, all sit."
401688903,2025-04-16,NSH,DAL,3.49,2.094,"moneypuck flurryScoreVenueAdj xG, all sit."
401688904,2025-04-16,VAN,VGK,1.732,2.136,"moneypuck flurryScoreVenueAdj xG, all sit."
401688905,2025-04-16,SJS,EDM,1.151,2.765,"moneypuck flurryScoreVenueAdj xG, all sit."
401688906,2025-04-17,BUF,PHI,3.892,2.836,"moneypuck flurryScoreVenueAdj xG, all sit."
401688907,2025-04-17,TOR,DET,2.103,3.07,"moneypuck flurryScoreVenueAdj xG, all sit."
401688908,2025-04-17,OTT,CAR,3.794,3.014,"moneypuck flurryScoreVenueAdj xG, all sit."
401688909,2025-04-17,NYR,TBL,1.973,2.193,"moneypuck flurryScoreVenueAdj xG, all sit."
401688910,2025-04-17,PIT,WSH,3.615,2.685,"moneypuck flurryScoreVenueAdj xG, all sit."
401688911,2025-04-17,CBJ,NYI,2.761,2.91,"moneypuck flurryScoreVenueAdj xG, all sit."
401751835,2025-04-17,LAK,CGY,2.826,2.801,"moneypuck flurryScoreVenueAdj xG, all sit."
401801798,2025-10-07,FLA,CHI,3.731,1.551,"moneypuck flurryScoreVenueAdj xG, all sit."
401801799,2025-10-07,NYR,PIT,2.131,4.277,"moneypuck flurryScoreVenueAdj xG, all sit."
401801800,2025-10-07,LAK,COL,2.219,2.083,"moneypuck flurryScoreVenueAdj xG, all sit."
401802355,2025-10-08,TOR,MTL,3.682,2.888,"moneypuck flurryScoreVenueAdj xG, all sit."
401802356,2025-10-08,WSH,BOS,3.626,2.897,"moneypuck flurryScoreVenueAdj xG, all sit."
401802357,2025-10-08,EDM,CGY,2.864,2.26,"moneypuck flurryScoreVenueAdj xG, all sit."
401802358,2025-10-08,VGK,LAK,2.796,2.341,"moneypuck flurryScoreVenueAdj xG, all sit."
401802359,2025-10-09,BOS,CHI,3.583,1.803,"moneypuck flurryScoreVenueAdj xG, all sit."
401802360,2025-10-09,BUF,NYR,2.345,1.81,"moneypuck flurryScoreVenueAdj xG, all sit."
401802361,2025-10-09,DET,MTL,2.739,1.925,"moneypuck flurryScoreVenueAdj xG, all sit."
401802362,2025-10-09,TBL,OTT,2.209,3.465,"moneypuck flurryScoreVenueAdj xG, all sit."
401802363,2025-10-09,FLA,PHI,2.977,2.096,"moneypuck flurryScoreVenueAdj xG, all sit."
401802364,2025-10-09,PIT,NYI,3.455,2.786,"moneypuck flurryScoreVenueAdj xG, all sit."
401802365,2025-10-09,CAR,NJD,3.73,1.55,"moneypuck flurryScoreVenueAdj xG, all sit."
401802366,2025-10-09,STL,MIN,2.434,2.457,"moneypuck flurryScoreVenueAdj xG, all sit."
401802367,2025-10-09,NSH,CBJ,2.634,2.69,"moneypuck flurryScoreVenueAdj xG, all sit."
401802368,2025-10-09,WPG,DAL,3.084,5.728,"moneypuck flurryScoreVenueAdj xG, all sit."
401802369,2025-10-09,COL,UTA,2.739,2.957,"moneypuck flurryScoreVenueAdj xG, all sit."
401802370,2025-10-09,VAN,CGY,1.965,1.581,"moneypuck flurryScoreVenueAdj xG, all sit."
401802371,2025-10-09,SJS,VGK,3.145,2.764,"moneypuck flurryScoreVenueAdj xG, all sit."
401802372,2025-10-09,SEA,ANA,3.206,2.368,"moneypuck flurryScoreVenueAdj xG, all sit."
401802373,2025-10-11,WPG,LAK,2.96,1.898,"moneypuck flurryScoreVenueAdj xG, all sit."
401802374,2025-10-11,CGY,STL,3.358,2.583,"moneypuck flurryScoreVenueAdj xG, all sit."
401802375,2025-10-11,BOS,BUF,4.224,1.44,"moneypuck flurryScoreVenueAdj xG, all sit."
401802376,2025-10-11,DET,TOR,3.716,1.842,"moneypuck flurryScoreVenueAdj xG, all sit."
401802377,2025-10-11,TBL,NJD,1.999,3.001,"moneypuck flurryScoreVenueAdj xG, all sit."
401802378,2025-10-11,FLA,OTT,2.604,1.618,"moneypuck flurryScoreVenueAdj xG, all sit."
401802379,2025-10-11,NYI,WSH,2.456,4.136,"moneypuck flurryScoreVenueAdj xG, all sit."
401802380,2025-10-11,PIT,NYR,2.527,4.156,"moneypuck flurryScoreVenueAdj xG, all sit."
401802381,2025-10-11,CAR,PHI,4.809,2.983,"moneypuck flurryScoreVenueAdj xG, all sit."
401802382,2025-10-11,CHI,MTL,1.901,3.814,"moneypuck flurryScoreVenueAdj xG, all sit."
401802383,2025-10-11,NSH,UTA,3.06,2.448,"moneypuck flurryScoreVenueAdj xG, all sit."
401802384,2025-10-11,MIN,CBJ,4.093,2.979,"moneypuck flurryScoreVenueAdj xG, all sit."
401802385,2025-10-11,COL,DAL,3.359,1.784,"moneypuck flurryScoreVenueAdj xG, all sit."
401802386,2025-10-11,EDM,VAN,5.414,1.443,"moneypuck flurryScoreVenueAdj xG, all sit."
401802387,2025-10-11,SJS,ANA,2.342,5.626,"moneypuck flurryScoreVenueAdj xG, all sit."
401802388,2025-10-11,SEA,VGK,3.094,2.144,"moneypuck flurryScoreVenueAdj xG, all sit."
401802389,2025-10-12,NYR,WSH,2.66,2.778,"moneypuck flurryScoreVenueAdj xG, all sit."
401802390,2025-10-13,BUF,COL,1.995,2.659,"moneypuck flurryScoreVenueAdj xG, all sit."
401802391,2025-10-13,BOS,TBL,2.302,3.754,"moneypuck flurryScoreVenueAdj xG, all sit."
401802392,2025-10-13,OTT,NSH,2.692,3.242,"moneypuck flurryScoreVenueAdj xG, all sit."
401802393,2025-10-13,NYI,WPG,2.904,3.314,"moneypuck flurryScoreVenueAdj xG, all sit."
401802394,2025-10-13,TOR,DET,2.839,1.919,"moneypuck flurryScoreVenueAdj xG, all sit."
401802395,2025-10-13,PHI,FLA,4.354,2.363,"moneypuck flurryScoreVenueAdj xG, all sit."
401802396,2025-10-13,CBJ,NJD,3.193,3.778,"moneypuck flurryScoreVenueAdj xG, all sit."
401802397,2025-10-13,VAN,STL,2.846,3.737,"moneypuck flurryScoreVenueAdj xG, all sit."
401802398,2025-10-13,MIN,LAK,2.654,3.48,"moneypuck flurryScoreVenueAdj xG, all sit."
401802399,2025-10-13,CHI,UTA,2.615,1.876,"moneypuck flurryScoreVenueAdj xG, all sit."
401802400,2025-10-14,TOR,NSH,4.575,1.945,"moneypuck flurryScoreVenueAdj xG, all sit."
401802401,2025-10-14,MTL,SEA,2.055,2.054,"moneypuck flurryScoreVenueAdj xG, all sit."
401802402,2025-10-14,NYR,EDM,3.195,2.093,"moneypuck flurryScoreVenueAdj xG, all sit."
401802403,2025-10-14,WSH,TBL,3.093,2.156,"moneypuck flurryScoreVenueAdj xG, all sit."
401802404,2025-10-14,CGY,VGK,2.342,3.383,"moneypuck flurryScoreVenueAdj xG, all sit."
401802405,2025-10-14,DAL,MIN,3.678,3.32,"moneypuck flurryScoreVenueAdj xG, all sit."
401802406,2025-10-14,SJS,CAR,2.216,3.456,"moneypuck flurryScoreVenueAdj xG, all sit."
401802407,2025-10-14,ANA,PIT,2.789,2.109,"moneypuck flurryScoreVenueAdj xG, all sit."
401802408,2025-10-15,BUF,OTT,3.457,4.081,"moneypuck flurryScoreVenueAdj xG, all sit."
401802409,2025-10-15,DET,FLA,3.608,2.231,"moneypuck flurryScoreVenueAdj xG, all sit."
401802410,2025-10-15,STL,CHI,2.359,3.803,"moneypuck flurryScoreVenueAdj xG, all sit."
401802411,2025-10-15,UTA,CGY,3.905,3.313,"moneypuck flurryScoreVenueAdj xG, all sit."
401802412,2025-10-16,TOR,NYR,2.106,1.992,"moneypuck flurryScoreVenueAdj xG, all sit."
401802413,2025-10-16,MTL,NSH,3.027,2.734,"moneypuck flurryScoreVenueAdj xG, all sit."
401802414,2025-10-16,OTT,SEA,2.115,2.935,"moneypuck flurryScoreVenueAdj xG, all sit."
401802415,2025-10-16,NJD,FLA,2.69,2.093,"moneypuck flurryScoreVenueAdj xG, all sit."
401802416,2025-10-16,NYI,EDM,4.16,3.578,"moneypuck flurryScoreVenueAdj xG, all sit."
401802417,2025-10-16,PHI,WPG,1.734,2.558,"moneypuck flurryScoreVenueAdj xG, all sit."
401802418,2025-10-16,CBJ,COL,2.314,5.029,"moneypuck flurryScoreVenueAdj xG, all sit."
401802419,2025-10-16,DAL,VAN,3.255,2.678,"moneypuck flurryScoreVenueAdj xG, all sit."
401802420,2025-10-16,VGK,BOS,4.678,2.633,"moneypuck flurryScoreVenueAdj xG, all sit."
401802421,2025-10-16,ANA,CAR,2.053,4.154,"moneypuck flurryScoreVenueAdj xG, all sit."
401802422,2025-10-16,LAK,PIT,2.549,3.257,"moneypuck flurryScoreVenueAdj xG, all sit."
401802423,2025-10-17,DET,TBL,2.716,2.665,"moneypuck flurryScoreVenueAdj xG, all sit."
401802424,2025-10-17,WSH,MIN,4.031,1.65,"moneypuck flurryScoreVenueAdj xG, all sit."
401802425,2025-10-17,CHI,VAN,2.336,3.499,"moneypuck flurryScoreVenueAdj xG, all sit."
401802426,2025-10-17,UTA,SJS,3.74,2.326,"moneypuck flurryScoreVenueAdj xG, all sit."
401802427,2025-10-18,BUF,FLA,2.534,3.292,"moneypuck flurryScoreVenueAdj xG, all sit."
401802428,2025-10-18,OTT,NYI,2.805,3.535,"moneypuck flurryScoreVenueAdj xG, all sit."
401802429,2025-10-18,NJD,EDM,3.296,1.873,"moneypuck flurryScoreVenueAdj xG, all sit."
401802430,2025-10-18,TOR,SEA,2.281,2.412,"moneypuck flurryScoreVenueAdj xG, all sit."
401802431,2025-10-18,MTL,NYR,1.95,3.094,"moneypuck flurryScoreVenueAdj xG, all sit."
401802432,2025-10-18,PHI,MIN,1.859,1.247,"moneypuck flurryScoreVenueAdj xG, all sit."
401802433,2025-10-18,CBJ,TBL,2.71,4.167,"moneypuck flurryScoreVenueAdj xG, all sit."
401802434,2025-10-18,STL,DAL,2.371,1.658,"moneypuck flurryScoreVenueAdj xG, all sit."
401802435,2025-10-18,WPG,NSH,3.064,3.817,"moneypuck flurryScoreVenueAdj xG, all sit."
401802436,2025-10-18,COL,BOS,3.991,0.92,"moneypuck flurryScoreVenueAdj xG, all sit."
401802437,2025-10-18,LAK,CAR,2.355,3.777,"moneypuck flurryScoreVenueAdj xG, all sit."
401802438,2025-10-18,VGK,CGY,2.902,2.433,"moneypuck flurryScoreVenueAdj xG, all sit."
401802439,2025-10-18,SJS,PIT,2.532,3.132,"moneypuck flurryScoreVenueAdj xG, all sit."
401802440,2025-10-19,WSH,VAN,3.65,2.858,"moneypuck flurryScoreVenueAdj xG, all sit."
401802441,2025-10-19,DET,EDM,2.682,1.5,"moneypuck flurryScoreVenueAdj xG, all sit."
401802442,2025-10-19,CHI,ANA,2.829,3.794,"moneypuck flurryScoreVenueAdj xG, all sit."
401802443,2025-10-19,UTA,BOS,3.614,2.275,"moneypuck flurryScoreVenueAdj xG, all sit."
401802444,2025-10-20,NYR,MIN,2.282,3.308,"moneypuck flurryScoreVenueAdj xG, all sit."
401802445,2025-10-20,PHI,SEA,2.083,2.232,"moneypuck flurryScoreVenueAdj xG, all sit."
401802446,2025-10-20,MTL,BUF,4.215,3.879,"moneypuck flurryScoreVenueAdj xG, all sit."
401802447,2025-10-20,CGY,WPG,2.628,1.533,"moneypuck flurryScoreVenueAdj xG, all sit."
401802448,2025-10-20,VGK,CAR,2.651,1.421,"moneypuck flurryScoreVenueAdj xG, all sit."
401802449,2025-10-21,TOR,NJD,2.582,3.113,"moneypuck flurryScoreVenueAdj xG, all sit."
401802450,2025-10-21,OTT,EDM,1.58,2.607,"moneypuck flurryScoreVenueAdj xG, all sit."
401802451,2025-10-21,NYI,SJS,3.084,3.027,"moneypuck flurryScoreVenueAdj xG, all sit."
401802452,2025-10-21,PIT,VAN,4.105,2.065,"moneypuck flurryScoreVenueAdj xG, all sit."
401802453,2025-10-21,WSH,SEA,3.519,1.503,"moneypuck flurryScoreVenueAdj xG, all sit."
401802454,2025-10-21,BOS,FLA,2.698,3.266,"moneypuck flurryScoreVenueAdj xG, all sit."
401802455,2025-10-21,STL,LAK,2.019,1.839,"moneypuck flurryScoreVenueAdj xG, all sit."
401802456,2025-10-21,NSH,ANA,1.696,3.753,"moneypuck flurryScoreVenueAdj xG, all sit."
401802457,2025-10-21,DAL,CBJ,2.53,4.61,"moneypuck flurryScoreVenueAdj xG, all sit."
401802458,2025-10-21,UTA,COL,2.927,2.982,"moneypuck flurryScoreVenueAdj xG, all sit."
401802459,2025-10-22,NJD,MIN,3.064,2.776,"moneypuck flurryScoreVenueAdj xG, all sit."
401802460,2025-10-22,BUF,DET,3.98,3.435,"moneypuck flurryScoreVenueAdj xG, all sit."
401802461,2025-10-22,CGY,MTL,2.542,2.391,"moneypuck flurryScoreVenueAdj xG, all sit."
401802462,2025-10-23,BOS,ANA,3.402,4.037,"moneypuck flurryScoreVenueAdj xG, all sit."
401802463,2025-10-23,OTT,PHI,2.355,2.953,"moneypuck flurryScoreVenueAdj xG, all sit."
401802464,2025-10-23,TBL,CHI,2.61,3.712,"moneypuck flurryScoreVenueAdj xG, all sit."
401802465,2025-10-23,FLA,PIT,3.825,3.08,"moneypuck flurryScoreVenueAdj xG, all sit."
401802466,2025-10-23,NYI,DET,3.385,3.52,"moneypuck flurryScoreVenueAdj xG, all sit."
401802467,2025-10-23,NYR,SJS,2.333,2.695,"moneypuck flurryScoreVenueAdj xG, all sit."
401802468,2025-10-23,STL,UTA,2.44,3.389,"moneypuck flurryScoreVenueAdj xG, all sit."
401802469,2025-10-23,NSH,VAN,2.031,2.875,"moneypuck flurryScoreVenueAdj xG, all sit."
401802470,2025-10-23,DAL,LAK,3.452,2.029,"moneypuck flurryScoreVenueAdj xG, all sit."
401802471,2025-10-23,WPG,SEA,1.946,3.557,"moneypuck flurryScoreVenueAdj xG, all sit."
401802472,2025-10-23,COL,CAR,4.787,3.921,"moneypuck flurryScoreVenueAdj xG, all sit."
401802473,2025-10-23,EDM,MTL,2.929,3.188,"moneypuck flurryScoreVenueAdj xG, all sit."
401802474,2025-10-24,BUF,TOR,2.721,2.435,"moneypuck flurryScoreVenueAdj xG, all sit."
401802475,2025-10-24,NJD,SJS,3.83,1.769,"moneypuck flurryScoreVenueAdj xG, all sit."
401802476,2025-10-24,CBJ,WSH,4.452,3.007,"moneypuck flurryScoreVenueAdj xG, all sit."
401802477,2025-10-24,WPG,CGY,4.521,3.634,"moneypuck flurryScoreVenueAdj xG, all sit."
401802478,2025-10-25,PHI,NYI,2.781,2.537,"moneypuck flurryScoreVenueAdj xG, all sit."
401802479,2025-10-25,BOS,COL,2.317,3.144,"moneypuck flurryScoreVenueAdj xG, all sit."
401802480,2025-10-25,TBL,ANA,4.05,2.309,"moneypuck flurryScoreVenueAdj xG, all sit."
401802481,2025-10-25,FLA,VGK,2.834,1.647,"moneypuck flurryScoreVenueAdj xG, all sit."
401802482,2025-10-25,MIN,UTA,3.288,5.01,"moneypuck flurryScoreVenueAdj xG, all sit."
401802483,2025-10-25,TOR,BUF,2.106,1.971,"moneypuck flurryScoreVenueAdj xG, all sit."
401802484,2025-10-25,DET,STL,2.503,4.356,"moneypuck flurryScoreVenueAdj xG, all sit."
401802485,2025-10-25,PIT,CBJ,3.295,3.889,"moneypuck flurryScoreVenueAdj xG, all sit."
401802486,2025-10-25,WSH,OTT,1.649,5.004,"moneypuck flurryScoreVenueAdj xG, all sit."
401802487,2025-10-25,VAN,MTL,3.488,3.742,"moneypuck flurryScoreVenueAdj xG, all sit."
401802488,2025-10-25,NSH,LAK,2.356,2.966,"moneypuck flurryScoreVenueAdj xG, all sit."
401802489,2025-10-25,DAL,CAR,4.335,2.195,"moneypuck flurryScoreVenueAdj xG, all sit."
401802490,2025-10-25,SEA,EDM,2.688,3.07,"moneypuck flurryScoreVenueAdj xG, all sit."
401802491,2025-10-26,NJD,COL,2.259,2.321,"moneypuck flurryScoreVenueAdj xG, all sit."
401802492,2025-10-26,TBL,VGK,2.365,1.306,"moneypuck flurryScoreVenueAdj xG, all sit."
401802493,2025-10-26,MIN,SJS,3.569,3.565,"moneypuck flurryScoreVenueAdj xG, all sit."
401802494,2025-10-26,WPG,UTA,3.655,2.462,"moneypuck flurryScoreVenueAdj xG, all sit."
401802495,2025-10-26,CHI,LAK,1.81,3.036,"moneypuck flurryScoreVenueAdj xG, all sit."
401802496,2025-10-26,NSH,DAL,2.462,4.108,"moneypuck flurryScoreVenueAdj xG, all sit."
401802497,2025-10-26,CGY,NYR,2.546,2.687,"moneypuck flurryScoreVenueAdj xG, all sit."
401802498,2025-10-26,VAN,EDM,2.43,2.93,"moneypuck flurryScoreVenueAdj xG, all sit."
401802499,2025-10-27,PIT,STL,3.421,2.208,"moneypuck flurryScoreVenueAdj xG, all sit."
401802500,2025-10-27,OTT,BOS,2.574,1.626,"moneypuck flurryScoreVenueAdj xG, all sit."
401802501,2025-10-28,PHI,PIT,3.266,1.575,"moneypuck flurryScoreVenueAdj xG, all sit."
401802502,2025-10-28,TOR,CGY,3.802,3.069,"moneypuck flurryScoreVenueAdj xG, all sit."
401802503,2025-10-28,BUF,CBJ,2.777,3.974,"moneypuck flurryScoreVenueAdj xG, all sit."
401802504,2025-10-28,FLA,ANA,4.63,1.981,"moneypuck flurryScoreVenueAdj xG, all sit."
401802505,2025-10-28,BOS,NYI,2.662,2.02,"moneypuck flurryScoreVenueAdj xG, all sit."
401802506,2025-10-28,CAR,VGK,1.837,5.194,"moneypuck flurryScoreVenueAdj xG, all sit."
401802507,2025-10-28,NSH,TBL,2.088,4.902,"moneypuck flurryScoreVenueAdj xG, all sit."
401802508,2025-10-28,MIN,WPG,3.506,2.685,"moneypuck flurryScoreVenueAdj xG, all sit."
401802509,2025-10-28,STL,DET,1.689,3.009,"moneypuck flurryScoreVenueAdj xG, all sit."
401802510,2025-10-28,DAL,WSH,3.104,3.099,"moneypuck flurryScoreVenueAdj xG, all sit."
401802511,2025-10-28,CHI,OTT,2.35,1.575,"moneypuck flurryScoreVenueAdj xG, all sit."
401802512,2025-10-28,COL,NJD,3.806,2.493,"moneypuck flurryScoreVenueAdj xG, all sit."
401802513,2025-10-28,EDM,UTA,3.003,2.443,"moneypuck flurryScoreVenueAdj xG, all sit."
401802514,2025-10-28,VAN,NYR,2.19,2.992,"moneypuck flurryScoreVenueAdj xG, all sit."
401802515,2025-10-28,SEA,MTL,1.743,2.708,"moneypuck flurryScoreVenueAdj xG, all sit."
401802516,2025-10-28,SJS,LAK,3.976,1.223,"moneypuck flurryScoreVenueAdj xG, all sit."
401802517,2025-10-29,CBJ,TOR,1.693,3.251,"moneypuck flurryScoreVenueAdj xG, all sit."
401802518,2025-10-30,BOS,BUF,2.1,3.808,"moneypuck flurryScoreVenueAdj xG, all sit."
401802519,2025-10-30,OTT,CGY,3.198,3.386,"moneypuck flurryScoreVenueAdj xG, all sit."
401802520,2025-10-30,TBL,DAL,3.829,1.491,"moneypuck flurryScoreVenueAdj xG, all sit."
401802521,2025-10-30,PHI,NSH,1.897,4.262,"moneypuck flurryScoreVenueAdj xG, all sit."
401802522,2025-10-30,CAR,NYI,4.97,2.398,"moneypuck flurryScoreVenueAdj xG, all sit."
401802523,2025-10-30,STL,VAN,3.241,2.381,"moneypuck flurryScoreVenueAdj xG, all sit."
401802524,2025-10-30,MIN,PIT,2.541,4.143,"moneypuck flurryScoreVenueAdj xG, all sit."
401802525,2025-10-30,WPG,CHI,3.096,3.274,"moneypuck flurryScoreVenueAdj xG, all sit."
401802526,2025-10-30,EDM,NYR,3.008,2.823,"moneypuck flurryScoreVenueAdj xG, all sit."
401802527,2025-10-30,SJS,NJD,2.627,2.318,"moneypuck flurryScoreVenueAdj xG, all sit."
401802528,2025-10-30,LAK,DET,5.021,4.281,"moneypuck flurryScoreVenueAdj xG, all sit."
401802529,2025-10-31,VGK,COL,2.49,3.546,"moneypuck flurryScoreVenueAdj xG, all sit."
401802530,2025-10-31,WSH,NYI,2.975,2.373,"moneypuck flurryScoreVenueAdj xG, all sit."
401802531,2025-10-31,ANA,DET,3.201,2.739,"moneypuck flurryScoreVenueAdj xG, all sit."
401802532,2025-11-01,BOS,CAR,2.697,2.2,"moneypuck flurryScoreVenueAdj xG, all sit."
401802533,2025-11-01,WPG,PIT,3.909,3.347,"moneypuck flurryScoreVenueAdj xG, all sit."
401802534,2025-11-01,NSH,CGY,2.344,2.641,"moneypuck flurryScoreVenueAdj xG, all sit."
401802535,2025-11-01,SJS,COL,1.342,3.129,"moneypuck flurryScoreVenueAdj xG, all sit."
401802536,2025-11-01,FLA,DAL,3.17,2.27,"moneypuck flurryScoreVenueAdj xG, all sit."
401802537,2025-11-01,BUF,WSH,2.583,2.674,"moneypuck flurryScoreVenueAdj xG, all sit."
401802538,2025-11-01,MTL,OTT,2.762,1.45,"moneypuck flurryScoreVenueAdj xG, all sit."
401802539,2025-11-01,PHI,TOR,2.727,2.853,"moneypuck flurryScoreVenueAdj xG, all sit."
401802540,2025-11-01,CBJ,STL,3.241,3.384,"moneypuck flurryScoreVenueAdj xG, all sit."
401802541,2025-11-01,MIN,VAN,3.14,1.615,"moneypuck flurryScoreVenueAdj xG, all sit."
401802542,2025-11-01,LAK,NJD,2.979,2.602,"moneypuck flurryScoreVenueAdj xG, all sit."
401802543,2025-11-01,EDM,CHI,3.241,3.193,"moneypuck flurryScoreVenueAdj xG, all sit."
401802544,2025-11-01,SEA,NYR,1.147,2.142,"moneypuck flurryScoreVenueAdj xG, all sit."
401802545,2025-11-02,UTA,TBL,2.223,3.133,"moneypuck flurryScoreVenueAdj xG, all sit."
401802546,2025-11-02,NYI,CBJ,4.207,2.252,"moneypuck flurryScoreVenueAdj xG, all sit."
401802547,2025-11-02,PHI,CGY,1.269,1.368,"moneypuck flurryScoreVenueAdj xG, all sit."
401802548,2025-11-02,ANA,NJD,4.374,3.492,"moneypuck flurryScoreVenueAdj xG, all sit."
401802549,2025-11-02,SJS,DET,1.048,2.503,"moneypuck flurryScoreVenueAdj xG, all sit."
401802550,2025-11-03,TOR,PIT,2.068,3.449,"moneypuck flurryScoreVenueAdj xG, all sit."
401802551,2025-11-03,STL,EDM,1.926,2.908,"moneypuck flurryScoreVenueAdj xG, all sit."
401802552,2025-11-03,NSH,VAN,2.793,2.727,"moneypuck flurryScoreVenueAdj xG, all sit."
401802553,2025-11-03,SEA,CHI,3.42,3.168,"moneypuck flurryScoreVenueAdj xG, all sit."
401802554,2025-11-04,BUF,UTA,1.49,3.397,"moneypuck flurryScoreVenueAdj xG, all sit."
401802555,2025-11-04,MTL,PHI,2.41,4.349,"moneypuck flurryScoreVenueAdj xG, all sit."
401802556,2025-11-04,NYI,BOS,4.068,2.501,"moneypuck flurryScoreVenueAdj xG, all sit."
401802557,2025-11-04,NYR,CAR,2.341,3.791,"moneypuck flurryScoreVenueAdj xG, all sit."
401802558,2025-11-04,DAL,EDM,3.46,3.025,"moneypuck flurryScoreVenueAdj xG, all sit."
401802559,2025-11-04,MIN,NSH,3.179,3.255,"moneypuck flurryScoreVenueAdj xG, all sit."
401802560,2025-11-04,COL,TBL,3.941,2.146,"moneypuck flurryScoreVenueAdj xG, all sit."
401802561,2025-11-04,VGK,DET,4.388,1.936,"moneypuck flurryScoreVenueAdj xG, all sit."
401802562,2025-11-04,ANA,FLA,3.739,2.81,"moneypuck flurryScoreVenueAdj xG, all sit."
401802563,2025-11-04,LAK,WPG,2.736,2.097,"moneypuck flurryScoreVenueAdj xG, all sit."
401802564,2025-11-05,TOR,UTA,3.338,1.563,"moneypuck flurryScoreVenueAdj xG, all sit."
401802565,2025-11-05,WSH,STL,3.492,2.082,"moneypuck flurryScoreVenueAdj xG, all sit."
401802566,2025-11-05,CGY,CBJ,2.52,3.237,"moneypuck flurryScoreVenueAdj xG, all sit."
401802567,2025-11-05,VAN,CHI,4.476,4.515,"moneypuck flurryScoreVenueAdj xG, all sit."
401802568,2025-11-05,SEA,SJS,3.627,1.952,"moneypuck flurryScoreVenueAdj xG, all sit."
401802569,2025-11-06,BOS,OTT,2.527,1.986,"moneypuck flurryScoreVenueAdj xG, all sit."
401802570,2025-11-06,BUF,STL,2.472,1.74,"moneypuck flurryScoreVenueAdj xG, all sit."
401802571,2025-11-06,NJD,MTL,1.983,2.55,"moneypuck flurryScoreVenueAdj xG, all sit."
401802572,2025-11-06,PIT,WSH,4.053,2.834,"moneypuck flurryScoreVenueAdj xG, all sit."
401802573,2025-11-06,CAR,MIN,3.975,2.787,"moneypuck flurryScoreVenueAdj xG, all sit."
401802574,2025-11-06,NSH,PHI,3.206,3.68,"moneypuck flurryScoreVenueAdj xG, all sit."
401802575,2025-11-06,DAL,ANA,2.387,3.782,"moneypuck flurryScoreVenueAdj xG, all sit."
401802576,2025-11-06,VGK,TBL,3.114,5.891,"moneypuck flurryScoreVenueAdj xG, all sit."
401802577,2025-11-06,LAK,FLA,1.962,2.158,"moneypuck flurryScoreVenueAdj xG, all sit."
401802578,2025-11-07,DET,NYR,1.933,3.977,"moneypuck flurryScoreVenueAdj xG, all sit."
401802579,2025-11-07,NYI,MIN,1.645,3.027,"moneypuck flurryScoreVenueAdj xG, all sit."
401802580,2025-11-07,CGY,CHI,2.225,2.151,"moneypuck flurryScoreVenueAdj xG, all sit."
401802581,2025-11-07,SJS,WPG,3.14,2.827,"moneypuck flurryScoreVenueAdj xG, all sit."
401802582,2025-11-08,NJD,PIT,1.913,1.727,"moneypuck flurryScoreVenueAdj xG, all sit."
401802583,2025-11-08,PHI,OTT,2.089,2.033,"moneypuck flurryScoreVenueAdj xG, all sit."
401802584,2025-11-08,NSH,DAL,1.755,2.165,"moneypuck flurryScoreVenueAdj xG, all sit."
401802585,2025-11-08,TOR,BOS,3.433,3.976,"moneypuck flurryScoreVenueAdj xG, all sit."
401802586,2025-11-08,MTL,UTA,2.442,2.141,"moneypuck flurryScoreVenueAdj xG, all sit."
401802587,2025-11-08,TBL,WSH,1.438,2.426,"moneypuck flurryScoreVenueAdj xG, all sit."
401802588,2025-11-08,NYR,NYI,2.98,3.488,"moneypuck flurryScoreVenueAdj xG, all sit."
401802589,2025-11-08,CAR,BUF,4.334,2.291,"moneypuck flurryScoreVenueAdj xG, all sit."
401802590,2025-11-08,STL,SEA,2.016,2.531,"moneypuck flurryScoreVenueAdj xG, all sit."
401802591,2025-11-08,EDM,COL,2.188,6.125,"moneypuck flurryScoreVenueAdj xG, all sit."
401802592,2025-11-08,VAN,CBJ,3.189,2.966,"moneypuck flurryScoreVenueAdj xG, all sit."
401802593,2025-11-08,VGK,ANA,3.148,2.508,"moneypuck flurryScoreVenueAdj xG, all sit."
401802594,2025-11-08,SJS,FLA,4.388,2.071,"moneypuck flurryScoreVenueAdj xG, all sit."
401802595,2025-11-09,DET,CHI,4.398,3.602,"moneypuck flurryScoreVenueAdj xG, all sit."
401802596,2025-11-09,PIT,LAK,3.368,3.024,"moneypuck flurryScoreVenueAdj xG, all sit."
401802597,2025-11-09,TOR,CAR,1.92,5.601,"moneypuck flurryScoreVenueAdj xG, all sit."
401802598,2025-11-09,OTT,UTA,3.96,3.387,"moneypuck flurryScoreVenueAdj xG, all sit."
401802599,2025-11-09,DAL,SEA,2.775,2.254,"moneypuck flurryScoreVenueAdj xG, all sit."
401802600,2025-11-09,MIN,CGY,2.777,2.004,"moneypuck flurryScoreVenueAdj xG, all sit."
401802601,2025-11-09,VAN,COL,4.228,4.452,"moneypuck flurryScoreVenueAdj xG, all sit."
401802602,2025-11-09,ANA,WPG,3.04,1.449,"moneypuck flurryScoreVenueAdj xG, all sit."
401802603,2025-11-10,NJD,NYI,4.007,2.78,"moneypuck flurryScoreVenueAdj xG, all sit."
401802604,2025-11-10,NYR,NSH,1.779,3.406,"moneypuck flurryScoreVenueAdj xG, all sit."
401802605,2025-11-10,EDM,CBJ,2.223,3.465,"moneypuck flurryScoreVenueAdj xG, all sit."
401802606,2025-11-10,VGK,FLA,2.735,2.389,"moneypuck flurryScoreVenueAdj xG, all sit."
401802607,2025-11-11,BOS,TOR,4.46,3.304,"moneypuck flurryScoreVenueAdj xG, all sit."
401802608,2025-11-11,MTL,LAK,1.948,3.637,"moneypuck flurryScoreVenueAdj xG, all sit."
401802609,2025-11-11,OTT,DAL,2.046,2.463,"moneypuck flurryScoreVenueAdj xG, all sit."
401802610,2025-11-11,CAR,WSH,3.855,2.932,"moneypuck flurryScoreVenueAdj xG, all sit."
401802611,2025-11-11,STL,CGY,2.418,2.209,"moneypuck flurryScoreVenueAdj xG, all sit."
401802612,2025-11-11,MIN,SJS,2.626,1.958,"moneypuck flurryScoreVenueAdj xG, all sit."
401802613,2025-11-11,COL,ANA,4.565,2.607,"moneypuck flurryScoreVenueAdj xG, all sit."
401802614,2025-11-11,VAN,WPG,3.316,4.893,"moneypuck flurryScoreVenueAdj xG, all sit."
401802615,2025-11-11,SEA,CBJ,2.839,3.472,"moneypuck flurryScoreVenueAdj xG, all sit."
401802616,2025-11-12,TBL,NYR,4.655,3.883,"moneypuck flurryScoreVenueAdj xG, all sit."
401802617,2025-11-12,PHI,EDM,2.424,2.178,"moneypuck flurryScoreVenueAdj xG, all sit."
401802618,2025-11-12,UTA,BUF,3.254,2.801,"moneypuck flurryScoreVenueAdj xG, all sit."
401802619,2025-11-12,CHI,NJD,1.888,3.246,"moneypuck flurryScoreVenueAdj xG, all sit."
401802620,2025-11-13,TOR,LAK,1.864,3.065,"moneypuck flurryScoreVenueAdj xG, all sit."
401802621,2025-11-13,MTL,DAL,2.164,2.8,"moneypuck flurryScoreVenueAdj xG, all sit."
401802622,2025-11-13,OTT,BOS,2.804,2.273,"moneypuck flurryScoreVenueAdj xG, all sit."
401802623,2025-11-13,DET,ANA,3.144,3.021,"moneypuck flurryScoreVenueAdj xG, all sit."
401802624,2025-11-13,FLA,WSH,3.933,2.54,"moneypuck flurryScoreVenueAdj xG, all sit."
401802625,2025-11-13,CBJ,EDM,3.517,2.577,"moneypuck flurryScoreVenueAdj xG, all sit."
401802626,2025-11-13,COL,BUF,4.266,2.48,"moneypuck flurryScoreVenueAdj xG, all sit."
401802627,2025-11-13,CGY,SJS,3.945,1.629,"moneypuck flurryScoreVenueAdj xG, all sit."
401802628,2025-11-13,VGK,NYI,4.757,3.108,"moneypuck flurryScoreVenueAdj xG, all sit."
401802629,2025-11-13,SEA,WPG,2.824,2.566,"moneypuck flurryScoreVenueAdj xG, all sit."
401802630,2025-11-14,NSH,PIT,2.943,1.71,"moneypuck flurryScoreVenueAdj xG, all sit."
401802631,2025-11-14,CAR,VAN,3.804,1.649,"moneypuck flurryScoreVenueAdj xG, all sit."
401802632,2025-11-14,STL,PHI,2.052,2.085,"moneypuck flurryScoreVenueAdj xG, all sit."
401802633,2025-11-14,UTA,NYI,3.198,2.332,"moneypuck flurryScoreVenueAdj xG, all sit."
401802634,2025-11-15,FLA,TBL,2.121,3.027,"moneypuck flurryScoreVenueAdj xG, all sit."
401802635,2025-11-15,MIN,ANA,3.19,1.958,"moneypuck flurryScoreVenueAdj xG, all sit."
401802636,2025-11-15,MTL,BOS,3.602,4.401,"moneypuck flurryScoreVenueAdj xG, all sit."
401802637,2025-11-15,OTT,LAK,1.903,1.733,"moneypuck flurryScoreVenueAdj xG, all sit."
401802638,2025-11-15,DET,BUF,2.745,1.959,"moneypuck flurryScoreVenueAdj xG, all sit."
401802639,2025-11-15,WSH,NJD,2.683,3.451,"moneypuck flurryScoreVenueAdj xG, all sit."
401802640,2025-11-15,CAR,EDM,2.738,3.367,"moneypuck flurryScoreVenueAdj xG, all sit."
401802641,2025-11-15,CBJ,NYR,2.551,3.286,"moneypuck flurryScoreVenueAdj xG, all sit."
401802642,2025-11-15,CHI,TOR,3.341,3.672,"moneypuck flurryScoreVenueAdj xG, all sit."
401802643,2025-11-15,STL,VGK,1.723,3.158,"moneypuck flurryScoreVenueAdj xG, all sit."
401802644,2025-11-15,DAL,PHI,3.52,1.804,"moneypuck flurryScoreVenueAdj xG, all sit."
401802645,2025-11-15,CGY,WPG,2.976,3.492,"moneypuck flurryScoreVenueAdj xG, all sit."
401802646,2025-11-15,SEA,SJS,2.146,2.566,"moneypuck flurryScoreVenueAdj xG, all sit."
401802647,2025-11-16,PIT,NSH,2.64,1.276,"moneypuck flurryScoreVenueAdj xG, all sit."
401802648,2025-11-16,TBL,VAN,3.734,2.491,"moneypuck flurryScoreVenueAdj xG, all sit."
401802649,2025-11-16,MIN,VGK,1.594,2.322,"moneypuck flurryScoreVenueAdj xG, all sit."
401802650,2025-11-16,NYR,DET,1.963,4.39,"moneypuck flurryScoreVenueAdj xG, all sit."
401802651,2025-11-16,COL,NYI,3.157,1.98,"moneypuck flurryScoreVenueAdj xG, all sit."
401802652,2025-11-17,BOS,CAR,1.501,3.333,"moneypuck flurryScoreVenueAdj xG, all sit."
401802653,2025-11-17,BUF,EDM,3.816,1.815,"moneypuck flurryScoreVenueAdj xG, all sit."
401802654,2025-11-17,FLA,VAN,4.015,3.626,"moneypuck flurryScoreVenueAdj xG, all sit."
401802655,2025-11-17,WSH,LAK,3.078,2.943,"moneypuck flurryScoreVenueAdj xG, all sit."
401802656,2025-11-17,CBJ,MTL,2.036,3.251,"moneypuck flurryScoreVenueAdj xG, all sit."
401802657,2025-11-17,ANA,UTA,2.214,1.397,"moneypuck flurryScoreVenueAdj xG, all sit."
401802658,2025-11-18,TOR,STL,1.927,2.395,"moneypuck flurryScoreVenueAdj xG, all sit."
401802659,2025-11-18,DET,SEA,3.435,2.307,"moneypuck flurryScoreVenueAdj xG, all sit."
401802660,2025-11-18,TBL,NJD,2.774,1.933,"moneypuck flurryScoreVenueAdj xG, all sit."
401802661,2025-11-18,DAL,NYI,2.461,1.922,"moneypuck flurryScoreVenueAdj xG, all sit."
401802662,2025-11-18,WPG,CBJ,2.387,1.833,"moneypuck flurryScoreVenueAdj xG, all sit."
401802663,2025-11-18,CHI,CGY,2.57,2.426,"moneypuck flurryScoreVenueAdj xG, all sit."
401802664,2025-11-18,VGK,NYR,2.994,2.39,"moneypuck flurryScoreVenueAdj xG, all sit."
401802665,2025-11-18,SJS,UTA,1.49,1.872,"moneypuck flurryScoreVenueAdj xG, all sit."
401802666,2025-11-19,WSH,EDM,3.742,3.79,"moneypuck flurryScoreVenueAdj xG, all sit."
401802667,2025-11-19,BUF,CGY,2.024,2.565,"moneypuck flurryScoreVenueAdj xG, all sit."
401802668,2025-11-19,MIN,CAR,1.386,2.978,"moneypuck flurryScoreVenueAdj xG, all sit."
401802669,2025-11-19,ANA,BOS,3.663,3.636,"moneypuck flurryScoreVenueAdj xG, all sit."
401802670,2025-11-20,TOR,CBJ,2.326,2.728,"moneypuck flurryScoreVenueAdj xG, all sit."
401802671,2025-11-20,MTL,WSH,2.254,5.886,"moneypuck flurryScoreVenueAdj xG, all sit."
401802672,2025-11-20,DET,NYI,2.74,2.16,"moneypuck flurryScoreVenueAdj xG, all sit."
401802673,2025-11-20,TBL,EDM,2.949,2.355,"moneypuck flurryScoreVenueAdj xG, all sit."
401802674,2025-11-20,FLA,NJD,2.311,2.257,"moneypuck flurryScoreVenueAdj xG, all sit."
401802675,2025-11-20,PHI,STL,2.528,3.11,"moneypuck flurryScoreVenueAdj xG, all sit."
401802676,2025-11-20,CHI,SEA,2.428,2.449,"moneypuck flurryScoreVenueAdj xG, all sit."
401802677,2025-11-20,COL,NYR,4.261,1.898,"moneypuck flurryScoreVenueAdj xG, all sit."
401802678,2025-11-20,UTA,VGK,2.356,3.103,"moneypuck flurryScoreVenueAdj xG, all sit."
401802679,2025-11-20,VAN,DAL,3.999,2.44,"moneypuck flurryScoreVenueAdj xG, all sit."
401802680,2025-11-20,ANA,OTT,2.228,3.793,"moneypuck flurryScoreVenueAdj xG, all sit."
401802681,2025-11-20,SJS,LAK,3.148,3.395,"moneypuck flurryScoreVenueAdj xG, all sit."
401802682,2025-11-21,BUF,CHI,2.747,2.041,"moneypuck flurryScoreVenueAdj xG, all sit."
401802683,2025-11-21,PIT,MIN,1.475,2.585,"moneypuck flurryScoreVenueAdj xG, all sit."
401802684,2025-11-21,WPG,CAR,2.35,2.396,"moneypuck flurryScoreVenueAdj xG, all sit."
401802685,2025-11-21,LAK,BOS,3.029,1.825,"moneypuck flurryScoreVenueAdj xG, all sit."
401802686,2025-11-22,DET,CBJ,2.781,3.516,"moneypuck flurryScoreVenueAdj xG, all sit."
401802687,2025-11-22,NYI,STL,3.128,2.194,"moneypuck flurryScoreVenueAdj xG, all sit."
401802688,2025-11-22,MTL,TOR,3.47,1.943,"moneypuck flurryScoreVenueAdj xG, all sit."
401802689,2025-11-22,FLA,EDM,4.389,4.574,"moneypuck flurryScoreVenueAdj xG, all sit."
401802690,2025-11-22,PHI,NJD,3.305,4.279,"moneypuck flurryScoreVenueAdj xG, all sit."
401802691,2025-11-22,PIT,SEA,3.608,1.592,"moneypuck flurryScoreVenueAdj xG, all sit."
401802692,2025-11-22,WSH,TBL,3.502,2.558,"moneypuck flurryScoreVenueAdj xG, all sit."
401802693,2025-11-22,SJS,OTT,2.011,2.891,"moneypuck flurryScoreVenueAdj xG, all sit."
401802694,2025-11-22,NSH,COL,2.705,4.881,"moneypuck flurryScoreVenueAdj xG, all sit."
401802695,2025-11-22,UTA,NYR,3.125,2.272,"moneypuck flurryScoreVenueAdj xG, all sit."
401802696,2025-11-22,CGY,DAL,4.032,2.505,"moneypuck flurryScoreVenueAdj xG, all sit."
401802697,2025-11-22,ANA,VGK,3.003,2.841,"moneypuck flurryScoreVenueAdj xG, all sit."
401802698,2025-11-23,BUF,CAR,4.208,3.855,"moneypuck flurryScoreVenueAdj xG, all sit."
401802699,2025-11-23,WPG,MIN,2.08,1.862,"moneypuck flurryScoreVenueAdj xG, all sit."
401802700,2025-11-23,NYI,SEA,3.599,1.529,"moneypuck flurryScoreVenueAdj xG, all sit."
401802701,2025-11-23,CHI,COL,1.854,2.555,"moneypuck flurryScoreVenueAdj xG, all sit."
401802702,2025-11-23,SJS,BOS,3.147,2.193,"moneypuck flurryScoreVenueAdj xG, all sit."
401802703,2025-11-23,VAN,CGY,2.415,4.055,"moneypuck flurryScoreVenueAdj xG, all sit."
401802704,2025-11-24,TBL,PHI,3.067,1.663,"moneypuck flurryScoreVenueAdj xG, all sit."
401802705,2025-11-24,NJD,DET,1.938,4.404,"moneypuck flurryScoreVenueAdj xG, all sit."
401802706,2025-11-24,NYR,STL,2.466,2.135,"moneypuck flurryScoreVenueAdj xG, all sit."
401802707,2025-11-24,WSH,CBJ,2.632,2.472,"moneypuck flurryScoreVenueAdj xG, all sit."
401802708,2025-11-24,NSH,FLA,2.191,2.937,"moneypuck flurryScoreVenueAdj xG, all sit."
401802709,2025-11-24,UTA,VGK,3.303,2.901,"moneypuck flurryScoreVenueAdj xG, all sit."
401802710,2025-11-24,LAK,OTT,2.43,1.749,"moneypuck flurryScoreVenueAdj xG, all sit."
401802711,2025-11-25,EDM,DAL,2.304,4.835,"moneypuck flurryScoreVenueAdj xG, all sit."
401802712,2025-11-26,DET,NSH,2.598,4.202,"moneypuck flurryScoreVenueAdj xG, all sit."
401802713,2025-11-26,TBL,CGY,3.006,3.702,"moneypuck flurryScoreVenueAdj xG, all sit."
401802714,2025-11-26,FLA,PHI,2.843,1.77,"moneypuck flurryScoreVenueAdj xG, all sit."
401802715,2025-11-26,NJD,STL,2.553,1.905,"moneypuck flurryScoreVenueAdj xG, all sit."
401802716,2025-11-26,NYI,BOS,4.259,1.3,"moneypuck flurryScoreVenueAdj xG, all sit."
401802717,2025-11-26,PIT,BUF,2.282,3.462,"moneypuck flurryScoreVenueAdj xG, all sit."
401802718,2025-11-26,WSH,WPG,2.22,3.784,"moneypuck flurryScoreVenueAdj xG, all sit."
401802719,2025-11-26,CAR,NYR,3.612,2.659,"moneypuck flurryScoreVenueAdj xG, all sit."
401802720,2025-11-26,CBJ,TOR,3.279,3.218,"moneypuck flurryScoreVenueAdj xG, all sit."
401802721,2025-11-26,CHI,MIN,4.069,2.884,"moneypuck flurryScoreVenueAdj xG, all sit."
401802722,2025-11-26,COL,SJS,4.354,1.922,"moneypuck flurryScoreVenueAdj xG, all sit."
401802723,2025-11-26,UTA,MTL,3.586,2.831,"moneypuck flurryScoreVenueAdj xG, all sit."
401802724,2025-11-26,VGK,OTT,3.39,2.488,"moneypuck flurryScoreVenueAdj xG, all sit."
401802725,2025-11-26,ANA,VAN,4.308,4.493,"moneypuck flurryScoreVenueAdj xG, all sit."
401802726,2025-11-26,SEA,DAL,2.176,1.999,"moneypuck flurryScoreVenueAdj xG, all sit."
401802727,2025-11-28,BOS,NYR,2.101,4.118,"moneypuck flurryScoreVenueAdj xG, all sit."
401802728,2025-11-28,DET,TBL,3.795,4.276,"moneypuck flurryScoreVenueAdj xG, all sit."
401802729,2025-11-28,MIN,COL,3.514,2.987,"moneypuck flurryScoreVenueAdj xG, all sit."
401802730,2025-11-28,BUF,NJD,3.963,2.026,"moneypuck flurryScoreVenueAdj xG, all sit."
401802731,2025-11-28,FLA,CGY,4.569,3.894,"moneypuck flurryScoreVenueAdj xG, all sit."
401802732,2025-11-28,NYI,PHI,3.207,1.891,"moneypuck flurryScoreVenueAdj xG, all sit."
401802733,2025-11-28,STL,OTT,2.911,4.051,"moneypuck flurryScoreVenueAdj xG, all sit."
401802734,2025-11-28,VGK,MTL,3.098,3.805,"moneypuck flurryScoreVenueAdj xG, all sit."
401802735,2025-11-28,ANA,LAK,2.705,2.687,"moneypuck flurryScoreVenueAdj xG, all sit."
401802736,2025-11-28,SJS,VAN,2.444,2.234,"moneypuck flurryScoreVenueAdj xG, all sit."
401802737,2025-11-28,WSH,TOR,3.872,2.904,"moneypuck flurryScoreVenueAdj xG, all sit."
401802738,2025-11-28,CAR,WPG,2.975,1.349,"moneypuck flurryScoreVenueAdj xG, all sit."
401802739,2025-11-28,CBJ,PIT,3.084,2.455,"moneypuck flurryScoreVenueAdj xG, all sit."
401802740,2025-11-28,CHI,NSH,2.596,3.209,"moneypuck flurryScoreVenueAdj xG, all sit."
401802741,2025-11-28,DAL,UTA,4.647,2.922,"moneypuck flurryScoreVenueAdj xG, all sit."
401802742,2025-11-29,NYR,TBL,1.525,6.27,"moneypuck flurryScoreVenueAdj xG, all sit."
401802743,2025-11-29,COL,MTL,4.269,1.879,"moneypuck flurryScoreVenueAdj xG, all sit."
401802744,2025-11-29,SEA,EDM,2.403,3.343,"moneypuck flurryScoreVenueAdj xG, all sit."
401802745,2025-11-29,BOS,DET,2.584,3.242,"moneypuck flurryScoreVenueAdj xG, all sit."
401802746,2025-11-29,NJD,PHI,3.278,3.913,"moneypuck flurryScoreVenueAdj xG, all sit."
401802747,2025-11-29,PIT,TOR,2.888,2.443,"moneypuck flurryScoreVenueAdj xG, all sit."
401802748,2025-11-29,NSH,WPG,1.912,4.171,"moneypuck flurryScoreVenueAdj xG, all sit."
401802749,2025-11-29,STL,UTA,2.98,2.117,"moneypuck flurryScoreVenueAdj xG, all sit."
401802750,2025-11-29,MIN,BUF,1.58,2.716,"moneypuck flurryScoreVenueAdj xG, all sit."
401802751,2025-11-29,VGK,SJS,3.358,2.32,"moneypuck flurryScoreVenueAdj xG, all sit."
401802752,2025-11-29,LAK,VAN,2.494,1.539,"moneypuck flurryScoreVenueAdj xG, all sit."
401802753,2025-11-30,NYI,WSH,3.413,3.497,"moneypuck flurryScoreVenueAdj xG, all sit."
401802754,2025-11-30,CHI,ANA,3.372,2.573,"moneypuck flurryScoreVenueAdj xG, all sit."
401802755,2025-11-30,CAR,CGY,2.935,2.217,"moneypuck flurryScoreVenueAdj xG, all sit."
401802756,2025-11-30,DAL,OTT,2.225,2.148,"moneypuck flurryScoreVenueAdj xG, all sit."
401802757,2025-12-01,NJD,CBJ,3.396,2.519,"moneypuck flurryScoreVenueAdj xG, all sit."
401802758,2025-12-01,PHI,PIT,2.474,4.389,"moneypuck flurryScoreVenueAdj xG, all sit."
401802759,2025-12-01,BUF,WPG,2.291,1.36,"moneypuck flurryScoreVenueAdj xG, all sit."
401802760,2025-12-01,STL,ANA,2.399,2.22,"moneypuck flurryScoreVenueAdj xG, all sit."
401802761,2025-12-01,SJS,UTA,3.064,2.609,"moneypuck flurryScoreVenueAdj xG, all sit."
401802762,2025-12-02,MTL,OTT,1.604,3.353,"moneypuck flurryScoreVenueAdj xG, all sit."
401802763,2025-12-02,DET,BOS,3.632,2.919,"moneypuck flurryScoreVenueAdj xG, all sit."
401802764,2025-12-02,FLA,TOR,2.008,3.932,"moneypuck flurryScoreVenueAdj xG, all sit."
401802765,2025-12-02,NYI,TBL,3.96,3.642,"moneypuck flurryScoreVenueAdj xG, all sit."
401802766,2025-12-02,NYR,DAL,3.213,2.046,"moneypuck flurryScoreVenueAdj xG, all sit."
401802767,2025-12-02,NSH,CGY,2.638,2.51,"moneypuck flurryScoreVenueAdj xG, all sit."
401802768,2025-12-02,COL,VAN,3.129,1.828,"moneypuck flurryScoreVenueAdj xG, all sit."
401802769,2025-12-02,EDM,MIN,2.405,1.82,"moneypuck flurryScoreVenueAdj xG, all sit."
401802770,2025-12-02,VGK,CHI,3.115,2.779,"moneypuck flurryScoreVenueAdj xG, all sit."
401802771,2025-12-02,LAK,WSH,2.051,3.921,"moneypuck flurryScoreVenueAdj xG, all sit."
401802772,2025-12-03,NJD,DAL,2.15,1.953,"moneypuck flurryScoreVenueAdj xG, all sit."
401802773,2025-12-03,MTL,WPG,3.823,3.133,"moneypuck flurryScoreVenueAdj xG, all sit."
401802774,2025-12-03,PHI,BUF,4.814,4.527,"moneypuck flurryScoreVenueAdj xG, all sit."
401802775,2025-12-03,ANA,UTA,2.452,3.501,"moneypuck flurryScoreVenueAdj xG, all sit."
401802776,2025-12-03,SJS,WSH,2.368,2.885,"moneypuck flurryScoreVenueAdj xG, all sit."
401802777,2025-12-04,BOS,STL,2.801,2.846,"moneypuck flurryScoreVenueAdj xG, all sit."
401802778,2025-12-04,OTT,NYR,2.545,4.081,"moneypuck flurryScoreVenueAdj xG, all sit."
401802779,2025-12-04,TBL,PIT,3.632,3.559,"moneypuck flurryScoreVenueAdj xG, all sit."
401802780,2025-12-04,FLA,NSH,3.855,3.218,"moneypuck flurryScoreVenueAdj xG, all sit."
401802781,2025-12-04,NYI,COL,3.973,3.28,"moneypuck flurryScoreVenueAdj xG, all sit."
401802782,2025-12-04,CAR,TOR,3.24,3.452,"moneypuck flurryScoreVenueAdj xG, all sit."
401802783,2025-12-04,CBJ,DET,2.8,4.56,"moneypuck flurryScoreVenueAdj xG, all sit."
401802784,2025-12-04,CGY,MIN,3.272,2.122,"moneypuck flurryScoreVenueAdj xG, all sit."
401802785,2025-12-04,EDM,SEA,3.961,3.838,"moneypuck flurryScoreVenueAdj xG, all sit."
401802786,2025-12-04,LAK,CHI,2.694,3.114,"moneypuck flurryScoreVenueAdj xG, all sit."
401802787,2025-12-05,NJD,VGK,1.618,3.42,"moneypuck flurryScoreVenueAdj xG, all sit."
401802788,2025-12-05,WPG,BUF,2.68,4.651,"moneypuck flurryScoreVenueAdj xG, all sit."
401802789,2025-12-05,DAL,SJS,2.815,1.649,"moneypuck flurryScoreVenueAdj xG, all sit."
401802790,2025-12-05,VAN,UTA,3.301,3.211,"moneypuck flurryScoreVenueAdj xG, all sit."
401802791,2025-12-05,ANA,WSH,3.498,2.831,"moneypuck flurryScoreVenueAdj xG, all sit."
401802792,2025-12-06,NYR,COL,1.762,3.402,"moneypuck flurryScoreVenueAdj xG, all sit."
401802793,2025-12-06,FLA,CBJ,3.162,2.671,"moneypuck flurryScoreVenueAdj xG, all sit."
401802794,2025-12-06,BOS,NJD,3.334,2.446,"moneypuck flurryScoreVenueAdj xG, all sit."
401802795,2025-12-06,TOR,MTL,1.596,3.34,"moneypuck flurryScoreVenueAdj xG, all sit."
401802796,2025-12-06,OTT,STL,3.03,2.351,"moneypuck flurryScoreVenueAdj xG, all sit."
401802797,2025-12-06,TBL,NYI,3.476,2.32,"moneypuck flurryScoreVenueAdj xG, all sit."
401802798,2025-12-06,CAR,NSH,4.043,2.636,"moneypuck flurryScoreVenueAdj xG, all sit."
401802799,2025-12-06,CGY,UTA,3.17,2.682,"moneypuck flurryScoreVenueAdj xG, all sit."
401802800,2025-12-06,LAK,CHI,3.286,1.048,"moneypuck flurryScoreVenueAdj xG, all sit."
401802801,2025-12-06,EDM,WPG,4.005,1.593,"moneypuck flurryScoreVenueAdj xG, all sit."
401802802,2025-12-06,VAN,MIN,1.692,3.263,"moneypuck flurryScoreVenueAdj xG, all sit."
401802803,2025-12-06,SEA,DET,2.421,2.558,"moneypuck flurryScoreVenueAdj xG, all sit."
401802804,2025-12-07,PHI,COL,1.757,2.9,"moneypuck flurryScoreVenueAdj xG, all sit."
401802805,2025-12-07,FLA,NYI,3.274,2.156,"moneypuck flurryScoreVenueAdj xG, all sit."
401802806,2025-12-07,CAR,SJS,2.741,2.963,"moneypuck flurryScoreVenueAdj xG, all sit."
401802807,2025-12-07,DAL,PIT,2.763,2.559,"moneypuck flurryScoreVenueAdj xG, all sit."
401802808,2025-12-07,MTL,STL,2.334,2.439,"moneypuck flurryScoreVenueAdj xG, all sit."
401802809,2025-12-07,NYR,VGK,2.47,3.076,"moneypuck flurryScoreVenueAdj xG, all sit."
401802810,2025-12-07,WSH,CBJ,3.838,2.755,"moneypuck flurryScoreVenueAdj xG, all sit."
401802811,2025-12-07,ANA,CHI,5.628,1.244,"moneypuck flurryScoreVenueAdj xG, all sit."
401802812,2025-12-08,TOR,TBL,3.215,1.891,"moneypuck flurryScoreVenueAdj xG, all sit."
401802813,2025-12-08,UTA,LAK,1.906,4.924,"moneypuck flurryScoreVenueAdj xG, all sit."
401802814,2025-12-08,CGY,BUF,4.12,4.113,"moneypuck flurryScoreVenueAdj xG, all sit."
401802815,2025-12-08,VAN,DET,3.596,2.631,"moneypuck flurryScoreVenueAdj xG, all sit."
401802816,2025-12-08,SEA,MIN,1.978,3.372,"moneypuck flurryScoreVenueAdj xG, all sit."
401802817,2025-12-09,MTL,TBL,3.028,3.273,"moneypuck flurryScoreVenueAdj xG, all sit."
401802818,2025-12-09,OTT,NJD,3.358,2.699,"moneypuck flurryScoreVenueAdj xG, all sit."
401802819,2025-12-09,NYI,VGK,2.014,4.199,"moneypuck flurryScoreVenueAdj xG, all sit."
401802820,2025-12-09,PHI,SJS,3.528,1.352,"moneypuck flurryScoreVenueAdj xG, all sit."
401802821,2025-12-09,PIT,ANA,5.485,1.738,"moneypuck flurryScoreVenueAdj xG, all sit."
401802822,2025-12-09,CAR,CBJ,4.523,2.757,"moneypuck flurryScoreVenueAdj xG, all sit."
401802823,2025-12-09,STL,BOS,2.269,5.172,"moneypuck flurryScoreVenueAdj xG, all sit."
401802824,2025-12-09,WPG,DAL,2.872,4.482,"moneypuck flurryScoreVenueAdj xG, all sit."
401802825,2025-12-09,EDM,BUF,2.913,3.222,"moneypuck flurryScoreVenueAdj xG, all sit."
401802826,2025-12-09,NSH,COL,2.789,3.538,"moneypuck flurryScoreVenueAdj xG, all sit."
401802827,2025-12-10,CHI,NYR,2.362,1.976,"moneypuck flurryScoreVenueAdj xG, all sit."
401802828,2025-12-10,CGY,DET,2.669,3.159,"moneypuck flurryScoreVenueAdj xG, all sit."
401802829,2025-12-10,UTA,FLA,3.333,3.847,"moneypuck flurryScoreVenueAdj xG, all sit."
401802830,2025-12-10,SEA,LAK,2.882,5.136,"moneypuck flurryScoreVenueAdj xG, all sit."
401802831,2025-12-11,TOR,SJS,1.904,3.771,"moneypuck flurryScoreVenueAdj xG, all sit."
401802832,2025-12-11,NJD,TBL,3.416,3.245,"moneypuck flurryScoreVenueAdj xG, all sit."
401802833,2025-12-11,NYI,ANA,4.303,3.325,"moneypuck flurryScoreVenueAdj xG, all sit."
401802834,2025-12-11,PHI,VGK,2.129,2.792,"moneypuck flurryScoreVenueAdj xG, all sit."
401802835,2025-12-11,PIT,MTL,4.052,2.768,"moneypuck flurryScoreVenueAdj xG, all sit."
401802836,2025-12-11,WSH,CAR,2.684,3.505,"moneypuck flurryScoreVenueAdj xG, all sit."
401802837,2025-12-11,CBJ,OTT,1.523,2.561,"moneypuck flurryScoreVenueAdj xG, all sit."
401802838,2025-12-11,NSH,STL,4.239,1.186,"moneypuck flurryScoreVenueAdj xG, all sit."
401802839,2025-12-11,MIN,DAL,5.223,1.554,"moneypuck flurryScoreVenueAdj xG, all sit."
401802840,2025-12-11,WPG,BOS,3.276,3.803,"moneypuck flurryScoreVenueAdj xG, all sit."
401802841,2025-12-11,COL,FLA,3.883,1.8,"moneypuck flurryScoreVenueAdj xG, all sit."
401802842,2025-12-11,EDM,DET,4.077,2.927,"moneypuck flurryScoreVenueAdj xG, all sit."
401802843,2025-12-11,VAN,BUF,3.437,2.014,"moneypuck flurryScoreVenueAdj xG, all sit."
401802844,2025-12-12,STL,CHI,1.961,1.638,"moneypuck flurryScoreVenueAdj xG, all sit."
401802845,2025-12-12,UTA,SEA,4.96,2.957,"moneypuck flurryScoreVenueAdj xG, all sit."
401802846,2025-12-13,NJD,ANA,4.769,2.808,"moneypuck flurryScoreVenueAdj xG, all sit."
401802847,2025-12-13,MIN,OTT,2.785,4.22,"moneypuck flurryScoreVenueAdj xG, all sit."
401802848,2025-12-13,PIT,SJS,4.499,4.446,"moneypuck flurryScoreVenueAdj xG, all sit."
401802849,2025-12-13,NYI,TBL,2.058,2.969,"moneypuck flurryScoreVenueAdj xG, all sit."
401802850,2025-12-13,TOR,EDM,3.481,2.513,"moneypuck flurryScoreVenueAdj xG, all sit."
401802851,2025-12-13,NYR,MTL,4.012,3.029,"moneypuck flurryScoreVenueAdj xG, all sit."
401802852,2025-12-13,PHI,CAR,2.14,2.498,"moneypuck flurryScoreVenueAdj xG, all sit."
401802853,2025-12-13,CBJ,VGK,1.929,1.893,"moneypuck flurryScoreVenueAdj xG, all sit."
401802854,2025-12-13,WPG,WSH,3.331,1.633,"moneypuck flurryScoreVenueAdj xG, all sit."
401802855,2025-12-13,CHI,DET,2.312,2.427,"moneypuck flurryScoreVenueAdj xG, all sit."
401802856,2025-12-13,DAL,FLA,2.232,3.354,"moneypuck flurryScoreVenueAdj xG, all sit."
401802857,2025-12-13,COL,NSH,4.502,2.854,"moneypuck flurryScoreVenueAdj xG, all sit."
401802858,2025-12-13,LAK,CGY,2.737,2.924,"moneypuck flurryScoreVenueAdj xG, all sit."
401802859,2025-12-14,NJD,VAN,2.464,2.243,"moneypuck flurryScoreVenueAdj xG, all sit."
401802860,2025-12-14,PIT,UTA,1.034,2.207,"moneypuck flurryScoreVenueAdj xG, all sit."
401802861,2025-12-14,CAR,PHI,3.055,2.444,"moneypuck flurryScoreVenueAdj xG, all sit."
401802862,2025-12-14,MIN,BOS,2.778,1.897,"moneypuck flurryScoreVenueAdj xG, all sit."
401802863,2025-12-14,MTL,EDM,4.113,3.977,"moneypuck flurryScoreVenueAdj xG, all sit."
401802864,2025-12-14,SEA,BUF,2.721,3.645,"moneypuck flurryScoreVenueAdj xG, all sit."
401802865,2025-12-15,TBL,FLA,2.179,3.174,"moneypuck flurryScoreVenueAdj xG, all sit."
401802866,2025-12-15,NYR,ANA,2.651,3.812,"moneypuck flurryScoreVenueAdj xG, all sit."
401802867,2025-12-15,WPG,OTT,3.052,2.969,"moneypuck flurryScoreVenueAdj xG, all sit."
401802868,2025-12-15,STL,NSH,1.803,2.921,"moneypuck flurryScoreVenueAdj xG, all sit."
401802869,2025-12-15,DAL,LAK,3.615,3.643,"moneypuck flurryScoreVenueAdj xG, all sit."
401802870,2025-12-16,BOS,UTA,2.303,2.138,"moneypuck flurryScoreVenueAdj xG, all sit."
401802871,2025-12-16,TOR,CHI,2.146,1.971,"moneypuck flurryScoreVenueAdj xG, all sit."
401802872,2025-12-16,MTL,PHI,2.015,1.64,"moneypuck flurryScoreVenueAdj xG, all sit."
401802873,2025-12-16,DET,NYI,3.601,1.391,"moneypuck flurryScoreVenueAdj xG, all sit."
401802874,2025-12-16,NYR,VAN,2.282,2.224,"moneypuck flurryScoreVenueAdj xG, all sit."
401802875,2025-12-16,PIT,EDM,3.036,4.61,"moneypuck flurryScoreVenueAdj xG, all sit."
401802876,2025-12-16,CBJ,ANA,2.331,2.247,"moneypuck flurryScoreVenueAdj xG, all sit."
401802877,2025-12-16,MIN,WSH,2.812,2.651,"moneypuck flurryScoreVenueAdj xG, all sit."
401802878,2025-12-16,SJS,CGY,4.653,2.282,"moneypuck flurryScoreVenueAdj xG, all sit."
401802879,2025-12-16,SEA,COL,4.834,4.625,"moneypuck flurryScoreVenueAdj xG, all sit."
401802880,2025-12-17,FLA,LAK,2.051,3.483,"moneypuck flurryScoreVenueAdj xG, all sit."
401802881,2025-12-17,DET,UTA,2.008,2.308,"moneypuck flurryScoreVenueAdj xG, all sit."
401802882,2025-12-17,STL,WPG,3.175,1.431,"moneypuck flurryScoreVenueAdj xG, all sit."
401802883,2025-12-17,NSH,CAR,2.03,4.678,"moneypuck flurryScoreVenueAdj xG, all sit."
401802884,2025-12-17,VGK,NJD,3.901,3.399,"moneypuck flurryScoreVenueAdj xG, all sit."
401802885,2025-12-18,BOS,EDM,2.213,2.466,"moneypuck flurryScoreVenueAdj xG, all sit."
401802886,2025-12-18,BUF,PHI,3.515,2.298,"moneypuck flurryScoreVenueAdj xG, all sit."
401802887,2025-12-18,MTL,CHI,4.02,2.095,"moneypuck flurryScoreVenueAdj xG, all sit."
401802888,2025-12-18,OTT,PIT,2.829,1.378,"moneypuck flurryScoreVenueAdj xG, all sit."
401802889,2025-12-18,TBL,LAK,3.588,1.811,"moneypuck flurryScoreVenueAdj xG, all sit."
401802890,2025-12-18,WSH,TOR,3.241,1.68,"moneypuck flurryScoreVenueAdj xG, all sit."
401802891,2025-12-18,CBJ,MIN,2.242,3.881,"moneypuck flurryScoreVenueAdj xG, all sit."
401802892,2025-12-18,STL,NYR,2.098,2.515,"moneypuck flurryScoreVenueAdj xG, all sit."
401802893,2025-12-18,CGY,SEA,3.862,2.366,"moneypuck flurryScoreVenueAdj xG, all sit."
401802894,2025-12-18,SJS,DAL,3.747,3.844,"moneypuck flurryScoreVenueAdj xG, all sit."
401802895,2025-12-19,FLA,CAR,3.995,3.927,"moneypuck flurryScoreVenueAdj xG, all sit."
401802896,2025-12-19,NYI,VAN,2.651,4.301,"moneypuck flurryScoreVenueAdj xG, all sit."
401802897,2025-12-19,COL,WPG,3.149,1.924,"moneypuck flurryScoreVenueAdj xG, all sit."
401802898,2025-12-19,UTA,NJD,2.913,2.478,"moneypuck flurryScoreVenueAdj xG, all sit."
401802899,2025-12-19,ANA,DAL,2.863,4.655,"moneypuck flurryScoreVenueAdj xG, all sit."
401802900,2025-12-20,NYR,PHI,2.231,3.05,"moneypuck flurryScoreVenueAdj xG, all sit."
401802901,2025-12-20,WSH,DET,2.06,4.448,"moneypuck flurryScoreVenueAdj xG, all sit."
401802902,2025-12-20,OTT,CHI,5.406,2.805,"moneypuck flurryScoreVenueAdj xG, all sit."
401802903,2025-12-20,MIN,EDM,4.508,3.254,"moneypuck flurryScoreVenueAdj xG, all sit."
401802904,2025-12-20,BUF,NYI,3.845,3.466,"moneypuck flurryScoreVenueAdj xG, all sit."
401802905,2025-12-20,FLA,STL,2.267,4.037,"moneypuck flurryScoreVenueAdj xG, all sit."
401802906,2025-12-20,BOS,VAN,3.958,2.162,"moneypuck flurryScoreVenueAdj xG, all sit."
401802907,2025-12-20,MTL,PIT,5.292,2.763,"moneypuck flurryScoreVenueAdj xG, all sit."
401802908,2025-12-20,TBL,CAR,4.261,2.243,"moneypuck flurryScoreVenueAdj xG, all sit."
401802909,2025-12-20,NSH,TOR,4.568,2.704,"moneypuck flurryScoreVenueAdj xG, all sit."
401802910,2025-12-20,CGY,VGK,3.314,3.83,"moneypuck flurryScoreVenueAdj xG, all sit."
401802911,2025-12-20,ANA,CBJ,3.376,2.931,"moneypuck flurryScoreVenueAdj xG, all sit."
401802912,2025-12-20,SJS,SEA,4.267,2.24,"moneypuck flurryScoreVenueAdj xG, all sit."
401802913,2025-12-21,DET,WSH,2.184,3.623,"moneypuck flurryScoreVenueAdj xG, all sit."
401802914,2025-12-21,MIN,COL,2.967,5.111,"moneypuck flurryScoreVenueAdj xG, all sit."
401802915,2025-12-21,BOS,OTT,2.185,3.803,"moneypuck flurryScoreVenueAdj xG, all sit."
401802916,2025-12-21,NJD,BUF,2.824,2.75,"moneypuck flurryScoreVenueAdj xG, all sit."
401802917,2025-12-21,PIT,MTL,3.989,2.43,"moneypuck flurryScoreVenueAdj xG, all sit."
401802918,2025-12-21,NSH,NYR,3.303,1.342,"moneypuck flurryScoreVenueAdj xG, all sit."
401802919,2025-12-21,DAL,TOR,3.371,2.182,"moneypuck flurryScoreVenueAdj xG, all sit."
401802920,2025-12-21,UTA,WPG,2.793,1.893,"moneypuck flurryScoreVenueAdj xG, all sit."
401802921,2025-12-21,EDM,VGK,2.298,3.162,"moneypuck flurryScoreVenueAdj xG, all sit."
401802922,2025-12-22,TBL,STL,2.609,1.817,"moneypuck flurryScoreVenueAdj xG, all sit."
401802923,2025-12-22,PHI,VAN,4.28,2.098,"moneypuck flurryScoreVenueAdj xG, all sit."
401802924,2025-12-22,ANA,SEA,4.066,2.934,"moneypuck flurryScoreVenueAdj xG, all sit."
401802925,2025-12-22,LAK,CBJ,2.298,3.638,"moneypuck flurryScoreVenueAdj xG, all sit."
401802926,2025-12-23,TOR,PIT,5.021,2.396,"moneypuck flurryScoreVenueAdj xG, all sit."
401802927,2025-12-23,WSH,NYR,3.276,3.209,"moneypuck flurryScoreVenueAdj xG, all sit."
401802928,2025-12-23,BOS,MTL,2.74,3.781,"moneypuck flurryScoreVenueAdj xG, all sit."
401802929,2025-12-23,OTT,BUF,3.009,1.129,"moneypuck flurryScoreVenueAdj xG, all sit."
401802930,2025-12-23,DET,DAL,2.134,3.419,"moneypuck flurryScoreVenueAdj xG, all sit."
401802931,2025-12-23,NYI,NJD,3.224,3.843,"moneypuck flurryScoreVenueAdj xG, all sit."
401802932,2025-12-23,CAR,FLA,2.439,3.269,"moneypuck flurryScoreVenueAdj xG, all sit."
401802933,2025-12-23,MIN,NSH,2.622,3.021,"moneypuck flurryScoreVenueAdj xG, all sit."
401802934,2025-12-23,CHI,PHI,2.251,2.988,"moneypuck flurryScoreVenueAdj xG, all sit."
401802935,2025-12-23,COL,UTA,2.34,2.46,"moneypuck flurryScoreVenueAdj xG, all sit."
401802936,2025-12-23,EDM,CGY,4.497,1.498,"moneypuck flurryScoreVenueAdj xG, all sit."
401802937,2025-12-23,VGK,SJS,3.816,2.107,"moneypuck flurryScoreVenueAdj xG, all sit."
401802938,2025-12-23,LAK,SEA,3.122,2.27,"moneypuck flurryScoreVenueAdj xG, all sit."
401802939,2025-12-27,NYI,NYR,4.584,3.14,"moneypuck flurryScoreVenueAdj xG, all sit."
401802940,2025-12-27,BUF,BOS,3.842,2.838,"moneypuck flurryScoreVenueAdj xG, all sit."
401802941,2025-12-27,TOR,OTT,3.965,3.136,"moneypuck flurryScoreVenueAdj xG, all sit."
401802942,2025-12-27,FLA,TBL,3.967,2.756,"moneypuck flurryScoreVenueAdj xG, all sit."
401802943,2025-12-27,NJD,WSH,2.853,4.049,"moneypuck flurryScoreVenueAdj xG, all sit."
401802944,2025-12-27,CAR,DET,5.526,2.239,"moneypuck flurryScoreVenueAdj xG, all sit."
401802945,2025-12-27,WPG,MIN,2.574,2.803,"moneypuck flurryScoreVenueAdj xG, all sit."
401802946,2025-12-27,STL,NSH,3.467,3.078,"moneypuck flurryScoreVenueAdj xG, all sit."
401802947,2025-12-27,DAL,CHI,4.717,2.195,"moneypuck flurryScoreVenueAdj xG, all sit."
401802948,2025-12-27,LAK,ANA,2.944,2.519,"moneypuck flurryScoreVenueAdj xG, all sit."
401802949,2025-12-27,CGY,EDM,2.959,3.774,"moneypuck flurryScoreVenueAdj xG, all sit."
401802950,2025-12-27,VAN,SJS,2.254,4.988,"moneypuck flurryScoreVenueAdj xG, all sit."
401802951,2025-12-27,VGK,COL,3.017,4.295,"moneypuck flurryScoreVenueAdj xG, all sit."
401802952,2025-12-28,DET,TOR,2.994,2.627,"moneypuck flurryScoreVenueAdj xG, all sit."
401802953,2025-12-28,TBL,MTL,3.646,3.535,"moneypuck flurryScoreVenueAdj xG, all sit."
401802954,2025-12-28,CBJ,NYI,4.994,1.606,"moneypuck flurryScoreVenueAdj xG, all sit."
401802955,2025-12-28,CHI,PIT,2.94,3.054,"moneypuck flurryScoreVenueAdj xG, all sit."
401802956,2025-12-28,SEA,PHI,2.368,2.334,"moneypuck flurryScoreVenueAdj xG, all sit."
401802957,2025-12-29,OTT,CBJ,1.756,2.499,"moneypuck flurryScoreVenueAdj xG, all sit."
401802958,2025-12-29,FLA,WSH,4.103,4.915,"moneypuck flurryScoreVenueAdj xG, all sit."
401802959,2025-12-29,CAR,NYR,3.744,2.497,"moneypuck flurryScoreVenueAdj xG, all sit."
401802960,2025-12-29,WPG,EDM,3.739,4.398,"moneypuck flurryScoreVenueAdj xG, all sit."
401802961,2025-12-29,STL,BUF,1.153,3.004,"moneypuck flurryScoreVenueAdj xG, all sit."
401802962,2025-12-29,COL,LAK,3.231,2.155,"moneypuck flurryScoreVenueAdj xG, all sit."
401802963,2025-12-29,UTA,NSH,3.67,2.838,"moneypuck flurryScoreVenueAdj xG, all sit."
401802964,2025-12-29,CGY,BOS,1.991,1.701,"moneypuck flurryScoreVenueAdj xG, all sit."
401802965,2025-12-29,VGK,MIN,2.02,1.773,"moneypuck flurryScoreVenueAdj xG, all sit."
401802966,2025-12-29,ANA,SJS,4.963,1.19,"moneypuck flurryScoreVenueAdj xG, all sit."
401802967,2025-12-29,SEA,VAN,3.413,2.133,"moneypuck flurryScoreVenueAdj xG, all sit."
401802968,2025-12-30,TOR,NJD,3.618,2.05,"moneypuck flurryScoreVenueAdj xG, all sit."
401802969,2025-12-30,FLA,MTL,2.563,3.193,"moneypuck flurryScoreVenueAdj xG, all sit."
401802970,2025-12-30,PIT,CAR,2.865,2.44,"moneypuck flurryScoreVenueAdj xG, all sit."
401802971,2025-12-30,CHI,NYI,2.052,2.244,"moneypuck flurryScoreVenueAdj xG, all sit."
401802972,2025-12-30,VAN,PHI,2.854,4.024,"moneypuck flurryScoreVenueAdj xG, all sit."
401802973,2025-12-31,WSH,NYR,3.889,3.223,"moneypuck flurryScoreVenueAdj xG, all sit."
401802974,2025-12-31,VGK,NSH,3.13,3.394,"moneypuck flurryScoreVenueAdj xG, all sit."
401802975,2025-12-31,ANA,TBL,2.365,3.051,"moneypuck flurryScoreVenueAdj xG, all sit."
401802976,2025-12-31,SJS,MIN,2.178,2.299,"moneypuck flurryScoreVenueAdj xG, all sit."
401802977,2025-12-31,DET,WPG,0.956,2.11,"moneypuck flurryScoreVenueAdj xG, all sit."
401802978,2025-12-31,CBJ,NJD,3.71,3.333,"moneypuck flurryScoreVenueAdj xG, all sit."
401802979,2025-12-31,DAL,BUF,2.744,3.055,"moneypuck flurryScoreVenueAdj xG, all sit."
401802980,2025-12-31,COL,STL,3.176,1.038,"moneypuck flurryScoreVenueAdj xG, all sit."
401802981,2025-12-31,CGY,PHI,3.115,2.414,"moneypuck flurryScoreVenueAdj xG, all sit."
401802982,2025-12-31,EDM,BOS,4.436,2.703,"moneypuck flurryScoreVenueAdj xG, all sit."
401802983,2026-01-01,OTT,WSH,3.043,3.085,"moneypuck flurryScoreVenueAdj xG, all sit."
401802984,2026-01-01,NYI,UTA,2.51,2.95,"moneypuck flurryScoreVenueAdj xG, all sit."
401802985,2026-01-01,TOR,WPG,2.277,3.445,"moneypuck flurryScoreVenueAdj xG, all sit."
401802986,2026-01-01,PIT,DET,2.508,3.562,"moneypuck flurryScoreVenueAdj xG, all sit."
401802987,2026-01-01,CAR,MTL,2.592,2.022,"moneypuck flurryScoreVenueAdj xG, all sit."
401802988,2026-01-01,CHI,DAL,3.434,2.802,"moneypuck flurryScoreVenueAdj xG, all sit."
401802989,2026-01-01,SEA,NSH,4.443,3.753,"moneypuck flurryScoreVenueAdj xG, all sit."
401802990,2026-01-01,LAK,TBL,2.21,3.517,"moneypuck flurryScoreVenueAdj xG, all sit."
401802991,2026-01-02,STL,VGK,2.72,1.693,"moneypuck flurryScoreVenueAdj xG, all sit."
401802992,2026-01-02,FLA,NYR,3.063,4.012,"moneypuck flurryScoreVenueAdj xG, all sit."
401802993,2026-01-02,VAN,SEA,3.324,2.972,"moneypuck flurryScoreVenueAdj xG, all sit."
401802994,2026-01-02,ANA,MIN,2.567,4.572,"moneypuck flurryScoreVenueAdj xG, all sit."
401802995,2026-01-03,DET,PIT,1.354,3.501,"moneypuck flurryScoreVenueAdj xG, all sit."
401802996,2026-01-03,NJD,UTA,2.872,2.887,"moneypuck flurryScoreVenueAdj xG, all sit."
401802997,2026-01-03,CBJ,BUF,3.539,3.926,"moneypuck flurryScoreVenueAdj xG, all sit."
401802998,2026-01-03,EDM,PHI,2.27,4.141,"moneypuck flurryScoreVenueAdj xG, all sit."
401802999,2026-01-03,STL,MTL,2.97,3.094,"moneypuck flurryScoreVenueAdj xG, all sit."
401803000,2026-01-03,SJS,TBL,2.928,5.632,"moneypuck flurryScoreVenueAdj xG, all sit."
401803001,2026-01-03,OTT,WPG,3.049,2.337,"moneypuck flurryScoreVenueAdj xG, all sit."
401803002,2026-01-03,NYI,TOR,1.99,2.082,"moneypuck flurryScoreVenueAdj xG, all sit."
401803003,2026-01-03,WSH,CHI,3.034,3.4,"moneypuck flurryScoreVenueAdj xG, all sit."
401803004,2026-01-03,CAR,COL,3.27,4.545,"moneypuck flurryScoreVenueAdj xG, all sit."
401803005,2026-01-03,CGY,NSH,1.928,2.529,"moneypuck flurryScoreVenueAdj xG, all sit."
401803006,2026-01-03,LAK,MIN,3.319,3.597,"moneypuck flurryScoreVenueAdj xG, all sit."
401803007,2026-01-03,VAN,BOS,3.739,4.345,"moneypuck flurryScoreVenueAdj xG, all sit."
401803008,2026-01-04,DAL,MTL,2.592,2.914,"moneypuck flurryScoreVenueAdj xG, all sit."
401803009,2026-01-04,CBJ,PIT,2.509,3.712,"moneypuck flurryScoreVenueAdj xG, all sit."
401803010,2026-01-04,FLA,COL,2.415,2.695,"moneypuck flurryScoreVenueAdj xG, all sit."
401803011,2026-01-04,NJD,CAR,3.024,3.091,"moneypuck flurryScoreVenueAdj xG, all sit."
401803012,2026-01-04,CHI,VGK,2.494,2.533,"moneypuck flurryScoreVenueAdj xG, all sit."
401803013,2026-01-05,NYR,UTA,2.891,3.146,"moneypuck flurryScoreVenueAdj xG, all sit."
401803014,2026-01-05,WSH,ANA,3.122,3.081,"moneypuck flurryScoreVenueAdj xG, all sit."
401803015,2026-01-05,OTT,DET,3.608,2.526,"moneypuck flurryScoreVenueAdj xG, all sit."
401803016,2026-01-05,CGY,SEA,3.073,3.9,"moneypuck flurryScoreVenueAdj xG, all sit."
401803017,2026-01-05,LAK,MIN,4.472,3.526,"moneypuck flurryScoreVenueAdj xG, all sit."
401803018,2026-01-06,BUF,VAN,3.352,4.531,"moneypuck flurryScoreVenueAdj xG, all sit."
401803019,2026-01-06,TBL,COL,3.263,3.18,"moneypuck flurryScoreVenueAdj xG, all sit."
401803020,2026-01-06,NYI,NJD,1.632,2.748,"moneypuck flurryScoreVenueAdj xG, all sit."
401803021,2026-01-06,PHI,ANA,4.48,2.404,"moneypuck flurryScoreVenueAdj xG, all sit."
401803022,2026-01-06,CAR,DAL,3.96,3.192,"moneypuck flurryScoreVenueAdj xG, all sit."
401803023,2026-01-06,TOR,FLA,3.868,2.435,"moneypuck flurryScoreVenueAdj xG, all sit."
401803024,2026-01-06,WPG,VGK,1.948,3.365,"moneypuck flurryScoreVenueAdj xG, all sit."
401803025,2026-01-06,EDM,NSH,4.452,2.178,"moneypuck flurryScoreVenueAdj xG, all sit."
401803026,2026-01-06,SJS,CBJ,5.344,2.852,"moneypuck flurryScoreVenueAdj xG, all sit."
401803027,2026-01-06,SEA,BOS,3.607,3.791,"moneypuck flurryScoreVenueAdj xG, all sit."
401803028,2026-01-07,WSH,DAL,1.709,4.891,"moneypuck flurryScoreVenueAdj xG, all sit."
401803029,2026-01-07,MTL,CGY,3.86,1.625,"moneypuck flurryScoreVenueAdj xG, all sit."
401803030,2026-01-07,CHI,STL,3.818,2.021,"moneypuck flurryScoreVenueAdj xG, all sit."
401803031,2026-01-07,UTA,OTT,2.697,2.86,"moneypuck flurryScoreVenueAdj xG, all sit."
401803032,2026-01-07,LAK,SJS,2.93,4.013,"moneypuck flurryScoreVenueAdj xG, all sit."
401803033,2026-01-08,BOS,CGY,3.552,2.158,"moneypuck flurryScoreVenueAdj xG, all sit."
401803034,2026-01-08,MTL,FLA,2.848,3.026,"moneypuck flurryScoreVenueAdj xG, all sit."
401803035,2026-01-08,DET,VAN,3.52,2.342,"moneypuck flurryScoreVenueAdj xG, all sit."
401803036,2026-01-08,NYR,BUF,2.889,3.774,"moneypuck flurryScoreVenueAdj xG, all sit."
401803037,2026-01-08,PHI,TOR,3.355,2.381,"moneypuck flurryScoreVenueAdj xG, all sit."
401803038,2026-01-08,PIT,NJD,3.071,2.665,"moneypuck flurryScoreVenueAdj xG, all sit."
401803039,2026-01-08,CAR,ANA,3.988,2.651,"moneypuck flurryScoreVenueAdj xG, all sit."
401803040,2026-01-08,NSH,NYI,2.267,2.134,"moneypuck flurryScoreVenueAdj xG, all sit."
401803041,2026-01-08,WPG,EDM,1.704,3.335,"moneypuck flurryScoreVenueAdj xG, all sit."
401803042,2026-01-08,COL,OTT,2.869,2.168,"moneypuck flurryScoreVenueAdj xG, all sit."
401803043,2026-01-08,VGK,CBJ,2.962,3.046,"moneypuck flurryScoreVenueAdj xG, all sit."
401803044,2026-01-08,SEA,MIN,3.317,2.417,"moneypuck flurryScoreVenueAdj xG, all sit."
401803045,2026-01-09,CHI,WSH,2.733,2.263,"moneypuck flurryScoreVenueAdj xG, all sit."
401803046,2026-01-09,WPG,LAK,2.197,3.19,"moneypuck flurryScoreVenueAdj xG, all sit."
401803047,2026-01-09,UTA,STL,4.056,3.124,"moneypuck flurryScoreVenueAdj xG, all sit."
401803048,2026-01-10,BOS,NYR,3.66,4.085,"moneypuck flurryScoreVenueAdj xG, all sit."
401803049,2026-01-10,PIT,CGY,2.539,1.523,"moneypuck flurryScoreVenueAdj xG, all sit."
401803050,2026-01-10,COL,CBJ,2.313,2.712,"moneypuck flurryScoreVenueAdj xG, all sit."
401803051,2026-01-10,SJS,DAL,3.376,3.384,"moneypuck flurryScoreVenueAdj xG, all sit."
401803052,2026-01-10,BUF,ANA,3.886,2.359,"moneypuck flurryScoreVenueAdj xG, all sit."
401803053,2026-01-10,TOR,VAN,2.292,3.452,"moneypuck flurryScoreVenueAdj xG, all sit."
401803054,2026-01-10,MTL,DET,2.373,3.121,"moneypuck flurryScoreVenueAdj xG, all sit."
401803055,2026-01-10,OTT,FLA,3.172,2.009,"moneypuck flurryScoreVenueAdj xG, all sit."
401803056,2026-01-10,PHI,TBL,1.678,2.654,"moneypuck flurryScoreVenueAdj xG, all sit."
401803057,2026-01-10,CAR,SEA,3.11,1.689,"moneypuck flurryScoreVenueAdj xG, all sit."
401803058,2026-01-10,NSH,CHI,3.877,2.773,"moneypuck flurryScoreVenueAdj xG, all sit."
401803059,2026-01-10,MIN,NYI,3.837,2.658,"moneypuck flurryScoreVenueAdj xG, all sit."
401803060,2026-01-10,EDM,LAK,2.517,2.769,"moneypuck flurryScoreVenueAdj xG, all sit."
401803061,2026-01-10,VGK,STL,2.21,3.078,"moneypuck flurryScoreVenueAdj xG, all sit."
401803062,2026-01-11,WPG,NJD,4.343,3.54,"moneypuck flurryScoreVenueAdj xG, all sit."
401803063,2026-01-11,BOS,PIT,2.239,2.501,"moneypuck flurryScoreVenueAdj xG, all sit."
401803064,2026-01-11,NSH,WSH,1.961,3.843,"moneypuck flurryScoreVenueAdj xG, all sit."
401803065,2026-01-11,UTA,CBJ,1.971,4.404,"moneypuck flurryScoreVenueAdj xG, all sit."
401803066,2026-01-11,SJS,VGK,1.966,3.996,"moneypuck flurryScoreVenueAdj xG, all sit."
401803067,2026-01-12,BUF,FLA,2.465,3.861,"moneypuck flurryScoreVenueAdj xG, all sit."
401803068,2026-01-12,DET,CAR,2.956,4.042,"moneypuck flurryScoreVenueAdj xG, all sit."
401803069,2026-01-12,NYR,SEA,1.604,3.379,"moneypuck flurryScoreVenueAdj xG, all sit."
401803070,2026-01-12,PHI,TBL,2.308,4.49,"moneypuck flurryScoreVenueAdj xG, all sit."
401803071,2026-01-12,MTL,VAN,3.56,2.161,"moneypuck flurryScoreVenueAdj xG, all sit."
401803072,2026-01-12,MIN,NJD,2.797,1.94,"moneypuck flurryScoreVenueAdj xG, all sit."
401803073,2026-01-12,CHI,EDM,2.96,4.126,"moneypuck flurryScoreVenueAdj xG, all sit."
401803074,2026-01-12,COL,TOR,2.811,1.624,"moneypuck flurryScoreVenueAdj xG, all sit."
401803075,2026-01-12,LAK,DAL,1.835,2.548,"moneypuck flurryScoreVenueAdj xG, all sit."
401803076,2026-01-13,OTT,VAN,3.577,2.821,"moneypuck flurryScoreVenueAdj xG, all sit."
401803077,2026-01-13,PIT,TBL,2.958,1.995,"moneypuck flurryScoreVenueAdj xG, all sit."
401803078,2026-01-13,WSH,MTL,4.406,1.885,"moneypuck flurryScoreVenueAdj xG, all sit."
401803079,2026-01-13,CBJ,CGY,5.12,5.258,"moneypuck flurryScoreVenueAdj xG, all sit."
401803080,2026-01-13,BOS,DET,3.527,2.616,"moneypuck flurryScoreVenueAdj xG, all sit."
401803081,2026-01-13,STL,CAR,1.794,2.532,"moneypuck flurryScoreVenueAdj xG, all sit."
401803082,2026-01-13,NSH,EDM,2.741,3.479,"moneypuck flurryScoreVenueAdj xG, all sit."
401803083,2026-01-13,WPG,NYI,3.225,2.906,"moneypuck flurryScoreVenueAdj xG, all sit."
401803084,2026-01-13,UTA,TOR,4.355,2.932,"moneypuck flurryScoreVenueAdj xG, all sit."
401803085,2026-01-13,ANA,DAL,3.881,2.514,"moneypuck flurryScoreVenueAdj xG, all sit."
401803086,2026-01-14,NJD,SEA,2.635,2.226,"moneypuck flurryScoreVenueAdj xG, all sit."
401803087,2026-01-14,BUF,PHI,3.234,2.351,"moneypuck flurryScoreVenueAdj xG, all sit."
401803088,2026-01-14,NYR,OTT,1.6,3.322,"moneypuck flurryScoreVenueAdj xG, all sit."
401803089,2026-01-14,LAK,VGK,3.198,2.273,"moneypuck flurryScoreVenueAdj xG, all sit."
401803090,2026-01-15,BOS,SEA,2.107,3.189,"moneypuck flurryScoreVenueAdj xG, all sit."
401803091,2026-01-15,BUF,MTL,2.92,3.956,"moneypuck flurryScoreVenueAdj xG, all sit."
401803092,2026-01-15,PIT,PHI,3.393,3.703,"moneypuck flurryScoreVenueAdj xG, all sit."
401803093,2026-01-15,WSH,SJS,1.912,2.442,"moneypuck flurryScoreVenueAdj xG, all sit."
401803094,2026-01-15,CBJ,VAN,4.039,2.803,"moneypuck flurryScoreVenueAdj xG, all sit."
401803095,2026-01-15,MIN,WPG,2.349,3.73,"moneypuck flurryScoreVenueAdj xG, all sit."
401803096,2026-01-15,CHI,CGY,1.966,3.992,"moneypuck flurryScoreVenueAdj xG, all sit."
401803097,2026-01-15,UTA,DAL,2.753,2.649,"moneypuck flurryScoreVenueAdj xG, all sit."
401803098,2026-01-15,EDM,NYI,4.926,3.64,"moneypuck flurryScoreVenueAdj xG, all sit."
401803099,2026-01-15,VGK,TOR,2.51,2.555,"moneypuck flurryScoreVenueAdj xG, all sit."
401803100,2026-01-16,DET,SJS,3.566,2.421,"moneypuck flurryScoreVenueAdj xG, all sit."
401803101,2026-01-16,CAR,FLA,4.458,2.118,"moneypuck flurryScoreVenueAdj xG, all sit."
401803102,2026-01-16,STL,TBL,2.117,4.028,"moneypuck flurryScoreVenueAdj xG, all sit."
401803103,2026-01-16,COL,NSH,2.288,4.229,"moneypuck flurryScoreVenueAdj xG, all sit."
401803104,2026-01-16,LAK,ANA,2.955,2.169,"moneypuck flurryScoreVenueAdj xG, all sit."
401803105,2026-01-17,BUF,MIN,2.248,3.968,"moneypuck flurryScoreVenueAdj xG, all sit."
401803106,2026-01-17,PHI,NYR,2.416,3.411,"moneypuck flurryScoreVenueAdj xG, all sit."
401803107,2026-01-17,CGY,NYI,3.081,3.824,"moneypuck flurryScoreVenueAdj xG, all sit."
401803108,2026-01-17,UTA,SEA,5.033,2.564,"moneypuck flurryScoreVenueAdj xG, all sit."
401803109,2026-01-17,OTT,MTL,3.983,3.252,"moneypuck flurryScoreVenueAdj xG, all sit."
401803110,2026-01-17,NJD,CAR,3.074,4.619,"moneypuck flurryScoreVenueAdj xG, all sit."
401803111,2026-01-17,PIT,CBJ,4.88,2.673,"moneypuck flurryScoreVenueAdj xG, all sit."
401803112,2026-01-17,WSH,FLA,2.921,5.125,"moneypuck flurryScoreVenueAdj xG, all sit."
401803113,2026-01-17,WPG,TOR,4.481,3.705,"moneypuck flurryScoreVenueAdj xG, all sit."
401803114,2026-01-17,CHI,BOS,2.731,3.614,"moneypuck flurryScoreVenueAdj xG, all sit."
401803115,2026-01-17,VAN,EDM,2.6,4.402,"moneypuck flurryScoreVenueAdj xG, all sit."
401803116,2026-01-17,VGK,NSH,2.547,2.875,"moneypuck flurryScoreVenueAdj xG, all sit."
401803117,2026-01-17,ANA,LAK,3.239,1.842,"moneypuck flurryScoreVenueAdj xG, all sit."
401803118,2026-01-18,DAL,TBL,2.11,3.365,"moneypuck flurryScoreVenueAdj xG, all sit."
401803119,2026-01-18,DET,OTT,4.095,3.793,"moneypuck flurryScoreVenueAdj xG, all sit."
401803120,2026-01-18,EDM,STL,3.543,2.913,"moneypuck flurryScoreVenueAdj xG, all sit."
401803121,2026-01-19,CAR,BUF,2.909,1.756,"moneypuck flurryScoreVenueAdj xG, all sit."
401803122,2026-01-19,COL,WSH,4.181,2.758,"moneypuck flurryScoreVenueAdj xG, all sit."
401803123,2026-01-19,SEA,PIT,3.057,3.548,"moneypuck flurryScoreVenueAdj xG, all sit."
401803124,2026-01-19,FLA,SJS,2.665,3.594,"moneypuck flurryScoreVenueAdj xG, all sit."
401803125,2026-01-19,TOR,MIN,2.552,5.486,"moneypuck flurryScoreVenueAdj xG, all sit."
401803126,2026-01-19,VGK,PHI,3.143,1.599,"moneypuck flurryScoreVenueAdj xG, all sit."
401803127,2026-01-19,CHI,WPG,2.729,3.615,"moneypuck flurryScoreVenueAdj xG, all sit."
401803128,2026-01-19,CGY,NJD,1.282,2.537,"moneypuck flurryScoreVenueAdj xG, all sit."
401803129,2026-01-19,VAN,NYI,3.3,4.018,"moneypuck flurryScoreVenueAdj xG, all sit."
401803130,2026-01-19,ANA,NYR,3.921,3.278,"moneypuck flurryScoreVenueAdj xG, all sit."
401803131,2026-01-20,MTL,MIN,2.081,2.863,"moneypuck flurryScoreVenueAdj xG, all sit."
401803132,2026-01-20,TBL,SJS,3.544,0.933,"moneypuck flurryScoreVenueAdj xG, all sit."
401803133,2026-01-20,CBJ,OTT,2.336,2.624,"moneypuck flurryScoreVenueAdj xG, all sit."
401803134,2026-01-20,DAL,BOS,3.172,1.809,"moneypuck flurryScoreVenueAdj xG, all sit."
401803135,2026-01-20,NSH,BUF,4.23,2.703,"moneypuck flurryScoreVenueAdj xG, all sit."
401803136,2026-01-20,WPG,STL,2.139,2.91,"moneypuck flurryScoreVenueAdj xG, all sit."
401803137,2026-01-20,EDM,NJD,2.866,2.386,"moneypuck flurryScoreVenueAdj xG, all sit."
401803138,2026-01-20,LAK,NYR,3.302,3.447,"moneypuck flurryScoreVenueAdj xG, all sit."
401803139,2026-01-21,TOR,DET,3.356,2.64,"moneypuck flurryScoreVenueAdj xG, all sit."
401803140,2026-01-21,COL,ANA,4.009,1.787,"moneypuck flurryScoreVenueAdj xG, all sit."
401803141,2026-01-21,UTA,PHI,2.272,4.193,"moneypuck flurryScoreVenueAdj xG, all sit."
401803142,2026-01-21,CGY,PIT,1.616,2.313,"moneypuck flurryScoreVenueAdj xG, all sit."
401803143,2026-01-21,VAN,WSH,3.164,4.168,"moneypuck flurryScoreVenueAdj xG, all sit."
401803144,2026-01-21,SEA,NYI,3.267,3.174,"moneypuck flurryScoreVenueAdj xG, all sit."
401803145,2026-01-22,BOS,VGK,2.909,4.049,"moneypuck flurryScoreVenueAdj xG, all sit."
401803146,2026-01-22,MTL,BUF,2.449,3.154,"moneypuck flurryScoreVenueAdj xG, all sit."
401803147,2026-01-22,CAR,CHI,3.599,2.536,"moneypuck flurryScoreVenueAdj xG, all sit."
401803148,2026-01-22,CBJ,DAL,1.197,2.667,"moneypuck flurryScoreVenueAdj xG, all sit."
401803149,2026-01-22,NSH,OTT,2.841,3.522,"moneypuck flurryScoreVenueAdj xG, all sit."
401803150,2026-01-22,WPG,FLA,2.396,1.806,"moneypuck flurryScoreVenueAdj xG, all sit."
401803151,2026-01-22,EDM,PIT,2.0,2.317,"moneypuck flurryScoreVenueAdj xG, all sit."
401803152,2026-01-22,MIN,DET,2.614,2.76,"moneypuck flurryScoreVenueAdj xG, all sit."
401803153,2026-01-23,TOR,VGK,1.598,2.765,"moneypuck flurryScoreVenueAdj xG, all sit."
401803154,2026-01-23,CHI,TBL,1.985,3.301,"moneypuck flurryScoreVenueAdj xG, all sit."
401803155,2026-01-23,DAL,STL,2.229,2.498,"moneypuck flurryScoreVenueAdj xG, all sit."
401803156,2026-01-23,COL,PHI,2.405,3.708,"moneypuck flurryScoreVenueAdj xG, all sit."
401803157,2026-01-23,CGY,WSH,2.279,3.636,"moneypuck flurryScoreVenueAdj xG, all sit."
401803158,2026-01-23,VAN,NJD,3.019,3.821,"moneypuck flurryScoreVenueAdj xG, all sit."
401803159,2026-01-23,SJS,NYR,4.059,2.765,"moneypuck flurryScoreVenueAdj xG, all sit."
401803160,2026-01-23,SEA,ANA,1.307,4.243,"moneypuck flurryScoreVenueAdj xG, all sit."
401803161,2026-01-24,NYI,BUF,2.448,2.216,"moneypuck flurryScoreVenueAdj xG, all sit."
401803162,2026-01-24,NSH,UTA,3.284,4.352,"moneypuck flurryScoreVenueAdj xG, all sit."
401803163,2026-01-24,BOS,MTL,3.365,3.461,"moneypuck flurryScoreVenueAdj xG, all sit."
401803164,2026-01-24,OTT,CAR,2.448,2.474,"moneypuck flurryScoreVenueAdj xG, all sit."
401803165,2026-01-24,CBJ,TBL,3.53,2.605,"moneypuck flurryScoreVenueAdj xG, all sit."
401803166,2026-01-24,WPG,DET,1.904,2.909,"moneypuck flurryScoreVenueAdj xG, all sit."
401803167,2026-01-24,STL,LAK,2.881,2.852,"moneypuck flurryScoreVenueAdj xG, all sit."
401803168,2026-01-24,MIN,FLA,2.54,3.008,"moneypuck flurryScoreVenueAdj xG, all sit."
401803169,2026-01-24,EDM,WSH,5.439,3.581,"moneypuck flurryScoreVenueAdj xG, all sit."
401803170,2026-01-25,TOR,COL,3.262,4.541,"moneypuck flurryScoreVenueAdj xG, all sit."
401803171,2026-01-25,SEA,NJD,2.39,3.091,"moneypuck flurryScoreVenueAdj xG, all sit."
401803172,2026-01-25,OTT,VGK,2.689,1.875,"moneypuck flurryScoreVenueAdj xG, all sit."
401803173,2026-01-25,VAN,PIT,3.813,3.539,"moneypuck flurryScoreVenueAdj xG, all sit."
401803174,2026-01-25,CHI,FLA,1.59,2.064,"moneypuck flurryScoreVenueAdj xG, all sit."
401803175,2026-01-25,CGY,ANA,2.861,1.872,"moneypuck flurryScoreVenueAdj xG, all sit."
401803176,2026-01-26,TBL,UTA,3.121,4.18,"moneypuck flurryScoreVenueAdj xG, all sit."
401803177,2026-01-26,NYR,BOS,3.14,2.283,"moneypuck flurryScoreVenueAdj xG, all sit."
401803178,2026-01-26,PHI,NYI,2.088,1.442,"moneypuck flurryScoreVenueAdj xG, all sit."
401803180,2026-01-26,EDM,ANA,3.618,5.176,"moneypuck flurryScoreVenueAdj xG, all sit."
401803181,2026-01-27,BOS,NSH,2.148,3.673,"moneypuck flurryScoreVenueAdj xG, all sit."
401803182,2026-01-27,TOR,BUF,2.734,3.235,"moneypuck flurryScoreVenueAdj xG, all sit."
401803183,2026-01-27,MTL,VGK,3.262,2.314,"moneypuck flurryScoreVenueAdj xG, all sit."
401803184,2026-01-27,DET,LAK,2.87,3.745,"moneypuck flurryScoreVenueAdj xG, all sit."
401803185,2026-01-27,FLA,UTA,3.331,3.328,"moneypuck flurryScoreVenueAdj xG, all sit."
401803186,2026-01-27,NJD,WPG,2.713,2.715,"moneypuck flurryScoreVenueAdj xG, all sit."
401803187,2026-01-27,STL,DAL,1.776,3.085,"moneypuck flurryScoreVenueAdj xG, all sit."
401803188,2026-01-27,MIN,CHI,2.42,3.188,"moneypuck flurryScoreVenueAdj xG, all sit."
401803189,2026-01-27,VAN,SJS,2.305,3.3,"moneypuck flurryScoreVenueAdj xG, all sit."
401803190,2026-01-27,SEA,WSH,3.173,2.114,"moneypuck flurryScoreVenueAdj xG, all sit."
401803191,2026-01-28,CBJ,PHI,3.6,2.153,"moneypuck flurryScoreVenueAdj xG, all sit."
401803192,2026-01-28,OTT,COL,4.383,2.482,"moneypuck flurryScoreVenueAdj xG, all sit."
401803193,2026-01-28,NYI,NYR,3.379,1.701,"moneypuck flurryScoreVenueAdj xG, all sit."
401803194,2026-01-29,BOS,PHI,2.915,3.656,"moneypuck flurryScoreVenueAdj xG, all sit."
401803195,2026-01-29,BUF,LAK,3.074,3.773,"moneypuck flurryScoreVenueAdj xG, all sit."
401803196,2026-01-29,MTL,COL,2.533,2.493,"moneypuck flurryScoreVenueAdj xG, all sit."
401803197,2026-01-29,DET,WSH,2.491,1.405,"moneypuck flurryScoreVenueAdj xG, all sit."
401803198,2026-01-29,TBL,WPG,3.233,1.885,"moneypuck flurryScoreVenueAdj xG, all sit."
401803199,2026-01-29,NJD,NSH,3.185,2.408,"moneypuck flurryScoreVenueAdj xG, all sit."
401803200,2026-01-29,NYR,NYI,2.004,2.169,"moneypuck flurryScoreVenueAdj xG, all sit."
401803201,2026-01-29,PIT,CHI,4.678,1.45,"moneypuck flurryScoreVenueAdj xG, all sit."
401803202,2026-01-29,CAR,UTA,3.518,2.924,"moneypuck flurryScoreVenueAdj xG, all sit."
401803203,2026-01-29,STL,FLA,1.988,5.244,"moneypuck flurryScoreVenueAdj xG, all sit."
401803204,2026-01-29,MIN,CGY,2.83,1.525,"moneypuck flurryScoreVenueAdj xG, all sit."
401803205,2026-01-29,EDM,SJS,2.282,1.508,"moneypuck flurryScoreVenueAdj xG, all sit."
401803206,2026-01-29,VAN,ANA,3.874,2.834,"moneypuck flurryScoreVenueAdj xG, all sit."
401803207,2026-01-29,VGK,DAL,1.75,3.33,"moneypuck flurryScoreVenueAdj xG, all sit."
401803208,2026-01-29,SEA,TOR,2.037,2.202,"moneypuck flurryScoreVenueAdj xG, all sit."
401803209,2026-01-30,CHI,CBJ,2.047,3.626,"moneypuck flurryScoreVenueAdj xG, all sit."
401803210,2026-01-31,PHI,LAK,2.318,1.819,"moneypuck flurryScoreVenueAdj xG, all sit."
401803211,2026-01-31,DET,COL,2.041,2.649,"moneypuck flurryScoreVenueAdj xG, all sit."
401803212,2026-01-31,PIT,NYR,5.178,2.771,"moneypuck flurryScoreVenueAdj xG, all sit."
401803213,2026-01-31,FLA,WPG,1.899,2.073,"moneypuck flurryScoreVenueAdj xG, all sit."
401803214,2026-01-31,CGY,SJS,4.7,3.613,"moneypuck flurryScoreVenueAdj xG, all sit."
401803215,2026-01-31,WSH,CAR,4.201,2.985,"moneypuck flurryScoreVenueAdj xG, all sit."
401803216,2026-01-31,BUF,MTL,4.756,4.391,"moneypuck flurryScoreVenueAdj xG, all sit."
401803217,2026-01-31,OTT,NJD,3.767,1.196,"moneypuck flurryScoreVenueAdj xG, all sit."
401803218,2026-01-31,NYI,NSH,2.635,5.022,"moneypuck flurryScoreVenueAdj xG, all sit."
401803219,2026-01-31,STL,CBJ,2.502,3.174,"moneypuck flurryScoreVenueAdj xG, all sit."
401803220,2026-01-31,VAN,TOR,2.383,3.668,"moneypuck flurryScoreVenueAdj xG, all sit."
401803221,2026-01-31,UTA,DAL,1.689,4.586,"moneypuck flurryScoreVenueAdj xG, all sit."
401803222,2026-01-31,EDM,MIN,4.251,5.619,"moneypuck flurryScoreVenueAdj xG, all sit."
401803223,2026-01-31,VGK,SEA,2.449,2.138,"moneypuck flurryScoreVenueAdj xG, all sit."
401803224,2026-02-01,TBL,BOS,4.431,3.098,"moneypuck flurryScoreVenueAdj xG, all sit."
401803225,2026-02-01,CAR,LAK,3.337,1.135,"moneypuck flurryScoreVenueAdj xG, all sit."
401803226,2026-02-01,ANA,VGK,2.525,2.794,"moneypuck flurryScoreVenueAdj xG, all sit."
401803227,2026-02-02,FLA,BUF,4.059,3.8,"moneypuck flurryScoreVenueAdj xG, all sit."
401803228,2026-02-02,PIT,OTT,2.38,3.317,"moneypuck flurryScoreVenueAdj xG, all sit."
401803229,2026-02-02,WSH,NYI,2.589,2.819,"moneypuck flurryScoreVenueAdj xG, all sit."
401803230,2026-02-02,MIN,MTL,2.333,1.504,"moneypuck flurryScoreVenueAdj xG, all sit."
401803231,2026-02-02,NSH,STL,2.933,3.723,"moneypuck flurryScoreVenueAdj xG, all sit."
401803232,2026-02-02,CHI,SJS,1.872,2.239,"moneypuck flurryScoreVenueAdj xG, all sit."
401803233,2026-02-02,DAL,WPG,3.933,2.475,"moneypuck flurryScoreVenueAdj xG, all sit."
401803234,2026-02-02,COL,DET,1.924,3.481,"moneypuck flurryScoreVenueAdj xG, all sit."
401803235,2026-02-02,UTA,VAN,2.374,1.653,"moneypuck flurryScoreVenueAdj xG, all sit."
401803236,2026-02-02,CGY,TOR,1.924,2.339,"moneypuck flurryScoreVenueAdj xG, all sit."
401803237,2026-02-03,TBL,BUF,3.774,1.953,"moneypuck flurryScoreVenueAdj xG, all sit."
401803238,2026-02-03,NJD,CBJ,2.067,2.743,"moneypuck flurryScoreVenueAdj xG, all sit."
401803239,2026-02-03,NYI,PIT,2.32,3.224,"moneypuck flurryScoreVenueAdj xG, all sit."
401803240,2026-02-03,PHI,WSH,3.273,2.427,"moneypuck flurryScoreVenueAdj xG, all sit."
401803241,2026-02-03,CAR,OTT,2.484,4.73,"moneypuck flurryScoreVenueAdj xG, all sit."
401803242,2026-02-03,EDM,TOR,2.485,4.387,"moneypuck flurryScoreVenueAdj xG, all sit."
401803243,2026-02-03,ANA,SEA,3.149,2.709,"moneypuck flurryScoreVenueAdj xG, all sit."
401803244,2026-02-04,FLA,BOS,3.928,2.925,"moneypuck flurryScoreVenueAdj xG, all sit."
401803245,2026-02-04,CBJ,CHI,3.172,1.866,"moneypuck flurryScoreVenueAdj xG, all sit."
401803246,2026-02-04,WPG,MTL,4.422,6.387,"moneypuck flurryScoreVenueAdj xG, all sit."
401803247,2026-02-04,NSH,MIN,2.962,4.263,"moneypuck flurryScoreVenueAdj xG, all sit."
401803248,2026-02-04,COL,SJS,4.812,2.149,"moneypuck flurryScoreVenueAdj xG, all sit."
401803249,2026-02-04,UTA,DET,3.535,2.934,"moneypuck flurryScoreVenueAdj xG, all sit."
401803250,2026-02-04,DAL,STL,3.918,2.06,"moneypuck flurryScoreVenueAdj xG, all sit."
401803251,2026-02-04,CGY,EDM,3.96,3.56,"moneypuck flurryScoreVenueAdj xG, all sit."
401803252,2026-02-04,VGK,VAN,2.962,1.319,"moneypuck flurryScoreVenueAdj xG, all sit."
401803253,2026-02-04,LAK,SEA,1.831,2.469,"moneypuck flurryScoreVenueAdj xG, all sit."
401803254,2026-02-05,BUF,PIT,2.506,4.667,"moneypuck flurryScoreVenueAdj xG, all sit."
401803255,2026-02-05,TBL,FLA,2.541,2.378,"moneypuck flurryScoreVenueAdj xG, all sit."
401803256,2026-02-05,NJD,NYI,2.578,2.517,"moneypuck flurryScoreVenueAdj xG, all sit."
401803257,2026-02-05,NYR,CAR,1.747,3.875,"moneypuck flurryScoreVenueAdj xG, all sit."
401803258,2026-02-05,PHI,OTT,1.433,3.294,"moneypuck flurryScoreVenueAdj xG, all sit."
401803259,2026-02-05,WSH,NSH,2.694,3.431,"moneypuck flurryScoreVenueAdj xG, all sit."
401803260,2026-02-05,VGK,LAK,2.821,2.139,"moneypuck flurryScoreVenueAdj xG, all sit."
401803261,2026-02-25,NJD,BUF,3.464,3.087,"moneypuck flurryScoreVenueAdj xG, all sit."
401803262,2026-02-25,WSH,PHI,3.814,2.552,"moneypuck flurryScoreVenueAdj xG, all sit."
401803263,2026-02-25,TBL,TOR,5.078,3.448,"moneypuck flurryScoreVenueAdj xG, all sit."
401803264,2026-02-25,DAL,SEA,3.439,3.302,"moneypuck flurryScoreVenueAdj xG, all sit."
401803265,2026-02-25,UTA,COL,3.822,3.25,"moneypuck flurryScoreVenueAdj xG, all sit."
401803266,2026-02-25,VAN,WPG,1.903,2.76,"moneypuck flurryScoreVenueAdj xG, all sit."
401803267,2026-02-25,LAK,VGK,2.038,3.923,"moneypuck flurryScoreVenueAdj xG, all sit."
401803268,2026-02-25,ANA,EDM,2.859,3.857,"moneypuck flurryScoreVenueAdj xG, all sit."
401803269,2026-02-26,BOS,CBJ,3.856,3.897,"moneypuck flurryScoreVenueAdj xG, all sit."
401803270,2026-02-26,MTL,NYI,2.822,3.316,"moneypuck flurryScoreVenueAdj xG, all sit."
401803271,2026-02-26,OTT,DET,2.921,2.384,"moneypuck flurryScoreVenueAdj xG, all sit."
401803272,2026-02-26,FLA,TOR,5.453,2.595,"moneypuck flurryScoreVenueAdj xG, all sit."
401803273,2026-02-26,PIT,NJD,4.797,2.512,"moneypuck flurryScoreVenueAdj xG, all sit."
401803274,2026-02-26,CAR,TBL,3.058,3.761,"moneypuck flurryScoreVenueAdj xG, all sit."
401803275,2026-02-26,NYR,PHI,2.342,2.347,"moneypuck flurryScoreVenueAdj xG, all sit."
401803276,2026-02-26,STL,SEA,3.045,2.008,"moneypuck flurryScoreVenueAdj xG, all sit."
401803277,2026-02-26,NSH,CHI,2.528,2.734,"moneypuck flurryScoreVenueAdj xG, all sit."
401803278,2026-02-26,COL,MIN,3.163,5.674,"moneypuck flurryScoreVenueAdj xG, all sit."
401803279,2026-02-26,SJS,CGY,2.639,3.52,"moneypuck flurryScoreVenueAdj xG, all sit."
401803280,2026-02-26,LAK,EDM,1.85,4.074,"moneypuck flurryScoreVenueAdj xG, all sit."
401803281,2026-02-27,FLA,BUF,3.673,4.617,"moneypuck flurryScoreVenueAdj xG, all sit."
401803282,2026-02-27,WSH,VGK,2.822,3.961,"moneypuck flurryScoreVenueAdj xG, all sit."
401803283,2026-02-27,UTA,MIN,3.667,2.801,"moneypuck flurryScoreVenueAdj xG, all sit."
401803284,2026-02-27,ANA,WPG,5.081,4.219,"moneypuck flurryScoreVenueAdj xG, all sit."
401803285,2026-02-28,NYR,PIT,3.19,3.636,"moneypuck flurryScoreVenueAdj xG, all sit."
401803286,2026-02-28,PHI,BOS,2.567,1.888,"moneypuck flurryScoreVenueAdj xG, all sit."
401803287,2026-02-28,SJS,EDM,3.645,2.266,"moneypuck flurryScoreVenueAdj xG, all sit."
401803288,2026-02-28,CBJ,NYI,2.687,3.303,"moneypuck flurryScoreVenueAdj xG, all sit."
401803289,2026-02-28,COL,CHI,3.766,2.221,"moneypuck flurryScoreVenueAdj xG, all sit."
401803290,2026-02-28,TOR,OTT,1.875,3.861,"moneypuck flurryScoreVenueAdj xG, all sit."
401803291,2026-02-28,MTL,WSH,3.383,2.865,"moneypuck flurryScoreVenueAdj xG, all sit."
401803292,2026-02-28,TBL,BUF,2.861,3.533,"moneypuck flurryScoreVenueAdj xG, all sit."
401803293,2026-02-28,CAR,DET,2.958,2.506,"moneypuck flurryScoreVenueAdj xG, all sit."
401803294,2026-02-28,STL,NJD,1.559,5.601,"moneypuck flurryScoreVenueAdj xG, all sit."
401803295,2026-02-28,LAK,CGY,3.323,2.925,"moneypuck flurryScoreVenueAdj xG, all sit."
401803296,2026-02-28,DAL,NSH,2.695,1.747,"moneypuck flurryScoreVenueAdj xG, all sit."
401803297,2026-02-28,SEA,VAN,3.611,2.743,"moneypuck flurryScoreVenueAdj xG, all sit."
401803298,2026-03-01,PIT,VGK,1.762,2.129,"moneypuck flurryScoreVenueAdj xG, all sit."
401803299,2026-03-01,NYI,FLA,1.979,3.522,"moneypuck flurryScoreVenueAdj xG, all sit."
401803300,2026-03-01,UTA,CHI,1.806,3.531,"moneypuck flurryScoreVenueAdj xG, all sit."
401803301,2026-03-01,SJS,WPG,2.845,1.768,"moneypuck flurryScoreVenueAdj xG, all sit."
401803302,2026-03-01,MIN,STL,1.991,3.129,"moneypuck flurryScoreVenueAdj xG, all sit."
401803303,2026-03-01,ANA,CGY,4.042,3.378,"moneypuck flurryScoreVenueAdj xG, all sit."
401803304,2026-03-02,NYR,CBJ,2.806,3.024,"moneypuck flurryScoreVenueAdj xG, all sit."
401803305,2026-03-02,TOR,PHI,2.743,2.38,"moneypuck flurryScoreVenueAdj xG, all sit."
401803306,2026-03-02,NSH,DET,3.242,3.908,"moneypuck flurryScoreVenueAdj xG, all sit."
401803307,2026-03-02,VAN,DAL,1.286,5.259,"moneypuck flurryScoreVenueAdj xG, all sit."
401803308,2026-03-02,SEA,CAR,1.7,2.159,"moneypuck flurryScoreVenueAdj xG, all sit."
401803309,2026-03-02,LAK,COL,1.7,3.585,"moneypuck flurryScoreVenueAdj xG, all sit."
401803310,2026-03-03,BOS,PIT,3.692,3.308,"moneypuck flurryScoreVenueAdj xG, all sit."
401803311,2026-03-03,BUF,VGK,3.393,3.614,"moneypuck flurryScoreVenueAdj xG, all sit."
401803312,2026-03-03,NJD,FLA,5.843,3.224,"moneypuck flurryScoreVenueAdj xG, all sit."
401803313,2026-03-03,WSH,UTA,2.634,4.674,"moneypuck flurryScoreVenueAdj xG, all sit."
401803314,2026-03-03,CBJ,NSH,2.659,2.699,"moneypuck flurryScoreVenueAdj xG, all sit."
401803315,2026-03-03,WPG,CHI,2.529,2.44,"moneypuck flurryScoreVenueAdj xG, all sit."
401803316,2026-03-03,CGY,DAL,1.516,3.569,"moneypuck flurryScoreVenueAdj xG, all sit."
401803317,2026-03-03,EDM,OTT,3.771,2.381,"moneypuck flurryScoreVenueAdj xG, all sit."
401803318,2026-03-03,MIN,TBL,2.863,1.444,"moneypuck flurryScoreVenueAdj xG, all sit."
401803319,2026-03-03,ANA,COL,2.862,3.619,"moneypuck flurryScoreVenueAdj xG, all sit."
401803320,2026-03-03,SJS,MTL,3.066,4.438,"moneypuck flurryScoreVenueAdj xG, all sit."
401803321,2026-03-04,DET,VGK,2.982,3.216,"moneypuck flurryScoreVenueAdj xG, all sit."
401803322,2026-03-04,NJD,TOR,4.513,2.703,"moneypuck flurryScoreVenueAdj xG, all sit."
401803323,2026-03-04,VAN,CAR,1.861,3.599,"moneypuck flurryScoreVenueAdj xG, all sit."
401803324,2026-03-04,ANA,NYI,4.176,4.234,"moneypuck flurryScoreVenueAdj xG, all sit."
401803325,2026-03-04,SEA,STL,3.58,2.216,"moneypuck flurryScoreVenueAdj xG, all sit."
401803326,2026-03-05,NYR,TOR,3.306,3.735,"moneypuck flurryScoreVenueAdj xG, all sit."
401803327,2026-03-05,PHI,UTA,1.611,4.277,"moneypuck flurryScoreVenueAdj xG, all sit."
401803328,2026-03-05,PIT,BUF,2.824,4.506,"moneypuck flurryScoreVenueAdj xG, all sit."
401803329,2026-03-05,CBJ,FLA,2.99,3.003,"moneypuck flurryScoreVenueAdj xG, all sit."
401803330,2026-03-05,NSH,BOS,4.156,3.038,"moneypuck flurryScoreVenueAdj xG, all sit."
401803331,2026-03-05,WPG,TBL,4.084,3.246,"moneypuck flurryScoreVenueAdj xG, all sit."
401803332,2026-03-05,CGY,OTT,1.533,4.875,"moneypuck flurryScoreVenueAdj xG, all sit."
401803333,2026-03-05,LAK,NYI,6.081,3.003,"moneypuck flurryScoreVenueAdj xG, all sit."
401803334,2026-03-06,DET,FLA,4.007,2.743,"moneypuck flurryScoreVenueAdj xG, all sit."
401803335,2026-03-06,DAL,COL,3.444,2.8,"moneypuck flurryScoreVenueAdj xG, all sit."
401803336,2026-03-06,CHI,VAN,3.023,3.431,"moneypuck flurryScoreVenueAdj xG, all sit."
401803337,2026-03-06,EDM,CAR,1.83,3.418,"moneypuck flurryScoreVenueAdj xG, all sit."
401803338,2026-03-06,ANA,MTL,3.232,2.585,"moneypuck flurryScoreVenueAdj xG, all sit."
401803339,2026-03-06,VGK,MIN,2.692,3.625,"moneypuck flurryScoreVenueAdj xG, all sit."
401803340,2026-03-06,SJS,STL,2.425,2.403,"moneypuck flurryScoreVenueAdj xG, all sit."
401803341,2026-03-07,BOS,WSH,3.706,2.242,"moneypuck flurryScoreVenueAdj xG, all sit."
401803342,2026-03-07,NJD,NYR,3.878,2.948,"moneypuck flurryScoreVenueAdj xG, all sit."
401803343,2026-03-07,BUF,NSH,2.85,2.879,"moneypuck flurryScoreVenueAdj xG, all sit."
401803344,2026-03-07,PIT,PHI,2.976,2.167,"moneypuck flurryScoreVenueAdj xG, all sit."
401803345,2026-03-07,TOR,TBL,2.315,4.312,"moneypuck flurryScoreVenueAdj xG, all sit."
401803346,2026-03-07,CBJ,UTA,2.647,3.222,"moneypuck flurryScoreVenueAdj xG, all sit."
401803347,2026-03-07,WPG,VAN,3.112,2.289,"moneypuck flurryScoreVenueAdj xG, all sit."
401803348,2026-03-07,LAK,MTL,4.995,3.132,"moneypuck flurryScoreVenueAdj xG, all sit."
401803349,2026-03-07,CGY,CAR,2.54,3.128,"moneypuck flurryScoreVenueAdj xG, all sit."
401803350,2026-03-07,SJS,NYI,2.922,2.686,"moneypuck flurryScoreVenueAdj xG, all sit."
401803351,2026-03-07,SEA,OTT,1.805,3.398,"moneypuck flurryScoreVenueAdj xG, all sit."
401803352,2026-03-08,COL,MIN,4.136,2.8,"moneypuck flurryScoreVenueAdj xG, all sit."
401803353,2026-03-08,PIT,BOS,3.545,2.276,"moneypuck flurryScoreVenueAdj xG, all sit."
401803354,2026-03-08,BUF,TBL,4.262,3.744,"moneypuck flurryScoreVenueAdj xG, all sit."
401803355,2026-03-08,DAL,CHI,2.749,1.455,"moneypuck flurryScoreVenueAdj xG, all sit."
401803356,2026-03-08,NJD,DET,1.859,2.099,"moneypuck flurryScoreVenueAdj xG, all sit."
401803357,2026-03-08,ANA,STL,1.92,4.83,"moneypuck flurryScoreVenueAdj xG, all sit."
401803358,2026-03-08,VGK,EDM,2.55,3.165,"moneypuck flurryScoreVenueAdj xG, all sit."
401803359,2026-03-09,PHI,NYR,2.28,4.11,"moneypuck flurryScoreVenueAdj xG, all sit."
401803360,2026-03-09,WSH,CGY,4.61,3.162,"moneypuck flurryScoreVenueAdj xG, all sit."
401803361,2026-03-09,CHI,UTA,2.548,2.189,"moneypuck flurryScoreVenueAdj xG, all sit."
401803362,2026-03-09,VAN,OTT,1.237,2.743,"moneypuck flurryScoreVenueAdj xG, all sit."
401857755,2026-03-09,CBJ,LAK,1.952,2.642,"moneypuck flurryScoreVenueAdj xG, all sit."
401803363,2026-03-10,BOS,LAK,3.024,1.816,"moneypuck flurryScoreVenueAdj xG, all sit."
401803364,2026-03-10,BUF,SJS,3.553,3.723,"moneypuck flurryScoreVenueAdj xG, all sit."
401803365,2026-03-10,MTL,TOR,5.033,1.842,"moneypuck flurryScoreVenueAdj xG, all sit."
401803366,2026-03-10,TBL,CBJ,1.618,4.837,"moneypuck flurryScoreVenueAdj xG, all sit."
401803367,2026-03-10,FLA,DET,2.453,3.433,"moneypuck flurryScoreVenueAdj xG, all sit."
401803368,2026-03-10,NYR,CGY,3.172,2.009,"moneypuck flurryScoreVenueAdj xG, all sit."
401803369,2026-03-10,CAR,PIT,5.277,3.796,"moneypuck flurryScoreVenueAdj xG, all sit."
401803370,2026-03-10,STL,NYI,2.207,5.193,"moneypuck flurryScoreVenueAdj xG, all sit."
401803371,2026-03-10,DAL,VGK,3.192,1.746,"moneypuck flurryScoreVenueAdj xG, all sit."
401803372,2026-03-10,MIN,UTA,3.255,2.012,"moneypuck flurryScoreVenueAdj xG, all sit."
401803373,2026-03-10,WPG,ANA,2.004,4.0,"moneypuck flurryScoreVenueAdj xG, all sit."
401803374,2026-03-10,COL,EDM,2.841,4.377,"moneypuck flurryScoreVenueAdj xG, all sit."
401803375,2026-03-10,SEA,NSH,4.432,3.373,"moneypuck flurryScoreVenueAdj xG, all sit."
401803376,2026-03-11,OTT,MTL,2.962,4.376,"moneypuck flurryScoreVenueAdj xG, all sit."
401803377,2026-03-11,PHI,WSH,3.489,3.532,"moneypuck flurryScoreVenueAdj xG, all sit."
401803378,2026-03-12,BOS,SJS,3.321,4.104,"moneypuck flurryScoreVenueAdj xG, all sit."
401803379,2026-03-12,BUF,WSH,2.96,3.229,"moneypuck flurryScoreVenueAdj xG, all sit."
401803380,2026-03-12,TOR,ANA,3.667,4.376,"moneypuck flurryScoreVenueAdj xG, all sit."
401803381,2026-03-12,TBL,DET,3.526,2.315,"moneypuck flurryScoreVenueAdj xG, all sit."
401803382,2026-03-12,FLA,CBJ,2.734,3.694,"moneypuck flurryScoreVenueAdj xG, all sit."
401803383,2026-03-12,NJD,CGY,4.068,2.393,"moneypuck flurryScoreVenueAdj xG, all sit."
401803384,2026-03-12,CAR,STL,3.281,2.189,"moneypuck flurryScoreVenueAdj xG, all sit."
401803385,2026-03-12,DAL,EDM,3.16,2.154,"moneypuck flurryScoreVenueAdj xG, all sit."
401803386,2026-03-12,MIN,PHI,2.219,1.227,"moneypuck flurryScoreVenueAdj xG, all sit."
401803387,2026-03-12,WPG,NYR,2.405,3.517,"moneypuck flurryScoreVenueAdj xG, all sit."
401803388,2026-03-12,UTA,CHI,4.179,2.305,"moneypuck flurryScoreVenueAdj xG, all sit."
401803389,2026-03-12,VAN,NSH,3.299,2.445,"moneypuck flurryScoreVenueAdj xG, all sit."
401803390,2026-03-12,VGK,PIT,3.795,3.508,"moneypuck flurryScoreVenueAdj xG, all sit."
401803391,2026-03-12,SEA,COL,2.54,3.715,"moneypuck flurryScoreVenueAdj xG, all sit."
401803392,2026-03-13,NYI,LAK,2.255,2.822,"moneypuck flurryScoreVenueAdj xG, all sit."
401803393,2026-03-13,STL,EDM,2.45,3.065,"moneypuck flurryScoreVenueAdj xG, all sit."
401803394,2026-03-14,OTT,ANA,4.729,3.168,"moneypuck flurryScoreVenueAdj xG, all sit."
401803395,2026-03-14,WSH,BOS,2.355,2.598,"moneypuck flurryScoreVenueAdj xG, all sit."
401803396,2026-03-14,WPG,COL,3.079,3.575,"moneypuck flurryScoreVenueAdj xG, all sit."
401803397,2026-03-14,MIN,NYR,4.121,2.883,"moneypuck flurryScoreVenueAdj xG, all sit."
401803398,2026-03-14,BUF,TOR,3.701,1.928,"moneypuck flurryScoreVenueAdj xG, all sit."
401803399,2026-03-14,MTL,SJS,2.911,5.008,"moneypuck flurryScoreVenueAdj xG, all sit."
401803400,2026-03-14,TBL,CAR,2.606,4.608,"moneypuck flurryScoreVenueAdj xG, all sit."
401803401,2026-03-14,NJD,LAK,3.232,3.407,"moneypuck flurryScoreVenueAdj xG, all sit."
401803402,2026-03-14,NYI,CGY,2.94,2.218,"moneypuck flurryScoreVenueAdj xG, all sit."
401803403,2026-03-14,PHI,CBJ,2.381,2.799,"moneypuck flurryScoreVenueAdj xG, all sit."
401803404,2026-03-14,DAL,DET,2.595,2.429,"moneypuck flurryScoreVenueAdj xG, all sit."
401803405,2026-03-14,UTA,PIT,2.997,2.924,"moneypuck flurryScoreVenueAdj xG, all sit."
401803406,2026-03-14,VAN,SEA,2.436,2.753,"moneypuck flurryScoreVenueAdj xG, all sit."
401803407,2026-03-14,VGK,CHI,3.416,2.866,"moneypuck flurryScoreVenueAdj xG, all sit."
401803408,2026-03-15,WPG,STL,2.957,2.853,"moneypuck flurryScoreVenueAdj xG, all sit."
401803409,2026-03-15,OTT,SJS,4.428,2.013,"moneypuck flurryScoreVenueAdj xG, all sit."
401803410,2026-03-15,MTL,ANA,3.23,3.889,"moneypuck flurryScoreVenueAdj xG, all sit."
401803411,2026-03-15,MIN,TOR,3.852,2.418,"moneypuck flurryScoreVenueAdj xG, all sit."
401803412,2026-03-15,EDM,NSH,4.867,2.111,"moneypuck flurryScoreVenueAdj xG, all sit."
401803413,2026-03-15,SEA,FLA,2.652,2.783,"moneypuck flurryScoreVenueAdj xG, all sit."
401803414,2026-03-16,DET,CGY,4.219,2.69,"moneypuck flurryScoreVenueAdj xG, all sit."
401803415,2026-03-16,NJD,BOS,3.176,2.716,"moneypuck flurryScoreVenueAdj xG, all sit."
401803416,2026-03-16,NYR,LAK,1.674,3.776,"moneypuck flurryScoreVenueAdj xG, all sit."
401803417,2026-03-16,DAL,UTA,3.171,2.283,"moneypuck flurryScoreVenueAdj xG, all sit."
401803418,2026-03-16,COL,PIT,3.1,2.134,"moneypuck flurryScoreVenueAdj xG, all sit."
401803419,2026-03-17,TOR,NYI,2.781,4.118,"moneypuck flurryScoreVenueAdj xG, all sit."
401803420,2026-03-17,MTL,BOS,3.712,4.061,"moneypuck flurryScoreVenueAdj xG, all sit."
401803421,2026-03-17,CBJ,CAR,2.538,1.855,"moneypuck flurryScoreVenueAdj xG, all sit."
401803422,2026-03-17,WPG,NSH,4.806,2.316,"moneypuck flurryScoreVenueAdj xG, all sit."
401803423,2026-03-17,CHI,MIN,3.107,3.928,"moneypuck flurryScoreVenueAdj xG, all sit."
401803424,2026-03-17,EDM,SJS,3.098,3.231,"moneypuck flurryScoreVenueAdj xG, all sit."
401803425,2026-03-17,VAN,FLA,2.48,3.326,"moneypuck flurryScoreVenueAdj xG, all sit."
401803426,2026-03-17,VGK,BUF,3.101,2.683,"moneypuck flurryScoreVenueAdj xG, all sit."
401803427,2026-03-17,SEA,TBL,1.7,3.362,"moneypuck flurryScoreVenueAdj xG, all sit."
401803428,2026-03-18,NYR,NJD,1.531,4.217,"moneypuck flurryScoreVenueAdj xG, all sit."
401803429,2026-03-18,CAR,PIT,4.187,5.247,"moneypuck flurryScoreVenueAdj xG, all sit."
401803430,2026-03-18,WSH,OTT,4.191,3.004,"moneypuck flurryScoreVenueAdj xG, all sit."
401803431,2026-03-18,COL,DAL,3.09,2.318,"moneypuck flurryScoreVenueAdj xG, all sit."
401803432,2026-03-18,CGY,STL,2.468,2.335,"moneypuck flurryScoreVenueAdj xG, all sit."
401803433,2026-03-18,ANA,PHI,2.804,4.32,"moneypuck flurryScoreVenueAdj xG, all sit."
401803434,2026-03-19,BOS,WPG,2.567,2.788,"moneypuck flurryScoreVenueAdj xG, all sit."
401803435,2026-03-19,OTT,NYI,4.402,1.117,"moneypuck flurryScoreVenueAdj xG, all sit."
401803436,2026-03-19,DET,MTL,4.033,3.031,"moneypuck flurryScoreVenueAdj xG, all sit."
401803437,2026-03-19,CBJ,NYR,4.035,2.489,"moneypuck flurryScoreVenueAdj xG, all sit."
401803438,2026-03-19,NSH,SEA,4.666,2.546,"moneypuck flurryScoreVenueAdj xG, all sit."
401803439,2026-03-19,MIN,CHI,1.946,2.371,"moneypuck flurryScoreVenueAdj xG, all sit."
401803440,2026-03-19,EDM,FLA,2.123,2.561,"moneypuck flurryScoreVenueAdj xG, all sit."
401803441,2026-03-19,VAN,TBL,1.675,2.987,"moneypuck flurryScoreVenueAdj xG, all sit."
401803442,2026-03-19,VGK,UTA,3.28,2.972,"moneypuck flurryScoreVenueAdj xG, all sit."
401803443,2026-03-19,SJS,BUF,1.976,1.988,"moneypuck flurryScoreVenueAdj xG, all sit."
401803444,2026-03-19,LAK,PHI,2.237,2.211,"moneypuck flurryScoreVenueAdj xG, all sit."
401803445,2026-03-20,TOR,CAR,1.921,4.039,"moneypuck flurryScoreVenueAdj xG, all sit."
401803446,2026-03-20,WSH,NJD,4.249,2.632,"moneypuck flurryScoreVenueAdj xG, all sit."
401803447,2026-03-20,CHI,COL,2.112,5.881,"moneypuck flurryScoreVenueAdj xG, all sit."
401803448,2026-03-20,CGY,FLA,3.792,1.671,"moneypuck flurryScoreVenueAdj xG, all sit."
401803449,2026-03-20,UTA,ANA,3.072,4.361,"moneypuck flurryScoreVenueAdj xG, all sit."
401803450,2026-03-21,PIT,WPG,3.272,2.789,"moneypuck flurryScoreVenueAdj xG, all sit."
401803451,2026-03-21,NSH,VGK,3.435,3.975,"moneypuck flurryScoreVenueAdj xG, all sit."
401803452,2026-03-21,MIN,DAL,3.228,2.55,"moneypuck flurryScoreVenueAdj xG, all sit."
401803453,2026-03-21,LAK,BUF,2.333,2.549,"moneypuck flurryScoreVenueAdj xG, all sit."
401803454,2026-03-21,SJS,PHI,1.925,4.13,"moneypuck flurryScoreVenueAdj xG, all sit."
401803455,2026-03-21,CBJ,SEA,2.67,2.016,"moneypuck flurryScoreVenueAdj xG, all sit."
401803456,2026-03-21,MTL,NYI,3.399,2.149,"moneypuck flurryScoreVenueAdj xG, all sit."
401803457,2026-03-21,OTT,TOR,5.239,1.475,"moneypuck flurryScoreVenueAdj xG, all sit."
401803458,2026-03-21,VAN,STL,1.94,3.264,"moneypuck flurryScoreVenueAdj xG, all sit."
401803459,2026-03-21,DET,BOS,3.939,3.226,"moneypuck flurryScoreVenueAdj xG, all sit."
401803460,2026-03-21,EDM,TBL,2.177,3.914,"moneypuck flurryScoreVenueAdj xG, all sit."
401803461,2026-03-22,NYR,WPG,2.557,3.287,"moneypuck flurryScoreVenueAdj xG, all sit."
401803462,2026-03-22,WSH,COL,2.518,2.172,"moneypuck flurryScoreVenueAdj xG, all sit."
401803463,2026-03-22,PIT,CAR,2.283,6.75,"moneypuck flurryScoreVenueAdj xG, all sit."
401803464,2026-03-22,CHI,NSH,2.95,2.934,"moneypuck flurryScoreVenueAdj xG, all sit."
401803465,2026-03-22,NYI,CBJ,2.008,2.022,"moneypuck flurryScoreVenueAdj xG, all sit."
401803466,2026-03-22,DAL,VGK,1.826,3.389,"moneypuck flurryScoreVenueAdj xG, all sit."
401803467,2026-03-22,CGY,TBL,1.932,3.113,"moneypuck flurryScoreVenueAdj xG, all sit."
401803468,2026-03-22,ANA,BUF,3.523,2.364,"moneypuck flurryScoreVenueAdj xG, all sit."
401803469,2026-03-22,UTA,LAK,3.615,2.916,"moneypuck flurryScoreVenueAdj xG, all sit."
401803470,2026-03-23,NYR,OTT,1.272,2.811,"moneypuck flurryScoreVenueAdj xG, all sit."
401803471,2026-03-24,BOS,TOR,3.086,5.9,"moneypuck flurryScoreVenueAdj xG, all sit."
401803472,2026-03-24,MTL,CAR,4.276,3.669,"moneypuck flurryScoreVenueAdj xG, all sit."
401803473,2026-03-24,DET,OTT,2.837,2.601,"moneypuck flurryScoreVenueAdj xG, all sit."
401803474,2026-03-24,FLA,SEA,2.421,3.219,"moneypuck flurryScoreVenueAdj xG, all sit."
401803475,2026-03-24,NYI,CHI,4.558,2.556,"moneypuck flurryScoreVenueAdj xG, all sit."
401803476,2026-03-24,PHI,CBJ,3.005,2.524,"moneypuck flurryScoreVenueAdj xG, all sit."
401803477,2026-03-24,PIT,COL,3.285,3.266,"moneypuck flurryScoreVenueAdj xG, all sit."
401803478,2026-03-24,TBL,MIN,4.192,4.573,"moneypuck flurryScoreVenueAdj xG, all sit."
401803479,2026-03-24,STL,WSH,3.771,1.465,"moneypuck flurryScoreVenueAdj xG, all sit."
401803480,2026-03-24,NSH,SJS,1.935,2.804,"moneypuck flurryScoreVenueAdj xG, all sit."
401803481,2026-03-24,DAL,NJD,2.065,4.083,"moneypuck flurryScoreVenueAdj xG, all sit."
401803482,2026-03-24,WPG,VGK,4.173,1.952,"moneypuck flurryScoreVenueAdj xG, all sit."
401803483,2026-03-24,UTA,EDM,2.017,3.324,"moneypuck flurryScoreVenueAdj xG, all sit."
401803484,2026-03-24,CGY,LAK,2.533,2.177,"moneypuck flurryScoreVenueAdj xG, all sit."
401803485,2026-03-24,VAN,ANA,3.155,4.805,"moneypuck flurryScoreVenueAdj xG, all sit."
401803486,2026-03-25,BUF,BOS,2.197,2.087,"moneypuck flurryScoreVenueAdj xG, all sit."
401803487,2026-03-25,TOR,NYR,1.979,4.454,"moneypuck flurryScoreVenueAdj xG, all sit."
401803488,2026-03-26,MTL,CBJ,1.769,3.676,"moneypuck flurryScoreVenueAdj xG, all sit."
401803489,2026-03-26,OTT,PIT,3.182,4.371,"moneypuck flurryScoreVenueAdj xG, all sit."
401803490,2026-03-26,TBL,SEA,2.455,1.304,"moneypuck flurryScoreVenueAdj xG, all sit."
401803491,2026-03-26,FLA,MIN,1.861,5.169,"moneypuck flurryScoreVenueAdj xG, all sit."
401803492,2026-03-26,NYI,DAL,3.177,2.474,"moneypuck flurryScoreVenueAdj xG, all sit."
401803493,2026-03-26,PHI,CHI,5.622,1.774,"moneypuck flurryScoreVenueAdj xG, all sit."
401803494,2026-03-26,STL,SJS,1.754,2.431,"moneypuck flurryScoreVenueAdj xG, all sit."
401803495,2026-03-26,NSH,NJD,1.862,3.664,"moneypuck flurryScoreVenueAdj xG, all sit."
401803496,2026-03-26,WPG,COL,2.25,4.301,"moneypuck flurryScoreVenueAdj xG, all sit."
401803497,2026-03-26,UTA,WSH,4.453,3.377,"moneypuck flurryScoreVenueAdj xG, all sit."
401803498,2026-03-26,CGY,ANA,2.101,3.573,"moneypuck flurryScoreVenueAdj xG, all sit."
401803499,2026-03-26,VGK,EDM,2.499,1.767,"moneypuck flurryScoreVenueAdj xG, all sit."
401803500,2026-03-26,VAN,LAK,1.776,4.382,"moneypuck flurryScoreVenueAdj xG, all sit."
401803501,2026-03-27,BUF,DET,3.392,3.845,"moneypuck flurryScoreVenueAdj xG, all sit."
401803502,2026-03-27,NYR,CHI,4.544,1.651,"moneypuck flurryScoreVenueAdj xG, all sit."
401803503,2026-03-28,TBL,OTT,3.486,2.781,"moneypuck flurryScoreVenueAdj xG, all sit."
401803504,2026-03-28,NYI,FLA,5.358,3.292,"moneypuck flurryScoreVenueAdj xG, all sit."
401803505,2026-03-28,EDM,ANA,4.385,2.72,"moneypuck flurryScoreVenueAdj xG, all sit."
401803506,2026-03-28,BOS,MIN,3.469,3.146,"moneypuck flurryScoreVenueAdj xG, all sit."
401803507,2026-03-28,PIT,DAL,1.895,3.767,"moneypuck flurryScoreVenueAdj xG, all sit."
401803508,2026-03-28,CAR,NJD,4.389,1.764,"moneypuck flurryScoreVenueAdj xG, all sit."
401803509,2026-03-28,CBJ,SJS,2.164,4.491,"moneypuck flurryScoreVenueAdj xG, all sit."
401803510,2026-03-28,BUF,SEA,2.923,2.978,"moneypuck flurryScoreVenueAdj xG, all sit."
401803511,2026-03-28,STL,TOR,2.778,1.264,"moneypuck flurryScoreVenueAdj xG, all sit."
401803512,2026-03-28,NSH,MTL,1.66,3.232,"moneypuck flurryScoreVenueAdj xG, all sit."
401803513,2026-03-28,COL,WPG,1.41,2.905,"moneypuck flurryScoreVenueAdj xG, all sit."
401803514,2026-03-28,DET,PHI,2.712,4.154,"moneypuck flurryScoreVenueAdj xG, all sit."
401803515,2026-03-28,LAK,UTA,2.218,3.965,"moneypuck flurryScoreVenueAdj xG, all sit."
401803516,2026-03-28,CGY,VAN,2.075,3.336,"moneypuck flurryScoreVenueAdj xG, all sit."
401803517,2026-03-28,VGK,WSH,3.046,3.806,"moneypuck flurryScoreVenueAdj xG, all sit."
401803518,2026-03-29,NYR,FLA,2.701,2.293,"moneypuck flurryScoreVenueAdj xG, all sit."
401803519,2026-03-29,TBL,NSH,3.286,2.139,"moneypuck flurryScoreVenueAdj xG, all sit."
401803520,2026-03-29,CAR,MTL,4.273,2.521,"moneypuck flurryScoreVenueAdj xG, all sit."
401803521,2026-03-29,CBJ,BOS,2.29,4.436,"moneypuck flurryScoreVenueAdj xG, all sit."
401803522,2026-03-29,NJD,CHI,5.827,3.595,"moneypuck flurryScoreVenueAdj xG, all sit."
401803523,2026-03-29,PHI,DAL,3.289,1.776,"moneypuck flurryScoreVenueAdj xG, all sit."
401803524,2026-03-30,NYI,PIT,1.868,4.462,"moneypuck flurryScoreVenueAdj xG, all sit."
401803525,2026-03-30,COL,CGY,4.903,3.081,"moneypuck flurryScoreVenueAdj xG, all sit."
401803526,2026-03-30,VGK,VAN,3.793,1.978,"moneypuck flurryScoreVenueAdj xG, all sit."
401803527,2026-03-30,ANA,TOR,4.308,5.206,"moneypuck flurryScoreVenueAdj xG, all sit."
401803528,2026-03-30,SJS,STL,3.143,2.853,"moneypuck flurryScoreVenueAdj xG, all sit."
401803529,2026-03-31,BOS,DAL,4.696,2.55,"moneypuck flurryScoreVenueAdj xG, all sit."
401803530,2026-03-31,BUF,NYI,4.706,3.703,"moneypuck flurryScoreVenueAdj xG, all sit."
401803531,2026-03-31,TBL,MTL,3.635,3.471,"moneypuck flurryScoreVenueAdj xG, all sit."
401803532,2026-03-31,FLA,OTT,4.906,1.73,"moneypuck flurryScoreVenueAdj xG, all sit."
401803533,2026-03-31,NYR,NJD,3.529,3.295,"moneypuck flurryScoreVenueAdj xG, all sit."
401803534,2026-03-31,PIT,DET,3.26,3.204,"moneypuck flurryScoreVenueAdj xG, all sit."
401803535,2026-03-31,WSH,PHI,2.385,2.995,"moneypuck flurryScoreVenueAdj xG, all sit."
401803536,2026-03-31,CBJ,CAR,2.652,5.052,"moneypuck flurryScoreVenueAdj xG, all sit."
401803537,2026-03-31,CHI,WPG,1.992,2.934,"moneypuck flurryScoreVenueAdj xG, all sit."
401803538,2026-03-31,EDM,SEA,2.466,1.418,"moneypuck flurryScoreVenueAdj xG, all sit."
401803539,2026-04-01,COL,VAN,2.387,3.675,"moneypuck flurryScoreVenueAdj xG, all sit."
401803540,2026-04-01,LAK,STL,2.676,2.418,"moneypuck flurryScoreVenueAdj xG, all sit."
401803541,2026-04-01,SJS,ANA,2.134,2.476,"moneypuck flurryScoreVenueAdj xG, all sit."
401803542,2026-04-02,OTT,BUF,3.877,1.45,"moneypuck flurryScoreVenueAdj xG, all sit."
401803543,2026-04-02,TBL,PIT,4.093,2.15,"moneypuck flurryScoreVenueAdj xG, all sit."
401803544,2026-04-02,FLA,BOS,3.345,3.543,"moneypuck flurryScoreVenueAdj xG, all sit."
401803545,2026-04-02,NJD,WSH,2.946,3.289,"moneypuck flurryScoreVenueAdj xG, all sit."
401803546,2026-04-02,NYR,MTL,2.976,3.388,"moneypuck flurryScoreVenueAdj xG, all sit."
401803547,2026-04-02,PHI,DET,4.169,2.229,"moneypuck flurryScoreVenueAdj xG, all sit."
401803548,2026-04-02,CAR,CBJ,1.786,1.394,"moneypuck flurryScoreVenueAdj xG, all sit."
401803549,2026-04-02,DAL,WPG,2.55,2.616,"moneypuck flurryScoreVenueAdj xG, all sit."
401803550,2026-04-02,MIN,VAN,3.883,3.622,"moneypuck flurryScoreVenueAdj xG, all sit."
401803551,2026-04-02,EDM,CHI,5.347,2.418,"moneypuck flurryScoreVenueAdj xG, all sit."
401803552,2026-04-02,VGK,CGY,3.761,1.727,"moneypuck flurryScoreVenueAdj xG, all sit."
401803553,2026-04-02,SJS,TOR,3.327,2.954,"moneypuck flurryScoreVenueAdj xG, all sit."
401803554,2026-04-02,SEA,UTA,2.39,4.542,"moneypuck flurryScoreVenueAdj xG, all sit."
401803555,2026-04-02,LAK,NSH,3.068,3.182,"moneypuck flurryScoreVenueAdj xG, all sit."
401803556,2026-04-03,NYI,PHI,2.209,4.821,"moneypuck flurryScoreVenueAdj xG, all sit."
401803557,2026-04-03,ANA,STL,3.138,4.022,"moneypuck flurryScoreVenueAdj xG, all sit."
401803558,2026-04-04,NYR,DET,3.156,2.361,"moneypuck flurryScoreVenueAdj xG, all sit."
401803559,2026-04-04,OTT,MIN,2.279,3.132,"moneypuck flurryScoreVenueAdj xG, all sit."
401803560,2026-04-04,DAL,COL,2.134,3.834,"moneypuck flurryScoreVenueAdj xG, all sit."
401803561,2026-04-04,TBL,BOS,2.423,2.447,"moneypuck flurryScoreVenueAdj xG, all sit."
401803562,2026-04-04,PIT,FLA,3.033,1.68,"moneypuck flurryScoreVenueAdj xG, all sit."
401803563,2026-04-04,NJD,MTL,3.416,3.353,"moneypuck flurryScoreVenueAdj xG, all sit."
401803564,2026-04-04,WSH,BUF,3.08,2.938,"moneypuck flurryScoreVenueAdj xG, all sit."
401803565,2026-04-04,CAR,NYI,4.09,2.21,"moneypuck flurryScoreVenueAdj xG, all sit."
401803566,2026-04-04,CBJ,WPG,2.48,1.998,"moneypuck flurryScoreVenueAdj xG, all sit."
401803567,2026-04-04,VAN,UTA,1.528,2.49,"moneypuck flurryScoreVenueAdj xG, all sit."
401803568,2026-04-04,LAK,TOR,4.438,3.232,"moneypuck flurryScoreVenueAdj xG, all sit."
401803569,2026-04-04,EDM,VGK,2.638,3.187,"moneypuck flurryScoreVenueAdj xG, all sit."
401803570,2026-04-04,ANA,CGY,4.182,4.435,"moneypuck flurryScoreVenueAdj xG, all sit."
401803571,2026-04-04,SJS,NSH,2.022,4.066,"moneypuck flurryScoreVenueAdj xG, all sit."
401803572,2026-04-04,SEA,CHI,2.387,3.834,"moneypuck flurryScoreVenueAdj xG, all sit."
401803573,2026-04-05,DET,MIN,2.244,2.658,"moneypuck flurryScoreVenueAdj xG, all sit."
401803574,2026-04-05,PIT,FLA,3.625,2.674,"moneypuck flurryScoreVenueAdj xG, all sit."
401803575,2026-04-05,PHI,BOS,2.999,2.38,"moneypuck flurryScoreVenueAdj xG, all sit."
401803576,2026-04-05,OTT,CAR,5.672,2.622,"moneypuck flurryScoreVenueAdj xG, all sit."
401803577,2026-04-05,MTL,NJD,2.256,3.719,"moneypuck flurryScoreVenueAdj xG, all sit."
401803578,2026-04-05,NYR,WSH,3.719,1.528,"moneypuck flurryScoreVenueAdj xG, all sit."
401803579,2026-04-05,COL,STL,2.635,3.216,"moneypuck flurryScoreVenueAdj xG, all sit."
401803580,2026-04-06,BUF,TBL,3.443,2.554,"moneypuck flurryScoreVenueAdj xG, all sit."
401803581,2026-04-06,WPG,SEA,3.566,2.502,"moneypuck flurryScoreVenueAdj xG, all sit."
401803582,2026-04-06,SJS,CHI,2.094,3.298,"moneypuck flurryScoreVenueAdj xG, all sit."
401803583,2026-04-06,LAK,NSH,1.936,3.322,"moneypuck flurryScoreVenueAdj xG, all sit."
401803584,2026-04-07,MTL,FLA,3.422,4.348,"moneypuck flurryScoreVenueAdj xG, all sit."
401803585,2026-04-07,OTT,TBL,5.075,2.118,"moneypuck flurryScoreVenueAdj xG, all sit."
401803586,2026-04-07,DET,CBJ,2.381,3.884,"moneypuck flurryScoreVenueAdj xG, all sit."
401803587,2026-04-07,NJD,PHI,2.567,2.014,"moneypuck flurryScoreVenueAdj xG, all sit."
401803588,2026-04-07,CAR,BOS,4.198,1.989,"moneypuck flurryScoreVenueAdj xG, all sit."
401803589,2026-04-07,STL,COL,2.186,3.486,"moneypuck flurryScoreVenueAdj xG, all sit."
401803590,2026-04-07,DAL,CGY,3.682,2.317,"moneypuck flurryScoreVenueAdj xG, all sit."
401803591,2026-04-07,MIN,SEA,3.157,2.625,"moneypuck flurryScoreVenueAdj xG, all sit."
401803592,2026-04-07,UTA,EDM,3.401,3.341,"moneypuck flurryScoreVenueAdj xG, all sit."
401803593,2026-04-07,VAN,VGK,1.584,3.708,"moneypuck flurryScoreVenueAdj xG, all sit."
401803594,2026-04-07,ANA,NSH,4.337,3.324,"moneypuck flurryScoreVenueAdj xG, all sit."
401803595,2026-04-08,NYR,BUF,1.901,3.368,"moneypuck flurryScoreVenueAdj xG, all sit."
401803596,2026-04-08,TOR,WSH,2.169,3.053,"moneypuck flurryScoreVenueAdj xG, all sit."
401803597,2026-04-08,SJS,EDM,1.835,3.652,"moneypuck flurryScoreVenueAdj xG, all sit."
401803598,2026-04-09,BUF,CBJ,1.636,2.229,"moneypuck flurryScoreVenueAdj xG, all sit."
401803599,2026-04-09,MTL,TBL,3.793,2.301,"moneypuck flurryScoreVenueAdj xG, all sit."
401803600,2026-04-09,OTT,FLA,3.651,1.776,"moneypuck flurryScoreVenueAdj xG, all sit."
401803601,2026-04-09,DET,PHI,1.579,3.755,"moneypuck flurryScoreVenueAdj xG, all sit."
401803602,2026-04-09,NJD,PIT,1.457,3.818,"moneypuck flurryScoreVenueAdj xG, all sit."
401803603,2026-04-09,NYI,TOR,6.256,2.607,"moneypuck flurryScoreVenueAdj xG, all sit."
401803604,2026-04-09,STL,WPG,2.287,2.827,"moneypuck flurryScoreVenueAdj xG, all sit."
401803605,2026-04-09,DAL,MIN,1.765,3.448,"moneypuck flurryScoreVenueAdj xG, all sit."
401803606,2026-04-09,CHI,CAR,1.738,2.77,"moneypuck flurryScoreVenueAdj xG, all sit."
401803607,2026-04-09,COL,CGY,5.26,2.749,"moneypuck flurryScoreVenueAdj xG, all sit."
401803608,2026-04-09,UTA,NSH,2.639,3.056,"moneypuck flurryScoreVenueAdj xG, all sit."
401803609,2026-04-09,ANA,SJS,2.874,1.319,"moneypuck flurryScoreVenueAdj xG, all sit."
401803610,2026-04-09,SEA,VGK,2.487,3.404,"moneypuck flurryScoreVenueAdj xG, all sit."
401803611,2026-04-09,LAK,VAN,2.186,2.687,"moneypuck flurryScoreVenueAdj xG, all sit."
401803612,2026-04-11,BOS,TBL,2.202,2.45,"moneypuck flurryScoreVenueAdj xG, all sit."
401803613,2026-04-11,NYI,OTT,2.739,2.492,"moneypuck flurryScoreVenueAdj xG, all sit."
401803614,2026-04-11,PIT,WSH,1.486,3.539,"moneypuck flurryScoreVenueAdj xG, all sit."
401803615,2026-04-11,LAK,EDM,2.354,2.251,"moneypuck flurryScoreVenueAdj xG, all sit."
401803616,2026-04-11,DET,NJD,2.824,4.567,"moneypuck flurryScoreVenueAdj xG, all sit."
401803617,2026-04-11,CHI,STL,3.371,3.16,"moneypuck flurryScoreVenueAdj xG, all sit."
401803618,2026-04-11,NSH,MIN,2.116,2.294,"moneypuck flurryScoreVenueAdj xG, all sit."
401803619,2026-04-11,DAL,NYR,3.347,2.338,"moneypuck flurryScoreVenueAdj xG, all sit."
401803620,2026-04-11,UTA,CAR,3.372,4.851,"moneypuck flurryScoreVenueAdj xG, all sit."
401803621,2026-04-11,TOR,FLA,2.168,4.092,"moneypuck flurryScoreVenueAdj xG, all sit."
401803622,2026-04-11,MTL,CBJ,2.093,4.41,"moneypuck flurryScoreVenueAdj xG, all sit."
401803623,2026-04-11,WPG,PHI,2.455,2.456,"moneypuck flurryScoreVenueAdj xG, all sit."
401803624,2026-04-11,SEA,CGY,2.821,1.478,"moneypuck flurryScoreVenueAdj xG, all sit."
401803625,2026-04-11,COL,VGK,3.169,3.426,"moneypuck flurryScoreVenueAdj xG, all sit."
401803626,2026-04-11,SJS,VAN,3.019,3.984,"moneypuck flurryScoreVenueAdj xG, all sit."
401803627,2026-04-12,WSH,PIT,4.382,2.596,"moneypuck flurryScoreVenueAdj xG, all sit."
401803628,2026-04-12,NYI,MTL,3.452,3.276,"moneypuck flurryScoreVenueAdj xG, all sit."
401803629,2026-04-12,CBJ,BOS,3.343,2.213,"moneypuck flurryScoreVenueAdj xG, all sit."
401803630,2026-04-12,NJD,OTT,3.38,2.692,"moneypuck flurryScoreVenueAdj xG, all sit."
401803631,2026-04-12,ANA,VAN,3.217,2.547,"moneypuck flurryScoreVenueAdj xG, all sit."
401803632,2026-04-12,CGY,UTA,3.471,1.594,"moneypuck flurryScoreVenueAdj xG, all sit."
401803633,2026-04-13,TBL,DET,2.386,2.146,"moneypuck flurryScoreVenueAdj xG, all sit."
401803634,2026-04-13,FLA,NYR,3.024,2.858,"moneypuck flurryScoreVenueAdj xG, all sit."
401803635,2026-04-13,PHI,CAR,3.089,2.734,"moneypuck flurryScoreVenueAdj xG, all sit."
401803636,2026-04-13,TOR,DAL,2.342,3.315,"moneypuck flurryScoreVenueAdj xG, all sit."
401803637,2026-04-13,STL,MIN,3.827,3.297,"moneypuck flurryScoreVenueAdj xG, all sit."
401803638,2026-04-13,NSH,SJS,2.875,3.128,"moneypuck flurryScoreVenueAdj xG, all sit."
401803639,2026-04-13,CHI,BUF,1.894,2.549,"moneypuck flurryScoreVenueAdj xG, all sit."
401803640,2026-04-13,EDM,COL,2.649,3.279,"moneypuck flurryScoreVenueAdj xG, all sit."
401803641,2026-04-13,VGK,WPG,4.025,2.887,"moneypuck flurryScoreVenueAdj xG, all sit."
401803642,2026-04-13,SEA,LAK,2.345,4.85,"moneypuck flurryScoreVenueAdj xG, all sit."
401803643,2026-04-14,BOS,NJD,2.732,2.204,"moneypuck flurryScoreVenueAdj xG, all sit."
401803644,2026-04-14,NYI,CAR,2.528,3.255,"moneypuck flurryScoreVenueAdj xG, all sit."
401803645,2026-04-14,PHI,MTL,1.627,2.765,"moneypuck flurryScoreVenueAdj xG, all sit."
401803646,2026-04-14,CBJ,WSH,2.474,3.237,"moneypuck flurryScoreVenueAdj xG, all sit."
401803647,2026-04-14,MIN,ANA,3.54,4.588,"moneypuck flurryScoreVenueAdj xG, all sit."
401803648,2026-04-14,UTA,WPG,3.921,3.275,"moneypuck flurryScoreVenueAdj xG, all sit."
401803649,2026-04-14,CGY,COL,2.422,4.658,"moneypuck flurryScoreVenueAdj xG, all sit."
401803650,2026-04-14,STL,PIT,4.212,2.451,"moneypuck flurryScoreVenueAdj xG, all sit."
401803651,2026-04-14,VAN,LAK,1.844,3.121,"moneypuck flurryScoreVenueAdj xG, all sit."
401803652,2026-04-15,BUF,DAL,2.579,2.889,"moneypuck flurryScoreVenueAdj xG, all sit."
401803653,2026-04-15,TBL,NYR,3.455,2.803,"moneypuck flurryScoreVenueAdj xG, all sit."
401803654,2026-04-15,FLA,DET,2.75,2.371,"moneypuck flurryScoreVenueAdj xG, all sit."
401803655,2026-04-15,OTT,TOR,4.71,1.631,"moneypuck flurryScoreVenueAdj xG, all sit."
401803656,2026-04-15,CHI,SJS,2.112,2.236,"moneypuck flurryScoreVenueAdj xG, all sit."
401803657,2026-04-15,VGK,SEA,2.978,1.837,"moneypuck flurryScoreVenueAdj xG, all sit."
401803658,2026-04-16,NSH,ANA,1.601,5.151,"moneypuck flurryScoreVenueAdj xG, all sit."
401803659,2026-04-16,WPG,SJS,2.19,4.05,"moneypuck flurryScoreVenueAdj xG, all sit."
401803660,2026-04-16,UTA,STL,2.233,3.725,"moneypuck flurryScoreVenueAdj xG, all sit."
401803661,2026-04-16,CGY,LAK,1.586,3.458,"moneypuck flurryScoreVenueAdj xG, all sit."
401803662,2026-04-16,EDM,VAN,3.545,1.308,"moneypuck flurryScoreVenueAdj xG, all sit."
401803663,2026-04-16,COL,SEA,2.976,1.012,"moneypuck flurryScoreVenueAdj xG, all sit."
401891773,2026-09-29,CAR,FLA,2.192,1.95,"moneypuck flurryScoreVenueAdj xG, all sit."
401891774,2026-09-29,BOS,NYR,3.253,2.032,"moneypuck flurryScoreVenueAdj xG, all sit."
401891775,2026-09-29,VGK,CHI,4.032,1.952,"moneypuck flurryScoreVenueAdj xG, all sit."
401891804,2026-09-29,EDM,VAN,3.327,2.07,"moneypuck flurryScoreVenueAdj xG, all sit."
401891827,2026-09-29,TOR,MTL,2.321,3.456,"moneypuck flurryScoreVenueAdj xG, all sit."
401891780,2026-09-30,COL,LAK,3.277,2.849,"moneypuck flurryScoreVenueAdj xG, all sit."
401891821,2026-09-30,PHI,PIT,1.455,4.424,"moneypuck flurryScoreVenueAdj xG, all sit."
401892431,2026-09-30,TOR,NYI,2.62,2.586,"moneypuck flurryScoreVenueAdj xG, all sit."
401891777,2026-10-01,CGY,SEA,2.263,4.072,"moneypuck flurryScoreVenueAdj xG, all sit."
401891781,2026-10-01,CBJ,BUF,2.718,2.821,"moneypuck flurryScoreVenueAdj xG, all sit."
401891816,2026-10-01,NSH,MIN,1.398,3.166,"moneypuck flurryScoreVenueAdj xG, all sit."
401891817,2026-10-01,NJD,PHI,4.058,1.943,"moneypuck flurryScoreVenueAdj xG, all sit."
401891819,2026-10-01,NYR,TBL,3.85,2.484,"moneypuck flurryScoreVenueAdj xG, all sit."
401891823,2026-10-01,SJS,FLA,3.433,3.854,"moneypuck flurryScoreVenueAdj xG, all sit."
401891828,2026-10-01,UTA,CHI,3.588,1.671,"moneypuck flurryScoreVenueAdj xG, all sit."
401891829,2026-10-01,VAN,EDM,2.504,3.475,"moneypuck flurryScoreVenueAdj xG, all sit."
2026020037,2026-10-04,ANA,FLA,2.38,3.581,"moneypuck flurryScoreVenueAdj xG, all sit."
2026020055,2026-10-07,ANA,EDM,2.956,2.731,"moneypuck flurryScoreVenueAdj xG, all sit."
2026020041,2026-10-05,BOS,OTT,2.194,2.684,"moneypuck flurryScoreVenueAdj xG, all sit."
2026020056,2026-10-08,BOS,UTA,2.344,4.178,"moneypuck flurryScoreVenueAdj xG, all sit."
2026020022,2026-10-03,BUF,CHI,3.489,2.701,"moneypuck flurryScoreVenueAdj xG, all sit."
2026020049,2026-10-06,BUF,MIN,3.886,2.053,"moneypuck flurryScoreVenueAdj xG, all sit."
2026020057,2026-10-08,BUF,DAL,2.16,2.234,"moneypuck flurryScoreVenueAdj xG, all sit."
2026020018,2026-10-02,CAR,WSH,3.64,3.331,"moneypuck flurryScoreVenueAdj xG, all sit."
2026020061,2026-10-08,CAR,VAN,4.984,2.323,"moneypuck flurryScoreVenueAdj xG, all sit."
2026020027,2026-10-03,CBJ,UTA,2.508,2.576,"moneypuck flurryScoreVenueAdj xG, all sit."
2026020064,2026-10-08,CGY,COL,2.524,2.975,"moneypuck flurryScoreVenueAdj xG, all sit."
2026020050,2026-10-06,CHI,STL,3.259,2.79,"moneypuck flurryScoreVenueAdj xG, all sit."
2026020032,2026-10-03,COL,STL,3.588,1.9,"moneypuck flurryScoreVenueAdj xG, all sit."
2026020020,2026-10-02,DAL,STL,2.643,3.708,"moneypuck flurryScoreVenueAdj xG, all sit."
2026020043,2026-10-05,DAL,SJS,3.963,1.506,"moneypuck flurryScoreVenueAdj xG, all sit."
2026020017,2026-10-02,DET,NYR,1.581,3.135,"moneypuck flurryScoreVenueAdj xG, all sit."
2026020035,2026-10-04,DET,WPG,4.121,2.848,"moneypuck flurryScoreVenueAdj xG, all sit."
2026020046,2026-10-06,DET,OTT,3.62,2.591,"moneypuck flurryScoreVenueAdj xG, all sit."
2026020028,2026-10-03,EDM,SEA,3.736,1.699,"moneypuck flurryScoreVenueAdj xG, all sit."
2026020052,2026-10-06,LAK,FLA,1.96,2.726,"moneypuck flurryScoreVenueAdj xG, all sit."
2026020031,2026-10-03,MIN,BOS,3.454,2.708,"moneypuck flurryScoreVenueAdj xG, all sit."
2026020045,2026-10-06,MTL,CAR,2.225,4.697,"moneypuck flurryScoreVenueAdj xG, all sit."
2026020058,2026-10-08,MTL,NSH,3.615,3.387,"moneypuck flurryScoreVenueAdj xG, all sit."
2026020047,2026-10-06,NJD,UTA,2.431,4.065,"moneypuck flurryScoreVenueAdj xG, all sit."
2026020030,2026-10-03,NSH,DAL,2.067,2.25,"moneypuck flurryScoreVenueAdj xG, all sit."
2026020029,2026-10-03,NYI,NJD,3.526,3.745,"moneypuck flurryScoreVenueAdj xG, all sit."
2026020062,2026-10-08,NYI,CHI,2.929,2.385,"moneypuck flurryScoreVenueAdj xG, all sit."
2026020036,2026-10-04,NYR,UTA,3.385,3.541,"moneypuck flurryScoreVenueAdj xG, all sit."
2026020048,2026-10-06,NYR,NYI,4.855,2.258,"moneypuck flurryScoreVenueAdj xG, all sit."
2026020059,2026-10-08,OTT,PHI,2.194,3.391,"moneypuck flurryScoreVenueAdj xG, all sit."
2026020025,2026-10-03,PHI,CAR,2.596,4.646,"moneypuck flurryScoreVenueAdj xG, all sit."
2026020026,2026-10-03,PIT,MTL,3.223,3.207,"moneypuck flurryScoreVenueAdj xG, all sit."
2026020042,2026-10-05,PIT,WPG,2.454,4.037,"moneypuck flurryScoreVenueAdj xG, all sit."
2026020038,2026-10-04,SEA,CGY,2.845,2.559,"moneypuck flurryScoreVenueAdj xG, all sit."
2026020051,2026-10-06,SEA,VGK,2.369,4.173,"moneypuck flurryScoreVenueAdj xG, all sit."
2026020034,2026-10-03,SJS,LAK,1.8,3.799,"moneypuck flurryScoreVenueAdj xG, all sit."
2026020063,2026-10-08,STL,SJS,3.627,2.889,"moneypuck flurryScoreVenueAdj xG, all sit."
2026020024,2026-10-03,TBL,WSH,4.011,2.331,"moneypuck flurryScoreVenueAdj xG, all sit."
2026020040,2026-10-05,TBL,PHI,5.561,1.641,"moneypuck flurryScoreVenueAdj xG, all sit."
2026020060,2026-10-08,TBL,MIN,3.373,2.876,"moneypuck flurryScoreVenueAdj xG, all sit."
2026020023,2026-10-03,TOR,OTT,2.894,4.403,"moneypuck flurryScoreVenueAdj xG, all sit."
2026020044,2026-10-06,TOR,NSH,4.237,3.682,"moneypuck flurryScoreVenueAdj xG, all sit."
2026020033,2026-10-03,VAN,CGY,3.423,1.767,"moneypuck flurryScoreVenueAdj xG, all sit."
2026020039,2026-10-04,VAN,VGK,1.432,4.425,"moneypuck flurryScoreVenueAdj xG, all sit."
2026020021,2026-10-02,VGK,ANA,2.942,2.828,"moneypuck flurryScoreVenueAdj xG, all sit."
2026020065,2026-10-08,VGK,TOR,4.444,2.701,"moneypuck flurryScoreVenueAdj xG, all sit."
2026020019,2026-10-02,WPG,BOS,3.387,3.204,"moneypuck flurryScoreVenueAdj xG, all sit."
2026020054,2026-10-07,WPG,COL,1.95,2.859,"moneypuck flurryScoreVenueAdj xG, all sit."
2026020053,2026-10-07,WSH,PIT,3.873,3.829,"moneypuck flurryScoreVenueAdj xG, all sit."
2026020068,2026-10-09,CBJ,PIT,4.763,3.1,"moneypuck flurryScoreVenueAdj xG, all sit."
2026020066,2026-10-09,DET,SEA,3.426,3.499,"moneypuck flurryScoreVenueAdj xG, all sit."
