season,seasontype,week,espn_id,date,neutral,home_id,home,home_abbr,away_id,away,away_abbr,home_score,away_score,completed,pulled_ct,fpi_home_margin,fpi_home_wp,fpi_last_modified,espn_pulled_ct,close_spread,close_total,open_spread,open_total,close_h_sp_price,close_a_sp_price,open_h_sp_price,open_a_sp_price,close_h_ml,close_a_ml,open_h_ml,open_a_ml,line_book,line_src,margin,gameday,game_id
2025,2,1,401756846,2025-08-23T16:00Z,1,2306,2306,KSU,66,66,ISU,21.0,24.0,1,2026-10-02T09:01:31-05:00,3.097,0.62301,2026-01-20T12:00Z,2026-10-02T09:03:23-05:00,-2.5,51.5,-3.0,49.5,-125.0,102.0,-115.0,-105.0,-140.0,120.0,-155.0,135.0,ESPN BET,espn_core_odds,-3.0,2025-08-23,401756846
2025,2,1,401760371,2025-08-23T20:00Z,0,2439,2439,UNLV,304,304,IDST,38.0,31.0,1,2026-10-02T09:01:31-05:00,36.742,0.98768,2026-01-20T12:00Z,2026-10-02T09:03:23-05:00,-30.5,67.5,-26.5,63.5,-105.0,-115.0,-120.0,100.0,-10000.0,2500.0,-5000.0,1500.0,ESPN BET,espn_core_odds,7.0,2025-08-23,401760371
2025,2,1,401756847,2025-08-23T22:30Z,0,2305,2305,KU,278,278,FRES,31.0,7.0,1,2026-10-02T09:01:31-05:00,16.291,0.8978499999999999,2026-01-20T12:00Z,2026-10-02T09:03:23-05:00,-14.5,50.5,-12.5,51.5,102.0,-125.0,-110.0,-110.0,-700.0,450.0,-650.0,425.0,ESPN BET,espn_core_odds,24.0,2025-08-23,401756847
2025,2,1,401757218,2025-08-23T23:00Z,0,98,98,WKU,2534,2534,SHSU,41.0,24.0,1,2026-10-02T09:01:31-05:00,0.365,0.51587,2026-01-20T12:00Z,2026-10-02T09:03:23-05:00,-10.5,60.5,-10.5,61.5,102.0,-125.0,-110.0,-110.0,-400.0,300.0,-380.0,290.0,ESPN BET,espn_core_odds,17.0,2025-08-23,401757218
2025,2,1,401754516,2025-08-23T23:30Z,0,62,62,HAW,24,24,STAN,23.0,20.0,1,2026-10-02T09:01:31-05:00,-4.548,0.3204,2026-01-20T12:00Z,2026-10-02T09:03:23-05:00,-1.5,50.5,2.5,53.5,-110.0,-110.0,-110.0,-110.0,-120.0,100.0,-125.0,105.0,ESPN BET,espn_core_odds,3.0,2025-08-23,401754516
2025,2,1,401762522,2025-08-28T21:30Z,0,58,58,USF,68,68,BOIS,34.0,7.0,1,2026-10-02T09:01:31-05:00,-3.619,0.3549800000000001,2026-01-20T12:00Z,2026-10-02T09:03:23-05:00,5.5,60.5,5.5,63.5,-115.0,-105.0,-110.0,-110.0,170.0,-200.0,180.0,-215.0,ESPN BET,espn_core_odds,27.0,2025-08-28,401762522
2025,2,1,401752794,2025-08-28T22:00Z,0,164,164,RUTG,195,195,OHIO,34.0,31.0,1,2026-10-02T09:01:31-05:00,11.46,0.836,2026-01-20T12:00Z,2026-10-02T09:03:23-05:00,-15.5,53.5,-15.5,49.5,-115.0,-105.0,-110.0,-110.0,-750.0,475.0,-800.0,500.0,ESPN BET,espn_core_odds,3.0,2025-08-28,401752794
2025,2,1,401762790,2025-08-28T22:00Z,0,189,189,BGSU,322,322,LAF,26.0,7.0,1,2026-10-02T09:01:31-05:00,24.622,0.95472,2026-01-20T12:00Z,2026-10-02T09:03:23-05:00,-21.5,53.5,-13.5,52.5,-110.0,-110.0,-105.0,-115.0,-1600.0,800.0,-1600.0,800.0,ESPN BET,espn_core_odds,19.0,2025-08-28,401762790
2025,2,1,401754373,2025-08-28T23:00Z,0,152,152,NCSU,151,151,ECU,24.0,17.0,1,2026-10-02T09:01:31-05:00,5.182,0.69731,2026-01-20T12:00Z,2026-10-02T09:03:23-05:00,-13.5,61.5,-14.5,61.5,-110.0,-110.0,102.0,-125.0,-550.0,380.0,-600.0,400.0,ESPN BET,espn_core_odds,7.0,2025-08-28,401754373
2025,2,1,401756848,2025-08-28T23:00Z,0,2116,2116,UCF,55,55,JVST,17.0,10.0,1,2026-10-02T09:01:31-05:00,16.238,0.89565,2026-01-20T12:00Z,2026-10-02T09:03:23-05:00,-20.5,52.5,-18.5,52.5,-105.0,-115.0,-110.0,-110.0,-1600.0,800.0,-1000.0,600.0,ESPN BET,espn_core_odds,7.0,2025-08-28,401756848
2025,2,1,401757219,2025-08-28T23:00Z,0,48,48,DEL,2169,2169,DSU,35.0,17.0,1,2026-10-02T09:01:31-05:00,34.022,0.98311,2026-01-20T12:00Z,2026-10-02T09:03:23-05:00,-30.5,55.5,-32.5,54.5,-115.0,-105.0,-110.0,-110.0,-10000.0,2500.0,-10000.0,2500.0,ESPN BET,espn_core_odds,18.0,2025-08-28,401757219
2025,2,1,401761588,2025-08-28T23:00Z,0,2433,2433,ULM,2598,2598,SFPA,29.0,0.0,1,2026-10-02T09:01:31-05:00,26.835,0.96342,2026-01-20T12:00Z,2026-10-02T09:03:23-05:00,-30.5,47.5,-26.5,45.5,-110.0,-110.0,-120.0,100.0,,,,,ESPN BET,espn_core_odds,29.0,2025-08-28,401761588
2025,2,1,401762789,2025-08-28T23:00Z,0,2006,2006,AKR,2751,2751,WYO,0.0,10.0,1,2026-10-02T09:01:31-05:00,0.232,0.50545,2026-01-20T12:00Z,2026-10-02T09:03:23-05:00,4.5,47.5,6.5,48.5,-105.0,-115.0,102.0,-125.0,170.0,-200.0,210.0,-250.0,ESPN BET,espn_core_odds,-10.0,2025-08-28,401762789
2025,2,1,401752674,2025-08-28T23:30Z,0,142,142,MIZ,2110,2110,CARK,61.0,6.0,1,2026-10-02T09:01:31-05:00,32.487,0.98007,2026-01-20T12:00Z,2026-10-02T09:03:23-05:00,-39.5,53.5,-36.5,51.5,-110.0,-110.0,-110.0,-110.0,,,,,ESPN BET,espn_core_odds,55.0,2025-08-28,401752674
2025,2,1,401754517,2025-08-28T23:30Z,0,150,150,DUKE,2210,2210,ELON,45.0,17.0,1,2026-10-02T09:01:31-05:00,29.387,0.97235,2026-01-20T12:00Z,2026-10-02T09:03:23-05:00,,,,,,,,,,,,,,,28.0,2025-08-28,401754517
2025,2,1,401756876,2025-08-28T23:30Z,0,197,197,OKST,2630,2630,UTM,27.0,7.0,1,2026-10-02T09:01:31-05:00,19.957,0.92709,2026-01-20T12:00Z,2026-10-02T09:03:23-05:00,,,,,,,,,,,,,,,20.0,2025-08-28,401756876
2025,2,1,401752793,2025-08-29T00:00Z,0,135,135,MINN,2084,2084,BUFF,23.0,10.0,1,2026-10-02T09:01:31-05:00,18.945,0.92047,2026-01-20T12:00Z,2026-10-02T09:03:23-05:00,-16.5,41.5,-17.5,44.5,-105.0,-115.0,-110.0,-110.0,-900.0,550.0,-1200.0,700.0,ESPN BET,espn_core_odds,13.0,2025-08-28,401752793
2025,2,1,401756852,2025-08-29T00:00Z,0,248,248,HOU,2617,2617,SFA,27.0,0.0,1,2026-10-02T09:01:31-05:00,14.1,0.87177,2026-01-20T12:00Z,2026-10-02T09:03:23-05:00,-23.5,54.5,-22.5,55.5,-110.0,-110.0,-105.0,-115.0,-3000.0,1200.0,-4000.0,1300.0,ESPN BET,espn_core_odds,27.0,2025-08-28,401756852
2025,2,1,401762430,2025-08-29T00:30Z,0,5,5,UAB,2011,2011,ALST,52.0,42.0,1,2026-10-02T09:01:31-05:00,22.672,0.94403,2026-01-20T12:00Z,2026-10-02T09:03:24-05:00,-21.5,53.5,-18.5,53.5,-105.0,-115.0,-110.0,-110.0,-2000.0,1000.0,-1800.0,900.0,ESPN BET,espn_core_odds,10.0,2025-08-28,401762430
2025,2,1,401752796,2025-08-29T01:00Z,1,2132,2132,CIN,158,158,NEB,17.0,20.0,1,2026-10-02T09:01:31-05:00,-4.21,0.33794,2026-01-20T12:00Z,2026-10-02T09:03:24-05:00,5.5,50.5,6.5,54.5,-110.0,-110.0,102.0,-125.0,175.0,-210.0,220.0,-270.0,ESPN BET,espn_core_odds,-3.0,2025-08-28,401752796
2025,2,1,401762791,2025-08-29T01:00Z,0,275,275,WIS,193,193,M-OH,17.0,0.0,1,2026-10-02T09:01:31-05:00,11.29,0.8298299999999998,2026-01-20T12:00Z,2026-10-02T09:03:24-05:00,-18.5,41.5,-17.5,39.5,-105.0,-115.0,-115.0,-105.0,-1400.0,750.0,-1200.0,600.0,ESPN BET,espn_core_odds,17.0,2025-08-28,401762791
2025,2,1,401760357,2025-08-29T02:00Z,0,21,21,SDSU,2619,2619,STBK,42.0,0.0,1,2026-10-02T09:01:31-05:00,20.842,0.93344,2026-01-20T12:00Z,2026-10-02T09:03:24-05:00,,,,,,,,,,,,,,,42.0,2025-08-28,401760357
2025,2,1,401752795,2025-08-29T23:30Z,0,356,356,ILL,2710,2710,WIU,52.0,3.0,1,2026-10-02T09:01:31-05:00,40.526,0.99177,2026-01-20T12:00Z,2026-10-02T09:03:24-05:00,-48.5,63.5,-45.5,61.5,-110.0,-110.0,-105.0,-115.0,,,,,ESPN BET,espn_core_odds,49.0,2025-08-29,401752795
2025,2,1,401762432,2025-08-29T22:00Z,0,349,349,ARMY,2627,2627,TAR,27.0,30.0,1,2026-10-02T09:01:31-05:00,10.534,0.81976,2026-01-20T12:00Z,2026-10-02T09:03:24-05:00,-14.5,47.5,-15.5,51.5,-105.0,-115.0,-105.0,-115.0,-600.0,400.0,-800.0,500.0,ESPN BET,espn_core_odds,-3.0,2025-08-29,401762432
2025,2,1,401752802,2025-08-29T23:00Z,0,127,127,MSU,2711,2711,WMU,23.0,6.0,1,2026-10-02T09:01:31-05:00,12.077,0.84321,2026-01-20T12:00Z,2026-10-02T09:03:24-05:00,-22.5,50.5,-20.5,49.5,-110.0,-110.0,-110.0,-110.0,-2000.0,1000.0,-1800.0,900.0,ESPN BET,espn_core_odds,17.0,2025-08-29,401752802
2025,2,1,401754374,2025-08-29T23:00Z,0,154,154,WAKE,338,338,KENN,10.0,9.0,1,2026-10-02T09:01:31-05:00,9.284,0.8007,2026-01-20T12:00Z,2026-10-02T09:03:24-05:00,-18.5,51.5,-17.5,51.5,-110.0,-110.0,-115.0,-105.0,-1200.0,700.0,-1200.0,700.0,ESPN BET,espn_core_odds,1.0,2025-08-29,401754374
2025,2,1,401761589,2025-08-29T23:00Z,1,2429,2429,CLT,2026,2026,APP,11.0,34.0,1,2026-10-02T09:01:31-05:00,-2.979,0.37814,2026-01-20T12:00Z,2026-10-02T09:03:24-05:00,19.5,,6.5,,-500.0,300.0,-110.0,-110.0,130.0,-150.0,195.0,-230.0,ESPN BET,espn_core_odds,-23.0,2025-08-29,401761589
2025,2,1,401756854,2025-08-29T23:30Z,0,2305,2305,KU,2681,2681,WAG,46.0,7.0,1,2026-10-02T09:01:31-05:00,53.499,0.99811,2026-01-20T12:00Z,2026-10-02T09:03:24-05:00,-45.5,57.5,-45.5,56.5,-105.0,-115.0,-110.0,-110.0,,,,,ESPN BET,espn_core_odds,39.0,2025-08-29,401756854
2025,2,1,401752667,2025-08-30T00:00Z,0,239,239,BAY,2,2,AUB,24.0,38.0,1,2026-10-02T09:01:31-05:00,0.482,0.51836,2026-01-20T12:00Z,2026-10-02T09:03:24-05:00,-1.5,56.5,2.5,57.5,-105.0,-115.0,-110.0,-110.0,-110.0,-110.0,115.0,-135.0,ESPN BET,espn_core_odds,-14.0,2025-08-29,401752667
2025,2,1,401754375,2025-08-30T00:00Z,0,38,38,COLO,59,59,GT,20.0,27.0,1,2026-10-02T09:01:31-05:00,0.644,0.52702,2026-01-20T12:00Z,2026-10-02T09:03:24-05:00,3.5,50.5,4.5,52.5,-115.0,-105.0,-105.0,-115.0,145.0,-170.0,165.0,-195.0,ESPN BET,espn_core_odds,-7.0,2025-08-29,401754375
2025,2,1,401766898,2025-08-30T00:15Z,0,2229,2229,FIU,2065,2065,BCU,42.0,9.0,1,2026-10-02T09:01:31-05:00,33.415,0.9819,2026-01-20T12:00Z,2026-10-02T09:03:24-05:00,-26.5,54.5,-30.5,54.5,-110.0,-110.0,-120.0,100.0,-5000.0,1500.0,-10000.0,2500.0,ESPN BET,espn_core_odds,33.0,2025-08-29,401766898
2025,2,1,401757224,2025-08-30T01:30Z,0,2534,2534,SHSU,2439,2439,UNLV,21.0,38.0,1,2026-10-02T09:01:31-05:00,-8.74,0.21428,2026-01-20T12:00Z,2026-10-02T09:03:24-05:00,8.5,60.5,10.5,62.5,-115.0,-105.0,-115.0,-105.0,250.0,-300.0,290.0,-380.0,ESPN BET,espn_core_odds,-17.0,2025-08-29,401757224
2025,2,1,401760358,2025-08-30T02:30Z,0,23,23,SJSU,2117,2117,CMU,14.0,16.0,1,2026-10-02T09:01:31-05:00,7.35,0.7535200000000001,2026-01-20T12:00Z,2026-10-02T09:03:24-05:00,-14.5,51.5,-11.5,50.5,-105.0,-115.0,-110.0,-110.0,-650.0,425.0,-450.0,340.0,ESPN BET,espn_core_odds,-2.0,2025-08-29,401760358
2025,2,1,401752677,2025-08-30T16:00Z,0,194,194,OSU,251,251,TEX,14.0,7.0,1,2026-10-02T09:01:31-05:00,-0.906,0.46721,2026-01-20T12:00Z,2026-10-02T09:03:24-05:00,-1.5,46.5,-2.5,47.5,-110.0,-110.0,-110.0,-110.0,-125.0,105.0,-130.0,110.0,ESPN BET,espn_core_odds,7.0,2025-08-30,401752677
2025,2,1,401752807,2025-08-30T19:30Z,0,213,213,PSU,2440,2440,NEV,46.0,11.0,1,2026-10-02T09:01:31-05:00,39.027,0.99018,2026-01-20T12:00Z,2026-10-02T09:03:24-05:00,-43.5,54.5,-43.5,56.5,102.0,-125.0,-125.0,105.0,,,,,ESPN BET,espn_core_odds,35.0,2025-08-30,401752807
2025,2,1,401752671,2025-08-30T23:30Z,0,228,228,CLEM,99,99,LSU,10.0,17.0,1,2026-10-02T09:01:31-05:00,1.021,0.53847,2026-01-20T12:00Z,2026-10-02T09:03:24-05:00,-5.5,55.5,-3.5,57.5,-115.0,-105.0,-115.0,-105.0,-200.0,170.0,-175.0,150.0,ESPN BET,espn_core_odds,-7.0,2025-08-30,401752671
2025,2,1,401752669,2025-08-30T19:30Z,0,61,61,UGA,276,276,MRSH,45.0,7.0,1,2026-10-02T09:01:31-05:00,29.399,0.9727,2026-01-20T12:00Z,2026-10-02T09:03:24-05:00,-38.5,51.5,-39.5,55.5,-115.0,-105.0,-105.0,-115.0,,,,,ESPN BET,espn_core_odds,38.0,2025-08-30,401752669
2025,2,1,401752804,2025-08-30T20:00Z,0,2483,2483,ORE,147,147,MTST,59.0,13.0,1,2026-10-02T09:01:31-05:00,24.683,0.95467,2026-01-20T12:00Z,2026-10-02T09:03:24-05:00,-28.5,55.5,-25.5,55.5,100.0,-120.0,-110.0,-110.0,-10000.0,2500.0,-6000.0,1800.0,ESPN BET,espn_core_odds,46.0,2025-08-30,401752804
2025,2,1,401752665,2025-08-30T19:30Z,0,52,52,FSU,333,333,ALA,31.0,17.0,1,2026-10-02T09:01:31-05:00,-17.219,0.09441,2026-01-20T12:00Z,2026-10-02T09:03:24-05:00,13.5,46.5,13.5,50.5,102.0,-125.0,-105.0,-115.0,450.0,-700.0,425.0,-650.0,ESPN BET,espn_core_odds,14.0,2025-08-30,401752665
2025,2,1,401756850,2025-08-31T02:00Z,0,9,9,ASU,2464,2464,NAU,38.0,19.0,1,2026-10-02T09:01:31-05:00,31.407,0.97758,2026-01-20T12:00Z,2026-10-02T09:03:24-05:00,-29.5,52.5,-31.0,52.5,-115.0,-110.0,-105.0,-115.0,-7500.0,2000.0,-7500.0,2000.0,ESPN BET,espn_core_odds,19.0,2025-08-30,401756850
2025,2,1,401752808,2025-08-30T23:30Z,0,130,130,MICH,167,167,UNM,34.0,17.0,1,2026-10-02T09:01:31-05:00,30.291,0.97497,2026-01-20T12:00Z,2026-10-02T09:03:24-05:00,-34.5,49.5,-34.5,49.5,-110.0,-110.0,-110.0,-110.0,,,,,ESPN BET,espn_core_odds,17.0,2025-08-30,401752808
2025,2,1,401752668,2025-08-30T23:00Z,0,57,57,FLA,2341,2341,LIU,55.0,0.0,1,2026-10-02T09:01:31-05:00,51.866,0.99779,2026-01-20T12:00Z,2026-10-02T09:03:24-05:00,-46.5,56.5,-45.5,56.5,-110.0,-110.0,-110.0,-110.0,,,,,ESPN BET,espn_core_odds,55.0,2025-08-30,401752668
2025,2,1,401754521,2025-08-31T01:15Z,0,2567,2567,SMU,2837,2837,ETAM,42.0,13.0,1,2026-10-02T09:01:31-05:00,40.289,0.9917200000000002,2026-01-20T12:00Z,2026-10-02T09:03:25-05:00,-50.5,64.5,-49.5,63.5,-110.0,-110.0,-110.0,-110.0,,,,,ESPN BET,espn_core_odds,29.0,2025-08-30,401754521
2025,2,1,401756855,2025-08-30T23:00Z,0,2306,2306,KSU,155,155,UND,38.0,35.0,1,2026-10-02T09:01:31-05:00,31.208,0.97676,2026-01-20T12:00Z,2026-10-02T09:03:25-05:00,-27.5,55.5,-38.5,56.5,-115.0,-105.0,-110.0,-110.0,-20000.0,3000.0,-100000.0,4000.0,ESPN BET,espn_core_odds,3.0,2025-08-30,401756855
2025,2,1,401752675,2025-08-30T22:00Z,0,201,201,OU,2287,2287,ILST,35.0,3.0,1,2026-10-02T09:01:31-05:00,34.448,0.98363,2026-01-20T12:00Z,2026-10-02T09:03:25-05:00,-38.5,60.5,-35.5,60.5,-105.0,-115.0,-105.0,-115.0,,,-50000.0,3500.0,ESPN BET,espn_core_odds,32.0,2025-08-30,401752675
2025,2,1,401752678,2025-08-30T23:00Z,0,245,245,TA&M,2636,2636,UTSA,42.0,24.0,1,2026-10-02T09:01:31-05:00,18.884,0.91814,2026-01-20T12:00Z,2026-10-02T09:03:25-05:00,-23.5,59.5,-24.5,57.5,-105.0,-115.0,100.0,-120.0,-2500.0,1100.0,-3000.0,1200.0,ESPN BET,espn_core_odds,18.0,2025-08-30,401752678
2025,2,1,401752806,2025-08-30T18:30Z,0,84,84,IU,295,295,ODU,27.0,14.0,1,2026-10-02T09:01:31-05:00,15.219,0.8851400000000001,2026-01-20T12:00Z,2026-10-02T09:03:25-05:00,-23.5,53.5,-23.5,54.5,-110.0,-110.0,-110.0,-110.0,-3000.0,1200.0,-3000.0,1200.0,ESPN BET,espn_core_odds,13.0,2025-08-30,401752806
2025,2,1,401752672,2025-08-30T23:45Z,0,145,145,MISS,2247,2247,GAST,63.0,7.0,1,2026-10-02T09:01:31-05:00,22.8,0.94418,2026-01-20T12:00Z,2026-10-02T09:03:25-05:00,-33.5,61.5,-35.5,60.5,-105.0,-115.0,-110.0,-110.0,,,,,ESPN BET,espn_core_odds,56.0,2025-08-30,401752672
2025,2,1,401756853,2025-08-30T19:30Z,0,66,66,ISU,233,233,SDAK,55.0,7.0,1,2026-10-02T09:01:31-05:00,17.822,0.91104,2026-01-20T12:00Z,2026-10-02T09:03:25-05:00,-13.5,47.5,-15.5,46.5,-120.0,100.0,-110.0,-110.0,-800.0,500.0,-900.0,550.0,ESPN BET,espn_core_odds,48.0,2025-08-30,401756853
2025,2,1,401756877,2025-08-30T23:30Z,0,2641,2641,TTU,2029,2029,UAPB,67.0,7.0,1,2026-10-02T09:01:31-05:00,52.833,0.998,2026-01-20T12:00Z,2026-10-02T09:03:25-05:00,,,,,,,,,,,,,,,60.0,2025-08-30,401756877
2025,2,1,401752676,2025-08-30T16:00Z,1,2633,2633,TENN,183,183,SYR,45.0,26.0,1,2026-10-02T09:01:31-05:00,15.31,0.88631,2026-01-20T12:00Z,2026-10-02T09:03:25-05:00,-13.5,51.5,-13.5,51.5,-115.0,-105.0,-120.0,100.0,-650.0,425.0,-650.0,425.0,ESPN BET,espn_core_odds,19.0,2025-08-30,401752676
2025,2,1,401752673,2025-08-30T16:00Z,0,2572,2572,USM,344,344,MSST,17.0,34.0,1,2026-10-02T09:01:31-05:00,-9.478,0.20226,2026-01-20T12:00Z,2026-10-02T09:03:25-05:00,15.5,59.5,13.5,61.5,-120.0,100.0,-115.0,-105.0,450.0,-700.0,360.0,-500.0,ESPN BET,espn_core_odds,-17.0,2025-08-30,401752673
2025,2,1,401752797,2025-08-30T16:00Z,0,120,120,MD,2226,2226,FAU,39.0,7.0,1,2026-10-02T09:01:31-05:00,5.435,0.7037,2026-01-20T12:00Z,2026-10-02T09:03:25-05:00,-13.5,59.5,-14.5,59.5,-115.0,-105.0,-105.0,-115.0,-550.0,380.0,-650.0,425.0,ESPN BET,espn_core_odds,32.0,2025-08-30,401752797
2025,2,1,401752801,2025-08-30T16:00Z,0,2509,2509,PUR,2050,2050,BALL,31.0,0.0,1,2026-10-02T09:01:31-05:00,6.878,0.74116,2026-01-20T12:00Z,2026-10-02T09:03:25-05:00,-16.5,48.5,-18.5,50.5,-105.0,-115.0,100.0,-120.0,-800.0,500.0,-1000.0,600.0,ESPN BET,espn_core_odds,31.0,2025-08-30,401752801
2025,2,1,401752803,2025-08-30T16:00Z,0,2655,2655,TULN,77,77,NU,23.0,3.0,1,2026-10-02T09:01:31-05:00,5.822,0.71685,2026-01-20T12:00Z,2026-10-02T09:03:25-05:00,-6.5,45.5,-5.5,46.5,105.0,-130.0,-105.0,-115.0,-230.0,195.0,-210.0,175.0,ESPN BET,espn_core_odds,20.0,2025-08-30,401752803
2025,2,1,401754520,2025-08-30T16:00Z,0,221,221,PITT,2184,2184,DUQ,61.0,9.0,1,2026-10-02T09:01:31-05:00,33.086,0.98151,2026-01-20T12:00Z,2026-10-02T09:03:25-05:00,-39.5,58.5,-38.5,55.5,-105.0,-115.0,-105.0,-115.0,,,,,ESPN BET,espn_core_odds,52.0,2025-08-30,401754520
2025,2,1,401762434,2025-08-30T16:00Z,0,2426,2426,NAVY,2678,2678,VMI,52.0,7.0,1,2026-10-02T09:01:31-05:00,36.094,0.98629,2026-01-20T12:00Z,2026-10-02T09:03:25-05:00,-42.5,54.5,-41.5,50.5,100.0,-120.0,-115.0,-105.0,,,,,ESPN BET,espn_core_odds,45.0,2025-08-30,401762434
2025,2,1,401762792,2025-08-30T16:00Z,0,2309,2309,KENT,2771,2771,MRMK,21.0,17.0,1,2026-10-02T09:01:31-05:00,12.361,0.8487,2026-01-20T12:00Z,2026-10-02T09:03:25-05:00,,,,,,,,,,,,,,,4.0,2025-08-30,401762792
2025,2,1,401752670,2025-08-30T16:45Z,0,96,96,UK,2649,2649,TOL,24.0,16.0,1,2026-10-02T09:01:31-05:00,10.557,0.81873,2026-01-20T12:00Z,2026-10-02T09:03:25-05:00,-9.5,48.5,-9.5,48.5,-120.0,100.0,-105.0,-115.0,-360.0,280.0,-320.0,260.0,ESPN BET,espn_core_odds,8.0,2025-08-30,401752670
2025,2,1,401754518,2025-08-30T18:00Z,0,103,103,BC,2230,2230,FOR,66.0,10.0,1,2026-10-02T09:01:31-05:00,35.221,0.98496,2026-01-20T12:00Z,2026-10-02T09:03:25-05:00,-34.5,52.5,-37.5,53.5,-110.0,-110.0,-120.0,100.0,-100000.0,4000.0,-10000.0,2500.0,ESPN BET,espn_core_odds,56.0,2025-08-30,401754518
2025,2,1,401756878,2025-08-30T18:00Z,0,277,277,WVU,2523,2523,RMU,45.0,3.0,1,2026-10-02T09:01:31-05:00,36.668,0.98726,2026-01-20T12:00Z,2026-10-02T09:03:25-05:00,-43.5,58.5,-38.5,55.5,120.0,-140.0,-115.0,-105.0,,,,,ESPN BET,espn_core_odds,42.0,2025-08-30,401756878
2025,2,1,401757167,2025-08-30T18:00Z,0,41,41,CONN,2115,2115,CCSU,59.0,13.0,1,2026-10-02T09:01:31-05:00,32.698,0.9803,2026-01-20T12:00Z,2026-10-02T09:03:25-05:00,-29.5,51.5,-28.5,51.5,-110.0,-110.0,100.0,-120.0,-100000.0,4000.0,-4000.0,1300.0,ESPN BET,espn_core_odds,46.0,2025-08-30,401757167
2025,2,1,401754519,2025-08-30T19:00Z,0,97,97,LOU,2198,2198,EKU,51.0,17.0,1,2026-10-02T09:01:31-05:00,31.527,0.97803,2026-01-20T12:00Z,2026-10-02T09:03:25-05:00,-37.5,57.5,-38.5,56.5,-115.0,-105.0,-110.0,-110.0,,,-7500.0,2000.0,ESPN BET,espn_core_odds,34.0,2025-08-30,401754519
2025,2,1,401760359,2025-08-30T19:30Z,0,2005,2005,AFA,2083,2083,BUCK,49.0,13.0,1,2026-10-02T09:01:31-05:00,28.349,0.96862,2026-01-20T12:00Z,2026-10-02T09:03:25-05:00,-30.5,53.5,-31.5,55.5,-115.0,-105.0,-105.0,-115.0,-20000.0,3000.0,-10000.0,2500.0,ESPN BET,espn_core_odds,36.0,2025-08-30,401760359
2025,2,1,401762456,2025-08-30T19:30Z,0,113,113,MASS,218,218,TEM,10.0,42.0,1,2026-10-02T09:01:31-05:00,2.022,0.58267,2026-01-20T12:00Z,2026-10-02T09:03:26-05:00,2.5,48.5,2.5,47.5,-115.0,-105.0,-110.0,-110.0,110.0,-130.0,115.0,-135.0,ESPN BET,espn_core_odds,-32.0,2025-08-30,401762456
2025,2,1,401762793,2025-08-30T19:30Z,0,2459,2459,NIU,107,107,HC,19.0,17.0,1,2026-10-02T09:01:31-05:00,15.472,0.88849,2026-01-20T12:00Z,2026-10-02T09:03:26-05:00,-13.5,48.5,-10.5,51.5,-115.0,-105.0,-105.0,-115.0,-425.0,320.0,-500.0,360.0,ESPN BET,espn_core_odds,2.0,2025-08-30,401762793
2025,2,1,401757220,2025-08-30T20:00Z,0,2335,2335,LIB,311,311,ME,28.0,7.0,1,2026-10-02T09:01:31-05:00,22.726,0.94453,2026-01-20T12:00Z,2026-10-02T09:03:26-05:00,-25.5,50.5,-26.0,52.5,-105.0,-115.0,-110.0,-110.0,-2500.0,1100.0,-7500.0,2000.0,ESPN BET,espn_core_odds,21.0,2025-08-30,401757220
2025,2,1,401752666,2025-08-30T20:15Z,0,8,8,ARK,2010,2010,AAMU,52.0,7.0,1,2026-10-02T09:01:31-05:00,47.973,0.99652,2026-01-20T12:00Z,2026-10-02T09:03:26-05:00,-45.5,62.5,-46.5,61.5,-110.0,-110.0,-110.0,-110.0,,,,,ESPN BET,espn_core_odds,45.0,2025-08-30,401752666
2025,2,1,401762433,2025-08-30T20:30Z,0,235,235,MEM,236,236,UTC,45.0,10.0,1,2026-10-02T09:01:31-05:00,24.359,0.95324,2026-01-20T12:00Z,2026-10-02T09:03:26-05:00,-30.5,55.5,-28.5,55.5,-110.0,-110.0,-115.0,-105.0,-10000.0,2500.0,-6000.0,1800.0,ESPN BET,espn_core_odds,35.0,2025-08-30,401762433
2025,2,1,401752799,2025-08-30T22:00Z,0,2294,2294,IOWA,399,399,ALB,34.0,7.0,1,2026-10-02T09:01:31-05:00,39.897,0.99112,2026-01-20T12:00Z,2026-10-02T09:03:26-05:00,-39.5,48.5,-37.5,48.5,-105.0,-115.0,-110.0,-110.0,,,,,ESPN BET,espn_core_odds,27.0,2025-08-30,401752799
2025,2,1,401754616,2025-08-30T22:00Z,0,258,258,UVA,324,324,CCU,48.0,7.0,1,2026-10-02T09:01:31-05:00,7.441,0.7567499999999999,2026-01-20T12:00Z,2026-10-02T09:03:26-05:00,-13.5,54.5,-3.5,58.5,-115.0,-105.0,105.0,-125.0,-550.0,380.0,-140.0,120.0,ESPN BET,espn_core_odds,41.0,2025-08-30,401754616
2025,2,1,401761590,2025-08-30T22:00Z,0,256,256,JMU,2692,2692,WEB,45.0,10.0,1,2026-10-02T09:01:31-05:00,17.629,0.90896,2026-01-20T12:00Z,2026-10-02T09:03:26-05:00,-27.5,54.5,-31.0,54.5,-105.0,-115.0,-110.0,-110.0,-3000.0,1200.0,-10000.0,2500.0,ESPN BET,espn_core_odds,35.0,2025-08-30,401761590
2025,2,1,401752679,2025-08-30T23:00Z,0,238,238,VAN,2127,2127,CHSO,45.0,3.0,1,2026-10-02T09:01:31-05:00,38.343,0.98944,2026-01-20T12:00Z,2026-10-02T09:03:26-05:00,-38.5,50.5,-36.0,48.5,-110.0,-110.0,-110.0,-110.0,,,,,ESPN BET,espn_core_odds,42.0,2025-08-30,401752679
2025,2,1,401757222,2025-08-30T23:00Z,0,2393,2393,MTSU,2046,2046,APSU,14.0,34.0,1,2026-10-02T09:01:31-05:00,7.09,0.75009,2026-01-20T12:00Z,2026-10-02T09:03:26-05:00,-16.5,53.5,-8.5,53.5,-105.0,-115.0,-110.0,-110.0,-800.0,500.0,-380.0,290.0,ESPN BET,espn_core_odds,-20.0,2025-08-30,401757222
2025,2,1,401757226,2025-08-30T23:00Z,0,98,98,WKU,2453,2453,UNA,55.0,6.0,1,2026-10-02T09:01:31-05:00,19.951,0.92624,2026-01-20T12:00Z,2026-10-02T09:03:26-05:00,-27.5,60.5,-27.5,60.5,-110.0,-110.0,-120.0,100.0,-4000.0,1300.0,-5000.0,1500.0,ESPN BET,espn_core_odds,49.0,2025-08-30,401757226
2025,2,1,401761591,2025-08-30T23:00Z,0,2032,2032,ARST,2546,2546,SEMO,42.0,24.0,1,2026-10-02T09:01:31-05:00,16.031,0.89322,2026-01-20T12:00Z,2026-10-02T09:03:26-05:00,-15.5,59.5,-10.0,59.5,-110.0,-110.0,-110.0,-110.0,-700.0,450.0,-380.0,290.0,ESPN BET,espn_core_odds,18.0,2025-08-30,401761591
2025,2,1,401761593,2025-08-30T23:00Z,0,6,6,USA,2415,2415,MORG,38.0,21.0,1,2026-10-02T09:01:31-05:00,31.344,0.97712,2026-01-20T12:00Z,2026-10-02T09:03:26-05:00,-28.5,50.5,-31.5,51.5,-110.0,-110.0,-115.0,-105.0,-7500.0,2000.0,-7500.0,2000.0,ESPN BET,espn_core_odds,17.0,2025-08-30,401761593
2025,2,1,401761595,2025-08-30T23:00Z,0,2653,2653,TROY,2447,2447,NICH,38.0,20.0,1,2026-10-02T09:01:31-05:00,19.739,0.92638,2026-01-20T12:00Z,2026-10-02T09:03:26-05:00,-16.5,46.5,-22.5,50.5,-120.0,100.0,-110.0,-110.0,-900.0,550.0,-4000.0,1300.0,ESPN BET,espn_core_odds,18.0,2025-08-30,401761595
2025,2,1,401752798,2025-08-30T23:30Z,0,30,30,USC,2623,2623,MOST,73.0,13.0,1,2026-10-02T09:01:31-05:00,29.916,0.97333,2026-01-20T12:00Z,2026-10-02T09:03:26-05:00,-36.5,60.5,-35.5,59.5,-105.0,-115.0,-105.0,-115.0,,,,,ESPN BET,espn_core_odds,60.0,2025-08-30,401752798
2025,2,1,401757221,2025-08-30T23:30Z,0,2348,2348,LT,2545,2545,SELA,24.0,0.0,1,2026-10-02T09:01:31-05:00,11.121,0.83039,2026-01-20T12:00Z,2026-10-02T09:03:26-05:00,-14.5,50.5,-12.5,49.5,-105.0,-115.0,-110.0,-110.0,-550.0,380.0,-600.0,400.0,ESPN BET,espn_core_odds,24.0,2025-08-30,401757221
2025,2,1,401757225,2025-08-30T23:30Z,0,328,328,USU,2638,2638,UTEP,28.0,16.0,1,2026-10-02T09:01:31-05:00,7.048,0.75092,2026-01-20T12:00Z,2026-10-02T09:03:26-05:00,-4.5,58.5,-6.5,61.5,-110.0,-110.0,-110.0,-110.0,-175.0,150.0,-215.0,180.0,ESPN BET,espn_core_odds,12.0,2025-08-30,401757225
2025,2,1,401756851,2025-08-31T00:00Z,0,252,252,BYU,2502,2502,PRST,69.0,0.0,1,2026-10-02T09:01:31-05:00,42.895,0.99368,2026-01-20T12:00Z,2026-10-02T09:03:26-05:00,-44.5,62.5,-34.5,56.5,-115.0,-105.0,-115.0,-105.0,,,-50000.0,3500.0,ESPN BET,espn_core_odds,69.0,2025-08-30,401756851
2025,2,1,401761592,2025-08-31T00:00Z,0,309,309,UL,242,242,RICE,12.0,14.0,1,2026-10-02T09:01:31-05:00,6.199,0.72486,2026-01-20T12:00Z,2026-10-02T09:03:26-05:00,-9.5,48.5,-11.5,47.5,-120.0,100.0,-110.0,-110.0,-380.0,290.0,-425.0,320.0,ESPN BET,espn_core_odds,-2.0,2025-08-30,401761592
2025,2,1,401761594,2025-08-31T00:00Z,0,326,326,TXST,2199,2199,EMU,52.0,27.0,1,2026-10-02T09:01:31-05:00,6.443,0.7335699999999999,2026-01-20T12:00Z,2026-10-02T09:03:26-05:00,-13.5,56.5,-13.5,58.5,-120.0,100.0,-115.0,-105.0,-600.0,400.0,-600.0,400.0,ESPN BET,espn_core_odds,25.0,2025-08-30,401761594
2025,2,1,401762435,2025-08-31T00:00Z,0,249,249,UNT,2320,2320,LAM,51.0,0.0,1,2026-10-02T09:01:31-05:00,24.503,0.95356,2026-01-20T12:00Z,2026-10-02T09:03:26-05:00,-27.5,62.5,-30.0,63.5,-120.0,100.0,-110.0,-110.0,-4000.0,1300.0,-5000.0,1500.0,ESPN BET,espn_core_odds,51.0,2025-08-30,401762435
2025,2,1,401762457,2025-08-31T00:00Z,0,202,202,TLSA,2000,2000,ACU,35.0,7.0,1,2026-10-02T09:01:31-05:00,5.107,0.68927,2026-01-20T12:00Z,2026-10-02T09:03:26-05:00,-5.5,59.5,-3.5,63.5,-115.0,-105.0,-110.0,-110.0,-210.0,175.0,-175.0,150.0,ESPN BET,espn_core_odds,28.0,2025-08-30,401762457
2025,2,1,401757223,2025-08-31T01:00Z,0,166,166,NMSU,2803,2803,BRY,19.0,3.0,1,2026-10-02T09:01:31-05:00,23.84,0.95086,2026-01-20T12:00Z,2026-10-02T09:03:27-05:00,-19.5,52.5,-19.5,53.5,-110.0,-110.0,-110.0,-110.0,-1000.0,600.0,-1400.0,750.0,ESPN BET,espn_core_odds,16.0,2025-08-30,401757223
2025,2,1,401760361,2025-08-31T01:30Z,0,278,278,FRES,290,290,GASO,42.0,14.0,1,2026-10-02T09:01:31-05:00,0.057,0.50189,2026-01-20T12:00Z,2026-10-02T09:03:27-05:00,1.5,51.5,-1.5,53.5,-105.0,-115.0,-115.0,-105.0,105.0,-125.0,-125.0,105.0,ESPN BET,espn_core_odds,28.0,2025-08-30,401760361
2025,2,1,401752947,2025-08-31T02:00Z,0,265,265,WSU,70,70,IDHO,13.0,10.0,1,2026-10-02T09:01:31-05:00,7.304,0.75158,2026-01-20T12:00Z,2026-10-02T09:03:27-05:00,-16.5,50.5,-9.0,50.5,-115.0,-160.0,-110.0,-110.0,-750.0,475.0,-360.0,280.0,ESPN BET,espn_core_odds,3.0,2025-08-30,401752947
2025,2,1,401752936,2025-08-31T02:30Z,0,204,204,ORST,25,25,CAL,15.0,34.0,1,2026-10-02T09:01:31-05:00,-1.238,0.44315,2026-01-20T12:00Z,2026-10-02T09:03:27-05:00,2.5,48.5,-1.5,50.5,105.0,-120.0,-115.0,-105.0,125.0,-145.0,-125.0,105.0,ESPN BET,espn_core_odds,-19.0,2025-08-30,401752936
2025,2,1,401756849,2025-08-31T02:30Z,0,12,12,ARIZ,62,62,HAW,40.0,6.0,1,2026-10-02T09:01:31-05:00,14.057,0.87099,2026-01-20T12:00Z,2026-10-02T09:03:27-05:00,-15.5,55.5,-17.5,52.5,-110.0,-110.0,-105.0,-115.0,-700.0,450.0,-800.0,500.0,ESPN BET,espn_core_odds,34.0,2025-08-30,401756849
2025,2,1,401752800,2025-08-31T03:00Z,0,26,26,UCLA,254,254,UTAH,10.0,43.0,1,2026-10-02T09:01:31-05:00,0.592,0.52058,2026-01-20T12:00Z,2026-10-02T09:03:27-05:00,6.5,48.5,5.5,52.5,100.0,-120.0,100.0,-120.0,215.0,-260.0,195.0,-230.0,ESPN BET,espn_core_odds,-33.0,2025-08-30,401752800
2025,2,1,401752805,2025-08-31T03:00Z,0,264,264,WASH,36,36,CSU,38.0,21.0,1,2026-10-02T09:01:31-05:00,14.854,0.88078,2026-01-20T12:00Z,2026-10-02T09:03:27-05:00,-22.5,51.5,-22.5,54.5,-110.0,-110.0,-110.0,-110.0,-3000.0,1200.0,-2500.0,1100.0,ESPN BET,espn_core_odds,17.0,2025-08-30,401752805
2025,2,1,401754522,2025-08-31T23:30Z,0,2390,2390,MIA,87,87,ND,27.0,24.0,1,2026-10-02T09:01:31-05:00,-1.26,0.4510099999999999,2026-01-20T12:00Z,2026-10-02T09:03:27-05:00,2.5,50.5,2.5,50.5,102.0,-125.0,-115.0,-105.0,125.0,-145.0,105.0,-125.0,ESPN BET,espn_core_odds,3.0,2025-08-31,401754522
2025,2,1,401752680,2025-08-31T19:00Z,1,2579,2579,SC,259,259,VT,24.0,11.0,1,2026-10-02T09:01:31-05:00,5.618,0.70912,2026-01-20T12:00Z,2026-10-02T09:03:27-05:00,-7.5,51.5,-7.5,51.5,-105.0,-115.0,-110.0,-110.0,-240.0,200.0,-240.0,200.0,ESPN BET,espn_core_odds,13.0,2025-08-31,401752680
2025,2,1,401754523,2025-09-02T00:00Z,0,153,153,UNC,2628,2628,TCU,14.0,48.0,1,2026-10-02T09:01:31-05:00,-2.037,0.41259,2026-01-20T12:00Z,2026-10-02T09:03:27-05:00,3.5,54.5,2.5,58.5,-110.0,-110.0,105.0,-125.0,150.0,-175.0,120.0,-140.0,ESPN BET,espn_core_odds,-34.0,2025-09-01,401754523
2025,2,2,401754528,2025-09-05T23:00Z,0,97,97,LOU,256,256,JMU,28.0,14.0,1,2026-10-02T09:01:31-05:00,8.451,0.7791900000000002,2026-01-20T12:00Z,2026-10-02T09:03:27-05:00,-15.5,56.5,-14.5,57.5,-110.0,-110.0,-115.0,-105.0,-900.0,550.0,-700.0,450.0,ESPN BET,espn_core_odds,14.0,2025-09-05,401754528
2025,2,2,401752817,2025-09-05T23:30Z,0,77,77,NU,2710,2710,WIU,42.0,7.0,1,2026-10-02T09:01:31-05:00,31.776,0.97856,2026-01-20T12:00Z,2026-10-02T09:03:27-05:00,-30.5,48.5,-28.0,51.5,-120.0,100.0,-110.0,-110.0,-20000.0,3000.0,-7500.0,2000.0,ESPN BET,espn_core_odds,35.0,2025-09-05,401752817
2025,2,2,401752826,2025-09-05T23:30Z,0,120,120,MD,2459,2459,NIU,20.0,9.0,1,2026-10-02T09:01:31-05:00,12.951,0.85921,2026-01-20T12:00Z,2026-10-02T09:03:27-05:00,-16.5,44.5,-16.5,48.5,-120.0,100.0,-115.0,-105.0,-1000.0,600.0,-1200.0,700.0,ESPN BET,espn_core_odds,11.0,2025-09-05,401752826
2025,2,2,401760363,2025-09-06T01:00Z,0,68,68,BOIS,331,331,EWU,51.0,14.0,1,2026-10-02T09:01:31-05:00,21.326,0.93527,2026-01-20T12:00Z,2026-10-02T09:03:27-05:00,-33.5,60.5,-28.5,55.5,-115.0,-105.0,-115.0,-105.0,-100000.0,4000.0,-6000.0,1800.0,ESPN BET,espn_core_odds,37.0,2025-09-05,401760363
2025,2,2,401752815,2025-09-06T19:30Z,0,194,194,OSU,2755,2755,GRAM,70.0,0.0,1,2026-10-02T09:01:31-05:00,58.705,0.99898,2026-01-20T12:00Z,2026-10-02T09:03:27-05:00,-51.5,64.5,-55.5,62.5,-120.0,100.0,-120.0,100.0,,,,,ESPN BET,espn_core_odds,70.0,2025-09-06,401752815
2025,2,2,401752811,2025-09-06T16:00Z,0,213,213,PSU,2229,2229,FIU,34.0,0.0,1,2026-10-02T09:01:31-05:00,33.103,0.98144,2026-01-20T12:00Z,2026-10-02T09:03:27-05:00,-41.5,53.5,-41.5,54.5,-115.0,-105.0,-120.0,100.0,,,,,ESPN BET,espn_core_odds,34.0,2025-09-06,401752811
2025,2,2,401752687,2025-09-06T23:30Z,0,99,99,LSU,2348,2348,LT,23.0,7.0,1,2026-10-02T09:01:31-05:00,29.503,0.97302,2026-01-20T12:00Z,2026-10-02T09:03:27-05:00,-36.5,49.5,-32.5,52.5,-105.0,-115.0,-115.0,-105.0,,,,,ESPN BET,espn_core_odds,16.0,2025-09-06,401752687
2025,2,2,401752685,2025-09-06T18:28Z,0,61,61,UGA,2046,2046,APSU,28.0,6.0,1,2026-10-02T09:01:31-05:00,43.863,0.9945,2026-01-20T12:00Z,2026-10-02T09:03:27-05:00,-46.5,56.5,-48.5,55.5,-110.0,-110.0,-105.0,-115.0,,,,,ESPN BET,espn_core_odds,22.0,2025-09-06,401752685
2025,2,2,401754641,2025-09-06T23:00Z,0,2390,2390,MIA,2065,2065,BCU,45.0,3.0,1,2026-10-02T09:01:31-05:00,57.041,0.9988,2026-01-20T12:00Z,2026-10-02T09:03:27-05:00,-54.5,64.5,-56.5,64.5,-110.0,-110.0,-115.0,-105.0,,,,,ESPN BET,espn_core_odds,42.0,2025-09-06,401754641
2025,2,2,401752824,2025-09-06T19:30Z,0,2483,2483,ORE,197,197,OKST,69.0,3.0,1,2026-10-02T09:01:31-05:00,20.651,0.93276,2026-01-20T12:00Z,2026-10-02T09:03:27-05:00,-28.5,55.5,-27.5,58.5,-110.0,-110.0,-120.0,100.0,,,,,ESPN BET,espn_core_odds,66.0,2025-09-06,401752824
2025,2,2,401752693,2025-09-06T16:00Z,0,251,251,TEX,23,23,SJSU,38.0,7.0,1,2026-10-02T09:01:31-05:00,37.098,0.98771,2026-01-20T12:00Z,2026-10-02T09:03:27-05:00,-36.5,52.5,-35.5,51.5,-110.0,-110.0,-110.0,-110.0,,,,,ESPN BET,espn_core_odds,31.0,2025-09-06,401752693
2025,2,2,401754637,2025-09-06T19:30Z,0,228,228,CLEM,2653,2653,TROY,27.0,16.0,1,2026-10-02T09:01:31-05:00,19.52,0.92393,2026-01-20T12:00Z,2026-10-02T09:03:28-05:00,-29.5,51.5,-31.5,51.5,-115.0,-105.0,-115.0,-105.0,,,,,ESPN BET,espn_core_odds,11.0,2025-09-06,401754637
2025,2,2,401752691,2025-09-06T23:00Z,0,2579,2579,SC,2569,2569,SCST,38.0,10.0,1,2026-10-02T09:01:31-05:00,44.764,0.99489,2026-01-20T12:00Z,2026-10-02T09:03:28-05:00,-42.5,54.5,-42.0,52.5,-105.0,-115.0,-110.0,-110.0,,,,,ESPN BET,espn_core_odds,28.0,2025-09-06,401752691
2025,2,2,401752825,2025-09-06T16:00Z,0,150,150,DUKE,356,356,ILL,19.0,45.0,1,2026-10-02T09:01:31-05:00,0.168,0.50588,2026-01-20T12:00Z,2026-10-02T09:03:28-05:00,2.5,49.5,3.5,50.5,-115.0,-105.0,-125.0,102.0,115.0,-135.0,130.0,-150.0,ESPN BET,espn_core_odds,-26.0,2025-09-06,401752825
2025,2,2,401752688,2025-09-06T23:30Z,0,344,344,MSST,9,9,ASU,24.0,20.0,1,2026-10-02T09:01:31-05:00,-0.921,0.45868,2026-01-20T12:00Z,2026-10-02T09:03:28-05:00,5.5,58.5,6.5,59.5,-105.0,-115.0,105.0,-130.0,175.0,-210.0,225.0,-275.0,ESPN BET,espn_core_odds,4.0,2025-09-06,401752688
2025,2,2,401752684,2025-09-06T20:15Z,0,57,57,FLA,58,58,USF,16.0,18.0,1,2026-10-02T09:01:31-05:00,10.473,0.82057,2026-01-20T12:00Z,2026-10-02T09:03:28-05:00,-18.5,58.5,-16.5,54.5,-105.0,-115.0,-115.0,-105.0,-1000.0,600.0,-900.0,550.0,ESPN BET,espn_core_odds,-2.0,2025-09-06,401752684
2025,2,2,401754621,2025-09-06T16:00Z,0,52,52,FSU,2837,2837,ETAM,77.0,3.0,1,2026-10-02T09:01:31-05:00,35.435,0.98555,2026-01-20T12:00Z,2026-10-02T09:03:28-05:00,-43.5,56.5,-44.5,57.5,-135.0,115.0,-110.0,-110.0,,,,,ESPN BET,espn_core_odds,74.0,2025-09-06,401754621
2025,2,2,401752690,2025-09-06T23:30Z,0,201,201,OU,130,130,MICH,24.0,13.0,1,2026-10-02T09:01:31-05:00,0.817,0.53487,2026-01-20T12:00Z,2026-10-02T09:03:28-05:00,-3.5,44.5,-5.5,45.5,-120.0,100.0,-120.0,100.0,-185.0,155.0,-210.0,175.0,ESPN BET,espn_core_odds,11.0,2025-09-06,401752690
2025,2,2,401752822,2025-09-06T16:00Z,0,66,66,ISU,2294,2294,IOWA,16.0,13.0,1,2026-10-02T09:01:31-05:00,3.761,0.65302,2026-01-20T12:00Z,2026-10-02T09:03:28-05:00,-3.5,43.5,-3.5,42.5,108.0,-135.0,105.0,-130.0,-165.0,140.0,-155.0,135.0,ESPN BET,espn_core_odds,3.0,2025-09-06,401752822
2025,2,2,401754525,2025-09-06T16:00Z,0,2567,2567,SMU,239,239,BAY,45.0,48.0,1,2026-10-02T09:01:31-05:00,4.384,0.66889,2026-01-20T12:00Z,2026-10-02T09:03:28-05:00,-2.5,65.5,-3.5,65.5,-135.0,108.0,102.0,-125.0,-150.0,130.0,-155.0,135.0,ESPN BET,espn_core_odds,-3.0,2025-09-06,401754525
2025,2,2,401752694,2025-09-06T16:45Z,0,245,245,TA&M,328,328,USU,44.0,22.0,1,2026-10-02T09:01:31-05:00,26.415,0.9623,2026-01-20T12:00Z,2026-10-02T09:03:28-05:00,-34.5,57.5,-29.5,55.5,-110.0,-110.0,-115.0,-105.0,,,,,ESPN BET,espn_core_odds,22.0,2025-09-06,401752694
2025,2,2,401752686,2025-09-06T19:30Z,0,96,96,UK,145,145,MISS,23.0,30.0,1,2026-10-02T09:01:31-05:00,-11.585,0.16368,2026-01-20T12:00Z,2026-10-02T09:03:28-05:00,7.5,51.5,9.5,52.5,-105.0,-115.0,102.0,-125.0,250.0,-300.0,300.0,-400.0,ESPN BET,espn_core_odds,-7.0,2025-09-06,401752686
2025,2,2,401752681,2025-09-06T23:45Z,0,333,333,ALA,2433,2433,ULM,73.0,0.0,1,2026-10-02T09:01:31-05:00,26.695,0.96294,2026-01-20T12:00Z,2026-10-02T09:03:28-05:00,-34.5,50.5,-36.5,50.5,100.0,-120.0,-110.0,-110.0,,,,,ESPN BET,espn_core_odds,73.0,2025-09-06,401752681
2025,2,2,401752692,2025-09-06T19:30Z,0,2633,2633,TENN,2193,2193,ETSU,72.0,17.0,1,2026-10-02T09:01:31-05:00,40.643,0.99182,2026-01-20T12:00Z,2026-10-02T09:03:28-05:00,-40.5,58.5,-41.5,56.5,-110.0,-110.0,-110.0,-110.0,,,,,ESPN BET,espn_core_odds,55.0,2025-09-06,401752692
2025,2,2,401752812,2025-09-06T16:00Z,0,84,84,IU,338,338,KENN,56.0,9.0,1,2026-10-02T09:01:31-05:00,22.885,0.9459,2026-01-20T12:00Z,2026-10-02T09:03:28-05:00,-35.5,51.5,-35.5,50.5,100.0,-120.0,-105.0,-115.0,,,,,ESPN BET,espn_core_odds,47.0,2025-09-06,401752812
2025,2,2,401756885,2025-09-06T16:00Z,0,2641,2641,TTU,2309,2309,KENT,62.0,14.0,1,2026-10-02T09:01:31-05:00,33.265,0.98184,2026-01-20T12:00Z,2026-10-02T09:03:28-05:00,-47.5,59.5,-48.5,60.5,100.0,-120.0,-115.0,-105.0,,,,,ESPN BET,espn_core_odds,48.0,2025-09-06,401756885
2025,2,2,401756887,2025-09-06T22:00Z,0,254,254,UTAH,13,13,CP,63.0,9.0,1,2026-10-02T09:01:31-05:00,46.403,0.9958399999999998,2026-01-20T12:00Z,2026-10-02T09:03:28-05:00,-42.5,52.5,-42.0,51.5,-110.0,-110.0,-110.0,-110.0,,,,,ESPN BET,espn_core_odds,54.0,2025-09-06,401756887
2025,2,2,401752813,2025-09-06T16:00Z,0,135,135,MINN,2466,2466,NWST,66.0,0.0,1,2026-10-02T09:01:31-05:00,49.949,0.99723,2026-01-20T12:00Z,2026-10-02T09:03:28-05:00,,,,,,,,,,,,,,,66.0,2025-09-06,401752813
2025,2,2,401754524,2025-09-06T16:00Z,0,152,152,NCSU,258,258,UVA,35.0,31.0,1,2026-10-02T09:01:31-05:00,-0.392,0.4859199999999999,2026-01-20T12:00Z,2026-10-02T09:03:28-05:00,-2.5,52.5,-2.5,54.5,-120.0,100.0,-130.0,105.0,-150.0,130.0,-140.0,120.0,ESPN BET,espn_core_odds,4.0,2025-09-06,401754524
2025,2,2,401754529,2025-09-06T16:00Z,0,221,221,PITT,2117,2117,CMU,45.0,17.0,1,2026-10-02T09:01:31-05:00,13.787,0.87082,2026-01-20T12:00Z,2026-10-02T09:03:28-05:00,-21.5,48.5,-21.5,53.5,-105.0,-115.0,-110.0,-110.0,-2000.0,1000.0,-2000.0,1000.0,ESPN BET,espn_core_odds,28.0,2025-09-06,401754529
2025,2,2,401754618,2025-09-06T16:00Z,0,183,183,SYR,41,41,CONN,27.0,20.0,1,2026-10-02T09:01:31-05:00,4.334,0.66928,2026-01-20T12:00Z,2026-10-02T09:03:28-05:00,-7.5,57.5,-7.5,59.5,105.0,-130.0,100.0,-120.0,-275.0,225.0,-250.0,210.0,ESPN BET,espn_core_odds,7.0,2025-09-06,401754618
2025,2,2,401757227,2025-09-06T16:00Z,0,55,55,JVST,2335,2335,LIB,34.0,24.0,1,2026-10-02T09:01:31-05:00,1.809,0.57991,2026-01-20T12:00Z,2026-10-02T09:03:28-05:00,6.5,50.5,5.5,52.5,-110.0,-110.0,100.0,-120.0,180.0,-215.0,190.0,-225.0,ESPN BET,espn_core_odds,10.0,2025-09-06,401757227
2025,2,2,401762462,2025-09-06T18:00Z,0,218,218,TEM,47,47,HOW,55.0,7.0,1,2026-10-02T09:01:31-05:00,29.7,0.97321,2026-01-20T12:00Z,2026-10-02T09:03:28-05:00,-27.5,45.5,-25.5,46.5,-130.0,110.0,-110.0,-110.0,-10000.0,2500.0,-5000.0,1500.0,ESPN BET,espn_core_odds,48.0,2025-09-06,401762462
2025,2,2,401760366,2025-09-06T19:00Z,0,167,167,UNM,304,304,IDST,32.0,22.0,1,2026-10-02T09:01:31-05:00,22.154,0.94046,2026-01-20T12:00Z,2026-10-02T09:03:28-05:00,-17.5,60.5,-17.0,63.5,-115.0,-105.0,-105.0,-115.0,-900.0,550.0,-800.0,500.0,ESPN BET,espn_core_odds,10.0,2025-09-06,401760366
2025,2,2,401752689,2025-09-06T19:30Z,0,142,142,MIZ,2305,2305,KU,42.0,31.0,1,2026-10-02T09:01:31-05:00,3.534,0.64006,2026-01-20T12:00Z,2026-10-02T09:03:28-05:00,-6.5,49.5,-6.5,50.5,100.0,-120.0,-105.0,-115.0,-200.0,170.0,-215.0,180.0,ESPN BET,espn_core_odds,11.0,2025-09-06,401752689
2025,2,2,401752937,2025-09-06T19:30Z,0,204,204,ORST,278,278,FRES,27.0,36.0,1,2026-10-02T09:01:31-05:00,-3.172,0.3763500000000001,2026-01-20T12:00Z,2026-10-02T09:03:29-05:00,-1.5,44.5,-2.5,48.5,-110.0,-110.0,-105.0,-115.0,-120.0,100.0,-145.0,125.0,ESPN BET,espn_core_odds,-9.0,2025-09-06,401752937
2025,2,2,401754622,2025-09-06T19:30Z,0,59,59,GT,2241,2241,GWEB,59.0,12.0,1,2026-10-02T09:01:31-05:00,35.198,0.98485,2026-01-20T12:00Z,2026-10-02T09:03:29-05:00,-37.5,58.5,-37.5,58.5,-110.0,-110.0,-115.0,-105.0,,,,,ESPN BET,espn_core_odds,47.0,2025-09-06,401754622
2025,2,2,401756880,2025-09-06T19:30Z,0,2132,2132,CIN,189,189,BGSU,34.0,20.0,1,2026-10-02T09:01:31-05:00,13.946,0.8721900000000001,2026-01-20T12:00Z,2026-10-02T09:03:29-05:00,-21.5,46.5,-20.5,46.5,-115.0,-105.0,-110.0,-110.0,-2000.0,1000.0,-1400.0,750.0,ESPN BET,espn_core_odds,14.0,2025-09-06,401756880
2025,2,2,401756881,2025-09-06T19:30Z,0,38,38,COLO,48,48,DEL,31.0,7.0,1,2026-10-02T09:01:31-05:00,21.106,0.93498,2026-01-20T12:00Z,2026-10-02T09:03:29-05:00,-23.5,49.5,-24.5,50.5,-110.0,-110.0,100.0,-120.0,-2500.0,1100.0,-3000.0,1200.0,ESPN BET,espn_core_odds,24.0,2025-09-06,401756881
2025,2,2,401761596,2025-09-06T19:30Z,0,2026,2026,APP,2815,2815,LIN,20.0,13.0,1,2026-10-02T09:01:31-05:00,31.114,0.97707,2026-01-20T12:00Z,2026-10-02T09:03:29-05:00,-29.5,54.5,-31.5,52.5,-115.0,-105.0,-110.0,-110.0,,,,,ESPN BET,espn_core_odds,7.0,2025-09-06,401761596
2025,2,2,401761603,2025-09-06T19:30Z,0,2636,2636,UTSA,326,326,TXST,36.0,43.0,1,2026-10-02T09:01:31-05:00,1.729,0.57184,2026-01-20T12:00Z,2026-10-02T09:03:29-05:00,-4.5,64.5,-4.5,66.5,-115.0,-105.0,-105.0,-115.0,-195.0,165.0,-175.0,150.0,ESPN BET,espn_core_odds,-7.0,2025-09-06,401761603
2025,2,2,401762458,2025-09-06T19:30Z,0,2426,2426,NAVY,5,5,UAB,38.0,24.0,1,2026-10-02T09:01:31-05:00,12.198,0.8476,2026-01-20T12:00Z,2026-10-02T09:03:29-05:00,-22.5,58.5,-21.5,59.5,-110.0,-110.0,-110.0,-110.0,-1800.0,900.0,-1800.0,900.0,ESPN BET,espn_core_odds,14.0,2025-09-06,401762458
2025,2,2,401762461,2025-09-06T19:30Z,0,2711,2711,WMU,249,249,UNT,30.0,33.0,1,2026-10-02T09:01:31-05:00,-2.022,0.41519,2026-01-20T12:00Z,2026-10-02T09:03:29-05:00,12.5,56.5,10.5,60.5,-110.0,-110.0,-120.0,100.0,360.0,-500.0,270.0,-340.0,ESPN BET,espn_core_odds,-3.0,2025-09-06,401762461
2025,2,2,401762794,2025-09-06T19:30Z,0,2084,2084,BUFF,2598,2598,SFPA,45.0,6.0,1,2026-10-02T09:01:31-05:00,26.548,0.96263,2026-01-20T12:00Z,2026-10-02T09:03:29-05:00,-37.5,48.5,-36.5,49.5,-120.0,100.0,-110.0,-110.0,,,,,ESPN BET,espn_core_odds,39.0,2025-09-06,401762794
2025,2,2,401752820,2025-09-06T20:00Z,0,275,275,WIS,2393,2393,MTSU,42.0,10.0,1,2026-10-02T09:01:31-05:00,29.738,0.97341,2026-01-20T12:00Z,2026-10-02T09:03:29-05:00,-28.5,44.5,-28.5,46.5,-110.0,-110.0,-105.0,-115.0,,,,,ESPN BET,espn_core_odds,32.0,2025-09-06,401752820
2025,2,2,401756883,2025-09-06T20:00Z,0,195,195,OHIO,277,277,WVU,17.0,10.0,1,2026-10-02T09:01:31-05:00,-0.877,0.46446,2026-01-20T12:00Z,2026-10-02T09:03:29-05:00,3.5,58.5,3.5,60.5,-105.0,-115.0,-130.0,105.0,150.0,-175.0,130.0,-150.0,ESPN BET,espn_core_odds,7.0,2025-09-06,401756883
2025,2,2,401760367,2025-09-06T20:00Z,0,2751,2751,WYO,2460,2460,UNI,31.0,7.0,1,2026-10-02T09:01:31-05:00,15.199,0.88589,2026-01-20T12:00Z,2026-10-02T09:03:29-05:00,-13.5,45.5,-13.5,47.5,-120.0,100.0,-110.0,-110.0,-750.0,475.0,-700.0,450.0,ESPN BET,espn_core_odds,24.0,2025-09-06,401760367
2025,2,2,401754620,2025-09-06T20:25Z,0,154,154,WAKE,2717,2717,WCU,42.0,10.0,1,2026-10-02T09:01:31-05:00,18.741,0.91672,2026-01-20T12:00Z,2026-10-02T09:03:29-05:00,-17.5,59.5,-20.0,61.5,-115.0,-105.0,-110.0,-110.0,-1200.0,700.0,-1200.0,700.0,ESPN BET,espn_core_odds,32.0,2025-09-06,401754620
2025,2,2,401752818,2025-09-06T20:30Z,0,164,164,RUTG,193,193,M-OH,45.0,17.0,1,2026-10-02T09:01:31-05:00,9.849,0.80804,2026-01-20T12:00Z,2026-10-02T09:03:29-05:00,-15.5,45.5,-13.5,48.5,-110.0,-110.0,-125.0,102.0,-800.0,500.0,-650.0,425.0,ESPN BET,espn_core_odds,28.0,2025-09-06,401752818
2025,2,2,401752682,2025-09-06T21:00Z,0,8,8,ARK,2032,2032,ARST,56.0,14.0,1,2026-10-02T09:01:31-05:00,16.164,0.8945399999999999,2026-01-20T12:00Z,2026-10-02T09:03:29-05:00,-24.5,61.5,-23.5,63.5,100.0,-120.0,-105.0,-115.0,-3000.0,1200.0,-3000.0,1200.0,ESPN BET,espn_core_odds,42.0,2025-09-06,401752682
2025,2,2,401760365,2025-09-06T21:00Z,0,2440,2440,NEV,16,16,SAC,20.0,17.0,1,2026-10-02T09:01:31-05:00,6.207,0.73068,2026-01-20T12:00Z,2026-10-02T09:03:29-05:00,-9.5,55.5,-7.5,54.5,105.0,-125.0,-110.0,-110.0,-300.0,250.0,-270.0,220.0,ESPN BET,espn_core_odds,3.0,2025-09-06,401760365
2025,2,2,401761602,2025-09-06T21:00Z,0,2572,2572,USM,2296,2296,JKST,38.0,20.0,1,2026-10-02T09:01:31-05:00,13.492,0.86287,2026-01-20T12:00Z,2026-10-02T09:03:29-05:00,-13.5,52.5,-14.5,52.5,-115.0,-105.0,-105.0,-115.0,-650.0,425.0,-750.0,475.0,ESPN BET,espn_core_odds,18.0,2025-09-06,401761602
2025,2,2,401762816,2025-09-06T21:30Z,0,113,113,MASS,2803,2803,BRY,26.0,27.0,1,2026-10-02T09:01:31-05:00,16.962,0.9048,2026-01-20T12:00Z,2026-10-02T09:03:29-05:00,-16.5,52.5,-14.0,52.5,-110.0,-110.0,-105.0,-115.0,-750.0,475.0,-700.0,450.0,ESPN BET,espn_core_odds,-1.0,2025-09-06,401762816
2025,2,2,401754530,2025-09-06T22:00Z,0,25,25,CAL,2640,2640,TXSO,35.0,3.0,1,2026-10-02T09:01:31-05:00,47.981,0.99644,2026-01-20T12:00Z,2026-10-02T09:03:29-05:00,-44.5,54.5,-45.0,53.5,-120.0,100.0,-110.0,-110.0,,,,,ESPN BET,espn_core_odds,32.0,2025-09-06,401754530
2025,2,2,401757228,2025-09-06T22:00Z,0,276,276,MRSH,2623,2623,MOST,20.0,21.0,1,2026-10-02T09:01:31-05:00,13.094,0.8575500000000001,2026-01-20T12:00Z,2026-10-02T09:03:29-05:00,-7.5,53.5,-9.5,56.5,105.0,-130.0,-115.0,-105.0,-275.0,225.0,-400.0,300.0,ESPN BET,espn_core_odds,-1.0,2025-09-06,401757228
2025,2,2,401761599,2025-09-06T22:00Z,0,295,295,ODU,2428,2428,NCCU,54.0,6.0,1,2026-10-02T09:01:31-05:00,24.254,0.95295,2026-01-20T12:00Z,2026-10-02T09:03:29-05:00,-21.5,48.5,-20.0,50.5,-105.0,-115.0,-110.0,-110.0,-2000.0,1000.0,-1600.0,800.0,ESPN BET,espn_core_odds,48.0,2025-09-06,401761599
2025,2,2,401762459,2025-09-06T22:00Z,0,151,151,ECU,2097,2097,CAM,56.0,3.0,1,2026-10-02T09:01:31-05:00,31.346,0.97759,2026-01-20T12:00Z,2026-10-02T09:03:29-05:00,-30.5,55.5,-30.0,52.5,125.0,-145.0,-110.0,-110.0,-10000.0,2500.0,-10000.0,2500.0,ESPN BET,espn_core_odds,53.0,2025-09-06,401762459
2025,2,2,401762460,2025-09-06T22:00Z,0,2226,2226,FAU,50,50,FAMU,56.0,14.0,1,2026-10-02T09:01:31-05:00,24.398,0.95309,2026-01-20T12:00Z,2026-10-02T09:03:29-05:00,-21.5,50.5,-21.0,45.5,-115.0,-105.0,-110.0,-110.0,-2000.0,1000.0,-2000.0,1000.0,ESPN BET,espn_core_odds,42.0,2025-09-06,401762460
2025,2,2,401754527,2025-09-06T23:00Z,0,2429,2429,CLT,153,153,UNC,3.0,20.0,1,2026-10-02T09:01:31-05:00,-5.36,0.30096,2026-01-20T12:00Z,2026-10-02T09:03:29-05:00,16.5,49.5,13.5,47.5,100.0,-120.0,-115.0,-105.0,550.0,-900.0,425.0,-650.0,ESPN BET,espn_core_odds,-17.0,2025-09-06,401754527
2025,2,2,401756882,2025-09-06T23:00Z,0,2306,2306,KSU,349,349,ARMY,21.0,24.0,1,2026-10-02T09:01:31-05:00,19.103,0.92188,2026-01-20T12:00Z,2026-10-02T09:03:30-05:00,-16.5,48.5,-17.5,46.5,-120.0,100.0,100.0,-120.0,-800.0,500.0,-900.0,550.0,ESPN BET,espn_core_odds,-3.0,2025-09-06,401756882
2025,2,2,401756884,2025-09-06T23:00Z,0,242,242,RICE,248,248,HOU,9.0,35.0,1,2026-10-02T09:01:31-05:00,-4.856,0.31119,2026-01-20T12:00Z,2026-10-02T09:03:30-05:00,13.5,38.5,12.5,40.5,100.0,-120.0,-110.0,-110.0,450.0,-700.0,360.0,-500.0,ESPN BET,espn_core_odds,-26.0,2025-09-06,401756884
2025,2,2,401756886,2025-09-06T23:00Z,0,2116,2116,UCF,2448,2448,NCAT,68.0,7.0,1,2026-10-02T09:01:31-05:00,42.371,0.99343,2026-01-20T12:00Z,2026-10-02T09:03:30-05:00,-37.0,51.5,-39.5,49.5,-115.0,-105.0,-110.0,-110.0,,,,,ESPN BET,espn_core_odds,61.0,2025-09-06,401756886
2025,2,2,401757232,2025-09-06T23:00Z,0,2649,2649,TOL,98,98,WKU,45.0,21.0,1,2026-10-02T09:01:31-05:00,3.497,0.63905,2026-01-20T12:00Z,2026-10-02T09:03:30-05:00,-7.5,56.5,-6.5,58.5,-115.0,-105.0,-125.0,102.0,-290.0,240.0,-250.0,210.0,ESPN BET,espn_core_odds,24.0,2025-09-06,401757232
2025,2,2,401760364,2025-09-06T23:00Z,0,36,36,CSU,2458,2458,UNCO,21.0,17.0,1,2026-10-02T09:01:31-05:00,32.069,0.9791,2026-01-20T12:00Z,2026-10-02T09:03:30-05:00,-34.5,52.5,-34.5,52.5,-120.0,100.0,-115.0,-105.0,-100000.0,4000.0,-100000.0,4000.0,ESPN BET,espn_core_odds,4.0,2025-09-06,401760364
2025,2,2,401761598,2025-09-06T23:00Z,0,2247,2247,GAST,235,235,MEM,16.0,38.0,1,2026-10-02T09:01:31-05:00,-12.286,0.15254,2026-01-20T12:00Z,2026-10-02T09:03:30-05:00,15.5,57.5,13.5,54.5,-105.0,-115.0,100.0,-120.0,500.0,-800.0,400.0,-600.0,ESPN BET,espn_core_odds,-22.0,2025-09-06,401761598
2025,2,2,401761601,2025-09-06T23:00Z,0,6,6,USA,2655,2655,TULN,31.0,33.0,1,2026-10-02T09:01:31-05:00,-9.741,0.19406,2026-01-20T12:00Z,2026-10-02T09:03:30-05:00,13.5,51.5,10.5,51.5,-105.0,-115.0,-110.0,-110.0,425.0,-650.0,300.0,-400.0,ESPN BET,espn_core_odds,-2.0,2025-09-06,401761601
2025,2,2,401762795,2025-09-06T23:00Z,0,2199,2199,EMU,2341,2341,LIU,23.0,28.0,1,2026-10-02T09:01:31-05:00,24.017,0.95175,2026-01-20T12:00Z,2026-10-02T09:03:30-05:00,-21.5,53.5,-23.5,54.5,-110.0,-110.0,-110.0,-110.0,-2000.0,1000.0,-2000.0,1000.0,ESPN BET,espn_core_odds,-5.0,2025-09-06,401762795
2025,2,2,401752683,2025-09-06T23:30Z,0,2,2,AUB,2050,2050,BALL,42.0,3.0,1,2026-10-02T09:01:31-05:00,34.928,0.98459,2026-01-20T12:00Z,2026-10-02T09:03:30-05:00,-42.5,52.5,-42.5,54.5,-110.0,-110.0,-105.0,-115.0,,,,,ESPN BET,espn_core_odds,39.0,2025-09-06,401752683
2025,2,2,401752695,2025-09-06T23:30Z,0,259,259,VT,238,238,VAN,20.0,44.0,1,2026-10-02T09:01:31-05:00,3.254,0.63286,2026-01-20T12:00Z,2026-10-02T09:03:30-05:00,-2.5,46.5,-1.5,47.5,-110.0,-110.0,-105.0,-115.0,-130.0,110.0,-115.0,-105.0,ESPN BET,espn_core_odds,-24.0,2025-09-06,401752695
2025,2,2,401752810,2025-09-06T23:30Z,0,158,158,NEB,2006,2006,AKR,68.0,0.0,1,2026-10-02T09:01:31-05:00,27.181,0.96411,2026-01-20T12:00Z,2026-10-02T09:03:30-05:00,-33.5,47.5,-33.5,47.5,-115.0,-105.0,-115.0,-105.0,,,,,ESPN BET,espn_core_odds,68.0,2025-09-06,401752810
2025,2,2,401752814,2025-09-06T23:30Z,0,30,30,USC,290,290,GASO,59.0,20.0,1,2026-10-02T09:01:31-05:00,32.947,0.98052,2026-01-20T12:00Z,2026-10-02T09:03:30-05:00,-28.5,62.5,-27.5,64.5,-105.0,-115.0,-120.0,100.0,,,,,ESPN BET,espn_core_odds,39.0,2025-09-06,401752814
2025,2,2,401752816,2025-09-06T23:30Z,0,127,127,MSU,103,103,BC,42.0,40.0,1,2026-10-02T09:01:31-05:00,-0.63,0.47522,2026-01-20T12:00Z,2026-10-02T09:03:30-05:00,-3.5,45.5,-3.5,46.5,102.0,-125.0,102.0,-125.0,-165.0,140.0,-165.0,140.0,ESPN BET,espn_core_odds,2.0,2025-09-06,401752816
2025,2,2,401752819,2025-09-06T23:30Z,0,2509,2509,PUR,79,79,SIU,34.0,17.0,1,2026-10-02T09:01:31-05:00,17.078,0.90334,2026-01-20T12:00Z,2026-10-02T09:03:30-05:00,-22.5,52.5,-19.5,51.5,-110.0,-110.0,-110.0,-110.0,-4000.0,1300.0,-1400.0,750.0,ESPN BET,espn_core_odds,17.0,2025-09-06,401752819
2025,2,2,401761597,2025-09-06T23:30Z,0,324,324,CCU,2127,2127,CHSO,13.0,0.0,1,2026-10-02T09:01:31-05:00,20.396,0.93048,2026-01-20T12:00Z,2026-10-02T09:03:30-05:00,-27.5,48.5,-28.5,49.5,-115.0,-105.0,-105.0,-115.0,-7500.0,2000.0,-10000.0,2500.0,ESPN BET,espn_core_odds,13.0,2025-09-06,401761597
2025,2,2,401752823,2025-09-07T00:00Z,0,2439,2439,UNLV,26,26,UCLA,30.0,23.0,1,2026-10-02T09:01:31-05:00,6.522,0.73091,2026-01-20T12:00Z,2026-10-02T09:03:30-05:00,2.5,54.5,3.5,55.5,-110.0,-110.0,-125.0,102.0,115.0,-135.0,125.0,-145.0,ESPN BET,espn_core_odds,7.0,2025-09-06,401752823
2025,2,2,401761600,2025-09-07T00:00Z,0,309,309,UL,2377,2377,MCN,34.0,10.0,1,2026-10-02T09:01:31-05:00,20.11,0.9280000000000002,2026-01-20T12:00Z,2026-10-02T09:03:30-05:00,-19.5,49.5,-20.0,51.5,-115.0,-105.0,-115.0,-105.0,-1600.0,800.0,-1600.0,800.0,ESPN BET,espn_core_odds,24.0,2025-09-06,401761600
2025,2,2,401757229,2025-09-07T01:00Z,0,166,166,NMSU,202,202,TLSA,21.0,14.0,1,2026-10-02T09:01:31-05:00,-2.01,0.41805,2026-01-20T12:00Z,2026-10-02T09:03:30-05:00,3.5,53.5,3.5,52.5,-125.0,102.0,-115.0,-105.0,135.0,-155.0,150.0,-175.0,ESPN BET,espn_core_odds,7.0,2025-09-06,401757229
2025,2,2,401757231,2025-09-07T01:00Z,0,2638,2638,UTEP,2630,2630,UTM,42.0,17.0,1,2026-10-02T09:01:31-05:00,4.898,0.6842099999999999,2026-01-20T12:00Z,2026-10-02T09:03:30-05:00,-7.5,49.5,-5.0,51.5,105.0,-125.0,-110.0,-110.0,-260.0,215.0,-215.0,180.0,ESPN BET,espn_core_odds,25.0,2025-09-06,401757231
2025,2,2,401756879,2025-09-07T02:00Z,0,12,12,ARIZ,2692,2692,WEB,48.0,3.0,1,2026-10-02T09:01:31-05:00,25.686,0.95853,2026-01-20T12:00Z,2026-10-02T09:03:30-05:00,-31.5,56.5,-32.5,56.5,-110.0,-110.0,-110.0,-110.0,-10000.0,2500.0,-20000.0,3000.0,ESPN BET,espn_core_odds,45.0,2025-09-06,401756879
2025,2,2,401752948,2025-09-07T02:15Z,0,265,265,WSU,21,21,SDSU,36.0,13.0,1,2026-10-02T09:01:31-05:00,2.086,0.58517,2026-01-20T12:00Z,2026-10-02T09:03:30-05:00,-2.5,46.5,-1.5,45.5,-110.0,-110.0,-105.0,-115.0,-125.0,105.0,-120.0,100.0,ESPN BET,espn_core_odds,23.0,2025-09-06,401752948
2025,2,2,401754526,2025-09-07T02:15Z,0,252,252,BYU,24,24,STAN,27.0,3.0,1,2026-10-02T09:01:31-05:00,15.833,0.89243,2026-01-20T12:00Z,2026-10-02T09:03:30-05:00,-20.5,43.5,-17.5,47.5,-105.0,-115.0,-110.0,-110.0,-1600.0,800.0,-1200.0,700.0,ESPN BET,espn_core_odds,24.0,2025-09-06,401754526
2025,2,2,401752821,2025-09-07T03:00Z,0,264,264,WASH,302,302,UCD,70.0,10.0,1,2026-10-02T09:01:31-05:00,26.105,0.96081,2026-01-20T12:00Z,2026-10-02T09:03:30-05:00,-29.5,54.5,-28.0,53.5,-115.0,-105.0,-115.0,-105.0,-7500.0,2000.0,-6000.0,1800.0,ESPN BET,espn_core_odds,60.0,2025-09-06,401752821
2025,2,2,401757230,2025-09-07T03:59Z,0,62,62,HAW,2534,2534,SHSU,37.0,20.0,1,2026-10-02T09:01:31-05:00,6.146,0.71836,2026-01-20T12:00Z,2026-10-02T09:03:30-05:00,-7.5,48.5,-8.5,49.5,100.0,-120.0,-105.0,-115.0,-275.0,225.0,-300.0,250.0,ESPN BET,espn_core_odds,17.0,2025-09-06,401757230
2025,2,3,401754531,2025-09-11T23:30Z,0,154,154,WAKE,152,152,NCSU,24.0,34.0,1,2026-10-02T09:01:31-05:00,-6.787,0.25826,2026-01-20T12:00Z,2026-10-02T09:03:31-05:00,7.5,52.5,7.5,56.5,-130.0,110.0,-110.0,-110.0,230.0,-280.0,240.0,-290.0,ESPN BET,espn_core_odds,-10.0,2025-09-11,401754531
2025,2,3,401752836,2025-09-12T22:30Z,0,84,84,IU,282,282,INST,73.0,0.0,1,2026-10-02T09:01:31-05:00,46.554,0.99582,2026-01-20T12:00Z,2026-10-02T09:03:31-05:00,,,,,,,,,,,,,,,73.0,2025-09-12,401752836
2025,2,3,401754532,2025-09-12T23:00Z,0,183,183,SYR,2142,2142,COLG,66.0,24.0,1,2026-10-02T09:01:31-05:00,37.765,0.98903,2026-01-20T12:00Z,2026-10-02T09:03:31-05:00,-37.5,64.5,-37.5,66.5,-110.0,-110.0,-110.0,-110.0,-50000.0,3500.0,-100000.0,4000.0,ESPN BET,espn_core_odds,42.0,2025-09-12,401754532
2025,2,3,401756893,2025-09-12T23:30Z,0,248,248,HOU,38,38,COLO,36.0,20.0,1,2026-10-02T09:01:31-05:00,1.845,0.57931,2026-01-20T12:00Z,2026-10-02T09:03:31-05:00,-3.5,45.5,-3.5,43.5,-115.0,-105.0,-115.0,-105.0,-190.0,160.0,-195.0,165.0,ESPN BET,espn_core_odds,16.0,2025-09-12,401756893
2025,2,3,401756888,2025-09-13T01:00Z,0,12,12,ARIZ,2306,2306,KSU,23.0,17.0,1,2026-10-02T09:01:31-05:00,2.628,0.60688,2026-01-20T12:00Z,2026-10-02T09:03:31-05:00,1.5,56.5,1.5,54.5,-120.0,100.0,-110.0,-110.0,-105.0,-115.0,-125.0,105.0,ESPN BET,espn_core_odds,6.0,2025-09-12,401756888
2025,2,3,401752837,2025-09-13T02:00Z,0,26,26,UCLA,167,167,UNM,10.0,35.0,1,2026-10-02T09:01:31-05:00,10.213,0.81408,2026-01-20T12:00Z,2026-10-02T09:03:31-05:00,-15.5,52.5,-14.5,52.5,-110.0,-110.0,-110.0,-110.0,-700.0,450.0,-750.0,475.0,ESPN BET,espn_core_odds,-25.0,2025-09-12,401752837
2025,2,3,401752827,2025-09-13T23:00Z,0,194,194,OSU,195,195,OHIO,37.0,9.0,1,2026-10-02T09:01:31-05:00,24.57,0.95455,2026-01-20T12:00Z,2026-10-02T09:03:31-05:00,-28.5,49.5,-31.5,52.5,-110.0,-110.0,-115.0,-105.0,,,,,ESPN BET,espn_core_odds,28.0,2025-09-13,401752827
2025,2,3,401752835,2025-09-13T19:30Z,0,213,213,PSU,222,222,VILL,52.0,6.0,1,2026-10-02T09:01:31-05:00,45.074,0.99519,2026-01-20T12:00Z,2026-10-02T09:03:31-05:00,-47.5,56.5,-48.5,55.5,-115.0,-105.0,-110.0,-110.0,,,,,ESPN BET,espn_core_odds,46.0,2025-09-13,401752835
2025,2,3,401752699,2025-09-13T23:30Z,0,99,99,LSU,57,57,FLA,20.0,10.0,1,2026-10-02T09:01:31-05:00,2.829,0.61532,2026-01-20T12:00Z,2026-10-02T09:03:31-05:00,-5.5,47.5,-8.5,50.5,-105.0,-115.0,-110.0,-110.0,-215.0,180.0,-360.0,280.0,ESPN BET,espn_core_odds,10.0,2025-09-13,401752699
2025,2,3,401752831,2025-09-13T16:00Z,0,77,77,NU,2483,2483,ORE,14.0,34.0,1,2026-10-02T09:01:31-05:00,-23.24,0.0524499999999999,2026-01-20T12:00Z,2026-10-02T09:03:31-05:00,24.5,50.5,27.5,50.5,-120.0,100.0,105.0,-125.0,1100.0,-2500.0,3000.0,-20000.0,ESPN BET,espn_core_odds,-20.0,2025-09-13,401752831
2025,2,3,401754535,2025-09-13T20:30Z,0,2390,2390,MIA,58,58,USF,49.0,12.0,1,2026-10-02T09:01:31-05:00,6.066,0.7214399999999999,2026-01-20T12:00Z,2026-10-02T09:03:31-05:00,-17.5,56.5,-15.5,54.5,105.0,-125.0,-105.0,-115.0,-800.0,500.0,-900.0,550.0,ESPN BET,espn_core_odds,37.0,2025-09-13,401754535
2025,2,3,401752705,2025-09-13T19:30Z,0,2633,2633,TENN,61,61,UGA,41.0,44.0,1,2026-10-02T09:01:31-05:00,0.479,0.51475,2026-01-20T12:00Z,2026-10-02T09:03:31-05:00,3.5,50.5,6.5,49.5,-125.0,105.0,-115.0,-105.0,145.0,-170.0,165.0,-195.0,ESPN BET,espn_core_odds,-3.0,2025-09-13,401752705
2025,2,3,401752706,2025-09-13T20:15Z,0,251,251,TEX,2638,2638,UTEP,27.0,10.0,1,2026-10-02T09:01:31-05:00,39.503,0.99087,2026-01-20T12:00Z,2026-10-02T09:03:31-05:00,-40.5,52.5,-36.5,54.5,-115.0,-105.0,-105.0,-115.0,,,,,ESPN BET,espn_core_odds,17.0,2025-09-13,401752706
2025,2,3,401752707,2025-09-13T23:30Z,0,87,87,ND,245,245,TA&M,40.0,41.0,1,2026-10-02T09:01:31-05:00,5.636,0.71211,2026-01-20T12:00Z,2026-10-02T09:03:31-05:00,-7.5,48.5,-9.5,49.5,100.0,-120.0,-110.0,-110.0,-250.0,210.0,-230.0,195.0,ESPN BET,espn_core_odds,-1.0,2025-09-13,401752707
2025,2,3,401752829,2025-09-13T23:00Z,0,356,356,ILL,2711,2711,WMU,38.0,0.0,1,2026-10-02T09:01:31-05:00,25.725,0.95909,2026-01-20T12:00Z,2026-10-02T09:03:31-05:00,-27.5,50.5,-27.5,50.5,-110.0,-110.0,-110.0,-110.0,-5000.0,1500.0,-5000.0,1500.0,ESPN BET,espn_core_odds,38.0,2025-09-13,401752829
2025,2,3,401752704,2025-09-13T23:45Z,0,2579,2579,SC,238,238,VAN,7.0,31.0,1,2026-10-02T09:01:31-05:00,3.819,0.6513500000000001,2026-01-20T12:00Z,2026-10-02T09:03:31-05:00,-2.5,48.5,-5.5,47.5,-125.0,105.0,-110.0,-110.0,-145.0,125.0,-195.0,165.0,ESPN BET,espn_core_odds,-24.0,2025-09-13,401752704
2025,2,3,401754623,2025-09-13T16:00Z,0,59,59,GT,228,228,CLEM,24.0,21.0,1,2026-10-02T09:01:31-05:00,1.039,0.55112,2026-01-20T12:00Z,2026-10-02T09:03:31-05:00,2.5,49.5,6.5,52.5,110.0,-130.0,-115.0,-105.0,130.0,-150.0,160.0,-190.0,ESPN BET,espn_core_odds,3.0,2025-09-13,401754623
2025,2,3,401752703,2025-09-13T16:00Z,0,218,218,TEM,201,201,OU,3.0,42.0,1,2026-10-02T09:01:31-05:00,-12.509,0.1502,2026-01-20T12:00Z,2026-10-02T09:03:31-05:00,24.5,51.5,25.5,51.5,-120.0,100.0,-115.0,-105.0,1250.0,-3000.0,1300.0,-4000.0,ESPN BET,espn_core_odds,-39.0,2025-09-13,401752703
2025,2,3,401756890,2025-09-13T20:00Z,0,2032,2032,ARST,66,66,ISU,16.0,24.0,1,2026-10-02T09:01:31-05:00,-16.002,0.1076999999999999,2026-01-20T12:00Z,2026-10-02T09:03:31-05:00,20.5,55.5,21.5,54.5,100.0,-120.0,-110.0,-110.0,1100.0,-2500.0,1000.0,-2000.0,ESPN BET,espn_core_odds,-8.0,2025-09-13,401756890
2025,2,3,401752700,2025-09-13T23:00Z,0,145,145,MISS,8,8,ARK,41.0,35.0,1,2026-10-02T09:01:31-05:00,6.762,0.7368400000000002,2026-01-20T12:00Z,2026-10-02T09:03:31-05:00,-4.5,60.5,-8.5,60.5,-105.0,-115.0,-105.0,-115.0,-170.0,145.0,-340.0,270.0,ESPN BET,espn_core_odds,6.0,2025-09-13,401752700
2025,2,3,401752696,2025-09-13T16:00Z,0,333,333,ALA,275,275,WIS,38.0,14.0,1,2026-10-02T09:01:31-05:00,15.624,0.89015,2026-01-20T12:00Z,2026-10-02T09:03:31-05:00,-18.5,45.5,-19.5,46.5,-105.0,-115.0,-110.0,-110.0,-1400.0,750.0,-1800.0,900.0,ESPN BET,espn_core_odds,24.0,2025-09-13,401752696
2025,2,3,401756895,2025-09-14T00:00Z,0,2751,2751,WYO,254,254,UTAH,6.0,31.0,1,2026-10-02T09:01:31-05:00,-18.829,0.08118,2026-01-20T12:00Z,2026-10-02T09:03:31-05:00,24.5,47.5,22.5,48.5,-110.0,-110.0,-110.0,-110.0,1300.0,-4000.0,1200.0,-3000.0,ESPN BET,espn_core_odds,-25.0,2025-09-13,401756895
2025,2,3,401752938,2025-09-13T19:30Z,0,2641,2641,TTU,204,204,ORST,45.0,14.0,1,2026-10-02T09:01:31-05:00,21.105,0.93612,2026-01-20T12:00Z,2026-10-02T09:03:31-05:00,-23.5,61.5,-24.5,60.5,-115.0,-105.0,100.0,-120.0,-2500.0,1100.0,-3000.0,1200.0,ESPN BET,espn_core_odds,31.0,2025-09-13,401752938
2025,2,3,401752839,2025-09-13T16:00Z,0,130,130,MICH,2117,2117,CMU,63.0,3.0,1,2026-10-02T09:01:31-05:00,26.275,0.96117,2026-01-20T12:00Z,2026-10-02T09:03:32-05:00,-27.5,42.5,-27.5,42.5,-125.0,105.0,-105.0,-115.0,-4000.0,1300.0,-4000.0,1300.0,ESPN BET,espn_core_odds,60.0,2025-09-13,401752839
2025,2,3,401752697,2025-09-13T16:45Z,0,2,2,AUB,6,6,USA,31.0,15.0,1,2026-10-02T09:01:31-05:00,20.867,0.93407,2026-01-20T12:00Z,2026-10-02T09:03:32-05:00,-26.5,55.5,-25.5,53.5,-110.0,-110.0,-110.0,-110.0,-5000.0,1500.0,-4000.0,1300.0,ESPN BET,espn_core_odds,16.0,2025-09-13,401752697
2025,2,3,401752702,2025-09-13T17:00Z,0,142,142,MIZ,309,309,UL,52.0,10.0,1,2026-10-02T09:01:31-05:00,23.517,0.94887,2026-01-20T12:00Z,2026-10-02T09:03:32-05:00,-27.5,46.5,-22.5,50.5,-120.0,100.0,-110.0,-110.0,-5000.0,1500.0,-4000.0,1300.0,ESPN BET,espn_core_odds,42.0,2025-09-13,401752702
2025,2,3,401752828,2025-09-13T16:00Z,0,158,158,NEB,2277,2277,HCU,59.0,7.0,1,2026-10-02T09:01:31-05:00,47.99,0.99649,2026-01-20T12:00Z,2026-10-02T09:03:32-05:00,-46.5,57.5,-42.5,54.5,-110.0,-110.0,-110.0,-110.0,,,,,ESPN BET,espn_core_odds,52.0,2025-09-13,401752828
2025,2,3,401752838,2025-09-13T16:00Z,0,120,120,MD,119,119,TOW,44.0,17.0,1,2026-10-02T09:01:31-05:00,26.967,0.96421,2026-01-20T12:00Z,2026-10-02T09:03:32-05:00,-28.5,53.5,-28.0,50.5,-110.0,-110.0,-115.0,-105.0,-7500.0,2000.0,-7500.0,2000.0,ESPN BET,espn_core_odds,27.0,2025-09-13,401752838
2025,2,3,401754619,2025-09-13T16:00Z,0,258,258,UVA,2729,2729,W&M,55.0,16.0,1,2026-10-02T09:01:31-05:00,30.021,0.9742,2026-01-20T12:00Z,2026-10-02T09:03:32-05:00,-29.5,52.5,-26.5,51.5,-115.0,-105.0,-115.0,-105.0,-10000.0,2500.0,-7500.0,2000.0,ESPN BET,espn_core_odds,39.0,2025-09-13,401754619
2025,2,3,401756891,2025-09-13T16:00Z,0,239,239,BAY,2535,2535,SAM,42.0,7.0,1,2026-10-02T09:01:31-05:00,40.496,0.99188,2026-01-20T12:00Z,2026-10-02T09:03:32-05:00,-52.5,64.5,-47.5,58.5,-115.0,-105.0,-115.0,-105.0,,,,,ESPN BET,espn_core_odds,35.0,2025-09-13,401756891
2025,2,3,401761608,2025-09-13T16:00Z,0,2653,2653,TROY,235,235,MEM,7.0,28.0,1,2026-10-02T09:01:31-05:00,-7.033,0.25651,2026-01-20T12:00Z,2026-10-02T09:03:32-05:00,4.5,51.5,6.5,50.5,-110.0,-110.0,-115.0,-105.0,165.0,-195.0,170.0,-200.0,ESPN BET,espn_core_odds,-21.0,2025-09-13,401761608
2025,2,3,401762817,2025-09-13T16:00Z,0,2309,2309,KENT,2084,2084,BUFF,28.0,31.0,1,2026-10-02T09:01:31-05:00,-12.317,0.15075,2026-01-20T12:00Z,2026-10-02T09:03:32-05:00,24.5,47.5,22.5,48.5,-105.0,-115.0,-115.0,-105.0,1500.0,-5000.0,1100.0,-2500.0,ESPN BET,espn_core_odds,-3.0,2025-09-13,401762817
2025,2,3,401762818,2025-09-13T18:00Z,0,2050,2050,BALL,160,160,UNH,34.0,29.0,1,2026-10-02T09:01:31-05:00,5.686,0.7126300000000001,2026-01-20T12:00Z,2026-10-02T09:03:32-05:00,-2.5,46.5,2.5,47.5,-120.0,100.0,-105.0,-115.0,-135.0,115.0,115.0,-135.0,ESPN BET,espn_core_odds,5.0,2025-09-13,401762818
2025,2,3,401757168,2025-09-13T19:00Z,0,48,48,DEL,41,41,CONN,44.0,41.0,1,2026-10-02T09:01:31-05:00,-7.679,0.23961,2026-01-20T12:00Z,2026-10-02T09:03:32-05:00,9.5,51.5,10.5,52.5,-120.0,100.0,-120.0,100.0,250.0,-300.0,290.0,-380.0,ESPN BET,espn_core_odds,3.0,2025-09-13,401757168
2025,2,3,401752833,2025-09-13T19:30Z,0,164,164,RUTG,2450,2450,NORF,60.0,10.0,1,2026-10-02T09:01:31-05:00,51.195,0.99755,2026-01-20T12:00Z,2026-10-02T09:03:32-05:00,-45.5,55.5,-42.5,51.5,100.0,-120.0,-110.0,-110.0,,,,,ESPN BET,espn_core_odds,50.0,2025-09-13,401752833
2025,2,3,401752834,2025-09-13T19:30Z,0,127,127,MSU,2754,2754,YSU,41.0,24.0,1,2026-10-02T09:01:31-05:00,23.168,0.94764,2026-01-20T12:00Z,2026-10-02T09:03:32-05:00,-27.5,56.5,-23.5,52.5,-110.0,-110.0,-120.0,100.0,-4000.0,1300.0,-2500.0,1100.0,ESPN BET,espn_core_odds,17.0,2025-09-13,401752834
2025,2,3,401752949,2025-09-13T19:30Z,0,249,249,UNT,265,265,WSU,59.0,10.0,1,2026-10-02T09:01:31-05:00,2.161,0.59358,2026-01-20T12:00Z,2026-10-02T09:03:32-05:00,-6.5,58.5,-5.5,58.5,-125.0,105.0,-115.0,-105.0,-270.0,220.0,-210.0,175.0,ESPN BET,espn_core_odds,49.0,2025-09-13,401752949
2025,2,3,401754615,2025-09-13T19:30Z,0,2623,2623,MOST,2567,2567,SMU,10.0,28.0,1,2026-10-02T09:01:31-05:00,-21.05,0.06657,2026-01-20T12:00Z,2026-10-02T09:03:32-05:00,28.5,59.5,27.5,61.5,-105.0,-115.0,-115.0,-105.0,2500.0,-10000.0,1200.0,-3000.0,ESPN BET,espn_core_odds,-18.0,2025-09-13,401754615
2025,2,3,401754638,2025-09-13T19:30Z,0,277,277,WVU,221,221,PITT,31.0,24.0,1,2026-10-02T09:01:31-05:00,-2.249,0.4060599999999999,2026-01-20T12:00Z,2026-10-02T09:03:32-05:00,6.5,54.5,5.5,57.5,100.0,-120.0,-110.0,-110.0,240.0,-290.0,190.0,-225.0,ESPN BET,espn_core_odds,7.0,2025-09-13,401754638
2025,2,3,401754639,2025-09-13T19:30Z,0,153,153,UNC,257,257,RICH,41.0,6.0,1,2026-10-02T09:01:31-05:00,20.464,0.9316600000000002,2026-01-20T12:00Z,2026-10-02T09:03:32-05:00,-24.5,47.5,-23.5,46.5,-115.0,-105.0,-110.0,-110.0,-4000.0,1300.0,-2000.0,1000.0,ESPN BET,espn_core_odds,35.0,2025-09-13,401754639
2025,2,3,401756892,2025-09-13T19:30Z,0,2132,2132,CIN,2466,2466,NWST,70.0,0.0,1,2026-10-02T09:01:31-05:00,50.457,0.99735,2026-01-20T12:00Z,2026-10-02T09:03:32-05:00,,,,,,,,,,,,,,,70.0,2025-09-13,401756892
2025,2,3,401762467,2025-09-13T19:30Z,0,2636,2636,UTSA,2916,2916,UIW,48.0,20.0,1,2026-10-02T09:01:31-05:00,16.065,0.8949000000000001,2026-01-20T12:00Z,2026-10-02T09:03:32-05:00,-21.5,62.5,-16.5,61.5,-115.0,-105.0,-110.0,-110.0,-1400.0,750.0,-900.0,550.0,ESPN BET,espn_core_odds,28.0,2025-09-13,401762467
2025,2,3,401762819,2025-09-13T19:30Z,0,2649,2649,TOL,2415,2415,MORG,60.0,0.0,1,2026-10-02T09:01:31-05:00,32.916,0.98095,2026-01-20T12:00Z,2026-10-02T09:03:32-05:00,-33.5,54.5,-33.5,51.5,-115.0,-105.0,-110.0,-110.0,-50000.0,3500.0,-100000.0,4000.0,ESPN BET,espn_core_odds,60.0,2025-09-13,401762819
2025,2,3,401757256,2025-09-13T21:00Z,0,189,189,BGSU,2335,2335,LIB,23.0,13.0,1,2026-10-02T09:01:31-05:00,1.283,0.54822,2026-01-20T12:00Z,2026-10-02T09:03:32-05:00,6.5,51.5,7.5,51.5,-110.0,-110.0,-115.0,-105.0,190.0,-225.0,195.0,-230.0,ESPN BET,espn_core_odds,10.0,2025-09-13,401757256
2025,2,3,401757258,2025-09-13T21:00Z,0,2440,2440,NEV,2393,2393,MTSU,13.0,14.0,1,2026-10-02T09:01:31-05:00,8.614,0.78283,2026-01-20T12:00Z,2026-10-02T09:03:32-05:00,-9.5,49.5,-8.5,47.5,-110.0,-110.0,-115.0,-105.0,-340.0,270.0,-320.0,260.0,ESPN BET,espn_core_odds,-1.0,2025-09-13,401757258
2025,2,3,401752701,2025-09-13T22:00Z,0,344,344,MSST,2016,2016,ALCN,63.0,0.0,1,2026-10-02T09:01:31-05:00,45.759,0.99554,2026-01-20T12:00Z,2026-10-02T09:03:32-05:00,,,,,,,,,,,,,,,63.0,2025-09-13,401752701
2025,2,3,401757235,2025-09-13T22:00Z,0,338,338,KENN,2771,2771,MRMK,27.0,13.0,1,2026-10-02T09:01:31-05:00,16.988,0.90325,2026-01-20T12:00Z,2026-10-02T09:03:32-05:00,-17.5,44.5,-9.5,44.5,-120.0,100.0,-105.0,-115.0,-1000.0,600.0,-360.0,280.0,ESPN BET,espn_core_odds,14.0,2025-09-13,401757235
2025,2,3,401761606,2025-09-13T22:00Z,0,276,276,MRSH,2198,2198,EKU,38.0,7.0,1,2026-10-02T09:01:31-05:00,14.452,0.87539,2026-01-20T12:00Z,2026-10-02T09:03:33-05:00,-17.5,51.5,-16.5,50.5,-110.0,-110.0,-115.0,-105.0,-600.0,400.0,-900.0,550.0,ESPN BET,espn_core_odds,31.0,2025-09-13,401761606
2025,2,3,401762464,2025-09-13T22:00Z,0,2429,2429,CLT,2405,2405,MONM,42.0,35.0,1,2026-10-02T09:01:31-05:00,6.468,0.73476,2026-01-20T12:00Z,2026-10-02T09:03:33-05:00,-2.5,65.5,-3.5,68.5,-105.0,-115.0,-115.0,-105.0,-130.0,110.0,-185.0,155.0,ESPN BET,espn_core_odds,7.0,2025-09-13,401762464
2025,2,3,401752832,2025-09-13T22:45Z,0,2509,2509,PUR,30,30,USC,17.0,33.0,1,2026-10-02T09:01:31-05:00,-20.132,0.07196,2026-01-20T12:00Z,2026-10-02T09:03:33-05:00,20.5,59.5,21.5,59.5,-105.0,-115.0,-125.0,102.0,900.0,-1800.0,1000.0,-2000.0,ESPN BET,espn_core_odds,-16.0,2025-09-13,401752832
2025,2,3,401754536,2025-09-13T23:00Z,0,259,259,VT,295,295,ODU,26.0,45.0,1,2026-10-02T09:01:31-05:00,3.53,0.64515,2026-01-20T12:00Z,2026-10-02T09:03:33-05:00,-5.5,50.5,-6.5,51.5,-115.0,-105.0,-110.0,-110.0,-225.0,190.0,-290.0,240.0,ESPN BET,espn_core_odds,-19.0,2025-09-13,401754536
2025,2,3,401757234,2025-09-13T23:00Z,0,290,290,GASO,55,55,JVST,41.0,34.0,1,2026-10-02T09:01:31-05:00,-2.337,0.4076600000000001,2026-01-20T12:00Z,2026-10-02T09:03:33-05:00,-3.5,57.5,-3.5,57.5,-115.0,-105.0,-115.0,-105.0,-165.0,140.0,-165.0,140.0,ESPN BET,espn_core_odds,7.0,2025-09-13,401757234
2025,2,3,401761605,2025-09-13T23:00Z,0,2247,2247,GAST,93,93,MUR,37.0,21.0,1,2026-10-02T09:01:31-05:00,28.708,0.97038,2026-01-20T12:00Z,2026-10-02T09:03:33-05:00,-31.5,63.5,-31.5,63.5,-105.0,-115.0,-110.0,-110.0,,,,,ESPN BET,espn_core_odds,16.0,2025-09-13,401761605
2025,2,3,401761607,2025-09-13T23:00Z,0,2572,2572,USM,2026,2026,APP,38.0,22.0,1,2026-10-02T09:01:31-05:00,-2.304,0.40726,2026-01-20T12:00Z,2026-10-02T09:03:33-05:00,2.5,56.5,-2.5,53.5,100.0,-120.0,-125.0,102.0,125.0,-145.0,-105.0,-115.0,ESPN BET,espn_core_odds,16.0,2025-09-13,401761607
2025,2,3,401762466,2025-09-13T23:00Z,0,242,242,RICE,2504,2504,PV,38.0,17.0,1,2026-10-02T09:01:31-05:00,30.841,0.97658,2026-01-20T12:00Z,2026-10-02T09:03:33-05:00,-29.5,48.5,-28.0,48.5,-110.0,-110.0,-110.0,-110.0,-10000.0,2500.0,-10000.0,2500.0,ESPN BET,espn_core_odds,21.0,2025-09-13,401762466
2025,2,3,401752698,2025-09-13T23:30Z,0,96,96,UK,2199,2199,EMU,48.0,23.0,1,2026-10-02T09:01:31-05:00,24.282,0.95251,2026-01-20T12:00Z,2026-10-02T09:03:33-05:00,-26.5,50.5,-25.5,48.5,-115.0,-105.0,-110.0,-110.0,-3000.0,1200.0,-4000.0,1300.0,ESPN BET,espn_core_odds,25.0,2025-09-13,401752698
2025,2,3,401752830,2025-09-13T23:30Z,0,2294,2294,IOWA,113,113,MASS,47.0,7.0,1,2026-10-02T09:01:31-05:00,32.823,0.98072,2026-01-20T12:00Z,2026-10-02T09:03:33-05:00,-35.5,44.5,-35.5,43.5,100.0,-120.0,-105.0,-115.0,,,,,ESPN BET,espn_core_odds,40.0,2025-09-13,401752830
2025,2,3,401757257,2025-09-13T23:30Z,0,2348,2348,LT,166,166,NMSU,49.0,14.0,1,2026-10-02T09:01:31-05:00,8.541,0.78299,2026-01-20T12:00Z,2026-10-02T09:03:33-05:00,-10.5,42.5,-12.5,46.5,-110.0,-110.0,-105.0,-115.0,-380.0,290.0,-360.0,280.0,ESPN BET,espn_core_odds,35.0,2025-09-13,401757257
2025,2,3,401761604,2025-09-13T23:30Z,0,324,324,CCU,151,151,ECU,0.0,38.0,1,2026-10-02T09:01:31-05:00,-9.428,0.19894,2026-01-20T12:00Z,2026-10-02T09:03:33-05:00,7.5,56.5,6.5,55.5,-125.0,105.0,-110.0,-110.0,200.0,-240.0,215.0,-260.0,ESPN BET,espn_core_odds,-38.0,2025-09-13,401761604
2025,2,3,401754534,2025-09-14T00:00Z,0,2655,2655,TULN,150,150,DUKE,34.0,27.0,1,2026-10-02T09:01:31-05:00,6.071,0.72312,2026-01-20T12:00Z,2026-10-02T09:03:33-05:00,1.5,53.5,-2.5,52.5,-125.0,105.0,-115.0,-105.0,-110.0,-110.0,-150.0,130.0,ESPN BET,espn_core_odds,7.0,2025-09-13,401754534
2025,2,3,401756894,2025-09-14T00:00Z,0,2628,2628,TCU,2000,2000,ACU,42.0,21.0,1,2026-10-02T09:01:31-05:00,33.589,0.98235,2026-01-20T12:00Z,2026-10-02T09:03:33-05:00,-41.5,58.5,-37.5,56.5,-110.0,-110.0,-110.0,-110.0,,,,,ESPN BET,espn_core_odds,21.0,2025-09-13,401756894
2025,2,3,401762465,2025-09-14T00:00Z,0,202,202,TLSA,2426,2426,NAVY,23.0,42.0,1,2026-10-02T09:01:31-05:00,-8.221,0.22065,2026-01-20T12:00Z,2026-10-02T09:03:33-05:00,13.5,53.5,14.5,53.5,-105.0,-115.0,-115.0,-105.0,400.0,-600.0,425.0,-650.0,ESPN BET,espn_core_odds,-19.0,2025-09-13,401762465
2025,2,3,401757233,2025-09-14T00:30Z,0,2229,2229,FIU,2226,2226,FAU,38.0,28.0,1,2026-10-02T09:01:31-05:00,-0.774,0.47098,2026-01-20T12:00Z,2026-10-02T09:03:33-05:00,-1.5,56.5,-4.5,54.5,-115.0,-105.0,-110.0,-110.0,-130.0,110.0,-120.0,100.0,ESPN BET,espn_core_odds,10.0,2025-09-13,401757233
2025,2,3,401762463,2025-09-14T00:30Z,0,5,5,UAB,2006,2006,AKR,31.0,28.0,1,2026-10-02T09:01:31-05:00,9.676,0.80607,2026-01-20T12:00Z,2026-10-02T09:03:33-05:00,-13.5,59.5,-11.5,53.5,-110.0,-110.0,-110.0,-110.0,-550.0,380.0,-450.0,340.0,ESPN BET,espn_core_odds,3.0,2025-09-13,401762463
2025,2,3,401760368,2025-09-14T01:45Z,0,328,328,USU,2005,2005,AFA,49.0,30.0,1,2026-10-02T09:01:31-05:00,2.864,0.61355,2026-01-20T12:00Z,2026-10-02T09:03:33-05:00,3.5,51.5,4.5,50.5,-105.0,-115.0,-115.0,-105.0,155.0,-185.0,165.0,-195.0,ESPN BET,espn_core_odds,19.0,2025-09-13,401760368
2025,2,3,401760369,2025-09-14T02:00Z,0,278,278,FRES,2582,2582,SOU,56.0,7.0,1,2026-10-02T09:01:31-05:00,40.542,0.99166,2026-01-20T12:00Z,2026-10-02T09:03:33-05:00,-35.5,50.5,-35.5,48.5,100.0,-120.0,-110.0,-110.0,,,-100000.0,4000.0,ESPN BET,espn_core_odds,49.0,2025-09-13,401760369
2025,2,3,401752840,2025-09-14T02:30Z,0,25,25,CAL,135,135,MINN,27.0,14.0,1,2026-10-02T09:01:31-05:00,-0.63,0.47377,2026-01-20T12:00Z,2026-10-02T09:03:33-05:00,3.5,39.5,2.5,43.5,-125.0,105.0,-105.0,-115.0,140.0,-165.0,115.0,-135.0,ESPN BET,espn_core_odds,13.0,2025-09-13,401752840
2025,2,3,401754533,2025-09-14T02:30Z,0,24,24,STAN,103,103,BC,30.0,20.0,1,2026-10-02T09:01:31-05:00,-2.58,0.3936,2026-01-20T12:00Z,2026-10-02T09:03:33-05:00,13.5,46.5,11.5,44.5,100.0,-120.0,-105.0,-115.0,450.0,-700.0,340.0,-450.0,ESPN BET,espn_core_odds,10.0,2025-09-13,401754533
2025,2,3,401756889,2025-09-14T02:30Z,0,9,9,ASU,326,326,TXST,34.0,15.0,1,2026-10-02T09:01:31-05:00,8.456,0.7776099999999999,2026-01-20T12:00Z,2026-10-02T09:03:33-05:00,-18.5,61.5,-14.5,58.5,100.0,-120.0,-105.0,-115.0,-1000.0,600.0,-750.0,475.0,ESPN BET,espn_core_odds,19.0,2025-09-13,401756889
2025,2,3,401760370,2025-09-14T03:59Z,0,62,62,HAW,2502,2502,PRST,23.0,3.0,1,2026-10-02T09:01:31-05:00,27.376,0.96586,2026-01-20T12:00Z,2026-10-02T09:03:33-05:00,-36.5,54.5,-38.5,52.5,-110.0,-110.0,-110.0,-110.0,-100000.0,4000.0,-100000.0,4000.0,ESPN BET,espn_core_odds,20.0,2025-09-13,401760370
2025,2,4,401762468,2025-09-18T23:30Z,0,2429,2429,CLT,242,242,RICE,17.0,28.0,1,2026-10-02T09:01:31-05:00,-1.221,0.44807,2026-01-20T12:00Z,2026-10-02T09:03:33-05:00,1.5,41.5,5.5,44.5,-110.0,-110.0,-105.0,-115.0,110.0,-130.0,115.0,-135.0,ESPN BET,espn_core_odds,-11.0,2025-09-18,401762468
2025,2,4,401756900,2025-09-19T23:30Z,0,197,197,OKST,202,202,TLSA,12.0,19.0,1,2026-10-02T09:01:31-05:00,10.995,0.8257800000000001,2026-01-20T12:00Z,2026-10-02T09:03:33-05:00,-10.5,54.5,-13.5,55.5,100.0,-120.0,-110.0,-110.0,-425.0,320.0,-550.0,380.0,ESPN BET,espn_core_odds,-7.0,2025-09-19,401756900
2025,2,4,401752844,2025-09-20T00:00Z,0,164,164,RUTG,2294,2294,IOWA,28.0,38.0,1,2026-10-02T09:01:31-05:00,1.845,0.57027,2026-01-20T12:00Z,2026-10-02T09:03:33-05:00,2.5,46.5,2.5,46.5,-115.0,-105.0,-110.0,-110.0,110.0,-130.0,125.0,-145.0,ESPN BET,espn_core_odds,-10.0,2025-09-19,401752844
2025,2,4,401752710,2025-09-20T23:45Z,0,99,99,LSU,2545,2545,SELA,56.0,10.0,1,2026-10-02T09:01:31-05:00,34.86,0.9847,2026-01-20T12:00Z,2026-10-02T09:03:34-05:00,-48.5,60.5,-38.5,51.5,100.0,-120.0,-105.0,-115.0,,,,,ESPN BET,espn_core_odds,46.0,2025-09-20,401752710
2025,2,4,401752709,2025-09-20T23:30Z,0,2390,2390,MIA,57,57,FLA,26.0,7.0,1,2026-10-02T09:01:31-05:00,7.189,0.75212,2026-01-20T12:00Z,2026-10-02T09:03:34-05:00,-8.5,51.5,-9.5,52.5,-110.0,-110.0,-110.0,-110.0,-340.0,270.0,-300.0,250.0,ESPN BET,espn_core_odds,19.0,2025-09-20,401752709
2025,2,4,401752841,2025-09-20T19:00Z,0,2483,2483,ORE,204,204,ORST,41.0,7.0,1,2026-10-02T09:01:31-05:00,36.315,0.98678,2026-01-20T12:00Z,2026-10-02T09:03:34-05:00,-34.5,58.5,-34.5,56.5,-110.0,-110.0,-120.0,100.0,,,,,ESPN BET,espn_core_odds,34.0,2025-09-20,401752841
2025,2,4,401754541,2025-09-20T19:30Z,0,52,52,FSU,2309,2309,KENT,66.0,10.0,1,2026-10-02T09:01:31-05:00,38.567,0.98975,2026-01-20T12:00Z,2026-10-02T09:03:34-05:00,-45.5,56.5,-42.5,56.5,100.0,-120.0,-115.0,-105.0,,,,,ESPN BET,espn_core_odds,56.0,2025-09-20,401754541
2025,2,4,401752723,2025-09-21T00:00Z,0,251,251,TEX,2534,2534,SHSU,55.0,0.0,1,2026-10-02T09:01:31-05:00,37.94,0.98894,2026-01-20T12:00Z,2026-10-02T09:03:34-05:00,-39.5,51.5,-40.5,51.5,-115.0,-105.0,-120.0,100.0,,,,,ESPN BET,espn_core_odds,55.0,2025-09-20,401752723
2025,2,4,401752843,2025-09-20T23:30Z,0,84,84,IU,356,356,ILL,63.0,10.0,1,2026-10-02T09:01:31-05:00,3.033,0.62808,2026-01-20T12:00Z,2026-10-02T09:03:34-05:00,-7.5,50.5,-4.5,52.5,105.0,-125.0,-115.0,-105.0,-270.0,220.0,-190.0,160.0,ESPN BET,espn_core_odds,53.0,2025-09-20,401752843
2025,2,4,401752714,2025-09-20T19:30Z,0,201,201,OU,2,2,AUB,24.0,17.0,1,2026-10-02T09:01:31-05:00,3.829,0.65325,2026-01-20T12:00Z,2026-10-02T09:03:34-05:00,-6.5,47.5,-6.5,49.5,-125.0,105.0,-110.0,-110.0,-260.0,215.0,-230.0,195.0,ESPN BET,espn_core_odds,7.0,2025-09-20,401752714
2025,2,4,401752711,2025-09-20T19:30Z,0,145,145,MISS,2655,2655,TULN,45.0,10.0,1,2026-10-02T09:01:31-05:00,13.86,0.86823,2026-01-20T12:00Z,2026-10-02T09:03:34-05:00,-11.5,61.5,-12.5,61.5,-110.0,-110.0,-110.0,-110.0,-425.0,320.0,-450.0,340.0,ESPN BET,espn_core_odds,35.0,2025-09-20,401752711
2025,2,4,401752715,2025-09-20T16:45Z,0,2633,2633,TENN,5,5,UAB,56.0,24.0,1,2026-10-02T09:01:31-05:00,35.991,0.98656,2026-01-20T12:00Z,2026-10-02T09:03:34-05:00,-38.5,68.5,-37.5,68.5,-115.0,-105.0,-110.0,-110.0,,,,,ESPN BET,espn_core_odds,32.0,2025-09-20,401752715
2025,2,4,401756901,2025-09-20T16:00Z,0,254,254,UTAH,2641,2641,TTU,10.0,34.0,1,2026-10-02T09:01:31-05:00,3.667,0.64971,2026-01-20T12:00Z,2026-10-02T09:03:34-05:00,-3.5,58.5,-4.5,56.5,100.0,-120.0,-110.0,-110.0,-165.0,140.0,-185.0,155.0,ESPN BET,espn_core_odds,-24.0,2025-09-20,401756901
2025,2,4,401754542,2025-09-20T21:05Z,0,59,59,GT,218,218,TEM,45.0,24.0,1,2026-10-02T09:01:31-05:00,18.959,0.92085,2026-01-20T12:00Z,2026-10-02T09:03:34-05:00,-24.5,52.5,-23.5,53.5,-115.0,-105.0,-110.0,-110.0,-2500.0,1100.0,-3000.0,1200.0,ESPN BET,espn_core_odds,21.0,2025-09-20,401754542
2025,2,4,401752716,2025-09-20T23:30Z,0,238,238,VAN,2247,2247,GAST,70.0,21.0,1,2026-10-02T09:01:31-05:00,30.644,0.97587,2026-01-20T12:00Z,2026-10-02T09:03:34-05:00,-26.5,52.5,-26.5,53.5,-115.0,-105.0,-110.0,-110.0,-5000.0,1500.0,-4000.0,1300.0,ESPN BET,espn_core_odds,49.0,2025-09-20,401752716
2025,2,4,401752846,2025-09-20T19:30Z,0,158,158,NEB,130,130,MICH,27.0,30.0,1,2026-10-02T09:01:31-05:00,0.11,0.50293,2026-01-20T12:00Z,2026-10-02T09:03:34-05:00,1.5,48.5,2.5,44.5,-120.0,100.0,-110.0,-110.0,100.0,-120.0,120.0,-140.0,ESPN BET,espn_core_odds,-3.0,2025-09-20,401752846
2025,2,4,401752713,2025-09-20T23:00Z,0,142,142,MIZ,2579,2579,SC,29.0,20.0,1,2026-10-02T09:01:31-05:00,9.62,0.8030000000000002,2026-01-20T12:00Z,2026-10-02T09:03:34-05:00,-10.5,48.5,-11.5,45.5,100.0,-120.0,-115.0,-105.0,-380.0,290.0,-550.0,380.0,ESPN BET,espn_core_odds,9.0,2025-09-20,401752713
2025,2,4,401752848,2025-09-20T19:30Z,0,87,87,ND,2509,2509,PUR,56.0,30.0,1,2026-10-02T09:01:31-05:00,20.305,0.92966,2026-01-20T12:00Z,2026-10-02T09:03:34-05:00,-24.5,51.5,-26.5,52.5,-110.0,-110.0,-115.0,-105.0,-3000.0,1200.0,-5000.0,1500.0,ESPN BET,espn_core_odds,26.0,2025-09-20,401752848
2025,2,4,401752847,2025-09-21T03:00Z,0,30,30,USC,127,127,MSU,45.0,31.0,1,2026-10-02T09:01:31-05:00,24.09,0.95226,2026-01-20T12:00Z,2026-10-02T09:03:34-05:00,-18.5,55.5,-15.5,56.5,-110.0,-110.0,-110.0,-110.0,-1600.0,800.0,-900.0,550.0,ESPN BET,espn_core_odds,14.0,2025-09-20,401752847
2025,2,4,401752708,2025-09-20T16:00Z,0,235,235,MEM,8,8,ARK,32.0,31.0,1,2026-10-02T09:01:31-05:00,-2.375,0.4029499999999999,2026-01-20T12:00Z,2026-10-02T09:03:34-05:00,7.5,59.5,6.5,61.5,-115.0,-105.0,-110.0,-110.0,230.0,-280.0,225.0,-275.0,ESPN BET,espn_core_odds,1.0,2025-09-20,401752708
2025,2,4,401752845,2025-09-20T16:00Z,0,275,275,WIS,120,120,MD,10.0,27.0,1,2026-10-02T09:01:31-05:00,5.022,0.69013,2026-01-20T12:00Z,2026-10-02T09:03:34-05:00,-10.5,44.5,-6.5,43.5,105.0,-125.0,-125.0,105.0,-400.0,300.0,-320.0,260.0,ESPN BET,espn_core_odds,-17.0,2025-09-20,401752845
2025,2,4,401754537,2025-09-20T16:00Z,0,228,228,CLEM,183,183,SYR,21.0,34.0,1,2026-10-02T09:01:31-05:00,9.679,0.8048100000000001,2026-01-20T12:00Z,2026-10-02T09:03:34-05:00,-17.5,53.5,-16.5,55.5,-105.0,-115.0,-120.0,100.0,-900.0,550.0,-1000.0,600.0,ESPN BET,espn_core_odds,-13.0,2025-09-20,401754537
2025,2,4,401754617,2025-09-20T16:00Z,0,259,259,VT,2747,2747,WOF,38.0,6.0,1,2026-10-02T09:01:31-05:00,28.531,0.96994,2026-01-20T12:00Z,2026-10-02T09:03:34-05:00,,,,,,,,,,,,,,,32.0,2025-09-20,401754617
2025,2,4,401754636,2025-09-20T16:00Z,0,2628,2628,TCU,2567,2567,SMU,35.0,24.0,1,2026-10-02T09:01:31-05:00,4.478,0.6727599999999999,2026-01-20T12:00Z,2026-10-02T09:03:34-05:00,-6.5,63.5,-6.5,63.5,-105.0,-115.0,-110.0,-110.0,-215.0,180.0,-250.0,210.0,ESPN BET,espn_core_odds,11.0,2025-09-20,401754636
2025,2,4,401754642,2025-09-20T16:00Z,0,97,97,LOU,189,189,BGSU,40.0,17.0,1,2026-10-02T09:01:31-05:00,14.348,0.87658,2026-01-20T12:00Z,2026-10-02T09:03:34-05:00,-25.5,50.5,-27.5,52.5,-110.0,-110.0,-110.0,-110.0,-5000.0,1500.0,-5000.0,1500.0,ESPN BET,espn_core_odds,23.0,2025-09-20,401754642
2025,2,4,401760376,2025-09-20T16:00Z,0,193,193,M-OH,2439,2439,UNLV,38.0,41.0,1,2026-10-02T09:01:31-05:00,-3.695,0.3591,2026-01-20T12:00Z,2026-10-02T09:03:34-05:00,1.5,49.5,3.5,48.5,100.0,-120.0,-115.0,-105.0,110.0,-130.0,115.0,-135.0,ESPN BET,espn_core_odds,-3.0,2025-09-20,401760376
2025,2,4,401762469,2025-09-20T16:00Z,0,349,349,ARMY,249,249,UNT,38.0,45.0,1,2026-10-02T09:01:31-05:00,-0.271,0.4911,2026-01-20T12:00Z,2026-10-02T09:03:34-05:00,2.5,50.5,-1.5,53.5,-110.0,-110.0,-115.0,-105.0,115.0,-135.0,-120.0,100.0,ESPN BET,espn_core_odds,-7.0,2025-09-20,401762469
2025,2,4,401762470,2025-09-20T16:00Z,0,58,58,USF,2569,2569,SCST,63.0,14.0,1,2026-10-02T09:01:31-05:00,31.62,0.97802,2026-01-20T12:00Z,2026-10-02T09:03:35-05:00,-35.5,58.5,-28.5,56.5,-105.0,-115.0,-110.0,-110.0,-100000.0,4000.0,-6000.0,1800.0,ESPN BET,espn_core_odds,49.0,2025-09-20,401762470
2025,2,4,401762822,2025-09-20T17:00Z,0,2117,2117,CMU,2681,2681,WAG,49.0,10.0,1,2026-10-02T09:01:31-05:00,25.21,0.95729,2026-01-20T12:00Z,2026-10-02T09:03:35-05:00,-30.5,46.5,-28.5,45.5,-105.0,-115.0,-105.0,-115.0,-20000.0,3000.0,-10000.0,2500.0,ESPN BET,espn_core_odds,39.0,2025-09-20,401762822
2025,2,4,401754640,2025-09-20T19:30Z,0,2116,2116,UCF,153,153,UNC,34.0,9.0,1,2026-10-02T09:01:31-05:00,11.441,0.83643,2026-01-20T12:00Z,2026-10-02T09:03:35-05:00,-7.5,45.5,-6.5,50.5,100.0,-120.0,-115.0,-105.0,-280.0,230.0,-225.0,190.0,ESPN BET,espn_core_odds,25.0,2025-09-20,401754640
2025,2,4,401757169,2025-09-20T19:30Z,0,41,41,CONN,2050,2050,BALL,31.0,25.0,1,2026-10-02T09:01:31-05:00,15.716,0.8886699999999998,2026-01-20T12:00Z,2026-10-02T09:03:35-05:00,-20.5,53.5,-20.5,51.5,-125.0,105.0,-125.0,105.0,-1800.0,900.0,-1600.0,800.0,ESPN BET,espn_core_odds,6.0,2025-09-20,401757169
2025,2,4,401757262,2025-09-20T19:30Z,0,2335,2335,LIB,256,256,JMU,13.0,31.0,1,2026-10-02T09:01:31-05:00,-4.444,0.3256,2026-01-20T12:00Z,2026-10-02T09:03:35-05:00,7.5,46.5,11.5,49.5,-120.0,100.0,-110.0,-110.0,240.0,-290.0,290.0,-380.0,ESPN BET,espn_core_odds,-18.0,2025-09-20,401757262
2025,2,4,401761610,2025-09-20T19:30Z,0,2199,2199,EMU,309,309,UL,34.0,31.0,1,2026-10-02T09:01:31-05:00,-1.856,0.42189,2026-01-20T12:00Z,2026-10-02T09:03:35-05:00,1.5,51.5,2.5,51.5,-110.0,-110.0,110.0,-130.0,110.0,-130.0,125.0,-145.0,ESPN BET,espn_core_odds,3.0,2025-09-20,401761610
2025,2,4,401761613,2025-09-20T19:30Z,0,2084,2084,BUFF,2653,2653,TROY,17.0,21.0,1,2026-10-02T09:01:31-05:00,-0.34,0.48596,2026-01-20T12:00Z,2026-10-02T09:03:35-05:00,-6.5,43.5,-7.5,42.5,-105.0,-115.0,100.0,-120.0,-215.0,180.0,-230.0,195.0,ESPN BET,espn_core_odds,-4.0,2025-09-20,401761613
2025,2,4,401762820,2025-09-20T19:30Z,0,2711,2711,WMU,2649,2649,TOL,14.0,13.0,1,2026-10-02T09:01:31-05:00,-9.741,0.19242,2026-01-20T12:00Z,2026-10-02T09:03:35-05:00,11.5,48.5,13.5,52.5,-110.0,-110.0,-110.0,-110.0,380.0,-550.0,425.0,-650.0,ESPN BET,espn_core_odds,1.0,2025-09-20,401762820
2025,2,4,401762823,2025-09-20T19:30Z,0,195,195,OHIO,2241,2241,GWEB,52.0,35.0,1,2026-10-02T09:01:31-05:00,25.533,0.95834,2026-01-20T12:00Z,2026-10-02T09:03:35-05:00,-29.5,54.5,-25.5,51.5,-115.0,-105.0,-105.0,-115.0,-7500.0,2000.0,-4000.0,1300.0,ESPN BET,espn_core_odds,17.0,2025-09-20,401762823
2025,2,4,401754538,2025-09-20T20:00Z,0,150,150,DUKE,152,152,NCSU,45.0,33.0,1,2026-10-02T09:01:31-05:00,-0.123,0.49698,2026-01-20T12:00Z,2026-10-02T09:03:35-05:00,-3.5,57.5,-2.5,58.5,100.0,-120.0,-120.0,100.0,-150.0,130.0,-170.0,145.0,ESPN BET,espn_core_odds,12.0,2025-09-20,401754538
2025,2,4,401752712,2025-09-20T20:15Z,0,344,344,MSST,2459,2459,NIU,38.0,10.0,1,2026-10-02T09:01:31-05:00,14.57,0.87857,2026-01-20T12:00Z,2026-10-02T09:03:35-05:00,-24.5,48.5,-22.5,49.5,100.0,-120.0,-110.0,-110.0,-4000.0,1300.0,-2000.0,1000.0,ESPN BET,espn_core_odds,28.0,2025-09-20,401752712
2025,2,4,401760375,2025-09-20T21:00Z,0,23,23,SJSU,70,70,IDHO,31.0,28.0,1,2026-10-02T09:01:31-05:00,7.852,0.7670600000000001,2026-01-20T12:00Z,2026-10-02T09:03:35-05:00,-13.5,51.5,-14.5,50.5,-110.0,-110.0,-105.0,-115.0,-650.0,425.0,-700.0,450.0,ESPN BET,espn_core_odds,3.0,2025-09-20,401760375
2025,2,4,401756899,2025-09-20T22:00Z,0,2305,2305,KU,277,277,WVU,41.0,10.0,1,2026-10-02T09:01:31-05:00,9.741,0.80739,2026-01-20T12:00Z,2026-10-02T09:03:35-05:00,-13.5,54.5,-12.5,54.5,100.0,-120.0,-115.0,-105.0,-550.0,380.0,-450.0,340.0,ESPN BET,espn_core_odds,31.0,2025-09-20,401756899
2025,2,4,401757259,2025-09-20T22:00Z,0,2229,2229,FIU,48,48,DEL,16.0,38.0,1,2026-10-02T09:01:31-05:00,6.264,0.7273499999999999,2026-01-20T12:00Z,2026-10-02T09:03:35-05:00,-5.5,54.5,-4.5,59.5,-110.0,-110.0,-105.0,-115.0,-195.0,165.0,-225.0,190.0,ESPN BET,espn_core_odds,-22.0,2025-09-20,401757259
2025,2,4,401757261,2025-09-20T22:00Z,0,338,338,KENN,2032,2032,ARST,28.0,21.0,1,2026-10-02T09:01:31-05:00,-3.779,0.35337,2026-01-20T12:00Z,2026-10-02T09:03:35-05:00,4.5,58.5,7.5,54.5,-115.0,-105.0,-125.0,105.0,160.0,-190.0,180.0,-215.0,ESPN BET,espn_core_odds,7.0,2025-09-20,401757261
2025,2,4,401762821,2025-09-20T22:00Z,0,2006,2006,AKR,2184,2184,DUQ,51.0,7.0,1,2026-10-02T09:01:31-05:00,11.686,0.84012,2026-01-20T12:00Z,2026-10-02T09:03:35-05:00,-10.5,51.5,-7.0,51.5,-105.0,-115.0,-110.0,-110.0,-400.0,300.0,-280.0,230.0,ESPN BET,espn_core_odds,44.0,2025-09-20,401762821
2025,2,4,401757260,2025-09-20T23:00Z,0,55,55,JVST,93,93,MUR,45.0,10.0,1,2026-10-02T09:01:31-05:00,34.973,0.98473,2026-01-20T12:00Z,2026-10-02T09:03:35-05:00,-35.5,60.5,-35.5,60.5,-110.0,-110.0,-110.0,-110.0,-100000.0,4000.0,-50000.0,3500.0,ESPN BET,espn_core_odds,35.0,2025-09-20,401757260
2025,2,4,401757264,2025-09-20T23:00Z,0,2393,2393,MTSU,276,276,MRSH,28.0,42.0,1,2026-10-02T09:01:31-05:00,-5.241,0.30116,2026-01-20T12:00Z,2026-10-02T09:03:35-05:00,2.5,45.5,3.5,47.5,-110.0,-110.0,-130.0,110.0,115.0,-135.0,115.0,-135.0,ESPN BET,espn_core_odds,-14.0,2025-09-20,401757264
2025,2,4,401757265,2025-09-20T23:00Z,0,2623,2623,MOST,2630,2630,UTM,42.0,10.0,1,2026-10-02T09:01:31-05:00,9.76,0.80569,2026-01-20T12:00Z,2026-10-02T09:03:35-05:00,-14.5,54.5,-14.0,52.5,-105.0,-115.0,-110.0,-110.0,,,,,ESPN BET,espn_core_odds,32.0,2025-09-20,401757265
2025,2,4,401757268,2025-09-20T23:00Z,0,98,98,WKU,2440,2440,NEV,31.0,16.0,1,2026-10-02T09:01:31-05:00,8.917,0.79088,2026-01-20T12:00Z,2026-10-02T09:03:35-05:00,-7.5,54.5,-10.5,55.5,-115.0,-105.0,-120.0,100.0,-290.0,240.0,-425.0,320.0,ESPN BET,espn_core_odds,15.0,2025-09-20,401757268
2025,2,4,401760372,2025-09-20T23:00Z,0,2005,2005,AFA,68,68,BOIS,37.0,49.0,1,2026-10-02T09:01:31-05:00,-10.82,0.1706299999999999,2026-01-20T12:00Z,2026-10-02T09:03:35-05:00,11.5,51.5,8.5,52.5,-115.0,-105.0,-105.0,-115.0,320.0,-425.0,300.0,-400.0,ESPN BET,espn_core_odds,-12.0,2025-09-20,401760372
2025,2,4,401761609,2025-09-20T23:00Z,0,290,290,GASO,311,311,ME,45.0,17.0,1,2026-10-02T09:01:31-05:00,21.829,0.9392,2026-01-20T12:00Z,2026-10-02T09:03:35-05:00,-20.5,57.5,-24.0,55.5,-110.0,-110.0,-110.0,-110.0,-1400.0,750.0,-5000.0,1500.0,ESPN BET,espn_core_odds,28.0,2025-09-20,401761609
2025,2,4,401761611,2025-09-20T23:00Z,0,6,6,USA,324,324,CCU,20.0,38.0,1,2026-10-02T09:01:31-05:00,14.999,0.88126,2026-01-20T12:00Z,2026-10-02T09:03:35-05:00,-14.5,52.5,-14.5,51.5,-110.0,-110.0,-110.0,-110.0,-700.0,450.0,-750.0,475.0,ESPN BET,espn_core_odds,-18.0,2025-09-20,401761611
2025,2,4,401752842,2025-09-20T23:30Z,0,265,265,WSU,264,264,WASH,24.0,59.0,1,2026-10-02T09:01:31-05:00,-21.037,0.0659,2026-01-20T12:00Z,2026-10-02T09:03:35-05:00,20.5,52.5,20.5,53.5,-110.0,-110.0,-110.0,-110.0,900.0,-1800.0,800.0,-1600.0,ESPN BET,espn_core_odds,-35.0,2025-09-20,401752842
2025,2,4,401754539,2025-09-20T23:30Z,0,258,258,UVA,24,24,STAN,48.0,20.0,1,2026-10-02T09:01:31-05:00,8.566,0.78008,2026-01-20T12:00Z,2026-10-02T09:03:35-05:00,-16.5,49.5,-16.5,49.5,-110.0,-110.0,-110.0,-110.0,-800.0,500.0,-900.0,550.0,ESPN BET,espn_core_odds,28.0,2025-09-20,401754539
2025,2,4,401756896,2025-09-20T23:30Z,0,239,239,BAY,9,9,ASU,24.0,27.0,1,2026-10-02T09:01:31-05:00,0.757,0.53676,2026-01-20T12:00Z,2026-10-02T09:03:36-05:00,-1.5,61.5,-2.5,58.5,-115.0,-105.0,-110.0,-110.0,-125.0,105.0,-130.0,110.0,ESPN BET,espn_core_odds,-3.0,2025-09-20,401756896
2025,2,4,401756898,2025-09-20T23:30Z,0,151,151,ECU,252,252,BYU,13.0,34.0,1,2026-10-02T09:01:31-05:00,-5.83,0.28352,2026-01-20T12:00Z,2026-10-02T09:03:36-05:00,5.5,49.5,7.5,48.5,-105.0,-115.0,-120.0,100.0,175.0,-210.0,240.0,-290.0,ESPN BET,espn_core_odds,-21.0,2025-09-20,401756898
2025,2,4,401757263,2025-09-20T23:30Z,0,2348,2348,LT,2572,2572,USM,30.0,20.0,1,2026-10-02T09:01:31-05:00,3.857,0.65065,2026-01-20T12:00Z,2026-10-02T09:03:36-05:00,-3.5,50.5,-1.5,51.5,100.0,-120.0,-115.0,-105.0,-150.0,130.0,-140.0,120.0,ESPN BET,espn_core_odds,10.0,2025-09-20,401757263
2025,2,4,401760377,2025-09-21T00:00Z,0,328,328,USU,2377,2377,MCN,48.0,7.0,1,2026-10-02T09:01:31-05:00,23.936,0.95173,2026-01-20T12:00Z,2026-10-02T09:03:36-05:00,-23.5,62.5,-23.5,61.5,-110.0,120.0,-115.0,-105.0,-1800.0,900.0,-2500.0,1100.0,ESPN BET,espn_core_odds,41.0,2025-09-20,401760377
2025,2,4,401761612,2025-09-21T00:00Z,0,326,326,TXST,2447,2447,NICH,35.0,3.0,1,2026-10-02T09:01:31-05:00,29.202,0.97174,2026-01-20T12:00Z,2026-10-02T09:03:36-05:00,-32.5,56.5,-29.0,54.5,-105.0,-115.0,-110.0,-110.0,-20000.0,3000.0,-7500.0,2000.0,ESPN BET,espn_core_odds,32.0,2025-09-20,401761612
2025,2,4,401757267,2025-09-21T01:00Z,0,2638,2638,UTEP,2433,2433,ULM,25.0,31.0,1,2026-10-02T09:01:31-05:00,7.945,0.7685600000000001,2026-01-20T12:00Z,2026-10-02T09:03:36-05:00,-5.5,46.5,-4.5,46.5,-115.0,-105.0,-110.0,-110.0,-215.0,180.0,-190.0,160.0,ESPN BET,espn_core_odds,-6.0,2025-09-20,401757267
2025,2,4,401760373,2025-09-21T01:30Z,0,36,36,CSU,2636,2636,UTSA,16.0,17.0,1,2026-10-02T09:01:31-05:00,-0.805,0.47009,2026-01-20T12:00Z,2026-10-02T09:03:36-05:00,5.5,58.5,3.5,58.5,-110.0,-110.0,-105.0,-115.0,180.0,-215.0,170.0,-200.0,ESPN BET,espn_core_odds,-1.0,2025-09-20,401760373
2025,2,4,401756897,2025-09-21T02:25Z,0,38,38,COLO,2751,2751,WYO,37.0,20.0,1,2026-10-02T09:01:31-05:00,12.919,0.8571899999999999,2026-01-20T12:00Z,2026-10-02T09:03:36-05:00,-12.5,45.5,-13.5,44.5,-105.0,-115.0,-110.0,-110.0,-500.0,360.0,-550.0,380.0,ESPN BET,espn_core_odds,17.0,2025-09-20,401756897
2025,2,4,401754540,2025-09-21T02:30Z,0,21,21,SDSU,25,25,CAL,34.0,0.0,1,2026-10-02T09:01:31-05:00,-10.957,0.17308,2026-01-20T12:00Z,2026-10-02T09:03:36-05:00,13.5,45.5,13.5,49.5,-105.0,-115.0,-115.0,-105.0,400.0,-600.0,380.0,-550.0,ESPN BET,espn_core_odds,34.0,2025-09-20,401754540
2025,2,4,401760374,2025-09-21T03:59Z,0,62,62,HAW,278,278,FRES,21.0,23.0,1,2026-10-02T09:01:31-05:00,-2.844,0.38324,2026-01-20T12:00Z,2026-10-02T09:03:36-05:00,2.5,47.5,3.5,47.5,-105.0,-115.0,-110.0,-110.0,115.0,-135.0,130.0,-150.0,ESPN BET,espn_core_odds,-2.0,2025-09-20,401760374
2025,2,5,401762471,2025-09-25T23:30Z,0,151,151,ECU,349,349,ARMY,28.0,6.0,1,2026-10-02T09:01:31-05:00,7.103,0.7495100000000001,2026-01-20T12:00Z,2026-10-02T09:03:36-05:00,-3.5,52.5,-3.5,53.5,-110.0,-110.0,100.0,-120.0,-165.0,140.0,-165.0,140.0,ESPN BET,espn_core_odds,22.0,2025-09-25,401762471
2025,2,5,401754543,2025-09-26T23:00Z,0,258,258,UVA,52,52,FSU,46.0,38.0,1,2026-10-02T09:01:31-05:00,-2.411,0.39739,2026-01-20T12:00Z,2026-10-02T09:03:36-05:00,6.5,60.5,7.5,51.5,105.0,-125.0,-110.0,-110.0,225.0,-275.0,215.0,-260.0,ESPN BET,espn_core_odds,8.0,2025-09-26,401754543
2025,2,5,401756902,2025-09-27T01:00Z,0,9,9,ASU,2628,2628,TCU,27.0,24.0,1,2026-10-02T09:01:31-05:00,-0.12,0.49386,2026-01-20T12:00Z,2026-10-02T09:03:36-05:00,-2.5,54.5,-1.5,56.5,-120.0,100.0,-110.0,-110.0,-145.0,125.0,-135.0,115.0,ESPN BET,espn_core_odds,3.0,2025-09-26,401756902
2025,2,5,401752939,2025-09-27T02:35Z,0,204,204,ORST,248,248,HOU,24.0,27.0,1,2026-10-02T09:01:31-05:00,-9.899,0.18668,2026-01-20T12:00Z,2026-10-02T09:03:36-05:00,11.5,48.5,10.5,48.5,-110.0,-110.0,-105.0,-115.0,360.0,-500.0,360.0,-500.0,ESPN BET,espn_core_odds,-3.0,2025-09-26,401752939
2025,2,5,401752852,2025-09-27T19:30Z,0,264,264,WASH,194,194,OSU,6.0,24.0,1,2026-10-02T09:01:31-05:00,-4.952,0.31206,2026-01-20T12:00Z,2026-10-02T09:03:36-05:00,9.5,52.5,13.5,48.5,-105.0,-115.0,-110.0,-110.0,290.0,-380.0,270.0,-340.0,ESPN BET,espn_core_odds,-18.0,2025-09-27,401752852
2025,2,5,401752854,2025-09-27T23:30Z,0,213,213,PSU,2483,2483,ORE,24.0,30.0,1,2026-10-02T09:01:31-05:00,-0.015,0.50635,2026-01-20T12:00Z,2026-10-02T09:03:36-05:00,-4.5,52.5,-3.5,53.5,-105.0,-115.0,-110.0,-110.0,-190.0,160.0,-155.0,135.0,ESPN BET,espn_core_odds,-6.0,2025-09-27,401752854
2025,2,5,401752719,2025-09-27T19:30Z,0,145,145,MISS,99,99,LSU,24.0,19.0,1,2026-10-02T09:01:31-05:00,6.336,0.7333700000000001,2026-01-20T12:00Z,2026-10-02T09:03:36-05:00,-3.5,58.5,1.5,56.5,105.0,-125.0,-115.0,-105.0,-145.0,125.0,-130.0,110.0,ESPN BET,espn_core_odds,5.0,2025-09-27,401752719
2025,2,5,401752718,2025-09-27T23:30Z,0,61,61,UGA,333,333,ALA,21.0,24.0,1,2026-10-02T09:01:31-05:00,1.239,0.55401,2026-01-20T12:00Z,2026-10-02T09:03:36-05:00,-2.5,52.5,-3.5,53.5,100.0,-120.0,-110.0,-110.0,-130.0,110.0,-145.0,125.0,ESPN BET,espn_core_odds,-3.0,2025-09-27,401752718
2025,2,5,401752724,2025-09-27T19:30Z,0,245,245,TA&M,2,2,AUB,16.0,10.0,1,2026-10-02T09:01:31-05:00,4.902,0.68407,2026-01-20T12:00Z,2026-10-02T09:03:36-05:00,-6.5,51.5,-6.5,46.5,-105.0,-115.0,-110.0,-110.0,-225.0,190.0,-215.0,180.0,ESPN BET,espn_core_odds,6.0,2025-09-27,401752724
2025,2,5,401752853,2025-09-27T19:30Z,0,2294,2294,IOWA,84,84,IU,15.0,20.0,1,2026-10-02T09:01:31-05:00,-8.54,0.21599,2026-01-20T12:00Z,2026-10-02T09:03:36-05:00,8.5,47.5,3.5,48.5,-110.0,-110.0,-115.0,-105.0,260.0,-320.0,225.0,-275.0,ESPN BET,espn_core_odds,-5.0,2025-09-27,401752853
2025,2,5,401756904,2025-09-27T23:00Z,0,66,66,ISU,12,12,ARIZ,39.0,14.0,1,2026-10-02T09:01:31-05:00,2.889,0.61291,2026-01-20T12:00Z,2026-10-02T09:03:36-05:00,-4.5,48.5,-7.5,49.5,100.0,-120.0,-105.0,-115.0,-185.0,155.0,-240.0,200.0,ESPN BET,espn_core_odds,25.0,2025-09-27,401756904
2025,2,5,401752720,2025-09-27T20:15Z,0,344,344,MSST,2633,2633,TENN,34.0,41.0,1,2026-10-02T09:01:31-05:00,-6.674,0.26507,2026-01-20T12:00Z,2026-10-02T09:03:36-05:00,7.5,63.5,9.5,61.5,-115.0,-105.0,100.0,-120.0,240.0,-290.0,260.0,-320.0,ESPN BET,espn_core_odds,-7.0,2025-09-27,401752720
2025,2,5,401754546,2025-09-27T16:00Z,0,154,154,WAKE,59,59,GT,29.0,30.0,1,2026-10-02T09:01:31-05:00,-11.494,0.16254,2026-01-20T12:00Z,2026-10-02T09:03:36-05:00,11.5,53.5,14.5,53.5,-110.0,-110.0,-105.0,-115.0,360.0,-500.0,450.0,-700.0,ESPN BET,espn_core_odds,-1.0,2025-09-27,401754546
2025,2,5,401752725,2025-09-27T16:45Z,0,238,238,VAN,328,328,USU,55.0,35.0,1,2026-10-02T09:01:31-05:00,22.874,0.94466,2026-01-20T12:00Z,2026-10-02T09:03:36-05:00,-24.5,58.5,-21.5,59.5,-110.0,-110.0,-115.0,-105.0,-4000.0,1300.0,-2000.0,1000.0,ESPN BET,espn_core_odds,20.0,2025-09-27,401752725
2025,2,5,401752721,2025-09-27T23:30Z,0,142,142,MIZ,113,113,MASS,42.0,6.0,1,2026-10-02T09:01:31-05:00,44.65,0.99478,2026-01-20T12:00Z,2026-10-02T09:03:36-05:00,-44.5,56.5,-43.5,55.5,-115.0,-105.0,-110.0,-110.0,,,,,ESPN BET,espn_core_odds,36.0,2025-09-27,401752721
2025,2,5,401752850,2025-09-27T16:00Z,0,356,356,ILL,30,30,USC,34.0,32.0,1,2026-10-02T09:01:31-05:00,-6.538,0.27155,2026-01-20T12:00Z,2026-10-02T09:03:37-05:00,6.5,62.5,1.5,56.5,-105.0,-115.0,-105.0,-115.0,200.0,-240.0,190.0,-225.0,ESPN BET,espn_core_odds,2.0,2025-09-27,401752850
2025,2,5,401752717,2025-09-27T16:00Z,0,8,8,ARK,87,87,ND,13.0,56.0,1,2026-10-02T09:01:31-05:00,-1.522,0.43594,2026-01-20T12:00Z,2026-10-02T09:03:37-05:00,5.5,62.5,6.5,58.5,-115.0,-105.0,-110.0,-110.0,170.0,-200.0,190.0,-225.0,ESPN BET,espn_core_odds,-43.0,2025-09-27,401752717
2025,2,5,401756903,2025-09-28T02:15Z,0,38,38,COLO,252,252,BYU,21.0,24.0,1,2026-10-02T09:01:31-05:00,-8.452,0.21616,2026-01-20T12:00Z,2026-10-02T09:03:37-05:00,6.5,48.5,6.5,47.5,-110.0,-110.0,-105.0,-115.0,200.0,-240.0,195.0,-230.0,ESPN BET,espn_core_odds,-3.0,2025-09-27,401756903
2025,2,5,401752849,2025-09-27T16:00Z,0,135,135,MINN,164,164,RUTG,31.0,28.0,1,2026-10-02T09:01:31-05:00,1.151,0.54913,2026-01-20T12:00Z,2026-10-02T09:03:37-05:00,-3.5,51.5,-3.5,51.5,-115.0,-105.0,-110.0,-110.0,-175.0,150.0,-210.0,175.0,ESPN BET,espn_core_odds,3.0,2025-09-27,401752849
2025,2,5,401754545,2025-09-27T16:00Z,0,183,183,SYR,150,150,DUKE,3.0,38.0,1,2026-10-02T09:01:31-05:00,2.966,0.62044,2026-01-20T12:00Z,2026-10-02T09:03:37-05:00,3.5,59.5,5.5,58.5,-110.0,-110.0,-110.0,-110.0,150.0,-175.0,175.0,-210.0,ESPN BET,espn_core_odds,-35.0,2025-09-27,401754545
2025,2,5,401754547,2025-09-27T16:00Z,0,221,221,PITT,97,97,LOU,27.0,34.0,1,2026-10-02T09:01:31-05:00,-1.724,0.42792,2026-01-20T12:00Z,2026-10-02T09:03:37-05:00,3.5,52.5,3.5,55.5,-125.0,105.0,-110.0,-110.0,125.0,-145.0,145.0,-170.0,ESPN BET,espn_core_odds,-7.0,2025-09-27,401754547
2025,2,5,401756905,2025-09-27T16:00Z,0,2305,2305,KU,2132,2132,CIN,34.0,37.0,1,2026-10-02T09:01:31-05:00,5.142,0.69326,2026-01-20T12:00Z,2026-10-02T09:03:37-05:00,-4.5,57.5,-5.5,54.5,-115.0,-105.0,-115.0,-105.0,-200.0,170.0,-240.0,200.0,ESPN BET,espn_core_odds,-3.0,2025-09-27,401756905
2025,2,5,401756906,2025-09-27T16:00Z,0,2306,2306,KSU,2116,2116,UCF,34.0,20.0,1,2026-10-02T09:01:31-05:00,1.236,0.55835,2026-01-20T12:00Z,2026-10-02T09:03:37-05:00,-5.5,48.5,-6.5,50.5,-120.0,100.0,-110.0,-110.0,-215.0,180.0,-200.0,170.0,ESPN BET,espn_core_odds,14.0,2025-09-27,401756906
2025,2,5,401761617,2025-09-27T16:00Z,0,249,249,UNT,6,6,USA,36.0,22.0,1,2026-10-02T09:01:31-05:00,11.122,0.8286,2026-01-20T12:00Z,2026-10-02T09:03:37-05:00,-11.5,63.5,-12.5,63.5,-115.0,-105.0,-110.0,-110.0,-450.0,340.0,-550.0,380.0,ESPN BET,espn_core_odds,14.0,2025-09-27,401761617
2025,2,5,401762825,2025-09-27T16:00Z,0,195,195,OHIO,189,189,BGSU,35.0,20.0,1,2026-10-02T09:01:31-05:00,5.494,0.70494,2026-01-20T12:00Z,2026-10-02T09:03:37-05:00,-7.5,49.5,-10.5,50.5,-105.0,-115.0,100.0,-120.0,-300.0,250.0,-425.0,320.0,ESPN BET,espn_core_odds,15.0,2025-09-27,401762825
2025,2,5,401762826,2025-09-27T17:00Z,0,2117,2117,CMU,2199,2199,EMU,24.0,13.0,1,2026-10-02T09:01:31-05:00,-0.169,0.49239,2026-01-20T12:00Z,2026-10-02T09:03:37-05:00,-3.5,55.5,-5.5,54.5,-105.0,-115.0,-105.0,-115.0,-155.0,135.0,-210.0,175.0,ESPN BET,espn_core_odds,11.0,2025-09-27,401762826
2025,2,5,401761614,2025-09-27T17:30Z,0,256,256,JMU,290,290,GASO,35.0,10.0,1,2026-10-02T09:01:31-05:00,9.459,0.80245,2026-01-20T12:00Z,2026-10-02T09:03:37-05:00,-16.5,54.5,-16.5,53.5,-110.0,-110.0,-115.0,-105.0,-750.0,475.0,-900.0,550.0,ESPN BET,espn_core_odds,25.0,2025-09-27,401761614
2025,2,5,401761616,2025-09-27T19:00Z,0,2433,2433,ULM,2032,2032,ARST,28.0,16.0,1,2026-10-02T09:01:31-05:00,-1.61,0.43183,2026-01-20T12:00Z,2026-10-02T09:03:37-05:00,-1.5,55.5,-3.5,55.5,-115.0,-105.0,100.0,-120.0,-125.0,105.0,-170.0,145.0,ESPN BET,espn_core_odds,12.0,2025-09-27,401761616
2025,2,5,401752851,2025-09-27T19:30Z,0,77,77,NU,26,26,UCLA,17.0,14.0,1,2026-10-02T09:01:31-05:00,6.955,0.7449799999999999,2026-01-20T12:00Z,2026-10-02T09:03:37-05:00,-6.5,46.5,-6.5,45.5,-105.0,-115.0,-105.0,-115.0,-215.0,180.0,-225.0,190.0,ESPN BET,espn_core_odds,3.0,2025-09-27,401752851
2025,2,5,401754544,2025-09-27T19:30Z,0,103,103,BC,25,25,CAL,24.0,28.0,1,2026-10-02T09:01:31-05:00,8.474,0.78043,2026-01-20T12:00Z,2026-10-02T09:03:37-05:00,-6.5,54.5,-6.5,52.5,-105.0,-115.0,-115.0,-105.0,-215.0,180.0,-225.0,190.0,ESPN BET,espn_core_odds,-4.0,2025-09-27,401754544
2025,2,5,401756907,2025-09-27T19:30Z,0,197,197,OKST,239,239,BAY,27.0,45.0,1,2026-10-02T09:01:31-05:00,-11.988,0.15377,2026-01-20T12:00Z,2026-10-02T09:03:37-05:00,21.5,58.5,20.5,59.5,-110.0,-110.0,-105.0,-115.0,900.0,-1800.0,800.0,-1600.0,ESPN BET,espn_core_odds,-18.0,2025-09-27,401756907
2025,2,5,401756908,2025-09-27T19:30Z,0,277,277,WVU,254,254,UTAH,14.0,48.0,1,2026-10-02T09:01:31-05:00,-6.113,0.27768,2026-01-20T12:00Z,2026-10-02T09:03:37-05:00,12.5,46.5,9.5,49.5,-110.0,-110.0,-105.0,-115.0,360.0,-500.0,290.0,-380.0,ESPN BET,espn_core_odds,-34.0,2025-09-27,401756908
2025,2,5,401757170,2025-09-27T19:30Z,0,2084,2084,BUFF,41,41,CONN,17.0,20.0,1,2026-10-02T09:01:31-05:00,-3.288,0.3681599999999999,2026-01-20T12:00Z,2026-10-02T09:03:37-05:00,2.5,51.5,2.5,51.5,100.0,-120.0,-105.0,-115.0,125.0,-145.0,120.0,-140.0,ESPN BET,espn_core_odds,-3.0,2025-09-27,401757170
2025,2,5,401760380,2025-09-27T19:30Z,0,2459,2459,NIU,21,21,SDSU,3.0,6.0,1,2026-10-02T09:01:31-05:00,1.31,0.56646,2026-01-20T12:00Z,2026-10-02T09:03:37-05:00,1.5,42.5,2.5,43.5,-115.0,-105.0,105.0,-125.0,100.0,-120.0,135.0,-155.0,ESPN BET,espn_core_odds,-3.0,2025-09-27,401760380
2025,2,5,401762473,2025-09-27T19:30Z,0,2426,2426,NAVY,242,242,RICE,21.0,13.0,1,2026-10-02T09:01:31-05:00,16.005,0.89298,2026-01-20T12:00Z,2026-10-02T09:03:37-05:00,-14.5,45.5,-14.5,45.5,-105.0,-115.0,-110.0,-110.0,-800.0,500.0,-700.0,450.0,ESPN BET,espn_core_odds,8.0,2025-09-27,401762473
2025,2,5,401762824,2025-09-27T19:30Z,0,2649,2649,TOL,2006,2006,AKR,45.0,3.0,1,2026-10-02T09:01:31-05:00,18.151,0.91498,2026-01-20T12:00Z,2026-10-02T09:03:37-05:00,-22.5,49.5,-21.5,48.5,-115.0,-105.0,-110.0,-110.0,-3000.0,1200.0,-1800.0,900.0,ESPN BET,espn_core_odds,42.0,2025-09-27,401762824
2025,2,5,401762827,2025-09-27T19:30Z,0,193,193,M-OH,2815,2815,LIN,38.0,0.0,1,2026-10-02T09:01:31-05:00,23.358,0.94819,2026-01-20T12:00Z,2026-10-02T09:03:37-05:00,-22.5,49.5,-20.5,50.5,-110.0,-110.0,-115.0,-105.0,-2500.0,1100.0,-1800.0,900.0,ESPN BET,espn_core_odds,38.0,2025-09-27,401762827
2025,2,5,401757274,2025-09-27T20:00Z,0,167,167,UNM,166,166,NMSU,38.0,20.0,1,2026-10-02T09:01:31-05:00,15.965,0.89289,2026-01-20T12:00Z,2026-10-02T09:03:37-05:00,-17.5,53.5,-13.5,54.5,-115.0,-105.0,-115.0,-105.0,-1000.0,600.0,-600.0,400.0,ESPN BET,espn_core_odds,18.0,2025-09-27,401757274
2025,2,5,401760378,2025-09-27T20:00Z,0,2005,2005,AFA,62,62,HAW,35.0,44.0,1,2026-10-02T09:01:31-05:00,3.802,0.64917,2026-01-20T12:00Z,2026-10-02T09:03:37-05:00,-6.5,52.5,-4.5,53.5,-120.0,100.0,-105.0,-115.0,-260.0,215.0,-200.0,170.0,ESPN BET,espn_core_odds,-9.0,2025-09-27,401760378
2025,2,5,401762474,2025-09-27T20:00Z,0,202,202,TLSA,2655,2655,TULN,14.0,31.0,1,2026-10-02T09:01:31-05:00,-12.225,0.15455,2026-01-20T12:00Z,2026-10-02T09:03:37-05:00,14.5,52.5,13.5,53.5,-110.0,-110.0,-110.0,-110.0,500.0,-800.0,425.0,-650.0,ESPN BET,espn_core_odds,-17.0,2025-09-27,401762474
2025,2,5,401757270,2025-09-27T22:00Z,0,338,338,KENN,2393,2393,MTSU,24.0,16.0,1,2026-10-02T09:01:31-05:00,6.059,0.7173099999999999,2026-01-20T12:00Z,2026-10-02T09:03:37-05:00,-7.5,54.5,-6.5,52.5,100.0,-120.0,-125.0,105.0,-270.0,220.0,-250.0,210.0,ESPN BET,espn_core_odds,8.0,2025-09-27,401757270
2025,2,5,401757271,2025-09-27T22:00Z,0,295,295,ODU,2335,2335,LIB,21.0,7.0,1,2026-10-02T09:01:31-05:00,17.381,0.90686,2026-01-20T12:00Z,2026-10-02T09:03:38-05:00,-14.5,53.5,-15.5,52.5,-110.0,-110.0,-105.0,-115.0,-800.0,500.0,-750.0,475.0,ESPN BET,espn_core_odds,14.0,2025-09-27,401757271
2025,2,5,401762828,2025-09-27T22:30Z,0,2711,2711,WMU,227,227,URI,47.0,14.0,1,2026-10-02T09:01:31-05:00,11.273,0.83046,2026-01-20T12:00Z,2026-10-02T09:03:38-05:00,-8.5,44.5,-7.5,46.5,-110.0,-110.0,-105.0,-115.0,-300.0,250.0,-320.0,260.0,ESPN BET,espn_core_odds,33.0,2025-09-27,401762828
2025,2,5,401754548,2025-09-27T23:00Z,0,152,152,NCSU,259,259,VT,21.0,23.0,1,2026-10-02T09:01:31-05:00,3.668,0.64943,2026-01-20T12:00Z,2026-10-02T09:03:38-05:00,-10.5,56.5,-10.5,58.5,-110.0,-110.0,-110.0,-110.0,-425.0,320.0,-425.0,320.0,ESPN BET,espn_core_odds,-2.0,2025-09-27,401754548
2025,2,5,401757269,2025-09-27T23:00Z,0,2572,2572,USM,55,55,JVST,42.0,25.0,1,2026-10-02T09:01:31-05:00,-0.127,0.49537,2026-01-20T12:00Z,2026-10-02T09:03:38-05:00,-5.5,55.5,-4.5,57.5,-115.0,-105.0,-105.0,-115.0,-210.0,175.0,-155.0,135.0,ESPN BET,espn_core_odds,17.0,2025-09-27,401757269
2025,2,5,401757273,2025-09-27T23:00Z,0,2623,2623,MOST,98,98,WKU,22.0,27.0,1,2026-10-02T09:01:31-05:00,-1.415,0.44426,2026-01-20T12:00Z,2026-10-02T09:03:38-05:00,3.5,59.5,5.5,60.5,-105.0,-115.0,-115.0,-105.0,150.0,-175.0,175.0,-210.0,ESPN BET,espn_core_odds,-5.0,2025-09-27,401757273
2025,2,5,401762472,2025-09-27T23:00Z,0,2226,2226,FAU,235,235,MEM,26.0,55.0,1,2026-10-02T09:01:31-05:00,-12.301,0.15411,2026-01-20T12:00Z,2026-10-02T09:03:38-05:00,13.5,62.5,13.5,61.5,-105.0,-115.0,100.0,-120.0,400.0,-600.0,400.0,-600.0,ESPN BET,espn_core_odds,-29.0,2025-09-27,401762472
2025,2,5,401752950,2025-09-27T23:30Z,0,36,36,CSU,265,265,WSU,3.0,20.0,1,2026-10-02T09:01:31-05:00,7.54,0.75766,2026-01-20T12:00Z,2026-10-02T09:03:38-05:00,-6.5,48.5,-4.5,50.5,-110.0,-110.0,-105.0,-115.0,-200.0,170.0,-195.0,165.0,ESPN BET,espn_core_odds,-17.0,2025-09-27,401752950
2025,2,5,401754549,2025-09-27T23:30Z,0,24,24,STAN,23,23,SJSU,30.0,29.0,1,2026-10-02T09:01:31-05:00,7.131,0.7490299999999999,2026-01-20T12:00Z,2026-10-02T09:03:38-05:00,-3.5,49.5,-2.5,49.5,-105.0,-115.0,-105.0,-115.0,-150.0,130.0,-130.0,110.0,ESPN BET,espn_core_odds,1.0,2025-09-27,401754549
2025,2,5,401760379,2025-09-27T23:30Z,0,68,68,BOIS,2026,2026,APP,47.0,14.0,1,2026-10-02T09:01:31-05:00,12.726,0.85624,2026-01-20T12:00Z,2026-10-02T09:03:38-05:00,-17.5,59.5,-16.5,61.5,100.0,-120.0,-120.0,100.0,-900.0,550.0,-1000.0,600.0,ESPN BET,espn_core_odds,33.0,2025-09-27,401760379
2025,2,5,401752722,2025-09-27T23:45Z,0,2579,2579,SC,96,96,UK,35.0,13.0,1,2026-10-02T09:01:31-05:00,1.978,0.57844,2026-01-20T12:00Z,2026-10-02T09:03:38-05:00,-6.5,46.5,-6.5,47.5,-110.0,-110.0,-110.0,-110.0,-225.0,190.0,-230.0,195.0,ESPN BET,espn_core_odds,22.0,2025-09-27,401752722
2025,2,5,401761615,2025-09-28T00:00Z,0,309,309,UL,276,276,MRSH,54.0,51.0,1,2026-10-02T09:01:31-05:00,-0.272,0.48314,2026-01-20T12:00Z,2026-10-02T09:03:38-05:00,1.5,48.5,-2.5,46.5,-110.0,-110.0,-110.0,-110.0,100.0,-120.0,-120.0,100.0,ESPN BET,espn_core_odds,3.0,2025-09-27,401761615
2025,2,5,401757272,2025-09-28T01:00Z,0,2638,2638,UTEP,2348,2348,LT,11.0,30.0,1,2026-10-02T09:01:31-05:00,-3.487,0.36463,2026-01-20T12:00Z,2026-10-02T09:03:38-05:00,3.5,47.5,3.5,48.5,-110.0,-110.0,-105.0,-115.0,135.0,-155.0,165.0,-195.0,ESPN BET,espn_core_odds,-19.0,2025-09-27,401757272
2025,2,6,401757275,2025-10-03T01:00Z,0,166,166,NMSU,2534,2534,SHSU,37.0,10.0,1,2026-10-02T09:01:31-05:00,-0.278,0.48699,2026-01-20T12:00Z,2026-10-02T09:03:38-05:00,1.5,53.5,1.5,51.5,-120.0,100.0,-110.0,-110.0,105.0,-125.0,125.0,-145.0,ESPN BET,espn_core_odds,27.0,2025-10-02,401757275
2025,2,6,401756909,2025-10-04T02:30Z,0,252,252,BYU,277,277,WVU,38.0,24.0,1,2026-10-02T09:01:31-05:00,23.656,0.94909,2026-01-20T12:00Z,2026-10-02T09:03:38-05:00,-19.5,46.5,-20.5,49.5,-115.0,-105.0,-110.0,-110.0,-1600.0,800.0,-1400.0,750.0,ESPN BET,espn_core_odds,14.0,2025-10-03,401756909
2025,2,6,401757276,2025-10-03T23:00Z,0,48,48,DEL,98,98,WKU,24.0,27.0,1,2026-10-02T09:01:31-05:00,1.975,0.58355,2026-01-20T12:00Z,2026-10-02T09:03:38-05:00,-2.5,63.5,-2.5,62.5,-125.0,105.0,-110.0,-110.0,-150.0,130.0,-135.0,115.0,ESPN BET,espn_core_odds,-3.0,2025-10-03,401757276
2025,2,6,401762475,2025-10-03T23:00Z,0,58,58,USF,2429,2429,CLT,54.0,26.0,1,2026-10-02T09:01:31-05:00,26.625,0.963,2026-01-20T12:00Z,2026-10-02T09:03:38-05:00,-28.5,54.5,-28.5,54.5,-110.0,-110.0,100.0,-120.0,-7500.0,2000.0,-5000.0,1500.0,ESPN BET,espn_core_odds,28.0,2025-10-03,401762475
2025,2,6,401760384,2025-10-04T02:00Z,0,23,23,SJSU,167,167,UNM,35.0,28.0,1,2026-10-02T09:01:31-05:00,-1.185,0.44348,2026-01-20T12:00Z,2026-10-02T09:03:38-05:00,-2.5,58.5,-2.5,57.5,-110.0,-110.0,-120.0,100.0,-130.0,110.0,-140.0,120.0,ESPN BET,espn_core_odds,7.0,2025-10-03,401760384
2025,2,6,401760382,2025-10-04T02:30Z,0,21,21,SDSU,36,36,CSU,45.0,24.0,1,2026-10-02T09:01:31-05:00,5.94,0.7162099999999999,2026-01-20T12:00Z,2026-10-02T09:03:38-05:00,-4.5,40.5,-5.5,38.5,-110.0,-110.0,-105.0,-115.0,-190.0,160.0,-210.0,175.0,ESPN BET,espn_core_odds,21.0,2025-10-03,401760382
2025,2,6,401752859,2025-10-04T23:30Z,0,194,194,OSU,135,135,MINN,42.0,3.0,1,2026-10-02T09:01:31-05:00,23.198,0.94649,2026-01-20T12:00Z,2026-10-02T09:03:38-05:00,-23.5,42.5,-24.5,44.5,-110.0,-110.0,100.0,-120.0,-5000.0,1500.0,-3000.0,1200.0,ESPN BET,espn_core_odds,39.0,2025-10-04,401752859
2025,2,6,401754553,2025-10-04T23:30Z,0,52,52,FSU,2390,2390,MIA,22.0,28.0,1,2026-10-02T09:01:31-05:00,-3.768,0.34546,2026-01-20T12:00Z,2026-10-02T09:03:38-05:00,2.5,54.5,6.5,54.5,114.0,-140.0,-105.0,-115.0,145.0,-170.0,160.0,-190.0,ESPN BET,espn_core_odds,-6.0,2025-10-04,401754553
2025,2,6,401752729,2025-10-04T20:00Z,0,201,201,OU,2309,2309,KENT,44.0,0.0,1,2026-10-02T09:01:31-05:00,46.356,0.99575,2026-01-20T12:00Z,2026-10-02T09:03:38-05:00,-46.5,53.5,-45.5,53.5,-110.0,-110.0,-110.0,-110.0,,,,,ESPN BET,espn_core_odds,44.0,2025-10-04,401752729
2025,2,6,401752730,2025-10-04T23:30Z,0,245,245,TA&M,344,344,MSST,31.0,9.0,1,2026-10-02T09:01:31-05:00,8.608,0.78641,2026-01-20T12:00Z,2026-10-02T09:03:38-05:00,-17.5,57.5,-13.5,58.5,-115.0,-105.0,-115.0,-105.0,-900.0,550.0,-700.0,450.0,ESPN BET,espn_core_odds,22.0,2025-10-04,401752730
2025,2,6,401752855,2025-10-04T19:30Z,0,26,26,UCLA,213,213,PSU,42.0,37.0,1,2026-10-02T09:01:31-05:00,-20.407,0.06939,2026-01-20T12:00Z,2026-10-02T09:03:38-05:00,24.5,47.5,25.5,49.5,-105.0,-115.0,-120.0,100.0,1500.0,-5000.0,1300.0,-4000.0,ESPN BET,espn_core_odds,5.0,2025-10-04,401752855
2025,2,6,401752727,2025-10-04T19:30Z,0,57,57,FLA,251,251,TEX,29.0,21.0,1,2026-10-02T09:01:31-05:00,-7.308,0.24661,2026-01-20T12:00Z,2026-10-02T09:03:38-05:00,4.5,42.5,6.5,41.5,-115.0,-105.0,100.0,-120.0,165.0,-195.0,210.0,-250.0,ESPN BET,espn_core_odds,8.0,2025-10-04,401752727
2025,2,6,401752726,2025-10-04T19:30Z,0,333,333,ALA,238,238,VAN,30.0,14.0,1,2026-10-02T09:01:31-05:00,6.798,0.74245,2026-01-20T12:00Z,2026-10-02T09:03:38-05:00,-13.5,58.5,-11.5,56.5,-110.0,-110.0,-110.0,-110.0,-550.0,380.0,-450.0,340.0,ESPN BET,espn_core_odds,16.0,2025-10-04,401752726
2025,2,6,401756913,2025-10-04T23:00Z,0,248,248,HOU,2641,2641,TTU,11.0,35.0,1,2026-10-02T09:01:31-05:00,-6.961,0.25402,2026-01-20T12:00Z,2026-10-02T09:03:39-05:00,11.5,51.5,12.5,50.5,-110.0,-110.0,-115.0,-105.0,340.0,-450.0,360.0,-500.0,ESPN BET,espn_core_odds,-24.0,2025-10-04,401756913
2025,2,6,401752728,2025-10-04T16:00Z,0,61,61,UGA,96,96,UK,35.0,14.0,1,2026-10-02T09:01:31-05:00,16.926,0.90307,2026-01-20T12:00Z,2026-10-02T09:03:39-05:00,-19.5,49.5,-20.5,50.5,-105.0,-115.0,-115.0,-105.0,-1600.0,800.0,-1800.0,900.0,ESPN BET,espn_core_odds,21.0,2025-10-04,401752728
2025,2,6,401756912,2025-10-04T16:00Z,0,2132,2132,CIN,66,66,ISU,38.0,30.0,1,2026-10-02T09:01:31-05:00,-0.355,0.48564,2026-01-20T12:00Z,2026-10-02T09:03:39-05:00,-1.5,55.5,-1.5,51.5,-105.0,-115.0,-110.0,-110.0,-120.0,100.0,-120.0,100.0,ESPN BET,espn_core_odds,8.0,2025-10-04,401756912
2025,2,6,401752856,2025-10-04T16:00Z,0,130,130,MICH,275,275,WIS,24.0,10.0,1,2026-10-02T09:01:31-05:00,15.489,0.88908,2026-01-20T12:00Z,2026-10-02T09:03:39-05:00,-17.5,42.5,-16.5,41.5,100.0,-120.0,-105.0,-115.0,-1000.0,600.0,-900.0,550.0,ESPN BET,espn_core_odds,14.0,2025-10-04,401752856
2025,2,6,401757165,2025-10-04T19:30Z,0,87,87,ND,68,68,BOIS,28.0,7.0,1,2026-10-02T09:01:31-05:00,18.723,0.91853,2026-01-20T12:00Z,2026-10-02T09:03:39-05:00,-21.5,63.5,-17.5,64.5,-105.0,-115.0,-120.0,100.0,-1600.0,800.0,-1200.0,700.0,ESPN BET,espn_core_odds,21.0,2025-10-04,401757165
2025,2,6,401752861,2025-10-04T16:00Z,0,2509,2509,PUR,356,356,ILL,27.0,43.0,1,2026-10-02T09:01:31-05:00,-7.205,0.2533,2026-01-20T12:00Z,2026-10-02T09:03:39-05:00,7.5,55.5,7.5,54.5,-120.0,100.0,-105.0,-115.0,225.0,-275.0,290.0,-380.0,ESPN BET,espn_core_odds,-16.0,2025-10-04,401752861
2025,2,6,401754554,2025-10-04T19:30Z,0,97,97,LOU,258,258,UVA,27.0,30.0,1,2026-10-02T09:01:31-05:00,1.502,0.56193,2026-01-20T12:00Z,2026-10-02T09:03:39-05:00,-6.5,61.5,-6.5,62.5,-120.0,100.0,-115.0,-105.0,-240.0,200.0,-275.0,225.0,ESPN BET,espn_core_odds,-3.0,2025-10-04,401754554
2025,2,6,401754550,2025-10-04T16:00Z,0,221,221,PITT,103,103,BC,48.0,7.0,1,2026-10-02T09:01:31-05:00,2.333,0.59495,2026-01-20T12:00Z,2026-10-02T09:03:39-05:00,-6.5,54.5,-4.5,54.5,-125.0,105.0,-105.0,-115.0,-250.0,210.0,-225.0,190.0,ESPN BET,espn_core_odds,41.0,2025-10-04,401754550
2025,2,6,401754552,2025-10-04T16:00Z,0,153,153,UNC,228,228,CLEM,10.0,38.0,1,2026-10-02T09:01:31-05:00,-8.256,0.22358,2026-01-20T12:00Z,2026-10-02T09:03:39-05:00,15.5,47.5,13.5,48.5,-105.0,-115.0,-115.0,-105.0,500.0,-800.0,425.0,-650.0,ESPN BET,espn_core_odds,-28.0,2025-10-04,401754552
2025,2,6,401756911,2025-10-04T16:00Z,0,239,239,BAY,2306,2306,KSU,35.0,34.0,1,2026-10-02T09:01:31-05:00,2.726,0.61025,2026-01-20T12:00Z,2026-10-02T09:03:39-05:00,-4.5,60.5,-5.5,61.5,-105.0,-115.0,-110.0,-110.0,-175.0,150.0,-230.0,195.0,ESPN BET,espn_core_odds,1.0,2025-10-04,401756911
2025,2,6,401760381,2025-10-04T16:00Z,0,2426,2426,NAVY,2005,2005,AFA,34.0,31.0,1,2026-10-02T09:01:31-05:00,13.336,0.86119,2026-01-20T12:00Z,2026-10-02T09:03:39-05:00,-13.5,51.5,-12.5,49.5,-115.0,-105.0,-110.0,-110.0,-550.0,380.0,-400.0,300.0,ESPN BET,espn_core_odds,3.0,2025-10-04,401760381
2025,2,6,401762476,2025-10-04T16:00Z,0,5,5,UAB,349,349,ARMY,13.0,31.0,1,2026-10-02T09:01:31-05:00,-2.743,0.38693,2026-01-20T12:00Z,2026-10-02T09:03:39-05:00,6.5,55.5,7.5,58.5,-110.0,-110.0,-115.0,-105.0,180.0,-215.0,230.0,-280.0,ESPN BET,espn_core_odds,-18.0,2025-10-04,401762476
2025,2,6,401762830,2025-10-04T16:00Z,0,2050,2050,BALL,195,195,OHIO,20.0,14.0,1,2026-10-02T09:01:31-05:00,-10.657,0.17508,2026-01-20T12:00Z,2026-10-02T09:03:39-05:00,14.5,52.5,16.5,51.5,-120.0,100.0,-110.0,-110.0,475.0,-750.0,475.0,-750.0,ESPN BET,espn_core_odds,6.0,2025-10-04,401762830
2025,2,6,401754556,2025-10-04T17:00Z,0,259,259,VT,154,154,WAKE,23.0,30.0,1,2026-10-02T09:01:31-05:00,7.821,0.76846,2026-01-20T12:00Z,2026-10-02T09:03:39-05:00,-4.5,51.5,-6.5,51.5,-110.0,-110.0,-105.0,-115.0,-190.0,160.0,-190.0,160.0,ESPN BET,espn_core_odds,-7.0,2025-10-04,401754556
2025,2,6,401762479,2025-10-04T17:00Z,0,218,218,TEM,2636,2636,UTSA,27.0,21.0,1,2026-10-02T09:01:31-05:00,-1.684,0.42689,2026-01-20T12:00Z,2026-10-02T09:03:39-05:00,6.5,57.5,6.5,58.5,-110.0,-110.0,-105.0,-115.0,195.0,-230.0,175.0,-210.0,ESPN BET,espn_core_odds,6.0,2025-10-04,401762479
2025,2,6,401754557,2025-10-04T18:00Z,0,152,152,NCSU,2097,2097,CAM,56.0,10.0,1,2026-10-02T09:01:31-05:00,37.907,0.98895,2026-01-20T12:00Z,2026-10-02T09:03:39-05:00,-41.5,60.5,-42.5,61.5,-120.0,100.0,-110.0,-110.0,,,,,ESPN BET,espn_core_odds,46.0,2025-10-04,401754557
2025,2,6,401762832,2025-10-04T18:30Z,0,113,113,MASS,2711,2711,WMU,3.0,21.0,1,2026-10-02T09:01:31-05:00,-8.52,0.21815,2026-01-20T12:00Z,2026-10-02T09:03:39-05:00,12.5,45.5,12.5,45.5,-115.0,-105.0,-115.0,-105.0,320.0,-425.0,360.0,-500.0,ESPN BET,espn_core_odds,-18.0,2025-10-04,401762832
2025,2,6,401756910,2025-10-04T19:00Z,0,12,12,ARIZ,197,197,OKST,41.0,13.0,1,2026-10-02T09:01:31-05:00,16.247,0.89715,2026-01-20T12:00Z,2026-10-02T09:03:39-05:00,-23.5,56.5,-18.5,56.5,-105.0,-115.0,-110.0,-110.0,-3000.0,1200.0,-1600.0,800.0,ESPN BET,espn_core_odds,28.0,2025-10-04,401756910
2025,2,6,401752857,2025-10-04T19:30Z,0,120,120,MD,264,264,WASH,20.0,24.0,1,2026-10-02T09:01:31-05:00,-0.049,0.49508,2026-01-20T12:00Z,2026-10-02T09:03:39-05:00,5.5,53.5,5.5,52.5,-110.0,-110.0,-110.0,-110.0,180.0,-215.0,175.0,-210.0,ESPN BET,espn_core_odds,-4.0,2025-10-04,401752857
2025,2,6,401752858,2025-10-04T19:30Z,0,77,77,NU,2433,2433,ULM,42.0,7.0,1,2026-10-02T09:01:31-05:00,10.651,0.82219,2026-01-20T12:00Z,2026-10-02T09:03:39-05:00,-13.5,43.5,-10.5,40.5,-110.0,-110.0,-110.0,-110.0,-600.0,400.0,-450.0,340.0,ESPN BET,espn_core_odds,35.0,2025-10-04,401752858
2025,2,6,401752940,2025-10-04T19:30Z,0,2026,2026,APP,204,204,ORST,27.0,23.0,1,2026-10-02T09:01:31-05:00,0.051,0.4999499999999999,2026-01-20T12:00Z,2026-10-02T09:03:39-05:00,-2.5,54.5,1.5,55.5,-105.0,-115.0,-110.0,-110.0,-125.0,105.0,115.0,-135.0,ESPN BET,espn_core_odds,4.0,2025-10-04,401752940
2025,2,6,401754555,2025-10-04T19:30Z,0,2567,2567,SMU,183,183,SYR,31.0,18.0,1,2026-10-02T09:01:31-05:00,11.585,0.83836,2026-01-20T12:00Z,2026-10-02T09:03:39-05:00,-17.5,56.5,-16.5,58.5,-115.0,-105.0,-110.0,-110.0,-1000.0,600.0,-800.0,500.0,ESPN BET,espn_core_odds,13.0,2025-10-04,401754555
2025,2,6,401757171,2025-10-04T19:30Z,0,41,41,CONN,2229,2229,FIU,51.0,10.0,1,2026-10-02T09:01:31-05:00,7.306,0.75311,2026-01-20T12:00Z,2026-10-02T09:03:39-05:00,-6.5,51.5,-7.5,54.5,-125.0,105.0,-110.0,-110.0,-270.0,220.0,-320.0,260.0,ESPN BET,espn_core_odds,41.0,2025-10-04,401757171
2025,2,6,401761618,2025-10-04T19:30Z,0,2247,2247,GAST,256,256,JMU,7.0,14.0,1,2026-10-02T09:01:31-05:00,-13.034,0.13975,2026-01-20T12:00Z,2026-10-02T09:03:39-05:00,18.5,52.5,19.5,54.5,-110.0,-110.0,-115.0,-105.0,800.0,-1600.0,800.0,-1600.0,ESPN BET,espn_core_odds,-7.0,2025-10-04,401761618
2025,2,6,401762829,2025-10-04T19:30Z,0,2006,2006,AKR,2117,2117,CMU,28.0,22.0,1,2026-10-02T09:01:31-05:00,-2.549,0.39896,2026-01-20T12:00Z,2026-10-02T09:03:40-05:00,6.5,47.5,7.5,44.5,-105.0,-115.0,-125.0,105.0,190.0,-225.0,250.0,-300.0,ESPN BET,espn_core_odds,6.0,2025-10-04,401762829
2025,2,6,401762831,2025-10-04T19:30Z,0,2084,2084,BUFF,2199,2199,EMU,31.0,30.0,1,2026-10-02T09:01:31-05:00,4.701,0.67619,2026-01-20T12:00Z,2026-10-02T09:03:40-05:00,-9.5,53.5,-9.5,49.5,-110.0,-110.0,-110.0,-110.0,-320.0,260.0,-400.0,300.0,ESPN BET,espn_core_odds,1.0,2025-10-04,401762831
2025,2,6,401762873,2025-10-04T19:30Z,0,2459,2459,NIU,193,193,M-OH,14.0,25.0,1,2026-10-02T09:01:31-05:00,-0.946,0.46125,2026-01-20T12:00Z,2026-10-02T09:03:40-05:00,4.5,39.5,3.5,38.5,-115.0,-105.0,-110.0,-110.0,160.0,-190.0,165.0,-195.0,ESPN BET,espn_core_odds,-11.0,2025-10-04,401762873
2025,2,6,401752860,2025-10-04T20:00Z,0,158,158,NEB,127,127,MSU,38.0,27.0,1,2026-10-02T09:01:31-05:00,13.03,0.85949,2026-01-20T12:00Z,2026-10-02T09:03:40-05:00,-12.5,49.5,-10.5,53.5,-120.0,100.0,-110.0,-110.0,-450.0,340.0,-450.0,340.0,ESPN BET,espn_core_odds,11.0,2025-10-04,401752860
2025,2,6,401761620,2025-10-04T20:00Z,0,2032,2032,ARST,326,326,TXST,31.0,30.0,1,2026-10-02T09:01:31-05:00,-9.196,0.20194,2026-01-20T12:00Z,2026-10-02T09:03:40-05:00,14.5,63.5,12.5,64.5,-125.0,105.0,-105.0,-115.0,425.0,-650.0,380.0,-550.0,ESPN BET,espn_core_odds,1.0,2025-10-04,401761620
2025,2,6,401761619,2025-10-04T22:00Z,0,295,295,ODU,324,324,CCU,47.0,7.0,1,2026-10-02T09:01:31-05:00,16.574,0.8999299999999999,2026-01-20T12:00Z,2026-10-02T09:03:40-05:00,-18.5,53.5,-17.5,55.5,-105.0,-115.0,-110.0,-110.0,-900.0,550.0,-1000.0,600.0,ESPN BET,espn_core_odds,40.0,2025-10-04,401761619
2025,2,6,401760385,2025-10-04T23:00Z,0,2751,2751,WYO,2439,2439,UNLV,17.0,31.0,1,2026-10-02T09:01:31-05:00,-6.151,0.27593,2026-01-20T12:00Z,2026-10-02T09:03:40-05:00,4.5,53.5,5.5,53.5,-115.0,-105.0,-105.0,-115.0,150.0,-175.0,170.0,-200.0,ESPN BET,espn_core_odds,-14.0,2025-10-04,401760385
2025,2,6,401761621,2025-10-04T23:00Z,0,2653,2653,TROY,6,6,USA,31.0,24.0,1,2026-10-02T09:01:31-05:00,3.412,0.63777,2026-01-20T12:00Z,2026-10-02T09:03:40-05:00,2.5,46.5,-2.5,47.5,-105.0,-115.0,-120.0,100.0,115.0,-135.0,-135.0,115.0,ESPN BET,espn_core_odds,7.0,2025-10-04,401761621
2025,2,6,401762477,2025-10-04T23:00Z,0,242,242,RICE,2226,2226,FAU,21.0,27.0,1,2026-10-02T09:01:31-05:00,2.47,0.5955,2026-01-20T12:00Z,2026-10-02T09:03:40-05:00,-4.5,55.5,-4.5,52.5,-110.0,-110.0,-115.0,-105.0,-190.0,160.0,-200.0,170.0,ESPN BET,espn_core_odds,-6.0,2025-10-04,401762477
2025,2,6,401756914,2025-10-04T23:30Z,0,2628,2628,TCU,38,38,COLO,35.0,21.0,1,2026-10-02T09:01:31-05:00,9.45,0.79582,2026-01-20T12:00Z,2026-10-02T09:03:40-05:00,-14.5,56.5,-14.5,59.5,100.0,-120.0,-110.0,-110.0,-700.0,450.0,-650.0,425.0,ESPN BET,espn_core_odds,14.0,2025-10-04,401756914
2025,2,6,401756915,2025-10-04T23:30Z,0,2116,2116,UCF,2305,2305,KU,20.0,27.0,1,2026-10-02T09:01:31-05:00,-1.504,0.43714,2026-01-20T12:00Z,2026-10-02T09:03:40-05:00,3.5,52.5,4.5,56.5,-110.0,-110.0,-115.0,-105.0,155.0,-185.0,160.0,-190.0,ESPN BET,espn_core_odds,-7.0,2025-10-04,401756915
2025,2,6,401762478,2025-10-05T00:00Z,0,235,235,MEM,202,202,TLSA,45.0,7.0,1,2026-10-02T09:01:31-05:00,25.377,0.95734,2026-01-20T12:00Z,2026-10-02T09:03:40-05:00,-21.5,52.5,-21.5,55.5,-110.0,-110.0,100.0,-120.0,-2000.0,1000.0,-1600.0,800.0,ESPN BET,espn_core_odds,38.0,2025-10-04,401762478
2025,2,6,401754551,2025-10-05T02:30Z,0,25,25,CAL,150,150,DUKE,21.0,45.0,1,2026-10-02T09:01:31-05:00,-2.57,0.39301,2026-01-20T12:00Z,2026-10-02T09:03:40-05:00,3.5,55.5,3.5,56.5,-125.0,105.0,-120.0,100.0,135.0,-155.0,115.0,-135.0,ESPN BET,espn_core_odds,-24.0,2025-10-04,401754551
2025,2,6,401760383,2025-10-05T02:30Z,0,278,278,FRES,2440,2440,NEV,20.0,17.0,1,2026-10-02T09:01:31-05:00,14.591,0.8778900000000001,2026-01-20T12:00Z,2026-10-02T09:03:40-05:00,-13.5,46.5,-13.5,44.5,-105.0,-115.0,-115.0,-105.0,-600.0,400.0,-700.0,450.0,ESPN BET,espn_core_odds,3.0,2025-10-04,401760383
2025,2,7,401757278,2025-10-08T23:30Z,0,2393,2393,MTSU,2623,2623,MOST,20.0,22.0,1,2026-10-02T09:01:31-05:00,-2.348,0.40312,2026-01-20T12:00Z,2026-10-02T09:03:40-05:00,2.5,52.5,2.5,50.5,-105.0,-115.0,105.0,-125.0,120.0,-140.0,115.0,-135.0,ESPN BET,espn_core_odds,-2.0,2025-10-08,401757278
2025,2,7,401757277,2025-10-09T00:00Z,0,2638,2638,UTEP,2335,2335,LIB,8.0,19.0,1,2026-10-02T09:01:31-05:00,1.648,0.57261,2026-01-20T12:00Z,2026-10-02T09:03:40-05:00,1.5,47.5,2.5,46.5,-110.0,-110.0,-110.0,-110.0,105.0,-125.0,110.0,-130.0,ESPN BET,espn_core_odds,-11.0,2025-10-08,401757277
2025,2,7,401757280,2025-10-09T23:00Z,0,338,338,KENN,2348,2348,LT,35.0,7.0,1,2026-10-02T09:01:31-05:00,-6.66,0.25968,2026-01-20T12:00Z,2026-10-02T09:03:40-05:00,5.5,45.5,5.5,45.5,-120.0,100.0,-110.0,-110.0,165.0,-195.0,200.0,-240.0,ESPN BET,espn_core_odds,28.0,2025-10-09,401757280
2025,2,7,401762480,2025-10-09T23:30Z,0,2655,2655,TULN,151,151,ECU,26.0,19.0,1,2026-10-02T09:01:31-05:00,1.646,0.57083,2026-01-20T12:00Z,2026-10-02T09:03:40-05:00,-6.5,53.5,-7.5,53.5,-120.0,100.0,-105.0,-115.0,-230.0,195.0,-230.0,195.0,ESPN BET,espn_core_odds,7.0,2025-10-09,401762480
2025,2,7,401757279,2025-10-10T00:00Z,0,2534,2534,SHSU,55,55,JVST,27.0,29.0,1,2026-10-02T09:01:31-05:00,-8.946,0.21043,2026-01-20T12:00Z,2026-10-02T09:03:40-05:00,7.5,52.5,9.5,55.5,-110.0,-110.0,-105.0,-115.0,230.0,-280.0,250.0,-300.0,ESPN BET,espn_core_odds,-2.0,2025-10-09,401757279
2025,2,7,401761622,2025-10-10T00:00Z,0,290,290,GASO,2572,2572,USM,35.0,38.0,1,2026-10-02T09:01:31-05:00,-1.376,0.44283,2026-01-20T12:00Z,2026-10-02T09:03:40-05:00,2.5,60.5,-1.5,59.5,100.0,-120.0,-105.0,-115.0,115.0,-135.0,125.0,-145.0,ESPN BET,espn_core_odds,-3.0,2025-10-09,401761622
2025,2,7,401762481,2025-10-10T23:30Z,0,249,249,UNT,58,58,USF,36.0,63.0,1,2026-10-02T09:01:31-05:00,0.815,0.53475,2026-01-20T12:00Z,2026-10-02T09:03:40-05:00,-2.5,68.5,-1.5,66.5,-110.0,-110.0,-110.0,-110.0,-135.0,115.0,-125.0,105.0,ESPN BET,espn_core_odds,-27.0,2025-10-10,401762481
2025,2,7,401752862,2025-10-11T01:00Z,0,264,264,WASH,164,164,RUTG,38.0,19.0,1,2026-10-02T09:01:31-05:00,7.435,0.75703,2026-01-20T12:00Z,2026-10-02T09:03:40-05:00,-9.5,62.5,-10.5,59.5,-115.0,-105.0,100.0,-120.0,-380.0,290.0,-380.0,290.0,ESPN BET,espn_core_odds,19.0,2025-10-10,401752862
2025,2,7,401760388,2025-10-11T01:00Z,0,36,36,CSU,278,278,FRES,49.0,21.0,1,2026-10-02T09:01:31-05:00,-3.762,0.34566,2026-01-20T12:00Z,2026-10-02T09:03:40-05:00,5.5,48.5,6.5,45.5,-110.0,-110.0,-110.0,-110.0,170.0,-200.0,215.0,-260.0,ESPN BET,espn_core_odds,28.0,2025-10-10,401760388
2025,2,7,401752865,2025-10-11T16:00Z,0,356,356,ILL,194,194,OSU,16.0,34.0,1,2026-10-02T09:01:31-05:00,-10.65,0.17626,2026-01-20T12:00Z,2026-10-02T09:03:40-05:00,15.5,51.5,16.5,48.5,-115.0,-105.0,-110.0,-110.0,500.0,-800.0,475.0,-750.0,ESPN BET,espn_core_odds,-18.0,2025-10-11,401752865
2025,2,7,401752870,2025-10-11T19:30Z,0,2483,2483,ORE,84,84,IU,20.0,30.0,1,2026-10-02T09:01:31-05:00,4.666,0.67746,2026-01-20T12:00Z,2026-10-02T09:03:41-05:00,-7.5,51.5,-7.5,54.5,-110.0,-110.0,100.0,-120.0,-280.0,230.0,-300.0,250.0,ESPN BET,espn_core_odds,-10.0,2025-10-11,401752870
2025,2,7,401752733,2025-10-11T16:45Z,0,145,145,MISS,265,265,WSU,24.0,21.0,1,2026-10-02T09:01:31-05:00,34.589,0.98373,2026-01-20T12:00Z,2026-10-02T09:03:41-05:00,-32.5,58.5,-32.5,59.5,-105.0,-115.0,-105.0,-115.0,,,,,ESPN BET,espn_core_odds,3.0,2025-10-11,401752733
2025,2,7,401752737,2025-10-11T23:00Z,0,245,245,TA&M,57,57,FLA,34.0,17.0,1,2026-10-02T09:01:31-05:00,6.395,0.7313199999999999,2026-01-20T12:00Z,2026-10-02T09:03:41-05:00,-6.5,48.5,-8.5,47.5,-115.0,-105.0,-115.0,-105.0,-240.0,200.0,-280.0,230.0,ESPN BET,espn_core_odds,17.0,2025-10-11,401752737
2025,2,7,401752736,2025-10-11T19:30Z,1,251,251,TEX,201,201,OU,23.0,6.0,1,2026-10-02T09:01:31-05:00,2.641,0.6076,2026-01-20T12:00Z,2026-10-02T09:03:41-05:00,-2.5,43.5,-2.5,42.5,-120.0,100.0,-115.0,-105.0,-145.0,125.0,-140.0,120.0,ESPN BET,espn_core_odds,17.0,2025-10-11,401752736
2025,2,7,401752734,2025-10-11T16:00Z,0,142,142,MIZ,333,333,ALA,24.0,27.0,1,2026-10-02T09:01:31-05:00,-3.33,0.36378,2026-01-20T12:00Z,2026-10-02T09:03:41-05:00,3.5,50.5,5.5,54.5,-130.0,110.0,-110.0,-110.0,140.0,-165.0,130.0,-150.0,ESPN BET,espn_core_odds,-3.0,2025-10-11,401752734
2025,2,7,401756921,2025-10-11T23:30Z,0,2641,2641,TTU,2305,2305,KU,42.0,17.0,1,2026-10-02T09:01:31-05:00,7.294,0.75194,2026-01-20T12:00Z,2026-10-02T09:03:41-05:00,-13.5,58.5,-14.5,60.5,-125.0,105.0,100.0,-120.0,-650.0,425.0,-700.0,450.0,ESPN BET,espn_core_odds,25.0,2025-10-11,401756921
2025,2,7,401752731,2025-10-11T23:30Z,0,2,2,AUB,61,61,UGA,10.0,20.0,1,2026-10-02T09:01:31-05:00,-3.662,0.3537,2026-01-20T12:00Z,2026-10-02T09:03:41-05:00,4.5,45.5,3.5,46.5,-115.0,-105.0,-115.0,-105.0,170.0,-200.0,150.0,-175.0,ESPN BET,espn_core_odds,-10.0,2025-10-11,401752731
2025,2,7,401752732,2025-10-11T23:45Z,0,99,99,LSU,2579,2579,SC,20.0,10.0,1,2026-10-02T09:01:31-05:00,5.888,0.71759,2026-01-20T12:00Z,2026-10-02T09:03:41-05:00,-8.5,44.5,-9.5,44.5,-110.0,-110.0,-115.0,-105.0,-340.0,270.0,-360.0,280.0,ESPN BET,espn_core_odds,10.0,2025-10-11,401752732
2025,2,7,401752735,2025-10-11T20:15Z,0,2633,2633,TENN,8,8,ARK,34.0,31.0,1,2026-10-02T09:01:31-05:00,10.713,0.82434,2026-01-20T12:00Z,2026-10-02T09:03:41-05:00,-10.5,68.5,-12.5,69.5,100.0,-120.0,-110.0,-110.0,-425.0,320.0,-550.0,380.0,ESPN BET,espn_core_odds,3.0,2025-10-11,401752735
2025,2,7,401754560,2025-10-11T19:30Z,0,59,59,GT,259,259,VT,35.0,20.0,1,2026-10-02T09:01:31-05:00,9.201,0.79765,2026-01-20T12:00Z,2026-10-02T09:03:41-05:00,-14.5,55.5,-14.5,55.5,-105.0,-115.0,-115.0,-105.0,-750.0,475.0,-750.0,475.0,ESPN BET,espn_core_odds,15.0,2025-10-11,401754560
2025,2,7,401752868,2025-10-11T23:30Z,0,30,30,USC,130,130,MICH,31.0,13.0,1,2026-10-02T09:01:31-05:00,4.828,0.68198,2026-01-20T12:00Z,2026-10-02T09:03:41-05:00,-2.5,57.5,-1.5,57.5,-125.0,105.0,-110.0,-110.0,-145.0,125.0,-130.0,110.0,ESPN BET,espn_core_odds,18.0,2025-10-11,401752868
2025,2,7,401754562,2025-10-11T19:30Z,0,87,87,ND,152,152,NCSU,36.0,7.0,1,2026-10-02T09:01:31-05:00,19.373,0.9239,2026-01-20T12:00Z,2026-10-02T09:03:41-05:00,-24.5,59.5,-22.5,62.5,-115.0,-105.0,-105.0,-115.0,-5000.0,1500.0,-2500.0,1100.0,ESPN BET,espn_core_odds,29.0,2025-10-11,401754562
2025,2,7,401756916,2025-10-12T00:00Z,0,12,12,ARIZ,252,252,BYU,27.0,33.0,1,2026-10-02T09:01:31-05:00,-5.189,0.30439,2026-01-20T12:00Z,2026-10-02T09:03:41-05:00,2.5,46.5,2.5,47.5,100.0,-120.0,-110.0,-110.0,120.0,-140.0,105.0,-125.0,ESPN BET,espn_core_odds,-6.0,2025-10-11,401756916
2025,2,7,401756922,2025-10-12T02:25Z,0,254,254,UTAH,9,9,ASU,42.0,10.0,1,2026-10-02T09:01:31-05:00,5.155,0.69595,2026-01-20T12:00Z,2026-10-02T09:03:41-05:00,-8.5,42.5,-4.5,48.5,-110.0,-110.0,-115.0,-105.0,-290.0,240.0,-200.0,170.0,ESPN BET,espn_core_odds,32.0,2025-10-11,401756922
2025,2,7,401756918,2025-10-11T19:30Z,0,38,38,COLO,66,66,ISU,24.0,17.0,1,2026-10-02T09:01:31-05:00,-3.298,0.36752,2026-01-20T12:00Z,2026-10-02T09:03:41-05:00,2.5,52.5,4.5,53.5,105.0,-125.0,-120.0,100.0,125.0,-145.0,150.0,-175.0,ESPN BET,espn_core_odds,7.0,2025-10-11,401756918
2025,2,7,401754559,2025-10-11T16:00Z,0,52,52,FSU,221,221,PITT,31.0,34.0,1,2026-10-02T09:01:31-05:00,8.031,0.7718599999999999,2026-01-20T12:00Z,2026-10-02T09:03:41-05:00,-11.5,57.5,-9.5,58.5,-105.0,-115.0,-115.0,-105.0,-400.0,300.0,-340.0,270.0,ESPN BET,espn_core_odds,-3.0,2025-10-11,401754559
2025,2,7,401752863,2025-10-11T16:00Z,0,127,127,MSU,26,26,UCLA,13.0,38.0,1,2026-10-02T09:01:31-05:00,7.649,0.76374,2026-01-20T12:00Z,2026-10-02T09:03:41-05:00,-6.5,51.5,-7.5,55.5,-125.0,105.0,-105.0,-115.0,-250.0,210.0,-290.0,240.0,ESPN BET,espn_core_odds,-25.0,2025-10-11,401752863
2025,2,7,401754561,2025-10-11T16:00Z,0,2567,2567,SMU,24,24,STAN,34.0,10.0,1,2026-10-02T09:01:31-05:00,13.506,0.86415,2026-01-20T12:00Z,2026-10-02T09:03:41-05:00,-19.5,55.5,-17.5,56.5,-105.0,-115.0,-120.0,100.0,-1400.0,750.0,-1200.0,700.0,ESPN BET,espn_core_odds,24.0,2025-10-11,401754561
2025,2,7,401756917,2025-10-11T16:00Z,0,2132,2132,CIN,2116,2116,UCF,20.0,11.0,1,2026-10-02T09:01:31-05:00,5.468,0.70139,2026-01-20T12:00Z,2026-10-02T09:03:41-05:00,-10.5,55.5,-10.5,56.5,-105.0,-115.0,-120.0,100.0,-380.0,290.0,-400.0,300.0,ESPN BET,espn_core_odds,9.0,2025-10-11,401756917
2025,2,7,401756920,2025-10-11T16:00Z,0,197,197,OKST,248,248,HOU,17.0,39.0,1,2026-10-02T09:01:31-05:00,-9.443,0.19908,2026-01-20T12:00Z,2026-10-02T09:03:41-05:00,14.5,47.5,14.5,46.5,-105.0,-115.0,-120.0,100.0,475.0,-750.0,425.0,-650.0,ESPN BET,espn_core_odds,-22.0,2025-10-11,401756920
2025,2,7,401761625,2025-10-11T16:00Z,0,256,256,JMU,309,309,UL,24.0,14.0,1,2026-10-02T09:01:31-05:00,12.176,0.84742,2026-01-20T12:00Z,2026-10-02T09:03:41-05:00,-18.5,45.5,-16.5,46.5,-110.0,-110.0,-110.0,-110.0,-1400.0,750.0,-1000.0,600.0,ESPN BET,espn_core_odds,10.0,2025-10-11,401761625
2025,2,7,401762483,2025-10-11T16:00Z,0,349,349,ARMY,2429,2429,CLT,24.0,7.0,1,2026-10-02T09:01:31-05:00,15.011,0.88425,2026-01-20T12:00Z,2026-10-02T09:03:41-05:00,-17.5,44.5,-20.5,47.5,-105.0,-115.0,-110.0,-110.0,-900.0,550.0,-900.0,550.0,ESPN BET,espn_core_odds,17.0,2025-10-11,401762483
2025,2,7,401762833,2025-10-11T16:00Z,0,2006,2006,AKR,193,193,M-OH,7.0,20.0,1,2026-10-02T09:01:31-05:00,-11.476,0.1644999999999999,2026-01-20T12:00Z,2026-10-02T09:03:41-05:00,11.5,47.5,9.5,45.5,-110.0,-110.0,-110.0,-110.0,340.0,-450.0,290.0,-380.0,ESPN BET,espn_core_odds,-13.0,2025-10-11,401762833
2025,2,7,401762835,2025-10-11T16:00Z,0,189,189,BGSU,2649,2649,TOL,28.0,23.0,1,2026-10-02T09:01:31-05:00,-6.437,0.27226,2026-01-20T12:00Z,2026-10-02T09:03:41-05:00,10.5,45.5,9.5,49.5,-120.0,100.0,100.0,-120.0,320.0,-425.0,270.0,-340.0,ESPN BET,espn_core_odds,5.0,2025-10-11,401762835
2025,2,7,401762836,2025-10-11T17:00Z,0,2199,2199,EMU,2459,2459,NIU,16.0,10.0,1,2026-10-02T09:01:31-05:00,-1.395,0.43888,2026-01-20T12:00Z,2026-10-02T09:03:42-05:00,1.5,48.5,1.5,49.5,-115.0,-105.0,-110.0,-110.0,-105.0,-115.0,105.0,-125.0,ESPN BET,espn_core_odds,6.0,2025-10-11,401762836
2025,2,7,401762837,2025-10-11T18:30Z,0,2309,2309,KENT,113,113,MASS,42.0,6.0,1,2026-10-02T09:01:31-05:00,1.377,0.56126,2026-01-20T12:00Z,2026-10-02T09:03:42-05:00,-1.5,49.5,-2.5,49.5,-110.0,-110.0,-115.0,-105.0,-120.0,100.0,-150.0,130.0,ESPN BET,espn_core_odds,36.0,2025-10-11,401762837
2025,2,7,401752866,2025-10-11T19:30Z,0,213,213,PSU,77,77,NU,21.0,22.0,1,2026-10-02T09:01:31-05:00,16.71,0.90165,2026-01-20T12:00Z,2026-10-02T09:03:42-05:00,-20.5,46.5,-21.5,48.5,-110.0,-110.0,-105.0,-115.0,-1600.0,800.0,-1800.0,900.0,ESPN BET,espn_core_odds,-1.0,2025-10-11,401752866
2025,2,7,401752867,2025-10-11T19:30Z,0,120,120,MD,158,158,NEB,31.0,34.0,1,2026-10-02T09:01:31-05:00,-3.916,0.33989,2026-01-20T12:00Z,2026-10-02T09:03:42-05:00,6.5,47.5,5.5,47.5,110.0,-130.0,-105.0,-115.0,210.0,-250.0,200.0,-240.0,ESPN BET,espn_core_odds,-3.0,2025-10-11,401752867
2025,2,7,401754563,2025-10-11T19:30Z,0,204,204,ORST,154,154,WAKE,14.0,39.0,1,2026-10-02T09:01:31-05:00,-0.817,0.4639,2026-01-20T12:00Z,2026-10-02T09:03:42-05:00,1.5,47.5,2.5,52.5,-110.0,-110.0,-110.0,-110.0,100.0,-120.0,110.0,-130.0,ESPN BET,espn_core_odds,-25.0,2025-10-11,401754563
2025,2,7,401756919,2025-10-11T19:30Z,0,2306,2306,KSU,2628,2628,TCU,41.0,28.0,1,2026-10-02T09:01:31-05:00,-1.938,0.41961,2026-01-20T12:00Z,2026-10-02T09:03:42-05:00,2.5,54.5,1.5,57.5,100.0,-120.0,-105.0,-115.0,120.0,-140.0,-105.0,-115.0,ESPN BET,espn_core_odds,13.0,2025-10-11,401756919
2025,2,7,401760386,2025-10-11T19:30Z,0,2439,2439,UNLV,2005,2005,AFA,51.0,48.0,1,2026-10-02T09:01:31-05:00,12.586,0.85153,2026-01-20T12:00Z,2026-10-02T09:03:42-05:00,-7.5,66.5,-7.5,68.5,105.0,-125.0,110.0,-130.0,-250.0,210.0,-225.0,190.0,ESPN BET,espn_core_odds,3.0,2025-10-11,401760386
2025,2,7,401761624,2025-10-11T19:30Z,0,2247,2247,GAST,2026,2026,APP,20.0,41.0,1,2026-10-02T09:01:31-05:00,-1.133,0.45576,2026-01-20T12:00Z,2026-10-02T09:03:42-05:00,2.5,55.5,3.5,56.5,-105.0,-115.0,-130.0,110.0,125.0,-145.0,130.0,-150.0,ESPN BET,espn_core_odds,-21.0,2025-10-11,401761624
2025,2,7,401761626,2025-10-11T19:30Z,0,276,276,MRSH,295,295,ODU,48.0,24.0,1,2026-10-02T09:01:31-05:00,-8.955,0.20813,2026-01-20T12:00Z,2026-10-02T09:03:42-05:00,14.5,57.5,14.5,55.5,-115.0,-105.0,-120.0,100.0,400.0,-600.0,425.0,-650.0,ESPN BET,espn_core_odds,24.0,2025-10-11,401761626
2025,2,7,401762834,2025-10-11T19:30Z,0,2711,2711,WMU,2050,2050,BALL,42.0,0.0,1,2026-10-02T09:01:31-05:00,5.481,0.70458,2026-01-20T12:00Z,2026-10-02T09:03:42-05:00,-9.5,42.5,-9.5,43.5,-115.0,-105.0,-105.0,-115.0,-340.0,270.0,-300.0,250.0,ESPN BET,espn_core_odds,42.0,2025-10-11,401762834
2025,2,7,401762484,2025-10-11T20:00Z,0,218,218,TEM,2426,2426,NAVY,31.0,32.0,1,2026-10-02T09:01:31-05:00,-2.4,0.39515,2026-01-20T12:00Z,2026-10-02T09:03:42-05:00,10.5,52.5,8.5,53.5,-120.0,100.0,-105.0,-115.0,300.0,-400.0,240.0,-290.0,ESPN BET,espn_core_odds,-1.0,2025-10-11,401762484
2025,2,7,401762482,2025-10-11T22:00Z,0,2226,2226,FAU,5,5,UAB,53.0,33.0,1,2026-10-02T09:01:31-05:00,5.576,0.7052,2026-01-20T12:00Z,2026-10-02T09:03:42-05:00,-5.5,65.5,-4.5,69.5,-110.0,-110.0,-105.0,-115.0,-190.0,160.0,-175.0,150.0,ESPN BET,espn_core_odds,20.0,2025-10-11,401762482
2025,2,7,401752869,2025-10-11T23:00Z,0,275,275,WIS,2294,2294,IOWA,0.0,37.0,1,2026-10-02T09:01:31-05:00,-2.876,0.37951,2026-01-20T12:00Z,2026-10-02T09:03:42-05:00,4.5,37.5,3.5,37.5,-105.0,-115.0,-105.0,-115.0,175.0,-210.0,155.0,-185.0,ESPN BET,espn_core_odds,-37.0,2025-10-11,401752869
2025,2,7,401760391,2025-10-11T23:00Z,0,2751,2751,WYO,23,23,SJSU,35.0,28.0,1,2026-10-02T09:01:31-05:00,-0.723,0.47225,2026-01-20T12:00Z,2026-10-02T09:03:42-05:00,1.5,49.5,2.5,49.5,-115.0,-105.0,-105.0,-115.0,100.0,-120.0,115.0,-135.0,ESPN BET,espn_core_odds,7.0,2025-10-11,401760391
2025,2,7,401761623,2025-10-11T23:00Z,0,324,324,CCU,2433,2433,ULM,23.0,8.0,1,2026-10-02T09:01:31-05:00,2.317,0.59671,2026-01-20T12:00Z,2026-10-02T09:03:42-05:00,2.5,45.5,2.5,43.5,-105.0,-115.0,-105.0,-115.0,120.0,-140.0,115.0,-135.0,ESPN BET,espn_core_odds,15.0,2025-10-11,401761623
2025,2,7,401752864,2025-10-11T23:30Z,0,135,135,MINN,2509,2509,PUR,27.0,20.0,1,2026-10-02T09:01:31-05:00,3.441,0.63604,2026-01-20T12:00Z,2026-10-02T09:03:42-05:00,-7.5,49.5,-9.5,52.5,100.0,-120.0,-105.0,-115.0,-300.0,250.0,-320.0,260.0,ESPN BET,espn_core_odds,7.0,2025-10-11,401752864
2025,2,7,401754558,2025-10-11T23:30Z,0,103,103,BC,228,228,CLEM,10.0,41.0,1,2026-10-02T09:01:31-05:00,-7.115,0.24983,2026-01-20T12:00Z,2026-10-02T09:03:42-05:00,13.5,54.5,14.5,55.5,105.0,-125.0,-125.0,105.0,450.0,-700.0,450.0,-700.0,ESPN BET,espn_core_odds,-31.0,2025-10-11,401754558
2025,2,7,401762485,2025-10-11T23:30Z,0,2636,2636,UTSA,242,242,RICE,61.0,13.0,1,2026-10-02T09:01:31-05:00,8.937,0.79073,2026-01-20T12:00Z,2026-10-02T09:03:42-05:00,-9.5,48.5,-12.5,49.5,-105.0,-115.0,-115.0,-105.0,-320.0,260.0,-550.0,380.0,ESPN BET,espn_core_odds,48.0,2025-10-11,401762485
2025,2,7,401761627,2025-10-12T00:00Z,0,326,326,TXST,2653,2653,TROY,41.0,48.0,1,2026-10-02T09:01:31-05:00,6.272,0.7263199999999999,2026-01-20T12:00Z,2026-10-02T09:03:42-05:00,-7.5,53.5,-10.5,54.5,-110.0,-110.0,-105.0,-115.0,-280.0,230.0,-380.0,290.0,ESPN BET,espn_core_odds,-7.0,2025-10-11,401761627
2025,2,7,401760387,2025-10-12T01:45Z,0,68,68,BOIS,167,167,UNM,41.0,25.0,1,2026-10-02T09:01:31-05:00,9.93,0.80951,2026-01-20T12:00Z,2026-10-02T09:03:42-05:00,-15.5,57.5,-16.5,60.5,-115.0,-105.0,-115.0,-105.0,-800.0,500.0,-1000.0,600.0,ESPN BET,espn_core_odds,16.0,2025-10-11,401760387
2025,2,7,401760390,2025-10-12T02:30Z,0,2440,2440,NEV,21,21,SDSU,10.0,44.0,1,2026-10-02T09:01:31-05:00,-7.367,0.24427,2026-01-20T12:00Z,2026-10-02T09:03:42-05:00,6.5,42.5,6.5,42.5,-110.0,-110.0,100.0,-120.0,190.0,-225.0,220.0,-270.0,ESPN BET,espn_core_odds,-34.0,2025-10-11,401760390
2025,2,7,401760389,2025-10-12T03:59Z,0,62,62,HAW,328,328,USU,44.0,26.0,1,2026-10-02T09:01:31-05:00,-1.867,0.4234199999999999,2026-01-20T12:00Z,2026-10-02T09:03:42-05:00,1.5,57.5,-1.5,58.5,-120.0,100.0,100.0,-120.0,-110.0,-110.0,-125.0,105.0,ESPN BET,espn_core_odds,18.0,2025-10-11,401760389
2025,2,8,401757282,2025-10-14T23:00Z,0,2335,2335,LIB,166,166,NMSU,30.0,27.0,1,2026-10-02T09:01:31-05:00,7.496,0.7619,2026-01-20T12:00Z,2026-10-02T09:03:42-05:00,-11.5,48.5,-9.5,48.5,-105.0,-115.0,-110.0,-110.0,-450.0,340.0,-425.0,320.0,ESPN BET,espn_core_odds,3.0,2025-10-14,401757282
2025,2,8,401761628,2025-10-14T23:30Z,0,6,6,USA,2032,2032,ARST,14.0,15.0,1,2026-10-02T09:01:31-05:00,3.476,0.63645,2026-01-20T12:00Z,2026-10-02T09:03:42-05:00,-8.5,57.5,-7.5,57.5,-115.0,-105.0,-110.0,-110.0,-340.0,270.0,-260.0,215.0,ESPN BET,espn_core_odds,-1.0,2025-10-14,401761628
2025,2,8,401757281,2025-10-15T00:00Z,0,98,98,WKU,2229,2229,FIU,6.0,25.0,1,2026-10-02T09:01:31-05:00,9.733,0.80487,2026-01-20T12:00Z,2026-10-02T09:03:43-05:00,-9.5,55.5,-8.5,55.5,-120.0,100.0,-110.0,-110.0,-380.0,290.0,-300.0,250.0,ESPN BET,espn_core_odds,-19.0,2025-10-14,401757281
2025,2,8,401757283,2025-10-15T23:00Z,0,55,55,JVST,48,48,DEL,38.0,25.0,1,2026-10-02T09:01:31-05:00,1.585,0.5648,2026-01-20T12:00Z,2026-10-02T09:03:43-05:00,2.5,55.5,2.5,57.5,100.0,-120.0,-105.0,-115.0,115.0,-135.0,120.0,-140.0,ESPN BET,espn_core_odds,13.0,2025-10-15,401757283
2025,2,8,401757284,2025-10-15T23:00Z,0,2534,2534,SHSU,2638,2638,UTEP,17.0,35.0,1,2026-10-02T09:01:31-05:00,-2.369,0.40086,2026-01-20T12:00Z,2026-10-02T09:03:43-05:00,3.5,47.5,1.5,47.5,-120.0,100.0,-120.0,100.0,140.0,-165.0,125.0,-145.0,ESPN BET,espn_core_odds,-18.0,2025-10-15,401757284
2025,2,8,401762486,2025-10-16T23:30Z,0,151,151,ECU,202,202,TLSA,41.0,27.0,1,2026-10-02T09:01:31-05:00,21.385,0.93721,2026-01-20T12:00Z,2026-10-02T09:03:43-05:00,-16.5,54.5,-16.5,52.5,-110.0,-110.0,-110.0,-110.0,-900.0,550.0,-800.0,500.0,ESPN BET,espn_core_odds,14.0,2025-10-16,401762486
2025,2,8,401754564,2025-10-17T23:00Z,0,2390,2390,MIA,97,97,LOU,21.0,24.0,1,2026-10-02T09:01:31-05:00,12.478,0.84998,2026-01-20T12:00Z,2026-10-02T09:03:43-05:00,-10.5,49.5,-13.5,54.5,-115.0,-105.0,-120.0,100.0,-500.0,360.0,-650.0,425.0,ESPN BET,espn_core_odds,-3.0,2025-10-17,401754564
2025,2,8,401752872,2025-10-18T00:00Z,0,135,135,MINN,158,158,NEB,24.0,6.0,1,2026-10-02T09:01:31-05:00,-7.319,0.2448199999999999,2026-01-20T12:00Z,2026-10-02T09:03:43-05:00,6.5,48.5,5.5,47.5,-105.0,-115.0,-110.0,-110.0,200.0,-240.0,200.0,-240.0,ESPN BET,espn_core_odds,18.0,2025-10-17,401752872
2025,2,8,401760396,2025-10-18T01:00Z,0,328,328,USU,23,23,SJSU,30.0,25.0,1,2026-10-02T09:01:31-05:00,4.326,0.66974,2026-01-20T12:00Z,2026-10-02T09:03:43-05:00,-3.5,62.5,-3.5,64.5,-105.0,-115.0,-120.0,100.0,-170.0,145.0,-190.0,160.0,ESPN BET,espn_core_odds,5.0,2025-10-17,401760396
2025,2,8,401754371,2025-10-18T02:30Z,0,25,25,CAL,153,153,UNC,21.0,18.0,1,2026-10-02T09:01:31-05:00,7.539,0.7589099999999999,2026-01-20T12:00Z,2026-10-02T09:03:43-05:00,-8.5,47.5,-12.5,46.5,-110.0,-110.0,-105.0,-115.0,-320.0,260.0,-425.0,320.0,ESPN BET,espn_core_odds,3.0,2025-10-17,401754371
2025,2,8,401752877,2025-10-18T19:30Z,0,275,275,WIS,194,194,OSU,0.0,34.0,1,2026-10-02T09:01:31-05:00,-23.726,0.04993,2026-01-20T12:00Z,2026-10-02T09:03:43-05:00,24.5,41.5,26.5,41.5,-115.0,-105.0,-105.0,-115.0,,,,,ESPN BET,espn_core_odds,-34.0,2025-10-18,401752877
2025,2,8,401752878,2025-10-18T19:30Z,0,84,84,IU,127,127,MSU,38.0,13.0,1,2026-10-02T09:01:31-05:00,27.22,0.96498,2026-01-20T12:00Z,2026-10-02T09:03:43-05:00,-26.5,49.5,-26.5,54.5,-110.0,-110.0,-115.0,-105.0,,,,,ESPN BET,espn_core_odds,25.0,2025-10-18,401752878
2025,2,8,401752739,2025-10-18T21:30Z,0,8,8,ARK,245,245,TA&M,42.0,45.0,1,2026-10-02T09:01:31-05:00,-5.244,0.30272,2026-01-20T12:00Z,2026-10-02T09:03:43-05:00,8.5,57.5,7.5,62.5,-115.0,-105.0,-105.0,-115.0,250.0,-300.0,250.0,-300.0,ESPN BET,espn_core_odds,-3.0,2025-10-18,401752739
2025,2,8,401752742,2025-10-18T19:30Z,0,61,61,UGA,145,145,MISS,43.0,35.0,1,2026-10-02T09:01:31-05:00,5.234,0.69725,2026-01-20T12:00Z,2026-10-02T09:03:43-05:00,-7.5,56.5,-6.5,54.5,105.0,-125.0,-115.0,-105.0,-270.0,220.0,-270.0,220.0,ESPN BET,espn_core_odds,8.0,2025-10-18,401752742
2025,2,8,401752738,2025-10-18T23:30Z,0,333,333,ALA,2633,2633,TENN,37.0,20.0,1,2026-10-02T09:01:31-05:00,6.177,0.72721,2026-01-20T12:00Z,2026-10-02T09:03:43-05:00,-8.5,60.5,-8.5,58.5,-115.0,-105.0,-115.0,-105.0,-340.0,270.0,-320.0,260.0,ESPN BET,espn_core_odds,17.0,2025-10-18,401752738
2025,2,8,401756923,2025-10-18T20:00Z,0,9,9,ASU,2641,2641,TTU,26.0,22.0,1,2026-10-02T09:01:31-05:00,-7.378,0.24437,2026-01-20T12:00Z,2026-10-02T09:03:43-05:00,8.5,52.5,10.5,49.5,-115.0,-105.0,-110.0,-110.0,250.0,-300.0,340.0,-450.0,ESPN BET,espn_core_odds,4.0,2025-10-18,401756923
2025,2,8,401752876,2025-10-18T22:30Z,0,164,164,RUTG,2483,2483,ORE,10.0,56.0,1,2026-10-02T09:01:31-05:00,-11.294,0.1664,2026-01-20T12:00Z,2026-10-02T09:03:43-05:00,18.5,61.5,15.5,59.5,-105.0,-115.0,-110.0,-110.0,700.0,-1200.0,500.0,-800.0,ESPN BET,espn_core_odds,-46.0,2025-10-18,401752876
2025,2,8,401752745,2025-10-18T16:00Z,0,238,238,VAN,99,99,LSU,31.0,24.0,1,2026-10-02T09:01:31-05:00,2.708,0.60608,2026-01-20T12:00Z,2026-10-02T09:03:43-05:00,-1.5,48.5,-2.5,48.5,-115.0,-105.0,-115.0,-105.0,-125.0,105.0,-130.0,110.0,ESPN BET,espn_core_odds,7.0,2025-10-18,401752745
2025,2,8,401754566,2025-10-18T16:00Z,0,150,150,DUKE,59,59,GT,18.0,27.0,1,2026-10-02T09:01:31-05:00,2.974,0.61704,2026-01-20T12:00Z,2026-10-02T09:03:43-05:00,-3.5,61.5,-2.5,60.5,105.0,-125.0,-115.0,-105.0,-165.0,140.0,-140.0,120.0,ESPN BET,espn_core_odds,-9.0,2025-10-18,401754566
2025,2,8,401752871,2025-10-18T23:30Z,0,87,87,ND,30,30,USC,34.0,24.0,1,2026-10-02T09:01:31-05:00,4.785,0.68458,2026-01-20T12:00Z,2026-10-02T09:03:43-05:00,-10.5,60.5,-7.5,61.5,-110.0,-110.0,-110.0,-110.0,-400.0,300.0,-300.0,250.0,ESPN BET,espn_core_odds,10.0,2025-10-18,401752871
2025,2,8,401752744,2025-10-18T16:45Z,0,2579,2579,SC,201,201,OU,7.0,26.0,1,2026-10-02T09:01:31-05:00,-1.235,0.4519,2026-01-20T12:00Z,2026-10-02T09:03:43-05:00,4.5,43.5,4.5,42.5,-105.0,-115.0,-110.0,-110.0,170.0,-200.0,155.0,-185.0,ESPN BET,espn_core_odds,-19.0,2025-10-18,401752744
2025,2,8,401756924,2025-10-19T00:00Z,0,252,252,BYU,254,254,UTAH,24.0,21.0,1,2026-10-02T09:01:31-05:00,0.152,0.50655,2026-01-20T12:00Z,2026-10-02T09:03:43-05:00,5.5,49.5,3.5,47.5,-105.0,-115.0,-115.0,-105.0,180.0,-215.0,150.0,-175.0,ESPN BET,espn_core_odds,3.0,2025-10-18,401756924
2025,2,8,401752740,2025-10-18T23:45Z,0,2,2,AUB,142,142,MIZ,17.0,23.0,1,2026-10-02T09:01:31-05:00,-0.723,0.46431,2026-01-20T12:00Z,2026-10-02T09:03:43-05:00,1.5,43.5,-2.5,44.5,-110.0,-110.0,-115.0,-105.0,105.0,-125.0,100.0,-120.0,ESPN BET,espn_core_odds,-6.0,2025-10-18,401752740
2025,2,8,401752951,2025-10-18T22:30Z,0,258,258,UVA,265,265,WSU,22.0,20.0,1,2026-10-02T09:01:31-05:00,19.188,0.9207499999999998,2026-01-20T12:00Z,2026-10-02T09:03:43-05:00,-16.5,56.5,-16.5,57.5,-110.0,-110.0,-120.0,100.0,-1000.0,600.0,-1200.0,700.0,ESPN BET,espn_core_odds,2.0,2025-10-18,401752951
2025,2,8,401762490,2025-10-18T23:30Z,0,58,58,USF,2226,2226,FAU,48.0,13.0,1,2026-10-02T09:01:31-05:00,18.997,0.92031,2026-01-20T12:00Z,2026-10-02T09:03:43-05:00,-20.5,72.5,-22.5,74.5,-105.0,-115.0,-110.0,-110.0,-1600.0,800.0,-2000.0,1000.0,ESPN BET,espn_core_odds,35.0,2025-10-18,401762490
2025,2,8,401752743,2025-10-18T23:00Z,0,96,96,UK,251,251,TEX,13.0,16.0,1,2026-10-02T09:01:31-05:00,-10.532,0.17791,2026-01-20T12:00Z,2026-10-02T09:03:43-05:00,13.5,45.5,12.5,43.5,-105.0,-115.0,-110.0,-110.0,425.0,-650.0,340.0,-450.0,ESPN BET,espn_core_odds,-3.0,2025-10-18,401752743
2025,2,8,401762487,2025-10-18T20:00Z,0,5,5,UAB,235,235,MEM,31.0,24.0,1,2026-10-02T09:01:31-05:00,-25.795,0.04066,2026-01-20T12:00Z,2026-10-02T09:03:43-05:00,23.5,59.5,21.5,64.5,-105.0,-115.0,-120.0,100.0,1100.0,-2500.0,900.0,-1800.0,ESPN BET,espn_core_odds,7.0,2025-10-18,401762487
2025,2,8,401756926,2025-10-19T00:00Z,0,197,197,OKST,2132,2132,CIN,17.0,49.0,1,2026-10-02T09:01:31-05:00,-17.834,0.09024,2026-01-20T12:00Z,2026-10-02T09:03:44-05:00,23.5,57.5,20.5,57.5,100.0,-120.0,105.0,-125.0,1200.0,-3000.0,1000.0,-2000.0,ESPN BET,espn_core_odds,-32.0,2025-10-18,401756926
2025,2,8,401752873,2025-10-18T16:00Z,0,130,130,MICH,264,264,WASH,24.0,7.0,1,2026-10-02T09:01:31-05:00,4.419,0.66815,2026-01-20T12:00Z,2026-10-02T09:03:44-05:00,-4.5,50.5,-5.5,51.5,100.0,-120.0,-115.0,-105.0,-185.0,155.0,-195.0,165.0,ESPN BET,espn_core_odds,17.0,2025-10-18,401752873
2025,2,8,401754569,2025-10-18T16:00Z,0,103,103,BC,41,41,CONN,23.0,38.0,1,2026-10-02T09:01:31-05:00,-2.639,0.39175,2026-01-20T12:00Z,2026-10-02T09:03:44-05:00,2.5,58.5,-1.5,56.5,-110.0,-110.0,-110.0,-110.0,110.0,-130.0,-125.0,105.0,ESPN BET,espn_core_odds,-15.0,2025-10-18,401754569
2025,2,8,401756925,2025-10-18T16:00Z,0,248,248,HOU,12,12,ARIZ,31.0,28.0,1,2026-10-02T09:01:31-05:00,0.227,0.50595,2026-01-20T12:00Z,2026-10-02T09:03:44-05:00,2.5,47.5,-1.5,46.5,-115.0,-105.0,-115.0,-105.0,110.0,-130.0,-130.0,110.0,ESPN BET,espn_core_odds,3.0,2025-10-18,401756925
2025,2,8,401756927,2025-10-18T16:00Z,0,2628,2628,TCU,239,239,BAY,42.0,36.0,1,2026-10-02T09:01:31-05:00,3.33,0.63608,2026-01-20T12:00Z,2026-10-02T09:03:44-05:00,-3.5,67.5,-3.5,67.5,105.0,-125.0,110.0,-130.0,-155.0,135.0,-145.0,125.0,ESPN BET,espn_core_odds,6.0,2025-10-18,401756927
2025,2,8,401762488,2025-10-18T16:00Z,0,2655,2655,TULN,349,349,ARMY,24.0,17.0,1,2026-10-02T09:01:31-05:00,11.16,0.8321600000000001,2026-01-20T12:00Z,2026-10-02T09:03:44-05:00,-10.5,44.5,-10.5,46.5,-105.0,-115.0,-110.0,-110.0,-380.0,290.0,-400.0,300.0,ESPN BET,espn_core_odds,7.0,2025-10-18,401762488
2025,2,8,401762839,2025-10-18T16:00Z,0,189,189,BGSU,2117,2117,CMU,6.0,27.0,1,2026-10-02T09:01:31-05:00,7.734,0.76829,2026-01-20T12:00Z,2026-10-02T09:03:44-05:00,-3.5,44.5,-5.5,43.5,100.0,-120.0,-115.0,-105.0,-155.0,135.0,-195.0,165.0,ESPN BET,espn_core_odds,-21.0,2025-10-18,401762839
2025,2,8,401762841,2025-10-18T16:00Z,0,193,193,M-OH,2199,2199,EMU,44.0,30.0,1,2026-10-02T09:01:31-05:00,9.579,0.80378,2026-01-20T12:00Z,2026-10-02T09:03:44-05:00,-11.5,47.5,-11.5,47.5,-105.0,-115.0,-115.0,-105.0,-450.0,340.0,-600.0,400.0,ESPN BET,espn_core_odds,14.0,2025-10-18,401762841
2025,2,8,401756928,2025-10-18T17:00Z,0,2116,2116,UCF,277,277,WVU,45.0,13.0,1,2026-10-02T09:01:31-05:00,6.035,0.7218800000000001,2026-01-20T12:00Z,2026-10-02T09:03:44-05:00,-6.5,47.5,-7.5,49.5,-115.0,-105.0,-105.0,-115.0,-240.0,200.0,-275.0,225.0,ESPN BET,espn_core_odds,32.0,2025-10-18,401756928
2025,2,8,401762842,2025-10-18T18:00Z,0,2649,2649,TOL,2309,2309,KENT,45.0,10.0,1,2026-10-02T09:01:31-05:00,23.659,0.94977,2026-01-20T12:00Z,2026-10-02T09:03:44-05:00,-25.5,48.5,-24.5,52.5,-110.0,-110.0,-120.0,100.0,-5000.0,1500.0,-4000.0,1300.0,ESPN BET,espn_core_odds,35.0,2025-10-18,401762842
2025,2,8,401762840,2025-10-18T18:30Z,0,113,113,MASS,2084,2084,BUFF,21.0,28.0,1,2026-10-02T09:01:31-05:00,-11.713,0.1601599999999999,2026-01-20T12:00Z,2026-10-02T09:03:44-05:00,16.5,47.5,17.5,44.5,-105.0,-115.0,-105.0,-115.0,600.0,-1000.0,600.0,-1000.0,ESPN BET,espn_core_odds,-7.0,2025-10-18,401762840
2025,2,8,401752874,2025-10-18T19:00Z,0,77,77,NU,2509,2509,PUR,19.0,0.0,1,2026-10-02T09:01:31-05:00,4.967,0.68672,2026-01-20T12:00Z,2026-10-02T09:03:44-05:00,-3.5,46.5,-3.5,48.5,110.0,-130.0,-105.0,-115.0,-155.0,135.0,-155.0,135.0,ESPN BET,espn_core_odds,19.0,2025-10-18,401752874
2025,2,8,401761633,2025-10-18T19:00Z,0,2433,2433,ULM,2653,2653,TROY,14.0,37.0,1,2026-10-02T09:01:31-05:00,-7.257,0.24695,2026-01-20T12:00Z,2026-10-02T09:03:44-05:00,5.5,45.5,5.5,46.5,-110.0,-110.0,-110.0,-110.0,180.0,-215.0,190.0,-225.0,ESPN BET,espn_core_odds,-23.0,2025-10-18,401761633
2025,2,8,401754565,2025-10-18T19:30Z,0,228,228,CLEM,2567,2567,SMU,24.0,35.0,1,2026-10-02T09:01:31-05:00,3.261,0.63448,2026-01-20T12:00Z,2026-10-02T09:03:44-05:00,-5.5,49.5,-8.5,54.5,114.0,-140.0,-110.0,-110.0,-175.0,150.0,-360.0,280.0,ESPN BET,espn_core_odds,-11.0,2025-10-18,401754565
2025,2,8,401760392,2025-10-18T19:30Z,0,2005,2005,AFA,2751,2751,WYO,24.0,21.0,1,2026-10-02T09:01:31-05:00,1.907,0.58215,2026-01-20T12:00Z,2026-10-02T09:03:44-05:00,-3.5,56.5,-5.5,58.5,-115.0,-105.0,-110.0,-110.0,-175.0,150.0,-210.0,175.0,ESPN BET,espn_core_odds,3.0,2025-10-18,401760392
2025,2,8,401760393,2025-10-18T19:30Z,0,68,68,BOIS,2439,2439,UNLV,56.0,31.0,1,2026-10-02T09:01:31-05:00,5.789,0.71518,2026-01-20T12:00Z,2026-10-02T09:03:44-05:00,-13.5,61.5,-10.5,63.5,-105.0,-115.0,-110.0,-110.0,-500.0,360.0,-400.0,300.0,ESPN BET,espn_core_odds,25.0,2025-10-18,401760393
2025,2,8,401761629,2025-10-18T19:30Z,0,2026,2026,APP,324,324,CCU,37.0,45.0,1,2026-10-02T09:01:31-05:00,5.473,0.70536,2026-01-20T12:00Z,2026-10-02T09:03:44-05:00,-10.5,47.5,-11.5,49.5,-110.0,-110.0,-105.0,-115.0,-425.0,320.0,-450.0,340.0,ESPN BET,espn_core_odds,-8.0,2025-10-18,401761629
2025,2,8,401761631,2025-10-18T19:30Z,0,256,256,JMU,295,295,ODU,63.0,27.0,1,2026-10-02T09:01:31-05:00,-0.728,0.4710799999999999,2026-01-20T12:00Z,2026-10-02T09:03:44-05:00,-3.5,47.5,-1.5,47.5,100.0,-120.0,-110.0,-110.0,-145.0,125.0,-125.0,105.0,ESPN BET,espn_core_odds,36.0,2025-10-18,401761631
2025,2,8,401761632,2025-10-18T19:30Z,0,276,276,MRSH,326,326,TXST,40.0,37.0,1,2026-10-02T09:01:31-05:00,1.327,0.55923,2026-01-20T12:00Z,2026-10-02T09:03:44-05:00,2.5,65.5,3.5,65.5,-110.0,-110.0,-115.0,-105.0,115.0,-135.0,120.0,-140.0,ESPN BET,espn_core_odds,3.0,2025-10-18,401761632
2025,2,8,401762489,2025-10-18T19:30Z,0,2429,2429,CLT,218,218,TEM,14.0,49.0,1,2026-10-02T09:01:31-05:00,-8.864,0.2113,2026-01-20T12:00Z,2026-10-02T09:03:44-05:00,9.5,46.5,11.5,47.5,-105.0,-115.0,-115.0,-105.0,270.0,-340.0,340.0,-450.0,ESPN BET,espn_core_odds,-35.0,2025-10-18,401762489
2025,2,8,401762838,2025-10-18T19:30Z,0,2050,2050,BALL,2006,2006,AKR,42.0,28.0,1,2026-10-02T09:01:31-05:00,3.518,0.64199,2026-01-20T12:00Z,2026-10-02T09:03:44-05:00,-1.5,43.5,-1.5,43.5,-105.0,-115.0,-110.0,-110.0,-110.0,-110.0,-110.0,-110.0,ESPN BET,espn_core_odds,14.0,2025-10-18,401762838
2025,2,8,401762843,2025-10-18T19:30Z,0,195,195,OHIO,2459,2459,NIU,48.0,21.0,1,2026-10-02T09:01:31-05:00,10.802,0.8249,2026-01-20T12:00Z,2026-10-02T09:03:44-05:00,-11.5,42.5,-11.5,43.5,-105.0,-115.0,-110.0,-110.0,-425.0,320.0,-500.0,360.0,ESPN BET,espn_core_odds,27.0,2025-10-18,401762843
2025,2,8,401762491,2025-10-18T20:05Z,0,249,249,UNT,2636,2636,UTSA,55.0,17.0,1,2026-10-02T09:01:31-05:00,1.848,0.5803,2026-01-20T12:00Z,2026-10-02T09:03:44-05:00,-3.5,63.5,-5.5,68.5,-105.0,-115.0,-110.0,-110.0,-165.0,140.0,-190.0,160.0,ESPN BET,espn_core_odds,38.0,2025-10-18,401762491
2025,2,8,401752741,2025-10-18T20:15Z,0,57,57,FLA,344,344,MSST,23.0,21.0,1,2026-10-02T09:01:31-05:00,4.368,0.67137,2026-01-20T12:00Z,2026-10-02T09:03:44-05:00,-9.5,51.5,-9.5,52.5,-115.0,-105.0,-120.0,100.0,-340.0,270.0,-380.0,290.0,ESPN BET,espn_core_odds,2.0,2025-10-18,401752741
2025,2,8,401761668,2025-10-18T21:00Z,0,309,309,UL,2572,2572,USM,10.0,22.0,1,2026-10-02T09:01:31-05:00,-1.387,0.44208,2026-01-20T12:00Z,2026-10-02T09:03:45-05:00,4.5,54.5,4.5,53.5,-115.0,-105.0,-115.0,-105.0,155.0,-185.0,160.0,-190.0,ESPN BET,espn_core_odds,-12.0,2025-10-18,401761668
2025,2,8,401752875,2025-10-18T23:00Z,0,2294,2294,IOWA,213,213,PSU,25.0,24.0,1,2026-10-02T09:01:31-05:00,0.291,0.51145,2026-01-20T12:00Z,2026-10-02T09:03:45-05:00,-3.5,41.5,-3.5,38.5,-105.0,-115.0,100.0,-125.0,-155.0,135.0,-170.0,145.0,ESPN BET,espn_core_odds,1.0,2025-10-18,401752875
2025,2,8,401752879,2025-10-18T23:00Z,0,26,26,UCLA,120,120,MD,20.0,17.0,1,2026-10-02T09:01:31-05:00,0.135,0.50598,2026-01-20T12:00Z,2026-10-02T09:03:45-05:00,-4.5,52.5,-3.5,52.5,-105.0,-115.0,100.0,-120.0,-175.0,150.0,-145.0,125.0,ESPN BET,espn_core_odds,3.0,2025-10-18,401752879
2025,2,8,401760394,2025-10-18T23:00Z,0,36,36,CSU,62,62,HAW,19.0,31.0,1,2026-10-02T09:01:31-05:00,5.966,0.71831,2026-01-20T12:00Z,2026-10-02T09:03:45-05:00,-2.5,53.5,1.5,53.5,-115.0,-105.0,-120.0,100.0,-130.0,110.0,-120.0,100.0,ESPN BET,espn_core_odds,-12.0,2025-10-18,401760394
2025,2,8,401761630,2025-10-18T23:00Z,0,290,290,GASO,2247,2247,GAST,41.0,24.0,1,2026-10-02T09:01:31-05:00,6.473,0.73427,2026-01-20T12:00Z,2026-10-02T09:03:45-05:00,-6.5,58.5,-6.5,57.5,-115.0,-105.0,-120.0,100.0,-225.0,190.0,-260.0,215.0,ESPN BET,espn_core_odds,17.0,2025-10-18,401761630
2025,2,8,401754568,2025-10-18T23:30Z,0,183,183,SYR,221,221,PITT,13.0,30.0,1,2026-10-02T09:01:31-05:00,-3.112,0.37233,2026-01-20T12:00Z,2026-10-02T09:03:45-05:00,8.5,54.5,11.5,56.5,-115.0,-105.0,-115.0,-105.0,270.0,-340.0,340.0,-450.0,ESPN BET,espn_core_odds,-17.0,2025-10-18,401754568
2025,2,8,401760395,2025-10-19T01:45Z,0,167,167,UNM,2440,2440,NEV,24.0,22.0,1,2026-10-02T09:01:31-05:00,15.948,0.89329,2026-01-20T12:00Z,2026-10-02T09:03:45-05:00,-14.5,49.5,-10.5,48.5,-105.0,-115.0,-110.0,-110.0,-650.0,425.0,-425.0,320.0,ESPN BET,espn_core_odds,2.0,2025-10-18,401760395
2025,2,8,401752941,2025-10-19T02:00Z,0,204,204,ORST,322,322,LAF,45.0,13.0,1,2026-10-02T09:01:31-05:00,18.259,0.91374,2026-01-20T12:00Z,2026-10-02T09:03:45-05:00,-21.5,55.5,-23.5,54.5,100.0,-120.0,-120.0,100.0,-1800.0,900.0,-2500.0,1100.0,ESPN BET,espn_core_odds,32.0,2025-10-18,401752941
2025,2,8,401754567,2025-10-19T02:30Z,0,24,24,STAN,52,52,FSU,20.0,13.0,1,2026-10-02T09:01:31-05:00,-10.665,0.17536,2026-01-20T12:00Z,2026-10-02T09:03:45-05:00,17.5,55.5,17.5,54.5,-110.0,-110.0,-120.0,100.0,700.0,-1200.0,700.0,-1200.0,ESPN BET,espn_core_odds,7.0,2025-10-18,401754567
2025,2,9,401757285,2025-10-21T23:00Z,0,2229,2229,FIU,338,338,KENN,26.0,45.0,1,2026-10-02T09:01:31-05:00,-2.428,0.39982,2026-01-20T12:00Z,2026-10-02T09:03:45-05:00,2.5,49.5,1.5,48.5,105.0,-125.0,-105.0,-115.0,125.0,-145.0,135.0,-155.0,ESPN BET,espn_core_odds,-19.0,2025-10-21,401757285
2025,2,9,401757286,2025-10-21T23:30Z,0,2348,2348,LT,98,98,WKU,27.0,28.0,1,2026-10-02T09:01:31-05:00,6.42,0.7334499999999999,2026-01-20T12:00Z,2026-10-02T09:03:45-05:00,-4.5,48.5,-2.5,50.5,-120.0,100.0,-115.0,-105.0,-210.0,175.0,-185.0,155.0,ESPN BET,espn_core_odds,-1.0,2025-10-21,401757286
2025,2,9,401757287,2025-10-22T23:30Z,0,48,48,DEL,2393,2393,MTSU,31.0,28.0,1,2026-10-02T09:01:31-05:00,7.384,0.75421,2026-01-20T12:00Z,2026-10-02T09:03:45-05:00,-9.5,55.5,-10.5,52.5,-110.0,-110.0,-115.0,-105.0,-360.0,280.0,-360.0,280.0,ESPN BET,espn_core_odds,3.0,2025-10-22,401757287
2025,2,9,401757288,2025-10-23T01:00Z,0,166,166,NMSU,2623,2623,MOST,17.0,24.0,1,2026-10-02T09:01:31-05:00,-0.675,0.4662599999999999,2026-01-20T12:00Z,2026-10-02T09:03:45-05:00,2.5,51.5,2.5,44.5,100.0,-120.0,-110.0,-110.0,120.0,-140.0,110.0,-130.0,ESPN BET,espn_core_odds,-7.0,2025-10-22,401757288
2025,2,9,401761634,2025-10-23T23:30Z,0,2247,2247,GAST,6,6,USA,31.0,38.0,1,2026-10-02T09:01:31-05:00,-5.064,0.30806,2026-01-20T12:00Z,2026-10-02T09:03:45-05:00,5.5,54.5,6.5,53.5,-105.0,-115.0,-115.0,-105.0,175.0,-210.0,190.0,-225.0,ESPN BET,espn_core_odds,-7.0,2025-10-23,401761634
2025,2,9,401762492,2025-10-24T23:00Z,0,2429,2429,CLT,249,249,UNT,20.0,54.0,1,2026-10-02T09:01:31-05:00,-23.437,0.05156,2026-01-20T12:00Z,2026-10-02T09:03:45-05:00,25.5,60.5,26.5,58.5,-115.0,-105.0,-110.0,-110.0,,,,,ESPN BET,espn_core_odds,-34.0,2025-10-24,401762492
2025,2,9,401754372,2025-10-24T23:30Z,0,259,259,VT,25,25,CAL,42.0,34.0,1,2026-10-02T09:01:31-05:00,6.698,0.74135,2026-01-20T12:00Z,2026-10-02T09:03:45-05:00,-6.5,50.5,-2.5,49.5,-110.0,-110.0,-110.0,-110.0,-230.0,195.0,-190.0,160.0,ESPN BET,espn_core_odds,8.0,2025-10-24,401754372
2025,2,9,401760397,2025-10-25T02:00Z,0,2440,2440,NEV,68,68,BOIS,3.0,24.0,1,2026-10-02T09:01:31-05:00,-22.154,0.06014,2026-01-20T12:00Z,2026-10-02T09:03:45-05:00,20.5,51.5,21.5,52.5,100.0,-120.0,-110.0,-110.0,900.0,-1800.0,1000.0,-2000.0,ESPN BET,espn_core_odds,-21.0,2025-10-24,401760397
2025,2,9,401752885,2025-10-25T16:00Z,0,84,84,IU,26,26,UCLA,56.0,6.0,1,2026-10-02T09:01:31-05:00,26.561,0.96237,2026-01-20T12:00Z,2026-10-02T09:03:45-05:00,-27.5,53.5,-24.5,52.5,-105.0,-115.0,-110.0,-110.0,-4000.0,1300.0,-3000.0,1200.0,ESPN BET,espn_core_odds,50.0,2025-10-25,401752885
2025,2,9,401752748,2025-10-25T23:30Z,0,99,99,LSU,245,245,TA&M,25.0,49.0,1,2026-10-02T09:01:31-05:00,-0.483,0.4799800000000001,2026-01-20T12:00Z,2026-10-02T09:03:45-05:00,1.5,49.5,2.5,48.5,-115.0,-105.0,-110.0,-110.0,100.0,-120.0,120.0,-140.0,ESPN BET,espn_core_odds,-24.0,2025-10-25,401752748
2025,2,9,401752751,2025-10-25T19:30Z,0,2579,2579,SC,333,333,ALA,22.0,29.0,1,2026-10-02T09:01:31-05:00,-10.791,0.1780499999999999,2026-01-20T12:00Z,2026-10-02T09:03:45-05:00,12.5,47.5,13.5,46.5,-105.0,-115.0,-110.0,-110.0,380.0,-550.0,360.0,-500.0,ESPN BET,espn_core_odds,-7.0,2025-10-25,401752751
2025,2,9,401752886,2025-10-25T23:00Z,0,2483,2483,ORE,275,275,WIS,21.0,7.0,1,2026-10-02T09:01:31-05:00,29.269,0.97159,2026-01-20T12:00Z,2026-10-02T09:03:45-05:00,-31.5,45.5,-34.5,42.5,100.0,-120.0,100.0,-120.0,,,,,ESPN BET,espn_core_odds,14.0,2025-10-25,401752886
2025,2,9,401754571,2025-10-25T16:00Z,0,59,59,GT,183,183,SYR,41.0,16.0,1,2026-10-02T09:01:31-05:00,13.713,0.8674599999999999,2026-01-20T12:00Z,2026-10-02T09:03:45-05:00,-17.5,53.5,-17.5,54.5,-105.0,-115.0,-105.0,-115.0,-1000.0,600.0,-1000.0,600.0,ESPN BET,espn_core_odds,25.0,2025-10-25,401754571
2025,2,9,401752750,2025-10-25T16:00Z,0,201,201,OU,145,145,MISS,26.0,34.0,1,2026-10-02T09:01:31-05:00,1.261,0.55085,2026-01-20T12:00Z,2026-10-02T09:03:45-05:00,-5.5,52.5,-4.5,50.5,-115.0,-105.0,-105.0,-115.0,-195.0,165.0,-210.0,175.0,ESPN BET,espn_core_odds,-8.0,2025-10-25,401752750
2025,2,9,401754572,2025-10-25T23:00Z,0,2390,2390,MIA,24,24,STAN,42.0,7.0,1,2026-10-02T09:01:31-05:00,26.709,0.96317,2026-01-20T12:00Z,2026-10-02T09:03:45-05:00,-28.5,45.5,-29.5,48.5,-115.0,-105.0,-110.0,-110.0,,,,,ESPN BET,espn_core_odds,35.0,2025-10-25,401754572
2025,2,9,401752752,2025-10-25T19:30Z,0,238,238,VAN,142,142,MIZ,17.0,10.0,1,2026-10-02T09:01:31-05:00,1.201,0.55088,2026-01-20T12:00Z,2026-10-02T09:03:45-05:00,-3.5,52.5,-2.5,52.5,100.0,-120.0,-115.0,-105.0,-145.0,125.0,-135.0,115.0,ESPN BET,espn_core_odds,7.0,2025-10-25,401752752
2025,2,9,401756931,2025-10-25T19:30Z,0,66,66,ISU,252,252,BYU,27.0,41.0,1,2026-10-02T09:01:31-05:00,-1.002,0.45817,2026-01-20T12:00Z,2026-10-02T09:03:46-05:00,-2.5,49.5,-2.5,48.5,-110.0,-110.0,-115.0,-105.0,-130.0,110.0,-135.0,115.0,ESPN BET,espn_core_odds,-14.0,2025-10-25,401756931
2025,2,9,401756933,2025-10-25T20:00Z,0,2641,2641,TTU,197,197,OKST,42.0,0.0,1,2026-10-02T09:01:31-05:00,34.309,0.98378,2026-01-20T12:00Z,2026-10-02T09:03:46-05:00,-35.5,56.5,-38.5,57.5,-120.0,100.0,-115.0,-105.0,,,,,ESPN BET,espn_core_odds,42.0,2025-10-25,401756933
2025,2,9,401754573,2025-10-25T16:00Z,0,153,153,UNC,258,258,UVA,16.0,17.0,1,2026-10-02T09:01:31-05:00,-11.962,0.1568,2026-01-20T12:00Z,2026-10-02T09:03:46-05:00,12.5,51.5,9.5,51.5,-110.0,-110.0,100.0,-120.0,360.0,-500.0,320.0,-425.0,ESPN BET,espn_core_odds,-1.0,2025-10-25,401754573
2025,2,9,401752747,2025-10-25T23:45Z,0,96,96,UK,2633,2633,TENN,34.0,56.0,1,2026-10-02T09:01:31-05:00,-7.197,0.24958,2026-01-20T12:00Z,2026-10-02T09:03:46-05:00,7.5,54.5,8.5,53.5,-105.0,-115.0,-110.0,-110.0,240.0,-290.0,280.0,-360.0,ESPN BET,espn_core_odds,-22.0,2025-10-25,401752747
2025,2,9,401762494,2025-10-25T16:00Z,0,235,235,MEM,58,58,USF,34.0,31.0,1,2026-10-02T09:01:31-05:00,-0.068,0.49967,2026-01-20T12:00Z,2026-10-02T09:03:46-05:00,3.5,58.5,3.5,68.5,-125.0,105.0,-110.0,-110.0,130.0,-150.0,175.0,-210.0,ESPN BET,espn_core_odds,3.0,2025-10-25,401762494
2025,2,9,401754570,2025-10-25T23:30Z,0,97,97,LOU,103,103,BC,38.0,24.0,1,2026-10-02T09:01:31-05:00,20.643,0.93117,2026-01-20T12:00Z,2026-10-02T09:03:46-05:00,-25.5,54.5,-24.5,55.5,-110.0,-110.0,-110.0,-110.0,-4000.0,1500.0,-4000.0,1300.0,ESPN BET,espn_core_odds,14.0,2025-10-25,401754570
2025,2,9,401756930,2025-10-25T20:00Z,0,2132,2132,CIN,239,239,BAY,41.0,20.0,1,2026-10-02T09:01:31-05:00,4.582,0.67511,2026-01-20T12:00Z,2026-10-02T09:03:46-05:00,-3.5,69.5,-5.5,66.5,-105.0,-115.0,-110.0,-110.0,-150.0,130.0,-195.0,165.0,ESPN BET,espn_core_odds,21.0,2025-10-25,401756930
2025,2,9,401752749,2025-10-25T20:15Z,0,344,344,MSST,251,251,TEX,38.0,45.0,1,2026-10-02T09:01:31-05:00,-9.07,0.20508,2026-01-20T12:00Z,2026-10-02T09:03:46-05:00,8.5,49.5,6.5,45.5,-110.0,-110.0,-105.0,-115.0,270.0,-340.0,215.0,-260.0,ESPN BET,espn_core_odds,-7.0,2025-10-25,401752749
2025,2,9,401752880,2025-10-25T19:30Z,0,264,264,WASH,356,356,ILL,42.0,25.0,1,2026-10-02T09:01:31-05:00,2.745,0.61509,2026-01-20T12:00Z,2026-10-02T09:03:46-05:00,-3.5,54.5,-4.5,55.5,105.0,-125.0,-105.0,-115.0,-150.0,130.0,-195.0,165.0,ESPN BET,espn_core_odds,17.0,2025-10-25,401752880
2025,2,9,401756929,2025-10-26T00:00Z,0,9,9,ASU,248,248,HOU,16.0,24.0,1,2026-10-02T09:01:31-05:00,6.004,0.71964,2026-01-20T12:00Z,2026-10-02T09:03:46-05:00,-7.5,47.5,-8.5,47.5,-110.0,-110.0,-110.0,-110.0,-280.0,230.0,-300.0,250.0,ESPN BET,espn_core_odds,-8.0,2025-10-25,401756929
2025,2,9,401752881,2025-10-25T23:30Z,0,127,127,MSU,130,130,MICH,20.0,31.0,1,2026-10-02T09:01:31-05:00,-14.727,0.12246,2026-01-20T12:00Z,2026-10-02T09:03:46-05:00,13.5,47.5,13.5,48.5,100.0,-120.0,-105.0,-115.0,400.0,-600.0,425.0,-650.0,ESPN BET,espn_core_odds,-11.0,2025-10-25,401752881
2025,2,9,401752883,2025-10-25T16:00Z,0,158,158,NEB,77,77,NU,28.0,21.0,1,2026-10-02T09:01:31-05:00,7.2,0.75117,2026-01-20T12:00Z,2026-10-02T09:03:46-05:00,-7.5,44.5,-9.5,43.5,105.0,-125.0,-110.0,-110.0,-270.0,220.0,-275.0,225.0,ESPN BET,espn_core_odds,7.0,2025-10-25,401752883
2025,2,9,401752884,2025-10-25T16:00Z,0,2509,2509,PUR,164,164,RUTG,24.0,27.0,1,2026-10-02T09:01:31-05:00,-1.013,0.45557,2026-01-20T12:00Z,2026-10-02T09:03:46-05:00,-2.5,60.5,2.5,57.5,-120.0,100.0,-115.0,-105.0,-135.0,115.0,125.0,-145.0,ESPN BET,espn_core_odds,-3.0,2025-10-25,401752884
2025,2,9,401752942,2025-10-25T16:00Z,0,154,154,WAKE,2567,2567,SMU,13.0,12.0,1,2026-10-02T09:01:31-05:00,-4.786,0.3184,2026-01-20T12:00Z,2026-10-02T09:03:46-05:00,5.5,52.5,3.5,56.5,-115.0,-105.0,-110.0,-110.0,175.0,-210.0,150.0,-175.0,ESPN BET,espn_core_odds,1.0,2025-10-25,401752942
2025,2,9,401756932,2025-10-25T16:00Z,0,2305,2305,KU,2306,2306,KSU,17.0,42.0,1,2026-10-02T09:01:31-05:00,1.662,0.56793,2026-01-20T12:00Z,2026-10-02T09:03:46-05:00,-3.5,55.5,-2.5,54.5,-115.0,-105.0,-120.0,100.0,-165.0,140.0,-140.0,120.0,ESPN BET,espn_core_odds,-25.0,2025-10-25,401756932
2025,2,9,401761635,2025-10-25T16:00Z,0,295,295,ODU,2026,2026,APP,24.0,21.0,1,2026-10-02T09:01:31-05:00,11.413,0.83643,2026-01-20T12:00Z,2026-10-02T09:03:46-05:00,-12.5,60.5,-13.5,58.5,-110.0,-110.0,-110.0,-110.0,-500.0,360.0,-600.0,400.0,ESPN BET,espn_core_odds,3.0,2025-10-25,401761635
2025,2,9,401762846,2025-10-25T16:00Z,0,2309,2309,KENT,189,189,BGSU,24.0,21.0,1,2026-10-02T09:01:31-05:00,-9.59,0.19781,2026-01-20T12:00Z,2026-10-02T09:03:46-05:00,7.5,46.5,8.5,50.5,-110.0,-110.0,-110.0,-110.0,250.0,-300.0,260.0,-320.0,ESPN BET,espn_core_odds,3.0,2025-10-25,401762846
2025,2,9,401762848,2025-10-25T16:00Z,0,2199,2199,EMU,195,195,OHIO,21.0,28.0,1,2026-10-02T09:01:31-05:00,-8.58,0.21478,2026-01-20T12:00Z,2026-10-02T09:03:46-05:00,13.5,60.5,10.5,59.5,-120.0,100.0,-115.0,-105.0,380.0,-550.0,360.0,-500.0,ESPN BET,espn_core_odds,-7.0,2025-10-25,401762848
2025,2,9,401752746,2025-10-25T16:45Z,0,8,8,ARK,2,2,AUB,24.0,33.0,1,2026-10-02T09:01:31-05:00,0.169,0.50636,2026-01-20T12:00Z,2026-10-02T09:03:46-05:00,-2.5,55.5,-1.5,55.5,-110.0,-110.0,-110.0,-110.0,-130.0,110.0,-110.0,-110.0,ESPN BET,espn_core_odds,-9.0,2025-10-25,401752746
2025,2,9,401762844,2025-10-25T17:00Z,0,2084,2084,BUFF,2006,2006,AKR,16.0,24.0,1,2026-10-02T09:01:31-05:00,8.526,0.78502,2026-01-20T12:00Z,2026-10-02T09:03:46-05:00,-10.5,48.5,-10.5,47.5,-105.0,-115.0,-110.0,-110.0,-425.0,320.0,-360.0,280.0,ESPN BET,espn_core_odds,-8.0,2025-10-25,401762844
2025,2,9,401757172,2025-10-25T19:00Z,0,242,242,RICE,41,41,CONN,37.0,34.0,1,2026-10-02T09:01:31-05:00,-8.926,0.21165,2026-01-20T12:00Z,2026-10-02T09:03:46-05:00,9.5,48.5,9.5,48.5,-110.0,-110.0,100.0,-120.0,280.0,-360.0,290.0,-380.0,ESPN BET,espn_core_odds,3.0,2025-10-25,401757172
2025,2,9,401760400,2025-10-25T19:00Z,0,167,167,UNM,328,328,USU,33.0,14.0,1,2026-10-02T09:01:31-05:00,1.486,0.56422,2026-01-20T12:00Z,2026-10-02T09:03:46-05:00,-2.5,60.5,-1.5,62.5,-125.0,105.0,-115.0,-105.0,-145.0,125.0,-140.0,120.0,ESPN BET,espn_core_odds,19.0,2025-10-25,401760400
2025,2,9,401752882,2025-10-25T19:30Z,0,2294,2294,IOWA,135,135,MINN,41.0,3.0,1,2026-10-02T09:01:31-05:00,8.672,0.7854399999999999,2026-01-20T12:00Z,2026-10-02T09:03:46-05:00,-7.5,39.5,-8.5,38.5,-110.0,-110.0,-105.0,-115.0,-300.0,250.0,-320.0,260.0,ESPN BET,espn_core_odds,38.0,2025-10-25,401752882
2025,2,9,401752952,2025-10-25T19:30Z,0,265,265,WSU,2649,2649,TOL,28.0,7.0,1,2026-10-02T09:01:31-05:00,-1.799,0.42501,2026-01-20T12:00Z,2026-10-02T09:03:46-05:00,1.5,45.5,-1.5,50.5,-110.0,-110.0,-115.0,-105.0,105.0,-125.0,-120.0,100.0,ESPN BET,espn_core_odds,21.0,2025-10-25,401752952
2025,2,9,401754574,2025-10-25T19:30Z,0,221,221,PITT,152,152,NCSU,53.0,34.0,1,2026-10-02T09:01:31-05:00,4.584,0.67122,2026-01-20T12:00Z,2026-10-02T09:03:47-05:00,-5.5,52.5,-7.5,54.5,-110.0,-110.0,-105.0,-115.0,-200.0,170.0,-240.0,200.0,ESPN BET,espn_core_odds,19.0,2025-10-25,401754574
2025,2,9,401760399,2025-10-25T19:30Z,0,278,278,FRES,21,21,SDSU,0.0,23.0,1,2026-10-02T09:01:31-05:00,-2.474,0.39518,2026-01-20T12:00Z,2026-10-02T09:03:47-05:00,3.5,45.5,2.5,48.5,-125.0,105.0,-115.0,-105.0,140.0,-165.0,135.0,-155.0,ESPN BET,espn_core_odds,-23.0,2025-10-25,401760399
2025,2,9,401761637,2025-10-25T19:30Z,0,2572,2572,USM,2433,2433,ULM,49.0,21.0,1,2026-10-02T09:01:31-05:00,12.687,0.8538,2026-01-20T12:00Z,2026-10-02T09:03:47-05:00,-13.5,48.5,-10.5,48.5,-125.0,105.0,-105.0,-115.0,-700.0,450.0,-500.0,360.0,ESPN BET,espn_core_odds,28.0,2025-10-25,401761637
2025,2,9,401762493,2025-10-25T19:30Z,0,2426,2426,NAVY,2226,2226,FAU,42.0,32.0,1,2026-10-02T09:01:31-05:00,11.218,0.8325,2026-01-20T12:00Z,2026-10-02T09:03:47-05:00,-14.5,63.5,-14.5,62.5,-105.0,-115.0,100.0,-120.0,-700.0,450.0,-750.0,475.0,ESPN BET,espn_core_odds,10.0,2025-10-25,401762493
2025,2,9,401762495,2025-10-25T19:30Z,0,202,202,TLSA,218,218,TEM,37.0,38.0,1,2026-10-02T09:01:31-05:00,-6.164,0.27384,2026-01-20T12:00Z,2026-10-02T09:03:47-05:00,3.5,52.5,6.5,53.5,-105.0,-115.0,-105.0,-115.0,165.0,-195.0,195.0,-230.0,ESPN BET,espn_core_odds,-1.0,2025-10-25,401762495
2025,2,9,401762845,2025-10-25T19:30Z,0,2459,2459,NIU,2050,2050,BALL,21.0,7.0,1,2026-10-02T09:01:31-05:00,4.451,0.6749199999999999,2026-01-20T12:00Z,2026-10-02T09:03:47-05:00,-6.5,42.5,-4.5,41.5,-120.0,100.0,-110.0,-110.0,-270.0,220.0,-210.0,175.0,ESPN BET,espn_core_odds,14.0,2025-10-25,401762845
2025,2,9,401762847,2025-10-25T19:30Z,0,2117,2117,CMU,113,113,MASS,38.0,13.0,1,2026-10-02T09:01:31-05:00,14.287,0.87269,2026-01-20T12:00Z,2026-10-02T09:03:47-05:00,-17.5,46.5,-15.5,46.5,-110.0,-110.0,-115.0,-105.0,-1000.0,600.0,-900.0,550.0,ESPN BET,espn_core_odds,25.0,2025-10-25,401762847
2025,2,9,401762874,2025-10-25T19:30Z,0,193,193,M-OH,2711,2711,WMU,26.0,17.0,1,2026-10-02T09:01:31-05:00,0.52,0.52088,2026-01-20T12:00Z,2026-10-02T09:03:47-05:00,-2.5,40.5,-2.5,41.5,-120.0,100.0,-115.0,-105.0,-140.0,120.0,-130.0,110.0,ESPN BET,espn_core_odds,9.0,2025-10-25,401762874
2025,2,9,401756935,2025-10-25T22:00Z,0,277,277,WVU,2628,2628,TCU,17.0,23.0,1,2026-10-02T09:01:31-05:00,-10.338,0.18291,2026-01-20T12:00Z,2026-10-02T09:03:47-05:00,16.5,55.5,14.5,55.5,-105.0,-115.0,-115.0,-105.0,450.0,-700.0,475.0,-750.0,ESPN BET,espn_core_odds,-6.0,2025-10-25,401756935
2025,2,9,401761636,2025-10-25T23:00Z,0,2032,2032,ARST,290,290,GASO,34.0,24.0,1,2026-10-02T09:01:31-05:00,2.022,0.58535,2026-01-20T12:00Z,2026-10-02T09:03:47-05:00,-1.5,59.5,-2.5,62.5,100.0,-120.0,-110.0,-110.0,-110.0,-110.0,-135.0,115.0,ESPN BET,espn_core_odds,10.0,2025-10-25,401761636
2025,2,9,401761638,2025-10-25T23:00Z,0,2653,2653,TROY,309,309,UL,35.0,23.0,1,2026-10-02T09:01:31-05:00,7.247,0.75314,2026-01-20T12:00Z,2026-10-02T09:03:47-05:00,-7.5,47.5,-8.5,50.5,100.0,-120.0,-110.0,-110.0,-275.0,225.0,-320.0,260.0,ESPN BET,espn_core_odds,12.0,2025-10-25,401761638
2025,2,9,401760398,2025-10-25T23:30Z,0,2751,2751,WYO,36,36,CSU,28.0,0.0,1,2026-10-02T09:01:31-05:00,0.598,0.5271,2026-01-20T12:00Z,2026-10-02T09:03:47-05:00,-5.5,46.5,-4.5,45.5,-110.0,-110.0,-105.0,-115.0,-200.0,170.0,-230.0,195.0,ESPN BET,espn_core_odds,28.0,2025-10-25,401760398
2025,2,9,401756934,2025-10-26T02:25Z,0,254,254,UTAH,38,38,COLO,53.0,7.0,1,2026-10-02T09:01:31-05:00,11.268,0.83289,2026-01-20T12:00Z,2026-10-02T09:03:47-05:00,-14.5,50.5,-15.5,50.5,-105.0,-115.0,-110.0,-110.0,-750.0,475.0,-700.0,450.0,ESPN BET,espn_core_odds,46.0,2025-10-25,401756934
2025,2,10,401757289,2025-10-29T00:00Z,0,338,338,KENN,2638,2638,UTEP,33.0,20.0,1,2026-10-02T09:01:31-05:00,7.172,0.7494700000000001,2026-01-20T12:00Z,2026-10-02T09:03:47-05:00,-12.5,53.5,-8.5,48.5,-105.0,-115.0,-110.0,-110.0,-550.0,380.0,-380.0,290.0,ESPN BET,espn_core_odds,13.0,2025-10-28,401757289
2025,2,10,401761639,2025-10-29T00:00Z,0,326,326,TXST,256,256,JMU,20.0,52.0,1,2026-10-02T09:01:31-05:00,-2.288,0.4072799999999999,2026-01-20T12:00Z,2026-10-02T09:03:47-05:00,7.5,55.5,6.5,59.5,-120.0,100.0,100.0,-120.0,225.0,-275.0,180.0,-215.0,ESPN BET,espn_core_odds,-32.0,2025-10-28,401761639
2025,2,10,401757292,2025-10-29T23:30Z,0,2393,2393,MTSU,55,55,JVST,21.0,24.0,1,2026-10-02T09:01:31-05:00,-7.06,0.25585,2026-01-20T12:00Z,2026-10-02T09:03:47-05:00,4.5,54.5,5.5,53.5,-115.0,-105.0,-110.0,-110.0,150.0,-175.0,180.0,-215.0,ESPN BET,espn_core_odds,-3.0,2025-10-29,401757292
2025,2,10,401757291,2025-10-30T00:00Z,0,2623,2623,MOST,2229,2229,FIU,28.0,21.0,1,2026-10-02T09:01:31-05:00,4.222,0.6663799999999999,2026-01-20T12:00Z,2026-10-02T09:03:47-05:00,-3.5,50.5,-3.5,52.5,100.0,-120.0,-105.0,-115.0,-150.0,130.0,-170.0,145.0,ESPN BET,espn_core_odds,7.0,2025-10-29,401757291
2025,2,10,401761640,2025-10-30T23:30Z,0,324,324,CCU,276,276,MRSH,44.0,27.0,1,2026-10-02T09:01:31-05:00,-5.596,0.29265,2026-01-20T12:00Z,2026-10-02T09:03:47-05:00,7.5,55.5,4.5,55.5,-125.0,105.0,-115.0,-105.0,220.0,-270.0,165.0,-195.0,ESPN BET,espn_core_odds,17.0,2025-10-30,401761640
2025,2,10,401762443,2025-10-30T23:30Z,0,2636,2636,UTSA,2655,2655,TULN,48.0,26.0,1,2026-10-02T09:01:31-05:00,-3.767,0.35051,2026-01-20T12:00Z,2026-10-02T09:03:47-05:00,5.5,54.5,4.5,55.5,-105.0,-115.0,-110.0,-110.0,190.0,-225.0,150.0,-175.0,ESPN BET,espn_core_odds,22.0,2025-10-30,401762443
2025,2,10,401762497,2025-10-31T23:00Z,0,242,242,RICE,235,235,MEM,14.0,38.0,1,2026-10-02T09:01:31-05:00,-18.501,0.0837,2026-01-20T12:00Z,2026-10-02T09:03:47-05:00,13.5,48.5,13.5,54.5,100.0,-120.0,-105.0,-115.0,425.0,-650.0,450.0,-700.0,ESPN BET,espn_core_odds,-24.0,2025-10-31,401762497
2025,2,10,401754575,2025-10-31T23:30Z,0,183,183,SYR,153,153,UNC,10.0,27.0,1,2026-10-02T09:01:31-05:00,4.796,0.68239,2026-01-20T12:00Z,2026-10-02T09:03:47-05:00,-1.5,45.5,-1.5,48.5,-110.0,-110.0,-110.0,-110.0,-120.0,100.0,-130.0,110.0,ESPN BET,espn_core_odds,-17.0,2025-10-31,401754575
2025,2,10,401757290,2025-11-01T00:00Z,0,2348,2348,LT,2534,2534,SHSU,55.0,14.0,1,2026-10-02T09:01:31-05:00,14.609,0.87865,2026-01-20T12:00Z,2026-10-02T09:03:47-05:00,-16.5,48.5,-16.5,49.5,-115.0,-105.0,-110.0,-110.0,-900.0,550.0,-900.0,550.0,ESPN BET,espn_core_odds,41.0,2025-10-31,401757290
2025,2,10,401752889,2025-11-01T16:00Z,0,194,194,OSU,213,213,PSU,38.0,14.0,1,2026-10-02T09:01:31-05:00,14.805,0.88105,2026-01-20T12:00Z,2026-10-02T09:03:47-05:00,-17.5,45.5,-20.5,43.5,-115.0,-105.0,-115.0,-105.0,-1800.0,900.0,-4000.0,1300.0,ESPN BET,espn_core_odds,24.0,2025-11-01,401752889
2025,2,10,401752887,2025-11-01T19:30Z,0,120,120,MD,84,84,IU,10.0,55.0,1,2026-10-02T09:01:31-05:00,-17.018,0.09534,2026-01-20T12:00Z,2026-10-02T09:03:47-05:00,21.5,50.5,21.5,51.5,-110.0,-110.0,-110.0,-110.0,1100.0,-2500.0,1100.0,-2500.0,ESPN BET,espn_core_odds,-45.0,2025-11-01,401752887
2025,2,10,401752755,2025-11-01T19:30Z,1,57,57,FLA,61,61,UGA,20.0,24.0,1,2026-10-02T09:01:31-05:00,-8.874,0.2092299999999999,2026-01-20T12:00Z,2026-10-02T09:03:47-05:00,6.5,50.5,7.5,50.5,100.0,-120.0,-105.0,-115.0,230.0,-280.0,250.0,-300.0,ESPN BET,espn_core_odds,-4.0,2025-11-01,401752755
2025,2,10,401752756,2025-11-01T23:00Z,0,145,145,MISS,2579,2579,SC,30.0,14.0,1,2026-10-02T09:01:31-05:00,9.796,0.80681,2026-01-20T12:00Z,2026-10-02T09:03:48-05:00,-13.5,56.5,-14.5,53.5,-115.0,-105.0,100.0,-120.0,-600.0,400.0,-450.0,340.0,ESPN BET,espn_core_odds,16.0,2025-11-01,401752756
2025,2,10,401754579,2025-11-01T23:30Z,0,152,152,NCSU,59,59,GT,48.0,36.0,1,2026-10-02T09:01:31-05:00,-5.36,0.29462,2026-01-20T12:00Z,2026-10-02T09:03:48-05:00,4.5,58.5,6.5,57.5,-110.0,-110.0,100.0,-120.0,150.0,-175.0,165.0,-195.0,ESPN BET,espn_core_odds,12.0,2025-11-01,401754579
2025,2,10,401752758,2025-11-01T16:00Z,0,251,251,TEX,238,238,VAN,34.0,31.0,1,2026-10-02T09:01:31-05:00,5.324,0.70028,2026-01-20T12:00Z,2026-10-02T09:03:48-05:00,-3.5,48.5,-2.5,45.5,100.0,-120.0,-110.0,-110.0,-165.0,140.0,-145.0,125.0,ESPN BET,espn_core_odds,3.0,2025-11-01,401752758
2025,2,10,401754581,2025-11-01T16:00Z,0,2567,2567,SMU,2390,2390,MIA,26.0,20.0,1,2026-10-02T09:01:31-05:00,-5.552,0.2942,2026-01-20T12:00Z,2026-10-02T09:03:48-05:00,6.5,46.5,10.5,50.5,130.0,-170.0,-110.0,-110.0,270.0,-340.0,290.0,-380.0,ESPN BET,espn_core_odds,6.0,2025-11-01,401754581
2025,2,10,401754583,2025-11-01T19:30Z,0,103,103,BC,87,87,ND,10.0,25.0,1,2026-10-02T09:01:31-05:00,-29.312,0.02832,2026-01-20T12:00Z,2026-10-02T09:03:48-05:00,30.5,55.5,29.5,58.5,100.0,-120.0,-115.0,-105.0,3000.0,-20000.0,3000.0,-20000.0,ESPN BET,espn_core_odds,-15.0,2025-11-01,401754583
2025,2,10,401756941,2025-11-01T19:30Z,0,2306,2306,KSU,2641,2641,TTU,20.0,43.0,1,2026-10-02T09:01:31-05:00,-3.516,0.35676,2026-01-20T12:00Z,2026-10-02T09:03:48-05:00,7.5,51.5,6.5,53.5,-110.0,-110.0,105.0,-125.0,225.0,-275.0,240.0,-290.0,ESPN BET,espn_core_odds,-23.0,2025-11-01,401756941
2025,2,10,401752757,2025-11-01T23:30Z,0,2633,2633,TENN,201,201,OU,27.0,33.0,1,2026-10-02T09:01:31-05:00,2.967,0.62524,2026-01-20T12:00Z,2026-10-02T09:03:48-05:00,-2.5,55.5,-3.5,56.5,-125.0,105.0,100.0,-120.0,-140.0,120.0,-155.0,135.0,ESPN BET,espn_core_odds,-6.0,2025-11-01,401752757
2025,2,10,401754576,2025-11-01T19:45Z,0,25,25,CAL,258,258,UVA,21.0,31.0,1,2026-10-02T09:01:31-05:00,-4.785,0.32009,2026-01-20T12:00Z,2026-10-02T09:03:48-05:00,5.5,52.5,3.5,54.5,-105.0,-115.0,-105.0,-115.0,180.0,-215.0,160.0,-190.0,ESPN BET,espn_core_odds,-10.0,2025-11-01,401754576
2025,2,10,401754580,2025-11-01T19:00Z,0,259,259,VT,97,97,LOU,16.0,28.0,1,2026-10-02T09:01:31-05:00,-7.04,0.25646,2026-01-20T12:00Z,2026-10-02T09:03:48-05:00,10.5,52.5,10.5,53.5,-115.0,-105.0,-110.0,-110.0,300.0,-400.0,320.0,-425.0,ESPN BET,espn_core_odds,-12.0,2025-11-01,401754580
2025,2,10,401756942,2025-11-02T02:15Z,0,254,254,UTAH,2132,2132,CIN,45.0,14.0,1,2026-10-02T09:01:31-05:00,9.86,0.80397,2026-01-20T12:00Z,2026-10-02T09:03:48-05:00,-9.5,58.5,-7.5,57.5,-120.0,100.0,100.0,-120.0,-450.0,340.0,-275.0,225.0,ESPN BET,espn_core_odds,31.0,2025-11-01,401756942
2025,2,10,401752890,2025-11-01T23:00Z,0,130,130,MICH,2509,2509,PUR,21.0,16.0,1,2026-10-02T09:01:31-05:00,21.731,0.93843,2026-01-20T12:00Z,2026-10-02T09:03:48-05:00,-22.5,48.5,-21.5,50.5,-110.0,-110.0,100.0,-120.0,-2500.0,1100.0,-4000.0,1300.0,ESPN BET,espn_core_odds,5.0,2025-11-01,401752890
2025,2,10,401756938,2025-11-01T16:00Z,0,248,248,HOU,277,277,WVU,35.0,45.0,1,2026-10-02T09:01:31-05:00,9.901,0.80931,2026-01-20T12:00Z,2026-10-02T09:03:48-05:00,-12.5,49.5,-15.5,49.5,-120.0,100.0,-110.0,-110.0,-650.0,425.0,-750.0,475.0,ESPN BET,espn_core_odds,-10.0,2025-11-01,401756938
2025,2,10,401752892,2025-11-01T23:30Z,0,158,158,NEB,30,30,USC,17.0,21.0,1,2026-10-02T09:01:31-05:00,-5.998,0.27771,2026-01-20T12:00Z,2026-10-02T09:03:48-05:00,4.5,58.5,6.5,58.5,-115.0,-105.0,-105.0,-115.0,150.0,-175.0,190.0,-225.0,ESPN BET,espn_core_odds,-4.0,2025-11-01,401752892
2025,2,10,401752891,2025-11-01T16:00Z,0,356,356,ILL,164,164,RUTG,35.0,13.0,1,2026-10-02T09:01:31-05:00,9.304,0.79629,2026-01-20T12:00Z,2026-10-02T09:03:48-05:00,-12.5,63.5,-13.5,62.5,-110.0,-110.0,-105.0,-115.0,-500.0,360.0,-500.0,360.0,ESPN BET,espn_core_odds,22.0,2025-11-01,401752891
2025,2,10,401754577,2025-11-01T16:00Z,0,228,228,CLEM,150,150,DUKE,45.0,46.0,1,2026-10-02T09:01:31-05:00,2.65,0.60317,2026-01-20T12:00Z,2026-10-02T09:03:48-05:00,-4.5,55.5,-3.5,53.5,-115.0,-105.0,100.0,-120.0,-185.0,155.0,-155.0,135.0,ESPN BET,espn_core_odds,-1.0,2025-11-01,401754577
2025,2,10,401756936,2025-11-01T16:00Z,0,239,239,BAY,2116,2116,UCF,30.0,3.0,1,2026-10-02T09:01:31-05:00,0.374,0.50635,2026-01-20T12:00Z,2026-10-02T09:03:48-05:00,-3.5,58.5,-4.5,60.5,-105.0,-115.0,-105.0,-115.0,-165.0,140.0,-210.0,175.0,ESPN BET,espn_core_odds,27.0,2025-11-01,401756936
2025,2,10,401757173,2025-11-01T16:00Z,0,41,41,CONN,5,5,UAB,38.0,19.0,1,2026-10-02T09:01:31-05:00,10.001,0.81207,2026-01-20T12:00Z,2026-10-02T09:03:48-05:00,-10.5,61.5,-11.5,64.5,-105.0,-115.0,-110.0,-110.0,-380.0,290.0,-500.0,360.0,ESPN BET,espn_core_odds,19.0,2025-11-01,401757173
2025,2,10,401760401,2025-11-01T16:00Z,0,2005,2005,AFA,349,349,ARMY,17.0,20.0,1,2026-10-02T09:01:31-05:00,-1.381,0.44639,2026-01-20T12:00Z,2026-10-02T09:03:48-05:00,1.5,48.5,1.5,49.5,-115.0,-105.0,-110.0,-110.0,100.0,-120.0,-115.0,-105.0,ESPN BET,espn_core_odds,-3.0,2025-11-01,401760401
2025,2,10,401762499,2025-11-01T16:00Z,0,249,249,UNT,2426,2426,NAVY,31.0,17.0,1,2026-10-02T09:01:31-05:00,8.746,0.78731,2026-01-20T12:00Z,2026-10-02T09:03:48-05:00,-6.5,68.5,-5.5,63.5,-120.0,100.0,-115.0,-105.0,-250.0,210.0,-225.0,190.0,ESPN BET,espn_core_odds,14.0,2025-11-01,401762499
2025,2,10,401762849,2025-11-01T16:00Z,0,189,189,BGSU,2084,2084,BUFF,3.0,28.0,1,2026-10-02T09:01:31-05:00,4.688,0.67836,2026-01-20T12:00Z,2026-10-02T09:03:48-05:00,-2.5,44.5,-2.5,43.5,-115.0,-105.0,-110.0,-110.0,-130.0,110.0,-120.0,100.0,ESPN BET,espn_core_odds,-25.0,2025-11-01,401762849
2025,2,10,401756939,2025-11-01T17:00Z,0,66,66,ISU,9,9,ASU,19.0,24.0,1,2026-10-02T09:01:31-05:00,4.398,0.6714600000000001,2026-01-20T12:00Z,2026-10-02T09:03:48-05:00,-8.5,48.5,-3.5,50.5,-110.0,-110.0,-105.0,-115.0,-320.0,260.0,-190.0,160.0,ESPN BET,espn_core_odds,-5.0,2025-11-01,401756939
2025,2,10,401762498,2025-11-01T18:00Z,0,218,218,TEM,151,151,ECU,14.0,45.0,1,2026-10-02T09:01:31-05:00,-5.884,0.28249,2026-01-20T12:00Z,2026-10-02T09:03:48-05:00,5.5,58.5,4.5,57.5,-105.0,-115.0,-110.0,-110.0,190.0,-225.0,160.0,-190.0,ESPN BET,espn_core_odds,-31.0,2025-11-01,401762498
2025,2,10,401760404,2025-11-01T19:00Z,0,2439,2439,UNLV,167,167,UNM,35.0,40.0,1,2026-10-02T09:01:31-05:00,5.021,0.6961799999999999,2026-01-20T12:00Z,2026-10-02T09:03:48-05:00,-4.5,60.5,-5.5,62.5,-110.0,-110.0,-105.0,-115.0,-190.0,160.0,-190.0,160.0,ESPN BET,espn_core_odds,-5.0,2025-11-01,401760404
2025,2,10,401752888,2025-11-01T19:30Z,0,135,135,MINN,127,127,MSU,23.0,20.0,1,2026-10-02T09:01:31-05:00,2.865,0.61776,2026-01-20T12:00Z,2026-10-02T09:03:48-05:00,-5.5,44.5,-5.5,44.5,-105.0,-115.0,-105.0,-115.0,-200.0,170.0,-170.0,145.0,ESPN BET,espn_core_odds,3.0,2025-11-01,401752888
2025,2,10,401754582,2025-11-01T19:30Z,0,24,24,STAN,221,221,PITT,20.0,35.0,1,2026-10-02T09:01:31-05:00,-6.818,0.25403,2026-01-20T12:00Z,2026-10-02T09:03:48-05:00,13.5,52.5,13.5,52.5,-110.0,-110.0,100.0,-120.0,380.0,-550.0,425.0,-650.0,ESPN BET,espn_core_odds,-15.0,2025-11-01,401754582
2025,2,10,401757293,2025-11-01T19:30Z,0,2335,2335,LIB,48,48,DEL,59.0,30.0,1,2026-10-02T09:01:31-05:00,2.497,0.60343,2026-01-20T12:00Z,2026-10-02T09:03:49-05:00,-3.5,52.5,-3.5,51.5,-115.0,-105.0,-110.0,-110.0,-175.0,150.0,-145.0,125.0,ESPN BET,espn_core_odds,29.0,2025-11-01,401757293
2025,2,10,401757294,2025-11-01T19:30Z,0,98,98,WKU,166,166,NMSU,35.0,16.0,1,2026-10-02T09:01:31-05:00,7.761,0.76544,2026-01-20T12:00Z,2026-10-02T09:03:49-05:00,-7.5,54.5,-9.5,53.5,-110.0,-110.0,-110.0,-110.0,-290.0,240.0,-340.0,270.0,ESPN BET,espn_core_odds,19.0,2025-11-01,401757294
2025,2,10,401760402,2025-11-01T19:30Z,0,68,68,BOIS,278,278,FRES,7.0,30.0,1,2026-10-02T09:01:31-05:00,18.781,0.91822,2026-01-20T12:00Z,2026-10-02T09:03:49-05:00,-17.5,47.5,-17.5,51.5,-105.0,-115.0,-110.0,-110.0,-1600.0,800.0,-1400.0,750.0,ESPN BET,espn_core_odds,-23.0,2025-11-01,401760402
2025,2,10,401761641,2025-11-01T19:30Z,0,2433,2433,ULM,295,295,ODU,6.0,31.0,1,2026-10-02T09:01:31-05:00,-13.632,0.13199,2026-01-20T12:00Z,2026-10-02T09:03:49-05:00,16.5,55.5,15.5,53.5,100.0,-120.0,-115.0,-105.0,550.0,-1000.0,450.0,-700.0,ESPN BET,espn_core_odds,-25.0,2025-11-01,401761641
2025,2,10,401761642,2025-11-01T19:30Z,0,6,6,USA,309,309,UL,22.0,31.0,1,2026-10-02T09:01:31-05:00,3.072,0.62245,2026-01-20T12:00Z,2026-10-02T09:03:49-05:00,-3.5,52.5,-5.5,54.5,-115.0,-105.0,-105.0,-115.0,-170.0,145.0,-175.0,150.0,ESPN BET,espn_core_odds,-9.0,2025-11-01,401761642
2025,2,10,401752753,2025-11-01T20:00Z,0,8,8,ARK,344,344,MSST,35.0,38.0,1,2026-10-02T09:01:31-05:00,2.373,0.59905,2026-01-20T12:00Z,2026-10-02T09:03:49-05:00,-5.5,66.5,-3.5,67.5,-110.0,-110.0,-115.0,-105.0,-195.0,165.0,-190.0,160.0,ESPN BET,espn_core_odds,-3.0,2025-11-01,401752753
2025,2,10,401756940,2025-11-01T20:00Z,0,2305,2305,KU,197,197,OKST,38.0,21.0,1,2026-10-02T09:01:31-05:00,22.852,0.94542,2026-01-20T12:00Z,2026-10-02T09:03:49-05:00,-24.5,53.5,-24.5,55.5,-110.0,-110.0,-110.0,-110.0,-4000.0,1300.0,-7500.0,,ESPN BET,espn_core_odds,17.0,2025-11-01,401756940
2025,2,10,401762850,2025-11-01T20:00Z,0,2711,2711,WMU,2117,2117,CMU,24.0,21.0,1,2026-10-02T09:01:31-05:00,4.576,0.6763800000000001,2026-01-20T12:00Z,2026-10-02T09:03:49-05:00,-5.5,43.5,-6.5,41.5,-110.0,-110.0,-110.0,-110.0,-200.0,170.0,-185.0,155.0,ESPN BET,espn_core_odds,3.0,2025-11-01,401762850
2025,2,10,401756937,2025-11-01T23:00Z,0,38,38,COLO,12,12,ARIZ,17.0,52.0,1,2026-10-02T09:01:31-05:00,-1.874,0.42121,2026-01-20T12:00Z,2026-10-02T09:03:49-05:00,3.5,51.5,5.5,53.5,-105.0,-115.0,-110.0,-110.0,150.0,-175.0,165.0,-195.0,ESPN BET,espn_core_odds,-35.0,2025-11-01,401756937
2025,2,10,401760405,2025-11-01T23:00Z,0,21,21,SDSU,2751,2751,WYO,24.0,7.0,1,2026-10-02T09:01:31-05:00,9.12,0.79415,2026-01-20T12:00Z,2026-10-02T09:03:49-05:00,-10.5,41.5,-10.5,42.5,100.0,-120.0,-105.0,-115.0,-450.0,340.0,-450.0,340.0,ESPN BET,espn_core_odds,17.0,2025-11-01,401760405
2025,2,10,401752754,2025-11-01T23:30Z,0,2,2,AUB,96,96,UK,3.0,10.0,1,2026-10-02T09:01:31-05:00,8.188,0.77224,2026-01-20T12:00Z,2026-10-02T09:03:49-05:00,-11.5,44.5,-10.5,46.5,-110.0,-110.0,100.0,-120.0,-550.0,380.0,-380.0,290.0,ESPN BET,espn_core_odds,-7.0,2025-11-01,401752754
2025,2,10,401752943,2025-11-01T23:30Z,0,204,204,ORST,265,265,WSU,10.0,7.0,1,2026-10-02T09:01:31-05:00,-3.622,0.35764,2026-01-20T12:00Z,2026-10-02T09:03:49-05:00,3.5,47.5,3.5,49.5,-120.0,100.0,-125.0,105.0,145.0,-170.0,150.0,-175.0,ESPN BET,espn_core_odds,3.0,2025-11-01,401752943
2025,2,10,401754578,2025-11-01T23:30Z,0,52,52,FSU,154,154,WAKE,42.0,7.0,1,2026-10-02T09:01:31-05:00,11.392,0.83317,2026-01-20T12:00Z,2026-10-02T09:03:49-05:00,-12.5,50.5,-7.5,52.5,-110.0,-110.0,-110.0,-110.0,-550.0,380.0,-300.0,250.0,ESPN BET,espn_core_odds,35.0,2025-11-01,401754578
2025,2,10,401761643,2025-11-02T00:00Z,0,2653,2653,TROY,2032,2032,ARST,10.0,23.0,1,2026-10-02T09:01:31-05:00,6.642,0.73529,2026-01-20T12:00Z,2026-10-02T09:03:49-05:00,-7.5,52.5,-7.5,55.5,-105.0,-115.0,-105.0,-115.0,-290.0,240.0,-275.0,225.0,ESPN BET,espn_core_odds,-13.0,2025-11-01,401761643
2025,2,10,401760403,2025-11-02T02:30Z,0,23,23,SJSU,62,62,HAW,45.0,38.0,1,2026-10-02T09:01:31-05:00,3.946,0.65668,2026-01-20T12:00Z,2026-10-02T09:03:49-05:00,-2.5,55.5,-2.5,55.5,-105.0,-115.0,-105.0,-115.0,-130.0,110.0,-125.0,105.0,ESPN BET,espn_core_odds,7.0,2025-11-01,401760403
2025,2,11,401762851,2025-11-05T00:00Z,0,2006,2006,AKR,113,113,MASS,44.0,10.0,1,2026-10-02T09:01:31-05:00,7.762,0.76384,2026-01-20T12:00Z,2026-10-02T09:03:49-05:00,-12.5,51.5,-10.5,48.5,-105.0,-115.0,-110.0,-110.0,-550.0,380.0,-400.0,300.0,ESPN BET,espn_core_odds,34.0,2025-11-04,401762851
2025,2,11,401762852,2025-11-05T00:00Z,0,195,195,OHIO,193,193,M-OH,24.0,20.0,1,2026-10-02T09:01:31-05:00,4.029,0.65731,2026-01-20T12:00Z,2026-10-02T09:03:49-05:00,-2.5,50.5,-3.5,50.5,-120.0,100.0,-110.0,-110.0,-140.0,120.0,-150.0,130.0,ESPN BET,espn_core_odds,4.0,2025-11-04,401762852
2025,2,11,401762853,2025-11-06T00:00Z,0,2050,2050,BALL,2309,2309,KENT,17.0,13.0,1,2026-10-02T09:01:31-05:00,4.466,0.67534,2026-01-20T12:00Z,2026-10-02T09:03:49-05:00,-3.5,48.5,-3.5,46.5,100.0,-120.0,105.0,-125.0,-155.0,135.0,-125.0,105.0,ESPN BET,espn_core_odds,4.0,2025-11-05,401762853
2025,2,11,401762854,2025-11-06T00:00Z,0,2649,2649,TOL,2459,2459,NIU,42.0,3.0,1,2026-10-02T09:01:31-05:00,13.154,0.85961,2026-01-20T12:00Z,2026-10-02T09:03:49-05:00,-15.5,41.5,-14.5,42.5,-115.0,-105.0,-110.0,-110.0,-900.0,550.0,-800.0,500.0,ESPN BET,espn_core_odds,39.0,2025-11-05,401762854
2025,2,11,401761644,2025-11-07T00:30Z,0,2026,2026,APP,290,290,GASO,23.0,25.0,1,2026-10-02T09:01:31-05:00,2.049,0.58053,2026-01-20T12:00Z,2026-10-02T09:03:49-05:00,-4.5,61.5,-5.5,62.5,-115.0,-105.0,-110.0,-110.0,-200.0,170.0,-210.0,175.0,ESPN BET,espn_core_odds,-2.0,2025-11-06,401761644
2025,2,11,401762500,2025-11-07T00:30Z,0,58,58,USF,2636,2636,UTSA,55.0,23.0,1,2026-10-02T09:01:31-05:00,13.039,0.85764,2026-01-20T12:00Z,2026-10-02T09:03:49-05:00,-13.5,66.5,-12.5,67.5,-125.0,105.0,-110.0,-110.0,-700.0,450.0,-800.0,500.0,ESPN BET,espn_core_odds,32.0,2025-11-06,401762500
2025,2,11,401752896,2025-11-08T02:00Z,0,30,30,USC,77,77,NU,38.0,17.0,1,2026-10-02T09:01:31-05:00,17.733,0.90864,2026-01-20T12:00Z,2026-10-02T09:03:49-05:00,-14.5,54.5,-15.5,51.5,-110.0,-110.0,-110.0,-110.0,-800.0,500.0,-750.0,475.0,ESPN BET,espn_core_odds,21.0,2025-11-07,401752896
2025,2,11,401756946,2025-11-08T01:15Z,0,2116,2116,UCF,248,248,HOU,27.0,30.0,1,2026-10-02T09:01:31-05:00,2.65,0.60484,2026-01-20T12:00Z,2026-10-02T09:03:49-05:00,-1.5,47.5,2.5,48.5,-115.0,-105.0,-110.0,-110.0,-125.0,105.0,-110.0,-110.0,ESPN BET,espn_core_odds,-3.0,2025-11-07,401756946
2025,2,11,401762501,2025-11-08T02:10Z,0,235,235,MEM,2655,2655,TULN,32.0,38.0,1,2026-10-02T09:01:31-05:00,6.519,0.7314399999999999,2026-01-20T12:00Z,2026-10-02T09:03:49-05:00,-3.5,53.5,-7.5,57.5,100.0,-120.0,-105.0,-115.0,-150.0,130.0,-200.0,170.0,ESPN BET,espn_core_odds,-6.0,2025-11-07,401762501
2025,2,11,401752897,2025-11-08T18:00Z,0,2509,2509,PUR,194,194,OSU,10.0,34.0,1,2026-10-02T09:01:31-05:00,-28.784,0.02879,2026-01-20T12:00Z,2026-10-02T09:03:49-05:00,30.5,49.5,26.5,47.5,-110.0,-110.0,-105.0,-115.0,3000.0,-20000.0,3000.0,-20000.0,ESPN BET,espn_core_odds,-24.0,2025-11-08,401752897
2025,2,11,401752893,2025-11-08T17:00Z,0,213,213,PSU,84,84,IU,24.0,27.0,1,2026-10-02T09:01:31-05:00,-10.885,0.17319,2026-01-20T12:00Z,2026-10-02T09:03:49-05:00,13.5,50.5,13.5,48.5,-105.0,-115.0,-105.0,-115.0,450.0,-700.0,500.0,-800.0,ESPN BET,espn_core_odds,-3.0,2025-11-08,401752893
2025,2,11,401752763,2025-11-08T20:30Z,0,142,142,MIZ,245,245,TA&M,17.0,38.0,1,2026-10-02T09:01:31-05:00,-1.535,0.43904,2026-01-20T12:00Z,2026-10-02T09:03:49-05:00,6.5,48.5,4.5,49.5,100.0,-120.0,-110.0,-110.0,210.0,-250.0,240.0,-290.0,ESPN BET,espn_core_odds,-21.0,2025-11-08,401752763
2025,2,11,401752759,2025-11-09T00:30Z,0,333,333,ALA,99,99,LSU,20.0,9.0,1,2026-10-02T09:01:31-05:00,9.689,0.80808,2026-01-20T12:00Z,2026-10-02T09:03:49-05:00,-10.5,49.5,-10.5,50.5,-105.0,-115.0,-110.0,-110.0,-400.0,300.0,-380.0,290.0,ESPN BET,espn_core_odds,11.0,2025-11-08,401752759
2025,2,11,401752762,2025-11-08T17:00Z,0,344,344,MSST,61,61,UGA,21.0,41.0,1,2026-10-02T09:01:31-05:00,-8.776,0.2097799999999999,2026-01-20T12:00Z,2026-10-02T09:03:49-05:00,9.5,56.5,8.5,57.5,-110.0,-110.0,-110.0,-110.0,300.0,-400.0,250.0,-300.0,ESPN BET,espn_core_odds,-20.0,2025-11-08,401752762
2025,2,11,401752761,2025-11-08T18:00Z,0,145,145,MISS,2643,2643,CIT,49.0,0.0,1,2026-10-02T09:01:31-05:00,48.426,0.99665,2026-01-20T12:00Z,2026-10-02T09:03:50-05:00,-52.5,63.5,-53.5,64.5,100.0,-120.0,-115.0,-105.0,,,,,ESPN BET,espn_core_odds,49.0,2025-11-08,401752761
2025,2,11,401756945,2025-11-08T17:00Z,0,2641,2641,TTU,252,252,BYU,29.0,7.0,1,2026-10-02T09:01:31-05:00,2.646,0.60936,2026-01-20T12:00Z,2026-10-02T09:03:50-05:00,-13.5,,-10.5,,-105.0,-115.0,-110.0,-110.0,-500.0,360.0,-380.0,290.0,ESPN BET,espn_core_odds,22.0,2025-11-08,401756945
2025,2,11,401752898,2025-11-08T20:30Z,0,2294,2294,IOWA,2483,2483,ORE,16.0,18.0,1,2026-10-02T09:01:31-05:00,-5.339,0.29727,2026-01-20T12:00Z,2026-10-02T09:03:50-05:00,4.5,42.5,5.5,43.5,-105.0,-115.0,-110.0,-110.0,170.0,-200.0,190.0,-225.0,ESPN BET,espn_core_odds,-2.0,2025-11-08,401752898
2025,2,11,401757166,2025-11-09T00:30Z,0,87,87,ND,2426,2426,NAVY,49.0,10.0,1,2026-10-02T09:01:31-05:00,27.378,0.96528,2026-01-20T12:00Z,2026-10-02T09:03:50-05:00,-30.5,54.5,-24.5,55.5,-110.0,-110.0,-105.0,-115.0,-7500.0,2000.0,-7500.0,2000.0,ESPN BET,espn_core_odds,39.0,2025-11-08,401757166
2025,2,11,401754589,2025-11-09T00:00Z,0,258,258,UVA,154,154,WAKE,9.0,16.0,1,2026-10-02T09:01:31-05:00,8.549,0.78494,2026-01-20T12:00Z,2026-10-02T09:03:50-05:00,-7.5,48.5,-6.5,49.5,105.0,-125.0,-110.0,-110.0,-260.0,215.0,-240.0,200.0,ESPN BET,espn_core_odds,-7.0,2025-11-08,401754589
2025,2,11,401754585,2025-11-09T00:00Z,0,97,97,LOU,25,25,CAL,26.0,29.0,1,2026-10-02T09:01:31-05:00,18.486,0.91686,2026-01-20T12:00Z,2026-10-02T09:03:50-05:00,-18.5,49.5,-18.5,49.5,-105.0,-115.0,-110.0,-110.0,-1600.0,800.0,-2500.0,1100.0,ESPN BET,espn_core_odds,-3.0,2025-11-08,401754585
2025,2,11,401752764,2025-11-08T21:00Z,0,238,238,VAN,2,2,AUB,45.0,38.0,1,2026-10-02T09:01:31-05:00,5.611,0.70947,2026-01-20T12:00Z,2026-10-02T09:03:50-05:00,-5.5,46.5,-7.5,45.5,-120.0,100.0,100.0,-120.0,-225.0,190.0,-260.0,215.0,ESPN BET,espn_core_odds,7.0,2025-11-08,401752764
2025,2,11,401754587,2025-11-08T20:30Z,0,2390,2390,MIA,183,183,SYR,38.0,10.0,1,2026-10-02T09:01:31-05:00,26.655,0.96341,2026-01-20T12:00Z,2026-10-02T09:03:50-05:00,-28.5,47.5,-27.5,46.5,-115.0,-105.0,-110.0,-110.0,-50000.0,3500.0,-50000.0,3500.0,ESPN BET,espn_core_odds,28.0,2025-11-08,401754587
2025,2,11,401752899,2025-11-08T21:30Z,0,275,275,WIS,264,264,WASH,13.0,10.0,1,2026-10-02T09:01:31-05:00,-6.417,0.27085,2026-01-20T12:00Z,2026-10-02T09:03:50-05:00,10.5,44.5,11.5,45.5,-105.0,-115.0,-110.0,-110.0,320.0,-425.0,340.0,-450.0,ESPN BET,espn_core_odds,3.0,2025-11-08,401752899
2025,2,11,401754584,2025-11-08T17:00Z,0,103,103,BC,2567,2567,SMU,13.0,45.0,1,2026-10-02T09:01:31-05:00,-11.076,0.17068,2026-01-20T12:00Z,2026-10-02T09:03:50-05:00,10.5,54.5,12.5,51.5,-110.0,-110.0,-110.0,-110.0,340.0,-450.0,340.0,-450.0,ESPN BET,espn_core_odds,-32.0,2025-11-08,401754584
2025,2,11,401756947,2025-11-08T17:00Z,0,277,277,WVU,38,38,COLO,29.0,22.0,1,2026-10-02T09:01:31-05:00,1.275,0.54632,2026-01-20T12:00Z,2026-10-02T09:03:50-05:00,-6.5,51.5,-5.5,53.5,-120.0,100.0,-105.0,-115.0,-250.0,210.0,-215.0,180.0,ESPN BET,espn_core_odds,7.0,2025-11-08,401756947
2025,2,11,401761646,2025-11-08T17:00Z,0,276,276,MRSH,256,256,JMU,23.0,35.0,1,2026-10-02T09:01:31-05:00,-8.527,0.21632,2026-01-20T12:00Z,2026-10-02T09:03:50-05:00,13.5,52.5,12.5,54.5,100.0,-120.0,-110.0,-110.0,425.0,-650.0,380.0,-550.0,ESPN BET,espn_core_odds,-12.0,2025-11-08,401761646
2025,2,11,401761647,2025-11-08T17:00Z,0,2032,2032,ARST,2572,2572,USM,21.0,27.0,1,2026-10-02T09:01:31-05:00,-2.887,0.38055,2026-01-20T12:00Z,2026-10-02T09:03:50-05:00,6.5,54.5,5.5,59.5,-105.0,-115.0,-115.0,-105.0,200.0,-240.0,175.0,-210.0,ESPN BET,espn_core_odds,-6.0,2025-11-08,401761647
2025,2,11,401762503,2025-11-08T17:00Z,0,349,349,ARMY,218,218,TEM,14.0,13.0,1,2026-10-02T09:01:31-05:00,4.492,0.6730000000000002,2026-01-20T12:00Z,2026-10-02T09:03:50-05:00,-7.5,45.5,-5.5,46.5,105.0,-125.0,-115.0,-105.0,-260.0,215.0,-215.0,180.0,ESPN BET,espn_core_odds,1.0,2025-11-08,401762503
2025,2,11,401757299,2025-11-08T18:00Z,0,2335,2335,LIB,2623,2623,MOST,17.0,21.0,1,2026-10-02T09:01:31-05:00,3.831,0.64811,2026-01-20T12:00Z,2026-10-02T09:03:50-05:00,-7.5,51.5,-7.5,50.5,-115.0,-105.0,-105.0,-115.0,-300.0,250.0,-290.0,240.0,ESPN BET,espn_core_odds,-4.0,2025-11-08,401757299
2025,2,11,401762855,2025-11-08T18:00Z,0,2199,2199,EMU,189,189,BGSU,27.0,21.0,1,2026-10-02T09:01:31-05:00,-0.047,0.49747,2026-01-20T12:00Z,2026-10-02T09:03:50-05:00,-3.5,49.5,-2.5,51.5,-105.0,-115.0,-115.0,-105.0,-155.0,135.0,-135.0,115.0,ESPN BET,espn_core_odds,6.0,2025-11-08,401762855
2025,2,11,401762502,2025-11-08T19:00Z,0,242,242,RICE,5,5,UAB,24.0,17.0,1,2026-10-02T09:01:31-05:00,0.638,0.53041,2026-01-20T12:00Z,2026-10-02T09:03:50-05:00,-1.5,51.5,-3.5,54.5,-110.0,-110.0,-110.0,-110.0,-120.0,100.0,-135.0,115.0,ESPN BET,espn_core_odds,7.0,2025-11-08,401762502
2025,2,11,401752894,2025-11-08T19:30Z,0,164,164,RUTG,120,120,MD,35.0,20.0,1,2026-10-02T09:01:31-05:00,0.595,0.53466,2026-01-20T12:00Z,2026-10-02T09:03:50-05:00,-1.5,56.5,-2.5,59.5,-110.0,-110.0,-105.0,-115.0,-120.0,100.0,100.0,-120.0,ESPN BET,espn_core_odds,15.0,2025-11-08,401752894
2025,2,11,401757295,2025-11-08T20:00Z,0,48,48,DEL,2348,2348,LT,25.0,24.0,1,2026-10-02T09:01:31-05:00,-5.754,0.28733,2026-01-20T12:00Z,2026-10-02T09:03:50-05:00,5.5,57.5,5.5,57.5,-110.0,-110.0,-110.0,-110.0,180.0,-215.0,175.0,-210.0,ESPN BET,espn_core_odds,1.0,2025-11-08,401757295
2025,2,11,401757296,2025-11-08T20:00Z,0,2393,2393,MTSU,2229,2229,FIU,30.0,56.0,1,2026-10-02T09:01:31-05:00,0.252,0.51247,2026-01-20T12:00Z,2026-10-02T09:03:50-05:00,-1.5,50.5,1.5,52.5,-115.0,-105.0,-115.0,-105.0,-125.0,105.0,-110.0,-110.0,ESPN BET,espn_core_odds,-26.0,2025-11-08,401757296
2025,2,11,401757297,2025-11-08T20:00Z,0,2638,2638,UTEP,55,55,JVST,27.0,30.0,1,2026-10-02T09:01:31-05:00,-0.517,0.47775,2026-01-20T12:00Z,2026-10-02T09:03:50-05:00,1.5,46.5,2.5,49.5,-110.0,-110.0,100.0,-120.0,100.0,-120.0,-110.0,-110.0,ESPN BET,espn_core_odds,-3.0,2025-11-08,401757297
2025,2,11,401762504,2025-11-08T20:00Z,0,151,151,ECU,2429,2429,CLT,48.0,22.0,1,2026-10-02T09:01:31-05:00,29.402,0.97232,2026-01-20T12:00Z,2026-10-02T09:03:50-05:00,-29.5,56.5,-26.5,55.5,100.0,-120.0,-110.0,-110.0,-6000.0,1800.0,-20000.0,3000.0,ESPN BET,espn_core_odds,26.0,2025-11-08,401762504
2025,2,11,401762505,2025-11-08T20:00Z,0,2226,2226,FAU,202,202,TLSA,40.0,21.0,1,2026-10-02T09:01:31-05:00,5.334,0.69888,2026-01-20T12:00Z,2026-10-02T09:03:50-05:00,-4.5,60.5,-6.5,65.5,-110.0,-110.0,-110.0,-110.0,-185.0,155.0,-165.0,140.0,ESPN BET,espn_core_odds,19.0,2025-11-08,401762505
2025,2,11,401754590,2025-11-08T20:30Z,0,41,41,CONN,150,150,DUKE,37.0,34.0,1,2026-10-02T09:01:31-05:00,-6.338,0.27649,2026-01-20T12:00Z,2026-10-02T09:03:50-05:00,7.5,62.5,8.5,65.5,-105.0,-115.0,-110.0,-110.0,250.0,-300.0,270.0,-340.0,ESPN BET,espn_core_odds,3.0,2025-11-08,401754590
2025,2,11,401756943,2025-11-08T20:30Z,0,12,12,ARIZ,2305,2305,KU,24.0,20.0,1,2026-10-02T09:01:31-05:00,3.724,0.6456399999999999,2026-01-20T12:00Z,2026-10-02T09:03:51-05:00,-6.5,56.5,-5.5,56.5,-115.0,-105.0,-105.0,-115.0,-225.0,190.0,-185.0,155.0,ESPN BET,espn_core_odds,4.0,2025-11-08,401756943
2025,2,11,401756944,2025-11-08T20:30Z,0,2628,2628,TCU,66,66,ISU,17.0,20.0,1,2026-10-02T09:01:31-05:00,4.183,0.66243,2026-01-20T12:00Z,2026-10-02T09:03:51-05:00,-7.5,58.5,-6.5,57.5,-115.0,-105.0,-110.0,-110.0,-320.0,260.0,-215.0,180.0,ESPN BET,espn_core_odds,-3.0,2025-11-08,401756944
2025,2,11,401757298,2025-11-08T21:00Z,0,166,166,NMSU,338,338,KENN,21.0,24.0,1,2026-10-02T09:01:31-05:00,-7.069,0.25733,2026-01-20T12:00Z,2026-10-02T09:03:51-05:00,11.5,52.5,7.5,52.5,-110.0,-110.0,-110.0,-110.0,340.0,-450.0,260.0,-320.0,ESPN BET,espn_core_odds,-3.0,2025-11-08,401757298
2025,2,11,401761645,2025-11-08T21:00Z,0,324,324,CCU,2247,2247,GAST,40.0,27.0,1,2026-10-02T09:01:31-05:00,5.589,0.71072,2026-01-20T12:00Z,2026-10-02T09:03:51-05:00,-7.5,56.5,-7.5,56.5,-105.0,-115.0,-110.0,-110.0,-275.0,225.0,-230.0,195.0,ESPN BET,espn_core_odds,13.0,2025-11-08,401761645
2025,2,11,401754588,2025-11-08T21:30Z,0,153,153,UNC,24,24,STAN,20.0,15.0,1,2026-10-02T09:01:31-05:00,3.098,0.62627,2026-01-20T12:00Z,2026-10-02T09:03:51-05:00,-8.5,41.5,-7.5,42.5,-110.0,-110.0,-115.0,-105.0,-320.0,260.0,-380.0,290.0,ESPN BET,espn_core_odds,5.0,2025-11-08,401754588
2025,2,11,401761648,2025-11-08T22:00Z,0,309,309,UL,326,326,TXST,42.0,39.0,1,2026-10-02T09:01:31-05:00,-2.013,0.41761,2026-01-20T12:00Z,2026-10-02T09:03:51-05:00,3.5,63.5,2.5,64.5,-115.0,-105.0,-105.0,-115.0,145.0,-170.0,105.0,-125.0,ESPN BET,espn_core_odds,3.0,2025-11-08,401761648
2025,2,11,401760406,2025-11-08T23:00Z,0,23,23,SJSU,2005,2005,AFA,16.0,26.0,1,2026-10-02T09:01:31-05:00,4.775,0.6833899999999999,2026-01-20T12:00Z,2026-10-02T09:03:51-05:00,-6.5,68.5,-3.5,65.5,100.0,-120.0,-110.0,-110.0,-210.0,175.0,-155.0,135.0,ESPN BET,espn_core_odds,-10.0,2025-11-08,401760406
2025,2,11,401754586,2025-11-09T00:00Z,0,228,228,CLEM,52,52,FSU,24.0,10.0,1,2026-10-02T09:01:31-05:00,-0.877,0.46493,2026-01-20T12:00Z,2026-10-02T09:03:51-05:00,-1.5,57.5,-2.5,56.5,-110.0,-110.0,-115.0,-105.0,-120.0,100.0,-125.0,105.0,ESPN BET,espn_core_odds,14.0,2025-11-08,401754586
2025,2,11,401752760,2025-11-09T00:30Z,0,96,96,UK,57,57,FLA,38.0,7.0,1,2026-10-02T09:01:31-05:00,-2.126,0.4129,2026-01-20T12:00Z,2026-10-02T09:03:51-05:00,5.5,44.5,4.5,44.5,-110.0,-110.0,-110.0,-110.0,175.0,-210.0,135.0,-155.0,ESPN BET,espn_core_odds,31.0,2025-11-08,401752760
2025,2,11,401760409,2025-11-09T00:30Z,0,328,328,USU,2440,2440,NEV,51.0,14.0,1,2026-10-02T09:01:31-05:00,11.373,0.83315,2026-01-20T12:00Z,2026-10-02T09:03:51-05:00,-9.5,52.5,-11.5,53.5,-115.0,-105.0,-110.0,-110.0,-360.0,280.0,-300.0,250.0,ESPN BET,espn_core_odds,37.0,2025-11-08,401760409
2025,2,11,401752895,2025-11-09T02:00Z,0,26,26,UCLA,158,158,NEB,21.0,28.0,1,2026-10-02T09:01:31-05:00,-4.746,0.31632,2026-01-20T12:00Z,2026-10-02T09:03:51-05:00,-2.5,45.5,-2.5,43.5,-110.0,-110.0,-120.0,100.0,-125.0,105.0,-130.0,110.0,ESPN BET,espn_core_odds,-7.0,2025-11-08,401752895
2025,2,11,401760407,2025-11-09T02:30Z,0,36,36,CSU,2439,2439,UNLV,10.0,42.0,1,2026-10-02T09:01:31-05:00,-3.33,0.3725099999999999,2026-01-20T12:00Z,2026-10-02T09:03:51-05:00,4.5,61.5,5.5,61.5,-105.0,-115.0,-110.0,-110.0,170.0,-200.0,170.0,-200.0,ESPN BET,espn_core_odds,-32.0,2025-11-08,401760407
2025,2,11,401752944,2025-11-09T03:00Z,0,204,204,ORST,2534,2534,SHSU,17.0,21.0,1,2026-10-02T09:01:31-05:00,16.07,0.89642,2026-01-20T12:00Z,2026-10-02T09:03:51-05:00,-21.5,52.5,-18.5,51.5,100.0,-120.0,-110.0,-110.0,-2000.0,1000.0,-2000.0,1000.0,ESPN BET,espn_core_odds,-4.0,2025-11-08,401752944
2025,2,11,401760408,2025-11-09T04:00Z,0,62,62,HAW,21,21,SDSU,38.0,6.0,1,2026-10-02T09:01:31-05:00,-3.293,0.36604,2026-01-20T12:00Z,2026-10-02T09:03:51-05:00,6.5,47.5,6.5,50.5,100.0,-120.0,-115.0,-105.0,210.0,-250.0,200.0,-240.0,ESPN BET,espn_core_odds,32.0,2025-11-08,401760408
2025,2,12,401762856,2025-11-12T00:30Z,0,2006,2006,AKR,2309,2309,KENT,35.0,42.0,1,2026-10-02T09:01:31-05:00,4.806,0.68549,2026-01-20T12:00Z,2026-10-02T09:03:51-05:00,-7.5,49.5,-4.5,48.5,-110.0,-110.0,-115.0,-105.0,-290.0,240.0,-200.0,170.0,ESPN BET,espn_core_odds,-7.0,2025-11-11,401762856
2025,2,12,401762857,2025-11-12T01:00Z,0,2711,2711,WMU,195,195,OHIO,17.0,13.0,1,2026-10-02T09:01:31-05:00,-1.32,0.44163,2026-01-20T12:00Z,2026-10-02T09:03:51-05:00,-1.5,46.5,1.5,47.5,-110.0,-110.0,-110.0,-110.0,-125.0,105.0,100.0,-120.0,ESPN BET,espn_core_odds,4.0,2025-11-11,401762857
2025,2,12,401762858,2025-11-13T00:00Z,0,2117,2117,CMU,2084,2084,BUFF,38.0,19.0,1,2026-10-02T09:01:31-05:00,2.065,0.58061,2026-01-20T12:00Z,2026-10-02T09:03:51-05:00,-2.5,44.5,-2.5,43.5,-115.0,-105.0,-110.0,-110.0,-135.0,115.0,-125.0,105.0,ESPN BET,espn_core_odds,19.0,2025-11-12,401762858
2025,2,12,401762859,2025-11-13T00:00Z,0,113,113,MASS,2459,2459,NIU,3.0,45.0,1,2026-10-02T09:01:31-05:00,-8.404,0.22003,2026-01-20T12:00Z,2026-10-02T09:03:51-05:00,8.5,43.5,10.5,44.5,-110.0,-110.0,-110.0,-110.0,280.0,-360.0,360.0,-500.0,ESPN BET,espn_core_odds,-42.0,2025-11-12,401762859
2025,2,12,401762860,2025-11-13T00:00Z,0,193,193,M-OH,2649,2649,TOL,3.0,24.0,1,2026-10-02T09:01:31-05:00,-3.5,0.36146,2026-01-20T12:00Z,2026-10-02T09:03:51-05:00,6.5,44.5,2.5,50.5,-120.0,100.0,105.0,-125.0,200.0,-240.0,145.0,-170.0,ESPN BET,espn_core_odds,-21.0,2025-11-12,401762860
2025,2,12,401761649,2025-11-14T00:30Z,0,295,295,ODU,2653,2653,TROY,33.0,0.0,1,2026-10-02T09:01:31-05:00,7.171,0.7515,2026-01-20T12:00Z,2026-10-02T09:03:51-05:00,-9.5,53.5,-10.5,53.5,-115.0,-105.0,-115.0,-105.0,-400.0,300.0,-400.0,300.0,ESPN BET,espn_core_odds,33.0,2025-11-13,401761649
2025,2,12,401752904,2025-11-15T02:00Z,0,2483,2483,ORE,135,135,MINN,42.0,13.0,1,2026-10-02T09:01:31-05:00,25.483,0.95833,2026-01-20T12:00Z,2026-10-02T09:03:51-05:00,-26.5,45.5,-21.5,44.5,-110.0,-110.0,-110.0,-110.0,-6000.0,1800.0,-10000.0,2500.0,ESPN BET,espn_core_odds,29.0,2025-11-14,401752904
2025,2,12,401754591,2025-11-15T00:30Z,0,97,97,LOU,228,228,CLEM,19.0,20.0,1,2026-10-02T09:01:31-05:00,1.223,0.55329,2026-01-20T12:00Z,2026-10-02T09:03:51-05:00,-2.5,50.5,-3.5,51.5,-110.0,-110.0,-110.0,-110.0,-130.0,110.0,-155.0,135.0,ESPN BET,espn_core_odds,-1.0,2025-11-14,401754591
2025,2,12,401752900,2025-11-16T00:30Z,0,194,194,OSU,26,26,UCLA,48.0,10.0,1,2026-10-02T09:01:31-05:00,34.075,0.98286,2026-01-20T12:00Z,2026-10-02T09:03:52-05:00,-32.5,46.5,-30.5,48.5,-110.0,-110.0,-110.0,-110.0,,,-50000.0,3500.0,ESPN BET,espn_core_odds,38.0,2025-11-15,401752900
2025,2,12,401752901,2025-11-15T17:00Z,0,84,84,IU,275,275,WIS,31.0,7.0,1,2026-10-02T09:01:31-05:00,28.73,0.97017,2026-01-20T12:00Z,2026-10-02T09:03:52-05:00,-27.5,43.5,-30.5,43.5,-145.0,115.0,-110.0,-110.0,-10000.0,2500.0,-100000.0,,ESPN BET,espn_core_odds,24.0,2025-11-15,401752901
2025,2,12,401752772,2025-11-15T17:00Z,0,245,245,TA&M,2579,2579,SC,31.0,30.0,1,2026-10-02T09:01:31-05:00,12.632,0.85197,2026-01-20T12:00Z,2026-10-02T09:03:52-05:00,-16.5,49.5,-17.5,48.5,-110.0,-110.0,-105.0,-115.0,-800.0,500.0,-2000.0,1000.0,ESPN BET,espn_core_odds,1.0,2025-11-15,401752772
2025,2,12,401752765,2025-11-15T20:30Z,0,333,333,ALA,201,201,OU,21.0,23.0,1,2026-10-02T09:01:31-05:00,5.779,0.71411,2026-01-20T12:00Z,2026-10-02T09:03:52-05:00,-6.5,46.5,-7.5,45.5,-110.0,-104.0,100.0,-120.0,-240.0,205.0,-230.0,195.0,ESPN BET,espn_core_odds,-2.0,2025-11-15,401752765
2025,2,12,401752766,2025-11-16T00:30Z,0,61,61,UGA,251,251,TEX,35.0,10.0,1,2026-10-02T09:01:31-05:00,2.37,0.59893,2026-01-20T12:00Z,2026-10-02T09:03:52-05:00,-3.5,50.5,-6.5,49.5,-115.0,100.0,-110.0,-110.0,-180.0,155.0,-200.0,170.0,ESPN BET,espn_core_odds,25.0,2025-11-15,401752766
2025,2,12,401756953,2025-11-15T20:30Z,0,2641,2641,TTU,2116,2116,UCF,48.0,9.0,1,2026-10-02T09:01:31-05:00,18.263,0.91419,2026-01-20T12:00Z,2026-10-02T09:03:52-05:00,-24.5,48.5,-23.5,47.5,-115.0,-105.0,-115.0,-105.0,-5000.0,1500.0,-7500.0,2000.0,ESPN BET,espn_core_odds,39.0,2025-11-15,401756953
2025,2,12,401752769,2025-11-16T00:00Z,0,145,145,MISS,57,57,FLA,34.0,24.0,1,2026-10-02T09:01:31-05:00,10.112,0.81245,2026-01-20T12:00Z,2026-10-02T09:03:52-05:00,-11.5,53.5,-13.5,52.5,-107.0,-107.0,-115.0,-105.0,-450.0,365.0,-800.0,500.0,ESPN BET,espn_core_odds,10.0,2025-11-15,401752769
2025,2,12,401754597,2025-11-15T17:00Z,0,221,221,PITT,87,87,ND,15.0,37.0,1,2026-10-02T09:01:31-05:00,-7.965,0.2299,2026-01-20T12:00Z,2026-10-02T09:03:52-05:00,12.5,54.5,11.5,56.5,-105.0,-115.0,-115.0,-105.0,380.0,-550.0,300.0,-400.0,ESPN BET,espn_core_odds,-22.0,2025-11-15,401754597
2025,2,12,401756950,2025-11-16T03:15Z,0,252,252,BYU,2628,2628,TCU,44.0,13.0,1,2026-10-02T09:01:31-05:00,6.617,0.73762,2026-01-20T12:00Z,2026-10-02T09:03:52-05:00,-2.5,51.5,-4.5,51.5,-115.0,-105.0,-110.0,-110.0,-155.0,134.0,-200.0,170.0,ESPN BET,espn_core_odds,31.0,2025-11-15,401756950
2025,2,12,401756949,2025-11-16T00:00Z,0,239,239,BAY,254,254,UTAH,28.0,55.0,1,2026-10-02T09:01:31-05:00,-8.686,0.2140499999999999,2026-01-20T12:00Z,2026-10-02T09:03:52-05:00,9.5,61.5,7.5,60.5,-110.0,-110.0,-105.0,-115.0,270.0,-340.0,250.0,-300.0,ESPN BET,espn_core_odds,-27.0,2025-11-15,401756949
2025,2,12,401754595,2025-11-15T20:40Z,0,2390,2390,MIA,152,152,NCSU,41.0,7.0,1,2026-10-02T09:01:31-05:00,15.068,0.88304,2026-01-20T12:00Z,2026-10-02T09:03:52-05:00,-16.5,54.5,-14.5,55.5,-105.0,-115.0,-105.0,-115.0,-900.0,550.0,-800.0,500.0,ESPN BET,espn_core_odds,34.0,2025-11-15,401754595
2025,2,12,401754592,2025-11-15T20:30Z,0,103,103,BC,59,59,GT,34.0,36.0,1,2026-10-02T09:01:31-05:00,-14.128,0.12674,2026-01-20T12:00Z,2026-10-02T09:03:52-05:00,16.5,61.5,16.5,57.5,-102.0,-112.0,-105.0,-115.0,570.0,-800.0,600.0,-1000.0,ESPN BET,espn_core_odds,-2.0,2025-11-15,401754592
2025,2,12,401752907,2025-11-15T20:30Z,0,30,30,USC,2294,2294,IOWA,26.0,21.0,1,2026-10-02T09:01:31-05:00,7.656,0.76383,2026-01-20T12:00Z,2026-10-02T09:03:52-05:00,-6.5,48.5,-6.5,49.5,-112.0,-102.0,-110.0,-110.0,-230.0,200.0,-250.0,210.0,ESPN BET,espn_core_odds,5.0,2025-11-15,401752907
2025,2,12,401752905,2025-11-15T17:00Z,0,77,77,NU,130,130,MICH,22.0,24.0,1,2026-10-02T09:01:31-05:00,-8.849,0.21013,2026-01-20T12:00Z,2026-10-02T09:03:52-05:00,10.5,42.5,10.5,40.5,-115.0,-105.0,-110.0,-110.0,320.0,-425.0,320.0,-425.0,ESPN BET,espn_core_odds,-2.0,2025-11-15,401752905
2025,2,12,401754593,2025-11-15T20:35Z,0,150,150,DUKE,258,258,UVA,17.0,34.0,1,2026-10-02T09:01:31-05:00,2.6,0.60654,2026-01-20T12:00Z,2026-10-02T09:03:52-05:00,-5.5,60.5,-6.5,59.5,100.0,-120.0,-110.0,-110.0,-200.0,170.0,-225.0,190.0,ESPN BET,espn_core_odds,-17.0,2025-11-15,401754593
2025,2,12,401752771,2025-11-15T21:15Z,0,2633,2633,TENN,166,166,NMSU,42.0,9.0,1,2026-10-02T09:01:31-05:00,38.859,0.99003,2026-01-20T12:00Z,2026-10-02T09:03:52-05:00,-41.5,60.5,-38.5,61.5,-120.0,100.0,-110.0,-110.0,,,,,ESPN BET,espn_core_odds,33.0,2025-11-15,401752771
2025,2,12,401762510,2025-11-15T17:00Z,0,2426,2426,NAVY,58,58,USF,41.0,38.0,1,2026-10-02T09:01:31-05:00,-10.608,0.1810699999999999,2026-01-20T12:00Z,2026-10-02T09:03:52-05:00,8.5,62.5,9.5,63.5,-110.0,-110.0,-110.0,-110.0,280.0,-360.0,320.0,-425.0,ESPN BET,espn_core_odds,3.0,2025-11-15,401762510
2025,2,12,401756951,2025-11-15T17:00Z,0,2132,2132,CIN,12,12,ARIZ,24.0,30.0,1,2026-10-02T09:01:31-05:00,4.876,0.68047,2026-01-20T12:00Z,2026-10-02T09:03:52-05:00,-6.5,56.5,-5.5,56.5,-110.0,-110.0,-110.0,-110.0,-210.0,175.0,-215.0,180.0,ESPN BET,espn_core_odds,-6.0,2025-11-15,401756951
2025,2,12,401756952,2025-11-15T17:00Z,0,197,197,OKST,2306,2306,KSU,6.0,14.0,1,2026-10-02T09:01:31-05:00,-20.023,0.07286,2026-01-20T12:00Z,2026-10-02T09:03:52-05:00,19.5,50.5,19.5,54.5,-105.0,-115.0,-115.0,-105.0,800.0,-1600.0,900.0,-1800.0,ESPN BET,espn_core_odds,-8.0,2025-11-15,401756952
2025,2,12,401757174,2025-11-15T17:00Z,0,41,41,CONN,2005,2005,AFA,26.0,16.0,1,2026-10-02T09:01:31-05:00,8.654,0.78641,2026-01-20T12:00Z,2026-10-02T09:03:52-05:00,-7.5,64.5,-8.5,63.5,-105.0,-115.0,-110.0,-110.0,-290.0,240.0,-320.0,260.0,ESPN BET,espn_core_odds,10.0,2025-11-15,401757174
2025,2,12,401762507,2025-11-15T17:00Z,0,2429,2429,CLT,2636,2636,UTSA,7.0,28.0,1,2026-10-02T09:01:31-05:00,-14.96,0.1183899999999999,2026-01-20T12:00Z,2026-10-02T09:03:52-05:00,17.5,57.5,17.5,60.5,-120.0,100.0,-115.0,-105.0,550.0,-900.0,700.0,-1200.0,ESPN BET,espn_core_odds,-21.0,2025-11-15,401762507
2025,2,12,401762861,2025-11-15T17:00Z,0,2050,2050,BALL,2199,2199,EMU,9.0,24.0,1,2026-10-02T09:01:31-05:00,-0.867,0.46567,2026-01-20T12:00Z,2026-10-02T09:03:52-05:00,2.5,48.5,2.5,49.5,100.0,-120.0,100.0,-120.0,125.0,-145.0,115.0,-135.0,ESPN BET,espn_core_odds,-15.0,2025-11-15,401762861
2025,2,12,401752768,2025-11-15T17:45Z,0,99,99,LSU,8,8,ARK,23.0,22.0,1,2026-10-02T09:01:31-05:00,5.203,0.69389,2026-01-20T12:00Z,2026-10-02T09:03:53-05:00,-4.5,58.5,-5.5,55.5,-105.0,-115.0,-110.0,-110.0,-195.0,165.0,-200.0,170.0,ESPN BET,espn_core_odds,1.0,2025-11-15,401752768
2025,2,12,401752945,2025-11-15T18:00Z,0,202,202,TLSA,204,204,ORST,31.0,14.0,1,2026-10-02T09:01:31-05:00,-2.093,0.4168,2026-01-20T12:00Z,2026-10-02T09:03:53-05:00,-1.5,50.5,-1.5,50.5,-115.0,-105.0,-105.0,-115.0,-125.0,105.0,100.0,-120.0,ESPN BET,espn_core_odds,17.0,2025-11-15,401752945
2025,2,12,401756948,2025-11-15T18:00Z,0,9,9,ASU,277,277,WVU,25.0,23.0,1,2026-10-02T09:01:31-05:00,13.022,0.85858,2026-01-20T12:00Z,2026-10-02T09:03:53-05:00,-9.5,46.5,-10.5,47.5,-115.0,-105.0,-105.0,-115.0,-360.0,280.0,-500.0,360.0,ESPN BET,espn_core_odds,2.0,2025-11-15,401756948
2025,2,12,401752767,2025-11-15T18:30Z,0,96,96,UK,2635,2635,TNTC,42.0,10.0,1,2026-10-02T09:01:31-05:00,22.834,0.945,2026-01-20T12:00Z,2026-10-02T09:03:53-05:00,-22.5,52.5,-22.0,52.5,-110.0,-110.0,-110.0,-110.0,-5000.0,1500.0,-2000.0,1000.0,ESPN BET,espn_core_odds,32.0,2025-11-15,401752767
2025,2,12,401761651,2025-11-15T19:00Z,0,2247,2247,GAST,276,276,MRSH,18.0,30.0,1,2026-10-02T09:01:31-05:00,-8.22,0.22381,2026-01-20T12:00Z,2026-10-02T09:03:53-05:00,9.5,59.5,6.5,62.5,-110.0,-110.0,-105.0,-115.0,280.0,-360.0,250.0,-300.0,ESPN BET,espn_core_odds,-12.0,2025-11-15,401761651
2025,2,12,401762506,2025-11-15T19:00Z,0,5,5,UAB,249,249,UNT,24.0,53.0,1,2026-10-02T09:01:31-05:00,-16.464,0.1012299999999999,2026-01-20T12:00Z,2026-10-02T09:03:53-05:00,17.5,69.5,17.5,70.5,-110.0,-110.0,-110.0,-110.0,600.0,-1000.0,750.0,-1400.0,ESPN BET,espn_core_odds,-29.0,2025-11-15,401762506
2025,2,12,401757304,2025-11-15T20:00Z,0,2623,2623,MOST,2638,2638,UTEP,38.0,24.0,1,2026-10-02T09:01:31-05:00,3.369,0.63883,2026-01-20T12:00Z,2026-10-02T09:03:53-05:00,-7.5,48.5,-4.5,50.5,100.0,-120.0,-110.0,-110.0,-270.0,220.0,-175.0,150.0,ESPN BET,espn_core_odds,14.0,2025-11-15,401757304
2025,2,12,401760411,2025-11-15T20:00Z,0,167,167,UNM,36,36,CSU,20.0,17.0,1,2026-10-02T09:01:31-05:00,11.396,0.83311,2026-01-20T12:00Z,2026-10-02T09:03:53-05:00,-15.5,53.5,-14.5,53.5,-120.0,100.0,-110.0,-110.0,-800.0,500.0,-800.0,500.0,ESPN BET,espn_core_odds,3.0,2025-11-15,401760411
2025,2,12,401752903,2025-11-15T20:30Z,0,127,127,MSU,213,213,PSU,10.0,28.0,1,2026-10-02T09:01:31-05:00,-8.943,0.2067899999999999,2026-01-20T12:00Z,2026-10-02T09:03:53-05:00,6.5,49.5,7.5,48.5,105.0,-125.0,-115.0,-105.0,220.0,-270.0,210.0,-250.0,ESPN BET,espn_core_odds,-18.0,2025-11-15,401752903
2025,2,12,401752906,2025-11-15T20:30Z,0,356,356,ILL,120,120,MD,24.0,6.0,1,2026-10-02T09:01:31-05:00,12.317,0.84745,2026-01-20T12:00Z,2026-10-02T09:03:53-05:00,-15.5,51.5,-14.5,54.5,-125.0,105.0,-105.0,-115.0,-900.0,550.0,-750.0,475.0,ESPN BET,espn_core_odds,18.0,2025-11-15,401752906
2025,2,12,401757303,2025-11-15T20:30Z,0,98,98,WKU,2393,2393,MTSU,42.0,26.0,1,2026-10-02T09:01:31-05:00,12.025,0.84336,2026-01-20T12:00Z,2026-10-02T09:03:53-05:00,-13.5,51.5,-13.5,56.5,-115.0,-105.0,-110.0,-110.0,-700.0,450.0,-550.0,380.0,ESPN BET,espn_core_odds,16.0,2025-11-15,401757303
2025,2,12,401760413,2025-11-15T20:30Z,0,2440,2440,NEV,23,23,SJSU,55.0,10.0,1,2026-10-02T09:01:31-05:00,-7.776,0.2336399999999999,2026-01-20T12:00Z,2026-10-02T09:03:53-05:00,9.5,49.5,8.5,52.5,-105.0,-115.0,-110.0,-110.0,280.0,-360.0,250.0,-300.0,ESPN BET,espn_core_odds,45.0,2025-11-15,401760413
2025,2,12,401761652,2025-11-15T20:30Z,0,256,256,JMU,2026,2026,APP,58.0,10.0,1,2026-10-02T09:01:31-05:00,17.075,0.9042,2026-01-20T12:00Z,2026-10-02T09:03:53-05:00,-19.5,54.5,-19.5,53.5,-125.0,105.0,-110.0,-110.0,-1800.0,900.0,-2500.0,1100.0,ESPN BET,espn_core_odds,48.0,2025-11-15,401761652
2025,2,12,401761653,2025-11-15T20:30Z,0,2433,2433,ULM,6,6,USA,14.0,26.0,1,2026-10-02T09:01:31-05:00,-4.934,0.31382,2026-01-20T12:00Z,2026-10-02T09:03:53-05:00,4.5,50.5,3.5,51.5,-115.0,-105.0,-105.0,-115.0,170.0,-200.0,155.0,-185.0,ESPN BET,espn_core_odds,-12.0,2025-11-15,401761653
2025,2,12,401761654,2025-11-15T20:30Z,0,2572,2572,USM,326,326,TXST,14.0,41.0,1,2026-10-02T09:01:31-05:00,3.815,0.64758,2026-01-20T12:00Z,2026-10-02T09:03:53-05:00,-3.5,65.5,-6.5,64.5,-105.0,-115.0,-110.0,-110.0,-155.0,135.0,-215.0,180.0,ESPN BET,espn_core_odds,-27.0,2025-11-15,401761654
2025,2,12,401762508,2025-11-15T21:00Z,0,151,151,ECU,235,235,MEM,31.0,27.0,1,2026-10-02T09:01:31-05:00,0.54,0.52365,2026-01-20T12:00Z,2026-10-02T09:03:53-05:00,-2.5,57.5,-2.5,60.5,-125.0,105.0,-115.0,-105.0,-140.0,120.0,-145.0,125.0,ESPN BET,espn_core_odds,4.0,2025-11-15,401762508
2025,2,12,401762509,2025-11-15T21:00Z,0,2655,2655,TULN,2226,2226,FAU,35.0,24.0,1,2026-10-02T09:01:31-05:00,13.84,0.8713200000000001,2026-01-20T12:00Z,2026-10-02T09:03:53-05:00,-17.5,61.5,-16.5,62.5,-110.0,-110.0,-110.0,-110.0,-700.0,450.0,-800.0,500.0,ESPN BET,espn_core_odds,11.0,2025-11-15,401762509
2025,2,12,401754596,2025-11-15T21:30Z,0,154,154,WAKE,153,153,UNC,28.0,12.0,1,2026-10-02T09:01:31-05:00,5.017,0.68962,2026-01-20T12:00Z,2026-10-02T09:03:53-05:00,-3.5,37.5,-6.5,38.5,-115.0,-105.0,-105.0,-115.0,-170.0,145.0,-225.0,190.0,ESPN BET,espn_core_odds,16.0,2025-11-15,401754596
2025,2,12,401757301,2025-11-15T22:00Z,0,2229,2229,FIU,2335,2335,LIB,34.0,27.0,1,2026-10-02T09:01:31-05:00,-0.186,0.48874,2026-01-20T12:00Z,2026-10-02T09:03:53-05:00,4.5,53.5,2.5,53.5,-170.0,130.0,100.0,-120.0,120.0,-140.0,120.0,-140.0,ESPN BET,espn_core_odds,7.0,2025-11-15,401757301
2025,2,12,401761650,2025-11-15T23:00Z,0,290,290,GASO,324,324,CCU,45.0,40.0,1,2026-10-02T09:01:31-05:00,3.145,0.62803,2026-01-20T12:00Z,2026-10-02T09:03:53-05:00,-3.5,58.5,-2.5,57.5,100.0,-120.0,-115.0,-105.0,-145.0,125.0,-125.0,105.0,ESPN BET,espn_core_odds,5.0,2025-11-15,401761650
2025,2,12,401752902,2025-11-16T00:00Z,0,264,264,WASH,2509,2509,PUR,49.0,13.0,1,2026-10-02T09:01:31-05:00,15.248,0.88674,2026-01-20T12:00Z,2026-10-02T09:03:53-05:00,-14.5,51.5,-15.5,52.5,-115.0,-105.0,-110.0,-110.0,-800.0,500.0,-1200.0,700.0,ESPN BET,espn_core_odds,36.0,2025-11-15,401752902
2025,2,12,401757300,2025-11-16T00:00Z,0,2534,2534,SHSU,48,48,DEL,26.0,23.0,1,2026-10-02T09:01:31-05:00,-3.587,0.35283,2026-01-20T12:00Z,2026-10-02T09:03:53-05:00,13.5,56.5,8.5,56.5,-105.0,-115.0,-110.0,-110.0,360.0,-500.0,280.0,-360.0,ESPN BET,espn_core_odds,3.0,2025-11-15,401757300
2025,2,12,401760414,2025-11-16T00:00Z,0,2439,2439,UNLV,328,328,USU,29.0,26.0,1,2026-10-02T09:01:31-05:00,4.372,0.67262,2026-01-20T12:00Z,2026-10-02T09:03:53-05:00,-4.5,68.5,-5.5,69.5,-115.0,-105.0,-110.0,-110.0,-195.0,165.0,-215.0,180.0,ESPN BET,espn_core_odds,3.0,2025-11-15,401760414
2025,2,12,401754594,2025-11-16T00:30Z,0,52,52,FSU,259,259,VT,34.0,14.0,1,2026-10-02T09:01:31-05:00,10.858,0.8269300000000002,2026-01-20T12:00Z,2026-10-02T09:03:54-05:00,-13.5,53.5,-10.5,54.5,-120.0,100.0,100.0,-120.0,-700.0,450.0,-700.0,450.0,ESPN BET,espn_core_odds,20.0,2025-11-15,401754594
2025,2,12,401752770,2025-11-16T00:45Z,0,142,142,MIZ,344,344,MSST,49.0,27.0,1,2026-10-02T09:01:31-05:00,6.721,0.7389199999999999,2026-01-20T12:00Z,2026-10-02T09:03:54-05:00,-7.5,50.5,-5.5,51.5,-115.0,-105.0,-110.0,-110.0,-340.0,270.0,-240.0,200.0,ESPN BET,espn_core_odds,22.0,2025-11-15,401752770
2025,2,12,401757302,2025-11-16T01:00Z,0,55,55,JVST,338,338,KENN,35.0,26.0,1,2026-10-02T09:01:31-05:00,-0.273,0.48997,2026-01-20T12:00Z,2026-10-02T09:03:54-05:00,3.5,55.5,1.5,51.5,-110.0,-110.0,-105.0,-115.0,140.0,-165.0,115.0,-135.0,ESPN BET,espn_core_odds,9.0,2025-11-15,401757302
2025,2,12,401752953,2025-11-16T03:00Z,0,265,265,WSU,2348,2348,LT,28.0,3.0,1,2026-10-02T09:01:31-05:00,4.999,0.69073,2026-01-20T12:00Z,2026-10-02T09:03:54-05:00,-10.5,43.5,-6.5,47.5,100.0,-120.0,-115.0,-105.0,-400.0,300.0,-240.0,200.0,ESPN BET,espn_core_odds,25.0,2025-11-15,401752953
2025,2,12,401760410,2025-11-16T03:30Z,0,21,21,SDSU,68,68,BOIS,17.0,7.0,1,2026-10-02T09:01:31-05:00,-3.047,0.37255,2026-01-20T12:00Z,2026-10-02T09:03:54-05:00,-2.5,43.5,-2.5,41.5,-105.0,-115.0,-120.0,100.0,-125.0,105.0,-135.0,115.0,ESPN BET,espn_core_odds,10.0,2025-11-15,401760410
2025,2,12,401760412,2025-11-16T03:30Z,0,278,278,FRES,2751,2751,WYO,24.0,3.0,1,2026-10-02T09:01:31-05:00,2.589,0.6078,2026-01-20T12:00Z,2026-10-02T09:03:54-05:00,-2.5,40.5,-4.5,39.5,-125.0,105.0,-110.0,-110.0,-140.0,120.0,-190.0,160.0,ESPN BET,espn_core_odds,21.0,2025-11-15,401760412
2025,2,13,401762862,2025-11-19T00:00Z,0,189,189,BGSU,2006,2006,AKR,16.0,19.0,1,2026-10-02T09:01:31-05:00,6.839,0.74222,2026-01-20T12:00Z,2026-10-02T09:03:54-05:00,-2.5,47.5,-5.5,47.5,-115.0,-105.0,-105.0,-115.0,-135.0,115.0,-165.0,140.0,ESPN BET,espn_core_odds,-3.0,2025-11-18,401762862
2025,2,13,401762864,2025-11-19T00:00Z,0,2459,2459,NIU,2711,2711,WMU,19.0,35.0,1,2026-10-02T09:01:31-05:00,-3.282,0.3696,2026-01-20T12:00Z,2026-10-02T09:03:54-05:00,6.5,38.5,6.5,38.5,105.0,-125.0,-115.0,-105.0,230.0,-280.0,200.0,-240.0,ESPN BET,espn_core_odds,-16.0,2025-11-18,401762864
2025,2,13,401762863,2025-11-19T00:15Z,0,195,195,OHIO,113,113,MASS,42.0,14.0,1,2026-10-02T09:01:31-05:00,31.101,0.97656,2026-01-20T12:00Z,2026-10-02T09:03:54-05:00,-34.5,53.5,-31.5,51.5,-115.0,-105.0,-110.0,-110.0,,,-100000.0,,ESPN BET,espn_core_odds,28.0,2025-11-18,401762863
2025,2,13,401762865,2025-11-20T00:00Z,0,2084,2084,BUFF,193,193,M-OH,20.0,37.0,1,2026-10-02T09:01:31-05:00,-3.223,0.3718999999999999,2026-01-20T12:00Z,2026-10-02T09:03:54-05:00,2.5,38.5,-2.5,39.5,-110.0,-110.0,-115.0,-105.0,115.0,-135.0,-125.0,105.0,ESPN BET,espn_core_odds,-17.0,2025-11-19,401762865
2025,2,13,401762866,2025-11-20T00:00Z,0,2309,2309,KENT,2117,2117,CMU,16.0,28.0,1,2026-10-02T09:01:31-05:00,-6.327,0.27536,2026-01-20T12:00Z,2026-10-02T09:03:54-05:00,7.5,50.5,7.5,47.5,-115.0,-105.0,-125.0,105.0,240.0,-290.0,260.0,-320.0,ESPN BET,espn_core_odds,-12.0,2025-11-19,401762866
2025,2,13,401761655,2025-11-21T00:30Z,0,2032,2032,ARST,309,309,UL,30.0,34.0,1,2026-10-02T09:01:31-05:00,1.635,0.56862,2026-01-20T12:00Z,2026-10-02T09:03:54-05:00,-2.5,54.5,-3.5,54.5,-120.0,100.0,-110.0,-110.0,-140.0,120.0,-150.0,130.0,ESPN BET,espn_core_odds,-4.0,2025-11-20,401761655
2025,2,13,401754598,2025-11-22T01:00Z,0,152,152,NCSU,52,52,FSU,21.0,11.0,1,2026-10-02T09:01:31-05:00,-5.23,0.30511,2026-01-20T12:00Z,2026-10-02T09:03:54-05:00,6.5,59.5,3.5,61.5,105.0,-125.0,-105.0,-115.0,210.0,-250.0,160.0,-190.0,ESPN BET,espn_core_odds,10.0,2025-11-21,401754598
2025,2,13,401760418,2025-11-22T03:30Z,0,2439,2439,UNLV,62,62,HAW,38.0,10.0,1,2026-10-02T09:01:31-05:00,6.239,0.7269200000000001,2026-01-20T12:00Z,2026-10-02T09:03:54-05:00,-2.5,64.5,-3.5,64.5,-110.0,-110.0,105.0,-125.0,-135.0,115.0,-145.0,125.0,ESPN BET,espn_core_odds,28.0,2025-11-21,401760418
2025,2,13,401752912,2025-11-22T17:00Z,0,194,194,OSU,164,164,RUTG,42.0,9.0,1,2026-10-02T09:01:31-05:00,28.269,0.96867,2026-01-20T12:00Z,2026-10-02T09:03:54-05:00,-28.5,54.5,-33.5,55.5,-105.0,-115.0,-105.0,-115.0,-50000.0,3500.0,,,ESPN BET,espn_core_odds,33.0,2025-11-22,401752912
2025,2,13,401752781,2025-11-22T17:00Z,0,245,245,TA&M,2535,2535,SAM,48.0,0.0,1,2026-10-02T09:01:31-05:00,56.126,0.99862,2026-01-20T12:00Z,2026-10-02T09:03:54-05:00,-53.5,58.5,-54.5,59.5,-110.0,-110.0,-105.0,-115.0,,,,,ESPN BET,espn_core_odds,48.0,2025-11-22,401752781
2025,2,13,401752776,2025-11-22T17:45Z,0,61,61,UGA,2429,2429,CLT,35.0,3.0,1,2026-10-02T09:01:31-05:00,50.088,0.99722,2026-01-20T12:00Z,2026-10-02T09:03:54-05:00,-42.5,53.5,-44.5,55.5,100.0,-120.0,-110.0,-110.0,,,,,ESPN BET,espn_core_odds,32.0,2025-11-22,401752776
2025,2,13,401752911,2025-11-22T20:30Z,0,2483,2483,ORE,30,30,USC,42.0,27.0,1,2026-10-02T09:01:31-05:00,5.953,0.71812,2026-01-20T12:00Z,2026-10-02T09:03:54-05:00,-12.5,60.5,-8.5,55.5,-110.0,-110.0,-110.0,-110.0,-450.0,340.0,-425.0,320.0,ESPN BET,espn_core_odds,15.0,2025-11-22,401752911
2025,2,13,401752778,2025-11-22T17:00Z,0,201,201,OU,142,142,MIZ,17.0,6.0,1,2026-10-02T09:01:31-05:00,3.573,0.64083,2026-01-20T12:00Z,2026-10-02T09:03:54-05:00,-4.5,42.5,-9.5,42.5,-105.0,-115.0,-105.0,-115.0,-200.0,170.0,-380.0,290.0,ESPN BET,espn_core_odds,11.0,2025-11-22,401752778
2025,2,13,401754604,2025-11-22T20:30Z,0,87,87,ND,183,183,SYR,70.0,7.0,1,2026-10-02T09:01:31-05:00,30.191,0.97465,2026-01-20T12:00Z,2026-10-02T09:03:54-05:00,-36.5,50.5,-35.5,51.5,-105.0,-115.0,-105.0,-115.0,,,,,ESPN BET,espn_core_odds,63.0,2025-11-22,401754604
2025,2,13,401752773,2025-11-22T19:00Z,0,333,333,ALA,2197,2197,EIU,56.0,0.0,1,2026-10-02T09:01:31-05:00,57.745,0.99886,2026-01-20T12:00Z,2026-10-02T09:03:54-05:00,-54.5,59.5,-50.5,57.5,145.0,-170.0,-110.0,-110.0,,,,,ESPN BET,espn_core_odds,56.0,2025-11-22,401752773
2025,2,13,401756955,2025-11-23T01:00Z,0,2132,2132,CIN,252,252,BYU,14.0,26.0,1,2026-10-02T09:01:31-05:00,-4.695,0.32144,2026-01-20T12:00Z,2026-10-02T09:03:54-05:00,2.5,57.5,2.5,53.5,100.0,-120.0,-105.0,-115.0,125.0,-145.0,105.0,-125.0,ESPN BET,espn_core_odds,-12.0,2025-11-22,401756955
2025,2,13,401756960,2025-11-22T21:00Z,0,254,254,UTAH,2306,2306,KSU,51.0,47.0,1,2026-10-02T09:01:31-05:00,15.198,0.88685,2026-01-20T12:00Z,2026-10-02T09:03:54-05:00,-18.5,52.5,-17.5,52.5,-110.0,-110.0,-115.0,-105.0,-1400.0,750.0,-1000.0,600.0,ESPN BET,espn_core_odds,4.0,2025-11-22,401756960
2025,2,13,401754603,2025-11-22T17:00Z,0,259,259,VT,2390,2390,MIA,17.0,34.0,1,2026-10-02T09:01:31-05:00,-16.756,0.0983,2026-01-20T12:00Z,2026-10-02T09:03:55-05:00,17.5,48.5,16.5,49.5,-105.0,-115.0,-110.0,-110.0,600.0,-1000.0,600.0,-1000.0,ESPN BET,espn_core_odds,-17.0,2025-11-22,401754603
2025,2,13,401752782,2025-11-22T20:30Z,0,238,238,VAN,96,96,UK,45.0,17.0,1,2026-10-02T09:01:31-05:00,7.712,0.76491,2026-01-20T12:00Z,2026-10-02T09:03:55-05:00,-6.5,53.5,-10.5,52.5,-130.0,110.0,100.0,-120.0,-300.0,250.0,-400.0,300.0,ESPN BET,espn_core_odds,28.0,2025-11-22,401752782
2025,2,13,401754601,2025-11-23T00:00Z,0,59,59,GT,221,221,PITT,28.0,42.0,1,2026-10-02T09:01:31-05:00,1.856,0.57172,2026-01-20T12:00Z,2026-10-02T09:03:55-05:00,-2.5,61.5,-2.5,61.5,-110.0,-110.0,-120.0,100.0,-135.0,115.0,-130.0,110.0,ESPN BET,espn_core_odds,-14.0,2025-11-22,401754601
2025,2,13,401752780,2025-11-22T20:30Z,0,251,251,TEX,8,8,ARK,52.0,37.0,1,2026-10-02T09:01:31-05:00,11.144,0.8320399999999999,2026-01-20T12:00Z,2026-10-02T09:03:55-05:00,-10.5,57.5,-10.5,56.5,-105.0,-115.0,-105.0,-115.0,-400.0,300.0,-400.0,300.0,ESPN BET,espn_core_odds,15.0,2025-11-22,401752780
2025,2,13,401752914,2025-11-22T21:00Z,0,120,120,MD,130,130,MICH,20.0,45.0,1,2026-10-02T09:01:31-05:00,-10.398,0.18024,2026-01-20T12:00Z,2026-10-02T09:03:55-05:00,13.5,46.5,13.5,45.5,100.0,-120.0,-110.0,-110.0,475.0,-750.0,425.0,-650.0,ESPN BET,espn_core_odds,-25.0,2025-11-22,401752914
2025,2,13,401752775,2025-11-23T00:30Z,0,57,57,FLA,2633,2633,TENN,11.0,31.0,1,2026-10-02T09:01:31-05:00,-3.719,0.35006,2026-01-20T12:00Z,2026-10-02T09:03:55-05:00,3.5,57.5,3.5,57.5,-115.0,-105.0,-110.0,-110.0,150.0,-175.0,125.0,-145.0,ESPN BET,espn_core_odds,-20.0,2025-11-22,401752775
2025,2,13,401752915,2025-11-23T00:30Z,0,275,275,WIS,356,356,ILL,27.0,10.0,1,2026-10-02T09:01:31-05:00,-5.999,0.2811,2026-01-20T12:00Z,2026-10-02T09:03:55-05:00,8.5,41.5,9.5,42.5,-105.0,-115.0,-105.0,-115.0,280.0,-360.0,290.0,-380.0,ESPN BET,espn_core_odds,17.0,2025-11-22,401752915
2025,2,13,401756957,2025-11-22T21:00Z,0,248,248,HOU,2628,2628,TCU,14.0,17.0,1,2026-10-02T09:01:31-05:00,-0.714,0.4676,2026-01-20T12:00Z,2026-10-02T09:03:55-05:00,1.5,55.5,-2.5,54.5,-110.0,-110.0,-105.0,-115.0,105.0,-125.0,-130.0,110.0,ESPN BET,espn_core_odds,-3.0,2025-11-22,401756957
2025,2,13,401762515,2025-11-22T20:45Z,0,218,218,TEM,2655,2655,TULN,13.0,37.0,1,2026-10-02T09:01:31-05:00,-4.17,0.3352199999999999,2026-01-20T12:00Z,2026-10-02T09:03:55-05:00,7.5,54.5,8.5,54.5,-110.0,-110.0,-115.0,-105.0,230.0,-280.0,260.0,-320.0,ESPN BET,espn_core_odds,-24.0,2025-11-22,401762515
2025,2,13,401756956,2025-11-23T01:00Z,0,38,38,COLO,9,9,ASU,17.0,42.0,1,2026-10-02T09:01:31-05:00,-3.237,0.3681799999999999,2026-01-20T12:00Z,2026-10-02T09:03:55-05:00,6.5,47.5,8.5,48.5,-110.0,-115.0,-110.0,-110.0,200.0,-240.0,230.0,-280.0,ESPN BET,espn_core_odds,-25.0,2025-11-22,401756956
2025,2,13,401752909,2025-11-22T17:00Z,0,77,77,NU,135,135,MINN,38.0,35.0,1,2026-10-02T09:01:31-05:00,3.804,0.65098,2026-01-20T12:00Z,2026-10-02T09:03:55-05:00,-4.5,41.5,-3.5,41.5,-110.0,-110.0,-105.0,-115.0,-190.0,160.0,-195.0,165.0,ESPN BET,espn_core_odds,3.0,2025-11-22,401752909
2025,2,13,401754602,2025-11-22T17:00Z,0,2567,2567,SMU,97,97,LOU,38.0,6.0,1,2026-10-02T09:01:31-05:00,4.543,0.6783100000000001,2026-01-20T12:00Z,2026-10-02T09:03:55-05:00,-3.5,50.5,-3.5,53.5,-115.0,-105.0,-110.0,-110.0,-170.0,145.0,-155.0,135.0,ESPN BET,espn_core_odds,32.0,2025-11-22,401754602
2025,2,13,401754606,2025-11-22T17:00Z,0,154,154,WAKE,48,48,DEL,52.0,14.0,1,2026-10-02T09:01:31-05:00,14.803,0.88201,2026-01-20T12:00Z,2026-10-02T09:03:55-05:00,-17.5,48.5,-18.5,53.5,-115.0,-105.0,-105.0,-115.0,-1600.0,800.0,-1200.0,700.0,ESPN BET,espn_core_odds,38.0,2025-11-22,401754606
2025,2,13,401756958,2025-11-22T17:00Z,0,66,66,ISU,2305,2305,KU,38.0,14.0,1,2026-10-02T09:01:31-05:00,3.569,0.63921,2026-01-20T12:00Z,2026-10-02T09:03:55-05:00,-3.5,55.5,-3.5,54.5,-115.0,-105.0,-115.0,-105.0,-165.0,140.0,-190.0,160.0,ESPN BET,espn_core_odds,24.0,2025-11-22,401756958
2025,2,13,401762512,2025-11-22T17:00Z,0,349,349,ARMY,202,202,TLSA,25.0,26.0,1,2026-10-02T09:01:31-05:00,12.991,0.8583700000000001,2026-01-20T12:00Z,2026-10-02T09:03:55-05:00,-9.5,43.5,-10.5,46.5,-115.0,-105.0,-115.0,-105.0,-380.0,290.0,-425.0,320.0,ESPN BET,espn_core_odds,-1.0,2025-11-22,401762512
2025,2,13,401752954,2025-11-22T18:00Z,0,256,256,JMU,265,265,WSU,24.0,20.0,1,2026-10-02T09:01:31-05:00,12.241,0.8467199999999999,2026-01-20T12:00Z,2026-10-02T09:03:55-05:00,-15.5,45.5,-14.5,44.5,-110.0,-110.0,100.0,-120.0,-800.0,500.0,-800.0,500.0,ESPN BET,espn_core_odds,4.0,2025-11-22,401752954
2025,2,13,401756954,2025-11-22T18:00Z,0,12,12,ARIZ,239,239,BAY,41.0,17.0,1,2026-10-02T09:01:31-05:00,4.685,0.67915,2026-01-20T12:00Z,2026-10-02T09:03:55-05:00,-6.5,60.5,-6.5,62.5,-110.0,-110.0,-105.0,-115.0,-215.0,180.0,-215.0,180.0,ESPN BET,espn_core_odds,24.0,2025-11-22,401756954
2025,2,13,401761657,2025-11-22T18:00Z,0,290,290,GASO,295,295,ODU,10.0,45.0,1,2026-10-02T09:01:31-05:00,-7.882,0.23449,2026-01-20T12:00Z,2026-10-02T09:03:55-05:00,10.5,62.5,9.5,63.5,-120.0,100.0,-105.0,-115.0,300.0,-400.0,380.0,-550.0,ESPN BET,espn_core_odds,-35.0,2025-11-22,401761657
2025,2,13,401752774,2025-11-22T19:00Z,0,2,2,AUB,2382,2382,MER,62.0,17.0,1,2026-10-02T09:01:31-05:00,23.02,0.94617,2026-01-20T12:00Z,2026-10-02T09:03:55-05:00,-26.5,49.5,-28.0,51.5,-110.0,-110.0,-110.0,-110.0,-4000.0,1300.0,-7500.0,2000.0,ESPN BET,espn_core_odds,45.0,2025-11-22,401752774
2025,2,13,401757306,2025-11-22T19:00Z,0,338,338,KENN,2623,2623,MOST,41.0,34.0,1,2026-10-02T09:01:31-05:00,4.331,0.66478,2026-01-20T12:00Z,2026-10-02T09:03:55-05:00,-6.5,54.5,-6.5,58.5,-115.0,-105.0,-110.0,-115.0,-215.0,180.0,-210.0,175.0,ESPN BET,espn_core_odds,7.0,2025-11-22,401757306
2025,2,13,401760419,2025-11-22T19:00Z,0,2751,2751,WYO,2440,2440,NEV,7.0,13.0,1,2026-10-02T09:01:31-05:00,6.396,0.7291200000000001,2026-01-20T12:00Z,2026-10-02T09:03:55-05:00,-6.5,40.5,-7.5,41.5,-115.0,-105.0,100.0,-120.0,-230.0,195.0,-250.0,210.0,ESPN BET,espn_core_odds,-6.0,2025-11-22,401760419
2025,2,13,401762867,2025-11-22T19:00Z,0,2649,2649,TOL,2050,2050,BALL,38.0,9.0,1,2026-10-02T09:01:31-05:00,24.703,0.9543199999999998,2026-01-20T12:00Z,2026-10-02T09:03:55-05:00,-28.5,45.5,-26.5,47.5,-110.0,-110.0,-110.0,-110.0,-4000.0,1300.0,-20000.0,3000.0,ESPN BET,espn_core_odds,29.0,2025-11-22,401762867
2025,2,13,401761656,2025-11-22T19:30Z,0,2026,2026,APP,276,276,MRSH,26.0,24.0,1,2026-10-02T09:01:31-05:00,-4.398,0.32533,2026-01-20T12:00Z,2026-10-02T09:03:55-05:00,3.5,57.5,4.5,54.5,-105.0,-115.0,-115.0,-105.0,155.0,-185.0,150.0,-175.0,ESPN BET,espn_core_odds,2.0,2025-11-22,401761656
2025,2,13,401757175,2025-11-22T20:00Z,0,2226,2226,FAU,41,41,CONN,45.0,48.0,1,2026-10-02T09:01:31-05:00,-3.506,0.35756,2026-01-20T12:00Z,2026-10-02T09:03:55-05:00,5.5,64.5,7.5,67.5,-110.0,-110.0,-110.0,-110.0,190.0,-225.0,225.0,-275.0,ESPN BET,espn_core_odds,-3.0,2025-11-22,401757175
2025,2,13,401757307,2025-11-22T20:00Z,0,2348,2348,LT,2335,2335,LIB,34.0,28.0,1,2026-10-02T09:01:31-05:00,5.281,0.70101,2026-01-20T12:00Z,2026-10-02T09:03:55-05:00,1.5,45.5,-1.5,45.5,-115.0,-105.0,-105.0,-115.0,-105.0,-115.0,-120.0,100.0,ESPN BET,espn_core_odds,6.0,2025-11-22,401757307
2025,2,13,401757308,2025-11-22T20:00Z,0,2393,2393,MTSU,2534,2534,SHSU,31.0,17.0,1,2026-10-02T09:01:31-05:00,3.462,0.63503,2026-01-20T12:00Z,2026-10-02T09:03:56-05:00,-6.5,53.5,-6.5,53.5,-120.0,100.0,-115.0,-105.0,-240.0,200.0,-250.0,210.0,ESPN BET,espn_core_odds,14.0,2025-11-22,401757308
2025,2,13,401757309,2025-11-22T20:00Z,0,2638,2638,UTEP,166,166,NMSU,31.0,34.0,1,2026-10-02T09:01:31-05:00,3.152,0.6275,2026-01-20T12:00Z,2026-10-02T09:03:56-05:00,-4.5,45.5,-3.5,45.5,-110.0,-110.0,-105.0,-115.0,-200.0,170.0,-155.0,135.0,ESPN BET,espn_core_odds,-3.0,2025-11-22,401757309
2025,2,13,401762511,2025-11-22T20:00Z,0,5,5,UAB,58,58,USF,18.0,48.0,1,2026-10-02T09:01:31-05:00,-22.208,0.05879,2026-01-20T12:00Z,2026-10-02T09:03:56-05:00,22.5,68.5,21.5,69.5,-115.0,-105.0,-115.0,-105.0,1200.0,-3000.0,1000.0,-2000.0,ESPN BET,espn_core_odds,-30.0,2025-11-22,401762511
2025,2,13,401752913,2025-11-22T20:30Z,0,2294,2294,IOWA,127,127,MSU,20.0,17.0,1,2026-10-02T09:01:31-05:00,16.082,0.89439,2026-01-20T12:00Z,2026-10-02T09:03:56-05:00,-17.5,43.5,-16.5,42.5,-105.0,-115.0,-115.0,-105.0,-900.0,550.0,-1000.0,600.0,ESPN BET,espn_core_odds,3.0,2025-11-22,401752913
2025,2,13,401754600,2025-11-22T20:30Z,0,153,153,UNC,150,150,DUKE,25.0,32.0,1,2026-10-02T09:01:31-05:00,-7.501,0.24165,2026-01-20T12:00Z,2026-10-02T09:03:56-05:00,6.5,50.5,6.5,51.5,100.0,-120.0,-105.0,-115.0,215.0,-260.0,180.0,-215.0,ESPN BET,espn_core_odds,-7.0,2025-11-22,401754600
2025,2,13,401757305,2025-11-22T20:30Z,0,2229,2229,FIU,55,55,JVST,27.0,21.0,1,2026-10-02T09:01:31-05:00,-0.918,0.45637,2026-01-20T12:00Z,2026-10-02T09:03:56-05:00,-2.5,56.5,-1.5,55.5,-120.0,100.0,-105.0,-115.0,-135.0,115.0,-115.0,-105.0,ESPN BET,espn_core_odds,6.0,2025-11-22,401757305
2025,2,13,401761658,2025-11-22T20:30Z,0,6,6,USA,2572,2572,USM,42.0,35.0,1,2026-10-02T09:01:31-05:00,-1.251,0.4465999999999999,2026-01-20T12:00Z,2026-10-02T09:03:56-05:00,2.5,53.5,2.5,56.5,-110.0,-110.0,-105.0,-115.0,110.0,-130.0,120.0,-140.0,ESPN BET,espn_core_odds,7.0,2025-11-22,401761658
2025,2,13,401762513,2025-11-22T20:30Z,0,2636,2636,UTSA,151,151,ECU,58.0,24.0,1,2026-10-02T09:01:31-05:00,-3.21,0.37066,2026-01-20T12:00Z,2026-10-02T09:03:56-05:00,2.5,61.5,3.5,61.5,-120.0,100.0,-115.0,-105.0,100.0,-120.0,115.0,-135.0,ESPN BET,espn_core_odds,34.0,2025-11-22,401762513
2025,2,13,401756959,2025-11-22T21:00Z,0,2116,2116,UCF,197,197,OKST,17.0,14.0,1,2026-10-02T09:01:31-05:00,16.068,0.89265,2026-01-20T12:00Z,2026-10-02T09:03:56-05:00,-12.5,47.5,-13.5,47.5,-115.0,-105.0,-120.0,100.0,-600.0,400.0,-800.0,500.0,ESPN BET,espn_core_odds,3.0,2025-11-22,401756959
2025,2,13,401761660,2025-11-22T21:00Z,0,2653,2653,TROY,2247,2247,GAST,31.0,19.0,1,2026-10-02T09:01:31-05:00,11.575,0.838,2026-01-20T12:00Z,2026-10-02T09:03:56-05:00,-10.5,51.5,-11.5,51.5,-105.0,-115.0,-110.0,-110.0,-400.0,300.0,-550.0,380.0,ESPN BET,espn_core_odds,12.0,2025-11-22,401761660
2025,2,13,401752779,2025-11-22T21:15Z,0,2579,2579,SC,324,324,CCU,51.0,7.0,1,2026-10-02T09:01:31-05:00,22.248,0.94177,2026-01-20T12:00Z,2026-10-02T09:03:56-05:00,-24.5,50.5,-23.5,53.5,-105.0,-115.0,-110.0,-110.0,-4000.0,1300.0,-5000.0,1500.0,ESPN BET,espn_core_odds,44.0,2025-11-22,401752779
2025,2,13,401754605,2025-11-22T21:30Z,0,228,228,CLEM,231,231,FUR,45.0,10.0,1,2026-10-02T09:01:31-05:00,38.083,0.9892800000000002,2026-01-20T12:00Z,2026-10-02T09:03:56-05:00,-43.5,55.5,-41.5,55.5,-110.0,-110.0,-110.0,-110.0,,,,,ESPN BET,espn_core_odds,35.0,2025-11-22,401754605
2025,2,13,401761659,2025-11-22T22:00Z,0,326,326,TXST,2433,2433,ULM,31.0,14.0,1,2026-10-02T09:01:31-05:00,18.668,0.91714,2026-01-20T12:00Z,2026-10-02T09:03:56-05:00,-20.5,60.5,-18.5,55.5,-110.0,-110.0,-110.0,-110.0,-1400.0,750.0,-1800.0,900.0,ESPN BET,espn_core_odds,17.0,2025-11-22,401761659
2025,2,13,401752908,2025-11-23T00:00Z,0,213,213,PSU,158,158,NEB,37.0,10.0,1,2026-10-02T09:01:31-05:00,5.281,0.7015,2026-01-20T12:00Z,2026-10-02T09:03:56-05:00,-7.5,45.5,-9.5,44.5,-115.0,-105.0,-115.0,-105.0,-300.0,250.0,-360.0,280.0,ESPN BET,espn_core_odds,27.0,2025-11-22,401752908
2025,2,13,401760415,2025-11-23T00:00Z,0,2005,2005,AFA,167,167,UNM,3.0,20.0,1,2026-10-02T09:01:31-05:00,-2.377,0.40521,2026-01-20T12:00Z,2026-10-02T09:03:56-05:00,3.5,53.5,2.5,58.5,-115.0,-105.0,-115.0,-105.0,135.0,-155.0,105.0,-125.0,ESPN BET,espn_core_odds,-17.0,2025-11-22,401760415
2025,2,13,401760416,2025-11-23T00:00Z,0,68,68,BOIS,36,36,CSU,49.0,21.0,1,2026-10-02T09:01:31-05:00,16.545,0.89863,2026-01-20T12:00Z,2026-10-02T09:03:56-05:00,-17.5,46.5,-16.5,45.5,-110.0,-110.0,-110.0,-110.0,-1200.0,700.0,-1000.0,600.0,ESPN BET,espn_core_odds,28.0,2025-11-22,401760416
2025,2,13,401754599,2025-11-23T00:30Z,0,24,24,STAN,25,25,CAL,31.0,10.0,1,2026-10-02T09:01:31-05:00,0.337,0.51261,2026-01-20T12:00Z,2026-10-02T09:03:56-05:00,4.5,47.5,2.5,50.5,-110.0,-110.0,-105.0,-115.0,155.0,-185.0,125.0,-145.0,ESPN BET,espn_core_odds,21.0,2025-11-22,401754599
2025,2,13,401762514,2025-11-23T00:30Z,0,242,242,RICE,249,249,UNT,24.0,56.0,1,2026-10-02T09:01:31-05:00,-16.602,0.10139,2026-01-20T12:00Z,2026-10-02T09:03:56-05:00,18.5,56.5,17.5,55.5,-115.0,-105.0,-115.0,-105.0,750.0,-1400.0,700.0,-1200.0,ESPN BET,espn_core_odds,-32.0,2025-11-22,401762514
2025,2,13,401752777,2025-11-23T00:45Z,0,99,99,LSU,98,98,WKU,13.0,10.0,1,2026-10-02T09:01:31-05:00,23.723,0.94935,2026-01-20T12:00Z,2026-10-02T09:03:56-05:00,-25.5,53.5,-22.5,51.5,-105.0,-115.0,-110.0,-110.0,-4000.0,1300.0,-4000.0,1300.0,ESPN BET,espn_core_odds,3.0,2025-11-22,401752777
2025,2,13,401752910,2025-11-23T03:30Z,0,26,26,UCLA,264,264,WASH,14.0,48.0,1,2026-10-02T09:01:31-05:00,-8.975,0.21001,2026-01-20T12:00Z,2026-10-02T09:03:56-05:00,10.5,51.5,11.5,51.5,-110.0,-110.0,-115.0,-105.0,320.0,-425.0,320.0,-425.0,ESPN BET,espn_core_odds,-34.0,2025-11-22,401752910
2025,2,13,401760417,2025-11-23T03:30Z,0,278,278,FRES,328,328,USU,17.0,28.0,1,2026-10-02T09:01:31-05:00,0.115,0.50457,2026-01-20T12:00Z,2026-10-02T09:03:56-05:00,-1.5,50.5,-2.5,51.5,-120.0,100.0,-115.0,-105.0,-125.0,105.0,-135.0,115.0,ESPN BET,espn_core_odds,-11.0,2025-11-22,401760417
2025,2,13,401760420,2025-11-23T03:30Z,0,21,21,SDSU,23,23,SJSU,25.0,3.0,1,2026-10-02T09:01:31-05:00,12.477,0.85043,2026-01-20T12:00Z,2026-10-02T09:03:56-05:00,-9.5,51.5,-11.5,49.5,-115.0,-105.0,-110.0,-110.0,-400.0,300.0,-500.0,360.0,ESPN BET,espn_core_odds,22.0,2025-11-22,401760420
2025,2,14,401762868,2025-11-25T21:30Z,0,113,113,MASS,189,189,BGSU,14.0,45.0,1,2026-10-02T09:01:31-05:00,-12.539,0.14736,2026-01-20T12:00Z,2026-10-02T09:03:56-05:00,14.5,44.5,15.5,44.5,105.0,100.0,-110.0,-110.0,475.0,-750.0,500.0,-800.0,ESPN BET,espn_core_odds,-31.0,2025-11-25,401762868
2025,2,14,401762869,2025-11-26T00:30Z,0,2199,2199,EMU,2711,2711,WMU,21.0,31.0,1,2026-10-02T09:01:31-05:00,-3.893,0.34008,2026-01-20T12:00Z,2026-10-02T09:03:56-05:00,9.5,49.5,6.5,45.5,100.0,-120.0,-115.0,-105.0,320.0,-425.0,175.0,-210.0,ESPN BET,espn_core_odds,-10.0,2025-11-25,401762869
2025,2,14,401762516,2025-11-28T00:30Z,0,235,235,MEM,2426,2426,NAVY,17.0,28.0,1,2026-10-02T09:01:31-05:00,9.951,0.80883,2026-01-20T12:00Z,2026-10-02T09:03:57-05:00,-3.5,57.5,-5.5,57.5,-115.0,-105.0,-115.0,-105.0,-175.0,150.0,-200.0,170.0,ESPN BET,espn_core_odds,-11.0,2025-11-27,401762516
2025,2,14,401752924,2025-11-29T00:30Z,0,2509,2509,PUR,84,84,IU,3.0,56.0,1,2026-10-02T09:01:31-05:00,-28.736,0.0299799999999999,2026-01-20T12:00Z,2026-10-02T09:03:57-05:00,28.5,54.5,28.5,52.5,-110.0,-110.0,-110.0,-110.0,2000.0,-7500.0,2000.0,-7500.0,ESPN BET,espn_core_odds,-53.0,2025-11-28,401752924
2025,2,14,401752792,2025-11-29T00:30Z,0,251,251,TEX,245,245,TA&M,27.0,17.0,1,2026-10-02T09:01:31-05:00,0.377,0.5149,2026-01-20T12:00Z,2026-10-02T09:03:57-05:00,2.5,54.5,2.5,51.5,-102.0,-112.0,-110.0,-110.0,120.0,-138.0,115.0,-135.0,ESPN BET,espn_core_odds,10.0,2025-11-28,401752792
2025,2,14,401752786,2025-11-28T20:30Z,1,59,59,GT,61,61,UGA,9.0,16.0,1,2026-10-02T09:01:31-05:00,-13.948,0.13037,2026-01-20T12:00Z,2026-10-02T09:03:57-05:00,15.5,59.5,13.5,59.5,-104.0,-110.0,-110.0,-110.0,530.0,-725.0,400.0,-600.0,ESPN BET,espn_core_odds,-7.0,2025-11-28,401752786
2025,2,14,401752788,2025-11-28T17:00Z,0,344,344,MSST,145,145,MISS,19.0,38.0,1,2026-10-02T09:01:31-05:00,-8.687,0.21622,2026-01-20T12:00Z,2026-10-02T09:03:57-05:00,7.5,62.5,7.5,62.5,-117.0,102.0,-105.0,-115.0,242.0,-284.0,215.0,-260.0,ESPN BET,espn_core_odds,-19.0,2025-11-28,401752788
2025,2,14,401756964,2025-11-28T17:00Z,0,2305,2305,KU,254,254,UTAH,21.0,31.0,1,2026-10-02T09:01:31-05:00,-11.025,0.17134,2026-01-20T12:00Z,2026-10-02T09:03:57-05:00,10.5,59.5,13.5,58.5,-110.0,-110.0,-110.0,-110.0,360.0,-500.0,425.0,-650.0,ESPN BET,espn_core_odds,-10.0,2025-11-28,401756964
2025,2,14,401756961,2025-11-29T02:00Z,0,9,9,ASU,12,12,ARIZ,7.0,23.0,1,2026-10-02T09:01:31-05:00,0.255,0.5133,2026-01-20T12:00Z,2026-10-02T09:03:57-05:00,2.5,47.5,1.5,50.5,-125.0,105.0,-115.0,-105.0,100.0,-120.0,-110.0,-110.0,ESPN BET,espn_core_odds,-16.0,2025-11-28,401756961
2025,2,14,401752916,2025-11-28T17:00Z,0,158,158,NEB,2294,2294,IOWA,16.0,40.0,1,2026-10-02T09:01:31-05:00,-2.444,0.39905,2026-01-20T12:00Z,2026-10-02T09:03:57-05:00,5.5,38.5,4.5,38.5,-110.0,-110.0,-110.0,-110.0,180.0,-215.0,190.0,-225.0,ESPN BET,espn_core_odds,-24.0,2025-11-28,401752916
2025,2,14,401762870,2025-11-28T17:00Z,0,2084,2084,BUFF,195,195,OHIO,26.0,31.0,1,2026-10-02T09:01:31-05:00,-6.726,0.26033,2026-01-20T12:00Z,2026-10-02T09:03:57-05:00,7.5,45.5,6.5,47.5,-125.0,105.0,-110.0,-110.0,195.0,-230.0,190.0,-225.0,ESPN BET,espn_core_odds,-5.0,2025-11-28,401762870
2025,2,14,401762871,2025-11-28T17:00Z,0,2459,2459,NIU,2309,2309,KENT,31.0,35.0,1,2026-10-02T09:01:31-05:00,7.425,0.7598199999999999,2026-01-20T12:00Z,2026-10-02T09:03:57-05:00,-5.5,44.5,-4.5,44.5,-105.0,-115.0,-105.0,-115.0,-210.0,175.0,-190.0,160.0,ESPN BET,espn_core_odds,-4.0,2025-11-28,401762871
2025,2,14,401760421,2025-11-28T20:00Z,0,36,36,CSU,2005,2005,AFA,21.0,42.0,1,2026-10-02T09:01:31-05:00,-0.097,0.49494,2026-01-20T12:00Z,2026-10-02T09:03:57-05:00,2.5,47.5,2.5,50.5,-105.0,-115.0,-110.0,-110.0,115.0,-135.0,125.0,-145.0,ESPN BET,espn_core_odds,-21.0,2025-11-28,401760421
2025,2,14,401760426,2025-11-28T20:30Z,0,167,167,UNM,21,21,SDSU,23.0,17.0,1,2026-10-02T09:01:31-05:00,-0.473,0.4840099999999999,2026-01-20T12:00Z,2026-10-02T09:03:57-05:00,1.5,41.5,1.5,41.5,-115.0,-105.0,-110.0,-110.0,100.0,-120.0,100.0,-120.0,ESPN BET,espn_core_odds,6.0,2025-11-28,401760426
2025,2,14,401762442,2025-11-28T20:30Z,0,249,249,UNT,218,218,TEM,52.0,25.0,1,2026-10-02T09:01:31-05:00,17.893,0.91046,2026-01-20T12:00Z,2026-10-02T09:03:57-05:00,-20.5,65.5,-19.5,64.5,100.0,-120.0,-110.0,-110.0,-1800.0,900.0,-2500.0,1100.0,ESPN BET,espn_core_odds,27.0,2025-11-28,401762442
2025,2,14,401760422,2025-11-28T21:00Z,0,328,328,USU,68,68,BOIS,24.0,25.0,1,2026-10-02T09:01:31-05:00,-3.757,0.35377,2026-01-20T12:00Z,2026-10-02T09:03:57-05:00,1.5,54.5,4.5,55.5,100.0,-120.0,-110.0,-110.0,-110.0,-110.0,130.0,-150.0,ESPN BET,espn_core_odds,-1.0,2025-11-28,401760422
2025,2,14,401752921,2025-11-29T17:00Z,0,130,130,MICH,194,194,OSU,9.0,27.0,1,2026-10-02T09:01:31-05:00,-8.701,0.21602,2026-01-20T12:00Z,2026-10-02T09:03:57-05:00,9.5,43.5,11.5,44.5,100.0,-120.0,-110.0,-110.0,320.0,-425.0,300.0,-400.0,ESPN BET,espn_core_odds,-18.0,2025-11-29,401752921
2025,2,14,401756968,2025-11-29T17:00Z,0,277,277,WVU,2641,2641,TTU,0.0,49.0,1,2026-10-02T09:01:31-05:00,-18.401,0.0842,2026-01-20T12:00Z,2026-10-02T09:03:57-05:00,24.5,53.5,20.5,52.5,-115.0,-105.0,100.0,-120.0,1200.0,-3000.0,1100.0,-2500.0,ESPN BET,espn_core_odds,-49.0,2025-11-29,401756968
2025,2,14,401752917,2025-11-29T20:30Z,0,264,264,WASH,2483,2483,ORE,14.0,26.0,1,2026-10-02T09:01:31-05:00,-7.49,0.23837,2026-01-20T12:00Z,2026-10-02T09:03:57-05:00,6.5,51.5,7.5,52.5,102.0,-117.0,-110.0,-110.0,210.0,-245.0,200.0,-240.0,ESPN BET,espn_core_odds,-12.0,2025-11-29,401752917
2025,2,14,401752789,2025-11-29T20:30Z,0,201,201,OU,99,99,LSU,17.0,13.0,1,2026-10-02T09:01:31-05:00,6.827,0.73984,2026-01-20T12:00Z,2026-10-02T09:03:57-05:00,-11.5,36.5,-10.5,38.5,-107.0,-107.0,100.0,-120.0,-500.0,400.0,-425.0,320.0,ESPN BET,espn_core_odds,4.0,2025-11-29,401752789
2025,2,14,401754614,2025-11-30T03:30Z,0,24,24,STAN,87,87,ND,20.0,49.0,1,2026-10-02T09:01:31-05:00,-24.835,0.04546,2026-01-20T12:00Z,2026-10-02T09:03:57-05:00,33.5,49.5,32.5,51.5,-115.0,-105.0,-110.0,-110.0,3500.0,-50000.0,3500.0,-50000.0,ESPN BET,espn_core_odds,-29.0,2025-11-29,401754614
2025,2,14,401752784,2025-11-30T00:30Z,0,2,2,AUB,333,333,ALA,20.0,27.0,1,2026-10-02T09:01:31-05:00,-6.759,0.26331,2026-01-20T12:00Z,2026-10-02T09:03:57-05:00,6.5,48.5,3.5,48.5,106.0,-122.0,-105.0,-115.0,235.0,-277.0,190.0,-225.0,ESPN BET,espn_core_odds,-7.0,2025-11-29,401752784
2025,2,14,401756963,2025-11-29T18:00Z,0,252,252,BYU,2116,2116,UCF,41.0,21.0,1,2026-10-02T09:01:31-05:00,21.352,0.93586,2026-01-20T12:00Z,2026-10-02T09:03:57-05:00,-17.5,46.5,-18.5,47.5,-115.0,-105.0,-110.0,-110.0,-1400.0,750.0,-2000.0,1000.0,ESPN BET,espn_core_odds,20.0,2025-11-29,401756963
2025,2,14,401754611,2025-11-29T17:00Z,0,221,221,PITT,2390,2390,MIA,7.0,38.0,1,2026-10-02T09:01:31-05:00,-5.151,0.30265,2026-01-20T12:00Z,2026-10-02T09:03:57-05:00,6.5,49.5,6.5,51.5,-105.0,-115.0,100.0,-120.0,200.0,-240.0,210.0,-250.0,ESPN BET,espn_core_odds,-31.0,2025-11-29,401754611
2025,2,14,401752791,2025-11-29T20:30Z,0,2633,2633,TENN,238,238,VAN,24.0,45.0,1,2026-10-02T09:01:31-05:00,1.711,0.57169,2026-01-20T12:00Z,2026-10-02T09:03:58-05:00,-2.5,66.5,-3.5,64.5,-107.0,-107.0,100.0,-120.0,-124.0,110.0,-130.0,110.0,ESPN BET,espn_core_odds,-21.0,2025-11-29,401752791
2025,2,14,401752919,2025-11-30T00:30Z,0,30,30,USC,26,26,UCLA,29.0,10.0,1,2026-10-02T09:01:31-05:00,23.614,0.94904,2026-01-20T12:00Z,2026-10-02T09:03:58-05:00,-21.5,59.5,-20.5,62.5,100.0,-120.0,-110.0,-110.0,-2000.0,1000.0,-4000.0,1300.0,ESPN BET,espn_core_odds,19.0,2025-11-29,401752919
2025,2,14,401754613,2025-11-30T00:00Z,0,258,258,UVA,259,259,VT,27.0,7.0,1,2026-10-02T09:01:31-05:00,9.654,0.8005200000000001,2026-01-20T12:00Z,2026-10-02T09:03:58-05:00,-9.5,53.5,-11.5,52.5,-110.0,-110.0,-105.0,-115.0,-380.0,290.0,-500.0,360.0,ESPN BET,espn_core_odds,20.0,2025-11-29,401754613
2025,2,14,401754609,2025-11-30T01:00Z,0,25,25,CAL,2567,2567,SMU,38.0,35.0,1,2026-10-02T09:01:31-05:00,-12.817,0.14481,2026-01-20T12:00Z,2026-10-02T09:03:58-05:00,13.5,52.5,10.5,55.5,-110.0,-110.0,-110.0,-110.0,400.0,-600.0,380.0,-550.0,ESPN BET,espn_core_odds,3.0,2025-11-29,401754609
2025,2,14,401762518,2025-11-30T00:30Z,0,2655,2655,TULN,2429,2429,CLT,27.0,0.0,1,2026-10-02T09:01:31-05:00,28.086,0.96801,2026-01-20T12:00Z,2026-10-02T09:03:58-05:00,-31.5,52.5,-29.5,52.5,100.0,-120.0,-105.0,-115.0,-100000.0,4000.0,-50000.0,3500.0,ESPN BET,espn_core_odds,27.0,2025-11-29,401762518
2025,2,14,401752787,2025-11-29T17:00Z,0,97,97,LOU,96,96,UK,41.0,0.0,1,2026-10-02T09:01:31-05:00,0.701,0.53371,2026-01-20T12:00Z,2026-10-02T09:03:58-05:00,1.5,45.5,-4.5,47.5,-115.0,-105.0,-110.0,-110.0,105.0,-125.0,-145.0,125.0,ESPN BET,espn_core_odds,41.0,2025-11-29,401752787
2025,2,14,401752790,2025-11-29T17:00Z,0,2579,2579,SC,228,228,CLEM,14.0,28.0,1,2026-10-02T09:01:31-05:00,3.319,0.63322,2026-01-20T12:00Z,2026-10-02T09:03:58-05:00,-2.5,45.5,-2.5,47.5,-115.0,-105.0,-110.0,-110.0,-135.0,115.0,-125.0,105.0,ESPN BET,espn_core_odds,-14.0,2025-11-29,401752790
2025,2,14,401756962,2025-11-29T17:00Z,0,239,239,BAY,248,248,HOU,24.0,31.0,1,2026-10-02T09:01:31-05:00,1.989,0.58145,2026-01-20T12:00Z,2026-10-02T09:03:58-05:00,-2.5,57.5,-2.5,60.5,-110.0,-110.0,-110.0,-110.0,-135.0,115.0,-120.0,100.0,ESPN BET,espn_core_odds,-7.0,2025-11-29,401756962
2025,2,14,401756965,2025-11-29T17:00Z,0,2306,2306,KSU,38,38,COLO,24.0,14.0,1,2026-10-02T09:01:31-05:00,11.213,0.83034,2026-01-20T12:00Z,2026-10-02T09:03:58-05:00,-16.5,50.5,-17.5,51.5,100.0,-120.0,-105.0,-115.0,-1000.0,600.0,-1400.0,750.0,ESPN BET,espn_core_odds,10.0,2025-11-29,401756965
2025,2,14,401756966,2025-11-29T17:00Z,0,197,197,OKST,66,66,ISU,13.0,20.0,1,2026-10-02T09:01:31-05:00,-18.777,0.08149,2026-01-20T12:00Z,2026-10-02T09:03:58-05:00,13.5,47.5,14.5,49.5,100.0,-120.0,-110.0,-110.0,450.0,-700.0,450.0,-700.0,ESPN BET,espn_core_odds,-7.0,2025-11-29,401756966
2025,2,14,401762519,2025-11-29T17:00Z,0,2226,2226,FAU,151,151,ECU,3.0,42.0,1,2026-10-02T09:01:31-05:00,-7.233,0.2484499999999999,2026-01-20T12:00Z,2026-10-02T09:03:58-05:00,6.5,66.5,6.5,66.5,-110.0,-110.0,-115.0,-105.0,210.0,-250.0,180.0,-215.0,ESPN BET,espn_core_odds,-39.0,2025-11-29,401762519
2025,2,14,401762872,2025-11-29T17:00Z,0,2117,2117,CMU,2649,2649,TOL,3.0,21.0,1,2026-10-02T09:01:31-05:00,-9.404,0.19996,2026-01-20T12:00Z,2026-10-02T09:03:58-05:00,10.5,46.5,8.5,43.5,-110.0,-110.0,-110.0,-110.0,320.0,-425.0,340.0,-450.0,ESPN BET,espn_core_odds,-18.0,2025-11-29,401762872
2025,2,14,401762875,2025-11-29T17:00Z,0,193,193,M-OH,2050,2050,BALL,45.0,24.0,1,2026-10-02T09:01:31-05:00,15.575,0.8859,2026-01-20T12:00Z,2026-10-02T09:03:58-05:00,-16.5,40.5,-17.5,41.5,-115.0,-105.0,-110.0,-110.0,-900.0,550.0,-2000.0,1000.0,ESPN BET,espn_core_odds,21.0,2025-11-29,401762875
2025,2,14,401757310,2025-11-29T18:00Z,0,48,48,DEL,2638,2638,UTEP,61.0,31.0,1,2026-10-02T09:01:31-05:00,2.182,0.5871,2026-01-20T12:00Z,2026-10-02T09:03:58-05:00,-4.5,55.5,-6.5,54.5,-110.0,-110.0,-105.0,-115.0,-195.0,165.0,-200.0,170.0,ESPN BET,espn_core_odds,30.0,2025-11-29,401757310
2025,2,14,401757311,2025-11-29T18:00Z,0,2534,2534,SHSU,2229,2229,FIU,16.0,56.0,1,2026-10-02T09:01:31-05:00,-6.425,0.2698,2026-01-20T12:00Z,2026-10-02T09:03:58-05:00,10.5,50.5,10.5,51.5,-110.0,-110.0,-110.0,-110.0,320.0,-425.0,320.0,-425.0,ESPN BET,espn_core_odds,-40.0,2025-11-29,401757311
2025,2,14,401761663,2025-11-29T18:30Z,0,276,276,MRSH,290,290,GASO,19.0,24.0,1,2026-10-02T09:01:31-05:00,7.074,0.74756,2026-01-20T12:00Z,2026-10-02T09:03:58-05:00,-10.5,61.5,-6.5,60.5,-105.0,-115.0,-110.0,-110.0,-450.0,340.0,-275.0,225.0,ESPN BET,espn_core_odds,-5.0,2025-11-29,401761663
2025,2,14,401757312,2025-11-29T19:00Z,0,55,55,JVST,98,98,WKU,37.0,34.0,1,2026-10-02T09:01:31-05:00,0.342,0.51826,2026-01-20T12:00Z,2026-10-02T09:03:58-05:00,1.5,56.5,2.5,55.5,-115.0,-105.0,-110.0,-110.0,100.0,-120.0,110.0,-130.0,ESPN BET,espn_core_odds,3.0,2025-11-29,401757312
2025,2,14,401757314,2025-11-29T19:00Z,0,2623,2623,MOST,2348,2348,LT,30.0,42.0,1,2026-10-02T09:01:31-05:00,-1.068,0.45877,2026-01-20T12:00Z,2026-10-02T09:03:58-05:00,-2.5,45.5,-3.5,51.5,-115.0,-105.0,-105.0,-115.0,-130.0,110.0,-155.0,135.0,ESPN BET,espn_core_odds,-12.0,2025-11-29,401757314
2025,2,14,401761664,2025-11-29T19:00Z,0,295,295,ODU,2247,2247,GAST,27.0,10.0,1,2026-10-02T09:01:31-05:00,24.572,0.95412,2026-01-20T12:00Z,2026-10-02T09:03:58-05:00,-28.5,58.5,-26.5,58.5,-115.0,-105.0,-110.0,-110.0,-6000.0,1800.0,-7500.0,2000.0,ESPN BET,espn_core_odds,17.0,2025-11-29,401761664
2025,2,14,401761661,2025-11-29T19:30Z,0,2026,2026,APP,2032,2032,ARST,29.0,30.0,1,2026-10-02T09:01:31-05:00,-0.401,0.47836,2026-01-20T12:00Z,2026-10-02T09:03:58-05:00,1.5,54.5,-1.5,56.5,-110.0,-110.0,-110.0,-110.0,100.0,-120.0,-130.0,110.0,ESPN BET,espn_core_odds,-1.0,2025-11-29,401761661
2025,2,14,401754608,2025-11-29T20:00Z,0,183,183,SYR,103,103,BC,12.0,34.0,1,2026-10-02T09:01:31-05:00,0.281,0.50835,2026-01-20T12:00Z,2026-10-02T09:03:59-05:00,2.5,54.5,3.5,53.5,100.0,-120.0,-125.0,105.0,125.0,-145.0,130.0,-150.0,ESPN BET,espn_core_odds,-22.0,2025-11-29,401754608
2025,2,14,401757315,2025-11-29T20:00Z,0,166,166,NMSU,2393,2393,MTSU,24.0,31.0,1,2026-10-02T09:01:31-05:00,4.644,0.6797999999999998,2026-01-20T12:00Z,2026-10-02T09:03:59-05:00,-3.5,51.5,-4.5,54.5,100.0,-120.0,-110.0,-110.0,-155.0,135.0,-175.0,150.0,ESPN BET,espn_core_odds,-7.0,2025-11-29,401757315
2025,2,14,401761665,2025-11-29T20:00Z,0,309,309,UL,2433,2433,ULM,30.0,27.0,1,2026-10-02T09:01:31-05:00,11.762,0.83866,2026-01-20T12:00Z,2026-10-02T09:03:59-05:00,-10.5,47.5,-13.5,48.5,-115.0,-105.0,-105.0,-115.0,-500.0,360.0,-550.0,380.0,ESPN BET,espn_core_odds,3.0,2025-11-29,401761665
2025,2,14,401761667,2025-11-29T20:00Z,0,326,326,TXST,6,6,USA,49.0,26.0,1,2026-10-02T09:01:31-05:00,7.073,0.74907,2026-01-20T12:00Z,2026-10-02T09:03:59-05:00,-9.5,62.5,-9.5,63.5,-115.0,-105.0,-110.0,-110.0,-380.0,290.0,-380.0,290.0,ESPN BET,espn_core_odds,23.0,2025-11-29,401761667
2025,2,14,401762517,2025-11-29T20:00Z,0,202,202,TLSA,5,5,UAB,24.0,31.0,1,2026-10-02T09:01:31-05:00,3.2,0.62934,2026-01-20T12:00Z,2026-10-02T09:03:59-05:00,-9.5,56.5,-7.5,60.5,-115.0,-105.0,-115.0,-105.0,-320.0,260.0,-360.0,280.0,ESPN BET,espn_core_odds,-7.0,2025-11-29,401762517
2025,2,14,401752783,2025-11-29T20:30Z,0,8,8,ARK,142,142,MIZ,17.0,31.0,1,2026-10-02T09:01:31-05:00,-3.139,0.37498,2026-01-20T12:00Z,2026-10-02T09:03:59-05:00,4.5,54.5,2.5,58.5,-105.0,-120.0,-105.0,-115.0,175.0,-210.0,115.0,-135.0,ESPN BET,espn_core_odds,-14.0,2025-11-29,401752783
2025,2,14,401752918,2025-11-29T20:30Z,0,135,135,MINN,275,275,WIS,17.0,7.0,1,2026-10-02T09:01:31-05:00,-0.361,0.47863,2026-01-20T12:00Z,2026-10-02T09:03:59-05:00,2.5,38.5,-2.5,38.5,-105.0,-115.0,-115.0,-105.0,115.0,-135.0,-125.0,105.0,ESPN BET,espn_core_odds,10.0,2025-11-29,401752918
2025,2,14,401752920,2025-11-29T20:30Z,0,164,164,RUTG,213,213,PSU,36.0,40.0,1,2026-10-02T09:01:31-05:00,-11.168,0.16907,2026-01-20T12:00Z,2026-10-02T09:03:59-05:00,14.5,55.5,10.5,55.5,-120.0,100.0,-115.0,-105.0,450.0,-700.0,340.0,-450.0,ESPN BET,espn_core_odds,-4.0,2025-11-29,401752920
2025,2,14,401754610,2025-11-29T20:30Z,0,150,150,DUKE,154,154,WAKE,49.0,32.0,1,2026-10-02T09:01:31-05:00,4.279,0.66156,2026-01-20T12:00Z,2026-10-02T09:03:59-05:00,-2.5,53.5,-3.5,54.5,-105.0,-115.0,-105.0,-115.0,-130.0,110.0,-130.0,110.0,ESPN BET,espn_core_odds,17.0,2025-11-29,401754610
2025,2,14,401756967,2025-11-29T20:30Z,0,2628,2628,TCU,2132,2132,CIN,45.0,23.0,1,2026-10-02T09:01:31-05:00,2.761,0.61292,2026-01-20T12:00Z,2026-10-02T09:03:59-05:00,-3.5,58.5,-4.5,58.5,100.0,-120.0,-115.0,-105.0,-150.0,130.0,-170.0,145.0,ESPN BET,espn_core_odds,22.0,2025-11-29,401756967
2025,2,14,401757313,2025-11-29T20:30Z,0,2335,2335,LIB,338,338,KENN,42.0,48.0,1,2026-10-02T09:01:31-05:00,-1.182,0.4523,2026-01-20T12:00Z,2026-10-02T09:03:59-05:00,2.5,55.5,2.5,54.5,100.0,-120.0,-105.0,-115.0,120.0,-140.0,110.0,-130.0,ESPN BET,espn_core_odds,-6.0,2025-11-29,401757313
2025,2,14,401761666,2025-11-29T20:30Z,0,2572,2572,USM,2653,2653,TROY,18.0,28.0,1,2026-10-02T09:01:31-05:00,1.632,0.56814,2026-01-20T12:00Z,2026-10-02T09:03:59-05:00,-6.5,50.5,-6.5,50.5,-125.0,105.0,-120.0,100.0,-250.0,210.0,-250.0,210.0,ESPN BET,espn_core_odds,-10.0,2025-11-29,401761666
2025,2,14,401762441,2025-11-29T20:30Z,0,2636,2636,UTSA,349,349,ARMY,24.0,27.0,1,2026-10-02T09:01:31-05:00,7.843,0.76794,2026-01-20T12:00Z,2026-10-02T09:03:59-05:00,-8.5,50.5,-6.5,51.5,-105.0,-115.0,-120.0,100.0,-300.0,250.0,-250.0,210.0,ESPN BET,espn_core_odds,-3.0,2025-11-29,401762441
2025,2,14,401761662,2025-11-29T20:45Z,0,324,324,CCU,256,256,JMU,10.0,59.0,1,2026-10-02T09:01:31-05:00,-17.669,0.0907899999999999,2026-01-20T12:00Z,2026-10-02T09:03:59-05:00,23.5,53.5,21.5,53.5,100.0,-120.0,-115.0,-105.0,1200.0,-3000.0,1200.0,-3000.0,ESPN BET,espn_core_odds,-49.0,2025-11-29,401761662
2025,2,14,401752785,2025-11-29T21:30Z,0,57,57,FLA,52,52,FSU,40.0,21.0,1,2026-10-02T09:01:31-05:00,-0.687,0.46724,2026-01-20T12:00Z,2026-10-02T09:03:59-05:00,1.5,48.5,-2.5,51.5,-120.0,100.0,-115.0,-105.0,-105.0,-115.0,-125.0,105.0,ESPN BET,espn_core_odds,19.0,2025-11-29,401752785
2025,2,14,401752946,2025-11-29T23:30Z,0,265,265,WSU,204,204,ORST,32.0,8.0,1,2026-10-02T09:01:31-05:00,10.119,0.8117300000000001,2026-01-20T12:00Z,2026-10-02T09:03:59-05:00,-14.5,42.5,-12.5,43.5,100.0,-120.0,-110.0,-110.0,-700.0,450.0,-700.0,450.0,ESPN BET,espn_core_odds,24.0,2025-11-29,401752946
2025,2,14,401752923,2025-11-30T00:00Z,1,127,127,MSU,120,120,MD,38.0,28.0,1,2026-10-02T09:01:31-05:00,1.25,0.55157,2026-01-20T12:00Z,2026-10-02T09:03:59-05:00,-4.5,48.5,-3.5,47.5,100.0,-120.0,-110.0,-110.0,-175.0,150.0,-165.0,140.0,ESPN BET,espn_core_odds,10.0,2025-11-29,401752923
2025,2,14,401762520,2025-11-30T00:00Z,0,58,58,USF,242,242,RICE,52.0,3.0,1,2026-10-02T09:01:31-05:00,29.601,0.97247,2026-01-20T12:00Z,2026-10-02T09:03:59-05:00,-28.5,57.5,-26.5,59.5,100.0,-120.0,-105.0,-115.0,-6000.0,1800.0,-7500.0,2000.0,ESPN BET,espn_core_odds,49.0,2025-11-29,401762520
2025,2,14,401752922,2025-11-30T00:30Z,0,356,356,ILL,77,77,NU,20.0,13.0,1,2026-10-02T09:01:31-05:00,6.622,0.73503,2026-01-20T12:00Z,2026-10-02T09:03:59-05:00,-7.5,44.5,-6.5,47.5,105.0,-125.0,-110.0,-110.0,-270.0,220.0,-260.0,215.0,ESPN BET,espn_core_odds,7.0,2025-11-29,401752922
2025,2,14,401754612,2025-11-30T00:30Z,0,152,152,NCSU,153,153,UNC,42.0,19.0,1,2026-10-02T09:01:31-05:00,8.552,0.78362,2026-01-20T12:00Z,2026-10-02T09:03:59-05:00,-7.5,49.5,-8.5,48.5,100.0,-120.0,-105.0,-115.0,-270.0,220.0,-280.0,230.0,ESPN BET,espn_core_odds,23.0,2025-11-29,401754612
2025,2,14,401760425,2025-11-30T02:00Z,0,2440,2440,NEV,2439,2439,UNLV,17.0,42.0,1,2026-10-02T09:01:31-05:00,-10.335,0.1801,2026-01-20T12:00Z,2026-10-02T09:04:00-05:00,7.5,52.5,9.5,52.5,-110.0,-110.0,-110.0,-110.0,250.0,-300.0,260.0,-320.0,ESPN BET,espn_core_odds,-25.0,2025-11-29,401760425
2025,2,14,401760423,2025-11-30T03:30Z,0,23,23,SJSU,278,278,FRES,14.0,41.0,1,2026-10-02T09:01:31-05:00,-2.226,0.40688,2026-01-20T12:00Z,2026-10-02T09:04:00-05:00,3.5,44.5,2.5,46.5,-120.0,100.0,-110.0,-110.0,140.0,-165.0,110.0,-130.0,ESPN BET,espn_core_odds,-27.0,2025-11-29,401760423
2025,2,14,401760424,2025-11-30T04:00Z,0,62,62,HAW,2751,2751,WYO,27.0,7.0,1,2026-10-02T09:01:31-05:00,8.706,0.7841,2026-01-20T12:00Z,2026-10-02T09:04:00-05:00,-8.5,44.5,-10.5,44.5,-110.0,-110.0,-115.0,-105.0,-380.0,290.0,-425.0,320.0,ESPN BET,espn_core_odds,20.0,2025-11-29,401760424
2025,2,15,401777324,2025-12-06T01:00Z,0,2655,2655,TULN,249,249,UNT,34.0,21.0,1,2026-10-02T09:01:31-05:00,-1.842,0.4199,2026-01-20T12:00Z,2026-10-02T09:04:00-05:00,2.5,67.5,2.5,66.5,-110.0,-110.0,100.0,-120.0,110.0,-130.0,120.0,-140.0,ESPN BET,espn_core_odds,13.0,2025-12-05,401777324
2025,2,15,401777352,2025-12-06T00:00Z,0,256,256,JMU,2653,2653,TROY,31.0,14.0,1,2026-10-02T09:01:31-05:00,17.974,0.91391,2026-01-20T12:00Z,2026-10-02T09:04:00-05:00,-22.5,47.5,-21.5,47.5,-110.0,-110.0,-105.0,-115.0,-4000.0,1300.0,-3000.0,1200.0,ESPN BET,espn_core_odds,17.0,2025-12-05,401777352
2025,2,15,401777325,2025-12-06T00:00Z,0,55,55,JVST,338,338,KENN,15.0,19.0,1,2026-10-02T09:01:31-05:00,-0.428,0.4808,2026-01-20T12:00Z,2026-10-02T09:04:00-05:00,-1.5,58.5,1.5,58.5,-105.0,-115.0,-115.0,-105.0,-115.0,-105.0,-105.0,-115.0,ESPN BET,espn_core_odds,-4.0,2025-12-05,401777325
2025,2,15,401777326,2025-12-06T01:00Z,0,68,68,BOIS,2439,2439,UNLV,38.0,21.0,1,2026-10-02T09:01:31-05:00,3.979,0.65997,2026-01-20T12:00Z,2026-10-02T09:04:00-05:00,-3.5,57.5,-3.5,57.5,-105.0,-115.0,-110.0,-110.0,-165.0,140.0,-165.0,140.0,ESPN BET,espn_core_odds,17.0,2025-12-05,401777326
2025,2,15,401777353,2025-12-07T01:00Z,1,194,194,OSU,84,84,IU,10.0,13.0,1,2026-10-02T09:01:31-05:00,-0.202,0.4934,2026-01-20T12:00Z,2026-10-02T09:04:00-05:00,-5.5,48.5,-5.5,48.5,-115.0,-105.0,-110.0,-110.0,-210.0,175.0,-215.0,180.0,ESPN BET,espn_core_odds,-3.0,2025-12-06,401777353
2025,2,15,401777351,2025-12-06T21:00Z,1,333,333,ALA,61,61,UGA,7.0,28.0,1,2026-10-02T09:01:31-05:00,0.268,0.51133,2026-01-20T12:00Z,2026-10-02T09:04:00-05:00,2.5,47.5,1.5,49.5,-105.0,-115.0,-110.0,-110.0,115.0,-135.0,105.0,-125.0,ESPN BET,espn_core_odds,-21.0,2025-12-06,401777351
2025,2,15,401777327,2025-12-06T17:00Z,1,2641,2641,TTU,252,252,BYU,34.0,7.0,1,2026-10-02T09:01:31-05:00,4.135,0.66618,2026-01-20T12:00Z,2026-10-02T09:04:00-05:00,-13.5,50.5,-11.5,51.5,-110.0,-110.0,-110.0,-110.0,-650.0,425.0,-340.0,270.0,ESPN BET,espn_core_odds,27.0,2025-12-06,401777327
2025,2,15,401777328,2025-12-07T01:00Z,1,258,258,UVA,150,150,DUKE,20.0,27.0,1,2026-10-02T09:01:31-05:00,1.511,0.56097,2026-01-20T12:00Z,2026-10-02T09:04:00-05:00,-2.5,58.5,-2.5,58.5,-120.0,100.0,-110.0,-110.0,-140.0,120.0,-130.0,110.0,ESPN BET,espn_core_odds,-7.0,2025-12-06,401777328
2025,2,15,401777329,2025-12-06T17:00Z,1,2711,2711,WMU,193,193,M-OH,23.0,13.0,1,2026-10-02T09:01:31-05:00,0.133,0.5092,2026-01-20T12:00Z,2026-10-02T09:04:00-05:00,-2.5,43.5,-3.5,44.5,-110.0,-110.0,105.0,-125.0,-140.0,115.0,-135.0,125.0,ESPN BET,espn_core_odds,10.0,2025-12-06,401777329
2025,2,16,401762521,2025-12-13T20:00Z,1,2426,2426,NAVY,349,349,ARMY,17.0,16.0,1,2026-10-02T09:01:31-05:00,2.723,0.60919,2025-12-14T12:00Z,2026-10-02T09:04:00-05:00,-6.0,37.5,-4.5,38.5,-112.0,-108.0,-110.0,-110.0,-250.0,205.0,-192.0,160.0,DraftKings,espn_core_odds,1.0,2025-12-13,401762521
2025,3,99,401778302,2025-12-14T01:00Z,1,264,264,WASH,68,68,BOIS,38.0,10.0,1,2026-10-02T09:01:31-05:00,,,2026-01-20T12:00Z,2026-10-02T09:04:00-05:00,-10.0,55.5,-8.5,51.5,-110.0,-110.0,-110.0,-110.0,-380.0,300.0,-355.0,280.0,DraftKings,espn_core_odds,28.0,2025-12-13,401778302
2025,3,99,401778303,2025-12-17T02:00Z,1,55,55,JVST,2653,2653,TROY,17.0,13.0,1,2026-10-02T09:01:31-05:00,-1.937,0.41914,2026-01-20T12:00Z,2026-10-02T09:04:00-05:00,-3.0,47.5,3.0,51.5,-110.0,-110.0,-110.0,-110.0,-155.0,130.0,130.0,-155.0,DraftKings,espn_core_odds,4.0,2025-12-16,401778303
2025,3,99,401778304,2025-12-17T22:00Z,1,58,58,USF,295,295,ODU,10.0,24.0,1,2026-10-02T09:01:31-05:00,5.827,0.7140900000000001,2026-01-20T12:00Z,2026-10-02T09:04:00-05:00,-4.0,52.5,-7.5,56.5,-112.0,-108.0,-110.0,-110.0,-192.0,160.0,-310.0,250.0,DraftKings,espn_core_odds,-14.0,2025-12-17,401778304
2025,3,99,401778305,2025-12-18T01:40Z,1,48,48,DEL,309,309,UL,20.0,13.0,1,2026-10-02T09:01:31-05:00,-2.767,0.38692,2026-01-20T12:00Z,2026-10-02T09:04:00-05:00,1.5,60.5,3.5,58.5,-105.0,-115.0,-110.0,-110.0,110.0,-130.0,136.0,-162.0,DraftKings,espn_core_odds,7.0,2025-12-17,401778305
2025,3,99,401838053,2025-12-19T02:00Z,1,2032,2032,ARST,2623,2623,MOST,34.0,28.0,1,2026-10-02T09:01:31-05:00,0.644,0.53286,2026-01-20T12:00Z,2026-10-02T09:04:00-05:00,-1.5,55.5,-2.5,56.5,-110.0,-110.0,-110.0,-110.0,-125.0,105.0,-130.0,110.0,DraftKings,espn_core_odds,6.0,2025-12-18,401838053
2025,3,99,401779840,2025-12-20T01:00Z,0,201,201,OU,333,333,ALA,24.0,34.0,1,2026-10-02T09:01:31-05:00,-0.203,0.4912,2026-01-20T12:00Z,2026-10-02T09:04:00-05:00,-2.5,42.5,1.5,41.5,-115.0,-105.0,-110.0,-110.0,-142.0,120.0,100.0,-120.0,DraftKings,espn_core_odds,-10.0,2025-12-19,401779840
2025,3,99,401778306,2025-12-19T16:00Z,1,2711,2711,WMU,338,338,KENN,41.0,6.0,1,2026-10-02T09:01:31-05:00,0.68,0.5276,2026-01-20T12:00Z,2026-10-02T09:04:00-05:00,-3.5,47.5,-3.0,47.5,-105.0,-115.0,-110.0,-110.0,-166.0,140.0,-148.0,124.0,DraftKings,espn_core_odds,35.0,2025-12-19,401778306
2025,3,99,401778307,2025-12-19T19:30Z,1,152,152,NCSU,235,235,MEM,31.0,7.0,1,2026-10-02T09:01:31-05:00,-1.011,0.46264,2026-01-20T12:00Z,2026-10-02T09:04:00-05:00,-3.5,56.5,-5.5,58.5,-108.0,-112.0,-110.0,-110.0,-162.0,136.0,-205.0,170.0,DraftKings,espn_core_odds,24.0,2025-12-19,401778307
2025,3,99,401779843,2025-12-21T00:30Z,0,2483,2483,ORE,256,256,JMU,51.0,34.0,1,2026-10-02T09:01:31-05:00,14.94,0.8817900000000001,2026-01-20T12:00Z,2026-10-02T09:04:00-05:00,-20.5,47.5,-21.5,51.5,-108.0,-112.0,-110.0,-110.0,-1650.0,950.0,-2100.0,1100.0,DraftKings,espn_core_odds,17.0,2025-12-20,401779843
2025,3,99,401779842,2025-12-20T20:30Z,0,145,145,MISS,2655,2655,TULN,41.0,10.0,1,2026-10-02T09:01:31-05:00,11.541,0.83982,2026-01-20T12:00Z,2026-10-02T09:04:01-05:00,-16.5,57.5,-16.5,56.5,-112.0,-108.0,-115.0,-105.0,-950.0,625.0,-850.0,575.0,DraftKings,espn_core_odds,31.0,2025-12-20,401779842
2025,3,99,401779841,2025-12-20T17:00Z,0,245,245,TA&M,2390,2390,MIA,3.0,10.0,1,2026-10-02T09:01:31-05:00,0.904,0.54343,2026-01-20T12:00Z,2026-10-02T09:04:01-05:00,-3.0,48.5,-4.0,52.5,-102.0,-118.0,-110.0,-110.0,-142.0,120.0,-175.0,145.0,DraftKings,espn_core_odds,-7.0,2025-12-20,401779841
2025,3,99,401778308,2025-12-22T19:00Z,1,328,328,USU,265,265,WSU,21.0,34.0,1,2026-10-02T09:01:31-05:00,-1.487,0.43026,2026-01-20T12:00Z,2026-10-02T09:04:01-05:00,-1.5,50.5,1.5,53.5,-108.0,-112.0,-112.0,-108.0,-115.0,-105.0,-105.0,-115.0,DraftKings,espn_core_odds,-13.0,2025-12-22,401778308
2025,3,99,401778309,2025-12-23T19:00Z,1,97,97,LOU,2649,2649,TOL,27.0,22.0,1,2026-10-02T09:01:31-05:00,4.512,0.67601,2026-01-20T12:00Z,2026-10-02T09:04:01-05:00,-11.5,44.5,-9.5,46.5,-112.0,-108.0,-110.0,-110.0,-470.0,360.0,-345.0,275.0,DraftKings,espn_core_odds,5.0,2025-12-23,401778309
2025,3,99,401778310,2025-12-23T22:30Z,1,2572,2572,USM,98,98,WKU,16.0,27.0,1,2026-10-02T09:01:31-05:00,0.344,0.51352,2026-01-20T12:00Z,2026-10-02T09:04:01-05:00,-2.5,59.5,2.5,55.5,-115.0,-105.0,-110.0,-110.0,-142.0,120.0,110.0,-130.0,DraftKings,espn_core_odds,-11.0,2025-12-23,401778310
2025,3,99,401778311,2025-12-24T02:00Z,1,195,195,OHIO,2439,2439,UNLV,17.0,10.0,1,2026-10-02T09:01:31-05:00,-2.315,0.4037399999999999,2026-01-20T12:00Z,2026-10-02T09:04:01-05:00,6.5,64.5,4.5,62.5,-110.0,-110.0,-110.0,-110.0,205.0,-250.0,150.0,-180.0,DraftKings,espn_core_odds,7.0,2025-12-23,401778311
2025,3,99,401778312,2025-12-25T01:00Z,0,62,62,HAW,25,25,CAL,35.0,31.0,1,2026-10-02T09:01:31-05:00,2.446,0.59603,2026-01-20T12:00Z,2026-10-02T09:04:01-05:00,-1.5,50.5,1.5,54.5,-110.0,-110.0,-110.0,-110.0,-118.0,-102.0,100.0,-120.0,DraftKings,espn_core_odds,4.0,2025-12-24,401778312
2025,3,99,401778313,2025-12-26T18:00Z,1,77,77,NU,2117,2117,CMU,34.0,7.0,1,2026-10-02T09:01:31-05:00,8.836,0.78487,2026-01-20T12:00Z,2026-10-02T09:04:01-05:00,-13.5,43.5,-12.5,44.5,-108.0,-112.0,-110.0,-110.0,-520.0,390.0,-470.0,360.0,DraftKings,espn_core_odds,27.0,2025-12-26,401778313
2025,3,99,401778314,2025-12-26T21:30Z,1,135,135,MINN,167,167,UNM,20.0,17.0,1,2026-10-02T09:01:31-05:00,1.217,0.55296,2026-01-20T12:00Z,2026-10-02T09:04:01-05:00,-1.5,44.5,-3.0,49.5,-108.0,-112.0,-110.0,-110.0,-118.0,-102.0,-148.0,124.0,DraftKings,espn_core_odds,3.0,2025-12-26,401778314
2025,3,99,401778315,2025-12-27T01:00Z,1,2636,2636,UTSA,2229,2229,FIU,57.0,20.0,1,2026-10-02T09:01:31-05:00,6.386,0.7302599999999999,2026-01-20T12:00Z,2026-10-02T09:04:01-05:00,-7.5,63.5,-8.5,57.5,-105.0,-115.0,-110.0,-110.0,-265.0,215.0,-375.0,295.0,DraftKings,espn_core_odds,37.0,2025-12-26,401778315
2025,3,99,401778319,2025-12-27T20:40Z,1,252,252,BYU,59,59,GT,25.0,21.0,1,2026-10-02T09:01:31-05:00,4.02,0.65689,2026-01-20T12:00Z,2026-10-02T09:04:01-05:00,-3.5,55.5,-2.5,55.5,-105.0,-115.0,-112.0,-108.0,-180.0,150.0,-142.0,120.0,DraftKings,espn_core_odds,4.0,2025-12-27,401778319
2025,3,99,401778322,2025-12-28T00:30Z,1,142,142,MIZ,258,258,UVA,7.0,13.0,1,2026-10-02T09:01:31-05:00,4.011,0.65574,2026-01-20T12:00Z,2026-10-02T09:04:01-05:00,-4.0,43.5,-7.0,50.5,-112.0,-108.0,-110.0,-110.0,-185.0,154.0,-258.0,210.0,DraftKings,espn_core_odds,-6.0,2025-12-27,401778322
2025,3,99,401778323,2025-12-28T02:20Z,1,248,248,HOU,99,99,LSU,38.0,35.0,1,2026-10-02T09:01:31-05:00,-4.576,0.32531,2026-01-20T12:00Z,2026-10-02T09:04:01-05:00,-1.5,43.5,-1.5,45.5,-105.0,-115.0,-110.0,-110.0,-110.0,-110.0,-120.0,100.0,DraftKings,espn_core_odds,3.0,2025-12-27,401778323
2025,3,99,401778321,2025-12-27T22:45Z,1,21,21,SDSU,249,249,UNT,47.0,49.0,1,2026-10-02T09:01:31-05:00,-4.145,0.33116,2026-01-20T12:00Z,2026-10-02T09:04:01-05:00,7.5,55.5,6.5,56.5,-115.0,-105.0,-110.0,-110.0,245.0,-305.0,205.0,-250.0,DraftKings,espn_core_odds,-2.0,2025-12-27,401778321
2025,3,99,401778316,2025-12-27T16:00Z,1,151,151,ECU,221,221,PITT,23.0,17.0,1,2026-10-02T09:01:31-05:00,-1.898,0.41452,2026-01-20T12:00Z,2026-10-02T09:04:01-05:00,13.5,51.5,6.0,59.5,-115.0,-105.0,-110.0,-110.0,370.0,-485.0,170.0,-205.0,DraftKings,espn_core_odds,6.0,2025-12-27,401778316
2025,3,99,401778317,2025-12-27T17:00Z,1,228,228,CLEM,213,213,PSU,10.0,22.0,1,2026-10-02T09:01:31-05:00,-3.912,0.34732,2026-01-20T12:00Z,2026-10-02T09:04:01-05:00,-2.5,47.5,1.5,48.5,-108.0,-112.0,-112.0,-108.0,-130.0,110.0,-105.0,-115.0,DraftKings,espn_core_odds,-12.0,2025-12-27,401778317
2025,3,99,401778318,2025-12-27T19:15Z,1,349,349,ARMY,41,41,CONN,41.0,16.0,1,2026-10-02T09:01:31-05:00,-2.186,0.41347,2026-01-20T12:00Z,2026-10-02T09:04:01-05:00,-7.5,41.5,3.5,48.5,-115.0,-105.0,-110.0,-110.0,-310.0,250.0,136.0,-162.0,DraftKings,espn_core_odds,25.0,2025-12-27,401778318
2025,3,99,401778320,2025-12-27T21:30Z,1,278,278,FRES,193,193,M-OH,18.0,3.0,1,2026-10-02T09:01:31-05:00,0.453,0.51955,2026-01-20T12:00Z,2026-10-02T09:04:01-05:00,-5.5,40.5,-3.5,46.5,-108.0,-112.0,-110.0,-110.0,-198.0,164.0,-166.0,140.0,DraftKings,espn_core_odds,15.0,2025-12-27,401778320
2025,3,99,401778324,2025-12-29T19:00Z,1,2026,2026,APP,290,290,GASO,10.0,29.0,1,2026-10-02T09:01:31-05:00,-1.201,0.44982,2026-01-20T12:00Z,2026-10-02T09:04:01-05:00,10.0,58.5,2.5,59.5,-110.0,-110.0,-112.0,-108.0,285.0,-360.0,110.0,-130.0,DraftKings,espn_core_odds,-19.0,2025-12-29,401778324
2025,3,99,401778327,2025-12-31T02:00Z,1,2628,2628,TCU,30,30,USC,30.0,27.0,1,2026-10-02T09:01:31-05:00,-5.201,0.30169,2026-01-20T12:00Z,2026-10-02T09:04:01-05:00,4.5,56.5,5.5,58.5,-105.0,-115.0,-110.0,-110.0,170.0,-205.0,180.0,-218.0,DraftKings,espn_core_odds,3.0,2025-12-30,401778327
2025,3,99,401778325,2025-12-30T19:00Z,1,2348,2348,LT,324,324,CCU,23.0,14.0,1,2026-10-02T09:01:31-05:00,6.091,0.72128,2026-01-20T12:00Z,2026-10-02T09:04:01-05:00,-10.0,51.5,-7.0,52.5,-112.0,-108.0,-110.0,-110.0,-395.0,310.0,-285.0,230.0,DraftKings,espn_core_odds,9.0,2025-12-30,401778325
2025,3,99,401778326,2025-12-30T22:30Z,1,356,356,ILL,2633,2633,TENN,30.0,28.0,1,2026-10-02T09:01:31-05:00,-4.507,0.32826,2026-01-20T12:00Z,2026-10-02T09:04:01-05:00,3.0,61.5,6.5,61.5,-115.0,-105.0,-110.0,-110.0,120.0,-142.0,185.0,-225.0,DraftKings,espn_core_odds,2.0,2025-12-30,401778326
2025,3,99,401769070,2026-01-01T00:30Z,1,194,194,OSU,2390,2390,MIA,14.0,24.0,1,2026-10-02T09:01:31-05:00,5.338,0.70515,2026-01-20T12:00Z,2026-10-02T09:04:01-05:00,-7.5,39.5,-9.5,43.5,-112.0,-108.0,-110.0,-110.0,-325.0,260.0,-395.0,310.0,DraftKings,espn_core_odds,-10.0,2025-12-31,401769070
2025,3,99,401778330,2025-12-31T20:00Z,1,251,251,TEX,130,130,MICH,41.0,27.0,1,2026-10-02T09:01:31-05:00,1.81,0.57442,2026-01-20T12:00Z,2026-10-02T09:04:02-05:00,-4.0,50.5,-4.5,46.5,-112.0,-108.0,-110.0,-110.0,-192.0,160.0,-185.0,154.0,DraftKings,espn_core_odds,14.0,2025-12-31,401778330
2025,3,99,401778328,2025-12-31T17:00Z,1,238,238,VAN,2294,2294,IOWA,27.0,34.0,1,2026-10-02T09:01:31-05:00,1.992,0.5837,2026-01-20T12:00Z,2026-10-02T09:04:02-05:00,-3.0,47.5,-4.0,49.5,-115.0,-105.0,-110.0,-110.0,-162.0,136.0,-180.0,150.0,DraftKings,espn_core_odds,-7.0,2025-12-31,401778328
2025,3,99,401778331,2025-12-31T20:30Z,1,254,254,UTAH,158,158,NEB,44.0,22.0,1,2026-10-02T09:01:31-05:00,9.767,0.80379,2026-01-20T12:00Z,2026-10-02T09:04:02-05:00,-13.5,51.5,-13.5,50.5,-115.0,-105.0,-110.0,-110.0,-500.0,380.0,-575.0,425.0,DraftKings,espn_core_odds,22.0,2025-12-31,401778331
2025,3,99,401778329,2025-12-31T19:00Z,1,150,150,DUKE,9,9,ASU,42.0,39.0,1,2026-10-02T09:01:31-05:00,-1.55,0.43353,2026-01-20T12:00Z,2026-10-02T09:04:02-05:00,-4.0,49.5,-1.5,51.5,-108.0,-112.0,-110.0,-110.0,-180.0,150.0,-118.0,-102.0,DraftKings,espn_core_odds,3.0,2025-12-31,401778329
2025,3,99,401769072,2026-01-01T21:00Z,1,84,84,IU,333,333,ALA,38.0,3.0,1,2026-10-02T09:01:31-05:00,5.798,0.71382,2026-01-20T12:00Z,2026-10-02T09:04:02-05:00,-7.5,46.5,-6.5,49.5,-105.0,-115.0,-110.0,-110.0,-278.0,225.0,-245.0,200.0,DraftKings,espn_core_odds,35.0,2026-01-01,401769072
2025,3,99,401769073,2026-01-02T01:00Z,1,61,61,UGA,145,145,MISS,34.0,39.0,1,2026-10-02T09:01:31-05:00,2.47,0.60116,2026-01-20T12:00Z,2026-10-02T09:04:02-05:00,-6.0,53.5,-6.5,56.5,-112.0,-108.0,-115.0,-115.0,-218.0,180.0,-258.0,210.0,DraftKings,espn_core_odds,-5.0,2026-01-01,401769073
2025,3,99,401769071,2026-01-01T17:00Z,1,2641,2641,TTU,2483,2483,ORE,0.0,23.0,1,2026-10-02T09:01:31-05:00,0.405,0.5159,2026-01-20T12:00Z,2026-10-02T09:04:02-05:00,-1.5,50.5,1.5,52.5,-105.0,-115.0,-108.0,-112.0,-115.0,-105.0,100.0,-120.0,DraftKings,espn_core_odds,-23.0,2026-01-01,401769071
2025,3,99,401831583,2026-01-03T01:00Z,1,2567,2567,SMU,12,12,ARIZ,24.0,19.0,1,2026-10-02T09:01:31-05:00,0.641,0.5249,2026-01-20T12:00Z,2026-10-02T09:04:02-05:00,-2.5,55.5,1.5,52.5,-115.0,-105.0,-110.0,-110.0,-142.0,120.0,100.0,-120.0,DraftKings,espn_core_odds,5.0,2026-01-02,401831583
2025,3,99,401778332,2026-01-02T18:00Z,1,326,326,TXST,242,242,RICE,41.0,10.0,1,2026-10-02T09:01:31-05:00,9.414,0.8005499999999999,2026-01-20T12:00Z,2026-10-02T09:04:02-05:00,-19.5,55.5,-10.5,59.5,-108.0,-112.0,-110.0,-110.0,-900.0,600.0,-395.0,310.0,DraftKings,espn_core_odds,31.0,2026-01-02,401778332
2025,3,99,401778333,2026-01-02T21:30Z,1,2132,2132,CIN,2426,2426,NAVY,13.0,35.0,1,2026-10-02T09:01:31-05:00,4.414,0.6743299999999999,2026-01-20T12:00Z,2026-10-02T09:04:02-05:00,7.5,57.5,-6.5,57.5,-115.0,-105.0,-110.0,-110.0,245.0,-305.0,-238.0,195.0,DraftKings,espn_core_odds,-22.0,2026-01-02,401778333
2025,3,99,401778334,2026-01-03T01:00Z,1,344,344,MSST,154,154,WAKE,29.0,43.0,1,2026-10-02T09:01:31-05:00,1.983,0.58695,2026-01-20T12:00Z,2026-10-02T09:04:02-05:00,-3.0,52.5,-3.0,56.5,-108.0,-112.0,-110.0,-110.0,-148.0,124.0,-148.0,124.0,DraftKings,espn_core_odds,-14.0,2026-01-02,401778334
2025,3,99,401769075,2026-01-09T00:30Z,1,145,145,MISS,2390,2390,MIA,27.0,31.0,1,2026-10-02T09:01:31-05:00,-1.697,0.42928,2026-01-20T12:00Z,2026-10-02T09:04:02-05:00,3.0,52.5,3.0,51.5,-102.0,-118.0,-110.0,-110.0,142.0,-170.0,130.0,-155.0,DraftKings,espn_core_odds,-4.0,2026-01-08,401769075
2025,3,99,401769074,2026-01-10T00:30Z,1,84,84,IU,2483,2483,ORE,56.0,22.0,1,2026-10-02T09:01:31-05:00,4.546,0.6752400000000001,2026-01-20T12:00Z,2026-10-02T09:04:02-05:00,-3.0,50.5,-4.0,48.5,-118.0,-102.0,-112.0,-108.0,-175.0,145.0,-185.0,154.0,DraftKings,espn_core_odds,34.0,2026-01-09,401769074
2025,3,99,401769076,2026-01-20T00:30Z,0,84,84,IU,2390,2390,MIA,27.0,21.0,1,2026-10-02T09:01:31-05:00,4.743,0.68349,2026-01-20T12:00Z,2026-10-02T09:04:02-05:00,-7.5,47.5,-7.5,48.5,-112.0,-108.0,-112.0,-108.0,-310.0,250.0,-325.0,260.0,DraftKings,espn_core_odds,6.0,2026-01-19,401769076
